"cas","ln_no2","fitted_no2","sezona","data_no2"
2024-01-01 03:00:00,2.90251989183181,NA,1,18.22
2024-01-01 04:00:00,2.74019465442878,NA,1,15.49
2024-01-01 05:00:00,2.73111547403321,NA,1,15.35
2024-01-01 06:00:00,2.82672173081971,NA,1,16.89
2024-01-01 07:00:00,2.49650578563135,NA,1,12.14
2024-01-01 08:00:00,2.58776403522771,NA,1,13.3
2024-01-01 09:00:00,2.45616418092235,NA,1,11.66
2024-01-01 10:00:00,2.46300181439995,NA,1,11.74
2024-01-01 11:00:00,2.44060639089142,NA,1,11.48
2024-01-01 12:00:00,1.39624469197306,NA,1,4.04
2024-01-01 13:00:00,1.28093384546206,NA,1,3.6
2024-01-01 14:00:00,1.48387468945875,NA,1,4.41
2024-01-01 15:00:00,1.42791603581071,NA,1,4.17
2024-01-01 16:00:00,1.61342993370364,NA,1,5.02
2024-01-01 17:00:00,1.85941811770187,NA,1,6.42
2024-01-01 18:00:00,2.27418561847235,NA,1,9.72
2024-01-01 19:00:00,2.44321622273379,NA,1,11.51
2024-01-01 20:00:00,2.21156569460688,NA,1,9.13
2024-01-01 21:00:00,1.93007108502557,NA,1,6.89
2024-01-01 22:00:00,2.20717490818939,NA,1,9.09
2024-01-01 23:00:00,2.24812890719799,NA,1,9.47
2024-01-02,2.27521389619791,NA,1,9.73
2024-01-02 01:00:00,2.30657711426358,NA,1,10.04
2024-01-02 02:00:00,2.484906649788,NA,1,12
2024-01-02 03:00:00,2.66722820658195,NA,1,14.4
2024-01-02 04:00:00,2.99172425215645,NA,1,19.92
2024-01-02 05:00:00,3.37211180076706,NA,1,29.14
2024-01-02 06:00:00,3.4493524235492,NA,1,31.48
2024-01-02 07:00:00,3.48216274048526,NA,1,32.53
2024-01-02 08:00:00,2.42568729012803,NA,1,11.31
2024-01-02 09:00:00,2.23108909128898,NA,1,9.31
2024-01-02 10:00:00,2.19053558918542,NA,1,8.94
2024-01-02 11:00:00,2.10535292346434,NA,1,8.21
2024-01-02 12:00:00,2.1621729392773,NA,1,8.69
2024-01-02 13:00:00,2.20055236742889,NA,1,9.03
2024-01-02 14:00:00,2.30856716467159,NA,1,10.06
2024-01-02 15:00:00,2.68512269645851,NA,1,14.66
2024-01-02 16:00:00,3.26193531432865,NA,1,26.1
2024-01-02 17:00:00,3.11573506594869,NA,1,22.55
2024-01-02 18:00:00,3.76560898697261,NA,1,43.19
2024-01-02 19:00:00,3.26001776819938,NA,1,26.05
2024-01-02 20:00:00,3.41575753299349,NA,1,30.44
2024-01-02 21:00:00,3.22843003767301,NA,1,25.24
2024-01-02 22:00:00,3.47289769582735,NA,1,32.23
2024-01-02 23:00:00,3.47413800606387,NA,1,32.27
2024-01-03,3.26308407953252,NA,1,26.13
2024-01-03 01:00:00,2.88424189752063,NA,1,17.89
2024-01-03 02:00:00,2.8160073426073,NA,1,16.71
2024-01-03 03:00:00,1.72988406550997,NA,1,5.64
2024-01-03 04:00:00,1.43983512804792,NA,1,4.22
2024-01-03 05:00:00,1.45161382724053,NA,1,4.27
2024-01-03 06:00:00,1.15057202759882,NA,1,3.16
2024-01-03 07:00:00,1.51732262352629,NA,1,4.56
2024-01-03 08:00:00,1.56234630490025,NA,1,4.77
2024-01-03 09:00:00,1.47247205736094,NA,1,4.36
2024-01-03 10:00:00,1.45861502269952,NA,1,4.3
2024-01-03 11:00:00,1.42791603581071,NA,1,4.17
2024-01-03 12:00:00,1.880990602956,NA,1,6.56
2024-01-03 13:00:00,1.69927861643389,NA,1,5.47
2024-01-03 14:00:00,2.02419306744936,2.69335685467241,1,7.57
2024-01-03 15:00:00,1.94591014905531,2.07004322453175,1,7
2024-01-03 16:00:00,2.08567209143047,2.46200201684038,1,8.05
2024-01-03 17:00:00,1.96009478404727,2.75399463887477,1,7.1
2024-01-03 18:00:00,1.95727390770563,2.55164705346406,1,7.08
2024-01-03 19:00:00,1.79342474854712,2.38301939931958,1,6.01
2024-01-03 20:00:00,1.91692261218206,2.42681747254772,1,6.8
2024-01-03 21:00:00,2.14241634084122,2.45187780557202,1,8.52
2024-01-03 22:00:00,2.16447179086441,2.29477200363544,1,8.71
2024-01-03 23:00:00,1.89311196348834,2.16827986145545,1,6.64
2024-01-04,2.11866225483312,2.12413128906675,1,8.32
2024-01-04 01:00:00,1.80664808172181,2.14093125090909,1,6.09
2024-01-04 02:00:00,1.88251383249652,2.13839756304486,1,6.57
2024-01-04 03:00:00,1.96009478404727,2.1466088232154,1,7.1
2024-01-04 04:00:00,1.89761985992753,2.22355720241173,1,6.67
2024-01-04 05:00:00,2.01756613796175,2.38290574226376,1,7.52
2024-01-04 06:00:00,2.09186406167839,2.24699824373605,1,8.1
2024-01-04 07:00:00,1.92278773163446,2.22538902122083,1,6.84
2024-01-04 08:00:00,1.83418018511201,2.29579832704087,1,6.26
2024-01-04 09:00:00,1.5953389880546,2.02726669288462,1,4.93
2024-01-04 10:00:00,1.43983512804792,1.66661927997275,1,4.22
2024-01-04 11:00:00,1.42791603581071,1.63377522649297,1,4.17
2024-01-04 12:00:00,1.53901544813755,1.67016951540467,1,4.66
2024-01-04 13:00:00,2.03077636969855,1.76066562609458,1,7.62
2024-01-04 14:00:00,2.54474665014402,2.17754737622773,1,12.74
2024-01-04 15:00:00,2.85819285953193,2.57338725313212,1,17.43
2024-01-04 16:00:00,2.55567572067621,2.48653179333237,1,12.88
2024-01-04 17:00:00,2.46725171454928,2.70113571669142,1,11.79
2024-01-04 18:00:00,2.55877649835446,3.04285849623916,1,12.92
2024-01-04 19:00:00,2.8142103969306,2.91151104747948,1,16.68
2024-01-04 20:00:00,3.25540059955057,3.03740558486039,1,25.93
2024-01-04 21:00:00,3.02626147858881,2.99274868630574,1,20.62
2024-01-04 22:00:00,2.930126516456,2.93359371412919,1,18.73
2024-01-04 23:00:00,2.90908446682832,2.85150794453792,1,18.34
2024-01-05,2.65955999194178,2.82381311407191,1,14.29
2024-01-05 01:00:00,2.7047112998367,2.81637540267268,1,14.95
2024-01-05 02:00:00,2.55722731136763,2.80132256074548,1,12.9
2024-01-05 03:00:00,2.66374994220563,2.80618820297247,1,14.35
2024-01-05 04:00:00,2.60638654732571,2.82274305999003,1,13.55
2024-01-05 05:00:00,2.67414864942653,2.83331077587793,1,14.5
2024-01-05 06:00:00,2.78439376768954,3.02330981910031,1,16.19
2024-01-05 07:00:00,3.06665661189069,3.00856117181741,1,21.47
2024-01-05 08:00:00,3.13679771383259,3.05612600421852,1,23.03
2024-01-05 09:00:00,3.00766084441926,2.98888498618853,1,20.24
2024-01-05 10:00:00,3.06851794327964,2.83034178205559,1,21.51
2024-01-05 11:00:00,3.18262669219308,2.73183957008566,1,24.11
2024-01-05 12:00:00,3.24063731664971,2.71139894194296,1,25.55
2024-01-05 13:00:00,3.05163990549229,2.77282589208744,1,21.15
2024-01-05 14:00:00,2.7434173449395,2.8964484330688,1,15.54
2024-01-05 15:00:00,3.24493335918749,3.14193352032177,1,25.66
2024-01-05 16:00:00,3.23789383070396,3.2701254035362,1,25.48
2024-01-05 17:00:00,3.33041719960111,3.39894649600404,1,27.95
2024-01-05 18:00:00,3.39685463222802,3.38230606741791,1,29.87
2024-01-05 19:00:00,3.26155209914864,3.33441380532239,1,26.09
2024-01-05 20:00:00,3.20680324363393,3.1911866919278,1,24.7
2024-01-05 21:00:00,3.18262669219308,3.02271366710512,1,24.11
2024-01-05 22:00:00,2.94811641961233,3.07792508927133,1,19.07
2024-01-05 23:00:00,3.06152001409199,2.95119543261507,1,21.36
2024-01-06,2.96165829322024,3.00359514787873,1,19.33
2024-01-06 01:00:00,2.90853906185161,2.83245892597603,1,18.33
2024-01-06 02:00:00,2.86391369893314,2.85286541324847,1,17.53
2024-01-06 03:00:00,3.01111337559229,2.79691317751203,1,20.31
2024-01-06 04:00:00,2.99272776453369,2.85606848244199,1,19.94
2024-01-06 05:00:00,2.92208573338569,2.92550876981455,1,18.58
2024-01-06 06:00:00,2.94549105711724,2.915069954079,1,19.02
2024-01-06 07:00:00,2.93810316071735,2.97096255280677,1,18.88
2024-01-06 08:00:00,3.10995341764401,2.90697209280239,1,22.42
2024-01-06 09:00:00,3.19088778832803,2.86195812145711,1,24.31
2024-01-06 10:00:00,3.2561716096119,2.72130070698111,1,25.95
2024-01-06 11:00:00,3.12412548832239,2.66878044290835,1,22.74
2024-01-06 12:00:00,3.1271990362963,2.54076782271178,1,22.81
2024-01-06 13:00:00,3.08876713952118,2.64894712824458,1,21.95
2024-01-06 14:00:00,3.27752202030093,2.83188304451157,1,26.51
2024-01-06 15:00:00,3.38777436133001,2.99810983149954,1,29.6
2024-01-06 16:00:00,3.21245525706528,3.12307765298944,1,24.84
2024-01-06 17:00:00,2.60564826748413,3.32834863103948,1,13.54
2024-01-06 18:00:00,2.30158459266046,2.87255468436258,1,9.99
2024-01-06 19:00:00,2.00552585872967,2.61842344035917,1,7.43
2024-01-06 20:00:00,1.99470031322475,2.67751187350589,1,7.35
2024-01-06 21:00:00,2.00012773496011,2.8202730426325,1,7.39
2024-01-06 22:00:00,1.80828877117927,2.64333951978839,1,6.1
2024-01-06 23:00:00,1.76473079684014,2.50713281498112,1,5.84
2024-01-07,1.880990602956,2.45502380804449,1,6.56
2024-01-07 01:00:00,1.90210752639692,2.24578875348151,1,6.7
2024-01-07 02:00:00,1.97269117173296,2.49432208703441,1,7.19
2024-01-07 03:00:00,1.82937633279936,2.1308778257348,1,6.23
2024-01-07 04:00:00,1.79009141212736,2.23281660905717,1,5.99
2024-01-07 05:00:00,1.87946504964716,2.40907092141858,1,6.55
2024-01-07 06:00:00,1.8531680973567,2.47219035694498,1,6.38
2024-01-07 07:00:00,1.86408013080768,2.18073679057902,1,6.45
2024-01-07 08:00:00,1.96150224381515,2.17250261635894,1,7.11
2024-01-07 09:00:00,2.03470564783844,2.09775019381743,1,7.65
2024-01-07 10:00:00,1.92424865227413,2.06453121171003,1,6.85
2024-01-07 11:00:00,1.88251383249652,1.93009963591369,1,6.57
2024-01-07 12:00:00,1.94448055624572,1.80929427426085,1,6.99
2024-01-07 13:00:00,1.96990565461153,2.15716995512641,1,7.17
2024-01-07 14:00:00,1.80500469597808,2.25551080778814,1,6.08
2024-01-07 15:00:00,2.40423874672055,2.43588469913272,1,11.07
2024-01-07 16:00:00,2.63905732961526,2.83739513127389,1,14
2024-01-07 17:00:00,2.66025953726586,2.85635155320796,1,14.3
2024-01-07 18:00:00,2.40874528882244,2.97527496144112,1,11.12
2024-01-07 19:00:00,2.40964416528745,2.66332622782107,1,11.13
2024-01-07 20:00:00,2.28238238567653,2.46586725943889,1,9.8
2024-01-07 21:00:00,2.29455292129678,2.43649330046218,1,9.92
2024-01-07 22:00:00,2.26384426467762,2.6177644740694,1,9.62
2024-01-07 23:00:00,2.24601474150565,2.32856528594854,1,9.45
2024-01-08,2.44060639089142,2.23306493522125,1,11.48
2024-01-08 01:00:00,2.45958884180371,2.39558099815105,1,11.7
2024-01-08 02:00:00,2.58550584834412,2.35528640304642,1,13.27
2024-01-08 03:00:00,2.30757263450508,2.36118149046855,1,10.05
2024-01-08 04:00:00,2.19277022698684,2.52474358197272,1,8.96
2024-01-08 05:00:00,2.23964529322017,2.58969925465552,1,9.39
2024-01-08 06:00:00,2.25023861262184,2.39693286226328,1,9.49
2024-01-08 07:00:00,2.35801979988215,2.4264480106983,1,10.57
2024-01-08 08:00:00,2.45358796653057,2.26150097377159,1,11.63
2024-01-08 09:00:00,2.35612585992208,2.30996397560594,1,10.55
2024-01-08 10:00:00,2.43097830776244,2.20758631012275,1,11.37
2024-01-08 11:00:00,1.98100146886658,2.14495178235381,1,7.25
2024-01-08 12:00:00,1.99061032797322,2.08383489722655,1,7.32
2024-01-08 13:00:00,1.870262530716,2.04060393119469,1,6.49
2024-01-08 14:00:00,1.79342474854712,1.95527396423121,1,6.01
2024-01-08 15:00:00,2.02683159140754,2.29108537170504,1,7.59
2024-01-08 16:00:00,2.19165353228676,2.37106108141582,1,8.95
2024-01-08 17:00:00,2.36555989215543,2.7981496500165,1,10.65
2024-01-08 18:00:00,2.43185742869818,3.07812301274584,1,11.38
2024-01-08 19:00:00,2.50715725872282,2.89702402245671,1,12.27
2024-01-08 20:00:00,2.56417983068251,3.10168701011065,1,12.99
2024-01-08 21:00:00,2.61080481666337,3.11178044345372,1,13.61
2024-01-08 22:00:00,2.67414864942653,3.19089576378632,1,14.5
2024-01-08 23:00:00,2.60194867021966,3.1063351334039,1,13.49
2024-01-09,2.78993736057439,3.05459869887629,1,16.28
2024-01-09 01:00:00,2.80032547721138,2.91798220948407,1,16.45
2024-01-09 02:00:00,2.90306858869057,3.05853594724225,1,18.23
2024-01-09 03:00:00,2.91017438519234,3.05605590305931,1,18.36
2024-01-09 04:00:00,3.12236492448736,3.24799373154798,1,22.7
2024-01-09 05:00:00,3.31454957493648,3.28652904092599,1,27.51
2024-01-09 06:00:00,3.38540669575583,3.50153546070496,1,29.53
2024-01-09 07:00:00,3.51809113313365,3.60603554389429,1,33.72
2024-01-09 08:00:00,3.72472910700763,3.56704934693021,1,41.46
2024-01-09 09:00:00,4.50191855617762,3.03768953388829,1,90.19
2024-01-09 10:00:00,3.41081762503915,2.63061180308014,1,30.29
2024-01-09 11:00:00,2.65885995691144,2.36441112734087,1,14.28
2024-01-09 12:00:00,2.67552700939665,2.34262474400837,1,14.52
2024-01-09 13:00:00,3.04261585945284,2.50690707689979,1,20.96
2024-01-09 14:00:00,3.19908119754002,2.72183272326637,1,24.51
2024-01-09 15:00:00,3.63283806323031,3.04486080614807,1,37.82
2024-01-09 16:00:00,4.08125932267345,3.43903748783692,1,59.22
2024-01-09 17:00:00,3.83816115682969,3.4377186441574,1,46.44
2024-01-09 18:00:00,3.59209318542624,3.53777821825238,1,36.31
2024-01-09 19:00:00,3.53017676291862,3.5759817036332,1,34.13
2024-01-09 20:00:00,3.33184730352736,3.40115842810033,1,27.99
2024-01-09 21:00:00,3.16926532431487,3.40884213907393,1,23.79
2024-01-09 22:00:00,3.26193531432865,3.47732106828045,1,26.1
2024-01-09 23:00:00,3.29026582095487,3.30310782825733,1,26.85
2024-01-10,3.23238417489299,3.35156432751767,1,25.34
2024-01-10 01:00:00,3.33790253128984,3.31334848086662,1,28.16
2024-01-10 02:00:00,3.41312595252743,3.23124942583555,1,30.36
2024-01-10 03:00:00,3.46323277258161,3.27914029548809,1,31.92
2024-01-10 04:00:00,3.27032910645712,3.28506118827637,1,26.32
2024-01-10 05:00:00,3.71039629757619,3.50218888714044,1,40.87
2024-01-10 06:00:00,4.8283137373023,3.4836983779108,1,125
2024-01-10 07:00:00,4.22610355173446,3.57500800549681,1,68.45
2024-01-10 08:00:00,3.5567756134806,3.54645121938304,1,35.05
2024-01-10 09:00:00,3.29361217098222,3.17145521057977,1,26.94
2024-01-10 10:00:00,3.49195174493062,2.78888695479833,1,32.85
2024-01-10 11:00:00,3.2144661163795,2.52288089034428,1,24.89
2024-01-10 12:00:00,3.08967788639652,2.41678460286311,1,21.97
2024-01-10 13:00:00,3.26270130440823,2.40467151727515,1,26.12
2024-01-10 14:00:00,3.17387845893747,2.60056688699628,1,23.9
2024-01-10 15:00:00,2.64617479738412,2.93635893866762,1,14.1
2024-01-10 16:00:00,3.87763857856632,3.36366892023646,1,48.31
2024-01-10 17:00:00,3.27336401015227,3.480644169576,1,26.4
2024-01-10 18:00:00,3.59621576925052,3.50047745488646,1,36.46
2024-01-10 19:00:00,3.55591932685771,3.41194855827403,1,35.02
2024-01-10 20:00:00,3.43559880837949,3.45892910924675,1,31.05
2024-01-10 21:00:00,3.18759153482843,3.45861466358687,1,24.23
2024-01-10 22:00:00,3.15529684322533,3.4618428052959,1,23.46
2024-01-10 23:00:00,2.98971420122843,3.39308949726589,1,19.88
2024-01-11,2.96836107675786,3.3567362343204,1,19.46
2024-01-11 01:00:00,3.07223024452672,3.30332672731886,1,21.59
2024-01-11 02:00:00,3.00469201492546,3.32091360910887,1,20.18
2024-01-11 03:00:00,2.72457950305342,3.2649152269502,1,15.25
2024-01-11 04:00:00,2.86846692250811,3.37365825479656,1,17.61
2024-01-11 05:00:00,3.43945609377925,3.45842349854131,1,31.17
2024-01-11 06:00:00,3.37826987701845,3.56822995142548,1,29.32
2024-01-11 07:00:00,3.34250838531348,3.57120234010434,1,28.29
2024-01-11 08:00:00,3.2023398562281,3.49108040139424,1,24.59
2024-01-11 09:00:00,3.32503602069659,3.23002122820762,1,27.8
2024-01-11 10:00:00,3.28428896341643,2.99404475506336,1,26.69
2024-01-11 11:00:00,3.43881424523346,2.66928196335727,1,31.15
2024-01-11 12:00:00,3.4980215662977,2.66162820102969,1,33.05
2024-01-11 13:00:00,3.70794651683116,2.58963552697488,1,40.77
2024-01-11 14:00:00,3.75817228060989,2.75374132598783,1,42.87
2024-01-11 15:00:00,3.88300605635765,3.05015275103754,1,48.57
2024-01-11 16:00:00,4.01998014693324,3.332537077552,1,55.7
2024-01-11 17:00:00,3.69833461288469,3.28880328437368,1,40.38
2024-01-11 18:00:00,3.66253547877433,3.45081660659351,1,38.96
2024-01-11 19:00:00,3.17178421733435,3.36122806288749,1,23.85
2024-01-11 20:00:00,3.04022751344054,3.31414186940413,1,20.91
2024-01-11 21:00:00,3.00370044320317,2.98663883711654,1,20.16
2024-01-11 22:00:00,3.0777729838902,3.28409819380064,1,21.71
2024-01-11 23:00:00,3.1027913458474,3.02822680857875,1,22.26
2024-01-12,2.96887481938411,3.07795586229246,1,19.47
2024-01-12 01:00:00,2.65955999194178,3.06135338039571,1,14.29
2024-01-12 02:00:00,2.82672173081971,3.0748344725254,1,16.89
2024-01-12 03:00:00,2.68170622576261,2.99512605151912,1,14.61
2024-01-12 04:00:00,2.85876641848083,3.05907365801449,1,17.44
2024-01-12 05:00:00,2.98770010185673,3.11007310596692,1,19.84
2024-01-12 06:00:00,2.6658383522929,3.12592071226014,1,14.38
2024-01-12 07:00:00,2.76127496233951,3.00125048518003,1,15.82
2024-01-12 08:00:00,2.44060639089142,2.94343915626949,1,11.48
2024-01-12 09:00:00,2.9871959425317,2.92828708285178,1,19.83
2024-01-12 10:00:00,2.84490938381941,2.72021877957015,1,17.2
2024-01-12 11:00:00,2.6616571615325,2.55309657994155,1,14.32
2024-01-12 12:00:00,2.50143595173921,2.45074087560193,1,12.2
2024-01-12 13:00:00,2.54160199346455,2.62352647766992,1,12.7
2024-01-12 14:00:00,2.68033636253469,2.79150380710445,1,14.59
2024-01-12 15:00:00,2.89480635496403,3.01390031841099,1,18.08
2024-01-12 16:00:00,2.80638610182307,3.09281535229045,1,16.55
2024-01-12 17:00:00,2.82908719614504,3.22675357978006,1,16.93
2024-01-12 18:00:00,2.76127496233951,3.22088391508871,1,15.82
2024-01-12 19:00:00,2.67896462020711,3.12862987025735,1,14.57
2024-01-12 20:00:00,2.6447553507299,3.20969615829039,1,14.08
2024-01-12 21:00:00,2.40874528882244,3.0727321394647,1,11.12
2024-01-12 22:00:00,2.30956070673047,2.95829652664211,1,10.07
2024-01-12 23:00:00,2.33698651971138,2.74920958628451,1,10.35
2024-01-13,2.23108909128898,2.6188287663696,1,9.31
2024-01-13 01:00:00,2.07065303564676,2.52290677820023,1,7.93
2024-01-13 02:00:00,1.99470031322475,2.27819331590403,1,7.35
2024-01-13 03:00:00,2.13534917361813,2.23616611502381,1,8.46
2024-01-13 04:00:00,2.19277022698684,2.31788682558892,1,8.96
2024-01-13 05:00:00,2.23108909128898,2.38903479070493,1,9.31
2024-01-13 06:00:00,2.31845844215034,2.46413748014966,1,10.16
2024-01-13 07:00:00,2.36085400111802,2.61312060010773,1,10.6
2024-01-13 08:00:00,2.31451366385932,2.53853769392336,1,10.12
2024-01-13 09:00:00,2.37769256548085,2.5658840537959,1,10.78
2024-01-13 10:00:00,2.37024374146786,2.43461171519729,1,10.7
2024-01-13 11:00:00,2.20276475771183,2.24048578424897,1,9.05
2024-01-13 12:00:00,2.24177295359729,2.31748504943929,1,9.41
2024-01-13 13:00:00,2.20497226412705,2.45066528435129,1,9.07
2024-01-13 14:00:00,2.41769790009455,2.40327788504378,1,11.22
2024-01-13 15:00:00,2.95230271562665,2.77490327641894,1,19.15
2024-01-13 16:00:00,2.57184857992181,2.90910954238314,1,13.09
2024-01-13 17:00:00,2.60859812213055,2.80569098603141,1,13.58
2024-01-13 18:00:00,2.53686638871871,2.83174474678765,1,12.64
2024-01-13 19:00:00,2.55022611590864,2.82344405920849,1,12.81
2024-01-13 20:00:00,2.56417983068251,2.76528253972388,1,12.99
2024-01-13 21:00:00,2.62972823432674,2.64223760295319,1,13.87
2024-01-13 22:00:00,2.62684014567667,2.68350354036552,1,13.83
2024-01-13 23:00:00,2.60343015197211,2.64052058307503,1,13.51
2024-01-14,2.39333945626251,2.54492338443126,1,10.95
2024-01-14 01:00:00,2.37117788445966,2.4744421286373,1,10.71
2024-01-14 02:00:00,2.34084380511114,2.54979000540312,1,10.39
2024-01-14 03:00:00,2.49155119250667,2.39310595386979,1,12.08
2024-01-14 04:00:00,2.26799364822443,2.36536311040401,1,9.66
2024-01-14 05:00:00,2.41412646772695,2.48584837690896,1,11.18
2024-01-14 06:00:00,2.54002594900908,2.64094579513973,1,12.68
2024-01-14 07:00:00,2.47148362945586,2.71586622538023,1,11.84
2024-01-14 08:00:00,2.37769256548085,2.583974156357,1,10.78
2024-01-14 09:00:00,2.41143949790613,2.56394124951715,1,11.15
2024-01-14 10:00:00,2.27931646605469,2.37561585896711,1,9.77
2024-01-14 11:00:00,2.2353763433006,2.2908983990622,1,9.35
2024-01-14 12:00:00,2.2628042229822,2.20446796968329,1,9.61
2024-01-14 13:00:00,2.32042501112238,2.31782757993103,1,10.18
2024-01-14 14:00:00,2.54160199346455,2.55478014412626,1,12.7
2024-01-14 15:00:00,2.45958884180371,2.74414637590567,1,11.7
2024-01-14 16:00:00,2.39971180372477,2.83307414483694,1,11.02
2024-01-14 17:00:00,2.48573963609189,2.96035159610687,1,12.01
2024-01-14 18:00:00,2.61373952163097,2.90758379611561,1,13.65
2024-01-14 19:00:00,2.45873377548398,3.00464943272924,1,11.69
2024-01-14 20:00:00,2.34564458245449,2.85847704980717,1,10.44
2024-01-14 21:00:00,2.38139627341834,2.80278594700137,1,10.82
2024-01-14 22:00:00,2.58173083442354,2.6998360175024,1,13.22
2024-01-14 23:00:00,2.4932054526027,2.58139052913647,1,12.1
2024-01-15,2.49568172295596,2.32594602057327,1,12.13
2024-01-15 01:00:00,2.38600670113312,2.21379225190936,1,10.87
2024-01-15 02:00:00,2.43009841329301,2.34014442198972,1,11.36
2024-01-15 03:00:00,2.58776403522771,2.25005460806605,1,13.3
2024-01-15 04:00:00,2.55412171880947,2.25395672502656,1,12.86
2024-01-15 05:00:00,2.6686161318568,2.4045520235856,1,14.42
2024-01-15 06:00:00,2.63547950826737,2.54751398163731,1,13.95
2024-01-15 07:00:00,2.6775909936175,2.55533505251558,1,14.55
2024-01-15 08:00:00,2.41412646772695,2.6488277391026,1,11.18
2024-01-15 09:00:00,2.32532457996354,2.46559446773729,1,10.23
2024-01-15 10:00:00,2.24707238306379,2.21552482126721,1,9.46
2024-01-15 11:00:00,2.20386912005489,2.28410136763172,1,9.06
2024-01-15 12:00:00,2.14476100780048,2.21072293970694,1,8.54
2024-01-15 13:00:00,1.79175946922805,2.13206315396359,1,6
2024-01-15 14:00:00,2.33214389523559,2.48316725481624,1,10.3
2024-01-15 15:00:00,2.25967759198277,2.43947928265201,1,9.58
2024-01-15 16:00:00,2.3767644911683,2.76577682342094,1,10.77
2024-01-15 17:00:00,2.68512269645851,2.94125407651334,1,14.66
2024-01-15 18:00:00,2.97143958098495,3.03461203401768,1,19.52
2024-01-15 19:00:00,3.0022112396517,3.16128663253935,1,20.13
2024-01-15 20:00:00,2.80759383143847,2.78139389300619,1,16.57
2024-01-15 21:00:00,2.58248697812686,2.75717510429993,1,13.23
2024-01-15 22:00:00,2.71469474382088,2.64790348381371,1,15.1
2024-01-15 23:00:00,2.7173402480093,2.78666397639762,1,15.14
2024-01-16,2.53131302260216,2.51857639941758,1,12.57
2024-01-16 01:00:00,1.88706964903238,2.61938553544264,1,6.6
2024-01-16 02:00:00,2.48073127837752,NA,1,11.95
2024-01-16 03:00:00,2.25339484880327,2.41669966399058,1,9.52
2024-01-16 04:00:00,2.65324196460721,2.46409024987208,1,14.2
2024-01-16 05:00:00,2.86162928903051,2.82528254510278,1,17.49
2024-01-16 06:00:00,2.62249231274056,2.86340370411705,1,13.77
2024-01-16 07:00:00,2.94285878394692,2.90157892673295,1,18.97
2024-01-16 08:00:00,2.72981169288372,2.72388291808615,1,15.33
2024-01-16 09:00:00,2.28543893415908,2.45893043105716,1,9.83
2024-01-16 10:00:00,2.21266038546606,2.33223612095951,1,9.14
2024-01-16 11:00:00,2.58550584834412,2.51050158025076,1,13.27
2024-01-16 12:00:00,2.74019465442878,2.46253757017497,1,15.49
2024-01-16 13:00:00,1.83418018511201,2.32514889249019,1,6.26
2024-01-16 14:00:00,1.9387416595767,2.48609835775555,1,6.95
2024-01-16 15:00:00,2.38967979984498,2.86447354571639,1,10.91
2024-01-16 16:00:00,2.70136121295141,3.08902428280714,1,14.9
2024-01-16 17:00:00,2.93438864331294,3.16116296446138,1,18.81
2024-01-16 18:00:00,2.90635446240277,3.2046953188496,1,18.29
2024-01-16 19:00:00,2.6440448711263,3.22144862841063,1,14.07
2024-01-16 20:00:00,2.60120710548416,3.14922442677253,1,13.48
2024-01-16 21:00:00,2.66514270009093,3.25958032254386,1,14.37
2024-01-16 22:00:00,2.83321334405622,3.23253194465488,1,17
2024-01-16 23:00:00,2.8541687092322,3.26370377109139,1,17.36
2024-01-17,2.94285878394692,3.2685909744535,1,18.97
2024-01-17 01:00:00,2.71667952780026,3.2261839789887,1,15.13
2024-01-17 02:00:00,3.01357219168232,3.22768673775668,1,20.36
2024-01-17 03:00:00,3.00766084441926,3.23680288082408,1,20.24
2024-01-17 04:00:00,4.18661983833127,3.34074350793846,1,65.8
2024-01-17 05:00:00,3.52577211624379,3.44121758484843,1,33.98
2024-01-17 06:00:00,3.36522472120334,3.36768056837423,1,28.94
2024-01-17 07:00:00,3.69511000386457,3.48196924930825,1,40.25
2024-01-17 08:00:00,3.83146349756973,3.56979384798489,1,46.13
2024-01-17 09:00:00,3.8093256071898,3.4389823505181,1,45.12
2024-01-17 10:00:00,3.29953372788566,3.19651376989256,1,27.1
2024-01-17 11:00:00,3.56161410306806,3.108024375609,1,35.22
2024-01-17 12:00:00,3.83124669540086,2.9616790472757,1,46.12
2024-01-17 13:00:00,3.90479696033641,3.05138080291588,1,49.64
2024-01-17 14:00:00,3.92197333628131,3.33558699273253,1,50.5
2024-01-17 15:00:00,4.13404592907365,3.51081347491629,1,62.43
2024-01-17 16:00:00,4.17223110087917,3.67313627716197,1,64.86
2024-01-17 17:00:00,4.23685634351072,3.76949164253849,1,69.19
2024-01-17 18:00:00,4.17715267340942,3.7930144852015,1,65.18
2024-01-17 19:00:00,4.11496384942484,3.65588806214247,1,61.25
2024-01-17 20:00:00,4.08362059885912,3.57973168993933,1,59.36
2024-01-17 21:00:00,4.09617621705107,3.49199787686151,1,60.11
2024-01-17 22:00:00,4.04462896997617,3.3814558308249,1,57.09
2024-01-17 23:00:00,3.902982260776,3.26509196522147,1,49.55
2024-01-18,3.88670519744386,3.20700052276365,1,48.75
2024-01-18 01:00:00,3.71916614671881,3.12639372495483,1,41.23
2024-01-18 02:00:00,3.75443308485338,3.01270569840239,1,42.71
2024-01-18 03:00:00,3.75255823077712,3.04900021947016,1,42.63
2024-01-18 04:00:00,3.73385281975667,3.12305368733606,1,41.84
2024-01-18 05:00:00,3.96783607024736,3.20333837341314,1,52.87
2024-01-18 06:00:00,3.80510572308207,3.28289571883572,1,44.93
2024-01-18 07:00:00,3.15529684322533,3.1429602663657,1,23.46
2024-01-18 08:00:00,2.45616418092235,3.12093026418014,1,11.66
2024-01-18 09:00:00,2.32727770558442,2.94178443894562,1,10.25
2024-01-18 10:00:00,2.33311429802887,2.64166764247378,1,10.31
2024-01-18 11:00:00,2.49979526228175,2.73640339963938,1,12.18
2024-01-18 12:00:00,2.46809953147162,2.79566046680043,1,11.8
2024-01-18 13:00:00,2.63691217326887,2.75901853715586,1,13.97
2024-01-18 14:00:00,3.04404613383254,3.18896808875122,1,20.99
2024-01-18 15:00:00,3.11039934853212,3.40772175736741,1,22.43
2024-01-18 16:00:00,3.1302631665116,3.46492260208239,1,22.88
2024-01-18 17:00:00,2.72850620966959,3.39566076959096,1,15.31
2024-01-18 18:00:00,2.80759383143847,3.52959730049737,1,16.57
2024-01-18 19:00:00,3.09058780456667,3.32264510142455,1,21.99
2024-01-18 20:00:00,2.39789527279837,3.42935183514751,1,11
2024-01-18 21:00:00,3.06292352309431,3.3980014004272,1,21.39
2024-01-18 22:00:00,3.02723094061336,3.39023398484475,1,20.64
2024-01-18 23:00:00,2.8501282996952,3.19619487435677,1,17.29
2024-01-19,2.86048512414597,3.15642171909684,1,17.47
2024-01-19 01:00:00,2.60638654732571,3.16044976289145,1,13.55
2024-01-19 02:00:00,2.70938264633599,3.22206364650572,1,15.02
2024-01-19 03:00:00,2.38967979984498,3.18195881215832,1,10.91
2024-01-19 04:00:00,2.68102152871429,3.05617283842946,1,14.6
2024-01-19 05:00:00,3.44680789291421,3.15558364018047,1,31.4
2024-01-19 06:00:00,3.94468378766769,3.30138498577413,1,51.66
2024-01-19 07:00:00,3.51064951522324,3.36454077892957,1,33.47
2024-01-19 08:00:00,3.19622113430339,3.29992571784825,1,24.44
2024-01-19 09:00:00,3.13809951484091,3.04126613396827,1,23.06
2024-01-19 10:00:00,2.65464942437509,2.66072633673233,1,14.22
2024-01-19 11:00:00,2.33891702224144,2.36511036946434,1,10.37
2024-01-19 12:00:00,2.3664984187377,2.37530659178859,1,10.66
2024-01-19 13:00:00,2.68852753461335,2.54146866217968,1,14.71
2024-01-19 14:00:00,2.72261035243354,2.58866718228551,1,15.22
2024-01-19 15:00:00,2.79910893204918,2.79728393376635,1,16.43
2024-01-19 16:00:00,2.70738331211451,3.00590224975956,1,14.99
2024-01-19 17:00:00,2.72850620966959,3.10656306618524,1,15.31
2024-01-19 18:00:00,3.15359035816957,3.39448001159526,1,23.42
2024-01-19 19:00:00,3.04309284491383,3.47081626708674,1,20.97
2024-01-19 20:00:00,2.76631910922619,3.1848533354525,1,15.9
2024-01-19 21:00:00,2.59749101053515,3.21366180687248,1,13.43
2024-01-19 22:00:00,2.68170622576261,3.21129426473394,1,14.61
2024-01-19 23:00:00,2.68920711330073,2.94439325954508,1,14.72
2024-01-20,2.63044895507866,2.79248094438366,1,13.88
2024-01-20 01:00:00,2.54631527791664,2.73153278331916,1,12.76
2024-01-20 02:00:00,2.52812576890798,2.81992327632464,1,12.53
2024-01-20 03:00:00,2.45787797740008,2.96979807585636,1,11.68
2024-01-20 04:00:00,2.51203531717625,3.02772351101101,1,12.33
2024-01-20 05:00:00,2.61958321977988,3.11873587621717,1,13.73
2024-01-20 06:00:00,2.72457950305342,3.0714765272031,1,15.25
2024-01-20 07:00:00,2.53210825127229,3.00442243202829,1,12.58
2024-01-20 08:00:00,2.68102152871429,2.91563518374625,1,14.6
2024-01-20 09:00:00,2.71866038021423,2.53043756527626,1,15.16
2024-01-20 10:00:00,2.43185742869818,2.21485275563853,1,11.38
2024-01-20 11:00:00,2.13771044980381,2.07998367022229,1,8.48
2024-01-20 12:00:00,1.98100146886658,2.01028101949922,1,7.25
2024-01-20 13:00:00,1.96850998097255,2.0552279063363,1,7.16
2024-01-20 14:00:00,2.57794151575519,2.28658776300547,1,13.17
2024-01-20 15:00:00,2.54944517092557,2.76531296126255,1,12.8
2024-01-20 16:00:00,2.64191039859766,3.22187363711544,1,14.04
2024-01-20 17:00:00,3.10324048126928,3.25556726532198,1,22.27
2024-01-20 18:00:00,3.09648217665413,3.02763124002433,1,22.12
2024-01-20 19:00:00,2.91017438519234,2.90939450816225,1,18.36
2024-01-20 20:00:00,2.8142103969306,3.13252490205657,1,16.68
2024-01-20 21:00:00,3.8286413964891,3.2345413338637,1,46
2024-01-20 22:00:00,3.54789176081296,3.36641537621535,1,34.74
2024-01-20 23:00:00,3.24376354037598,3.44556167381734,1,25.63
2024-01-21,3.28241384567219,3.3934876777213,1,26.64
2024-01-21 01:00:00,4.13468644150548,3.37052727886596,1,62.47
2024-01-21 02:00:00,4.03918415104483,3.37119226360126,1,56.78
2024-01-21 03:00:00,3.81308625756812,3.32949733669925,1,45.29
2024-01-21 04:00:00,3.61010677294854,3.38060231199595,1,36.97
2024-01-21 05:00:00,3.94390919429047,3.47399057545691,1,51.62
2024-01-21 06:00:00,3.72737875326455,3.39766527502889,1,41.57
2024-01-21 07:00:00,3.96252598760125,3.54356331359606,1,52.59
2024-01-21 08:00:00,3.48000856208645,3.35643080957488,1,32.46
2024-01-21 09:00:00,3.52046080248897,3.21865881644926,1,33.8
2024-01-21 10:00:00,3.9475831808267,2.77657095509102,1,51.81
2024-01-21 11:00:00,3.68160304514316,2.68276239321022,1,39.71
2024-01-21 12:00:00,3.63942657039441,2.74881554864076,1,38.07
2024-01-21 13:00:00,3.95182047530221,2.87893576788545,1,52.03
2024-01-21 14:00:00,3.99120380330259,3.03540314374796,1,54.12
2024-01-21 15:00:00,3.79188720418817,3.22565378348405,1,44.34
2024-01-21 16:00:00,3.5907152053267,3.42573535069366,1,36.26
2024-01-21 17:00:00,3.40949618447685,3.44395818982778,1,30.25
2024-01-21 18:00:00,3.67173329527897,3.5283091078263,1,39.32
2024-01-21 19:00:00,3.73647843291322,3.38693607559528,1,41.95
2024-01-21 20:00:00,3.86807111789896,3.45039798122986,1,47.85
2024-01-21 21:00:00,3.78328012953542,3.4983080580367,1,43.96
2024-01-21 22:00:00,3.72110460140867,3.51552302136633,1,41.31
2024-01-21 23:00:00,3.33113250721387,3.34763493724395,1,27.97
2024-01-22,3.88011945641514,3.34442385893136,1,48.43
2024-01-22 01:00:00,3.75396470076987,3.27366916173567,1,42.69
2024-01-22 02:00:00,3.81242364020539,3.20383235432073,1,45.26
2024-01-22 03:00:00,3.77666136749747,3.10304060740912,1,43.67
2024-01-22 04:00:00,3.958906591327,3.18265388559516,1,52.4
2024-01-22 05:00:00,3.94565118640813,3.37009490120061,1,51.71
2024-01-22 06:00:00,3.86304282320643,3.36051347818327,1,47.61
2024-01-22 07:00:00,4.10890471355343,3.37734711901774,1,60.88
2024-01-22 08:00:00,4.18661983833127,3.24191529535688,1,65.8
2024-01-22 09:00:00,3.90721144843092,3.2057203914796,1,49.76
2024-01-22 10:00:00,3.91860132078827,3.02303933975641,1,50.33
2024-01-22 11:00:00,4.1782260462028,2.89063756970422,1,65.25
2024-01-22 12:00:00,4.55660999537271,2.8011253728601,1,95.26
2024-01-22 13:00:00,4.35401288821868,2.82120547108978,1,77.79
2024-01-22 14:00:00,4.31895370569792,2.99068054419602,1,75.11
2024-01-22 15:00:00,4.45945053163869,3.09174094328461,1,86.44
2024-01-22 16:00:00,4.4802870038414,3.35507904988158,1,88.26
2024-01-22 17:00:00,4.47597224751641,3.40803086579719,1,87.88
2024-01-22 18:00:00,4.42424765010784,3.38117695385965,1,83.45
2024-01-22 19:00:00,4.37096568731446,3.2982334881049,1,79.12
2024-01-22 20:00:00,4.29401475735067,3.19701342726323,1,73.26
2024-01-22 21:00:00,4.20856570631212,3.15283417317575,1,67.26
2024-01-22 22:00:00,4.16262606963851,3.14612553477204,1,64.24
2024-01-22 23:00:00,4.02231135932227,3.0317752243131,1,55.83
2024-01-23,3.46667296362107,3.04925678765151,1,32.03
2024-01-23 01:00:00,2.10413415427021,2.7166941483638,1,8.2
2024-01-23 02:00:00,1.73165554515835,2.42855303482713,1,5.65
2024-01-23 03:00:00,1.65632149833295,2.42540995919844,1,5.24
2024-01-23 04:00:00,1.71918877639322,2.68250805834124,1,5.58
2024-01-23 05:00:00,1.8196988379173,2.68626783108825,1,6.17
2024-01-23 06:00:00,2.287471455184,2.76950522769633,1,9.85
2024-01-23 07:00:00,2.59600069729359,2.74434093191132,1,13.41
2024-01-23 08:00:00,4.8283137373023,2.47690948900342,1,125
2024-01-23 09:00:00,1.52605630349505,NA,1,4.6
2024-01-23 10:00:00,1.43031124653666,2.08654840623136,1,4.18
2024-01-23 11:00:00,1.43270073393405,2.02934130906186,1,4.19
2024-01-23 12:00:00,1.46787434811231,1.95067628506952,1,4.34
2024-01-23 13:00:00,1.5953389880546,2.20263838904896,1,4.93
2024-01-23 14:00:00,1.59736533119983,2.13678201272051,1,4.94
2024-01-23 15:00:00,1.80170980008122,2.37944375873309,1,6.06
2024-01-23 16:00:00,2.3494686788929,2.65297904484749,1,10.48
2024-01-23 17:00:00,2.66095859356836,2.93296211832503,1,14.31
2024-01-23 18:00:00,2.55412171880947,2.92424801092808,1,12.86
2024-01-23 19:00:00,2.61153930072137,3.01868950441755,1,13.62
2024-01-23 20:00:00,2.55489902160804,2.89432099318295,1,12.87
2024-01-23 21:00:00,2.58776403522771,2.84978043370796,1,13.3
2024-01-23 22:00:00,2.51284601847724,2.68758713224493,1,12.34
2024-01-23 23:00:00,2.46300181439995,2.71277595673488,1,11.74
2024-01-24,2.35517754311322,2.58150850715503,1,10.54
2024-01-24 01:00:00,2.45873377548398,2.4350469143618,1,11.69
2024-01-24 02:00:00,2.64262239577975,2.67252174087922,1,14.05
2024-01-24 03:00:00,2.6447553507299,2.58129364342513,1,14.08
2024-01-24 04:00:00,2.42303124606991,1.96594194899496,1,11.28
2024-01-24 05:00:00,2.21920348405499,1.8299457775285,1,9.2
2024-01-24 06:00:00,2.08069076108027,1.94785636300532,1,8.01
2024-01-24 07:00:00,2.06432790386979,1.95957673634127,1,7.88
2024-01-24 08:00:00,1.97685495290473,1.86601996806284,1,7.22
2024-01-24 09:00:00,2.02022218201986,1.7999020392598,1,7.54
2024-01-24 10:00:00,1.61938824328727,1.93586851281262,1,5.05
2024-01-24 11:00:00,1.80664808172181,1.75569534794468,1,6.09
2024-01-24 12:00:00,1.29198368164865,1.19288739496311,1,3.64
2024-01-24 13:00:00,1.17248213723457,1.00012575660046,1,3.23
2024-01-24 14:00:00,2.0515563381903,1.78747161703709,1,7.78
2024-01-24 15:00:00,1.53255686809814,1.92235631552302,1,4.63
2024-01-24 16:00:00,1.80005827204275,2.00205891342712,1,6.05
2024-01-24 17:00:00,2.37211115564266,2.11303353142259,1,10.72
2024-01-24 18:00:00,1.95160817016995,2.23464927653024,1,7.04
2024-01-24 19:00:00,1.74919985480926,2.04686803730657,1,5.75
2024-01-24 20:00:00,1.58719230348678,2.11753105398028,1,4.89
2024-01-24 21:00:00,1.64093657949347,1.94377073849941,1,5.16
2024-01-24 22:00:00,1.82616089594539,1.88375741570598,1,6.21
2024-01-24 23:00:00,1.7263316639056,1.76429322026826,1,5.62
2024-01-25,1.88251383249652,1.79758875995261,1,6.57
2024-01-25 01:00:00,1.84213567655312,1.79624485975807,1,6.31
2024-01-25 02:00:00,1.78339121955754,1.75703671539036,1,5.95
2024-01-25 03:00:00,2.1770218700187,1.8544146559222,1,8.82
2024-01-25 04:00:00,2.15871472257434,1.68350625192503,1,8.66
2024-01-25 05:00:00,2.59076704048748,1.7337718489575,1,13.34
2024-01-25 06:00:00,2.20497226412705,1.9356214779592,1,9.07
2024-01-25 07:00:00,2.15640258281596,1.97101594763894,1,8.64
2024-01-25 08:00:00,2.09433015417359,1.90830651807681,1,8.12
2024-01-25 09:00:00,1.92424865227413,1.76071049868812,1,6.85
2024-01-25 10:00:00,1.89761985992753,1.75774095737724,1,6.67
2024-01-25 11:00:00,1.6752256529721,1.48854438435827,1,5.34
2024-01-25 12:00:00,1.41827740697294,1.20378685562309,1,4.13
2024-01-25 13:00:00,1.61938824328727,1.21418212988595,1,5.05
2024-01-25 14:00:00,2.13179677201376,1.20617932744862,1,8.43
2024-01-25 15:00:00,2.49155119250667,1.93516584783425,1,12.08
2024-01-25 16:00:00,2.78562833574758,2.42124410613813,1,16.21
2024-01-25 17:00:00,2.73696154459663,2.46898047262516,1,15.44
2024-01-25 18:00:00,2.76506045581899,2.47982108054332,1,15.88
2024-01-25 19:00:00,2.76568998054862,2.54964775178982,1,15.89
2024-01-25 20:00:00,2.77383794164021,2.55436784225169,1,16.02
2024-01-25 21:00:00,2.76000994003292,2.63353396670127,1,15.8
2024-01-25 22:00:00,2.83321334405622,2.6483872681934,1,17
2024-01-25 23:00:00,3.0243197304059,2.74922468259752,1,20.58
2024-01-26,2.72981169288372,2.63271273987705,1,15.33
2024-01-26 01:00:00,2.50552593699074,2.5236111060683,1,12.25
2024-01-26 02:00:00,2.57489968831471,2.49819837072309,1,13.13
2024-01-26 03:00:00,2.55178617862755,2.57650580024517,1,12.83
2024-01-26 04:00:00,3.00121720378456,2.79400849519292,1,20.11
2024-01-26 05:00:00,3.23592957943403,2.86847051381963,1,25.43
2024-01-26 06:00:00,3.47599559173734,2.88638188977369,1,32.33
2024-01-26 07:00:00,3.52488885400471,2.94127311013465,1,33.95
2024-01-26 08:00:00,3.75185425327532,2.95955666654426,1,42.6
2024-01-26 09:00:00,3.90459548959935,2.68223032876085,1,49.63
2024-01-26 10:00:00,3.79458990853605,2.45748476695103,1,44.46
2024-01-26 11:00:00,3.44265917146975,2.39596130866204,1,31.27
2024-01-26 12:00:00,3.23159459727598,2.33380052945716,1,25.32
2024-01-26 13:00:00,3.14458322028635,2.55915641625219,1,23.21
2024-01-26 14:00:00,3.92217133647996,2.97639436646615,1,50.51
2024-01-26 15:00:00,4.13212192655613,3.13069026958639,1,62.31
2024-01-26 16:00:00,4.22053658745986,3.18895350808827,1,68.07
2024-01-26 17:00:00,4.10065792427869,3.25088346374218,1,60.38
2024-01-26 18:00:00,1.90657514365664,2.18629821813513,1,6.73
2024-01-26 19:00:00,1.35066718347674,1.54472537389843,1,3.86
2024-01-26 20:00:00,1.47017584510059,1.9599347771009,1,4.35
2024-01-26 21:00:00,1.63315443905142,1.99556433472869,1,5.12
2024-01-26 22:00:00,1.69927861643389,2.30175683666477,1,5.47
2024-01-26 23:00:00,1.52605630349505,2.2142854859716,1,4.6
2024-01-27,1.62136648329937,2.1907125184041,1,5.06
2024-01-27 01:00:00,1.89761985992753,2.02670118301697,1,6.67
2024-01-27 02:00:00,1.81807677754543,1.84263650394091,1,6.16
2024-01-27 03:00:00,1.92861865194525,1.77164491672228,1,6.88
2024-01-27 04:00:00,2.06812778177956,1.71534187408516,1,7.91
2024-01-27 05:00:00,2.16905370036952,1.63677144770396,1,8.75
2024-01-27 06:00:00,2.2364452904895,1.67915490040283,1,9.36
2024-01-27 07:00:00,2.28543893415908,1.64976392404816,1,9.83
2024-01-27 08:00:00,2.23430625224075,1.741834672706,1,9.34
2024-01-27 09:00:00,2.31352503303238,1.67633060723287,1,10.11
2024-01-27 10:00:00,2.34372703632522,1.5124494030774,1,10.42
2024-01-27 11:00:00,2.31845844215034,1.75238544681555,1,10.16
2024-01-27 12:00:00,1.87487437593856,1.63433630663447,1,6.52
2024-01-27 13:00:00,1.68824909285839,1.72233042423361,1,5.41
2024-01-27 14:00:00,1.74221902366792,1.74267003568238,1,5.71
2024-01-27 15:00:00,2.06559613485778,2.23154395833346,1,7.89
2024-01-27 16:00:00,2.6748380668961,2.61564479928723,1,14.51
2024-01-27 17:00:00,2.73371794785079,2.82672477544674,1,15.39
2024-01-27 18:00:00,2.54866361559075,2.54268423689496,1,12.79
2024-01-27 19:00:00,2.4518667957098,2.53865070433396,1,11.61
2024-01-27 20:00:00,2.58550584834412,2.71209445605059,1,13.27
2024-01-27 21:00:00,2.83615020372953,2.85558130730484,1,17.05
2024-01-27 22:00:00,2.83556352140117,2.64161232324594,1,17.04
2024-01-27 23:00:00,2.93704327720531,2.70351831629036,1,18.86
2024-01-28,2.75556971707019,2.71484826547805,1,15.73
2024-01-28 01:00:00,2.92691795755363,2.76536677604056,1,18.67
2024-01-28 02:00:00,2.76883167336207,2.90927376676528,1,15.94
2024-01-28 03:00:00,3.10593106585207,2.93259238289637,1,22.33
2024-01-28 04:00:00,2.5922651681085,2.88555785442053,1,13.36
2024-01-28 05:00:00,2.89756802476676,2.97852816651648,1,18.13
2024-01-28 06:00:00,3.18635263316264,3.12447842892296,1,24.2
2024-01-28 07:00:00,2.99523214851231,3.1727042389168,1,19.99
2024-01-28 08:00:00,3.1117359493103,3.02367366999413,1,22.46
2024-01-28 09:00:00,2.94706710157271,2.63266274756898,1,19.05
2024-01-28 10:00:00,3.2047769004887,2.3145238111197,1,24.65
2024-01-28 11:00:00,2.87186828633161,2.12720469938428,1,17.67
2024-01-28 12:00:00,2.58851563240702,1.99797971520269,1,13.31
2024-01-28 13:00:00,2.31154483436552,2.18181004899066,1,10.09
2024-01-28 14:00:00,2.70805020110221,2.34585598386384,1,15
2024-01-28 15:00:00,2.45358796653057,2.57133131974305,1,11.63
2024-01-28 16:00:00,3.52577211624379,3.04768675145574,1,33.98
2024-01-28 17:00:00,3.46792101370506,3.27034347850488,1,32.07
2024-01-28 18:00:00,3.88711536972196,3.36115100532679,1,48.77
2024-01-28 19:00:00,3.6307205399404,3.32253702214613,1,37.74
2024-01-28 20:00:00,3.2088254890147,3.32033016948259,1,24.75
2024-01-28 21:00:00,3.37451111639965,3.2284483038376,1,29.21
2024-01-28 22:00:00,3.00766084441926,3.14502118009865,1,20.24
2024-01-28 23:00:00,2.94021956362373,3.1851978041488,1,18.92
2024-01-29,2.89922137317315,3.10566368122918,1,18.16
2024-01-29 01:00:00,2.68512269645851,3.0605210540175,1,14.66
2024-01-29 02:00:00,2.64830019669644,3.0637455720752,1,14.13
2024-01-29 03:00:00,2.55489902160804,3.05796875211437,1,12.87
2024-01-29 04:00:00,2.69192081917233,3.15118813141804,1,14.76
2024-01-29 05:00:00,3.14759462286324,3.1446037451086,1,23.28
2024-01-29 06:00:00,3.45694739676665,3.16912178886915,1,31.72
2024-01-29 07:00:00,3.24415363205247,3.25344843338448,1,25.64
2024-01-29 08:00:00,3.3017453026905,3.20281955405572,1,27.16
2024-01-29 09:00:00,3.28166281296697,3.06915107871384,1,26.62
2024-01-29 10:00:00,3.39013643430273,2.95730246514804,1,29.67
2024-01-29 11:00:00,3.47134514156424,2.8371210456823,1,32.18
2024-01-29 12:00:00,3.48461898980123,2.79696537450896,1,32.61
2024-01-29 13:00:00,3.28241384567219,2.8963685484717,1,26.64
2024-01-29 14:00:00,3.18511219471539,3.06511690973715,1,24.17
2024-01-29 15:00:00,3.14802408389625,3.19945668330777,1,23.29
2024-01-29 16:00:00,3.32287541488669,3.3396935861976,1,27.74
2024-01-29 17:00:00,3.05494413318584,3.39334425957263,1,21.22
2024-01-29 18:00:00,2.72850620966959,3.30677253553289,1,15.31
2024-01-29 19:00:00,2.72719901994097,3.39447975829438,1,15.29
2024-01-29 20:00:00,2.76190687389292,3.23706471742229,1,15.83
2024-01-29 21:00:00,2.71800053195538,3.18268041579704,1,15.15
2024-01-29 22:00:00,2.70604819843154,3.19774204317297,1,14.97
2024-01-29 23:00:00,2.7173402480093,2.93682744905833,1,15.14
2024-01-30,2.65464942437509,3.0310526961648,1,14.22
2024-01-30 01:00:00,2.84316367490938,2.96033228439512,1,17.17
2024-01-30 02:00:00,2.82849635417808,2.92052065029276,1,16.92
2024-01-30 03:00:00,2.72719901994097,2.85731284021259,1,15.29
2024-01-30 04:00:00,2.75110969056266,2.89120128593168,1,15.66
2024-01-30 05:00:00,3.00419635196612,2.99805681368006,1,20.17
2024-01-30 06:00:00,3.4626060097908,3.13106113781943,1,31.9
2024-01-30 07:00:00,3.57878553131686,3.23086690412579,1,35.83
2024-01-30 08:00:00,3.47258737774883,3.25749455159819,1,32.22
2024-01-30 09:00:00,3.14285833844428,3.13979585749991,1,23.17
2024-01-30 10:00:00,2.97756830292632,2.9958406173512,1,19.64
2024-01-30 11:00:00,3.18552584518665,2.90642494867958,1,24.18
2024-01-30 12:00:00,2.76316950032329,2.8181506076918,1,15.85
2024-01-30 13:00:00,2.88424189752063,2.82519750634755,1,17.89
2024-01-30 14:00:00,2.99723114967773,3.05729824573036,1,20.03
2024-01-30 15:00:00,3.01258939062041,3.2022682040026,1,20.34
2024-01-30 16:00:00,3.08602991153477,3.39143194877633,1,21.89
2024-01-30 17:00:00,3.11927645964545,3.47241105608891,1,22.63
2024-01-30 18:00:00,3.2468800212778,3.47759447497284,1,25.71
2024-01-30 19:00:00,3.03687421688517,3.39744116451675,1,20.84
2024-01-30 20:00:00,3.04974686186023,3.32443327974297,1,21.11
2024-01-30 21:00:00,3.12236492448736,3.24978108493872,1,22.7
2024-01-30 22:00:00,2.99573227355399,3.16287035299587,1,20
2024-01-30 23:00:00,3.02868337369368,3.07858962553975,1,20.67
2024-01-31,3.02237420450041,2.96820129725031,1,20.54
2024-01-31 01:00:00,3.18635263316264,2.92008023645354,1,24.2
2024-01-31 02:00:00,3.18387021566939,2.86466751692653,1,24.14
2024-01-31 03:00:00,3.24649099190117,2.8600206220234,1,25.7
2024-01-31 04:00:00,3.24063731664971,2.95685773099502,1,25.55
2024-01-31 05:00:00,3.24726889936942,3.05601548788653,1,25.72
2024-01-31 06:00:00,3.26270130440823,3.09465059515391,1,26.12
2024-01-31 07:00:00,3.22525543183224,3.13094355056455,1,25.16
2024-01-31 08:00:00,2.94968833505258,3.07486241456469,1,19.1
2024-01-31 09:00:00,2.87976009730157,2.95951092057271,1,17.81
2024-01-31 10:00:00,2.76000994003292,2.65401753193563,1,15.8
2024-01-31 11:00:00,2.60268968544438,2.35744650621074,1,13.5
2024-01-31 12:00:00,3.00370044320317,2.53970010008433,1,20.16
2024-01-31 13:00:00,2.92798862146747,2.65626850758238,1,18.69
2024-01-31 14:00:00,3.04642538786951,2.86487889734274,1,21.04
2024-01-31 15:00:00,3.06991167172824,2.95702909303613,1,21.54
2024-01-31 16:00:00,3.15316328150282,3.2135857987597,1,23.41
2024-01-31 17:00:00,3.18635263316264,3.38957174912932,1,24.2
2024-01-31 18:00:00,3.14802408389625,3.40310787860368,1,23.29
2024-01-31 19:00:00,3.12456514539696,3.42759360921504,1,22.75
2024-01-31 20:00:00,3.29435428604411,3.28042178053215,1,26.96
2024-01-31 21:00:00,3.43945609377925,3.19238133836586,1,31.17
2024-01-31 22:00:00,3.58379667766078,3.12553004485129,1,36.01
2024-01-31 23:00:00,3.52753630370517,3.00966441191003,1,34.04
2024-02-01,3.52193899935828,2.81631717849177,1,33.85
2024-02-01 01:00:00,3.50254987592244,2.8433248017921,1,33.2
2024-02-01 02:00:00,3.39785848039664,2.814344957063,1,29.9
2024-02-01 03:00:00,3.46511070740581,2.78884789635072,1,31.98
2024-02-01 04:00:00,3.49711343849198,2.82944246790156,1,33.02
2024-02-01 05:00:00,3.51779452924597,3.00841405832288,1,33.71
2024-02-01 06:00:00,3.58324112209094,3.05274527693064,1,35.99
2024-02-01 07:00:00,3.44393753533831,3.05702277232947,1,31.31
2024-02-01 08:00:00,2.72129542785223,2.90452987402597,1,15.2
2024-02-01 09:00:00,2.1540850846756,2.50680215219459,1,8.62
2024-02-01 10:00:00,2.00955541421567,2.38078578387647,1,7.46
2024-02-01 11:00:00,2.00148000021012,2.20340133347898,1,7.4
2024-02-01 12:00:00,1.35066718347674,1.91209009684142,1,3.86
2024-02-01 13:00:00,1.3787660946991,1.98660358446046,1,3.97
2024-02-01 14:00:00,1.44220199305819,2.05861971532427,1,4.23
2024-02-01 15:00:00,1.70656462316482,2.27939692395257,1,5.51
2024-02-01 16:00:00,2.14358936150359,2.60420464910155,1,8.53
2024-02-01 17:00:00,2.00821403239147,2.66434290797718,1,7.45
2024-02-01 18:00:00,2.04122032885964,2.72109132033422,1,7.7
2024-02-01 19:00:00,2.1540850846756,2.6439248400059,1,8.62
2024-02-01 20:00:00,2.08815348228186,2.61888592116912,1,8.07
2024-02-01 21:00:00,2.23751309625033,2.56116595300008,1,9.37
2024-02-01 22:00:00,2.18941639488841,2.3626722995883,1,8.93
2024-02-01 23:00:00,2.16791018966744,2.28005059969472,1,8.74
2024-02-02,2.32532457996354,2.26720884200558,1,10.23
2024-02-02 01:00:00,2.36555989215543,2.21167874359245,1,10.65
2024-02-02 02:00:00,2.37024374146786,2.12614494880151,1,10.7
2024-02-02 03:00:00,2.46809953147162,2.12412581984506,1,11.8
2024-02-02 04:00:00,2.60638654732571,2.06282308217672,1,13.55
2024-02-02 05:00:00,2.58550584834412,2.14829233814837,1,13.27
2024-02-02 06:00:00,2.83026783382646,2.47328119650778,1,16.95
2024-02-02 07:00:00,2.3174737054878,2.50924342556756,1,10.15
2024-02-02 08:00:00,2.41143949790613,2.54550196685546,1,11.15
2024-02-02 09:00:00,2.20386912005489,2.42500414514377,1,9.06
2024-02-02 10:00:00,2.05027016437956,2.0990154888,1,7.77
2024-02-02 11:00:00,2.15871472257434,1.94907242208014,1,8.66
2024-02-02 12:00:00,2.34660197841082,1.9709707495904,1,10.45
2024-02-02 13:00:00,2.31944221006047,1.95889635154753,1,10.17
2024-02-02 14:00:00,2.13534917361813,2.22988551064835,1,8.46
2024-02-02 15:00:00,1.99333884262642,2.22527329868494,1,7.34
2024-02-02 16:00:00,2.32434658477556,2.44324928208034,1,10.22
2024-02-02 17:00:00,2.57184857992181,2.58555881045541,1,13.09
2024-02-02 18:00:00,2.54317555791198,2.634706208573,1,12.72
2024-02-02 19:00:00,2.62103882411258,2.38994544785614,1,13.75
2024-02-02 20:00:00,2.69395127672271,2.42352661994411,1,14.79
2024-02-02 21:00:00,2.41323161308111,2.32322600024809,1,11.17
2024-02-02 22:00:00,2.27521389619791,2.17388216352218,1,9.73
2024-02-02 23:00:00,2.04122032885964,1.78476368591505,1,7.7
2024-02-03,2.15524450509534,1.78351014616036,1,8.63
2024-02-03 01:00:00,2.23323501485925,1.82414128816856,1,9.33
2024-02-03 02:00:00,2.26799364822443,1.87052765575081,1,9.66
2024-02-03 03:00:00,2.14241634084122,1.69000002394783,1,8.52
2024-02-03 04:00:00,2.05284085988266,1.81773262769287,1,7.79
2024-02-03 05:00:00,2.08193842187842,1.92181905964236,1,8.02
2024-02-03 06:00:00,2.006870848845,2.01967705260542,1,7.44
2024-02-03 07:00:00,1.95727390770563,1.95547275656435,1,7.08
2024-02-03 08:00:00,2.15755932094379,2.10264479912531,1,8.65
2024-02-03 09:00:00,2.35232718488886,2.04952901444261,1,10.51
2024-02-03 10:00:00,2.28949985344539,1.90988539973363,1,9.87
2024-02-03 11:00:00,2.43711598595165,1.80018293527241,1,11.44
2024-02-03 12:00:00,2.25863320546486,1.84924947896974,1,9.57
2024-02-03 13:00:00,2.08069076108027,1.98542768949625,1,8.01
2024-02-03 14:00:00,1.96711235670592,2.06128300756318,1,7.15
2024-02-03 15:00:00,2.05412373369555,2.31747708955255,1,7.8
2024-02-03 16:00:00,2.14593128294867,2.59915610407274,1,8.55
2024-02-03 17:00:00,2.35801979988215,2.6253766071091,1,10.57
2024-02-03 18:00:00,2.48740352998659,2.73654553267495,1,12.03
2024-02-03 19:00:00,2.66930937278578,2.70164383599222,1,14.43
2024-02-03 20:00:00,2.53210825127229,2.72399841931323,1,12.58
2024-02-03 21:00:00,2.42568729012803,2.62623305954884,1,11.31
2024-02-03 22:00:00,2.29152414563462,2.52422704033885,1,9.89
2024-02-03 23:00:00,1.73342389221509,2.20108654532441,1,5.66
2024-02-04,1.55814461804655,2.13895027482989,1,4.75
2024-02-04 01:00:00,1.54115907168081,1.89159172186484,1,4.67
2024-02-04 02:00:00,1.71918877639322,1.8572540307587,1,5.58
2024-02-04 03:00:00,1.56234630490025,1.92398239124297,1,4.77
2024-02-04 04:00:00,1.53255686809814,2.02064422537643,1,4.63
2024-02-04 05:00:00,1.66959183525385,1.99609043025034,1,5.31
2024-02-04 06:00:00,1.78170913337455,2.031846418637,1,5.94
2024-02-04 07:00:00,2.15871472257434,2.14227824338658,1,8.66
2024-02-04 08:00:00,1.89311196348834,2.07671029351094,1,6.64
2024-02-04 09:00:00,1.89761985992753,1.87338736367608,1,6.67
2024-02-04 10:00:00,1.85002837735203,1.85246288439792,1,6.36
2024-02-04 11:00:00,1.7509374747078,1.77173753774618,1,5.76
2024-02-04 12:00:00,1.70292825552144,1.72563362328141,1,5.49
2024-02-04 13:00:00,1.5993875765806,1.76128216025267,1,4.95
2024-02-04 14:00:00,2.05412373369555,2.08964046834494,1,7.8
2024-02-04 15:00:00,2.3646204839135,2.41095146624042,1,10.64
2024-02-04 16:00:00,2.77695417974942,2.66151586805999,1,16.07
2024-02-04 17:00:00,2.42480272571829,2.45893370176928,1,11.3
2024-02-04 18:00:00,2.60712428251225,2.84820815366497,1,13.56
2024-02-04 19:00:00,2.99573227355399,3.1524376646141,1,20
2024-02-04 20:00:00,2.94021956362373,2.93319338165802,1,18.92
2024-02-04 21:00:00,2.57566101305646,2.5260573979941,1,13.14
2024-02-04 22:00:00,2.26695791535089,2.4920715789708,1,9.65
2024-02-04 23:00:00,2.01089499914473,2.2852668554147,1,7.47
2024-02-05,1.7281094421516,2.1081955590349,1,5.63
2024-02-05 01:00:00,1.56444054650336,1.9640526690927,1,4.78
2024-02-05 02:00:00,1.4036429994545,1.73970742771341,1,4.07
2024-02-05 03:00:00,1.37371557891303,1.72539923622249,1,3.95
2024-02-05 04:00:00,1.47017584510059,1.8049671794619,1,4.35
2024-02-05 05:00:00,1.49738840862548,1.89381394775219,1,4.47
2024-02-05 06:00:00,1.56653041142282,1.99744128981234,1,4.79
2024-02-05 07:00:00,1.65249740189455,1.9740675806783,1,5.22
2024-02-05 08:00:00,1.90954250488444,1.95343024630722,1,6.75
2024-02-05 09:00:00,1.69927861643389,1.81263265498665,1,5.47
2024-02-05 10:00:00,1.44456326924387,1.58069710050529,1,4.24
2024-02-05 11:00:00,1.32707500145992,1.31366626744428,1,3.77
2024-02-05 12:00:00,1.27815220250019,1.22883719830936,1,3.59
2024-02-05 13:00:00,1.29198368164865,1.2737158799026,1,3.64
2024-02-05 14:00:00,1.35325450704169,1.56927229032379,1,3.87
2024-02-05 15:00:00,1.6094379124341,1.90959830851512,1,5
2024-02-05 16:00:00,1.96711235670592,2.09994527621667,1,7.15
2024-02-05 17:00:00,2.60712428251225,2.2214814730729,1,13.56
2024-02-05 18:00:00,2.69124308278583,2.33095927933165,1,14.75
2024-02-05 19:00:00,2.53765721517353,2.32951928405167,1,12.65
2024-02-05 20:00:00,2.45100509811232,2.20885073831196,1,11.6
2024-02-05 21:00:00,2.34180580614733,2.05721855018515,1,10.4
2024-02-05 22:00:00,2.61958321977988,2.11486586582069,1,13.73
2024-02-05 23:00:00,2.55489902160804,2.00492717102231,1,12.87
2024-02-06,2.44321622273379,1.97508547774522,1,11.51
2024-02-06 01:00:00,2.32336763217657,2.44139630284448,1,10.21
2024-02-06 02:00:00,2.32336763217657,2.36896079946929,1,10.21
2024-02-06 03:00:00,2.03731661537916,2.20517188866564,1,7.67
2024-02-06 04:00:00,1.78002421300963,2.1003681597974,1,5.93
2024-02-06 05:00:00,1.75958057086382,2.20752613678473,1,5.81
2024-02-06 06:00:00,1.76473079684014,2.12443881385359,1,5.84
2024-02-06 07:00:00,2.15059873599616,2.18604160505319,1,8.59
2024-02-06 08:00:00,1.8961194845523,2.11062746288299,1,6.66
2024-02-06 09:00:00,1.8484548129046,1.97441369603848,1,6.35
2024-02-06 10:00:00,1.93730177451871,1.74611182757579,1,6.94
2024-02-06 11:00:00,2.06939120582633,1.71551746341288,1,7.92
2024-02-06 12:00:00,2.28340227357727,1.78284865467814,1,9.81
2024-02-06 13:00:00,1.75785791755237,1.74358023373277,1,5.8
2024-02-06 14:00:00,2.07693841146172,2.19242496647215,1,7.98
2024-02-06 15:00:00,2.10291389786498,2.28989052388509,1,8.19
2024-02-06 16:00:00,2.1621729392773,2.42712211785549,1,8.69
2024-02-06 17:00:00,2.37861977927004,2.34810302384615,1,10.79
2024-02-06 18:00:00,2.2364452904895,2.42987445155343,1,9.36
2024-02-06 19:00:00,1.98100146886658,2.17046776457121,1,7.25
2024-02-06 20:00:00,2.18492704952581,2.03821846800954,1,8.89
2024-02-06 21:00:00,2.21484617868604,1.91645197863888,1,9.16
2024-02-06 22:00:00,2.19833507162025,1.92333694994907,1,9.01
2024-02-06 23:00:00,2.04510886259933,1.95798489695819,1,7.73
2024-02-07,2.02814824729229,1.99091525219314,1,7.6
2024-02-07 01:00:00,2.04898233419513,1.92399180095321,1,7.76
2024-02-07 02:00:00,1.9139771019523,1.81607139044519,1,6.78
2024-02-07 03:00:00,1.90657514365664,1.83261412519626,1,6.73
2024-02-07 04:00:00,1.92424865227413,1.61943910328661,1,6.85
2024-02-07 05:00:00,2.18941639488841,1.71348880011082,1,8.93
2024-02-07 06:00:00,2.33020026002702,1.85180252099117,1,10.28
2024-02-07 07:00:00,2.54317555791198,1.8934301336502,1,12.72
2024-02-07 08:00:00,2.62611681833952,2.05544676885124,1,13.82
2024-02-07 09:00:00,2.6049094421827,1.91855588007042,1,13.53
2024-02-07 10:00:00,2.48906465993666,1.81610899412379,1,12.05
2024-02-07 11:00:00,2.57031952763613,2.35570635921898,1,13.07
2024-02-07 12:00:00,2.53844741671603,2.23033272016886,1,12.66
2024-02-07 13:00:00,2.48740352998659,2.48877342825425,1,12.03
2024-02-07 14:00:00,2.35327820730956,2.55661382733356,1,10.52
2024-02-07 15:00:00,2.83144707924613,2.8502145403408,1,16.97
2024-02-07 16:00:00,2.79667139275574,3.14577820828423,1,16.39
2024-02-07 17:00:00,2.65745841498615,3.00923314604268,1,14.26
2024-02-07 18:00:00,2.56571829252441,3.10723992304414,1,13.01
2024-02-07 19:00:00,2.37211115564266,3.12954971306521,1,10.72
2024-02-07 20:00:00,2.51930807650533,2.90574291808633,1,12.42
2024-02-07 21:00:00,2.59151638484626,2.95461925511968,1,13.35
2024-02-07 22:00:00,2.73631366637507,3.16010177297573,1,15.43
2024-02-07 23:00:00,2.70537997254633,3.07195797136872,1,14.96
2024-02-08,2.61006979274201,2.95401601801436,1,13.6
2024-02-08 01:00:00,2.56417983068251,2.87761304002811,1,12.99
2024-02-08 02:00:00,2.30158459266046,2.86100083643653,1,9.99
2024-02-08 03:00:00,2.38600670113312,2.88638058925603,1,10.87
2024-02-08 04:00:00,2.43273577745909,2.99434909548799,1,11.39
2024-02-08 05:00:00,2.87919845729804,3.12130154667364,1,17.8
2024-02-08 06:00:00,3.23789383070396,3.13174657287858,1,25.48
2024-02-08 07:00:00,3.24337329646859,3.20575777737306,1,25.62
2024-02-08 08:00:00,3.14587493198371,3.17166178054309,1,23.24
2024-02-08 09:00:00,3.19622113430339,3.04257538059965,1,24.44
2024-02-08 10:00:00,3.05494413318584,2.9056372164743,1,21.22
2024-02-08 11:00:00,2.88814706287405,2.78323498689689,1,17.96
2024-02-08 12:00:00,2.70068984669592,2.8017614989069,1,14.89
2024-02-08 13:00:00,2.46300181439995,2.7813081286941,1,11.74
2024-02-08 14:00:00,2.94864066602014,3.06106389893675,1,19.08
2024-02-08 15:00:00,2.72915916431245,3.30191067401872,1,15.32
2024-02-08 16:00:00,3.08145114895653,3.51625649662753,1,21.79
2024-02-08 17:00:00,2.96836107675786,3.55147180864723,1,19.46
2024-02-08 18:00:00,3.27336401015227,3.51240021016625,1,26.4
2024-02-08 19:00:00,3.26766598903763,3.43828162823415,1,26.25
2024-02-08 20:00:00,3.27714473299218,3.39827857939988,1,26.5
2024-02-08 21:00:00,2.7948393311746,3.30350512927588,1,16.36
2024-02-08 22:00:00,2.89480635496403,3.17665475855183,1,18.08
2024-02-08 23:00:00,2.73371794785079,3.04490639095783,1,15.39
2024-02-09,2.55022611590864,3.00349024354761,1,12.81
2024-02-09 01:00:00,2.59151638484626,2.91933747633039,1,13.35
2024-02-09 02:00:00,2.91071889922703,2.84281193688452,1,18.37
2024-02-09 03:00:00,3.14372115126744,2.83446545294468,1,23.19
2024-02-09 04:00:00,3.05635689537043,2.88772766004735,1,21.25
2024-02-09 05:00:00,3.26956893918372,3.02746928540722,1,26.3
2024-02-09 06:00:00,3.52606636370802,3.15309698887857,1,33.99
2024-02-09 07:00:00,3.44839898314645,3.19562430360026,1,31.45
2024-02-09 08:00:00,3.6246075640938,3.11421153217596,1,37.51
2024-02-09 09:00:00,3.42718996193641,2.95138990495522,1,30.79
2024-02-09 10:00:00,3.5562048372094,2.86589537422186,1,35.03
2024-02-09 11:00:00,3.3579418729912,2.77285436811091,1,28.73
2024-02-09 12:00:00,3.2846635654062,2.67100165298959,1,26.7
2024-02-09 13:00:00,3.38878736158547,2.78211217433299,1,29.63
2024-02-09 14:00:00,3.23946245847659,2.73013582978285,1,25.52
2024-02-09 15:00:00,3.30615383297526,2.89106980089991,1,27.28
2024-02-09 16:00:00,3.60685561863535,3.14564722824341,1,36.85
2024-02-09 17:00:00,3.48185528467961,3.2039128500489,1,32.52
2024-02-09 18:00:00,3.3779287547228,3.10807541864149,1,29.31
2024-02-09 19:00:00,3.5266545990191,3.26386708221861,1,34.01
2024-02-09 20:00:00,3.2414197893031,3.18864338628348,1,25.57
2024-02-09 21:00:00,3.42881254869513,3.13117761619493,1,30.84
2024-02-09 22:00:00,3.30027146307219,3.09848149565391,1,27.12
2024-02-09 23:00:00,3.27032910645712,2.9678555622591,1,26.32
2024-02-10,3.27298515051523,2.74759827184057,1,26.39
2024-02-10 01:00:00,3.15188095604392,2.70057454270961,1,23.38
2024-02-10 02:00:00,3.16039889510922,2.73280496772106,1,23.58
2024-02-10 03:00:00,3.06712226964066,2.74987508975555,1,21.48
2024-02-10 04:00:00,3.15700042115011,2.75796226433133,1,23.5
2024-02-10 05:00:00,3.09376601382536,2.81424375554459,1,22.06
2024-02-10 06:00:00,2.74148497718845,2.85415650244643,1,15.51
2024-02-10 07:00:00,3.13505933877509,2.83194385136136,1,22.99
2024-02-10 08:00:00,3.11971825333498,2.85330698454604,1,22.64
2024-02-10 09:00:00,2.45272775142377,2.71594252939974,1,11.62
2024-02-10 10:00:00,1.63899671467564,2.47077732803103,1,5.15
2024-02-10 11:00:00,1.51072193949494,2.23206853004677,1,4.53
2024-02-10 12:00:00,1.41098697371026,2.26350560740666,1,4.1
2024-02-10 13:00:00,1.59736533119983,2.40524204964885,1,4.94
2024-02-10 14:00:00,1.47932922708708,2.62755836076321,1,4.39
2024-02-10 15:00:00,1.81482474215905,2.72877740876754,1,6.14
2024-02-10 16:00:00,2.28645571106416,2.85078564460972,1,9.84
2024-02-10 17:00:00,2.80699014895711,2.8357515164902,1,16.56
2024-02-10 18:00:00,2.9912221180761,3.07646930290616,1,19.91
2024-02-10 19:00:00,2.92584614608982,2.97918855533575,1,18.65
2024-02-10 20:00:00,2.68375750853317,2.95386536267453,1,14.64
2024-02-10 21:00:00,2.79177841663292,2.94037774902177,1,16.31
2024-02-10 22:00:00,3.06851794327964,2.86765252946253,1,21.51
2024-02-10 23:00:00,2.48657192910706,2.68031308742479,1,12.02
2024-02-11,2.55877649835446,2.819625394215,1,12.92
2024-02-11 01:00:00,2.32042501112238,2.73047948572985,1,10.18
2024-02-11 02:00:00,2.2690283094652,2.69683318656595,1,9.67
2024-02-11 03:00:00,2.25758772706331,2.70727518506247,1,9.56
2024-02-11 04:00:00,2.56032328907275,2.75168951695138,1,12.94
2024-02-11 05:00:00,2.52172062291072,2.78109482406855,1,12.45
2024-02-11 06:00:00,2.63762773680566,2.55080048047856,1,13.98
2024-02-11 07:00:00,2.31154483436552,2.83117920182037,1,10.09
2024-02-11 08:00:00,3.01258939062041,2.85221782797897,1,20.34
2024-02-11 09:00:00,3.16124671203156,2.7771685057478,1,23.6
2024-02-11 10:00:00,2.2690283094652,2.63029814727544,1,9.67
2024-02-11 11:00:00,2.2523438765573,2.38927410693276,1,9.51
2024-02-11 12:00:00,2.05284085988266,2.29367082812227,1,7.79
2024-02-11 13:00:00,2.32336763217657,2.51283744084501,1,10.21
2024-02-11 14:00:00,2.28136145654242,2.75496059586121,1,9.79
2024-02-11 15:00:00,2.52252351335931,3.11468393315219,1,12.46
2024-02-11 16:00:00,2.33601986908028,3.0538017615181,1,10.34
2024-02-11 17:00:00,2.05668455455722,3.06822335278801,1,7.82
2024-02-11 18:00:00,2.07065303564676,3.02639878895937,1,7.93
2024-02-11 19:00:00,1.78339121955754,2.95161137230609,1,5.95
2024-02-11 20:00:00,1.81645208181843,2.98633434342115,1,6.15
2024-02-11 21:00:00,1.8531680973567,2.96096442055308,1,6.38
2024-02-11 22:00:00,2.04769284336526,2.95601173770754,1,7.75
2024-02-11 23:00:00,1.92424865227413,2.82184772559439,1,6.85
2024-02-12,1.95160817016995,2.67723615941417,1,7.04
2024-02-12 01:00:00,1.90954250488444,2.6782166172895,1,6.75
2024-02-12 02:00:00,1.87946504964716,2.65458978733623,1,6.55
2024-02-12 03:00:00,1.83258146374831,2.56661968781656,1,6.25
2024-02-12 04:00:00,1.91250108692418,2.62063380228506,1,6.77
2024-02-12 05:00:00,2.03339760317843,2.7016982942654,1,7.64
2024-02-12 06:00:00,2.22245904851476,2.80126623253635,1,9.23
2024-02-12 07:00:00,2.31648799816304,2.89526150415723,1,10.14
2024-02-12 08:00:00,2.21156569460688,2.69972540955543,1,9.13
2024-02-12 09:00:00,2.06432790386979,2.27368746722145,1,7.88
2024-02-12 10:00:00,1.61342993370364,2.12715303511224,1,5.02
2024-02-12 11:00:00,1.58923520511658,2.13190157717773,1,4.9
2024-02-12 12:00:00,1.56861591791385,2.10004195637867,1,4.8
2024-02-12 13:00:00,1.51072193949494,2.17473640922034,1,4.53
2024-02-12 14:00:00,2.36273901581379,2.3748400069935,1,10.62
2024-02-12 15:00:00,2.278292400425,2.63910108905409,1,9.76
2024-02-12 16:00:00,3.04356960296815,3.04030766115168,1,20.98
2024-02-12 17:00:00,2.83321334405622,3.02292707434721,1,17
2024-02-12 18:00:00,2.57413778351594,3.02511467777892,1,13.12
2024-02-12 19:00:00,2.69799986524871,2.90781982299257,1,14.85
2024-02-12 20:00:00,2.61447185414264,2.89815203277626,1,13.66
2024-02-12 21:00:00,2.72523502585631,2.99476865284096,1,15.26
2024-02-12 22:00:00,2.73436750941958,2.8747858505906,1,15.4
2024-02-12 23:00:00,2.58475198475772,2.72057717642601,1,13.26
2024-02-13,2.43886271128659,2.78982536918083,1,11.46
2024-02-13 01:00:00,2.03992078351755,2.26200441779491,1,7.69
2024-02-13 02:00:00,2.13179677201376,2.52121585498957,1,8.43
2024-02-13 03:00:00,2.2364452904895,2.63931563400707,1,9.36
2024-02-13 04:00:00,2.05027016437956,2.33296980425184,1,7.77
2024-02-13 05:00:00,2.06051353179432,2.36563178113046,1,7.85
2024-02-13 06:00:00,2.29455292129678,2.57854894999775,1,9.92
2024-02-13 07:00:00,2.49732916978656,2.62298292882637,1,12.15
2024-02-13 08:00:00,2.6217658325052,2.52092208026329,1,13.76
2024-02-13 09:00:00,1.79009141212736,2.35902908233018,1,5.99
2024-02-13 10:00:00,1.63119940421561,2.0574105749888,1,5.11
2024-02-13 11:00:00,1.4655675420144,1.88480645187561,1,4.33
2024-02-13 12:00:00,1.37624402526639,1.88086226515065,1,3.96
2024-02-13 13:00:00,1.4036429994545,1.84815813029261,1,4.07
2024-02-13 14:00:00,1.88555334851442,2.06785512507209,1,6.59
2024-02-13 15:00:00,2.2213750375685,2.31860582006076,1,9.22
2024-02-13 16:00:00,2.2690283094652,2.63623080876043,1,9.67
2024-02-13 17:00:00,2.94338579318178,2.84881412518818,1,18.98
2024-02-13 18:00:00,3.3083508312958,3.11037406496502,1,27.34
2024-02-13 19:00:00,3.40153065945228,3.01499140010463,1,30.01
2024-02-13 20:00:00,3.13418901670101,3.13586713486765,1,22.97
2024-02-13 21:00:00,3.36349551447814,3.11547563225217,1,28.89
2024-02-13 22:00:00,2.76568998054862,3.02853273130817,1,15.89
2024-02-13 23:00:00,2.64119789411437,3.02562660936819,1,14.03
2024-02-14,2.5360749363624,2.88341035019713,1,12.63
2024-02-14 01:00:00,2.66025953726586,2.84763374215101,1,14.3
2024-02-14 02:00:00,3.10503500844444,2.75495932830284,1,22.31
2024-02-14 03:00:00,3.35933317756346,2.82910256566079,1,28.77
2024-02-14 04:00:00,3.39249294103201,2.89538659292153,1,29.74
2024-02-14 05:00:00,3.3686741899566,3.04964303853158,1,29.04
2024-02-14 06:00:00,3.47444784340175,3.11620514343571,1,32.28
2024-02-14 07:00:00,3.55105313720653,3.14526849873932,1,34.85
2024-02-14 08:00:00,3.43269604872153,3.07469813273591,1,30.96
2024-02-14 09:00:00,3.03783344957263,2.79953022590906,1,20.86
2024-02-14 10:00:00,2.77944019718888,2.31956219510743,1,16.11
2024-02-14 11:00:00,2.25967759198277,2.10355347627255,1,9.58
2024-02-14 12:00:00,2.25967759198277,2.10858546951716,1,9.58
2024-02-14 13:00:00,2.79910893204918,2.25047569441128,1,16.43
2024-02-14 14:00:00,2.73111547403321,2.36829402346719,1,15.35
2024-02-14 15:00:00,2.31944221006047,2.51184613937088,1,10.17
2024-02-14 16:00:00,2.54317555791198,2.69623771392165,1,12.72
2024-02-14 17:00:00,2.5687881337687,2.7582599412721,1,13.05
2024-02-14 18:00:00,2.74727091425549,2.84332603502965,1,15.6
2024-02-14 19:00:00,2.64048488160644,2.74333849230657,1,14.02
2024-02-14 20:00:00,2.8541687092322,2.82795134870719,1,17.36
2024-02-14 21:00:00,2.97603964020825,2.81144632633956,1,19.61
2024-02-14 22:00:00,2.58173083442354,2.78341684781874,1,13.22
2024-02-14 23:00:00,2.4782176616372,2.67920093074372,1,11.92
2024-02-15,2.73631366637507,2.58395699503595,1,15.43
2024-02-15 01:00:00,3.3017453026905,2.60089816185811,1,27.16
2024-02-15 02:00:00,3.24454357161678,2.64447065120205,1,25.65
2024-02-15 03:00:00,3.03879176301444,2.63626662888131,1,20.88
2024-02-15 04:00:00,2.99322914333587,2.66519670537307,1,19.95
2024-02-15 05:00:00,3.01602497682175,2.78847389276828,1,20.41
2024-02-15 06:00:00,3.11750733047991,2.8273791715427,1,22.59
2024-02-15 07:00:00,3.06058324587361,2.95652244084368,1,21.34
2024-02-15 08:00:00,3.09557760852371,2.86045415806164,1,22.1
2024-02-15 09:00:00,3.0996417369445,2.60942048456379,1,22.19
2024-02-15 10:00:00,2.89811944468699,2.3898752019041,1,18.14
2024-02-15 11:00:00,2.62828523263335,2.17460848781913,1,13.85
2024-02-15 12:00:00,1.92424865227413,2.0474578735082,1,6.85
2024-02-15 13:00:00,1.80335860507141,2.15835366945052,1,6.07
2024-02-15 14:00:00,1.80005827204275,2.25275153269174,1,6.05
2024-02-15 15:00:00,2.72915916431245,2.55171710157029,1,15.32
2024-02-15 16:00:00,2.91831112658541,2.76181658487199,1,18.51
2024-02-15 17:00:00,3.32719196835166,2.98128587198765,1,27.86
2024-02-15 18:00:00,3.50945370043201,3.11738738598057,1,33.43
2024-02-15 19:00:00,3.48798651173455,3.05015868143894,1,32.72
2024-02-15 20:00:00,3.32467624375441,2.98196836632858,1,27.79
2024-02-15 21:00:00,3.14372115126744,2.93516981799877,1,23.19
2024-02-15 22:00:00,3.00518743232475,2.9067774643148,1,20.19
2024-02-15 23:00:00,3.0750054544485,2.73458411239432,1,21.65
2024-02-16,2.88424189752063,2.70008265354462,1,17.89
2024-02-16 01:00:00,2.61520365073586,2.68594153820147,1,13.67
2024-02-16 02:00:00,2.55100645149252,2.61301520068931,1,12.82
2024-02-16 03:00:00,2.67276838695757,2.63305635167932,1,14.48
2024-02-16 04:00:00,2.67690347210537,2.64363089963352,1,14.54
2024-02-16 05:00:00,2.63476240533238,2.70908819973243,1,13.94
2024-02-16 06:00:00,2.03992078351755,2.8034414982848,1,7.69
2024-02-16 07:00:00,1.83736998048011,2.73496542689096,1,6.28
2024-02-16 08:00:00,1.68082790852077,2.67549158420695,1,5.37
2024-02-16 09:00:00,1.44220199305819,2.24374760600314,1,4.23
2024-02-16 10:00:00,1.47704872438835,2.21282180668384,1,4.38
2024-02-16 11:00:00,1.47704872438835,2.23930211105772,1,4.38
2024-02-16 12:00:00,1.68268837417369,2.23053282833803,1,5.38
2024-02-16 13:00:00,2.46640317822344,2.38799182203629,1,11.78
2024-02-16 14:00:00,2.38416507998647,2.60667127604559,1,10.85
2024-02-16 15:00:00,2.57031952763613,2.70506673464244,1,13.07
2024-02-16 16:00:00,2.83907846350861,2.91877122065324,1,17.1
2024-02-16 17:00:00,3.299164656097,3.10690795232529,1,27.09
2024-02-16 18:00:00,3.25308399619794,3.18298786079256,1,25.87
2024-02-16 19:00:00,3.09874002362822,3.06755979097763,1,22.17
2024-02-16 20:00:00,2.80578168959555,2.91006463352261,1,16.54
2024-02-16 21:00:00,2.66930937278578,2.8210365089797,1,14.43
2024-02-16 22:00:00,2.59674613154354,2.84096637603686,1,13.42
2024-02-16 23:00:00,2.71336936257981,2.76885003718383,1,15.08
2024-02-17,2.77633170851862,2.71178917353296,1,16.06
2024-02-17 01:00:00,2.72785282839839,2.73765328201559,1,15.3
2024-02-17 02:00:00,3.02383370366487,2.8042361403078,1,20.57
2024-02-17 03:00:00,2.97960289162411,2.62356478015219,1,19.68
2024-02-17 04:00:00,2.94759189822606,2.65730842948203,1,19.06
2024-02-17 05:00:00,2.79910893204918,2.82362310567282,1,16.43
2024-02-17 06:00:00,2.85070650150373,2.68616550518237,1,17.3
2024-02-17 07:00:00,2.53765721517353,2.68569035844005,1,12.65
2024-02-17 08:00:00,2.65112705370259,2.64487199675794,1,14.17
2024-02-17 09:00:00,2.12465388450138,2.37861469613828,1,8.37
2024-02-17 10:00:00,1.41585316336144,2.04591345186852,1,4.12
2024-02-17 11:00:00,1.17557332980424,1.78184743822283,1,3.24
2024-02-17 12:00:00,1.18478998490916,1.53938877961699,1,3.27
2024-02-17 13:00:00,1.28647402583768,1.80136621144606,1,3.62
2024-02-17 14:00:00,1.57484646766448,2.12921474860952,1,4.83
2024-02-17 15:00:00,2.09309786812732,2.4043551179758,1,8.11
2024-02-17 16:00:00,2.65535241210176,2.61982703894046,1,14.23
2024-02-17 17:00:00,2.58021682959233,2.70250024139893,1,13.2
2024-02-17 18:00:00,3.03879176301444,2.86531169751792,1,20.88
2024-02-17 19:00:00,2.6440448711263,2.81898604521719,1,14.07
2024-02-17 20:00:00,2.86562358820697,2.56240116579287,1,17.56
2024-02-17 21:00:00,2.81720351499873,2.73079258370758,1,16.73
2024-02-17 22:00:00,2.929058140286,2.69090357810798,1,18.71
2024-02-17 23:00:00,3.04879899449068,2.65129881647998,1,21.09
2024-02-18,2.63619609733423,2.5556573343637,1,13.96
2024-02-18 01:00:00,2.61080481666337,2.45585375461413,1,13.61
2024-02-18 02:00:00,2.85991255041146,2.6207130751862,1,17.46
2024-02-18 03:00:00,2.52972066557779,2.4886481909742,1,12.55
2024-02-18 04:00:00,2.45702144629846,2.59959945779168,1,11.67
2024-02-18 05:00:00,2.35707327827812,2.7747345860505,1,10.56
2024-02-18 06:00:00,2.46979301197795,2.91432815277006,1,11.82
2024-02-18 07:00:00,2.49568172295596,2.957808433981,1,12.13
2024-02-18 08:00:00,2.96010509591084,2.63463104485136,1,19.3
2024-02-18 09:00:00,2.54709867004445,2.36717963837192,1,12.77
2024-02-18 10:00:00,1.79009141212736,2.07366822592228,1,5.99
2024-02-18 11:00:00,1.7732559976635,1.88482981392348,1,5.89
2024-02-18 12:00:00,1.44456326924387,1.93652757561658,1,4.24
2024-02-18 13:00:00,1.44691898293633,2.04567816299973,1,4.25
2024-02-18 14:00:00,1.35840915763035,2.05386599999397,1,3.89
2024-02-18 15:00:00,1.63119940421561,2.36173909064036,1,5.11
2024-02-18 16:00:00,2.50225528812261,2.48367916151742,1,12.21
2024-02-18 17:00:00,2.36930872503695,2.31609832035401,1,10.69
2024-02-18 18:00:00,2.39516427428714,2.43444835291207,1,10.97
2024-02-18 19:00:00,2.70203212877665,2.52640334051405,1,14.91
2024-02-18 20:00:00,3.16209381076922,2.52182112712126,1,23.62
2024-02-18 21:00:00,3.3017453026905,2.79815348593654,1,27.16
2024-02-18 22:00:00,3.04356960296815,2.72570821299399,1,20.98
2024-02-18 23:00:00,2.62900699376176,2.72437060672228,1,13.86
2024-02-19,2.60120710548416,2.54638320686899,1,13.48
2024-02-19 01:00:00,2.38139627341834,2.32593288321194,1,10.82
2024-02-19 02:00:00,2.12942147398486,2.0820901445389,1,8.41
2024-02-19 03:00:00,1.95302761682418,1.96931266120367,1,7.05
2024-02-19 04:00:00,1.93585981320181,1.9924228973918,1,6.93
2024-02-19 05:00:00,1.99741770620125,2.24971994795338,1,7.37
2024-02-19 06:00:00,1.91839212016142,2.26892782025529,1,6.81
2024-02-19 07:00:00,2.31253542384721,2.41055420593435,1,10.1
2024-02-19 08:00:00,2.4466854369678,2.4432896226179,1,11.55
2024-02-19 09:00:00,2.19499988231411,2.03983186713055,1,8.98
2024-02-19 10:00:00,1.63119940421561,1.68305365971947,1,5.11
2024-02-19 11:00:00,1.51732262352629,1.6252744911801,1,4.56
2024-02-19 12:00:00,1.69561560867515,1.40430255448267,1,5.45
2024-02-19 13:00:00,1.52822785700856,1.5586806263827,1,4.61
2024-02-19 14:00:00,1.80170980008122,1.77680325171944,1,6.06
2024-02-19 15:00:00,1.84371920815877,1.83022938876986,1,6.32
2024-02-19 16:00:00,2.28848616861454,2.30603108931183,1,9.86
2024-02-19 17:00:00,2.85532011983725,2.839691719508,1,17.38
2024-02-19 18:00:00,2.64333388638252,2.81301927935991,1,14.06
2024-02-19 19:00:00,2.46470394247048,2.78556824255284,1,11.76
2024-02-19 20:00:00,3.09557760852371,2.51610528919943,1,22.1
2024-02-19 21:00:00,2.2554934854602,2.62874626275475,1,9.54
2024-02-19 22:00:00,2.23108909128898,2.56632773127924,1,9.31
2024-02-19 23:00:00,2.23857976301813,2.43267747425121,1,9.38
2024-02-20,2.24389609664537,2.40250278083348,1,9.43
2024-02-20 01:00:00,2.1770218700187,2.34254056985691,1,8.82
2024-02-20 02:00:00,2.16791018966744,2.26597610223718,1,8.74
2024-02-20 03:00:00,2.15986879079245,2.28950606494031,1,8.67
2024-02-20 04:00:00,2.25967759198277,2.41833425799143,1,9.58
2024-02-20 05:00:00,2.43886271128659,2.47080486292889,1,11.46
2024-02-20 06:00:00,2.57718192589717,2.42347862369223,1,13.16
2024-02-20 07:00:00,2.67000213346468,2.6103135701549,1,14.44
2024-02-20 08:00:00,2.27624111765444,2.41518524034854,1,9.74
2024-02-20 09:00:00,1.79009141212736,2.18317756317174,1,5.99
2024-02-20 10:00:00,1.74919985480926,1.86740750976868,1,5.75
2024-02-20 11:00:00,1.870262530716,1.7522738555978,1,6.49
2024-02-20 12:00:00,1.70656462316482,1.75568332518583,1,5.51
2024-02-20 13:00:00,1.75267208052001,1.82536087253284,1,5.77
2024-02-20 14:00:00,1.96150224381515,2.01496566350424,1,7.11
2024-02-20 15:00:00,2.08442908319087,2.40115045829436,1,8.04
2024-02-20 16:00:00,2.18380155700408,2.57188806863671,1,8.88
2024-02-20 17:00:00,2.63905732961526,2.79911577530732,1,14
2024-02-20 18:00:00,2.48740352998659,2.79195246897288,1,12.03
2024-02-20 19:00:00,2.35232718488886,2.77180951677934,1,10.51
2024-02-20 20:00:00,2.3767644911683,2.60685735108228,1,10.77
2024-02-20 21:00:00,2.35612585992208,2.59331338443684,1,10.55
2024-02-20 22:00:00,2.2213750375685,2.47898295212524,1,9.22
2024-02-20 23:00:00,2.15871472257434,2.39255917493383,1,8.66
2024-02-21,2.20937271127187,2.30863857705454,1,9.11
2024-02-21 01:00:00,2.27418561847235,2.23546061185082,1,9.72
2024-02-21 02:00:00,2.30956070673047,2.28941439830303,1,10.07
2024-02-21 03:00:00,2.30757263450508,2.28657772673441,1,10.05
2024-02-21 04:00:00,2.33795223683134,2.34170342298249,1,10.36
2024-02-21 05:00:00,2.38600670113312,2.44518112189064,1,10.87
2024-02-21 06:00:00,2.36179695262589,2.45223394898293,1,10.61
2024-02-21 07:00:00,2.36179695262589,2.5309340465984,1,10.61
2024-02-21 08:00:00,2.29857707159651,2.38042858279306,1,9.96
2024-02-21 09:00:00,2.09556092355972,2.23611241838793,1,8.13
2024-02-21 10:00:00,1.73342389221509,1.78980666913002,1,5.66
2024-02-21 11:00:00,1.44220199305819,1.60212707546995,1,4.23
2024-02-21 12:00:00,1.1999647829284,1.42945386589448,1,3.32
2024-02-21 13:00:00,1.19392246847243,1.38926787890479,1,3.3
2024-02-21 14:00:00,1.51072193949494,1.72330798639142,1,4.53
2024-02-21 15:00:00,1.41342302850814,1.90263775025337,1,4.11
2024-02-21 16:00:00,1.51732262352629,2.10361587825573,1,4.56
2024-02-21 17:00:00,2.02683159140754,2.34743550404743,1,7.59
2024-02-21 18:00:00,2.70671597808907,2.72216448132701,1,14.98
2024-02-21 19:00:00,2.90635446240277,2.8543230680819,1,18.29
2024-02-21 20:00:00,3.27752202030093,2.85452692460853,1,26.51
2024-02-21 21:00:00,2.77695417974942,2.59533412136626,1,16.07
2024-02-21 22:00:00,2.43361335540045,2.48206058621016,1,11.4
2024-02-21 23:00:00,2.09924416897602,2.3732414525212,1,8.16
2024-02-22,2.05668455455722,2.20382514161463,1,7.82
2024-02-22 01:00:00,1.86562931779451,1.85738415386892,1,6.46
2024-02-22 02:00:00,1.7281094421516,1.78857753782424,1,5.63
2024-02-22 03:00:00,2.22354188565359,2.17201573341457,1,9.24
2024-02-22 04:00:00,2.5408142817263,1.78403522972025,1,12.69
2024-02-22 05:00:00,2.99872778253379,1.90930489164741,1,20.06
2024-02-22 06:00:00,3.0189603996732,1.99258433078062,1,20.47
2024-02-22 07:00:00,2.87919845729804,2.09744005249356,1,17.8
2024-02-22 08:00:00,2.69327491552006,1.98533805543429,1,14.78
2024-02-22 09:00:00,2.75684036527164,2.08802581201729,1,15.75
2024-02-22 10:00:00,2.51688969564105,2.01280348309921,1,12.39
2024-02-22 11:00:00,2.73696154459663,2.05301804306376,1,15.44
2024-02-22 12:00:00,2.46555392127219,2.14779904985341,1,11.77
2024-02-22 13:00:00,2.29152414563462,2.38622511244922,1,9.89
2024-02-22 14:00:00,2.04251818757524,2.10809540087196,1,7.71
2024-02-22 15:00:00,2.03077636969855,2.19615846683851,1,7.62
2024-02-22 16:00:00,2.02154756326093,2.0477389538591,1,7.55
2024-02-22 17:00:00,2.02946317187359,2.13139123942731,1,7.61
2024-02-22 18:00:00,2.10169215061466,2.19502326159203,1,8.18
2024-02-22 19:00:00,2.60638654732571,2.17279449689536,1,13.55
2024-02-22 20:00:00,2.32630161961136,1.92899722374342,1,10.24
2024-02-22 21:00:00,2.04510886259933,2.24136757605291,1,7.73
2024-02-22 22:00:00,2.02154756326093,2.28479354335075,1,7.55
2024-02-22 23:00:00,1.77155676191054,1.62192316321747,1,5.88
2024-02-23,1.81319474994812,1.38375278658663,1,6.13
2024-02-23 01:00:00,1.53471436623816,1.46708959874519,1,4.64
2024-02-23 02:00:00,1.27256559579155,1.64112403821809,1,3.57
2024-02-23 03:00:00,1.32707500145992,1.70409621272307,1,3.77
2024-02-23 04:00:00,1.35066718347674,1.78103277133085,1,3.86
2024-02-23 05:00:00,1.44220199305819,2.18792289353441,1,4.23
2024-02-23 06:00:00,1.47704872438835,2.24290165450466,1,4.38
2024-02-23 07:00:00,1.75267208052001,2.3424957996914,1,5.77
2024-02-23 08:00:00,2.16791018966744,2.26681487639889,1,8.74
2024-02-23 09:00:00,2.12942147398486,2.17376549590702,1,8.41
2024-02-23 10:00:00,1.83098018238134,1.86100363472824,1,6.24
2024-02-23 11:00:00,1.54968790802833,1.72623266220917,1,4.71
2024-02-23 12:00:00,1.61342993370364,1.81479610448493,1,5.02
2024-02-23 13:00:00,1.56653041142282,1.93958130601234,1,4.79
2024-02-23 14:00:00,1.86097453824953,2.05092616647239,1,6.43
2024-02-23 15:00:00,1.94017947434633,2.22404166557026,1,6.96
2024-02-23 16:00:00,2.24283508858827,2.51522239337943,1,9.42
2024-02-23 17:00:00,2.35517754311322,2.7951150231638,1,10.54
2024-02-23 18:00:00,2.60933422816305,3.0493832769835,1,13.59
2024-02-23 19:00:00,2.59151638484626,3.07948135044684,1,13.35
2024-02-23 20:00:00,2.57870052907436,2.99916195433498,1,13.18
2024-02-23 21:00:00,2.75874331541773,2.89954497352815,1,15.78
2024-02-23 22:00:00,2.75493378700106,2.92643401815639,1,15.72
2024-02-23 23:00:00,3.14544454678232,2.88860125965555,1,23.23
2024-02-24,2.62466859216316,2.70659972180915,1,13.8
2024-02-24 01:00:00,2.68170622576261,2.72600988053564,1,14.61
2024-02-24 02:00:00,2.76127496233951,2.79060012851063,1,15.82
2024-02-24 03:00:00,2.53844741671603,2.83914484078836,1,12.66
2024-02-24 04:00:00,2.48989419129904,2.84992232830573,1,12.06
2024-02-24 05:00:00,2.82731362192903,2.92149290939902,1,16.9
2024-02-24 06:00:00,2.68239045432163,3.0768442365134,1,14.62
2024-02-24 07:00:00,3.10995341764401,3.15454117553241,1,22.42
2024-02-24 08:00:00,3.35340671782581,2.62277189465623,1,28.6
2024-02-24 09:00:00,2.54396141256932,2.33745428716111,1,12.73
2024-02-24 10:00:00,1.80005827204275,2.00319988470211,1,6.05
2024-02-24 11:00:00,1.56024766824333,1.92294847322685,1,4.76
2024-02-24 12:00:00,1.53686721959926,2.04624345310281,1,4.65
2024-02-24 13:00:00,1.41827740697294,1.94308378865965,1,4.13
2024-02-24 14:00:00,1.34547236659964,1.97252585055183,1,3.84
2024-02-24 15:00:00,1.39376637595859,2.06563336049878,1,4.03
2024-02-24 16:00:00,1.73871024813824,2.43698639106126,1,5.69
2024-02-24 17:00:00,2.36085400111802,2.69788395064532,1,10.6
2024-02-24 18:00:00,3.04261585945284,3.08354875164916,1,20.96
2024-02-24 19:00:00,3.50224862573188,3.09062730573792,1,33.19
2024-02-24 20:00:00,3.60441029748749,3.1382822943034,1,36.76
2024-02-24 21:00:00,3.61145830714535,3.10311947342592,1,37.02
2024-02-24 22:00:00,3.64831784235781,3.02448434245983,1,38.41
2024-02-24 23:00:00,3.37039447250711,3.02642636397256,1,29.09
2024-02-25,3.65428800934432,2.8186368756206,1,38.64
2024-02-25 01:00:00,3.25540059955057,2.88646816071418,1,25.93
2024-02-25 02:00:00,2.81540871942271,2.84055160530946,1,16.7
2024-02-25 03:00:00,2.76631910922619,2.90729966578808,1,15.9
2024-02-25 04:00:00,2.67345875633259,2.92358894376037,1,14.49
2024-02-25 05:00:00,2.93332481342537,2.97536677071785,1,18.79
2024-02-25 06:00:00,2.93757335938046,2.98223471186045,1,18.87
2024-02-25 07:00:00,3.12895111734021,3.0280312874424,1,22.85
2024-02-25 08:00:00,3.00071981506503,2.90469514259331,1,20.1
2024-02-25 09:00:00,2.55489902160804,2.68589088968421,1,12.87
2024-02-25 10:00:00,1.880990602956,2.27098200487311,1,6.56
2024-02-25 11:00:00,2.70068984669592,2.23630374398419,1,14.89
2024-02-25 12:00:00,1.66581824587021,1.9874606337252,1,5.29
2024-02-25 13:00:00,1.12167756159911,1.8270870358882,1,3.07
2024-02-25 14:00:00,1.74571553072665,2.02485592240774,1,5.73
2024-02-25 15:00:00,2.23001440015921,2.26173983810213,1,9.3
2024-02-25 16:00:00,2.63188884013665,2.65250804352955,1,13.9
2024-02-25 17:00:00,2.84432781939476,2.6797706423139,1,17.19
2024-02-25 18:00:00,2.96424160646262,2.86543610559655,1,19.38
2024-02-25 19:00:00,2.8106067894273,2.65549321303326,1,16.62
2024-02-25 20:00:00,3.31382230217715,3.18407496370389,1,27.49
2024-02-25 21:00:00,3.26384919051093,3.2114098142743,1,26.15
2024-02-25 22:00:00,3.16251709119882,3.09275422667224,1,23.63
2024-02-25 23:00:00,2.93651291389402,2.92505140575698,1,18.85
2024-02-26,2.73436750941958,2.92777529299189,1,15.4
2024-02-26 01:00:00,2.47989410796446,2.92677915153636,1,11.94
2024-02-26 02:00:00,2.3823200610129,2.97941040877068,1,10.83
2024-02-26 03:00:00,2.35707327827812,2.8799326403826,1,10.56
2024-02-26 04:00:00,2.56109578814555,3.00125567786432,1,12.95
2024-02-26 05:00:00,3.21406426787098,3.13839102056397,1,24.88
2024-02-26 06:00:00,3.10368941505908,3.09622314098935,1,22.28
2024-02-26 07:00:00,3.0652583362026,3.26690151378207,1,21.44
2024-02-26 08:00:00,3.14156272176553,3.16820921215155,1,23.14
2024-02-26 09:00:00,3.29620716780452,3.03099125741008,1,27.01
2024-02-26 10:00:00,3.29472513715164,2.7967740278633,1,26.97
2024-02-26 11:00:00,3.22565280914722,2.58471692632451,1,25.17
2024-02-26 12:00:00,3.28391422104742,2.46531685679625,1,26.68
2024-02-26 13:00:00,2.55800220485855,2.48906291937414,1,12.91
2024-02-26 14:00:00,2.51608226725645,2.61639584820628,1,12.38
2024-02-26 15:00:00,2.72654478373837,2.76801562465406,1,15.28
2024-02-26 16:00:00,2.63547950826737,3.00869355218839,1,13.95
2024-02-26 17:00:00,3.17722014959937,3.05616638608163,1,23.98
2024-02-26 18:00:00,3.17136484219715,3.19901579680829,1,23.84
2024-02-26 19:00:00,3.08236858021354,3.13544872830943,1,21.81
2024-02-26 20:00:00,2.71071331852169,3.07860202439674,1,15.04
2024-02-26 21:00:00,2.77944019718888,3.05337214578902,1,16.11
2024-02-26 22:00:00,2.63116915676625,3.08193612468725,1,13.89
2024-02-26 23:00:00,2.58851563240702,3.03737627195073,1,13.31
2024-02-27,2.68920711330073,2.95445822063459,1,14.72
2024-02-27 01:00:00,2.61520365073586,2.92208869057427,1,13.67
2024-02-27 02:00:00,2.39971180372477,2.9157922766547,1,11.02
2024-02-27 03:00:00,2.55334381134123,2.90088767349582,1,12.85
2024-02-27 04:00:00,2.76883167336207,2.8428997247867,1,15.94
2024-02-27 05:00:00,2.98264703400534,3.03402903231156,1,19.74
2024-02-27 06:00:00,3.04974686186023,3.05952898897601,1,21.11
2024-02-27 07:00:00,3.15316328150282,3.11712716132937,1,23.41
2024-02-27 08:00:00,3.27184770963431,3.04413385327203,1,26.36
2024-02-27 09:00:00,3.26116873705845,2.78403383660004,1,26.08
2024-02-27 10:00:00,2.07191327525904,2.41383381270799,1,7.94
2024-02-27 11:00:00,1.47017584510059,1.9913393175804,1,4.35
2024-02-27 12:00:00,1.39871688111845,1.67664030040499,1,4.05
2024-02-27 13:00:00,1.49290409617815,1.90196583722066,1,4.45
2024-02-27 14:00:00,1.91250108692418,1.89616835684345,1,6.77
2024-02-27 15:00:00,2.34084380511114,2.10259236862365,1,10.39
2024-02-27 16:00:00,2.50878592357794,2.40754475556453,1,12.29
2024-02-27 17:00:00,2.98568193770049,2.4972466522217,1,19.8
2024-02-27 18:00:00,3.06572464537403,2.66372265249715,1,21.45
2024-02-27 19:00:00,2.88200350822565,2.66784607565304,1,17.85
2024-02-27 20:00:00,2.86676189225703,2.59813288389831,1,17.58
2024-02-27 21:00:00,2.74406063862524,2.77106981193622,1,15.55
2024-02-27 22:00:00,2.4923786646267,2.37225493485245,1,12.09
2024-02-27 23:00:00,2.45873377548398,2.70194164253451,1,11.69
2024-02-28,2.41412646772695,2.62333646778214,1,11.18
2024-02-28 01:00:00,2.37024374146786,2.4224919410632,1,10.7
2024-02-28 02:00:00,2.26176309847379,2.35198587914741,1,9.6
2024-02-28 03:00:00,2.23323501485925,2.38338353049771,1,9.33
2024-02-28 04:00:00,2.13653050866396,2.57848078568963,1,8.47
2024-02-28 05:00:00,2.74534598584591,2.73943148927962,1,15.57
2024-02-28 06:00:00,3.10458667846607,2.82546165854186,1,22.3
2024-02-28 07:00:00,2.85532011983725,2.83575904383822,1,17.38
2024-02-28 08:00:00,2.36085400111802,2.64279338073768,1,10.6
2024-02-28 09:00:00,1.79342474854712,2.31337106069146,1,6.01
2024-02-28 10:00:00,1.84054963339749,2.28820666418046,1,6.3
2024-02-28 11:00:00,1.74745921033147,2.31049554882381,1,5.74
2024-02-28 12:00:00,1.8213182714696,2.07379291815852,1,6.18
2024-02-28 13:00:00,1.50629715351459,1.95028122016031,1,4.51
2024-02-28 14:00:00,1.53255686809814,2.1321780285351,1,4.63
2024-02-28 15:00:00,1.93730177451871,2.3244038146819,1,6.94
2024-02-28 16:00:00,2.45787797740008,2.30999989865917,1,11.68
2024-02-28 17:00:00,3.04309284491383,2.68353141807484,1,20.97
2024-02-28 18:00:00,3.28316431475056,3.10839427840023,1,26.66
2024-02-28 19:00:00,3.11307076597122,3.11351720477742,1,22.49
2024-02-28 20:00:00,3.00469201492546,3.00267815113501,1,20.18
2024-02-28 21:00:00,3.09602999486936,3.08961041181788,1,22.11
2024-02-28 22:00:00,3.00071981506503,3.03349251565046,1,20.1
2024-02-28 23:00:00,2.84839168565528,3.00910728892733,1,17.26
2024-02-29,2.53051716104005,2.90960685103811,1,12.56
2024-02-29 03:00:00,3.02529107579554,2.82745366420079,1,20.6
2024-02-29 04:00:00,2.92208573338569,2.8937978374945,1,18.58
2024-02-29 05:00:00,3.17596832385692,2.96168370392806,1,23.95
2024-02-29 06:00:00,3.13462427242061,2.99837103519709,1,22.98
2024-02-29 07:00:00,3.24415363205247,3.1035354189139,1,25.64
2024-02-29 08:00:00,3.38031417074573,3.0455004515274,1,29.38
2024-02-29 09:00:00,3.15997471694804,2.89312408541313,1,23.57
2024-02-29 10:00:00,3.04594998971461,2.71998368016007,1,21.03
2024-02-29 11:00:00,2.95958682691764,2.63352891567643,1,19.29
2024-02-29 12:00:00,2.86391369893314,2.58254829980884,1,17.53
2024-02-29 13:00:00,2.96269241947579,2.63458847539643,1,19.35
2024-02-29 14:00:00,3.03687421688517,2.79914979141478,1,20.84
2024-02-29 15:00:00,3.2047769004887,2.89020236384471,1,24.65
2024-02-29 16:00:00,3.365570204019,3.11743392072161,1,28.95
2024-02-29 17:00:00,3.50285103538866,3.21717513506292,1,33.21
2024-02-29 18:00:00,3.57682995030531,3.26265506287785,1,35.76
2024-02-29 19:00:00,3.57262649728969,3.17788172201314,1,35.61
2024-02-29 20:00:00,3.4980215662977,3.01021604749897,1,33.05
2024-02-29 21:00:00,3.4974162394027,3.00401176913906,1,33.03
2024-02-29 22:00:00,3.40518940293169,2.82696465629336,1,30.12
2024-02-29 23:00:00,3.23750128899137,2.7768480772556,1,25.47
2024-03-01,3.19335286763712,2.76917872666031,1,24.37
2024-03-01 01:00:00,2.88814706287405,2.57150680444203,1,17.96
2024-03-01 02:00:00,2.64048488160644,2.66682502135938,1,14.02
2024-03-01 03:00:00,2.64546532591059,2.659937519298,1,14.09
2024-03-01 04:00:00,2.86048512414597,2.48001578415337,1,17.47
2024-03-01 05:00:00,3.00370044320317,2.7398876479755,1,20.16
2024-03-01 06:00:00,2.90471287516682,2.82686762072588,1,18.26
2024-03-01 07:00:00,2.83732253680635,2.78618371966572,1,17.07
2024-03-01 08:00:00,2.70738331211451,2.83895594074346,1,14.99
2024-03-01 09:00:00,2.78315767358902,2.71332370818328,1,16.17
2024-03-01 10:00:00,2.83321334405622,2.54969481632025,1,17
2024-03-02 01:00:00,2.7219531062712,2.67855814812144,1,15.21
2024-03-02 02:00:00,2.59600069729359,2.65220978459175,1,13.41
2024-03-02 03:00:00,2.58248697812686,2.62227521050452,1,13.23
2024-03-02 04:00:00,2.57566101305646,2.63103644300191,1,13.14
2024-03-02 05:00:00,2.69395127672271,2.73921526124045,1,14.79
2024-03-02 06:00:00,2.76568998054862,2.80069543770836,1,15.89
2024-03-02 07:00:00,2.73046379593911,2.82321776769914,1,15.34
2024-03-02 08:00:00,2.70671597808907,2.84089818615035,1,14.98
2024-03-02 09:00:00,2.66722820658195,2.67802535901228,1,14.4
2024-03-02 10:00:00,1.85473426838944,2.40752930441191,1,6.39
2024-03-02 11:00:00,1.60341984010854,2.20646413527465,1,4.97
2024-03-02 12:00:00,2.10291389786498,2.21177574954653,1,8.19
2024-03-02 13:00:00,1.98513086220859,2.27859954672356,1,7.28
2024-03-02 14:00:00,1.63119940421561,2.52842435737099,1,5.11
2024-03-02 15:00:00,1.44926916028128,2.40947417913367,1,4.26
2024-03-02 16:00:00,2.06432790386979,2.80645800224688,1,7.88
2024-03-02 17:00:00,2.98467132619457,2.8786140597395,1,19.78
2024-03-02 18:00:00,3.34356826882552,3.04846726643495,1,28.32
2024-03-02 19:00:00,3.31709087236516,3.05301659185013,1,27.58
2024-03-02 20:00:00,3.24415363205247,3.01704808059003,1,25.64
2024-03-02 21:00:00,3.17680304844629,2.9540754091478,1,23.97
2024-03-02 22:00:00,3.10458667846607,2.82588114100034,1,22.3
2024-03-02 23:00:00,1.77495235091167,2.32341986570842,1,5.9
2024-03-03,1.57069708411767,2.33108669307587,1,4.81
2024-03-03 01:00:00,1.60140574073684,2.35479497287254,1,4.96
2024-03-03 02:00:00,1.66013102674962,2.33931420633627,1,5.26
2024-03-03 03:00:00,1.69561560867515,2.22530830738916,1,5.45
2024-03-03 04:00:00,1.78842056796254,2.07379137508767,1,5.98
2024-03-03 05:00:00,1.90359895098359,2.25574013689785,1,6.71
2024-03-03 06:00:00,1.92861865194525,2.33755306727564,1,6.88
2024-03-03 07:00:00,1.96850998097255,2.4858844489359,1,7.16
2024-03-03 08:00:00,1.80335860507141,2.39505353036672,1,6.07
2024-03-03 09:00:00,1.70110510095992,2.26493777627066,1,5.48
2024-03-03 10:00:00,1.54756250871601,1.95533611021108,1,4.7
2024-03-03 11:00:00,1.38879124131848,1.80255777298738,1,4.01
2024-03-03 12:00:00,1.36863942588117,1.66465504246092,1,3.93
2024-03-03 13:00:00,1.43746264769429,1.75478625631018,1,4.21
2024-03-03 14:00:00,1.45861502269952,2.00323702555411,1,4.3
2024-03-03 15:00:00,1.76814960358892,2.22708777260103,1,5.86
2024-03-03 16:00:00,1.97685495290473,2.47289893577415,1,7.22
2024-03-03 17:00:00,3.57290727786152,3.01558099678575,1,35.62
2024-03-03 18:00:00,3.62247252191634,3.05941350810489,1,37.43
2024-03-03 19:00:00,3.44903471107632,2.95901191394558,1,31.47
2024-03-03 20:00:00,2.86903462050803,2.93173782774,1,17.62
2024-03-03 21:00:00,2.85474458025301,2.95752376195871,1,17.37
2024-03-03 22:00:00,2.84199817361195,3.03095500816759,1,17.15
2024-03-03 23:00:00,2.88759011493429,2.94478519272641,1,17.95
2024-03-04,2.60564826748413,2.91801539650598,1,13.54
2024-03-04 01:00:00,2.67069441455844,2.7993133534997,1,14.45
2024-03-04 02:00:00,2.56494935746154,2.88287324142158,1,13
2024-03-04 03:00:00,2.39425228151987,2.91878652480931,1,10.96
2024-03-04 04:00:00,2.57489968831471,2.99112031975557,1,13.13
2024-03-04 05:00:00,2.80336038090653,3.04665563113662,1,16.5
2024-03-04 06:00:00,2.8570447537801,3.12285158952023,1,17.41
2024-03-04 07:00:00,2.66930937278578,3.21449831441631,1,14.43
2024-03-04 08:00:00,2.78253905309295,3.00234064092125,1,16.16
2024-03-04 09:00:00,2.74662968306969,2.41024438296267,1,15.59
2024-03-04 11:00:00,1.20896034583698,1.69538853185549,1,3.35
2024-03-04 12:00:00,1.01523067972906,1.71855970107465,1,2.76
2024-03-04 13:00:00,0.896088024556636,1.77413991735513,1,2.45
2024-03-04 14:00:00,1.78170913337455,2.05739697508051,1,5.94
2024-03-04 15:00:00,2.62900699376176,2.2541197216307,1,13.86
2024-03-04 16:00:00,2.30657711426358,2.33803018999954,1,10.04
2024-03-04 17:00:00,3.18759153482843,2.44399620032991,1,24.23
2024-03-04 18:00:00,3.85036034503604,2.82678393786752,1,47.01
2024-03-04 19:00:00,3.59676416520613,2.96624093463777,1,36.48
2024-03-04 20:00:00,3.18511219471539,2.78392853710306,1,24.17
2024-03-04 21:00:00,2.97756830292632,2.39355445599095,1,19.64
2024-03-04 22:00:00,2.75810940097495,2.65066390052151,1,15.77
2024-03-04 23:00:00,2.87186828633161,2.81573776847451,1,17.67
2024-03-05,2.84141491316963,2.72186122270253,1,17.14
2024-03-05 01:00:00,2.94916463773766,2.59467843687613,1,19.09
2024-03-05 02:00:00,2.2353763433006,2.32946308830113,1,9.35
2024-03-05 03:00:00,1.90508815453506,2.25605712230592,1,6.72
2024-03-05 04:00:00,2.089391872533,2.46463723515565,1,8.08
2024-03-05 05:00:00,2.26488322581003,2.63479009505454,1,9.63
2024-03-05 06:00:00,2.02154756326093,2.50394380071094,1,7.55
2024-03-05 07:00:00,2.06939120582633,2.52645442076996,1,7.92
2024-03-05 08:00:00,1.7630170003624,2.37976140856512,1,5.83
2024-03-05 09:00:00,1.85159946958407,2.29411639276265,1,6.37
2024-03-05 10:00:00,1.93296963777958,2.30660594595224,1,6.91
2024-03-05 11:00:00,2.02551319965428,2.4203187382423,1,7.58
2024-03-05 12:00:00,2.19833507162025,2.35065100168741,1,9.01
2024-03-05 13:00:00,3.08831145484708,2.50214715329816,1,21.94
2024-03-05 14:00:00,3.23040906068187,2.80211153995068,1,25.29
2024-03-05 15:00:00,2.9882040071332,3.03100192227406,1,19.85
2024-03-05 16:00:00,3.53046971736629,3.10022040621275,1,34.14
2024-03-05 17:00:00,3.39081028877567,3.06053795689377,1,29.69
2024-03-05 18:00:00,3.21767510429168,3.08640615044587,1,24.97
2024-03-05 19:00:00,3.10772077550204,3.11939793228669,1,22.37
2024-03-05 20:00:00,2.92369907065416,3.10827614183721,1,18.61
2024-03-05 21:00:00,2.96165829322024,3.02348481305457,1,19.33
2024-03-05 22:00:00,3.04690056012839,2.93782070311143,1,21.05
2024-03-05 23:00:00,2.78501124223834,2.86642072806,1,16.2
2024-03-06,2.7239235502585,2.79399492992846,1,15.24
2024-03-06 01:00:00,2.62103882411258,2.72667345035303,1,13.75
2024-03-06 02:00:00,2.90744735868642,2.68869347053342,1,18.31
2024-03-06 03:00:00,2.76631910922619,2.61539114977522,1,15.9
2024-03-06 04:00:00,2.6775909936175,2.73599412831665,1,14.55
2024-03-06 05:00:00,2.84954976337591,2.86817320322102,1,17.28
2024-03-06 06:00:00,2.91071889922703,2.88567958607345,1,18.37
2024-03-06 07:00:00,2.82375700881418,2.89332043982811,1,16.84
2024-03-06 08:00:00,2.08442908319087,2.73042018997082,1,8.04
2024-03-06 09:00:00,1.43031124653666,2.21055782874833,1,4.18
2024-03-06 10:00:00,1.43508452528932,1.6879633583616,1,4.2
2024-03-06 11:00:00,1.22377543162212,1.72750088712964,1,3.4
2024-03-06 12:00:00,1.10194007876078,1.69182528809805,1,3.01
2024-03-06 13:00:00,1.27536280041261,1.52384779411292,1,3.58
2024-03-06 14:00:00,1.69744878975681,1.69156114849337,1,5.46
2024-03-06 15:00:00,1.83098018238134,1.79353442300044,1,6.24
2024-03-06 16:00:00,2.48906465993666,1.8219186681177,1,12.05
2024-03-06 17:00:00,2.67207754064339,2.54299425118104,1,14.47
2024-03-06 18:00:00,2.73566536813518,2.33410342787382,1,15.42
2024-03-06 19:00:00,2.71336936257981,2.54440733389407,1,15.08
2024-03-06 20:00:00,2.797890905102,2.91503691375938,1,16.41
2024-03-06 21:00:00,3.04974686186023,3.07421038475166,1,21.11
2024-03-06 22:00:00,2.96784707006446,3.04930105159412,1,19.45
2024-03-06 23:00:00,3.21567069391925,2.93731764290396,1,24.92
2024-03-07,2.95854948242628,2.83287873072576,1,19.27
2024-03-07 01:00:00,2.78624504868727,2.72109405453564,1,16.22
2024-03-07 02:00:00,2.72326716690707,2.57183953815267,1,15.23
2024-03-07 03:00:00,2.54396141256932,2.34508774461398,1,12.73
2024-03-07 04:00:00,2.4832385926873,2.62978902008772,1,11.98
2024-03-07 05:00:00,2.50225528812261,2.70346505215887,1,12.21
2024-03-07 06:00:00,2.20937271127187,2.60872329822966,1,9.11
2024-03-07 07:00:00,2.03077636969855,2.51378046597025,1,7.62
2024-03-07 08:00:00,1.9139771019523,2.29124892206195,1,6.78
2024-03-07 09:00:00,1.59127394180643,2.34617506801172,1,4.91
2024-03-07 10:00:00,1.66959183525385,2.09595088462695,1,5.31
2024-03-07 11:00:00,1.49514876603197,1.9619967699992,1,4.46
2024-03-07 12:00:00,1.51292701205326,1.85873146637858,1,4.54
2024-03-07 13:00:00,1.69561560867515,1.84865957110607,1,5.45
2024-03-07 14:00:00,1.76814960358892,1.83769282118673,1,5.86
2024-03-07 15:00:00,1.99470031322475,2.26523785913114,1,7.35
2024-03-07 16:00:00,2.10657020906809,2.51806831087357,1,8.22
2024-03-07 17:00:00,2.14476100780048,2.38633200050476,1,8.54
2024-03-07 18:00:00,2.21375387928743,2.38419036749971,1,9.15
2024-03-07 19:00:00,2.31944221006047,2.63349214702851,1,10.17
2024-03-07 20:00:00,2.63332665490627,2.81894044909251,1,13.92
2024-03-07 21:00:00,2.63905732961526,2.78865624540741,1,14
2024-03-07 22:00:00,2.39516427428714,2.77593458207575,1,10.97
2024-03-07 23:00:00,2.71667952780026,2.75519245179496,1,15.13
2024-03-08,2.82908719614504,2.91052164642166,1,16.93
2024-03-08 01:00:00,2.86846692250811,2.88240259450546,1,17.61
2024-03-08 02:00:00,2.8541687092322,2.81993977195566,1,17.36
2024-03-08 03:00:00,2.84258109405982,2.85816601561888,1,17.16
2024-03-08 04:00:00,2.82967768922391,2.94997099819212,1,16.94
2024-03-08 05:00:00,3.5945687746427,3.08799928373017,1,36.4
2024-03-08 06:00:00,3.54327548025514,3.15570695146182,1,34.58
2024-03-08 07:00:00,3.79795804914017,3.00839583766516,1,44.61
2024-03-08 08:00:00,3.38167471517329,2.60867958598244,1,29.42
2024-03-08 09:00:00,2.089391872533,2.41073493972267,1,8.08
2024-03-08 10:00:00,1.35066718347674,1.92029793757075,1,3.86
2024-03-08 11:00:00,1.30019166206648,1.73220886255795,1,3.67
2024-03-08 12:00:00,1.36609165380237,1.45165864414984,1,3.92
2024-03-08 13:00:00,1.39128190263093,1.68568966502837,1,4.02
2024-03-08 14:00:00,1.73165554515835,1.901581263746,1,5.65
2024-03-08 15:00:00,2.089391872533,1.84152689021109,1,8.08
2024-03-08 16:00:00,2.20937271127187,2.20838265130825,1,9.11
2024-03-08 17:00:00,2.56263899832835,2.5541559547009,1,12.97
2024-03-08 18:00:00,3.12500460925813,2.84175587532316,1,22.76
2024-03-08 19:00:00,2.66025953726586,2.53013789182428,1,14.3
2024-03-08 20:00:00,2.72654478373837,2.74374631258961,1,15.28
2024-03-08 21:00:00,2.57718192589717,2.67797883161741,1,13.16
2024-03-08 22:00:00,2.41858876875035,2.49134203935254,1,11.23
2024-03-08 23:00:00,2.3646204839135,2.38610360166877,1,10.64
2024-03-09,2.287471455184,2.29025868138802,1,9.85
2024-03-09 01:00:00,2.27109442590267,2.15791647315867,1,9.69
2024-03-09 02:00:00,2.27006190128849,2.19164209907151,1,9.68
2024-03-09 03:00:00,2.2213750375685,2.16207782404636,1,9.22
2024-03-09 04:00:00,2.19611284848353,2.17761010553306,1,8.99
2024-03-09 05:00:00,2.21156569460688,2.05809397299369,1,9.13
2024-03-09 06:00:00,2.24601474150565,2.0940101039998,1,9.45
2024-03-09 07:00:00,2.25863320546486,2.27044371799637,1,9.57
2024-03-09 08:00:00,2.19833507162025,2.27252491486003,1,9.01
2024-03-09 09:00:00,2.02946317187359,1.93512509258436,1,7.61
2024-03-09 10:00:00,1.92278773163446,1.83948959368085,1,6.84
2024-03-09 11:00:00,1.89160480419777,1.92338461940745,1,6.63
2024-03-09 12:00:00,1.86872051036418,1.88829749357926,1,6.48
2024-03-09 13:00:00,1.75785791755237,1.8310527051238,1,5.8
2024-03-09 14:00:00,1.90954250488444,1.96098787829857,1,6.75
2024-03-09 15:00:00,1.96711235670592,2.01184571555638,1,7.15
2024-03-09 16:00:00,2.06559613485778,2.31836659600471,1,7.89
2024-03-09 17:00:00,2.46300181439995,2.50319613498022,1,11.74
2024-03-09 18:00:00,3.15955035878339,2.97720705687174,1,23.56
2024-03-09 19:00:00,2.90635446240277,2.64481096205211,1,18.29
2024-03-09 20:00:00,2.55955019278377,2.58398170779305,1,12.93
2024-03-09 21:00:00,2.41591377830105,2.56882740198753,1,11.2
2024-03-09 22:00:00,2.48156774852249,2.57988956082785,1,11.96
2024-03-09 23:00:00,2.49650578563135,2.52908119672404,1,12.14
2024-03-10,2.39607543608138,2.43411052692252,1,10.98
2024-03-10 01:00:00,2.48156774852249,2.48721904174996,1,11.96
2024-03-10 02:00:00,2.63905732961526,2.59200880449811,1,14
2024-03-10 03:00:00,2.52172062291072,2.65579055395374,1,12.45
2024-03-10 04:00:00,2.33795223683134,2.5777002523659,1,10.36
2024-03-10 05:00:00,2.19053558918542,2.65380398965825,1,8.94
2024-03-10 06:00:00,1.98650354602057,2.40730334793507,1,7.29
2024-03-10 07:00:00,1.94876321803772,2.36146379533003,1,7.02
2024-03-10 08:00:00,1.95444505150515,2.32625590301924,1,7.06
2024-03-10 09:00:00,1.6094379124341,2.17456079490651,1,5
2024-03-10 10:00:00,1.51292701205326,1.82068589174251,1,4.54
2024-03-10 11:00:00,1.51732262352629,1.77778147723644,1,4.56
2024-03-10 12:00:00,1.57484646766448,1.74204875332071,1,4.83
2024-03-10 13:00:00,1.57484646766448,1.89065308934905,1,4.83
2024-03-10 14:00:00,1.66013102674962,1.90384666077342,1,5.26
2024-03-10 15:00:00,1.95302761682418,2.14938946729162,1,7.05
2024-03-10 16:00:00,2.19944433407453,2.33541296505319,1,9.02
2024-03-10 17:00:00,2.4423470353692,2.59135280773906,1,11.5
2024-03-10 18:00:00,2.73631366637507,2.96829457571859,1,15.43
2024-03-10 19:00:00,2.89646427189532,3.07106563710041,1,18.11
2024-03-10 20:00:00,3.23514279733207,2.99113786230985,1,25.41
2024-03-10 21:00:00,2.87016905057865,2.66669773464222,1,17.64
2024-03-10 22:00:00,2.71071331852169,2.37953930929308,1,15.04
2024-03-10 23:00:00,2.59076704048748,2.16892660698596,1,13.34
2024-03-11,2.3494686788929,2.02430685364752,1,10.48
2024-03-11 01:00:00,2.09186406167839,2.16028297797249,1,8.1
2024-03-11 02:00:00,2.34755845863678,2.52835154189922,1,10.46
2024-03-11 03:00:00,2.54553127160444,2.56469444613652,1,12.75
2024-03-11 04:00:00,2.41769790009455,2.311401119226,1,11.22
2024-03-11 05:00:00,2.2512917986065,2.49520888482676,1,9.5
2024-03-11 06:00:00,2.07317192866624,2.3201682096974,1,7.95
2024-03-11 07:00:00,2.37769256548085,2.52621229369702,1,10.78
2024-03-11 08:00:00,1.58719230348678,2.20198871156712,1,4.89
2024-03-11 09:00:00,1.39376637595859,1.9735150478209,1,4.03
2024-03-11 10:00:00,1.23256026117785,1.50206791323857,1,3.43
2024-03-11 11:00:00,1.05431202977153,1.53766985541942,1,2.87
2024-03-11 12:00:00,0.978326122793608,1.37119859937874,1,2.66
2024-03-11 13:00:00,1.00430160919687,1.3579622340544,1,2.73
2024-03-11 14:00:00,1.21491274436427,1.62468424437897,1,3.37
2024-03-11 15:00:00,1.5993875765806,2.09249704111275,1,4.95
2024-03-11 16:00:00,2.76820412392196,2.40533224159577,1,15.93
2024-03-11 17:00:00,2.93225985059842,2.63640958197289,1,18.77
2024-03-11 18:00:00,3.81815178981808,2.78740470652434,1,45.52
2024-03-11 19:00:00,3.85545265393975,2.71216566222094,1,47.25
2024-03-11 20:00:00,3.22803376265297,2.60927852582045,1,25.23
2024-03-11 21:00:00,2.91397977168173,2.61143871036473,1,18.43
2024-03-11 22:00:00,3.09240516081425,2.63739977548849,1,22.03
2024-03-11 23:00:00,2.96784707006446,2.61664733759036,1,19.45
2024-03-12,2.8094026953625,2.51314798338923,1,16.6
2024-03-12 01:00:00,2.67621547758219,2.39042048298557,1,14.53
2024-03-12 02:00:00,2.53686638871871,2.51188106035805,1,12.64
2024-03-12 03:00:00,2.43624147780672,2.49060101837703,1,11.43
2024-03-12 04:00:00,2.60859812213055,2.57504540522038,1,13.58
2024-03-12 05:00:00,2.72850620966959,2.6593318112136,1,15.31
2024-03-12 06:00:00,3.07223024452672,2.60204722235388,1,21.59
2024-03-12 07:00:00,3.06898273529358,2.71375926178408,1,21.52
2024-03-12 08:00:00,3.15016862685841,2.64911492340933,1,23.34
2024-03-12 09:00:00,2.10046890887191,2.27276894737456,1,8.17
2024-03-12 10:00:00,1.42310833424261,1.93163957737961,1,4.15
2024-03-12 11:00:00,1.43031124653666,1.7853175575588,1,4.18
2024-03-12 12:00:00,1.5830939370945,1.76331083352346,1,4.87
2024-03-12 13:00:00,1.54756250871601,2.00069994702227,1,4.7
2024-03-12 14:00:00,1.58923520511658,2.16001399540469,1,4.9
2024-03-12 15:00:00,1.42069578783722,1.96889133095615,1,4.14
2024-03-12 16:00:00,1.42551507427317,2.09060867398718,1,4.16
2024-03-12 17:00:00,2.23430625224075,2.42445988456362,1,9.34
2024-03-12 18:00:00,3.05964559929764,2.58406113547671,1,21.32
2024-03-12 19:00:00,3.28278915061185,2.6705914743602,1,26.65
2024-03-12 20:00:00,3.10950728781284,2.69076570204405,1,22.41
2024-03-12 21:00:00,2.99623214859564,2.49680119944531,1,20.01
2024-03-12 22:00:00,2.8106067894273,2.58221796299351,1,16.62
2024-03-12 23:00:00,2.74662968306969,2.38260493661894,1,15.59
2024-03-13,2.7408400239252,2.39246848282392,1,15.5
2024-03-13 01:00:00,2.62684014567667,2.31342686817678,1,13.83
2024-03-13 02:00:00,2.55178617862755,2.21968809126325,1,12.83
2024-03-13 03:00:00,2.55022611590864,2.4228220455989,1,12.81
2024-03-13 04:00:00,2.77570884957602,2.38092976755281,1,16.05
2024-03-13 05:00:00,2.74470351875025,2.63181708736779,1,15.56
2024-03-13 06:00:00,3.03061667540749,2.88654473046824,1,20.71
2024-03-13 07:00:00,3.35340671782581,2.77847581450785,1,28.6
2024-03-13 08:00:00,2.96320908184843,2.48292876805251,1,19.36
2024-03-13 09:00:00,1.85941811770187,2.1641393592102,1,6.42
2024-03-13 10:00:00,1.1999647829284,1.75917272108937,1,3.32
2024-03-13 11:00:00,0.924258901523332,1.41098958365816,1,2.52
2024-03-13 12:00:00,0.940007258491471,1.43283677645622,1,2.56
2024-03-13 13:00:00,1.01160091167848,1.43280412786269,1,2.75
2024-03-13 14:00:00,1.38379123090177,1.59256513434763,1,3.99
2024-03-13 15:00:00,1.69561560867515,1.78303681634492,1,5.45
2024-03-13 16:00:00,2.24601474150565,2.13401988463701,1,9.45
2024-03-13 17:00:00,2.56955412384829,2.45894087161397,1,13.06
2024-03-13 18:00:00,3.02868337369368,2.74210942871028,1,20.67
2024-03-13 19:00:00,3.2092294478164,2.76203768427024,1,24.76
2024-03-13 20:00:00,3.24610181112179,2.69787936888862,1,25.69
2024-03-13 21:00:00,3.26575941076705,2.58945429073768,1,26.2
2024-03-13 22:00:00,2.99573227355399,2.73808103172447,1,20
2024-03-13 23:00:00,2.7330679640775,2.71244535699275,1,15.38
2024-03-14,2.91777073208428,2.63589374407346,1,18.5
2024-03-14 01:00:00,3.210036876201,2.59911490136043,1,24.78
2024-03-14 02:00:00,3.17429678147023,2.57454195578309,1,23.91
2024-03-14 03:00:00,3.12588295801904,2.54534078341047,1,22.78
2024-03-14 04:00:00,3.14673514709052,2.61968460831265,1,23.26
2024-03-14 05:00:00,3.3357695763397,2.74602585739286,1,28.1
2024-03-14 06:00:00,3.39551459852666,2.79685324159057,1,29.83
2024-03-14 07:00:00,3.48584485572244,2.83830105316333,1,32.65
2024-03-14 08:00:00,3.28989331210348,2.64243849519102,1,26.84
2024-03-14 09:00:00,2.84199817361195,2.42182196045286,1,17.15
2024-03-14 10:00:00,2.22678337957776,2.16707649374944,1,9.27
2024-03-14 11:00:00,1.60341984010854,1.928777098301,1,4.97
2024-03-14 12:00:00,2.29051251175978,1.9794501216407,1,9.88
2024-03-14 13:00:00,2.76316950032329,2.11995416568605,1,15.85
2024-03-14 14:00:00,2.73954886816158,2.37184520733346,1,15.48
2024-03-14 15:00:00,2.74983173511717,2.4931339866986,1,15.64
2024-03-14 16:00:00,2.95699144523756,2.67713737040437,1,19.24
2024-03-14 17:00:00,2.90799335924598,2.71528759835995,1,18.32
2024-03-14 18:00:00,3.3833727967496,2.73599255991254,1,29.47
2024-03-14 19:00:00,3.56925096665841,2.84771774155377,1,35.49
2024-03-14 20:00:00,3.60277675506052,2.85630194706931,1,36.7
2024-03-14 21:00:00,3.70892714941771,2.82486000598063,1,40.81
2024-03-14 22:00:00,3.65169666298622,2.68220628147415,1,38.54
2024-03-14 23:00:00,3.60549784517489,2.64622056935693,1,36.8
2024-03-15,3.09693415406296,2.67506119419111,1,22.13
2024-03-15 01:00:00,2.75302356674494,2.64848388501021,1,15.69
2024-03-15 02:00:00,2.60712428251225,2.71783795883005,1,13.56
2024-03-15 03:00:00,2.46470394247048,2.63910349130411,1,11.76
2024-03-15 04:00:00,2.42657107277504,2.80774049157947,1,11.32
2024-03-15 05:00:00,2.72063731660768,2.977880248985,1,15.19
2024-03-15 06:00:00,2.71469474382088,3.04304241073445,1,15.1
2024-03-15 07:00:00,2.66235524184008,3.02570876670167,1,14.33
2024-03-15 08:00:00,2.66235524184008,2.69256023407351,1,14.33
2024-03-15 09:00:00,2.484906649788,2.29754527635415,1,12
2024-03-15 10:00:00,1.33500106673234,2.01083899029027,1,3.8
2024-03-15 11:00:00,1.26412672714568,1.87458975293544,1,3.54
2024-03-15 12:00:00,1.24990173621434,1.81504324486048,1,3.49
2024-03-15 13:00:00,1.20896034583698,1.76545383293981,1,3.35
2024-03-15 14:00:00,1.08856195281461,1.85684394596007,1,2.97
2024-03-15 15:00:00,2.43273577745909,2.23544611960476,1,11.39
2024-03-15 16:00:00,3.77022899981026,2.60369082181753,1,43.39
2024-03-15 17:00:00,3.1929424428417,2.76648982502566,1,24.36
2024-03-15 18:00:00,3.45157358898722,2.73129851583588,1,31.55
2024-03-15 19:00:00,3.57065882272651,2.75103335506279,1,35.54
2024-03-15 20:00:00,2.29857707159651,2.69616111289507,1,9.96
2024-03-15 21:00:00,2.22570404865809,2.62605322944411,1,9.26
2024-03-15 22:00:00,2.35042242240821,2.61986600639022,1,10.49
2024-03-15 23:00:00,2.59376105470008,2.57320699812842,1,13.38
2024-03-16,2.507971922719,2.60567482648667,1,12.28
2024-03-16 01:00:00,2.34180580614733,2.50790866816085,1,10.4
2024-03-16 02:00:00,2.31154483436552,2.48186660791504,1,10.09
2024-03-16 03:00:00,2.19277022698684,2.49888714245226,1,8.96
2024-03-16 04:00:00,2.14006616349627,2.47486826434333,1,8.5
2024-03-16 05:00:00,2.04381436403668,2.43339362986562,1,7.72
2024-03-16 06:00:00,2.15755932094379,2.51675489936751,1,8.65
2024-03-16 07:00:00,2.54317555791198,2.53395599800837,1,12.72
2024-03-16 08:00:00,2.287471455184,2.46200610580675,1,9.85
2024-03-16 09:00:00,1.71559810826249,2.23148530221519,1,5.56
2024-03-16 10:00:00,2.12704052047911,1.94622835946027,1,8.39
2024-03-16 11:00:00,2.55100645149252,2.07873979824823,1,12.82
2024-03-16 12:00:00,1.23547147138531,1.65467769840053,1,3.44
2024-03-16 13:00:00,1.05082162483176,1.62404067174089,1,2.86
2024-03-16 14:00:00,2.67690347210537,2.35649491991036,1,14.54
2024-03-16 15:00:00,2.48156774852249,2.34730955558102,1,11.96
2024-03-16 16:00:00,2.42745407503992,2.41686858050041,1,11.33
2024-03-16 17:00:00,2.3887627892351,2.46392829903678,1,10.9
2024-03-16 18:00:00,1.96009478404727,2.37450023859472,1,7.1
2024-03-16 19:00:00,1.80500469597808,2.33704144472599,1,6.08
2024-03-16 20:00:00,1.65057985576528,2.05668888324601,1,5.21
2024-03-16 21:00:00,1.95444505150515,2.12087137501366,1,7.06
2024-03-16 22:00:00,2.30757263450508,2.40687994726746,1,10.05
2024-03-16 23:00:00,2.26176309847379,2.438152825997,1,9.6
2024-03-17,2.1150499691472,2.14246106724219,1,8.29
2024-03-17 01:00:00,2.11021320034659,2.1936862073432,1,8.25
2024-03-17 02:00:00,2.23751309625033,2.3736003208625,1,9.37
2024-03-17 03:00:00,2.3174737054878,2.4370525730333,1,10.15
2024-03-17 04:00:00,2.24812890719799,2.3255564298604,1,9.47
2024-03-17 05:00:00,2.47148362945586,2.55040359676287,1,11.84
2024-03-17 06:00:00,2.55100645149252,2.74606088527142,1,12.82
2024-03-17 07:00:00,2.42745407503992,2.59324853798209,1,11.33
2024-03-17 08:00:00,2.30956070673047,2.40644869869673,1,10.07
2024-03-17 09:00:00,1.68082790852077,2.14848517423456,1,5.37
2024-03-17 10:00:00,1.25276296849537,1.89659787199666,1,3.5
2024-03-17 11:00:00,1.23547147138531,1.84111548493205,1,3.44
2024-03-17 12:00:00,1.39376637595859,1.69925560377002,1,4.03
2024-03-17 13:00:00,1.25561603747777,1.84197110897223,1,3.51
2024-03-17 14:00:00,1.40609698841607,1.95521570719673,1,4.08
2024-03-17 15:00:00,1.62727783056243,1.97431982062484,1,5.09
2024-03-17 16:00:00,1.79342474854712,2.18357607330616,1,6.01
2024-03-17 17:00:00,2.59749101053515,2.56271809263708,1,13.43
2024-03-17 18:00:00,3.04309284491383,2.7818301682217,1,20.97
2024-03-17 19:00:00,3.35898553285285,2.9407606125264,1,28.76
2024-03-17 20:00:00,3.78077471881819,3.02335904016289,1,43.85
2024-03-17 21:00:00,3.21767510429168,2.89034316955235,1,24.97
2024-03-17 22:00:00,3.19826487096408,2.87908966784073,1,24.49
2024-03-17 23:00:00,3.18924101973851,2.79078274375811,1,24.27
2024-03-18,2.89591193827178,2.75965767516916,1,18.1
2024-03-18 01:00:00,2.80578168959555,2.77629293003458,1,16.54
2024-03-18 02:00:00,2.63834278867739,2.79448384296053,1,13.99
2024-03-18 03:00:00,2.48573963609189,2.79651303912181,1,12.01
2024-03-18 04:00:00,2.4932054526027,2.94202719285582,1,12.1
2024-03-18 05:00:00,2.84954976337591,3.08892174427349,1,17.28
2024-03-18 06:00:00,3.16674007044767,3.00963453427512,1,23.73
2024-03-18 07:00:00,3.65351131027615,2.91708929811484,1,38.61
2024-03-18 08:00:00,3.51184390174922,2.56081651802835,1,33.51
2024-03-18 09:00:00,2.86562358820697,2.28553101014917,1,17.56
2024-03-18 10:00:00,1.69377906086785,1.96371282979239,1,5.44
2024-03-18 11:00:00,1.2947271675944,1.78489659263595,1,3.65
2024-03-18 12:00:00,1.0952733874026,1.76795567677401,1,2.99
2024-03-18 13:00:00,1.05779029414785,1.83763558887712,1,2.88
2024-03-18 14:00:00,1.56861591791385,1.91019096838046,1,4.8
2024-03-18 15:00:00,2.19944433407453,2.13919200598552,1,9.02
2024-03-18 16:00:00,2.55178617862755,2.3501015959399,1,12.83
2024-03-18 17:00:00,2.58701187272515,2.001205717515,1,13.29
2024-03-18 18:00:00,3.05964559929764,2.46493242266096,1,21.32
2024-03-18 19:00:00,2.77321352700862,2.42001327914016,1,16.01
2024-03-18 20:00:00,2.86277214629776,2.5542159789544,1,17.51
2024-03-18 21:00:00,2.9247731846135,2.802385070833,1,18.63
2024-03-18 22:00:00,2.93225985059842,2.92140444981773,1,18.77
2024-03-18 23:00:00,3.02916704964023,2.8499413064787,1,20.68
2024-03-19,2.98870765861703,2.74103552887319,1,19.86
2024-03-19 01:00:00,2.80638610182307,2.72703568920705,1,16.55
2024-03-19 02:00:00,2.78624504868727,2.75028898494847,1,16.22
2024-03-19 03:00:00,2.67552700939665,2.70433385923897,1,14.52
2024-03-19 04:00:00,2.905807566026,2.87534534057455,1,18.28
2024-03-19 05:00:00,3.44839898314645,2.95004465818814,1,31.45
2024-03-19 06:00:00,3.74123468444786,3.20991152979254,1,42.15
2024-03-19 07:00:00,3.54529772563591,2.82465603072565,1,34.65
2024-03-19 08:00:00,3.45883716110857,2.60657617781483,1,31.78
2024-03-19 09:00:00,2.3664984187377,2.29300583523876,1,10.66
2024-03-19 10:00:00,1.47017584510059,2.05792964644362,1,4.35
2024-03-19 11:00:00,1.15373158788919,1.93520107137467,1,3.17
2024-03-19 12:00:00,1.15057202759882,1.71893055708271,1,3.16
2024-03-19 13:00:00,1.21787570949493,1.85680336122253,1,3.38
2024-03-19 14:00:00,1.69009581545155,2.01285259251923,1,5.42
2024-03-19 15:00:00,1.90657514365664,2.12024464860081,1,6.73
2024-03-19 16:00:00,2.33117254984596,2.39915931120283,1,10.29
2024-03-19 17:00:00,2.2975725511705,2.45516569518679,1,9.95
2024-03-19 18:00:00,2.7868613815265,2.68273521416078,1,16.23
2024-03-19 19:00:00,3.09058780456667,2.85171649031354,1,21.99
2024-03-19 20:00:00,3.45536986055055,2.80563246533095,1,31.67
2024-03-19 21:00:00,3.32683296637329,2.72051305644282,1,27.85
2024-03-19 22:00:00,3.15955035878339,2.75168955318569,1,23.56
2024-03-19 23:00:00,2.91289399524499,2.67021543005526,1,18.41
2024-03-20,2.90471287516682,2.64954034199574,1,18.26
2024-03-20 01:00:00,2.8130106367387,2.63826279740245,1,16.66
2024-03-20 02:00:00,2.79606107842492,2.58850505433036,1,16.38
2024-03-20 03:00:00,2.76190687389292,2.79704250727917,1,15.83
2024-03-20 04:00:00,2.76064265122138,2.83254619818121,1,15.81
2024-03-20 05:00:00,2.90526037038992,3.03094112633431,1,18.27
2024-03-20 06:00:00,3.57794789340665,3.15508227400121,1,35.8
2024-03-20 07:00:00,3.74785565921423,2.81796809207038,1,42.43
2024-03-20 08:00:00,3.17345996133772,2.52522618013296,1,23.89
2024-03-20 09:00:00,2.40964416528745,2.24290650346719,1,11.13
2024-03-20 10:00:00,1.55392520250384,1.8953900839519,1,4.73
2024-03-20 11:00:00,1.35583515363518,1.76926417798787,1,3.88
2024-03-20 12:00:00,1.89761985992753,1.67217368978908,1,6.67
2024-03-20 13:00:00,2.37397508908072,1.76780792442867,1,10.74
2024-03-20 14:00:00,3.1267605359604,2.10138466355172,1,22.8
2024-03-20 15:00:00,3.07639017657145,2.18017108672554,1,21.68
2024-03-20 16:00:00,3.52164353473802,2.38228979427365,1,33.84
2024-03-20 17:00:00,4.07685924788108,2.5911820524542,1,58.96
2024-03-20 18:00:00,4.13915857801189,2.73378029254006,1,62.75
2024-03-20 19:00:00,3.74289404242017,2.76063695865222,1,42.22
2024-03-20 20:00:00,3.5142284036242,2.75495304507463,1,33.59
2024-03-20 21:00:00,3.27412129909418,2.67642621805437,1,26.42
2024-03-20 22:00:00,3.18055071054653,2.62339343314069,1,24.06
2024-03-20 23:00:00,2.99373027088332,2.69016759832055,1,19.96
2024-03-21,3.16209381076922,2.62167791528214,1,23.62
2024-03-21 01:00:00,2.92100872735805,2.72323891293446,1,18.56
2024-03-21 02:00:00,2.79177841663292,2.7519746308868,1,16.31
2024-03-21 03:00:00,2.70537997254633,2.77283875920545,1,14.96
2024-03-21 04:00:00,2.75620524298926,2.84679147252269,1,15.74
2024-03-21 05:00:00,3.09421922026864,2.98358756927266,1,22.07
2024-03-21 06:00:00,3.54587475969693,2.97184588677158,1,34.67
2024-03-21 07:00:00,3.35933317756346,2.956084959397,1,28.77
2024-03-21 08:00:00,3.06058324587361,2.59616268831997,1,21.34
2024-03-21 09:00:00,2.91235066461494,2.22327092029872,1,18.4
2024-03-21 10:00:00,2.32238772029023,1.9240620014775,1,10.2
2024-03-21 11:00:00,1.95160817016995,1.77440407872726,1,7.04
2024-03-21 12:00:00,1.24126858906963,1.68141541039353,1,3.46
2024-03-21 13:00:00,2.08442908319087,1.53862642590738,1,8.04
2024-03-21 14:00:00,2.8501282996952,2.05148217129624,1,17.29
2024-03-21 15:00:00,3.25076201373052,2.19136012109601,1,25.81
2024-03-21 16:00:00,2.278292400425,2.32368626519785,1,9.76
2024-03-21 17:00:00,2.34180580614733,2.31008889232882,1,10.4
2024-03-21 18:00:00,3.27676730328398,2.59810637512174,1,26.49
2024-03-21 19:00:00,3.43849316640585,2.57914335258361,1,31.14
2024-03-21 20:00:00,3.00864849882054,2.45084179812941,1,20.26
2024-03-21 21:00:00,2.56186769092413,2.32338322042174,1,12.96
2024-03-21 22:00:00,2.59450815970308,2.31921632261725,1,13.39
2024-03-21 23:00:00,2.20386912005489,2.02375809025045,1,9.06
2024-03-22,2.19611284848353,2.13084745997111,1,8.99
2024-03-22 01:00:00,2.2060741926132,2.16692768354906,1,9.08
2024-03-22 02:00:00,2.43185742869818,2.16871008501045,1,11.38
2024-03-22 03:00:00,2.55412171880947,2.39291262232146,1,12.86
2024-03-22 04:00:00,2.71071331852169,2.39700545244191,1,15.04
2024-03-22 05:00:00,2.42303124606991,2.5100745953507,1,11.28
2024-03-22 06:00:00,2.35896542643015,2.411921752269,1,10.58
2024-03-22 07:00:00,2.5152741864044,2.47344680448874,1,12.37
2024-03-22 08:00:00,1.87946504964716,2.2397316141239,1,6.55
2024-03-22 09:00:00,1.57484646766448,2.04561121220334,1,4.83
2024-03-22 10:00:00,1.35840915763035,1.78568085256597,1,3.89
2024-03-22 11:00:00,1.23547147138531,1.57655100982048,1,3.44
2024-03-22 12:00:00,0.928219302739429,1.3388456524567,1,2.53
2024-03-22 13:00:00,1.02961941718116,1.33212538321158,1,2.8
2024-03-22 14:00:00,1.08180517035173,1.48709157476456,1,2.95
2024-03-22 15:00:00,1.59736533119983,1.65846201833203,1,4.94
2024-03-22 16:00:00,2.60268968544438,2.03687290297713,1,13.5
2024-03-22 17:00:00,2.79422789734326,2.29046337513033,1,16.35
2024-03-22 18:00:00,2.82553689655788,2.42060319276915,1,16.87
2024-03-22 19:00:00,2.91668906621354,2.50065423811358,1,18.48
2024-03-22 20:00:00,2.84374591655611,2.5051050695869,1,17.18
2024-03-22 21:00:00,2.94811641961233,2.37069429870361,1,19.07
2024-03-22 22:00:00,2.83790818836042,2.39793651731668,1,17.08
2024-03-22 23:00:00,2.86220088092947,2.37471957217707,1,17.5
2024-03-23,2.92046978905344,2.42699312193243,1,18.55
2024-03-23 01:00:00,2.62611681833952,2.33486563343851,1,13.82
2024-03-23 02:00:00,2.98011089265103,2.3671461980444,1,19.69
2024-03-23 03:00:00,3.06851794327964,2.52563274919662,1,21.51
2024-03-23 04:00:00,3.02383370366487,2.64861661435224,1,20.57
2024-03-23 05:00:00,3.11750733047991,2.75297662618358,1,22.59
2024-03-23 06:00:00,3.16968558067743,2.78258835613999,1,23.8
2024-03-23 07:00:00,3.32287541488669,2.72833357261948,1,27.74
2024-03-23 08:00:00,3.45568556694622,2.56501253977558,1,31.68
2024-03-23 09:00:00,3.23946245847659,2.38401720395586,1,25.52
2024-03-23 10:00:00,1.55603713570699,2.03737631424633,1,4.74
2024-03-23 11:00:00,1.43508452528932,1.59209907930524,1,4.2
2024-03-23 12:00:00,1.08856195281461,1.39954720750446,1,2.97
2024-03-23 13:00:00,1.21787570949493,1.56275723010301,1,3.38
2024-03-23 14:00:00,1.92278773163446,2.00687015325299,1,6.84
2024-03-23 15:00:00,1.63510565918268,2.30480296458655,1,5.13
2024-03-23 16:00:00,1.45861502269952,2.47934653277048,1,4.3
2024-03-23 17:00:00,1.61342993370364,2.56976226540491,1,5.02
2024-03-23 18:00:00,2.05412373369555,2.70819101276089,1,7.8
2024-03-23 19:00:00,2.99473177322041,2.97630813247292,1,19.98
2024-03-23 20:00:00,3.04118353645791,2.95042320224223,1,20.93
2024-03-23 21:00:00,3.00419635196612,2.83658868895139,1,20.17
2024-03-23 22:00:00,2.8106067894273,2.94711856230844,1,16.62
2024-03-23 23:00:00,2.65885995691144,2.8498765274094,1,14.28
2024-03-24,2.51769647261099,2.72649677538363,1,12.4
2024-03-24 01:00:00,2.45014265735166,2.67470065066967,1,11.59
2024-03-24 02:00:00,2.36743606531366,2.60793880171121,1,10.67
2024-03-24 03:00:00,2.43361335540045,2.52466332851772,1,11.4
2024-03-24 04:00:00,2.34564458245449,2.6580967674613,1,10.44
2024-03-24 05:00:00,2.48407296903942,2.82648146080885,1,11.99
2024-03-24 06:00:00,2.23857976301813,2.91907412161522,1,9.38
2024-03-24 07:00:00,2.09433015417359,2.48881465620495,1,8.12
2024-03-24 08:00:00,1.79840401194672,2.26835434703864,1,6.04
2024-03-24 09:00:00,1.57897870494939,1.93592425081464,1,4.85
2024-03-24 10:00:00,1.51292701205326,1.74582204047928,1,4.54
2024-03-24 11:00:00,1.55603713570699,1.59281598902761,1,4.74
2024-03-24 12:00:00,2.33408376005342,1.84543543137704,1,10.32
2024-03-24 13:00:00,2.36555989215543,1.9059407429825,1,10.65
2024-03-24 14:00:00,2.39242579699384,2.15690208130995,1,10.94
2024-03-24 15:00:00,2.02154756326093,2.35279480441711,1,7.55
2024-03-24 16:00:00,1.91250108692418,2.54003461541217,1,6.77
2024-03-24 17:00:00,2.1701959049483,2.5369457301409,1,8.76
2024-03-24 18:00:00,2.48657192910706,2.6552934518185,1,12.02
2024-03-24 19:00:00,2.46725171454928,2.64382191664405,1,11.79
2024-03-24 20:00:00,2.44147709186066,2.61829865168727,1,11.49
2024-03-24 21:00:00,2.56802155649851,2.45420015125877,1,13.04
2024-03-24 22:00:00,2.75874331541773,2.53660607919752,1,15.78
2024-03-24 23:00:00,2.63188884013665,2.25677408378917,1,13.9
2024-03-25,2.41858876875035,2.33241734881154,1,11.23
2024-03-25 01:00:00,2.05412373369555,2.08726097749721,1,7.8
2024-03-25 02:00:00,2.59972232421658,2.33375977315465,1,13.46
2024-03-25 03:00:00,2.48240351956988,2.35582967938914,1,11.97
2024-03-25 04:00:00,2.07944154167984,2.18414791334723,1,8
2024-03-25 05:00:00,1.96850998097255,2.27776937005082,1,7.16
2024-03-25 06:00:00,2.26799364822443,2.42722971066766,1,9.66
2024-03-25 07:00:00,2.28949985344539,2.34541258460159,1,9.87
2024-03-25 08:00:00,3.09421922026864,2.59527482682091,1,22.07
2024-03-25 09:00:00,2.23001440015921,2.23088213898113,1,9.3
2024-03-25 10:00:00,1.9213246735827,2.13540553236874,1,6.83
2024-03-25 11:00:00,1.9473377010465,1.99884248660288,1,7.01
2024-03-25 12:00:00,2.06305806242931,2.16496772688902,1,7.87
2024-03-25 13:00:00,1.90805992492422,2.16956002482605,1,6.74
2024-03-25 14:00:00,1.56234630490025,2.14717871193099,1,4.77
2024-03-25 15:00:00,1.40854497005471,2.34129133807724,1,4.09
2024-03-25 16:00:00,1.72097928716701,2.67461482485434,1,5.59
2024-03-25 17:00:00,2.18154676461699,2.71202504284146,1,8.86
2024-03-25 18:00:00,3.07685132483878,2.86392550153873,1,21.69
2024-03-25 19:00:00,3.02723094061336,3.00551880763058,1,20.64
2024-03-25 20:00:00,3.74265715979441,3.11796988925903,1,42.21
2024-03-25 21:00:00,3.42328497812616,3.07721213550912,1,30.67
2024-03-25 22:00:00,3.23946245847659,3.07488820873715,1,25.52
2024-03-25 23:00:00,3.13679771383259,3.03541809946714,1,23.03
2024-03-26,3.19006474301408,3.02451270473039,1,24.29
2024-03-26 01:00:00,3.24998681989325,2.95412645608259,1,25.79
2024-03-26 02:00:00,3.1629401925379,2.94464888833256,1,23.64
2024-03-26 03:00:00,2.98163334917449,2.98559993227098,1,19.72
2024-03-26 04:00:00,3.09512501743203,3.07691606093985,1,22.09
2024-03-26 05:00:00,3.54789176081296,3.20215137289399,1,34.74
2024-03-26 06:00:00,3.37929254627411,3.16195678952331,1,29.35
2024-03-26 07:00:00,3.16336311493794,2.82900299917669,1,23.65
2024-03-26 08:00:00,2.10046890887191,2.29769245996491,1,8.17
2024-03-26 09:00:00,2.01490302054226,1.93033022333886,1,7.5
2024-03-26 10:00:00,1.26129787094521,1.81389594231215,1,3.53
2024-03-26 11:00:00,1.21194097397511,1.51722078578864,1,3.36
2024-03-26 12:00:00,1.22377543162212,1.32802431092362,1,3.4
2024-03-26 13:00:00,1.20297230399235,1.41305207481623,1,3.33
2024-03-26 14:00:00,1.21787570949493,1.5281933500096,1,3.38
2024-03-26 15:00:00,1.32175583998232,1.64019357730262,1,3.75
2024-03-26 16:00:00,1.4036429994545,1.84770968584522,1,4.07
2024-03-26 17:00:00,1.86872051036418,2.23502937143617,1,6.48
2024-03-26 18:00:00,3.23867845216438,2.85518198142665,1,25.5
2024-03-26 19:00:00,3.70843695332947,2.84519532272211,1,40.79
2024-03-26 20:00:00,4.01674331619855,2.83205852225017,1,55.52
2024-03-26 21:00:00,2.28442112236637,2.63545200515616,1,9.82
2024-03-26 22:00:00,2.40784560365154,2.54431499910954,1,11.11
2024-03-26 23:00:00,2.28238238567653,2.4880971178295,1,9.8
2024-03-27,2.37397508908072,2.59132928356227,1,10.74
2024-03-27 01:00:00,2.55100645149252,2.57219640392781,1,12.82
2024-03-27 02:00:00,2.70938264633599,2.63164744058242,1,15.02
2024-03-27 03:00:00,2.92798862146747,2.72799873433415,1,18.69
2024-03-27 04:00:00,3.10099278421148,2.7390387788707,1,22.22
2024-03-27 05:00:00,3.45852244828142,2.63627861598821,1,31.77
2024-03-27 06:00:00,2.86562358820697,2.22488889521257,1,17.56
2024-03-27 07:00:00,2.22354188565359,2.11455488152533,1,9.24
2024-03-27 08:00:00,1.91985947185537,2.08549579779137,1,6.82
2024-03-27 09:00:00,2.2181159363676,1.99061723419037,1,9.19
2024-03-27 10:00:00,1.34547236659964,1.51946877192366,1,3.84
2024-03-27 11:00:00,1.38379123090177,1.38811147225378,1,3.99
2024-03-27 12:00:00,1.51292701205326,1.23146024194156,1,4.54
2024-03-27 13:00:00,1.35325450704169,1.33195043852533,1,3.87
2024-03-27 14:00:00,1.52822785700856,1.58931555820045,1,4.61
2024-03-27 15:00:00,1.30019166206648,1.41881032981739,1,3.67
2024-03-27 16:00:00,2.05923883436232,1.90973250116072,1,7.84
2024-03-27 17:00:00,2.89811944468699,2.23981688087435,1,18.14
2024-03-27 18:00:00,3.15657479867082,2.3672215715028,1,23.49
2024-03-27 19:00:00,3.18552584518665,2.33154634711556,1,24.18
2024-03-27 20:00:00,3.19908119754002,2.30168318146195,1,24.51
2024-03-27 21:00:00,3.1888289035159,2.52152758284321,1,24.26
2024-03-27 22:00:00,3.19212108755938,2.24014087595295,1,24.34
2024-03-27 23:00:00,2.98011089265103,1.81805671273884,1,19.69
2024-03-28,2.52011290552262,2.16942135583392,1,12.43
2024-03-28 01:00:00,2.38416507998647,2.14958186820929,1,10.85
2024-03-28 02:00:00,2.20497226412705,1.66307137290026,1,9.07
2024-03-28 03:00:00,2.58550584834412,1.79252022301179,1,13.27
2024-03-28 04:00:00,2.22354188565359,2.05419555353691,1,9.24
2024-03-28 05:00:00,2.09186406167839,2.30478498891397,1,8.1
2024-03-28 06:00:00,2.12584791449399,2.44262838852881,1,8.38
2024-03-28 07:00:00,2.03731661537916,2.36969637283933,1,7.67
2024-03-28 08:00:00,1.76130026174335,2.21399956650228,1,5.82
2024-03-28 09:00:00,1.36353737399727,1.8122909141719,1,3.91
2024-03-28 10:00:00,1.01523067972906,1.46132896581863,1,2.76
2024-03-28 11:00:00,0.832909122935104,1.14376056228153,1,2.3
2024-03-28 12:00:00,0.900161349944271,1.12110919169284,1,2.46
2024-03-28 13:00:00,1.17865499634165,1.51477209062735,1,3.25
2024-03-28 14:00:00,2.04251818757524,1.62925370293615,1,7.71
2024-03-28 15:00:00,2.60046499042227,1.96744747441574,1,13.47
2024-03-28 16:00:00,2.79667139275574,2.20172101298839,1,16.39
2024-03-28 17:00:00,2.69056488676119,2.54656390005722,1,14.74
2024-03-28 18:00:00,2.97858611471902,2.62325459289579,1,19.66
2024-03-28 19:00:00,3.07731226054641,2.86527192822293,1,21.7
2024-03-28 20:00:00,2.95386806945529,2.75390444631924,1,19.18
2024-03-28 21:00:00,3.00568260440716,2.6129522176118,1,20.2
2024-03-28 22:00:00,2.8106067894273,2.5509838456382,1,16.62
2024-03-28 23:00:00,2.71137799119488,2.53444135035145,1,15.05
2024-03-29,2.71137799119488,2.48466608430137,1,15.05
2024-03-29 01:00:00,2.87299950817169,2.64990690501274,1,17.69
2024-03-29 02:00:00,2.73696154459663,2.6942600319601,1,15.44
2024-03-29 03:00:00,2.65394594210901,2.74822973129003,1,14.21
2024-03-29 04:00:00,2.73890266458497,2.84473893366314,1,15.47
2024-03-29 05:00:00,3.08648663682246,2.92575215312902,1,21.9
2024-03-29 06:00:00,2.86733055874947,2.82590835052785,1,17.59
2024-03-29 07:00:00,2.96475746925456,2.87050426949011,1,19.39
2024-03-29 08:00:00,2.66095859356836,2.56088028218057,1,14.31
2024-03-29 09:00:00,2.32825283974262,2.51218284749516,1,10.26
2024-03-29 10:00:00,1.88706964903238,2.06769396953234,1,6.6
2024-03-29 11:00:00,1.34286480319255,1.83683890233284,1,3.83
2024-03-29 12:00:00,1.5810384379124,1.92064437790424,1,4.86
2024-03-29 13:00:00,2.16561923792089,2.01344682109037,1,8.72
2024-03-29 14:00:00,2.06178660644112,2.06387160639738,1,7.86
2024-03-29 15:00:00,1.22671229129543,1.9187628172753,1,3.41
2024-03-29 16:00:00,2.2353763433006,2.07672541109539,1,9.35
2024-03-29 17:00:00,3.17888681665184,2.52318423429246,1,24.02
2024-03-29 18:00:00,3.3499040872746,2.70868629148099,1,28.5
2024-03-29 19:00:00,3.51660723317298,2.64873661112335,1,33.67
2024-03-29 20:00:00,3.88403496888798,2.81025232104319,1,48.62
2024-03-29 21:00:00,3.70573657118036,2.79799718783191,1,40.68
2024-03-29 22:00:00,3.95143600778498,2.71984969585649,1,52.01
2024-03-29 23:00:00,3.68386691229039,2.58575272902862,1,39.8
2024-03-30,3.47475758477018,2.48880447962423,1,32.29
2024-03-30 01:00:00,3.34533224882076,2.53420170196261,1,28.37
2024-03-30 02:00:00,3.14199478053224,2.52500870807595,1,23.15
2024-03-30 03:00:00,2.92691795755363,2.51577798709292,1,18.67
2024-03-30 04:00:00,2.95803040636998,2.63200110748426,1,19.26
2024-03-30 05:00:00,3.21326008608257,2.68777835632999,1,24.86
2024-03-30 06:00:00,3.00022217882684,2.72427232003838,1,20.09
2024-03-30 07:00:00,2.94338579318178,2.72085956411272,1,18.98
2024-03-30 08:00:00,2.80457176809283,2.44069705078672,1,16.52
2024-03-30 09:00:00,1.72988406550997,1.96245981815637,1,5.64
2024-03-30 10:00:00,0.963174317773006,1.75011610954098,1,2.62
2024-03-30 11:00:00,0.85015092936961,1.49744595359794,1,2.34
2024-03-30 12:00:00,0.815364813284194,1.50952471395525,1,2.26
2024-03-30 13:00:00,0.703097511413113,1.46609538781807,1,2.02
2024-03-30 14:00:00,0.819779831493311,1.47766883805389,1,2.27
2024-03-30 15:00:00,0.985816794522765,1.48052879955756,1,2.68
2024-03-30 16:00:00,1.39624469197306,1.67863361926073,1,4.04
2024-03-30 17:00:00,3.27487801498349,2.13485248340465,1,26.44
2024-03-30 18:00:00,3.4867632699918,2.42232232527381,1,32.68
2024-03-30 19:00:00,3.62593965434006,2.51853235053095,1,37.56
2024-03-30 20:00:00,3.10772077550204,2.13603632699221,1,22.37
2024-03-30 21:00:00,2.24495598015741,2.17187192279553,1,9.44
2024-03-30 22:00:00,3.3833727967496,2.41976421957984,1,29.47
2024-03-30 23:00:00,3.47227696334311,2.36560321884974,1,32.21
2024-03-31,3.46792101370506,2.40529785358578,1,32.07
2024-03-31 01:00:00,3.23671574299653,2.34008484039937,1,25.45
2024-03-31 03:00:00,3.04737550670583,2.38356240348501,1,21.06
2024-03-31 05:00:00,2.96217549002515,2.46996230928478,1,19.34
2024-03-31 06:00:00,3.33896730512602,2.59592826593431,1,28.19
2024-03-31 07:00:00,3.28840188751681,2.58024769100848,1,26.8
2024-03-31 08:00:00,2.83790818836042,2.50142433973083,1,17.08
2024-03-31 09:00:00,2.19833507162025,2.12873670618619,1,9.01
2024-03-31 10:00:00,1.16627093714192,1.76809578786153,1,3.21
2024-03-31 11:00:00,0.732367893713227,1.52875433131869,1,2.08
2024-03-31 12:00:00,1.04731899428056,1.49100069658478,1,2.85
2024-03-31 13:00:00,1.19694818938897,1.45057987089924,1,3.31
2024-03-31 14:00:00,0.797507195884188,1.33299974569588,1,2.22
2024-03-31 15:00:00,0.940007258491471,1.54608072735039,1,2.56
2024-03-31 16:00:00,1.30019166206648,1.75372867319139,1,3.67
2024-03-31 17:00:00,2.02419306744936,2.0200408923653,1,7.57
2024-03-31 18:00:00,1.97269117173296,1.99425483312787,1,7.19
2024-03-31 19:00:00,3.71819550844799,2.41780424530234,1,41.19
2024-03-31 20:00:00,4.12001230897068,2.54722974700421,1,61.56
2024-03-31 21:00:00,3.96556377235618,2.56856437907863,1,52.75
2024-03-31 22:00:00,3.6307205399404,2.63692457606794,1,37.74
2024-03-31 23:00:00,3.64178784658009,2.547107811515,1,38.16
2024-04-01,3.24726889936942,2.50698927625449,1,25.72
2024-04-01 01:00:00,3.16336311493794,2.45969233766837,1,23.65
2024-04-01 02:00:00,3.00270788729042,2.58644228543144,1,20.14
2024-04-01 03:00:00,2.99972429482353,2.46427790580102,1,20.08
2024-04-01 04:00:00,3.01847176052348,2.5901890972246,1,20.46
2024-04-01 05:00:00,3.25269737334371,2.59730061292008,1,25.86
2024-04-01 06:00:00,3.14501397626975,2.66676495696599,1,23.22
2024-04-01 07:00:00,2.86448398694404,2.62648792516527,1,17.54
2024-04-01 08:00:00,2.35801979988215,2.45287108853196,1,10.57
2024-04-01 09:00:00,1.57897870494939,2.03248270635881,1,4.85
2024-04-01 10:00:00,1.3244189574018,1.93742007617021,1,3.76
2024-04-01 11:00:00,1.04380405217311,1.56973851820053,1,2.84
2024-04-01 12:00:00,1.46325540225602,1.6131268258632,1,4.32
2024-04-01 13:00:00,1.29746314741327,1.27966060013458,1,3.66
2024-04-01 14:00:00,1.18784342239605,1.08508232492306,1,3.28
2024-04-01 15:00:00,1.35325450704169,1.44985711682613,1,3.87
2024-04-01 16:00:00,1.97408102602201,1.70798430898369,1,7.2
2024-04-01 17:00:00,2.67690347210537,2.04799526094763,1,14.54
2024-04-01 18:00:00,1.97962120639763,2.1833259248217,1,7.24
2024-04-01 19:00:00,2.18941639488841,2.31556073940783,1,8.93
2024-04-01 20:00:00,2.4466854369678,2.33183565505363,1,11.55
2024-04-01 21:00:00,2.6748380668961,2.31194165351561,1,14.51
2024-04-01 22:00:00,2.08567209143047,2.25567910696336,1,8.05
2024-04-01 23:00:00,2.1540850846756,2.13906046690139,1,8.62
2024-04-02,1.68639895357023,2.4546503775475,0,5.4
2024-04-02 01:00:00,1.84213567655312,2.35888087370786,0,6.31
2024-04-02 02:00:00,2.29253475714054,2.45477637992877,0,9.9
2024-04-02 03:00:00,2.63834278867739,2.47949290428092,0,13.99
2024-04-02 04:00:00,2.80336038090653,2.53360959591941,0,16.5
2024-04-02 05:00:00,2.81899509505394,2.60126223387476,0,16.76
2024-04-02 06:00:00,2.91993056013771,2.68140852743548,0,18.54
2024-04-02 07:00:00,2.51203531717625,2.59835434867176,0,12.33
2024-04-02 08:00:00,1.60140574073684,1.87450890125032,0,4.96
2024-04-02 09:00:00,1.44926916028128,1.61070074342373,0,4.26
2024-04-02 10:00:00,1.11514159061932,1.26562528515642,0,3.05
2024-04-02 11:00:00,1.06471073699243,0.77677665971111,0,2.9
2024-04-02 12:00:00,0.912282710476616,0.708785073506623,0,2.49
2024-04-02 13:00:00,1.37624402526639,1.07722135869371,0,3.96
2024-04-02 14:00:00,1.78507048107726,1.21142096478154,0,5.96
2024-04-02 15:00:00,2.2170272046324,1.57349759781105,0,9.18
2024-04-02 16:00:00,1.60341984010854,1.66110872906928,0,4.97
2024-04-02 17:00:00,1.48613969608961,1.88724843393578,0,4.42
2024-04-02 18:00:00,1.80005827204275,2.11872486901393,0,6.05
2024-04-02 19:00:00,2.73566536813518,2.73953687620162,0,15.42
2024-04-02 20:00:00,2.90799335924598,3.0050762561298,0,18.32
2024-04-02 21:00:00,3.21647294025189,3.17189090051707,0,24.94
2024-04-02 22:00:00,3.26575941076705,3.05880803236326,0,26.2
2024-04-02 23:00:00,3.01160562271028,2.87137637328848,0,20.32
2024-04-03,2.81959157583512,2.86729485832648,0,16.77
2024-04-03 01:00:00,2.62900699376176,2.62105952869334,0,13.86
2024-04-03 02:00:00,2.40604380136228,2.40270039300278,0,11.09
2024-04-03 03:00:00,2.47148362945586,2.39217667956524,0,11.84
2024-04-03 04:00:00,2.45530618001171,2.37820673989429,0,11.65
2024-04-03 05:00:00,2.50715725872282,2.61689866413805,0,12.27
2024-04-03 06:00:00,2.64971462408925,2.83072849128417,0,14.15
2024-04-03 07:00:00,2.49897390699944,2.67222955348812,0,12.17
2024-04-03 08:00:00,1.74919985480926,1.90354566466395,0,5.75
2024-04-03 09:00:00,1.85002837735203,1.76440865907077,0,6.36
2024-04-03 10:00:00,1.708377860289,1.60151404971844,0,5.52
2024-04-03 11:00:00,1.54115907168081,1.12666628052762,0,4.67
2024-04-03 12:00:00,1.49290409617815,1.17880976517045,0,4.45
2024-04-03 13:00:00,2.24283508858827,1.47626797068284,0,9.42
2024-04-03 14:00:00,2.53844741671603,1.64415491435735,0,12.66
2024-04-03 15:00:00,2.30757263450508,1.95487904109349,0,10.05
2024-04-03 16:00:00,1.73342389221509,2.08264722832085,0,5.66
2024-04-03 17:00:00,2.10778601468898,2.24777322532272,0,8.23
2024-04-03 18:00:00,1.88555334851442,2.48071877262637,0,6.59
2024-04-03 19:00:00,2.29152414563462,2.86985696474316,0,9.89
2024-04-03 20:00:00,2.52412736294128,2.9035034440118,0,12.48
2024-04-03 21:00:00,3.12236492448736,3.20389827563479,0,22.7
2024-04-03 22:00:00,3.22007510544368,3.32247895587207,0,25.03
2024-04-03 23:00:00,2.64830019669644,2.96688339076098,0,14.13
2024-04-04,2.54788144894939,2.86612317671552,0,12.78
2024-04-04 01:00:00,2.50878592357794,2.71403842620331,0,12.29
2024-04-04 02:00:00,2.50715725872282,2.60991490696951,0,12.27
2024-04-04 03:00:00,2.51688969564105,2.59472946158975,0,12.39
2024-04-04 04:00:00,2.92046978905344,2.86231986694691,0,18.55
2024-04-04 05:00:00,2.9391619220656,2.91478232746712,0,18.9
2024-04-04 06:00:00,3.46511070740581,3.06518033059854,0,31.98
2024-04-04 07:00:00,3.20274644293832,2.9004729739592,0,24.6
2024-04-04 08:00:00,1.48839958405704,1.98988942198289,0,4.43
2024-04-04 09:00:00,1.31908561142644,1.72522194396606,0,3.74
2024-04-04 10:00:00,1.28647402583768,1.39977769582219,0,3.62
2024-04-04 11:00:00,1.3609765531356,1.19497355259461,0,3.9
2024-04-04 12:00:00,1.5993875765806,1.21328275158015,0,4.95
2024-04-04 13:00:00,2.28848616861454,1.57825651907384,0,9.86
2024-04-04 14:00:00,2.56417983068251,1.76898457526182,0,12.99
2024-04-04 15:00:00,1.74396880539171,1.81945850671078,0,5.72
2024-04-04 16:00:00,1.42310833424261,1.96871120160404,0,4.15
2024-04-04 17:00:00,1.59736533119983,2.07223106259166,0,4.94
2024-04-04 18:00:00,2.3869262414278,2.5051785741805,0,10.88
2024-04-04 19:00:00,3.44393753533831,3.49370790035095,0,31.31
2024-04-04 20:00:00,2.86619290219901,3.4714080035877,0,17.57
2024-04-04 21:00:00,2.37861977927004,3.37014265693226,0,10.79
2024-04-04 22:00:00,2.49650578563135,3.21197236459953,0,12.14
2024-04-04 23:00:00,2.46725171454928,3.09466238190583,0,11.79
2024-04-05,2.30258509299405,3.02222992863597,0,10
2024-04-05 01:00:00,2.29152414563462,2.99134668528856,0,9.89
2024-04-05 02:00:00,2.43624147780672,2.91433209723978,0,11.43
2024-04-05 03:00:00,2.61958321977988,2.83623274886832,0,13.73
2024-04-05 04:00:00,2.67690347210537,2.77741264760339,0,14.54
2024-04-05 05:00:00,3.13244609686981,2.94859092300399,0,22.93
2024-04-05 06:00:00,3.46760914718141,3.09419736299938,0,32.06
2024-04-05 07:00:00,2.98163334917449,3.05762024402005,0,19.72
2024-04-05 08:00:00,2.69192081917233,2.45466563133512,0,14.76
2024-04-05 09:00:00,3.07315617051879,2.23546493333787,0,21.61
2024-04-05 10:00:00,2.54396141256932,1.86527349716478,0,12.73
2024-04-05 11:00:00,1.73342389221509,1.33342764685371,0,5.66
2024-04-05 12:00:00,0.993251773010283,1.22514779609135,0,2.7
2024-04-05 13:00:00,0.78845736036427,1.13368904901467,0,2.2
2024-04-05 14:00:00,0.770108221696074,1.0860417230252,0,2.16
2024-04-05 15:00:00,0.858661619037519,1.35250403044987,0,2.36
2024-04-05 16:00:00,1.27536280041261,1.63120308932504,0,3.58
2024-04-05 17:00:00,2.17815501461587,1.91374873684856,0,8.83
2024-04-05 18:00:00,2.41858876875035,2.19157778377823,0,11.23
2024-04-05 19:00:00,3.16547504814109,2.76977427429613,0,23.7
2024-04-05 20:00:00,3.10861443061066,3.02423548283748,0,22.39
2024-04-05 21:00:00,2.68920711330073,3.1692129145347,0,14.72
2024-04-05 22:00:00,1.62924053973028,2.90670745127599,0,5.1
2024-04-05 23:00:00,1.49738840862548,2.72470389302768,0,4.47
2024-04-06,1.54756250871601,2.51188128883694,0,4.7
2024-04-06 01:00:00,1.7263316639056,2.42607585984915,0,5.62
2024-04-06 02:00:00,1.74221902366792,2.3471378281436,0,5.71
2024-04-06 03:00:00,1.93585981320181,2.28074124890041,0,6.93
2024-04-06 04:00:00,2.18041745901984,2.23531341725208,0,8.85
2024-04-06 05:00:00,2.8225686545448,2.40375689612127,0,16.82
2024-04-06 06:00:00,2.54238908520136,2.4822535770982,0,12.71
2024-04-06 07:00:00,2.66025953726586,2.37319784178172,0,14.3
2024-04-06 08:00:00,3.00419635196612,1.93263767079727,0,20.17
2024-04-06 09:00:00,2.14710019015365,1.65264888402735,0,8.56
2024-04-06 10:00:00,1.1999647829284,1.20180039827684,0,3.32
2024-04-06 11:00:00,0.246860077931526,0.7306503957958,0,1.28
2024-04-06 12:00:00,0.307484699747961,0.690448456230846,0,1.36
2024-04-06 13:00:00,0.262364264467491,0.785155404125633,0,1.3
2024-04-06 14:00:00,0.418710334858185,0.76542700679856,0,1.52
2024-04-06 15:00:00,0.451075619360217,0.990284147735394,0,1.57
2024-04-06 16:00:00,0.837247524533702,1.18230140380683,0,2.31
2024-04-06 17:00:00,0.904218150639886,1.35385642019403,0,2.47
2024-04-06 18:00:00,1.5830939370945,1.77230234460557,0,4.87
2024-04-06 19:00:00,3.26078522794541,2.41431846259292,0,26.07
2024-04-06 20:00:00,3.61845698981739,3.05241383420512,0,37.28
2024-04-06 21:00:00,3.88957287659055,3.10537711682708,0,48.89
2024-04-06 22:00:00,3.72689752130146,3.14156146130486,0,41.55
2024-04-06 23:00:00,3.6988297849671,3.02176953563007,0,40.4
2024-04-07,3.47475758477018,2.85894464467897,0,32.29
2024-04-07 01:00:00,3.47877551630753,2.81570267849862,0,32.42
2024-04-07 02:00:00,3.12632184325759,2.71623973374107,0,22.79
2024-04-07 03:00:00,3.0189603996732,2.64811258962246,0,20.47
2024-04-07 04:00:00,2.83321334405622,2.60166529697061,0,17
2024-04-07 05:00:00,2.94916463773766,2.70222676445067,0,19.09
2024-04-07 06:00:00,2.8501282996952,2.76657943150443,0,17.29
2024-04-07 07:00:00,2.77633170851862,2.66788350855294,0,16.06
2024-04-07 08:00:00,2.25023861262184,1.83994284086334,0,9.49
2024-04-07 09:00:00,1.93585981320181,1.53642481684841,0,6.93
2024-04-07 10:00:00,1.45628673293993,1.23252076775764,0,4.29
2024-04-07 11:00:00,0.940007258491471,0.701582735833783,0,2.56
2024-04-07 12:00:00,0.148420005118273,0.610056477355421,0,1.16
2024-04-07 13:00:00,0.0582689081239758,0.74935160249822,0,1.06
2024-04-07 14:00:00,0.559615787935423,0.796061865718216,0,1.75
2024-04-07 15:00:00,0.89199803930511,1.09409543899559,0,2.44
2024-04-07 16:00:00,0.512823626428664,1.24672059253615,0,1.67
2024-04-07 17:00:00,1.56024766824333,1.57479522816518,0,4.76
2024-04-07 18:00:00,2.93172694357808,2.03195048001157,0,18.76
2024-04-07 19:00:00,3.39350117502768,2.58523418263419,0,29.77
2024-04-07 20:00:00,3.61899332664977,3.074972543936,0,37.3
2024-04-07 21:00:00,3.8541820057383,3.18039760182845,0,47.19
2024-04-07 22:00:00,3.75161948393512,3.04931538087522,0,42.59
2024-04-07 23:00:00,3.36522472120334,2.96768216217165,0,28.94
2024-04-08,3.19948911106801,2.79613980528869,0,24.52
2024-04-08 01:00:00,3.13853307218566,2.75337514134477,0,23.07
2024-04-08 02:00:00,3.14328983791161,2.66127880772313,0,23.18
2024-04-08 03:00:00,2.96887481938411,2.55599584072286,0,19.47
2024-04-08 04:00:00,2.89203703721523,2.57268998780467,0,18.03
2024-04-08 05:00:00,3.27789916531766,2.72457290815715,0,26.52
2024-04-08 06:00:00,3.40552135314221,2.87751493893784,0,30.13
2024-04-08 07:00:00,3.14199478053224,2.77820087483511,0,23.15
2024-04-08 08:00:00,3.1393996233664,2.23687380367737,0,23.09
2024-04-08 09:00:00,2.62756295018952,1.82407107331679,0,13.84
2024-04-08 10:00:00,1.57691472072854,1.41384693223918,0,4.84
2024-04-08 11:00:00,1.01160091167848,0.901563658563238,0,2.75
2024-04-08 12:00:00,0.615185639090233,0.827884017582538,0,1.85
2024-04-08 13:00:00,0.657520002916794,0.880032005040735,0,1.93
2024-04-08 14:00:00,0.22314355131421,0.858075709962611,0,1.25
2024-04-08 15:00:00,0.631271776841858,1.12915038452209,0,1.88
2024-04-08 16:00:00,1.15688119679209,1.42727722934796,0,3.18
2024-04-08 17:00:00,1.80828877117927,1.60791213298623,0,6.1
2024-04-08 18:00:00,3.09919098192222,1.9268588584203,0,22.18
2024-04-08 19:00:00,3.9887988442302,2.72627220662263,0,53.99
2024-04-08 20:00:00,3.97499780458953,3.08177332720079,0,53.25
2024-04-08 21:00:00,3.81131830130651,3.20639210304176,0,45.21
2024-04-08 22:00:00,3.7789486512028,3.11584184184634,0,43.77
2024-04-08 23:00:00,3.46542335396143,3.01770031529067,0,31.99
2024-04-09,3.39249294103201,2.88503364177453,0,29.74
2024-04-09 01:00:00,3.09149689553837,2.79276958818859,0,22.01
2024-04-09 02:00:00,2.92852352386054,2.70886722302027,0,18.7
2024-04-09 03:00:00,2.73046379593911,2.61458531953889,0,15.34
2024-04-09 04:00:00,2.84839168565528,2.6019447555827,0,17.26
2024-04-09 05:00:00,3.1776370768516,2.70782943612581,0,23.99
2024-04-09 06:00:00,3.04213864636815,2.86328638801016,0,20.95
2024-04-09 07:00:00,2.60046499042227,2.79621106701101,0,13.47
2024-04-09 08:00:00,1.42069578783722,2.06446689849004,0,4.14
2024-04-09 09:00:00,1.14422279992016,1.54194251396083,0,3.14
2024-04-09 10:00:00,0.993251773010283,1.18321018106291,0,2.7
2024-04-09 11:00:00,0.27002713721306,0.750954246786297,0,1.31
2024-04-09 12:00:00,0.46373401623214,0.772970022457961,0,1.59
2024-04-09 13:00:00,0.73716406597672,0.88006704440006,0,2.09
2024-04-09 14:00:00,0.924258901523332,0.957693632895113,0,2.52
2024-04-09 15:00:00,1.43270073393405,1.29621759356147,0,4.19
2024-04-09 16:00:00,1.42791603581071,1.57389571115743,0,4.17
2024-04-09 17:00:00,1.21194097397511,1.58319480898898,0,3.36
2024-04-09 18:00:00,1.83896107071235,1.96735080295474,0,6.29
2024-04-09 19:00:00,3.32034879379883,2.51831056979123,0,27.67
2024-04-09 20:00:00,3.14845336057165,2.7896089783563,0,23.3
2024-04-09 21:00:00,2.61885462229774,2.72850200698789,0,13.72
2024-04-09 22:00:00,2.8541687092322,2.65796255851804,0,17.36
2024-04-09 23:00:00,3.48124008933569,2.91759080834645,0,32.5
2024-04-10,3.36936265814214,2.98454714606465,0,29.06
2024-04-10 01:00:00,3.00766084441926,2.72363087796517,0,20.24
2024-04-10 02:00:00,3.05116698044209,2.94524194597032,0,21.14
2024-04-10 03:00:00,3.03639425527288,2.95602937213998,0,20.83
2024-04-10 04:00:00,2.92316158071916,3.15000892615916,0,18.6
2024-04-10 05:00:00,2.91777073208428,3.09853092403727,0,18.5
2024-04-10 06:00:00,2.69395127672271,3.16456835608086,0,14.79
2024-04-10 07:00:00,2.86562358820697,3.23697520628691,0,17.56
2024-04-10 08:00:00,2.62684014567667,2.66359173703675,0,13.83
2024-04-10 09:00:00,2.49897390699944,2.49221682593053,0,12.17
2024-04-10 10:00:00,1.96711235670592,2.20901726563708,0,7.15
2024-04-10 11:00:00,1.21194097397511,1.41688831835782,0,3.36
2024-04-10 12:00:00,1.07840958135059,1.35789777294207,0,2.94
2024-04-10 13:00:00,1.12817109090965,1.37366059797171,0,3.09
2024-04-10 14:00:00,0.765467842139571,1.41379900073603,0,2.15
2024-04-10 15:00:00,1.12167756159911,1.72277875938976,0,3.07
2024-04-10 16:00:00,1.49962304642689,2.01781868593357,0,4.48
2024-04-10 17:00:00,1.8099267731835,2.17509844421516,0,6.11
2024-04-10 18:00:00,2.30956070673047,2.43802127345582,0,10.07
2024-04-10 19:00:00,3.00270788729042,3.02535301834463,0,20.14
2024-04-10 20:00:00,3.2511493854185,3.52345079626225,0,25.82
2024-04-10 21:00:00,3.36418755602825,3.62172362591751,0,28.91
2024-04-10 22:00:00,3.17136484219715,3.47989586833847,0,23.84
2024-04-10 23:00:00,3.04452243772342,3.36643326371391,0,21
2024-04-11,2.86789890204411,3.26212397119317,0,17.6
2024-04-11 01:00:00,2.65464942437509,3.20080195413776,0,14.22
2024-04-11 02:00:00,2.48906465993666,3.0850269443056,0,12.05
2024-04-11 03:00:00,2.40061883326541,2.89390829785392,0,11.03
2024-04-11 04:00:00,2.34276688262688,2.90623342348211,0,10.41
2024-04-11 05:00:00,2.47905623610982,3.04681954414986,0,11.93
2024-04-11 06:00:00,2.77258872223978,3.25373176118813,0,16
2024-04-11 07:00:00,2.86334308550825,3.04079279034055,0,17.52
2024-04-11 08:00:00,2.54396141256932,2.25978162006613,0,12.73
2024-04-11 09:00:00,2.87469394517693,2.01878753336383,0,17.72
2024-04-11 10:00:00,2.14241634084122,1.53900754920843,0,8.52
2024-04-11 11:00:00,0.385262400790645,0.957870146574708,0,1.47
2024-04-11 12:00:00,0.482426149244293,0.895546044233847,0,1.62
2024-04-11 13:00:00,0.85015092936961,1.03069132203949,0,2.34
2024-04-11 14:00:00,0.900161349944271,1.10010137312989,0,2.46
2024-04-11 15:00:00,1.12817109090965,1.35351158981393,0,3.09
2024-04-11 16:00:00,1.16002091679675,1.64456964086475,0,3.19
2024-04-11 17:00:00,1.36609165380237,1.77536259876082,0,3.92
2024-04-11 18:00:00,2.33698651971138,2.24439805204319,0,10.35
2024-04-11 19:00:00,3.96366623857998,3.00251747127943,0,52.65
2024-04-11 20:00:00,3.83751495325308,3.38065522373712,0,46.41
2024-04-11 21:00:00,3.42848824189806,3.40347794334884,0,30.83
2024-04-11 22:00:00,3.2260500286162,3.30990875876165,0,25.18
2024-04-11 23:00:00,3.29583686600433,3.1630841922853,0,27
2024-04-12,2.89203703721523,3.02426818695031,0,18.03
2024-04-12 01:00:00,2.8130106367387,2.95790717153374,0,16.66
2024-04-12 02:00:00,2.73436750941958,2.8740977424958,0,15.4
2024-04-12 03:00:00,2.69192081917233,2.80363676271288,0,14.76
2024-04-12 04:00:00,2.77071196222692,2.74922283896973,0,15.97
2024-04-12 05:00:00,2.84083131233603,2.93575966973522,0,17.13
2024-04-12 06:00:00,3.23080439573347,3.03974543261035,0,25.3
2024-04-12 07:00:00,2.97297528643137,2.87582510850699,0,19.55
2024-04-12 08:00:00,2.51608226725645,2.24600600742078,0,12.38
2024-04-12 09:00:00,3.32071013074947,1.95040676050548,0,27.68
2024-04-12 10:00:00,2.8530159713524,1.51065589456149,0,17.34
2024-04-12 11:00:00,0.246860077931526,0.865600573438621,0,1.28
2024-04-12 12:00:00,0.139761942375159,0.770243011799956,0,1.15
2024-04-12 13:00:00,0.746687947487975,0.92899480670755,0,2.11
2024-04-12 14:00:00,0.85015092936961,0.969752896320325,0,2.34
2024-04-12 15:00:00,0.76080582903376,1.16282366622612,0,2.14
2024-04-12 16:00:00,0.683096844706444,1.32838431455709,0,1.98
2024-04-12 17:00:00,1.22671229129543,1.57815466894314,0,3.41
2024-04-12 18:00:00,2.67690347210537,2.03991201523687,0,14.54
2024-04-12 19:00:00,3.8885496492425,2.68218428244707,0,48.84
2024-04-12 20:00:00,4.09184143200398,3.17537842598998,0,59.85
2024-04-12 21:00:00,3.87598123408088,3.25000415702711,0,48.23
2024-04-12 22:00:00,4.05664269503809,3.1806285293207,0,57.78
2024-04-12 23:00:00,3.79638766182922,3.09612361605676,0,44.54
2024-04-13,3.57878553131686,2.95093070658014,0,35.83
2024-04-13 01:00:00,3.5907152053267,2.9261970193438,0,36.26
2024-04-13 02:00:00,3.1925318495286,2.74135777482203,0,24.35
2024-04-13 03:00:00,3.18593932462194,2.68873832015836,0,24.19
2024-04-13 04:00:00,3.01012815383772,2.58479815795482,0,20.29
2024-04-13 05:00:00,2.81839825827108,2.6828324414116,0,16.75
2024-04-13 06:00:00,2.61300665241532,2.8063488437356,0,13.64
2024-04-13 07:00:00,2.14710019015365,2.63297245451468,0,8.56
2024-04-13 08:00:00,1.96990565461153,2.01513561556467,0,7.17
2024-04-13 09:00:00,1.79674701073909,1.84906897489601,0,6.03
2024-04-13 10:00:00,1.74396880539171,1.51885610094565,0,5.72
2024-04-13 11:00:00,0.717839793150317,0.963033499540315,0,2.05
2024-04-13 12:00:00,0.62057648772511,0.957742754612317,0,1.86
2024-04-13 13:00:00,0.418710334858185,0.915519865254963,0,1.52
2024-04-13 14:00:00,0.625938430866495,0.876987590663647,0,1.87
2024-04-13 15:00:00,0.858661619037519,1.19887502115585,0,2.36
2024-04-13 16:00:00,1.1314021114911,1.45246394702889,0,3.1
2024-04-13 17:00:00,1.28093384546206,1.63904343397539,0,3.6
2024-04-13 18:00:00,1.55180879959746,2.07755217121591,0,4.72
2024-04-13 19:00:00,2.84665205053984,2.7234877246394,0,17.23
2024-04-13 20:00:00,3.43688622407066,3.19477718591116,0,31.09
2024-04-13 21:00:00,3.22724074119983,3.20847595262557,0,25.21
2024-04-13 22:00:00,3.1561489949599,3.14363078690254,0,23.48
2024-04-13 23:00:00,3.20111910327894,3.03704393714068,0,24.56
2024-04-14,2.86505394991188,2.86939002045535,0,17.55
2024-04-14 01:00:00,2.6447553507299,2.8274123981107,0,14.08
2024-04-14 02:00:00,2.7047112998367,2.63862483805848,0,14.95
2024-04-14 03:00:00,2.79606107842492,2.59644363062145,0,16.38
2024-04-14 04:00:00,2.86162928903051,2.59187103114078,0,17.49
2024-04-14 05:00:00,2.43536620422786,2.64204431659215,0,11.42
2024-04-14 06:00:00,2.05796251000271,2.48743959609847,0,7.83
2024-04-14 07:00:00,1.77664583141801,2.20138863940957,0,5.91
2024-04-14 08:00:00,1.8531680973567,1.87374909471163,0,6.38
2024-04-14 09:00:00,1.50185270175416,1.56565881372126,0,4.49
2024-04-14 10:00:00,1.14422279992016,1.215230510671,0,3.14
2024-04-14 11:00:00,0.506817602368452,0.692857115434375,0,1.66
2024-04-14 12:00:00,0.512823626428664,0.654994626013143,0,1.67
2024-04-14 13:00:00,1.34286480319255,0.910946027419781,0,3.83
2024-04-14 14:00:00,1.01884732019925,1.01226666270738,0,2.77
2024-04-14 15:00:00,1.36353737399727,1.27999300393709,0,3.91
2024-04-14 16:00:00,1.64287268852034,1.58604653837766,0,5.17
2024-04-14 17:00:00,2.71336936257981,1.9406438492841,0,15.08
2024-04-14 18:00:00,2.29556047805708,2.27942420325766,0,9.93
2024-04-14 19:00:00,2.61227324570844,2.73612448778719,0,13.63
2024-04-14 20:00:00,2.76253838638628,2.92767841281911,0,15.84
2024-04-14 21:00:00,3.23553626576131,3.15497604177433,0,25.42
2024-04-14 22:00:00,3.26614101733532,3.14930995782025,0,26.21
2024-04-14 23:00:00,2.83732253680635,3.02764653796094,0,17.07
2024-04-15,1.880990602956,2.70835079944367,0,6.56
2024-04-15 01:00:00,1.60341984010854,2.47612261961046,0,4.97
2024-04-15 02:00:00,2.16905370036952,2.40986648023049,0,8.75
2024-04-15 03:00:00,2.58926666511224,2.3794470479069,0,13.32
2024-04-15 04:00:00,2.28136145654242,2.34846998985841,0,9.79
2024-04-15 05:00:00,2.46640317822344,2.3345169438639,0,11.78
2024-04-15 06:00:00,2.15986879079245,2.32143280623426,0,8.67
2024-04-15 07:00:00,2.76064265122138,2.47625430404599,0,15.81
2024-04-15 08:00:00,2.32140684723463,2.06679050082905,0,10.19
2024-04-15 09:00:00,2.35232718488886,2.11425630643773,0,10.51
2024-04-15 10:00:00,2.45616418092235,2.00910163650283,0,11.66
2024-04-15 11:00:00,2.06559613485778,1.46287583670684,0,7.89
2024-04-15 12:00:00,1.59736533119983,1.32865570621613,0,4.94
2024-04-15 13:00:00,1.24703229378638,1.22053712086482,0,3.48
2024-04-15 14:00:00,1.53039470509365,1.39901582327483,0,4.62
2024-04-15 15:00:00,1.24703229378638,1.54286044722476,0,3.48
2024-04-15 16:00:00,0.887891257352457,1.56348097379093,0,2.43
2024-04-15 17:00:00,1.24126858906963,1.75388412968384,0,3.46
2024-04-15 18:00:00,2.02551319965428,2.25514036988162,0,7.58
2024-04-15 19:00:00,2.37304355664261,2.66667816598328,0,10.73
2024-04-15 20:00:00,2.38047163165112,2.94409107376209,0,10.81
2024-04-15 21:00:00,1.09861228866811,2.49637926958399,0,3
2024-04-15 22:00:00,1.22671229129543,2.3664386862061,0,3.41
2024-04-15 23:00:00,2.63547950826737,2.31934191598937,0,13.95
2024-04-16,2.78809290877575,2.35836795904015,0,16.25
2024-04-16 01:00:00,2.65535241210176,2.31773085652475,0,14.23
2024-04-16 02:00:00,2.46300181439995,2.25348914500591,0,11.74
2024-04-16 03:00:00,2.31451366385932,2.18123875807867,0,10.12
2024-04-16 04:00:00,2.3494686788929,2.18461170674519,0,10.48
2024-04-16 05:00:00,2.61447185414264,2.39701368309037,0,13.66
2024-04-16 06:00:00,2.7813006628418,2.54818897857491,0,16.14
2024-04-16 07:00:00,2.78809290877575,2.47892905247747,0,16.25
2024-04-16 08:00:00,2.25863320546486,1.89075466320646,0,9.57
2024-04-16 09:00:00,2.08815348228186,1.74219071965929,0,8.07
2024-04-16 10:00:00,1.40118297361364,1.40465525873781,0,4.06
2024-04-16 11:00:00,1.31908561142644,1.00955779388855,0,3.74
2024-04-16 12:00:00,1.28093384546206,0.979646353584472,0,3.6
2024-04-16 13:00:00,1.4655675420144,1.16305024722311,0,4.33
2024-04-16 14:00:00,2.00012773496011,1.2476116113527,0,7.39
2024-04-16 15:00:00,3.05635689537043,2.01429663667048,0,21.25
2024-04-16 16:00:00,2.95021175825218,2.1984048520695,0,19.11
2024-04-16 17:00:00,3.6341592419137,2.74860433242247,0,37.87
2024-04-16 18:00:00,3.50525705158693,3.22750906568614,0,33.29
2024-04-16 19:00:00,3.44105891508729,3.9481249618774,0,31.22
2024-04-16 20:00:00,3.41147769106971,3.88722199934167,0,30.31
2024-04-16 21:00:00,3.19663021592088,3.9617067070885,0,24.45
2024-04-16 22:00:00,2.98416563718253,3.6885818793819,0,19.77
2024-04-16 23:00:00,2.58173083442354,3.41713748800471,0,13.22
2024-04-17,2.45787797740008,3.24456130252538,0,11.68
2024-04-17 01:00:00,2.44408465526775,3.1195837648165,0,11.52
2024-04-17 02:00:00,2.41858876875035,2.92351367168976,0,11.23
2024-04-17 03:00:00,2.42921774392741,2.71394938862893,0,11.35
2024-04-17 04:00:00,1.76130026174335,2.45395637440959,0,5.82
2024-04-17 05:00:00,1.79175946922805,2.47286007735568,0,6
2024-04-17 06:00:00,2.3174737054878,2.63058789934488,0,10.15
2024-04-17 07:00:00,2.09433015417359,2.40669585903804,0,8.12
2024-04-17 08:00:00,1.34547236659964,1.93940204343171,0,3.84
2024-04-17 09:00:00,1.67709656090792,2.00780083551779,0,5.35
2024-04-17 10:00:00,1.8213182714696,1.66741232366882,0,6.18
2024-04-17 11:00:00,1.48387468945875,1.16326020545032,0,4.41
2024-04-17 12:00:00,1.68082790852077,1.39340143509014,0,5.37
2024-04-17 13:00:00,2.27931646605469,1.64907549849006,0,9.77
2024-04-17 14:00:00,2.09679018001445,1.57822433358703,0,8.14
2024-04-17 15:00:00,2.20165917440409,1.94138371621568,0,9.04
2024-04-17 16:00:00,1.99197551589856,2.10795512825525,0,7.33
2024-04-17 17:00:00,2.01223279198639,2.21414171199901,0,7.48
2024-04-17 18:00:00,2.22678337957776,2.52185531434357,0,9.27
2024-04-17 19:00:00,2.73696154459663,3.21564170755733,0,15.44
2024-04-17 20:00:00,3.04404613383254,3.64836888547068,0,20.99
2024-04-17 21:00:00,2.96733279903229,3.56394870966584,0,19.44
2024-04-17 22:00:00,3.03302805829769,3.43575940977088,0,20.76
2024-04-17 23:00:00,2.73176672771953,3.28286090279338,0,15.36
2024-04-18,2.71931979336044,3.22116074975309,0,15.17
2024-04-18 01:00:00,2.60417007061482,3.087670829264,0,13.52
2024-04-18 02:00:00,2.60194867021966,3.01713050975638,0,13.49
2024-04-18 03:00:00,2.67138621673062,2.92025997296913,0,14.46
2024-04-18 04:00:00,2.60120710548416,2.89302289674952,0,13.48
2024-04-18 05:00:00,3.12060125559986,3.02996589657725,0,22.66
2024-04-18 06:00:00,3.10593106585207,3.15874350991345,0,22.33
2024-04-18 07:00:00,2.41143949790613,2.66698705721023,0,11.15
2024-04-18 08:00:00,1.38629436111989,1.94497312700806,0,4
2024-04-18 09:00:00,1.62727783056243,1.92777237057387,0,5.09
2024-04-18 10:00:00,1.61740608208328,1.75179513964585,0,5.04
2024-04-18 11:00:00,1.67335123817775,1.15221082460529,0,5.33
2024-04-18 12:00:00,1.44456326924387,1.07454783074392,0,4.24
2024-04-18 13:00:00,1.73871024813824,1.17991730140897,0,5.69
2024-04-18 14:00:00,1.5830939370945,1.25731445512514,0,4.87
2024-04-18 15:00:00,1.94161522477243,1.56308139338982,0,6.97
2024-04-18 16:00:00,1.65632149833295,1.85687924504098,0,5.24
2024-04-18 17:00:00,1.81645208181843,2.01148423749952,0,6.15
2024-04-18 18:00:00,2.02814824729229,2.24805013302074,0,7.6
2024-04-18 19:00:00,2.47569771070269,2.83842168630311,0,11.89
2024-04-18 20:00:00,3.19703913025903,3.49564379185683,0,24.46
2024-04-18 21:00:00,3.27487801498349,3.61599049050966,0,26.44
2024-04-18 22:00:00,3.09149689553837,3.49685492835629,0,22.01
2024-04-18 23:00:00,2.929058140286,3.35668477999111,0,18.71
2024-04-19,2.88535921607262,3.27023380732127,0,17.91
2024-04-19 01:00:00,2.81839825827108,2.88235352204176,0,16.75
2024-04-19 02:00:00,2.68512269645851,2.68558974312288,0,14.66
2024-04-19 03:00:00,2.62249231274056,2.57792435084831,0,13.77
2024-04-19 04:00:00,2.46385324059017,2.51954062366027,0,11.75
2024-04-19 05:00:00,2.56725439113675,2.58171034776578,0,13.03
2024-04-19 06:00:00,2.69799986524871,2.66578481323996,0,14.85
2024-04-19 07:00:00,2.77881927199042,2.58474816015665,0,16.1
2024-04-19 08:00:00,2.59151638484626,2.08762805390849,0,13.35
2024-04-19 09:00:00,2.20276475771183,1.84685862564839,0,9.05
2024-04-19 10:00:00,1.77495235091167,1.54765918837948,0,5.9
2024-04-19 11:00:00,1.7630170003624,1.15327228517198,0,5.83
2024-04-19 12:00:00,1.96571277635149,1.22614169586963,0,7.14
2024-04-19 13:00:00,2.1540850846756,1.42493230683629,0,8.62
2024-04-19 14:00:00,2.88088243187505,1.74577151957387,0,17.83
2024-04-19 15:00:00,3.03254624667671,2.27464372231948,0,20.75
2024-04-19 16:00:00,2.66374994220563,2.34330036488496,0,14.35
2024-04-19 17:00:00,2.38416507998647,2.45859039758027,0,10.85
2024-04-19 18:00:00,2.30458309565672,2.7749071676726,0,10.02
2024-04-19 19:00:00,2.30458309565672,3.18553030314439,0,10.02
2024-04-19 20:00:00,2.48823443988067,3.4123891721314,0,12.04
2024-04-19 21:00:00,2.7239235502585,3.45738714501224,0,15.24
2024-04-19 22:00:00,2.82553689655788,3.46901989583589,0,16.87
2024-04-19 23:00:00,2.64688376586472,3.25476794708106,0,14.11
2024-04-20,2.50143595173921,3.12584705222064,0,12.2
2024-04-20 01:00:00,2.45100509811232,2.98297118963415,0,11.6
2024-04-20 02:00:00,2.29556047805708,2.80864580713567,0,9.93
2024-04-20 03:00:00,2.5408142817263,2.87712429362906,0,12.69
2024-04-20 04:00:00,2.49897390699944,2.73523212539103,0,12.17
2024-04-20 05:00:00,2.42480272571829,2.77924654217655,0,11.3
2024-04-20 06:00:00,2.33891702224144,2.69858008150914,0,10.37
2024-04-20 07:00:00,2.04769284336526,2.65560967455118,0,7.75
2024-04-20 08:00:00,2.07065303564676,2.15626214982538,0,7.93
2024-04-20 09:00:00,2.20386912005489,1.98802083535028,0,9.06
2024-04-20 10:00:00,1.89761985992753,1.81458477081303,0,6.67
2024-04-20 11:00:00,1.63899671467564,1.22394340392241,0,5.15
2024-04-20 12:00:00,1.4747630091075,1.16665543945031,0,4.37
2024-04-20 13:00:00,1.79009141212736,1.37120507090402,0,5.99
2024-04-20 14:00:00,1.59127394180643,1.44899850148796,0,4.91
2024-04-20 15:00:00,1.4747630091075,1.62505309506935,0,4.37
2024-04-20 16:00:00,1.81482474215905,1.82470239835267,0,6.14
2024-04-20 17:00:00,1.7404661748405,2.06076763490838,0,5.7
2024-04-20 18:00:00,2.08069076108027,2.44740839581508,0,8.01
2024-04-20 19:00:00,2.99172425215645,3.06033058389989,0,19.92
2024-04-20 20:00:00,3.13113691056019,3.69190625049585,0,22.9
2024-04-20 21:00:00,3.02042488614436,3.74073342910463,0,20.5
2024-04-20 22:00:00,3.03591406318682,3.58304467872299,0,20.82
2024-04-20 23:00:00,2.73436750941958,3.38258587295888,0,15.4
2024-04-21,2.56109578814555,3.18610188950826,0,12.95
2024-04-21 01:00:00,2.68239045432163,3.16452695550746,0,14.62
2024-04-21 02:00:00,2.74470351875025,3.00111075369549,0,15.56
2024-04-21 03:00:00,2.66930937278578,2.91181527983311,0,14.43
2024-04-21 04:00:00,2.72457950305342,2.77624433916851,0,15.25
2024-04-21 05:00:00,2.77881927199042,2.79295377080741,0,16.1
2024-04-21 06:00:00,2.65253749117195,2.81561489334719,0,14.19
2024-04-21 07:00:00,2.60786147384678,2.78964632146034,0,13.57
2024-04-21 08:00:00,2.32825283974262,2.31904419156753,0,10.26
2024-04-21 09:00:00,1.7281094421516,1.98518242728078,0,5.63
2024-04-21 10:00:00,1.33500106673234,1.49337435992053,0,3.8
2024-04-21 11:00:00,1.17557332980424,0.941154316778231,0,3.24
2024-04-21 12:00:00,1.3244189574018,0.999890096593091,0,3.76
2024-04-21 13:00:00,1.23547147138531,1.08401761524194,0,3.44
2024-04-21 14:00:00,1.34286480319255,1.09423183224572,0,3.83
2024-04-21 15:00:00,1.4655675420144,1.49507998067701,0,4.33
2024-04-21 16:00:00,1.87487437593856,1.64423043202685,0,6.52
2024-04-21 17:00:00,2.01223279198639,1.92808395100635,0,7.48
2024-04-21 18:00:00,2.28949985344539,2.28014235414964,0,9.87
2024-04-21 19:00:00,2.25339484880327,2.77073091868261,0,9.52
2024-04-21 20:00:00,2.72457950305342,3.31582675470366,0,15.25
2024-04-21 21:00:00,3.24649099190117,3.670746286641,0,25.7
2024-04-21 22:00:00,3.00320428839269,3.58884439831204,0,20.15
2024-04-21 23:00:00,2.96062309644042,3.43820413561971,0,19.31
2024-04-22,2.91831112658541,3.2773444532715,0,18.51
2024-04-22 01:00:00,2.89148225218019,3.18238464114495,0,18.02
2024-04-22 02:00:00,2.88981604796244,3.0470877021548,0,17.99
2024-04-22 03:00:00,2.82967768922391,2.99970541308331,0,16.94
2024-04-22 04:00:00,2.82612948916781,2.92526548881564,0,16.88
2024-04-22 05:00:00,2.98163334917449,3.15474018055618,0,19.72
2024-04-22 06:00:00,3.48523211060523,3.25113833245036,0,32.63
2024-04-22 07:00:00,3.34638914516716,2.80119657693556,0,28.4
2024-04-22 08:00:00,2.73631366637507,2.46014198290216,0,15.43
2024-04-22 09:00:00,2.41233595695316,2.19807401671724,0,11.16
2024-04-22 10:00:00,1.90061387414014,1.70793753415969,0,6.69
2024-04-22 11:00:00,1.79175946922805,1.31708611522179,0,6
2024-04-22 12:00:00,1.58923520511658,1.2498016033282,0,4.9
2024-04-22 13:00:00,1.74745921033147,1.46135406599361,0,5.74
2024-04-22 14:00:00,1.60542989103656,1.404034229945,0,4.98
2024-04-22 15:00:00,1.52388002407245,1.69206592185545,0,4.59
2024-04-22 16:00:00,1.87640694328834,2.01820496343442,0,6.53
2024-04-22 17:00:00,2.10169215061466,2.15727879439109,0,8.18
2024-04-22 18:00:00,2.20165917440409,2.4151816758973,0,9.04
2024-04-22 19:00:00,2.42125662271154,2.85193115647011,0,11.26
2024-04-22 20:00:00,2.68852753461335,3.2052829338861,0,14.71
2024-04-22 21:00:00,2.90306858869057,3.44387246682072,0,18.23
2024-04-22 22:00:00,3.05305734017326,3.59592016436538,0,21.18
2024-04-22 23:00:00,3.09874002362822,3.5559361304147,0,22.17
2024-04-23,3.01209762764026,3.37026842648078,0,20.33
2024-04-23 01:00:00,2.82849635417808,3.22225988004525,0,16.92
2024-04-23 02:00:00,2.75684036527164,3.15818025433861,0,15.75
2024-04-23 03:00:00,2.7427736371606,3.0706097512573,0,15.53
2024-04-23 04:00:00,2.79361608943186,3.03644659766621,0,16.34
2024-04-23 05:00:00,3.29398329735501,3.21991930532157,0,26.95
2024-04-23 06:00:00,3.65635626240838,3.20614541670741,0,38.72
2024-04-23 07:00:00,3.65970807681366,2.93664065536319,0,38.85
2024-04-23 08:00:00,3.56614668873164,2.48771640904331,0,35.38
2024-04-23 09:00:00,2.55489902160804,2.02348546178986,0,12.87
2024-04-23 10:00:00,1.43746264769429,1.65105026355402,0,4.21
2024-04-23 11:00:00,1.44926916028128,1.19364083145982,0,4.26
2024-04-23 12:00:00,1.3244189574018,1.11860399772886,0,3.76
2024-04-23 13:00:00,1.1314021114911,1.12586314140248,0,3.1
2024-04-23 14:00:00,1.87180217690159,1.28998755561119,0,6.5
2024-04-23 15:00:00,1.69927861643389,1.62930570258591,0,5.47
2024-04-23 16:00:00,1.85159946958407,1.97057056010621,0,6.37
2024-04-23 17:00:00,2.36273901581379,2.21835512382653,0,10.62
2024-04-23 18:00:00,2.70805020110221,2.53718324582349,0,15
2024-04-23 19:00:00,2.93757335938046,2.98799442854402,0,18.87
2024-04-23 20:00:00,3.18635263316264,3.16185310069151,0,24.2
2024-04-23 21:00:00,3.11839228628988,3.21627167234777,0,22.61
2024-04-23 22:00:00,3.13983261752775,3.20907640783516,0,23.1
2024-04-23 23:00:00,3.12015985192904,3.13626603594313,0,22.65
2024-04-24,3.18138162044062,3.02134801470676,0,24.08
2024-04-24 01:00:00,2.90853906185161,2.88852409447528,0,18.33
2024-04-24 02:00:00,2.62684014567667,2.72017116524605,0,13.83
2024-04-24 03:00:00,2.65955999194178,2.60729201366014,0,14.29
2024-04-24 04:00:00,2.82197394742052,2.67275151039299,0,16.81
2024-04-24 05:00:00,3.09240516081425,2.75665296976574,0,22.03
2024-04-24 06:00:00,3.07592881554827,2.93951652593874,0,21.67
2024-04-24 07:00:00,2.73371794785079,2.76779302035568,0,15.39
2024-04-24 08:00:00,2.59600069729359,2.1825980705236,0,13.41
2024-04-24 09:00:00,2.08567209143047,1.87237593820423,0,8.05
2024-04-24 10:00:00,2.13179677201376,1.49162445805344,0,8.43
2024-04-24 11:00:00,1.65822807660353,1.14748621956734,0,5.25
2024-04-24 12:00:00,1.73695123273306,1.13620522160163,0,5.68
2024-04-24 13:00:00,1.67335123817775,1.33968669396932,0,5.33
2024-04-24 14:00:00,1.76644166124377,1.33200385274795,0,5.85
2024-04-24 15:00:00,1.80005827204275,1.6104960309935,0,6.05
2024-04-24 16:00:00,2.2060741926132,1.95247521659921,0,9.08
2024-04-24 17:00:00,2.61520365073586,2.18645924800391,0,13.67
2024-04-24 18:00:00,2.86105737022739,2.51766122295699,0,17.48
2024-04-24 19:00:00,2.98568193770049,3.02889051221346,0,19.8
2024-04-24 20:00:00,3.33148996923734,3.50354455797181,0,27.98
2024-04-24 21:00:00,3.31236616795554,3.56807410748753,0,27.45
2024-04-24 22:00:00,3.15145314855077,3.49990334004827,0,23.37
2024-04-24 23:00:00,3.08007342198774,3.38679837637152,0,21.76
2024-04-25,3.04547436544881,3.2191079183405,0,21.02
2024-04-25 01:00:00,2.91343703082716,3.19197068102227,0,18.42
2024-04-25 02:00:00,2.83790818836042,3.0230662463993,0,17.08
2024-04-25 03:00:00,2.77321352700862,2.81849042133519,0,16.01
2024-04-25 04:00:00,2.95282477254271,2.79557462658098,0,19.16
2024-04-25 05:00:00,2.91017438519234,2.903872461257,0,18.36
2024-04-25 06:00:00,2.94759189822606,3.0114175562296,0,19.06
2024-04-25 07:00:00,2.94127608775793,2.89768738657289,0,18.94
2024-04-25 08:00:00,2.34180580614733,2.19170971029648,0,10.4
2024-04-25 09:00:00,1.8961194845523,2.01231516936997,0,6.66
2024-04-25 10:00:00,1.5830939370945,1.81409311246636,0,4.87
2024-04-25 11:00:00,1.60341984010854,1.27047273620903,0,4.97
2024-04-25 12:00:00,2.34468626901268,1.35521463849951,0,10.43
2024-04-25 13:00:00,2.54788144894939,1.8052031197759,0,12.78
2024-04-25 14:00:00,3.09421922026864,2.03926400567024,0,22.07
2024-04-25 15:00:00,3.14845336057165,2.77280602979712,0,23.3
2024-04-25 16:00:00,2.18267479632149,2.17497630087871,0,8.87
2024-04-25 17:00:00,1.80005827204275,2.31032373901002,0,6.05
2024-04-25 18:00:00,1.96290772542388,2.60754245827007,0,7.12
2024-04-25 19:00:00,2.44060639089142,3.08813352890728,0,11.48
2024-04-25 20:00:00,3.60848251704191,3.56468861720456,0,36.91
2024-04-25 21:00:00,3.06572464537403,3.50309116989349,0,21.45
2024-04-25 22:00:00,2.96836107675786,3.41873425618977,0,19.46
2024-04-25 23:00:00,2.82908719614504,3.39624914653525,0,16.93
2024-04-26,2.62756295018952,3.27727199982981,0,13.84
2024-04-26 01:00:00,2.60786147384678,3.21984636382136,0,13.57
2024-04-26 02:00:00,2.63476240533238,3.07042341425939,0,13.94
2024-04-26 03:00:00,2.60046499042227,2.92780699813494,0,13.47
2024-04-26 04:00:00,2.72850620966959,2.91285540728878,0,15.31
2024-04-26 05:00:00,3.15059698411491,3.05468734533226,0,23.35
2024-04-26 06:00:00,3.21967550503877,3.16123104306994,0,25.02
2024-04-26 07:00:00,3.48093234968101,3.05673173009907,0,32.49
2024-04-26 08:00:00,3.25963381734037,2.45763421601021,0,26.04
2024-04-26 09:00:00,2.2935443483419,2.09428108915871,0,9.91
2024-04-26 10:00:00,1.48387468945875,1.65281853416041,0,4.41
2024-04-26 11:00:00,0.732367893713227,0.964260906020461,0,2.08
2024-04-26 12:00:00,0.900161349944271,0.89887746138629,0,2.46
2024-04-26 13:00:00,1.08518926833597,0.994013115354636,0,2.96
2024-04-26 14:00:00,1.30291275218084,1.11978870477729,0,3.68
2024-04-26 15:00:00,1.36609165380237,1.3821025135448,0,3.92
2024-04-26 16:00:00,1.35325450704169,1.61527810227188,0,3.87
2024-04-26 17:00:00,1.75785791755237,1.89228109422858,0,5.8
2024-04-26 18:00:00,2.45272775142377,2.18237196584341,0,11.62
2024-04-26 19:00:00,3.05541527571516,2.79962951072585,0,21.23
2024-04-26 20:00:00,3.14199478053224,3.16029132451348,0,23.15
2024-04-26 21:00:00,2.98618686071046,3.21334056360534,0,19.81
2024-04-26 22:00:00,3.10995341764401,3.05870144025261,0,22.42
2024-04-26 23:00:00,3.25076201373052,3.02173532621658,0,25.81
2024-04-27,3.19088778832803,2.91949119446573,0,24.31
2024-04-27 01:00:00,3.10503500844444,2.81844225027301,0,22.31
2024-04-27 02:00:00,2.90032208874933,2.67198683871352,0,18.18
2024-04-27 03:00:00,2.83380140640777,2.56056880471689,0,17.01
2024-04-27 04:00:00,2.89259151463448,2.52763149527495,0,18.04
2024-04-27 05:00:00,3.14415227867226,2.6473734591394,0,23.2
2024-04-27 06:00:00,3.47258737774883,2.71188912335446,0,32.22
2024-04-27 07:00:00,3.07315617051879,2.39138030655212,0,21.61
2024-04-27 08:00:00,1.62727783056243,1.69983804963033,0,5.09
2024-04-27 09:00:00,1.51951320490611,1.5562569297547,0,4.57
2024-04-27 10:00:00,1.43508452528932,1.20103179429297,0,4.2
2024-04-27 11:00:00,0.405465108108164,0.680955865515442,0,1.5
2024-04-27 12:00:00,0.871293365943419,0.613796263855384,0,2.39
2024-04-27 13:00:00,0.672944473242426,0.707106585973751,0,1.96
2024-04-27 14:00:00,0.593326845277734,0.649165250157009,0,1.81
2024-04-27 15:00:00,1.05082162483176,0.872267600590792,0,2.86
2024-04-27 16:00:00,1.12492959698548,1.07620292277926,0,3.08
2024-04-27 17:00:00,1.42069578783722,1.20555652967917,0,4.14
2024-04-27 18:00:00,1.55392520250384,1.56015637460035,0,4.73
2024-04-27 19:00:00,2.63619609733423,2.15568878679699,0,13.96
2024-04-27 20:00:00,3.02237420450041,2.41941229080988,0,20.54
2024-04-27 21:00:00,3.20396521213245,2.43379667524471,0,24.63
2024-04-27 22:00:00,3.31200180285768,2.54317651930536,0,27.44
2024-04-27 23:00:00,3.2047769004887,2.3231541597972,0,24.65
2024-04-28,3.23198946401358,2.31866540914046,0,25.33
2024-04-28 01:00:00,3.3403852422654,2.31113791129162,0,28.23
2024-04-28 02:00:00,2.98517675961447,2.38999849600681,0,19.79
2024-04-28 03:00:00,3.24298290021143,2.56018555107232,0,25.61
2024-04-28 04:00:00,3.42556473811045,2.61795432053299,0,30.74
2024-04-28 05:00:00,3.37519557912315,2.62047325317208,0,29.23
2024-04-28 06:00:00,3.28914787785353,2.69855099081272,0,26.82
2024-04-28 07:00:00,2.8225686545448,2.2152311184596,0,16.82
2024-04-28 08:00:00,1.27536280041261,1.51706473106357,0,3.58
2024-04-28 09:00:00,1.89911798754855,1.48338207309332,0,6.68
2024-04-28 10:00:00,1.69561560867515,1.26636294663362,0,5.45
2024-04-28 11:00:00,1.12167756159911,0.850035094552645,0,3.07
2024-04-28 12:00:00,1.50185270175416,0.858865044606448,0,4.49
2024-04-28 13:00:00,0.824175442966349,0.940332928420002,0,2.28
2024-04-28 14:00:00,0.815364813284194,0.909386601983554,0,2.26
2024-04-28 15:00:00,1.26976054486394,1.17209579907233,0,3.56
2024-04-28 16:00:00,1.38629436111989,1.39516436478746,0,4
2024-04-28 17:00:00,1.12167756159911,1.53622428389431,0,3.07
2024-04-28 18:00:00,1.24415459395877,1.829037689402,0,3.47
2024-04-28 19:00:00,1.44926916028128,2.3780107796491,0,4.26
2024-04-28 20:00:00,3.5418285114019,2.67462464073779,0,34.53
2024-04-28 21:00:00,3.83168025274561,2.76966101999887,0,46.14
2024-04-28 22:00:00,3.52988372262348,2.75495716592341,0,34.12
2024-04-28 23:00:00,3.65609796458956,2.79741415085262,0,38.71
2024-04-29,3.69411572090918,2.82633083997781,0,40.21
2024-04-29 01:00:00,3.5307625860168,2.71948449197778,0,34.15
2024-04-29 02:00:00,3.37895177271484,2.63737564542311,0,29.34
2024-04-29 03:00:00,3.18304137185898,2.56981162849752,0,24.12
2024-04-29 04:00:00,3.13983261752775,2.65141196431161,0,23.1
2024-04-29 05:00:00,3.51690418937413,2.82582002541333,0,33.68
2024-04-29 06:00:00,3.54558628428746,2.76183347655267,0,34.66
2024-04-29 07:00:00,3.14630513203337,2.39791044009355,0,23.25
2024-04-29 08:00:00,1.20297230399235,1.46856372705884,0,3.33
2024-04-29 09:00:00,1.07500242302898,1.33784476786271,0,2.93
2024-04-29 10:00:00,1.01523067972906,1.05532948379587,0,2.76
2024-04-29 11:00:00,0.940007258491471,0.649030759380179,0,2.56
2024-04-29 12:00:00,1.08856195281461,0.673358165477595,0,2.97
2024-04-29 13:00:00,0.912282710476616,0.77812685114873,0,2.49
2024-04-29 14:00:00,0.985816794522765,0.821488837361692,0,2.68
2024-04-29 15:00:00,1.20597080698861,1.05397903890538,0,3.34
2024-04-29 16:00:00,1.24126858906963,1.43018149304284,0,3.46
2024-04-29 17:00:00,1.28093384546206,1.51745376267487,0,3.6
2024-04-29 18:00:00,1.42791603581071,1.81646858547975,0,4.17
2024-04-29 19:00:00,3.2801590532851,2.53663001914507,0,26.58
2024-04-29 20:00:00,4.27318785463973,3.0875104165434,0,71.75
2024-04-29 21:00:00,4.14345213632913,3.23690602551306,0,63.02
2024-04-29 22:00:00,3.8448142557347,3.2033689495612,0,46.75
2024-04-29 23:00:00,3.61010677294854,3.08228954258457,0,36.97
2024-04-30,3.44744463282748,2.9327283509414,0,31.42
2024-04-30 01:00:00,2.95282477254271,2.83861114935752,0,19.16
2024-04-30 02:00:00,2.42125662271154,2.73099222382095,0,11.26
2024-04-30 03:00:00,2.06305806242931,2.57673919056532,0,7.87
2024-04-30 04:00:00,2.22462355152433,2.51363594191686,0,9.25
2024-04-30 05:00:00,3.29546642702991,2.73793947474841,0,26.99
2024-04-30 06:00:00,3.17220341666977,2.57686504332842,0,23.86
2024-04-30 07:00:00,2.62394369180521,2.14603021014319,0,13.79
2024-04-30 08:00:00,0.683096844706444,1.36337074746035,0,1.98
2024-04-30 09:00:00,1.10525683138678,1.27015668059748,0,3.02
2024-04-30 10:00:00,0.947789398933526,0.972833248502193,0,2.58
2024-04-30 11:00:00,0.431782416425538,0.548250769033318,0,1.54
2024-04-30 12:00:00,0.717839793150317,0.436631929086186,0,2.05
2024-04-30 13:00:00,0.198850858745165,0.452124127127287,0,1.22
2024-04-30 14:00:00,0.246860077931526,0.446120131632308,0,1.28
2024-04-30 15:00:00,0.60431596685333,0.75787656918403,0,1.83
2024-04-30 16:00:00,0.751416088683921,0.962538594595893,0,2.12
2024-04-30 17:00:00,0.978326122793608,1.11956903858103,0,2.66
2024-04-30 18:00:00,1.47932922708708,1.41157851463616,0,4.39
2024-04-30 19:00:00,2.1126345090356,1.96992809703086,0,8.27
2024-04-30 20:00:00,2.50878592357794,2.16325614251846,0,12.29
2024-04-30 21:00:00,2.58324255050886,2.1414823899769,0,13.24
2024-04-30 22:00:00,2.85359250639287,2.26891558010305,0,17.35
2024-04-30 23:00:00,2.96062309644042,2.09107640679942,0,19.31
2024-05-01,3.10413814739778,1.98381438165193,0,22.29
2024-05-01 01:00:00,2.91180703861623,2.02443993447636,0,18.39
2024-05-01 02:00:00,3.06105173967463,2.15226052149116,0,21.35
2024-05-01 03:00:00,3.02334744058696,1.76190918167246,0,20.56
2024-05-01 04:00:00,2.84607149899958,1.75775102881724,0,17.22
2024-05-01 05:00:00,3.28391422104742,2.01931636878182,0,26.68
2024-05-01 06:00:00,3.19785645764413,1.93851494272017,0,24.48
2024-05-01 07:00:00,2.09801792725277,1.70124447083495,0,8.15
2024-05-01 08:00:00,1.05082162483176,1.12666164818514,0,2.86
2024-05-01 09:00:00,1.35583515363518,1.05774988842407,0,3.88
2024-05-01 10:00:00,1.3297240096315,0.860273800426139,0,3.78
2024-05-01 11:00:00,0.970778917158225,0.340982389460484,0,2.64
2024-05-01 12:00:00,1.15057202759882,0.289339303193555,0,3.16
2024-05-01 13:00:00,1.16002091679675,0.480560718168573,0,3.19
2024-05-01 14:00:00,1.00430160919687,0.602674127458512,0,2.73
2024-05-01 15:00:00,1.05431202977153,0.829025169338789,0,2.87
2024-05-01 16:00:00,1.3609765531356,1.17271313024162,0,3.9
2024-05-01 17:00:00,1.6752256529721,1.3040958667095,0,5.34
2024-05-01 18:00:00,1.87640694328834,1.66043163935107,0,6.53
2024-05-01 19:00:00,2.05923883436232,2.05696791891238,0,7.84
2024-05-01 20:00:00,2.71204222237175,2.33328103228175,0,15.06
2024-05-01 21:00:00,2.78006073707848,2.33432303527002,0,16.12
2024-05-01 22:00:00,2.67207754064339,2.4769904670756,0,14.47
2024-05-01 23:00:00,2.8501282996952,2.37755301838665,0,17.29
2024-05-02,2.88480071284671,2.25774744833161,0,17.9
2024-05-02 01:00:00,2.63332665490627,2.21366066621646,0,13.92
2024-05-02 02:00:00,2.50634193050807,1.97384745641797,0,12.26
2024-05-02 03:00:00,2.38967979984498,1.8202107330104,0,10.91
2024-05-02 04:00:00,2.00552585872967,1.67016804283788,0,7.43
2024-05-02 05:00:00,1.67147330335355,1.77919118800844,0,5.32
2024-05-02 06:00:00,1.75440368268429,1.90489152658603,0,5.78
2024-05-02 07:00:00,1.54329810992956,1.74944156810683,0,4.68
2024-05-02 08:00:00,1.1999647829284,1.21633703600581,0,3.32
2024-05-02 09:00:00,1.85473426838944,1.22523040455892,0,6.39
2024-05-02 10:00:00,1.71918877639322,0.791479192319177,0,5.58
2024-05-02 11:00:00,1.16315080980568,0.439059459201205,0,3.2
2024-05-02 12:00:00,1.17248213723457,0.313057601616056,0,3.23
2024-05-02 13:00:00,1.62531126159039,0.678380594084122,0,5.08
2024-05-02 14:00:00,1.51292701205326,0.727822196261681,0,4.54
2024-05-02 15:00:00,1.33762918913861,0.932148400007109,0,3.81
2024-05-02 16:00:00,1.43508452528932,1.2182097790315,0,4.2
2024-05-02 17:00:00,1.46325540225602,1.32051341100378,0,4.32
2024-05-02 18:00:00,1.48839958405704,1.7462226101126,0,4.43
2024-05-02 19:00:00,2.17133680638409,2.20860501026876,0,8.77
2024-05-02 20:00:00,2.82790516291049,2.58832051915537,0,16.91
2024-05-02 21:00:00,2.80154054418955,2.44410589051364,0,16.47
2024-05-02 22:00:00,2.61447185414264,2.24340967189023,0,13.66
2024-05-02 23:00:00,2.89591193827178,2.42344212859756,0,18.1
2024-05-03,2.8570447537801,2.29841059676652,0,17.41
2024-05-03 01:00:00,2.81241021642645,2.34547005765272,0,16.65
2024-05-03 02:00:00,2.89977188240808,2.25603230992445,0,18.17
2024-05-03 03:00:00,2.95699144523756,2.27944743012365,0,19.24
2024-05-03 04:00:00,3.06898273529358,2.27521148685978,0,21.52
2024-05-03 05:00:00,3.05069383162797,2.59284383340241,0,21.13
2024-05-03 06:00:00,2.76190687389292,2.52614305881399,0,15.83
2024-05-03 07:00:00,2.59450815970308,2.47567786568444,0,13.39
2024-05-03 08:00:00,2.14124194258528,1.99330253868012,0,8.51
2024-05-03 09:00:00,1.66013102674962,1.93524536890018,0,5.26
2024-05-03 10:00:00,1.59330853050422,1.70440287340123,0,4.92
2024-05-03 11:00:00,1.49514876603197,1.265689705983,0,4.46
2024-05-03 12:00:00,1.42551507427317,1.25472149751444,0,4.16
2024-05-03 13:00:00,1.08180517035173,1.23799658767299,0,2.95
2024-05-03 14:00:00,1.26129787094521,1.44103266526586,0,3.53
2024-05-03 15:00:00,1.35325450704169,1.69669613221738,0,3.87
2024-05-03 16:00:00,2.03470564783844,2.03912542181546,0,7.65
2024-05-03 17:00:00,4.0714170575784,3.03526929445195,0,58.64
2024-05-03 18:00:00,4.5290447955986,3.01027237827676,0,92.67
2024-05-03 19:00:00,3.59922823216129,3.40620029366057,0,36.57
2024-05-03 20:00:00,2.82731362192903,3.72052030895926,0,16.9
2024-05-03 21:00:00,3.2468800212778,4.01872258498042,0,25.71
2024-05-03 22:00:00,2.8142103969306,3.46146487983304,0,16.68
2024-05-03 23:00:00,2.2935443483419,3.23459526234088,0,9.91
2024-05-04,2.25863320546486,3.00576617211838,0,9.57
2024-05-04 01:00:00,2.29253475714054,2.97585798428494,0,9.9
2024-05-04 02:00:00,1.97546895129686,2.78692767580079,0,7.21
2024-05-04 03:00:00,1.78170913337455,2.64385739841885,0,5.94
2024-05-04 04:00:00,2.04898233419513,2.59264300413262,0,7.76
2024-05-04 05:00:00,2.01223279198639,2.68302038992718,0,7.48
2024-05-04 06:00:00,2.00552585872967,2.73440907353344,0,7.43
2024-05-04 07:00:00,1.9387416595767,2.43854121371419,0,6.95
2024-05-04 08:00:00,1.41098697371026,1.8400420460507,0,4.1
2024-05-04 09:00:00,1.38128181929635,1.73642326374434,0,3.98
2024-05-04 10:00:00,1.35583515363518,1.64680046871891,0,3.88
2024-05-04 11:00:00,1.20297230399235,1.1953374623446,0,3.33
2024-05-04 12:00:00,1.16938135955632,1.20867031845646,0,3.22
2024-05-04 13:00:00,0.712949807856125,1.26300670133181,0,2.04
2024-05-04 14:00:00,0.587786664902119,1.20445652871542,0,1.8
2024-05-04 15:00:00,1.14103300455206,1.49382829734628,0,3.13
2024-05-04 16:00:00,1.4747630091075,1.70277970968636,0,4.37
2024-05-04 17:00:00,1.74919985480926,1.9679559778507,0,5.75
2024-05-04 18:00:00,1.73342389221509,2.19966292751205,0,5.66
2024-05-04 19:00:00,2.06686275947298,2.66820132945056,0,7.9
2024-05-04 20:00:00,3.1629401925379,3.25265012184464,0,23.64
2024-05-04 21:00:00,3.83102984621861,3.31939381989814,0,46.11
2024-05-04 22:00:00,3.73122029460346,3.25157794778982,0,41.73
2024-05-04 23:00:00,3.59264384623311,3.12719691856963,0,36.33
2024-05-05,3.51124688680611,3.04368118772771,0,33.49
2024-05-05 01:00:00,3.22525543183224,2.86457159329765,0,25.16
2024-05-05 02:00:00,3.03927057556847,2.76313924758788,0,20.89
2024-05-05 03:00:00,2.68444033546308,2.69571659960137,0,14.65
2024-05-05 04:00:00,2.65324196460721,2.59918971915745,0,14.2
2024-05-05 05:00:00,2.35042242240821,2.67390347964826,0,10.49
2024-05-05 06:00:00,2.43711598595165,2.6425366242661,0,11.44
2024-05-05 07:00:00,2.54474665014402,2.42082466432104,0,12.74
2024-05-05 08:00:00,2.46979301197795,2.10010399398628,0,11.82
2024-05-05 09:00:00,2.01490302054226,1.90795373294716,0,7.5
2024-05-05 10:00:00,1.6752256529721,1.75544765427584,0,5.34
2024-05-05 11:00:00,1.13462272619114,1.1788549803489,0,3.11
2024-05-05 12:00:00,1.30562645805244,1.25286937531577,0,3.69
2024-05-05 13:00:00,1.40609698841607,1.21527733596023,0,4.08
2024-05-05 14:00:00,1.708377860289,1.4127379749878,0,5.52
2024-05-05 15:00:00,1.04027671165515,1.44391641303395,0,2.83
2024-05-05 16:00:00,1.31908561142644,1.67974064788896,0,3.74
2024-05-05 17:00:00,1.44456326924387,2.00243597945921,0,4.24
2024-05-05 18:00:00,1.56861591791385,2.24261179561284,0,4.8
2024-05-05 19:00:00,2.91614779421115,2.85990776038422,0,18.47
2024-05-05 20:00:00,3.17930304974838,3.17608830985897,0,24.03
2024-05-05 21:00:00,3.19703913025903,3.26194747014677,0,24.46
2024-05-05 22:00:00,3.05305734017326,3.17698764000219,0,21.18
2024-05-05 23:00:00,2.8724340572095,3.06729418802799,0,17.68
2024-05-06,2.80578168959555,2.97706621285277,0,16.54
2024-05-06 01:00:00,2.78562833574758,2.9811915896751,0,16.21
2024-05-06 02:00:00,2.63691217326887,2.89975925239012,0,13.97
2024-05-06 03:00:00,2.48823443988067,2.77204732595418,0,12.04
2024-05-06 04:00:00,2.53369681395743,2.67426548713844,0,12.6
2024-05-06 05:00:00,2.64971462408925,2.83503852233069,0,14.15
2024-05-06 06:00:00,2.74406063862524,2.86179181514908,0,15.55
2024-05-06 07:00:00,2.90744735868642,2.85910196783984,0,18.31
2024-05-06 08:00:00,2.96836107675786,2.34680323998947,0,19.46
2024-05-06 09:00:00,2.89425310460414,2.25328616609328,0,18.07
2024-05-06 10:00:00,3.0652583362026,2.18196211744486,0,21.44
2024-05-06 11:00:00,3.36591556751752,1.88854422513241,0,28.96
2024-05-06 12:00:00,2.61666563930036,1.65399523050278,0,13.69
2024-05-06 13:00:00,2.09679018001445,1.81617047208414,0,8.14
2024-05-06 14:00:00,1.8531680973567,1.75163796087281,0,6.38
2024-05-06 15:00:00,1.31103187661934,1.94564606729603,0,3.71
2024-05-06 16:00:00,1.4747630091075,2.1866012235666,0,4.37
2024-05-06 17:00:00,1.96150224381515,2.28710578211494,0,7.11
2024-05-06 18:00:00,2.88144312715186,2.76321795714922,0,17.84
2024-05-06 19:00:00,3.32790958589232,3.2089862799475,0,27.88
2024-05-06 20:00:00,3.0130809118886,3.45513747953969,0,20.35
2024-05-06 21:00:00,2.86505394991188,3.53023800826171,0,17.55
2024-05-06 22:00:00,2.39880395073459,3.20649243006197,0,11.01
2024-05-06 23:00:00,1.94448055624572,3.05078890605849,0,6.99
2024-05-07,2.18717424148272,2.8812652867118,0,8.91
2024-05-07 01:00:00,2.59301339111385,2.99152131071456,0,13.37
2024-05-07 02:00:00,2.7047112998367,2.87410450847012,0,14.95
2024-05-07 03:00:00,2.58324255050886,2.79551588716255,0,13.24
2024-05-07 04:00:00,2.41054223449914,2.73811303418405,0,11.14
2024-05-07 05:00:00,2.22893855282575,2.90125275893368,0,9.29
2024-05-07 06:00:00,2.2690283094652,3.02632723274639,0,9.67
2024-05-07 07:00:00,2.53210825127229,3.07097564784985,0,12.58
2024-05-07 08:00:00,2.64688376586472,2.64213514752877,0,14.11
2024-05-07 09:00:00,2.58021682959233,2.64732663181262,0,13.2
2024-05-07 10:00:00,2.46979301197795,2.5250088610432,0,11.82
2024-05-07 11:00:00,2.58701187272515,2.06603885648477,0,13.29
2024-05-07 12:00:00,2.24177295359729,1.92818093367533,0,9.41
2024-05-07 13:00:00,2.0906287310704,1.97820068399619,0,8.09
2024-05-07 14:00:00,1.85941811770187,2.1006184781798,0,6.42
2024-05-07 15:00:00,1.73871024813824,2.27444308009321,0,5.69
2024-05-07 16:00:00,1.69377906086785,2.45734518808919,0,5.44
2024-05-07 17:00:00,1.44220199305819,2.53857148386508,0,4.23
2024-05-07 18:00:00,1.71018781553424,2.83312238021595,0,5.53
2024-05-07 19:00:00,1.85629799036563,3.25884959024304,0,6.4
2024-05-07 20:00:00,2.04898233419513,3.48478471664971,0,7.76
2024-05-07 21:00:00,2.17588743994809,3.51083937801808,0,8.81
2024-05-07 22:00:00,2.22462355152433,3.29670534024459,0,9.25
2024-05-07 23:00:00,2.17247640764703,3.1717188193671,0,8.78
2024-05-08,1.83896107071235,2.94274186963486,0,6.29
2024-05-08 01:00:00,1.88403474533723,2.74996477073521,0,6.58
2024-05-08 02:00:00,1.97269117173296,2.62914221061397,0,7.19
2024-05-08 03:00:00,2.15059873599616,2.51871729149886,0,8.59
2024-05-08 04:00:00,2.06686275947298,2.5044370007881,0,7.9
2024-05-08 05:00:00,2.37861977927004,2.58492051231169,0,10.79
2024-05-08 06:00:00,2.29152414563462,2.63541871782123,0,9.89
2024-05-08 07:00:00,2.03470564783844,2.56787142287049,0,7.65
2024-05-08 08:00:00,1.75785791755237,2.12507934371609,0,5.8
2024-05-08 09:00:00,1.69927861643389,2.01924699693893,0,5.47
2024-05-08 10:00:00,1.5830939370945,1.78323995047157,0,4.87
2024-05-08 11:00:00,1.57897870494939,1.28210794798696,0,4.85
2024-05-08 12:00:00,1.16002091679675,1.10843501524555,0,3.19
2024-05-08 13:00:00,1.26129787094521,1.40116267878812,0,3.53
2024-05-08 14:00:00,1.20597080698861,1.28861694068623,0,3.34
2024-05-08 15:00:00,1.04380405217311,1.4693597140136,0,2.84
2024-05-08 16:00:00,1.25561603747777,1.58984352455476,0,3.51
2024-05-08 17:00:00,1.23547147138531,1.71631532154643,0,3.44
2024-05-08 18:00:00,1.49962304642689,2.11367015870223,0,4.48
2024-05-08 19:00:00,2.06939120582633,2.55768203556075,0,7.92
2024-05-08 20:00:00,3.09467222140889,3.17304169744222,0,22.08
2024-05-08 21:00:00,3.54558628428746,3.4328251322908,0,34.66
2024-05-08 22:00:00,3.47815842279828,3.40044049032221,0,32.4
2024-05-08 23:00:00,3.24454357161678,3.27960185436144,0,25.65
2024-05-09,3.06152001409199,3.11892285871975,0,21.36
2024-05-09 01:00:00,2.9391619220656,3.03552450233639,0,18.9
2024-05-09 02:00:00,2.73436750941958,2.92936594868063,0,15.4
2024-05-09 03:00:00,2.64688376586472,2.90261141166838,0,14.11
2024-05-09 04:00:00,2.63762773680566,2.93733710733216,0,13.98
2024-05-09 05:00:00,2.82316300820271,3.08097854378033,0,16.83
2024-05-09 06:00:00,3.18511219471539,2.79749302926592,0,24.17
2024-05-09 07:00:00,3.03927057556847,2.48031410215177,0,20.89
2024-05-09 08:00:00,2.11745960886736,1.82581611214465,0,8.31
2024-05-09 09:00:00,1.82616089594539,1.53816802261449,0,6.21
2024-05-09 10:00:00,1.07500242302898,1.22404381387163,0,2.93
2024-05-09 11:00:00,0.647103242058538,0.768757482104318,0,1.91
2024-05-09 12:00:00,0.883767540168595,0.758040463528202,0,2.42
2024-05-09 13:00:00,0.912282710476616,0.962975875129935,0,2.49
2024-05-09 14:00:00,1.08180517035173,0.946756978043757,0,2.95
2024-05-09 15:00:00,1.36863942588117,1.30657304909295,0,3.93
2024-05-09 16:00:00,1.72988406550997,1.4471017377549,0,5.64
2024-05-09 17:00:00,1.61143591509677,1.69038330120174,0,5.01
2024-05-09 18:00:00,2.06939120582633,2.04550801486766,0,7.92
2024-05-09 19:00:00,2.3494686788929,2.55502889772489,0,10.48
2024-05-09 20:00:00,3.56529839234258,3.19490910613141,0,35.35
2024-05-09 21:00:00,3.44585202220259,3.27765804337677,0,31.37
2024-05-09 22:00:00,3.34250838531348,3.25464902192537,0,28.29
2024-05-09 23:00:00,3.2519236789144,3.11609351113405,0,25.84
2024-05-10,3.13636340329374,2.9938355466695,0,23.02
2024-05-10 01:00:00,3.05729762921215,2.98377012532583,0,21.27
2024-05-10 02:00:00,2.99071973173045,2.90413976448234,0,19.9
2024-05-10 03:00:00,2.85876641848083,2.83469955180808,0,17.44
2024-05-10 04:00:00,2.8541687092322,2.74881685716047,0,17.36
2024-05-10 05:00:00,3.18800416120111,2.91532879498229,0,24.24
2024-05-10 06:00:00,3.42751468997953,2.92356870711119,0,30.8
2024-05-10 07:00:00,3.05964559929764,2.5457852644602,0,21.32
2024-05-10 08:00:00,2.57945896672922,2.05618116812187,0,13.19
2024-05-10 09:00:00,2.4932054526027,1.64259202513274,0,12.1
2024-05-10 10:00:00,0.593326845277734,1.17289653750678,0,1.81
2024-05-10 11:00:00,0.542324290825362,0.746844401819147,0,1.72
2024-05-10 12:00:00,0.385262400790645,0.648557279398571,0,1.47
2024-05-10 13:00:00,0.783901543828409,0.838037719617563,0,2.19
2024-05-10 14:00:00,1.00063188030791,0.899728907935365,0,2.72
2024-05-10 15:00:00,1.00795792039998,1.11274700506529,0,2.74
2024-05-10 16:00:00,1.44691898293633,1.3487592533732,0,4.25
2024-05-10 17:00:00,1.35066718347674,1.48889727097312,0,3.86
2024-05-10 18:00:00,1.71918877639322,1.86871638050477,0,5.58
2024-05-10 19:00:00,2.84665205053984,2.31949889183904,0,17.23
2024-05-10 20:00:00,3.3235961356386,2.77653497221696,0,27.76
2024-05-10 21:00:00,3.90035520056046,3.15187939905921,0,49.42
2024-05-10 22:00:00,3.71039629757619,3.15616278539734,0,40.87
2024-05-10 23:00:00,3.63098547569503,3.11603474152365,0,37.75
2024-05-11,3.3881121421135,2.9590744885358,0,29.61
2024-05-11 01:00:00,3.17387845893747,2.90210209922694,0,23.9
2024-05-11 02:00:00,3.0174937653355,2.76479280405001,0,20.44
2024-05-11 03:00:00,2.87694873756402,2.71933267003591,0,17.76
2024-05-11 04:00:00,2.88981604796244,2.76176116499001,0,17.99
2024-05-11 05:00:00,2.93332481342537,2.76449456572076,0,18.79
2024-05-11 06:00:00,2.93598226914822,2.77284000613322,0,18.84
2024-05-11 07:00:00,2.76631910922619,2.61240088313399,0,15.9
2024-05-11 08:00:00,2.27109442590267,2.03945382757344,0,9.69
2024-05-11 09:00:00,2.02551319965428,1.85609293400599,0,7.58
2024-05-11 10:00:00,1.88555334851442,1.32394611817894,0,6.59
2024-05-11 11:00:00,0.8754687373539,0.793900206088675,0,2.4
2024-05-11 12:00:00,2.36930872503695,0.95163406267714,0,10.69
2024-05-11 13:00:00,2.36179695262589,1.0615344994155,0,10.61
2024-05-11 14:00:00,0.947789398933526,1.05624370382418,0,2.58
2024-05-11 15:00:00,1.11514159061932,1.28426196499668,0,3.05
2024-05-11 16:00:00,1.29198368164865,1.51531213806155,0,3.64
2024-05-11 17:00:00,1.36353737399727,1.7466491292746,0,3.91
2024-05-11 18:00:00,1.9154509415706,2.21565643682654,0,6.79
2024-05-11 19:00:00,2.95491027903374,2.56474489854388,0,19.2
2024-05-11 20:00:00,3.21406426787098,2.88134162485375,0,24.88
2024-05-11 21:00:00,3.65325227647079,3.06853707000834,0,38.6
2024-05-11 22:00:00,3.51690418937413,3.19617970821199,0,33.68
2024-05-11 23:00:00,3.54385368206368,3.14817585143148,0,34.6
2024-05-12,3.35585127989528,2.99275847445542,0,28.67
2024-05-12 01:00:00,3.08007342198774,2.88780621779002,0,21.76
2024-05-12 02:00:00,2.86448398694404,2.76700316458105,0,17.54
2024-05-12 03:00:00,2.78932292123095,2.69088410345316,0,16.27
2024-05-12 04:00:00,2.69799986524871,2.67849111700864,0,14.85
2024-05-12 05:00:00,2.6447553507299,2.75364501134065,0,14.08
2024-05-12 06:00:00,2.56648663678042,2.65131373919153,0,13.02
2024-05-12 07:00:00,2.12823170584927,2.22296415845042,0,8.4
2024-05-12 08:00:00,1.5830939370945,1.75716760486904,0,4.87
2024-05-12 09:00:00,1.24415459395877,1.62563520410248,0,3.47
2024-05-12 10:00:00,1.26694760348732,1.41656285746496,0,3.55
2024-05-12 11:00:00,0.85015092936961,0.890315353059092,0,2.34
2024-05-12 12:00:00,1.17557332980424,1.102077035438,0,3.24
2024-05-12 13:00:00,1.41827740697294,1.28051165303727,0,4.13
2024-05-12 14:00:00,1.06125650212434,1.11564225883709,0,2.89
2024-05-12 15:00:00,0.765467842139571,1.19154309809583,0,2.15
2024-05-12 16:00:00,1.19392246847243,1.47806889965255,0,3.3
2024-05-12 17:00:00,1.31372366828506,1.74414571870259,0,3.72
2024-05-12 18:00:00,1.23256026117785,1.99540281299917,0,3.43
2024-05-12 19:00:00,1.43270073393405,2.42109467816602,0,4.19
2024-05-12 20:00:00,2.76000994003292,3.00430699847544,0,15.8
2024-05-12 21:00:00,2.52412736294128,3.26072439746928,0,12.48
2024-05-12 22:00:00,2.54788144894939,3.24842190430417,0,12.78
2024-05-12 23:00:00,1.72988406550997,2.63747008661666,0,5.64
2024-05-13,1.96990565461153,2.40531780668422,0,7.17
2024-05-13 01:00:00,2.60046499042227,2.11395633656051,0,13.47
2024-05-13 02:00:00,1.90657514365664,2.0006441058471,0,6.73
2024-05-13 03:00:00,2.54474665014402,2.1979032278036,0,12.74
2024-05-13 04:00:00,3.34073941262504,2.4733920669203,0,28.24
2024-05-13 05:00:00,3.60195898208323,2.6715959687718,0,36.67
2024-05-13 06:00:00,4.22522661511,2.60182875155811,0,68.39
2024-05-13 07:00:00,3.46197885392201,2.1408271206341,0,31.88
2024-05-13 08:00:00,1.18478998490916,1.40414388181569,0,3.27
2024-05-13 09:00:00,1.23837423104327,1.29573123632962,0,3.45
2024-05-13 10:00:00,1.08180517035173,0.989717262366572,0,2.95
2024-05-13 11:00:00,0.828551817566148,0.563254522917181,0,2.29
2024-05-13 12:00:00,0.966983846189673,0.489482972414206,0,2.63
2024-05-13 13:00:00,0.928219302739429,0.670505253697839,0,2.53
2024-05-13 14:00:00,1.05431202977153,0.760238938050287,0,2.87
2024-05-13 15:00:00,1.69377906086785,1.04109367894863,0,5.44
2024-05-13 16:00:00,1.69561560867515,1.28756140784305,0,5.45
2024-05-13 17:00:00,1.57277392806251,1.43786015457808,0,4.82
2024-05-13 18:00:00,1.51072193949494,1.74675294923925,0,4.53
2024-05-13 19:00:00,1.90657514365664,2.24987839087499,0,6.73
2024-05-13 20:00:00,3.28166281296697,2.7905634690264,0,26.62
2024-05-13 21:00:00,4.37096568731446,3.06152013355305,0,79.12
2024-05-13 22:00:00,3.85354607566917,3.02702758542906,0,47.16
2024-05-13 23:00:00,3.26499576048175,3.00159052243036,0,26.18
2024-05-14,3.3221541743217,2.96398026970555,0,27.72
2024-05-14 01:00:00,3.36314931402463,2.89455551465606,0,28.88
2024-05-14 02:00:00,3.27714473299218,2.81874665839442,0,26.5
2024-05-14 03:00:00,3.15016862685841,2.72587332259805,0,23.34
2024-05-14 04:00:00,3.09421922026864,2.71874713270161,0,22.07
2024-05-14 05:00:00,3.2910104226274,2.85501358766124,0,26.87
2024-05-14 06:00:00,3.37622139559198,2.57783017475597,0,29.26
2024-05-14 07:00:00,2.56955412384829,2.13536439067924,0,13.06
2024-05-14 08:00:00,0.78845736036427,1.44519248064289,0,2.2
2024-05-14 09:00:00,1.05082162483176,1.24574128678702,0,2.86
2024-05-14 10:00:00,1.01160091167848,0.932457404391274,0,2.75
2024-05-14 11:00:00,0.708035793053696,0.410648229577206,0,2.03
2024-05-14 12:00:00,0.593326845277734,0.389443888790938,0,1.81
2024-05-14 13:00:00,0.712949807856125,0.488888222220104,0,2.04
2024-05-14 14:00:00,0.712949807856125,0.537800468427348,0,2.04
2024-05-14 15:00:00,0.99694863489161,0.848002330288979,0,2.71
2024-05-14 16:00:00,1.13462272619114,1.05146767710248,0,3.11
2024-05-14 17:00:00,1.20597080698861,1.19128650349075,0,3.34
2024-05-14 18:00:00,1.39376637595859,1.45658688506469,0,4.03
2024-05-14 19:00:00,1.84054963339749,1.92864879601539,0,6.3
2024-05-14 20:00:00,2.33117254984596,2.41519617893051,0,10.29
2024-05-14 21:00:00,2.72915916431245,2.62799403254843,0,15.32
2024-05-14 22:00:00,2.91885122921803,2.72842703980565,0,18.52
2024-05-14 23:00:00,2.95595140354215,2.78987099975347,0,19.22
2024-05-15,2.52332575969195,2.75226587334904,0,12.47
2024-05-15 01:00:00,2.98971420122843,2.72861424468658,0,19.88
2024-05-15 10:00:00,1.23837423104327,0.767165691307383,0,3.45
2024-05-15 11:00:00,1.03673688495002,0.236564534705955,0,2.82
2024-05-15 12:00:00,0.832909122935104,0.309976120484032,0,2.3
2024-05-15 13:00:00,0.751416088683921,0.243991480377256,0,2.12
2024-05-15 14:00:00,0.883767540168595,0.308963362034699,0,2.42
2024-05-15 15:00:00,1.10856261952128,0.696109982358847,0,3.03
2024-05-15 16:00:00,1.22964055107451,0.896559530017177,0,3.42
2024-05-15 17:00:00,1.30562645805244,1.09403611619271,0,3.69
2024-05-15 18:00:00,1.38379123090177,1.42987765263273,0,3.99
2024-05-15 19:00:00,1.86252854011626,1.95116349040556,0,6.44
2024-05-15 20:00:00,2.60343015197211,2.26875000400786,0,13.51
2024-05-15 21:00:00,2.88480071284671,2.33752632048411,0,17.9
2024-05-15 22:00:00,2.86334308550825,2.22819285271485,0,17.52
2024-05-15 23:00:00,2.79422789734326,2.16062897673264,0,16.35
2024-05-16,2.70537997254633,2.15775674563724,0,14.96
2024-05-16 01:00:00,2.72654478373837,2.06191341058633,0,15.28
2024-05-16 02:00:00,2.72261035243354,1.90061397772804,0,15.22
2024-05-16 03:00:00,2.64262239577975,1.86505340608918,0,14.05
2024-05-16 04:00:00,2.60638654732571,1.8057767246018,0,13.55
2024-05-16 05:00:00,2.65605490598383,1.98310529595582,0,14.24
2024-05-16 06:00:00,2.69259809654329,2.01299344957856,0,14.77
2024-05-16 07:00:00,2.07442899985629,1.7963653206024,0,7.96
2024-05-16 08:00:00,1.33500106673234,1.37969131417096,0,3.8
2024-05-16 09:00:00,1.34025042261848,1.1722070291117,0,3.82
2024-05-16 10:00:00,1.35066718347674,0.696899832700247,0,3.86
2024-05-16 11:00:00,0.936093359170335,0.215359989913191,0,2.55
2024-05-16 12:00:00,1.41342302850814,0.410289748469311,0,4.11
2024-05-16 13:00:00,1.38629436111989,0.561614985315794,0,4
2024-05-16 14:00:00,2.38967979984498,0.980156382764284,0,10.91
2024-05-16 15:00:00,2.10657020906809,1.32567681395987,0,8.22
2024-05-16 16:00:00,1.98650354602057,1.47117744489085,0,7.29
2024-05-16 17:00:00,1.71018781553424,1.63409249147518,0,5.53
2024-05-16 18:00:00,1.87333945622048,2.00602380047258,0,6.51
2024-05-16 19:00:00,2.04381436403668,2.44354059783431,0,7.72
2024-05-16 20:00:00,2.26488322581003,2.62602333215965,0,9.63
2024-05-16 21:00:00,2.25863320546486,2.49833837594709,0,9.57
2024-05-16 22:00:00,2.38784493694487,2.442978461886,0,10.89
2024-05-16 23:00:00,2.43536620422786,2.37293305721666,0,11.42
2024-05-17,2.46894663020927,2.24670897785813,0,11.81
2024-05-17 01:00:00,2.05796251000271,2.01064213809941,0,7.83
2024-05-17 02:00:00,1.47932922708708,1.90050638701241,0,4.39
2024-05-17 03:00:00,1.43270073393405,1.7173864409181,0,4.19
2024-05-17 04:00:00,1.43270073393405,1.50056423948311,0,4.19
2024-05-17 05:00:00,1.44456326924387,1.66080101392903,0,4.24
2024-05-17 06:00:00,1.42310833424261,1.72032863065466,0,4.15
2024-05-17 09:00:00,3.640739078786,1.47356504728821,0,38.12
2024-05-17 10:00:00,4.01457959375324,1.76977373358462,0,55.4
2024-05-17 11:00:00,3.49953328238302,1.27679620069277,0,33.1
2024-05-17 12:00:00,3.30761903470259,1.62863758491096,0,27.32
2024-05-17 13:00:00,3.00667221359233,1.77586484854189,0,20.22
2024-05-17 14:00:00,2.50307395374345,1.85630268758486,0,12.22
2024-05-17 15:00:00,2.88926002904347,2.43055938748733,0,17.98
2024-05-17 16:00:00,2.70537997254633,2.48799214930564,0,14.96
2024-05-17 17:00:00,2.02946317187359,2.47123700189275,0,7.61
2024-05-17 18:00:00,2.17247640764703,2.69653936234902,0,8.78
2024-05-17 19:00:00,2.45958884180371,3.35656509440729,0,11.7
2024-05-17 20:00:00,2.36179695262589,3.44805534607258,0,10.61
2024-05-17 21:00:00,2.39242579699384,3.43323559486481,0,10.94
2024-05-17 22:00:00,2.37583555473364,3.23977709006915,0,10.76
2024-05-17 23:00:00,2.20497226412705,3.08212939320825,0,9.07
2024-05-18,1.78170913337455,2.7393481344324,0,5.94
2024-05-18 01:00:00,1.81482474215905,2.57316237005843,0,6.14
2024-05-18 02:00:00,1.73871024813824,2.40985428322143,0,5.69
2024-05-18 03:00:00,2.36273901581379,2.43326618866673,0,10.62
2024-05-18 04:00:00,2.507971922719,2.38937940205832,0,12.28
2024-05-18 05:00:00,2.15176220325946,2.37404700417591,0,8.6
2024-05-18 06:00:00,2.14241634084122,2.38312671293188,0,8.52
2024-05-18 07:00:00,1.97823903617067,2.4607424196548,0,7.23
2024-05-18 08:00:00,1.9387416595767,1.9373532760954,0,6.95
2024-05-18 09:00:00,2.14124194258528,2.12392197484795,0,8.51
2024-05-18 10:00:00,1.82776990675109,1.83349591718761,0,6.22
2024-05-18 11:00:00,1.46093790411566,1.22980294431049,0,4.31
2024-05-18 12:00:00,1.48160454092422,1.47174004373222,0,4.4
2024-05-18 13:00:00,2.72129542785223,1.89131328812274,0,15.2
2024-05-18 14:00:00,2.06812778177956,1.76404186399474,0,7.91
2024-05-18 15:00:00,1.30833281965018,1.77219093059441,0,3.7
2024-05-18 16:00:00,3.04737550670583,2.8761290899156,0,21.06
2024-05-18 17:00:00,2.86733055874947,2.52295303560977,0,17.59
2024-05-18 18:00:00,2.84607149899958,3.05766577083527,0,17.22
2024-05-18 19:00:00,2.46555392127219,3.41787224454916,0,11.77
2024-05-18 20:00:00,2.73111547403321,3.57741575177902,0,15.35
2024-05-18 21:00:00,2.24389609664537,3.62916710456479,0,9.43
2024-05-18 22:00:00,1.80828877117927,3.46763507438296,0,6.1
2024-05-18 23:00:00,1.7227665977411,3.31227596703912,0,5.6
2024-05-19,2.05796251000271,3.14673360890196,0,7.83
2024-05-19 01:00:00,2.21484617868604,2.96518162913979,0,9.16
2024-05-19 02:00:00,1.99470031322475,2.87564736314046,0,7.35
2024-05-19 03:00:00,1.99333884262642,2.76302997505001,0,7.34
2024-05-19 04:00:00,2.0360119837525,2.67908828300894,0,7.66
2024-05-19 05:00:00,2.31648799816304,2.71393146651749,0,10.14
2024-05-19 06:00:00,2.5360749363624,2.64856360802726,0,12.63
2024-05-19 07:00:00,2.49897390699944,2.6339571469803,0,12.17
2024-05-19 08:00:00,1.91250108692418,2.07395699185656,0,6.77
2024-05-19 09:00:00,1.53686721959926,2.07886563968488,0,4.65
2024-05-19 10:00:00,1.78002421300963,1.85951341295383,0,5.93
2024-05-19 11:00:00,1.39128190263093,1.24244567988022,0,4.02
2024-05-19 12:00:00,1.30291275218084,1.17167881576436,0,3.68
2024-05-19 13:00:00,1.38128181929635,1.34603727136243,0,3.98
2024-05-19 14:00:00,0.593326845277734,1.10377954686153,0,1.81
2024-05-19 15:00:00,0.65232518603969,1.2688067993807,0,1.92
2024-05-19 16:00:00,1.85002837735203,1.91590129931771,0,6.36
2024-05-19 17:00:00,1.8531680973567,1.97573157836936,0,6.38
2024-05-19 18:00:00,1.22671229129543,2.13638868618144,0,3.41
2024-05-19 19:00:00,2.11021320034659,2.63748401856058,0,8.25
2024-05-19 20:00:00,3.29768700529249,3.30709536874958,0,27.05
2024-05-19 21:00:00,3.82428409112014,3.43934563143664,0,45.8
2024-05-19 22:00:00,3.60332156575229,3.36565463513852,0,36.72
2024-05-19 23:00:00,3.05917644611053,3.21916638330222,0,21.31
2024-05-20,2.94180393152844,3.0637935104418,0,18.95
2024-05-20 01:00:00,2.7638002162067,3.05100403510342,0,15.86
2024-05-20 02:00:00,2.57489968831471,2.88325737266907,0,13.13
2024-05-20 03:00:00,2.43711598595165,2.77336794441242,0,11.44
2024-05-20 04:00:00,2.37397508908072,2.70724675296602,0,10.74
2024-05-20 05:00:00,2.3887627892351,2.88902932728782,0,10.9
2024-05-20 06:00:00,2.90526037038992,2.91055436625906,0,18.27
2024-05-20 07:00:00,2.68512269645851,2.45575935834905,0,14.66
2024-05-20 08:00:00,1.49065437644413,1.8247019569174,0,4.44
2024-05-20 09:00:00,1.58719230348678,1.69581013789796,0,4.89
2024-05-20 10:00:00,1.1999647829284,1.35896494068388,0,3.32
2024-05-20 11:00:00,0.598836501088704,0.772554695850601,0,1.82
2024-05-20 12:00:00,0.641853886172395,0.694472818194686,0,1.9
2024-05-20 13:00:00,0.657520002916794,0.918307963748034,0,1.93
2024-05-20 14:00:00,0.662687973075237,0.854112781136502,0,1.94
2024-05-20 15:00:00,1.05779029414785,1.02015964225498,0,2.88
2024-05-20 16:00:00,1.18784342239605,1.33391059122599,0,3.28
2024-05-20 17:00:00,1.39624469197306,1.5932409987889,0,4.04
2024-05-20 18:00:00,1.41342302850814,1.8467023219566,0,4.11
2024-05-20 19:00:00,3.1925318495286,2.36664643873888,0,24.35
2024-05-20 20:00:00,3.72737875326455,2.86028493728594,0,41.57
2024-05-20 21:00:00,4.10726078748865,3.17672275331487,0,60.78
2024-05-20 22:00:00,3.82034621685624,3.16387724201425,0,45.62
2024-05-20 23:00:00,3.63811233706028,3.04434638796078,0,38.02
2024-05-21,3.30688670219091,2.88355210427486,0,27.3
2024-05-21 01:00:00,3.13375357145137,2.8304298277561,0,22.96
2024-05-21 02:00:00,2.88088243187505,2.72146971277439,0,17.83
2024-05-21 03:00:00,2.96269241947579,2.65484810558878,0,19.35
2024-05-21 04:00:00,2.95178038602481,2.65173187535792,0,19.14
2024-05-21 05:00:00,3.13636340329374,2.79146467084436,0,23.02
2024-05-21 06:00:00,3.09240516081425,2.60424674933105,0,22.03
2024-05-21 07:00:00,2.65324196460721,2.37542616328157,0,14.2
2024-05-21 08:00:00,1.03673688495002,1.45997928783804,0,2.82
2024-05-21 09:00:00,1.21787570949493,1.16310965814492,0,3.38
2024-05-21 10:00:00,0.858661619037519,0.974785685521075,0,2.36
2024-05-21 11:00:00,0.89199803930511,0.565196746499364,0,2.44
2024-05-21 12:00:00,1.12167756159911,0.567416960467133,0,3.07
2024-05-21 13:00:00,3.16082289341958,1.07001306287322,0,23.59
2024-05-21 14:00:00,4.0804146566886,1.70793728631276,0,59.17
2024-05-21 15:00:00,3.96726847965412,2.08429297842532,0,52.84
2024-05-21 16:00:00,2.50715725872282,2.1678626431254,0,12.27
2024-05-21 17:00:00,1.76130026174335,2.26230647309335,0,5.82
2024-05-21 18:00:00,2.08193842187842,2.51122043888317,0,8.02
2024-05-21 19:00:00,2.27624111765444,2.87566479717667,0,9.74
2024-05-21 20:00:00,1.48613969608961,3.06541703220935,0,4.42
2024-05-21 21:00:00,2.7669478423497,3.27576872950526,0,15.91
2024-05-21 22:00:00,3.38608374385211,3.29079902309864,0,29.55
2024-05-21 23:00:00,3.13549421592915,3.13122360324435,0,23
2024-05-22,2.73566536813518,2.93736812057542,0,15.42
2024-05-22 01:00:00,2.45702144629846,2.84160829197491,0,11.67
2024-05-22 02:00:00,2.43449016387398,2.80765684186935,0,11.41
2024-05-22 03:00:00,2.34084380511114,2.55572602517783,0,10.39
2024-05-22 04:00:00,2.43886271128659,2.49174836624357,0,11.46
2024-05-22 05:00:00,2.16447179086441,2.53953474103118,0,8.71
2024-05-22 06:00:00,1.44220199305819,2.45540581807823,0,4.23
2024-05-22 07:00:00,1.34025042261848,2.33703026985376,0,3.82
2024-05-22 08:00:00,1.14103300455206,1.67068751821893,0,3.13
2024-05-22 09:00:00,1.31640823365572,1.87756477040093,0,3.73
2024-05-22 10:00:00,2.77008559202166,2.35640782588732,0,15.96
2024-05-22 11:00:00,3.2092294478164,1.70423391012514,0,24.76
2024-05-22 12:00:00,2.6159349121944,1.72792316714309,0,13.68
2024-05-22 13:00:00,2.1540850846756,1.85022524881298,0,8.62
2024-05-22 14:00:00,1.50407739677627,1.80304106753917,0,4.5
2024-05-22 15:00:00,1.30291275218084,2.05292009785919,0,3.68
2024-05-22 16:00:00,1.53686721959926,2.33871705320349,0,4.65
2024-05-22 17:00:00,1.37624402526639,2.29346861018468,0,3.96
2024-05-22 18:00:00,2.19833507162025,2.50428228754428,0,9.01
2024-05-22 19:00:00,1.71739505393919,2.90420209124463,0,5.57
2024-05-22 20:00:00,1.86717610851281,3.2363279395186,0,6.47
2024-05-22 21:00:00,2.68375750853317,3.43218556173364,0,14.64
2024-05-22 22:00:00,2.84954976337591,3.19962359122743,0,17.28
2024-05-22 23:00:00,2.94021956362373,3.13805506250479,0,18.92
2024-05-23,2.75937682826755,3.00748412520556,0,15.79
2024-05-23 01:00:00,2.56417983068251,2.84973847116207,0,12.99
2024-05-23 02:00:00,2.40061883326541,2.67311935864831,0,11.03
2024-05-23 03:00:00,2.23323501485925,2.61814678766178,0,9.33
2024-05-23 04:00:00,2.18605127673809,2.52733457498321,0,8.9
2024-05-23 05:00:00,2.52412736294128,2.6410377797055,0,12.48
2024-05-23 06:00:00,2.2975725511705,2.74079617916863,0,9.95
2024-05-23 07:00:00,2.06559613485778,2.59352985528011,0,7.89
2024-05-23 08:00:00,1.21491274436427,1.81592919338398,0,3.37
2024-05-23 09:00:00,0.854415328156068,1.48936390453378,0,2.35
2024-05-23 10:00:00,0.727548607277278,1.17780188252678,0,2.07
2024-05-23 11:00:00,0.765467842139571,0.789113645792349,0,2.15
2024-05-23 12:00:00,1.09861228866811,0.844521004441564,0,3
2024-05-23 13:00:00,0.916290731874155,0.926984986259433,0,2.5
2024-05-23 14:00:00,1.04731899428056,1.05304482877143,0,2.85
2024-05-23 15:00:00,1.43508452528932,1.36716313409887,0,4.2
2024-05-23 16:00:00,1.30562645805244,1.44792393429304,0,3.69
2024-05-23 17:00:00,1.91985947185537,1.68193940819009,0,6.82
2024-05-23 18:00:00,1.97685495290473,1.94985870925367,0,7.22
2024-05-23 19:00:00,1.89160480419777,2.31297628630225,0,6.63
2024-05-23 20:00:00,3.08648663682246,2.85218307674181,0,21.9
2024-05-23 21:00:00,3.55391846867982,3.24671779863867,0,34.95
2024-05-23 22:00:00,3.6235406128056,3.17457605123241,0,37.47
2024-05-23 23:00:00,3.54037944579549,3.16233161112217,0,34.48
2024-05-24,3.47320791763843,3.02480409987635,0,32.24
2024-05-24 01:00:00,3.18055071054653,2.89998724207086,0,24.06
2024-05-24 02:00:00,3.04832472367316,2.83917299827479,0,21.08
2024-05-24 03:00:00,2.82018770103906,2.68420056318782,0,16.78
2024-05-24 04:00:00,2.8136106967627,2.68110449069669,0,16.67
2024-05-24 05:00:00,2.91126311692754,2.75065204872382,0,18.38
2024-05-24 06:00:00,3.08511583468868,2.68765911368145,0,21.87
2024-05-24 07:00:00,3.21687382219753,2.28455847744561,0,24.95
2024-05-24 08:00:00,2.03861954715958,1.83668940505084,0,7.68
2024-05-24 09:00:00,1.16627093714192,1.5222606047459,0,3.21
2024-05-24 10:00:00,1.01523067972906,1.18607216922004,0,2.76
2024-05-24 11:00:00,1.30562645805244,0.869702549670287,0,3.69
2024-05-24 12:00:00,2.68307421503203,1.32049438095765,0,14.63
2024-05-24 13:00:00,2.57184857992181,1.55370485807482,0,13.09
2024-05-24 14:00:00,1.88403474533723,1.47151720884829,0,6.58
2024-05-24 15:00:00,2.29857707159651,1.83310068029744,0,9.96
2024-05-24 16:00:00,2.16102152867226,2.0604214057825,0,8.68
2024-05-24 17:00:00,1.7227665977411,2.22602578527003,0,5.6
2024-05-24 18:00:00,1.61342993370364,2.51222309016911,0,5.02
2024-05-24 19:00:00,1.8229350866965,2.89006769407363,0,6.19
2024-05-24 20:00:00,2.25863320546486,3.20649511873196,0,9.57
2024-05-24 21:00:00,2.88926002904347,3.41364382640802,0,17.98
2024-05-24 22:00:00,3.23119957455703,3.34491213434698,0,25.31
2024-05-24 23:00:00,3.05729762921215,3.18035687516528,0,21.27
2024-05-25,2.95282477254271,3.0228582452997,0,19.16
2024-05-25 01:00:00,2.66025953726586,2.97480836828944,0,14.3
2024-05-25 02:00:00,2.58926666511224,2.82908634301265,0,13.32
2024-05-25 03:00:00,2.41680623708407,2.73311207785659,0,11.21
2024-05-25 04:00:00,2.43711598595165,2.67899609073409,0,11.44
2024-05-25 05:00:00,2.46894663020927,2.67828564493796,0,11.81
2024-05-25 06:00:00,2.37117788445966,2.50681815848006,0,10.71
2024-05-25 07:00:00,2.33311429802887,2.16912589552706,0,10.31
2024-05-25 08:00:00,1.97546895129686,1.93857944927979,0,7.21
2024-05-25 09:00:00,1.76985463384001,1.8001131634524,0,5.87
2024-05-25 10:00:00,1.22082992139236,1.32919619504086,0,3.39
2024-05-25 11:00:00,0.985816794522765,1.03519756013953,0,2.68
2024-05-25 12:00:00,0.916290731874155,0.990928655583824,0,2.5
2024-05-25 13:00:00,1.15688119679209,1.04671119642741,0,3.18
2024-05-25 14:00:00,1.04380405217311,1.17304230018588,0,2.84
2024-05-25 15:00:00,1.89311196348834,1.64839630325763,0,6.64
2024-05-25 16:00:00,2.8541687092322,2.04656048804637,0,17.36
2024-05-25 17:00:00,2.77008559202166,2.28616701139858,0,15.96
2024-05-25 18:00:00,3.77115044654673,3.27397005630669,0,43.43
2024-05-25 19:00:00,3.75560308615684,3.28358604733569,0,42.76
2024-05-25 20:00:00,3.26116873705845,3.61943259197875,0,26.08
2024-05-25 21:00:00,3.06058324587361,3.68325521583212,0,21.34
2024-05-25 22:00:00,2.80032547721138,3.50194160474153,0,16.45
2024-05-25 23:00:00,2.59001713419062,3.31260669957823,0,13.33
2024-05-26,2.39059597031676,3.08251883446554,0,10.92
2024-05-26 01:00:00,2.03077636969855,2.97599419660721,0,7.62
2024-05-26 02:00:00,1.95444505150515,2.82764820674064,0,7.06
2024-05-26 03:00:00,2.05412373369555,2.78027198794023,0,7.8
2024-05-26 04:00:00,2.24283508858827,2.61453513861109,0,9.42
2024-05-26 05:00:00,2.18380155700408,2.70099921368509,0,8.88
2024-05-26 06:00:00,2.61006979274201,2.65764336851017,0,13.6
2024-05-26 07:00:00,2.47317139356958,2.75200256754322,0,11.86
2024-05-26 08:00:00,2.45444744230329,2.18753426192724,0,11.64
2024-05-26 09:00:00,2.26072088889535,1.90576052279849,0,9.59
2024-05-26 10:00:00,1.79342474854712,1.61838415211715,0,6.01
2024-05-26 11:00:00,1.14103300455206,1.00260065499118,0,3.13
2024-05-26 12:00:00,0.900161349944271,1.01590111373098,0,2.46
2024-05-26 13:00:00,0.751416088683921,1.04447101273198,0,2.12
2024-05-26 14:00:00,0.871293365943419,1.16382994576995,0,2.39
2024-05-26 15:00:00,0.99694863489161,1.4720914324471,0,2.71
2024-05-26 16:00:00,1.45395300959371,1.76484071795911,0,4.28
2024-05-26 17:00:00,1.61143591509677,1.88080712320328,0,5.01
2024-05-26 18:00:00,3.64152575773047,3.36020111517985,0,38.15
2024-05-26 19:00:00,4.36144120106477,3.32291285360169,0,78.37
2024-05-26 20:00:00,3.78168650370014,3.57031746734474,0,43.89
2024-05-26 21:00:00,3.35200713747138,3.63774731141545,0,28.56
2024-05-26 22:00:00,3.03447210186992,3.47253207634388,0,20.79
2024-05-26 23:00:00,2.91668906621354,3.42901403087419,0,18.48
2024-05-27,2.77383794164021,3.83602185965567,0,16.02
2024-05-27 01:00:00,2.61153930072137,2.89746146761047,0,13.62
2024-05-27 02:00:00,2.38416507998647,2.77714048539892,0,10.85
2024-05-27 03:00:00,2.1126345090356,2.64376628228526,0,8.27
2024-05-27 04:00:00,1.95727390770563,2.66285664305744,0,7.08
2024-05-27 05:00:00,2.23857976301813,2.75114668173497,0,9.38
2024-05-27 06:00:00,2.47569771070269,2.85908593489303,0,11.89
2024-05-27 07:00:00,2.56802155649851,2.7913071492122,0,13.04
2024-05-27 08:00:00,2.67965072658051,2.12178095963171,0,14.58
2024-05-27 09:00:00,1.67335123817775,1.80761673416434,0,5.33
2024-05-27 10:00:00,1.20297230399235,1.53922161884035,0,3.33
2024-05-27 11:00:00,1.15373158788919,1.09746636642475,0,3.17
2024-05-27 12:00:00,1.1999647829284,1.07389341922151,0,3.32
2024-05-27 13:00:00,1.80500469597808,1.30348400157641,0,6.08
2024-05-27 14:00:00,3.19376312405313,4.49865551572066,0,24.38
2024-05-27 15:00:00,3.58296322852239,2.56965639683631,0,35.98
2024-05-27 16:00:00,1.35583515363518,1.85329979952128,0,3.88
2024-05-27 17:00:00,1.02604159583327,1.99257244668132,0,2.79
2024-05-27 18:00:00,1.57484646766448,2.37699490322374,0,4.83
2024-05-27 19:00:00,1.79674701073909,2.82227859957408,0,6.03
2024-05-27 20:00:00,2.66514270009093,3.39450199242646,0,14.37
2024-05-27 21:00:00,2.48156774852249,3.41695469529231,0,11.96
2024-05-27 22:00:00,2.8570447537801,3.26741833680717,0,17.41
2024-05-27 23:00:00,2.85761897142436,3.12856985476297,0,17.42
2024-05-28,2.67414864942653,2.95376284649224,0,14.5
2024-05-28 01:00:00,2.63834278867739,2.8565221736409,0,13.99
2024-05-28 02:00:00,2.42480272571829,2.76731247036114,0,11.3
2024-05-28 03:00:00,2.30856716467159,2.55299412209348,0,10.06
2024-05-28 04:00:00,2.37304355664261,2.48515170779811,0,10.73
2024-05-28 05:00:00,2.63762773680566,3.06991566116578,0,13.98
2024-05-28 06:00:00,2.86505394991188,2.98124669872876,0,17.55
2024-05-28 07:00:00,2.8136106967627,3.11480727177153,0,16.67
2024-05-28 08:00:00,2.13771044980381,2.76438921416436,0,8.48
2024-05-28 09:00:00,2.57642175862377,2.53011504862783,0,13.15
2024-05-28 10:00:00,2.20055236742889,2.44267036942891,0,9.03
2024-05-28 11:00:00,1.85159946958407,1.6208510401253,0,6.37
2024-05-28 12:00:00,1.16002091679675,1.34094937222173,0,3.19
2024-05-28 13:00:00,1.27536280041261,1.57341438147371,0,3.58
2024-05-28 14:00:00,1.20597080698861,1.58259496855604,0,3.34
2024-05-28 15:00:00,1.01523067972906,1.7284213871793,0,2.76
2024-05-28 16:00:00,1.18478998490916,2.08464858601532,0,3.27
2024-05-28 17:00:00,1.31103187661934,2.05099269920349,0,3.71
2024-05-28 18:00:00,1.84371920815877,2.49133918611514,0,6.32
2024-05-28 19:00:00,1.76985463384001,2.89542852262224,0,5.87
2024-05-28 20:00:00,2.53686638871871,3.30008600008219,0,12.64
2024-05-28 21:00:00,3.2088254890147,3.53175669418783,0,24.75
2024-05-28 22:00:00,2.69530262827971,3.25876541880781,0,14.81
2024-05-28 23:00:00,2.59301339111385,3.12487306988601,0,13.37
2024-05-29,2.73046379593911,3.07445270170126,0,15.34
2024-05-29 01:00:00,2.69934576047206,3.03621716533967,0,14.87
2024-05-29 02:00:00,2.44495233428097,2.85233122389539,0,11.53
2024-05-29 03:00:00,2.21920348405499,2.73587531710118,0,9.2
2024-05-29 04:00:00,2.08069076108027,2.73950591353531,0,8.01
2024-05-29 05:00:00,2.17588743994809,2.85098148320349,0,8.81
2024-05-29 06:00:00,2.41233595695316,2.80742962249299,0,11.16
2024-05-29 07:00:00,2.65955999194178,2.64359557472388,0,14.29
2024-05-29 08:00:00,2.44495233428097,2.12034186334335,0,11.53
2024-05-29 09:00:00,1.89461685466776,1.81118639788301,0,6.65
2024-05-29 10:00:00,0.920282753143692,1.19443047515253,0,2.51
2024-05-29 11:00:00,0.285178942233662,0.711498222117973,0,1.33
2024-05-29 12:00:00,0.60431596685333,0.698551773554902,0,1.83
2024-05-29 13:00:00,0.89199803930511,0.830521548117413,0,2.44
2024-05-29 14:00:00,1.07158361628019,0.913337708919595,0,2.92
2024-05-29 15:00:00,1.25276296849537,1.31586254780367,0,3.5
2024-05-29 16:00:00,1.36353737399727,1.62913784104814,0,3.91
2024-05-29 17:00:00,1.75958057086382,1.92306029147924,0,5.81
2024-05-29 18:00:00,2.17815501461587,2.1594728145288,0,8.83
2024-05-29 19:00:00,2.6447553507299,2.66642867900732,0,14.08
2024-05-29 20:00:00,2.89591193827178,3.05051912713322,0,18.1
2024-05-29 21:00:00,3.26308407953252,3.23298426498064,0,26.13
2024-05-29 22:00:00,3.31527631915452,3.0641976080832,0,27.53
2024-05-29 23:00:00,3.1896529661913,3.01374692682208,0,24.28
2024-05-30,3.51809113313365,2.89958155503686,0,33.72
2024-05-30 01:00:00,3.58878283757565,2.84059940965001,0,36.19
2024-05-30 02:00:00,3.23396146228624,2.72531604646096,0,25.38
2024-05-30 03:00:00,2.88981604796244,2.60671614694038,0,17.99
2024-05-30 04:00:00,2.92154737536461,2.58477052285723,0,18.57
2024-05-30 05:00:00,2.71071331852169,2.68836113036609,0,15.04
2024-05-30 06:00:00,3.02091257208429,2.82065395714524,0,20.51
2024-05-30 07:00:00,2.63188884013665,2.76974188256845,0,13.9
2024-05-30 08:00:00,2.33795223683134,1.97090590628423,0,10.36
2024-05-30 09:00:00,1.28093384546206,1.7601889655209,0,3.6
2024-05-30 10:00:00,1.13462272619114,1.5571949022231,0,3.11
2024-05-30 11:00:00,2.2213750375685,1.34550449564178,0,9.22
2024-05-30 12:00:00,2.33988087773774,1.42808294601355,0,10.38
2024-05-30 13:00:00,1.77833644889591,1.56326281585223,0,5.92
2024-05-30 14:00:00,1.57069708411767,1.60569105883496,0,4.81
2024-05-30 15:00:00,0.883767540168595,1.63360199847987,0,2.42
2024-05-30 16:00:00,0.993251773010283,1.81385102749938,0,2.7
2024-05-30 17:00:00,1.56861591791385,2.18068256523884,0,4.8
2024-05-30 18:00:00,3.84138592582871,3.46167090359884,0,46.59
2024-05-30 19:00:00,2.77196352684586,2.99470746828946,0,15.99
2024-05-30 20:00:00,3.13549421592915,3.53364535533098,0,23
2024-05-30 21:00:00,3.1302631665116,3.56772403169483,0,22.88
2024-05-30 22:00:00,2.79910893204918,3.40330885078881,0,16.43
2024-05-30 23:00:00,2.38508631450579,3.24776439194339,0,10.86
2024-05-31,2.34468626901268,3.05125570486211,0,10.43
2024-05-31 01:00:00,2.04251818757524,2.9010560859356,0,7.71
2024-05-31 02:00:00,1.96990565461153,2.83965448010328,0,7.17
2024-05-31 03:00:00,2.28949985344539,2.62948484752763,0,9.87
2024-05-31 04:00:00,2.09309786812732,2.58393298847314,0,8.11
2024-05-31 05:00:00,2.36085400111802,2.78477723737446,0,10.6
2024-05-31 06:00:00,2.598235335095,2.91267872765075,0,13.44
2024-05-31 07:00:00,2.6049094421827,2.82125598016625,0,13.53
2024-05-31 08:00:00,2.1540850846756,2.02074151914619,0,8.62
2024-05-31 09:00:00,1.18172719537862,1.78179775289512,0,3.26
2024-05-31 10:00:00,0.824175442966349,1.44066108948777,0,2.28
2024-05-31 11:00:00,0.662687973075237,0.869573344206149,0,1.94
2024-05-31 12:00:00,0.708035793053696,0.764580818795246,0,2.03
2024-05-31 13:00:00,0.756121979721334,0.911540291997968,0,2.13
2024-05-31 14:00:00,1.04027671165515,1.09067666501036,0,2.83
2024-05-31 15:00:00,1.63899671467564,1.34390698195835,0,5.15
2024-05-31 16:00:00,2.19165353228676,1.71191494190573,0,8.95
2024-05-31 17:00:00,3.91322228600363,2.89294061630968,0,50.06
2024-05-31 18:00:00,4.36894139512523,3.40737421084364,0,78.96
2024-05-31 19:00:00,3.78031851443072,3.26078414675127,0,43.83
2024-05-31 20:00:00,3.41015712303363,3.48390265426821,0,30.27
2024-05-31 21:00:00,3.40850395684459,4.33739246997887,0,30.22
2024-05-31 22:00:00,3.00071981506503,3.41743858239701,0,20.1
2024-05-31 23:00:00,2.6775909936175,3.21581735855305,0,14.55
2024-06-01,2.32434658477556,3.05180299781095,0,10.22
2024-06-01 01:00:00,2.33214389523559,2.95220670920408,0,10.3
2024-06-01 02:00:00,2.26488322581003,2.74253871845076,0,9.63
2024-06-01 03:00:00,2.05796251000271,2.60393959157105,0,7.83
2024-06-01 04:00:00,2.06939120582633,2.53260241012524,0,7.92
2024-06-01 05:00:00,1.99877363861238,2.50053834636192,0,7.38
2024-06-01 06:00:00,1.89160480419777,2.73216636175988,0,6.63
2024-06-01 07:00:00,2.46044317760963,2.53302961626027,0,11.71
2024-06-01 08:00:00,2.12584791449399,2.11116393864039,0,8.38
2024-06-01 09:00:00,1.86408013080768,2.21703474588075,0,6.45
2024-06-01 10:00:00,2.03731661537916,1.97187782936745,0,7.67
2024-06-01 11:00:00,1.64093657949347,1.38107500200669,0,5.16
2024-06-01 12:00:00,1.51292701205326,1.39251178995728,0,4.54
2024-06-01 13:00:00,2.18941639488841,1.81419767513472,0,8.93
2024-06-01 14:00:00,1.39128190263093,1.37809760601348,0,4.02
2024-06-01 15:00:00,1.4655675420144,2.04246281083152,0,4.33
2024-06-01 16:00:00,2.96062309644042,2.50766866223837,0,19.31
2024-06-01 17:00:00,2.65885995691144,2.46852133456095,0,14.28
2024-06-01 18:00:00,2.54944517092557,2.88023944266294,0,12.8
2024-06-01 19:00:00,2.63476240533238,3.30326445701857,0,13.94
2024-06-01 20:00:00,2.24070968927596,3.45037842734814,0,9.4
2024-06-01 21:00:00,2.11986345617875,3.47375189124984,0,8.33
2024-06-01 22:00:00,2.04769284336526,3.35666126130801,0,7.75
2024-06-01 23:00:00,2.18154676461699,3.15403913337371,0,8.86
2024-06-02,2.00821403239147,2.96052836385268,0,7.45
2024-06-02 01:00:00,1.99197551589856,2.84723843283987,0,7.33
2024-06-02 02:00:00,1.94304891677428,2.75913277167519,0,6.98
2024-06-02 03:00:00,1.90657514365664,2.56533082688467,0,6.73
2024-06-02 04:00:00,1.97269117173296,2.50391211207264,0,7.19
2024-06-02 05:00:00,2.29455292129678,2.53154476423198,0,9.92
2024-06-02 06:00:00,2.27315628230323,2.40693748249317,0,9.71
2024-06-02 07:00:00,1.35583515363518,2.08141916510032,0,3.88
2024-06-02 08:00:00,1.24703229378638,1.69869424615746,0,3.48
2024-06-02 09:00:00,1.08180517035173,1.54792728929886,0,2.95
2024-06-02 10:00:00,0.900161349944271,1.22239379265056,0,2.46
2024-06-02 11:00:00,1.13462272619114,0.830260166154946,0,3.11
2024-06-02 12:00:00,1.33500106673234,0.857148621556998,0,3.8
2024-06-02 13:00:00,1.03318448334565,0.954981966779369,0,2.81
2024-06-02 14:00:00,0.810930216216329,0.955662276740036,0,2.25
2024-06-02 15:00:00,2.71336936257981,1.53161209126458,0,15.08
2024-06-02 16:00:00,2.77446196662146,1.98296965126913,0,16.03
2024-06-02 17:00:00,3.03735394824481,2.20567059630899,0,20.85
2024-06-02 18:00:00,3.74573226570672,3.05278649153696,0,42.34
2024-06-02 19:00:00,3.60114053980593,3.25597592516848,0,36.64
2024-06-02 20:00:00,3.23514279733207,3.49606881650743,0,25.41
2024-06-02 21:00:00,2.30657711426358,3.52505813620622,0,10.04
2024-06-02 22:00:00,2.08691355651854,3.30775557291858,0,8.06
2024-06-02 23:00:00,2.18041745901984,3.13395727669502,0,8.85
2024-06-03,1.82937633279936,2.87883120926446,0,6.23
2024-06-03 01:00:00,1.62531126159039,2.80892531588738,0,5.08
2024-06-03 02:00:00,1.91692261218206,2.69078250025607,0,6.8
2024-06-03 03:00:00,1.65249740189455,2.51958564144307,0,5.22
2024-06-03 04:00:00,1.43983512804792,2.4240129370719,0,4.22
2024-06-03 05:00:00,1.65441127807683,2.6147758192862,0,5.23
2024-06-03 06:00:00,1.51292701205326,2.59605554812415,0,4.54
2024-06-03 07:00:00,1.86562931779451,2.4704313748941,0,6.46
2024-06-03 08:00:00,1.45861502269952,1.97277267715999,0,4.3
2024-06-03 09:00:00,1.52822785700856,1.81032235649954,0,4.61
2024-06-03 10:00:00,1.46093790411566,1.63632472167409,0,4.31
2024-06-03 11:00:00,1.50407739677627,1.24093025866573,0,4.5
2024-06-03 12:00:00,1.57069708411767,1.28779175943919,0,4.81
2024-06-03 13:00:00,1.83258146374831,1.55824895082806,0,6.25
2024-06-03 14:00:00,1.96009478404727,1.55710475831264,0,7.1
2024-06-03 15:00:00,1.79175946922805,1.65737744440105,0,6
2024-06-03 16:00:00,1.48387468945875,2.02062371304867,0,4.41
2024-06-03 17:00:00,2.00552585872967,2.2369861087305,0,7.43
2024-06-03 18:00:00,2.16791018966744,2.60776697707207,0,8.74
2024-06-03 19:00:00,2.4782176616372,3.03421849991914,0,11.92
2024-06-03 20:00:00,2.33988087773774,3.25998600480797,0,10.38
2024-06-03 21:00:00,2.49568172295596,3.27816142000925,0,12.13
2024-06-03 22:00:00,2.6217658325052,3.27161712867386,0,13.76
2024-06-03 23:00:00,2.61447185414264,3.2121659135795,0,13.66
2024-06-04,2.50225528812261,3.06225969887363,0,12.21
2024-06-04 01:00:00,2.37861977927004,2.95856064765771,0,10.79
2024-06-04 02:00:00,2.42125662271154,2.85177059353709,0,11.26
2024-06-04 03:00:00,2.31352503303238,2.77750734450147,0,10.11
2024-06-04 04:00:00,2.28238238567653,2.7211082685226,0,9.8
2024-06-04 05:00:00,2.3823200610129,2.88728549754519,0,10.83
2024-06-04 06:00:00,2.32532457996354,2.84117121734721,0,10.23
2024-06-04 07:00:00,2.002830439308,2.31680139952366,0,7.41
2024-06-04 08:00:00,1.21787570949493,1.70714742756342,0,3.38
2024-06-04 09:00:00,1.22082992139236,1.63268383213159,0,3.39
2024-06-04 10:00:00,1.15373158788919,1.3985095178778,0,3.17
2024-06-04 11:00:00,1.01523067972906,0.904922262078251,0,2.76
2024-06-04 12:00:00,1.11185751541813,0.77776971620243,0,3.04
2024-06-04 13:00:00,1.23837423104327,1.07837025408168,0,3.45
2024-06-04 14:00:00,1.08856195281461,1.06923810082654,0,2.97
2024-06-04 15:00:00,1.43983512804792,1.35101887846206,0,4.22
2024-06-04 16:00:00,1.61938824328727,1.59489401966752,0,5.05
2024-06-04 17:00:00,1.38879124131848,1.68772844502026,0,4.01
2024-06-04 18:00:00,1.58719230348678,2.01234627782538,0,4.89
2024-06-04 19:00:00,1.93585981320181,2.45036736696415,0,6.93
2024-06-04 20:00:00,2.7324175575505,2.87773480646814,0,15.37
2024-06-04 21:00:00,3.17847041023316,3.16472474174948,0,24.01
2024-06-04 22:00:00,3.33148996923734,3.25665033067636,0,27.98
2024-06-04 23:00:00,3.3178157727231,3.19910106322728,0,27.6
2024-06-05,3.14458322028635,3.03423098794563,0,23.21
2024-06-05 01:00:00,2.94968833505258,2.95897527501636,0,19.1
2024-06-05 02:00:00,2.72719901994097,2.78107349139337,0,15.29
2024-06-05 03:00:00,2.50552593699074,2.67750593082055,0,12.25
2024-06-05 04:00:00,2.41233595695316,2.67035980594302,0,11.16
2024-06-05 05:00:00,2.7173402480093,2.80309825192319,0,15.14
2024-06-05 06:00:00,3.02868337369368,2.71518043273604,0,20.67
2024-06-05 07:00:00,2.43361335540045,2.25798784527391,0,11.4
2024-06-05 08:00:00,1.43031124653666,1.69504999932562,0,4.18
2024-06-05 09:00:00,0.99694863489161,1.5173236259245,0,2.71
2024-06-05 10:00:00,0.955511445027436,1.20780915760987,0,2.6
2024-06-05 11:00:00,0.476234178996372,0.52366981487687,0,1.61
2024-06-05 12:00:00,0.53062825106217,0.515577929295994,0,1.7
2024-06-05 13:00:00,0.936093359170335,0.754173459049356,0,2.55
2024-06-05 14:00:00,1.32175583998232,0.965264300919376,0,3.75
2024-06-05 15:00:00,2.97705900828837,1.61650755416502,0,19.63
2024-06-05 16:00:00,3.4572626055951,2.03314982499909,0,31.73
2024-06-05 17:00:00,3.20842136696434,2.28267654580339,0,24.74
2024-06-05 18:00:00,2.67276838695757,2.58654274867226,0,14.48
2024-06-05 19:00:00,1.77155676191054,2.83018236954494,0,5.88
2024-06-05 20:00:00,1.97408102602201,3.11249758438885,0,7.2
2024-06-05 21:00:00,2.76757618041624,3.31284824213857,0,15.92
2024-06-05 22:00:00,3.14759462286324,3.23339619913191,0,23.28
2024-06-05 23:00:00,2.89148225218019,3.08285368699836,0,18.02
2024-06-06,2.86505394991188,2.86079806026829,0,17.55
2024-06-06 01:00:00,3.51303686341769,2.94528672503964,0,33.55
2024-06-06 02:00:00,3.0652583362026,2.73810488344958,0,21.44
2024-06-06 03:00:00,2.91723004539903,2.69462667461553,0,18.49
2024-06-06 04:00:00,2.63044895507866,2.59956052694886,0,13.88
2024-06-06 05:00:00,2.5687881337687,2.76364153550157,0,13.05
2024-06-06 06:00:00,2.37397508908072,2.67468922642019,0,10.74
2024-06-06 07:00:00,1.43746264769429,2.36992519760379,0,4.21
2024-06-06 08:00:00,1.15373158788919,1.78020264105634,0,3.17
2024-06-06 09:00:00,1.24703229378638,1.60617849811406,0,3.48
2024-06-06 10:00:00,1.06125650212434,1.34272943352017,0,2.89
2024-06-06 11:00:00,0.819779831493311,0.837746035583671,0,2.27
2024-06-06 12:00:00,1.00795792039998,0.760224068067366,0,2.74
2024-06-06 13:00:00,0.582215619852664,0.919473491794855,0,1.79
2024-06-06 14:00:00,1.77495235091167,1.06160585260585,0,5.9
2024-06-06 15:00:00,2.14826773260969,1.50257947733823,0,8.57
2024-06-06 16:00:00,3.85397007397953,2.20692375187552,0,47.18
2024-06-06 17:00:00,3.13070013396448,2.17038386502598,0,22.89
2024-06-06 18:00:00,1.93441576962958,2.37608746172282,0,6.92
2024-06-06 19:00:00,1.84054963339749,2.66934156546505,0,6.3
2024-06-06 20:00:00,2.68375750853317,3.10911963502187,0,14.64
2024-06-06 21:00:00,3.31200180285768,3.40235211505118,0,27.44
2024-06-06 22:00:00,3.0643250650196,3.33485344546026,0,21.42
2024-06-06 23:00:00,2.96114082878437,3.16395634474072,0,19.32
2024-06-07,3.00716665117965,3.01450885100594,0,20.23
2024-06-07 01:00:00,2.60120710548416,2.93188722747756,0,13.48
2024-06-07 02:00:00,2.40964416528745,2.79146103054086,0,11.13
2024-06-07 03:00:00,2.2554934854602,2.63755873315146,0,9.54
2024-06-07 04:00:00,2.2628042229822,2.63043735944095,0,9.61
2024-06-07 05:00:00,2.42036812865043,2.77355482611195,0,11.25
2024-06-07 06:00:00,2.47737838336721,2.60024680854937,0,11.91
2024-06-07 07:00:00,2.15871472257434,2.12782309729865,0,8.66
2024-06-07 08:00:00,1.21787570949493,1.57291552882095,0,3.38
2024-06-07 09:00:00,0.576613364303994,1.2968293253915,0,1.78
2024-06-07 10:00:00,0.667829372575655,1.15493750972903,0,1.95
2024-06-07 11:00:00,0.438254930931155,0.625654872126716,0,1.55
2024-06-07 12:00:00,0.647103242058538,0.638041501393149,0,1.91
2024-06-07 13:00:00,0.943905898907128,0.803842727663495,0,2.57
2024-06-07 14:00:00,1.00795792039998,0.751555790092927,0,2.74
2024-06-07 15:00:00,1.01884732019925,1.06578864603757,0,2.77
2024-06-07 16:00:00,1.3244189574018,1.35814545988796,0,3.76
2024-06-07 17:00:00,1.31908561142644,1.54992763049029,0,3.74
2024-06-07 18:00:00,1.63510565918268,1.89520577026311,0,5.13
2024-06-07 19:00:00,3.05541527571516,2.37686998208637,0,21.23
2024-06-07 20:00:00,3.24415363205247,2.77006180571912,0,25.64
2024-06-07 21:00:00,3.28728185753226,3.02920010709617,0,26.77
2024-06-07 22:00:00,3.80399226121444,3.16888115078506,0,44.88
2024-06-07 23:00:00,3.5034530823665,3.07152612960009,0,33.23
2024-06-08,3.17638577324725,2.91978255666813,0,23.96
2024-06-08 01:00:00,2.95073490762326,2.77424849449279,0,19.12
2024-06-08 02:00:00,2.76064265122138,2.65712607524644,0,15.81
2024-06-08 03:00:00,2.69327491552006,2.60062071677093,0,14.78
2024-06-08 04:00:00,2.6217658325052,2.60058519205914,0,13.76
2024-06-08 05:00:00,2.78192004966867,2.67570354467155,0,16.15
2024-06-08 06:00:00,2.72850620966959,2.5482078753759,0,15.31
2024-06-08 07:00:00,1.84687876844913,2.01526274760479,0,6.34
2024-06-08 08:00:00,1.24126858906963,1.45654383308352,0,3.46
2024-06-08 09:00:00,0.883767540168595,1.31761978120923,0,2.42
2024-06-08 10:00:00,0.85015092936961,1.10230927693538,0,2.34
2024-06-08 11:00:00,0.488580014818671,0.621166000249792,0,1.63
2024-06-08 12:00:00,0.512823626428664,0.591333889963625,0,1.67
2024-06-08 13:00:00,0.587786664902119,0.672182121076321,0,1.8
2024-06-08 14:00:00,0.86288995514704,0.654634094365817,0,2.37
2024-06-08 15:00:00,1.12167756159911,0.877849613767317,0,3.07
2024-06-08 16:00:00,1.16002091679675,1.12673916161309,0,3.19
2024-06-08 17:00:00,0.932164081030445,1.20980948594494,0,2.54
2024-06-08 18:00:00,1.00430160919687,1.61165376550012,0,2.73
2024-06-08 19:00:00,2.37769256548085,2.26060737210045,0,10.78
2024-06-08 20:00:00,3.30615383297526,2.67471418191406,0,27.28
2024-06-08 21:00:00,3.47630485414896,2.89136320417673,0,32.34
2024-06-08 22:00:00,3.01651481273652,2.87061432396302,0,20.42
2024-06-08 23:00:00,2.39425228151987,2.58282431906117,0,10.96
2024-06-09,1.92278773163446,2.41270416418236,0,6.84
2024-06-09 01:00:00,2.18941639488841,2.30498038941741,0,8.93
2024-06-09 02:00:00,2.12823170584927,1.8805290739782,0,8.4
2024-06-09 03:00:00,1.7281094421516,1.74508116603115,0,5.63
2024-06-09 04:00:00,2.2628042229822,1.84845061075973,0,9.61
2024-06-09 05:00:00,2.87299950817169,2.09563540809294,0,17.69
2024-06-09 06:00:00,3.0568273729138,1.92520098063833,0,21.26
2024-06-09 07:00:00,2.66025953726586,1.71818582650428,0,14.3
2024-06-09 08:00:00,1.51072193949494,1.27408609804879,0,4.53
2024-06-09 09:00:00,1.26976054486394,1.20134003256887,0,3.56
2024-06-09 10:00:00,1.10194007876078,1.00343726459305,0,3.01
2024-06-09 11:00:00,1.14422279992016,0.715150752845154,0,3.14
2024-06-09 12:00:00,1.24126858906963,0.764228333056983,0,3.46
2024-06-09 13:00:00,1.01160091167848,0.828790536675866,0,2.75
2024-06-09 14:00:00,0.966983846189673,0.740117485456571,0,2.63
2024-06-09 15:00:00,1.99605993274078,1.12997204112309,0,7.36
2024-06-09 16:00:00,2.33020026002702,1.3739961257419,0,10.28
2024-06-09 17:00:00,2.00148000021012,1.55529874053973,0,7.4
2024-06-09 18:00:00,2.29857707159651,1.9816643288693,0,9.96
2024-06-09 19:00:00,2.56802155649851,2.47865869469917,0,13.04
2024-06-09 20:00:00,2.88814706287405,2.78309972000235,0,17.96
2024-06-09 21:00:00,3.18013499655177,2.98814998652417,0,24.05
2024-06-09 22:00:00,3.24102862950933,3.06112203503424,0,25.56
2024-06-09 23:00:00,2.87638551592142,2.89936750567761,0,17.75
2024-06-10,2.89369954798884,2.77500899755043,0,18.06
2024-06-10 01:00:00,2.15176220325946,2.67167811286701,0,8.6
2024-06-10 02:00:00,2.13534917361813,2.47835430868723,0,8.46
2024-06-10 03:00:00,1.99061032797322,2.43178210741571,0,7.32
2024-06-10 04:00:00,2.52252351335931,2.4433650499163,0,12.46
2024-06-10 05:00:00,2.62684014567667,2.53544412029277,0,13.83
2024-06-10 06:00:00,2.56725439113675,2.60884409216711,0,13.03
2024-06-10 07:00:00,2.60712428251225,2.5469576335323,0,13.56
2024-06-10 08:00:00,1.21491274436427,1.68071040638808,0,3.37
2024-06-10 09:00:00,1.06125650212434,1.44299109723669,0,2.89
2024-06-10 10:00:00,1.15373158788919,1.1802365629113,0,3.17
2024-06-10 11:00:00,0.854415328156068,0.727923406276736,0,2.35
2024-06-10 12:00:00,0.576613364303994,0.659848108487525,0,1.78
2024-06-10 13:00:00,0.703097511413113,0.730776816460808,0,2.02
2024-06-10 14:00:00,1.00063188030791,0.850490336949153,0,2.72
2024-06-10 15:00:00,1.59127394180643,1.1417889174447,0,4.91
2024-06-10 16:00:00,1.01160091167848,1.36846545260646,0,2.75
2024-06-10 17:00:00,1.19392246847243,1.42959311016784,0,3.3
2024-06-10 18:00:00,2.05027016437956,1.91729098348233,0,7.77
2024-06-10 19:00:00,2.57261223020711,2.38182352618563,0,13.1
2024-06-10 20:00:00,3.17638577324725,2.82326306094851,0,23.96
2024-06-10 21:00:00,2.78377591163035,2.86375019355272,0,16.18
2024-06-10 22:00:00,2.99623214859564,2.77071081127342,0,20.01
2024-06-10 23:00:00,3.04022751344054,2.70995650193376,0,20.91
2024-06-11,2.86846692250811,2.50846051192225,0,17.61
2024-06-11 01:00:00,2.77819796100429,2.3954614709675,0,16.09
2024-06-11 02:00:00,2.63977136034892,2.26055694618746,0,14.01
2024-06-11 03:00:00,1.98100146886658,2.0496483071182,0,7.25
2024-06-11 04:00:00,2.25339484880327,1.9200856383177,0,9.52
2024-06-11 05:00:00,1.86252854011626,2.00160781074105,0,6.44
2024-06-11 06:00:00,1.44926916028128,2.09551557742588,0,4.26
2024-06-11 07:00:00,1.74919985480926,1.98347103810159,0,5.75
2024-06-11 08:00:00,1.94161522477243,1.52157128562838,0,6.97
2024-06-11 09:00:00,1.75440368268429,1.52326585158954,0,5.78
2024-06-11 10:00:00,1.44926916028128,1.26399479842856,0,4.26
2024-06-11 11:00:00,1.26412672714568,0.777398437146092,0,3.54
2024-06-11 12:00:00,1.43031124653666,0.896072828188009,0,4.18
2024-06-11 13:00:00,1.29198368164865,0.89679086000906,0,3.64
2024-06-11 14:00:00,1.19088756477728,1.07335208516834,0,3.29
2024-06-11 15:00:00,1.31640823365572,1.38069334316406,0,3.73
2024-06-11 16:00:00,2.59674613154354,1.5465427569525,0,13.42
2024-06-11 17:00:00,1.31908561142644,1.69869037820791,0,3.74
2024-06-11 18:00:00,1.56234630490025,2.00063676069167,0,4.77
2024-06-11 19:00:00,1.81319474994812,2.42970195390233,0,6.13
2024-06-11 20:00:00,2.39880395073459,2.69764712904361,0,11.01
2024-06-11 21:00:00,2.86903462050803,2.96488067818218,0,17.62
2024-06-11 22:00:00,3.52075661671979,2.96450547249238,0,33.81
2024-06-11 23:00:00,3.3724549127965,2.88436635515262,0,29.15
2024-06-12,3.2561716096119,2.75803330175217,0,25.95
2024-06-12 01:00:00,2.72981169288372,2.6902786260896,0,15.33
2024-06-12 02:00:00,2.59897910604785,2.54327130793469,0,13.45
2024-06-12 03:00:00,2.55955019278377,2.45467021389153,0,12.93
2024-06-12 04:00:00,2.6203112867942,2.40136886551616,0,13.74
2024-06-12 05:00:00,2.85070650150373,2.56524483062862,0,17.3
2024-06-12 06:00:00,2.45272775142377,2.67818683990924,0,11.62
2024-06-12 07:00:00,2.61080481666337,2.60609591304903,0,13.61
2024-06-12 08:00:00,2.02419306744936,1.90741935873722,0,7.57
2024-06-12 09:00:00,0.924258901523332,1.38959655362075,0,2.52
2024-06-12 10:00:00,0.688134638736401,1.10229069686293,0,1.99
2024-06-12 11:00:00,1.07500242302898,0.765714647068933,0,2.93
2024-06-12 12:00:00,1.50407739677627,0.877814086979541,0,4.5
2024-06-12 13:00:00,2.73631366637507,1.33772699541349,0,15.43
2024-06-12 14:00:00,1.28093384546206,1.23737929555628,0,3.6
2024-06-12 15:00:00,2.04251818757524,1.56913196573539,0,7.71
2024-06-12 16:00:00,1.22964055107451,1.62733842292601,0,3.42
2024-06-12 17:00:00,1.80335860507141,1.85351662988761,0,6.07
2024-06-12 18:00:00,1.77495235091167,2.12288164473625,0,5.9
2024-06-12 19:00:00,2.28033948404673,2.49104559124009,0,9.78
2024-06-12 20:00:00,3.02188723103084,2.78315689418536,0,20.53
2024-06-12 21:00:00,3.42067315816281,3.06235241975161,0,30.59
2024-06-12 22:00:00,3.32862668882732,2.9506415201334,0,27.9
2024-06-12 23:00:00,3.03783344957263,2.92362385454825,0,20.86
2024-06-13,3.00270788729042,2.85325393494797,0,20.14
2024-06-13 01:00:00,3.09058780456667,2.65704394679707,0,21.99
2024-06-13 02:00:00,3.31200180285768,2.741201120433,0,27.44
2024-06-13 03:00:00,3.13375357145137,2.65157642784339,0,22.96
2024-06-13 04:00:00,2.78809290877575,2.69378917230456,0,16.25
2024-06-13 05:00:00,2.81480973767374,2.80997302639308,0,16.69
2024-06-13 06:00:00,2.97450863710236,2.91332403654372,0,19.58
2024-06-13 07:00:00,2.88144312715186,2.52784780265034,0,17.84
2024-06-13 08:00:00,1.14103300455206,1.89329444691142,0,3.13
2024-06-13 09:00:00,0.883767540168595,1.52321260280598,0,2.42
2024-06-13 10:00:00,1.13783300182139,1.44602967674028,0,3.12
2024-06-13 11:00:00,1.64287268852034,0.989039289142608,0,5.17
2024-06-13 12:00:00,2.59151638484626,1.36502898778312,0,13.35
2024-06-13 13:00:00,2.63905732961526,1.27443267360333,0,14
2024-06-13 14:00:00,1.16002091679675,1.21175283533673,0,3.19
2024-06-13 15:00:00,2.80699014895711,2.07790080024584,0,16.56
2024-06-13 16:00:00,2.55412171880947,2.13830829957001,0,12.86
2024-06-13 17:00:00,1.56653041142282,2.14333117037982,0,4.79
2024-06-13 18:00:00,1.37371557891303,2.32124992677116,0,3.95
2024-06-13 19:00:00,1.52605630349505,2.8052546967332,0,4.6
2024-06-13 20:00:00,2.24601474150565,3.20731100118411,0,9.45
2024-06-13 21:00:00,2.71997877196748,3.3624607041066,0,15.18
2024-06-13 22:00:00,2.82018770103906,3.26564524867683,0,16.78
2024-06-13 23:00:00,2.93332481342537,3.2024838737466,0,18.79
2024-06-14,2.93492013415723,3.10741836791596,0,18.82
2024-06-14 01:00:00,2.82731362192903,3.03226241694826,0,16.9
2024-06-14 02:00:00,2.64048488160644,2.87415251793136,0,14.02
2024-06-14 03:00:00,2.5687881337687,2.79901890652519,0,13.05
2024-06-14 04:00:00,2.52892353520477,2.78425823356398,0,12.54
2024-06-14 05:00:00,2.78932292123095,2.89477942617075,0,16.27
2024-06-14 06:00:00,2.73436750941958,2.91168735540258,0,15.4
2024-06-14 07:00:00,2.77944019718888,2.76366630850908,0,16.11
2024-06-14 08:00:00,2.41769790009455,2.09281884744952,0,11.22
2024-06-14 09:00:00,2.13653050866396,1.87690155580056,0,8.47
2024-06-14 10:00:00,1.91692261218206,1.7495418875861,0,6.8
2024-06-14 11:00:00,1.57277392806251,1.28724734225997,0,4.82
2024-06-14 12:00:00,1.45395300959371,1.28596782434873,0,4.28
2024-06-14 13:00:00,1.42069578783722,1.33261317935542,0,4.14
2024-06-14 14:00:00,1.28923264827676,1.33715462789337,0,3.63
2024-06-14 15:00:00,1.63899671467564,1.74037356440609,0,5.15
2024-06-14 16:00:00,1.36353737399727,1.94136365614149,0,3.91
2024-06-14 17:00:00,1.3609765531356,1.97596311565091,0,3.9
2024-06-14 18:00:00,1.60140574073684,2.2708230037208,0,4.96
2024-06-14 19:00:00,1.79342474854712,2.61495748823199,0,6.01
2024-06-14 20:00:00,2.15059873599616,2.88706524235352,0,8.59
2024-06-14 21:00:00,2.53051716104005,2.86705447165318,0,12.56
2024-06-14 22:00:00,2.60417007061482,2.76802831578896,0,13.52
2024-06-14 23:00:00,2.73760900334375,2.92970418647752,0,15.45
2024-06-15,2.86846692250811,2.94300906940638,0,17.61
2024-06-15 01:00:00,2.95178038602481,2.86012790612013,0,19.14
2024-06-15 02:00:00,2.83144707924613,2.67037638986451,0,16.97
2024-06-15 03:00:00,2.8724340572095,2.60963350098902,0,17.68
2024-06-15 04:00:00,2.8402473707136,2.5966720789296,0,17.12
2024-06-15 05:00:00,2.92798862146747,2.62572371887877,0,18.69
2024-06-15 06:00:00,3.01160562271028,2.43392321174416,0,20.32
2024-06-15 07:00:00,2.54631527791664,2.17503965435125,0,12.76
2024-06-15 08:00:00,1.38629436111989,1.518223815784,0,4
2024-06-15 09:00:00,2.32238772029023,1.84493966637545,0,10.2
2024-06-15 10:00:00,2.63691217326887,1.73317028546721,0,13.97
2024-06-15 11:00:00,2.92100872735805,1.47213184987431,0,18.56
2024-06-15 12:00:00,2.06559613485778,1.28056372860802,0,7.89
2024-06-15 13:00:00,1.37371557891303,1.25433673350302,0,3.95
2024-06-15 14:00:00,0.932164081030445,1.12422756345119,0,2.54
2024-06-15 15:00:00,0.858661619037519,1.26995207823726,0,2.36
2024-06-15 16:00:00,0.806475865866949,1.52981151586043,0,2.24
2024-06-15 17:00:00,1.00063188030791,1.68597156430863,0,2.72
2024-06-15 18:00:00,1.16938135955632,2.00920885377014,0,3.22
2024-06-15 19:00:00,1.23256026117785,2.44664212655306,0,3.43
2024-06-15 20:00:00,1.87487437593856,2.92563158490602,0,6.52
2024-06-15 21:00:00,2.94864066602014,3.18734621192504,0,19.08
2024-06-15 22:00:00,3.42393686863164,3.12021315983313,0,30.69
2024-06-15 23:00:00,3.33363206216639,3.03828152178823,0,28.04
2024-06-16,3.19171015679543,2.97794114020592,0,24.33
2024-06-16 01:00:00,3.00963517872298,2.9292035474934,0,20.28
2024-06-16 02:00:00,2.77819796100429,2.79155998603318,0,16.09
2024-06-16 03:00:00,2.63905732961526,2.72349506701056,0,14
2024-06-16 04:00:00,2.55877649835446,2.61307318647325,0,12.92
2024-06-16 05:00:00,2.66930937278578,2.65406734734801,0,14.43
2024-06-16 06:00:00,2.46809953147162,2.25026581596693,0,11.8
2024-06-16 07:00:00,2.0188950418118,1.88086648041451,0,7.53
2024-06-16 08:00:00,1.16627093714192,1.3601420381373,0,3.21
2024-06-16 09:00:00,0.867100487683383,1.22506847921891,0,2.38
2024-06-16 10:00:00,0.385262400790645,0.983276649268492,0,1.47
2024-06-16 11:00:00,0.207014169384326,0.477597025300862,0,1.23
2024-06-16 12:00:00,0.518793793415168,0.48770420377035,0,1.68
2024-06-16 13:00:00,1.01884732019925,0.764375400762598,0,2.77
2024-06-16 14:00:00,1.10856261952128,0.8891453291711,0,3.03
2024-06-16 15:00:00,1.28647402583768,1.16235647076833,0,3.62
2024-06-16 16:00:00,1.43508452528932,1.35505425555132,0,4.2
2024-06-16 17:00:00,1.19088756477728,1.49728308177541,0,3.29
2024-06-16 18:00:00,1.41585316336144,1.92540423076813,0,4.12
2024-06-16 19:00:00,1.31640823365572,2.30151004503591,0,3.73
2024-06-16 20:00:00,2.26799364822443,2.75489273594763,0,9.66
2024-06-16 21:00:00,3.26918863874179,3.04716107576189,0,26.29
2024-06-16 22:00:00,3.56133013316696,3.03796664409196,0,35.21
2024-06-16 23:00:00,3.78191432008113,2.83367051019249,0,43.9
2024-06-17,3.51154543883102,2.82423329673855,0,33.5
2024-06-17 01:00:00,3.23317312956903,2.76707580028384,0,25.36
2024-06-17 02:00:00,3.16039889510922,2.6070656127072,0,23.58
2024-06-17 03:00:00,2.84897089215859,2.5210090182643,0,17.27
2024-06-17 04:00:00,2.80638610182307,2.44300376738931,0,16.55
2024-06-17 05:00:00,3.22326617316949,2.62630557160229,0,25.11
2024-06-17 06:00:00,3.19826487096408,2.67928607191753,0,24.49
2024-06-17 07:00:00,2.60268968544438,2.3606710582767,0,13.5
2024-06-17 08:00:00,1.53039470509365,1.73364783497122,0,4.62
2024-06-17 09:00:00,1.16627093714192,1.51606554860459,0,3.21
2024-06-17 10:00:00,1.1314021114911,1.12537037665032,0,3.1
2024-06-17 11:00:00,1.17248213723457,0.827199280694364,0,3.23
2024-06-17 12:00:00,1.15688119679209,0.754028442636083,0,3.18
2024-06-17 13:00:00,0.858661619037519,0.947680021856255,0,2.36
2024-06-17 14:00:00,1.49962304642689,0.960791433265381,0,4.48
2024-06-17 15:00:00,0.792992515529661,1.03050492728584,0,2.21
2024-06-17 16:00:00,1.03318448334565,1.27422499195517,0,2.81
2024-06-17 17:00:00,1.08856195281461,1.38289306935545,0,2.97
2024-06-17 18:00:00,1.38629436111989,1.85216674473554,0,4
2024-06-17 19:00:00,2.09433015417359,2.41501257594068,0,8.12
2024-06-17 20:00:00,2.56955412384829,2.68169163102783,0,13.06
2024-06-17 21:00:00,3.5743099993708,2.82765177910526,0,35.67
2024-06-17 22:00:00,3.35933317756346,2.84674542611632,0,28.77
2024-06-17 23:00:00,2.96733279903229,2.74518111984054,0,19.44
2024-06-18,2.73760900334375,2.56778365880539,0,15.45
2024-06-18 01:00:00,2.60933422816305,2.55687718625337,0,13.59
2024-06-18 02:00:00,2.72326716690707,2.48004684001842,0,15.23
2024-06-18 03:00:00,2.65605490598383,2.48638773409441,0,14.24
2024-06-18 04:00:00,2.57945896672922,2.45449802264179,0,13.19
2024-06-18 05:00:00,2.55800220485855,2.59067857311389,0,12.91
2024-06-18 06:00:00,2.72981169288372,2.43335121216272,0,15.33
2024-06-18 07:00:00,1.92716410623426,2.04975633531798,0,6.87
2024-06-18 08:00:00,1.22082992139236,1.47570781955702,0,3.39
2024-06-18 09:00:00,1.01884732019925,1.38823014973794,0,2.77
2024-06-18 10:00:00,0.678033542749897,1.13384340454427,0,1.97
2024-06-18 11:00:00,0.371563556432483,0.532643336323249,0,1.45
2024-06-18 12:00:00,0.524728528934982,0.461674768862681,0,1.69
2024-06-18 13:00:00,0.78845736036427,0.539231066882157,0,2.2
2024-06-18 14:00:00,0.524728528934982,0.637204177345433,0,1.69
2024-06-18 15:00:00,1.04027671165515,0.87387850503936,0,2.83
2024-06-18 16:00:00,1.0681530811834,1.0814133099701,0,2.91
2024-06-18 17:00:00,1.10194007876078,1.21822133791597,0,3.01
2024-06-18 18:00:00,1.30833281965018,1.59153653846616,0,3.7
2024-06-18 19:00:00,1.97269117173296,2.1728044466946,0,7.19
2024-06-18 20:00:00,3.33719205168624,2.66697024300777,0,28.14
2024-06-18 21:00:00,3.95603989084492,2.92616341733154,0,52.25
2024-06-18 22:00:00,3.77276093809464,2.90708469394411,0,43.5
2024-06-18 23:00:00,3.59016348117478,2.76153433185551,0,36.24
2024-06-19,2.95751106073379,2.51835174442469,0,19.25
2024-06-19 01:00:00,2.5360749363624,2.3616848965697,0,12.63
2024-06-19 02:00:00,2.42568729012803,2.33940516129825,0,11.31
2024-06-19 03:00:00,2.76945882923085,2.28883182850147,0,15.95
2024-06-19 04:00:00,2.64333388638252,2.27382204923279,0,14.06
2024-06-19 05:00:00,2.78993736057439,2.42783435312451,0,16.28
2024-06-19 06:00:00,2.55022611590864,2.4678421488568,0,12.81
2024-06-19 07:00:00,2.6159349121944,2.39918553412056,0,13.68
2024-06-19 08:00:00,3.3257551864953,2.2447240344681,0,27.82
2024-06-19 09:00:00,3.14026542428629,2.1203918589342,0,23.11
2024-06-19 10:00:00,2.68033636253469,1.69144931131317,0,14.59
2024-06-19 11:00:00,1.16938135955632,1.00220833437183,0,3.22
2024-06-19 12:00:00,0.947789398933526,0.935190696036129,0,2.58
2024-06-19 13:00:00,1.24415459395877,1.16516830779878,0,3.47
2024-06-19 14:00:00,1.6467336971778,1.17600819965039,0,5.19
2024-06-19 15:00:00,2.70068984669592,1.63770931335871,0,14.89
2024-06-19 16:00:00,3.99360299242057,3.89346403090242,0,54.25
2024-06-19 17:00:00,3.66791114767774,2.66577547592614,0,39.17
2024-06-19 18:00:00,2.53923699433305,2.73187251374711,0,12.67
2024-06-19 19:00:00,2.0360119837525,3.18119072220638,0,7.66
2024-06-19 20:00:00,1.48160454092422,3.28687821633055,0,4.4
2024-06-19 21:00:00,1.57277392806251,3.32389164377787,0,4.82
2024-06-19 22:00:00,1.54115907168081,3.26256129534905,0,4.67
2024-06-19 23:00:00,1.81319474994812,3.25106421995731,0,6.13
2024-06-20,1.78674692740451,3.06937289402735,0,5.97
2024-06-20 01:00:00,1.94304891677428,3.00517588734925,0,6.98
2024-06-20 02:00:00,1.91985947185537,2.83978621976051,0,6.82
2024-06-20 03:00:00,1.80005827204275,2.68681272508253,0,6.05
2024-06-20 04:00:00,1.79508725932073,2.67970318637789,0,6.02
2024-06-20 05:00:00,2.18941639488841,2.7200930697985,0,8.93
2024-06-20 06:00:00,2.39333945626251,2.78827616011928,0,10.95
2024-06-20 07:00:00,2.5152741864044,2.76948724055903,0,12.37
2024-06-20 08:00:00,2.45530618001171,2.21401779947349,0,11.65
2024-06-20 09:00:00,1.49738840862548,2.00689013691287,0,4.47
2024-06-20 10:00:00,1.10525683138678,1.52702143937171,0,3.02
2024-06-20 11:00:00,0.783901543828409,1.08932423334052,0,2.19
2024-06-20 12:00:00,0.698134722070984,0.975170022652015,0,2.01
2024-06-20 13:00:00,1.16002091679675,1.19200823430627,0,3.19
2024-06-20 14:00:00,1.03673688495002,1.07525539556801,0,2.82
2024-06-20 15:00:00,1.13462272619114,1.37315781764947,0,3.11
2024-06-20 16:00:00,1.28093384546206,1.66815214891469,0,3.6
2024-06-20 17:00:00,1.64480505627139,1.92973777482337,0,5.18
2024-06-20 18:00:00,1.93296963777958,2.26611265725564,0,6.91
2024-06-20 19:00:00,2.61006979274201,2.72263164607564,0,13.6
2024-06-20 20:00:00,3.26614101733532,3.04170539411818,0,26.21
2024-06-20 21:00:00,3.11351530921037,3.16762137349274,0,22.5
2024-06-20 22:00:00,3.02286094094224,3.07254840652084,0,20.55
2024-06-20 23:00:00,2.98365969231972,2.94484009298025,0,19.76
2024-06-21,3.06198806933106,2.83076335540622,0,21.37
2024-06-21 01:00:00,2.95125778345216,2.77671124706574,0,19.13
2024-06-21 02:00:00,2.62611681833952,2.65944311068856,0,13.82
2024-06-21 03:00:00,2.33601986908028,2.52714592123205,0,10.34
2024-06-21 04:00:00,2.27212588550934,2.4935859918787,0,9.7
2024-06-21 05:00:00,2.57794151575519,2.64448830097452,0,13.17
2024-06-21 06:00:00,2.45530618001171,2.53105543384661,0,11.65
2024-06-21 07:00:00,2.14241634084122,2.13383191525129,0,8.52
2024-06-21 08:00:00,1.24415459395877,1.63462225321738,0,3.47
2024-06-21 09:00:00,1.26976054486394,1.49681673007369,0,3.56
2024-06-21 10:00:00,1.27815220250019,1.13547249343562,0,3.59
2024-06-21 11:00:00,0.810930216216329,0.768339679253416,0,2.25
2024-06-21 12:00:00,1.02245092770255,0.851085711394199,0,2.78
2024-06-21 13:00:00,1.52388002407245,1.11911401182732,0,4.59
2024-06-21 14:00:00,1.47704872438835,1.16011457202882,0,4.38
2024-06-21 15:00:00,1.26976054486394,1.35183004614118,0,3.56
2024-06-21 16:00:00,1.62334081760309,1.68598641300654,0,5.07
2024-06-21 17:00:00,0.598836501088704,1.65633158225399,0,1.82
2024-06-21 18:00:00,1.04380405217311,1.90759478464268,0,2.84
2024-06-21 19:00:00,1.40854497005471,2.41420389653306,0,4.09
2024-06-21 20:00:00,2.90361698464619,2.78662483884206,0,18.24
2024-06-21 21:00:00,4.07465192887636,3.19791813695144,0,58.83
2024-06-21 22:00:00,3.72352239755748,3.12432772005225,0,41.41
2024-06-21 23:00:00,3.79323946943818,3.29203646681024,0,44.4
2024-06-22,3.34144737725638,2.88819343079191,0,28.26
2024-06-22 01:00:00,2.98870765861703,3.02270278009397,0,19.86
2024-06-22 02:00:00,2.84954976337591,2.94465461811699,0,17.28
2024-06-22 03:00:00,2.4706386779903,2.578304586239,0,11.83
2024-06-22 04:00:00,2.23001440015921,2.36470217952164,0,9.3
2024-06-22 05:00:00,1.81319474994812,2.40732888360225,0,6.13
2024-06-22 06:00:00,1.42791603581071,2.37828054665968,0,4.17
2024-06-22 07:00:00,1.33500106673234,2.30946932048705,0,3.8
2024-06-22 08:00:00,1.11841491596429,1.68669361541448,0,3.06
2024-06-22 09:00:00,0.966983846189673,1.61295482336673,0,2.63
2024-06-22 10:00:00,1.62136648329937,1.72119131609835,0,5.06
2024-06-22 11:00:00,0.343589704390077,0.768974985686353,0,1.41
2024-06-22 12:00:00,0.165514438477573,0.726842424599115,0,1.18
2024-06-22 13:00:00,0.336472236621213,0.764957743092928,0,1.4
2024-06-22 14:00:00,0.165514438477573,0.779213007154036,0,1.18
2024-06-22 15:00:00,0.792992515529661,0.986936107174867,0,2.21
2024-06-22 16:00:00,0.920282753143692,1.23101154390458,0,2.51
2024-06-22 17:00:00,1.31640823365572,1.4081937800627,0,3.73
2024-06-22 18:00:00,2.2181159363676,1.85811881674308,0,9.19
2024-06-22 19:00:00,2.70738331211451,2.36648635304975,0,14.99
2024-06-22 20:00:00,3.2088254890147,2.80488947874472,0,24.75
2024-06-22 21:00:00,3.72328088083127,3.15002804601772,0,41.4
2024-06-22 22:00:00,4.01782342431436,3.12171998967982,0,55.58
2024-06-22 23:00:00,3.88094504985728,3.00580961415389,0,48.47
2024-06-23,3.5034530823665,2.88926122199367,0,33.23
2024-06-23 01:00:00,3.40850395684459,2.80344507267562,0,30.22
2024-06-23 02:00:00,2.84083131233603,2.62069055708758,0,17.13
2024-06-23 03:00:00,2.50389194969908,2.34863070682999,0,12.23
2024-06-23 04:00:00,2.40152504084895,2.41773366941573,0,11.04
2024-06-23 05:00:00,2.48573963609189,2.49573839368223,0,12.01
2024-06-23 06:00:00,2.28442112236637,2.31236462602478,0,9.82
2024-06-23 07:00:00,1.5953389880546,1.84380452026505,0,4.93
2024-06-23 08:00:00,0.896088024556636,1.28212755309587,0,2.45
2024-06-23 09:00:00,1.13462272619114,1.52602365823665,0,3.11
2024-06-23 10:00:00,1.23837423104327,1.27629977729965,0,3.45
2024-06-23 11:00:00,1.04027671165515,0.761016900371907,0,2.83
2024-06-23 12:00:00,0.89199803930511,0.672788361384668,0,2.44
2024-06-23 13:00:00,0.989541193613748,0.939143661392303,0,2.69
2024-06-23 14:00:00,1.40854497005471,0.944784060762391,0,4.09
2024-06-23 15:00:00,0.989541193613748,1.17650655541286,0,2.69
2024-06-23 16:00:00,1.15373158788919,1.40730683009738,0,3.17
2024-06-23 17:00:00,1.86408013080768,1.5923684750347,0,6.45
2024-06-23 18:00:00,2.12345842709661,2.03695287750985,0,8.36
2024-06-23 19:00:00,1.89461685466776,2.49625922499783,0,6.65
2024-06-23 20:00:00,2.55412171880947,2.80260852075538,0,12.86
2024-06-23 21:00:00,3.47041245068363,2.99663673758187,0,32.15
2024-06-23 22:00:00,3.48124008933569,3.11747516569908,0,32.5
2024-06-23 23:00:00,3.3686741899566,2.9768371709809,0,29.04
2024-06-24,3.06805293513362,2.84298045098466,0,21.5
2024-06-24 01:00:00,2.95021175825218,2.79267010744787,0,19.11
2024-06-24 02:00:00,2.67552700939665,2.70021036725355,0,14.52
2024-06-24 03:00:00,2.54002594900908,2.62960222028094,0,12.68
2024-06-24 04:00:00,2.42568729012803,2.57376878640152,0,11.31
2024-06-24 05:00:00,2.50878592357794,2.61670522919373,0,12.29
2024-06-24 06:00:00,2.59749101053515,2.47376420607534,0,13.43
2024-06-24 07:00:00,1.92716410623426,1.87392565614562,0,6.87
2024-06-24 08:00:00,1.01523067972906,1.42080816375944,0,2.76
2024-06-24 09:00:00,0.636576829071551,1.49109192370935,0,1.89
2024-06-24 10:00:00,0.924258901523332,1.17689731036602,0,2.52
2024-06-24 11:00:00,0.482426149244293,0.643183263618836,0,1.62
2024-06-24 12:00:00,0.536493370514568,0.546563889591174,0,1.71
2024-06-24 13:00:00,0.553885113226438,0.750169880383749,0,1.74
2024-06-24 14:00:00,0.896088024556636,0.852907090452211,0,2.45
2024-06-24 15:00:00,1.16315080980568,1.17236964739398,0,3.2
2024-06-24 16:00:00,1.18172719537862,1.3628471571408,0,3.26
2024-06-24 17:00:00,1.39871688111845,1.46100544518224,0,4.05
2024-06-24 18:00:00,1.33236601909433,1.73503484603263,0,3.79
2024-06-24 19:00:00,1.54756250871601,2.23734552016803,0,4.7
2024-06-24 20:00:00,2.62611681833952,2.59229220308473,0,13.82
2024-06-24 21:00:00,3.11529150861163,2.96555842142625,0,22.54
2024-06-24 22:00:00,3.3282682016394,2.96739530951901,0,27.89
2024-06-24 23:00:00,3.43752931090955,2.97584928167429,0,31.11
2024-06-25,3.41312595252743,2.87456956419632,0,30.36
2024-06-25 01:00:00,3.2519236789144,2.76978077360016,0,25.84
2024-06-25 02:00:00,3.05400118167797,2.65681045164239,0,21.2
2024-06-25 03:00:00,2.83673654206353,2.59463966595102,0,17.06
2024-06-25 04:00:00,2.64191039859766,2.54845041094231,0,14.04
2024-06-25 05:00:00,2.95699144523756,2.57427505805864,0,19.24
2024-06-25 06:00:00,3.23514279733207,2.38003807895514,0,25.41
2024-06-25 07:00:00,2.42921774392741,1.85138530773244,0,11.35
2024-06-25 08:00:00,1.14103300455206,1.37716564190074,0,3.13
2024-06-25 09:00:00,0.609765571620894,1.1163123927185,0,1.84
2024-06-25 10:00:00,0.494696241836107,0.788257954655024,0,1.64
2024-06-25 11:00:00,0.570979546585738,0.431615262726259,0,1.77
2024-06-25 12:00:00,0.641853886172395,0.401339645734914,0,1.9
2024-06-25 13:00:00,0.76080582903376,0.506344850964551,0,2.14
2024-06-25 14:00:00,0.86288995514704,0.582199076697596,0,2.37
2024-06-25 15:00:00,1.14422279992016,0.866161582647504,0,3.14
2024-06-25 16:00:00,1.37371557891303,1.12799079932387,0,3.95
2024-06-25 17:00:00,1.28093384546206,1.25137693409169,0,3.6
2024-06-25 18:00:00,1.30291275218084,1.5495736018785,0,3.68
2024-06-25 19:00:00,1.8099267731835,2.05219178960908,0,6.11
2024-06-25 20:00:00,2.96269241947579,2.45001025873217,0,19.35
2024-06-25 21:00:00,3.33291854090886,2.83412226046184,0,28.02
2024-06-25 22:00:00,3.46854445512177,2.89467152037191,0,32.09
2024-06-25 23:00:00,3.19458313229916,2.82126085083734,0,24.4
2024-06-26,2.76506045581899,2.67335959306802,0,15.88
2024-06-26 01:00:00,2.29857707159651,2.54497695423938,0,9.96
2024-06-26 02:00:00,1.94161522477243,2.17047832021418,0,6.97
2024-06-26 03:00:00,2.07693841146172,2.0809516831703,0,7.98
2024-06-26 04:00:00,2.28645571106416,2.16553425712192,0,9.84
2024-06-26 05:00:00,3.28391422104742,2.34856040364493,0,26.68
2024-06-26 06:00:00,2.70671597808907,2.20288364167617,0,14.98
2024-06-26 07:00:00,2.44581926107995,1.83497444597382,0,11.54
2024-06-26 08:00:00,1.16627093714192,1.28347394699993,0,3.21
2024-06-26 09:00:00,0.982078472412158,1.162598086239,0,2.67
2024-06-26 10:00:00,0.708035793053696,0.924697994578349,0,2.03
2024-06-26 11:00:00,0.512823626428664,0.453745721370731,0,1.67
2024-06-26 12:00:00,0.570979546585738,0.44807691848376,0,1.77
2024-06-26 13:00:00,0.688134638736401,0.594508741677084,0,1.99
2024-06-26 14:00:00,1.00063188030791,0.73426700611438,0,2.72
2024-06-26 15:00:00,1.18478998490916,1.1163933150592,0,3.27
2024-06-26 16:00:00,1.00063188030791,1.21841420222105,0,2.72
2024-06-26 17:00:00,1.07840958135059,1.32959626338684,0,2.94
2024-06-26 18:00:00,1.65441127807683,1.64450788678016,0,5.23
2024-06-26 19:00:00,1.29746314741327,2.12883089605885,0,3.66
2024-06-26 20:00:00,2.17475172148416,2.47270696489845,0,8.8
2024-06-26 21:00:00,2.85819285953193,2.71616824273261,0,17.43
2024-06-26 22:00:00,3.14845336057165,2.74639486048688,0,23.3
2024-06-26 23:00:00,2.97450863710236,2.37967396275551,0,19.58
2024-06-27,4.58537555865991,3.31087017551226,0,98.04
2024-06-27 01:00:00,4.03335529059567,2.67422004230339,0,56.45
2024-06-27 02:00:00,3.46166512842925,2.51752114545605,0,31.87
2024-06-27 03:00:00,2.97603964020825,2.42284078730385,0,19.61
2024-06-27 04:00:00,2.61373952163097,2.41152973906363,0,13.65
2024-06-27 05:00:00,2.59972232421658,2.56441922046788,0,13.46
2024-06-27 06:00:00,2.55178617862755,2.68559635050266,0,12.83
2024-06-27 07:00:00,1.99877363861238,2.59775419915257,0,7.38
2024-06-27 08:00:00,1.99877363861238,1.99495468907065,0,7.38
2024-06-27 09:00:00,0.936093359170335,1.54143078306231,0,2.55
2024-06-27 10:00:00,0.662687973075237,1.18453080595421,0,1.94
2024-06-27 11:00:00,0.438254930931155,0.749244242813439,0,1.55
2024-06-27 12:00:00,0.00995033085316809,0.644254718814495,0,1.01
2024-06-27 13:00:00,0.438254930931155,0.798207757375075,0,1.55
2024-06-27 14:00:00,0.598836501088704,0.921587023231047,0,1.82
2024-06-27 15:00:00,1.00430160919687,1.20617837807177,0,2.73
2024-06-27 16:00:00,3.27298515051523,2.13883108545596,0,26.39
2024-06-27 17:00:00,4.77280102737204,2.26816267835435,0,118.25
2024-06-28 09:00:00,1.26976054486394,1.56978589204399,0,3.56
2024-06-28 10:00:00,0.89199803930511,1.31488199522043,0,2.44
2024-06-28 11:00:00,0.378436435720245,0.621103507060641,0,1.46
2024-06-28 12:00:00,1.61938824328727,0.523266237754299,0,5.05
2024-06-28 13:00:00,4.28579102679306,2.13672171222352,0,72.66
2024-06-28 14:00:00,4.1195248607524,1.56866099689945,0,61.53
2024-06-28 15:00:00,1.27256559579155,1.58014242255935,0,3.57
2024-06-28 16:00:00,3.98266784499748,3.26486617122292,0,53.66
2024-06-28 17:00:00,3.958906591327,4.62768371061971,0,52.4
2024-06-28 18:00:00,2.82790516291049,2.53688960076784,0,16.91
2024-06-28 19:00:00,1.65249740189455,2.85979672943837,0,5.22
2024-06-28 20:00:00,2.37397508908072,3.28924437129364,0,10.74
2024-06-28 21:00:00,2.2523438765573,3.4153971592909,0,9.51
2024-06-28 22:00:00,2.12465388450138,3.21958649210873,0,8.37
2024-06-28 23:00:00,1.86097453824953,3.00604346770612,0,6.43
2024-06-29,2.04251818757524,2.92302945874329,0,7.71
2024-06-29 01:00:00,1.99333884262642,2.80859130552465,0,7.34
2024-06-29 02:00:00,1.94876321803772,2.67504106719316,0,7.02
2024-06-29 03:00:00,1.47017584510059,2.55838925171892,0,4.35
2024-06-29 04:00:00,1.24415459395877,2.4983713304303,0,3.47
2024-06-29 05:00:00,1.75785791755237,2.57686892175145,0,5.8
2024-06-29 06:00:00,1.96850998097255,2.35298796634048,0,7.16
2024-06-29 07:00:00,1.38629436111989,1.95413283289223,0,4
2024-06-29 08:00:00,0.576613364303994,1.2917234356421,0,1.78
2024-06-29 09:00:00,0.672944473242426,1.25187458844465,0,1.96
2024-06-29 10:00:00,0.751416088683921,1.01307262810489,0,2.12
2024-06-29 11:00:00,0.727548607277278,0.617147846083855,0,2.07
2024-06-29 12:00:00,0.770108221696074,0.571624782854983,0,2.16
2024-06-29 13:00:00,0.593326845277734,0.745654354505504,0,1.81
2024-06-29 14:00:00,1.10525683138678,0.725927055472032,0,3.02
2024-06-29 15:00:00,1.15057202759882,0.938709639334227,0,3.16
2024-06-29 16:00:00,0.978326122793608,1.12050399170884,0,2.66
2024-06-29 17:00:00,0.966983846189673,1.25858337477585,0,2.63
2024-06-29 18:00:00,0.993251773010283,1.77259189828849,0,2.7
2024-06-29 19:00:00,2.36179695262589,2.30333528545626,0,10.61
2024-06-29 20:00:00,2.70404217970467,2.66168385711112,0,14.94
2024-06-29 21:00:00,2.94759189822606,2.75510518053143,0,19.06
2024-06-29 22:00:00,2.83673654206353,2.62792390745914,0,17.06
2024-06-29 23:00:00,3.15059698411491,2.6846593846136,0,23.35
2024-06-30,2.85589532836619,2.58597860400626,0,17.39
2024-06-30 01:00:00,2.2181159363676,2.31853353140594,0,9.19
2024-06-30 02:00:00,1.85941811770187,2.19384500612936,0,6.42
2024-06-30 03:00:00,2.03861954715958,1.75719140327261,0,7.68
2024-06-30 04:00:00,1.33236601909433,1.63631062096707,0,3.79
2024-06-30 05:00:00,2.29051251175978,2.20015158443614,0,9.88
2024-06-30 06:00:00,3.67198758644372,2.26122346452629,0,39.33
2024-06-30 07:00:00,3.07223024452672,1.86932472683067,0,21.59
2024-06-30 08:00:00,1.17865499634165,1.34091214291784,0,3.25
2024-06-30 09:00:00,1.00795792039998,1.22979342740824,0,2.74
2024-06-30 10:00:00,1.08180517035173,1.17675708421778,0,2.95
2024-06-30 11:00:00,0.76080582903376,0.645412393512786,0,2.14
2024-06-30 12:00:00,-0.116533816255952,0.463838713300074,0,0.89
2024-06-30 13:00:00,0.385262400790645,0.639543591947549,0,1.47
2024-06-30 14:00:00,0.662687973075237,0.590100588366461,0,1.94
2024-06-30 15:00:00,0.774727167552368,1.00102169277912,0,2.17
2024-06-30 16:00:00,1.15688119679209,1.29197509097817,0,3.18
2024-06-30 17:00:00,1.03318448334565,1.4122214757344,0,2.81
2024-06-30 18:00:00,2.68375750853317,2.03387011379658,0,14.64
2024-06-30 19:00:00,3.98768690934914,2.72815362607534,0,53.93
2024-06-30 20:00:00,3.30761903470259,2.88913326585411,0,27.32
2024-06-30 21:00:00,3.21767510429168,2.9616259344007,0,24.97
2024-06-30 22:00:00,3.05258508514677,2.81935032275698,0,21.17
2024-06-30 23:00:00,3.3779287547228,2.96505394289306,0,29.31
2024-07-01,3.70401434169821,2.87199149383432,0,40.61
2024-07-01 01:00:00,3.08053287524646,2.72161687727757,0,21.77
2024-07-01 02:00:00,2.35042242240821,2.58756517650446,0,10.49
2024-07-01 03:00:00,2.3869262414278,2.51637654964949,0,10.88
2024-07-01 04:00:00,2.25444471766611,2.5035969385753,0,9.53
2024-07-01 05:00:00,2.0515563381903,2.51032230199651,0,7.78
2024-07-01 06:00:00,2.07568449280212,2.49434376181324,0,7.97
2024-07-01 07:00:00,1.42069578783722,2.22341086563872,0,4.14
2024-07-01 08:00:00,1.24415459395877,1.65944665584877,0,3.47
2024-07-01 09:00:00,0.978326122793608,1.5015668185552,0,2.66
2024-07-01 10:00:00,0.970778917158225,1.30917179372978,0,2.64
2024-07-01 11:00:00,0.900161349944271,0.824408584519432,0,2.46
2024-07-01 12:00:00,1.35840915763035,0.892613078040753,0,3.89
2024-07-01 13:00:00,0.879626747502564,1.02550337028027,0,2.41
2024-07-01 14:00:00,0.845868267577609,1.03865511367986,0,2.33
2024-07-01 15:00:00,3.02916704964023,1.71363885964478,0,20.68
2024-07-01 16:00:00,3.65790464981451,2.4390200604734,0,38.78
2024-07-01 17:00:00,2.51930807650533,2.12973002758756,0,12.42
2024-07-01 18:00:00,1.77155676191054,2.39907800087388,0,5.88
2024-07-01 19:00:00,2.38784493694487,2.88419060715859,0,10.89
2024-07-01 20:00:00,2.23751309625033,3.04427261782251,0,9.37
2024-07-01 21:00:00,2.04122032885964,2.99604990729364,0,7.7
2024-07-01 22:00:00,1.93730177451871,2.83073241560888,0,6.94
2024-07-01 23:00:00,1.79009141212736,2.66790445587447,0,5.99
2024-07-02,1.77155676191054,2.48866524580281,0,5.88
2024-07-02 01:00:00,1.9139771019523,2.32596323563808,0,6.78
2024-07-02 02:00:00,2.53051716104005,2.33695912830797,0,12.56
2024-07-02 03:00:00,2.55877649835446,2.26111977150711,0,12.92
2024-07-02 04:00:00,3.12938865836666,2.26874270809778,0,22.86
2024-07-02 05:00:00,2.9912221180761,2.42193130618223,0,19.91
2024-07-02 06:00:00,2.50143595173921,2.39321321673262,0,12.2
2024-07-02 07:00:00,2.14943391349987,2.22297430556449,0,8.58
2024-07-02 08:00:00,1.47932922708708,1.68305131001787,0,4.39
2024-07-02 09:00:00,1.43270073393405,1.63233261429027,0,4.19
2024-07-02 10:00:00,1.36863942588117,1.42753175566014,0,3.93
2024-07-02 11:00:00,1.22082992139236,0.923275568554928,0,3.39
2024-07-02 12:00:00,1.2947271675944,0.996819822187318,0,3.65
2024-07-02 13:00:00,1.44220199305819,1.09251582318666,0,4.23
2024-07-02 14:00:00,1.7227665977411,1.29567580723337,0,5.6
2024-07-02 15:00:00,1.80500469597808,1.64689512179667,0,6.08
2024-07-02 16:00:00,1.49962304642689,1.88159340446447,0,4.48
2024-07-02 17:00:00,1.42310833424261,1.91676310375301,0,4.15
2024-07-02 18:00:00,2.23323501485925,2.3791725758167,0,9.33
2024-07-02 19:00:00,2.72785282839839,2.8172188045952,0,15.3
2024-07-02 20:00:00,2.43009841329301,3.00837924319384,0,11.36
2024-07-02 21:00:00,2.38600670113312,3.06171208406332,0,10.87
2024-07-02 22:00:00,2.77695417974942,2.90756577598197,0,16.07
2024-07-02 23:00:00,2.52572864430826,2.79009418004178,0,12.5
2024-07-03,2.79667139275574,2.63036702581852,0,16.39
2024-07-03 01:00:00,2.99773027621666,2.61061718705016,0,20.04
2024-07-03 02:00:00,3.09919098192222,2.61423653644172,0,22.18
2024-07-03 03:00:00,3.21406426787098,2.60813953447524,0,24.88
2024-07-03 04:00:00,3.24454357161678,2.50923456505871,0,25.65
2024-07-03 05:00:00,2.05923883436232,2.53714100919258,0,7.84
2024-07-03 06:00:00,2.47737838336721,2.57518125329196,0,11.91
2024-07-03 07:00:00,2.11021320034659,2.41192958602134,0,8.25
2024-07-03 08:00:00,1.31908561142644,1.81457757399741,0,3.74
2024-07-03 09:00:00,1.04027671165515,1.58506193019563,0,2.83
2024-07-03 10:00:00,0.970778917158225,1.32431430276209,0,2.64
2024-07-03 11:00:00,1.11841491596429,0.839049888399982,0,3.06
2024-07-03 12:00:00,1.19694818938897,0.955772964317412,0,3.31
2024-07-03 13:00:00,1.30291275218084,1.13166443813727,0,3.68
2024-07-03 14:00:00,1.26412672714568,1.29821568049126,0,3.54
2024-07-03 15:00:00,1.35066718347674,1.56835593802932,0,3.86
2024-07-03 16:00:00,1.28923264827676,1.71123153768637,0,3.63
2024-07-03 17:00:00,1.48839958405704,1.81581637128933,0,4.43
2024-07-03 18:00:00,1.35583515363518,2.11742912574252,0,3.88
2024-07-03 19:00:00,1.70110510095992,2.59663277875469,0,5.48
2024-07-03 20:00:00,2.85933964864844,3.06498395662229,0,17.45
2024-07-03 21:00:00,3.09512501743203,3.16206621894011,0,22.09
2024-07-03 22:00:00,3.18511219471539,2.97731034303839,0,24.17
2024-07-03 23:00:00,2.95803040636998,2.9338254615043,0,19.26
2024-07-04,3.50134433026709,2.94524202019743,0,33.16
2024-07-04 01:00:00,3.62620585958588,3.00708084540437,0,37.57
2024-07-04 02:00:00,3.42978483851407,2.96499596565041,0,30.87
2024-07-04 03:00:00,3.02723094061336,2.75947266108715,0,20.64
2024-07-04 04:00:00,2.78068089213712,2.58346471880654,0,16.13
2024-07-04 05:00:00,2.62103882411258,2.72310719186881,0,13.75
2024-07-04 06:00:00,2.16332302566054,2.71996966686912,0,8.7
2024-07-04 07:00:00,1.51732262352629,2.2599581760466,0,4.56
2024-07-04 08:00:00,1.25561603747777,1.82643053764596,0,3.51
2024-07-04 09:00:00,1.1314021114911,1.68967020910086,0,3.1
2024-07-04 10:00:00,1.03318448334565,1.44180553711388,0,2.81
2024-07-04 11:00:00,1.35840915763035,1.28079960887297,0,3.89
2024-07-04 12:00:00,1.71918877639322,1.34522906666229,0,5.58
2024-07-04 13:00:00,1.21787570949493,1.24621948340724,0,3.38
2024-07-04 14:00:00,1.10194007876078,1.24245265797025,0,3.01
2024-07-04 15:00:00,2.11745960886736,1.74512453202917,0,8.31
2024-07-04 16:00:00,1.51512723296286,1.72958605216836,0,4.55
2024-07-04 17:00:00,1.20597080698861,1.77360743178528,0,3.34
2024-07-04 18:00:00,1.49290409617815,2.20404095168035,0,4.45
2024-07-04 19:00:00,1.66770682055808,2.80598386190656,0,5.3
2024-07-04 20:00:00,2.84897089215859,3.10090036786712,0,17.27
2024-07-04 21:00:00,3.02529107579554,3.330611793846,0,20.6
2024-07-04 22:00:00,3.39013643430273,3.25017422725638,0,29.67
2024-07-04 23:00:00,3.05541527571516,2.97256442552303,0,21.23
2024-07-05,2.62103882411258,2.80076301997376,0,13.75
2024-07-05 01:00:00,2.59151638484626,2.74189175903234,0,13.35
2024-07-05 02:00:00,2.49155119250667,2.55494615788577,0,12.08
2024-07-05 03:00:00,2.30856716467159,2.52267257094945,0,10.06
2024-07-05 04:00:00,2.35801979988215,2.4205629400323,0,10.57
2024-07-05 05:00:00,2.44581926107995,2.52620843785315,0,11.54
2024-07-05 06:00:00,2.49732916978656,2.60905317812855,0,12.15
2024-07-05 08:00:00,1.59330853050422,1.78218756912636,0,4.92
2024-07-05 09:00:00,1.20896034583698,1.63391875121576,0,3.35
2024-07-05 10:00:00,0.405465108108164,1.04678939188312,0,1.5
2024-07-05 11:00:00,0.371563556432483,0.630739377272839,0,1.45
2024-07-05 12:00:00,0.86288995514704,0.717295102374164,0,2.37
2024-07-05 13:00:00,1.06471073699243,0.836446383023546,0,2.9
2024-07-05 14:00:00,1.26694760348732,1.03618564447526,0,3.55
2024-07-05 15:00:00,1.40118297361364,1.36920632633438,0,4.06
2024-07-05 16:00:00,1.5993875765806,1.67252311504182,0,4.95
2024-07-05 17:00:00,1.53471436623816,1.83185966328273,0,4.64
2024-07-05 18:00:00,2.28136145654242,2.20934298816822,0,9.79
2024-07-05 19:00:00,2.59151638484626,2.61858021068746,0,13.35
2024-07-05 22:00:00,2.98669152890184,3.03365435603338,0,19.82
2024-07-05 23:00:00,3.08465848274839,2.92694076937987,0,21.86
2024-07-06,2.95230271562665,2.82326250981989,0,19.15
2024-07-06 01:00:00,2.65885995691144,2.727626633647,0,14.28
2024-07-06 12:00:00,-0.0408219945202552,0.346821780879223,0,0.96
2024-07-06 13:00:00,-0.0725706928348354,0.438216709102416,0,0.93
2024-07-06 14:00:00,-0.673344553263766,0.339827955889431,0,0.51
2024-07-06 15:00:00,0.470003629245736,0.72598445702393,0,1.6
2024-07-06 16:00:00,0.693147180559945,1.0075940106487,0,2
2024-07-07 21:00:00,3.61118814639806,3.0259183950469,0,37.01
2024-07-07 22:00:00,3.37656310070379,3.10492733602888,0,29.27
2024-07-08 07:00:00,2.7173402480093,2.36918813869111,0,15.14
2024-07-08 12:00:00,0.336472236621213,0.507610913518507,0,1.4
2024-07-08 13:00:00,0.698134722070984,0.607972285057242,0,2.01
2024-07-08 19:00:00,3.19703913025903,2.24882052315436,0,24.46
2024-07-08 23:00:00,3.27260614728917,2.84756535196993,0,26.38
2024-07-09,3.38878736158547,2.76767035433647,0,29.63
2024-07-09 01:00:00,3.40784192438082,2.72749974914959,0,30.2
2024-07-09 02:00:00,3.09648217665413,2.53485433529435,0,22.12
2024-07-09 03:00:00,2.69259809654329,2.50416923272673,0,14.77
2024-07-09 04:00:00,2.69867303928961,2.47517958313041,0,14.86
2024-07-09 05:00:00,2.57108434602905,2.65062986934577,0,13.08
2024-07-09 06:00:00,2.67552700939665,2.51705593930941,0,14.52
2024-07-09 07:00:00,2.43097830776244,1.99442167325096,0,11.37
2024-07-09 08:00:00,1.16938135955632,1.4473256422318,0,3.22
2024-07-09 09:00:00,0.587786664902119,1.28029563652902,0,1.8
2024-07-09 10:00:00,-0.27443684570176,0.878985959168649,0,0.76
2024-07-09 11:00:00,0.048790164169432,0.407395522190379,0,1.05
2024-07-09 12:00:00,0.688134638736401,0.551925380889785,0,1.99
2024-07-09 13:00:00,0.683096844706444,0.607922301819771,0,1.98
2024-07-09 14:00:00,0.802001585472027,0.666068940104289,0,2.23
2024-07-09 15:00:00,0.924258901523332,0.9370553868002,0,2.52
2024-07-09 16:00:00,0.924258901523332,1.12751502560943,0,2.52
2024-07-09 17:00:00,0.970778917158225,1.23536819357427,0,2.64
2024-07-09 18:00:00,1.02245092770255,1.61261995320587,0,2.78
2024-07-09 19:00:00,1.93585981320181,2.10853530143029,0,6.93
2024-07-09 20:00:00,2.29152414563462,2.54267727988476,0,9.89
2024-07-09 21:00:00,3.70352173085081,2.85313034011776,0,40.59
2024-07-09 22:00:00,3.65790464981451,2.86012185606779,0,38.78
2024-07-09 23:00:00,3.67071548348627,2.74566932901638,0,39.28
2024-07-10,3.25848107946056,2.64990833951035,0,26.01
2024-07-10 01:00:00,3.08099211750481,2.54588186369136,0,21.78
2024-07-10 02:00:00,2.81540871942271,2.42999374734201,0,16.7
2024-07-10 03:00:00,2.54631527791664,2.35114641762046,0,12.76
2024-07-10 04:00:00,2.64617479738412,2.31017812664129,0,14.1
2024-07-10 05:00:00,2.99773027621666,2.46207311695713,0,20.04
2024-07-10 06:00:00,2.29656702066848,2.32345225485832,0,9.94
2024-07-10 07:00:00,2.98568193770049,1.9364054097525,0,19.8
2024-07-10 08:00:00,2.01756613796175,1.33613710954872,0,7.52
2024-07-10 09:00:00,0.802001585472027,1.28194341716586,0,2.23
2024-07-10 10:00:00,1.05082162483176,1.12637964876517,0,2.86
2024-07-10 11:00:00,0.688134638736401,0.578846479259017,0,1.99
2024-07-10 12:00:00,0.104360015324243,0.554525969927931,0,1.11
2024-07-10 13:00:00,0.19062035960865,0.654964716913092,0,1.21
2024-07-10 14:00:00,0.482426149244293,0.692026849964781,0,1.62
2024-07-10 15:00:00,0.815364813284194,1.06003539619779,0,2.26
2024-07-10 16:00:00,3.19908119754002,4.94282708552161,0,24.51
2024-07-10 17:00:00,4.8283137373023,4.02958281063929,0,125
2024-07-10 18:00:00,4.79032106979221,2.92011478387036,0,120.34
2024-07-10 19:00:00,4.17377169585342,3.27427510046964,0,64.96
2024-07-10 20:00:00,3.38235429386068,3.32674214225154,0,29.44
2024-07-10 21:00:00,2.82137888640921,3.33106931197957,0,16.8
2024-07-10 22:00:00,2.53923699433305,3.24767028778583,0,12.67
2024-07-10 23:00:00,2.35801979988215,3.07698473308327,0,10.57
2024-07-11,2.18829594659192,2.85397956840549,0,8.92
2024-07-11 01:00:00,1.93152141160321,2.74341936608328,0,6.9
2024-07-11 02:00:00,1.96571277635149,2.57675133485538,0,7.14
2024-07-11 03:00:00,2.09924416897602,2.45771378333709,0,8.16
2024-07-11 04:00:00,1.89761985992753,2.43319450878561,0,6.67
2024-07-11 05:00:00,2.26695791535089,2.53868085937836,0,9.65
2024-07-11 06:00:00,2.34468626901268,2.60881331932964,0,10.43
2024-07-11 07:00:00,1.91250108692418,2.22309357016142,0,6.77
2024-07-11 08:00:00,1.55814461804655,1.8121025028942,0,4.75
2024-07-11 09:00:00,1.09861228866811,1.75305896491801,0,3
2024-07-11 10:00:00,0.148420005118273,1.15024594080927,0,1.16
2024-07-11 11:00:00,1.49738840862548,0.915333232573606,0,4.47
2024-07-11 12:00:00,0.982078472412158,0.857497574207934,0,2.67
2024-07-11 13:00:00,0.841567185678219,0.996935304680883,0,2.32
2024-07-11 14:00:00,0.559615787935423,1.06224599014603,0,1.75
2024-07-11 15:00:00,0.896088024556636,1.26790648683215,0,2.45
2024-07-11 16:00:00,1.95302761682418,1.59536500546218,0,7.05
2024-07-11 17:00:00,3.11039934853212,1.87023266279174,0,22.43
2024-07-11 18:00:00,4.26605445842146,2.58989774677597,0,71.24
2024-07-11 19:00:00,3.66740042243681,2.87970488165552,0,39.15
2024-07-11 20:00:00,2.97756830292632,3.26031462721741,0,19.64
2024-07-11 21:00:00,2.96887481938411,3.35929942019322,0,19.47
2024-07-11 22:00:00,2.82672173081971,3.19431101749579,0,16.89
2024-07-11 23:00:00,2.24070968927596,2.93543490830872,0,9.4
2024-07-12,2.16561923792089,2.82395360034359,0,8.72
2024-07-12 01:00:00,2.01490302054226,2.72632796976394,0,7.5
2024-07-12 02:00:00,1.95018670582257,2.59926114079889,0,7.03
2024-07-12 03:00:00,2.07065303564676,2.48600203842663,0,7.93
2024-07-12 04:00:00,1.98650354602057,2.4449818826019,0,7.29
2024-07-12 05:00:00,2.12226153886276,2.58507941560916,0,8.35
2024-07-12 06:00:00,2.28033948404673,2.39316713091121,0,9.78
2024-07-12 07:00:00,1.91985947185537,2.3113071549344,0,6.82
2024-07-12 08:00:00,1.56024766824333,1.81846450133112,0,4.76
2024-07-12 09:00:00,1.14422279992016,1.68663869294745,0,3.14
2024-07-12 10:00:00,0.887891257352457,1.34905198529878,0,2.43
2024-07-12 11:00:00,0.78845736036427,0.859399511353752,0,2.2
2024-07-12 12:00:00,0.506817602368452,0.607364548912401,0,1.66
2024-07-15 06:00:00,2.63044895507866,2.46080487953902,0,13.88
2024-07-15 07:00:00,2.09556092355972,2.03162607464458,0,8.13
2024-07-15 08:00:00,1.39624469197306,1.37892007810103,0,4.04
2024-07-15 09:00:00,0.703097511413113,1.28913158210656,0,2.02
2024-07-15 10:00:00,0.500775287912489,0.935037177694735,0,1.65
2024-07-15 11:00:00,0.131028262406404,0.532342175643056,0,1.14
2024-07-15 12:00:00,0.336472236621213,0.493861557466094,0,1.4
2024-07-15 14:00:00,0.3293037471426,0.573339364971759,0,1.39
2024-07-15 15:00:00,0.647103242058538,0.730244700174578,0,1.91
2024-07-15 16:00:00,0.819779831493311,0.94105663271351,0,2.27
2024-07-15 17:00:00,2.38139627341834,1.34370996931344,0,10.82
2024-07-15 18:00:00,1.82937633279936,1.91028665562767,0,6.23
2024-07-15 19:00:00,3.61496377116377,NA,0,37.15
2024-07-15 20:00:00,3.80688468730484,2.91777043423395,0,45.01
2024-07-15 21:00:00,3.57655026914002,3.04380559183223,0,35.75
2024-07-15 22:00:00,3.37314078387963,2.94669559945952,0,29.17
2024-07-15 23:00:00,3.19088778832803,2.88144455382155,0,24.31
2024-07-16,3.13809951484091,2.741824637015,0,23.06
2024-07-16 01:00:00,2.60933422816305,2.56092542353215,0,13.59
2024-07-16 02:00:00,2.67690347210537,2.3904652874995,0,14.54
2024-07-16 03:00:00,2.28033948404673,2.27098704357138,0,9.78
2024-07-16 04:00:00,2.06178660644112,2.22266516630008,0,7.86
2024-07-16 05:00:00,1.84054963339749,NA,0,6.3
2024-07-16 06:00:00,1.83577635464483,2.25882703216005,0,6.27
2024-07-16 07:00:00,2.84258109405982,2.4104802075639,0,17.16
2024-07-16 08:00:00,2.80154054418955,1.93239774249122,0,16.47
2024-07-16 09:00:00,1.70656462316482,1.61996713251447,0,5.51
2024-07-16 10:00:00,0.904218150639886,1.30529380580511,0,2.47
2024-07-16 11:00:00,0.727548607277278,0.734857462587632,0,2.07
2024-07-16 12:00:00,1.14422279992016,0.93577357682666,0,3.14
2024-07-16 13:00:00,1.08518926833597,0.892107815538154,0,2.96
2024-07-16 14:00:00,0.974559639998131,0.935193166497362,0,2.65
2024-07-16 15:00:00,0.932164081030445,1.15403434064079,0,2.54
2024-07-16 16:00:00,0.792992515529661,1.39647068840801,0,2.21
2024-07-16 17:00:00,0.989541193613748,1.44074329453544,0,2.69
2024-07-16 18:00:00,1.18172719537862,1.92615277607953,0,3.26
2024-07-16 19:00:00,1.28647402583768,2.32693017662601,0,3.62
2024-07-16 20:00:00,2.79116510781272,2.68533007818084,0,16.3
2024-07-16 21:00:00,3.35445511911002,2.99063878401665,0,28.63
2024-07-16 22:00:00,3.31890213893533,3.02195344017448,0,27.63
2024-07-16 23:00:00,3.42100000895834,2.93506942198303,0,30.6
2024-07-17,3.18841661738349,2.79427316160192,0,24.25
2024-07-17 01:00:00,2.82435065679837,2.70339423313008,0,16.85
2024-07-17 02:00:00,2.1770218700187,2.59190137383059,0,8.82
2024-07-17 03:00:00,1.43983512804792,2.35988258657682,0,4.22
2024-07-17 04:00:00,1.41827740697294,2.34610606880494,0,4.13
2024-07-17 05:00:00,1.43983512804792,NA,0,4.22
2024-07-17 06:00:00,2.29857707159651,2.44942148976628,0,9.96
2024-07-17 07:00:00,1.70110510095992,2.04468569713558,0,5.48
2024-07-17 08:00:00,1.15688119679209,1.52648990074991,0,3.18
2024-07-17 09:00:00,0.932164081030445,1.30583287813938,0,2.54
2024-07-17 10:00:00,0.405465108108164,1.00403974412778,0,1.5
2024-07-17 11:00:00,0.00995033085316809,0.443718404818121,0,1.01
2024-07-17 12:00:00,0.0953101798043249,0.451871550276081,0,1.1
2024-07-17 13:00:00,0.322083499169113,0.60783600967076,0,1.38
2024-07-17 14:00:00,1.71199450075919,0.946364152643725,0,5.54
2024-07-17 15:00:00,1.7630170003624,1.31954276097699,0,5.83
2024-07-17 16:00:00,1.25276296849537,1.35438526688986,0,3.5
2024-07-17 17:00:00,1.15373158788919,1.57866491581179,0,3.17
2024-07-17 18:00:00,2.03992078351755,2.02196419934633,0,7.69
2024-07-17 19:00:00,2.3823200610129,2.32705602502712,0,10.83
2024-07-17 20:00:00,2.68784749378469,2.60288939398498,0,14.7
2024-07-17 21:00:00,2.57108434602905,2.64537136781994,0,13.08
2024-07-17 22:00:00,3.08282698040492,2.69476403357622,0,21.82
2024-07-17 23:00:00,3.31127267413417,2.70370049920891,0,27.42
2024-07-18,3.09149689553837,2.65895061114114,0,22.01
2024-07-18 01:00:00,3.0708397460408,2.6237605581627,0,21.56
2024-07-18 02:00:00,2.9247731846135,2.5748662203212,0,18.63
2024-07-18 03:00:00,2.79728133483015,2.46732207812213,0,16.4
2024-07-18 04:00:00,2.82197394742052,2.47564820480735,0,16.81
2024-07-18 05:00:00,3.00617753141553,2.64026213671709,0,20.21
2024-07-18 06:00:00,2.94654202936322,2.60545719571295,0,19.04
2024-07-18 07:00:00,2.1701959049483,1.94817065966233,0,8.76
2024-07-18 08:00:00,0.920282753143692,1.40182131146882,0,2.51
2024-07-18 09:00:00,0.883767540168595,1.36347469167247,0,2.42
2024-07-18 10:00:00,0.683096844706444,1.07427976529379,0,1.98
2024-07-18 11:00:00,0.0953101798043249,0.593891022332864,0,1.1
2024-07-18 12:00:00,0.576613364303994,0.581783905900493,0,1.78
2024-07-18 13:00:00,0.593326845277734,0.689456730955454,0,1.81
2024-07-18 14:00:00,1.06125650212434,0.75062264051142,0,2.89
2024-07-18 15:00:00,1.26412672714568,1.09494464804628,0,3.54
2024-07-18 16:00:00,1.25846098961001,1.32411601169428,0,3.52
2024-07-18 17:00:00,1.29198368164865,1.42265119891445,0,3.64
2024-07-18 18:00:00,1.70474809223843,1.82703702989777,0,5.5
2024-07-18 19:00:00,2.99623214859564,2.31288207780899,0,20.01
2024-07-18 20:00:00,3.02771531940704,2.76501138222727,0,20.65
2024-07-18 21:00:00,3.36695094293356,2.9891172298642,0,28.99
2024-07-18 22:00:00,3.4445761049641,3.00285067001025,0,31.33
2024-07-18 23:00:00,3.32034879379883,2.95841264974591,0,27.67
2024-07-19,3.12412548832239,2.85322923043665,0,22.74
2024-07-19 01:00:00,2.84141491316963,2.70699705851517,0,17.14
2024-07-19 02:00:00,2.5564518169511,2.59536337101614,0,12.89
2024-07-19 03:00:00,2.56802155649851,2.48789593232315,0,13.04
2024-07-19 04:00:00,2.54553127160444,2.44793327966963,0,12.75
2024-07-19 05:00:00,2.62611681833952,2.62320709186206,0,13.82
2024-07-19 06:00:00,2.65112705370259,2.57597438000288,0,14.17
2024-07-19 07:00:00,2.39880395073459,2.0603685504091,0,11.01
2024-07-19 08:00:00,1.42310833424261,1.38793972816339,0,4.15
2024-07-19 09:00:00,0.774727167552368,1.34330012453159,0,2.17
2024-07-19 10:00:00,0.598836501088704,1.01911661162209,0,1.82
2024-07-19 11:00:00,-0.49429632181478,0.497488185450465,0,0.61
2024-07-19 12:00:00,0.00995033085316809,0.456516415291498,0,1.01
2024-07-19 13:00:00,0,0.591609033480247,0,1
2024-07-19 14:00:00,0.698134722070984,0.720636749972808,0,2.01
2024-07-19 15:00:00,1.19088756477728,0.998244933295672,0,3.29
2024-07-19 16:00:00,1.17557332980424,1.21101538615447,0,3.24
2024-07-19 17:00:00,1.22082992139236,1.3549175505162,0,3.39
2024-07-19 18:00:00,1.19694818938897,1.57086321478053,0,3.31
2024-07-19 19:00:00,2.04510886259933,2.04767357030565,0,7.73
2024-07-19 20:00:00,3.2534704696327,2.52374069548582,0,25.88
2024-07-19 21:00:00,3.86807111789896,2.91209552519138,0,47.85
2024-07-19 22:00:00,3.43495447846029,2.92347013376611,0,31.03
2024-07-19 23:00:00,3.40518940293169,2.81554427800377,0,30.12
2024-07-20,3.46385914278687,2.67236693592763,0,31.94
2024-07-20 01:00:00,2.85876641848083,2.27620321561629,0,17.44
2024-07-20 02:00:00,1.96571277635149,2.15588043498814,0,7.14
2024-07-20 03:00:00,2.2060741926132,2.25084543688081,0,9.08
2024-07-20 04:00:00,2.27006190128849,2.23474972101434,0,9.68
2024-07-20 05:00:00,2.50307395374345,2.31654034876255,0,12.22
2024-07-20 06:00:00,2.69867303928961,2.323823938318,0,14.86
2024-07-20 07:00:00,2.11021320034659,2.02476220999543,0,8.25
2024-07-20 08:00:00,1.50407739677627,1.51219766693365,0,4.5
2024-07-20 09:00:00,1.00063188030791,1.33443242968312,0,2.72
2024-07-20 10:00:00,0.8754687373539,1.09042781337443,0,2.4
2024-07-20 11:00:00,0.900161349944271,0.57041076493106,0,2.46
2024-07-20 12:00:00,1.00430160919687,0.58273549227092,0,2.73
2024-07-20 13:00:00,0.444685821261446,0.675412945817343,0,1.56
2024-07-20 14:00:00,0.65232518603969,0.697768927179839,0,1.92
2024-07-20 15:00:00,0.756121979721334,0.846273000721581,0,2.13
2024-07-20 16:00:00,0.858661619037519,1.09619438959919,0,2.36
2024-07-20 17:00:00,1.15373158788919,1.31915902315271,0,3.17
2024-07-20 18:00:00,1.95868534054404,1.79189290308171,0,7.09
2024-07-20 19:00:00,2.96681826338935,2.38363073186819,0,19.43
2024-07-20 20:00:00,3.41180756077417,2.72478310153206,0,30.32
2024-07-20 21:00:00,3.00716665117965,2.83444313712267,0,20.23
2024-07-20 22:00:00,2.92262380173335,2.7985750999344,0,18.59
2024-07-20 23:00:00,3.16884489126264,2.72554664607486,0,23.78
2024-07-21,3.26270130440823,2.64316701263402,0,26.12
2024-07-21 01:00:00,3.17094529111065,2.55779377216139,0,23.83
2024-07-21 02:00:00,2.7047112998367,2.37338618655503,0,14.95
2024-07-21 03:00:00,2.50878592357794,2.31354003769993,0,12.29
2024-07-21 04:00:00,2.83026783382646,2.30631821139438,0,16.95
2024-07-21 05:00:00,2.49155119250667,2.34710594276306,0,12.08
2024-07-21 06:00:00,2.0906287310704,2.23793301458378,0,8.09
2024-07-21 07:00:00,1.62924053973028,1.86312936180551,0,5.1
2024-07-21 08:00:00,0.904218150639886,1.24732702000824,0,2.47
2024-07-21 09:00:00,1.19694818938897,1.15359484328644,0,3.31
2024-07-21 10:00:00,0.641853886172395,0.859808370771805,0,1.9
2024-07-21 11:00:00,-0.162518929497775,0.450463394079271,0,0.85
2024-07-21 12:00:00,0.104360015324243,0.382370040000769,0,1.11
2024-07-21 13:00:00,-0.139262067333508,0.466883255695113,0,0.87
2024-07-21 14:00:00,0.182321556793955,0.457156807753267,0,1.2
2024-07-21 15:00:00,0.524728528934982,0.786830993777001,0,1.69
2024-07-21 16:00:00,0.819779831493311,1.02427691298913,0,2.27
2024-07-21 17:00:00,1.24703229378638,1.28452212431087,0,3.48
2024-07-21 18:00:00,1.80828877117927,1.67383667652827,0,6.1
2024-07-21 19:00:00,2.39333945626251,2.23056340856763,0,10.95
2024-07-21 20:00:00,3.73289633953071,2.66119756056604,0,41.8
2024-07-21 21:00:00,4.81802094781687,2.99250098564413,0,123.72
2024-07-21 22:00:00,4.09833658349164,2.93137757675346,0,60.24
2024-07-21 23:00:00,3.15742586255198,2.71052406537503,0,23.51
2024-07-22,2.41323161308111,2.53297416907941,0,11.17
2024-07-22 01:00:00,2.56955412384829,2.42150246903118,0,13.06
2024-07-22 02:00:00,2.20717490818939,2.31900066267136,0,9.09
2024-07-22 03:00:00,1.99877363861238,2.2037862972762,0,7.38
2024-07-22 04:00:00,1.97685495290473,2.18687662019903,0,7.22
2024-07-22 05:00:00,2.04898233419513,2.28386972531316,0,7.76
2024-07-22 06:00:00,2.1126345090356,2.32702971189152,0,8.27
2024-07-22 07:00:00,1.48160454092422,2.11111647750603,0,4.4
2024-07-22 08:00:00,1.56444054650336,1.66030306107712,0,4.78
2024-07-22 09:00:00,1.66770682055808,1.61896140670718,0,5.3
2024-07-22 10:00:00,1.25276296849537,1.38986229862837,0,3.5
2024-07-22 11:00:00,1.18478998490916,0.954711979395747,0,3.27
2024-07-22 12:00:00,0.916290731874155,0.751395034873306,0,2.5
2024-07-22 13:00:00,0.343589704390077,0.707739074751059,0,1.41
2024-07-22 14:00:00,0.678033542749897,0.777819280501964,0,1.97
2024-07-22 15:00:00,0.974559639998131,1.09813267793417,0,2.65
2024-07-22 16:00:00,1.10525683138678,1.30399645545733,0,3.02
2024-07-22 17:00:00,1.29746314741327,1.57693075964001,0,3.66
2024-07-22 18:00:00,1.17248213723457,1.81644160072754,0,3.23
2024-07-22 19:00:00,1.31372366828506,2.27662898140734,0,3.72
2024-07-22 20:00:00,1.71739505393919,2.61344842927342,0,5.57
2024-07-22 21:00:00,3.09693415406296,2.99079191704351,0,22.13
2024-07-22 22:00:00,3.34392131384243,2.89030785668472,0,28.33
2024-07-22 23:00:00,3.09376601382536,2.7646465233302,0,22.06
2024-07-23,3.2534704696327,2.73193712615546,0,25.88
2024-07-23 01:00:00,3.29509585077961,NA,0,26.98
2024-07-23 02:00:00,3.0243197304059,2.54393711127468,0,20.58
2024-07-23 03:00:00,2.78870810411966,2.49408239368544,0,16.26
2024-07-23 04:00:00,2.53051716104005,2.44194931397232,0,12.56
2024-07-23 05:00:00,2.56955412384829,2.59308478411449,0,13.06
2024-07-23 06:00:00,2.26384426467762,2.54201982406907,0,9.62
2024-07-23 07:00:00,2.71204222237175,2.23641062607945,0,15.06
2024-07-23 08:00:00,1.96150224381515,1.65030952561109,0,7.11
2024-07-23 09:00:00,1.26694760348732,1.50698625074173,0,3.55
2024-07-23 10:00:00,0.810930216216329,1.08865909210388,0,2.25
2024-07-23 11:00:00,-0.116533816255952,0.600650550037178,0,0.89
2024-07-23 12:00:00,0.0676586484738149,0.497600504873176,0,1.07
2024-07-23 13:00:00,0.982078472412158,0.611473474513118,0,2.67
2024-07-23 14:00:00,1.17865499634165,0.651311494051564,0,3.25
2024-07-23 15:00:00,1.14422279992016,0.991311968505752,0,3.14
2024-07-23 16:00:00,1.68639895357023,1.3779898830803,0,5.4
2024-07-23 17:00:00,4.18479446514417,1.76146470254032,0,65.68
2024-07-23 18:00:00,3.27108869631514,2.11110886333452,0,26.34
2024-07-23 19:00:00,3.62593965434006,2.71099497764665,0,37.56
2024-07-23 20:00:00,3.60658421138711,3.0907095810377,0,36.84
2024-07-23 21:00:00,3.42751468997953,3.12864272077128,0,30.8
2024-07-23 22:00:00,1.54756250871601,2.77686836856012,0,4.7
2024-07-23 23:00:00,1.96990565461153,2.60713627330395,0,7.17
2024-07-24,2.31253542384721,2.48521998412772,0,10.1
2024-07-24 01:00:00,2.48823443988067,2.46351257893036,0,12.04
2024-07-24 02:00:00,2.85761897142436,2.37159483012308,0,17.42
2024-07-24 03:00:00,2.57566101305646,2.28039760666155,0,13.14
2024-07-24 04:00:00,2.80032547721138,2.33160698626298,0,16.45
2024-07-24 05:00:00,3.77505715035499,2.71071063661619,0,43.6
2024-07-24 06:00:00,3.55905546627774,2.67897156834755,0,35.13
2024-07-24 07:00:00,2.80154054418955,2.37341351530168,0,16.47
2024-07-24 08:00:00,1.49290409617815,1.67219659164739,0,4.45
2024-07-24 09:00:00,1.22082992139236,1.69260518256496,0,3.39
2024-07-24 10:00:00,0.792992515529661,1.25294176955975,0,2.21
2024-07-24 11:00:00,0.350656871613169,0.844202510043585,0,1.42
2024-07-24 12:00:00,1.02245092770255,0.899663316153446,0,2.78
2024-07-24 13:00:00,0.955511445027436,0.954464605281958,0,2.6
2024-07-24 14:00:00,1.50185270175416,1.11160972267992,0,4.49
2024-07-24 15:00:00,1.14740245283754,1.33239218638216,0,3.15
2024-07-24 16:00:00,1.08180517035173,1.40806040994549,0,2.95
2024-07-24 17:00:00,1.02961941718116,1.56714347089464,0,2.8
2024-07-24 18:00:00,1.79840401194672,2.00479581669404,0,6.04
2024-07-24 19:00:00,2.31648799816304,2.5337697109683,0,10.14
2024-07-24 20:00:00,2.49155119250667,2.74066813058326,0,12.08
2024-07-24 21:00:00,2.48407296903942,2.76003233569485,0,11.99
2024-07-24 22:00:00,2.75429745226753,2.65052778827598,0,15.71
2024-07-24 23:00:00,3.05163990549229,2.76640652185238,0,21.15
2024-07-25,3.04642538786951,2.67458382391393,0,21.04
2024-07-25 01:00:00,3.00022217882684,2.64595607358234,0,20.09
2024-07-25 02:00:00,3.03350963788802,2.61475615816037,0,20.77
2024-07-25 03:00:00,2.75110969056266,2.52676653709823,0,15.66
2024-07-25 04:00:00,2.44408465526775,2.50599984322783,0,11.52
2024-07-25 05:00:00,2.42921774392741,2.63242622178156,0,11.35
2024-07-25 06:00:00,2.37769256548085,2.54787412805876,0,10.78
2024-07-25 07:00:00,1.92716410623426,2.16261445795506,0,6.87
2024-07-25 08:00:00,1.31372366828506,1.54981734805488,0,3.72
2024-07-25 09:00:00,0.963174317773006,1.44575619425895,0,2.62
2024-07-25 10:00:00,0.708035793053696,1.16550154892844,0,2.03
2024-07-25 11:00:00,0.336472236621213,0.677297676723015,0,1.4
2024-07-25 12:00:00,0.392042087776024,0.643203415972107,0,1.48
2024-07-25 13:00:00,0.357674444271816,0.686706004423477,0,1.43
2024-07-25 14:00:00,0.951657875711446,0.789771454413602,0,2.59
2024-07-25 15:00:00,1.32175583998232,1.07925272499924,0,3.75
2024-07-25 16:00:00,1.22377543162212,1.28927206648588,0,3.4
2024-07-25 17:00:00,1.36863942588117,1.44082616345654,0,3.93
2024-07-25 18:00:00,1.5830939370945,1.82788585560604,0,4.87
2024-07-25 19:00:00,2.22893855282575,2.34291732829137,0,9.29
2024-07-25 20:00:00,3.51986891137965,2.7581607540944,0,33.78
2024-07-25 21:00:00,3.65713075579936,3.04173333511742,0,38.75
2024-07-25 22:00:00,3.5201649007262,2.96257761282032,0,33.79
2024-07-25 23:00:00,3.46197885392201,2.90051163963149,0,31.88
2024-07-26,3.19088778832803,2.76632296731125,0,24.31
2024-07-26 01:00:00,3.03639425527288,2.70743310120196,0,20.83
2024-07-26 02:00:00,2.95491027903374,2.63127426021573,0,19.2
2024-07-26 03:00:00,2.95751106073379,2.5422490402596,0,19.25
2024-07-26 04:00:00,2.76064265122138,2.50399133636744,0,15.81
2024-07-26 05:00:00,2.76000994003292,2.60545049852858,0,15.8
2024-07-26 06:00:00,2.37861977927004,2.56314761588435,0,10.79
2024-07-26 07:00:00,2.70136121295141,2.24748427117088,0,14.9
2024-07-26 08:00:00,1.49065437644413,1.59541187469828,0,4.44
2024-07-26 09:00:00,1.26694760348732,1.40231317195885,0,3.55
2024-07-26 10:00:00,1.01523067972906,1.13366866767526,0,2.76
2024-07-26 11:00:00,0.131028262406404,0.508627157004238,0,1.14
2024-07-26 12:00:00,1.16315080980568,0.664308421839771,0,3.2
2024-07-26 13:00:00,1.41342302850814,0.873648201733114,0,4.11
2024-07-26 14:00:00,2.67690347210537,1.04394787737297,0,14.54
2024-07-26 15:00:00,0.908258560176891,1.292488474834,0,2.48
2024-07-26 16:00:00,3.19499288440487,1.56135789674233,0,24.41
2024-07-26 17:00:00,1.90210752639692,1.57224877385125,0,6.7
2024-07-26 18:00:00,1.62531126159039,1.89615307150187,0,5.08
2024-07-26 19:00:00,2.41680623708407,2.40871740698871,0,11.21
2024-07-26 20:00:00,3.53485376647483,2.92899238783074,0,34.29
2024-07-26 21:00:00,3.40119738166216,3.07713398850358,0,30
2024-07-26 22:00:00,3.24882290123615,3.01093911203922,0,25.76
2024-07-26 23:00:00,3.13809951484091,2.90573018373964,0,23.06
2024-07-27,2.89867056071086,2.73730772493065,0,18.15
2024-07-27 01:00:00,2.89425310460414,2.71361088710907,0,18.07
2024-07-27 02:00:00,2.83673654206353,2.54398790651018,0,17.06
2024-07-27 03:00:00,2.5687881337687,2.36890527898747,0,13.05
2024-07-27 04:00:00,2.44147709186066,2.35425648196026,0,11.49
2024-07-27 05:00:00,2.90197089373952,2.39607409217139,0,18.21
2024-07-27 06:00:00,2.94706710157271,2.48659972401395,0,19.05
2024-07-27 07:00:00,3.40119738166216,2.50554800418241,0,30
2024-07-27 08:00:00,3.41246697392039,1.99720129564173,0,30.34
2024-07-27 09:00:00,3.19540246868256,1.99599232217232,0,24.42
2024-07-27 10:00:00,1.57484646766448,1.50259275196607,0,4.83
2024-07-27 11:00:00,0.392042087776024,0.756873775560871,0,1.48
2024-07-27 12:00:00,0.438254930931155,0.631615553567007,0,1.55
2024-07-27 13:00:00,0.741937344729377,0.805003755204104,0,2.1
2024-07-27 14:00:00,1.65632149833295,1.00539707299457,0,5.24
2024-07-27 15:00:00,1.45628673293993,1.25625987092423,0,4.29
2024-07-27 16:00:00,1.05431202977153,1.40929510717657,0,2.87
2024-07-27 17:00:00,1.74396880539171,1.60284402547507,0,5.72
2024-07-27 18:00:00,2.56109578814555,1.94865624899583,0,12.95
2024-07-27 19:00:00,3.20274644293832,2.62657095637274,0,24.6
2024-07-27 20:00:00,4.02980604108453,3.29367933771332,0,56.25
2024-07-27 21:00:00,4.38327585407431,3.56554053958506,0,80.1
2024-07-27 22:00:00,4.01782342431436,3.22981878737624,0,55.58
2024-07-27 23:00:00,3.52370995613755,3.11219719146644,0,33.91
2024-07-28,2.91397977168173,2.87935351629989,0,18.43
2024-07-28 01:00:00,2.8724340572095,2.7419776737984,0,17.68
2024-07-28 02:00:00,2.35707327827812,2.58995090175139,0,10.56
2024-07-28 03:00:00,2.13534917361813,2.43195110410549,0,8.46
2024-07-28 04:00:00,2.12345842709661,2.37028866585048,0,8.36
2024-07-28 05:00:00,2.50959926237837,2.38970452121261,0,12.3
2024-07-28 06:00:00,1.16938135955632,2.26412629178416,0,3.22
2024-07-28 07:00:00,1.05082162483176,2.14361296624914,0,2.86
2024-07-28 08:00:00,1.07840958135059,1.62216092676062,0,2.94
2024-07-28 09:00:00,1.20597080698861,1.62966360604097,0,3.34
2024-07-28 10:00:00,1.00063188030791,1.36586910339649,0,2.72
2024-07-28 11:00:00,0.56531380905006,0.838175036126565,0,1.76
2024-07-28 12:00:00,0.53062825106217,0.860081680912942,0,1.7
2024-07-28 13:00:00,0.732367893713227,0.924088368137345,0,2.08
2024-07-28 14:00:00,0.951657875711446,0.987192125094775,0,2.59
2024-07-28 15:00:00,1.12492959698548,1.22015420038493,0,3.08
2024-07-28 16:00:00,1.06125650212434,1.3714117937437,0,2.89
2024-07-28 17:00:00,1.14422279992016,1.53195939885435,0,3.14
2024-07-28 18:00:00,1.22082992139236,1.85710327146839,0,3.39
2024-07-28 19:00:00,1.41585316336144,2.35533599339303,0,4.12
2024-07-28 20:00:00,2.50225528812261,2.9069531593487,0,12.21
2024-07-28 21:00:00,3.81021173928146,3.21225861240888,0,45.16
2024-07-28 22:00:00,3.76305885228819,3.09768480540263,0,43.08
2024-07-28 23:00:00,3.35235721624268,2.90339055565937,0,28.57
2024-07-29,3.12938865836666,2.81430363781393,0,22.86
2024-07-29 01:00:00,2.99773027621666,2.7352032412523,0,20.04
2024-07-29 02:00:00,2.85359250639287,2.71014951569978,0,17.35
2024-07-29 03:00:00,2.77008559202166,2.60288731228576,0,15.96
2024-07-29 04:00:00,2.7173402480093,2.55540133412846,0,15.14
2024-07-29 05:00:00,2.75493378700106,2.73761044069524,0,15.72
2024-07-29 06:00:00,2.67276838695757,2.70159246680202,0,14.48
2024-07-29 07:00:00,2.39607543608138,2.26645604738134,0,10.98
2024-07-29 08:00:00,1.11841491596429,1.55400119740202,0,3.06
2024-07-29 09:00:00,1.26412672714568,1.45408719084248,0,3.54
2024-07-29 10:00:00,0.947789398933526,1.18277898106923,0,2.58
2024-07-29 11:00:00,0.444685821261446,0.699937775848104,0,1.56
2024-07-29 12:00:00,0.357674444271816,0.676332552882413,0,1.43
2024-07-29 13:00:00,0.615185639090233,0.826928355597929,0,1.85
2024-07-29 14:00:00,0.559615787935423,0.843077918180294,0,1.75
2024-07-29 15:00:00,1.38629436111989,1.06741239946675,0,4
2024-07-29 16:00:00,1.14103300455206,1.26560097668817,0,3.13
2024-07-29 17:00:00,1.22377543162212,1.25619315850721,0,3.4
2024-07-29 18:00:00,1.23837423104327,1.67362108336694,0,3.45
2024-07-29 19:00:00,2.02287119019144,2.23035662749623,0,7.56
2024-07-29 20:00:00,3.23119957455703,2.78538279431268,0,25.31
2024-07-29 21:00:00,3.69932471197547,3.13051799776633,0,40.42
2024-07-29 22:00:00,3.62033291157883,2.96975367063289,0,37.35
2024-07-29 23:00:00,3.51363281099194,2.93429833088627,0,33.57
2024-07-30,3.19006474301408,2.79487805879935,0,24.29
2024-07-30 01:00:00,3.01847176052348,2.79172576289601,0,20.46
2024-07-30 02:00:00,2.90526037038992,2.67522413916166,0,18.27
2024-07-30 03:00:00,2.72589011923054,2.59368815237905,0,15.27
2024-07-30 04:00:00,2.71071331852169,2.57636356867268,0,15.04
2024-07-30 05:00:00,2.89259151463448,2.7603465112971,0,18.04
2024-07-30 06:00:00,2.75747508442973,2.63245253799717,0,15.76
2024-07-30 07:00:00,2.49155119250667,2.13408531447859,0,12.08
2024-07-30 08:00:00,1.25561603747777,1.60943189415386,0,3.51
2024-07-30 09:00:00,1.17865499634165,1.38671495984259,0,3.25
2024-07-30 10:00:00,1.02245092770255,1.04595112158971,0,2.78
2024-07-30 11:00:00,-0.328504066972036,0.550100730806528,0,0.72
2024-07-30 12:00:00,0.19062035960865,0.494537892669417,0,1.21
2024-07-30 13:00:00,0,0.590943010585484,0,1
2024-07-30 14:00:00,0.657520002916794,0.599875626698888,0,1.93
2024-07-30 15:00:00,0.727548607277278,0.905389264958384,0,2.07
2024-07-30 16:00:00,0.841567185678219,1.08906210459943,0,2.32
2024-07-30 17:00:00,1.01160091167848,1.21949664327182,0,2.75
2024-07-30 18:00:00,1.13462272619114,1.54281303110394,0,3.11
2024-07-30 19:00:00,1.98787434815435,2.08891160397612,0,7.3
2024-07-30 20:00:00,3.40119738166216,2.68999075734004,0,30
2024-07-30 21:00:00,4.10627313308737,2.9373520397471,0,60.72
2024-07-30 22:00:00,4.01908207772155,2.84290759065835,0,55.65
2024-07-30 23:00:00,3.77689033143665,2.78655773685127,0,43.68
2024-07-31,3.47413800606387,2.67543009823335,0,32.27
2024-07-31 01:00:00,3.3235961356386,2.69468034753914,0,27.76
2024-07-31 02:00:00,3.17555070012983,2.57266972325139,0,23.94
2024-07-31 03:00:00,2.48657192910706,2.45175001376229,0,12.02
2024-07-31 04:00:00,2.34276688262688,2.43638902856361,0,10.41
2024-07-31 05:00:00,2.8724340572095,2.59649728366775,0,17.68
2024-07-31 06:00:00,2.76631910922619,2.3394734344594,0,15.9
2024-07-31 07:00:00,2.63332665490627,1.84474244245898,0,13.92
2024-07-31 08:00:00,1.27536280041261,1.31074034292093,0,3.58
2024-07-31 09:00:00,2.15524450509534,1.17838834198175,0,8.63
2024-07-31 10:00:00,2.58173083442354,0.797997747948042,0,13.22
2024-07-31 11:00:00,0.262364264467491,0.292192221714499,0,1.3
2024-07-31 12:00:00,0.198850858745165,0.268595536122753,0,1.22
2024-07-31 13:00:00,-0.162518929497775,0.417625693151249,0,0.85
2024-07-31 14:00:00,-0.186329578191493,0.506395425404907,0,0.83
2024-07-31 15:00:00,0.500775287912489,0.738736972105792,0,1.65
2024-07-31 16:00:00,0.46373401623214,0.913409006155374,0,1.59
2024-07-31 17:00:00,1.09861228866811,1.20190064308271,0,3
2024-07-31 18:00:00,2.18492704952581,1.55984577049917,0,8.89
2024-07-31 19:00:00,2.85532011983725,2.00527160493581,0,17.38
2024-07-31 20:00:00,3.76329095162775,2.56818107160569,0,43.09
2024-07-31 21:00:00,4.19705156041436,2.84674102752531,0,66.49
2024-07-31 22:00:00,3.92572865248426,2.7492221749695,0,50.69
2024-07-31 23:00:00,3.15955035878339,2.51789891576576,0,23.56
2024-08-01,3.29398329735501,2.37929799955248,0,26.95
2024-08-01 01:00:00,3.72303930576064,2.43260400181139,0,41.39
2024-08-01 02:00:00,3.99544461356722,2.50975629101886,0,54.35
2024-08-01 03:00:00,4.28220629939167,2.45064865989558,0,72.4
2024-08-01 04:00:00,4.16511363311031,2.38398888375204,0,64.4
2024-08-01 05:00:00,3.24843462710975,2.53410267745928,0,25.75
2024-08-01 06:00:00,2.68375750853317,2.57849555341954,0,14.64
2024-08-01 07:00:00,2.3767644911683,2.22891456151813,0,10.77
2024-08-01 08:00:00,1.24415459395877,1.48963667660658,0,3.47
2024-08-01 09:00:00,2.02419306744936,1.25270965432991,0,7.57
2024-08-01 10:00:00,0.582215619852664,0.848316656249992,0,1.79
2024-08-01 11:00:00,-0.174353387144778,0.526172787280936,0,0.84
2024-08-01 12:00:00,0.0295588022415444,0.406172186528401,0,1.03
2024-08-01 13:00:00,0.732367893713227,0.689879447497095,0,2.08
2024-08-01 14:00:00,0.398776119957368,0.628245050927375,0,1.49
2024-08-01 15:00:00,0.828551817566148,0.98831391852523,0,2.29
2024-08-01 16:00:00,1.31372366828506,1.29189310541977,0,3.72
2024-08-01 17:00:00,1.71918877639322,1.47666569962082,0,5.58
2024-08-01 18:00:00,2.74148497718845,1.92137876940802,0,15.51
2024-08-01 19:00:00,2.90526037038992,2.58404967824965,0,18.27
2024-08-01 20:00:00,3.58767694860477,2.78484077356438,0,36.15
2024-08-01 21:00:00,4.5509251711357,3.72711274932614,0,94.72
2024-08-01 22:00:00,4.40452171250125,3.54374483472872,0,81.82
2024-08-01 23:00:00,3.83514196109219,3.12199716449084,0,46.3
2024-08-02,3.12148347885955,3.00431320044616,0,22.68
2024-08-02 01:00:00,2.73371794785079,2.76427861629363,0,15.39
2024-08-02 02:00:00,2.49732916978656,2.60284698148951,0,12.15
2024-08-02 03:00:00,2.28238238567653,2.47826233262991,0,9.8
2024-08-02 04:00:00,2.30058309032337,2.41482911976111,0,9.98
2024-08-02 05:00:00,2.13771044980381,2.54771721918583,0,8.48
2024-08-02 06:00:00,2.06178660644112,2.54746293088422,0,7.86
2024-08-02 07:00:00,1.68639895357023,2.3689737372718,0,5.4
2024-08-02 08:00:00,2.20165917440409,2.03576477628514,0,9.04
2024-08-02 09:00:00,1.53901544813755,2.01882234688611,0,4.66
2024-08-02 10:00:00,1.18478998490916,1.5820099537303,0,3.27
2024-08-02 11:00:00,1.30019166206648,1.44989452327182,0,3.67
2024-08-02 12:00:00,2.04381436403668,1.71688476897884,0,7.72
2024-08-02 13:00:00,1.48613969608961,1.54155364032221,0,4.42
2024-08-02 14:00:00,1.30019166206648,1.392131974574,0,3.67
2024-08-02 15:00:00,1.32175583998232,1.75089838680213,0,3.75
2024-08-02 16:00:00,2.33601986908028,2.27047859113816,0,10.34
2024-08-02 17:00:00,1.79674701073909,2.33357385465769,0,6.03
2024-08-02 18:00:00,1.79674701073909,2.59523663303177,0,6.03
2024-08-02 19:00:00,2.78192004966867,3.16899381839602,0,16.15
2024-08-02 20:00:00,2.2181159363676,3.42819622686654,0,9.19
2024-08-02 21:00:00,2.59376105470008,3.52670672407639,0,13.38
2024-08-02 22:00:00,2.68444033546308,3.42192635528286,0,14.65
2024-08-02 23:00:00,2.47737838336721,3.20562993419235,0,11.91
2024-08-03,2.18605127673809,3.02588125664045,0,8.9
2024-08-03 01:00:00,2.14006616349627,2.91822420027701,0,8.5
2024-08-03 02:00:00,2.16791018966744,2.81975837607654,0,8.74
2024-08-03 03:00:00,2.37954613413017,2.69290076651476,0,10.8
2024-08-03 04:00:00,2.41858876875035,2.61056023470561,0,11.23
2024-08-03 05:00:00,3.34779660493504,2.63138804706103,0,28.44
2024-08-03 06:00:00,2.71137799119488,2.66302815813012,0,15.05
2024-08-03 07:00:00,2.78562833574758,2.58029548358715,0,16.21
2024-08-03 08:00:00,2.06686275947298,2.0534228997651,0,7.9
2024-08-03 09:00:00,1.49738840862548,1.9155316266016,0,4.47
2024-08-03 10:00:00,1.06125650212434,1.68727084850575,0,2.89
2024-08-03 11:00:00,0.262364264467491,0.826962160193511,0,1.3
2024-08-03 12:00:00,0.173953307123438,0.637599888549056,0,1.19
2024-08-03 13:00:00,0.425267735404344,0.689127558371117,0,1.53
2024-08-03 14:00:00,0.854415328156068,0.887724665654023,0,2.35
2024-08-03 15:00:00,1.23256026117785,1.20098877623604,0,3.43
2024-08-03 16:00:00,1.51732262352629,1.36857745311229,0,4.56
2024-08-03 17:00:00,1.43508452528932,1.43409322052056,0,4.2
2024-08-03 18:00:00,1.34807314829969,1.78010543964142,0,3.85
2024-08-03 19:00:00,2.07442899985629,2.3451277623547,0,7.96
2024-08-03 20:00:00,3.36280299367484,3.0941855732368,0,28.87
2024-08-03 21:00:00,3.47103434125094,3.21437989996016,0,32.17
2024-08-03 22:00:00,3.36072254909644,3.11576119400731,0,28.81
2024-08-03 23:00:00,3.43172658669698,2.98735632387277,0,30.93
2024-08-04,3.25424296870549,2.80306688929442,0,25.9
2024-08-04 01:00:00,2.92530980925744,2.75227503644587,0,18.64
2024-08-04 02:00:00,2.77321352700862,2.63379497295276,0,16.01
2024-08-04 03:00:00,2.81241021642645,2.5277833977081,0,16.65
2024-08-04 04:00:00,4.10791868224922,4.22630020219927,0,60.82
2024-08-04 05:00:00,3.81968839422535,2.98963863894018,0,45.59
2024-08-04 06:00:00,2.76820412392196,2.52763085911935,0,15.93
2024-08-04 07:00:00,2.45787797740008,2.53601381548333,0,11.68
2024-08-04 08:00:00,2.15640258281596,2.12205146047723,0,8.64
2024-08-04 09:00:00,2.00417905717929,2.05412584997596,0,7.42
2024-08-04 10:00:00,1.54329810992956,1.7416764118643,0,4.68
2024-08-04 11:00:00,0.72270598280149,0.894740720601962,0,2.06
2024-08-04 12:00:00,0.765467842139571,0.915127506979999,0,2.15
2024-08-04 13:00:00,-0.0304592074847086,0.903046274028039,0,0.97
2024-08-04 14:00:00,0.431782416425538,0.874917438167098,0,1.54
2024-08-04 15:00:00,0.966983846189673,1.20502448777919,0,2.63
2024-08-04 16:00:00,3.04499851485691,1.64703347341831,0,21.01
2024-08-04 17:00:00,3.62647199398532,2.38250110059845,0,37.58
2024-08-04 18:00:00,4.29864502573483,3.00110453803061,0,73.6
2024-08-04 19:00:00,4.07584109065754,3.5364581834446,0,58.9
2024-08-04 20:00:00,3.3221541743217,3.39073326768439,0,27.72
2024-08-04 21:00:00,2.930126516456,3.50357653815173,0,18.73
2024-08-04 22:00:00,2.43185742869818,3.24435659932033,0,11.38
2024-08-04 23:00:00,2.21046980408624,3.10782020708438,0,9.12
2024-08-05,2.09801792725277,2.98130684810255,0,8.15
2024-08-05 01:00:00,2.03208784529637,2.87010675833721,0,7.63
2024-08-05 02:00:00,2.91777073208428,2.74099519304437,0,18.5
2024-08-05 03:00:00,1.77664583141801,2.61668722691461,0,5.91
2024-08-05 04:00:00,1.94448055624572,2.56261524969228,0,6.99
2024-08-05 05:00:00,1.95444505150515,2.71132422534991,0,7.06
2024-08-05 06:00:00,1.95868534054404,2.82288818224686,0,7.09
2024-08-05 07:00:00,1.80828877117927,2.78444780932935,0,6.1
2024-08-05 08:00:00,2.34276688262688,2.02443676271137,0,10.41
2024-08-05 09:00:00,0.924258901523332,1.71130313818467,0,2.52
2024-08-05 10:00:00,0.819779831493311,1.35736152713179,0,2.27
2024-08-05 11:00:00,0.717839793150317,0.786393561755768,0,2.05
2024-08-05 12:00:00,0.431782416425538,0.707919880950218,0,1.54
2024-08-05 13:00:00,0.932164081030445,0.81666122293572,0,2.54
2024-08-05 14:00:00,0.908258560176891,0.972955028207846,0,2.48
2024-08-05 15:00:00,1.86097453824953,1.18531766737682,0,6.43
2024-08-05 16:00:00,1.39871688111845,1.39149347097739,0,4.05
2024-08-05 17:00:00,2.24070968927596,1.69822252192354,0,9.4
2024-08-05 18:00:00,2.49485698064117,2.05321915472132,0,12.12
2024-08-05 19:00:00,2.20386912005489,2.53120485892498,0,9.06
2024-08-05 20:00:00,3.1271990362963,2.89032577003786,0,22.81
2024-08-05 21:00:00,3.56501546689155,3.21202737905846,0,35.34
2024-08-05 22:00:00,3.34215484102837,3.16874947981754,0,28.28
2024-08-05 23:00:00,3.15487049489229,2.95516748849126,0,23.45
2024-08-06,3.06898273529358,2.91534257123633,0,21.52
2024-08-06 01:00:00,2.85070650150373,2.8296472722742,0,17.3
2024-08-06 02:00:00,2.70938264633599,2.71925375358656,0,15.02
2024-08-06 03:00:00,2.54238908520136,2.67850788571262,0,12.71
2024-08-06 04:00:00,2.484906649788,2.66845750141349,0,12
2024-08-06 05:00:00,2.42568729012803,2.7681603268112,0,11.31
2024-08-06 06:00:00,2.47905623610982,2.66883877384257,0,11.93
2024-08-06 07:00:00,2.18492704952581,2.25898141661916,0,8.89
2024-08-06 08:00:00,1.25846098961001,1.66718271491642,0,3.52
2024-08-06 09:00:00,1.43983512804792,1.47854108429833,0,4.22
2024-08-06 10:00:00,0.916290731874155,1.1618797632891,0,2.5
2024-08-06 11:00:00,1.51292701205326,0.640644041807323,0,4.54
2024-08-06 12:00:00,0.262364264467491,0.52576289808431,0,1.3
2024-08-06 13:00:00,0.593326845277734,0.677976412881707,0,1.81
2024-08-06 14:00:00,0.56531380905006,0.733774774747965,0,1.76
2024-08-06 15:00:00,1.01884732019925,1.03964909630583,0,2.77
2024-08-06 16:00:00,1.34286480319255,1.27901779605312,0,3.83
2024-08-06 17:00:00,1.23837423104327,1.38340879001014,0,3.45
2024-08-06 18:00:00,2.60933422816305,1.77940176154215,0,13.59
2024-08-06 19:00:00,3.03206420280138,2.28137627883465,0,20.74
2024-08-06 20:00:00,2.82316300820271,2.71659913975911,0,16.83
2024-08-06 21:00:00,3.38574527710323,2.96832400642401,0,29.54
2024-08-06 22:00:00,3.83557383326474,3.0451331221016,0,46.32
2024-08-06 23:00:00,3.60848251704191,2.97732509071373,0,36.91
2024-08-07,3.43945609377925,2.88555427067172,0,31.17
2024-08-07 01:00:00,3.29583686600433,2.70537442313667,0,27
2024-08-07 02:00:00,2.71336936257981,2.60046750417437,0,15.08
2024-08-07 03:00:00,2.66722820658195,2.4643630747564,0,14.4
2024-08-07 04:00:00,2.57870052907436,2.46962103869169,0,13.18
2024-08-07 05:00:00,2.89037175789616,2.61257465243576,0,18
2024-08-07 06:00:00,2.95595140354215,2.64653307745204,0,19.22
2024-08-07 07:00:00,2.66374994220563,2.17253119943811,0,14.35
2024-08-07 08:00:00,1.50851199384414,1.47014517875023,0,4.52
2024-08-07 09:00:00,2.80517691183293,1.40921738740186,0,16.53
2024-08-07 10:00:00,1.71739505393919,1.09352159360829,0,5.57
2024-08-07 11:00:00,0.615185639090233,0.671190239897549,0,1.85
2024-08-07 12:00:00,0.246860077931526,0.560364978538353,0,1.28
2024-08-07 13:00:00,0.165514438477573,0.646162316471557,0,1.18
2024-08-07 14:00:00,0.553885113226438,0.715670348753157,0,1.74
2024-08-07 15:00:00,0.693147180559945,0.966242956941479,0,2
2024-08-07 16:00:00,1.10525683138678,1.25350736494927,0,3.02
2024-08-07 17:00:00,2.06686275947298,1.47457013343433,0,7.9
2024-08-07 18:00:00,3.49620448524049,1.93277842878626,0,32.99
2024-08-07 19:00:00,3.8584112359795,2.52404906332439,0,47.39
2024-08-07 20:00:00,4.14075093503626,2.98934198072486,0,62.85
2024-08-07 21:00:00,3.75770564504379,3.09616780170821,0,42.85
2024-08-07 22:00:00,3.39618483983861,2.97861732682597,0,29.85
2024-08-07 23:00:00,3.20152618653309,2.84318635637521,0,24.57
2024-08-08,2.46214966266538,2.68264139376935,0,11.73
2024-08-08 01:00:00,2.13534917361813,2.58785788029289,0,8.46
2024-08-08 02:00:00,2.25444471766611,2.52019300174112,0,9.53
2024-08-08 03:00:00,2.85128436918812,2.37048840766658,0,17.31
2024-08-08 04:00:00,2.56955412384829,2.35966237688275,0,13.06
2024-08-08 05:00:00,2.87299950817169,2.48345821222692,0,17.69
2024-08-08 06:00:00,2.72654478373837,2.49953940173537,0,15.28
2024-08-08 07:00:00,1.870262530716,2.18454438188491,0,6.49
2024-08-08 08:00:00,1.15688119679209,1.6427362867698,0,3.18
2024-08-08 09:00:00,1.47704872438835,1.440179026605,0,4.38
2024-08-08 10:00:00,1.48613969608961,1.34028380111324,0,4.42
2024-08-08 11:00:00,2.01623546577604,2.74371977536415,0,7.51
2024-08-08 12:00:00,3.83514196109219,1.94135169965438,0,46.3
2024-08-08 13:00:00,3.45062226498968,1.78657728140944,0,31.52
2024-08-08 14:00:00,1.79175946922805,1.65521109794305,0,6
2024-08-08 15:00:00,1.02604159583327,1.7537402829715,0,2.79
2024-08-08 16:00:00,1.21194097397511,2.02038376384906,0,3.36
2024-08-08 17:00:00,1.37371557891303,2.12969065033515,0,3.95
2024-08-08 18:00:00,2.09309786812732,2.37248940990475,0,8.11
2024-08-08 19:00:00,2.65253749117195,2.96382960884659,0,14.19
2024-08-08 20:00:00,2.95073490762326,3.32162648169742,0,19.12
2024-08-08 21:00:00,2.53765721517353,3.37880901511675,0,12.65
2024-08-08 22:00:00,2.37490575457367,3.22027128347773,0,10.75
2024-08-08 23:00:00,2.39151130218845,3.09551570113963,0,10.93
2024-08-09,2.17475172148416,2.95528354863199,0,8.8
2024-08-09 01:00:00,1.99197551589856,2.89218743900632,0,7.33
2024-08-09 02:00:00,2.13060982825424,2.76847680184116,0,8.42
2024-08-09 03:00:00,1.90805992492422,2.67839310232479,0,6.74
2024-08-09 04:00:00,1.79175946922805,2.60721765385696,0,6
2024-08-09 05:00:00,1.97962120639763,2.72285831719582,0,7.24
2024-08-09 06:00:00,2.37583555473364,2.7129980537488,0,10.76
2024-08-09 07:00:00,2.2181159363676,2.49611650040626,0,9.19
2024-08-09 08:00:00,1.84687876844913,1.74133363572625,0,6.34
2024-08-09 09:00:00,1.53255686809814,1.71484693559086,0,4.63
2024-08-09 10:00:00,1.22082992139236,1.41338706130725,0,3.39
2024-08-09 11:00:00,0.593326845277734,0.849380358110288,0,1.81
2024-08-09 12:00:00,-0.430782916092454,0.65256002003516,0,0.65
2024-08-09 13:00:00,-0.116533816255952,0.721145482133387,0,0.89
2024-08-09 14:00:00,0.357674444271816,0.834823999884365,0,1.43
2024-08-09 15:00:00,1.0952733874026,1.24800196215843,0,2.99
2024-08-09 16:00:00,1.41827740697294,1.55373019842464,0,4.13
2024-08-09 17:00:00,1.59127394180643,1.69962894344502,0,4.91
2024-08-09 18:00:00,1.51951320490611,1.95878879535864,0,4.57
2024-08-09 19:00:00,1.69927861643389,2.40418793535996,0,5.47
2024-08-09 20:00:00,2.53051716104005,2.80448694896632,0,12.56
2024-08-09 21:00:00,3.2188758248682,2.95450222669341,0,25
2024-08-09 22:00:00,3.53572827461976,2.95396205185541,0,34.32
2024-08-09 23:00:00,2.76820412392196,2.83450069399075,0,15.93
2024-08-10,2.60194867021966,2.72227680597995,0,13.49
2024-08-10 01:00:00,2.95958682691764,2.53101230774919,0,19.29
2024-08-10 02:00:00,2.63188884013665,2.23446323946783,0,13.9
2024-08-10 03:00:00,1.93007108502557,2.21373383999534,0,6.89
2024-08-10 04:00:00,2.39607543608138,2.2570444778817,0,10.98
2024-08-10 05:00:00,2.88144312715186,2.39024917088331,0,17.84
2024-08-10 06:00:00,2.87525812008612,2.42588478114738,0,17.73
2024-08-10 07:00:00,2.07819075977818,2.09327867544345,0,7.99
2024-08-10 08:00:00,1.08180517035173,1.50185596831948,0,2.95
2024-08-10 09:00:00,1.13783300182139,1.38246727837359,0,3.12
2024-08-10 10:00:00,0.904218150639886,1.08043470500335,0,2.47
2024-08-10 11:00:00,0.53062825106217,0.745311275659246,0,1.7
2024-08-10 12:00:00,-0.2484613592985,0.542392444962994,0,0.78
2024-08-10 13:00:00,-0.127833371509885,0.629183184238215,0,0.88
2024-08-10 14:00:00,0.8754687373539,0.674418513956591,0,2.4
2024-08-10 15:00:00,0.746687947487975,0.958853961311701,0,2.11
2024-08-10 16:00:00,1.23837423104327,1.22346086315541,0,3.45
2024-08-10 17:00:00,1.30562645805244,1.40871420631932,0,3.69
2024-08-10 18:00:00,1.62531126159039,1.79303745910998,0,5.08
2024-08-10 19:00:00,2.58776403522771,2.37451868306244,0,13.3
2024-08-10 20:00:00,3.85184828239208,3.03403347462513,0,47.08
2024-08-10 21:00:00,4.33204826486764,3.13328476278418,0,76.1
2024-08-10 22:00:00,3.74052268726577,3.02427470903504,0,42.12
2024-08-10 23:00:00,3.38844980883965,2.84809444995905,0,29.62
2024-08-11,3.24649099190117,2.77509994398434,0,25.7
2024-08-11 01:00:00,2.97858611471902,2.65592934405317,0,19.66
2024-08-11 02:00:00,2.72981169288372,2.56628399091106,0,15.33
2024-08-11 03:00:00,2.41591377830105,2.48511425206388,0,11.2
2024-08-11 04:00:00,2.53131302260216,2.45207661971456,0,12.57
2024-08-11 05:00:00,2.48823443988067,2.48222043939584,0,12.04
2024-08-11 06:00:00,2.54160199346455,2.4069052456091,0,12.7
2024-08-11 07:00:00,2.02814824729229,1.98683168603564,0,7.6
2024-08-11 08:00:00,1.11514159061932,1.33354041895304,0,3.05
2024-08-11 09:00:00,1.29746314741327,1.19749234634997,0,3.66
2024-08-11 10:00:00,0.883767540168595,0.913365385163942,0,2.42
2024-08-11 11:00:00,0.122217632724249,0.457593688230629,0,1.13
2024-08-11 12:00:00,0.631271776841858,0.513395678123968,0,1.88
2024-08-11 13:00:00,1.14740245283754,0.64798946208236,0,3.15
2024-08-11 14:00:00,1.05082162483176,0.741639740471869,0,2.86
2024-08-11 15:00:00,1.10856261952128,1.15333626720457,0,3.03
2024-08-11 16:00:00,1.30291275218084,1.22355768492372,0,3.68
2024-08-11 17:00:00,1.41585316336144,1.46308858734034,0,4.12
2024-08-11 18:00:00,2.25444471766611,1.85980102344988,0,9.53
2024-08-11 19:00:00,2.48156774852249,2.37407886582894,0,11.96
2024-08-11 20:00:00,2.905807566026,2.67512388473461,0,18.28
2024-08-11 21:00:00,2.98971420122843,2.98176183998917,0,19.88
2024-08-11 22:00:00,3.41838220641626,3.03275538695772,0,30.52
2024-08-11 23:00:00,3.35968070145922,2.95500160081172,0,28.78
2024-08-12,3.21205259952008,2.81991527021044,0,24.83
2024-08-12 01:00:00,2.84083131233603,2.70521879525574,0,17.13
2024-08-12 02:00:00,2.54866361559075,2.59978580137635,0,12.79
2024-08-12 03:00:00,2.37954613413017,2.52203596882077,0,10.8
2024-08-12 04:00:00,2.45616418092235,2.5717617840325,0,11.66
2024-08-12 05:00:00,2.48156774852249,2.6842774811893,0,11.96
2024-08-12 06:00:00,2.63834278867739,2.65175332128458,0,13.99
2024-08-12 07:00:00,2.30856716467159,2.22254138930373,0,10.06
2024-08-12 08:00:00,1.39128190263093,1.59409529702793,0,4.02
2024-08-12 09:00:00,1.23837423104327,1.41554267144452,0,3.45
2024-08-12 10:00:00,1.28093384546206,1.10139086157314,0,3.6
2024-08-12 11:00:00,0.262364264467491,0.659025778882437,0,1.3
2024-08-12 12:00:00,-0.0943106794712413,0.617928888262665,0,0.91
2024-08-12 13:00:00,-0.0618754037180875,0.60250898952441,0,0.94
2024-08-12 14:00:00,0.165514438477573,0.605704240238098,0,1.18
2024-08-12 15:00:00,0.797507195884188,0.934802224277447,0,2.22
2024-08-12 16:00:00,1.10856261952128,1.13109781704014,0,3.03
2024-08-12 17:00:00,1.03318448334565,1.34873398334687,0,2.81
2024-08-12 18:00:00,1.30562645805244,1.73948113099939,0,3.69
2024-08-12 19:00:00,2.84607149899958,2.30315678560666,0,17.22
2024-08-12 20:00:00,3.61199840977798,2.88899059972398,0,37.04
2024-08-12 21:00:00,3.93417581006928,3.05406739550242,0,51.12
2024-08-12 22:00:00,3.75536919538277,2.92756386321395,0,42.75
2024-08-12 23:00:00,3.50915452316725,2.84966863463221,0,33.42
2024-08-13,3.00121720378456,2.64979901416385,0,20.11
2024-08-13 01:00:00,2.68102152871429,2.54517336504504,0,14.6
2024-08-13 02:00:00,2.59674613154354,2.45924691655986,0,13.42
2024-08-13 03:00:00,2.38047163165112,2.31458443593319,0,10.81
2024-08-13 04:00:00,2.52572864430826,2.35707880366463,0,12.5
2024-08-13 05:00:00,2.69395127672271,2.53327612788623,0,14.79
2024-08-13 06:00:00,2.93225985059842,2.51895124838112,0,18.77
2024-08-13 07:00:00,2.33891702224144,2.35272298216022,0,10.37
2024-08-13 08:00:00,1.36353737399727,1.62737361894825,0,3.91
2024-08-13 09:00:00,1.37624402526639,1.33493413253215,0,3.96
2024-08-13 10:00:00,0.963174317773006,1.00260844849672,0,2.62
2024-08-13 11:00:00,-0.139262067333508,0.554571316198387,0,0.87
2024-08-13 12:00:00,-0.446287102628419,0.502875154167325,0,0.64
2024-08-13 13:00:00,-0.82098055206983,0.546896302234204,0,0.44
2024-08-13 14:00:00,-0.916290731874155,0.611710566426997,0,0.4
2024-08-13 15:00:00,0.412109650826833,0.846315732036904,0,1.51
2024-08-13 16:00:00,1.0681530811834,1.06657506964296,0,2.91
2024-08-13 17:00:00,1.17557332980424,1.32359349065935,0,3.24
2024-08-13 18:00:00,2.69934576047206,1.88299600069603,0,14.87
2024-08-13 19:00:00,4.09150720740194,2.57289935968104,0,59.83
2024-08-13 20:00:00,4.07753744390572,2.9183353847788,0,59
2024-08-13 21:00:00,3.88300605635765,2.98850653710364,0,48.57
2024-08-13 22:00:00,3.27298515051523,2.75332086772254,0,26.39
2024-08-13 23:00:00,2.63977136034892,2.2108393086182,0,14.01
2024-08-14,1.68268837417369,1.94716874484469,0,5.38
2024-08-14 01:00:00,1.50851199384414,2.0809191489235,0,4.52
2024-08-14 02:00:00,1.38128181929635,1.97175459644091,0,3.98
2024-08-14 03:00:00,1.35325450704169,1.87959950940314,0,3.87
2024-08-14 04:00:00,1.7732559976635,1.97920849634276,0,5.89
2024-08-14 05:00:00,1.98100146886658,2.22749568450563,0,7.25
2024-08-14 06:00:00,3.36591556751752,2.2555711573573,0,28.96
2024-08-14 07:00:00,2.98669152890184,1.96259415085819,0,19.82
2024-08-14 08:00:00,1.14422279992016,1.35007908084123,0,3.14
2024-08-14 09:00:00,1.07500242302898,1.10579235106733,0,2.93
2024-08-14 10:00:00,0.879626747502564,0.876502406209918,0,2.41
2024-08-14 11:00:00,-0.301105092783922,0.412042471185311,0,0.74
2024-08-14 12:00:00,-0.430782916092454,0.372714024055713,0,0.65
2024-08-14 13:00:00,0.231111720963387,0.524164814311637,0,1.26
2024-08-14 14:00:00,0.00995033085316809,0.642539666767889,0,1.01
2024-08-14 15:00:00,1.34025042261848,0.998860707378322,0,3.82
2024-08-14 16:00:00,2.53449014997683,1.27362249988867,0,12.61
2024-08-14 17:00:00,1.97546895129686,1.50153390635036,0,7.21
2024-08-14 18:00:00,1.92861865194525,1.87442729549403,0,6.88
2024-08-14 19:00:00,3.50735757749055,2.55918136488954,0,33.36
2024-08-14 20:00:00,3.99618031343487,2.976084095263,0,54.39
2024-08-14 21:00:00,3.89934295227077,3.00841474838127,0,49.37
2024-08-14 22:00:00,3.55734606415209,2.85381134120922,0,35.07
2024-08-14 23:00:00,3.09919098192222,2.7548572569292,0,22.18
2024-08-15,2.84549061022345,2.60881467496619,0,17.21
2024-08-15 01:00:00,2.57718192589717,2.55479340107361,0,13.16
2024-08-15 02:00:00,2.35517754311322,2.3543418714764,0,10.54
2024-08-15 03:00:00,2.45272775142377,2.27594655916177,0,11.62
2024-08-15 04:00:00,2.90471287516682,2.2187070221266,0,18.26
2024-08-15 05:00:00,2.45100509811232,2.34434412281707,0,11.6
2024-08-15 06:00:00,2.6475922320651,2.32522374642995,0,14.12
2024-08-15 07:00:00,1.26412672714568,2.10159489542992,0,3.54
2024-08-15 08:00:00,1.31640823365572,1.77312979334287,0,3.73
2024-08-15 09:00:00,1.50185270175416,1.53216961090431,0,4.49
2024-08-15 10:00:00,0.951657875711446,1.15106357259279,0,2.59
2024-08-15 11:00:00,-0.0202027073175195,0.667715462878839,0,0.98
2024-08-15 12:00:00,0.657520002916794,0.58306106452913,0,1.93
2024-08-15 13:00:00,4.62526688768721,4.31277509185123,0,102.03
2024-08-15 14:00:00,3.44998754583159,1.11575924241596,0,31.5
2024-08-15 15:00:00,0.254642218373581,1.19126605339481,0,1.29
2024-08-15 16:00:00,0.982078472412158,1.34910911567149,0,2.67
2024-08-15 17:00:00,1.02245092770255,1.60990997945375,0,2.78
2024-08-15 18:00:00,1.5810384379124,1.94587911706004,0,4.86
2024-08-15 19:00:00,3.1540172525197,2.59263147714851,0,23.43
2024-08-15 20:00:00,4.00478448550946,3.13738875371761,0,54.86
2024-08-15 21:00:00,3.44169932497149,3.16312923339285,0,31.24
2024-08-15 22:00:00,2.89259151463448,3.01543349157578,0,18.04
2024-08-15 23:00:00,2.87751164216656,2.81360865544759,0,17.77
2024-08-16,2.88032142204266,2.75039247358135,0,17.82
2024-08-16 01:00:00,2.85819285953193,2.66292708621511,0,17.43
2024-08-16 02:00:00,2.38600670113312,2.58980134645232,0,10.87
2024-08-16 03:00:00,2.1150499691472,2.41542423000315,0,8.29
2024-08-16 04:00:00,1.74571553072665,2.3775470672406,0,5.73
2024-08-16 05:00:00,1.99741770620125,2.47056832234066,0,7.37
2024-08-16 06:00:00,2.30856716467159,2.45603457713484,0,10.06
2024-08-16 07:00:00,2.10291389786498,2.12162113423787,0,8.19
2024-08-16 08:00:00,1.10525683138678,1.4193053469183,0,3.02
2024-08-16 09:00:00,1.40854497005471,1.30898405536021,0,4.09
2024-08-16 10:00:00,1.16627093714192,0.949977964860638,0,3.21
2024-08-16 11:00:00,-1.42711635564015,0.446119432188936,0,0.24
2024-08-16 12:00:00,-1.71479842809193,0.375957563299932,0,0.18
2024-08-16 13:00:00,-0.49429632181478,0.522394804543035,0,0.61
2024-08-16 14:00:00,-0.328504066972036,0.538385117781224,0,0.72
2024-08-16 15:00:00,0.657520002916794,0.907798352703212,0,1.93
2024-08-16 16:00:00,1.03318448334565,1.1266194673347,0,2.81
2024-08-16 17:00:00,1.97962120639763,1.29859032220197,0,7.24
2024-08-16 18:00:00,1.28923264827676,1.74027848641591,0,3.63
2024-08-16 19:00:00,4.06885579945493,2.56267883802168,0,58.49
2024-08-16 20:00:00,4.17914516391457,2.95655215550279,0,65.31
2024-08-16 21:00:00,3.55877076876692,3.03331831210066,0,35.12
2024-08-16 22:00:00,3.34073941262504,2.88242953960927,0,28.24
2024-08-16 23:00:00,3.13375357145137,2.79386869716094,0,22.96
2024-08-17,2.87469394517693,2.72337015394357,0,17.72
2024-08-17 01:00:00,2.76883167336207,2.62673314807872,0,15.94
2024-08-17 02:00:00,2.77508560243837,2.48733938920747,0,16.04
2024-08-17 03:00:00,2.67345875633259,2.41976798188321,0,14.49
2024-08-17 04:00:00,2.61958321977988,2.43756658698295,0,13.73
2024-08-17 05:00:00,2.68580459215489,2.41747620383782,0,14.67
2024-08-17 06:00:00,2.52412736294128,2.33005923632278,0,12.48
2024-08-17 07:00:00,2.86562358820697,2.03967328711214,0,17.56
2024-08-17 08:00:00,1.10525683138678,1.43583248993852,0,3.02
2024-08-17 09:00:00,1.80664808172181,1.22488308177348,0,6.09
2024-08-17 10:00:00,0.576613364303994,0.964417568411606,0,1.78
2024-08-17 11:00:00,0.254642218373581,0.614777000635747,0,1.29
2024-08-17 12:00:00,1.09861228866811,0.758224330738027,0,3
2024-08-17 13:00:00,2.20937271127187,0.95427022783767,0,9.11
2024-08-17 14:00:00,0.708035793053696,0.882886224441827,0,2.03
2024-08-17 15:00:00,-0.210721031315653,0.963505705082258,0,0.81
2024-08-17 16:00:00,0.810930216216329,1.31255005966666,0,2.25
2024-08-17 17:00:00,1.14422279992016,1.5226837321136,0,3.14
2024-08-17 18:00:00,3.05964559929764,2.00003553544381,0,21.32
2024-08-17 19:00:00,2.76253838638628,2.47552754213901,0,15.84
2024-08-17 20:00:00,2.87919845729804,2.87795176649187,0,17.8
2024-08-17 21:00:00,2.76506045581899,2.88625782569484,0,15.88
2024-08-17 22:00:00,3.31200180285768,2.77680298240971,0,27.44
2024-08-17 23:00:00,3.32071013074947,2.62906478393657,0,27.68
2024-08-18,2.94968833505258,2.52013123425623,0,19.1
2024-08-18 01:00:00,3.4445761049641,2.5568544194584,0,31.33
2024-08-18 02:00:00,3.20639830335709,2.49711227324139,0,24.69
2024-08-18 03:00:00,2.98618686071046,2.4131605162235,0,19.81
2024-08-18 04:00:00,2.68102152871429,2.41827665252718,0,14.6
2024-08-18 05:00:00,2.60933422816305,2.42830066131625,0,13.59
2024-08-18 06:00:00,2.41323161308111,2.43568300443728,0,11.17
2024-08-18 07:00:00,2.19833507162025,2.34507336774555,0,9.01
2024-08-18 08:00:00,1.66392609771817,1.83387831304626,0,5.28
2024-08-18 09:00:00,1.33500106673234,1.66770943363576,0,3.8
2024-08-18 10:00:00,1.29198368164865,1.27012012418749,0,3.64
2024-08-18 11:00:00,0.783901543828409,0.825412682318734,0,2.19
2024-08-18 12:00:00,0.0198026272961797,0.757481411654356,0,1.02
2024-08-18 13:00:00,1.01160091167848,0.903219101174876,0,2.75
2024-08-18 14:00:00,1.53039470509365,1.16032053143949,0,4.62
2024-08-18 15:00:00,3.30871652886799,2.221331647702,0,27.35
2024-08-18 16:00:00,4.51513606328411,3.20936020116845,0,91.39
2024-08-18 17:00:00,3.97556102623213,2.79754545303408,0,53.28
2024-08-18 18:00:00,3.44361809754611,2.97959685447397,0,31.3
2024-08-18 19:00:00,3.20801708153332,3.37886434403316,0,24.73
2024-08-18 20:00:00,2.81780106506133,3.5424898308798,0,16.74
2024-08-18 21:00:00,2.61958321977988,3.46351051491529,0,13.73
2024-08-18 22:00:00,2.31154483436552,3.26504636847218,0,10.09
2024-08-18 23:00:00,2.56032328907275,3.09643662328572,0,12.94
2024-08-19,1.53039470509365,2.7915131930179,0,4.62
2024-08-19 01:00:00,1.44456326924387,2.54811261934377,0,4.24
2024-08-19 02:00:00,1.91102289005487,2.79295814748553,0,6.76
2024-08-19 03:00:00,1.64865862558738,2.49821721586602,0,5.2
2024-08-19 04:00:00,1.20297230399235,2.08695080622322,0,3.33
2024-08-19 05:00:00,1.17248213723457,2.24435589880307,0,3.23
2024-08-19 06:00:00,1.12167756159911,2.26374757353262,0,3.07
2024-08-19 07:00:00,1.18478998490916,2.22139959043197,0,3.27
2024-08-19 08:00:00,1.2947271675944,1.7284110443435,0,3.65
2024-08-19 09:00:00,1.25846098961001,1.61378240240957,0,3.52
2024-08-19 10:00:00,1.32707500145992,1.47044643853551,0,3.77
2024-08-19 11:00:00,1.24415459395877,0.928155125172949,0,3.47
2024-08-19 12:00:00,1.06125650212434,0.882830314429547,0,2.89
2024-08-19 13:00:00,1.09192330051731,0.978121484132935,0,2.98
2024-08-19 14:00:00,0.947789398933526,1.17979506350576,0,2.58
2024-08-19 15:00:00,1.40118297361364,1.54005886879331,0,4.06
2024-08-19 16:00:00,2.1938856760707,1.81822296474417,0,8.97
2024-08-19 17:00:00,1.84213567655312,1.91960634703484,0,6.31
2024-08-19 18:00:00,1.84687876844913,2.14931316706104,0,6.34
2024-08-19 19:00:00,2.35801979988215,2.6816936427028,0,10.57
2024-08-19 20:00:00,3.38844980883965,3.34403782586072,0,29.62
2024-08-19 21:00:00,3.47784973318324,3.42049354906052,0,32.39
2024-08-19 22:00:00,3.11794990627824,3.29291333414232,0,22.6
2024-08-19 23:00:00,2.96062309644042,3.12292588684488,0,19.31
2024-08-20,2.70537997254633,2.99856756670375,0,14.96
2024-08-20 01:00:00,2.51930807650533,2.86749574462012,0,12.42
2024-08-20 02:00:00,2.30757263450508,2.70723173668808,0,10.05
2024-08-20 03:00:00,2.23108909128898,2.66295160005121,0,9.31
2024-08-20 04:00:00,2.19944433407453,2.65085783829603,0,9.02
2024-08-20 05:00:00,2.24601474150565,2.73163948249742,0,9.45
2024-08-20 06:00:00,2.38047163165112,2.78948633299638,0,10.81
2024-08-20 07:00:00,2.05923883436232,2.40611121512981,0,7.84
2024-08-20 08:00:00,1.36863942588117,1.74326813668253,0,3.93
2024-08-20 09:00:00,2.74662968306969,1.74400673459729,0,15.59
2024-08-20 10:00:00,2.67552700939665,1.33471428004072,0,14.52
2024-08-20 11:00:00,0.672944473242426,0.867113215736721,0,1.96
2024-08-20 12:00:00,0.746687947487975,0.942392752102261,0,2.11
2024-08-20 13:00:00,0.231111720963387,0.977535026844066,0,1.26
2024-08-20 14:00:00,0.86288995514704,1.12471934008191,0,2.37
2024-08-20 15:00:00,1.16002091679675,1.30625353601541,0,3.19
2024-08-20 16:00:00,1.70474809223843,1.56322337636973,0,5.5
2024-08-20 17:00:00,1.8229350866965,1.8258218598471,0,6.19
2024-08-20 18:00:00,1.95160817016995,2.12995386627267,0,7.04
2024-08-20 19:00:00,2.70001802940495,2.75512365221727,0,14.88
2024-08-20 20:00:00,2.90087199253003,3.2124491674918,0,18.19
2024-08-20 21:00:00,3.33967652501391,3.22874032113325,0,28.21
2024-08-20 22:00:00,3.20558793054127,3.01931098248779,0,24.67
2024-08-20 23:00:00,3.04022751344054,2.8470665575255,0,20.91
2024-08-21,3.04070563919672,2.73678709440011,0,20.92
2024-08-21 01:00:00,3.2577118486534,2.96878336504728,0,25.99
2024-08-21 02:00:00,3.2812870849896,2.61019604311487,0,26.61
2024-08-21 03:00:00,2.8349764946746,2.46859644764066,0,17.03
2024-08-21 04:00:00,2.60120710548416,2.37625367423893,0,13.48
2024-08-21 05:00:00,2.07819075977818,2.350581578527,0,7.99
2024-08-21 06:00:00,1.13783300182139,2.32196499982399,0,3.12
2024-08-21 07:00:00,1.37118072330984,2.42369413205152,0,3.94
2024-08-21 08:00:00,0.900161349944271,1.58039527721004,0,2.46
2024-08-21 09:00:00,0.936093359170335,1.34954495826364,0,2.55
2024-08-21 10:00:00,0.841567185678219,1.09084356893104,0,2.32
2024-08-21 11:00:00,0.982078472412158,0.783543490989604,0,2.67
2024-08-21 12:00:00,1.12167756159911,0.807020942410128,0,3.07
2024-08-21 13:00:00,0.19062035960865,0.714331146820403,0,1.21
2024-08-21 14:00:00,-0.0100503358535015,0.668022827648743,0,0.99
2024-08-21 15:00:00,0.438254930931155,0.92503253372425,0,1.55
2024-08-21 16:00:00,0.966983846189673,1.1175938957345,0,2.63
2024-08-21 17:00:00,1.55603713570699,1.37889603115553,0,4.74
2024-08-21 18:00:00,2.35707327827812,1.86994021388659,0,10.56
2024-08-21 19:00:00,2.95958682691764,2.65936223982882,0,19.29
2024-08-21 20:00:00,3.83729945923221,3.213059304221,0,46.4
2024-08-21 21:00:00,3.83837646525985,3.28999544858342,0,46.45
2024-08-21 22:00:00,3.63389514578118,3.14319479456076,0,37.86
2024-08-21 23:00:00,3.14802408389625,3.00008740513561,0,23.29
2024-08-22,3.09285898428471,2.8627795048421,0,22.04
2024-08-22 01:00:00,2.91180703861623,2.83187496877584,0,18.39
2024-08-22 02:00:00,2.59972232421658,2.65702550212888,0,13.46
2024-08-22 03:00:00,2.51688969564105,2.63535207327467,0,12.39
2024-08-22 04:00:00,2.45702144629846,2.60572353442858,0,11.67
2024-08-22 05:00:00,2.5152741864044,2.7408449814212,0,12.37
2024-08-22 06:00:00,2.54474665014402,2.8302712833173,0,12.74
2024-08-22 07:00:00,2.7047112998367,2.63764284098972,0,14.95
2024-08-22 08:00:00,2.59076704048748,2.00230153551113,0,13.34
2024-08-22 09:00:00,2.26384426467762,1.89577190348804,0,9.62
2024-08-22 10:00:00,1.21491274436427,1.35151600250742,0,3.37
2024-08-22 11:00:00,0.27763173659828,0.77831814073925,0,1.32
2024-08-22 12:00:00,0.500775287912489,0.710231555357685,0,1.65
2024-08-22 13:00:00,0.46373401623214,0.814928401669559,0,1.59
2024-08-22 14:00:00,0.385262400790645,0.840773658289011,0,1.47
2024-08-22 15:00:00,3.20680324363393,1.13684430732419,0,24.7
2024-08-22 16:00:00,3.89161619565048,1.35486837983601,0,48.99
2024-08-22 17:00:00,1.25276296849537,1.58793680619049,0,3.5
2024-08-22 18:00:00,1.33762918913861,1.93336687906239,0,3.81
2024-08-22 19:00:00,3.10682632105958,2.73922604543027,0,22.35
2024-08-22 20:00:00,3.61145830714535,3.22841618422607,0,37.02
2024-08-22 21:00:00,3.81176058348975,3.28936041479839,0,45.23
2024-08-22 22:00:00,3.37929254627411,3.1800846742531,0,29.35
2024-08-22 23:00:00,2.9247731846135,3.14997973286443,0,18.63
2024-08-23,3.1684242813721,3.02983633773698,0,23.77
2024-08-23 01:00:00,3.28503802712187,2.96346704784022,0,26.71
2024-08-23 02:00:00,2.96887481938411,2.78590897038019,0,19.47
2024-08-23 03:00:00,2.94074796522123,2.652665384154,0,18.93
2024-08-23 04:00:00,2.65745841498615,2.69308579593126,0,14.26
2024-08-23 05:00:00,2.77757626375082,2.82862038724139,0,16.08
2024-08-23 06:00:00,2.79116510781272,2.88175870680723,0,16.3
2024-08-23 07:00:00,2.85532011983725,2.56617975722616,0,17.38
2024-08-23 08:00:00,2.69665215614984,1.82261699907869,0,14.83
2024-08-23 09:00:00,2.69192081917233,1.60028237786125,0,14.76
2024-08-23 10:00:00,2.54553127160444,1.26201557040295,0,12.75
2024-08-23 11:00:00,0.636576829071551,0.731656634912377,0,1.89
2024-08-23 12:00:00,0,0.700248728074537,0,1
2024-08-23 13:00:00,-0.0943106794712413,0.746909519405833,0,0.91
2024-08-23 14:00:00,-0.713349887877465,0.663617154728232,0,0.49
2024-08-23 15:00:00,-0.162518929497775,0.867208720781729,0,0.85
2024-08-23 16:00:00,0.524728528934982,1.07549595569292,0,1.69
2024-08-23 17:00:00,1.00063188030791,1.32862798606273,0,2.72
2024-08-23 18:00:00,1.60140574073684,1.74193808737699,0,4.96
2024-08-23 19:00:00,3.27676730328398,2.45900149350363,0,26.49
2024-08-23 20:00:00,3.6451887654892,3.00407371281709,0,38.29
2024-08-23 21:00:00,3.80176161117061,3.13150720552695,0,44.78
2024-08-23 22:00:00,3.60141342833266,3.08323674149329,0,36.65
2024-08-23 23:00:00,3.21967550503877,2.90067129024614,0,25.02
2024-08-24,3.45378983178133,2.80522906192918,0,31.62
2024-08-24 01:00:00,3.35340671782581,2.74937776533015,0,28.6
2024-08-24 02:00:00,3.55162686068756,2.68878301031832,0,34.87
2024-08-24 03:00:00,3.00518743232475,2.50496625989107,0,20.19
2024-08-24 04:00:00,2.77508560243837,2.53173878174785,0,16.04
2024-08-24 05:00:00,2.68512269645851,2.59427495450425,0,14.66
2024-08-24 06:00:00,2.5687881337687,2.63274021713328,0,13.05
2024-08-24 07:00:00,2.18380155700408,2.21121527104267,0,8.88
2024-08-24 08:00:00,1.38629436111989,1.39789598822204,0,4
2024-08-24 09:00:00,1.28370777234479,1.20975651325914,0,3.61
2024-08-24 10:00:00,1.24415459395877,0.902265464757601,0,3.47
2024-08-24 11:00:00,0.631271776841858,0.391546454563881,0,1.88
2024-08-24 12:00:00,-0.287682072451781,0.375872166935829,0,0.75
2024-08-24 13:00:00,-0.301105092783922,0.467445224775464,0,0.74
2024-08-24 14:00:00,-0.798507696217772,0.411696261191015,0,0.45
2024-08-24 15:00:00,-0.653926467406664,0.578164947594911,0,0.52
2024-08-24 16:00:00,0.262364264467491,0.749834361518886,0,1.3
2024-08-24 17:00:00,0.625938430866495,0.99456065020772,0,1.87
2024-08-24 18:00:00,1.06125650212434,1.41893775656119,0,2.89
2024-08-24 19:00:00,2.96784707006446,2.1461889966335,0,19.45
2024-08-24 20:00:00,4.02802668118445,2.65334921420612,0,56.15
2024-08-24 21:00:00,4.25234496520411,2.98360769859192,0,70.27
2024-08-24 22:00:00,3.71795270159964,2.8841922210263,0,41.18
2024-08-24 23:00:00,3.6122683517421,2.58219719069148,0,37.05
2024-08-25,3.87949981372259,2.5781351582821,0,48.4
2024-08-25 01:00:00,3.48216274048526,2.54319133648938,0,32.53
2024-08-25 02:00:00,3.40651654313976,2.43709064832579,0,30.16
2024-08-25 03:00:00,2.87751164216656,2.21854137614498,0,17.77
2024-08-25 04:00:00,2.16447179086441,2.09888186606944,0,8.71
2024-08-25 05:00:00,2.06305806242931,2.19289308283446,0,7.87
2024-08-25 06:00:00,2.9704144655697,2.33031803858322,0,19.5
2024-08-25 07:00:00,3.27940632460823,2.20459492641567,0,26.56
2024-08-25 08:00:00,2.5152741864044,1.7831691200009,0,12.37
2024-08-25 09:00:00,1.12817109090965,1.35003080888564,0,3.09
2024-08-25 10:00:00,0.854415328156068,1.04813444765059,0,2.35
2024-08-25 11:00:00,1.06471073699243,0.687840570014709,0,2.9
2024-08-25 12:00:00,1.14740245283754,0.744028432753216,0,3.15
2024-08-25 13:00:00,1.1999647829284,0.908652867942618,0,3.32
2024-08-25 14:00:00,2.36179695262589,1.46745993742677,0,10.61
2024-08-25 15:00:00,2.4518667957098,1.74729564400269,0,11.61
2024-08-25 16:00:00,3.00716665117965,2.22227516678802,0,20.23
2024-08-25 17:00:00,3.21807550469743,2.52623965954861,0,24.98
2024-08-25 18:00:00,2.80819714970715,2.85183753234756,0,16.58
2024-08-25 19:00:00,2.45787797740008,3.26877789519167,0,11.68
2024-08-25 20:00:00,2.507971922719,3.40300713025813,0,12.28
2024-08-25 21:00:00,2.40152504084895,3.38359804218103,0,11.04
2024-08-25 22:00:00,2.45358796653057,3.28022909151301,0,11.63
2024-08-25 23:00:00,2.33795223683134,3.17968250528488,0,10.36
2024-08-26,2.08691355651854,3.00490947363708,0,8.06
2024-08-26 01:00:00,2.07944154167984,2.93141360485514,0,8
2024-08-26 02:00:00,2.36085400111802,2.79540245712647,0,10.6
2024-08-26 03:00:00,2.20055236742889,2.71525671866028,0,9.03
2024-08-26 04:00:00,2.04510886259933,2.69296665507775,0,7.73
2024-08-26 05:00:00,2.35896542643015,2.87315720718056,0,10.58
2024-08-26 06:00:00,2.11866225483312,2.98083438371184,0,8.32
2024-08-26 07:00:00,2.21593728626837,2.67339728761024,0,9.17
2024-08-26 08:00:00,1.74571553072665,1.76701019979101,0,5.73
2024-08-26 09:00:00,1.48613969608961,1.59304919390937,0,4.42
2024-08-26 10:00:00,0.867100487683383,1.19960950910645,0,2.38
2024-08-26 11:00:00,-0.139262067333508,0.605518052211541,0,0.87
2024-08-26 12:00:00,-0.301105092783922,0.66857205508727,0,0.74
2024-08-26 13:00:00,0.307484699747961,0.784683962012449,0,1.36
2024-08-26 14:00:00,0.542324290825362,0.86182792673531,0,1.72
2024-08-26 15:00:00,1.32707500145992,1.12957622047072,0,3.77
2024-08-26 16:00:00,1.30019166206648,1.41965946224624,0,3.67
2024-08-26 17:00:00,1.57277392806251,1.50712638424947,0,4.82
2024-08-26 18:00:00,2.17475172148416,1.90794861018656,0,8.8
2024-08-26 19:00:00,3.15827620273927,2.3760343763631,0,23.53
2024-08-26 20:00:00,3.52636052461616,2.9676845105323,0,34
2024-08-26 21:00:00,3.59594145845467,3.2170838345975,0,36.45
2024-08-26 22:00:00,3.53339455127354,3.1282992090434,0,34.24
2024-08-26 23:00:00,3.39013643430273,3.03589548377153,0,29.67
2024-08-27,3.07223024452672,2.86309027112278,0,21.59
2024-08-27 01:00:00,2.86048512414597,2.79153114622771,0,17.47
2024-08-27 02:00:00,2.80638610182307,2.692703800649,0,16.55
2024-08-27 03:00:00,2.598235335095,2.64501432803226,0,13.44
2024-08-27 04:00:00,2.51203531717625,2.55982934311705,0,12.33
2024-08-27 05:00:00,2.68920711330073,2.76141909799716,0,14.72
2024-08-27 06:00:00,2.84374591655611,2.92106289489961,0,17.18
2024-08-27 07:00:00,2.45358796653057,2.62773473426713,0,11.63
2024-08-27 08:00:00,1.96150224381515,1.73121192169498,0,7.11
2024-08-27 09:00:00,2.12465388450138,1.5213013379884,0,8.37
2024-08-27 10:00:00,0.936093359170335,1.09289460186194,0,2.55
2024-08-27 11:00:00,0.438254930931155,0.693930044459019,0,1.55
2024-08-27 12:00:00,0.712949807856125,0.63956016173419,0,2.04
2024-08-27 13:00:00,0.405465108108164,0.841213763121541,0,1.5
2024-08-27 14:00:00,0.0861776962410524,0.874524022704971,0,1.09
2024-08-27 15:00:00,0.828551817566148,1.13628230356912,0,2.29
2024-08-27 16:00:00,1.69009581545155,1.35627202477184,0,5.42
2024-08-27 17:00:00,2.16102152867226,1.56352714176174,0,8.68
2024-08-27 18:00:00,2.46809953147162,1.93890349730897,0,11.8
2024-08-27 19:00:00,2.91452221812845,2.35781823143947,0,18.44
2024-08-27 20:00:00,3.34356826882552,2.83976580292729,0,28.32
2024-08-27 21:00:00,3.58850647996715,3.19320933194663,0,36.18
2024-08-27 22:00:00,3.44808096756101,3.08387191470807,0,31.44
2024-08-27 23:00:00,3.3017453026905,3.00488681580879,0,27.16
2024-08-28,3.01209762764026,2.87905008253731,0,20.33
2024-08-28 01:00:00,2.98618686071046,2.78523377427047,0,19.81
2024-08-28 02:00:00,2.94127608775793,2.68304144521905,0,18.94
2024-08-28 03:00:00,2.72063731660768,2.55635077978316,0,15.19
2024-08-28 04:00:00,2.62828523263335,2.52279811134821,0,13.85
2024-08-28 05:00:00,2.81120829320484,2.65561392315964,0,16.63
2024-08-28 06:00:00,3.03974915897077,2.86512687808866,0,20.9
2024-08-28 07:00:00,2.73111547403321,2.60817381348706,0,15.35
2024-08-28 08:00:00,1.44691898293633,1.84026083765819,0,4.25
2024-08-28 09:00:00,1.91250108692418,1.62539344211745,0,6.77
2024-08-28 10:00:00,1.29198368164865,1.21320828175728,0,3.64
2024-08-28 11:00:00,0.300104592450338,0.77157230748774,0,1.35
2024-08-28 12:00:00,0.357674444271816,0.713521749512842,0,1.43
2024-08-28 13:00:00,0.553885113226438,0.819780881947956,0,1.74
2024-08-28 14:00:00,0.405465108108164,0.862170818951934,0,1.5
2024-08-28 15:00:00,0.841567185678219,1.10038208866299,0,2.32
2024-08-28 16:00:00,1.09861228866811,1.33062163289839,0,3
2024-08-28 17:00:00,1.35583515363518,1.50894101457783,0,3.88
2024-08-28 18:00:00,2.089391872533,1.92996989505105,0,8.08
2024-08-28 19:00:00,3.81859106063559,2.6622693589883,0,45.54
2024-08-28 20:00:00,3.81286543389493,3.07253255110875,0,45.28
2024-08-28 21:00:00,4.1172469554394,3.18830010809006,0,61.39
2024-08-28 22:00:00,3.77597416096487,3.10380343275603,0,43.64
2024-08-28 23:00:00,3.44903471107632,2.98480948205778,0,31.47
2024-08-29,3.02529107579554,2.84076627060217,0,20.6
2024-08-29 01:00:00,2.75810940097495,2.75381218819357,0,15.77
2024-08-29 02:00:00,2.66514270009093,2.52753680998905,0,14.37
2024-08-29 03:00:00,2.41323161308111,2.44873698261896,0,11.17
2024-08-29 04:00:00,2.44147709186066,2.35578145687169,0,11.49
2024-08-29 05:00:00,2.47232786758114,2.5531941076968,0,11.85
2024-08-29 06:00:00,2.75429745226753,2.70603594707604,0,15.71
2024-08-29 07:00:00,2.39059597031676,2.49125757288913,0,10.92
2024-08-29 08:00:00,1.24990173621434,1.69582823358029,0,3.49
2024-08-29 09:00:00,1.46787434811231,1.49550042698854,0,4.34
2024-08-29 10:00:00,1.21491274436427,1.06042421617981,0,3.37
2024-08-29 11:00:00,-0.2484613592985,0.597635119989272,0,0.78
2024-08-29 12:00:00,-2.12026353620009,0.457320555342541,0,0.12
2024-08-29 13:00:00,-1.46967597005894,0.34463156520951,0,0.23
2024-08-29 14:00:00,-1.77195684193188,0.404657348304096,0,0.17
2024-08-29 15:00:00,-0.0202027073175195,0.670798000007729,0,0.98
2024-08-29 16:00:00,0.73716406597672,0.930005283328446,0,2.09
2024-08-29 17:00:00,1.04027671165515,1.18759606148518,0,2.83
2024-08-29 18:00:00,3.05116698044209,1.62818482752713,0,21.14
2024-08-29 19:00:00,4.41328302432444,2.50814067383047,0,82.54
2024-08-29 20:00:00,4.5047972118413,2.93670935050961,0,90.45
2024-08-29 21:00:00,4.3333614626926,3.00012104642291,0,76.2
2024-08-29 22:00:00,3.76676599277101,2.92241408349638,0,43.24
2024-08-29 23:00:00,3.73624002547377,2.8238410589556,0,41.94
2024-08-30,3.06991167172824,2.66347759108558,0,21.54
2024-08-30 01:00:00,3.08190996979504,2.63273027931383,0,21.8
2024-08-30 02:00:00,2.90690105984738,2.55626691701873,0,18.3
2024-08-30 03:00:00,2.82078347108945,2.4942858124711,0,16.79
2024-08-30 04:00:00,2.56725439113675,2.44614084480365,0,13.03
2024-08-30 05:00:00,2.69124308278583,2.5823531459716,0,14.75
2024-08-30 06:00:00,2.83790818836042,2.74817914000819,0,17.08
2024-08-30 07:00:00,2.07442899985629,2.43194605772895,0,7.96
2024-08-30 08:00:00,1.27536280041261,1.61402871157702,0,3.58
2024-08-30 09:00:00,1.64480505627139,1.47012845408871,0,5.18
2024-08-30 10:00:00,1.47704872438835,1.09831461532872,0,4.38
2024-08-30 11:00:00,-0.400477566597125,0.508624974615097,0,0.67
2024-08-30 12:00:00,-1.56064774826467,0.456454212602853,0,0.21
2024-08-30 13:00:00,-0.2484613592985,0.562844748510342,0,0.78
2024-08-30 14:00:00,0.122217632724249,0.631985007464016,0,1.13
2024-08-30 15:00:00,1.02604159583327,0.960762278339578,0,2.79
2024-08-30 16:00:00,1.41342302850814,1.20379870559554,0,4.11
2024-08-30 17:00:00,1.43746264769429,1.37192679903578,0,4.21
2024-08-30 18:00:00,2.28340227357727,1.800879426733,0,9.81
2024-08-30 19:00:00,3.34497970166393,2.40831428686282,0,28.36
2024-08-30 20:00:00,3.88977739648083,3.05669468020893,0,48.9
2024-08-30 21:00:00,4.11806108883942,3.08724887876398,0,61.44
2024-08-30 22:00:00,3.22286784613774,2.98812702696509,0,25.1
2024-08-30 23:00:00,2.19053558918542,2.73380207107712,0,8.94
2024-08-31,2.09186406167839,2.39654208495703,0,8.1
2024-08-31 01:00:00,2.63044895507866,2.35597566232255,0,13.88
2024-08-31 02:00:00,2.48989419129904,2.16807692417735,0,12.06
2024-08-31 03:00:00,2.42833629829961,2.10565603340751,0,11.34
2024-08-31 04:00:00,2.52972066557779,2.10735385578418,0,12.55
2024-08-31 05:00:00,2.3767644911683,2.1342931704094,0,10.77
2024-08-31 06:00:00,1.95727390770563,2.14059708209539,0,7.08
2024-08-31 07:00:00,1.37118072330984,1.9998975544509,0,3.94
2024-08-31 08:00:00,1.21491274436427,1.65844801645546,0,3.37
2024-08-31 09:00:00,1.32707500145992,1.76041359156086,0,3.77
2024-08-31 10:00:00,1.20896034583698,1.33878489482594,0,3.35
2024-08-31 11:00:00,0.779324876800998,0.771076131767755,0,2.18
2024-08-31 12:00:00,0.85015092936961,0.725913963451412,0,2.34
2024-08-31 13:00:00,0.879626747502564,0.831484409592924,0,2.41
2024-08-31 14:00:00,0.797507195884188,0.895943486404295,0,2.22
2024-08-31 15:00:00,1.11841491596429,1.16617829672244,0,3.06
2024-08-31 16:00:00,1.38879124131848,1.39782656932051,0,4.01
2024-08-31 17:00:00,2.00417905717929,1.71316181509087,0,7.42
2024-08-31 18:00:00,2.57031952763613,2.17787392046299,0,13.07
2024-08-31 19:00:00,2.99673177388707,2.66072590832373,0,20.02
2024-08-31 20:00:00,3.27789916531766,3.09411944845681,0,26.52
2024-08-31 21:00:00,3.17638577324725,3.19363845057135,0,23.96
2024-08-31 22:00:00,2.98416563718253,2.93383772778803,0,19.77
2024-08-31 23:00:00,2.83026783382646,2.90196326697351,0,16.95
2024-09-01,2.56109578814555,2.83887189838902,0,12.95
2024-09-01 01:00:00,2.44321622273379,2.84527975147363,0,11.51
2024-09-01 02:00:00,2.38784493694487,2.69923616109561,0,10.89
2024-09-01 03:00:00,2.36273901581379,2.58342833065479,0,10.62
2024-09-01 04:00:00,2.05668455455722,2.49048321667063,0,7.82
2024-09-01 05:00:00,1.90805992492422,2.59233330237877,0,6.74
2024-09-01 06:00:00,2.05027016437956,2.62863565077962,0,7.77
2024-09-01 07:00:00,1.74919985480926,2.40977302300567,0,5.75
2024-09-01 08:00:00,1.33500106673234,1.7458067681623,0,3.8
2024-09-01 09:00:00,1.47247205736094,1.61235910342675,0,4.36
2024-09-01 10:00:00,1.61342993370364,1.33283941975777,0,5.02
2024-09-01 11:00:00,0.883767540168595,0.803245151853911,0,2.42
2024-09-01 12:00:00,0.392042087776024,0.810114487869121,0,1.48
2024-09-01 13:00:00,0.385262400790645,0.882807689321113,0,1.47
2024-09-01 14:00:00,-0.150822889734584,0.75474146459307,0,0.86
2024-09-01 15:00:00,0.524728528934982,1.06501340312711,0,1.69
2024-09-01 16:00:00,0.947789398933526,1.24688106053578,0,2.58
2024-09-01 17:00:00,1.69561560867515,1.48018318647785,0,5.45
2024-09-01 18:00:00,2.60194867021966,1.96594185337755,0,13.49
2024-09-01 19:00:00,3.1998968582704,2.54222128460409,0,24.53
2024-09-01 20:00:00,3.31600253559892,2.95100978854715,0,27.55
2024-09-01 21:00:00,3.05447276857659,2.98150286593277,0,21.21
2024-09-01 22:00:00,2.93225985059842,2.86177673193644,0,18.77
2024-09-01 23:00:00,2.89646427189532,2.8175723429679,0,18.11
2024-09-02,2.99872778253379,2.79024720760955,0,20.06
2024-09-02 01:00:00,2.9263821954192,2.74282571393379,0,18.66
2024-09-02 02:00:00,2.71667952780026,2.59871380429538,0,15.13
2024-09-02 03:00:00,2.56417983068251,2.55513413948018,0,12.99
2024-09-02 04:00:00,2.39333945626251,2.50380263312345,0,10.95
2024-09-02 05:00:00,2.56263899832835,2.72994684727886,0,12.97
2024-09-02 06:00:00,2.47401420862158,2.75708467805422,0,11.87
2024-09-02 07:00:00,2.40874528882244,2.45290513446232,0,11.12
2024-09-02 08:00:00,1.59330853050422,1.81186117933841,0,4.92
2024-09-02 09:00:00,2.20276475771183,1.61660036594957,0,9.05
2024-09-02 10:00:00,1.68268837417369,1.29378728899757,0,5.38
2024-09-02 11:00:00,0.86288995514704,0.834582013994419,0,2.37
2024-09-02 12:00:00,0.482426149244293,0.794683351776732,0,1.62
2024-09-02 13:00:00,0.615185639090233,0.846537419834017,0,1.85
2024-09-02 14:00:00,0.970778917158225,0.905051412757342,0,2.64
2024-09-02 15:00:00,1.46787434811231,1.29169590206238,0,4.34
2024-09-02 16:00:00,1.58514521986506,1.36022500993256,0,4.88
2024-09-02 17:00:00,1.4036429994545,1.61542076756702,0,4.07
2024-09-02 18:00:00,1.94017947434633,1.92583735323429,0,6.96
2024-09-02 19:00:00,3.6307205399404,2.73771600179379,0,37.74
2024-09-02 20:00:00,3.72545243434478,3.14083598706106,0,41.49
2024-09-02 21:00:00,3.72521138336133,3.15146530284059,0,41.48
2024-09-02 22:00:00,3.32251485962769,3.07565213793715,0,27.73
2024-09-02 23:00:00,3.0568273729138,2.9009661788714,0,21.26
2024-09-03,2.9041650800285,2.77075806782579,0,18.25
2024-09-03 01:00:00,2.74727091425549,2.69962637277158,0,15.6
2024-09-03 02:00:00,2.68102152871429,2.57517443066985,0,14.6
2024-09-03 03:00:00,2.54474665014402,2.4410364330791,0,12.74
2024-09-03 04:00:00,2.40604380136228,2.46474874366965,0,11.09
2024-09-03 05:00:00,2.61300665241532,2.61805859115229,0,13.64
2024-09-03 06:00:00,2.71997877196748,2.70187254120052,0,15.18
2024-09-03 07:00:00,2.61373952163097,2.52117593690201,0,13.65
2024-09-03 08:00:00,2.65112705370259,1.75879518730516,0,14.17
2024-09-03 09:00:00,2.92369907065416,1.64480599220798,0,18.61
2024-09-03 10:00:00,1.7732559976635,1.24007452192377,0,5.89
2024-09-03 11:00:00,0.371563556432483,0.738901795752331,0,1.45
2024-09-03 12:00:00,-0.22314355131421,0.646081375712478,0,0.8
2024-09-03 13:00:00,-0.478035800943,0.75030010973712,0,0.62
2024-09-03 14:00:00,-1.17118298150295,0.758140813806084,0,0.31
2024-09-03 15:00:00,-0.139262067333508,0.938301305427914,0,0.87
2024-09-03 16:00:00,1.54543258245819,1.36052609840873,0,4.69
2024-09-03 17:00:00,3.77253102660955,1.82280639201713,0,43.49
2024-09-03 18:00:00,4.17361774311661,2.27844564988343,0,64.95
2024-09-03 19:00:00,3.54356462294908,2.63949869200681,0,34.59
2024-09-03 20:00:00,1.46093790411566,2.64851358077248,0,4.31
2024-09-03 21:00:00,3.16336311493794,2.86187382060626,0,23.65
2024-09-03 22:00:00,3.44329855768079,2.95091945464898,0,31.29
2024-09-03 23:00:00,3.61550198430916,2.88079901107876,0,37.17
2024-09-04,3.13505933877509,2.66673337626492,0,22.99
2024-09-04 01:00:00,2.84665205053984,2.62177302838723,0,17.23
2024-09-04 02:00:00,2.76506045581899,2.53542795681155,0,15.88
2024-09-04 03:00:00,2.87807423008576,2.47628288583254,0,17.78
2024-09-04 04:00:00,2.76945882923085,2.4127317822242,0,15.95
2024-09-04 05:00:00,2.56263899832835,2.6053067814449,0,12.97
2024-09-04 06:00:00,2.97552956623647,2.66254971713679,0,19.6
2024-09-04 07:00:00,2.89977188240808,2.40948143076526,0,18.17
2024-09-04 08:00:00,2.88088243187505,1.59404295205151,0,17.83
2024-09-04 09:00:00,2.71137799119488,1.35031818375694,0,15.05
2024-09-04 10:00:00,1.78002421300963,0.948069176654176,0,5.93
2024-09-04 11:00:00,-0.385662480811985,0.444390242855059,0,0.68
2024-09-04 12:00:00,-3.2188758248682,0.305282576877531,0,0.04
2024-09-04 13:00:00,-1.6094379124341,0.379621986877662,0,0.2
2024-09-04 14:00:00,-1.13943428318836,0.509489873702533,0,0.32
2024-09-04 15:00:00,-0.083381608939051,0.774465294013004,0,0.92
2024-09-04 16:00:00,0.444685821261446,0.954551797738269,0,1.56
2024-09-04 17:00:00,0.72270598280149,1.09765963577693,0,2.06
2024-09-04 18:00:00,1.34807314829969,1.55088427339793,0,3.85
2024-09-04 19:00:00,2.57031952763613,2.37357786784069,0,13.07
2024-09-04 20:00:00,2.99922616280825,2.87555369823725,0,20.07
2024-09-04 21:00:00,2.13298230860787,2.38996540252612,0,8.44
2024-09-04 22:00:00,1.94161522477243,2.03179045168677,0,6.97
2024-09-04 23:00:00,2.04510886259933,1.9402180458989,0,7.73
2024-09-05,1.96571277635149,1.80905632107873,0,7.14
2024-09-05 01:00:00,1.86872051036418,1.80248875636351,0,6.48
2024-09-05 02:00:00,2.02946317187359,1.87878953683392,0,7.61
2024-09-05 03:00:00,2.83673654206353,1.86283207066093,0,17.06
2024-09-05 04:00:00,2.87299950817169,1.85671795232615,0,17.69
2024-09-05 05:00:00,2.68239045432163,1.78688374762267,0,14.62
2024-09-05 06:00:00,2.74983173511717,1.85286109147458,0,15.64
2024-09-05 07:00:00,3.01209762764026,1.88868830077035,0,20.33
2024-09-05 08:00:00,1.3297240096315,1.18652392320824,0,3.78
2024-09-05 09:00:00,1.07500242302898,1.01872835131312,0,2.93
2024-09-05 10:00:00,0.904218150639886,0.685268530877275,0,2.47
2024-09-05 11:00:00,-0.0618754037180875,0.268198003935444,0,0.94
2024-09-05 12:00:00,0.0676586484738149,0.199541181226961,0,1.07
2024-09-05 13:00:00,0.343589704390077,0.339416973722907,0,1.41
2024-09-05 14:00:00,0.3293037471426,0.4122107745558,0,1.39
2024-09-05 15:00:00,0.518793793415168,0.739543293126538,0,1.68
2024-09-05 16:00:00,1.04380405217311,1.02258191153447,0,2.84
2024-09-05 17:00:00,0.85015092936961,1.06446784236895,0,2.34
2024-09-05 18:00:00,1.34286480319255,1.50168370177851,0,3.83
2024-09-05 19:00:00,2.20937271127187,2.03815802286374,0,9.11
2024-09-05 20:00:00,1.82937633279936,2.2891511544944,0,6.23
2024-09-05 21:00:00,1.39871688111845,2.19989329754366,0,4.05
2024-09-05 22:00:00,1.32175583998232,2.01128527242612,0,3.75
2024-09-05 23:00:00,1.52169899812609,1.92628558200476,0,4.58
2024-09-06,1.96990565461153,1.8799887667286,0,7.17
2024-09-06 01:00:00,2.26176309847379,1.82800371617414,0,9.6
2024-09-06 02:00:00,2.15871472257434,1.60406436264543,0,8.66
2024-09-06 03:00:00,2.21156569460688,1.45996144616452,0,9.13
2024-09-06 04:00:00,2.22893855282575,1.59616860627667,0,9.29
2024-09-06 05:00:00,3.0243197304059,2.02505187286871,0,20.58
2024-09-06 06:00:00,3.57318797961774,2.21348348114027,0,35.63
2024-09-06 07:00:00,3.99452422693989,2.06655436462501,0,54.3
2024-09-06 08:00:00,1.78674692740451,1.27947815853731,0,5.97
2024-09-06 09:00:00,1.16002091679675,1.09378062830441,0,3.19
2024-09-06 10:00:00,0.951657875711446,0.822978570025241,0,2.59
2024-09-06 11:00:00,0.262364264467491,0.30119556951641,0,1.3
2024-09-06 12:00:00,-0.22314355131421,0.241555357746617,0,0.8
2024-09-06 13:00:00,0.262364264467491,0.455710431565532,0,1.3
2024-09-06 14:00:00,-0.2484613592985,0.514974585280199,0,0.78
2024-09-06 15:00:00,0.336472236621213,0.77443893882256,0,1.4
2024-09-06 16:00:00,0.8754687373539,1.05901368836638,0,2.4
2024-09-06 17:00:00,1.43983512804792,1.29882539147854,0,4.22
2024-09-06 18:00:00,1.82937633279936,1.68905687936308,0,6.23
2024-09-06 19:00:00,3.04118353645791,2.46969729829164,0,20.93
2024-09-06 20:00:00,4.38389987905556,2.84817862544361,0,80.15
2024-09-06 21:00:00,4.11267551890682,2.94933575344186,0,61.11
2024-09-06 22:00:00,3.17178421733435,2.87187261243058,0,23.85
2024-09-06 23:00:00,2.45616418092235,2.40535423470198,0,11.66
2024-09-07,2.75747508442973,2.54248943075564,0,15.76
2024-09-07 01:00:00,3.29583686600433,2.47706267543156,0,27
2024-09-07 02:00:00,3.3178157727231,2.41986198406938,0,27.6
2024-09-07 03:00:00,3.44585202220259,2.38425898305726,0,31.37
2024-09-07 04:00:00,3.23238417489299,2.36986344519038,0,25.34
2024-09-07 05:00:00,3.1904763503465,2.44673246884164,0,24.3
2024-09-07 06:00:00,3.0174937653355,2.51930712824569,0,20.44
2024-09-07 07:00:00,2.68512269645851,2.35618575121388,0,14.66
2024-09-07 08:00:00,1.82616089594539,1.50668002887047,0,6.21
2024-09-07 09:00:00,1.56444054650336,1.2625440592419,0,4.78
2024-09-07 10:00:00,0.932164081030445,0.8986547091669,0,2.54
2024-09-07 11:00:00,0.182321556793955,0.431683692337212,0,1.2
2024-09-07 12:00:00,-0.0304592074847086,0.423782097117115,0,0.97
2024-09-07 13:00:00,0.322083499169113,0.416358647719528,0,1.38
2024-09-07 14:00:00,0.476234178996372,0.576777470599512,0,1.61
2024-09-07 15:00:00,0.73716406597672,0.810027738325572,0,2.09
2024-09-07 16:00:00,0.73716406597672,1.06925095562191,0,2.09
2024-09-07 17:00:00,1.07500242302898,1.31757726174481,0,2.93
2024-09-07 18:00:00,1.44691898293633,1.72054016450889,0,4.25
2024-09-07 19:00:00,3.08099211750481,2.42972939901417,0,21.78
2024-09-07 20:00:00,4.34393528355116,2.92410485928883,0,77.01
2024-09-07 21:00:00,3.07915388169306,3.04370450877799,0,21.74
2024-09-07 22:00:00,2.42480272571829,2.92250647222308,0,11.3
2024-09-07 23:00:00,2.31451366385932,2.56622657403197,0,10.12
2024-09-08,2.33020026002702,2.34527759534432,0,10.28
2024-09-08 01:00:00,2.75238601492226,2.11049174830238,0,15.68
2024-09-08 02:00:00,2.94864066602014,2.10782226981593,0,19.08
2024-09-08 03:00:00,3.04879899449068,2.20573907828833,0,21.09
2024-09-08 04:00:00,2.92369907065416,2.24091147989328,0,18.61
2024-09-08 05:00:00,3.1393996233664,2.38614747224226,0,23.09
2024-09-08 06:00:00,2.92154737536461,2.48021794675027,0,18.57
2024-09-08 07:00:00,2.46725171454928,2.27093021923248,0,11.79
2024-09-08 08:00:00,1.45861502269952,1.35519636754866,0,4.3
2024-09-08 09:00:00,1.47247205736094,1.20686071564164,0,4.36
2024-09-08 10:00:00,1.05082162483176,1.05065510081075,0,2.86
2024-09-08 11:00:00,-0.0304592074847086,0.480103480855738,0,0.97
2024-09-08 12:00:00,-0.3147107448397,0.516382915338915,0,0.73
2024-09-08 13:00:00,-0.342490308946776,0.605431694361933,0,0.71
2024-09-08 14:00:00,-0.342490308946776,0.581359238691557,0,0.71
2024-09-08 15:00:00,0.482426149244293,0.881277081769429,0,1.62
2024-09-08 16:00:00,1.08856195281461,1.20787908275606,0,2.97
2024-09-08 17:00:00,2.089391872533,1.54909163660659,0,8.08
2024-09-08 18:00:00,3.48185528467961,2.1394174335904,0,32.52
2024-09-08 19:00:00,3.90278042406121,2.72768226365402,0,49.54
2024-09-08 20:00:00,3.24102862950933,2.98808028228369,0,25.56
2024-09-08 21:00:00,1.30019166206648,2.92799632011559,0,3.67
2024-09-08 22:00:00,1.32175583998232,2.32299244548969,0,3.75
2024-09-08 23:00:00,1.47247205736094,2.16038913876553,0,4.36
2024-09-09,1.97823903617067,2.09857440397619,0,7.23
2024-09-09 01:00:00,3.1302631665116,2.09627818453652,0,22.88
2024-09-09 02:00:00,4.08882938153399,2.21345285642997,0,59.67
2024-09-09 03:00:00,3.8478044331015,2.21324213853781,0,46.89
2024-09-09 04:00:00,3.92671455417114,2.32495735851092,0,50.74
2024-09-09 05:00:00,3.75302727393769,2.57752996071186,0,42.65
2024-09-09 06:00:00,3.16547504814109,2.76464250491558,0,23.7
2024-09-09 07:00:00,2.7434173449395,2.83140828434971,0,15.54
2024-09-09 08:00:00,1.91692261218206,2.34528551064278,0,6.8
2024-09-09 09:00:00,1.9823798288367,2.56958714826774,0,7.26
2024-09-09 10:00:00,2.42391737816157,2.7772706212822,0,11.29
2024-09-09 11:00:00,2.35612585992208,2.02093010905383,0,10.55
2024-09-09 12:00:00,1.80500469597808,1.51759949638867,0,6.08
2024-09-09 13:00:00,0.959350221334602,1.43008622927328,0,2.61
2024-09-09 14:00:00,0.819779831493311,1.40089190407609,0,2.27
2024-09-09 15:00:00,0.693147180559945,1.62900700481799,0,2
2024-09-09 16:00:00,0.966983846189673,1.87612461110953,0,2.63
2024-09-09 17:00:00,1.99470031322475,2.11987267220763,0,7.35
2024-09-09 18:00:00,2.3494686788929,2.41701668109804,0,10.48
2024-09-09 19:00:00,2.87638551592142,2.87536153898984,0,17.75
2024-09-09 20:00:00,3.22127294946792,3.27608953886434,0,25.06
2024-09-09 21:00:00,3.05917644611053,3.27793135831538,0,21.31
2024-09-09 22:00:00,2.56340971127594,3.16551450686812,0,12.98
2024-09-09 23:00:00,2.47401420862158,2.99218127824608,0,11.87
2024-09-10,2.40061883326541,2.88462008907759,0,11.03
2024-09-10 01:00:00,2.28136145654242,2.72350559417513,0,9.79
2024-09-10 02:00:00,2.06812778177956,2.48532060121973,0,7.91
2024-09-10 03:00:00,2.10046890887191,2.38230672239667,0,8.17
2024-09-10 04:00:00,2.24812890719799,2.42830288004841,0,9.47
2024-09-10 05:00:00,2.20386912005489,2.60841276904516,0,9.06
2024-09-10 06:00:00,2.38600670113312,2.70215706006756,0,10.87
2024-09-10 07:00:00,2.58324255050886,2.65836327468307,0,13.24
2024-09-10 08:00:00,2.32825283974262,2.26085238743581,0,10.26
2024-09-10 09:00:00,1.94876321803772,2.09408965972148,0,7.02
2024-09-10 10:00:00,1.64865862558738,1.78209644219543,0,5.2
2024-09-10 11:00:00,1.03318448334565,0.971501923663528,0,2.81
2024-09-10 12:00:00,0.770108221696074,0.966038643723054,0,2.16
2024-09-10 13:00:00,0.741937344729377,1.10394649408035,0,2.1
2024-09-10 14:00:00,0.647103242058538,1.15632612520477,0,1.91
2024-09-10 15:00:00,0.8754687373539,1.50347264279949,0,2.4
2024-09-10 16:00:00,1.16938135955632,1.74915332383168,0,3.22
2024-09-10 17:00:00,1.9473377010465,2.02770295154031,0,7.01
2024-09-10 18:00:00,2.19165353228676,2.3444127936356,0,8.95
2024-09-10 19:00:00,2.84374591655611,2.85316890141118,0,17.18
2024-09-10 20:00:00,3.31926399889947,3.32098660367496,0,27.64
2024-09-10 21:00:00,3.48339161928814,3.42942225219847,0,32.57
2024-09-10 22:00:00,3.3282682016394,3.38335571790681,0,27.89
2024-09-10 23:00:00,3.13331793650655,3.14577889244131,0,22.95
2024-09-11,3.00270788729042,2.98021368986433,0,20.14
2024-09-11 01:00:00,3.20355912075631,2.96678687782975,0,24.62
2024-09-11 02:00:00,3.01700440882953,2.80581937534587,0,20.43
2024-09-11 03:00:00,2.48573963609189,2.67463095137803,0,12.01
2024-09-11 04:00:00,2.01089499914473,2.51671832177064,0,7.47
2024-09-11 05:00:00,2.12704052047911,2.5305524635846,0,8.39
2024-09-11 06:00:00,2.26176309847379,2.64917391579117,0,9.6
2024-09-11 07:00:00,2.16102152867226,2.615924461097,0,8.68
2024-09-11 08:00:00,1.7263316639056,2.00342605922664,0,5.62
2024-09-11 09:00:00,1.4036429994545,1.86786922468018,0,4.07
2024-09-11 10:00:00,1.35583515363518,1.59070283546168,0,3.88
2024-09-11 11:00:00,1.07158361628019,0.991328935136389,0,2.92
2024-09-11 12:00:00,1.16315080980568,0.95128197389082,0,3.2
2024-09-11 13:00:00,1.38128181929635,1.19754658565088,0,3.98
2024-09-11 14:00:00,1.77495235091167,1.44416964384764,0,5.9
2024-09-11 15:00:00,1.85629799036563,1.75780893702443,0,6.4
2024-09-11 16:00:00,2.25023861262184,2.0479634514561,0,9.49
2024-09-11 17:00:00,3.23119957455703,2.46537088653458,0,25.31
2024-09-11 18:00:00,3.57515068878559,3.01808909483731,0,35.7
2024-09-11 19:00:00,3.40419289064195,3.60018047831111,0,30.09
2024-09-11 20:00:00,3.05447276857659,3.73770121360738,0,21.21
2024-09-11 21:00:00,2.82908719614504,3.62568969438298,0,16.93
2024-09-11 22:00:00,2.54788144894939,3.44162016718015,0,12.78
2024-09-11 23:00:00,2.4706386779903,3.29726358759812,0,11.83
2024-09-12,2.2353763433006,3.12314361446614,0,9.35
2024-09-12 01:00:00,1.9154509415706,2.99224069772093,0,6.79
2024-09-12 02:00:00,1.91985947185537,2.85660284952239,0,6.82
2024-09-12 03:00:00,2.27006190128849,2.80458686965435,0,9.68
2024-09-12 04:00:00,2.30358459332713,2.82620728646107,0,10.01
2024-09-12 05:00:00,2.3664984187377,2.92333863764855,0,10.66
2024-09-12 06:00:00,2.39242579699384,3.14993493276138,0,10.94
2024-09-12 07:00:00,2.21266038546606,3.00522822607152,0,9.14
2024-09-12 08:00:00,2.21156569460688,2.60254626592505,0,9.13
2024-09-12 09:00:00,2.01089499914473,2.45551069369361,0,7.47
2024-09-12 10:00:00,1.53471436623816,1.74967974943585,0,4.64
2024-09-12 11:00:00,0.951657875711446,1.24914890503825,0,2.59
2024-09-12 12:00:00,0.797507195884188,1.24845996390091,0,2.22
2024-09-12 13:00:00,0.792992515529661,1.31871891127912,0,2.21
2024-09-12 14:00:00,1.30833281965018,1.54827259846696,0,3.7
2024-09-12 15:00:00,1.63315443905142,1.91772818558354,0,5.12
2024-09-12 16:00:00,1.8531680973567,2.13393771104438,0,6.38
2024-09-12 17:00:00,2.06305806242931,2.32477000650723,0,7.87
2024-09-12 18:00:00,3.28578653015083,2.83279870405826,0,26.73
2024-09-12 19:00:00,3.18511219471539,3.35445091017637,0,24.17
2024-09-12 20:00:00,2.95334655705755,3.55133990850424,0,19.17
2024-09-12 21:00:00,2.98112612116463,3.58390810746778,0,19.71
2024-09-12 22:00:00,3.264231526589,3.54193283761705,0,26.16
2024-09-12 23:00:00,3.1540172525197,3.37802386811921,0,23.43
2024-09-13,3.02819946369149,3.18427397816488,0,20.66
2024-09-13 01:00:00,2.80154054418955,3.03653224964432,0,16.47
2024-09-13 02:00:00,2.55100645149252,2.91770078107533,0,12.82
2024-09-13 03:00:00,2.41054223449914,2.75274476046433,0,11.14
2024-09-13 04:00:00,2.03208784529637,2.7314003278876,0,7.63
2024-09-13 05:00:00,1.69009581545155,2.81714133514403,0,5.42
2024-09-13 06:00:00,2.34468626901268,2.87590071653329,0,10.43
2024-09-13 07:00:00,2.73890266458497,2.80265004513357,0,15.47
2024-09-13 08:00:00,2.54866361559075,2.3895460377052,0,12.79
2024-09-13 09:00:00,2.11142458753289,2.2289416806762,0,8.26
2024-09-13 10:00:00,1.99470031322475,1.99202876747654,0,7.35
2024-09-13 11:00:00,1.96571277635149,1.55084522769952,0,7.14
2024-09-13 12:00:00,2.66374994220563,1.75437378580766,0,14.35
2024-09-13 13:00:00,2.7408400239252,1.83054781287644,0,15.5
2024-09-13 14:00:00,2.17475172148416,1.77332267138531,0,8.8
2024-09-13 15:00:00,2.39880395073459,2.18311470479575,0,11.01
2024-09-13 16:00:00,2.86391369893314,2.51462249905841,0,17.53
2024-09-13 17:00:00,2.78624504868727,2.70203175472286,0,16.22
2024-09-13 18:00:00,2.74470351875025,2.96157377924781,0,15.56
2024-09-13 19:00:00,2.63332665490627,3.275805657552,0,13.92
2024-09-13 20:00:00,2.53686638871871,3.45700114779971,0,12.64
2024-09-13 21:00:00,2.57413778351594,3.49932874691863,0,13.12
2024-09-13 22:00:00,2.35422832614588,3.10774295621219,0,10.53
2024-09-13 23:00:00,2.14241634084122,2.84334052380361,0,8.52
2024-09-14,2.13298230860787,2.97993885432378,0,8.44
2024-09-14 01:00:00,2.46979301197795,2.99703283586731,0,11.82
2024-09-14 02:00:00,2.28033948404673,2.52467856025778,0,9.78
2024-09-14 03:00:00,2.20165917440409,2.58632700040861,0,9.04
2024-09-14 04:00:00,2.7047112998367,2.38049557503343,0,14.95
2024-09-14 05:00:00,2.24707238306379,2.23749439316242,0,9.46
2024-09-14 06:00:00,1.78507048107726,2.18999534803686,0,5.96
2024-09-14 07:00:00,1.71379792775834,2.24145599689626,0,5.55
2024-09-14 08:00:00,1.80828877117927,1.83723155792064,0,6.1
2024-09-14 09:00:00,2.33795223683134,1.88354981352773,0,10.36
2024-09-14 10:00:00,2.66792241001143,1.71042413425677,0,14.41
2024-09-14 11:00:00,2.42480272571829,1.35511606160872,0,11.3
2024-09-14 12:00:00,2.03208784529637,1.36646670268115,0,7.63
2024-09-14 13:00:00,2.24495598015741,1.38997722638449,0,9.44
2024-09-14 14:00:00,1.85473426838944,1.43942519812063,0,6.39
2024-09-14 15:00:00,1.6467336971778,1.77910389426014,0,5.19
2024-09-14 16:00:00,1.80828877117927,1.8786623756284,0,6.1
2024-09-14 17:00:00,1.89461685466776,1.97534060798301,0,6.65
2024-09-14 18:00:00,2.10291389786498,2.28703575341643,0,8.19
2024-09-14 19:00:00,2.74019465442878,2.76135589995748,0,15.49
2024-09-14 20:00:00,2.92100872735805,2.90519861212176,0,18.56
2024-09-14 21:00:00,2.80819714970715,2.82539433929944,0,16.58
2024-09-14 22:00:00,2.68580459215489,2.6635012747923,0,14.67
2024-09-14 23:00:00,2.90799335924598,2.56422498883125,0,18.32
2024-09-15,3.07639017657145,2.43277343965892,0,21.68
2024-09-15 01:00:00,3.04213864636815,2.37335451176466,0,20.95
2024-09-15 02:00:00,2.87525812008612,2.30307858963364,0,17.73
2024-09-15 03:00:00,2.81959157583512,2.16566650363665,0,16.77
2024-09-15 04:00:00,2.76883167336207,2.06444215300569,0,15.94
2024-09-15 05:00:00,2.34660197841082,2.09551761869019,0,10.45
2024-09-15 06:00:00,2.29857707159651,2.10613275423161,0,9.96
2024-09-15 07:00:00,2.09679018001445,2.16667360022826,0,8.14
2024-09-15 08:00:00,2.15755932094379,1.61792947653097,0,8.65
2024-09-15 09:00:00,2.6658383522929,1.67124946777563,0,14.38
2024-09-15 10:00:00,2.59076704048748,1.50938767025134,0,13.34
2024-09-15 11:00:00,2.2082744135228,1.1608708718181,0,9.1
2024-09-15 12:00:00,2.43449016387398,1.50473856379968,0,11.41
2024-09-15 13:00:00,3.33967652501391,2.10373433710745,0,28.21
2024-09-15 14:00:00,3.28391422104742,2.2894795202191,0,26.68
2024-09-15 15:00:00,3.302481408723,2.55511930840885,0,27.18
2024-09-15 16:00:00,3.06991167172824,2.64600009493873,0,21.54
2024-09-15 17:00:00,3.2204745462319,2.73468279159151,0,25.04
2024-09-15 18:00:00,2.45702144629846,2.77488231151343,0,11.67
2024-09-15 19:00:00,2.05412373369555,3.09728571248487,0,7.8
2024-09-15 20:00:00,2.31944221006047,3.16038348035992,0,10.17
2024-09-15 21:00:00,1.7281094421516,3.04342202392358,0,5.63
2024-09-15 22:00:00,1.87333945622048,3.1174890737718,0,6.51
2024-09-15 23:00:00,2.20937271127187,3.19187578653625,0,9.11
2024-09-16,2.32825283974262,2.97788258897036,0,10.26
2024-09-16 01:00:00,2.93969088267037,2.76053829325151,0,18.91
2024-09-16 02:00:00,2.97858611471902,2.62602951029553,0,19.66
2024-09-16 03:00:00,3.2260500286162,2.6840046514336,0,25.18
2024-09-16 04:00:00,3.02965049175745,2.58218619076069,0,20.69
2024-09-16 05:00:00,3.43881424523346,2.84797681040879,0,31.15
2024-09-16 06:00:00,3.05163990549229,2.86770317157113,0,21.15
2024-09-16 07:00:00,3.15912582046243,3.37015549730867,0,23.55
2024-09-16 08:00:00,3.26155209914864,2.94211373898148,0,26.09
2024-09-16 09:00:00,3.1271990362963,2.54887609300578,0,22.81
2024-09-16 10:00:00,2.88870370079547,2.15922011778176,0,17.97
2024-09-16 11:00:00,1.74919985480926,1.34987989224174,0,5.75
2024-09-16 12:00:00,1.25276296849537,1.17890606658873,0,3.5
2024-09-16 13:00:00,1.01160091167848,1.13326978842182,0,2.75
2024-09-16 14:00:00,1.49290409617815,1.38301901904303,0,4.45
2024-09-16 15:00:00,2.15524450509534,1.66858149013276,0,8.63
2024-09-16 16:00:00,1.77833644889591,1.85619796625497,0,5.92
2024-09-16 17:00:00,2.32238772029023,2.07236351343016,0,10.2
2024-09-16 18:00:00,2.91235066461494,2.49309118220876,0,18.4
2024-09-16 19:00:00,2.72981169288372,2.90490761471357,0,15.33
2024-09-16 20:00:00,2.58399755243223,3.14369992845455,0,13.25
2024-09-16 21:00:00,3.12412548832239,3.60414386302753,0,22.74
2024-09-16 22:00:00,3.29768700529249,3.73168308462009,0,27.05
2024-09-16 23:00:00,2.96578839718092,3.29564192028821,0,19.41
2024-09-17,2.65042108826557,3.01452111865167,0,14.16
2024-09-17 01:00:00,2.22462355152433,2.67334221255776,0,9.25
2024-09-17 02:00:00,1.63899671467564,2.46328699431607,0,5.15
2024-09-17 03:00:00,1.6467336971778,2.25576848307067,0,5.19
2024-09-17 04:00:00,1.60743590976343,2.3184707104835,0,4.99
2024-09-17 05:00:00,1.48613969608961,2.35753073282701,0,4.42
2024-09-17 06:00:00,1.62531126159039,2.47564624688087,0,5.08
2024-09-17 07:00:00,1.87180217690159,2.47961322520058,0,6.5
2024-09-17 08:00:00,1.47247205736094,1.93971305639402,0,4.36
2024-09-17 09:00:00,1.44456326924387,1.77006149265461,0,4.24
2024-09-17 10:00:00,1.22964055107451,1.33501475951807,0,3.42
2024-09-17 11:00:00,0.657520002916794,0.762203551608106,0,1.93
2024-09-17 12:00:00,0.783901543828409,0.735577623772306,0,2.19
2024-09-17 13:00:00,1.02961941718116,0.936622606940813,0,2.8
2024-09-17 14:00:00,1.24990173621434,1.08291945988796,0,3.49
2024-09-17 15:00:00,1.44220199305819,1.40596597581685,0,4.23
2024-09-17 16:00:00,1.51951320490611,1.6930424171223,0,4.57
2024-09-17 17:00:00,1.40609698841607,1.87326528949597,0,4.08
2024-09-17 18:00:00,2.01756613796175,2.21661954812114,0,7.52
2024-09-17 19:00:00,3.05352937228021,2.8181554622839,0,21.19
2024-09-17 20:00:00,3.79301421884594,3.36654445051071,0,44.39
2024-09-17 21:00:00,3.96613233107518,3.57295078215256,0,52.78
2024-09-17 22:00:00,3.60441029748749,3.50339141397018,0,36.76
2024-09-17 23:00:00,3.56133013316696,3.35578237713239,0,35.21
2024-09-18,3.28728185753226,3.18478374127991,0,26.77
2024-09-18 01:00:00,2.84258109405982,3.07120047006846,0,17.16
2024-09-18 02:00:00,2.62394369180521,2.93209367469179,0,13.79
2024-09-18 03:00:00,2.48407296903942,2.83876819963951,0,11.99
2024-09-18 04:00:00,2.63762773680566,2.79617652968049,0,13.98
2024-09-18 05:00:00,3.00419635196612,2.95394973191774,0,20.17
2024-09-18 06:00:00,3.14845336057165,2.96543510441299,0,23.3
2024-09-18 07:00:00,2.94811641961233,2.86247234626559,0,19.07
2024-09-18 08:00:00,3.210036876201,2.00594390947425,0,24.78
2024-09-18 09:00:00,2.57413778351594,1.68687859225596,0,13.12
2024-09-18 10:00:00,0.86288995514704,1.17447762233306,0,2.37
2024-09-18 11:00:00,0.131028262406404,0.625476048690212,0,1.14
2024-09-18 12:00:00,-0.301105092783922,0.532107781052692,0,0.74
2024-09-18 13:00:00,-0.287682072451781,0.620207125224574,0,0.75
2024-09-18 14:00:00,0.703097511413113,0.649157974401243,0,2.02
2024-09-18 15:00:00,1.85002837735203,1.17334311617707,0,6.36
2024-09-18 16:00:00,1.78170913337455,1.3972872285393,0,5.94
2024-09-18 17:00:00,2.5360749363624,1.55724231122379,0,12.63
2024-09-18 18:00:00,3.68762867221228,2.15634339447923,0,39.95
2024-09-18 19:00:00,3.65764675168284,2.75440699032719,0,38.77
2024-09-18 20:00:00,3.46229248102197,3.22257197845483,0,31.89
2024-09-18 21:00:00,3.16124671203156,3.33116594602021,0,23.6
2024-09-18 22:00:00,2.7033726115511,3.23126098764002,0,14.93
2024-09-18 23:00:00,2.87073578337931,3.21382447047181,0,17.65
2024-09-19,3.40319538432483,3.09673145693738,0,30.06
2024-09-19 01:00:00,3.20437113866532,2.99602025173378,0,24.64
2024-09-19 02:00:00,2.99423114742772,2.88954527674193,0,19.97
2024-09-19 03:00:00,2.94811641961233,2.78691745755833,0,19.07
2024-09-19 04:00:00,2.96733279903229,2.75312551886848,0,19.44
2024-09-19 05:00:00,3.41345527905766,2.89851991263866,0,30.37
2024-09-19 06:00:00,3.38844980883965,3.06639819161613,0,29.62
2024-09-19 07:00:00,3.1776370768516,2.98393166765392,0,23.99
2024-09-19 08:00:00,2.86733055874947,2.12024348367904,0,17.59
2024-09-19 09:00:00,1.27815220250019,1.69254065958914,0,3.59
2024-09-19 10:00:00,1.05082162483176,1.245582125422,0,2.86
2024-09-19 11:00:00,0.0582689081239758,0.635001636582091,0,1.06
2024-09-19 12:00:00,0.0198026272961797,0.582128475395691,0,1.02
2024-09-19 13:00:00,0.797507195884188,0.801773510569041,0,2.22
2024-09-19 14:00:00,1.20597080698861,0.882751274478528,0,3.34
2024-09-19 15:00:00,1.63705307946707,1.29597808656872,0,5.14
2024-09-19 16:00:00,2.22028985026722,1.55422089448725,0,9.21
2024-09-19 17:00:00,2.77008559202166,1.9480368320398,0,15.96
2024-09-19 18:00:00,3.2296179214001,2.22420923223571,0,25.27
2024-09-19 19:00:00,3.51690418937413,2.98860980866418,0,33.68
2024-09-19 20:00:00,2.507971922719,3.1106794652727,0,12.28
2024-09-19 21:00:00,2.64262239577975,3.15260019400587,0,14.05
2024-09-19 22:00:00,2.88032142204266,3.1203911036895,0,17.82
2024-09-19 23:00:00,3.38574527710323,3.13314659699581,0,29.54
2024-09-20,3.43269604872153,3.14407308623797,0,30.96
2024-09-20 01:00:00,3.28241384567219,3.02104863877458,0,26.64
2024-09-20 02:00:00,3.01700440882953,2.92684307732276,0,20.43
2024-09-20 03:00:00,2.85589532836619,2.7906857324692,0,17.39
2024-09-20 04:00:00,2.77133794033813,2.75290512662549,0,15.98
2024-09-20 05:00:00,2.86846692250811,2.8822201238176,0,17.61
2024-09-20 06:00:00,3.31998732623661,3.05431968631323,0,27.66
2024-09-20 07:00:00,3.24804620216798,2.97955426246092,0,25.74
2024-09-20 08:00:00,2.66792241001143,2.07857865954382,0,14.41
2024-09-20 09:00:00,2.31352503303238,1.88707332361003,0,10.11
2024-09-20 10:00:00,1.35840915763035,1.43409219230597,0,3.89
2024-09-20 11:00:00,0.215111379616945,0.950299679392029,0,1.24
2024-09-20 12:00:00,0.122217632724249,0.939819159856139,0,1.13
2024-09-20 13:00:00,0.412109650826833,0.966577750625622,0,1.51
2024-09-20 14:00:00,0.779324876800998,1.008968933633,0,2.18
2024-09-20 15:00:00,1.708377860289,1.32578541792813,0,5.52
2024-09-20 16:00:00,2.05027016437956,1.61907987159707,0,7.77
2024-09-20 17:00:00,1.80664808172181,1.84949320412391,0,6.09
2024-09-20 18:00:00,2.43361335540045,2.25759267276402,0,11.4
2024-09-20 19:00:00,3.302481408723,3.17524600607198,0,27.18
2024-09-20 20:00:00,3.25809653802148,3.51701539956311,0,26
2024-09-20 21:00:00,3.15827620273927,3.59244632648329,0,23.53
2024-09-20 22:00:00,2.56417983068251,3.19186695561522,0,12.99
2024-09-20 23:00:00,2.43536620422786,3.05967789482282,0,11.42
2024-09-21,3.05116698044209,2.9749530798041,0,21.14
2024-09-21 01:00:00,3.1998968582704,2.89890261228354,0,24.53
2024-09-21 02:00:00,3.18469837306661,2.79131976072432,0,24.16
2024-09-21 03:00:00,3.06851794327964,2.77738317516532,0,21.51
2024-09-21 04:00:00,3.08967788639652,2.76416019872583,0,21.97
2024-09-21 05:00:00,3.11750733047991,2.83205285724511,0,22.59
2024-09-21 06:00:00,3.1280754605417,2.9086983226691,0,22.83
2024-09-21 07:00:00,3.02916704964023,2.82517707142413,0,20.68
2024-09-21 08:00:00,2.63404478779171,1.93797557985427,0,13.93
2024-09-21 09:00:00,2.30757263450508,1.7382186418237,0,10.05
2024-09-21 10:00:00,1.39376637595859,1.44255083126606,0,4.03
2024-09-21 11:00:00,-0.3147107448397,0.85735075534251,0,0.73
2024-09-21 12:00:00,-0.400477566597125,0.641422683758996,0,0.67
2024-09-21 13:00:00,0.438254930931155,0.777606326312876,0,1.55
2024-09-21 14:00:00,0.542324290825362,0.717400956534527,0,1.72
2024-09-21 15:00:00,1.34547236659964,1.05093596541348,0,3.84
2024-09-21 16:00:00,2.13653050866396,1.40309464824831,0,8.47
2024-09-21 17:00:00,1.81482474215905,1.66539108135653,0,6.14
2024-09-21 18:00:00,3.17971910966701,2.33706439108179,0,24.04
2024-09-21 19:00:00,4.29128102136714,3.20410141257061,0,73.06
2024-09-21 20:00:00,4.27944004589878,3.54508230905583,0,72.2
2024-09-21 21:00:00,4.08513562313679,3.55734028203447,0,59.45
2024-09-21 22:00:00,3.97949472054316,3.4475147153977,0,53.49
2024-09-21 23:00:00,3.74431416100204,3.33109683053356,0,42.28
2024-09-22,3.41345527905766,3.17684236477845,0,30.37
2024-09-22 01:00:00,3.28241384567219,3.0536815627285,0,26.64
2024-09-22 02:00:00,3.0478502278161,2.89613331078418,0,21.07
2024-09-22 03:00:00,2.8160073426073,2.74246937352692,0,16.71
2024-09-22 04:00:00,2.71403227277976,2.71131483880313,0,15.09
2024-09-22 05:00:00,2.84665205053984,2.76537794358566,0,17.23
2024-09-22 06:00:00,2.70738331211451,2.84023154322854,0,14.99
2024-09-22 07:00:00,2.55334381134123,2.82146768182747,0,12.85
2024-09-22 08:00:00,2.53449014997683,1.89214041888027,0,12.61
2024-09-22 09:00:00,1.98513086220859,1.71775753410734,0,7.28
2024-09-22 10:00:00,1.44691898293633,1.374364694016,0,4.25
2024-09-22 11:00:00,0.0676586484738149,0.815794032667163,0,1.07
2024-09-22 12:00:00,0.29266961396282,0.867460468320057,0,1.34
2024-09-22 13:00:00,0.672944473242426,0.95612383921441,0,1.96
2024-09-22 14:00:00,0.887891257352457,1.04328831666847,0,2.43
2024-09-22 15:00:00,1.71199450075919,1.3896538462317,0,5.54
2024-09-22 16:00:00,2.52652832447882,1.63655934875549,0,12.51
2024-09-22 17:00:00,2.17247640764703,1.911278272516,0,8.78
2024-09-22 18:00:00,3.56501546689155,2.57705032326399,0,35.34
2024-09-22 19:00:00,3.92098274679962,3.26918987346489,0,50.45
2024-09-22 20:00:00,3.93241369507588,3.52752397839114,0,51.03
2024-09-22 21:00:00,3.68436929863605,3.5043067009277,0,39.82
2024-09-22 22:00:00,3.3881121421135,3.37000396573806,0,29.61
2024-09-22 23:00:00,3.16631857412952,3.26335683036584,0,23.72
2024-09-23,3.11617842662986,3.09888197509496,0,22.56
2024-09-23 01:00:00,2.77881927199042,3.04558654122829,0,16.1
2024-09-23 02:00:00,2.63476240533238,2.8987845264733,0,13.94
2024-09-23 03:00:00,2.5360749363624,2.7922175082389,0,12.63
2024-09-23 04:00:00,2.46555392127219,2.7471598700489,0,11.77
2024-09-23 05:00:00,2.75684036527164,2.93734663772224,0,15.75
2024-09-23 06:00:00,2.70805020110221,3.04193551598724,0,15
2024-09-23 07:00:00,2.797890905102,3.02926915437655,0,16.41
2024-09-23 08:00:00,2.77881927199042,2.26670141448222,0,16.1
2024-09-23 09:00:00,2.94233149682688,1.88762423869079,0,18.96
2024-09-23 10:00:00,2.79606107842492,1.59992669754214,0,16.38
2024-09-23 11:00:00,0.900161349944271,1.04574822153572,0,2.46
2024-09-23 12:00:00,0.756121979721334,1.03021228481097,0,2.13
2024-09-23 13:00:00,0.751416088683921,1.02024070826128,0,2.12
2024-09-23 14:00:00,0.625938430866495,1.06570875433399,0,1.87
2024-09-23 15:00:00,1.52605630349505,1.35614230204955,0,4.6
2024-09-23 16:00:00,1.81482474215905,1.59199601250856,0,6.14
2024-09-23 17:00:00,2.57337529777561,1.86761765240723,0,13.11
2024-09-23 18:00:00,3.45189049597767,2.38153878794699,0,31.56
2024-09-23 19:00:00,3.89508028469783,3.18362417726764,0,49.16
2024-09-23 20:00:00,4.0800765904244,3.4542984324449,0,59.15
2024-09-23 21:00:00,3.87701739622933,3.48198268093402,0,48.28
2024-09-23 22:00:00,3.62033291157883,3.38686802575347,0,37.35
2024-09-23 23:00:00,3.34779660493504,3.27861386699159,0,28.44
2024-09-24,3.07869379426834,3.07933495180297,0,21.73
2024-09-24 01:00:00,2.85186190313429,2.9656857195229,0,17.32
2024-09-24 02:00:00,2.72915916431245,2.88531773375401,0,15.32
2024-09-24 03:00:00,2.50389194969908,2.79809886458784,0,12.23
2024-09-24 04:00:00,2.71997877196748,2.74355809328994,0,15.18
2024-09-24 05:00:00,2.81660560765656,2.83766774436034,0,16.72
2024-09-24 06:00:00,2.89867056071086,2.95452576336244,0,18.15
2024-09-24 07:00:00,3.35968070145922,2.94366087680638,0,28.78
2024-09-24 08:00:00,3.49832409239288,2.47936831200355,0,33.06
2024-09-24 09:00:00,3.44998754583159,2.87748370549345,0,31.5
2024-09-24 10:00:00,2.85589532836619,2.72293740392195,0,17.39
2024-09-24 11:00:00,2.81959157583512,2.26032029413241,0,16.77
2024-09-24 12:00:00,2.54002594900908,1.88404292886288,0,12.68
2024-09-24 13:00:00,1.04027671165515,1.60044529980933,0,2.83
2024-09-24 14:00:00,0.858661619037519,1.61182244416443,0,2.36
2024-09-24 15:00:00,2.10046890887191,2.03606670142209,0,8.17
2024-09-24 16:00:00,2.12465388450138,2.07460725275871,0,8.37
2024-09-24 17:00:00,1.19088756477728,2.14803689818211,0,3.29
2024-09-24 18:00:00,1.45861502269952,2.62761904465314,0,4.3
2024-09-24 19:00:00,2.46894663020927,3.0789276318036,0,11.81
2024-09-24 20:00:00,2.87694873756402,3.39822287664826,0,17.76
2024-09-24 21:00:00,2.51769647261099,3.47277234816433,0,12.4
2024-09-24 22:00:00,2.67414864942653,3.38835562368546,0,14.5
2024-09-24 23:00:00,2.80214752448133,3.23473999595257,0,16.48
2024-09-25,2.55567572067621,3.07187420775952,0,12.88
2024-09-25 01:00:00,2.2364452904895,2.88545041701215,0,9.36
2024-09-25 02:00:00,1.88706964903238,2.6081649227923,0,6.6
2024-09-25 03:00:00,1.57691472072854,2.39105016017714,0,4.84
2024-09-25 04:00:00,1.47704872438835,2.25523524301309,0,4.38
2024-09-25 05:00:00,1.85785927093258,2.36893455456824,0,6.41
2024-09-25 06:00:00,2.23964529322017,2.4812758425111,0,9.39
2024-09-25 07:00:00,2.22354188565359,2.55929523744789,0,9.24
2024-09-25 08:00:00,1.98650354602057,2.06177134348293,0,7.29
2024-09-25 09:00:00,1.67709656090792,1.79082117628236,0,5.35
2024-09-25 10:00:00,1.45861502269952,1.63744249304391,0,4.3
2024-09-25 11:00:00,0.841567185678219,0.954716232958722,0,2.32
2024-09-25 12:00:00,1.05779029414785,1.07815180713661,0,2.88
2024-09-25 13:00:00,0.99694863489161,1.09558043275478,0,2.71
2024-09-25 14:00:00,1.37624402526639,1.32815247133298,0,3.96
2024-09-25 15:00:00,2.19277022698684,1.77334983844996,0,8.96
2024-09-25 16:00:00,1.53471436623816,1.89716611679134,0,4.64
2024-09-25 17:00:00,2.4466854369678,2.06994682285403,0,11.55
2024-09-25 18:00:00,2.70604819843154,2.47301609198157,0,14.97
2024-09-25 19:00:00,2.91831112658541,3.08481990737917,0,18.51
2024-09-25 20:00:00,2.64262239577975,3.31218854036456,0,14.05
2024-09-25 21:00:00,3.00864849882054,3.46025044944839,0,20.26
2024-09-25 22:00:00,3.23040906068187,3.42994005325566,0,25.29
2024-09-25 23:00:00,3.24610181112179,3.31851678139759,0,25.69
2024-09-26,2.97348666460667,3.14537240575443,0,19.56
2024-09-26 01:00:00,2.88256357544835,3.02391616559971,0,17.86
2024-09-26 02:00:00,2.68580459215489,2.83832405384998,0,14.67
2024-09-26 03:00:00,2.91343703082716,2.66015370624071,0,18.42
2024-09-26 04:00:00,2.97450863710236,2.6787515514863,0,19.58
2024-09-26 05:00:00,2.92046978905344,2.8643431377449,0,18.55
2024-09-26 06:00:00,3.10009228887823,2.90226631392182,0,22.2
2024-09-26 07:00:00,3.28053520525493,3.03409316938894,0,26.59
2024-09-26 08:00:00,3.2023398562281,2.70149352911953,0,24.59
2024-09-26 09:00:00,3.46323277258161,2.59268976791332,0,31.92
2024-09-26 10:00:00,3.22803376265297,2.41222333491755,0,25.23
2024-09-26 11:00:00,2.24070968927596,1.75974762080728,0,9.4
2024-09-26 12:00:00,1.63899671467564,1.490653074437,0,5.15
2024-09-26 13:00:00,1.45161382724053,1.72412466955466,0,4.27
2024-09-26 14:00:00,1.50629715351459,1.8995385985346,0,4.51
2024-09-26 15:00:00,1.6752256529721,2.18068972365193,0,5.34
2024-09-26 16:00:00,2.97092715463502,2.53914249943955,0,19.51
2024-09-26 17:00:00,2.97143958098495,2.76224792660463,0,19.52
2024-09-26 18:00:00,2.54002594900908,3.16491213019781,0,12.68
2024-09-26 19:00:00,2.39333945626251,3.55586945191325,0,10.95
2024-09-26 20:00:00,2.29455292129678,3.7972623797104,0,9.92
2024-09-26 21:00:00,2.40694510831829,3.81242019514993,0,11.1
2024-09-26 22:00:00,2.38508631450579,3.19654065527198,0,10.86
2024-09-26 23:00:00,1.83098018238134,2.84436044659232,0,6.24
2024-09-27,1.47247205736094,2.75796533574846,0,4.36
2024-09-27 01:00:00,1.43983512804792,2.55588499365882,0,4.22
2024-09-27 02:00:00,1.46093790411566,2.45892491350116,0,4.31
2024-09-27 03:00:00,1.43983512804792,2.31919870343385,0,4.22
2024-09-27 04:00:00,1.40118297361364,2.18812946275876,0,4.06
2024-09-27 05:00:00,1.34547236659964,2.32401776420704,0,3.84
2024-09-27 06:00:00,1.57691472072854,2.49407877751439,0,4.84
2024-09-27 07:00:00,1.6467336971778,2.57182139975739,0,5.19
2024-09-27 08:00:00,1.61541998411165,1.80440376951631,0,5.03
2024-09-27 09:00:00,1.38629436111989,1.59083212482983,0,4
2024-09-27 10:00:00,1.13462272619114,1.26225972708756,0,3.11
2024-09-27 11:00:00,0.371563556432483,0.777994562329512,0,1.45
2024-09-27 12:00:00,0.576613364303994,0.789932576298006,0,1.78
2024-09-27 13:00:00,1.1314021114911,1.02377080147288,0,3.1
2024-09-27 14:00:00,1.23256026117785,1.02480136101397,0,3.43
2024-09-27 15:00:00,1.54543258245819,1.50484993646871,0,4.69
2024-09-27 16:00:00,2.38508631450579,1.82873127008762,0,10.86
2024-09-27 17:00:00,2.55022611590864,2.08064616571937,0,12.81
2024-09-27 18:00:00,2.65605490598383,2.40301778420165,0,14.24
2024-09-27 19:00:00,3.12500460925813,2.9049428243046,0,22.76
2024-09-27 20:00:00,3.17638577324725,3.21905433037081,0,23.96
2024-09-27 21:00:00,2.37583555473364,3.09700970445672,0,10.76
2024-09-27 22:00:00,2.18041745901984,2.94106231092056,0,8.85
2024-09-27 23:00:00,2.26176309847379,2.71431439123988,0,9.6
2024-09-28,2.35801979988215,2.49084176810623,0,10.57
2024-09-28 01:00:00,2.41858876875035,2.49246046389515,0,11.23
2024-09-28 02:00:00,2.16102152867226,2.40832783979816,0,8.68
2024-09-28 03:00:00,2.10291389786498,2.22111208301033,0,8.19
2024-09-28 04:00:00,2.23857976301813,2.16554120476849,0,9.38
2024-09-28 05:00:00,2.20497226412705,2.22998373228706,0,9.07
2024-09-28 06:00:00,2.15176220325946,2.34390251469832,0,8.6
2024-09-28 07:00:00,2.19277022698684,2.36496540334779,0,8.96
2024-09-28 08:00:00,2.32434658477556,1.97774088783961,0,10.22
2024-09-28 09:00:00,2.27212588550934,2.0412750019565,0,9.7
2024-09-28 10:00:00,2.24812890719799,1.86560839509844,0,9.47
2024-09-28 11:00:00,1.96711235670592,1.43954315676027,0,7.15
2024-09-28 12:00:00,1.50851199384414,1.32123471146436,0,4.52
2024-09-28 13:00:00,1.10525683138678,1.31125556324344,0,3.02
2024-09-28 14:00:00,1.30562645805244,1.46490639253866,0,3.69
2024-09-28 15:00:00,1.48613969608961,1.5997660640622,0,4.42
2024-09-28 16:00:00,1.57897870494939,1.96769184453214,0,4.85
2024-09-28 17:00:00,1.57069708411767,2.22141678595302,0,4.81
2024-09-28 18:00:00,2.88200350822565,2.77741842563919,0,17.85
2024-09-28 19:00:00,3.12851338478781,3.18723113811944,0,22.84
2024-09-28 20:00:00,2.96062309644042,3.32026737657743,0,19.31
2024-09-28 21:00:00,2.81959157583512,3.33307116229696,0,16.77
2024-09-28 22:00:00,2.8320361808832,3.30787573318825,0,16.98
2024-09-28 23:00:00,3.12500460925813,3.07509577615663,0,22.76
2024-09-29,3.14069804380418,2.93680758868633,0,23.12
2024-09-29 01:00:00,3.28503802712187,3.1048123110745,0,26.71
2024-09-29 02:00:00,2.99272776453369,3.019597647866,0,19.94
2024-09-29 03:00:00,2.78993736057439,2.90613899202829,0,16.28
2024-09-29 04:00:00,2.66722820658195,2.85206057126118,0,14.4
2024-09-29 05:00:00,2.58926666511224,2.86931702267718,0,13.32
2024-09-29 06:00:00,2.60194867021966,2.94694875687204,0,13.49
2024-09-29 07:00:00,2.6217658325052,2.95316871010025,0,13.76
2024-09-29 08:00:00,3.11706455872152,2.43353626127579,0,22.58
2024-09-29 09:00:00,2.01356879752913,1.96139512866194,0,7.49
2024-09-29 10:00:00,1.09861228866811,1.61573796015596,0,3
2024-09-29 11:00:00,0.774727167552368,1.18535232127512,0,2.17
2024-09-29 12:00:00,1.19088756477728,1.11922579343794,0,3.29
2024-09-29 13:00:00,1.52605630349505,1.36923364418721,0,4.6
2024-09-29 14:00:00,1.3787660946991,1.4989414359533,0,3.97
2024-09-29 15:00:00,1.76814960358892,1.82070817252281,0,5.86
2024-09-29 16:00:00,2.41323161308111,2.1379463224212,0,11.17
2024-09-29 17:00:00,2.59301339111385,2.34312509470957,0,13.37
2024-09-29 18:00:00,3.20355912075631,2.83429494203247,0,24.62
2024-09-29 19:00:00,3.38031417074573,3.40786455515126,0,29.38
2024-09-29 20:00:00,3.46072336097618,3.72442739373791,0,31.84
2024-09-29 21:00:00,3.38608374385211,3.85802272106713,0,29.55
2024-09-29 22:00:00,3.34638914516716,3.76554955364676,0,28.4
2024-09-29 23:00:00,3.2511493854185,3.59396020922799,0,25.82
2024-09-30,3.10324048126928,3.39624456061498,0,22.27
2024-09-30 01:00:00,2.89922137317315,3.3074873046705,0,18.16
2024-09-30 02:00:00,2.79971738962803,3.18227247906189,0,16.44
2024-09-30 03:00:00,2.74983173511717,3.04084489441422,0,15.64
2024-09-30 04:00:00,2.6616571615325,2.9835992024858,0,14.32
2024-09-30 05:00:00,2.99272776453369,3.11578903994919,0,19.94
2024-09-30 06:00:00,2.99573227355399,3.27034369033622,0,20
2024-09-30 07:00:00,3.06712226964066,3.28350401390675,0,21.48
2024-09-30 08:00:00,3.25385679376345,2.57913663912912,0,25.89
2024-09-30 09:00:00,1.96990565461153,2.1629517869738,0,7.17
2024-09-30 10:00:00,1.18172719537862,1.71156242007269,0,3.26
2024-09-30 11:00:00,1.20297230399235,1.31383593932381,0,3.33
2024-09-30 12:00:00,1.31103187661934,1.22021145621438,0,3.71
2024-09-30 13:00:00,1.26129787094521,1.29150553204984,0,3.53
2024-09-30 14:00:00,1.07500242302898,1.27485354119938,0,2.93
2024-09-30 15:00:00,1.52822785700856,1.67299446711392,0,4.61
2024-09-30 16:00:00,1.69927861643389,1.95708791213661,0,5.47
2024-09-30 17:00:00,1.90061387414014,2.16655484825836,0,6.69
2024-09-30 18:00:00,2.76820412392196,2.67768240633314,0,15.93
2024-09-30 19:00:00,3.25269737334371,3.43456497801643,0,25.86
2024-09-30 20:00:00,3.14974008603334,3.6574121280306,0,23.33
2024-09-30 21:00:00,3.16124671203156,3.61161999815287,0,23.6
2024-09-30 22:00:00,3.20396521213245,3.43255085062273,0,24.63
2024-09-30 23:00:00,2.95803040636998,3.2178841660074,0,19.26
2024-10-01,2.89092715918786,2.51452963749118,1,18.01
2024-10-01 01:00:00,3.59154222122498,2.40433738542463,1,36.29
2024-10-01 02:00:00,2.99071973173045,2.4115800127408,1,19.9
2024-10-01 03:00:00,3.59511807429946,2.46414150455871,1,36.42
2024-10-01 04:00:00,3.71600812150219,2.51152394662602,1,41.1
2024-10-01 05:00:00,3.58795353552398,2.62570286877506,1,36.16
2024-10-01 06:00:00,3.04927304048202,2.68848922503997,1,21.1
2024-10-01 07:00:00,3.44265917146975,2.70450554225695,1,31.27
2024-10-01 08:00:00,3.03495298670727,2.60657696416517,1,20.8
2024-10-01 09:00:00,2.43624147780672,2.54534347737465,1,11.43
2024-10-01 10:00:00,2.12465388450138,2.38483458182131,1,8.37
2024-10-01 11:00:00,2.44408465526775,2.15810611170592,1,11.52
2024-10-01 12:00:00,2.97399778140798,2.1951007666687,1,19.57
2024-10-01 13:00:00,2.95125778345216,2.06480732038414,1,19.13
2024-10-01 14:00:00,2.54002594900908,2.06403977095381,1,12.68
2024-10-01 15:00:00,2.44060639089142,2.35771480311605,1,11.48
2024-10-01 16:00:00,2.46640317822344,2.37878877751369,1,11.78
2024-10-01 17:00:00,2.96062309644042,2.60163883560743,1,19.31
2024-10-01 18:00:00,3.09874002362822,2.76841564611449,1,22.17
2024-10-01 19:00:00,3.32323584019244,2.9390719188026,1,27.75
2024-10-01 20:00:00,3.10816770288378,2.94630871679976,1,22.38
2024-10-01 21:00:00,2.96217549002515,2.88058183097642,1,19.34
2024-10-01 22:00:00,2.59376105470008,2.77853631549466,1,13.38
2024-10-01 23:00:00,2.49650578563135,2.76898208654159,1,12.14
2024-10-02,2.24070968927596,2.53174764799751,1,9.4
2024-10-02 01:00:00,2.24495598015741,2.6583392095239,1,9.44
2024-10-02 02:00:00,2.71071331852169,2.55623871758207,1,15.04
2024-10-02 03:00:00,2.68170622576261,2.55262093453687,1,14.61
2024-10-02 04:00:00,2.76443053453832,2.49654756036095,1,15.87
2024-10-02 05:00:00,2.84490938381941,2.70411857792703,1,17.2
2024-10-02 06:00:00,3.00864849882054,2.92590169132671,1,20.26
2024-10-02 07:00:00,2.83732253680635,2.6973883618638,1,17.07
2024-10-02 08:00:00,2.76568998054862,2.79264671417997,1,15.89
2024-10-02 09:00:00,2.89922137317315,2.64880513343535,1,18.16
2024-10-02 10:00:00,2.72457950305342,2.44027800784058,1,15.25
2024-10-02 11:00:00,2.00148000021012,2.28681340122638,1,7.4
2024-10-02 12:00:00,1.43746264769429,2.0562933744384,1,4.21
2024-10-02 13:00:00,1.66392609771817,1.97172566461767,1,5.28
2024-10-02 14:00:00,1.33236601909433,1.95141716266411,1,3.79
2024-10-02 15:00:00,1.86872051036418,2.00760514820966,1,6.48
2024-10-02 16:00:00,2.58475198475772,2.41238429099191,1,13.26
2024-10-02 17:00:00,2.60343015197211,2.71733431365494,1,13.51
2024-10-02 18:00:00,3.12368563786445,2.84367395725513,1,22.73
2024-10-02 19:00:00,3.23632273847192,3.03135598830817,1,25.44
2024-10-02 20:00:00,3.43398720448515,3.01173242033057,1,31
2024-10-02 21:00:00,2.7638002162067,2.90181423486085,1,15.86
2024-10-02 22:00:00,2.70136121295141,2.77751390355624,1,14.9
2024-10-02 23:00:00,2.65183252110398,2.72342683759334,1,14.18
2024-10-03,2.31253542384721,2.60917851679002,1,10.1
2024-10-03 01:00:00,1.46093790411566,2.49237979966928,1,4.31
2024-10-03 02:00:00,1.59330853050422,2.23198445472088,1,4.92
2024-10-03 03:00:00,1.66392609771817,2.30165933615507,1,5.28
2024-10-03 04:00:00,1.880990602956,2.42676407002562,1,6.56
2024-10-03 05:00:00,2.31451366385932,2.2086847202851,1,10.12
2024-10-03 06:00:00,2.53369681395743,2.62705830381611,1,12.6
2024-10-03 07:00:00,2.83026783382646,2.64800194822974,1,16.95
2024-10-03 08:00:00,3.05069383162797,2.5699369629087,1,21.13
2024-10-03 09:00:00,1.95302761682418,2.38623759772228,1,7.05
2024-10-03 10:00:00,2.3494686788929,2.38526023871051,1,10.48
2024-10-03 11:00:00,2.30258509299405,2.14016913254583,1,10
2024-10-03 12:00:00,2.59450815970308,2.00222674192632,1,13.39
2024-10-03 13:00:00,1.95727390770563,2.1683470373713,1,7.08
2024-10-03 14:00:00,2.08691355651854,1.96883205284003,1,8.06
2024-10-03 15:00:00,1.74745921033147,2.15029064077622,1,5.74
2024-10-03 16:00:00,2.06178660644112,2.13755186969438,1,7.86
2024-10-03 17:00:00,2.31352503303238,2.41364762421996,1,10.11
2024-10-03 18:00:00,2.6203112867942,2.58751496752663,1,13.74
2024-10-03 19:00:00,2.5408142817263,2.87178154740385,1,12.69
2024-10-03 20:00:00,2.52892353520477,2.80890054739751,1,12.54
2024-10-03 21:00:00,3.12500460925813,2.86146395328115,1,22.76
2024-10-03 22:00:00,2.97399778140798,2.79468339518814,1,19.57
2024-10-03 23:00:00,2.74727091425549,2.77320331238347,1,15.6
2024-10-04,2.71800053195538,2.69900817783128,1,15.15
2024-10-04 01:00:00,2.73046379593911,2.56822789348403,1,15.34
2024-10-04 02:00:00,2.44060639089142,2.46841227986735,1,11.48
2024-10-04 03:00:00,2.28033948404673,2.45986669823784,1,9.78
2024-10-04 04:00:00,2.29958058397375,2.50239594468477,1,9.97
2024-10-04 05:00:00,2.96887481938411,2.61394517489022,1,19.47
2024-10-04 06:00:00,2.73760900334375,2.74767926530109,1,15.45
2024-10-04 07:00:00,2.91126311692754,2.65495910067806,1,18.38
2024-10-04 08:00:00,2.50552593699074,2.53698018201259,1,12.25
2024-10-04 09:00:00,2.25023861262184,2.36110682711713,1,9.49
2024-10-04 10:00:00,2.1540850846756,2.24595347672483,1,8.62
2024-10-04 11:00:00,2.2353763433006,2.12870851972808,1,9.35
2024-10-04 12:00:00,1.85473426838944,1.95036663009856,1,6.39
2024-10-04 13:00:00,1.44691898293633,1.93849724931813,1,4.25
2024-10-04 14:00:00,1.58923520511658,1.9552960655992,1,4.9
2024-10-04 15:00:00,1.87487437593856,2.23745623601903,1,6.52
2024-10-04 16:00:00,2.13416644136908,2.36778747219434,1,8.45
2024-10-04 17:00:00,2.09433015417359,2.5763681482243,1,8.12
2024-10-04 18:00:00,2.40874528882244,2.70122130039465,1,11.12
2024-10-04 19:00:00,2.67621547758219,2.72872074201122,1,14.53
2024-10-04 20:00:00,2.70938264633599,2.7527759344604,1,15.02
2024-10-04 21:00:00,2.49155119250667,2.68699031770203,1,12.08
2024-10-04 22:00:00,2.51608226725645,2.70505532253566,1,12.38
2024-10-04 23:00:00,2.33020026002702,2.54414420180212,1,10.28
2024-10-05,2.39333945626251,2.51415988097088,1,10.95
2024-10-05 01:00:00,2.55489902160804,2.60540497474433,1,12.87
2024-10-05 02:00:00,2.45100509811232,2.53835826922404,1,11.6
2024-10-05 03:00:00,2.33795223683134,2.48508833331581,1,10.36
2024-10-05 04:00:00,2.30158459266046,2.73725636346213,1,9.99
2024-10-05 05:00:00,2.47653840011748,2.57673322783207,1,11.9
2024-10-05 06:00:00,2.42303124606991,2.62249093705558,1,11.28
2024-10-05 07:00:00,2.34851402488245,2.54417933422333,1,10.47
2024-10-05 08:00:00,2.12226153886276,2.47390171684478,1,8.35
2024-10-05 09:00:00,2.07065303564676,2.45724008164335,1,7.93
2024-10-05 10:00:00,1.83736998048011,2.28736069286003,1,6.28
2024-10-05 11:00:00,1.48387468945875,2.00337969365216,1,4.41
2024-10-05 12:00:00,1.30291275218084,1.66141868603199,1,3.68
2024-10-05 13:00:00,1.34025042261848,1.69535975654901,1,3.82
2024-10-05 14:00:00,1.47017584510059,1.76947377776394,1,4.35
2024-10-05 15:00:00,2.03470564783844,1.99671345217547,1,7.65
2024-10-05 16:00:00,2.40061883326541,2.26988149143668,1,11.03
2024-10-05 17:00:00,2.36085400111802,2.58367412540727,1,10.6
2024-10-05 18:00:00,2.27931646605469,2.64176297539457,1,9.77
2024-10-05 19:00:00,2.17588743994809,2.65122631037611,1,8.81
2024-10-05 20:00:00,2.3664984187377,2.63872182020674,1,10.66
2024-10-05 21:00:00,2.59001713419062,2.75751997893072,1,13.33
2024-10-05 22:00:00,2.63834278867739,2.82707901441903,1,13.99
2024-10-05 23:00:00,2.47401420862158,2.78383032870028,1,11.87
2024-10-06,2.2181159363676,2.66200876446424,1,9.19
2024-10-06 01:00:00,2.06051353179432,2.56528245086885,1,7.85
2024-10-06 02:00:00,2.20386912005489,2.56074807102034,1,9.06
2024-10-06 03:00:00,2.14358936150359,2.65748553324557,1,8.53
2024-10-06 04:00:00,2.30856716467159,2.55299225566165,1,10.06
2024-10-06 05:00:00,2.35232718488886,2.56022151183134,1,10.51
2024-10-06 06:00:00,2.06939120582633,2.68675144145316,1,7.92
2024-10-06 07:00:00,2.13060982825424,2.68735895456869,1,8.42
2024-10-06 08:00:00,2.67552700939665,2.73604233362244,1,14.52
2024-10-06 09:00:00,2.84839168565528,2.6770934262956,1,17.26
2024-10-06 10:00:00,2.56032328907275,2.51944390092778,1,12.94
2024-10-06 11:00:00,1.9213246735827,2.20201093844917,1,6.83
2024-10-06 12:00:00,1.51072193949494,2.0751624686788,1,4.53
2024-10-06 13:00:00,1.43031124653666,2.00720685714322,1,4.18
2024-10-06 14:00:00,1.56444054650336,1.97230265146077,1,4.78
2024-10-06 15:00:00,1.83896107071235,2.1895244249597,1,6.29
2024-10-06 16:00:00,2.002830439308,2.38725705664415,1,7.41
2024-10-06 17:00:00,2.45958884180371,2.59857188310016,1,11.7
2024-10-06 18:00:00,2.9338568698359,2.84517982142563,1,18.8
2024-10-06 19:00:00,2.63260800593535,3.03740432902588,1,13.91
2024-10-06 20:00:00,2.78377591163035,2.90848674202334,1,16.18
2024-10-06 21:00:00,3.65221546974235,2.74828514224246,1,38.56
2024-10-06 22:00:00,3.78328012953542,2.61848765466843,1,43.96
2024-10-06 23:00:00,3.71161894108343,2.62844422393396,1,40.92
2024-10-07,3.72134664425144,2.64448386231858,1,41.32
2024-10-07 01:00:00,3.62726997248225,2.67479218188533,1,37.61
2024-10-07 02:00:00,3.38201456224538,2.61062362581319,1,29.43
2024-10-07 03:00:00,2.87694873756402,2.59701535082126,1,17.76
2024-10-07 04:00:00,2.61739583283408,2.59919039159503,1,13.7
2024-10-07 05:00:00,2.70671597808907,2.76707124423109,1,14.98
2024-10-07 06:00:00,2.72523502585631,2.88564269038596,1,15.26
2024-10-07 07:00:00,2.70604819843154,2.9311758766426,1,14.97
2024-10-07 08:00:00,2.71535677628465,2.79818545778107,1,15.11
2024-10-07 09:00:00,2.55178617862755,2.74107601620023,1,12.83
2024-10-07 10:00:00,2.73046379593911,2.57533686389417,1,15.34
2024-10-07 11:00:00,2.61885462229774,2.42325283287209,1,13.72
2024-10-07 12:00:00,2.15524450509534,2.23704911958107,1,8.63
2024-10-07 13:00:00,1.72455071953461,2.17389187965241,1,5.61
2024-10-07 14:00:00,2.33408376005342,2.19182210927906,1,10.32
2024-10-07 15:00:00,2.69597761986794,2.41733476970481,1,14.82
2024-10-07 16:00:00,2.8136106967627,2.66538085318076,1,16.67
2024-10-07 17:00:00,3.19335286763712,2.69005477664081,1,24.37
2024-10-07 18:00:00,3.46479796307175,3.01134199438027,1,31.97
2024-10-07 19:00:00,3.65143715863807,3.06043733132355,1,38.53
2024-10-07 20:00:00,3.38540669575583,2.9590266584241,1,29.53
2024-10-07 21:00:00,3.13766576944266,2.86548449785322,1,23.05
2024-10-07 22:00:00,2.95491027903374,2.77648730346865,1,19.2
2024-10-07 23:00:00,2.72063731660768,2.72313128158071,1,15.19
2024-10-08,2.63762773680566,2.63946299163614,1,13.98
2024-10-08 01:00:00,2.62972823432674,2.63751484140449,1,13.87
2024-10-08 02:00:00,2.61812549357422,2.50660008355201,1,13.71
2024-10-08 03:00:00,2.37117788445966,2.47622446704574,1,10.71
2024-10-08 04:00:00,2.3494686788929,2.4580111588222,1,10.48
2024-10-08 05:00:00,2.33891702224144,2.57229416937483,1,10.37
2024-10-08 06:00:00,2.44408465526775,2.68461891930214,1,11.52
2024-10-08 07:00:00,2.37024374146786,2.63845205266494,1,10.7
2024-10-08 08:00:00,2.44841554120559,2.64582931248167,1,11.57
2024-10-08 09:00:00,2.09309786812732,2.5165775719805,1,8.11
2024-10-08 10:00:00,1.36353737399727,2.14826734319324,1,3.91
2024-10-08 11:00:00,1.3609765531356,1.91855660113805,1,3.9
2024-10-08 12:00:00,1.47017584510059,1.96142669886839,1,4.35
2024-10-08 13:00:00,1.47704872438835,1.96480097109942,1,4.38
2024-10-08 14:00:00,2.33988087773774,2.08852784274787,1,10.38
2024-10-08 15:00:00,2.6253929674212,2.37184232658201,1,13.81
2024-10-08 16:00:00,2.52812576890798,2.45511225537482,1,12.53
2024-10-08 17:00:00,2.88981604796244,2.62927111968335,1,17.99
2024-10-08 18:00:00,1.91839212016142,2.52381170943534,1,6.81
2024-10-08 19:00:00,2.08318452795867,2.58646108655932,1,8.03
2024-10-08 20:00:00,2.69530262827971,2.78665203598435,1,14.81
2024-10-08 21:00:00,3.0568273729138,2.82631459423493,1,21.26
2024-10-08 22:00:00,3.30358455279515,2.73701907583554,1,27.21
2024-10-08 23:00:00,2.97858611471902,2.65248759729226,1,19.66
2024-10-09,2.67827804276854,2.55464219202309,1,14.56
2024-10-09 01:00:00,2.56802155649851,2.49593012055077,1,13.04
2024-10-09 02:00:00,2.43273577745909,2.23183119200251,1,11.39
2024-10-09 03:00:00,2.28645571106416,2.22197459591327,1,9.84
2024-10-09 04:00:00,2.08193842187842,2.21729589384792,1,8.02
2024-10-09 05:00:00,1.90954250488444,2.36080469166253,1,6.75
2024-10-09 06:00:00,1.82616089594539,2.42761281287267,1,6.21
2024-10-09 07:00:00,2.04769284336526,2.56712828462515,1,7.75
2024-10-09 08:00:00,2.28848616861454,2.48722265001687,1,9.86
2024-10-09 09:00:00,1.8229350866965,1.99272856248026,1,6.19
2024-10-09 10:00:00,1.19694818938897,1.74461614036787,1,3.31
2024-10-09 11:00:00,0.970778917158225,1.57961985745603,1,2.64
2024-10-09 12:00:00,0.770108221696074,1.36515094627425,1,2.16
2024-10-09 13:00:00,0.732367893713227,1.23054010771632,1,2.08
2024-10-09 14:00:00,1.00063188030791,1.40221091696161,1,2.72
2024-10-09 15:00:00,1.25276296849537,1.53157168847296,1,3.5
2024-10-09 16:00:00,2.18717424148272,1.7668799109197,1,8.91
2024-10-09 17:00:00,2.99172425215645,2.41664630968947,1,19.92
2024-10-09 18:00:00,2.93066027681028,2.49365786273598,1,18.74
2024-10-09 19:00:00,2.42391737816157,2.57490842144162,1,11.29
2024-10-09 20:00:00,2.28949985344539,2.40461555984313,1,9.87
2024-10-09 21:00:00,2.91723004539903,2.30415008777331,1,18.49
2024-10-09 22:00:00,3.04118353645791,2.42829526630306,1,20.93
2024-10-09 23:00:00,2.87356463957978,2.45552741960329,1,17.7
2024-10-10,2.92154737536461,2.28225217391275,1,18.57
2024-10-10 01:00:00,2.85589532836619,2.33592617444622,1,17.39
2024-10-10 02:00:00,2.98770010185673,2.3601271012967,1,19.84
2024-10-10 03:00:00,3.40817299539858,2.45184693030505,1,30.21
2024-10-10 04:00:00,3.09013294897548,2.45000431402865,1,21.98
2024-10-10 05:00:00,3.07685132483878,2.55487250545686,1,21.69
2024-10-10 06:00:00,3.33005935382882,2.62763997452343,1,27.94
2024-10-10 07:00:00,3.19335286763712,2.63596663790042,1,24.37
2024-10-10 08:00:00,3.15572300986293,2.58527247727804,1,23.47
2024-10-10 09:00:00,2.45358796653057,2.23550067605072,1,11.63
2024-10-10 10:00:00,1.18478998490916,1.85248702927242,1,3.27
2024-10-10 11:00:00,1.76473079684014,1.84256423601133,1,5.84
2024-10-10 12:00:00,0.978326122793608,1.42455466316559,1,2.66
2024-10-10 13:00:00,1.20597080698861,1.73411726498613,1,3.34
2024-10-10 14:00:00,1.46325540225602,1.82112119117739,1,4.32
2024-10-10 15:00:00,1.48613969608961,1.82743139065415,1,4.42
2024-10-10 16:00:00,1.69193913394584,1.97802399069636,1,5.43
2024-10-10 17:00:00,2.2512917986065,2.23237810487143,1,9.5
2024-10-10 18:00:00,2.59749101053515,2.4500349989953,1,13.43
2024-10-10 19:00:00,2.70270259477561,2.72588825085116,1,14.92
2024-10-10 20:00:00,2.70604819843154,2.70623876450282,1,14.97
2024-10-10 21:00:00,2.50470927708418,2.38675255643581,1,12.24
2024-10-10 22:00:00,2.66235524184008,2.51513642062874,1,14.33
2024-10-10 23:00:00,2.45014265735166,2.59740570003634,1,11.59
2024-10-11,1.62924053973028,2.31219268994872,1,5.1
2024-10-11 01:00:00,2.18154676461699,2.46639232677847,1,8.86
2024-10-11 02:00:00,1.55392520250384,2.47340010303286,1,4.73
2024-10-11 03:00:00,2.11986345617875,2.4206563760624,1,8.33
2024-10-11 04:00:00,2.59450815970308,2.42860548520377,1,13.39
2024-10-11 05:00:00,2.7239235502585,2.52872051472616,1,15.24
2024-10-11 06:00:00,2.37211115564266,2.61539557207553,1,10.72
2024-10-11 07:00:00,3.15059698411491,2.67108325326042,1,23.35
2024-10-11 08:00:00,3.39383702725586,2.74374453681014,1,29.78
2024-10-11 09:00:00,3.43559880837949,2.81246405528864,1,31.05
2024-10-11 10:00:00,3.06944731137627,2.48170699048339,1,21.53
2024-10-11 11:00:00,2.25967759198277,2.24438758844544,1,9.58
2024-10-11 12:00:00,1.96571277635149,2.13411342364002,1,7.14
2024-10-11 13:00:00,2.03077636969855,2.05145562017394,1,7.62
2024-10-11 14:00:00,2.08567209143047,2.01600351455716,1,8.05
2024-10-11 15:00:00,1.8213182714696,2.10224130274844,1,6.18
2024-10-11 16:00:00,2.36085400111802,2.49057315191505,1,10.6
2024-10-11 17:00:00,3.06152001409199,2.82521369901048,1,21.36
2024-10-11 18:00:00,2.65885995691144,2.82473182703001,1,14.28
2024-10-11 19:00:00,2.95647155960069,2.91463866483464,1,19.23
2024-10-11 20:00:00,2.64617479738412,2.89548598454559,1,14.1
2024-10-11 21:00:00,2.58475198475772,2.80933199237787,1,13.26
2024-10-11 22:00:00,2.60417007061482,2.96034991086331,1,13.52
2024-10-11 23:00:00,2.56494935746154,2.88444930330677,1,13
2024-10-12,2.40061883326541,2.83214257960458,1,11.03
2024-10-12 01:00:00,2.26384426467762,2.75200785151689,1,9.62
2024-10-12 02:00:00,2.14943391349987,2.71061859436015,1,8.58
2024-10-12 03:00:00,2.13416644136908,2.76855369301046,1,8.45
2024-10-12 04:00:00,2.27931646605469,2.81537658928916,1,9.77
2024-10-12 05:00:00,2.7427736371606,2.80937431375208,1,15.53
2024-10-12 06:00:00,2.79971738962803,2.83464154904346,1,16.44
2024-10-12 07:00:00,2.58550584834412,2.95395680260573,1,13.27
2024-10-12 08:00:00,2.80396625793204,2.93465772120822,1,16.51
2024-10-12 09:00:00,2.73760900334375,2.94077060974997,1,15.45
2024-10-12 10:00:00,2.62249231274056,2.73876009356731,1,13.77
2024-10-12 11:00:00,2.70871664564537,2.45817694680615,1,15.01
2024-10-12 12:00:00,2.27521389619791,2.263547818255,1,9.73
2024-10-12 13:00:00,1.61342993370364,1.88853806570512,1,5.02
2024-10-12 14:00:00,1.57484646766448,1.83631425267347,1,4.83
2024-10-12 15:00:00,2.19611284848353,2.26367908239674,1,8.99
2024-10-12 16:00:00,2.47317139356958,2.55417757048405,1,11.86
2024-10-12 17:00:00,2.95438931001961,2.78013949530082,1,19.19
2024-10-12 18:00:00,3.42361097649906,3.06500009363877,1,30.68
2024-10-12 19:00:00,3.1730412885244,3.16037729979548,1,23.88
2024-10-12 20:00:00,2.96269241947579,2.98100840713726,1,19.35
2024-10-12 21:00:00,2.96010509591084,2.98486978387063,1,19.3
2024-10-12 22:00:00,3.09693415406296,2.92573659470043,1,22.13
2024-10-12 23:00:00,3.17010566049877,2.87473678609811,1,23.81
2024-10-13,3.03158192644769,2.74792496349159,1,20.73
2024-10-13 01:00:00,2.91289399524499,2.70633872746924,1,18.41
2024-10-13 02:00:00,2.55955019278377,2.58840212480284,1,12.93
2024-10-13 03:00:00,2.94601668130806,2.72694054397112,1,19.03
2024-10-13 04:00:00,3.04547436544881,2.54073847022036,1,21.02
2024-10-13 05:00:00,3.10637879364105,2.62056819301007,1,22.34
2024-10-13 06:00:00,2.8402473707136,2.6586829996433,1,17.12
2024-10-13 07:00:00,2.95282477254271,2.69924927850812,1,19.16
2024-10-13 08:00:00,2.93438864331294,2.51064324610178,1,18.81
2024-10-13 09:00:00,2.13888900032326,2.10203062821425,1,8.49
2024-10-13 10:00:00,1.3244189574018,2.04272254968375,1,3.76
2024-10-13 11:00:00,1.10194007876078,1.65344282844676,1,3.01
2024-10-13 12:00:00,0.810930216216329,1.23631946411701,1,2.25
2024-10-13 13:00:00,0.867100487683383,1.12783449175264,1,2.38
2024-10-13 14:00:00,1.26694760348732,1.42619251984986,1,3.55
2024-10-13 15:00:00,1.49065437644413,1.64745175541141,1,4.44
2024-10-13 16:00:00,1.91102289005487,2.00920079407563,1,6.76
2024-10-13 17:00:00,1.93007108502557,1.9389310394892,1,6.89
2024-10-13 18:00:00,2.36368019235386,2.24872549805356,1,10.63
2024-10-13 19:00:00,2.54317555791198,2.36118223049032,1,12.72
2024-10-13 20:00:00,2.494031557565,2.21200009240538,1,12.11
2024-10-13 21:00:00,2.65745841498615,2.192671124101,1,14.26
2024-10-13 22:00:00,2.60046499042227,2.40350608504801,1,13.47
2024-10-13 23:00:00,2.54709867004445,2.34752260546282,1,12.77
2024-10-14,2.52652832447882,2.23226905763871,1,12.51
2024-10-14 01:00:00,2.46809953147162,2.09938617025107,1,11.8
2024-10-14 02:00:00,2.37861977927004,1.98874603338836,1,10.79
2024-10-14 03:00:00,2.42125662271154,2.1350486693508,1,11.26
2024-10-14 04:00:00,2.87073578337931,2.18644525298317,1,17.65
2024-10-14 05:00:00,2.95282477254271,2.44380996671471,1,19.16
2024-10-14 06:00:00,2.77570884957602,2.49432401533462,1,16.05
2024-10-14 07:00:00,3.02237420450041,2.59855992186744,1,20.54
2024-10-14 08:00:00,3.16758253048065,2.63726089969059,1,23.75
2024-10-14 09:00:00,2.58173083442354,2.33285955259806,1,13.22
2024-10-14 10:00:00,2.03731661537916,2.15348614912468,1,7.67
2024-10-14 11:00:00,1.82616089594539,1.80866595397214,1,6.21
2024-10-14 12:00:00,1.28093384546206,1.57189565298497,1,3.6
2024-10-14 13:00:00,1.02604159583327,1.68802419902084,1,2.79
2024-10-14 14:00:00,1.32707500145992,1.77401041287233,1,3.77
2024-10-14 15:00:00,1.80828877117927,1.81146313315903,1,6.1
2024-10-14 16:00:00,2.24495598015741,2.21869057457701,1,9.44
2024-10-14 17:00:00,2.76253838638628,2.53807526533748,1,15.84
2024-10-14 18:00:00,2.905807566026,2.5820336556797,1,18.28
2024-10-14 19:00:00,3.09738592728049,2.69450320715536,1,22.14
2024-10-14 20:00:00,3.45093947355697,2.84052438765843,1,31.53
2024-10-14 21:00:00,3.33291854090886,2.89908793839185,1,28.02
2024-10-14 22:00:00,3.55047908437791,2.91079469863562,1,34.83
2024-10-14 23:00:00,3.29768700529249,2.79043651018756,1,27.05
2024-10-15,2.90142159408275,2.65174707816671,1,18.2
2024-10-15 01:00:00,2.75429745226753,2.58431197353141,1,15.71
2024-10-15 02:00:00,2.58021682959233,2.57748096649664,1,13.2
2024-10-15 03:00:00,2.34755845863678,2.54944203613258,1,10.46
2024-10-15 04:00:00,2.2523438765573,2.51257254051904,1,9.51
2024-10-15 05:00:00,2.27212588550934,2.66898198581488,1,9.7
2024-10-15 06:00:00,2.4423470353692,2.7718740999025,1,11.5
2024-10-15 07:00:00,2.72326716690707,2.90589352220535,1,15.23
2024-10-15 08:00:00,2.54474665014402,2.75311524069519,1,12.74
2024-10-15 09:00:00,3.14630513203337,2.47631084580302,1,23.25
2024-10-15 10:00:00,2.00821403239147,2.10343360889352,1,7.45
2024-10-15 11:00:00,1.22964055107451,1.78733447486069,1,3.42
2024-10-15 12:00:00,1.07158361628019,1.62919112171858,1,2.92
2024-10-15 13:00:00,0.819779831493311,1.56751922198053,1,2.27
2024-10-15 14:00:00,1.37371557891303,1.90502055715113,1,3.95
2024-10-15 15:00:00,1.96571277635149,2.12686559692301,1,7.14
2024-10-15 16:00:00,2.68852753461335,2.13451485286667,1,14.71
2024-10-15 17:00:00,2.85474458025301,2.50081227797622,1,17.37
2024-10-15 18:00:00,3.13113691056019,2.68549202639152,1,22.9
2024-10-15 19:00:00,3.1117359493103,2.96203397979695,1,22.46
2024-10-15 20:00:00,3.18345587963694,3.11978589847184,1,24.13
2024-10-15 21:00:00,3.52518336144315,3.07757508708875,1,33.96
2024-10-15 22:00:00,2.97143958098495,3.01394643880334,1,19.52
2024-10-15 23:00:00,2.92208573338569,2.93171005262916,1,18.58
2024-10-16,2.79728133483015,2.93531376351156,1,16.4
2024-10-16 01:00:00,2.67827804276854,2.85889899018309,1,14.56
2024-10-16 02:00:00,2.64546532591059,2.74442878903869,1,14.09
2024-10-16 03:00:00,2.46300181439995,2.71456514573069,1,11.74
2024-10-16 04:00:00,2.60120710548416,2.77716944163382,1,13.48
2024-10-16 05:00:00,2.80638610182307,2.82600668509584,1,16.55
2024-10-16 06:00:00,2.78315767358902,2.99189522412785,1,16.17
2024-10-16 07:00:00,2.78501124223834,2.92790896998968,1,16.2
2024-10-16 08:00:00,2.82849635417808,2.92358566536266,1,16.92
2024-10-16 09:00:00,3.3541057741283,2.51737398671848,1,28.62
2024-10-16 10:00:00,2.43449016387398,2.15692061836773,1,11.41
2024-10-16 11:00:00,1.40609698841607,1.6469564326225,1,4.08
2024-10-16 12:00:00,1.35583515363518,1.51163024920546,1,3.88
2024-10-16 13:00:00,1.14103300455206,1.48129457552455,1,3.13
2024-10-16 14:00:00,1.41342302850814,1.47477912176897,1,4.11
2024-10-16 15:00:00,1.63899671467564,1.55822842377858,1,5.15
2024-10-16 16:00:00,1.47017584510059,1.52386981814561,1,4.35
2024-10-16 17:00:00,2.12942147398486,1.9876243364096,1,8.41
2024-10-16 18:00:00,2.46979301197795,2.18715130159296,1,11.82
2024-10-16 19:00:00,2.65955999194178,2.25133422652788,1,14.29
2024-10-16 20:00:00,2.66653352089928,2.37143398212749,1,14.39
2024-10-16 21:00:00,2.61373952163097,2.31434254980549,1,13.65
2024-10-16 22:00:00,2.39151130218845,2.3326993621724,1,10.93
2024-10-16 23:00:00,2.30258509299405,2.26358697766032,1,10
2024-10-17,2.42921774392741,2.26252749447019,1,11.35
2024-10-17 01:00:00,2.4518667957098,2.25294474340638,1,11.61
2024-10-17 02:00:00,2.53210825127229,2.06193133052085,1,12.58
2024-10-17 03:00:00,2.58475198475772,1.96223334091172,1,13.26
2024-10-17 04:00:00,2.56725439113675,2.10359021743986,1,13.03
2024-10-17 05:00:00,2.81780106506133,2.23967466560906,1,16.74
2024-10-17 06:00:00,2.30657711426358,2.31509312085196,1,10.04
2024-10-17 07:00:00,2.5152741864044,2.39628381080499,1,12.37
2024-10-17 08:00:00,2.53765721517353,2.34850542017005,1,12.65
2024-10-17 09:00:00,2.04898233419513,1.87080680805661,1,7.76
2024-10-17 10:00:00,1.72097928716701,1.71578583935893,1,5.59
2024-10-17 11:00:00,1.73871024813824,1.51192504480263,1,5.69
2024-10-17 12:00:00,1.70110510095992,1.50576422717196,1,5.48
2024-10-17 13:00:00,1.64480505627139,1.62306032179914,1,5.18
2024-10-17 14:00:00,2.02683159140754,1.99489826436915,1,7.59
2024-10-17 15:00:00,2.76568998054862,2.14905519706932,1,15.89
2024-10-17 16:00:00,2.98568193770049,2.27707470123078,1,19.8
2024-10-17 17:00:00,3.10816770288378,2.58812124867988,1,22.38
2024-10-17 18:00:00,3.56218180106798,2.85786067561436,1,35.24
2024-10-17 19:00:00,3.68185483917697,2.9037939214975,1,39.72
2024-10-17 20:00:00,2.61447185414264,2.94354406838941,1,13.66
2024-10-17 21:00:00,2.52812576890798,2.83183250973473,1,12.53
2024-10-17 22:00:00,2.49650578563135,2.68574772745302,1,12.14
2024-10-17 23:00:00,2.78932292123095,2.81461409034143,1,16.27
2024-10-18,2.72523502585631,2.69579645148972,1,15.26
2024-10-18 01:00:00,2.71403227277976,2.55981047757194,1,15.09
2024-10-18 02:00:00,2.58550584834412,2.45045570506764,1,13.27
2024-10-18 03:00:00,2.4782176616372,2.43252688999057,1,11.92
2024-10-18 04:00:00,2.63116915676625,2.43584861017955,1,13.89
2024-10-18 05:00:00,2.90361698464619,2.54626790565957,1,18.24
2024-10-18 06:00:00,3.06619073720255,2.62675510664287,1,21.46
2024-10-18 07:00:00,2.84607149899958,2.63424100048839,1,17.22
2024-10-18 08:00:00,2.31550131826059,2.29260239644039,1,10.13
2024-10-18 09:00:00,1.55392520250384,2.19273309303007,1,4.73
2024-10-18 10:00:00,1.67709656090792,2.15433094204535,1,5.35
2024-10-18 11:00:00,1.62924053973028,1.86869947421203,1,5.1
2024-10-18 12:00:00,1.55180879959746,1.81362160258667,1,4.72
2024-10-18 13:00:00,1.73871024813824,1.69200363984098,1,5.69
2024-10-18 14:00:00,1.54329810992956,1.99347792788403,1,4.68
2024-10-18 15:00:00,2.4518667957098,2.22684088776917,1,11.61
2024-10-18 16:00:00,2.86846692250811,2.40802786386181,1,17.61
2024-10-18 17:00:00,3.35130661204869,2.76476411711443,1,28.54
2024-10-18 18:00:00,3.45757771509826,2.89286124509486,1,31.74
2024-10-18 19:00:00,3.29546642702991,2.95695280223287,1,26.99
2024-10-18 20:00:00,3.14199478053224,3.06034701676451,1,23.15
2024-10-18 21:00:00,3.14630513203337,2.93075003606787,1,23.25
2024-10-18 22:00:00,3.05729762921215,2.86651184361495,1,21.27
2024-10-18 23:00:00,3.2519236789144,2.83487837529614,1,25.84
2024-10-19,2.86846692250811,2.74889815777766,1,17.61
2024-10-19 01:00:00,2.83262493568384,2.64939835305087,1,16.99
2024-10-19 02:00:00,2.65464942437509,2.5734153423718,1,14.22
2024-10-19 03:00:00,2.08318452795867,2.52233714488193,1,8.03
2024-10-19 04:00:00,2.60268968544438,2.51717920777982,1,13.5
2024-10-19 05:00:00,2.66514270009093,2.59000278632663,1,14.37
2024-10-19 06:00:00,2.33891702224144,2.64150556046448,1,10.37
2024-10-19 07:00:00,2.73176672771953,2.65624931698652,1,15.36
2024-10-19 08:00:00,3.04404613383254,2.65621653028161,1,20.99
2024-10-19 09:00:00,3.02965049175745,2.52654124394846,1,20.69
2024-10-19 10:00:00,2.35327820730956,2.39391244094413,1,10.52
2024-10-19 11:00:00,1.80005827204275,2.14829194114019,1,6.05
2024-10-19 12:00:00,1.57069708411767,1.92882386081921,1,4.81
2024-10-19 13:00:00,1.66203036255327,1.87495002756851,1,5.27
2024-10-19 14:00:00,2.01756613796175,2.04730786484981,1,7.52
2024-10-19 15:00:00,2.40333499609419,2.30353737077573,1,11.06
2024-10-19 16:00:00,2.69124308278583,2.42092823082004,1,14.75
2024-10-19 17:00:00,3.11883447068797,2.61295246683598,1,22.62
2024-10-19 18:00:00,3.38912480042789,2.81771419402777,1,29.64
2024-10-19 19:00:00,3.24376354037598,2.8716507173804,1,25.63
2024-10-19 20:00:00,3.36522472120334,2.82965252446757,1,28.94
2024-10-19 21:00:00,2.99523214851231,2.71064742688355,1,19.99
2024-10-19 22:00:00,3.08739946207981,2.74317041199562,1,21.92
2024-10-19 23:00:00,3.23435539571659,2.70586502242256,1,25.39
2024-10-20,2.63905732961526,2.63370324309149,1,14
2024-10-20 01:00:00,2.8130106367387,2.62903705695365,1,16.66
2024-10-20 02:00:00,2.67000213346468,2.60571485019767,1,14.44
2024-10-20 03:00:00,2.46894663020927,2.56679962624866,1,11.81
2024-10-20 04:00:00,2.29656702066848,2.56046451364987,1,9.94
2024-10-20 05:00:00,2.16905370036952,2.62529047661494,1,8.75
2024-10-20 06:00:00,2.27315628230323,2.71992340927303,1,9.71
2024-10-20 07:00:00,2.46809953147162,2.76911002069257,1,11.8
2024-10-20 08:00:00,2.57337529777561,2.8041461364897,1,13.11
2024-10-20 09:00:00,2.69462718077007,2.65468368685768,1,14.8
2024-10-20 10:00:00,2.18492704952581,2.13366281977657,1,8.89
2024-10-20 11:00:00,1.2947271675944,1.73902455478275,1,3.65
2024-10-20 12:00:00,1.35325450704169,1.6511769029844,1,3.87
2024-10-20 13:00:00,0.867100487683383,1.5458000034079,1,2.38
2024-10-20 14:00:00,1.50629715351459,1.52516116917815,1,4.51
2024-10-20 15:00:00,2.05796251000271,1.7812073032331,1,7.83
2024-10-20 16:00:00,2.35517754311322,2.03295360147554,1,10.54
2024-10-20 17:00:00,2.98517675961447,2.56929693299101,1,19.79
2024-10-20 18:00:00,3.15912582046243,2.92762974018612,1,23.55
2024-10-20 19:00:00,3.34286180464919,2.88046910562419,1,28.3
2024-10-20 20:00:00,3.08282698040492,2.79539638989861,1,21.82
2024-10-20 21:00:00,3.0878555624298,2.76707062634288,1,21.93
2024-10-20 22:00:00,3.03399098567108,2.72940813903787,1,20.78
2024-10-20 23:00:00,2.89037175789616,2.74052492553931,1,18
2024-10-21,2.91777073208428,2.65132016411857,1,18.5
2024-10-21 01:00:00,2.64617479738412,2.56088520483034,1,14.1
2024-10-21 02:00:00,2.81180943539306,2.56046998762969,1,16.64
2024-10-21 03:00:00,2.75937682826755,2.51685117741636,1,15.79
2024-10-21 04:00:00,2.96320908184843,2.43878899336421,1,19.36
2024-10-21 05:00:00,2.8349764946746,2.59360627719529,1,17.03
2024-10-21 06:00:00,2.85761897142436,2.68426653126465,1,17.42
2024-10-21 07:00:00,2.68170622576261,2.65529964207809,1,14.61
2024-10-21 08:00:00,2.63260800593535,2.65414538366602,1,13.91
2024-10-21 09:00:00,2.42921774392741,2.53361071918309,1,11.35
2024-10-21 10:00:00,2.44927947214485,2.27968939612462,1,11.58
2024-10-21 11:00:00,2.12823170584927,2.07399459896164,1,8.4
2024-10-21 12:00:00,1.85785927093258,1.97596335732107,1,6.41
2024-10-21 13:00:00,2.31451366385932,1.90517175455035,1,10.12
2024-10-21 14:00:00,2.2935443483419,1.97348953396885,1,9.91
2024-10-21 15:00:00,2.6616571615325,2.17727406507548,1,14.32
2024-10-21 16:00:00,3.11307076597122,2.39344805826319,1,22.49
2024-10-21 17:00:00,3.43977686362963,2.6788963026568,1,31.18
2024-10-21 18:00:00,3.60195898208323,2.86695321819526,1,36.67
2024-10-21 19:00:00,3.43817198445352,2.93083950325387,1,31.13
2024-10-21 20:00:00,3.29361217098222,2.86158193523312,1,26.94
2024-10-21 21:00:00,3.10413814739778,2.74248910880749,1,22.29
2024-10-21 22:00:00,2.95386806945529,2.69269559885844,1,19.18
2024-10-21 23:00:00,2.70938264633599,2.65463714500663,1,15.02
2024-10-22,2.52091708731103,2.64047533347202,1,12.44
2024-10-22 01:00:00,2.49155119250667,2.60493231494771,1,12.08
2024-10-22 02:00:00,2.25967759198277,2.51349499147753,1,9.58
2024-10-22 03:00:00,2.19277022698684,2.50989983076666,1,8.96
2024-10-22 04:00:00,2.21484617868604,2.43032757887731,1,9.16
2024-10-22 05:00:00,2.46214966266538,2.56499476313395,1,11.73
2024-10-22 06:00:00,2.62684014567667,2.70843838948856,1,13.83
2024-10-22 07:00:00,2.58021682959233,2.70572483135013,1,13.2
2024-10-22 08:00:00,2.49485698064117,2.74824206103292,1,12.12
2024-10-22 12:00:00,1.97546895129686,2.16447629675124,1,7.21
2024-10-22 13:00:00,1.84530023615608,1.9994388708068,1,6.33
2024-10-22 14:00:00,1.95018670582257,2.15177208784555,1,7.03
2024-10-22 15:00:00,2.58097411853423,2.28786038271114,1,13.21
2024-10-22 16:00:00,3.36176331241675,2.51289513282762,1,28.84
2024-10-22 17:00:00,3.42426265459315,NA,1,30.7
2024-10-22 18:00:00,2.94864066602014,NA,1,19.08
2024-10-22 19:00:00,2.08567209143047,NA,1,8.05
2024-10-22 20:00:00,1.78002421300963,NA,1,5.93
2024-10-22 21:00:00,2.37211115564266,NA,1,10.72
2024-10-22 22:00:00,2.57031952763613,2.69842397085368,1,13.07
2024-10-22 23:00:00,2.4518667957098,2.65938521132612,1,11.61
2024-10-23,2.33795223683134,2.57267712619086,1,10.36
2024-10-23 01:00:00,2.278292400425,2.52614668687144,1,9.76
2024-10-23 02:00:00,2.37117788445966,2.47408886307691,1,10.71
2024-10-23 03:00:00,2.3494686788929,2.5990194414722,1,10.48
2024-10-23 04:00:00,2.27624111765444,2.60095957129023,1,9.74
2024-10-23 05:00:00,2.59001713419062,2.70965192723038,1,13.33
2024-10-23 06:00:00,2.73566536813518,2.88078148953371,1,15.42
2024-10-23 07:00:00,3.04737550670583,2.92757428100548,1,21.06
2024-10-23 08:00:00,2.95595140354215,2.93221118438892,1,19.22
2024-10-23 09:00:00,2.65253749117195,2.78255305125031,1,14.19
2024-10-23 10:00:00,2.4466854369678,2.46050198767352,1,11.55
2024-10-23 11:00:00,2.49815187653802,1.95040365620421,1,12.16
2024-10-23 12:00:00,1.43983512804792,1.69980696562947,1,4.22
2024-10-23 13:00:00,0.951657875711446,1.65622329378002,1,2.59
2024-10-23 14:00:00,1.38629436111989,1.68738587293321,1,4
2024-10-23 15:00:00,1.76473079684014,1.62655333609091,1,5.84
2024-10-23 16:00:00,2.28543893415908,2.02725401028774,1,9.83
2024-10-23 17:00:00,3.02577639490237,2.53984869877353,1,20.61
2024-10-23 18:00:00,3.3456846717319,2.93156152606667,1,28.38
2024-10-23 19:00:00,3.27298515051523,2.97659641518356,1,26.39
2024-10-23 20:00:00,2.96681826338935,2.84844774725618,1,19.43
2024-10-23 21:00:00,2.96217549002515,2.90935266815686,1,19.34
2024-10-23 22:00:00,2.9041650800285,2.88767253552199,1,18.25
2024-10-23 23:00:00,2.66653352089928,2.8432028294039,1,14.39
2024-10-24,2.74019465442878,2.78080417423861,1,15.49
2024-10-24 01:00:00,2.62249231274056,2.65457920838031,1,13.77
2024-10-24 02:00:00,2.71137799119488,2.66963742813857,1,15.05
2024-10-24 03:00:00,2.64830019669644,2.60586527285628,1,14.13
2024-10-24 04:00:00,2.56494935746154,2.60082178976579,1,13
2024-10-24 05:00:00,2.42125662271154,2.76475777446689,1,11.26
2024-10-24 06:00:00,2.52812576890798,2.84235626726947,1,12.53
2024-10-24 07:00:00,2.66514270009093,2.87676852259613,1,14.37
2024-10-24 08:00:00,2.67690347210537,2.8760269190325,1,14.54
2024-10-24 09:00:00,2.68648602318637,2.57345080703807,1,14.68
2024-10-24 10:00:00,2.05412373369555,2.13683241800238,1,7.8
2024-10-24 11:00:00,1.69744878975681,1.77091893066785,1,5.46
2024-10-24 12:00:00,2.19833507162025,1.70912185861462,1,9.01
2024-10-24 13:00:00,1.40609698841607,1.80967840496883,1,4.08
2024-10-24 14:00:00,1.76473079684014,1.9161685653618,1,5.84
2024-10-24 15:00:00,1.96711235670592,2.11735923657266,1,7.15
2024-10-24 16:00:00,3.33256158927202,2.30335420433398,1,28.01
2024-10-24 17:00:00,3.75044480977209,2.58590075939566,1,42.54
2024-10-24 18:00:00,3.88362353090645,2.77072946923248,1,48.6
2024-10-24 19:00:00,3.78123071517812,2.76212924278907,1,43.87
2024-10-24 20:00:00,3.54327548025514,2.79340530822291,1,34.58
2024-10-24 21:00:00,3.24415363205247,2.83427893003509,1,25.64
2024-10-24 22:00:00,3.14415227867226,2.782065506982,1,23.2
2024-10-24 23:00:00,2.98011089265103,2.77941056849402,1,19.69
2024-10-25,2.92316158071916,2.74837936256559,1,18.6
2024-10-25 01:00:00,2.97909463240097,2.72362670731656,1,19.67
2024-10-25 02:00:00,2.75302356674494,2.68252127905962,1,15.69
2024-10-25 03:00:00,2.51203531717625,2.67960040525045,1,12.33
2024-10-25 04:00:00,2.61812549357422,2.68650829662705,1,13.71
2024-10-25 05:00:00,2.61666563930036,2.76720190506198,1,13.69
2024-10-25 06:00:00,2.40243042796376,2.86703489036384,1,11.05
2024-10-25 07:00:00,2.40152504084895,2.88226355228614,1,11.04
2024-10-25 08:00:00,2.35327820730956,2.87690333788523,1,10.52
2024-10-25 09:00:00,2.51284601847724,2.79292244646532,1,12.34
2024-10-25 10:00:00,2.19833507162025,2.38153063836618,1,9.01
2024-10-25 11:00:00,2.31154483436552,1.92917841205967,1,10.09
2024-10-25 12:00:00,1.60542989103656,1.75446648763105,1,4.98
2024-10-25 13:00:00,1.05082162483176,1.68267591586505,1,2.86
2024-10-25 14:00:00,1.57484646766448,1.74485050866929,1,4.83
2024-10-25 15:00:00,1.98513086220859,1.99996496400167,1,7.28
2024-10-25 16:00:00,2.42921774392741,2.31765721716358,1,11.35
2024-10-25 17:00:00,2.64048488160644,2.61809947742683,1,14.02
2024-10-25 18:00:00,2.70805020110221,2.79498868841875,1,15
2024-10-25 19:00:00,2.81780106506133,2.67981715485491,1,16.74
2024-10-25 20:00:00,2.64971462408925,2.66241204127131,1,14.15
2024-10-25 21:00:00,2.70938264633599,2.71326404915858,1,15.02
2024-10-25 22:00:00,2.72523502585631,2.6891267489557,1,15.26
2024-10-25 23:00:00,2.64333388638252,2.61749562023682,1,14.06
2024-10-26,2.54631527791664,2.53985248387309,1,12.76
2024-10-26 01:00:00,2.80517691183293,2.47521195891236,1,16.53
2024-10-26 03:00:00,2.18267479632149,2.38768630804606,1,8.87
2024-10-26 04:00:00,2.4518667957098,2.38739789246112,1,11.61
2024-10-26 05:00:00,2.53290284805626,2.46463874768945,1,12.59
2024-10-26 06:00:00,2.53923699433305,2.43105887594224,1,12.67
2024-10-26 07:00:00,2.57413778351594,2.52833216983736,1,13.12
2024-10-26 11:00:00,1.99741770620125,2.1909507149991,1,7.37
2024-10-26 12:00:00,1.62531126159039,2.00464943812229,1,5.08
2024-10-26 13:00:00,1.44220199305819,1.97145737227903,1,4.23
2024-10-26 14:00:00,1.51072193949494,1.99607259027249,1,4.53
2024-10-26 15:00:00,1.54329810992956,2.13475213993554,1,4.68
2024-10-26 16:00:00,1.9139771019523,2.259484115446,1,6.78
2024-10-26 17:00:00,2.45444744230329,2.48270935438188,1,11.64
2024-10-26 18:00:00,3.04737550670583,2.77817991581313,1,21.06
2024-10-26 19:00:00,2.83673654206353,2.82391731616815,1,17.06
2024-10-26 20:00:00,2.95125778345216,2.79948181334583,1,19.13
2024-10-26 21:00:00,2.69395127672271,2.74172069466744,1,14.79
2024-10-26 22:00:00,2.67000213346468,2.61765777239394,1,14.44
2024-10-26 23:00:00,2.64262239577975,2.57112836445057,1,14.05
2024-10-27,2.2690283094652,2.40710109344178,1,9.67
2024-10-27 01:00:00,1.8099267731835,2.06253472235693,1,6.11
2024-10-27 02:00:00,1.96571277635149,2.00977946543127,1,7.14
2024-10-27 02:00:00,1.96711235670592,2.02131255161876,1,7.15
2024-10-27 03:00:00,1.95727390770563,2.14465697762795,1,7.08
2024-10-27 04:00:00,1.9387416595767,2.12300037907827,1,6.95
2024-10-27 05:00:00,1.90508815453506,2.18565655790615,1,6.72
2024-10-27 06:00:00,1.98375629154543,2.35516270526475,1,7.27
2024-10-27 07:00:00,2.01623546577604,2.442016578713,1,7.51
2024-10-27 08:00:00,1.86717610851281,2.34785037862128,1,6.47
2024-10-27 09:00:00,1.79175946922805,2.20803353650268,1,6
2024-10-27 10:00:00,1.6467336971778,2.04702373378827,1,5.19
2024-10-27 11:00:00,1.62531126159039,1.97703165624515,1,5.08
2024-10-27 12:00:00,1.4747630091075,1.78048369137803,1,4.37
2024-10-27 13:00:00,1.42791603581071,1.72175359206817,1,4.17
2024-10-27 14:00:00,1.49738840862548,1.89647663482176,1,4.47
2024-10-27 15:00:00,1.7404661748405,2.22662677908554,1,5.7
2024-10-27 16:00:00,2.21046980408624,2.44890882268806,1,9.12
2024-10-27 17:00:00,2.78993736057439,2.71969593374061,1,16.28
2024-10-27 18:00:00,2.76883167336207,2.67108490338485,1,15.94
2024-10-27 19:00:00,2.94496515650034,2.67723770988432,1,19.01
2024-10-27 20:00:00,3.15145314855077,2.60390823676753,1,23.37
2024-10-27 21:00:00,2.61080481666337,2.60045040146929,1,13.61
2024-10-27 22:00:00,2.62828523263335,2.43412433916698,1,13.85
2024-10-27 23:00:00,2.47737838336721,2.21549532960961,1,11.91
2024-10-28,2.25023861262184,2.15305055598699,1,9.49
2024-10-28 01:00:00,2.18267479632149,2.0277661256102,1,8.87
2024-10-28 02:00:00,2.23751309625033,2.03827976111575,1,9.37
2024-10-28 03:00:00,2.24283508858827,2.12676130218756,1,9.42
2024-10-28 04:00:00,2.15059873599616,2.118205012903,1,8.59
2024-10-28 05:00:00,1.94304891677428,2.22965470599084,1,6.98
2024-10-28 06:00:00,1.880990602956,2.26339236464635,1,6.56
2024-10-28 07:00:00,1.83258146374831,2.22992766540904,1,6.25
2024-10-28 08:00:00,1.79840401194672,2.33287778857998,1,6.04
2024-10-28 09:00:00,1.55603713570699,2.21849748044016,1,4.74
2024-10-28 10:00:00,1.41585316336144,1.85624918715459,1,4.12
2024-10-28 11:00:00,1.6752256529721,1.76954385062753,1,5.34
2024-10-28 12:00:00,1.34807314829969,1.51748615763816,1,3.85
2024-10-28 13:00:00,1.22964055107451,1.61115255037083,1,3.42
2024-10-28 14:00:00,1.69193913394584,1.85939562275833,1,5.43
2024-10-28 15:00:00,2.484906649788,2.13180609014251,1,12
2024-10-28 16:00:00,2.88200350822565,2.44378200513238,1,17.85
2024-10-28 17:00:00,2.77321352700862,2.497812736878,1,16.01
2024-10-28 18:00:00,2.9247731846135,2.6648761353307,1,18.63
2024-10-28 19:00:00,2.93863268151342,2.55391454672456,1,18.89
2024-10-28 20:00:00,2.66444656362008,2.28849291998567,1,14.36
2024-10-28 21:00:00,2.27418561847235,2.26343366875375,1,9.72
2024-10-28 22:00:00,2.42657107277504,2.33490388832338,1,11.32
2024-10-28 23:00:00,2.51850259921652,2.30124266550493,1,12.41
2024-10-29,2.46300181439995,2.41305580714856,1,11.74
2024-10-29 01:00:00,2.42921774392741,2.26991218666974,1,11.35
2024-10-29 02:00:00,2.33214389523559,2.35343094998992,1,10.3
2024-10-29 03:00:00,2.5408142817263,2.39844395002353,1,12.69
2024-10-29 04:00:00,2.67896462020711,2.4821563906497,1,14.57
2024-10-29 05:00:00,2.46979301197795,2.61509566450994,1,11.82
2024-10-29 06:00:00,2.56955412384829,2.72211260910865,1,13.06
2024-10-29 07:00:00,2.62684014567667,2.76987314052694,1,13.83
2024-10-29 08:00:00,2.65605490598383,2.61952604913871,1,14.24
2024-10-29 09:00:00,2.52732736567195,2.28749025954347,1,12.52
2024-10-29 10:00:00,2.11021320034659,2.12457863251071,1,8.25
2024-10-29 11:00:00,1.95302761682418,1.88663775125768,1,7.05
2024-10-29 12:00:00,2.23430625224075,1.90250270599227,1,9.34
2024-10-29 13:00:00,2.07442899985629,1.89981671045483,1,7.96
2024-10-29 14:00:00,2.02551319965428,2.08219539759259,1,7.58
2024-10-29 15:00:00,2.63619609733423,2.42973255078338,1,13.96
2024-10-29 16:00:00,3.00071981506503,2.63078747929304,1,20.1
2024-10-29 17:00:00,3.2296179214001,2.88157517338856,1,25.27
2024-10-29 18:00:00,3.12500460925813,2.87560239594898,1,22.76
2024-10-29 19:00:00,2.95386806945529,2.7908858961533,1,19.18
2024-10-29 20:00:00,2.68444033546308,2.80669267181512,1,14.65
2024-10-29 21:00:00,2.65955999194178,2.69110032004331,1,14.29
2024-10-29 22:00:00,2.34084380511114,2.58767300557274,1,10.39
2024-10-29 23:00:00,2.31550131826059,2.53153858445627,1,10.13
2024-10-30,2.23964529322017,2.54151112055991,1,9.39
2024-10-30 01:00:00,2.31451366385932,2.40092026390188,1,10.12
2024-10-30 02:00:00,2.22786154679811,2.3645508842196,1,9.28
2024-10-30 03:00:00,2.35517754311322,2.33959699888316,1,10.54
2024-10-30 04:00:00,2.38508631450579,2.41635129766572,1,10.86
2024-10-30 05:00:00,2.19833507162025,2.53382074930758,1,9.01
2024-10-30 06:00:00,2.31550131826059,2.62586303370233,1,10.13
2024-10-30 07:00:00,2.32336763217657,2.52618164223611,1,10.21
2024-10-30 08:00:00,1.96290772542388,2.41217559134028,1,7.12
2024-10-30 09:00:00,1.93730177451871,2.34417394218597,1,6.94
2024-10-30 10:00:00,1.55180879959746,2.07202423281116,1,4.72
2024-10-30 11:00:00,1.35583515363518,1.88629322972925,1,3.88
2024-10-30 12:00:00,1.55392520250384,1.88315691788878,1,4.73
2024-10-30 13:00:00,1.79508725932073,2.10087232640232,1,6.02
2024-10-30 14:00:00,1.8196988379173,2.13094287860254,1,6.17
2024-10-30 15:00:00,1.80005827204275,2.28019771611997,1,6.05
2024-10-30 16:00:00,2.46470394247048,2.59311072928214,1,11.76
2024-10-30 17:00:00,2.66930937278578,2.72971789397893,1,14.43
2024-10-30 18:00:00,2.7948393311746,2.75198027241761,1,16.36
2024-10-30 19:00:00,2.89148225218019,2.67521908507207,1,18.02
2024-10-30 20:00:00,2.79361608943186,2.6637547943601,1,16.34
2024-10-30 21:00:00,2.64048488160644,2.51203423900597,1,14.02
2024-10-30 22:00:00,2.68784749378469,2.50831064232487,1,14.7
2024-10-30 23:00:00,2.67138621673062,2.39849298341927,1,14.46
2024-10-31,2.50061594349318,2.40190850704117,1,12.19
2024-10-31 01:00:00,2.21375387928743,2.32511266918655,1,9.15
2024-10-31 02:00:00,2.09186406167839,2.25500515355696,1,8.1
2024-10-31 03:00:00,1.85473426838944,2.20187560213217,1,6.39
2024-10-31 04:00:00,2.16332302566054,2.22555509941861,1,8.7
2024-10-31 05:00:00,2.7047112998367,2.43027696817188,1,14.95
2024-10-31 06:00:00,3.02965049175745,2.52171811051555,1,20.69
2024-10-31 07:00:00,2.43624147780672,2.45594592127383,1,11.43
2024-10-31 08:00:00,1.75440368268429,2.37036802270149,1,5.78
2024-10-31 09:00:00,1.68824909285839,2.25908894246564,1,5.41
2024-10-31 10:00:00,1.71918877639322,2.12293802085845,1,5.58
2024-10-31 11:00:00,1.54756250871601,1.97156099162693,1,4.7
2024-10-31 12:00:00,1.93441576962958,2.00285151641998,1,6.92
2024-10-31 13:00:00,1.90061387414014,2.00324669437496,1,6.69
2024-10-31 14:00:00,2.07191327525904,2.15576600265157,1,7.94
2024-10-31 15:00:00,1.91985947185537,2.39823757413013,1,6.82
2024-10-31 16:00:00,2.62466859216316,2.65362019604552,1,13.8
2024-10-31 17:00:00,3.07915388169306,2.94663339098405,1,21.74
2024-10-31 18:00:00,3.08099211750481,2.92307616512954,1,21.78
2024-10-31 19:00:00,3.09738592728049,2.94550959124206,1,22.14
2024-10-31 20:00:00,2.76253838638628,2.87437861427433,1,15.84
2024-10-31 21:00:00,2.71866038021423,2.84923296645668,1,15.16
2024-10-31 22:00:00,2.76316950032329,2.89557113352373,1,15.85
2024-10-31 23:00:00,2.63044895507866,2.82967239873343,1,13.88
2024-11-01,2.46044317760963,2.79350257053164,1,11.71
2024-11-01 01:00:00,2.32336763217657,2.69323882521011,1,10.21
2024-11-01 02:00:00,2.45958884180371,2.71961909278571,1,11.7
2024-11-01 03:00:00,2.30458309565672,2.63981546473247,1,10.02
2024-11-01 04:00:00,2.60194867021966,2.72747556445593,1,13.49
2024-11-01 05:00:00,2.60712428251225,2.69170119489747,1,13.56
2024-11-01 06:00:00,2.56494935746154,2.98075140926461,1,13
2024-11-01 07:00:00,2.64262239577975,2.88593039228877,1,14.05
2024-11-01 08:00:00,2.55100645149252,2.97397489621464,1,12.82
2024-11-01 09:00:00,2.50307395374345,2.71405245300342,1,12.22
2024-11-01 10:00:00,2.4923786646267,2.46779697047039,1,12.09
2024-11-01 11:00:00,2.39607543608138,2.26805317405917,1,10.98
2024-11-01 12:00:00,1.79674701073909,1.99729210625697,1,6.03
2024-11-01 13:00:00,2.02287119019144,2.00850719716371,1,7.56
2024-11-01 14:00:00,2.2364452904895,2.10987963295587,1,9.36
2024-11-01 15:00:00,2.41054223449914,2.41282133785023,1,11.14
2024-11-01 16:00:00,3.09919098192222,2.93519569571103,1,22.18
2024-11-01 17:00:00,3.37108175775753,3.01786964583149,1,29.11
2024-11-01 18:00:00,3.20437113866532,3.06827939063602,1,24.64
2024-11-01 19:00:00,3.0652583362026,3.08820177338441,1,21.44
2024-11-01 20:00:00,2.93651291389402,2.9586669596399,1,18.85
2024-11-01 21:00:00,2.88424189752063,2.41830077957488,1,17.89
2024-11-01 22:00:00,2.47905623610982,2.29814748194038,1,11.93
2024-11-01 23:00:00,1.72455071953461,1.97875493593426,1,5.61
2024-11-02,1.67335123817775,2.04327109101285,1,5.33
2024-11-02 01:00:00,1.6094379124341,2.17322706038192,1,5
2024-11-02 02:00:00,1.97962120639763,2.0598416034063,1,7.24
2024-11-02 03:00:00,2.09924416897602,2.07009264287619,1,8.16
2024-11-02 04:00:00,2.02814824729229,2.0670111755577,1,7.6
2024-11-02 05:00:00,2.18492704952581,2.21723824508258,1,8.89
2024-11-02 06:00:00,2.19277022698684,2.36134080839964,1,8.96
2024-11-02 07:00:00,2.29152414563462,2.41306341529679,1,9.89
2024-11-02 08:00:00,2.30058309032337,2.450061183771,1,9.98
2024-11-02 09:00:00,2.14124194258528,2.21581801085246,1,8.51
2024-11-02 10:00:00,1.71199450075919,1.64545909568313,1,5.54
2024-11-02 11:00:00,1.65057985576528,1.75888028917997,1,5.21
2024-11-02 12:00:00,1.57277392806251,1.69204146666658,1,4.82
2024-11-02 13:00:00,1.61541998411165,1.69488195436706,1,5.03
2024-11-02 14:00:00,1.80664808172181,2.02771517890574,1,6.09
2024-11-02 15:00:00,1.93296963777958,2.31006693749773,1,6.91
2024-11-02 16:00:00,2.3887627892351,2.65635499660542,1,10.9
2024-11-02 17:00:00,3.04166120544239,2.97939107072374,1,20.94
2024-11-02 18:00:00,3.07037581654976,3.05285266313491,1,21.55
2024-11-02 19:00:00,3.16884489126264,2.97174469626955,1,23.78
2024-11-02 20:00:00,3.04356960296815,3.10838478854103,1,20.98
2024-11-02 21:00:00,3.04499851485691,3.03521603699265,1,21.01
2024-11-02 22:00:00,2.92046978905344,3.01280832459278,1,18.55
2024-11-02 23:00:00,2.85359250639287,2.90578989630678,1,17.35
2024-11-03,2.7669478423497,2.85136735842159,1,15.91
2024-11-03 01:00:00,2.7173402480093,2.80774558325529,1,15.14
2024-11-03 02:00:00,2.6686161318568,2.81411006910571,1,14.42
2024-11-03 03:00:00,2.31550131826059,2.79510300633262,1,10.13
2024-11-03 04:00:00,2.40964416528745,2.91938956457624,1,11.13
2024-11-03 05:00:00,2.71403227277976,2.9606139258034,1,15.09
2024-11-03 06:00:00,2.84199817361195,2.95805615289002,1,17.15
2024-11-03 07:00:00,2.64048488160644,3.00114402970183,1,14.02
2024-11-03 08:00:00,2.69867303928961,3.04050797279795,1,14.86
2024-11-03 09:00:00,2.54474665014402,2.90050909727604,1,12.74
2024-11-03 10:00:00,2.28340227357727,2.47293641046581,1,9.81
2024-11-03 11:00:00,2.12942147398486,2.26357199061763,1,8.41
2024-11-03 12:00:00,1.61740608208328,2.0362194084735,1,5.04
2024-11-03 13:00:00,2.13771044980381,2.05981957543023,1,8.48
2024-11-03 14:00:00,1.72097928716701,2.16794424979989,1,5.59
2024-11-03 15:00:00,2.21266038546606,2.52567524733292,1,9.14
2024-11-03 16:00:00,3.09648217665413,3.02517773547244,1,22.12
2024-11-03 17:00:00,3.07869379426834,3.17363860938153,1,21.73
2024-11-03 18:00:00,3.33398863196871,3.21901709454412,1,28.05
2024-11-03 19:00:00,3.26155209914864,3.19654815340394,1,26.09
2024-11-03 20:00:00,3.20152618653309,3.19887184437777,1,24.57
2024-11-03 21:00:00,2.7459880404426,3.10710078862796,1,15.58
2024-11-03 22:00:00,2.6440448711263,3.06094705526972,1,14.07
2024-11-03 23:00:00,2.42214432805168,3.0428115982753,1,11.27
2024-11-04,2.47905623610982,2.99699456321933,1,11.93
2024-11-04 01:00:00,2.30258509299405,2.94701830857679,1,10
2024-11-04 02:00:00,2.67000213346468,2.89309889248804,1,14.44
2024-11-04 03:00:00,2.90087199253003,2.72293436406474,1,18.19
2024-11-04 04:00:00,2.8320361808832,2.82161784658515,1,16.98
2024-11-04 05:00:00,2.77944019718888,3.05546896969109,1,16.11
2024-11-04 06:00:00,2.76883167336207,3.15695597040708,1,15.94
2024-11-04 07:00:00,2.64830019669644,3.03244186237946,1,14.13
2024-11-04 08:00:00,2.60417007061482,3.14909489750179,1,13.52
2024-11-04 09:00:00,2.64119789411437,2.98537028922979,1,14.03
2024-11-04 10:00:00,2.58324255050886,2.70643196263644,1,13.24
2024-11-04 11:00:00,2.18941639488841,2.2478654018489,1,8.93
2024-11-04 12:00:00,1.54756250871601,2.05710767046155,1,4.7
2024-11-04 13:00:00,1.97685495290473,2.19827784466839,1,7.22
2024-11-04 14:00:00,2.39607543608138,2.47264473448436,1,10.98
2024-11-04 15:00:00,3.45347352622753,2.55538986442074,1,31.61
2024-11-04 16:00:00,2.36368019235386,2.63921569976696,1,10.63
2024-11-04 17:00:00,2.35232718488886,2.81919432774287,1,10.51
2024-11-04 18:00:00,2.2364452904895,2.77981756662477,1,9.36
2024-11-04 19:00:00,2.41769790009455,2.87149045122361,1,11.22
2024-11-04 20:00:00,2.30757263450508,2.63962151787336,1,10.05
2024-11-04 21:00:00,2.46129678414887,2.69645836230321,1,11.72
2024-11-04 22:00:00,2.62756295018952,2.51194394540376,1,13.84
2024-11-04 23:00:00,2.55800220485855,2.46998568479381,1,12.91
2024-11-05,2.46214966266538,2.5540255956628,1,11.73
2024-11-05 01:00:00,2.31550131826059,2.53365801970549,1,10.13
2024-11-05 02:00:00,2.2321626286975,2.52486214414956,1,9.32
2024-11-05 03:00:00,2.12704052047911,2.54124417991164,1,8.39
2024-11-05 04:00:00,2.21266038546606,2.60899797271814,1,9.14
2024-11-05 05:00:00,2.4706386779903,2.59613866541235,1,11.83
2024-11-05 06:00:00,2.56186769092413,2.70915414513943,1,12.96
2024-11-05 07:00:00,2.70404217970467,2.75215236148695,1,14.94
2024-11-05 08:00:00,2.36837283353205,2.65547839704773,1,10.68
2024-11-05 09:00:00,2.42391737816157,2.56683359173171,1,11.29
2024-11-05 10:00:00,1.68454538492091,2.07470334966051,1,5.39
2024-11-05 11:00:00,1.56653041142282,2.04486666933727,1,4.79
2024-11-05 12:00:00,2.07819075977818,1.93613910385344,1,7.99
2024-11-05 13:00:00,2.34660197841082,2.08249162406338,1,10.45
2024-11-05 14:00:00,2.37769256548085,2.45848145803131,1,10.78
2024-11-05 15:00:00,2.52892353520477,2.79954260646295,1,12.54
2024-11-05 16:00:00,3.29583686600433,2.97374175491721,1,27
2024-11-05 17:00:00,3.62327369701594,3.10444310506343,1,37.46
2024-11-05 18:00:00,3.26116873705845,3.08979274348761,1,26.08
2024-11-05 19:00:00,2.90799335924598,3.0343133922878,1,18.32
2024-11-05 20:00:00,2.88535921607262,2.92834287728257,1,17.91
2024-11-05 21:00:00,2.64546532591059,2.77982339708519,1,14.09
2024-11-05 22:00:00,2.40604380136228,2.68253223296038,1,11.09
2024-11-05 23:00:00,2.36085400111802,2.72272400595907,1,10.6
2024-11-06,2.36930872503695,2.57545908116654,1,10.69
2024-11-06 01:00:00,2.21920348405499,2.53053182915363,1,9.2
2024-11-06 02:00:00,2.22570404865809,2.51271997945342,1,9.26
2024-11-06 03:00:00,2.23323501485925,2.46489465816959,1,9.33
2024-11-06 04:00:00,2.14943391349987,2.42037886878687,1,8.58
2024-11-06 05:00:00,2.40784560365154,2.60673778958393,1,11.11
2024-11-06 06:00:00,2.6049094421827,2.69544393181526,1,13.53
2024-11-06 07:00:00,2.68784749378469,2.69577576440972,1,14.7
2024-11-06 08:00:00,2.42391737816157,2.62490659883343,1,11.29
2024-11-06 09:00:00,2.15871472257434,2.5185767603714,1,8.66
2024-11-06 10:00:00,2.04640168760164,2.43884891575639,1,7.74
2024-11-06 11:00:00,2.15176220325946,2.33650775045935,1,8.6
2024-11-06 12:00:00,2.18605127673809,2.28114828411376,1,8.9
2024-11-06 13:00:00,2.12704052047911,2.44289907736605,1,8.39
2024-11-06 14:00:00,2.50552593699074,2.50944637744967,1,12.25
2024-11-06 15:00:00,2.41054223449914,2.73932128164655,1,11.14
2024-11-06 16:00:00,2.70270259477561,2.82037969144918,1,14.92
2024-11-06 17:00:00,2.75110969056266,2.84860306442003,1,15.66
2024-11-06 18:00:00,2.77133794033813,2.81076335575073,1,15.98
2024-11-06 19:00:00,2.88088243187505,2.76447594197407,1,17.83
2024-11-06 20:00:00,2.68988623047454,2.84584934099835,1,14.73
2024-11-06 21:00:00,2.70068984669592,2.65378249494019,1,14.89
2024-11-06 22:00:00,2.64617479738412,2.70417640968167,1,14.1
2024-11-06 23:00:00,2.69665215614984,2.6402742031362,1,14.83
2024-11-07,2.85819285953193,2.43905457445864,1,17.43
2024-11-07 01:00:00,3.06944731137627,2.52071090706764,1,21.53
2024-11-07 02:00:00,2.99523214851231,2.41492971725119,1,19.99
2024-11-07 03:00:00,2.66722820658195,2.42872834435843,1,14.4
2024-11-07 04:00:00,2.5152741864044,2.58206674787387,1,12.37
2024-11-07 05:00:00,2.70203212877665,2.71621851011622,1,14.91
2024-11-07 06:00:00,2.69597761986794,2.69517214795158,1,14.82
2024-11-07 07:00:00,2.80638610182307,2.66229016423424,1,16.55
2024-11-07 08:00:00,2.58701187272515,2.73584404633639,1,13.29
2024-11-07 09:00:00,2.6686161318568,2.55980608481226,1,14.42
2024-11-07 10:00:00,2.75810940097495,2.42057336248122,1,15.77
2024-11-07 11:00:00,2.57566101305646,2.31066322545427,1,13.14
2024-11-07 12:00:00,2.66792241001143,2.22821186521872,1,14.41
2024-11-07 13:00:00,2.90690105984738,2.30355493557496,1,18.3
2024-11-07 14:00:00,2.92100872735805,2.47482381429412,1,18.56
2024-11-07 15:00:00,2.93172694357808,2.65158470475508,1,18.76
2024-11-07 16:00:00,2.98163334917449,2.88503168941743,1,19.72
2024-11-07 17:00:00,3.00171434523154,2.92915913286445,1,20.12
2024-11-07 18:00:00,2.96578839718092,2.77810547138561,1,19.41
2024-11-07 19:00:00,3.10906095886099,2.5272732584471,1,22.4
2024-11-07 20:00:00,3.09104245335832,2.6300328633259,1,22
2024-11-07 21:00:00,2.85186190313429,2.7536698477486,1,17.32
2024-11-07 22:00:00,2.68033636253469,2.68639811144679,1,14.59
2024-11-07 23:00:00,2.598235335095,2.63335297569399,1,13.44
2024-11-08,2.55022611590864,2.56737556717185,1,12.81
2024-11-08 01:00:00,2.48156774852249,2.51657893458266,1,11.96
2024-11-08 02:00:00,2.59600069729359,2.5111172241788,1,13.41
2024-11-08 03:00:00,2.67207754064339,2.53735547561745,1,14.47
2024-11-08 04:00:00,2.37117788445966,2.59190908572711,1,10.71
2024-11-08 05:00:00,2.2170272046324,2.60566647874318,1,9.18
2024-11-08 06:00:00,2.41591377830105,2.46940968264158,1,11.2
2024-11-08 07:00:00,2.28136145654242,2.54576918099855,1,9.79
2024-11-08 08:00:00,2.21156569460688,2.41259451688207,1,9.13
2024-11-08 09:00:00,2.278292400425,2.30566085633786,1,9.76
2024-11-08 10:00:00,2.37117788445966,2.24351930438481,1,10.71
2024-11-08 11:00:00,2.29958058397375,2.16558330911051,1,9.97
2024-11-08 12:00:00,2.28949985344539,2.00421007391374,1,9.87
2024-11-08 13:00:00,2.23430625224075,2.28748609740115,1,9.34
2024-11-08 14:00:00,2.42214432805168,2.59298150774353,1,11.27
2024-11-08 15:00:00,3.21767510429168,2.77524224352478,1,24.97
2024-11-08 16:00:00,3.80153827225287,3.05027125205791,1,44.77
2024-11-08 17:00:00,3.6341592419137,3.13428122416732,1,37.87
2024-11-08 18:00:00,3.19622113430339,3.04727925276079,1,24.44
2024-11-08 19:00:00,3.01357219168232,3.07101626798895,1,20.36
2024-11-08 20:00:00,3.03879176301444,3.10151852688348,1,20.88
2024-11-08 21:00:00,3.13113691056019,2.9895900449067,1,22.9
2024-11-08 22:00:00,3.08922261664133,2.98798229960301,1,21.96
2024-11-08 23:00:00,2.97960289162411,2.96695823272575,1,19.68
2024-11-09,2.75620524298926,2.94829150009427,1,15.74
2024-11-09 01:00:00,2.68920711330073,2.77932355982307,1,14.72
2024-11-09 02:00:00,2.73566536813518,2.7988747784126,1,15.42
2024-11-09 03:00:00,2.57413778351594,2.87298265948682,1,13.12
2024-11-09 04:00:00,2.49897390699944,2.87665992258209,1,12.17
2024-11-09 05:00:00,2.55256529826182,3.0454170355924,1,12.84
2024-11-09 06:00:00,2.61373952163097,3.07214823645783,1,13.65
2024-11-09 07:00:00,2.39151130218845,3.09756740858565,1,10.93
2024-11-09 08:00:00,2.51122395810537,2.92241198240575,1,12.32
2024-11-09 09:00:00,2.52172062291072,2.67603865099205,1,12.45
2024-11-09 10:00:00,2.85589532836619,2.31036422421705,1,17.39
2024-11-09 11:00:00,2.51930807650533,1.97033649228015,1,12.42
2024-11-09 12:00:00,1.61143591509677,1.79214770234981,1,5.01
2024-11-09 13:00:00,2.57718192589717,2.02536847308375,1,13.16
2024-11-09 14:00:00,3.3083508312958,2.33592516320483,1,27.34
2024-11-09 15:00:00,3.70622809244855,2.68311314755223,1,40.7
2024-11-09 16:00:00,3.52046080248897,3.00383620992609,1,33.8
2024-11-09 17:00:00,3.1027913458474,3.06703086156495,1,22.26
2024-11-09 18:00:00,2.84781214347737,3.06056624967812,1,17.25
2024-11-09 19:00:00,2.85647020622048,3.23153304365401,1,17.4
2024-11-09 20:00:00,3.1646308100158,3.2960332919975,1,23.68
2024-11-09 21:00:00,3.29175447028077,3.22286020809014,1,26.89
2024-11-09 22:00:00,2.90142159408275,3.220177366248,1,18.2
2024-11-09 23:00:00,2.73631366637507,3.15308322785663,1,15.43
2024-11-10,2.84316367490938,3.09712204518417,1,17.17
2024-11-10 01:00:00,2.51122395810537,3.04464024250174,1,12.32
2024-11-10 02:00:00,2.57945896672922,3.0272603861934,1,13.19
2024-11-10 03:00:00,2.43536620422786,3.00625407591191,1,11.42
2024-11-10 04:00:00,2.70671597808907,3.07326073402307,1,14.98
2024-11-10 05:00:00,2.8402473707136,3.14430125635623,1,17.12
2024-11-10 06:00:00,2.59001713419062,3.18275400167408,1,13.33
2024-11-10 07:00:00,2.59674613154354,3.22380233882473,1,13.42
2024-11-10 08:00:00,2.83673654206353,3.1753494510688,1,17.06
2024-11-10 09:00:00,2.85647020622048,3.09206011986386,1,17.4
2024-11-10 10:00:00,2.62611681833952,2.90994548110352,1,13.82
2024-11-10 11:00:00,2.71601837075139,2.74542961086079,1,15.12
2024-11-10 12:00:00,2.88535921607262,2.57561284442646,1,17.91
2024-11-10 13:00:00,3.26270130440823,2.66403011720315,1,26.12
2024-11-10 14:00:00,3.69087745677661,2.91026231441435,1,40.08
2024-11-10 15:00:00,3.81968839422535,3.14289337119588,1,45.59
2024-11-10 16:00:00,3.81749252158191,3.338842892225,1,45.49
2024-11-10 17:00:00,3.82078452499387,3.36105253595182,1,45.64
2024-11-10 18:00:00,3.61037722595898,3.43445437734494,1,36.98
2024-11-10 19:00:00,3.299164656097,3.21152991979954,1,27.09
2024-11-10 20:00:00,2.70203212877665,3.00873273646457,1,14.91
2024-11-10 21:00:00,2.66653352089928,3.1157286235361,1,14.39
2024-11-10 22:00:00,2.84141491316963,3.10244120733939,1,17.14
2024-11-10 23:00:00,2.50552593699074,2.98756226767365,1,12.25
2024-11-11,2.3869262414278,2.90864129121672,1,10.88
2024-11-11 01:00:00,2.32532457996354,2.79544013178539,1,10.23
2024-11-11 02:00:00,2.25444471766611,2.7944174891733,1,9.53
2024-11-11 03:00:00,2.4832385926873,2.75744551286231,1,11.98
2024-11-11 04:00:00,2.63977136034892,2.83028641023144,1,14.01
2024-11-11 05:00:00,2.77695417974942,2.96706000871958,1,16.07
2024-11-11 06:00:00,2.68852753461335,3.00692295247923,1,14.71
2024-11-11 07:00:00,2.48156774852249,3.05846581637371,1,11.96
2024-11-11 08:00:00,2.5360749363624,3.03595770664575,1,12.63
2024-11-11 09:00:00,2.57945896672922,2.96240030883129,1,13.19
2024-11-11 10:00:00,2.42745407503992,2.78866500171388,1,11.33
2024-11-11 11:00:00,2.40423874672055,2.73327907942389,1,11.07
2024-11-11 12:00:00,2.4923786646267,2.71327353534379,1,12.09
2024-11-11 13:00:00,2.85876641848083,2.75527334727334,1,17.44
2024-11-11 14:00:00,2.77757626375082,2.86657624337832,1,16.08
2024-11-11 15:00:00,2.82553689655788,3.03370616169813,1,16.87
2024-11-11 16:00:00,2.91289399524499,3.23259948622128,1,18.41
2024-11-11 17:00:00,2.93651291389402,3.34820963953037,1,18.85
2024-11-11 18:00:00,3.12324559385295,3.28964598410648,1,22.72
2024-11-11 19:00:00,3.01455402779458,3.23354633134896,1,20.38
2024-11-11 20:00:00,2.88759011493429,3.15721168952313,1,17.95
2024-11-11 21:00:00,2.79300390698237,3.05252646259118,1,16.33
2024-11-11 22:00:00,2.4923786646267,2.90002074487934,1,12.09
2024-11-11 23:00:00,2.62828523263335,2.82647957795566,1,13.85
2024-11-12,2.66514270009093,2.81590472024059,1,14.37
2024-11-12 01:00:00,2.70604819843154,2.64680902682701,1,14.97
2024-11-12 02:00:00,2.82612948916781,2.67046210915392,1,16.88
2024-11-12 03:00:00,2.61153930072137,2.7218377151979,1,13.62
2024-11-12 04:00:00,2.66235524184008,2.7841717894963,1,14.33
2024-11-12 05:00:00,2.76631910922619,2.81156520986213,1,15.9
2024-11-12 06:00:00,2.80819714970715,2.68662081120813,1,16.58
2024-11-12 07:00:00,2.73046379593911,2.6862401168095,1,15.34
2024-11-12 08:00:00,2.30158459266046,2.83059224988986,1,9.99
2024-11-12 09:00:00,2.31253542384721,2.74721080916395,1,10.1
2024-11-12 10:00:00,2.42568729012803,2.54215738675834,1,11.31
2024-11-12 11:00:00,2.39698576841553,2.40931572845334,1,10.99
2024-11-12 12:00:00,2.36085400111802,2.45269429858518,1,10.6
2024-11-12 13:00:00,2.44408465526775,2.51460442112997,1,11.52
2024-11-12 14:00:00,2.61885462229774,2.75386674495912,1,13.72
2024-11-12 15:00:00,2.57945896672922,2.88209254225744,1,13.19
2024-11-12 16:00:00,2.92852352386054,3.19988460531809,1,18.7
2024-11-12 17:00:00,3.6312503412773,3.28479780174268,1,37.76
2024-11-12 18:00:00,3.51838764907356,3.26084733652462,1,33.73
2024-11-12 19:00:00,3.3579418729912,3.25741891695792,1,28.73
2024-11-12 20:00:00,3.42751468997953,3.13971945934915,1,30.8
2024-11-12 21:00:00,3.08328517056185,2.93047869910945,1,21.83
2024-11-12 22:00:00,2.7427736371606,2.89438002951535,1,15.53
2024-11-12 23:00:00,2.69934576047206,2.74761518522972,1,14.87
2024-11-13,2.5360749363624,2.77508058067081,1,12.63
2024-11-13 01:00:00,2.41858876875035,2.60639031448762,1,11.23
2024-11-13 02:00:00,2.30158459266046,2.64108411182229,1,9.99
2024-11-13 03:00:00,2.24918431626693,2.5834536139212,1,9.48
2024-11-13 04:00:00,2.17928687664955,2.67056593787322,1,8.84
2024-11-13 05:00:00,2.50389194969908,2.83286106725545,1,12.23
2024-11-13 06:00:00,2.34755845863678,2.95343169941687,1,10.46
2024-11-13 07:00:00,2.48740352998659,2.91928737814118,1,12.03
2024-11-13 08:00:00,2.59674613154354,2.86912911482995,1,13.42
2024-11-13 09:00:00,2.39516427428714,2.86343493324194,1,10.97
2024-11-13 10:00:00,2.26384426467762,2.66161998555452,1,9.62
2024-11-13 11:00:00,2.51041194019636,2.58962710868002,1,12.31
2024-11-13 12:00:00,2.58097411853423,2.52910764768484,1,13.21
2024-11-13 13:00:00,2.5152741864044,2.75717147121103,1,12.37
2024-11-13 14:00:00,2.51203531717625,2.84407369571892,1,12.33
2024-11-13 15:00:00,2.49897390699944,2.9595593301068,1,12.17
2024-11-13 16:00:00,2.59749101053515,3.14260824102911,1,13.43
2024-11-13 17:00:00,2.58475198475772,3.23669861589251,1,13.26
2024-11-13 18:00:00,2.494031557565,3.28110910740055,1,12.11
2024-11-13 19:00:00,2.53131302260216,3.19365934515731,1,12.57
2024-11-13 20:00:00,2.85589532836619,3.1185883433318,1,17.39
2024-11-13 21:00:00,2.8320361808832,3.08504188544241,1,16.98
2024-11-13 22:00:00,2.71931979336044,2.8620434504777,1,15.17
2024-11-13 23:00:00,2.32140684723463,2.8190867937401,1,10.19
2024-11-14,2.46979301197795,2.75371102982383,1,11.82
2024-11-14 01:00:00,2.34755845863678,2.63848522369828,1,10.46
2024-11-14 02:00:00,2.27006190128849,2.6237494320262,1,9.68
2024-11-14 03:00:00,2.2975725511705,2.5943089315338,1,9.95
2024-11-14 04:00:00,2.39425228151987,2.71732559019166,1,10.96
2024-11-14 05:00:00,2.52812576890798,2.87408547894206,1,12.53
2024-11-14 06:00:00,2.65112705370259,3.01895717872657,1,14.17
2024-11-14 07:00:00,2.87356463957978,3.06498274357388,1,17.7
2024-11-14 08:00:00,2.59525470695687,2.95477642591031,1,13.4
2024-11-14 09:00:00,2.48073127837752,2.82490786657138,1,11.95
2024-11-14 10:00:00,2.46214966266538,2.60490975488878,1,11.73
2024-11-14 11:00:00,2.46044317760963,2.5779979045407,1,11.71
2024-11-14 12:00:00,2.84665205053984,2.50119146705259,1,17.23
2024-11-14 13:00:00,2.6686161318568,2.61008807497986,1,14.42
2024-11-14 14:00:00,2.17361471169709,2.66340882351316,1,8.79
2024-11-14 15:00:00,2.44841554120559,2.79128933835334,1,11.57
2024-11-14 16:00:00,2.56494935746154,2.84961911829949,1,13
2024-11-14 17:00:00,2.59674613154354,2.89941197271698,1,13.42
2024-11-14 18:00:00,2.53844741671603,2.99739752420039,1,12.66
2024-11-14 19:00:00,2.37861977927004,2.72209270020978,1,10.79
2024-11-14 20:00:00,2.15059873599616,2.58970010799111,1,8.59
2024-11-14 21:00:00,2.13653050866396,2.58881231026737,1,8.47
2024-11-14 22:00:00,2.10046890887191,2.47844223914862,1,8.17
2024-11-14 23:00:00,2.18492704952581,2.37938103222725,1,8.89
2024-11-15,2.34468626901268,2.3665253064007,1,10.43
2024-11-15 01:00:00,2.32727770558442,2.3670022268938,1,10.25
2024-11-15 02:00:00,2.32532457996354,2.43160498762868,1,10.23
2024-11-15 03:00:00,2.4466854369678,2.28794514560441,1,11.55
2024-11-15 04:00:00,2.41947884446554,2.32356559956191,1,11.24
2024-11-15 05:00:00,2.69732623773923,2.5056413719667,1,14.84
2024-11-15 06:00:00,2.73111547403321,2.55728006628089,1,15.35
2024-11-15 07:00:00,3.21124679770371,2.83157657282264,1,24.81
2024-11-15 08:00:00,3.12368563786445,2.73970957442015,1,22.73
2024-11-15 09:00:00,3.38167471517329,2.63506228738511,1,29.42
2024-11-15 10:00:00,2.19611284848353,2.21996508051844,1,8.99
2024-11-15 11:00:00,1.96850998097255,2.00266097091516,1,7.16
2024-11-15 12:00:00,2.25339484880327,2.07605245555752,1,9.52
2024-11-15 13:00:00,1.98375629154543,2.19226938558023,1,7.27
2024-11-15 14:00:00,2.6616571615325,2.38761144017105,1,14.32
2024-11-15 15:00:00,3.32647383546622,2.72546024348026,1,27.84
2024-11-15 16:00:00,3.56953269648137,2.97962615406756,1,35.5
2024-11-15 17:00:00,3.34849959266171,3.20800546994428,1,28.46
2024-11-15 18:00:00,3.55248682920838,3.08205634035202,1,34.9
2024-11-15 19:00:00,3.38235429386068,2.97007635092792,1,29.44
2024-11-15 20:00:00,2.97909463240097,2.95854307487517,1,19.67
2024-11-15 21:00:00,2.82435065679837,2.90835509667493,1,16.85
2024-11-15 22:00:00,2.86505394991188,2.96088050348249,1,17.55
2024-11-15 23:00:00,3.35863776724336,3.05787243280479,1,28.75
2024-11-16,3.24726889936942,2.98319077133384,1,25.72
2024-11-16 01:00:00,3.28503802712187,2.87776700078835,1,26.71
2024-11-16 02:00:00,2.99071973173045,2.84680078568791,1,19.9
2024-11-16 03:00:00,2.99972429482353,2.76462745696878,1,20.08
2024-11-16 04:00:00,3.03687421688517,2.80963908093331,1,20.84
2024-11-16 05:00:00,2.7330679640775,2.81114261380125,1,15.38
2024-11-16 06:00:00,2.77695417974942,2.91246054058315,1,16.07
2024-11-16 07:00:00,2.68580459215489,2.95341720420646,1,14.67
2024-11-16 08:00:00,2.7330679640775,2.92865549637637,1,15.38
2024-11-16 09:00:00,2.99872778253379,2.79809768733903,1,20.06
2024-11-16 10:00:00,2.17133680638409,2.47893549095829,1,8.77
2024-11-16 11:00:00,1.41585316336144,2.01986065700796,1,4.12
2024-11-16 12:00:00,1.4655675420144,1.99993976971663,1,4.33
2024-11-16 13:00:00,1.53255686809814,2.03663380965774,1,4.63
2024-11-16 14:00:00,1.48160454092422,2.15128980598808,1,4.4
2024-11-16 15:00:00,1.86097453824953,2.45591021058574,1,6.43
2024-11-16 16:00:00,2.61006979274201,3.07521553322836,1,13.6
2024-11-16 17:00:00,2.90087199253003,3.26896129285768,1,18.19
2024-11-16 18:00:00,3.04594998971461,3.39788601701218,1,21.03
2024-11-16 19:00:00,2.82494395257371,3.27792528881809,1,16.86
2024-11-16 20:00:00,2.77071196222692,3.2853158081775,1,15.97
2024-11-16 21:00:00,3.06944731137627,3.21653745639017,1,21.53
2024-11-16 22:00:00,2.74148497718845,3.12150520903792,1,15.51
2024-11-16 23:00:00,2.58248697812686,3.03723539443021,1,13.23
2024-11-17,2.36743606531366,2.9093375737474,1,10.67
2024-11-17 01:00:00,1.99197551589856,2.73362258500794,1,7.33
2024-11-17 02:00:00,2.05668455455722,2.49702793123581,1,7.82
2024-11-17 03:00:00,1.87793716546911,2.5032124442285,1,6.54
2024-11-17 04:00:00,1.78002421300963,2.49296874502572,1,5.93
2024-11-17 05:00:00,1.93441576962958,2.45465766357509,1,6.92
2024-11-17 06:00:00,2.06559613485778,2.32539246588853,1,7.89
2024-11-17 07:00:00,2.08193842187842,2.33400768343813,1,8.02
2024-11-17 08:00:00,2.08567209143047,2.17588244414835,1,8.05
2024-11-17 09:00:00,2.03731661537916,2.12096988067454,1,7.67
2024-11-17 10:00:00,2.14710019015365,1.85782052295699,1,8.56
2024-11-17 11:00:00,2.2935443483419,1.7841879222805,1,9.91
2024-11-17 12:00:00,2.42657107277504,1.84027326626914,1,11.32
2024-11-17 13:00:00,2.43009841329301,2.08858610046357,1,11.36
2024-11-17 14:00:00,2.27931646605469,2.23458396372796,1,9.77
2024-11-17 15:00:00,2.4466854369678,2.45065855002951,1,11.55
2024-11-17 16:00:00,2.56955412384829,2.66549896861039,1,13.06
2024-11-17 17:00:00,2.59301339111385,2.78997449649876,1,13.37
2024-11-17 18:00:00,2.40784560365154,2.81519188381365,1,11.11
2024-11-17 19:00:00,2.34468626901268,2.71741381772822,1,10.43
2024-11-17 20:00:00,2.2181159363676,2.81063633406478,1,9.19
2024-11-17 21:00:00,2.28645571106416,2.71618438820969,1,9.84
2024-11-17 22:00:00,1.99197551589856,2.6871417459564,1,7.33
2024-11-17 23:00:00,1.78507048107726,2.5238174329793,1,5.96
2024-11-18,2.01223279198639,2.49369305725809,1,7.48
2024-11-18 01:00:00,2.44927947214485,2.60979255164076,1,11.58
2024-11-18 02:00:00,2.32630161961136,2.52193396423429,1,10.24
2024-11-18 03:00:00,2.07944154167984,2.46955916768927,1,8
2024-11-18 04:00:00,2.19499988231411,2.36935128988602,1,8.98
2024-11-18 05:00:00,2.41947884446554,2.60170149220327,1,11.24
2024-11-18 06:00:00,2.90251989183181,3.20347345287589,1,18.22
2024-11-18 07:00:00,2.88368276974537,2.86350111994937,1,17.88
2024-11-18 08:00:00,3.08099211750481,2.81457923541961,1,21.78
2024-11-18 09:00:00,2.74019465442878,2.35321221233985,1,15.49
2024-11-18 10:00:00,1.71559810826249,2.00024435119137,1,5.56
2024-11-18 11:00:00,1.95160817016995,2.03302611470736,1,7.04
2024-11-18 12:00:00,2.07819075977818,2.18132113323651,1,7.99
2024-11-18 13:00:00,2.07693841146172,2.20526307833418,1,7.98
2024-11-18 14:00:00,2.24812890719799,2.34921115085636,1,9.47
2024-11-18 15:00:00,2.36930872503695,2.49530347802706,1,10.69
2024-11-18 16:00:00,2.56648663678042,2.7481045601262,1,13.02
2024-11-18 17:00:00,2.75684036527164,3.00624893517187,1,15.75
2024-11-18 18:00:00,2.64048488160644,3.18510716157418,1,14.02
2024-11-18 19:00:00,2.5922651681085,3.24635942721292,1,13.36
2024-11-18 20:00:00,2.73696154459663,3.23353306603041,1,15.44
2024-11-18 21:00:00,2.7047112998367,3.17251363374621,1,14.95
2024-11-18 22:00:00,2.75874331541773,3.08689657349946,1,15.78
2024-11-18 23:00:00,2.71667952780026,3.01692975458127,1,15.13
2024-11-19,2.55800220485855,2.99947909578185,1,12.91
2024-11-19 01:00:00,2.41054223449914,2.87862191349331,1,11.14
2024-11-19 02:00:00,2.5922651681085,2.80225586132906,1,13.36
2024-11-19 03:00:00,3.2414197893031,2.77983867345978,1,25.57
2024-11-19 04:00:00,3.36176331241675,2.89141923680442,1,28.84
2024-11-19 05:00:00,3.33967652501391,3.08440897386047,1,28.21
2024-11-19 06:00:00,3.31890213893533,3.27654543642762,1,27.63
2024-11-19 07:00:00,3.48553853009591,3.34320913898859,1,32.64
2024-11-19 08:00:00,3.54961738678043,3.20225472827065,1,34.8
2024-11-19 09:00:00,3.53514535417189,3.05291453286861,1,34.3
2024-11-19 10:00:00,3.52488885400471,2.89766172520608,1,33.95
2024-11-19 11:00:00,3.51927666972776,2.85631540915093,1,33.76
2024-11-19 12:00:00,3.41674259299762,2.71845583128327,1,30.47
2024-11-19 13:00:00,2.28543893415908,2.51244131343901,1,9.83
2024-11-19 14:00:00,1.49290409617815,1.94187959164082,1,4.45
2024-11-19 15:00:00,1.45628673293993,2.10831969332012,1,4.29
2024-11-19 16:00:00,1.93007108502557,2.25966472057943,1,6.89
2024-11-19 17:00:00,2.03339760317843,2.07418525511297,1,7.64
2024-11-19 18:00:00,1.55603713570699,1.54196659110078,1,4.74
2024-11-19 19:00:00,1.65822807660353,2.04582274213511,1,5.25
2024-11-19 20:00:00,1.54115907168081,2.11916967189031,1,4.67
2024-11-19 21:00:00,1.81645208181843,2.17713313163681,1,6.15
2024-11-19 22:00:00,2.42568729012803,2.2996326933994,1,11.31
2024-11-19 23:00:00,2.60194867021966,2.4753885866222,1,13.49
2024-11-20,1.84687876844913,2.188975660184,1,6.34
2024-11-20 01:00:00,1.94448055624572,2.3671674630835,1,6.99
2024-11-20 02:00:00,2.33795223683134,2.10957462492749,1,10.36
2024-11-20 03:00:00,2.55412171880947,2.06558980977018,1,12.86
2024-11-20 04:00:00,2.6217658325052,2.21724283635164,1,13.76
2024-11-20 05:00:00,2.27006190128849,2.40270743841915,1,9.68
2024-11-20 06:00:00,2.32434658477556,2.50145002201799,1,10.22
2024-11-20 07:00:00,2.31550131826059,2.4035419425026,1,10.13
2024-11-20 08:00:00,2.33020026002702,2.62099410812149,1,10.28
2024-11-20 09:00:00,2.16447179086441,2.48912335397961,1,8.71
2024-11-20 10:00:00,2.01490302054226,2.31410207370091,1,7.5
2024-11-20 11:00:00,1.90210752639692,2.11706937313291,1,6.7
2024-11-20 12:00:00,2.01490302054226,1.86259562422754,1,7.5
2024-11-20 13:00:00,2.22028985026722,2.04911999507327,1,9.21
2024-11-20 14:00:00,2.87582197688143,2.46816351982468,1,17.74
2024-11-20 15:00:00,3.01258939062041,2.7640558223387,1,20.34
2024-11-20 16:00:00,2.47737838336721,2.75417468871271,1,11.91
2024-11-20 17:00:00,2.33408376005342,2.80440330171223,1,10.32
2024-11-20 18:00:00,2.81720351499873,2.92392343960408,1,16.73
2024-11-20 19:00:00,2.3887627892351,2.42635228694816,1,10.9
2024-11-20 20:00:00,2.32630161961136,2.78559620788652,1,10.24
2024-11-20 21:00:00,2.4518667957098,2.68932106949907,1,11.61
2024-11-20 22:00:00,2.9590682891824,2.63968884005558,1,19.28
2024-11-20 23:00:00,2.92208573338569,2.66159361570477,1,18.58
2024-11-21,2.8530159713524,2.63930220593437,1,17.34
2024-11-21 01:00:00,2.86562358820697,2.5530755046976,1,17.56
2024-11-21 02:00:00,2.45616418092235,2.4596080250092,1,11.66
2024-11-21 03:00:00,2.33698651971138,2.41467202762915,1,10.35
2024-11-21 04:00:00,2.0906287310704,2.51061753065752,1,8.09
2024-11-21 05:00:00,2.01623546577604,2.56526638281664,1,7.51
2024-11-21 06:00:00,2.30558060197384,2.61631224530437,1,10.03
2024-11-21 07:00:00,2.72261035243354,2.78044612134461,1,15.22
2024-11-21 08:00:00,2.86960199640978,2.63214500679279,1,17.63
2024-11-21 09:00:00,2.52572864430826,2.57247322969137,1,12.5
2024-11-21 10:00:00,2.61153930072137,2.37866525042028,1,13.62
2024-11-21 11:00:00,2.3646204839135,2.2123250166871,1,10.64
2024-11-21 12:00:00,2.21593728626837,2.11406092339095,1,9.17
2024-11-21 13:00:00,2.08318452795867,2.18294354006772,1,8.03
2024-11-21 14:00:00,2.43185742869818,2.52555089501205,1,11.38
2024-11-21 15:00:00,2.67965072658051,2.83925867732045,1,14.58
2024-11-21 16:00:00,2.54317555791198,3.04544239538034,1,12.72
2024-11-21 17:00:00,2.62828523263335,3.23777538442483,1,13.85
2024-11-21 18:00:00,2.82612948916781,3.36285417524353,1,16.88
2024-11-21 19:00:00,2.81660560765656,3.22798563531899,1,16.72
2024-11-21 20:00:00,2.99021709286588,3.37732231317104,1,19.89
2024-11-21 21:00:00,2.88032142204266,3.33463440850204,1,17.82
2024-11-21 22:00:00,2.76757618041624,3.29483821005678,1,15.92
2024-11-21 23:00:00,2.82672173081971,3.19990969839761,1,16.89
2024-11-22,2.65535241210176,3.11022958283865,1,14.23
2024-11-22 01:00:00,2.55100645149252,3.01418850771202,1,12.82
2024-11-22 02:00:00,2.43624147780672,3.03451858299552,1,11.43
2024-11-22 03:00:00,2.70537997254633,2.98663508960515,1,14.96
2024-11-22 04:00:00,2.65042108826557,2.90808320245207,1,14.16
2024-11-22 05:00:00,2.26695791535089,2.8211861987495,1,9.65
2024-11-22 06:00:00,2.55567572067621,2.95043736950048,1,12.88
2024-11-22 07:00:00,2.56263899832835,2.86571599886455,1,12.97
2024-11-22 08:00:00,2.61153930072137,2.78091316046939,1,13.62
2024-11-22 09:00:00,2.86162928903051,2.69167277414702,1,17.49
2024-11-22 10:00:00,2.67965072658051,2.46119298255046,1,14.58
2024-11-22 11:00:00,2.44841554120559,2.25881923554162,1,11.57
2024-11-22 12:00:00,2.47317139356958,2.25426764595783,1,11.86
2024-11-22 13:00:00,2.78809290877575,2.45533421634831,1,16.25
2024-11-22 14:00:00,2.85933964864844,2.68794937201149,1,17.45
2024-11-22 15:00:00,2.7324175575505,2.85878860800746,1,15.37
2024-11-22 16:00:00,2.35612585992208,2.69668709481558,1,10.55
2024-11-22 17:00:00,2.47653840011748,3.02869951048906,1,11.9
2024-11-22 18:00:00,2.61373952163097,3.12479849746628,1,13.65
2024-11-22 19:00:00,2.52572864430826,2.86920632898068,1,12.5
2024-11-22 20:00:00,2.45014265735166,2.88050521379442,1,11.59
2024-11-22 21:00:00,2.44927947214485,2.54986505952218,1,11.58
2024-11-22 22:00:00,2.70404217970467,2.52259417021856,1,14.94
2024-11-22 23:00:00,2.78006073707848,2.44796565555807,1,16.12
2024-11-23,2.91235066461494,2.43764321857099,1,18.4
2024-11-23 01:00:00,2.7173402480093,2.45234068134478,1,15.14
2024-11-23 02:00:00,2.12345842709661,2.18670368199391,1,8.36
2024-11-23 03:00:00,1.89911798754855,2.32660636161831,1,6.68
2024-11-23 04:00:00,2.09924416897602,2.30131363646188,1,8.16
2024-11-23 05:00:00,2.36368019235386,2.5305174746116,1,10.63
2024-11-23 06:00:00,2.50552593699074,2.54056287511767,1,12.25
2024-11-23 07:00:00,2.76506045581899,2.72497193871972,1,15.88
2024-11-23 08:00:00,2.60343015197211,2.53607223503245,1,13.51
2024-11-23 09:00:00,2.04769284336526,2.17300686749485,1,7.75
2024-11-23 10:00:00,2.26488322581003,1.97399799538424,1,9.63
2024-11-23 11:00:00,1.9643112344262,1.79164707100014,1,7.13
2024-11-23 12:00:00,1.72988406550997,1.65366535854392,1,5.64
2024-11-23 13:00:00,2.15292431843964,1.70054330357143,1,8.61
2024-11-23 14:00:00,2.39607543608138,1.87616744318882,1,10.98
2024-11-23 15:00:00,2.51365606307399,2.36685075485349,1,12.35
2024-11-23 16:00:00,2.98770010185673,2.91292124329649,1,19.84
2024-11-23 17:00:00,3.09421922026864,3.22396063633383,1,22.07
2024-11-23 18:00:00,2.67345875633259,3.17687065203182,1,14.49
2024-11-23 19:00:00,2.60268968544438,3.03512664280327,1,13.5
2024-11-23 20:00:00,2.53923699433305,2.30740415730533,1,12.67
2024-11-23 21:00:00,2.53686638871871,2.16640264884594,1,12.64
2024-11-23 22:00:00,2.51041194019636,2.59154770869085,1,12.31
2024-11-23 23:00:00,2.50634193050807,2.70719967229192,1,12.26
2024-11-24,3.03974915897077,2.72112562013147,1,20.9
2024-11-24 01:00:00,3.15529684322533,2.63268671911287,1,23.46
2024-11-24 02:00:00,3.32934327789417,2.68224099496936,1,27.92
2024-11-24 03:00:00,3.58823004596401,2.85035523342123,1,36.17
2024-11-24 04:00:00,3.53689309711605,2.97012988824799,1,34.36
2024-11-24 05:00:00,3.30395199722332,3.0642185022432,1,27.22
2024-11-24 06:00:00,3.66458676154489,3.05048015691164,1,39.04
2024-11-24 07:00:00,3.41641434746702,2.95293344227368,1,30.46
2024-11-24 08:00:00,3.52223437670499,2.89963153038658,1,33.86
2024-11-24 09:00:00,3.08053287524646,2.74899784399932,1,21.77
2024-11-24 10:00:00,3.17471492908243,2.6686856423731,1,23.92
2024-11-24 11:00:00,3.08099211750481,2.54554691327719,1,21.78
2024-11-24 12:00:00,2.72063731660768,2.40590988031565,1,15.19
2024-11-24 13:00:00,2.43273577745909,2.52199330130845,1,11.39
2024-11-24 14:00:00,2.66235524184008,2.63703354043994,1,14.33
2024-11-24 15:00:00,3.24337329646859,2.9357873028332,1,25.62
2024-11-24 16:00:00,3.23750128899137,3.15555834526577,1,25.47
2024-11-24 17:00:00,3.32683296637329,3.31784230720775,1,27.85
2024-11-24 18:00:00,3.35200713747138,3.27419098188067,1,28.56
2024-11-24 19:00:00,3.08694315360738,3.21256917420634,1,21.91
2024-11-24 20:00:00,2.94233149682688,3.20531296847657,1,18.96
2024-11-24 21:00:00,3.43785069931019,3.11456285406002,1,31.12
2024-11-24 22:00:00,2.82731362192903,3.03465070479771,1,16.9
2024-11-24 23:00:00,3.04356960296815,2.8879504855966,1,20.98
2024-11-25,2.87130219517581,2.89002159886995,1,17.66
2024-11-25 01:00:00,2.80699014895711,2.8644405755656,1,16.56
2024-11-25 02:00:00,2.59600069729359,2.88518708936109,1,13.41
2024-11-25 03:00:00,2.50470927708418,2.9007756342361,1,12.24
2024-11-25 04:00:00,2.44581926107995,2.98460536260239,1,11.54
2024-11-25 05:00:00,2.71336936257981,3.13726889472763,1,15.08
2024-11-25 06:00:00,2.62684014567667,3.2043474352829,1,13.83
2024-11-25 07:00:00,2.57566101305646,3.20101796685483,1,13.14
2024-11-25 08:00:00,2.3767644911683,3.18826053502643,1,10.77
2024-11-25 09:00:00,2.44495233428097,3.08240088255827,1,11.53
2024-11-25 10:00:00,2.45358796653057,2.85548367489994,1,11.63
2024-11-25 11:00:00,2.50470927708418,2.56686789477033,1,12.24
2024-11-25 12:00:00,1.90210752639692,2.40643193884874,1,6.7
2024-11-25 13:00:00,2.10900034392138,2.3362893369819,1,8.24
2024-11-25 14:00:00,2.45873377548398,2.70001262392878,1,11.69
2024-11-25 15:00:00,2.96320908184843,2.97390372259423,1,19.36
2024-11-25 16:00:00,2.99523214851231,3.05287490007221,1,19.99
2024-11-25 17:00:00,3.08282698040492,3.28635378871107,1,21.82
2024-11-25 18:00:00,2.96269241947579,3.34289072611419,1,19.35
2024-11-25 19:00:00,2.94443897916644,3.3117078352054,1,19
2024-11-25 20:00:00,2.95178038602481,3.31976964581511,1,19.14
2024-11-25 21:00:00,2.74470351875025,3.23532871625767,1,15.56
2024-11-25 22:00:00,2.70203212877665,3.11791902038605,1,14.91
2024-11-25 23:00:00,2.72326716690707,3.07060282604358,1,15.23
2024-11-26,2.6440448711263,2.93746019532659,1,14.07
2024-11-26 01:00:00,2.54474665014402,2.89945386741266,1,12.74
2024-11-26 02:00:00,2.57261223020711,2.84427627674301,1,13.1
2024-11-26 03:00:00,2.56571829252441,2.82375150907374,1,13.01
2024-11-26 04:00:00,2.62394369180521,2.80564783371724,1,13.79
2024-11-26 05:00:00,2.68170622576261,2.87239900865647,1,14.61
2024-11-26 06:00:00,2.71137799119488,2.96086955079838,1,15.05
2024-11-26 07:00:00,2.91452221812845,3.1911293790276,1,18.44
2024-11-26 08:00:00,3.17010566049877,3.06429861874472,1,23.81
2024-11-26 09:00:00,2.85933964864844,2.9311774373009,1,17.45
2024-11-26 10:00:00,2.84839168565528,2.79027883016737,1,17.26
2024-11-26 11:00:00,2.60343015197211,2.45691051093679,1,13.51
2024-11-26 12:00:00,2.11866225483312,2.07966944018146,1,8.32
2024-11-26 13:00:00,2.84258109405982,2.33380305783404,1,17.16
2024-11-26 14:00:00,3.43656452549945,2.58742403124381,1,31.08
2024-11-26 15:00:00,3.48920825898487,2.89456330995862,1,32.76
2024-11-26 16:00:00,3.45631668088323,3.22283972012815,1,31.7
2024-11-26 17:00:00,3.28278915061185,3.26755096312581,1,26.65
2024-11-26 18:00:00,3.20437113866532,3.24983472126257,1,24.64
2024-11-26 19:00:00,3.08145114895653,3.16362392035621,1,21.79
2024-11-26 20:00:00,3.08282698040492,2.97711099583852,1,21.82
2024-11-26 21:00:00,2.8570447537801,2.82956325545535,1,17.41
2024-11-26 22:00:00,2.80759383143847,2.96777502115326,1,16.57
2024-11-26 23:00:00,3.00121720378456,2.84007691102992,1,20.11
2024-11-27,2.87016905057865,2.76956351365517,1,17.64
2024-11-27 01:00:00,2.99922616280825,2.74141272014748,1,20.07
2024-11-27 02:00:00,2.94180393152844,2.60662175336494,1,18.95
2024-11-27 03:00:00,2.79606107842492,2.68871713563999,1,16.38
2024-11-27 04:00:00,2.79545039138304,2.55729377767606,1,16.37
2024-11-27 05:00:00,2.66305283517147,2.67958818766972,1,14.34
2024-11-27 06:00:00,2.53051716104005,2.85237650632778,1,12.56
2024-11-27 07:00:00,2.46894663020927,2.89376945585705,1,11.81
2024-11-27 08:00:00,2.32238772029023,2.75009468877968,1,10.2
2024-11-27 09:00:00,2.29958058397375,2.86886851840902,1,9.97
2024-11-27 10:00:00,2.56494935746154,2.52385993714029,1,13
2024-11-27 11:00:00,2.65183252110398,2.63130569771495,1,14.18
2024-11-27 12:00:00,3.14501397626975,2.5929695104097,1,23.22
2024-11-27 13:00:00,3.05776766447344,2.6724032447654,1,21.28
2024-11-27 14:00:00,3.21084365317094,2.85144483055465,1,24.8
2024-11-27 15:00:00,3.12632184325759,2.97403684819899,1,22.79
2024-11-27 16:00:00,3.21967550503877,3.15868832452857,1,25.02
2024-11-27 17:00:00,3.14415227867226,3.2995848776057,1,23.2
2024-11-27 18:00:00,3.00815479355255,3.26840940444637,1,20.25
2024-11-27 19:00:00,3.01062088604774,3.15921841574584,1,20.3
2024-11-27 20:00:00,3.07269331469012,3.13310753521359,1,21.6
2024-11-27 21:00:00,3.03447210186992,3.05810354956468,1,20.79
2024-11-27 22:00:00,3.0878555624298,2.95770067941553,1,21.93
2024-11-27 23:00:00,3.08236858021354,2.8859808214461,1,21.81
2024-11-28,3.06805293513362,2.85279270375988,1,21.5
2024-11-28 01:00:00,3.00617753141553,2.7750718218523,1,20.21
2024-11-28 02:00:00,2.90908446682832,2.68786675892319,1,18.34
2024-11-28 03:00:00,2.91885122921803,2.65859468209352,1,18.52
2024-11-28 04:00:00,2.89259151463448,2.68116614317688,1,18.04
2024-11-28 05:00:00,2.86733055874947,2.7258534034712,1,17.59
2024-11-28 06:00:00,2.47317139356958,2.47933695789738,1,11.86
2024-11-28 07:00:00,1.34286480319255,2.26411878141725,1,3.83
2024-11-28 08:00:00,1.39376637595859,2.22591136893409,1,4.03
2024-11-28 09:00:00,1.40854497005471,1.98757067364866,1,4.09
2024-11-28 10:00:00,1.37624402526639,1.584076428491,1,3.96
2024-11-28 11:00:00,1.50185270175416,1.56652777547166,1,4.49
2024-11-28 12:00:00,1.7732559976635,1.5615090518508,1,5.89
2024-11-28 13:00:00,3.02286094094224,1.71136449403223,1,20.55
2024-11-28 14:00:00,2.18829594659192,1.86617136495782,1,8.92
2024-11-28 15:00:00,2.6217658325052,2.0968579514898,1,13.76
2024-11-28 16:00:00,2.598235335095,2.34160901411218,1,13.44
2024-11-28 17:00:00,2.81180943539306,2.60454016231987,1,16.64
2024-11-28 18:00:00,2.80396625793204,2.69702194486051,1,16.51
2024-11-28 19:00:00,2.70938264633599,2.48070822246581,1,15.02
2024-11-28 20:00:00,2.69867303928961,2.50933424190868,1,14.86
2024-11-28 21:00:00,2.64617479738412,2.58734786524177,1,14.1
2024-11-28 22:00:00,2.58475198475772,2.54712684455077,1,13.26
2024-11-28 23:00:00,2.50959926237837,2.46967750699843,1,12.3
2024-11-29,2.40694510831829,2.45542368992348,1,11.1
2024-11-29 01:00:00,2.76568998054862,2.42853760462692,1,15.89
2024-11-29 02:00:00,2.64546532591059,2.38026006100643,1,14.09
2024-11-29 03:00:00,2.14476100780048,2.16172979047886,1,8.54
2024-11-29 04:00:00,2.22678337957776,2.34136906051455,1,9.27
2024-11-29 05:00:00,2.29556047805708,2.15018416971838,1,9.93
2024-11-29 06:00:00,2.34084380511114,2.34639252312958,1,10.39
2024-11-29 07:00:00,2.86105737022739,2.18365570196314,1,17.48
2024-11-29 08:00:00,2.68375750853317,2.38342284882922,1,14.64
2024-11-29 09:00:00,2.51930807650533,2.31354017367786,1,12.42
2024-11-29 10:00:00,2.46725171454928,2.27231989435715,1,11.79
2024-11-29 11:00:00,2.08442908319087,1.93347404768891,1,8.04
2024-11-29 12:00:00,1.90657514365664,1.78856670795825,1,6.73
2024-11-29 13:00:00,2.2512917986065,2.11425004716595,1,9.5
2024-11-29 14:00:00,2.28033948404673,2.29803202236742,1,9.78
2024-11-29 15:00:00,2.56802155649851,2.46545587420864,1,13.04
2024-11-29 16:00:00,2.63116915676625,2.87139060685826,1,13.89
2024-11-29 17:00:00,2.83085763036376,2.97402700236419,1,16.96
2024-11-29 18:00:00,2.75620524298926,3.12669585683689,1,15.74
2024-11-29 19:00:00,2.96475746925456,3.09845819528607,1,19.39
2024-11-29 20:00:00,2.75874331541773,2.92535571590123,1,15.78
2024-11-29 21:00:00,3.02868337369368,3.02752403364523,1,20.67
2024-11-29 22:00:00,2.94601668130806,2.9284730582604,1,19.03
2024-11-29 23:00:00,2.79667139275574,2.97802073856437,1,16.39
2024-11-30,2.62684014567667,2.94832783590944,1,13.83
2024-11-30 01:00:00,2.51930807650533,2.77245274834929,1,12.42
2024-11-30 02:00:00,2.42391737816157,2.79641171062199,1,11.29
2024-11-30 03:00:00,2.54553127160444,2.78623965406731,1,12.75
2024-11-30 04:00:00,2.4748563139345,2.84744300152019,1,11.88
2024-11-30 05:00:00,2.78932292123095,2.97552291741427,1,16.27
2024-11-30 06:00:00,2.80032547721138,3.08171495634677,1,16.45
2024-11-30 07:00:00,2.82316300820271,3.22281422872044,1,16.83
2024-11-30 08:00:00,2.9704144655697,3.20003505522498,1,19.5
2024-11-30 09:00:00,2.96320908184843,3.08432466818589,1,19.36
2024-11-30 10:00:00,2.99473177322041,2.88839855462122,1,19.98
2024-11-30 11:00:00,2.77819796100429,2.69733123964089,1,16.09
2024-11-30 12:00:00,2.87356463957978,2.4854671544258,1,17.7
2024-11-30 13:00:00,3.10503500844444,2.40243100267773,1,22.31
2024-11-30 14:00:00,3.1925318495286,2.56394835727961,1,24.35
2024-11-30 15:00:00,3.34497970166393,3.09359711057456,1,28.36
2024-11-30 16:00:00,3.55734606415209,3.27757531088488,1,35.07
2024-11-30 17:00:00,3.33861250647053,3.45249431753485,1,28.18
2024-11-30 18:00:00,3.19581188526965,3.50392328397988,1,24.43
2024-11-30 19:00:00,3.12500460925813,3.39579199569479,1,22.76
2024-11-30 20:00:00,3.03350963788802,3.33837968137681,1,20.77
2024-11-30 21:00:00,2.83732253680635,3.31926893826112,1,17.07
2024-11-30 22:00:00,2.9041650800285,3.29363303969661,1,18.25
2024-11-30 23:00:00,2.59450815970308,3.16319661371205,1,13.39
2024-12-01,2.70805020110221,3.06069128888591,1,15
2024-12-01 01:00:00,2.58701187272515,3.00037151517311,1,13.29
2024-12-01 02:00:00,2.60859812213055,2.91341609176712,1,13.58
2024-12-01 03:00:00,2.62684014567667,2.8680928120496,1,13.83
2024-12-01 04:00:00,2.71997877196748,2.92805792106221,1,15.18
2024-12-01 05:00:00,2.49155119250667,2.95257624363204,1,12.08
2024-12-01 06:00:00,2.34755845863678,2.91952417210622,1,10.46
2024-12-01 07:00:00,2.22678337957776,2.84078599632459,1,9.27
2024-12-01 08:00:00,2.31154483436552,2.62042300674622,1,10.09
2024-12-01 09:00:00,2.13771044980381,2.83172183588482,1,8.48
2024-12-01 10:00:00,2.22678337957776,2.71182031508189,1,9.27
2024-12-01 11:00:00,2.32434658477556,2.69956756055088,1,10.22
2024-12-01 12:00:00,2.46214966266538,2.71163458682936,1,11.73
2024-12-01 13:00:00,2.45272775142377,2.84200397110471,1,11.62
2024-12-01 14:00:00,2.51850259921652,2.95613820651642,1,12.41
2024-12-01 15:00:00,2.46129678414887,3.0271445407117,1,11.72
2024-12-01 16:00:00,2.7948393311746,3.21490790878166,1,16.36
2024-12-01 17:00:00,2.74662968306969,3.34960114832311,1,15.59
2024-12-01 18:00:00,2.81839825827108,3.33555807797432,1,16.75
2024-12-01 19:00:00,2.86789890204411,3.33907077622994,1,17.6
2024-12-01 20:00:00,2.86562358820697,3.17182947935298,1,17.56
2024-12-01 21:00:00,2.49815187653802,3.13219959234544,1,12.16
2024-12-01 22:00:00,2.43711598595165,2.82536030106205,1,11.44
2024-12-01 23:00:00,2.32922702394047,2.85138191258739,1,10.27
2024-12-02,2.15986879079245,2.81075018014462,1,8.67
2024-12-02 01:00:00,2.25758772706331,2.66002694918817,1,9.56
2024-12-02 02:00:00,2.54553127160444,2.56710351541056,1,12.75
2024-12-02 03:00:00,2.68033636253469,2.65529141620908,1,14.59
2024-12-02 04:00:00,2.62103882411258,2.7990026796703,1,13.75
2024-12-02 05:00:00,2.61885462229774,2.92387184252607,1,13.72
2024-12-02 06:00:00,2.59749101053515,2.99686869114415,1,13.43
2024-12-02 07:00:00,2.79422789734326,3.06671499704159,1,16.35
2024-12-02 08:00:00,2.75556971707019,3.05898717464528,1,15.73
2024-12-02 09:00:00,2.930126516456,2.96955374906714,1,18.73
2024-12-02 10:00:00,2.84490938381941,2.85812611077634,1,17.2
2024-12-02 11:00:00,2.86846692250811,2.94075846711991,1,17.61
2024-12-02 12:00:00,3.15273602236366,2.91218216921708,1,23.4
2024-12-02 13:00:00,3.2561716096119,2.89052158013185,1,25.95
2024-12-02 14:00:00,3.26193531432865,3.08867306908458,1,26.1
2024-12-02 15:00:00,3.09738592728049,3.23102877166073,1,22.14
2024-12-02 16:00:00,3.23238417489299,3.42713194523279,1,25.34
2024-12-02 17:00:00,3.21326008608257,3.46780763829204,1,24.86
2024-12-02 18:00:00,3.2144661163795,3.46665961974394,1,24.89
2024-12-02 19:00:00,3.18013499655177,3.38058018872741,1,24.05
2024-12-02 20:00:00,3.06198806933106,3.29776749230142,1,21.37
2024-12-02 21:00:00,2.86391369893314,3.17586130971261,1,17.53
2024-12-02 22:00:00,2.79116510781272,3.14580062679737,1,16.3
2024-12-02 23:00:00,2.80638610182307,3.05422087471057,1,16.55
2024-12-03,2.98467132619457,2.98479403142344,1,19.78
2024-12-03 01:00:00,2.9247731846135,2.98759610799957,1,18.63
2024-12-03 02:00:00,2.98416563718253,3.01335424300636,1,19.77
2024-12-03 03:00:00,2.93598226914822,2.8571312905769,1,18.84
2024-12-03 04:00:00,2.98163334917449,2.91850141642171,1,19.72
2024-12-03 05:00:00,2.99922616280825,3.09200852822975,1,20.07
2024-12-03 06:00:00,2.96062309644042,3.12491137380848,1,19.31
2024-12-03 07:00:00,3.07823349506573,3.20130431386824,1,21.72
2024-12-03 08:00:00,2.84839168565528,3.11673068865929,1,17.26
2024-12-03 09:00:00,2.74791173452734,3.01984545444579,1,15.61
2024-12-03 10:00:00,2.71601837075139,2.86007172943245,1,15.12
2024-12-03 11:00:00,2.50634193050807,2.8114038578977,1,12.26
2024-12-03 12:00:00,2.56571829252441,2.67883974358134,1,13.01
2024-12-03 13:00:00,2.51284601847724,2.65903386428595,1,12.34
2024-12-03 14:00:00,2.83615020372953,2.89520292981035,1,17.05
2024-12-03 15:00:00,3.07269331469012,3.09343962295493,1,21.6
2024-12-03 16:00:00,3.08328517056185,3.30933669556475,1,21.83
2024-12-03 17:00:00,3.04927304048202,3.39486886555304,1,21.1
2024-12-03 18:00:00,3.00568260440716,3.35023319966918,1,20.2
2024-12-03 19:00:00,2.97960289162411,3.29343044930104,1,19.68
2024-12-03 20:00:00,2.87073578337931,3.21667549158482,1,17.65
2024-12-03 21:00:00,2.78068089213712,3.11964986917078,1,16.13
2024-12-03 22:00:00,2.78501124223834,3.04706690360545,1,16.2
2024-12-03 23:00:00,2.88256357544835,2.79485230216106,1,17.86
2024-12-04,2.78809290877575,2.81575638687055,1,16.25
2024-12-04 01:00:00,2.32238772029023,2.72956610005569,1,10.2
2024-12-04 02:00:00,2.10535292346434,2.79187327646414,1,8.21
2024-12-04 03:00:00,2.2060741926132,2.72885386375131,1,9.08
2024-12-04 04:00:00,2.42480272571829,2.83200252988797,1,11.3
2024-12-04 05:00:00,2.93172694357808,2.98917441785735,1,18.76
2024-12-04 06:00:00,2.71204222237175,2.97872206174995,1,15.06
2024-12-04 07:00:00,2.2321626286975,2.84009570604864,1,9.32
2024-12-04 08:00:00,2.07693841146172,2.86413976927855,1,7.98
2024-12-04 09:00:00,2.13888900032326,2.67454856102475,1,8.49
2024-12-04 10:00:00,2.29857707159651,2.44290983351864,1,9.96
2024-12-04 11:00:00,2.35042242240821,2.38168466216826,1,10.49
2024-12-04 12:00:00,2.43185742869818,2.39643860633383,1,11.38
2024-12-04 13:00:00,2.43973493114128,2.54361551909641,1,11.47
2024-12-04 14:00:00,2.71667952780026,2.77403183314314,1,15.13
2024-12-04 15:00:00,2.83380140640777,3.00418134464826,1,17.01
2024-12-04 16:00:00,3.24610181112179,3.14196913298522,1,25.69
2024-12-04 17:00:00,2.73436750941958,3.14618350862044,1,15.4
2024-12-04 18:00:00,2.57718192589717,3.16970089795485,1,13.16
2024-12-04 19:00:00,2.60268968544438,2.99915722297398,1,13.5
2024-12-04 20:00:00,2.63834278867739,2.90752911882126,1,13.99
2024-12-04 21:00:00,2.42833629829961,2.8809671498233,1,11.34
2024-12-04 22:00:00,2.37583555473364,2.79462075718858,1,10.76
2024-12-04 23:00:00,2.30757263450508,2.79433470423012,1,10.05
2024-12-05,2.24707238306379,2.7333470667192,1,9.46
2024-12-05 01:00:00,2.2170272046324,2.56958032223665,1,9.18
2024-12-05 02:00:00,2.28033948404673,2.39350045183513,1,9.78
2024-12-05 03:00:00,2.29857707159651,2.47500506751623,1,9.96
2024-12-05 04:00:00,2.30956070673047,2.54116628477718,1,10.07
2024-12-05 05:00:00,2.56955412384829,2.67514443556262,1,13.06
2024-12-05 06:00:00,2.78006073707848,2.77207327986587,1,16.12
2024-12-05 07:00:00,2.65112705370259,2.99802586608301,1,14.17
2024-12-05 08:00:00,2.49485698064117,2.78714746124508,1,12.12
2024-12-05 09:00:00,2.63332665490627,2.44260190157944,1,13.92
2024-12-05 10:00:00,2.21266038546606,2.18052349505716,1,9.14
2024-12-05 11:00:00,1.99061032797322,2.00727364273325,1,7.32
2024-12-05 12:00:00,1.53255686809814,1.94908683092681,1,4.63
2024-12-05 13:00:00,1.91985947185537,2.05678966532468,1,6.82
2024-12-05 14:00:00,2.16332302566054,2.2819480986221,1,8.7
2024-12-05 15:00:00,2.60268968544438,2.51946637575179,1,13.5
2024-12-05 16:00:00,2.63476240533238,2.984854969465,1,13.94
2024-12-05 17:00:00,2.86676189225703,3.15233851763276,1,17.58
2024-12-05 18:00:00,2.71667952780026,2.9977207270399,1,15.13
2024-12-05 19:00:00,2.51850259921652,2.62193367474053,1,12.41
2024-12-05 20:00:00,2.31550131826059,2.28901011159125,1,10.13
2024-12-05 21:00:00,2.09433015417359,2.37574164470507,1,8.12
2024-12-05 22:00:00,1.89461685466776,2.24449609812962,1,6.65
2024-12-05 23:00:00,1.97962120639763,2.33719703874366,1,7.24
2024-12-06,2.14476100780048,2.26419326938362,1,8.54
2024-12-06 01:00:00,2.51850259921652,2.15454045594836,1,12.41
2024-12-06 02:00:00,2.67276838695757,2.2005602476766,1,14.48
2024-12-06 03:00:00,2.55022611590864,2.07741481632363,1,12.81
2024-12-06 04:00:00,3.4071794533397,2.70057825043876,1,30.18
2024-12-06 05:00:00,3.47723206793815,3.02967737450625,1,32.37
2024-12-06 06:00:00,3.90721144843092,2.94773918958897,1,49.76
2024-12-06 07:00:00,3.4797004431501,2.9061344196951,1,32.45
2024-12-06 08:00:00,3.67020618884832,3.05660748367504,1,39.26
2024-12-06 09:00:00,3.81242364020539,3.07826481298142,1,45.26
2024-12-06 10:00:00,3.69957208365268,2.92260271346173,1,40.43
2024-12-06 11:00:00,3.44489523692787,2.83148875156535,1,31.34
2024-12-06 12:00:00,3.01357219168232,2.77525096768746,1,20.36
2024-12-06 13:00:00,3.36106959057138,2.84137033399299,1,28.82
2024-12-06 14:00:00,3.51005178657424,3.33015193324927,1,33.45
2024-12-06 15:00:00,3.63811233706028,3.48919045971035,1,38.02
2024-12-06 16:00:00,3.82297318859464,3.56762008128723,1,45.74
2024-12-06 17:00:00,3.86451202275709,3.58069985938073,1,47.68
2024-12-06 18:00:00,3.51898041731854,3.58987811112965,1,33.75
2024-12-06 19:00:00,2.39333945626251,3.35753879072836,1,10.95
2024-12-06 20:00:00,2.32727770558442,3.0820442945599,1,10.25
2024-12-06 21:00:00,2.34851402488245,2.91485803025944,1,10.47
2024-12-06 22:00:00,2.39242579699384,2.90251125030023,1,10.94
2024-12-06 23:00:00,2.21375387928743,2.72483508670839,1,9.15
2024-12-07,2.32042501112238,2.63247289832532,1,10.18
2024-12-07 01:00:00,2.16791018966744,2.60715726048477,1,8.74
2024-12-07 02:00:00,1.97408102602201,2.5077976637221,1,7.2
2024-12-07 03:00:00,2.2353763433006,2.60189782332054,1,9.35
2024-12-07 04:00:00,2.4518667957098,2.59671264841379,1,11.61
2024-12-07 05:00:00,2.46555392127219,2.72011735903211,1,11.77
2024-12-07 06:00:00,2.30458309565672,2.74136107940824,1,10.02
2024-12-07 07:00:00,1.97269117173296,2.5976472208803,1,7.19
2024-12-07 08:00:00,1.69561560867515,2.50937207629499,1,5.45
2024-12-07 09:00:00,1.76473079684014,2.41020635473963,1,5.84
2024-12-07 10:00:00,2.02946317187359,2.24013259528637,1,7.61
2024-12-07 11:00:00,1.86408013080768,2.03392170723865,1,6.45
2024-12-07 12:00:00,1.9643112344262,2.14725659633414,1,7.13
2024-12-07 13:00:00,2.08069076108027,2.2632870904953,1,8.01
2024-12-07 14:00:00,2.2554934854602,2.53548700819894,1,9.54
2024-12-07 15:00:00,2.69259809654329,2.75590278276619,1,14.77
2024-12-07 16:00:00,3.03447210186992,3.05305612375718,1,20.79
2024-12-07 17:00:00,3.37451111639965,3.24794295310705,1,29.21
2024-12-07 18:00:00,3.61118814639806,3.27398185849066,1,37.01
2024-12-07 19:00:00,3.52282486978385,3.40702025538988,1,33.88
2024-12-07 20:00:00,3.33967652501391,3.42203826875488,1,28.21
2024-12-07 21:00:00,3.26231838271104,3.22701772185736,1,26.11
2024-12-07 22:00:00,3.25540059955057,3.13457445590208,1,25.93
2024-12-07 23:00:00,3.01062088604774,2.94763145870922,1,20.3
2024-12-08,3.10682632105958,2.93452991641251,1,22.35
2024-12-08 01:00:00,2.92154737536461,2.86019276261292,1,18.57
2024-12-08 02:00:00,2.97603964020825,2.77008826350269,1,19.61
2024-12-08 03:00:00,3.05352937228021,2.76206476782149,1,21.19
2024-12-08 04:00:00,2.93119375241642,2.77915028169788,1,18.75
2024-12-08 05:00:00,2.75620524298926,2.83928797780674,1,15.74
2024-12-08 06:00:00,2.36179695262589,2.89601013240336,1,10.61
2024-12-08 07:00:00,2.34468626901268,2.88418809035172,1,10.43
2024-12-08 08:00:00,2.37024374146786,2.83440145156555,1,10.7
2024-12-08 09:00:00,2.49568172295596,2.67703126322973,1,12.13
2024-12-08 10:00:00,2.29051251175978,2.69981548929224,1,9.88
2024-12-08 11:00:00,2.30956070673047,2.60991362249103,1,10.07
2024-12-08 12:00:00,2.30657711426358,2.54270472548634,1,10.04
2024-12-08 13:00:00,2.41947884446554,2.77040252230018,1,11.24
2024-12-08 14:00:00,2.56955412384829,2.96686024604474,1,13.06
2024-12-08 15:00:00,2.4782176616372,2.85701572672217,1,11.92
2024-12-08 16:00:00,2.66444656362008,3.12374632734305,1,14.36
2024-12-08 17:00:00,2.82612948916781,2.99325922651609,1,16.88
2024-12-08 18:00:00,2.73371794785079,3.20237620519367,1,15.39
2024-12-08 19:00:00,2.54553127160444,3.24049157204404,1,12.75
2024-12-08 20:00:00,2.70671597808907,3.22208731417026,1,14.98
2024-12-08 21:00:00,2.37304355664261,3.11842458481578,1,10.73
2024-12-08 22:00:00,2.3887627892351,3.02103568497354,1,10.9
2024-12-08 23:00:00,2.30158459266046,2.79889152589261,1,9.99
2024-12-09,2.24601474150565,2.4138226636746,1,9.45
2024-12-09 01:00:00,2.2523438765573,2.06432433894716,1,9.51
2024-12-09 02:00:00,2.25023861262184,2.28254252436126,1,9.49
2024-12-09 03:00:00,2.12942147398486,2.05152424333007,1,8.41
2024-12-09 04:00:00,1.99470031322475,2.12954372742378,1,7.35
2024-12-09 05:00:00,2.06305806242931,2.24108926926821,1,7.87
2024-12-09 06:00:00,2.20165917440409,2.21766972299119,1,9.04
2024-12-09 07:00:00,2.25758772706331,2.51402729561307,1,9.56
2024-12-09 08:00:00,2.18154676461699,2.48799709577692,1,8.86
2024-12-09 09:00:00,2.18492704952581,2.39741611159536,1,8.89
2024-12-09 10:00:00,2.28949985344539,2.47303821515922,1,9.87
2024-12-09 11:00:00,2.05540496385159,2.04317844937851,1,7.81
2024-12-09 12:00:00,2.07442899985629,2.1791436824444,1,7.96
2024-12-09 13:00:00,2.23108909128898,2.35212341937781,1,9.31
2024-12-09 14:00:00,2.29656702066848,2.58281216176152,1,9.94
2024-12-09 15:00:00,2.33698651971138,2.56903000235942,1,10.35
2024-12-09 16:00:00,2.507971922719,2.77649149947925,1,12.28
2024-12-09 17:00:00,2.54002594900908,2.72596906037746,1,12.68
2024-12-09 18:00:00,2.52732736567195,2.80271087846795,1,12.52
2024-12-09 19:00:00,2.35707327827812,2.70088217482906,1,10.56
2024-12-09 20:00:00,2.39971180372477,2.74257089431425,1,11.02
2024-12-09 21:00:00,2.37024374146786,2.80995638863207,1,10.7
2024-12-09 22:00:00,2.40604380136228,2.69950017490993,1,11.09
2024-12-09 23:00:00,2.37211115564266,2.32992642361538,1,10.72
2024-12-10,2.23430625224075,2.43519853983094,1,9.34
2024-12-10 01:00:00,2.25339484880327,2.39016323196147,1,9.52
2024-12-10 02:00:00,2.21484617868604,1.92655873187434,1,9.16
2024-12-10 03:00:00,2.25023861262184,2.04154304715428,1,9.49
2024-12-10 04:00:00,2.31845844215034,2.34134240090926,1,10.16
2024-12-10 05:00:00,2.37024374146786,2.52195129936945,1,10.7
2024-12-10 06:00:00,2.23108909128898,2.29123769221813,1,9.31
2024-12-10 07:00:00,2.2935443483419,2.22952713239969,1,9.91
2024-12-10 08:00:00,2.32727770558442,2.46478859648452,1,10.25
2024-12-10 09:00:00,2.18941639488841,2.15837966148765,1,8.93
2024-12-10 10:00:00,2.16791018966744,2.14339516952946,1,8.74
2024-12-10 11:00:00,2.24707238306379,2.29536993794158,1,9.46
2024-12-10 12:00:00,2.29455292129678,2.02684288892349,1,9.92
2024-12-10 13:00:00,2.27521389619791,2.1374290754217,1,9.73
2024-12-10 14:00:00,2.34851402488245,2.23186839917985,1,10.47
2024-12-10 15:00:00,2.35422832614588,2.55726439230615,1,10.53
2024-12-10 16:00:00,2.36085400111802,2.6011963259464,1,10.6
2024-12-10 17:00:00,2.29857707159651,2.70929847341157,1,9.96
2024-12-10 18:00:00,2.27006190128849,2.36143431639892,1,9.68
2024-12-10 19:00:00,2.3869262414278,2.50198299886069,1,10.88
2024-12-10 20:00:00,2.35517754311322,2.59572763407036,1,10.54
2024-12-10 21:00:00,2.36085400111802,2.53993121974213,1,10.6
2024-12-10 22:00:00,2.41412646772695,2.53295871266446,1,11.18
2024-12-10 23:00:00,2.35707327827812,2.46533272606383,1,10.56
2024-12-11,2.37397508908072,2.73922607469256,1,10.74
2024-12-11 01:00:00,2.35707327827812,2.77207207494238,1,10.56
2024-12-11 02:00:00,2.28949985344539,2.77899683396047,1,9.87
2024-12-11 03:00:00,2.29253475714054,2.72041380280093,1,9.9
2024-12-11 04:00:00,2.47317139356958,2.71382840679732,1,11.86
2024-12-11 05:00:00,2.69530262827971,2.84363131414048,1,14.81
2024-12-11 06:00:00,2.82790516291049,2.96878747237739,1,16.91
2024-12-11 07:00:00,3.32503602069659,3.00521712278191,1,27.8
2024-12-11 08:00:00,3.48154773431581,2.96799054930088,1,32.51
2024-12-11 09:00:00,2.90471287516682,2.82341322842587,1,18.26
2024-12-11 10:00:00,2.26384426467762,2.57241498844711,1,9.62
2024-12-11 11:00:00,2.28543893415908,2.46178470085216,1,9.83
2024-12-11 12:00:00,2.23751309625033,2.42750158635866,1,9.37
2024-12-11 13:00:00,2.47905623610982,2.50588240566271,1,11.93
2024-12-11 14:00:00,2.74791173452734,2.57031059382213,1,15.61
2024-12-11 15:00:00,2.77819796100429,2.77383185003826,1,16.09
2024-12-11 16:00:00,2.87976009730157,3.20885210307408,1,17.81
2024-12-11 17:00:00,2.9263821954192,3.31698961082536,1,18.66
2024-12-11 18:00:00,2.85243910372751,3.31210345400422,1,17.33
2024-12-11 19:00:00,2.71469474382088,3.31788526583988,1,15.1
2024-12-11 20:00:00,2.66374994220563,3.29151792771837,1,14.35
2024-12-11 21:00:00,2.84141491316963,3.15075679214317,1,17.14
2024-12-11 22:00:00,2.78192004966867,3.13414778465399,1,16.15
2024-12-11 23:00:00,2.62611681833952,3.09265436524886,1,13.82
2024-12-12,2.48906465993666,3.05394186658557,1,12.05
2024-12-12 01:00:00,2.32140684723463,2.95898160663464,1,10.19
2024-12-12 02:00:00,2.46640317822344,2.92156537433902,1,11.78
2024-12-12 03:00:00,2.3646204839135,2.89673940611511,1,10.64
2024-12-12 04:00:00,2.33891702224144,2.95291070555162,1,10.37
2024-12-12 05:00:00,2.63762773680566,3.11110019733788,1,13.98
2024-12-12 06:00:00,2.67138621673062,3.21625785775042,1,14.46
2024-12-12 07:00:00,2.98921105656373,3.21255581157401,1,19.87
2024-12-12 08:00:00,2.60786147384678,3.17955593921451,1,13.57
2024-12-12 09:00:00,2.57870052907436,3.05543779953423,1,13.18
2024-12-12 10:00:00,2.84141491316963,2.87753203170408,1,17.14
2024-12-12 11:00:00,2.73760900334375,2.72358692706082,1,15.45
2024-12-12 12:00:00,2.50715725872282,2.60463830696517,1,12.27
2024-12-12 13:00:00,2.70001802940495,2.65033609873668,1,14.88
2024-12-12 14:00:00,2.97246364661464,2.85337805957987,1,19.54
2024-12-12 15:00:00,3.35759374418002,3.08370743427379,1,28.72
2024-12-12 16:00:00,3.35654862999327,3.1512109008016,1,28.69
2024-12-12 17:00:00,3.19744787745458,3.19107731866213,1,24.47
2024-12-12 18:00:00,3.00963517872298,3.15425926705661,1,20.28
2024-12-12 19:00:00,2.80032547721138,3.10942155453469,1,16.45
2024-12-12 20:00:00,2.75238601492226,3.05440808543779,1,15.68
2024-12-12 21:00:00,2.78315767358902,2.97066910720577,1,16.17
2024-12-12 22:00:00,2.71004820376488,2.96268312345085,1,15.03
2024-12-12 23:00:00,2.65675690671466,2.74449135243796,1,14.25
2024-12-13,2.57794151575519,2.68253526643221,1,13.17
2024-12-13 01:00:00,2.45958884180371,2.68993379454215,1,11.7
2024-12-13 02:00:00,2.44408465526775,2.5647162171829,1,11.52
2024-12-13 03:00:00,2.71204222237175,2.50991466556111,1,15.06
2024-12-13 04:00:00,2.56109578814555,2.7236170490423,1,12.95
2024-12-13 05:00:00,2.8130106367387,2.74126876565999,1,16.66
2024-12-13 06:00:00,2.68512269645851,2.8458806686448,1,14.66
2024-12-13 07:00:00,2.75556971707019,2.8770873247079,1,15.73
2024-12-13 08:00:00,2.61080481666337,2.80185988287156,1,13.61
2024-12-13 09:00:00,2.52812576890798,2.6898219256101,1,12.53
2024-12-13 10:00:00,2.59600069729359,2.43130990968423,1,13.41
2024-12-13 11:00:00,2.6447553507299,2.37895428650372,1,14.08
2024-12-13 12:00:00,2.6748380668961,2.36790020319748,1,14.51
2024-12-13 13:00:00,2.64900766046843,2.56420462818678,1,14.14
2024-12-13 14:00:00,2.76190687389292,2.68122745363693,1,15.83
2024-12-13 15:00:00,2.7669478423497,2.96027257908106,1,15.91
2024-12-13 16:00:00,2.68988623047454,3.0809106961039,1,14.73
2024-12-13 17:00:00,2.68102152871429,3.1517920751921,1,14.6
2024-12-13 18:00:00,2.59151638484626,3.00274929486214,1,13.35
2024-12-13 19:00:00,2.66374994220563,2.93902523319613,1,14.35
2024-12-13 20:00:00,2.56571829252441,2.90548714587747,1,13.01
2024-12-13 21:00:00,2.60786147384678,2.89645086585917,1,13.57
2024-12-13 22:00:00,2.65605490598383,2.66306636783349,1,14.24
2024-12-13 23:00:00,2.51769647261099,2.53732793908494,1,12.4
2024-12-14,2.51041194019636,2.74855474406238,1,12.31
2024-12-14 01:00:00,2.52492832413749,2.78061715682709,1,12.49
2024-12-14 02:00:00,2.53210825127229,2.8127325321153,1,12.58
2024-12-14 03:00:00,2.69192081917233,2.81271528696385,1,14.76
2024-12-14 04:00:00,2.61666563930036,2.82667001422926,1,13.69
2024-12-14 05:00:00,2.52172062291072,2.91448281658616,1,12.45
2024-12-14 06:00:00,2.44755086324423,2.84861358353539,1,11.56
2024-12-14 07:00:00,2.25444471766611,2.77327641908591,1,9.53
2024-12-14 08:00:00,2.29958058397375,2.86757763877213,1,9.97
2024-12-14 09:00:00,2.31253542384721,2.83738889534458,1,10.1
2024-12-14 10:00:00,2.26176309847379,2.50306221841167,1,9.6
2024-12-14 11:00:00,2.07693841146172,2.37789762188089,1,7.98
2024-12-14 12:00:00,2.07191327525904,2.27402467619958,1,7.94
2024-12-14 13:00:00,2.45702144629846,2.58892380937635,1,11.67
2024-12-14 14:00:00,2.88926002904347,2.88239102195017,1,17.98
2024-12-14 15:00:00,2.86789890204411,2.91749474083642,1,17.6
2024-12-14 16:00:00,2.78562833574758,2.91299662060237,1,16.21
2024-12-14 17:00:00,2.57794151575519,2.84053100275505,1,13.17
2024-12-14 18:00:00,2.4832385926873,2.84121464542522,1,11.98
2024-12-14 19:00:00,2.61520365073586,2.8627057332328,1,13.67
2024-12-14 20:00:00,2.598235335095,2.9197365640794,1,13.44
2024-12-14 21:00:00,2.64688376586472,2.83338177429333,1,14.11
2024-12-14 22:00:00,2.63404478779171,2.71824923895393,1,13.93
2024-12-14 23:00:00,2.6748380668961,2.56646365226714,1,14.51
2024-12-15,2.69462718077007,2.50710510391943,1,14.8
2024-12-15 01:00:00,2.71071331852169,2.38885535751796,1,15.04
2024-12-15 02:00:00,2.67000213346468,2.41321710451242,1,14.44
2024-12-15 03:00:00,2.47317139356958,2.45751288755812,1,11.86
2024-12-15 04:00:00,2.43973493114128,2.5572056006451,1,11.47
2024-12-15 05:00:00,2.68852753461335,2.37004870035768,1,14.71
2024-12-15 06:00:00,2.66305283517147,2.28406544819998,1,14.34
2024-12-15 07:00:00,2.59450815970308,2.27569700208647,1,13.39
2024-12-15 08:00:00,2.45873377548398,2.2036883162073,1,11.69
2024-12-15 09:00:00,2.31154483436552,2.25764587055913,1,10.09
2024-12-15 10:00:00,2.27109442590267,2.01981007002991,1,9.69
2024-12-15 11:00:00,2.34755845863678,2.06232064339195,1,10.46
2024-12-15 12:00:00,2.14006616349627,1.99678229725657,1,8.5
2024-12-15 13:00:00,1.89461685466776,2.01075217613089,1,6.65
2024-12-15 14:00:00,2.21266038546606,2.27087075420028,1,9.14
2024-12-15 15:00:00,2.52011290552262,2.48191618014191,1,12.43
2024-12-15 16:00:00,2.73501664933202,2.57428442883403,1,15.41
2024-12-15 17:00:00,2.91017438519234,2.77746132913011,1,18.36
2024-12-15 18:00:00,2.80093319524892,2.81032505797504,1,16.46
2024-12-15 19:00:00,2.87130219517581,2.77232147108914,1,17.66
2024-12-15 20:00:00,2.77321352700862,2.60995711476647,1,16.01
2024-12-15 21:00:00,2.7427736371606,2.46812830533185,1,15.53
2024-12-15 22:00:00,2.62466859216316,2.40704233284871,1,13.8
2024-12-15 23:00:00,2.40243042796376,2.17072289858851,1,11.05
2024-12-16,2.3767644911683,2.12789147959555,1,10.77
2024-12-16 01:00:00,2.33117254984596,2.0689065056534,1,10.29
2024-12-16 02:00:00,2.29051251175978,1.96179272319753,1,9.88
2024-12-16 03:00:00,2.42657107277504,2.03785851036303,1,11.32
2024-12-16 04:00:00,2.31352503303238,2.06054505060384,1,10.11
2024-12-16 05:00:00,2.2935443483419,2.09557059360489,1,9.91
2024-12-16 06:00:00,2.37861977927004,2.21673928620721,1,10.79
2024-12-16 07:00:00,2.19722457733622,2.15261357243727,1,9
2024-12-16 08:00:00,2.2364452904895,2.19385864997405,1,9.36
2024-12-16 09:00:00,2.37024374146786,2.3570379487866,1,10.7
2024-12-16 10:00:00,2.26072088889535,2.01227160361652,1,9.59
2024-12-16 11:00:00,2.23857976301813,1.86010125688478,1,9.38
2024-12-16 12:00:00,2.08318452795867,1.71622568026046,1,8.03
2024-12-16 13:00:00,1.55814461804655,1.76059217161838,1,4.75
2024-12-16 14:00:00,1.79674701073909,2.0639712799838,1,6.03
2024-12-16 15:00:00,2.02683159140754,2.21537688062359,1,7.59
2024-12-16 16:00:00,2.44927947214485,2.41539985889038,1,11.58
2024-12-16 17:00:00,2.2060741926132,2.4980548393349,1,9.08
2024-12-16 18:00:00,2.21920348405499,2.52391810148742,1,9.2
2024-12-16 19:00:00,2.19165353228676,2.45408228662355,1,8.95
2024-12-16 20:00:00,2.20055236742889,2.25050777600362,1,9.03
2024-12-16 21:00:00,2.30657711426358,2.33395432905764,1,10.04
2024-12-16 22:00:00,2.2523438765573,2.12456785120444,1,9.51
2024-12-16 23:00:00,2.00012773496011,2.00546217461946,1,7.39
2024-12-17,1.94161522477243,1.92154970250563,1,6.97
2024-12-17 01:00:00,1.79175946922805,1.78183388044057,1,6
2024-12-17 02:00:00,1.90359895098359,1.74175969061636,1,6.71
2024-12-17 03:00:00,1.94161522477243,1.79318080473876,1,6.97
2024-12-17 04:00:00,2.12345842709661,1.85244433415079,1,8.36
2024-12-17 05:00:00,2.48906465993666,1.93236873115006,1,12.05
2024-12-17 06:00:00,2.30956070673047,2.04296755918976,1,10.07
2024-12-17 07:00:00,2.45530618001171,2.14581949056737,1,11.65
2024-12-17 08:00:00,2.57108434602905,2.05787528980839,1,13.08
2024-12-17 09:00:00,2.36085400111802,2.11253173498886,1,10.6
2024-12-17 10:00:00,2.16332302566054,1.96387529560118,1,8.7
2024-12-17 11:00:00,2.2975725511705,1.84868615156244,1,9.95
2024-12-17 12:00:00,2.31944221006047,1.82335356105669,1,10.17
2024-12-17 13:00:00,2.2170272046324,1.98307393171412,1,9.18
2024-12-17 14:00:00,2.35801979988215,2.09278766730228,1,10.57
2024-12-17 15:00:00,2.7434173449395,2.4158530506301,1,15.54
2024-12-17 16:00:00,3.00518743232475,2.66875257440449,1,20.19
2024-12-17 17:00:00,2.87863650167774,2.69830972077227,1,17.79
2024-12-17 18:00:00,2.75684036527164,2.67710473428265,1,15.75
2024-12-17 19:00:00,2.83144707924613,2.50844847978082,1,16.97
2024-12-17 20:00:00,2.80578168959555,2.55764489304206,1,16.54
2024-12-17 21:00:00,2.80396625793204,2.52704965557139,1,16.51
2024-12-17 22:00:00,2.77633170851862,2.480864683955,1,16.06
2024-12-17 23:00:00,2.65042108826557,2.6123171479934,1,14.16
2024-12-18,2.67896462020711,2.5808925491607,1,14.57
2024-12-18 01:00:00,2.45358796653057,2.5264636387351,1,11.63
2024-12-18 02:00:00,2.50225528812261,2.63525097970831,1,12.21
2024-12-18 03:00:00,2.42921774392741,2.68949854182446,1,11.35
2024-12-18 04:00:00,2.39242579699384,2.74381038391752,1,10.94
2024-12-18 05:00:00,2.84432781939476,2.84005693314743,1,17.19
2024-12-18 06:00:00,3.54356462294908,2.91763251218321,1,34.59
2024-12-18 07:00:00,3.48737507790321,2.97629610487428,1,32.7
2024-12-18 08:00:00,3.68587494509364,2.91012626312201,1,39.88
2024-12-18 09:00:00,3.48981857331568,2.73685588766685,1,32.78
2024-12-18 10:00:00,3.07731226054641,2.36460967419862,1,21.7
2024-12-18 11:00:00,2.01223279198639,2.1321012983968,1,7.48
2024-12-18 12:00:00,1.78339121955754,2.22781792431934,1,5.95
2024-12-18 13:00:00,1.97546895129686,2.30388826743257,1,7.21
2024-12-18 14:00:00,2.05027016437956,2.40174384841668,1,7.77
2024-12-18 15:00:00,1.99605993274078,2.37811156681756,1,7.36
2024-12-18 16:00:00,2.12584791449399,2.57570668771632,1,8.38
2024-12-18 17:00:00,2.12584791449399,2.64815213684275,1,8.38
2024-12-18 18:00:00,2.10169215061466,2.57289144374366,1,8.18
2024-12-18 19:00:00,2.09679018001445,2.42971172205288,1,8.14
2024-12-18 20:00:00,2.22678337957776,2.31960658343044,1,9.27
2024-12-18 21:00:00,2.6049094421827,2.3280307262293,1,13.53
2024-12-18 22:00:00,3.54789176081296,2.75132530091756,1,34.74
2024-12-18 23:00:00,3.64466629943761,2.75015540754085,1,38.27
2024-12-19,3.61711488788463,2.51026745972403,1,37.23
2024-12-19 01:00:00,3.53193320365121,2.51474516442888,1,34.19
2024-12-19 02:00:00,3.49953328238302,2.37286604703366,1,33.1
2024-12-19 03:00:00,3.42783931260858,2.46409599949592,1,30.81
2024-12-19 04:00:00,3.41707073081845,2.61613875681198,1,30.48
2024-12-19 05:00:00,3.27146827498737,2.71858710276864,1,26.35
2024-12-19 06:00:00,3.20152618653309,2.79733914767675,1,24.57
2024-12-19 07:00:00,1.85473426838944,2.47972473701465,1,6.39
2024-12-19 08:00:00,1.83577635464483,2.45442682737498,1,6.27
2024-12-19 09:00:00,3.04927304048202,2.43044576644882,1,21.1
2024-12-19 10:00:00,2.81660560765656,2.29554955047647,1,16.72
2024-12-19 11:00:00,2.75874331541773,2.35115919014396,1,15.78
2024-12-19 12:00:00,2.52252351335931,2.0129377983568,1,12.46
2024-12-19 13:00:00,2.34755845863678,2.16679349135009,1,10.46
2024-12-19 14:00:00,2.43886271128659,2.32881534312336,1,11.46
2024-12-19 15:00:00,2.36368019235386,2.46543140908472,1,10.63
2024-12-19 16:00:00,2.37583555473364,2.56516214785702,1,10.76
2024-12-19 17:00:00,2.36837283353205,2.77926291064736,1,10.68
2024-12-19 18:00:00,2.50225528812261,2.57916176651825,1,12.21
2024-12-19 19:00:00,2.71071331852169,2.64783690341357,1,15.04
2024-12-19 20:00:00,2.19053558918542,2.54024552902955,1,8.94
2024-12-19 21:00:00,2.27418561847235,2.39576319656745,1,9.72
2024-12-19 22:00:00,2.2628042229822,2.2294281692126,1,9.61
2024-12-19 23:00:00,2.36930872503695,2.05340505330953,1,10.69
2024-12-20,2.19611284848353,2.15051317704356,1,8.99
2024-12-20 01:00:00,2.08691355651854,1.7353910249267,1,8.06
2024-12-20 02:00:00,1.97129938306013,1.68728132729195,1,7.18
2024-12-20 03:00:00,2.15059873599616,1.7365918723877,1,8.59
2024-12-20 04:00:00,2.33117254984596,1.77948371148067,1,10.29
2024-12-20 05:00:00,2.45358796653057,2.00847744714243,1,11.63
2024-12-20 06:00:00,2.67896462020711,2.16277623556033,1,14.57
2024-12-20 07:00:00,2.6217658325052,2.26460073672804,1,13.76
2024-12-20 08:00:00,2.8142103969306,2.33786254675845,1,16.68
2024-12-20 09:00:00,3.15827620273927,2.2008897730095,1,23.53
2024-12-20 10:00:00,2.33988087773774,1.93218224632126,1,10.38
2024-12-20 11:00:00,2.27521389619791,2.01140457742479,1,9.73
2024-12-20 12:00:00,2.27726728500976,1.81801820366896,1,9.75
2024-12-20 13:00:00,2.60194867021966,2.15034522054529,1,13.49
2024-12-20 14:00:00,2.4932054526027,2.18548419325625,1,12.1
2024-12-20 15:00:00,2.51769647261099,2.47436596310576,1,12.4
2024-12-20 16:00:00,2.73890266458497,2.75758340852296,1,15.47
2024-12-20 17:00:00,2.73046379593911,2.71267664611583,1,15.34
2024-12-20 18:00:00,3.05022045883806,2.87030618778596,1,21.12
2024-12-20 19:00:00,2.99423114742772,2.84443133170876,1,19.97
2024-12-20 20:00:00,2.58851563240702,2.76204129337459,1,13.31
2024-12-20 21:00:00,2.67207754064339,2.65127216121428,1,14.47
2024-12-20 22:00:00,2.6748380668961,2.64663618652666,1,14.51
2024-12-20 23:00:00,2.76443053453832,2.63868089608773,1,15.87
2024-12-21,2.68988623047454,2.77333832924012,1,14.73
2024-12-21 01:00:00,2.68307421503203,2.73909000348694,1,14.63
2024-12-21 02:00:00,2.57031952763613,2.71475770398846,1,13.07
2024-12-21 03:00:00,2.53765721517353,2.70158287867616,1,12.65
2024-12-21 04:00:00,2.49155119250667,2.67786625476844,1,12.08
2024-12-21 05:00:00,2.55412171880947,2.60844503277619,1,12.86
2024-12-21 06:00:00,2.50959926237837,2.61721450499244,1,12.3
2024-12-21 07:00:00,2.54709867004445,2.6335529071639,1,12.77
2024-12-21 08:00:00,2.60564826748413,2.62844700060082,1,13.54
2024-12-21 09:00:00,2.56571829252441,2.40261161003692,1,13.01
2024-12-21 10:00:00,2.42921774392741,2.02867089647899,1,11.35
2024-12-21 11:00:00,2.38784493694487,1.94675915360175,1,10.89
2024-12-21 12:00:00,2.29958058397375,1.87744260122365,1,9.97
2024-12-21 13:00:00,2.3767644911683,1.91037538281279,1,10.77
2024-12-21 14:00:00,2.36743606531366,2.16047327840196,1,10.67
2024-12-21 15:00:00,2.45530618001171,2.30811840975426,1,11.65
2024-12-21 16:00:00,2.50878592357794,2.55551085828743,1,12.29
2024-12-21 17:00:00,2.56571829252441,2.65717611255258,1,13.01
2024-12-21 18:00:00,2.71931979336044,2.61548697045136,1,15.17
2024-12-21 19:00:00,2.67896462020711,2.6869646321727,1,14.57
2024-12-21 20:00:00,2.65955999194178,2.68641149681564,1,14.29
2024-12-21 21:00:00,2.58021682959233,2.81005254331097,1,13.2
2024-12-21 22:00:00,2.62684014567667,2.51012107118623,1,13.83
2024-12-21 23:00:00,2.51203531717625,2.53530691042568,1,12.33
2024-12-22,2.31055326264322,2.22153059284558,1,10.08
2024-12-22 01:00:00,2.19611284848353,2.11134682492609,1,8.99
2024-12-22 02:00:00,2.14943391349987,2.00062640386745,1,8.58
2024-12-22 03:00:00,2.35707327827812,1.93564564009934,1,10.56
2024-12-22 04:00:00,2.34468626901268,1.80700935218111,1,10.43
2024-12-22 05:00:00,2.41054223449914,1.9492117336007,1,11.14
2024-12-22 06:00:00,2.40874528882244,2.229598024967,1,11.12
2024-12-22 07:00:00,2.36085400111802,2.04716373995628,1,10.6
2024-12-22 08:00:00,2.31845844215034,1.99556461002896,1,10.16
2024-12-22 09:00:00,2.58776403522771,2.23742179942825,1,13.3
2024-12-22 10:00:00,2.37117788445966,2.06664750504303,1,10.71
2024-12-22 11:00:00,2.278292400425,1.92026388347778,1,9.76
2024-12-22 12:00:00,2.18829594659192,1.98087386937611,1,8.92
2024-12-22 13:00:00,1.93296963777958,2.01789193534871,1,6.91
2024-12-22 14:00:00,2.16905370036952,2.22406001155417,1,8.75
2024-12-22 15:00:00,2.42568729012803,2.63433843032815,1,11.31
2024-12-22 16:00:00,2.46894663020927,2.90500135121057,1,11.81
2024-12-22 17:00:00,2.67069441455844,3.02761193192773,1,14.45
2024-12-22 18:00:00,2.76631910922619,3.04305053789403,1,15.9
2024-12-22 19:00:00,2.85819285953193,3.01845980164207,1,17.43
2024-12-22 20:00:00,2.97195174488859,2.86663600702268,1,19.53
2024-12-22 21:00:00,2.76190687389292,2.77912829113842,1,15.83
2024-12-22 22:00:00,2.48407296903942,2.53523504179368,1,11.99
2024-12-22 23:00:00,2.44841554120559,2.38928834320785,1,11.57
2024-12-23,2.47989410796446,2.44689504052875,1,11.94
2024-12-23 01:00:00,2.41502052232383,2.51066546533884,1,11.19
2024-12-23 02:00:00,2.38416507998647,2.60306362376987,1,10.85
2024-12-23 03:00:00,2.44060639089142,2.60182878015093,1,11.48
2024-12-23 04:00:00,2.55567572067621,2.5630202856653,1,12.88
2024-12-23 05:00:00,2.63905732961526,2.62997900339223,1,14
2024-12-23 06:00:00,2.69867303928961,2.74697851434094,1,14.86
2024-12-23 07:00:00,2.94391252482419,2.74481413266468,1,18.99
2024-12-23 08:00:00,3.00370044320317,2.72173524542813,1,20.16
2024-12-23 09:00:00,2.9637254774189,2.46579022585675,1,19.37
2024-12-23 10:00:00,2.54474665014402,2.16961391161324,1,12.74
2024-12-23 11:00:00,2.13060982825424,2.04842022992555,1,8.42
2024-12-23 12:00:00,2.15176220325946,1.91291340445681,1,8.6
2024-12-23 13:00:00,2.002830439308,1.98243318164565,1,7.41
2024-12-23 14:00:00,2.77196352684586,2.34627673621729,1,15.99
2024-12-23 15:00:00,3.07269331469012,2.72767915284126,1,21.6
2024-12-23 16:00:00,2.99573227355399,2.83043045214484,1,20
2024-12-23 17:00:00,3.26461371654205,3.10132540273919,1,26.17
2024-12-23 18:00:00,3.12324559385295,3.06804598432067,1,22.72
2024-12-23 19:00:00,3.25540059955057,3.07201038106573,1,25.93
2024-12-23 20:00:00,3.09648217665413,3.25221737256663,1,22.12
2024-12-23 21:00:00,3.11839228628988,3.02890755931331,1,22.61
2024-12-23 22:00:00,3.0643250650196,2.87312064367922,1,21.42
2024-12-23 23:00:00,2.8396630879041,2.66849429830328,1,17.11
2024-12-24,2.60268968544438,2.53983290624364,1,13.5
2024-12-24 01:00:00,2.36179695262589,2.08391705689569,1,10.61
2024-12-24 02:00:00,2.27931646605469,2.1217364165341,1,9.77
2024-12-24 03:00:00,2.17928687664955,2.35053265123146,1,8.84
2024-12-24 04:00:00,2.14943391349987,2.16070116839434,1,8.58
2024-12-24 05:00:00,2.35137525716348,2.28879890223747,1,10.5
2024-12-24 06:00:00,2.3823200610129,2.31547139839693,1,10.83
2024-12-24 07:00:00,2.77133794033813,2.37951708834377,1,15.98
2024-12-24 08:00:00,2.78993736057439,2.5152071473585,1,16.28
2024-12-24 09:00:00,3.19006474301408,2.49781599798877,1,24.29
2024-12-24 10:00:00,2.83438912314523,2.26429770638828,1,17.02
2024-12-24 11:00:00,2.73176672771953,2.19344112779203,1,15.36
2024-12-24 12:00:00,2.49815187653802,2.09646522222094,1,12.16
2024-12-24 13:00:00,2.45014265735166,2.06013340697862,1,11.59
2024-12-24 14:00:00,2.37024374146786,2.10086418417702,1,10.7
2024-12-24 15:00:00,2.53290284805626,2.50873452106183,1,12.59
2024-12-24 16:00:00,2.59151638484626,2.7911645208744,1,13.35
2024-12-24 17:00:00,2.9704144655697,3.09292642793271,1,19.5
2024-12-24 18:00:00,2.86277214629776,3.07827627425912,1,17.51
2024-12-24 19:00:00,2.89369954798884,3.17328147794279,1,18.06
2024-12-24 20:00:00,2.80819714970715,3.01251050306259,1,16.58
2024-12-24 21:00:00,2.84723226523555,2.95860843053089,1,17.24
2024-12-24 22:00:00,2.97909463240097,3.08344710189589,1,19.67
2024-12-24 23:00:00,2.84723226523555,2.94952560052902,1,17.24
2024-12-25,2.65042108826557,2.8746319265882,1,14.16
2024-12-25 01:00:00,2.61812549357422,2.92048041193996,1,13.71
2024-12-25 02:00:00,2.64333388638252,2.87864936468398,1,14.06
2024-12-25 03:00:00,2.51688969564105,2.92045209339729,1,12.39
2024-12-25 04:00:00,2.65183252110398,2.98532553565407,1,14.18
2024-12-25 05:00:00,2.86562358820697,3.07822849513738,1,17.56
2024-12-25 06:00:00,2.82435065679837,3.08623381519573,1,16.85
2024-12-25 07:00:00,3.11395965491864,3.15207364668953,1,22.51
2024-12-25 08:00:00,3.05163990549229,3.0481429718601,1,21.15
2024-12-25 09:00:00,3.14242665270479,2.70919441737819,1,23.16
2024-12-25 10:00:00,3.01062088604774,2.35205657836257,1,20.3
2024-12-25 11:00:00,2.78315767358902,2.1923874718562,1,16.17
2024-12-25 12:00:00,2.34276688262688,2.11135561450009,1,10.41
2024-12-25 13:00:00,2.22245904851476,2.14960536695531,1,9.23
2024-12-25 14:00:00,2.53369681395743,2.40950896717639,1,12.6
2024-12-25 15:00:00,3.44105891508729,2.90846559526182,1,31.22
2024-12-25 16:00:00,3.61818871349117,3.20720723443518,1,37.27
2024-12-25 17:00:00,3.39182021984956,3.38185837489442,1,29.72
2024-12-25 18:00:00,3.46385914278687,3.44449418681288,1,31.94
2024-12-25 19:00:00,3.20071185424053,3.25105943644122,1,24.55
2024-12-25 20:00:00,2.89591193827178,3.27872954203666,1,18.1
2024-12-25 21:00:00,3.06198806933106,3.29941105689365,1,21.37
2024-12-25 22:00:00,2.94916463773766,3.15565570268756,1,19.09
2024-12-25 23:00:00,2.51850259921652,3.07223426028612,1,12.41
2024-12-26,2.56417983068251,3.05493177997887,1,12.99
2024-12-26 01:00:00,2.60712428251225,3.00696671749135,1,13.56
2024-12-26 02:00:00,2.5152741864044,2.99573070140737,1,12.37
2024-12-26 03:00:00,2.56571829252441,2.97672647120332,1,13.01
2024-12-26 04:00:00,2.81120829320484,3.02872263808696,1,16.63
2024-12-26 05:00:00,2.77133794033813,3.06500854303248,1,15.98
2024-12-26 06:00:00,2.94549105711724,3.12226701933836,1,19.02
2024-12-26 07:00:00,2.75174805636793,2.96037718627321,1,15.67
2024-12-26 08:00:00,2.8160073426073,3.09545463595986,1,16.71
2024-12-26 09:00:00,2.94021956362373,3.02764080142401,1,18.92
2024-12-26 10:00:00,2.98618686071046,2.89402959581858,1,19.81
2024-12-26 11:00:00,2.77881927199042,2.85693546363599,1,16.1
2024-12-26 12:00:00,2.9871959425317,2.78438874067351,1,19.83
2024-12-26 13:00:00,3.08831145484708,2.88290838888143,1,21.94
2024-12-26 14:00:00,3.30284925864438,2.99956378975367,1,27.19
2024-12-26 15:00:00,3.46573590279973,3.20033670542129,1,32
2024-12-26 16:00:00,3.60032142713214,3.36558968395168,1,36.61
2024-12-26 17:00:00,3.47815842279828,3.43727554038188,1,32.4
2024-12-26 18:00:00,3.6341592419137,3.46352812354439,1,37.87
2024-12-26 19:00:00,3.4522073025699,3.33286107813846,1,31.57
2024-12-26 20:00:00,3.03350963788802,3.34187810451167,1,20.77
2024-12-26 21:00:00,3.25037449192757,3.17813440234235,1,25.8
2024-12-26 22:00:00,3.37485340632255,3.11630086290835,1,29.22
2024-12-26 23:00:00,3.06851794327964,3.00984840103708,1,21.51
2024-12-27,3.03254624667671,2.89311139935205,1,20.75
2024-12-27 01:00:00,3.30211342343826,2.7722297801594,1,27.17
2024-12-27 02:00:00,3.31491301306514,2.78496433673018,1,27.52
2024-12-27 03:00:00,3.39417276672519,2.77122094102679,1,29.79
2024-12-27 04:00:00,3.30100865440672,3.06613404234388,1,27.14
2024-12-27 05:00:00,3.09648217665413,3.14522203380846,1,22.12
2024-12-27 06:00:00,2.92369907065416,3.1823945459229,1,18.61
2024-12-27 07:00:00,3.10816770288378,3.2341110352692,1,22.38
2024-12-27 08:00:00,2.84954976337591,3.23742751021789,1,17.28
2024-12-27 09:00:00,2.93225985059842,3.18018810032865,1,18.77
2024-12-27 10:00:00,2.75366071235426,3.06807206361588,1,15.7
2024-12-27 11:00:00,2.87976009730157,3.01215966158045,1,17.81
2024-12-27 12:00:00,3.04594998971461,2.9883399262337,1,21.03
2024-12-27 13:00:00,3.26155209914864,3.08838146939963,1,26.09
2024-12-27 14:00:00,3.4323729991306,3.24136887802122,1,30.95
2024-12-27 15:00:00,3.70302887721836,3.38838320035645,1,40.57
2024-12-27 16:00:00,3.58684672854878,3.53329791489133,1,36.12
2024-12-27 17:00:00,3.53689309711605,3.6136217045284,1,34.36
2024-12-27 18:00:00,3.47258737774883,3.61700912689931,1,32.22
2024-12-27 19:00:00,3.26842760369745,3.55592895882718,1,26.27
2024-12-27 20:00:00,3.2144661163795,3.46828356334047,1,24.89
2024-12-27 21:00:00,3.7532617130432,3.39017267045249,1,42.66
2024-12-27 22:00:00,3.14673514709052,3.31862581877748,1,23.26
2024-12-27 23:00:00,3.2699490950522,3.23423476761227,1,26.31
2024-12-28,3.22684399451738,3.16718811669156,1,25.2
2024-12-28 01:00:00,3.28316431475056,3.102750497483,1,26.66
2024-12-28 02:00:00,3.34144737725638,3.07238855277159,1,28.26
2024-12-28 03:00:00,3.0652583362026,3.05503548033127,1,21.44
2024-12-28 04:00:00,3.06805293513362,3.10838940690111,1,21.5
2024-12-28 05:00:00,3.09149689553837,3.17022598904126,1,22.01
2024-12-28 06:00:00,3.23198946401358,3.19786338979008,1,25.33
2024-12-28 07:00:00,3.2240623515555,3.14953158249612,1,25.13
2024-12-28 08:00:00,3.0130809118886,3.22373253307514,1,20.35
2024-12-28 09:00:00,2.8953592994072,3.192726397132,1,18.09
2024-12-28 10:00:00,3.10324048126928,3.08408483336366,1,22.27
2024-12-28 11:00:00,3.03254624667671,3.01256086587896,1,20.75
2024-12-28 12:00:00,3.14156272176553,2.9133064851297,1,23.14
2024-12-28 13:00:00,3.23001356927866,3.00599799728755,1,25.28
2024-12-28 14:00:00,3.26842760369745,3.1450183717859,1,26.27
2024-12-28 15:00:00,3.48247010179089,3.28518326584881,1,32.54
2024-12-28 16:00:00,3.63389514578118,3.45993745095975,1,37.86
2024-12-28 17:00:00,3.64571095871256,3.56377949635888,1,38.31
2024-12-28 18:00:00,3.3261145755378,3.56392125338869,1,27.83
2024-12-28 19:00:00,3.13809951484091,3.45006173145161,1,23.06
2024-12-28 20:00:00,3.2216719121702,3.39877911893077,1,25.07
2024-12-28 21:00:00,3.24024585060439,3.26588871712428,1,25.54
2024-12-28 22:00:00,3.08328517056185,3.26108863324711,1,21.83
2024-12-28 23:00:00,3.16378585855024,3.09590498812272,1,23.66
2024-12-29,3.33541364111615,3.08045888904277,1,28.09
2024-12-29 01:00:00,3.23907053215372,3.04996141046285,1,25.51
2024-12-29 02:00:00,3.25462899457402,2.96788787429345,1,25.91
2024-12-29 03:00:00,3.21927574488953,3.00634231055855,1,25.01
2024-12-29 04:00:00,3.21205259952008,3.04084124413117,1,24.83
2024-12-29 05:00:00,3.15529684322533,3.07191074476666,1,23.46
2024-12-29 06:00:00,3.18841661738349,3.11757049929112,1,24.25
2024-12-29 07:00:00,3.17429678147023,3.17260782940036,1,23.91
2024-12-29 08:00:00,3.10906095886099,3.04188908629878,1,22.4
2024-12-29 09:00:00,2.99972429482353,2.94291805704484,1,20.08
2024-12-29 10:00:00,2.92262380173335,2.90398743275406,1,18.59
2024-12-29 11:00:00,2.83615020372953,2.87112804998964,1,17.05
2024-12-29 12:00:00,2.89148225218019,2.87689517100034,1,18.02
2024-12-29 13:00:00,3.08967788639652,2.9027754147714,1,21.97
2024-12-29 14:00:00,3.29398329735501,3.08367436614723,1,26.95
2024-12-29 15:00:00,3.38099467434464,3.32010205907345,1,29.4
2024-12-29 16:00:00,3.43107975614403,3.40951370191417,1,30.91
2024-12-29 17:00:00,3.52282486978385,3.47909957218156,1,33.88
2024-12-29 18:00:00,3.48247010179089,3.53609730812241,1,32.54
2024-12-29 19:00:00,3.43881424523346,3.44330523509905,1,31.15
2024-12-29 20:00:00,3.37176857097134,3.31220720623315,1,29.13
2024-12-29 21:00:00,3.28541234866844,3.25892009847308,1,26.72
2024-12-29 22:00:00,3.23356737361119,3.17571900610502,1,25.37
2024-12-29 23:00:00,3.24610181112179,3.09247582211835,1,25.69
2024-12-30,3.22565280914722,3.0432921214382,1,25.17
2024-12-30 01:00:00,3.24649099190117,2.91506013132225,1,25.7
2024-12-30 02:00:00,3.28989331210348,2.79513881844592,1,26.84
2024-12-30 03:00:00,3.28802868355652,2.89684616262445,1,26.79
2024-12-30 04:00:00,3.20315286440296,2.96179376593932,1,24.61
2024-12-30 05:00:00,3.09783749649114,3.04965765058346,1,22.15
2024-12-30 06:00:00,3.2511493854185,3.05465546988487,1,25.82
2024-12-30 07:00:00,3.32467624375441,3.13880786943858,1,27.79
2024-12-30 08:00:00,3.32143241319329,3.16171345201418,1,27.7
2024-12-30 09:00:00,3.12192429879175,3.06178211464925,1,22.69
2024-12-30 10:00:00,2.94074796522123,2.8893257142185,1,18.93
2024-12-30 11:00:00,2.4518667957098,2.5676899971353,1,11.61
2024-12-30 12:00:00,2.52172062291072,2.39713184481936,1,12.45
2024-12-30 13:00:00,2.81660560765656,2.61199032825064,1,16.72
2024-12-30 14:00:00,3.10906095886099,2.95474196463585,1,22.4
2024-12-30 15:00:00,3.17094529111065,3.16772499430333,1,23.83
2024-12-30 16:00:00,3.34814816057234,3.35933605926456,1,28.45
2024-12-30 17:00:00,3.3375473545857,3.34325417404746,1,28.15
2024-12-30 18:00:00,3.02916704964023,3.36885096311271,1,20.68
2024-12-30 19:00:00,2.81899509505394,3.33110115586521,1,16.76
2024-12-30 20:00:00,2.91668906621354,3.21874409496914,1,18.48
2024-12-30 21:00:00,2.7434173449395,3.05458723275508,1,15.54
2024-12-30 22:00:00,2.66235524184008,3.06339791381421,1,14.33
2024-12-30 23:00:00,2.65885995691144,3.00632325406096,1,14.28
2024-12-31,2.71336936257981,2.95755426429969,1,15.08
2024-12-31 01:00:00,2.6748380668961,2.83929489108816,1,14.51
2024-12-31 02:00:00,2.63691217326887,2.84588871499653,1,13.97
2024-12-31 03:00:00,2.61666563930036,2.84560455717886,1,13.69
2024-12-31 04:00:00,2.89646427189532,2.84310660755608,1,18.11
2024-12-31 05:00:00,3.10234200861225,3.00781486428773,1,22.25
2024-12-31 06:00:00,3.30468648128131,2.89304699580576,1,27.24
2024-12-31 07:00:00,3.2519236789144,3.04935034256184,1,25.84
2024-12-31 08:00:00,3.2260500286162,3.11060712963916,1,25.18
2024-12-31 09:00:00,3.08922261664133,2.94966798967093,1,21.96
2024-12-31 10:00:00,2.96681826338935,2.79107534144863,1,19.43
2024-12-31 11:00:00,2.95230271562665,2.68495041024438,1,19.15
2024-12-31 12:00:00,2.77633170851862,2.55214483065995,1,16.06
2024-12-31 13:00:00,2.81660560765656,2.80014836503735,1,16.72
2024-12-31 14:00:00,2.84258109405982,2.93961186430195,1,17.16
2024-12-31 15:00:00,2.8953592994072,3.10882600587018,1,18.09
2024-12-31 16:00:00,3.00766084441926,3.26959056847594,1,20.24
2024-12-31 17:00:00,2.85128436918812,3.40069696210319,1,17.31
2024-12-31 18:00:00,2.79850010402428,3.36737116772953,1,16.42
2024-12-31 19:00:00,2.85819285953193,3.34652840993444,1,17.43
2024-12-31 20:00:00,2.78747733473353,3.2438831184706,1,16.24
2024-12-31 21:00:00,2.72261035243354,3.09857535498408,1,15.22
2024-12-31 22:00:00,2.72523502585631,2.93989561716456,1,15.26
2024-12-31 23:00:00,2.94127608775793,3.01883293291966,1,18.94
2025-01-01,3.04642538786951,2.91973644514905,1,21.04
2025-01-01 01:00:00,2.97603964020825,2.81160120728701,1,19.61
2025-01-01 02:00:00,2.82553689655788,2.87131647958496,1,16.87
2025-01-01 03:00:00,2.79667139275574,2.73384052373065,1,16.39
2025-01-01 04:00:00,2.87299950817169,2.91924464595918,1,17.69
2025-01-01 05:00:00,2.87863650167774,3.05200283787181,1,17.79
2025-01-01 06:00:00,2.90087199253003,2.94058004983447,1,18.19
2025-01-01 07:00:00,2.8225686545448,2.89567302229513,1,16.82
2025-01-01 08:00:00,2.77633170851862,3.13768121735936,1,16.06
2025-01-01 09:00:00,2.74983173511717,3.01137317493345,1,15.64
2025-01-01 10:00:00,2.66930937278578,2.72402455415942,1,14.43
2025-01-01 11:00:00,2.70938264633599,2.36888736935743,1,15.02
2025-01-01 12:00:00,2.2181159363676,1.81450138517126,1,9.19
2025-01-01 13:00:00,1.55603713570699,1.67386071059792,1,4.74
2025-01-01 14:00:00,1.43983512804792,1.52187758901999,1,4.22
2025-01-01 15:00:00,1.52822785700856,1.55824200853622,1,4.61
2025-01-01 16:00:00,1.88706964903238,1.70555002397938,1,6.6
2025-01-01 17:00:00,2.30956070673047,1.95406187965081,1,10.07
2025-01-01 18:00:00,2.58475198475772,2.23493691577434,1,13.26
2025-01-01 19:00:00,2.44321622273379,2.4136455868365,1,11.51
2025-01-01 20:00:00,2.52091708731103,2.10587862531889,1,12.44
2025-01-01 21:00:00,2.47148362945586,2.2647775401471,1,11.84
2025-01-01 22:00:00,2.11142458753289,1.85491803364837,1,8.26
2025-01-01 23:00:00,1.51951320490611,1.56236081400015,1,4.57
2025-01-02,1.48160454092422,1.6871185760421,1,4.4
2025-01-02 01:00:00,1.43983512804792,1.63629836848813,1,4.22
2025-01-02 02:00:00,1.44456326924387,1.39189475788951,1,4.24
2025-01-02 03:00:00,1.70474809223843,1.44473556371304,1,5.5
2025-01-02 04:00:00,1.98513086220859,1.47459730170385,1,7.28
2025-01-02 05:00:00,2.27418561847235,1.60285427225464,1,9.72
2025-01-02 06:00:00,2.57718192589717,1.77234488958573,1,13.16
2025-01-02 07:00:00,2.95438931001961,2.02097945061537,1,19.19
2025-01-02 08:00:00,3.25462899457402,2.17328723659504,1,25.91
2025-01-02 09:00:00,3.42295887344367,2.32455049105094,1,30.66
2025-01-02 10:00:00,3.33967652501391,2.2740782453479,1,28.21
2025-01-02 11:00:00,3.15230858059609,2.38893636788272,1,23.39
2025-01-02 12:00:00,3.13113691056019,2.29595339868516,1,22.9
2025-01-02 13:00:00,3.22565280914722,2.47081173938507,1,25.17
2025-01-02 14:00:00,3.20030443928277,2.74567576009444,1,24.54
2025-01-02 15:00:00,3.02577639490237,2.8768640299085,1,20.61
2025-01-02 16:00:00,3.12368563786445,3.16568530336938,1,22.73
2025-01-02 17:00:00,2.94338579318178,3.23573915999019,1,18.98
2025-01-02 18:00:00,2.96320908184843,3.34059059333678,1,19.36
2025-01-02 19:00:00,3.06292352309431,3.3446494199724,1,21.39
2025-01-02 20:00:00,3.09149689553837,3.30160165172672,1,22.01
2025-01-02 21:00:00,3.08099211750481,3.21706908521311,1,21.78
2025-01-02 22:00:00,2.84258109405982,2.93752381199448,1,17.16
2025-01-02 23:00:00,2.73176672771953,2.71442655561015,1,15.36
2025-01-03,2.55800220485855,2.57496391977481,1,12.91
2025-01-03 01:00:00,2.46640317822344,2.4112395123561,1,11.78
2025-01-03 02:00:00,2.41858876875035,2.50071355582389,1,11.23
2025-01-03 03:00:00,2.26488322581003,2.26528355588493,1,9.63
2025-01-03 04:00:00,2.39242579699384,2.46512636557416,1,10.94
2025-01-03 05:00:00,2.47653840011748,2.63796156482268,1,11.9
2025-01-03 06:00:00,2.54396141256932,2.62116281188402,1,12.73
2025-01-03 07:00:00,2.69530262827971,2.74784787654141,1,14.81
2025-01-03 08:00:00,2.59076704048748,2.61573583027321,1,13.34
2025-01-03 09:00:00,2.63260800593535,2.30866474693673,1,13.91
2025-01-03 10:00:00,2.31550131826059,2.05071733919066,1,10.13
2025-01-03 11:00:00,2.28848616861454,1.83977404292444,1,9.86
2025-01-03 12:00:00,2.08691355651854,1.76492175534817,1,8.06
2025-01-03 13:00:00,2.40333499609419,2.0271124591747,1,11.06
2025-01-03 14:00:00,2.43009841329301,2.17773554842796,1,11.36
2025-01-03 15:00:00,2.84781214347737,2.59234110910258,1,17.25
2025-01-03 16:00:00,2.56263899832835,2.47881600461015,1,12.97
2025-01-03 17:00:00,2.49897390699944,2.40250570966708,1,12.17
2025-01-03 18:00:00,2.67000213346468,2.71080716052886,1,14.44
2025-01-03 19:00:00,2.96990151351947,2.82402351331059,1,19.49
2025-01-03 20:00:00,3.07269331469012,2.95698804678802,1,21.6
2025-01-03 21:00:00,2.85876641848083,2.58697945146186,1,17.44
2025-01-03 22:00:00,2.7868613815265,2.53055675840924,1,16.23
2025-01-03 23:00:00,3.05870707271538,2.67594946562642,1,21.3
2025-01-04,2.65745841498615,2.26654231191682,1,14.26
2025-01-04 01:00:00,2.70001802940495,2.14061676683405,1,14.88
2025-01-04 02:00:00,2.7669478423497,2.05362638685984,1,15.91
2025-01-04 03:00:00,2.66722820658195,1.96477591039316,1,14.4
2025-01-04 04:00:00,2.67690347210537,2.12046928261021,1,14.54
2025-01-04 05:00:00,2.71469474382088,2.33932645168306,1,15.1
2025-01-04 06:00:00,2.94496515650034,2.35668983293991,1,19.01
2025-01-04 07:00:00,2.99272776453369,2.87073089503496,1,19.94
2025-01-04 08:00:00,2.91180703861623,2.78964935234972,1,18.39
2025-01-04 09:00:00,2.69462718077007,2.53889456301179,1,14.8
2025-01-04 10:00:00,2.73046379593911,2.30707630645434,1,15.34
2025-01-04 11:00:00,2.54238908520136,2.19233579713153,1,12.71
2025-01-04 12:00:00,2.47905623610982,2.24733975595777,1,11.93
2025-01-04 13:00:00,2.54317555791198,2.31501658062158,1,12.72
2025-01-04 14:00:00,2.59450815970308,2.38156306423187,1,13.39
2025-01-04 15:00:00,2.74470351875025,2.6067231623324,1,15.56
2025-01-04 16:00:00,2.86505394991188,3.19809906465699,1,17.55
2025-01-04 17:00:00,3.06339092202781,3.38819019056835,1,21.4
2025-01-04 18:00:00,2.88368276974537,3.15627226439702,1,17.88
2025-01-04 19:00:00,2.82494395257371,3.1521390239385,1,16.86
2025-01-04 20:00:00,2.93545134266906,3.24511266499262,1,18.83
2025-01-04 21:00:00,2.78377591163035,2.98636927750795,1,16.18
2025-01-04 22:00:00,2.7324175575505,3.19145252758527,1,15.37
2025-01-04 23:00:00,2.75429745226753,3.10600003591092,1,15.71
2025-01-05,2.83380140640777,3.11620186762898,1,17.01
2025-01-05 01:00:00,2.57718192589717,3.05595885504498,1,13.16
2025-01-05 02:00:00,2.59376105470008,2.93024143629537,1,13.38
2025-01-05 03:00:00,2.67414864942653,3.09268523746352,1,14.5
2025-01-05 04:00:00,3.10368941505908,3.15653701909827,1,22.28
2025-01-05 05:00:00,3.07315617051879,3.18908418086065,1,21.61
2025-01-05 06:00:00,3.27070897350822,3.20803043383476,1,26.33
2025-01-05 07:00:00,3.26880819361641,3.18267198383096,1,26.28
2025-01-05 08:00:00,3.19948911106801,3.16132130892067,1,24.52
2025-01-05 09:00:00,4.07431190847186,3.07092703806328,1,58.81
2025-01-05 10:00:00,2.98163334917449,2.8877958297133,1,19.72
2025-01-05 11:00:00,2.97297528643137,2.75534385772474,1,19.55
2025-01-05 12:00:00,2.95647155960069,2.86270130489818,1,19.23
2025-01-05 13:00:00,3.08053287524646,2.95196863022859,1,21.77
2025-01-05 14:00:00,3.10099278421148,3.1664187801942,1,22.22
2025-01-05 15:00:00,3.5374749999547,3.33798587783806,1,34.38
2025-01-05 16:00:00,3.5530597309714,3.4323399897664,1,34.92
2025-01-05 17:00:00,3.19908119754002,3.51569941366196,1,24.51
2025-01-05 18:00:00,3.73814569541685,3.54466180985335,1,42.02
2025-01-05 19:00:00,3.4442568711226,3.36022908394379,1,31.32
2025-01-05 20:00:00,3.43752931090955,3.41044174005479,1,31.11
2025-01-05 21:00:00,3.3418011717055,3.3548328469997,1,28.27
2025-01-05 22:00:00,3.36072254909644,3.33453783586099,1,28.81
2025-01-05 23:00:00,3.37656310070379,3.17567329727687,1,29.27
2025-01-06,3.24649099190117,3.09707543253224,1,25.7
2025-01-06 01:00:00,3.18800416120111,3.03397530881632,1,24.24
2025-01-06 02:00:00,3.12368563786445,2.99680087948509,1,22.73
2025-01-06 03:00:00,3.3057871968575,2.97775918296078,1,27.27
2025-01-06 04:00:00,3.03254624667671,3.03825856155338,1,20.75
2025-01-06 05:00:00,3.59868118619579,3.15796253018919,1,36.55
2025-01-06 06:00:00,3.14069804380418,3.22133359077291,1,23.12
2025-01-06 07:00:00,3.23317312956903,3.2696903505538,1,25.36
2025-01-06 08:00:00,3.01455402779458,3.24226182698982,1,20.38
2025-01-06 09:00:00,3.32467624375441,3.14936054626324,1,27.79
2025-01-06 10:00:00,3.45093947355697,3.02410207385691,1,31.53
2025-01-06 11:00:00,3.12192429879175,2.95850920891768,1,22.69
2025-01-06 12:00:00,3.31745338822919,2.93456863104947,1,27.59
2025-01-06 13:00:00,3.2604015716967,3.03659283597483,1,26.06
2025-01-06 14:00:00,3.45284061481399,3.2486268982486,1,31.59
2025-01-06 15:00:00,3.45852244828142,3.41509189205141,1,31.77
2025-01-06 16:00:00,3.72737875326455,3.56924372434103,1,41.57
2025-01-06 17:00:00,3.71770983578181,3.57330201283522,1,41.17
2025-01-06 18:00:00,3.63389514578118,3.58664919350517,1,37.86
2025-01-06 19:00:00,3.58101580823799,3.45230158786022,1,35.91
2025-01-06 20:00:00,3.43172658669698,3.45175486674024,1,30.93
2025-01-06 21:00:00,3.35968070145922,3.22455449897428,1,28.78
2025-01-06 22:00:00,3.32143241319329,3.21879581062636,1,27.7
2025-01-06 23:00:00,3.34920208654377,3.121667482907,1,28.48
2025-01-07,3.32107133718287,2.99515172950145,1,27.69
2025-01-07 01:00:00,3.24649099190117,2.98097769820207,1,25.7
2025-01-07 02:00:00,3.18262669219308,2.81403446879848,1,24.11
2025-01-07 03:00:00,3.10682632105958,2.83064231777194,1,22.35
2025-01-07 04:00:00,3.1629401925379,2.94912134431367,1,23.64
2025-01-07 05:00:00,4.50125307256832,2.99339062904717,1,90.13
2025-01-07 06:00:00,3.26308407953252,3.06859757155285,1,26.13
2025-01-07 07:00:00,3.35200713747138,2.79991831571374,1,28.56
2025-01-07 08:00:00,3.27638973106881,2.99718003576877,1,26.48
2025-01-07 09:00:00,3.30211342343826,2.95689954740939,1,27.17
2025-01-07 10:00:00,2.90197089373952,2.85813542718534,1,18.21
2025-01-07 11:00:00,2.00955541421567,2.72681250200473,1,7.46
2025-01-07 12:00:00,2.04510886259933,2.80703340832127,1,7.73
2025-01-07 13:00:00,2.12465388450138,2.18429541835531,1,8.37
2025-01-07 14:00:00,2.03339760317843,2.30766057731467,1,7.64
2025-01-07 15:00:00,2.07317192866624,2.76148717164627,1,7.95
2025-01-07 16:00:00,2.33988087773774,2.98645152723196,1,10.38
2025-01-07 17:00:00,2.39880395073459,2.83251114469488,1,11.01
2025-01-07 18:00:00,2.30856716467159,2.95773984893407,1,10.06
2025-01-07 19:00:00,2.31451366385932,2.86399308580636,1,10.12
2025-01-07 20:00:00,2.59450815970308,2.84306213043714,1,13.39
2025-01-07 21:00:00,2.56571829252441,2.94506577451735,1,13.01
2025-01-07 22:00:00,2.62103882411258,2.79576504497968,1,13.75
2025-01-07 23:00:00,2.55022611590864,2.6893346007841,1,12.81
2025-01-08,2.39971180372477,2.71522376862404,1,11.02
2025-01-08 01:00:00,2.43009841329301,2.55701847099663,1,11.36
2025-01-08 02:00:00,2.44495233428097,2.71990363118491,1,11.53
2025-01-08 03:00:00,2.41502052232383,2.55259983751774,1,11.19
2025-01-08 04:00:00,2.43361335540045,2.67320944782095,1,11.4
2025-01-08 05:00:00,2.47401420862158,2.82104002206055,1,11.87
2025-01-08 06:00:00,2.52091708731103,2.77786462925922,1,12.44
2025-01-08 07:00:00,2.7638002162067,2.59332286957499,1,15.86
2025-01-08 08:00:00,2.77321352700862,2.6633150502459,1,16.01
2025-01-08 09:00:00,2.65183252110398,2.57783108855044,1,14.18
2025-01-08 10:00:00,2.80093319524892,2.52838020904772,1,16.46
2025-01-08 11:00:00,2.77133794033813,2.5040787285696,1,15.98
2025-01-08 12:00:00,2.45014265735166,2.40779290787132,1,11.59
2025-01-08 13:00:00,2.55955019278377,2.53551267346773,1,12.93
2025-01-08 14:00:00,2.55100645149252,2.65498347197408,1,12.82
2025-01-08 15:00:00,2.51365606307399,2.97432047419273,1,12.35
2025-01-08 16:00:00,2.56109578814555,3.06156056352359,1,12.95
2025-01-08 17:00:00,2.67207754064339,3.21711722395566,1,14.47
2025-01-08 18:00:00,2.70068984669592,3.27851766723873,1,14.89
2025-01-08 19:00:00,2.70068984669592,3.16370188230638,1,14.89
2025-01-08 20:00:00,2.7459880404426,2.72947864266262,1,15.58
2025-01-08 21:00:00,2.6748380668961,2.41973835948676,1,14.51
2025-01-08 22:00:00,2.82553689655788,2.82099047586428,1,16.87
2025-01-08 23:00:00,2.98618686071046,3.07579597202825,1,19.81
2025-01-09,2.96784707006446,2.9771099781302,1,19.45
2025-01-09 01:00:00,3.12148347885955,2.90843892306746,1,22.68
2025-01-09 02:00:00,3.09738592728049,2.85435621730106,1,22.14
2025-01-09 03:00:00,3.02188723103084,2.8742474153916,1,20.53
2025-01-09 04:00:00,3.54529772563591,2.93581516077711,1,34.65
2025-01-09 05:00:00,3.91362172679184,3.0954640446093,1,50.08
2025-01-09 06:00:00,3.79907824641201,3.1318811749344,1,44.66
2025-01-09 07:00:00,3.62140328898902,3.08317902236106,1,37.39
2025-01-09 08:00:00,3.26308407953252,3.09416504288749,1,26.13
2025-01-09 09:00:00,3.65506410561921,3.06995236315969,1,38.67
2025-01-09 10:00:00,3.52841723167288,2.80406347720193,1,34.07
2025-01-09 11:00:00,3.23671574299653,2.6524087003564,1,25.45
2025-01-09 12:00:00,3.03254624667671,2.59038654126665,1,20.75
2025-01-09 13:00:00,3.35270717250172,2.69525205087536,1,28.58
2025-01-09 14:00:00,3.56699426612381,3.01223636521463,1,35.41
2025-01-09 15:00:00,3.65247477222014,3.15084711824574,1,38.57
2025-01-09 16:00:00,3.8969093676181,3.49008521536511,1,49.25
2025-01-09 17:00:00,3.89792408104864,3.22678693494175,1,49.3
2025-01-09 18:00:00,3.68562416139326,3.23311149456873,1,39.87
2025-01-09 19:00:00,3.18511219471539,3.27234800947665,1,24.17
2025-01-09 20:00:00,1.51072193949494,2.36274322416628,1,4.53
2025-01-09 21:00:00,1.56861591791385,2.28747926915878,1,4.8
2025-01-09 22:00:00,2.11142458753289,2.41376856310489,1,8.26
2025-01-09 23:00:00,2.27726728500976,2.4130533253031,1,9.75
2025-01-10,2.64830019669644,2.49879976143831,1,14.13
2025-01-10 01:00:00,2.53210825127229,2.37631986774737,1,12.58
2025-01-10 02:00:00,2.14006616349627,1.89738506839232,1,8.5
2025-01-10 03:00:00,2.14593128294867,1.84903827574796,1,8.55
2025-01-10 04:00:00,2.46044317760963,2.3248846216994,1,11.71
2025-01-10 05:00:00,2.51930807650533,2.52396677008512,1,12.42
2025-01-10 06:00:00,2.55489902160804,2.43703557102687,1,12.87
2025-01-10 07:00:00,2.43536620422786,2.33627320504192,1,11.42
2025-01-10 08:00:00,2.29656702066848,2.17738604356482,1,9.94
2025-01-10 09:00:00,2.14710019015365,2.24047813258264,1,8.56
2025-01-10 10:00:00,2.42745407503992,2.243629478358,1,11.33
2025-01-10 11:00:00,2.5687881337687,2.27134988894702,1,13.05
2025-01-10 12:00:00,2.61666563930036,2.17459199626105,1,13.69
2025-01-10 13:00:00,2.4423470353692,2.08268896656512,1,11.5
2025-01-10 14:00:00,2.35896542643015,2.20426922904304,1,10.58
2025-01-10 15:00:00,2.35896542643015,2.39920330869126,1,10.58
2025-01-10 16:00:00,2.62684014567667,2.60802683310448,1,13.83
2025-01-10 17:00:00,2.75174805636793,2.76934826764884,1,15.67
2025-01-10 18:00:00,2.80336038090653,2.93062829056529,1,16.5
2025-01-10 19:00:00,2.83556352140117,2.88001397508465,1,17.04
2025-01-10 20:00:00,2.87299950817169,2.80577435046498,1,17.69
2025-01-10 21:00:00,2.90799335924598,2.67862832407874,1,18.32
2025-01-10 22:00:00,2.93704327720531,2.6852147624511,1,18.86
2025-01-10 23:00:00,3.11617842662986,2.74014246996554,1,22.56
2025-01-11,2.99373027088332,2.4555845935971,1,19.96
2025-01-11 01:00:00,3.00370044320317,2.47866344833094,1,20.16
2025-01-11 02:00:00,2.71137799119488,2.43025771124154,1,15.05
2025-01-11 03:00:00,2.78993736057439,2.40360016792669,1,16.28
2025-01-11 04:00:00,2.70938264633599,2.22333301585415,1,15.02
2025-01-11 05:00:00,2.90251989183181,2.36378849643593,1,18.22
2025-01-11 06:00:00,2.33698651971138,2.40278934825849,1,10.35
2025-01-11 07:00:00,2.48407296903942,2.56891571666735,1,11.99
2025-01-11 08:00:00,2.72981169288372,2.38720084430431,1,15.33
2025-01-11 09:00:00,2.83438912314523,2.42700665003374,1,17.02
2025-01-11 10:00:00,3.01406323023871,2.45972453563475,1,20.37
2025-01-11 11:00:00,2.47317139356958,1.9471443497319,1,11.86
2025-01-11 12:00:00,2.56263899832835,1.92397880732607,1,12.97
2025-01-11 13:00:00,2.55877649835446,1.95969452163024,1,12.92
2025-01-11 14:00:00,2.56186769092413,2.00389213244618,1,12.96
2025-01-11 15:00:00,2.46385324059017,2.13396716203818,1,11.75
2025-01-11 16:00:00,2.62466859216316,2.32657552545085,1,13.8
2025-01-11 17:00:00,2.62684014567667,2.3055107764358,1,13.83
2025-01-11 18:00:00,2.6475922320651,2.37275931639254,1,14.12
2025-01-11 19:00:00,2.59972232421658,1.9306507844472,1,13.46
2025-01-11 20:00:00,2.58625914404829,1.72706520244389,1,13.28
2025-01-11 21:00:00,2.79545039138304,1.91467141609498,1,16.37
2025-01-11 22:00:00,2.99822915375258,2.27709139902323,1,20.05
2025-01-11 23:00:00,3.28653447334202,2.76557785337389,1,26.75
2025-01-12,2.88535921607262,2.2954615976548,1,17.91
2025-01-12 01:00:00,2.89480635496403,2.4907901501482,1,18.08
2025-01-12 02:00:00,2.82435065679837,2.46882747766458,1,16.85
2025-01-12 03:00:00,2.83085763036376,2.45291033299262,1,16.96
2025-01-12 04:00:00,2.8349764946746,2.45349241854971,1,17.03
2025-01-12 05:00:00,2.75302356674494,2.47633482800995,1,15.69
2025-01-12 06:00:00,2.69259809654329,2.40660170611302,1,14.77
2025-01-12 07:00:00,2.8094026953625,2.43597865459841,1,16.6
2025-01-12 08:00:00,2.84374591655611,2.34186280958944,1,17.18
2025-01-12 09:00:00,2.71601837075139,2.04129925461331,1,15.12
2025-01-12 10:00:00,2.59076704048748,2.21255828253866,1,13.34
2025-01-12 11:00:00,2.40694510831829,2.12970034668299,1,11.1
2025-01-12 12:00:00,2.10657020906809,1.93319497355706,1,8.22
2025-01-12 13:00:00,2.37397508908072,1.98509749265106,1,10.74
2025-01-12 14:00:00,2.66653352089928,2.15759354315704,1,14.39
2025-01-12 15:00:00,2.93757335938046,2.4752985484112,1,18.87
2025-01-12 16:00:00,3.11617842662986,3.02466349878333,1,22.56
2025-01-12 17:00:00,3.17847041023316,3.17021167641292,1,24.01
2025-01-12 18:00:00,3.10593106585207,3.11862888966819,1,22.33
2025-01-12 19:00:00,2.93438864331294,2.83535571423853,1,18.81
2025-01-12 20:00:00,2.81780106506133,2.76152016032093,1,16.74
2025-01-12 21:00:00,2.77570884957602,2.60284628458602,1,16.05
2025-01-12 22:00:00,2.71601837075139,2.54121110699706,1,15.12
2025-01-12 23:00:00,2.8094026953625,2.42387159358846,1,16.6
2025-01-13,2.73176672771953,2.45436557985566,1,15.36
2025-01-13 01:00:00,2.93279247378012,2.4061652232409,1,18.78
2025-01-13 02:00:00,2.8349764946746,2.36894631136198,1,17.03
2025-01-13 03:00:00,2.8349764946746,2.5198010382765,1,17.03
2025-01-13 04:00:00,2.71601837075139,2.26415708575439,1,15.12
2025-01-13 05:00:00,2.98214032003452,2.66845645374407,1,19.73
2025-01-13 06:00:00,3.25153660710775,3.02133026702211,1,25.83
2025-01-13 07:00:00,3.13113691056019,2.99390925065957,1,22.9
2025-01-13 08:00:00,3.0568273729138,2.87159919293809,1,21.26
2025-01-13 09:00:00,3.07176695982999,2.58619329454449,1,21.58
2025-01-13 10:00:00,3.01651481273652,2.26165559504434,1,20.42
2025-01-13 11:00:00,2.82908719614504,1.99561523605697,1,16.93
2025-01-13 12:00:00,2.26799364822443,1.94321408352335,1,9.66
2025-01-13 13:00:00,2.39880395073459,2.21976460496637,1,11.01
2025-01-13 14:00:00,2.63476240533238,2.51828426335393,1,13.94
2025-01-13 15:00:00,3.0708397460408,2.75880431213263,1,21.56
2025-01-13 16:00:00,3.35724549413297,3.20062751416063,1,28.71
2025-01-13 17:00:00,3.31817802594206,3.3376405873835,1,27.61
2025-01-13 18:00:00,3.23040906068187,3.28663701151012,1,25.29
2025-01-13 19:00:00,3.28840188751681,3.17889545409487,1,26.8
2025-01-13 20:00:00,3.2236643416,3.18307962028028,1,25.12
2025-01-13 21:00:00,3.01993696225081,3.19761808548832,1,20.49
2025-01-13 22:00:00,3.0022112396517,3.11334804797067,1,20.13
2025-01-13 23:00:00,2.78932292123095,3.04012429337667,1,16.27
2025-01-14,2.88591740754678,2.95711152671445,1,17.92
2025-01-14 01:00:00,2.86619290219901,2.77187175529777,1,17.57
2025-01-14 02:00:00,2.90744735868642,2.88605704422793,1,18.31
2025-01-14 03:00:00,2.65605490598383,2.88676846272047,1,14.24
2025-01-14 04:00:00,2.82375700881418,3.07941068926494,1,16.84
2025-01-14 05:00:00,3.30211342343826,3.17134423065564,1,27.17
2025-01-14 06:00:00,3.37622139559198,3.25401865308368,1,29.26
2025-01-14 07:00:00,3.88176996225713,3.2384944381808,1,48.51
2025-01-14 08:00:00,3.85078569595696,3.24477529998219,1,47.03
2025-01-14 09:00:00,3.5481795720108,3.11346283232389,1,34.75
2025-01-14 10:00:00,3.78100274298974,2.89577799006093,1,43.86
2025-01-14 11:00:00,3.27789916531766,2.68288280372943,1,26.52
2025-01-14 12:00:00,2.80578168959555,2.5755108160061,1,16.54
2025-01-14 13:00:00,3.28728185753226,2.6803105410126,1,26.77
2025-01-14 14:00:00,3.42067315816281,2.89213646153191,1,30.59
2025-01-14 15:00:00,3.67604747529856,2.99946398256542,1,39.49
2025-01-14 16:00:00,3.96575332784911,3.26211365178658,1,52.76
2025-01-14 17:00:00,4.04532937273637,3.35211213884876,1,57.13
2025-01-14 18:00:00,3.86681641259007,3.36281253794727,1,47.79
2025-01-14 19:00:00,3.38979933670979,3.2274982486401,1,29.66
2025-01-14 20:00:00,3.41805449872858,3.1446128903878,1,30.51
2025-01-14 21:00:00,3.50585765220559,3.04007009069904,1,33.31
2025-01-14 22:00:00,3.6946129859617,2.8392293610863,1,40.23
2025-01-14 23:00:00,3.78009033416732,2.91380857408662,1,43.82
2025-01-15,3.42718996193641,2.73959151907674,1,30.79
2025-01-15 01:00:00,3.02674632708316,2.42527958932679,1,20.63
2025-01-15 02:00:00,2.85876641848083,2.50636974899784,1,17.44
2025-01-15 03:00:00,2.70871664564537,2.42427228441648,1,15.01
2025-01-15 04:00:00,2.72719901994097,2.5235478092562,1,15.29
2025-01-15 05:00:00,3.03158192644769,2.42245890988468,1,20.73
2025-01-15 06:00:00,3.14458322028635,2.71140137258637,1,23.21
2025-01-15 07:00:00,3.19540246868256,2.8610692687381,1,24.42
2025-01-15 08:00:00,2.89977188240808,2.8793339431784,1,18.17
2025-01-15 09:00:00,3.05305734017326,2.72769927899937,1,21.18
2025-01-15 10:00:00,2.86334308550825,2.56377585869005,1,17.52
2025-01-15 11:00:00,2.7330679640775,2.42122341971686,1,15.38
2025-01-15 12:00:00,2.54553127160444,2.29946189472359,1,12.75
2025-01-15 13:00:00,2.48989419129904,2.21556683080784,1,12.06
2025-01-15 14:00:00,2.41769790009455,2.50891293711128,1,11.22
2025-01-15 15:00:00,2.88256357544835,2.679788577312,1,17.86
2025-01-15 16:00:00,2.8724340572095,2.83941326407963,1,17.68
2025-01-15 17:00:00,3.30761903470259,3.20228180495711,1,27.32
2025-01-15 18:00:00,3.48247010179089,3.25524663149074,1,32.54
2025-01-15 19:00:00,3.4307561839037,3.30150948685302,1,30.9
2025-01-15 20:00:00,3.12544388007565,3.218784457381,1,22.77
2025-01-15 21:00:00,3.02042488614436,3.13098836691881,1,20.5
2025-01-15 22:00:00,3.2422016501717,3.07185167883905,1,25.59
2025-01-15 23:00:00,2.98416563718253,2.9506615511295,1,19.77
2025-01-16,2.67965072658051,2.88417488318705,1,14.58
