"","datum","typ_datumu","skutecne_hodnoty","fitted_hodnoty","predikovane_hodnoty","predikce_lower","predikce_upper"
"1",2024-01-01 01:00:00,"historie",14.81,NA,NA,NA,NA
"2",2024-01-01 02:00:00,"historie",19.34,NA,NA,NA,NA
"3",2024-01-01 03:00:00,"historie",18.22,NA,NA,NA,NA
"4",2024-01-01 04:00:00,"historie",15.49,NA,NA,NA,NA
"5",2024-01-01 05:00:00,"historie",15.35,NA,NA,NA,NA
"6",2024-01-01 06:00:00,"historie",16.89,NA,NA,NA,NA
"7",2024-01-01 07:00:00,"historie",12.14,NA,NA,NA,NA
"8",2024-01-01 08:00:00,"historie",13.3,NA,NA,NA,NA
"9",2024-01-01 09:00:00,"historie",11.66,NA,NA,NA,NA
"10",2024-01-01 10:00:00,"historie",11.74,NA,NA,NA,NA
"11",2024-01-01 11:00:00,"historie",11.48,NA,NA,NA,NA
"12",2024-01-01 12:00:00,"historie",4.04,NA,NA,NA,NA
"13",2024-01-01 13:00:00,"historie",3.6,NA,NA,NA,NA
"14",2024-01-01 14:00:00,"historie",4.41,12.3277887678355,NA,NA,NA
"15",2024-01-01 15:00:00,"historie",4.17,14.2426332709415,NA,NA,NA
"16",2024-01-01 16:00:00,"historie",5.02,18.7005779887328,NA,NA,NA
"17",2024-01-01 17:00:00,"historie",6.42,17.5380442337856,NA,NA,NA
"18",2024-01-01 18:00:00,"historie",9.72,16.1501892082797,NA,NA,NA
"19",2024-01-01 19:00:00,"historie",11.51,16.8175175563614,NA,NA,NA
"20",2024-01-01 20:00:00,"historie",9.13,17.6190774560423,NA,NA,NA
"21",2024-01-01 21:00:00,"historie",6.89,12.8871563564479,NA,NA,NA
"22",2024-01-01 22:00:00,"historie",9.09,14.6707490725434,NA,NA,NA
"23",2024-01-01 23:00:00,"historie",9.47,12.5758182503256,NA,NA,NA
"24",2024-01-02,"historie",9.73,13.076411707179,NA,NA,NA
"25",2024-01-02 01:00:00,"historie",10.04,11.6315012904007,NA,NA,NA
"26",2024-01-02 02:00:00,"historie",12,4.61203570845248,NA,NA,NA
"27",2024-01-02 03:00:00,"historie",14.4,5.14562307857404,NA,NA,NA
"28",2024-01-02 04:00:00,"historie",19.92,5.84700282293448,NA,NA,NA
"29",2024-01-02 05:00:00,"historie",29.14,5.39611364390632,NA,NA,NA
"30",2024-01-02 06:00:00,"historie",31.48,6.60754680932157,NA,NA,NA
"31",2024-01-02 07:00:00,"historie",32.53,8.19654665525575,NA,NA,NA
"32",2024-01-02 08:00:00,"historie",11.31,11.5610907736991,NA,NA,NA
"33",2024-01-02 09:00:00,"historie",9.31,12.1550709914258,NA,NA,NA
"34",2024-01-02 10:00:00,"historie",8.94,9.35550358742915,NA,NA,NA
"35",2024-01-02 11:00:00,"historie",8.21,7.62729911159246,NA,NA,NA
"36",2024-01-02 12:00:00,"historie",8.69,9.89030203459507,NA,NA,NA
"37",2024-01-02 13:00:00,"historie",9.03,9.4956496098851,NA,NA,NA
"38",2024-01-02 14:00:00,"historie",10.06,10.1136301948011,NA,NA,NA
"39",2024-01-02 15:00:00,"historie",14.66,11.2338974689091,NA,NA,NA
"40",2024-01-02 16:00:00,"historie",26.1,12.7754357547841,NA,NA,NA
"41",2024-01-02 17:00:00,"historie",22.55,15.1347571094957,NA,NA,NA
"42",2024-01-02 18:00:00,"historie",43.19,21.2534229437738,NA,NA,NA
"43",2024-01-02 19:00:00,"historie",26.05,29.1537046525991,NA,NA,NA
"44",2024-01-02 20:00:00,"historie",30.44,26.1819684296607,NA,NA,NA
"45",2024-01-02 21:00:00,"historie",25.24,28.427020964495,NA,NA,NA
"46",2024-01-02 22:00:00,"historie",32.23,9.84915029171062,NA,NA,NA
"47",2024-01-02 23:00:00,"historie",32.27,10.7640972419122,NA,NA,NA
"48",2024-01-03,"historie",26.13,10.0367403137899,NA,NA,NA
"49",2024-01-03 01:00:00,"historie",17.89,7.21488789380177,NA,NA,NA
"50",2024-01-03 02:00:00,"historie",16.71,9.61752959173829,NA,NA,NA
"51",2024-01-03 03:00:00,"historie",5.64,9.92687229913445,NA,NA,NA
"52",2024-01-03 04:00:00,"historie",4.22,10.3180509272946,NA,NA,NA
"53",2024-01-03 05:00:00,"historie",4.27,15.541096762576,NA,NA,NA
"54",2024-01-03 06:00:00,"historie",3.16,24.5001548221454,NA,NA,NA
"55",2024-01-03 07:00:00,"historie",4.56,21.2567336536252,NA,NA,NA
"56",2024-01-03 08:00:00,"historie",4.77,38.0272473150883,NA,NA,NA
"57",2024-01-03 09:00:00,"historie",4.36,19.1349159946531,NA,NA,NA
"58",2024-01-03 10:00:00,"historie",4.3,24.5268569014103,NA,NA,NA
"59",2024-01-03 11:00:00,"historie",4.17,21.6703490443995,NA,NA,NA
"60",2024-01-03 12:00:00,"historie",6.56,25.9610517790271,NA,NA,NA
"61",2024-01-03 13:00:00,"historie",5.47,24.2219743232071,NA,NA,NA
"62",2024-01-03 14:00:00,"historie",7.57,20.3347186969803,NA,NA,NA
"63",2024-01-03 15:00:00,"historie",7,16.4737543482345,NA,NA,NA
"64",2024-01-03 16:00:00,"historie",8.05,15.8615136080992,NA,NA,NA
"65",2024-01-03 17:00:00,"historie",7.1,6.16775030719813,NA,NA,NA
"66",2024-01-03 18:00:00,"historie",7.08,6.37522281399081,NA,NA,NA
"67",2024-01-03 19:00:00,"historie",6.01,6.26137303033472,NA,NA,NA
"68",2024-01-03 20:00:00,"historie",6.8,4.46903820997058,NA,NA,NA
"69",2024-01-03 21:00:00,"historie",8.52,5.62073696728373,NA,NA,NA
"70",2024-01-03 22:00:00,"historie",8.71,6.00791530638375,NA,NA,NA
"71",2024-01-03 23:00:00,"historie",6.64,5.62816165072043,NA,NA,NA
"72",2024-01-04,"historie",8.32,5.53746486892226,NA,NA,NA
"73",2024-01-04 01:00:00,"historie",6.09,4.72321160852197,NA,NA,NA
"74",2024-01-04 02:00:00,"historie",6.57,8.1872896011955,NA,NA,NA
"75",2024-01-04 03:00:00,"historie",7.1,6.46999091465885,NA,NA,NA
"76",2024-01-04 04:00:00,"historie",6.67,9.38198299725359,NA,NA,NA
"77",2024-01-04 05:00:00,"historie",7.52,8.83302677225129,NA,NA,NA
"78",2024-01-04 06:00:00,"historie",8.1,9.14819155735363,NA,NA,NA
"79",2024-01-04 07:00:00,"historie",6.84,9.97548062468724,NA,NA,NA
"80",2024-01-04 08:00:00,"historie",6.26,7.72529869846344,NA,NA,NA
"81",2024-01-04 09:00:00,"historie",4.93,7.45772421766671,NA,NA,NA
"82",2024-01-04 10:00:00,"historie",4.22,7.68958296967861,NA,NA,NA
"83",2024-01-04 11:00:00,"historie",4.17,10.8169943550135,NA,NA,NA
"84",2024-01-04 12:00:00,"historie",4.66,9.24580823964818,NA,NA,NA
"85",2024-01-04 13:00:00,"historie",7.62,7.07006189685766,NA,NA,NA
"86",2024-01-04 14:00:00,"historie",12.74,8.87894434993119,NA,NA,NA
"87",2024-01-04 15:00:00,"historie",17.43,7.09545022460558,NA,NA,NA
"88",2024-01-04 16:00:00,"historie",12.88,6.59576208030746,NA,NA,NA
"89",2024-01-04 17:00:00,"historie",11.79,8.31238336739861,NA,NA,NA
"90",2024-01-04 18:00:00,"historie",12.92,8.27025254420093,NA,NA,NA
"91",2024-01-04 19:00:00,"historie",16.68,8.71413364330429,NA,NA,NA
"92",2024-01-04 20:00:00,"historie",25.93,9.73486381715892,NA,NA,NA
"93",2024-01-04 21:00:00,"historie",20.62,6.91396050727975,NA,NA,NA
"94",2024-01-04 22:00:00,"historie",18.73,6.99180484188363,NA,NA,NA
"95",2024-01-04 23:00:00,"historie",18.34,5.74894714661972,NA,NA,NA
"96",2024-01-05,"historie",14.29,5.11860584838946,NA,NA,NA
"97",2024-01-05 01:00:00,"historie",14.95,5.05812495259176,NA,NA,NA
"98",2024-01-05 02:00:00,"historie",12.9,5.5642473812544,NA,NA,NA
"99",2024-01-05 03:00:00,"historie",14.35,9.90499091560402,NA,NA,NA
"100",2024-01-05 04:00:00,"historie",13.55,13.2630865131144,NA,NA,NA
"101",2024-01-05 05:00:00,"historie",14.5,18.2926855318775,NA,NA,NA
"102",2024-01-05 06:00:00,"historie",16.19,11.4590964873998,NA,NA,NA
"103",2024-01-05 07:00:00,"historie",21.47,13.8276626475849,NA,NA,NA
"104",2024-01-05 08:00:00,"historie",23.03,12.1321241117939,NA,NA,NA
"105",2024-01-05 09:00:00,"historie",20.24,17.2029628870894,NA,NA,NA
"106",2024-01-05 10:00:00,"historie",21.51,22.8510587749081,NA,NA,NA
"107",2024-01-05 11:00:00,"historie",24.11,18.4372213076689,NA,NA,NA
"108",2024-01-05 12:00:00,"historie",25.55,15.640924422008,NA,NA,NA
"109",2024-01-05 13:00:00,"historie",21.15,16.5339927981382,NA,NA,NA
"110",2024-01-05 14:00:00,"historie",15.54,11.5511957172217,NA,NA,NA
"111",2024-01-05 15:00:00,"historie",25.66,15.1444820439938,NA,NA,NA
"112",2024-01-05 16:00:00,"historie",25.48,11.05357202388,NA,NA,NA
"113",2024-01-05 17:00:00,"historie",27.95,14.2222554282937,NA,NA,NA
"114",2024-01-05 18:00:00,"historie",29.87,14.1924968373461,NA,NA,NA
"115",2024-01-05 19:00:00,"historie",26.09,14.5550805775268,NA,NA,NA
"116",2024-01-05 20:00:00,"historie",24.7,15.8433715002231,NA,NA,NA
"117",2024-01-05 21:00:00,"historie",24.11,18.0780648056017,NA,NA,NA
"118",2024-01-05 22:00:00,"historie",19.07,18.4544432539916,NA,NA,NA
"119",2024-01-05 23:00:00,"historie",21.36,16.7456075685682,NA,NA,NA
"120",2024-01-06,"historie",19.33,18.272693438361,NA,NA,NA
"121",2024-01-06 01:00:00,"historie",18.33,19.5196341027885,NA,NA,NA
"122",2024-01-06 02:00:00,"historie",17.53,21.8724032978052,NA,NA,NA
"123",2024-01-06 03:00:00,"historie",20.31,19.9458314002501,NA,NA,NA
"124",2024-01-06 04:00:00,"historie",19.94,14.6462004707425,NA,NA,NA
"125",2024-01-06 05:00:00,"historie",18.58,24.701297510566,NA,NA,NA
"126",2024-01-06 06:00:00,"historie",19.02,20.5545897586762,NA,NA,NA
"127",2024-01-06 07:00:00,"historie",18.88,27.3868752770971,NA,NA,NA
"128",2024-01-06 08:00:00,"historie",22.42,24.5062813725859,NA,NA,NA
"129",2024-01-06 09:00:00,"historie",24.31,24.3570238860697,NA,NA,NA
"130",2024-01-06 10:00:00,"historie",25.95,20.1075201778408,NA,NA,NA
"131",2024-01-06 11:00:00,"historie",22.74,22.0172660121222,NA,NA,NA
"132",2024-01-06 12:00:00,"historie",22.81,15.9236121443109,NA,NA,NA
"133",2024-01-06 13:00:00,"historie",21.95,18.571067692442,NA,NA,NA
"134",2024-01-06 14:00:00,"historie",26.51,15.7705018210157,NA,NA,NA
"135",2024-01-06 15:00:00,"historie",29.6,16.8773717848959,NA,NA,NA
"136",2024-01-06 16:00:00,"historie",24.84,15.0740113525393,NA,NA,NA
"137",2024-01-06 17:00:00,"historie",13.54,18.6820104432652,NA,NA,NA
"138",2024-01-06 18:00:00,"historie",9.99,19.3912050109603,NA,NA,NA
"139",2024-01-06 19:00:00,"historie",7.43,17.6050350021932,NA,NA,NA
"140",2024-01-06 20:00:00,"historie",7.35,18.9694126925831,NA,NA,NA
"141",2024-01-06 21:00:00,"historie",7.39,16.4496588891581,NA,NA,NA
"142",2024-01-06 22:00:00,"historie",6.1,19.3202163763454,NA,NA,NA
"143",2024-01-06 23:00:00,"historie",5.84,21.1078408941415,NA,NA,NA
"144",2024-01-07,"historie",6.56,22.2451463630517,NA,NA,NA
"145",2024-01-07 01:00:00,"historie",6.7,18.8869650611277,NA,NA,NA
"146",2024-01-07 02:00:00,"historie",7.19,19.819295873208,NA,NA,NA
"147",2024-01-07 03:00:00,"historie",6.23,20.0941859366956,NA,NA,NA
"148",2024-01-07 04:00:00,"historie",5.99,26.1408084954094,NA,NA,NA
"149",2024-01-07 05:00:00,"historie",6.55,25.6116363830741,NA,NA,NA
"150",2024-01-07 06:00:00,"historie",6.38,20.9362599289272,NA,NA,NA
"151",2024-01-07 07:00:00,"historie",6.45,13.975641190364,NA,NA,NA
"152",2024-01-07 08:00:00,"historie",7.11,10.1403695460082,NA,NA,NA
"153",2024-01-07 09:00:00,"historie",7.65,8.92587600472083,NA,NA,NA
"154",2024-01-07 10:00:00,"historie",6.85,8.28517647545655,NA,NA,NA
"155",2024-01-07 11:00:00,"historie",6.57,8.60702218903932,NA,NA,NA
"156",2024-01-07 12:00:00,"historie",6.99,6.94677234017957,NA,NA,NA
"157",2024-01-07 13:00:00,"historie",7.17,6.70729243056986,NA,NA,NA
"158",2024-01-07 14:00:00,"historie",6.08,7.30806604313204,NA,NA,NA
"159",2024-01-07 15:00:00,"historie",11.07,7.86659672017886,NA,NA,NA
"160",2024-01-07 16:00:00,"historie",14,8.06671517655545,NA,NA,NA
"161",2024-01-07 17:00:00,"historie",14.3,7.20467272156792,NA,NA,NA
"162",2024-01-07 18:00:00,"historie",11.12,7.69803686747334,NA,NA,NA
"163",2024-01-07 19:00:00,"historie",11.13,8.18661668771141,NA,NA,NA
"164",2024-01-07 20:00:00,"historie",9.8,7.97454639464064,NA,NA,NA
"165",2024-01-07 21:00:00,"historie",9.92,7.59556075372919,NA,NA,NA
"166",2024-01-07 22:00:00,"historie",9.62,8.17796851757478,NA,NA,NA
"167",2024-01-07 23:00:00,"historie",9.45,8.92178424682203,NA,NA,NA
"168",2024-01-08,"historie",11.48,7.7020925739051,NA,NA,NA
"169",2024-01-08 01:00:00,"historie",11.7,7.62640301013873,NA,NA,NA
"170",2024-01-08 02:00:00,"historie",13.27,8.17155770310548,NA,NA,NA
"171",2024-01-08 03:00:00,"historie",10.05,9.01792840679012,NA,NA,NA
"172",2024-01-08 04:00:00,"historie",8.96,7.87802503305921,NA,NA,NA
"173",2024-01-08 05:00:00,"historie",9.39,13.2468815047737,NA,NA,NA
"174",2024-01-08 06:00:00,"historie",9.49,13.0695450768787,NA,NA,NA
"175",2024-01-08 07:00:00,"historie",10.57,15.140633743686,NA,NA,NA
"176",2024-01-08 08:00:00,"historie",11.63,10.3265705315359,NA,NA,NA
"177",2024-01-08 09:00:00,"historie",10.55,12.4311137313783,NA,NA,NA
"178",2024-01-08 10:00:00,"historie",11.37,9.76305796969148,NA,NA,NA
"179",2024-01-08 11:00:00,"historie",7.25,10.3318052957015,NA,NA,NA
"180",2024-01-08 12:00:00,"historie",7.32,9.73296821372643,NA,NA,NA
"181",2024-01-08 13:00:00,"historie",6.49,9.64912995993794,NA,NA,NA
"182",2024-01-08 14:00:00,"historie",6.01,11.1868801913649,NA,NA,NA
"183",2024-01-08 15:00:00,"historie",7.59,11.8361876513787,NA,NA,NA
"184",2024-01-08 16:00:00,"historie",8.95,12.4266103606497,NA,NA,NA
"185",2024-01-08 17:00:00,"historie",10.65,9.84219020288181,NA,NA,NA
"186",2024-01-08 18:00:00,"historie",11.38,10.1790620923779,NA,NA,NA
"187",2024-01-08 19:00:00,"historie",12.27,10.3191851714933,NA,NA,NA
"188",2024-01-08 20:00:00,"historie",12.99,10.569533657652,NA,NA,NA
"189",2024-01-08 21:00:00,"historie",13.61,11.0951580722511,NA,NA,NA
"190",2024-01-08 22:00:00,"historie",14.5,11.7214122485987,NA,NA,NA
"191",2024-01-08 23:00:00,"historie",13.49,10.5893288636052,NA,NA,NA
"192",2024-01-09,"historie",16.28,11.550421797918,NA,NA,NA
"193",2024-01-09 01:00:00,"historie",16.45,7.44224627688229,NA,NA,NA
"194",2024-01-09 02:00:00,"historie",18.23,8.35855190579452,NA,NA,NA
"195",2024-01-09 03:00:00,"historie",18.36,7.53659733769329,NA,NA,NA
"196",2024-01-09 04:00:00,"historie",22.7,8.35352666129932,NA,NA,NA
"197",2024-01-09 05:00:00,"historie",27.51,9.30901653593711,NA,NA,NA
"198",2024-01-09 06:00:00,"historie",29.53,9.60082034001946,NA,NA,NA
"199",2024-01-09 07:00:00,"historie",33.72,11.9042223773522,NA,NA,NA
"200",2024-01-09 08:00:00,"historie",41.46,11.3557564332198,NA,NA,NA
"201",2024-01-09 09:00:00,"historie",90.19,12.9876286606563,NA,NA,NA
"202",2024-01-09 10:00:00,"historie",30.29,12.6354757309367,NA,NA,NA
"203",2024-01-09 11:00:00,"historie",14.28,13.1652295498772,NA,NA,NA
"204",2024-01-09 12:00:00,"historie",14.52,13.5727621077724,NA,NA,NA
"205",2024-01-09 13:00:00,"historie",20.96,12.8627526132417,NA,NA,NA
"206",2024-01-09 14:00:00,"historie",24.51,14.814666474968,NA,NA,NA
"207",2024-01-09 15:00:00,"historie",37.82,15.6632564957583,NA,NA,NA
"208",2024-01-09 16:00:00,"historie",59.22,15.4855655023365,NA,NA,NA
"209",2024-01-09 17:00:00,"historie",46.44,16.4274832670382,NA,NA,NA
"210",2024-01-09 18:00:00,"historie",36.31,21.7269757509173,NA,NA,NA
"211",2024-01-09 19:00:00,"historie",34.13,23.9728209837561,NA,NA,NA
"212",2024-01-09 20:00:00,"historie",27.99,25.7968328846945,NA,NA,NA
"213",2024-01-09 21:00:00,"historie",23.79,27.5932786127369,NA,NA,NA
"214",2024-01-09 22:00:00,"historie",26.1,31.60600550195,NA,NA,NA
"215",2024-01-09 23:00:00,"historie",26.85,65.7304513448086,NA,NA,NA
"216",2024-01-10,"historie",25.34,18.012980161447,NA,NA,NA
"217",2024-01-10 01:00:00,"historie",28.16,12.6369606744516,NA,NA,NA
"218",2024-01-10 02:00:00,"historie",30.36,13.7459036803628,NA,NA,NA
"219",2024-01-10 03:00:00,"historie",31.92,19.8722373315228,NA,NA,NA
"220",2024-01-10 04:00:00,"historie",26.32,24.4414007033415,NA,NA,NA
"221",2024-01-10 05:00:00,"historie",40.87,32.8440966445424,NA,NA,NA
"222",2024-01-10 06:00:00,"historie",125,43.6500270158561,NA,NA,NA
"223",2024-01-10 07:00:00,"historie",68.45,34.0691365414522,NA,NA,NA
"224",2024-01-10 08:00:00,"historie",35.05,27.1152004048849,NA,NA,NA
"225",2024-01-10 09:00:00,"historie",26.94,28.3070459038145,NA,NA,NA
"226",2024-01-10 10:00:00,"historie",32.85,22.1522905690409,NA,NA,NA
"227",2024-01-10 11:00:00,"historie",24.89,20.045234695555,NA,NA,NA
"228",2024-01-10 12:00:00,"historie",21.97,21.5843546804438,NA,NA,NA
"229",2024-01-10 13:00:00,"historie",26.12,22.818846266597,NA,NA,NA
"230",2024-01-10 14:00:00,"historie",23.9,20.1575134749611,NA,NA,NA
"231",2024-01-10 15:00:00,"historie",14.1,24.8168834105308,NA,NA,NA
"232",2024-01-10 16:00:00,"historie",48.31,23.5712235281134,NA,NA,NA
"233",2024-01-10 17:00:00,"historie",26.4,26.9030930778262,NA,NA,NA
"234",2024-01-10 18:00:00,"historie",36.46,23.5775294090806,NA,NA,NA
"235",2024-01-10 19:00:00,"historie",35.02,36.1284529958682,NA,NA,NA
"236",2024-01-10 20:00:00,"historie",31.05,97.3690346015647,NA,NA,NA
"237",2024-01-10 21:00:00,"historie",24.23,42.7080888026362,NA,NA,NA
"238",2024-01-10 22:00:00,"historie",23.46,29.2907614308202,NA,NA,NA
"239",2024-01-10 23:00:00,"historie",19.88,19.6476547209193,NA,NA,NA
"240",2024-01-11,"historie",19.46,24.7801897823512,NA,NA,NA
"241",2024-01-11 01:00:00,"historie",21.59,20.3435824103769,NA,NA,NA
"242",2024-01-11 02:00:00,"historie",20.18,19.8474890940805,NA,NA,NA
"243",2024-01-11 03:00:00,"historie",15.25,23.8895040340991,NA,NA,NA
"244",2024-01-11 04:00:00,"historie",17.61,24.6285891543704,NA,NA,NA
"245",2024-01-11 05:00:00,"historie",31.17,14.3384644678992,NA,NA,NA
"246",2024-01-11 06:00:00,"historie",29.32,44.9151688594716,NA,NA,NA
"247",2024-01-11 07:00:00,"historie",28.29,20.066701460126,NA,NA,NA
"248",2024-01-11 08:00:00,"historie",24.59,32.011326356236,NA,NA,NA
"249",2024-01-11 09:00:00,"historie",27.8,28.0806427263887,NA,NA,NA
"250",2024-01-11 10:00:00,"historie",26.69,24.7065720373149,NA,NA,NA
"251",2024-01-11 11:00:00,"historie",31.15,20.6707181480802,NA,NA,NA
"252",2024-01-11 12:00:00,"historie",33.05,20.1799009194261,NA,NA,NA
"253",2024-01-11 13:00:00,"historie",40.77,17.6272490339011,NA,NA,NA
"254",2024-01-11 14:00:00,"historie",42.87,17.4888788221931,NA,NA,NA
"255",2024-01-11 15:00:00,"historie",48.57,20.6174733958625,NA,NA,NA
"256",2024-01-11 16:00:00,"historie",55.7,17.541987733836,NA,NA,NA
"257",2024-01-11 17:00:00,"historie",40.38,14.2632219620329,NA,NA,NA
"258",2024-01-11 18:00:00,"historie",38.96,20.1371629704543,NA,NA,NA
"259",2024-01-11 19:00:00,"historie",23.85,35.5651557988631,NA,NA,NA
"260",2024-01-11 20:00:00,"historie",20.91,24.1954033371554,NA,NA,NA
"261",2024-01-11 21:00:00,"historie",20.16,24.1347370260229,NA,NA,NA
"262",2024-01-11 22:00:00,"historie",21.71,22.5307956495089,NA,NA,NA
"263",2024-01-11 23:00:00,"historie",22.26,23.8227106514287,NA,NA,NA
"264",2024-01-12,"historie",19.47,20.3156849397047,NA,NA,NA
"265",2024-01-12 01:00:00,"historie",14.29,26.7558249955983,NA,NA,NA
"266",2024-01-12 02:00:00,"historie",16.89,28.3594305418462,NA,NA,NA
"267",2024-01-12 03:00:00,"historie",14.61,33.5882306592458,NA,NA,NA
"268",2024-01-12 04:00:00,"historie",17.44,35.5708125795845,NA,NA,NA
"269",2024-01-12 05:00:00,"historie",19.84,48.9227223705375,NA,NA,NA
"270",2024-01-12 06:00:00,"historie",14.38,36.8912290035119,NA,NA,NA
"271",2024-01-12 07:00:00,"historie",15.82,33.7268360388234,NA,NA,NA
"272",2024-01-12 08:00:00,"historie",11.48,31.0161568427725,NA,NA,NA
"273",2024-01-12 09:00:00,"historie",19.83,19.9716532904001,NA,NA,NA
"274",2024-01-12 10:00:00,"historie",17.2,18.3541935086063,NA,NA,NA
"275",2024-01-12 11:00:00,"historie",14.32,18.7376876860778,NA,NA,NA
"276",2024-01-12 12:00:00,"historie",12.2,18.9930368476926,NA,NA,NA
"277",2024-01-12 13:00:00,"historie",12.7,19.9889900212771,NA,NA,NA
"278",2024-01-12 14:00:00,"historie",14.59,17.3221480676028,NA,NA,NA
"279",2024-01-12 15:00:00,"historie",18.08,13.8262568930698,NA,NA,NA
"280",2024-01-12 16:00:00,"historie",16.55,15.720819373382,NA,NA,NA
"281",2024-01-12 17:00:00,"historie",16.93,14.4415267513886,NA,NA,NA
"282",2024-01-12 18:00:00,"historie",15.82,20.9940380104818,NA,NA,NA
"283",2024-01-12 19:00:00,"historie",14.57,21.4644872113556,NA,NA,NA
"284",2024-01-12 20:00:00,"historie",14.08,14.1303757978203,NA,NA,NA
"285",2024-01-12 21:00:00,"historie",11.12,16.0844225588057,NA,NA,NA
"286",2024-01-12 22:00:00,"historie",10.07,12.4669336895167,NA,NA,NA
"287",2024-01-12 23:00:00,"historie",10.35,20.0983549622239,NA,NA,NA
"288",2024-01-13,"historie",9.31,14.9858007601567,NA,NA,NA
"289",2024-01-13 01:00:00,"historie",7.93,14.4136402623571,NA,NA,NA
"290",2024-01-13 02:00:00,"historie",7.35,13.4146981907199,NA,NA,NA
"291",2024-01-13 03:00:00,"historie",8.46,13.869770645495,NA,NA,NA
"292",2024-01-13 04:00:00,"historie",8.96,16.8909264161144,NA,NA,NA
"293",2024-01-13 05:00:00,"historie",9.31,22.3720120357136,NA,NA,NA
"294",2024-01-13 06:00:00,"historie",10.16,14.3879549198661,NA,NA,NA
"295",2024-01-13 07:00:00,"historie",10.6,18.5101389029208,NA,NA,NA
"296",2024-01-13 08:00:00,"historie",10.12,14.5102330936158,NA,NA,NA
"297",2024-01-13 09:00:00,"historie",10.78,14.824214640275,NA,NA,NA
"298",2024-01-13 10:00:00,"historie",10.7,13.7316017983271,NA,NA,NA
"299",2024-01-13 11:00:00,"historie",9.05,11.6070754529491,NA,NA,NA
"300",2024-01-13 12:00:00,"historie",9.41,10.5109090848113,NA,NA,NA
"301",2024-01-13 13:00:00,"historie",9.07,11.0153260846135,NA,NA,NA
"302",2024-01-13 14:00:00,"historie",11.22,9.45909911125984,NA,NA,NA
"303",2024-01-13 15:00:00,"historie",19.15,9.26687952454841,NA,NA,NA
"304",2024-01-13 16:00:00,"historie",13.09,7.84615131223507,NA,NA,NA
"305",2024-01-13 17:00:00,"historie",13.58,10.3268585633216,NA,NA,NA
"306",2024-01-13 18:00:00,"historie",12.64,11.7824423657347,NA,NA,NA
"307",2024-01-13 19:00:00,"historie",12.81,11.2207530907205,NA,NA,NA
"308",2024-01-13 20:00:00,"historie",12.99,11.8287426612913,NA,NA,NA
"309",2024-01-13 21:00:00,"historie",13.87,10.9449379617399,NA,NA,NA
"310",2024-01-13 22:00:00,"historie",13.83,12.733087699854,NA,NA,NA
"311",2024-01-13 23:00:00,"historie",13.51,11.090452437068,NA,NA,NA
"312",2024-01-14,"historie",10.95,10.7170797651254,NA,NA,NA
"313",2024-01-14 01:00:00,"historie",10.71,9.72627860318114,NA,NA,NA
"314",2024-01-14 02:00:00,"historie",10.39,11.1512038535198,NA,NA,NA
"315",2024-01-14 03:00:00,"historie",12.08,10.4478479611792,NA,NA,NA
"316",2024-01-14 04:00:00,"historie",9.66,14.0031572086504,NA,NA,NA
"317",2024-01-14 05:00:00,"historie",11.18,23.1771751313044,NA,NA,NA
"318",2024-01-14 06:00:00,"historie",12.68,11.5440203581436,NA,NA,NA
"319",2024-01-14 07:00:00,"historie",11.84,15.3605486626823,NA,NA,NA
"320",2024-01-14 08:00:00,"historie",10.78,12.2882663943563,NA,NA,NA
"321",2024-01-14 09:00:00,"historie",11.15,13.5265510812725,NA,NA,NA
"322",2024-01-14 10:00:00,"historie",9.77,12.5132762943402,NA,NA,NA
"323",2024-01-14 11:00:00,"historie",9.35,14.0788748891891,NA,NA,NA
"324",2024-01-14 12:00:00,"historie",9.61,13.3436737464461,NA,NA,NA
"325",2024-01-14 13:00:00,"historie",10.18,12.9997691132489,NA,NA,NA
"326",2024-01-14 14:00:00,"historie",12.7,10.3067096618431,NA,NA,NA
"327",2024-01-14 15:00:00,"historie",11.7,11.4713751156523,NA,NA,NA
"328",2024-01-14 16:00:00,"historie",11.02,10.4297459666223,NA,NA,NA
"329",2024-01-14 17:00:00,"historie",12.01,13.2169867329675,NA,NA,NA
"330",2024-01-14 18:00:00,"historie",13.65,11.4234792858676,NA,NA,NA
"331",2024-01-14 19:00:00,"historie",11.69,13.3155207005702,NA,NA,NA
"332",2024-01-14 20:00:00,"historie",10.44,13.7492479971771,NA,NA,NA
"333",2024-01-14 21:00:00,"historie",10.82,11.7261688457952,NA,NA,NA
"334",2024-01-14 22:00:00,"historie",13.22,12.7278722929559,NA,NA,NA
"335",2024-01-14 23:00:00,"historie",12.1,11.3727379735635,NA,NA,NA
"336",2024-01-15,"historie",12.13,9.58321737954322,NA,NA,NA
"337",2024-01-15 01:00:00,"historie",10.87,10.2736053496027,NA,NA,NA
"338",2024-01-15 02:00:00,"historie",11.36,10.8945887331077,NA,NA,NA
"339",2024-01-15 03:00:00,"historie",13.3,11.729745694396,NA,NA,NA
"340",2024-01-15 04:00:00,"historie",12.86,15.9852152577221,NA,NA,NA
"341",2024-01-15 05:00:00,"historie",14.42,13.0515481738233,NA,NA,NA
"342",2024-01-15 06:00:00,"historie",13.95,11.2258374291305,NA,NA,NA
"343",2024-01-15 07:00:00,"historie",14.55,13.4429358239526,NA,NA,NA
"344",2024-01-15 08:00:00,"historie",11.18,13.6583703212213,NA,NA,NA
"345",2024-01-15 09:00:00,"historie",10.23,12.0530720575481,NA,NA,NA
"346",2024-01-15 10:00:00,"historie",9.46,10.6846581094104,NA,NA,NA
"347",2024-01-15 11:00:00,"historie",9.06,11.5981267339006,NA,NA,NA
"348",2024-01-15 12:00:00,"historie",8.54,13.3705118824295,NA,NA,NA
"349",2024-01-15 13:00:00,"historie",6,11.4296779084278,NA,NA,NA
"350",2024-01-15 14:00:00,"historie",10.3,11.7688081679772,NA,NA,NA
"351",2024-01-15 15:00:00,"historie",9.58,11.1901315518896,NA,NA,NA
"352",2024-01-15 16:00:00,"historie",10.77,11.6419283450323,NA,NA,NA
"353",2024-01-15 17:00:00,"historie",14.66,13.594529498029,NA,NA,NA
"354",2024-01-15 18:00:00,"historie",19.52,14.7880279574836,NA,NA,NA
"355",2024-01-15 19:00:00,"historie",20.13,15.9233182558554,NA,NA,NA
"356",2024-01-15 20:00:00,"historie",16.57,14.177522943268,NA,NA,NA
"357",2024-01-15 21:00:00,"historie",13.23,14.0239956317922,NA,NA,NA
"358",2024-01-15 22:00:00,"historie",15.1,12.4009318059657,NA,NA,NA
"359",2024-01-15 23:00:00,"historie",15.14,10.3148149428344,NA,NA,NA
"360",2024-01-16,"historie",12.57,9.53739173432023,NA,NA,NA
"361",2024-01-16 01:00:00,"historie",6.6,9.9299737582011,NA,NA,NA
"362",2024-01-16 02:00:00,"historie",11.95,9.76940176537384,NA,NA,NA
"363",2024-01-16 03:00:00,"historie",9.52,7.33797044522831,NA,NA,NA
"364",2024-01-16 04:00:00,"historie",14.2,13.7314501569255,NA,NA,NA
"365",2024-01-16 05:00:00,"historie",17.49,10.905764126911,NA,NA,NA
"366",2024-01-16 06:00:00,"historie",13.77,11.4921456967781,NA,NA,NA
"367",2024-01-16 07:00:00,"historie",18.97,16.2893579902333,NA,NA,NA
"368",2024-01-16 08:00:00,"historie",15.33,17.9404065476086,NA,NA,NA
"369",2024-01-16 09:00:00,"historie",9.83,18.4487399772181,NA,NA,NA
"370",2024-01-16 10:00:00,"historie",9.14,14.9105734512854,NA,NA,NA
"371",2024-01-16 11:00:00,"historie",13.27,13.2232478357837,NA,NA,NA
"372",2024-01-16 12:00:00,"historie",15.49,14.5101938842292,NA,NA,NA
"373",2024-01-16 13:00:00,"historie",6.26,13.9937582465488,NA,NA,NA
"374",2024-01-16 14:00:00,"historie",6.95,11.4719406724009,NA,NA,NA
"375",2024-01-16 15:00:00,"historie",10.91,7.00895278689453,NA,NA,NA
"376",2024-01-16 16:00:00,"historie",14.9,13.8605434340542,NA,NA,NA
"377",2024-01-16 17:00:00,"historie",18.81,9.57908373508013,NA,NA,NA
"378",2024-01-16 18:00:00,"historie",18.29,17.5723323889936,NA,NA,NA
"379",2024-01-16 19:00:00,"historie",14.07,18.025660861822,NA,NA,NA
"380",2024-01-16 20:00:00,"historie",13.48,13.7054673953307,NA,NA,NA
"381",2024-01-16 21:00:00,"historie",14.37,17.7483799335427,NA,NA,NA
"382",2024-01-16 22:00:00,"historie",17,15.3319334446308,NA,NA,NA
"383",2024-01-16 23:00:00,"historie",17.36,9.35997766022182,NA,NA,NA
"384",2024-01-17,"historie",18.97,9.41939839468815,NA,NA,NA
"385",2024-01-17 01:00:00,"historie",15.13,14.0457941918794,NA,NA,NA
"386",2024-01-17 02:00:00,"historie",20.36,14.703565699097,NA,NA,NA
"387",2024-01-17 03:00:00,"historie",20.24,7.15613541715884,NA,NA,NA
"388",2024-01-17 04:00:00,"historie",65.8,9.15414911132521,NA,NA,NA
"389",2024-01-17 05:00:00,"historie",33.98,13.4287674992069,NA,NA,NA
"390",2024-01-17 06:00:00,"historie",28.94,15.4367433428296,NA,NA,NA
"391",2024-01-17 07:00:00,"historie",40.25,19.9070522470325,NA,NA,NA
"392",2024-01-17 08:00:00,"historie",46.13,16.589386124585,NA,NA,NA
"393",2024-01-17 09:00:00,"historie",45.12,13.2957689322417,NA,NA,NA
"394",2024-01-17 10:00:00,"historie",27.1,12.9573128229162,NA,NA,NA
"395",2024-01-17 11:00:00,"historie",35.22,14.9062511225179,NA,NA,NA
"396",2024-01-17 12:00:00,"historie",46.12,15.9644521961065,NA,NA,NA
"397",2024-01-17 13:00:00,"historie",49.64,15.2949064621985,NA,NA,NA
"398",2024-01-17 14:00:00,"historie",50.5,15.2217201284397,NA,NA,NA
"399",2024-01-17 15:00:00,"historie",62.43,15.3016828868514,NA,NA,NA
"400",2024-01-17 16:00:00,"historie",64.86,18.3444212929486,NA,NA,NA
"401",2024-01-17 17:00:00,"historie",69.19,19.3106751033893,NA,NA,NA
"402",2024-01-17 18:00:00,"historie",65.18,64.8641214780317,NA,NA,NA
"403",2024-01-17 19:00:00,"historie",61.25,24.0826340501535,NA,NA,NA
"404",2024-01-17 20:00:00,"historie",59.36,27.0632751311993,NA,NA,NA
"405",2024-01-17 21:00:00,"historie",60.11,31.0188543165329,NA,NA,NA
"406",2024-01-17 22:00:00,"historie",57.09,35.9623284902966,NA,NA,NA
"407",2024-01-17 23:00:00,"historie",49.55,32.2787871222321,NA,NA,NA
"408",2024-01-18,"historie",48.75,21.0190168424822,NA,NA,NA
"409",2024-01-18 01:00:00,"historie",41.23,30.5277058190022,NA,NA,NA
"410",2024-01-18 02:00:00,"historie",42.71,31.1380309226262,NA,NA,NA
"411",2024-01-18 03:00:00,"historie",42.63,41.0304610997455,NA,NA,NA
"412",2024-01-18 04:00:00,"historie",41.84,41.3519252674096,NA,NA,NA
"413",2024-01-18 05:00:00,"historie",52.87,50.5634266160798,NA,NA,NA
"414",2024-01-18 06:00:00,"historie",44.93,46.8916883911946,NA,NA,NA
"415",2024-01-18 07:00:00,"historie",23.46,51.976153632046,NA,NA,NA
"416",2024-01-18 08:00:00,"historie",11.66,42.8929920983608,NA,NA,NA
"417",2024-01-18 09:00:00,"historie",10.25,43.0560945790027,NA,NA,NA
"418",2024-01-18 10:00:00,"historie",10.31,41.1511110444093,NA,NA,NA
"419",2024-01-18 11:00:00,"historie",12.18,45.0304284219463,NA,NA,NA
"420",2024-01-18 12:00:00,"historie",11.8,39.4267553787352,NA,NA,NA
"421",2024-01-18 13:00:00,"historie",13.97,34.7730324030499,NA,NA,NA
"422",2024-01-18 14:00:00,"historie",20.99,31.6582120408026,NA,NA,NA
"423",2024-01-18 15:00:00,"historie",22.43,34.2394625838749,NA,NA,NA
"424",2024-01-18 16:00:00,"historie",22.88,31.7928304432098,NA,NA,NA
"425",2024-01-18 17:00:00,"historie",15.31,41.2271877696907,NA,NA,NA
"426",2024-01-18 18:00:00,"historie",16.57,33.2945179940522,NA,NA,NA
"427",2024-01-18 19:00:00,"historie",21.99,43.5497856987638,NA,NA,NA
"428",2024-01-18 20:00:00,"historie",11,37.9344555629173,NA,NA,NA
"429",2024-01-18 21:00:00,"historie",21.39,18.6399351021665,NA,NA,NA
"430",2024-01-18 22:00:00,"historie",20.64,11.7418818204929,NA,NA,NA
"431",2024-01-18 23:00:00,"historie",17.29,10.1686878537171,NA,NA,NA
"432",2024-01-19,"historie",17.47,11.7315430688707,NA,NA,NA
"433",2024-01-19 01:00:00,"historie",13.55,13.7930935951755,NA,NA,NA
"434",2024-01-19 02:00:00,"historie",15.02,11.6036473268574,NA,NA,NA
"435",2024-01-19 03:00:00,"historie",10.91,16.3660540923026,NA,NA,NA
"436",2024-01-19 04:00:00,"historie",14.6,23.6542673506883,NA,NA,NA
"437",2024-01-19 05:00:00,"historie",31.4,22.7404625793341,NA,NA,NA
"438",2024-01-19 06:00:00,"historie",51.66,22.2503402229819,NA,NA,NA
"439",2024-01-19 07:00:00,"historie",33.47,15.4594614527655,NA,NA,NA
"440",2024-01-19 08:00:00,"historie",24.44,16.6273855658713,NA,NA,NA
"441",2024-01-19 09:00:00,"historie",23.06,21.6281161606851,NA,NA,NA
"442",2024-01-19 10:00:00,"historie",14.22,10.4096628379363,NA,NA,NA
"443",2024-01-19 11:00:00,"historie",10.37,24.2245008200561,NA,NA,NA
"444",2024-01-19 12:00:00,"historie",10.66,17.9667629050779,NA,NA,NA
"445",2024-01-19 13:00:00,"historie",14.71,16.1238928516017,NA,NA,NA
"446",2024-01-19 14:00:00,"historie",15.22,15.0564313763438,NA,NA,NA
"447",2024-01-19 15:00:00,"historie",16.43,14.5382076130926,NA,NA,NA
"448",2024-01-19 16:00:00,"historie",14.99,15.0875290002995,NA,NA,NA
"449",2024-01-19 17:00:00,"historie",15.31,12.9648220166392,NA,NA,NA
"450",2024-01-19 18:00:00,"historie",23.42,17.4450669740424,NA,NA,NA
"451",2024-01-19 19:00:00,"historie",20.97,31.5690277259392,NA,NA,NA
"452",2024-01-19 20:00:00,"historie",15.9,42.7380540380722,NA,NA,NA
"453",2024-01-19 21:00:00,"historie",13.43,22.9407232257536,NA,NA,NA
"454",2024-01-19 22:00:00,"historie",14.61,21.559835122915,NA,NA,NA
"455",2024-01-19 23:00:00,"historie",14.72,19.1841386271995,NA,NA,NA
"456",2024-01-20,"historie",13.88,13.5991659620836,NA,NA,NA
"457",2024-01-20 01:00:00,"historie",12.76,10.9770936024028,NA,NA,NA
"458",2024-01-20 02:00:00,"historie",12.53,11.204414894042,NA,NA,NA
"459",2024-01-20 03:00:00,"historie",11.68,17.8703766489925,NA,NA,NA
"460",2024-01-20 04:00:00,"historie",12.33,16.7097892755123,NA,NA,NA
"461",2024-01-20 05:00:00,"historie",13.73,17.9979833704718,NA,NA,NA
"462",2024-01-20 06:00:00,"historie",15.25,14.5649312743501,NA,NA,NA
"463",2024-01-20 07:00:00,"historie",12.58,16.7614592881959,NA,NA,NA
"464",2024-01-20 08:00:00,"historie",14.6,23.3586141107095,NA,NA,NA
"465",2024-01-20 09:00:00,"historie",15.16,17.1377902151052,NA,NA,NA
"466",2024-01-20 10:00:00,"historie",11.38,16.6873817020655,NA,NA,NA
"467",2024-01-20 11:00:00,"historie",8.48,13.7229650657193,NA,NA,NA
"468",2024-01-20 12:00:00,"historie",7.25,14.3976214620822,NA,NA,NA
"469",2024-01-20 13:00:00,"historie",7.16,14.4518232540444,NA,NA,NA
"470",2024-01-20 14:00:00,"historie",13.17,12.0930384352386,NA,NA,NA
"471",2024-01-20 15:00:00,"historie",12.8,14.2252034677494,NA,NA,NA
"472",2024-01-20 16:00:00,"historie",14.04,12.0004945827001,NA,NA,NA
"473",2024-01-20 17:00:00,"historie",22.27,14.5421833425528,NA,NA,NA
"474",2024-01-20 18:00:00,"historie",22.12,15.5948357053959,NA,NA,NA
"475",2024-01-20 19:00:00,"historie",18.36,16.1817086439702,NA,NA,NA
"476",2024-01-20 20:00:00,"historie",16.68,15.6372678621121,NA,NA,NA
"477",2024-01-20 21:00:00,"historie",46,11.7608743154111,NA,NA,NA
"478",2024-01-20 22:00:00,"historie",34.74,15.8046996695208,NA,NA,NA
"479",2024-01-20 23:00:00,"historie",25.63,13.3421331002789,NA,NA,NA
"480",2024-01-21,"historie",26.64,11.36993985733,NA,NA,NA
"481",2024-01-21 01:00:00,"historie",62.47,9.37225272729035,NA,NA,NA
"482",2024-01-21 02:00:00,"historie",56.78,8.36707018108193,NA,NA,NA
"483",2024-01-21 03:00:00,"historie",45.29,9.37489286589368,NA,NA,NA
"484",2024-01-21 04:00:00,"historie",36.97,16.6860817368755,NA,NA,NA
"485",2024-01-21 05:00:00,"historie",51.62,13.7187874158956,NA,NA,NA
"486",2024-01-21 06:00:00,"historie",41.57,14.7458896004704,NA,NA,NA
"487",2024-01-21 07:00:00,"historie",52.59,25.0409828099423,NA,NA,NA
"488",2024-01-21 08:00:00,"historie",32.46,19.7924328849202,NA,NA,NA
"489",2024-01-21 09:00:00,"historie",33.8,15.8129761183775,NA,NA,NA
"490",2024-01-21 10:00:00,"historie",51.81,16.7591936595751,NA,NA,NA
"491",2024-01-21 11:00:00,"historie",39.71,43.9717172297104,NA,NA,NA
"492",2024-01-21 12:00:00,"historie",38.07,25.0542720116573,NA,NA,NA
"493",2024-01-21 13:00:00,"historie",52.03,21.2046509687996,NA,NA,NA
"494",2024-01-21 14:00:00,"historie",54.12,20.7160610015844,NA,NA,NA
"495",2024-01-21 15:00:00,"historie",44.34,55.3312756381696,NA,NA,NA
"496",2024-01-21 16:00:00,"historie",36.26,36.7609581519653,NA,NA,NA
"497",2024-01-21 17:00:00,"historie",30.25,39.2317883803333,NA,NA,NA
"498",2024-01-21 18:00:00,"historie",39.32,33.3006312492577,NA,NA,NA
"499",2024-01-21 19:00:00,"historie",41.95,45.9041231442832,NA,NA,NA
"500",2024-01-21 20:00:00,"historie",47.85,30.8733083149291,NA,NA,NA
"501",2024-01-21 21:00:00,"historie",43.96,40.2637619055186,NA,NA,NA
"502",2024-01-21 22:00:00,"historie",41.31,25.3195418611359,NA,NA,NA
"503",2024-01-21 23:00:00,"historie",27.97,25.3471792918782,NA,NA,NA
"504",2024-01-22,"historie",48.43,39.8628822266385,NA,NA,NA
"505",2024-01-22 01:00:00,"historie",42.69,28.9690708785411,NA,NA,NA
"506",2024-01-22 02:00:00,"historie",45.26,29.8193579432836,NA,NA,NA
"507",2024-01-22 03:00:00,"historie",43.67,47.9512801916509,NA,NA,NA
"508",2024-01-22 04:00:00,"historie",52.4,42.2445279692112,NA,NA,NA
"509",2024-01-22 05:00:00,"historie",51.71,35.7776828086507,NA,NA,NA
"510",2024-01-22 06:00:00,"historie",47.61,30.848801007268,NA,NA,NA
"511",2024-01-22 07:00:00,"historie",60.88,27.5677112270194,NA,NA,NA
"512",2024-01-22 08:00:00,"historie",65.8,32.8602788860672,NA,NA,NA
"513",2024-01-22 09:00:00,"historie",49.76,31.1497623392568,NA,NA,NA
"514",2024-01-22 10:00:00,"historie",50.33,45.6366605982151,NA,NA,NA
"515",2024-01-22 11:00:00,"historie",65.25,33.1331749106504,NA,NA,NA
"516",2024-01-22 12:00:00,"historie",95.26,31.2341028000715,NA,NA,NA
"517",2024-01-22 13:00:00,"historie",77.79,22.5803612388845,NA,NA,NA
"518",2024-01-22 14:00:00,"historie",75.11,42.8237168973829,NA,NA,NA
"519",2024-01-22 15:00:00,"historie",86.44,33.8777430115702,NA,NA,NA
"520",2024-01-22 16:00:00,"historie",88.26,34.4305885426497,NA,NA,NA
"521",2024-01-22 17:00:00,"historie",87.88,38.4800723057731,NA,NA,NA
"522",2024-01-22 18:00:00,"historie",83.45,49.7318158818306,NA,NA,NA
"523",2024-01-22 19:00:00,"historie",79.12,41.9016197847744,NA,NA,NA
"524",2024-01-22 20:00:00,"historie",73.26,39.1770807630478,NA,NA,NA
"525",2024-01-22 21:00:00,"historie",67.26,43.1021447120694,NA,NA,NA
"526",2024-01-22 22:00:00,"historie",64.24,50.6006788405115,NA,NA,NA
"527",2024-01-22 23:00:00,"historie",55.83,35.4930058863894,NA,NA,NA
"528",2024-01-23,"historie",32.03,37.3457248293911,NA,NA,NA
"529",2024-01-23 01:00:00,"historie",8.2,49.8370294163995,NA,NA,NA
"530",2024-01-23 02:00:00,"historie",5.65,69.6350707474953,NA,NA,NA
"531",2024-01-23 03:00:00,"historie",5.24,58.941825307647,NA,NA,NA
"532",2024-01-23 04:00:00,"historie",5.58,55.7190668318816,NA,NA,NA
"533",2024-01-23 05:00:00,"historie",6.17,63.2728723726876,NA,NA,NA
"534",2024-01-23 06:00:00,"historie",9.85,61.522977715706,NA,NA,NA
"535",2024-01-23 07:00:00,"historie",13.41,67.7867800367765,NA,NA,NA
"536",2024-01-23 08:00:00,"historie",125,57.3117277933352,NA,NA,NA
"537",2024-01-23 09:00:00,"historie",4.6,53.8171171178373,NA,NA,NA
"538",2024-01-23 10:00:00,"historie",4.18,58.2029351619266,NA,NA,NA
"539",2024-01-23 11:00:00,"historie",4.19,48.1720517035916,NA,NA,NA
"540",2024-01-23 12:00:00,"historie",4.34,43.0176464852566,NA,NA,NA
"541",2024-01-23 13:00:00,"historie",4.93,44.5421777781445,NA,NA,NA
"542",2024-01-23 14:00:00,"historie",4.94,24.1714117859208,NA,NA,NA
"543",2024-01-23 15:00:00,"historie",6.06,8.29928296105247,NA,NA,NA
"544",2024-01-23 16:00:00,"historie",10.48,6.88520820813076,NA,NA,NA
"545",2024-01-23 17:00:00,"historie",14.31,7.87804885508915,NA,NA,NA
"546",2024-01-23 18:00:00,"historie",12.86,8.55442427875424,NA,NA,NA
"547",2024-01-23 19:00:00,"historie",13.62,8.55579478424941,NA,NA,NA
"548",2024-01-23 20:00:00,"historie",12.87,13.4232388041675,NA,NA,NA
"549",2024-01-23 21:00:00,"historie",13.3,14.3571765781383,NA,NA,NA
"550",2024-01-23 22:00:00,"historie",12.34,120.912896453054,NA,NA,NA
"551",2024-01-23 23:00:00,"historie",11.74,3.0987716820803,NA,NA,NA
"552",2024-01-24,"historie",10.54,6.83491928192872,NA,NA,NA
"553",2024-01-24 01:00:00,"historie",11.69,6.09865537297539,NA,NA,NA
"554",2024-01-24 02:00:00,"historie",14.05,6.16268481949425,NA,NA,NA
"555",2024-01-24 03:00:00,"historie",14.08,7.75945612256302,NA,NA,NA
"556",2024-01-24 04:00:00,"historie",11.28,7.22392909162917,NA,NA,NA
"557",2024-01-24 05:00:00,"historie",9.2,8.68226743980511,NA,NA,NA
"558",2024-01-24 06:00:00,"historie",8.01,13.759176525842,NA,NA,NA
"559",2024-01-24 07:00:00,"historie",7.88,17.5953563366743,NA,NA,NA
"560",2024-01-24 08:00:00,"historie",7.22,13.8688620797941,NA,NA,NA
"561",2024-01-24 09:00:00,"historie",7.54,14.681182561692,NA,NA,NA
"562",2024-01-24 10:00:00,"historie",5.05,15.4463443102187,NA,NA,NA
"563",2024-01-24 11:00:00,"historie",6.09,14.6009420520974,NA,NA,NA
"564",2024-01-24 12:00:00,"historie",3.64,12.4525151823443,NA,NA,NA
"565",2024-01-24 13:00:00,"historie",3.23,12.5448624153493,NA,NA,NA
"566",2024-01-24 14:00:00,"historie",7.78,9.35385126119335,NA,NA,NA
"567",2024-01-24 15:00:00,"historie",4.63,12.9364830053216,NA,NA,NA
"568",2024-01-24 16:00:00,"historie",6.05,13.7720532222201,NA,NA,NA
"569",2024-01-24 17:00:00,"historie",10.72,15.8062062623198,NA,NA,NA
"570",2024-01-24 18:00:00,"historie",7.04,13.1931088207759,NA,NA,NA
"571",2024-01-24 19:00:00,"historie",5.75,11.3291201145428,NA,NA,NA
"572",2024-01-24 20:00:00,"historie",4.89,10.1787769914598,NA,NA,NA
"573",2024-01-24 21:00:00,"historie",5.16,12.6220780867877,NA,NA,NA
"574",2024-01-24 22:00:00,"historie",6.21,5.44147859960625,NA,NA,NA
"575",2024-01-24 23:00:00,"historie",5.62,9.42593665595008,NA,NA,NA
"576",2024-01-25,"historie",6.57,5.78573799571166,NA,NA,NA
"577",2024-01-25 01:00:00,"historie",6.31,8.19458960744826,NA,NA,NA
"578",2024-01-25 02:00:00,"historie",5.95,4.59363348214897,NA,NA,NA
"579",2024-01-25 03:00:00,"historie",8.82,5.06843528972942,NA,NA,NA
"580",2024-01-25 04:00:00,"historie",8.66,11.4929180302331,NA,NA,NA
"581",2024-01-25 05:00:00,"historie",13.34,6.0340510046233,NA,NA,NA
"582",2024-01-25 06:00:00,"historie",9.07,8.81473483816221,NA,NA,NA
"583",2024-01-25 07:00:00,"historie",8.64,13.9105188955784,NA,NA,NA
"584",2024-01-25 08:00:00,"historie",8.12,8.00838325400785,NA,NA,NA
"585",2024-01-25 09:00:00,"historie",6.85,7.08959650164092,NA,NA,NA
"586",2024-01-25 10:00:00,"historie",6.67,6.993619085018,NA,NA,NA
"587",2024-01-25 11:00:00,"historie",5.34,6.8051298121699,NA,NA,NA
"588",2024-01-25 12:00:00,"historie",4.13,7.51570567633598,NA,NA,NA
"589",2024-01-25 13:00:00,"historie",5.05,6.82036293568637,NA,NA,NA
"590",2024-01-25 14:00:00,"historie",8.43,7.35855319133164,NA,NA,NA
"591",2024-01-25 15:00:00,"historie",12.08,7.9065389944371,NA,NA,NA
"592",2024-01-25 16:00:00,"historie",16.21,6.95526769478953,NA,NA,NA
"593",2024-01-25 17:00:00,"historie",15.44,11.4227531243245,NA,NA,NA
"594",2024-01-25 18:00:00,"historie",15.88,10.4637814267952,NA,NA,NA
"595",2024-01-25 19:00:00,"historie",15.89,15.8676699435625,NA,NA,NA
"596",2024-01-25 20:00:00,"historie",16.02,10.0173743722856,NA,NA,NA
"597",2024-01-25 21:00:00,"historie",15.8,11.5726392209229,NA,NA,NA
"598",2024-01-25 22:00:00,"historie",17,7.12809054211241,NA,NA,NA
"599",2024-01-25 23:00:00,"historie",20.58,7.57394333773923,NA,NA,NA
"600",2024-01-26,"historie",15.33,7.94358258781996,NA,NA,NA
"601",2024-01-26 01:00:00,"historie",12.25,6.03607457649585,NA,NA,NA
"602",2024-01-26 02:00:00,"historie",13.13,5.17574464332458,NA,NA,NA
"603",2024-01-26 03:00:00,"historie",12.83,8.04439978479488,NA,NA,NA
"604",2024-01-26 04:00:00,"historie",20.11,9.88570335435492,NA,NA,NA
"605",2024-01-26 05:00:00,"historie",25.43,14.8681057900439,NA,NA,NA
"606",2024-01-26 06:00:00,"historie",32.33,18.5736167591055,NA,NA,NA
"607",2024-01-26 07:00:00,"historie",33.95,15.0650902281508,NA,NA,NA
"608",2024-01-26 08:00:00,"historie",42.6,15.7845085546759,NA,NA,NA
"609",2024-01-26 09:00:00,"historie",49.63,14.8767402795636,NA,NA,NA
"610",2024-01-26 10:00:00,"historie",44.46,17.087624320559,NA,NA,NA
"611",2024-01-26 11:00:00,"historie",31.27,15.6086492732579,NA,NA,NA
"612",2024-01-26 12:00:00,"historie",25.32,15.3437999368458,NA,NA,NA
"613",2024-01-26 13:00:00,"historie",23.21,19.5003666185129,NA,NA,NA
"614",2024-01-26 14:00:00,"historie",50.51,12.4714985110413,NA,NA,NA
"615",2024-01-26 15:00:00,"historie",62.31,12.3867458529756,NA,NA,NA
"616",2024-01-26 16:00:00,"historie",68.07,13.6059674179533,NA,NA,NA
"617",2024-01-26 17:00:00,"historie",60.38,13.6131520348977,NA,NA,NA
"618",2024-01-26 18:00:00,"historie",6.73,23.2917414450132,NA,NA,NA
"619",2024-01-26 19:00:00,"historie",3.86,22.8316277442755,NA,NA,NA
"620",2024-01-26 20:00:00,"historie",4.35,29.8269103096624,NA,NA,NA
"621",2024-01-26 21:00:00,"historie",5.12,31.4395805668633,NA,NA,NA
"622",2024-01-26 22:00:00,"historie",5.47,26.9491474363781,NA,NA,NA
"623",2024-01-26 23:00:00,"historie",4.6,36.5659569357464,NA,NA,NA
"624",2024-01-27,"historie",5.06,31.4244626228778,NA,NA,NA
"625",2024-01-27 01:00:00,"historie",6.67,22.5382014079805,NA,NA,NA
"626",2024-01-27 02:00:00,"historie",6.16,21.3836722779618,NA,NA,NA
"627",2024-01-27 03:00:00,"historie",6.88,24.3111561486202,NA,NA,NA
"628",2024-01-27 04:00:00,"historie",7.91,44.3588472948146,NA,NA,NA
"629",2024-01-27 05:00:00,"historie",8.75,50.8033450039971,NA,NA,NA
"630",2024-01-27 06:00:00,"historie",9.36,52.3829271929839,NA,NA,NA
"631",2024-01-27 07:00:00,"historie",9.83,44.0771554656525,NA,NA,NA
"632",2024-01-27 08:00:00,"historie",9.34,5.53253656540163,NA,NA,NA
"633",2024-01-27 09:00:00,"historie",10.11,5.09566170889291,NA,NA,NA
"634",2024-01-27 10:00:00,"historie",10.42,6.35992314827077,NA,NA,NA
"635",2024-01-27 11:00:00,"historie",10.16,6.81934576877921,NA,NA,NA
"636",2024-01-27 12:00:00,"historie",6.52,6.70558071871547,NA,NA,NA
"637",2024-01-27 13:00:00,"historie",5.41,5.54496496758458,NA,NA,NA
"638",2024-01-27 14:00:00,"historie",5.71,5.7985080960527,NA,NA,NA
"639",2024-01-27 15:00:00,"historie",7.89,8.44616089038724,NA,NA,NA
"640",2024-01-27 16:00:00,"historie",14.51,7.14677197380768,NA,NA,NA
"641",2024-01-27 17:00:00,"historie",15.39,9.33539167808135,NA,NA,NA
"642",2024-01-27 18:00:00,"historie",12.79,10.6827673675738,NA,NA,NA
"643",2024-01-27 19:00:00,"historie",11.61,10.7257972153093,NA,NA,NA
"644",2024-01-27 20:00:00,"historie",13.27,11.4422710685351,NA,NA,NA
"645",2024-01-27 21:00:00,"historie",17.05,12.8950460425248,NA,NA,NA
"646",2024-01-27 22:00:00,"historie",17.04,8.83716205700248,NA,NA,NA
"647",2024-01-27 23:00:00,"historie",18.86,11.144118021134,NA,NA,NA
"648",2024-01-28,"historie",15.73,10.7268122028204,NA,NA,NA
"649",2024-01-28 01:00:00,"historie",18.67,10.3720342752721,NA,NA,NA
"650",2024-01-28 02:00:00,"historie",15.94,7.23659518721529,NA,NA,NA
"651",2024-01-28 03:00:00,"historie",22.33,8.73176546346585,NA,NA,NA
"652",2024-01-28 04:00:00,"historie",13.36,7.61180306505396,NA,NA,NA
"653",2024-01-28 05:00:00,"historie",18.13,11.2807283817721,NA,NA,NA
"654",2024-01-28 06:00:00,"historie",24.2,17.7054857400602,NA,NA,NA
"655",2024-01-28 07:00:00,"historie",19.99,11.6903817883371,NA,NA,NA
"656",2024-01-28 08:00:00,"historie",22.46,12.2863243310813,NA,NA,NA
"657",2024-01-28 09:00:00,"historie",19.05,11.5752254363594,NA,NA,NA
"658",2024-01-28 10:00:00,"historie",24.65,14.5405814978383,NA,NA,NA
"659",2024-01-28 11:00:00,"historie",17.67,16.7894259792401,NA,NA,NA
"660",2024-01-28 12:00:00,"historie",13.31,14.7596252109489,NA,NA,NA
"661",2024-01-28 13:00:00,"historie",10.09,17.1629820723978,NA,NA,NA
"662",2024-01-28 14:00:00,"historie",15,13.3349830671746,NA,NA,NA
"663",2024-01-28 15:00:00,"historie",11.63,17.607320547034,NA,NA,NA
"664",2024-01-28 16:00:00,"historie",33.98,14.5985547743573,NA,NA,NA
"665",2024-01-28 17:00:00,"historie",32.07,23.1722270847564,NA,NA,NA
"666",2024-01-28 18:00:00,"historie",48.77,13.565604694028,NA,NA,NA
"667",2024-01-28 19:00:00,"historie",37.74,19.4693896215003,NA,NA,NA
"668",2024-01-28 20:00:00,"historie",24.75,23.6858929832206,NA,NA,NA
"669",2024-01-28 21:00:00,"historie",29.21,19.9080291817765,NA,NA,NA
"670",2024-01-28 22:00:00,"historie",20.24,18.2346591492866,NA,NA,NA
"671",2024-01-28 23:00:00,"historie",18.92,16.9448124089372,NA,NA,NA
"672",2024-01-29,"historie",18.16,21.8673882681971,NA,NA,NA
"673",2024-01-29 01:00:00,"historie",14.66,13.8319364066976,NA,NA,NA
"674",2024-01-29 02:00:00,"historie",14.13,12.5212669960523,NA,NA,NA
"675",2024-01-29 03:00:00,"historie",12.87,12.4385002598145,NA,NA,NA
"676",2024-01-29 04:00:00,"historie",14.76,16.9791152968864,NA,NA,NA
"677",2024-01-29 05:00:00,"historie",23.28,13.7694691562398,NA,NA,NA
"678",2024-01-29 06:00:00,"historie",31.72,36.9495629341973,NA,NA,NA
"679",2024-01-29 07:00:00,"historie",25.64,21.3768953739821,NA,NA,NA
"680",2024-01-29 08:00:00,"historie",27.16,38.9883865775393,NA,NA,NA
"681",2024-01-29 09:00:00,"historie",26.62,27.8384349557971,NA,NA,NA
"682",2024-01-29 10:00:00,"historie",29.67,22.1550127996466,NA,NA,NA
"683",2024-01-29 11:00:00,"historie",32.18,25.7166087420394,NA,NA,NA
"684",2024-01-29 12:00:00,"historie",32.61,16.5370742236212,NA,NA,NA
"685",2024-01-29 13:00:00,"historie",26.64,16.7303417373885,NA,NA,NA
"686",2024-01-29 14:00:00,"historie",24.17,16.0402959893811,NA,NA,NA
"687",2024-01-29 15:00:00,"historie",23.29,13.4553862324895,NA,NA,NA
"688",2024-01-29 16:00:00,"historie",27.74,14.7803025899742,NA,NA,NA
"689",2024-01-29 17:00:00,"historie",21.22,12.8291917849671,NA,NA,NA
"690",2024-01-29 18:00:00,"historie",15.31,17.6481490408085,NA,NA,NA
"691",2024-01-29 19:00:00,"historie",15.29,24.3990427432685,NA,NA,NA
"692",2024-01-29 20:00:00,"historie",15.83,28.7180388983799,NA,NA,NA
"693",2024-01-29 21:00:00,"historie",15.15,24.6346882310225,NA,NA,NA
"694",2024-01-29 22:00:00,"historie",14.97,21.0813488649482,NA,NA,NA
"695",2024-01-29 23:00:00,"historie",15.14,23.9672638679716,NA,NA,NA
"696",2024-01-30,"historie",14.22,23.7405229963667,NA,NA,NA
"697",2024-01-30 01:00:00,"historie",17.17,24.2090876819461,NA,NA,NA
"698",2024-01-30 02:00:00,"historie",16.92,25.3044901163336,NA,NA,NA
"699",2024-01-30 03:00:00,"historie",15.29,27.3534847688485,NA,NA,NA
"700",2024-01-30 04:00:00,"historie",15.66,21.0567204842263,NA,NA,NA
"701",2024-01-30 05:00:00,"historie",20.17,28.1354619052429,NA,NA,NA
"702",2024-01-30 06:00:00,"historie",31.9,25.9603769551782,NA,NA,NA
"703",2024-01-30 07:00:00,"historie",35.83,17.7731045148259,NA,NA,NA
"704",2024-01-30 08:00:00,"historie",32.22,13.9346962388832,NA,NA,NA
"705",2024-01-30 09:00:00,"historie",23.17,14.6745883482671,NA,NA,NA
"706",2024-01-30 10:00:00,"historie",19.64,17.2944911585692,NA,NA,NA
"707",2024-01-30 11:00:00,"historie",24.18,14.1477309945984,NA,NA,NA
"708",2024-01-30 12:00:00,"historie",15.85,14.2887861314608,NA,NA,NA
"709",2024-01-30 13:00:00,"historie",17.89,14.2174210629278,NA,NA,NA
"710",2024-01-30 14:00:00,"historie",20.03,12.8828132572097,NA,NA,NA
"711",2024-01-30 15:00:00,"historie",20.34,16.5048416602221,NA,NA,NA
"712",2024-01-30 16:00:00,"historie",21.89,16.1324010567513,NA,NA,NA
"713",2024-01-30 17:00:00,"historie",22.63,15.2909730660565,NA,NA,NA
"714",2024-01-30 18:00:00,"historie",25.71,18.6204450617923,NA,NA,NA
"715",2024-01-30 19:00:00,"historie",20.84,21.8643785367085,NA,NA,NA
"716",2024-01-30 20:00:00,"historie",21.11,29.5425038414646,NA,NA,NA
"717",2024-01-30 21:00:00,"historie",22.7,33.8142951010353,NA,NA,NA
"718",2024-01-30 22:00:00,"historie",20,24.0141268465729,NA,NA,NA
"719",2024-01-30 23:00:00,"historie",20.67,20.9740083119864,NA,NA,NA
"720",2024-01-31,"historie",20.54,17.6155845808894,NA,NA,NA
"721",2024-01-31 01:00:00,"historie",24.2,21.1391107061291,NA,NA,NA
"722",2024-01-31 02:00:00,"historie",24.14,13.5775039902251,NA,NA,NA
"723",2024-01-31 03:00:00,"historie",25.7,21.0806294684462,NA,NA,NA
"724",2024-01-31 04:00:00,"historie",25.55,19.0992588538756,NA,NA,NA
"725",2024-01-31 05:00:00,"historie",25.72,24.332099237711,NA,NA,NA
"726",2024-01-31 06:00:00,"historie",26.12,20.6138323907745,NA,NA,NA
"727",2024-01-31 07:00:00,"historie",25.16,18.8418519824789,NA,NA,NA
"728",2024-01-31 08:00:00,"historie",19.1,22.5899263063642,NA,NA,NA
"729",2024-01-31 09:00:00,"historie",17.81,17.9374319487931,NA,NA,NA
"730",2024-01-31 10:00:00,"historie",15.8,21.0130773650248,NA,NA,NA
"731",2024-01-31 11:00:00,"historie",13.5,19.9850602086354,NA,NA,NA
"732",2024-01-31 12:00:00,"historie",20.16,17.425847672199,NA,NA,NA
"733",2024-01-31 13:00:00,"historie",18.69,18.1344129266179,NA,NA,NA
"734",2024-01-31 14:00:00,"historie",21.04,18.0149144099569,NA,NA,NA
"735",2024-01-31 15:00:00,"historie",21.54,21.3619361384819,NA,NA,NA
"736",2024-01-31 16:00:00,"historie",23.41,21.1699397473682,NA,NA,NA
"737",2024-01-31 17:00:00,"historie",24.2,23.4543086508632,NA,NA,NA
"738",2024-01-31 18:00:00,"historie",23.29,26.7526357627012,NA,NA,NA
"739",2024-01-31 19:00:00,"historie",22.75,26.4950121308239,NA,NA,NA
"740",2024-01-31 20:00:00,"historie",26.96,24.4452871618786,NA,NA,NA
"741",2024-01-31 21:00:00,"historie",31.17,25.104254670355,NA,NA,NA
"742",2024-01-31 22:00:00,"historie",36.01,15.4851954388851,NA,NA,NA
"743",2024-01-31 23:00:00,"historie",34.04,17.731445930035,NA,NA,NA
"744",2024-02-01,"historie",33.85,15.4445674756169,NA,NA,NA
"745",2024-02-01 01:00:00,"historie",33.2,12.0309607555627,NA,NA,NA
"746",2024-02-01 02:00:00,"historie",29.9,20.0875190632372,NA,NA,NA
"747",2024-02-01 03:00:00,"historie",31.98,20.041384185278,NA,NA,NA
"748",2024-02-01 04:00:00,"historie",33.02,20.3065264263166,NA,NA,NA
"749",2024-02-01 05:00:00,"historie",33.71,24.6558907743077,NA,NA,NA
"750",2024-02-01 06:00:00,"historie",35.99,22.1757070767304,NA,NA,NA
"751",2024-02-01 07:00:00,"historie",31.31,20.9122789366853,NA,NA,NA
"752",2024-02-01 08:00:00,"historie",15.2,20.0140794508095,NA,NA,NA
"753",2024-02-01 09:00:00,"historie",8.62,20.4354707028597,NA,NA,NA
"754",2024-02-01 10:00:00,"historie",7.46,26.1388558392837,NA,NA,NA
"755",2024-02-01 11:00:00,"historie",7.4,25.6421154606052,NA,NA,NA
"756",2024-02-01 12:00:00,"historie",3.86,29.305635920635,NA,NA,NA
"757",2024-02-01 13:00:00,"historie",3.97,26.3176207550195,NA,NA,NA
"758",2024-02-01 14:00:00,"historie",4.23,27.4931059702623,NA,NA,NA
"759",2024-02-01 15:00:00,"historie",5.51,26.7303353846473,NA,NA,NA
"760",2024-02-01 16:00:00,"historie",8.53,25.4593178775532,NA,NA,NA
"761",2024-02-01 17:00:00,"historie",7.45,28.169758932625,NA,NA,NA
"762",2024-02-01 18:00:00,"historie",7.7,32.3401531439773,NA,NA,NA
"763",2024-02-01 19:00:00,"historie",8.62,32.0626944494723,NA,NA,NA
"764",2024-02-01 20:00:00,"historie",8.07,31.4982753031212,NA,NA,NA
"765",2024-02-01 21:00:00,"historie",9.37,27.87940208526,NA,NA,NA
"766",2024-02-01 22:00:00,"historie",8.93,12.3740860470854,NA,NA,NA
"767",2024-02-01 23:00:00,"historie",8.74,9.28872174265942,NA,NA,NA
"768",2024-02-02,"historie",10.23,8.50805180614655,NA,NA,NA
"769",2024-02-02 01:00:00,"historie",10.65,8.51164317280982,NA,NA,NA
"770",2024-02-02 02:00:00,"historie",10.7,4.54030064057273,NA,NA,NA
"771",2024-02-02 03:00:00,"historie",11.8,6.5045131033239,NA,NA,NA
"772",2024-02-02 04:00:00,"historie",13.55,5.78879663315431,NA,NA,NA
"773",2024-02-02 05:00:00,"historie",13.27,8.93646798999333,NA,NA,NA
"774",2024-02-02 06:00:00,"historie",16.95,10.8204929362705,NA,NA,NA
"775",2024-02-02 07:00:00,"historie",10.15,8.14126056903045,NA,NA,NA
"776",2024-02-02 08:00:00,"historie",11.15,8.93366221474497,NA,NA,NA
"777",2024-02-02 09:00:00,"historie",9.06,10.2255867700957,NA,NA,NA
"778",2024-02-02 10:00:00,"historie",7.77,10.0450104978097,NA,NA,NA
"779",2024-02-02 11:00:00,"historie",8.66,10.8057262960973,NA,NA,NA
"780",2024-02-02 12:00:00,"historie",10.45,9.77203657036593,NA,NA,NA
"781",2024-02-02 13:00:00,"historie",10.17,9.66537422972362,NA,NA,NA
"782",2024-02-02 14:00:00,"historie",8.46,11.3829263814526,NA,NA,NA
"783",2024-02-02 15:00:00,"historie",7.34,11.3032309509643,NA,NA,NA
"784",2024-02-02 16:00:00,"historie",10.22,12.064350006256,NA,NA,NA
"785",2024-02-02 17:00:00,"historie",13.09,13.3587232623448,NA,NA,NA
"786",2024-02-02 18:00:00,"historie",12.72,16.6542628123558,NA,NA,NA
"787",2024-02-02 19:00:00,"historie",13.75,15.6861073471402,NA,NA,NA
"788",2024-02-02 20:00:00,"historie",14.79,18.2321438302494,NA,NA,NA
"789",2024-02-02 21:00:00,"historie",11.17,9.9838188386642,NA,NA,NA
"790",2024-02-02 22:00:00,"historie",9.73,10.8768460060924,NA,NA,NA
"791",2024-02-02 23:00:00,"historie",7.7,9.6236518204992,NA,NA,NA
"792",2024-02-03,"historie",8.63,8.57804384420391,NA,NA,NA
"793",2024-02-03 01:00:00,"historie",9.33,8.58669936831157,NA,NA,NA
"794",2024-02-03 02:00:00,"historie",9.66,11.1202706404962,NA,NA,NA
"795",2024-02-03 03:00:00,"historie",8.52,11.933655936763,NA,NA,NA
"796",2024-02-03 04:00:00,"historie",7.79,9.4282349224119,NA,NA,NA
"797",2024-02-03 05:00:00,"historie",8.02,10.2862713457582,NA,NA,NA
"798",2024-02-03 06:00:00,"historie",7.44,11.6331016835408,NA,NA,NA
"799",2024-02-03 07:00:00,"historie",7.08,13.3047229546199,NA,NA,NA
"800",2024-02-03 08:00:00,"historie",8.65,12.665289017114,NA,NA,NA
"801",2024-02-03 09:00:00,"historie",10.51,13.9679387025214,NA,NA,NA
"802",2024-02-03 10:00:00,"historie",9.87,16.0555153423176,NA,NA,NA
"803",2024-02-03 11:00:00,"historie",11.44,10.8890991904276,NA,NA,NA
"804",2024-02-03 12:00:00,"historie",9.57,10.1952116954072,NA,NA,NA
"805",2024-02-03 13:00:00,"historie",8.01,8.38754956503044,NA,NA,NA
"806",2024-02-03 14:00:00,"historie",7.15,9.7799668554541,NA,NA,NA
"807",2024-02-03 15:00:00,"historie",7.8,10.1157722993475,NA,NA,NA
"808",2024-02-03 16:00:00,"historie",8.55,11.0303844297001,NA,NA,NA
"809",2024-02-03 17:00:00,"historie",10.57,9.92717573695868,NA,NA,NA
"810",2024-02-03 18:00:00,"historie",12.03,10.1236900980959,NA,NA,NA
"811",2024-02-03 19:00:00,"historie",14.43,10.8696333718675,NA,NA,NA
"812",2024-02-03 20:00:00,"historie",12.58,8.32477515580752,NA,NA,NA
"813",2024-02-03 21:00:00,"historie",11.31,8.67710238016709,NA,NA,NA
"814",2024-02-03 22:00:00,"historie",9.89,8.82817208657875,NA,NA,NA
"815",2024-02-03 23:00:00,"historie",5.66,11.3387086628285,NA,NA,NA
"816",2024-02-04,"historie",4.75,10.3926245257719,NA,NA,NA
"817",2024-02-04 01:00:00,"historie",4.67,11.4071637958371,NA,NA,NA
"818",2024-02-04 02:00:00,"historie",5.58,9.64610359332241,NA,NA,NA
"819",2024-02-04 03:00:00,"historie",4.77,9.41989357254702,NA,NA,NA
"820",2024-02-04 04:00:00,"historie",4.63,8.09785295226991,NA,NA,NA
"821",2024-02-04 05:00:00,"historie",5.31,11.0977629289698,NA,NA,NA
"822",2024-02-04 06:00:00,"historie",5.94,9.91395928854502,NA,NA,NA
"823",2024-02-04 07:00:00,"historie",8.66,11.2962259106299,NA,NA,NA
"824",2024-02-04 08:00:00,"historie",6.64,12.6363383599471,NA,NA,NA
"825",2024-02-04 09:00:00,"historie",6.67,14.9096693286852,NA,NA,NA
"826",2024-02-04 10:00:00,"historie",6.36,12.8429356427117,NA,NA,NA
"827",2024-02-04 11:00:00,"historie",5.76,11.3011042874106,NA,NA,NA
"828",2024-02-04 12:00:00,"historie",5.49,9.80400203087061,NA,NA,NA
"829",2024-02-04 13:00:00,"historie",4.95,6.23696773220452,NA,NA,NA
"830",2024-02-04 14:00:00,"historie",7.8,5.88270504422691,NA,NA,NA
"831",2024-02-04 15:00:00,"historie",10.64,5.8426681284144,NA,NA,NA
"832",2024-02-04 16:00:00,"historie",16.07,7.12893056959851,NA,NA,NA
"833",2024-02-04 17:00:00,"historie",11.3,6.03524747342894,NA,NA,NA
"834",2024-02-04 18:00:00,"historie",13.56,6.66770035498999,NA,NA,NA
"835",2024-02-04 19:00:00,"historie",20,7.5459771013218,NA,NA,NA
"836",2024-02-04 20:00:00,"historie",18.92,7.20172924395825,NA,NA,NA
"837",2024-02-04 21:00:00,"historie",13.14,10.8310621627579,NA,NA,NA
"838",2024-02-04 22:00:00,"historie",9.65,6.77795895523631,NA,NA,NA
"839",2024-02-04 23:00:00,"historie",7.47,7.8141054098489,NA,NA,NA
"840",2024-02-05,"historie",5.63,7.57119415547798,NA,NA,NA
"841",2024-02-05 01:00:00,"historie",4.78,6.24987203946216,NA,NA,NA
"842",2024-02-05 02:00:00,"historie",4.07,6.36219474013157,NA,NA,NA
"843",2024-02-05 03:00:00,"historie",3.95,6.33407506089229,NA,NA,NA
"844",2024-02-05 04:00:00,"historie",4.35,9.60570377020856,NA,NA,NA
"845",2024-02-05 05:00:00,"historie",4.47,13.6565605473972,NA,NA,NA
"846",2024-02-05 06:00:00,"historie",4.79,17.077545258187,NA,NA,NA
"847",2024-02-05 07:00:00,"historie",5.22,10.7309702498613,NA,NA,NA
"848",2024-02-05 08:00:00,"historie",6.75,14.6128098195407,NA,NA,NA
"849",2024-02-05 09:00:00,"historie",5.47,19.173314459655,NA,NA,NA
"850",2024-02-05 10:00:00,"historie",4.24,17.5516378202033,NA,NA,NA
"851",2024-02-05 11:00:00,"historie",3.77,11.8694842364892,NA,NA,NA
"852",2024-02-05 12:00:00,"historie",3.59,8.73990861080408,NA,NA,NA
"853",2024-02-05 13:00:00,"historie",3.64,7.81436176097241,NA,NA,NA
"854",2024-02-05 14:00:00,"historie",3.87,6.24720722099982,NA,NA,NA
"855",2024-02-05 15:00:00,"historie",5,5.79239576853448,NA,NA,NA
"856",2024-02-05 16:00:00,"historie",7.15,5.00749641692792,NA,NA,NA
"857",2024-02-05 17:00:00,"historie",13.56,5.24043086081023,NA,NA,NA
"858",2024-02-05 18:00:00,"historie",14.75,6.26737769357365,NA,NA,NA
"859",2024-02-05 19:00:00,"historie",12.65,6.29967535501877,NA,NA,NA
"860",2024-02-05 20:00:00,"historie",11.6,6.32117719011464,NA,NA,NA
"861",2024-02-05 21:00:00,"historie",10.4,6.46783043529871,NA,NA,NA
"862",2024-02-05 22:00:00,"historie",13.73,7.61133624409204,NA,NA,NA
"863",2024-02-05 23:00:00,"historie",12.87,6.14655990327566,NA,NA,NA
"864",2024-02-06,"historie",11.51,5.18778471256835,NA,NA,NA
"865",2024-02-06 01:00:00,"historie",10.21,4.48002950458346,NA,NA,NA
"866",2024-02-06 02:00:00,"historie",10.21,4.45620955287302,NA,NA,NA
"867",2024-02-06 03:00:00,"historie",7.67,5.31717013605465,NA,NA,NA
"868",2024-02-06 04:00:00,"historie",5.93,5.27876621488741,NA,NA,NA
"869",2024-02-06 05:00:00,"historie",5.81,7.90225723411024,NA,NA,NA
"870",2024-02-06 06:00:00,"historie",5.84,8.46066003966628,NA,NA,NA
"871",2024-02-06 07:00:00,"historie",8.59,15.3079790791878,NA,NA,NA
"872",2024-02-06 08:00:00,"historie",6.66,15.3054542334054,NA,NA,NA
"873",2024-02-06 09:00:00,"historie",6.35,12.4378985573416,NA,NA,NA
"874",2024-02-06 10:00:00,"historie",6.94,11.7155176200251,NA,NA,NA
"875",2024-02-06 11:00:00,"historie",7.92,10.0623879966871,NA,NA,NA
"876",2024-02-06 12:00:00,"historie",9.81,12.5634704637813,NA,NA,NA
"877",2024-02-06 13:00:00,"historie",5.8,11.5085024136132,NA,NA,NA
"878",2024-02-06 14:00:00,"historie",7.98,10.752304160632,NA,NA,NA
"879",2024-02-06 15:00:00,"historie",8.19,9.85500063170986,NA,NA,NA
"880",2024-02-06 16:00:00,"historie",8.69,10.238395348647,NA,NA,NA
"881",2024-02-06 17:00:00,"historie",10.79,8.13781028026553,NA,NA,NA
"882",2024-02-06 18:00:00,"historie",9.36,7.23193552685318,NA,NA,NA
"883",2024-02-06 19:00:00,"historie",7.25,7.48251937500376,NA,NA,NA
"884",2024-02-06 20:00:00,"historie",8.89,7.03634973314156,NA,NA,NA
"885",2024-02-06 21:00:00,"historie",9.16,10.3100091336508,NA,NA,NA
"886",2024-02-06 22:00:00,"historie",9.01,6.48250289692444,NA,NA,NA
"887",2024-02-06 23:00:00,"historie",7.73,6.9513565792139,NA,NA,NA
"888",2024-02-07,"historie",7.6,7.6783522968465,NA,NA,NA
"889",2024-02-07 01:00:00,"historie",7.76,8.01451504027214,NA,NA,NA
"890",2024-02-07 02:00:00,"historie",6.78,9.87516361763868,NA,NA,NA
"891",2024-02-07 03:00:00,"historie",6.73,6.4614093664942,NA,NA,NA
"892",2024-02-07 04:00:00,"historie",6.85,9.7725994857278,NA,NA,NA
"893",2024-02-07 05:00:00,"historie",8.93,10.5953527930932,NA,NA,NA
"894",2024-02-07 06:00:00,"historie",10.28,10.2873019699945,NA,NA,NA
"895",2024-02-07 07:00:00,"historie",12.72,11.8291086067123,NA,NA,NA
"896",2024-02-07 08:00:00,"historie",13.82,10.0792867361243,NA,NA,NA
"897",2024-02-07 09:00:00,"historie",13.53,7.92111693252722,NA,NA,NA
"898",2024-02-07 10:00:00,"historie",12.05,9.9971000354243,NA,NA,NA
"899",2024-02-07 11:00:00,"historie",13.07,9.75019029096115,NA,NA,NA
"900",2024-02-07 12:00:00,"historie",12.66,8.68104006979648,NA,NA,NA
"901",2024-02-07 13:00:00,"historie",12.03,7.82726203364221,NA,NA,NA
"902",2024-02-07 14:00:00,"historie",10.52,7.9512481544543,NA,NA,NA
"903",2024-02-07 15:00:00,"historie",16.97,8.2893127541271,NA,NA,NA
"904",2024-02-07 16:00:00,"historie",16.39,7.01357074718747,NA,NA,NA
"905",2024-02-07 17:00:00,"historie",14.26,7.48848418550516,NA,NA,NA
"906",2024-02-07 18:00:00,"historie",13.01,8.20793623686004,NA,NA,NA
"907",2024-02-07 19:00:00,"historie",10.72,10.5850857191074,NA,NA,NA
"908",2024-02-07 20:00:00,"historie",12.42,11.4764073355787,NA,NA,NA
"909",2024-02-07 21:00:00,"historie",13.35,12.6263378054409,NA,NA,NA
"910",2024-02-07 22:00:00,"historie",15.43,12.3626724309842,NA,NA,NA
"911",2024-02-07 23:00:00,"historie",14.96,12.5221962102434,NA,NA,NA
"912",2024-02-08,"historie",13.6,11.5757317345813,NA,NA,NA
"913",2024-02-08 01:00:00,"historie",12.99,12.3114823604071,NA,NA,NA
"914",2024-02-08 02:00:00,"historie",9.99,10.7374205056581,NA,NA,NA
"915",2024-02-08 03:00:00,"historie",10.87,13.0042416661953,NA,NA,NA
"916",2024-02-08 04:00:00,"historie",11.39,10.6179470184161,NA,NA,NA
"917",2024-02-08 05:00:00,"historie",17.8,19.9475927780247,NA,NA,NA
"918",2024-02-08 06:00:00,"historie",25.48,15.9026549995695,NA,NA,NA
"919",2024-02-08 07:00:00,"historie",25.62,13.4028679734053,NA,NA,NA
"920",2024-02-08 08:00:00,"historie",23.24,12.6860254483988,NA,NA,NA
"921",2024-02-08 09:00:00,"historie",24.44,10.9851030325708,NA,NA,NA
"922",2024-02-08 10:00:00,"historie",21.22,12.6618899672219,NA,NA,NA
"923",2024-02-08 11:00:00,"historie",17.96,12.8484804863142,NA,NA,NA
"924",2024-02-08 12:00:00,"historie",14.89,13.2520948438689,NA,NA,NA
"925",2024-02-08 13:00:00,"historie",11.74,13.1410071737169,NA,NA,NA
"926",2024-02-08 14:00:00,"historie",19.08,12.1874511098734,NA,NA,NA
"927",2024-02-08 15:00:00,"historie",15.32,11.8415942674746,NA,NA,NA
"928",2024-02-08 16:00:00,"historie",21.79,9.31401784878019,NA,NA,NA
"929",2024-02-08 17:00:00,"historie",19.46,11.0736343799757,NA,NA,NA
"930",2024-02-08 18:00:00,"historie",26.4,12.4158947952563,NA,NA,NA
"931",2024-02-08 19:00:00,"historie",26.25,18.7152877475833,NA,NA,NA
"932",2024-02-08 20:00:00,"historie",26.5,24.079684059748,NA,NA,NA
"933",2024-02-08 21:00:00,"historie",16.36,21.3862788433441,NA,NA,NA
"934",2024-02-08 22:00:00,"historie",18.08,18.4251779202437,NA,NA,NA
"935",2024-02-08 23:00:00,"historie",15.39,20.0827339742465,NA,NA,NA
"936",2024-02-09,"historie",12.81,18.1180315207008,NA,NA,NA
"937",2024-02-09 01:00:00,"historie",13.35,15.1058786886948,NA,NA,NA
"938",2024-02-09 02:00:00,"historie",18.37,12.471573861617,NA,NA,NA
"939",2024-02-09 03:00:00,"historie",23.19,11.8963745538278,NA,NA,NA
"940",2024-02-09 04:00:00,"historie",21.25,20.4268735929137,NA,NA,NA
"941",2024-02-09 05:00:00,"historie",26.3,15.3642365797196,NA,NA,NA
"942",2024-02-09 06:00:00,"historie",33.99,21.5399335178032,NA,NA,NA
"943",2024-02-09 07:00:00,"historie",31.45,16.7536489226807,NA,NA,NA
"944",2024-02-09 08:00:00,"historie",37.51,23.28119993403,NA,NA,NA
"945",2024-02-09 09:00:00,"historie",30.79,22.556633207841,NA,NA,NA
"946",2024-02-09 10:00:00,"historie",35.03,22.2924289682131,NA,NA,NA
"947",2024-02-09 11:00:00,"historie",28.73,14.0847422202944,NA,NA,NA
"948",2024-02-09 12:00:00,"historie",26.7,15.5357415348385,NA,NA,NA
"949",2024-02-09 13:00:00,"historie",29.63,13.1351387128852,NA,NA,NA
"950",2024-02-09 14:00:00,"historie",25.52,11.6325037402697,NA,NA,NA
"951",2024-02-09 15:00:00,"historie",27.28,12.083161420544,NA,NA,NA
"952",2024-02-09 16:00:00,"historie",36.85,16.9224028856786,NA,NA,NA
"953",2024-02-09 17:00:00,"historie",32.52,20.1248315461938,NA,NA,NA
"954",2024-02-09 18:00:00,"historie",29.31,20.6335645611613,NA,NA,NA
"955",2024-02-09 19:00:00,"historie",34.01,25.6213801087546,NA,NA,NA
"956",2024-02-09 20:00:00,"historie",25.57,29.9641846683688,NA,NA,NA
"957",2024-02-09 21:00:00,"historie",30.84,25.0576631104308,NA,NA,NA
"958",2024-02-09 22:00:00,"historie",27.12,29.35979615731,NA,NA,NA
"959",2024-02-09 23:00:00,"historie",26.32,22.9830384504911,NA,NA,NA
"960",2024-02-10,"historie",26.39,28.2722977962633,NA,NA,NA
"961",2024-02-10 01:00:00,"historie",23.38,21.2802897769224,NA,NA,NA
"962",2024-02-10 02:00:00,"historie",23.58,19.9229917026406,NA,NA,NA
"963",2024-02-10 03:00:00,"historie",21.48,27.729166719663,NA,NA,NA
"964",2024-02-10 04:00:00,"historie",23.5,21.1471731275187,NA,NA,NA
"965",2024-02-10 05:00:00,"historie",22.06,27.4579762186754,NA,NA,NA
"966",2024-02-10 06:00:00,"historie",15.51,30.9462527394382,NA,NA,NA
"967",2024-02-10 07:00:00,"historie",22.99,26.8129196463299,NA,NA,NA
"968",2024-02-10 08:00:00,"historie",22.64,24.0126441270686,NA,NA,NA
"969",2024-02-10 09:00:00,"historie",11.62,29.3554534203553,NA,NA,NA
"970",2024-02-10 10:00:00,"historie",5.15,19.3695473312328,NA,NA,NA
"971",2024-02-10 11:00:00,"historie",4.53,27.0580832471696,NA,NA,NA
"972",2024-02-10 12:00:00,"historie",4.1,19.630055118446,NA,NA,NA
"973",2024-02-10 13:00:00,"historie",4.94,20.5357548983716,NA,NA,NA
"974",2024-02-10 14:00:00,"historie",4.39,21.1392036673866,NA,NA,NA
"975",2024-02-10 15:00:00,"historie",6.14,19.2723306086976,NA,NA,NA
"976",2024-02-10 16:00:00,"historie",9.84,20.4273806396624,NA,NA,NA
"977",2024-02-10 17:00:00,"historie",16.56,18.2742558173874,NA,NA,NA
"978",2024-02-10 18:00:00,"historie",19.91,23.8232053129272,NA,NA,NA
"979",2024-02-10 19:00:00,"historie",18.65,21.7671509786198,NA,NA,NA
"980",2024-02-10 20:00:00,"historie",14.64,14.9717136353731,NA,NA,NA
"981",2024-02-10 21:00:00,"historie",16.31,23.2902038581703,NA,NA,NA
"982",2024-02-10 22:00:00,"historie",21.51,18.7718997875846,NA,NA,NA
"983",2024-02-10 23:00:00,"historie",12.02,10.8017275329605,NA,NA,NA
"984",2024-02-11,"historie",12.92,5.57171740142243,NA,NA,NA
"985",2024-02-11 01:00:00,"historie",10.18,5.60442393896187,NA,NA,NA
"986",2024-02-11 02:00:00,"historie",9.67,4.95969854257002,NA,NA,NA
"987",2024-02-11 03:00:00,"historie",9.56,6.89103076208308,NA,NA,NA
"988",2024-02-11 04:00:00,"historie",12.94,5.72605794497292,NA,NA,NA
"989",2024-02-11 05:00:00,"historie",12.45,9.38270807350647,NA,NA,NA
"990",2024-02-11 06:00:00,"historie",13.98,11.5292693648394,NA,NA,NA
"991",2024-02-11 07:00:00,"historie",10.09,17.7583454000372,NA,NA,NA
"992",2024-02-11 08:00:00,"historie",20.34,19.2105317304689,NA,NA,NA
"993",2024-02-11 09:00:00,"historie",23.6,17.1787120484257,NA,NA,NA
"994",2024-02-11 10:00:00,"historie",9.67,13.9358235784853,NA,NA,NA
"995",2024-02-11 11:00:00,"historie",9.51,16.0705922935684,NA,NA,NA
"996",2024-02-11 12:00:00,"historie",7.79,18.5563296700143,NA,NA,NA
"997",2024-02-11 13:00:00,"historie",10.21,10.362614320186,NA,NA,NA
"998",2024-02-11 14:00:00,"historie",9.79,12.7988744048647,NA,NA,NA
"999",2024-02-11 15:00:00,"historie",12.46,10.0037078731451,NA,NA,NA
"1000",2024-02-11 16:00:00,"historie",10.34,10.2093886420963,NA,NA,NA
"1001",2024-02-11 17:00:00,"historie",7.82,10.3435646935592,NA,NA,NA
"1002",2024-02-11 18:00:00,"historie",7.93,15.231780932336,NA,NA,NA
"1003",2024-02-11 19:00:00,"historie",5.95,13.1112445099138,NA,NA,NA
"1004",2024-02-11 20:00:00,"historie",6.15,16.0415117066313,NA,NA,NA
"1005",2024-02-11 21:00:00,"historie",6.38,10.4498110200228,NA,NA,NA
"1006",2024-02-11 22:00:00,"historie",7.75,18.9673798083638,NA,NA,NA
"1007",2024-02-11 23:00:00,"historie",6.85,18.3273546526437,NA,NA,NA
"1008",2024-02-12,"historie",7.04,8.44496688964881,NA,NA,NA
"1009",2024-02-12 01:00:00,"historie",6.75,9.69716521070693,NA,NA,NA
"1010",2024-02-12 02:00:00,"historie",6.55,7.84642145511083,NA,NA,NA
"1011",2024-02-12 03:00:00,"historie",6.25,11.4902724629358,NA,NA,NA
"1012",2024-02-12 04:00:00,"historie",6.77,10.7125899530568,NA,NA,NA
"1013",2024-02-12 05:00:00,"historie",7.64,15.6965041066567,NA,NA,NA
"1014",2024-02-12 06:00:00,"historie",9.23,11.2497533856442,NA,NA,NA
"1015",2024-02-12 07:00:00,"historie",10.14,8.96302352862898,NA,NA,NA
"1016",2024-02-12 08:00:00,"historie",9.13,9.25494227038052,NA,NA,NA
"1017",2024-02-12 09:00:00,"historie",7.88,6.71266913373203,NA,NA,NA
"1018",2024-02-12 10:00:00,"historie",5.02,7.62964303591236,NA,NA,NA
"1019",2024-02-12 11:00:00,"historie",4.9,7.91080901711381,NA,NA,NA
"1020",2024-02-12 12:00:00,"historie",4.8,7.76115147198787,NA,NA,NA
"1021",2024-02-12 13:00:00,"historie",4.53,7.47593433223444,NA,NA,NA
"1022",2024-02-12 14:00:00,"historie",10.62,7.48464995823821,NA,NA,NA
"1023",2024-02-12 15:00:00,"historie",9.76,7.48994514201248,NA,NA,NA
"1024",2024-02-12 16:00:00,"historie",20.98,7.42545632233682,NA,NA,NA
"1025",2024-02-12 17:00:00,"historie",17,7.61629986929225,NA,NA,NA
"1026",2024-02-12 18:00:00,"historie",13.12,8.63511097406212,NA,NA,NA
"1027",2024-02-12 19:00:00,"historie",14.85,9.55322401075214,NA,NA,NA
"1028",2024-02-12 20:00:00,"historie",13.66,10.7308408051618,NA,NA,NA
"1029",2024-02-12 21:00:00,"historie",15.26,12.5176035170664,NA,NA,NA
"1030",2024-02-12 22:00:00,"historie",15.4,9.19385697019819,NA,NA,NA
"1031",2024-02-12 23:00:00,"historie",13.26,7.25757195330995,NA,NA,NA
"1032",2024-02-13,"historie",11.46,5.69892356512705,NA,NA,NA
"1033",2024-02-13 01:00:00,"historie",7.69,5.59816645030648,NA,NA,NA
"1034",2024-02-13 02:00:00,"historie",8.43,5.85632303400599,NA,NA,NA
"1035",2024-02-13 03:00:00,"historie",9.36,5.69254963864783,NA,NA,NA
"1036",2024-02-13 04:00:00,"historie",7.77,13.8597736229368,NA,NA,NA
"1037",2024-02-13 05:00:00,"historie",7.85,10.9394352361943,NA,NA,NA
"1038",2024-02-13 06:00:00,"historie",9.92,21.9492990499299,NA,NA,NA
"1039",2024-02-13 07:00:00,"historie",12.15,15.3674171537997,NA,NA,NA
"1040",2024-02-13 08:00:00,"historie",13.76,12.2247826266397,NA,NA,NA
"1041",2024-02-13 09:00:00,"historie",5.99,14.6408660467619,NA,NA,NA
"1042",2024-02-13 10:00:00,"historie",5.11,13.0695805303081,NA,NA,NA
"1043",2024-02-13 11:00:00,"historie",4.33,15.5581601294364,NA,NA,NA
"1044",2024-02-13 12:00:00,"historie",3.96,12.6238346302968,NA,NA,NA
"1045",2024-02-13 13:00:00,"historie",4.07,12.2250568416199,NA,NA,NA
"1046",2024-02-13 14:00:00,"historie",6.59,10.4459823163335,NA,NA,NA
"1047",2024-02-13 15:00:00,"historie",9.22,7.65769096506916,NA,NA,NA
"1048",2024-02-13 16:00:00,"historie",9.67,9.11969660023645,NA,NA,NA
"1049",2024-02-13 17:00:00,"historie",18.98,10.3207966621431,NA,NA,NA
"1050",2024-02-13 18:00:00,"historie",27.34,9.00140770447416,NA,NA,NA
"1051",2024-02-13 19:00:00,"historie",30.01,9.61248769298439,NA,NA,NA
"1052",2024-02-13 20:00:00,"historie",22.97,11.5439661754603,NA,NA,NA
"1053",2024-02-13 21:00:00,"historie",28.89,13.6022453521341,NA,NA,NA
"1054",2024-02-13 22:00:00,"historie",15.89,12.749039118964,NA,NA,NA
"1055",2024-02-13 23:00:00,"historie",14.03,5.02247440192796,NA,NA,NA
"1056",2024-02-14,"historie",12.63,6.12974718593685,NA,NA,NA
"1057",2024-02-14 01:00:00,"historie",14.3,4.81724330278413,NA,NA,NA
"1058",2024-02-14 02:00:00,"historie",22.31,4.81509374627245,NA,NA,NA
"1059",2024-02-14 03:00:00,"historie",28.77,5.89126832893509,NA,NA,NA
"1060",2024-02-14 04:00:00,"historie",29.74,8.41391017277408,NA,NA,NA
"1061",2024-02-14 05:00:00,"historie",29.04,12.7875311988843,NA,NA,NA
"1062",2024-02-14 06:00:00,"historie",32.28,10.107740555689,NA,NA,NA
"1063",2024-02-14 07:00:00,"historie",34.85,19.8824538672026,NA,NA,NA
"1064",2024-02-14 08:00:00,"historie",30.96,24.0713320654227,NA,NA,NA
"1065",2024-02-14 09:00:00,"historie",20.86,24.4542766344245,NA,NA,NA
"1066",2024-02-14 10:00:00,"historie",16.11,19.4980086426901,NA,NA,NA
"1067",2024-02-14 11:00:00,"historie",9.58,26.0063183147927,NA,NA,NA
"1068",2024-02-14 12:00:00,"historie",9.58,11.6747137510941,NA,NA,NA
"1069",2024-02-14 13:00:00,"historie",16.43,13.0278380631412,NA,NA,NA
"1070",2024-02-14 14:00:00,"historie",15.35,10.7756536086895,NA,NA,NA
"1071",2024-02-14 15:00:00,"historie",10.17,13.8108648810735,NA,NA,NA
"1072",2024-02-14 16:00:00,"historie",12.72,20.3255325167728,NA,NA,NA
"1073",2024-02-14 17:00:00,"historie",13.05,23.9758317312267,NA,NA,NA
"1074",2024-02-14 18:00:00,"historie",15.6,25.7856501860919,NA,NA,NA
"1075",2024-02-14 19:00:00,"historie",14.02,26.0926820831619,NA,NA,NA
"1076",2024-02-14 20:00:00,"historie",17.36,28.3870480094933,NA,NA,NA
"1077",2024-02-14 21:00:00,"historie",19.61,30.3947482670612,NA,NA,NA
"1078",2024-02-14 22:00:00,"historie",13.22,20.6046988356112,NA,NA,NA
"1079",2024-02-14 23:00:00,"historie",11.92,14.6981707259544,NA,NA,NA
"1080",2024-02-15,"historie",15.43,13.6531515104559,NA,NA,NA
"1081",2024-02-15 01:00:00,"historie",27.16,8.25159420088717,NA,NA,NA
"1082",2024-02-15 02:00:00,"historie",25.65,9.65245040735667,NA,NA,NA
"1083",2024-02-15 03:00:00,"historie",20.88,18.6537894933818,NA,NA,NA
"1084",2024-02-15 04:00:00,"historie",19.95,14.6790425077038,NA,NA,NA
"1085",2024-02-15 05:00:00,"historie",20.41,11.5236780195658,NA,NA,NA
"1086",2024-02-15 06:00:00,"historie",22.59,14.6642534622832,NA,NA,NA
"1087",2024-02-15 07:00:00,"historie",21.34,13.7882471222881,NA,NA,NA
"1088",2024-02-15 08:00:00,"historie",22.1,16.0029783252762,NA,NA,NA
"1089",2024-02-15 09:00:00,"historie",22.19,13.0492751499469,NA,NA,NA
"1090",2024-02-15 10:00:00,"historie",18.14,18.2108939329348,NA,NA,NA
"1091",2024-02-15 11:00:00,"historie",13.85,17.1167020951131,NA,NA,NA
"1092",2024-02-15 12:00:00,"historie",6.85,10.9073987352216,NA,NA,NA
"1093",2024-02-15 13:00:00,"historie",6.07,11.3480847167079,NA,NA,NA
"1094",2024-02-15 14:00:00,"historie",6.05,14.1884728894442,NA,NA,NA
"1095",2024-02-15 15:00:00,"historie",15.32,25.8105397609005,NA,NA,NA
"1096",2024-02-15 16:00:00,"historie",18.51,21.4622502107374,NA,NA,NA
"1097",2024-02-15 17:00:00,"historie",27.86,18.4747137291248,NA,NA,NA
"1098",2024-02-15 18:00:00,"historie",33.43,19.3997265460157,NA,NA,NA
"1099",2024-02-15 19:00:00,"historie",32.72,20.6922824526363,NA,NA,NA
"1100",2024-02-15 20:00:00,"historie",27.79,22.1593786323679,NA,NA,NA
"1101",2024-02-15 21:00:00,"historie",23.19,20.3920433971305,NA,NA,NA
"1102",2024-02-15 22:00:00,"historie",20.19,17.0367437331334,NA,NA,NA
"1103",2024-02-15 23:00:00,"historie",21.65,16.8042540379053,NA,NA,NA
"1104",2024-02-16,"historie",17.89,14.3473056028701,NA,NA,NA
"1105",2024-02-16 01:00:00,"historie",13.67,11.896928652534,NA,NA,NA
"1106",2024-02-16 02:00:00,"historie",12.82,7.11356362174839,NA,NA,NA
"1107",2024-02-16 03:00:00,"historie",14.48,7.65446833189561,NA,NA,NA
"1108",2024-02-16 04:00:00,"historie",14.54,6.97065310011324,NA,NA,NA
"1109",2024-02-16 05:00:00,"historie",13.94,20.3090086755203,NA,NA,NA
"1110",2024-02-16 06:00:00,"historie",7.69,17.6445016402831,NA,NA,NA
"1111",2024-02-16 07:00:00,"historie",6.28,27.0041871096313,NA,NA,NA
"1112",2024-02-16 08:00:00,"historie",5.37,27.4191678663032,NA,NA,NA
"1113",2024-02-16 09:00:00,"historie",4.23,26.7558985838445,NA,NA,NA
"1114",2024-02-16 10:00:00,"historie",4.38,24.1700532865869,NA,NA,NA
"1115",2024-02-16 11:00:00,"historie",4.38,18.3167715124421,NA,NA,NA
"1116",2024-02-16 12:00:00,"historie",5.38,16.0751451896227,NA,NA,NA
"1117",2024-02-16 13:00:00,"historie",11.78,19.1380928000814,NA,NA,NA
"1118",2024-02-16 14:00:00,"historie",10.85,15.9403644046274,NA,NA,NA
"1119",2024-02-16 15:00:00,"historie",13.07,13.0663064132514,NA,NA,NA
"1120",2024-02-16 16:00:00,"historie",17.1,12.7320637308342,NA,NA,NA
"1121",2024-02-16 17:00:00,"historie",27.09,14.7591386630828,NA,NA,NA
"1122",2024-02-16 18:00:00,"historie",25.87,15.2107644849203,NA,NA,NA
"1123",2024-02-16 19:00:00,"historie",22.17,15.3327963011648,NA,NA,NA
"1124",2024-02-16 20:00:00,"historie",16.54,8.43441067169773,NA,NA,NA
"1125",2024-02-16 21:00:00,"historie",14.43,8.0567568335229,NA,NA,NA
"1126",2024-02-16 22:00:00,"historie",13.42,5.80779569321721,NA,NA,NA
"1127",2024-02-16 23:00:00,"historie",15.08,4.60009580684945,NA,NA,NA
"1128",2024-02-17,"historie",16.06,5.12279149518629,NA,NA,NA
"1129",2024-02-17 01:00:00,"historie",15.3,4.6806717104149,NA,NA,NA
"1130",2024-02-17 02:00:00,"historie",20.57,6.62132070690808,NA,NA,NA
"1131",2024-02-17 03:00:00,"historie",19.68,14.0302007348219,NA,NA,NA
"1132",2024-02-17 04:00:00,"historie",19.06,11.935997296239,NA,NA,NA
"1133",2024-02-17 05:00:00,"historie",16.43,15.5036959100663,NA,NA,NA
"1134",2024-02-17 06:00:00,"historie",17.3,18.5835961195283,NA,NA,NA
"1135",2024-02-17 07:00:00,"historie",12.65,27.0520288159919,NA,NA,NA
"1136",2024-02-17 08:00:00,"historie",14.17,22.2683556233894,NA,NA,NA
"1137",2024-02-17 09:00:00,"historie",8.37,19.4435630394994,NA,NA,NA
"1138",2024-02-17 10:00:00,"historie",4.12,15.6767398989955,NA,NA,NA
"1139",2024-02-17 11:00:00,"historie",3.24,13.1854669967552,NA,NA,NA
"1140",2024-02-17 12:00:00,"historie",3.27,12.3423400051568,NA,NA,NA
"1141",2024-02-17 13:00:00,"historie",3.62,14.2176275182074,NA,NA,NA
"1142",2024-02-17 14:00:00,"historie",4.83,14.5784396488465,NA,NA,NA
"1143",2024-02-17 15:00:00,"historie",8.11,14.5702093335868,NA,NA,NA
"1144",2024-02-17 16:00:00,"historie",14.23,19.7870330193575,NA,NA,NA
"1145",2024-02-17 17:00:00,"historie",13.2,17.804625492257,NA,NA,NA
"1146",2024-02-17 18:00:00,"historie",20.88,18.5117703498444,NA,NA,NA
"1147",2024-02-17 19:00:00,"historie",14.07,15.2874254363699,NA,NA,NA
"1148",2024-02-17 20:00:00,"historie",17.56,17.0071845384401,NA,NA,NA
"1149",2024-02-17 21:00:00,"historie",16.73,12.324901688802,NA,NA,NA
"1150",2024-02-17 22:00:00,"historie",18.71,12.3631532278761,NA,NA,NA
"1151",2024-02-17 23:00:00,"historie",21.09,7.25839303771469,NA,NA,NA
"1152",2024-02-18,"historie",13.96,4.26984216532407,NA,NA,NA
"1153",2024-02-18 01:00:00,"historie",13.61,3.83242440724951,NA,NA,NA
"1154",2024-02-18 02:00:00,"historie",17.46,4.80287415347567,NA,NA,NA
"1155",2024-02-18 03:00:00,"historie",12.55,4.88353918223709,NA,NA,NA
"1156",2024-02-18 04:00:00,"historie",11.67,6.91388940484614,NA,NA,NA
"1157",2024-02-18 05:00:00,"historie",10.56,11.2821840343874,NA,NA,NA
"1158",2024-02-18 06:00:00,"historie",11.82,17.4846120994093,NA,NA,NA
"1159",2024-02-18 07:00:00,"historie",12.13,13.7206585367707,NA,NA,NA
"1160",2024-02-18 08:00:00,"historie",19.3,21.0267656407063,NA,NA,NA
"1161",2024-02-18 09:00:00,"historie",12.77,12.4225690849353,NA,NA,NA
"1162",2024-02-18 10:00:00,"historie",5.99,18.0380047102463,NA,NA,NA
"1163",2024-02-18 11:00:00,"historie",5.89,14.6112353915561,NA,NA,NA
"1164",2024-02-18 12:00:00,"historie",4.24,16.8162417582968,NA,NA,NA
"1165",2024-02-18 13:00:00,"historie",4.25,18.5694498834315,NA,NA,NA
"1166",2024-02-18 14:00:00,"historie",3.89,12.1364195677356,NA,NA,NA
"1167",2024-02-18 15:00:00,"historie",5.11,14.3240120453915,NA,NA,NA
"1168",2024-02-18 16:00:00,"historie",12.21,17.0791082363444,NA,NA,NA
"1169",2024-02-18 17:00:00,"historie",10.69,12.1306012994664,NA,NA,NA
"1170",2024-02-18 18:00:00,"historie",10.97,12.5468166240466,NA,NA,NA
"1171",2024-02-18 19:00:00,"historie",14.91,11.4597562902057,NA,NA,NA
"1172",2024-02-18 20:00:00,"historie",23.62,12.3789749967874,NA,NA,NA
"1173",2024-02-18 21:00:00,"historie",27.16,13.1161518520533,NA,NA,NA
"1174",2024-02-18 22:00:00,"historie",20.98,15.8094026998673,NA,NA,NA
"1175",2024-02-18 23:00:00,"historie",13.86,9.38197105426738,NA,NA,NA
"1176",2024-02-19,"historie",13.48,5.46636888372194,NA,NA,NA
"1177",2024-02-19 01:00:00,"historie",10.82,6.20149178631063,NA,NA,NA
"1178",2024-02-19 02:00:00,"historie",8.41,5.12793395874118,NA,NA,NA
"1179",2024-02-19 03:00:00,"historie",7.05,5.56120517073755,NA,NA,NA
"1180",2024-02-19 04:00:00,"historie",6.93,5.55847565269279,NA,NA,NA
"1181",2024-02-19 05:00:00,"historie",7.37,7.88162969145908,NA,NA,NA
"1182",2024-02-19 06:00:00,"historie",6.81,15.5332989348347,NA,NA,NA
"1183",2024-02-19 07:00:00,"historie",10.1,12.0916028181051,NA,NA,NA
"1184",2024-02-19 08:00:00,"historie",11.55,11.1963209811921,NA,NA,NA
"1185",2024-02-19 09:00:00,"historie",8.98,15.878404023803,NA,NA,NA
"1186",2024-02-19 10:00:00,"historie",5.11,22.6101930628577,NA,NA,NA
"1187",2024-02-19 11:00:00,"historie",4.56,22.6912485617091,NA,NA,NA
"1188",2024-02-19 12:00:00,"historie",5.45,17.4715117186455,NA,NA,NA
"1189",2024-02-19 13:00:00,"historie",4.61,11.7955781354918,NA,NA,NA
"1190",2024-02-19 14:00:00,"historie",6.06,13.0594485859911,NA,NA,NA
"1191",2024-02-19 15:00:00,"historie",6.32,11.5031134158468,NA,NA,NA
"1192",2024-02-19 16:00:00,"historie",9.86,8.58404438117525,NA,NA,NA
"1193",2024-02-19 17:00:00,"historie",17.38,8.07781932897987,NA,NA,NA
"1194",2024-02-19 18:00:00,"historie",14.06,8.21579832436235,NA,NA,NA
"1195",2024-02-19 19:00:00,"historie",11.76,8.9663312837917,NA,NA,NA
"1196",2024-02-19 20:00:00,"historie",22.1,7.84548933355964,NA,NA,NA
"1197",2024-02-19 21:00:00,"historie",9.54,12.9725873867708,NA,NA,NA
"1198",2024-02-19 22:00:00,"historie",9.31,9.75858680648819,NA,NA,NA
"1199",2024-02-19 23:00:00,"historie",9.38,7.21202297755684,NA,NA,NA
"1200",2024-02-20,"historie",9.43,5.09454232820114,NA,NA,NA
"1201",2024-02-20 01:00:00,"historie",8.82,4.75594808750815,NA,NA,NA
"1202",2024-02-20 02:00:00,"historie",8.74,6.7247129138857,NA,NA,NA
"1203",2024-02-20 03:00:00,"historie",8.67,5.321925776426,NA,NA,NA
"1204",2024-02-20 04:00:00,"historie",9.58,8.25908168234963,NA,NA,NA
"1205",2024-02-20 05:00:00,"historie",11.46,9.19834689688366,NA,NA,NA
"1206",2024-02-20 06:00:00,"historie",13.16,11.7438787501471,NA,NA,NA
"1207",2024-02-20 07:00:00,"historie",14.44,19.5392779465207,NA,NA,NA
"1208",2024-02-20 08:00:00,"historie",9.74,13.3087799321336,NA,NA,NA
"1209",2024-02-20 09:00:00,"historie",5.99,12.9188983069345,NA,NA,NA
"1210",2024-02-20 10:00:00,"historie",5.75,23.149079956589,NA,NA,NA
"1211",2024-02-20 11:00:00,"historie",6.49,8.21569325668692,NA,NA,NA
"1212",2024-02-20 12:00:00,"historie",5.51,9.71983727537907,NA,NA,NA
"1213",2024-02-20 13:00:00,"historie",5.77,9.48982199302546,NA,NA,NA
"1214",2024-02-20 14:00:00,"historie",7.11,9.49599962012677,NA,NA,NA
"1215",2024-02-20 15:00:00,"historie",8.04,9.52402741769931,NA,NA,NA
"1216",2024-02-20 16:00:00,"historie",8.88,8.99944060568328,NA,NA,NA
"1217",2024-02-20 17:00:00,"historie",14,9.46863214540597,NA,NA,NA
"1218",2024-02-20 18:00:00,"historie",12.03,10.6135594218492,NA,NA,NA
"1219",2024-02-20 19:00:00,"historie",10.51,12.2867487513625,NA,NA,NA
"1220",2024-02-20 20:00:00,"historie",10.77,14.0650172889453,NA,NA,NA
"1221",2024-02-20 21:00:00,"historie",10.55,15.5205929413362,NA,NA,NA
"1222",2024-02-20 22:00:00,"historie",9.22,7.93140123825237,NA,NA,NA
"1223",2024-02-20 23:00:00,"historie",8.66,5.03034600406612,NA,NA,NA
"1224",2024-02-21,"historie",9.11,6.0859216157906,NA,NA,NA
"1225",2024-02-21 01:00:00,"historie",9.72,6.63621703634452,NA,NA,NA
"1226",2024-02-21 02:00:00,"historie",10.07,6.0441216474434,NA,NA,NA
"1227",2024-02-21 03:00:00,"historie",10.05,6.90573064743537,NA,NA,NA
"1228",2024-02-21 04:00:00,"historie",10.36,8.74279606941774,NA,NA,NA
"1229",2024-02-21 05:00:00,"historie",10.87,11.1378377522864,NA,NA,NA
"1230",2024-02-21 06:00:00,"historie",10.61,10.8644420057569,NA,NA,NA
"1231",2024-02-21 07:00:00,"historie",10.61,15.6330227753098,NA,NA,NA
"1232",2024-02-21 08:00:00,"historie",9.96,11.5991763408497,NA,NA,NA
"1233",2024-02-21 09:00:00,"historie",8.13,12.6840402976811,NA,NA,NA
"1234",2024-02-21 10:00:00,"historie",5.66,10.3177263268064,NA,NA,NA
"1235",2024-02-21 11:00:00,"historie",4.23,10.7662618411894,NA,NA,NA
"1236",2024-02-21 12:00:00,"historie",3.32,9.07946443092291,NA,NA,NA
"1237",2024-02-21 13:00:00,"historie",3.3,8.86055550985092,NA,NA,NA
"1238",2024-02-21 14:00:00,"historie",4.53,9.24780263817043,NA,NA,NA
"1239",2024-02-21 15:00:00,"historie",4.11,10.4217970733873,NA,NA,NA
"1240",2024-02-21 16:00:00,"historie",4.56,10.0881788668181,NA,NA,NA
"1241",2024-02-21 17:00:00,"historie",7.59,10.6954661952322,NA,NA,NA
"1242",2024-02-21 18:00:00,"historie",14.98,11.3236018670552,NA,NA,NA
"1243",2024-02-21 19:00:00,"historie",18.29,11.8097100192253,NA,NA,NA
"1244",2024-02-21 20:00:00,"historie",26.51,11.5819722078237,NA,NA,NA
"1245",2024-02-21 21:00:00,"historie",16.07,11.3054104307871,NA,NA,NA
"1246",2024-02-21 22:00:00,"historie",11.4,8.3293386697745,NA,NA,NA
"1247",2024-02-21 23:00:00,"historie",8.16,6.90147108676345,NA,NA,NA
"1248",2024-02-22,"historie",7.82,5.73951803434938,NA,NA,NA
"1249",2024-02-22 01:00:00,"historie",6.46,4.38931470680238,NA,NA,NA
"1250",2024-02-22 02:00:00,"historie",5.63,4.12857070059147,NA,NA,NA
"1251",2024-02-22 03:00:00,"historie",9.24,4.4556647344045,NA,NA,NA
"1252",2024-02-22 04:00:00,"historie",12.69,6.27719395112843,NA,NA,NA
"1253",2024-02-22 05:00:00,"historie",20.06,6.06478973249462,NA,NA,NA
"1254",2024-02-22 06:00:00,"historie",20.47,6.71392461148912,NA,NA,NA
"1255",2024-02-22 07:00:00,"historie",17.8,9.52270426782475,NA,NA,NA
"1256",2024-02-22 08:00:00,"historie",14.78,15.7416912096668,NA,NA,NA
"1257",2024-02-22 09:00:00,"historie",15.75,18.9570014780409,NA,NA,NA
"1258",2024-02-22 10:00:00,"historie",12.39,22.6076785937451,NA,NA,NA
"1259",2024-02-22 11:00:00,"historie",15.44,13.0712018531157,NA,NA,NA
"1260",2024-02-22 12:00:00,"historie",11.77,10.4564501526271,NA,NA,NA
"1261",2024-02-22 13:00:00,"historie",9.89,8.09401459641328,NA,NA,NA
"1262",2024-02-22 14:00:00,"historie",7.71,8.23636163924158,NA,NA,NA
"1263",2024-02-22 15:00:00,"historie",7.62,7.23680899655671,NA,NA,NA
"1264",2024-02-22 16:00:00,"historie",7.55,6.32648717527308,NA,NA,NA
"1265",2024-02-22 17:00:00,"historie",7.61,10.9682175270771,NA,NA,NA
"1266",2024-02-22 18:00:00,"historie",8.18,13.5299109867371,NA,NA,NA
"1267",2024-02-22 19:00:00,"historie",13.55,19.8991953541764,NA,NA,NA
"1268",2024-02-22 20:00:00,"historie",10.24,18.7979628292557,NA,NA,NA
"1269",2024-02-22 21:00:00,"historie",7.73,16.4118847952162,NA,NA,NA
"1270",2024-02-22 22:00:00,"historie",7.55,11.2801262360303,NA,NA,NA
"1271",2024-02-22 23:00:00,"historie",5.88,11.811336574417,NA,NA,NA
"1272",2024-02-23,"historie",6.13,10.1543415512643,NA,NA,NA
"1273",2024-02-23 01:00:00,"historie",4.64,12.6489040897116,NA,NA,NA
"1274",2024-02-23 02:00:00,"historie",3.57,10.3502036054277,NA,NA,NA
"1275",2024-02-23 03:00:00,"historie",3.77,10.145297436454,NA,NA,NA
"1276",2024-02-23 04:00:00,"historie",3.86,8.05978100453934,NA,NA,NA
"1277",2024-02-23 05:00:00,"historie",4.23,9.7035312712208,NA,NA,NA
"1278",2024-02-23 06:00:00,"historie",4.38,9.64521411619887,NA,NA,NA
"1279",2024-02-23 07:00:00,"historie",5.77,9.47097990943549,NA,NA,NA
"1280",2024-02-23 08:00:00,"historie",8.74,9.26933939956263,NA,NA,NA
"1281",2024-02-23 09:00:00,"historie",8.41,17.0776081260341,NA,NA,NA
"1282",2024-02-23 10:00:00,"historie",6.24,9.02353328134421,NA,NA,NA
"1283",2024-02-23 11:00:00,"historie",4.71,7.85332323172057,NA,NA,NA
"1284",2024-02-23 12:00:00,"historie",5.02,7.63710781770719,NA,NA,NA
"1285",2024-02-23 13:00:00,"historie",4.79,6.26458649859598,NA,NA,NA
"1286",2024-02-23 14:00:00,"historie",6.43,6.64457087182432,NA,NA,NA
"1287",2024-02-23 15:00:00,"historie",6.96,5.28679360628058,NA,NA,NA
"1288",2024-02-23 16:00:00,"historie",9.42,4.63776839523914,NA,NA,NA
"1289",2024-02-23 17:00:00,"historie",10.54,5.22417088264031,NA,NA,NA
"1290",2024-02-23 18:00:00,"historie",13.59,5.55906213390175,NA,NA,NA
"1291",2024-02-23 19:00:00,"historie",13.35,5.72207451028257,NA,NA,NA
"1292",2024-02-23 20:00:00,"historie",13.18,5.80406808792639,NA,NA,NA
"1293",2024-02-23 21:00:00,"historie",15.78,7.33111596545297,NA,NA,NA
"1294",2024-02-23 22:00:00,"historie",15.72,8.77196840965148,NA,NA,NA
"1295",2024-02-23 23:00:00,"historie",23.23,7.17882754946601,NA,NA,NA
"1296",2024-02-24,"historie",13.8,6.48612237412295,NA,NA,NA
"1297",2024-02-24 01:00:00,"historie",14.61,4.67059315901637,NA,NA,NA
"1298",2024-02-24 02:00:00,"historie",15.82,5.85432559629255,NA,NA,NA
"1299",2024-02-24 03:00:00,"historie",12.66,5.59016648950496,NA,NA,NA
"1300",2024-02-24 04:00:00,"historie",12.06,7.769902346499,NA,NA,NA
"1301",2024-02-24 05:00:00,"historie",16.9,8.69184713263951,NA,NA,NA
"1302",2024-02-24 06:00:00,"historie",14.62,11.5623070707115,NA,NA,NA
"1303",2024-02-24 07:00:00,"historie",22.42,11.7333504464049,NA,NA,NA
"1304",2024-02-24 08:00:00,"historie",28.6,14.8877302826061,NA,NA,NA
"1305",2024-02-24 09:00:00,"historie",12.73,13.8622397906765,NA,NA,NA
"1306",2024-02-24 10:00:00,"historie",6.05,11.6610993202581,NA,NA,NA
"1307",2024-02-24 11:00:00,"historie",4.76,14.5048748545496,NA,NA,NA
"1308",2024-02-24 12:00:00,"historie",4.65,12.8560563671771,NA,NA,NA
"1309",2024-02-24 13:00:00,"historie",4.13,20.1969010381797,NA,NA,NA
"1310",2024-02-24 14:00:00,"historie",3.84,10.4008592944711,NA,NA,NA
"1311",2024-02-24 15:00:00,"historie",4.03,13.2751613032339,NA,NA,NA
"1312",2024-02-24 16:00:00,"historie",5.69,14.5102867421516,NA,NA,NA
"1313",2024-02-24 17:00:00,"historie",10.6,11.8848602226291,NA,NA,NA
"1314",2024-02-24 18:00:00,"historie",20.96,12.6473318319027,NA,NA,NA
"1315",2024-02-24 19:00:00,"historie",33.19,16.6912312509549,NA,NA,NA
"1316",2024-02-24 20:00:00,"historie",36.76,14.0971323396902,NA,NA,NA
"1317",2024-02-24 21:00:00,"historie",37.02,22.3384613846636,NA,NA,NA
"1318",2024-02-24 22:00:00,"historie",38.41,20.7803068819939,NA,NA,NA
"1319",2024-02-24 23:00:00,"historie",29.09,8.56970787191963,NA,NA,NA
"1320",2024-02-25,"historie",38.64,5.68578312863546,NA,NA,NA
"1321",2024-02-25 01:00:00,"historie",25.93,4.90886107847927,NA,NA,NA
"1322",2024-02-25 02:00:00,"historie",16.7,5.27631702064502,NA,NA,NA
"1323",2024-02-25 03:00:00,"historie",15.9,5.10958219001371,NA,NA,NA
"1324",2024-02-25 04:00:00,"historie",14.49,4.83022144388468,NA,NA,NA
"1325",2024-02-25 05:00:00,"historie",18.79,5.85674922778116,NA,NA,NA
"1326",2024-02-25 06:00:00,"historie",18.87,7.8006277106096,NA,NA,NA
"1327",2024-02-25 07:00:00,"historie",22.85,13.2064633883256,NA,NA,NA
"1328",2024-02-25 08:00:00,"historie",20.1,21.2695979457189,NA,NA,NA
"1329",2024-02-25 09:00:00,"historie",12.87,30.2321567288356,NA,NA,NA
"1330",2024-02-25 10:00:00,"historie",6.56,27.2075196108177,NA,NA,NA
"1331",2024-02-25 11:00:00,"historie",14.89,27.4316085469064,NA,NA,NA
"1332",2024-02-25 12:00:00,"historie",5.29,28.6663950688792,NA,NA,NA
"1333",2024-02-25 13:00:00,"historie",3.07,19.9831455242635,NA,NA,NA
"1334",2024-02-25 14:00:00,"historie",5.73,29.1640169797851,NA,NA,NA
"1335",2024-02-25 15:00:00,"historie",9.3,19.0063173109255,NA,NA,NA
"1336",2024-02-25 16:00:00,"historie",13.9,13.9774963710752,NA,NA,NA
"1337",2024-02-25 17:00:00,"historie",17.19,15.0416012242113,NA,NA,NA
"1338",2024-02-25 18:00:00,"historie",19.38,15.0774564866656,NA,NA,NA
"1339",2024-02-25 19:00:00,"historie",16.62,17.791692492258,NA,NA,NA
"1340",2024-02-25 20:00:00,"historie",27.49,18.9752079265084,NA,NA,NA
"1341",2024-02-25 21:00:00,"historie",26.15,22.2762381353979,NA,NA,NA
"1342",2024-02-25 22:00:00,"historie",23.63,14.0297850566358,NA,NA,NA
"1343",2024-02-25 23:00:00,"historie",18.85,9.00388994899799,NA,NA,NA
"1344",2024-02-26,"historie",15.4,5.954288444946,NA,NA,NA
"1345",2024-02-26 01:00:00,"historie",11.94,14.2756441408352,NA,NA,NA
"1346",2024-02-26 02:00:00,"historie",10.83,4.52465740201503,NA,NA,NA
"1347",2024-02-26 03:00:00,"historie",10.56,3.79024198230801,NA,NA,NA
"1348",2024-02-26 04:00:00,"historie",12.95,7.32202954363769,NA,NA,NA
"1349",2024-02-26 05:00:00,"historie",24.88,11.5561207014502,NA,NA,NA
"1350",2024-02-26 06:00:00,"historie",22.28,16.2242388434184,NA,NA,NA
"1351",2024-02-26 07:00:00,"historie",21.44,18.9214807166532,NA,NA,NA
"1352",2024-02-26 08:00:00,"historie",23.14,19.7169318202464,NA,NA,NA
"1353",2024-02-26 09:00:00,"historie",27.01,16.6752912058649,NA,NA,NA
"1354",2024-02-26 10:00:00,"historie",26.97,24.7888448443669,NA,NA,NA
"1355",2024-02-26 11:00:00,"historie",25.17,21.3022514678924,NA,NA,NA
"1356",2024-02-26 12:00:00,"historie",26.68,18.9872500113581,NA,NA,NA
"1357",2024-02-26 13:00:00,"historie",12.91,16.2212825820295,NA,NA,NA
"1358",2024-02-26 14:00:00,"historie",12.38,12.7213093029104,NA,NA,NA
"1359",2024-02-26 15:00:00,"historie",15.28,10.6814189614768,NA,NA,NA
"1360",2024-02-26 16:00:00,"historie",13.95,10.8002187177682,NA,NA,NA
"1361",2024-02-26 17:00:00,"historie",23.98,10.8411402540213,NA,NA,NA
"1362",2024-02-26 18:00:00,"historie",23.84,14.9482156446734,NA,NA,NA
"1363",2024-02-26 19:00:00,"historie",21.81,23.7998998269384,NA,NA,NA
"1364",2024-02-26 20:00:00,"historie",15.04,21.0643801676392,NA,NA,NA
"1365",2024-02-26 21:00:00,"historie",16.11,20.00443744278,NA,NA,NA
"1366",2024-02-26 22:00:00,"historie",13.89,16.5701325553794,NA,NA,NA
"1367",2024-02-26 23:00:00,"historie",13.31,17.1498816767511,NA,NA,NA
"1368",2024-02-27,"historie",14.72,22.7077990006335,NA,NA,NA
"1369",2024-02-27 01:00:00,"historie",13.67,15.4662874853458,NA,NA,NA
"1370",2024-02-27 02:00:00,"historie",11.02,19.1134421829032,NA,NA,NA
"1371",2024-02-27 03:00:00,"historie",12.85,11.2882551376697,NA,NA,NA
"1372",2024-02-27 04:00:00,"historie",15.94,12.5346297688981,NA,NA,NA
"1373",2024-02-27 05:00:00,"historie",19.74,16.8991978732773,NA,NA,NA
"1374",2024-02-27 06:00:00,"historie",21.11,14.8663495936351,NA,NA,NA
"1375",2024-02-27 07:00:00,"historie",23.41,25.9600642320789,NA,NA,NA
"1376",2024-02-27 08:00:00,"historie",26.36,21.2094020113191,NA,NA,NA
"1377",2024-02-27 09:00:00,"historie",26.08,22.3951263549942,NA,NA,NA
"1378",2024-02-27 10:00:00,"historie",7.94,13.1924338411693,NA,NA,NA
"1379",2024-02-27 11:00:00,"historie",4.35,15.5851634849076,NA,NA,NA
"1380",2024-02-27 12:00:00,"historie",4.05,12.2722739154031,NA,NA,NA
"1381",2024-02-27 13:00:00,"historie",4.45,12.4552122639696,NA,NA,NA
"1382",2024-02-27 14:00:00,"historie",6.77,12.7701783173395,NA,NA,NA
"1383",2024-02-27 15:00:00,"historie",10.39,12.183827455634,NA,NA,NA
"1384",2024-02-27 16:00:00,"historie",12.29,10.5755846598853,NA,NA,NA
"1385",2024-02-27 17:00:00,"historie",19.8,13.4912560740011,NA,NA,NA
"1386",2024-02-27 18:00:00,"historie",21.45,18.6289328873543,NA,NA,NA
"1387",2024-02-27 19:00:00,"historie",17.85,18.2599959444349,NA,NA,NA
"1388",2024-02-27 20:00:00,"historie",17.58,21.1089673969296,NA,NA,NA
"1389",2024-02-27 21:00:00,"historie",15.55,22.2537315663582,NA,NA,NA
"1390",2024-02-27 22:00:00,"historie",12.09,20.0701481234794,NA,NA,NA
"1391",2024-02-27 23:00:00,"historie",11.69,17.7570533260412,NA,NA,NA
"1392",2024-02-28,"historie",11.18,7.10192527788772,NA,NA,NA
"1393",2024-02-28 01:00:00,"historie",10.7,4.3444501126016,NA,NA,NA
"1394",2024-02-28 02:00:00,"historie",9.6,4.25468724231639,NA,NA,NA
"1395",2024-02-28 03:00:00,"historie",9.33,5.78062701073861,NA,NA,NA
"1396",2024-02-28 04:00:00,"historie",8.47,8.44446869945672,NA,NA,NA
"1397",2024-02-28 05:00:00,"historie",15.57,12.3946270466981,NA,NA,NA
"1398",2024-02-28 06:00:00,"historie",22.3,14.9681734653236,NA,NA,NA
"1399",2024-02-28 07:00:00,"historie",17.38,21.492309971845,NA,NA,NA
"1400",2024-02-28 08:00:00,"historie",10.6,20.0832867608254,NA,NA,NA
"1401",2024-02-28 09:00:00,"historie",6.01,17.2529980694822,NA,NA,NA
"1402",2024-02-28 10:00:00,"historie",6.3,16.380251924173,NA,NA,NA
"1403",2024-02-28 11:00:00,"historie",5.74,14.0625401639038,NA,NA,NA
"1404",2024-02-28 12:00:00,"historie",6.18,11.0647437027915,NA,NA,NA
"1405",2024-02-28 13:00:00,"historie",4.51,11.562769110667,NA,NA,NA
"1406",2024-02-28 14:00:00,"historie",4.63,10.1788294238739,NA,NA,NA
"1407",2024-02-28 15:00:00,"historie",6.94,10.0428682538288,NA,NA,NA
"1408",2024-02-28 16:00:00,"historie",11.68,9.96152687820691,NA,NA,NA
"1409",2024-02-28 17:00:00,"historie",20.97,10.3614257438653,NA,NA,NA
"1410",2024-02-28 18:00:00,"historie",26.66,10.7692040014125,NA,NA,NA
"1411",2024-02-28 19:00:00,"historie",22.49,16.9669665695854,NA,NA,NA
"1412",2024-02-28 20:00:00,"historie",20.18,23.05762162352,NA,NA,NA
"1413",2024-02-28 21:00:00,"historie",22.11,16.8040112147934,NA,NA,NA
"1414",2024-02-28 22:00:00,"historie",20.1,9.33214836435138,NA,NA,NA
"1415",2024-02-28 23:00:00,"historie",17.26,4.66939545737954,NA,NA,NA
"1416",2024-02-29,"historie",12.56,6.9983522007749,NA,NA,NA
"1417",2024-02-29 01:00:00,"historie",NA,5.46403983835013,NA,NA,NA
"1418",2024-02-29 02:00:00,"historie",NA,6.1750070565107,NA,NA,NA
"1419",2024-02-29 03:00:00,"historie",20.6,5.51041686902242,NA,NA,NA
"1420",2024-02-29 04:00:00,"historie",18.58,6.11935916512399,NA,NA,NA
"1421",2024-02-29 05:00:00,"historie",23.95,9.16321745227716,NA,NA,NA
"1422",2024-02-29 06:00:00,"historie",22.98,15.5842552652516,NA,NA,NA
"1423",2024-02-29 07:00:00,"historie",25.64,22.5161952190082,NA,NA,NA
"1424",2024-02-29 08:00:00,"historie",29.38,23.8799947323182,NA,NA,NA
"1425",2024-02-29 09:00:00,"historie",23.57,20.7633608549214,NA,NA,NA
"1426",2024-02-29 10:00:00,"historie",21.03,17.6292664526376,NA,NA,NA
"1427",2024-02-29 11:00:00,"historie",19.29,18.8219267108856,NA,NA,NA
"1428",2024-02-29 12:00:00,"historie",17.53,16.7113806117014,NA,NA,NA
"1429",2024-02-29 13:00:00,"historie",19.35,14.9796576789146,NA,NA,NA
"1430",2024-02-29 14:00:00,"historie",20.84,11.37359895746,NA,NA,NA
"1431",2024-02-29 15:00:00,"historie",24.65,20.8686122011194,NA,NA,NA
"1432",2024-02-29 16:00:00,"historie",28.95,17.4375834772743,NA,NA,NA
"1433",2024-02-29 17:00:00,"historie",33.21,23.0271736863586,NA,NA,NA
"1434",2024-02-29 18:00:00,"historie",35.76,24.4983780117737,NA,NA,NA
"1435",2024-02-29 19:00:00,"historie",35.61,23.1876066069958,NA,NA,NA
"1436",2024-02-29 20:00:00,"historie",33.05,25.9197055952212,NA,NA,NA
"1437",2024-02-29 21:00:00,"historie",33.03,19.5157895679731,NA,NA,NA
"1438",2024-02-29 22:00:00,"historie",30.12,15.6497517365929,NA,NA,NA
"1439",2024-02-29 23:00:00,"historie",25.47,13.3549986137122,NA,NA,NA
"1440",2024-03-01,"historie",24.37,14.3808724563521,NA,NA,NA
"1441",2024-03-01 01:00:00,"historie",17.96,14.5151925854226,NA,NA,NA
"1442",2024-03-01 02:00:00,"historie",14.02,14.3529782041041,NA,NA,NA
"1443",2024-03-01 03:00:00,"historie",14.09,20.8419569072341,NA,NA,NA
"1444",2024-03-01 04:00:00,"historie",17.47,25.1027324332979,NA,NA,NA
"1445",2024-03-01 05:00:00,"historie",20.16,30.3869206186758,NA,NA,NA
"1446",2024-03-01 06:00:00,"historie",18.26,35.9388818050505,NA,NA,NA
"1447",2024-03-01 07:00:00,"historie",17.07,31.6440346302146,NA,NA,NA
"1448",2024-03-01 08:00:00,"historie",14.99,26.1592760747595,NA,NA,NA
"1449",2024-03-01 09:00:00,"historie",16.17,26.9552018237863,NA,NA,NA
"1450",2024-03-01 10:00:00,"historie",17,22.8165181335527,NA,NA,NA
"1451",2024-03-02 01:00:00,"historie",15.21,19.1599160913356,NA,NA,NA
"1452",2024-03-02 02:00:00,"historie",13.41,19.5646348369859,NA,NA,NA
"1453",2024-03-02 03:00:00,"historie",13.23,15.2649754496215,NA,NA,NA
"1454",2024-03-02 04:00:00,"historie",13.14,14.3093715601887,NA,NA,NA
"1455",2024-03-02 05:00:00,"historie",14.79,13.84304663037,NA,NA,NA
"1456",2024-03-02 06:00:00,"historie",15.89,18.9457330327738,NA,NA,NA
"1457",2024-03-02 07:00:00,"historie",15.34,19.5256649806561,NA,NA,NA
"1458",2024-03-02 08:00:00,"historie",14.98,20.2538572094899,NA,NA,NA
"1459",2024-03-02 09:00:00,"historie",14.4,16.8688914366374,NA,NA,NA
"1460",2024-03-02 10:00:00,"historie",6.39,14.7396504189018,NA,NA,NA
"1461",2024-03-02 11:00:00,"historie",4.97,15.9831156780651,NA,NA,NA
"1462",2024-03-02 12:00:00,"historie",8.19,14.2253034098903,NA,NA,NA
"1463",2024-03-02 13:00:00,"historie",7.28,11.5186070429396,NA,NA,NA
"1464",2024-03-02 14:00:00,"historie",5.11,12.3402725812623,NA,NA,NA
"1465",2024-03-02 15:00:00,"historie",4.26,11.2629171421363,NA,NA,NA
"1466",2024-03-02 16:00:00,"historie",7.88,11.0266458255741,NA,NA,NA
"1467",2024-03-02 17:00:00,"historie",19.78,14.7673953763442,NA,NA,NA
"1468",2024-03-02 18:00:00,"historie",28.32,16.148072596855,NA,NA,NA
"1469",2024-03-02 19:00:00,"historie",27.58,16.4853622171786,NA,NA,NA
"1470",2024-03-02 20:00:00,"historie",25.64,17.794647831251,NA,NA,NA
"1471",2024-03-02 21:00:00,"historie",23.97,15.6216802237868,NA,NA,NA
"1472",2024-03-02 22:00:00,"historie",22.3,6.70116640781989,NA,NA,NA
"1473",2024-03-02 23:00:00,"historie",5.9,6.2667180874901,NA,NA,NA
"1474",2024-03-03,"historie",4.81,9.40352961044792,NA,NA,NA
"1475",2024-03-03 01:00:00,"historie",4.96,7.41923256193359,NA,NA,NA
"1476",2024-03-03 02:00:00,"historie",5.26,5.48470650739307,NA,NA,NA
"1477",2024-03-03 03:00:00,"historie",5.45,5.16652152302738,NA,NA,NA
"1478",2024-03-03 04:00:00,"historie",5.98,10.3563313553926,NA,NA,NA
"1479",2024-03-03 05:00:00,"historie",6.71,21.3045957466725,NA,NA,NA
"1480",2024-03-03 06:00:00,"historie",6.88,27.2461136733717,NA,NA,NA
"1481",2024-03-03 07:00:00,"historie",7.16,23.8973427337244,NA,NA,NA
"1482",2024-03-03 08:00:00,"historie",6.07,25.7206841456286,NA,NA,NA
"1483",2024-03-03 09:00:00,"historie",5.48,21.262317112832,NA,NA,NA
"1484",2024-03-03 10:00:00,"historie",4.7,20.5802858113371,NA,NA,NA
"1485",2024-03-03 11:00:00,"historie",4.01,5.73658316076465,NA,NA,NA
"1486",2024-03-03 12:00:00,"historie",3.93,5.5077868453773,NA,NA,NA
"1487",2024-03-03 13:00:00,"historie",4.21,5.084283892707,NA,NA,NA
"1488",2024-03-03 14:00:00,"historie",4.3,6.19419016630841,NA,NA,NA
"1489",2024-03-03 15:00:00,"historie",5.86,5.79756113725331,NA,NA,NA
"1490",2024-03-03 16:00:00,"historie",7.22,6.31864346883099,NA,NA,NA
"1491",2024-03-03 17:00:00,"historie",35.62,7.98314534026914,NA,NA,NA
"1492",2024-03-03 18:00:00,"historie",37.43,8.23623317372605,NA,NA,NA
"1493",2024-03-03 19:00:00,"historie",31.47,9.06645632582856,NA,NA,NA
"1494",2024-03-03 20:00:00,"historie",17.62,8.27164584076843,NA,NA,NA
"1495",2024-03-03 21:00:00,"historie",17.37,6.40671376570341,NA,NA,NA
"1496",2024-03-03 22:00:00,"historie",17.15,5.63444106437091,NA,NA,NA
"1497",2024-03-03 23:00:00,"historie",17.95,5.42259241746376,NA,NA,NA
"1498",2024-03-04,"historie",13.54,4.6589366991903,NA,NA,NA
"1499",2024-03-04 01:00:00,"historie",14.45,4.80234224759428,NA,NA,NA
"1500",2024-03-04 02:00:00,"historie",13,4.88350215900552,NA,NA,NA
"1501",2024-03-04 03:00:00,"historie",10.96,7.59688921641227,NA,NA,NA
"1502",2024-03-04 04:00:00,"historie",13.13,9.71022361625546,NA,NA,NA
"1503",2024-03-04 05:00:00,"historie",16.5,40.0071064504895,NA,NA,NA
"1504",2024-03-04 06:00:00,"historie",17.41,30.7845071406512,NA,NA,NA
"1505",2024-03-04 07:00:00,"historie",14.43,26.6579699560961,NA,NA,NA
"1506",2024-03-04 08:00:00,"historie",16.16,17.4383828156726,NA,NA,NA
"1507",2024-03-04 09:00:00,"historie",15.59,17.2970948389989,NA,NA,NA
"1508",2024-03-04 11:00:00,"historie",3.35,13.9031749727053,NA,NA,NA
"1509",2024-03-04 12:00:00,"historie",2.76,16.7952780788968,NA,NA,NA
"1510",2024-03-04 13:00:00,"historie",2.45,11.2187297624116,NA,NA,NA
"1511",2024-03-04 14:00:00,"historie",5.94,11.9419294340431,NA,NA,NA
"1512",2024-03-04 15:00:00,"historie",13.86,11.7646404495137,NA,NA,NA
"1513",2024-03-04 16:00:00,"historie",10.04,9.67934825532858,NA,NA,NA
"1514",2024-03-04 17:00:00,"historie",24.23,11.8679341906082,NA,NA,NA
"1515",2024-03-04 18:00:00,"historie",47.01,15.75870765695,NA,NA,NA
"1516",2024-03-04 19:00:00,"historie",36.48,16.4715068654782,NA,NA,NA
"1517",2024-03-04 20:00:00,"historie",24.17,14.0072953962872,NA,NA,NA
"1518",2024-03-04 21:00:00,"historie",19.64,17.5207326123219,NA,NA,NA
"1519",2024-03-04 22:00:00,"historie",15.77,14.0515948668685,NA,NA,NA
"1520",2024-03-04 23:00:00,"historie",17.67,3.24105053277658,NA,NA,NA
"1521",2024-03-05,"historie",17.14,4.01811973304101,NA,NA,NA
"1522",2024-03-05 01:00:00,"historie",19.09,3.11595101035233,NA,NA,NA
"1523",2024-03-05 02:00:00,"historie",9.35,7.26252169816494,NA,NA,NA
"1524",2024-03-05 03:00:00,"historie",6.72,13.9400465826158,NA,NA,NA
"1525",2024-03-05 04:00:00,"historie",8.08,9.72689181445354,NA,NA,NA
"1526",2024-03-05 05:00:00,"historie",9.63,34.0183642747553,NA,NA,NA
"1527",2024-03-05 06:00:00,"historie",7.55,39.4809544365116,NA,NA,NA
"1528",2024-03-05 07:00:00,"historie",7.92,29.9819621734365,NA,NA,NA
"1529",2024-03-05 08:00:00,"historie",5.83,19.5585816879826,NA,NA,NA
"1530",2024-03-05 09:00:00,"historie",6.37,20.4216806309408,NA,NA,NA
"1531",2024-03-05 10:00:00,"historie",6.91,15.1503123384535,NA,NA,NA
"1532",2024-03-05 11:00:00,"historie",7.58,16.0768173810098,NA,NA,NA
"1533",2024-03-05 12:00:00,"historie",9.01,15.4449368518987,NA,NA,NA
"1534",2024-03-05 13:00:00,"historie",21.94,16.5194125460552,NA,NA,NA
"1535",2024-03-05 14:00:00,"historie",25.29,7.43459534377577,NA,NA,NA
"1536",2024-03-05 15:00:00,"historie",19.85,7.02785925157946,NA,NA,NA
"1537",2024-03-05 16:00:00,"historie",34.14,8.58042690378647,NA,NA,NA
"1538",2024-03-05 17:00:00,"historie",29.69,9.68098475162012,NA,NA,NA
"1539",2024-03-05 18:00:00,"historie",24.97,8.10892972452241,NA,NA,NA
"1540",2024-03-05 19:00:00,"historie",22.37,8.98363214870535,NA,NA,NA
"1541",2024-03-05 20:00:00,"historie",18.61,7.0191711183444,NA,NA,NA
"1542",2024-03-05 21:00:00,"historie",19.33,8.49294958460361,NA,NA,NA
"1543",2024-03-05 22:00:00,"historie",21.05,6.24450176907517,NA,NA,NA
"1544",2024-03-05 23:00:00,"historie",16.2,8.01216030059838,NA,NA,NA
"1545",2024-03-06,"historie",15.24,9.31556019457143,NA,NA,NA
"1546",2024-03-06 01:00:00,"historie",13.75,22.3459545738339,NA,NA,NA
"1547",2024-03-06 02:00:00,"historie",18.31,20.5442989115371,NA,NA,NA
"1548",2024-03-06 03:00:00,"historie",15.9,14.8543191367662,NA,NA,NA
"1549",2024-03-06 04:00:00,"historie",14.55,34.6152446336431,NA,NA,NA
"1550",2024-03-06 05:00:00,"historie",17.28,31.3383182163258,NA,NA,NA
"1551",2024-03-06 06:00:00,"historie",18.37,21.7525622963011,NA,NA,NA
"1552",2024-03-06 07:00:00,"historie",16.84,20.8346669339861,NA,NA,NA
"1553",2024-03-06 08:00:00,"historie",8.04,16.7525020641938,NA,NA,NA
"1554",2024-03-06 09:00:00,"historie",4.18,20.0520461743052,NA,NA,NA
"1555",2024-03-06 10:00:00,"historie",4.2,20.2811512975144,NA,NA,NA
"1556",2024-03-06 11:00:00,"historie",3.4,13.9786655886489,NA,NA,NA
"1557",2024-03-06 12:00:00,"historie",3.01,14.8919740981092,NA,NA,NA
"1558",2024-03-06 13:00:00,"historie",3.58,11.2441021691814,NA,NA,NA
"1559",2024-03-06 14:00:00,"historie",5.46,14.91048532881,NA,NA,NA
"1560",2024-03-06 15:00:00,"historie",6.24,13.8614442289547,NA,NA,NA
"1561",2024-03-06 16:00:00,"historie",12.05,13.003503100337,NA,NA,NA
"1562",2024-03-06 17:00:00,"historie",14.47,14.6335879444199,NA,NA,NA
"1563",2024-03-06 18:00:00,"historie",15.42,16.7964704400586,NA,NA,NA
"1564",2024-03-06 19:00:00,"historie",15.08,14.5382782758771,NA,NA,NA
"1565",2024-03-06 20:00:00,"historie",16.41,8.19450106111286,NA,NA,NA
"1566",2024-03-06 21:00:00,"historie",21.11,5.28789443305243,NA,NA,NA
"1567",2024-03-06 22:00:00,"historie",19.45,4.70285158555452,NA,NA,NA
"1568",2024-03-06 23:00:00,"historie",24.92,4.17841067207565,NA,NA,NA
"1569",2024-03-07,"historie",19.27,4.45358062762059,NA,NA,NA
"1570",2024-03-07 01:00:00,"historie",16.22,4.87024537301515,NA,NA,NA
"1571",2024-03-07 02:00:00,"historie",15.23,6.61526674407195,NA,NA,NA
"1572",2024-03-07 03:00:00,"historie",12.73,7.33956470730538,NA,NA,NA
"1573",2024-03-07 04:00:00,"historie",11.98,14.7090238814723,NA,NA,NA
"1574",2024-03-07 05:00:00,"historie",12.21,17.9326710350773,NA,NA,NA
"1575",2024-03-07 06:00:00,"historie",9.11,15.5456226118796,NA,NA,NA
"1576",2024-03-07 07:00:00,"historie",7.62,15.3428674205675,NA,NA,NA
"1577",2024-03-07 08:00:00,"historie",6.78,16.3090609974562,NA,NA,NA
"1578",2024-03-07 09:00:00,"historie",4.91,22.3564739495243,NA,NA,NA
"1579",2024-03-07 10:00:00,"historie",5.31,17.6672111835908,NA,NA,NA
"1580",2024-03-07 11:00:00,"historie",4.46,21.8138259475418,NA,NA,NA
"1581",2024-03-07 12:00:00,"historie",4.54,16.5043638968273,NA,NA,NA
"1582",2024-03-07 13:00:00,"historie",5.45,14.1238245078368,NA,NA,NA
"1583",2024-03-07 14:00:00,"historie",5.86,12.3953698059518,NA,NA,NA
"1584",2024-03-07 15:00:00,"historie",7.35,11.8274836181448,NA,NA,NA
"1585",2024-03-07 16:00:00,"historie",8.22,11.7006127039194,NA,NA,NA
"1586",2024-03-07 17:00:00,"historie",8.54,11.3968458176493,NA,NA,NA
"1587",2024-03-07 18:00:00,"historie",9.15,9.23820351029425,NA,NA,NA
"1588",2024-03-07 19:00:00,"historie",10.17,7.30535919470831,NA,NA,NA
"1589",2024-03-07 20:00:00,"historie",13.92,7.26358956806234,NA,NA,NA
"1590",2024-03-07 21:00:00,"historie",14,5.99453907375364,NA,NA,NA
"1591",2024-03-07 22:00:00,"historie",10.97,5.39344563007225,NA,NA,NA
"1592",2024-03-07 23:00:00,"historie",15.13,4.90523514892785,NA,NA,NA
"1593",2024-03-08,"historie",16.93,5.84709925137507,NA,NA,NA
"1594",2024-03-08 01:00:00,"historie",17.61,6.75354279835504,NA,NA,NA
"1595",2024-03-08 02:00:00,"historie",17.36,6.48472152138104,NA,NA,NA
"1596",2024-03-08 03:00:00,"historie",17.16,8.95815921419808,NA,NA,NA
"1597",2024-03-08 04:00:00,"historie",16.94,9.80062787417034,NA,NA,NA
"1598",2024-03-08 05:00:00,"historie",36.4,11.6127761155329,NA,NA,NA
"1599",2024-03-08 06:00:00,"historie",34.58,10.3414499769338,NA,NA,NA
"1600",2024-03-08 07:00:00,"historie",44.61,11.7453132124047,NA,NA,NA
"1601",2024-03-08 08:00:00,"historie",29.42,15.4246072702879,NA,NA,NA
"1602",2024-03-08 09:00:00,"historie",8.08,15.0660830942304,NA,NA,NA
"1603",2024-03-08 10:00:00,"historie",3.86,11.8654977549586,NA,NA,NA
"1604",2024-03-08 11:00:00,"historie",3.67,14.8154132708997,NA,NA,NA
"1605",2024-03-08 12:00:00,"historie",3.92,15.9087235701407,NA,NA,NA
"1606",2024-03-08 13:00:00,"historie",4.02,15.3869756233104,NA,NA,NA
"1607",2024-03-08 14:00:00,"historie",5.65,13.8714864180661,NA,NA,NA
"1608",2024-03-08 15:00:00,"historie",8.08,15.3552925392672,NA,NA,NA
"1609",2024-03-08 16:00:00,"historie",9.11,15.259940015471,NA,NA,NA
"1610",2024-03-08 17:00:00,"historie",12.97,29.0358339336003,NA,NA,NA
"1611",2024-03-08 18:00:00,"historie",22.76,25.3139401122335,NA,NA,NA
"1612",2024-03-08 19:00:00,"historie",14.3,31.0857731444125,NA,NA,NA
"1613",2024-03-08 20:00:00,"historie",15.28,20.1880097692521,NA,NA,NA
"1614",2024-03-08 21:00:00,"historie",13.16,7.41259510519229,NA,NA,NA
"1615",2024-03-08 22:00:00,"historie",11.23,3.73525452107264,NA,NA,NA
"1616",2024-03-08 23:00:00,"historie",10.64,4.43272692666495,NA,NA,NA
"1617",2024-03-09,"historie",9.85,5.16274993612519,NA,NA,NA
"1618",2024-03-09 01:00:00,"historie",9.69,5.03879535142819,NA,NA,NA
"1619",2024-03-09 02:00:00,"historie",9.68,6.7787307064227,NA,NA,NA
"1620",2024-03-09 03:00:00,"historie",9.22,9.3756641172208,NA,NA,NA
"1621",2024-03-09 04:00:00,"historie",8.99,10.312236134718,NA,NA,NA
"1622",2024-03-09 05:00:00,"historie",9.13,16.2748006403914,NA,NA,NA
"1623",2024-03-09 06:00:00,"historie",9.45,22.4259090944079,NA,NA,NA
"1624",2024-03-09 07:00:00,"historie",9.57,13.8383174336437,NA,NA,NA
"1625",2024-03-09 08:00:00,"historie",9.01,15.91046895865,NA,NA,NA
"1626",2024-03-09 09:00:00,"historie",7.61,13.3944350867434,NA,NA,NA
"1627",2024-03-09 10:00:00,"historie",6.84,12.630170278486,NA,NA,NA
"1628",2024-03-09 11:00:00,"historie",6.63,10.7925231989832,NA,NA,NA
"1629",2024-03-09 12:00:00,"historie",6.48,10.4785605452144,NA,NA,NA
"1630",2024-03-09 13:00:00,"historie",5.8,9.83285221132055,NA,NA,NA
"1631",2024-03-09 14:00:00,"historie",6.75,9.21927211621017,NA,NA,NA
"1632",2024-03-09 15:00:00,"historie",7.15,9.597226510666,NA,NA,NA
"1633",2024-03-09 16:00:00,"historie",7.89,10.6696834658216,NA,NA,NA
"1634",2024-03-09 17:00:00,"historie",11.74,9.07558974301378,NA,NA,NA
"1635",2024-03-09 18:00:00,"historie",23.56,10.7120076890955,NA,NA,NA
"1636",2024-03-09 19:00:00,"historie",18.29,8.97854990932751,NA,NA,NA
"1637",2024-03-09 20:00:00,"historie",12.93,7.75434217996894,NA,NA,NA
"1638",2024-03-09 21:00:00,"historie",11.2,7.72646839432827,NA,NA,NA
"1639",2024-03-09 22:00:00,"historie",11.96,6.29668066126248,NA,NA,NA
"1640",2024-03-09 23:00:00,"historie",12.14,6.80104354037749,NA,NA,NA
"1641",2024-03-10,"historie",10.98,7.21466729021344,NA,NA,NA
"1642",2024-03-10 01:00:00,"historie",11.96,6.65699371876258,NA,NA,NA
"1643",2024-03-10 02:00:00,"historie",14,7.69229393566295,NA,NA,NA
"1644",2024-03-10 03:00:00,"historie",12.45,8.07307026815958,NA,NA,NA
"1645",2024-03-10 04:00:00,"historie",10.36,9.61380620283379,NA,NA,NA
"1646",2024-03-10 05:00:00,"historie",8.94,15.9473357919567,NA,NA,NA
"1647",2024-03-10 06:00:00,"historie",7.29,21.9889545865721,NA,NA,NA
"1648",2024-03-10 07:00:00,"historie",7.02,17.3998804239716,NA,NA,NA
"1649",2024-03-10 08:00:00,"historie",7.06,12.5600181005627,NA,NA,NA
"1650",2024-03-10 09:00:00,"historie",5,11.874366707168,NA,NA,NA
"1651",2024-03-10 10:00:00,"historie",4.54,13.230156627436,NA,NA,NA
"1652",2024-03-10 11:00:00,"historie",4.56,11.7958099841986,NA,NA,NA
"1653",2024-03-10 12:00:00,"historie",4.83,11.1603262075006,NA,NA,NA
"1654",2024-03-10 13:00:00,"historie",4.83,11.7402229800795,NA,NA,NA
"1655",2024-03-10 14:00:00,"historie",5.26,12.5127332449912,NA,NA,NA
"1656",2024-03-10 15:00:00,"historie",7.05,11.7312124812494,NA,NA,NA
"1657",2024-03-10 16:00:00,"historie",9.02,10.9655771519844,NA,NA,NA
"1658",2024-03-10 17:00:00,"historie",11.5,8.73929407680276,NA,NA,NA
"1659",2024-03-10 18:00:00,"historie",15.43,8.11766013540957,NA,NA,NA
"1660",2024-03-10 19:00:00,"historie",18.11,7.10830333888399,NA,NA,NA
"1661",2024-03-10 20:00:00,"historie",25.41,6.7360765221025,NA,NA,NA
"1662",2024-03-10 21:00:00,"historie",17.64,5.42868661578456,NA,NA,NA
"1663",2024-03-10 22:00:00,"historie",15.04,4.7091499628211,NA,NA,NA
"1664",2024-03-10 23:00:00,"historie",13.34,5.11343856671132,NA,NA,NA
"1665",2024-03-11,"historie",10.48,5.67601242257136,NA,NA,NA
"1666",2024-03-11 01:00:00,"historie",8.1,5.84236966948782,NA,NA,NA
"1667",2024-03-11 02:00:00,"historie",10.46,6.11272951132804,NA,NA,NA
"1668",2024-03-11 03:00:00,"historie",12.75,8.29558819808317,NA,NA,NA
"1669",2024-03-11 04:00:00,"historie",11.22,10.9954074836245,NA,NA,NA
"1670",2024-03-11 05:00:00,"historie",9.5,15.7859279061722,NA,NA,NA
"1671",2024-03-11 06:00:00,"historie",7.95,14.701877762646,NA,NA,NA
"1672",2024-03-11 07:00:00,"historie",10.78,17.9440196131196,NA,NA,NA
"1673",2024-03-11 08:00:00,"historie",4.89,23.1801089277579,NA,NA,NA
"1674",2024-03-11 09:00:00,"historie",4.03,15.9192718057456,NA,NA,NA
"1675",2024-03-11 10:00:00,"historie",3.43,15.2400211042731,NA,NA,NA
"1676",2024-03-11 11:00:00,"historie",2.87,12.3798069585602,NA,NA,NA
"1677",2024-03-11 12:00:00,"historie",2.66,10.6835711410933,NA,NA,NA
"1678",2024-03-11 13:00:00,"historie",2.73,8.46136558095829,NA,NA,NA
"1679",2024-03-11 14:00:00,"historie",3.37,10.3491552054748,NA,NA,NA
"1680",2024-03-11 15:00:00,"historie",4.95,12.3611956399036,NA,NA,NA
"1681",2024-03-11 16:00:00,"historie",15.93,11.3051887909587,NA,NA,NA
"1682",2024-03-11 17:00:00,"historie",18.77,8.88051014415902,NA,NA,NA
"1683",2024-03-11 18:00:00,"historie",45.52,8.53667274698705,NA,NA,NA
"1684",2024-03-11 19:00:00,"historie",47.25,10.5204640733462,NA,NA,NA
"1685",2024-03-11 20:00:00,"historie",25.23,4.17462728917341,NA,NA,NA
"1686",2024-03-11 21:00:00,"historie",18.43,4.80118150969707,NA,NA,NA
"1687",2024-03-11 22:00:00,"historie",22.03,3.69200380580939,NA,NA,NA
"1688",2024-03-11 23:00:00,"historie",19.45,3.46885459636834,NA,NA,NA
"1689",2024-03-12,"historie",16.6,3.45845139817641,NA,NA,NA
"1690",2024-03-12 01:00:00,"historie",14.53,3.71925915162,NA,NA,NA
"1691",2024-03-12 02:00:00,"historie",12.64,4.51747387338467,NA,NA,NA
"1692",2024-03-12 03:00:00,"historie",11.43,6.44469404339517,NA,NA,NA
"1693",2024-03-12 04:00:00,"historie",13.58,19.8966587794836,NA,NA,NA
"1694",2024-03-12 05:00:00,"historie",15.31,21.2075172393943,NA,NA,NA
"1695",2024-03-12 06:00:00,"historie",21.59,39.6365408529133,NA,NA,NA
"1696",2024-03-12 07:00:00,"historie",21.52,37.9856540650835,NA,NA,NA
"1697",2024-03-12 08:00:00,"historie",23.34,18.9065479008135,NA,NA,NA
"1698",2024-03-12 09:00:00,"historie",8.17,17.1054905314726,NA,NA,NA
"1699",2024-03-12 10:00:00,"historie",4.15,21.0965517411206,NA,NA,NA
"1700",2024-03-12 11:00:00,"historie",4.18,16.0121934674149,NA,NA,NA
"1701",2024-03-12 12:00:00,"historie",4.87,14.8239990573752,NA,NA,NA
"1702",2024-03-12 13:00:00,"historie",4.7,13.8877615114965,NA,NA,NA
"1703",2024-03-12 14:00:00,"historie",4.9,11.5116750247845,NA,NA,NA
"1704",2024-03-12 15:00:00,"historie",4.14,10.8655885339282,NA,NA,NA
"1705",2024-03-12 16:00:00,"historie",4.16,13.6546263815622,NA,NA,NA
"1706",2024-03-12 17:00:00,"historie",9.34,13.1949634177117,NA,NA,NA
"1707",2024-03-12 18:00:00,"historie",21.32,20.8475373336497,NA,NA,NA
"1708",2024-03-12 19:00:00,"historie",26.65,14.8290489535778,NA,NA,NA
"1709",2024-03-12 20:00:00,"historie",22.41,16.7481765957955,NA,NA,NA
"1710",2024-03-12 21:00:00,"historie",20.01,6.51925239382585,NA,NA,NA
"1711",2024-03-12 22:00:00,"historie",16.62,3.95162199195452,NA,NA,NA
"1712",2024-03-12 23:00:00,"historie",15.59,4.67194106829245,NA,NA,NA
"1713",2024-03-13,"historie",15.5,5.50767066515368,NA,NA,NA
"1714",2024-03-13 01:00:00,"historie",13.83,5.46333352168873,NA,NA,NA
"1715",2024-03-13 02:00:00,"historie",12.83,5.89605648945397,NA,NA,NA
"1716",2024-03-13 03:00:00,"historie",12.81,5.81651491942193,NA,NA,NA
"1717",2024-03-13 04:00:00,"historie",16.05,5.75818600988536,NA,NA,NA
"1718",2024-03-13 05:00:00,"historie",15.56,16.1480028054449,NA,NA,NA
"1719",2024-03-13 06:00:00,"historie",20.71,21.4839067836947,NA,NA,NA
"1720",2024-03-13 07:00:00,"historie",28.6,23.679432544928,NA,NA,NA
"1721",2024-03-13 08:00:00,"historie",19.36,18.6857984740357,NA,NA,NA
"1722",2024-03-13 09:00:00,"historie",6.42,19.3418322367504,NA,NA,NA
"1723",2024-03-13 10:00:00,"historie",3.32,15.6977200262124,NA,NA,NA
"1724",2024-03-13 11:00:00,"historie",2.52,14.0763400895537,NA,NA,NA
"1725",2024-03-13 12:00:00,"historie",2.56,14.4714148673432,NA,NA,NA
"1726",2024-03-13 13:00:00,"historie",2.75,13.0650206690167,NA,NA,NA
"1727",2024-03-13 14:00:00,"historie",3.99,11.7243062865758,NA,NA,NA
"1728",2024-03-13 15:00:00,"historie",5.45,12.5239023259063,NA,NA,NA
"1729",2024-03-13 16:00:00,"historie",9.45,15.9844645481504,NA,NA,NA
"1730",2024-03-13 17:00:00,"historie",13.06,14.0823592366595,NA,NA,NA
"1731",2024-03-13 18:00:00,"historie",20.67,19.9879941824923,NA,NA,NA
"1732",2024-03-13 19:00:00,"historie",24.76,21.6790291286748,NA,NA,NA
"1733",2024-03-13 20:00:00,"historie",25.69,11.8738580407901,NA,NA,NA
"1734",2024-03-13 21:00:00,"historie",26.2,5.20243513545472,NA,NA,NA
"1735",2024-03-13 22:00:00,"historie",20,3.40870250780642,NA,NA,NA
"1736",2024-03-13 23:00:00,"historie",15.38,3.06379614302013,NA,NA,NA
"1737",2024-03-14,"historie",18.5,3.26299829793386,NA,NA,NA
"1738",2024-03-14 01:00:00,"historie",24.78,3.6375216359952,NA,NA,NA
"1739",2024-03-14 02:00:00,"historie",23.91,4.99569779388044,NA,NA,NA
"1740",2024-03-14 03:00:00,"historie",22.78,7.05747886650723,NA,NA,NA
"1741",2024-03-14 04:00:00,"historie",23.26,12.5703849479045,NA,NA,NA
"1742",2024-03-14 05:00:00,"historie",28.1,18.8117777555181,NA,NA,NA
"1743",2024-03-14 06:00:00,"historie",29.83,20.6560626092408,NA,NA,NA
"1744",2024-03-14 07:00:00,"historie",32.65,22.5208856076277,NA,NA,NA
"1745",2024-03-14 08:00:00,"historie",26.84,21.8513318354374,NA,NA,NA
"1746",2024-03-14 09:00:00,"historie",17.15,23.3777410151392,NA,NA,NA
"1747",2024-03-14 10:00:00,"historie",9.27,17.7899230669785,NA,NA,NA
"1748",2024-03-14 11:00:00,"historie",4.97,13.716583219133,NA,NA,NA
"1749",2024-03-14 12:00:00,"historie",9.88,17.207241304531,NA,NA,NA
"1750",2024-03-14 13:00:00,"historie",15.85,21.8301816020586,NA,NA,NA
"1751",2024-03-14 14:00:00,"historie",15.48,19.0981573869204,NA,NA,NA
"1752",2024-03-14 15:00:00,"historie",15.64,19.9824849506208,NA,NA,NA
"1753",2024-03-14 16:00:00,"historie",19.24,20.3419830052726,NA,NA,NA
"1754",2024-03-14 17:00:00,"historie",18.32,24.2739193595226,NA,NA,NA
"1755",2024-03-14 18:00:00,"historie",29.47,26.4068653042722,NA,NA,NA
"1756",2024-03-14 19:00:00,"historie",35.49,22.6468303622906,NA,NA,NA
"1757",2024-03-14 20:00:00,"historie",36.7,15.0095068596619,NA,NA,NA
"1758",2024-03-14 21:00:00,"historie",40.81,11.7862954239317,NA,NA,NA
"1759",2024-03-14 22:00:00,"historie",38.54,7.08528894836408,NA,NA,NA
"1760",2024-03-14 23:00:00,"historie",36.8,4.75060395597025,NA,NA,NA
"1761",2024-03-15,"historie",22.13,10.3551322376061,NA,NA,NA
"1762",2024-03-15 01:00:00,"historie",15.69,14.8120482412431,NA,NA,NA
"1763",2024-03-15 02:00:00,"historie",13.56,13.3781390646793,NA,NA,NA
"1764",2024-03-15 03:00:00,"historie",11.76,16.0732177640776,NA,NA,NA
"1765",2024-03-15 04:00:00,"historie",11.32,20.184694949201,NA,NA,NA
"1766",2024-03-15 05:00:00,"historie",15.19,22.8458529175467,NA,NA,NA
"1767",2024-03-15 06:00:00,"historie",15.1,28.0739374406803,NA,NA,NA
"1768",2024-03-15 07:00:00,"historie",14.33,30.2834298626733,NA,NA,NA
"1769",2024-03-15 08:00:00,"historie",14.33,29.5427506030951,NA,NA,NA
"1770",2024-03-15 09:00:00,"historie",12,32.7555722457783,NA,NA,NA
"1771",2024-03-15 10:00:00,"historie",3.8,29.8443687302868,NA,NA,NA
"1772",2024-03-15 11:00:00,"historie",3.54,28.9287510173254,NA,NA,NA
"1773",2024-03-15 12:00:00,"historie",3.49,18.3406824950405,NA,NA,NA
"1774",2024-03-15 13:00:00,"historie",3.35,14.3394037717723,NA,NA,NA
"1775",2024-03-15 14:00:00,"historie",2.97,12.6650436999504,NA,NA,NA
"1776",2024-03-15 15:00:00,"historie",11.39,11.9717702461244,NA,NA,NA
"1777",2024-03-15 16:00:00,"historie",43.39,12.182955664892,NA,NA,NA
"1778",2024-03-15 17:00:00,"historie",24.36,15.6699465885189,NA,NA,NA
"1779",2024-03-15 18:00:00,"historie",31.55,15.6054661061921,NA,NA,NA
"1780",2024-03-15 19:00:00,"historie",35.54,12.1459368923113,NA,NA,NA
"1781",2024-03-15 20:00:00,"historie",9.96,10.1753080706624,NA,NA,NA
"1782",2024-03-15 21:00:00,"historie",9.26,9.18738720571136,NA,NA,NA
"1783",2024-03-15 22:00:00,"historie",10.49,3.09486663642958,NA,NA,NA
"1784",2024-03-15 23:00:00,"historie",13.38,4.67301875669052,NA,NA,NA
"1785",2024-03-16,"historie",12.28,4.27508836088987,NA,NA,NA
"1786",2024-03-16 01:00:00,"historie",10.4,4.23362011205506,NA,NA,NA
"1787",2024-03-16 02:00:00,"historie",10.09,3.80354704901765,NA,NA,NA
"1788",2024-03-16 03:00:00,"historie",8.96,16.1691085873723,NA,NA,NA
"1789",2024-03-16 04:00:00,"historie",8.5,42.6250759544719,NA,NA,NA
"1790",2024-03-16 05:00:00,"historie",7.72,25.4905603765731,NA,NA,NA
"1791",2024-03-16 06:00:00,"historie",8.65,30.1175174202603,NA,NA,NA
"1792",2024-03-16 07:00:00,"historie",12.72,30.721225756334,NA,NA,NA
"1793",2024-03-16 08:00:00,"historie",9.85,8.95536191170467,NA,NA,NA
"1794",2024-03-16 09:00:00,"historie",5.56,11.0200556130773,NA,NA,NA
"1795",2024-03-16 10:00:00,"historie",8.39,11.6888506547488,NA,NA,NA
"1796",2024-03-16 11:00:00,"historie",12.82,13.208149417695,NA,NA,NA
"1797",2024-03-16 12:00:00,"historie",3.44,11.9924436307653,NA,NA,NA
"1798",2024-03-16 13:00:00,"historie",2.86,10.5038003874215,NA,NA,NA
"1799",2024-03-16 14:00:00,"historie",14.54,10.0975125360214,NA,NA,NA
"1800",2024-03-16 15:00:00,"historie",11.96,9.56567232846984,NA,NA,NA
"1801",2024-03-16 16:00:00,"historie",11.33,9.93624522141923,NA,NA,NA
"1802",2024-03-16 17:00:00,"historie",10.9,8.54241583624263,NA,NA,NA
"1803",2024-03-16 18:00:00,"historie",7.1,10.2791280416452,NA,NA,NA
"1804",2024-03-16 19:00:00,"historie",6.08,12.1491020869077,NA,NA,NA
"1805",2024-03-16 20:00:00,"historie",5.21,7.39104482485433,NA,NA,NA
"1806",2024-03-16 21:00:00,"historie",7.06,4.27050184491805,NA,NA,NA
"1807",2024-03-16 22:00:00,"historie",10.05,7.96888166852457,NA,NA,NA
"1808",2024-03-16 23:00:00,"historie",9.6,11.9766251488501,NA,NA,NA
"1809",2024-03-17,"historie",8.29,3.15834872779806,NA,NA,NA
"1810",2024-03-17 01:00:00,"historie",8.25,3.64212638253039,NA,NA,NA
"1811",2024-03-17 02:00:00,"historie",9.37,20.5495762563861,NA,NA,NA
"1812",2024-03-17 03:00:00,"historie",10.15,13.5283856533274,NA,NA,NA
"1813",2024-03-17 04:00:00,"historie",9.47,11.7047521651519,NA,NA,NA
"1814",2024-03-17 05:00:00,"historie",11.84,15.8549371291503,NA,NA,NA
"1815",2024-03-17 06:00:00,"historie",12.82,8.28371870037418,NA,NA,NA
"1816",2024-03-17 07:00:00,"historie",11.33,6.50768117058819,NA,NA,NA
"1817",2024-03-17 08:00:00,"historie",10.07,6.62388919125472,NA,NA,NA
"1818",2024-03-17 09:00:00,"historie",5.37,8.99919918457682,NA,NA,NA
"1819",2024-03-17 10:00:00,"historie",3.5,11.8753722736189,NA,NA,NA
"1820",2024-03-17 11:00:00,"historie",3.44,9.62114276384779,NA,NA,NA
"1821",2024-03-17 12:00:00,"historie",4.03,8.74456723140782,NA,NA,NA
"1822",2024-03-17 13:00:00,"historie",3.51,9.00608026311836,NA,NA,NA
"1823",2024-03-17 14:00:00,"historie",4.08,9.6127171890738,NA,NA,NA
"1824",2024-03-17 15:00:00,"historie",5.09,10.6739630508997,NA,NA,NA
"1825",2024-03-17 16:00:00,"historie",6.01,10.1664189178142,NA,NA,NA
"1826",2024-03-17 17:00:00,"historie",13.43,12.6138753991465,NA,NA,NA
"1827",2024-03-17 18:00:00,"historie",20.97,14.0503284947406,NA,NA,NA
"1828",2024-03-17 19:00:00,"historie",28.76,9.82704214122478,NA,NA,NA
"1829",2024-03-17 20:00:00,"historie",43.85,7.55616716824184,NA,NA,NA
"1830",2024-03-17 21:00:00,"historie",24.97,4.7047548160485,NA,NA,NA
"1831",2024-03-17 22:00:00,"historie",24.49,3.78576873266013,NA,NA,NA
"1832",2024-03-17 23:00:00,"historie",24.27,3.47710077306756,NA,NA,NA
"1833",2024-03-18,"historie",18.1,4.67030631063337,NA,NA,NA
"1834",2024-03-18 01:00:00,"historie",16.54,5.02391072280648,NA,NA,NA
"1835",2024-03-18 02:00:00,"historie",13.99,5.27114464331318,NA,NA,NA
"1836",2024-03-18 03:00:00,"historie",12.01,7.43558901760544,NA,NA,NA
"1837",2024-03-18 04:00:00,"historie",12.1,7.268470109528,NA,NA,NA
"1838",2024-03-18 05:00:00,"historie",17.28,18.7001857562394,NA,NA,NA
"1839",2024-03-18 06:00:00,"historie",23.73,20.356888829988,NA,NA,NA
"1840",2024-03-18 07:00:00,"historie",38.61,22.9599588715558,NA,NA,NA
"1841",2024-03-18 08:00:00,"historie",33.51,37.6539193282229,NA,NA,NA
"1842",2024-03-18 09:00:00,"historie",17.56,20.2815000169165,NA,NA,NA
"1843",2024-03-18 10:00:00,"historie",5.44,22.1023109779481,NA,NA,NA
"1844",2024-03-18 11:00:00,"historie",3.65,19.5430386637409,NA,NA,NA
"1845",2024-03-18 12:00:00,"historie",2.99,15.4437899643825,NA,NA,NA
"1846",2024-03-18 13:00:00,"historie",2.88,15.3768642807283,NA,NA,NA
"1847",2024-03-18 14:00:00,"historie",4.8,12.6196683965037,NA,NA,NA
"1848",2024-03-18 15:00:00,"historie",9.02,11.6238026403524,NA,NA,NA
"1849",2024-03-18 16:00:00,"historie",12.83,12.9063446451831,NA,NA,NA
"1850",2024-03-18 17:00:00,"historie",13.29,17.1952633396156,NA,NA,NA
"1851",2024-03-18 18:00:00,"historie",21.32,22.4026451225279,NA,NA,NA
"1852",2024-03-18 19:00:00,"historie",16.01,28.3154671096225,NA,NA,NA
"1853",2024-03-18 20:00:00,"historie",17.51,17.953106633851,NA,NA,NA
"1854",2024-03-18 21:00:00,"historie",18.63,11.0705315631536,NA,NA,NA
"1855",2024-03-18 22:00:00,"historie",18.77,4.52426342784716,NA,NA,NA
"1856",2024-03-18 23:00:00,"historie",20.68,3.77156250602473,NA,NA,NA
"1857",2024-03-19,"historie",19.86,3.37641465654284,NA,NA,NA
"1858",2024-03-19 01:00:00,"historie",16.55,4.07835916304431,NA,NA,NA
"1859",2024-03-19 02:00:00,"historie",16.22,6.36494092419649,NA,NA,NA
"1860",2024-03-19 03:00:00,"historie",14.52,11.7923151729103,NA,NA,NA
"1861",2024-03-19 04:00:00,"historie",18.28,14.5566955791171,NA,NA,NA
"1862",2024-03-19 05:00:00,"historie",31.45,16.6202948961705,NA,NA,NA
"1863",2024-03-19 06:00:00,"historie",42.15,22.7571112895174,NA,NA,NA
"1864",2024-03-19 07:00:00,"historie",34.65,14.5320686352289,NA,NA,NA
"1865",2024-03-19 08:00:00,"historie",31.78,16.8388029832997,NA,NA,NA
"1866",2024-03-19 09:00:00,"historie",10.66,18.6905702291425,NA,NA,NA
"1867",2024-03-19 10:00:00,"historie",4.35,17.9634155509179,NA,NA,NA
"1868",2024-03-19 11:00:00,"historie",3.17,17.6344315552088,NA,NA,NA
"1869",2024-03-19 12:00:00,"historie",3.16,17.4953278999491,NA,NA,NA
"1870",2024-03-19 13:00:00,"historie",3.38,14.7611041138057,NA,NA,NA
"1871",2024-03-19 14:00:00,"historie",5.42,14.5025620755646,NA,NA,NA
"1872",2024-03-19 15:00:00,"historie",6.73,13.5934720558876,NA,NA,NA
"1873",2024-03-19 16:00:00,"historie",10.29,19.1376015323583,NA,NA,NA
"1874",2024-03-19 17:00:00,"historie",9.95,29.2428275008351,NA,NA,NA
"1875",2024-03-19 18:00:00,"historie",16.23,37.5747035063554,NA,NA,NA
"1876",2024-03-19 19:00:00,"historie",21.99,23.7296711143374,NA,NA,NA
"1877",2024-03-19 20:00:00,"historie",31.67,18.265887201754,NA,NA,NA
"1878",2024-03-19 21:00:00,"historie",27.85,6.30175476657261,NA,NA,NA
"1879",2024-03-19 22:00:00,"historie",23.56,3.98695350941554,NA,NA,NA
"1880",2024-03-19 23:00:00,"historie",18.41,3.26856859610438,NA,NA,NA
"1881",2024-03-20,"historie",18.26,3.60741722328113,NA,NA,NA
"1882",2024-03-20 01:00:00,"historie",16.66,4.77140892948016,NA,NA,NA
"1883",2024-03-20 02:00:00,"historie",16.38,7.27017779234735,NA,NA,NA
"1884",2024-03-20 03:00:00,"historie",15.83,8.83884584639526,NA,NA,NA
"1885",2024-03-20 04:00:00,"historie",15.81,12.1266297898625,NA,NA,NA
"1886",2024-03-20 05:00:00,"historie",18.27,13.3466813408786,NA,NA,NA
"1887",2024-03-20 06:00:00,"historie",35.8,17.3470185459948,NA,NA,NA
"1888",2024-03-20 07:00:00,"historie",42.43,20.7353303430052,NA,NA,NA
"1889",2024-03-20 08:00:00,"historie",23.89,28.0857421811699,NA,NA,NA
"1890",2024-03-20 09:00:00,"historie",11.13,24.268185249247,NA,NA,NA
"1891",2024-03-20 10:00:00,"historie",4.73,21.2949932437197,NA,NA,NA
"1892",2024-03-20 11:00:00,"historie",3.88,15.5945381731484,NA,NA,NA
"1893",2024-03-20 12:00:00,"historie",6.67,16.5449169387197,NA,NA,NA
"1894",2024-03-20 13:00:00,"historie",10.74,15.2883035570449,NA,NA,NA
"1895",2024-03-20 14:00:00,"historie",22.8,14.6353007323605,NA,NA,NA
"1896",2024-03-20 15:00:00,"historie",21.68,15.3926662653588,NA,NA,NA
"1897",2024-03-20 16:00:00,"historie",33.84,17.3801343850481,NA,NA,NA
"1898",2024-03-20 17:00:00,"historie",58.96,18.8525856068882,NA,NA,NA
"1899",2024-03-20 18:00:00,"historie",62.75,34.6506654887122,NA,NA,NA
"1900",2024-03-20 19:00:00,"historie",42.22,30.2351878457972,NA,NA,NA
"1901",2024-03-20 20:00:00,"historie",33.59,12.3877376034533,NA,NA,NA
"1902",2024-03-20 21:00:00,"historie",26.42,6.93511816310469,NA,NA,NA
"1903",2024-03-20 22:00:00,"historie",24.06,4.11299897013548,NA,NA,NA
"1904",2024-03-20 23:00:00,"historie",19.96,3.94817337770589,NA,NA,NA
"1905",2024-03-21,"historie",23.62,7.02268339705572,NA,NA,NA
"1906",2024-03-21 01:00:00,"historie",18.56,12.3199853637622,NA,NA,NA
"1907",2024-03-21 02:00:00,"historie",16.31,22.1329535500612,NA,NA,NA
"1908",2024-03-21 03:00:00,"historie",14.96,20.7437215395579,NA,NA,NA
"1909",2024-03-21 04:00:00,"historie",15.74,29.7926778120413,NA,NA,NA
"1910",2024-03-21 05:00:00,"historie",22.07,58.6303774265958,NA,NA,NA
"1911",2024-03-21 06:00:00,"historie",34.67,46.4771216841188,NA,NA,NA
"1912",2024-03-21 07:00:00,"historie",28.77,32.7159067509275,NA,NA,NA
"1913",2024-03-21 08:00:00,"historie",21.34,26.9381278928434,NA,NA,NA
"1914",2024-03-21 09:00:00,"historie",18.4,23.1255832459768,NA,NA,NA
"1915",2024-03-21 10:00:00,"historie",10.2,21.3107637115997,NA,NA,NA
"1916",2024-03-21 11:00:00,"historie",7.04,17.0882112688783,NA,NA,NA
"1917",2024-03-21 12:00:00,"historie",3.46,20.8582084740123,NA,NA,NA
"1918",2024-03-21 13:00:00,"historie",8.04,16.1782685448613,NA,NA,NA
"1919",2024-03-21 14:00:00,"historie",17.29,14.6076402240936,NA,NA,NA
"1920",2024-03-21 15:00:00,"historie",25.81,14.5260175223727,NA,NA,NA
"1921",2024-03-21 16:00:00,"historie",9.76,17.2212433350273,NA,NA,NA
"1922",2024-03-21 17:00:00,"historie",10.4,24.3612724617392,NA,NA,NA
"1923",2024-03-21 18:00:00,"historie",26.49,33.0987257818319,NA,NA,NA
"1924",2024-03-21 19:00:00,"historie",31.14,20.3005921131081,NA,NA,NA
"1925",2024-03-21 20:00:00,"historie",20.26,12.2684431774953,NA,NA,NA
"1926",2024-03-21 21:00:00,"historie",12.96,10.8951112912825,NA,NA,NA
"1927",2024-03-21 22:00:00,"historie",13.39,7.66787497102631,NA,NA,NA
"1928",2024-03-21 23:00:00,"historie",9.06,6.56649493285966,NA,NA,NA
"1929",2024-03-22,"historie",8.99,3.65574140762932,NA,NA,NA
"1930",2024-03-22 01:00:00,"historie",9.08,12.0148543656978,NA,NA,NA
"1931",2024-03-22 02:00:00,"historie",11.38,17.3125639418943,NA,NA,NA
"1932",2024-03-22 03:00:00,"historie",12.86,27.4186026507046,NA,NA,NA
"1933",2024-03-22 04:00:00,"historie",15.04,9.63803296915243,NA,NA,NA
"1934",2024-03-22 05:00:00,"historie",11.28,14.9016898643528,NA,NA,NA
"1935",2024-03-22 06:00:00,"historie",10.58,27.4442808829061,NA,NA,NA
"1936",2024-03-22 07:00:00,"historie",12.37,27.1820298745828,NA,NA,NA
"1937",2024-03-22 08:00:00,"historie",6.55,17.3016308240703,NA,NA,NA
"1938",2024-03-22 09:00:00,"historie",4.83,13.0974302250583,NA,NA,NA
"1939",2024-03-22 10:00:00,"historie",3.89,13.8819257442815,NA,NA,NA
"1940",2024-03-22 11:00:00,"historie",3.44,9.31054638204462,NA,NA,NA
"1941",2024-03-22 12:00:00,"historie",2.53,9.53691007342318,NA,NA,NA
"1942",2024-03-22 13:00:00,"historie",2.8,9.79621612247956,NA,NA,NA
"1943",2024-03-22 14:00:00,"historie",2.95,11.6912209635864,NA,NA,NA
"1944",2024-03-22 15:00:00,"historie",4.94,13.3835078509687,NA,NA,NA
"1945",2024-03-22 16:00:00,"historie",13.5,17.3375063288293,NA,NA,NA
"1946",2024-03-22 17:00:00,"historie",16.35,13.235694027681,NA,NA,NA
"1947",2024-03-22 18:00:00,"historie",16.87,11.9953400474373,NA,NA,NA
"1948",2024-03-22 19:00:00,"historie",18.48,11.6400956001799,NA,NA,NA
"1949",2024-03-22 20:00:00,"historie",17.18,4.93949657671962,NA,NA,NA
"1950",2024-03-22 21:00:00,"historie",19.07,3.92104498894297,NA,NA,NA
"1951",2024-03-22 22:00:00,"historie",17.08,3.89770773649169,NA,NA,NA
"1952",2024-03-22 23:00:00,"historie",17.5,3.48068483672886,NA,NA,NA
"1953",2024-03-23,"historie",18.55,3.40903317304832,NA,NA,NA
"1954",2024-03-23 01:00:00,"historie",13.82,4.70332110806073,NA,NA,NA
"1955",2024-03-23 02:00:00,"historie",19.69,4.2688705809814,NA,NA,NA
"1956",2024-03-23 03:00:00,"historie",21.51,6.64753902988636,NA,NA,NA
"1957",2024-03-23 04:00:00,"historie",20.57,17.1335818307548,NA,NA,NA
"1958",2024-03-23 05:00:00,"historie",22.59,21.3970486790401,NA,NA,NA
"1959",2024-03-23 06:00:00,"historie",23.8,17.0265514801621,NA,NA,NA
"1960",2024-03-23 07:00:00,"historie",27.74,17.7191847448666,NA,NA,NA
"1961",2024-03-23 08:00:00,"historie",31.68,15.4871594599148,NA,NA,NA
"1962",2024-03-23 09:00:00,"historie",25.52,19.2056414305449,NA,NA,NA
"1963",2024-03-23 10:00:00,"historie",4.74,15.0175800694575,NA,NA,NA
"1964",2024-03-23 11:00:00,"historie",4.2,16.5427500575661,NA,NA,NA
"1965",2024-03-23 12:00:00,"historie",2.97,16.4819267224675,NA,NA,NA
"1966",2024-03-23 13:00:00,"historie",3.38,13.1232697854381,NA,NA,NA
"1967",2024-03-23 14:00:00,"historie",6.84,18.7459676235797,NA,NA,NA
"1968",2024-03-23 15:00:00,"historie",5.13,19.8544432433602,NA,NA,NA
"1969",2024-03-23 16:00:00,"historie",4.3,19.6826290154882,NA,NA,NA
"1970",2024-03-23 17:00:00,"historie",5.02,23.0439767246721,NA,NA,NA
"1971",2024-03-23 18:00:00,"historie",7.8,22.5249542555691,NA,NA,NA
"1972",2024-03-23 19:00:00,"historie",19.98,19.8273514937046,NA,NA,NA
"1973",2024-03-23 20:00:00,"historie",20.93,18.9565905352398,NA,NA,NA
"1974",2024-03-23 21:00:00,"historie",20.17,14.0993084485526,NA,NA,NA
"1975",2024-03-23 22:00:00,"historie",16.62,3.4649456183972,NA,NA,NA
"1976",2024-03-23 23:00:00,"historie",14.28,4.22810149475928,NA,NA,NA
"1977",2024-03-24,"historie",12.4,3.55133447592552,NA,NA,NA
"1978",2024-03-24 01:00:00,"historie",11.59,4.9903623498259,NA,NA,NA
"1979",2024-03-24 02:00:00,"historie",10.67,9.15441523083043,NA,NA,NA
"1980",2024-03-24 03:00:00,"historie",11.4,6.59579193995971,NA,NA,NA
"1981",2024-03-24 04:00:00,"historie",10.44,5.85880412656329,NA,NA,NA
"1982",2024-03-24 05:00:00,"historie",11.99,8.30382677731983,NA,NA,NA
"1983",2024-03-24 06:00:00,"historie",9.38,10.0891098800053,NA,NA,NA
"1984",2024-03-24 07:00:00,"historie",8.12,21.6915101043684,NA,NA,NA
"1985",2024-03-24 08:00:00,"historie",6.04,18.6215532940292,NA,NA,NA
"1986",2024-03-24 09:00:00,"historie",4.85,19.1956660354173,NA,NA,NA
"1987",2024-03-24 10:00:00,"historie",4.54,15.147059977912,NA,NA,NA
"1988",2024-03-24 11:00:00,"historie",4.74,13.9788010660226,NA,NA,NA
"1989",2024-03-24 12:00:00,"historie",10.32,11.4662705742128,NA,NA,NA
"1990",2024-03-24 13:00:00,"historie",10.65,12.7017811124026,NA,NA,NA
"1991",2024-03-24 14:00:00,"historie",10.94,10.8861981789833,NA,NA,NA
"1992",2024-03-24 15:00:00,"historie",7.55,12.3709363192182,NA,NA,NA
"1993",2024-03-24 16:00:00,"historie",6.77,11.8955401400476,NA,NA,NA
"1994",2024-03-24 17:00:00,"historie",8.76,14.363971871482,NA,NA,NA
"1995",2024-03-24 18:00:00,"historie",12.02,10.6549177867748,NA,NA,NA
"1996",2024-03-24 19:00:00,"historie",11.79,8.12602637821314,NA,NA,NA
"1997",2024-03-24 20:00:00,"historie",11.49,5.22505875792096,NA,NA,NA
"1998",2024-03-24 21:00:00,"historie",13.04,3.42463396898264,NA,NA,NA
"1999",2024-03-24 22:00:00,"historie",15.78,4.6542785597855,NA,NA,NA
"2000",2024-03-24 23:00:00,"historie",13.9,4.31847954286033,NA,NA,NA
"2001",2024-03-25,"historie",11.23,11.401486513516,NA,NA,NA
"2002",2024-03-25 01:00:00,"historie",7.8,11.9227581350788,NA,NA,NA
"2003",2024-03-25 02:00:00,"historie",13.46,10.6705228465425,NA,NA,NA
"2004",2024-03-25 03:00:00,"historie",11.97,8.12490005116956,NA,NA,NA
"2005",2024-03-25 04:00:00,"historie",8,8.1410660490543,NA,NA,NA
"2006",2024-03-25 05:00:00,"historie",7.16,12.7567764102437,NA,NA,NA
"2007",2024-03-25 06:00:00,"historie",9.66,15.1035399476748,NA,NA,NA
"2008",2024-03-25 07:00:00,"historie",9.87,12.1726966350297,NA,NA,NA
"2009",2024-03-25 08:00:00,"historie",22.07,12.1126635299879,NA,NA,NA
"2010",2024-03-25 09:00:00,"historie",9.3,13.776133369963,NA,NA,NA
"2011",2024-03-25 10:00:00,"historie",6.83,15.3063836649359,NA,NA,NA
"2012",2024-03-25 11:00:00,"historie",7.01,13.2388185815906,NA,NA,NA
"2013",2024-03-25 12:00:00,"historie",7.87,10.6139554862523,NA,NA,NA
"2014",2024-03-25 13:00:00,"historie",6.74,8.51764026618432,NA,NA,NA
"2015",2024-03-25 14:00:00,"historie",4.77,14.7819204372979,NA,NA,NA
"2016",2024-03-25 15:00:00,"historie",4.09,11.7141789221973,NA,NA,NA
"2017",2024-03-25 16:00:00,"historie",5.59,9.21051263707489,NA,NA,NA
"2018",2024-03-25 17:00:00,"historie",8.86,8.66622960498834,NA,NA,NA
"2019",2024-03-25 18:00:00,"historie",21.69,11.4680340888294,NA,NA,NA
"2020",2024-03-25 19:00:00,"historie",20.64,8.94131871867912,NA,NA,NA
"2021",2024-03-25 20:00:00,"historie",42.21,17.0214989454625,NA,NA,NA
"2022",2024-03-25 21:00:00,"historie",30.67,5.29964569665984,NA,NA,NA
"2023",2024-03-25 22:00:00,"historie",25.52,6.34874545099798,NA,NA,NA
"2024",2024-03-25 23:00:00,"historie",23.03,6.79235566848578,NA,NA,NA
"2025",2024-03-26,"historie",24.29,8.13248602361488,NA,NA,NA
"2026",2024-03-26 01:00:00,"historie",25.79,8.06070894058779,NA,NA,NA
"2027",2024-03-26 02:00:00,"historie",23.64,5.07704290185222,NA,NA,NA
"2028",2024-03-26 03:00:00,"historie",19.72,5.23504788683181,NA,NA,NA
"2029",2024-03-26 04:00:00,"historie",22.09,7.55227379789266,NA,NA,NA
"2030",2024-03-26 05:00:00,"historie",34.74,12.9008406928799,NA,NA,NA
"2031",2024-03-26 06:00:00,"historie",29.35,24.5412676461008,NA,NA,NA
"2032",2024-03-26 07:00:00,"historie",23.65,18.0548360351124,NA,NA,NA
"2033",2024-03-26 08:00:00,"historie",8.17,38.2533303451941,NA,NA,NA
"2034",2024-03-26 09:00:00,"historie",7.5,24.3614997594606,NA,NA,NA
"2035",2024-03-26 10:00:00,"historie",3.53,21.0114972148807,NA,NA,NA
"2036",2024-03-26 11:00:00,"historie",3.36,19.3825210536165,NA,NA,NA
"2037",2024-03-26 12:00:00,"historie",3.4,19.2138782584746,NA,NA,NA
"2038",2024-03-26 13:00:00,"historie",3.33,24.5703534910896,NA,NA,NA
"2039",2024-03-26 14:00:00,"historie",3.38,19.3629949578293,NA,NA,NA
"2040",2024-03-26 15:00:00,"historie",3.75,16.6129070699942,NA,NA,NA
"2041",2024-03-26 16:00:00,"historie",4.07,21.0467042380367,NA,NA,NA
"2042",2024-03-26 17:00:00,"historie",6.48,32.5136655367989,NA,NA,NA
"2043",2024-03-26 18:00:00,"historie",25.5,23.8709205495549,NA,NA,NA
"2044",2024-03-26 19:00:00,"historie",40.79,19.9569236058351,NA,NA,NA
"2045",2024-03-26 20:00:00,"historie",55.52,5.23698243231647,NA,NA,NA
"2046",2024-03-26 21:00:00,"historie",9.82,5.84306202569691,NA,NA,NA
"2047",2024-03-26 22:00:00,"historie",11.11,3.41520179742811,NA,NA,NA
"2048",2024-03-26 23:00:00,"historie",9.8,3.90968346341703,NA,NA,NA
"2049",2024-03-27,"historie",10.74,4.0529260534555,NA,NA,NA
"2050",2024-03-27 01:00:00,"historie",12.82,4.42570711127121,NA,NA,NA
"2051",2024-03-27 02:00:00,"historie",15.02,4.03073226274694,NA,NA,NA
"2052",2024-03-27 03:00:00,"historie",18.69,5.10827852050569,NA,NA,NA
"2053",2024-03-27 04:00:00,"historie",22.22,5.71267062857127,NA,NA,NA
"2054",2024-03-27 05:00:00,"historie",31.77,10.9973093795615,NA,NA,NA
"2055",2024-03-27 06:00:00,"historie",17.56,29.4784485295385,NA,NA,NA
"2056",2024-03-27 07:00:00,"historie",9.24,37.4236999968993,NA,NA,NA
"2057",2024-03-27 08:00:00,"historie",6.82,41.5882428576649,NA,NA,NA
"2058",2024-03-27 09:00:00,"historie",9.19,8.03517895654255,NA,NA,NA
"2059",2024-03-27 10:00:00,"historie",3.84,12.591549548152,NA,NA,NA
"2060",2024-03-27 11:00:00,"historie",3.99,10.1456035336457,NA,NA,NA
"2061",2024-03-27 12:00:00,"historie",4.54,11.0173396689533,NA,NA,NA
"2062",2024-03-27 13:00:00,"historie",3.87,14.2336246579249,NA,NA,NA
"2063",2024-03-27 14:00:00,"historie",4.61,14.3656538330012,NA,NA,NA
"2064",2024-03-27 15:00:00,"historie",3.67,17.9614393930398,NA,NA,NA
"2065",2024-03-27 16:00:00,"historie",7.84,22.8221893213884,NA,NA,NA
"2066",2024-03-27 17:00:00,"historie",18.14,29.1317935880185,NA,NA,NA
"2067",2024-03-27 18:00:00,"historie",23.49,14.9393398544236,NA,NA,NA
"2068",2024-03-27 19:00:00,"historie",24.18,7.70404454576683,NA,NA,NA
"2069",2024-03-27 20:00:00,"historie",24.51,5.77424008331823,NA,NA,NA
"2070",2024-03-27 21:00:00,"historie",24.26,6.57450804376899,NA,NA,NA
"2071",2024-03-27 22:00:00,"historie",24.34,3.53320624429773,NA,NA,NA
"2072",2024-03-27 23:00:00,"historie",19.69,4.4561626776678,NA,NA,NA
"2073",2024-03-28,"historie",12.43,5.02294923035062,NA,NA,NA
"2074",2024-03-28 01:00:00,"historie",10.85,4.68931915911157,NA,NA,NA
"2075",2024-03-28 02:00:00,"historie",9.07,5.27406322065998,NA,NA,NA
"2076",2024-03-28 03:00:00,"historie",13.27,4.49148172454311,NA,NA,NA
"2077",2024-03-28 04:00:00,"historie",9.24,10.9223979366419,NA,NA,NA
"2078",2024-03-28 05:00:00,"historie",8.1,27.6759284944599,NA,NA,NA
"2079",2024-03-28 06:00:00,"historie",8.38,23.6433208487184,NA,NA,NA
"2080",2024-03-28 07:00:00,"historie",7.67,24.9015031110685,NA,NA,NA
"2081",2024-03-28 08:00:00,"historie",5.82,17.1464564870487,NA,NA,NA
"2082",2024-03-28 09:00:00,"historie",3.91,23.2588675287153,NA,NA,NA
"2083",2024-03-28 10:00:00,"historie",2.76,20.0705529635882,NA,NA,NA
"2084",2024-03-28 11:00:00,"historie",2.3,17.4845969270986,NA,NA,NA
"2085",2024-03-28 12:00:00,"historie",2.46,11.3064810184079,NA,NA,NA
"2086",2024-03-28 13:00:00,"historie",3.25,12.1761863158543,NA,NA,NA
"2087",2024-03-28 14:00:00,"historie",7.71,9.61432540153904,NA,NA,NA
"2088",2024-03-28 15:00:00,"historie",13.47,14.6964341441567,NA,NA,NA
"2089",2024-03-28 16:00:00,"historie",16.39,10.7255002603208,NA,NA,NA
"2090",2024-03-28 17:00:00,"historie",14.74,8.82600830015284,NA,NA,NA
"2091",2024-03-28 18:00:00,"historie",19.66,8.89450737155358,NA,NA,NA
"2092",2024-03-28 19:00:00,"historie",21.7,7.25498888543195,NA,NA,NA
"2093",2024-03-28 20:00:00,"historie",19.18,5.40264727836799,NA,NA,NA
"2094",2024-03-28 21:00:00,"historie",20.2,2.86683695987041,NA,NA,NA
"2095",2024-03-28 22:00:00,"historie",16.62,3.17216523252562,NA,NA,NA
"2096",2024-03-28 23:00:00,"historie",15.05,2.75353414223843,NA,NA,NA
"2097",2024-03-29,"historie",15.05,3.04934862321231,NA,NA,NA
"2098",2024-03-29 01:00:00,"historie",17.69,4.44142517031002,NA,NA,NA
"2099",2024-03-29 02:00:00,"historie",15.44,8.24942705545213,NA,NA,NA
"2100",2024-03-29 03:00:00,"historie",14.21,14.9697618266744,NA,NA,NA
"2101",2024-03-29 04:00:00,"historie",15.47,18.0596473016192,NA,NA,NA
"2102",2024-03-29 05:00:00,"historie",21.9,19.0753808498089,NA,NA,NA
"2103",2024-03-29 06:00:00,"historie",17.59,21.1306874868901,NA,NA,NA
"2104",2024-03-29 07:00:00,"historie",19.39,22.4629917882265,NA,NA,NA
"2105",2024-03-29 08:00:00,"historie",14.31,15.4510003515983,NA,NA,NA
"2106",2024-03-29 09:00:00,"historie",10.26,20.3920725115981,NA,NA,NA
"2107",2024-03-29 10:00:00,"historie",6.6,14.4817914542068,NA,NA,NA
"2108",2024-03-29 11:00:00,"historie",3.83,13.8584476459548,NA,NA,NA
"2109",2024-03-29 12:00:00,"historie",4.86,13.9739600010789,NA,NA,NA
"2110",2024-03-29 13:00:00,"historie",8.72,17.483230062503,NA,NA,NA
"2111",2024-03-29 14:00:00,"historie",7.86,15.0429880581149,NA,NA,NA
"2112",2024-03-29 15:00:00,"historie",3.41,13.1494981918072,NA,NA,NA
"2113",2024-03-29 16:00:00,"historie",9.35,16.5587011159808,NA,NA,NA
"2114",2024-03-29 17:00:00,"historie",24.02,20.3540094870927,NA,NA,NA
"2115",2024-03-29 18:00:00,"historie",28.5,14.7012938183355,NA,NA,NA
"2116",2024-03-29 19:00:00,"historie",33.67,15.147110296473,NA,NA,NA
"2117",2024-03-29 20:00:00,"historie",48.62,10.0074890306511,NA,NA,NA
"2118",2024-03-29 21:00:00,"historie",40.68,6.30793357755819,NA,NA,NA
"2119",2024-03-29 22:00:00,"historie",52.01,5.78848519394864,NA,NA,NA
"2120",2024-03-29 23:00:00,"historie",39.8,3.7849842501559,NA,NA,NA
"2121",2024-03-30,"historie",32.29,5.49757830597111,NA,NA,NA
"2122",2024-03-30 01:00:00,"historie",28.37,10.7499482265171,NA,NA,NA
"2123",2024-03-30 02:00:00,"historie",23.15,7.5871588665016,NA,NA,NA
"2124",2024-03-30 03:00:00,"historie",18.67,4.16502698464303,NA,NA,NA
"2125",2024-03-30 04:00:00,"historie",19.26,13.4320825399238,NA,NA,NA
"2126",2024-03-30 05:00:00,"historie",24.86,31.849017999783,NA,NA,NA
"2127",2024-03-30 06:00:00,"historie",20.09,26.5488188610918,NA,NA,NA
"2128",2024-03-30 07:00:00,"historie",18.98,31.35491580425,NA,NA,NA
"2129",2024-03-30 08:00:00,"historie",16.52,35.5827203747929,NA,NA,NA
"2130",2024-03-30 09:00:00,"historie",5.64,31.7184056351782,NA,NA,NA
"2131",2024-03-30 10:00:00,"historie",2.62,38.5906760561766,NA,NA,NA
"2132",2024-03-30 11:00:00,"historie",2.34,28.501653392356,NA,NA,NA
"2133",2024-03-30 12:00:00,"historie",2.26,25.4580739818003,NA,NA,NA
"2134",2024-03-30 13:00:00,"historie",2.02,23.7418569011078,NA,NA,NA
"2135",2024-03-30 14:00:00,"historie",2.27,20.0626141158937,NA,NA,NA
"2136",2024-03-30 15:00:00,"historie",2.68,16.498716589606,NA,NA,NA
"2137",2024-03-30 16:00:00,"historie",4.04,20.4273293584153,NA,NA,NA
"2138",2024-03-30 17:00:00,"historie",26.44,21.60415935947,NA,NA,NA
"2139",2024-03-30 18:00:00,"historie",32.68,17.1357897486963,NA,NA,NA
"2140",2024-03-30 19:00:00,"historie",37.56,14.5121761594363,NA,NA,NA
"2141",2024-03-30 20:00:00,"historie",22.37,11.8425267786859,NA,NA,NA
"2142",2024-03-30 21:00:00,"historie",9.44,3.53961771746881,NA,NA,NA
"2143",2024-03-30 22:00:00,"historie",29.47,2.6447908569758,NA,NA,NA
"2144",2024-03-30 23:00:00,"historie",32.21,2.94776254019195,NA,NA,NA
"2145",2024-03-31,"historie",32.07,3.04943796544179,NA,NA,NA
"2146",2024-03-31 01:00:00,"historie",25.45,2.90205240930762,NA,NA,NA
"2147",2024-03-31 03:00:00,"historie",21.06,2.70447325290221,NA,NA,NA
"2148",2024-03-31 04:00:00,"historie",NA,4.55517178638832,NA,NA,NA
"2149",2024-03-31 05:00:00,"historie",19.34,6.6233701433905,NA,NA,NA
"2150",2024-03-31 06:00:00,"historie",28.19,40.6319720483685,NA,NA,NA
"2151",2024-03-31 07:00:00,"historie",26.8,29.183448419606,NA,NA,NA
"2152",2024-03-31 08:00:00,"historie",17.08,36.6385379385639,NA,NA,NA
"2153",2024-03-31 09:00:00,"historie",9.01,16.9045803349593,NA,NA,NA
"2154",2024-03-31 10:00:00,"historie",3.21,10.2395402031434,NA,NA,NA
"2155",2024-03-31 11:00:00,"historie",2.08,29.9965137930536,NA,NA,NA
"2156",2024-03-31 12:00:00,"historie",2.85,25.1628457690042,NA,NA,NA
"2157",2024-03-31 13:00:00,"historie",3.31,26.3456841752637,NA,NA,NA
"2158",2024-03-31 14:00:00,"historie",2.22,21.260675111121,NA,NA,NA
"2159",2024-03-31 15:00:00,"historie",2.56,18.3208203528213,NA,NA,NA
"2160",2024-03-31 16:00:00,"historie",3.67,17.284911560161,NA,NA,NA
"2161",2024-03-31 17:00:00,"historie",7.57,28.774415996523,NA,NA,NA
"2162",2024-03-31 18:00:00,"historie",7.19,20.9415727446395,NA,NA,NA
"2163",2024-03-31 19:00:00,"historie",41.19,14.7736555281503,NA,NA,NA
"2164",2024-03-31 20:00:00,"historie",61.56,7.67054602179945,NA,NA,NA
"2165",2024-03-31 21:00:00,"historie",52.75,2.64893264058654,NA,NA,NA
"2166",2024-03-31 22:00:00,"historie",37.74,1.83353362895594,NA,NA,NA
"2167",2024-03-31 23:00:00,"historie",38.16,3.23909297972483,NA,NA,NA
"2168",2024-04-01,"historie",25.72,3.56810099523503,NA,NA,NA
"2169",2024-04-01 01:00:00,"historie",23.65,2.49513802895543,NA,NA,NA
"2170",2024-04-01 02:00:00,"historie",20.14,3.51264864276426,NA,NA,NA
"2171",2024-04-01 03:00:00,"historie",20.08,4.18188896844729,NA,NA,NA
"2172",2024-04-01 04:00:00,"historie",20.46,10.9247963059997,NA,NA,NA
"2173",2024-04-01 05:00:00,"historie",25.86,11.770735476466,NA,NA,NA
"2174",2024-04-01 06:00:00,"historie",23.22,57.9540489489584,NA,NA,NA
"2175",2024-04-01 07:00:00,"historie",17.54,52.3230379331537,NA,NA,NA
"2176",2024-04-01 08:00:00,"historie",10.57,41.2372617117362,NA,NA,NA
"2177",2024-04-01 09:00:00,"historie",4.85,24.0666809958396,NA,NA,NA
"2178",2024-04-01 10:00:00,"historie",3.76,39.3262449512449,NA,NA,NA
"2179",2024-04-01 11:00:00,"historie",2.84,19.7677532002314,NA,NA,NA
"2180",2024-04-01 12:00:00,"historie",4.32,21.2395571979403,NA,NA,NA
"2181",2024-04-01 13:00:00,"historie",3.66,17.5396091187663,NA,NA,NA
"2182",2024-04-01 14:00:00,"historie",3.28,18.5181889860713,NA,NA,NA
"2183",2024-04-01 15:00:00,"historie",3.87,18.6086403960445,NA,NA,NA
"2184",2024-04-01 16:00:00,"historie",7.2,24.3144051854237,NA,NA,NA
"2185",2024-04-01 17:00:00,"historie",14.54,21.8681471553741,NA,NA,NA
"2186",2024-04-01 18:00:00,"historie",7.24,14.401425494164,NA,NA,NA
"2187",2024-04-01 19:00:00,"historie",8.93,9.35038503277558,NA,NA,NA
"2188",2024-04-01 20:00:00,"historie",11.55,4.06709562960684,NA,NA,NA
"2189",2024-04-01 21:00:00,"historie",14.51,3.45683419885292,NA,NA,NA
"2190",2024-04-01 22:00:00,"historie",8.05,2.54148124259233,NA,NA,NA
"2191",2024-04-01 23:00:00,"historie",8.62,4.62139399160541,NA,NA,NA
"2192",2024-04-02,"historie",5.4,3.41587345268814,NA,NA,NA
"2193",2024-04-02 01:00:00,"historie",6.31,3.6678733788654,NA,NA,NA
"2194",2024-04-02 02:00:00,"historie",9.9,4.82669381836618,NA,NA,NA
"2195",2024-04-02 03:00:00,"historie",13.99,8.09429939797272,NA,NA,NA
"2196",2024-04-02 04:00:00,"historie",16.5,16.5546010046475,NA,NA,NA
"2197",2024-04-02 05:00:00,"historie",16.76,11.960821976876,NA,NA,NA
"2198",2024-04-02 06:00:00,"historie",18.54,13.962443091649,NA,NA,NA
"2199",2024-04-02 07:00:00,"historie",12.33,14.6786717737723,NA,NA,NA
"2200",2024-04-02 08:00:00,"historie",4.96,16.2153056462864,NA,NA,NA
"2201",2024-04-02 09:00:00,"historie",4.26,7.58652804659058,NA,NA,NA
"2202",2024-04-02 10:00:00,"historie",3.05,11.4722391536186,NA,NA,NA
"2203",2024-04-02 11:00:00,"historie",2.9,5.98105889835921,NA,NA,NA
"2204",2024-04-02 12:00:00,"historie",2.49,7.9075275970687,NA,NA,NA
"2205",2024-04-02 13:00:00,"historie",3.96,11.4434825362871,NA,NA,NA
"2206",2024-04-02 14:00:00,"historie",5.96,14.7904467352168,NA,NA,NA
"2207",2024-04-02 15:00:00,"historie",9.18,16.7976734110962,NA,NA,NA
"2208",2024-04-02 16:00:00,"historie",4.97,16.2091910556089,NA,NA,NA
"2209",2024-04-02 17:00:00,"historie",4.42,18.558677914879,NA,NA,NA
"2210",2024-04-02 18:00:00,"historie",6.05,10.1904332216084,NA,NA,NA
"2211",2024-04-02 19:00:00,"historie",15.42,4.50312902226138,NA,NA,NA
"2212",2024-04-02 20:00:00,"historie",18.32,4.28826717767662,NA,NA,NA
"2213",2024-04-02 21:00:00,"historie",24.94,2.78649183205461,NA,NA,NA
"2214",2024-04-02 22:00:00,"historie",26.2,2.94287936305474,NA,NA,NA
"2215",2024-04-02 23:00:00,"historie",20.32,2.61616342709703,NA,NA,NA
"2216",2024-04-03,"historie",16.77,4.24549413258245,NA,NA,NA
"2217",2024-04-03 01:00:00,"historie",13.86,6.22167392441364,NA,NA,NA
"2218",2024-04-03 02:00:00,"historie",11.09,10.2555845773073,NA,NA,NA
"2219",2024-04-03 03:00:00,"historie",11.84,5.16216569748034,NA,NA,NA
"2220",2024-04-03 04:00:00,"historie",11.65,5.34815671613352,NA,NA,NA
"2221",2024-04-03 05:00:00,"historie",12.27,11.4207364563949,NA,NA,NA
"2222",2024-04-03 06:00:00,"historie",14.15,22.1225409706458,NA,NA,NA
"2223",2024-04-03 07:00:00,"historie",12.17,20.0274836806322,NA,NA,NA
"2224",2024-04-03 08:00:00,"historie",5.75,22.6339177714797,NA,NA,NA
"2225",2024-04-03 09:00:00,"historie",6.36,21.1474747382661,NA,NA,NA
"2226",2024-04-03 10:00:00,"historie",5.52,18.3290764788889,NA,NA,NA
"2227",2024-04-03 11:00:00,"historie",4.67,15.3569470951772,NA,NA,NA
"2228",2024-04-03 12:00:00,"historie",4.45,13.859011880456,NA,NA,NA
"2229",2024-04-03 13:00:00,"historie",9.42,11.5439779635914,NA,NA,NA
"2230",2024-04-03 14:00:00,"historie",12.66,12.8074747971108,NA,NA,NA
"2231",2024-04-03 15:00:00,"historie",10.05,12.3238343864403,NA,NA,NA
"2232",2024-04-03 16:00:00,"historie",5.66,13.1429829284451,NA,NA,NA
"2233",2024-04-03 17:00:00,"historie",8.23,14.2557754912893,NA,NA,NA
"2234",2024-04-03 18:00:00,"historie",6.59,9.57593817348901,NA,NA,NA
"2235",2024-04-03 19:00:00,"historie",9.89,5.22835835569024,NA,NA,NA
"2236",2024-04-03 20:00:00,"historie",12.48,5.83789132101451,NA,NA,NA
"2237",2024-04-03 21:00:00,"historie",22.7,4.61990160827025,NA,NA,NA
"2238",2024-04-03 22:00:00,"historie",25.03,3.99542845612906,NA,NA,NA
"2239",2024-04-03 23:00:00,"historie",14.13,4.53447959933742,NA,NA,NA
"2240",2024-04-04,"historie",12.78,9.18516078782893,NA,NA,NA
"2241",2024-04-04 01:00:00,"historie",12.29,11.4041464269831,NA,NA,NA
"2242",2024-04-04 02:00:00,"historie",12.27,8.63057951198959,NA,NA,NA
"2243",2024-04-04 03:00:00,"historie",12.39,5.61390466818909,NA,NA,NA
"2244",2024-04-04 04:00:00,"historie",18.55,9.77162855175401,NA,NA,NA
"2245",2024-04-04 05:00:00,"historie",18.9,11.2412850561278,NA,NA,NA
"2246",2024-04-04 06:00:00,"historie",31.98,14.193511432886,NA,NA,NA
"2247",2024-04-04 07:00:00,"historie",24.6,15.7224554053332,NA,NA,NA
"2248",2024-04-04 08:00:00,"historie",4.43,23.0850892589093,NA,NA,NA
"2249",2024-04-04 09:00:00,"historie",3.74,20.1922226617266,NA,NA,NA
"2250",2024-04-04 10:00:00,"historie",3.62,13.225605473029,NA,NA,NA
"2251",2024-04-04 11:00:00,"historie",3.9,12.6013465619478,NA,NA,NA
"2252",2024-04-04 12:00:00,"historie",4.95,12.3368713451585,NA,NA,NA
"2253",2024-04-04 13:00:00,"historie",9.86,12.8507601798487,NA,NA,NA
"2254",2024-04-04 14:00:00,"historie",12.99,12.7531036193993,NA,NA,NA
"2255",2024-04-04 15:00:00,"historie",5.72,19.0146410759738,NA,NA,NA
"2256",2024-04-04 16:00:00,"historie",4.15,17.9248986851665,NA,NA,NA
"2257",2024-04-04 17:00:00,"historie",4.94,28.3970607233513,NA,NA,NA
"2258",2024-04-04 18:00:00,"historie",10.88,15.1113843062416,NA,NA,NA
"2259",2024-04-04 19:00:00,"historie",31.31,3.75441556383469,NA,NA,NA
"2260",2024-04-04 20:00:00,"historie",17.57,3.88338694649614,NA,NA,NA
"2261",2024-04-04 21:00:00,"historie",10.79,3.44882408869549,NA,NA,NA
"2262",2024-04-04 22:00:00,"historie",12.14,3.73182214770865,NA,NA,NA
"2263",2024-04-04 23:00:00,"historie",11.79,5.68483216225522,NA,NA,NA
"2264",2024-04-05,"historie",10,9.70131708286333,NA,NA,NA
"2265",2024-04-05 01:00:00,"historie",9.89,11.2513509160881,NA,NA,NA
"2266",2024-04-05 02:00:00,"historie",11.43,4.82068545799023,NA,NA,NA
"2267",2024-04-05 03:00:00,"historie",13.73,5.03073073888976,NA,NA,NA
"2268",2024-04-05 04:00:00,"historie",14.54,5.84695301236275,NA,NA,NA
"2269",2024-04-05 05:00:00,"historie",22.93,19.1078152001272,NA,NA,NA
"2270",2024-04-05 06:00:00,"historie",32.06,36.1919804777364,NA,NA,NA
"2271",2024-04-05 07:00:00,"historie",19.72,18.0985785337955,NA,NA,NA
"2272",2024-04-05 08:00:00,"historie",14.76,11.2007389738449,NA,NA,NA
"2273",2024-04-05 09:00:00,"historie",21.61,11.450633468573,NA,NA,NA
"2274",2024-04-05 10:00:00,"historie",12.73,12.5188399433368,NA,NA,NA
"2275",2024-04-05 11:00:00,"historie",5.66,10.0961231268002,NA,NA,NA
"2276",2024-04-05 12:00:00,"historie",2.7,10.6235915670069,NA,NA,NA
"2277",2024-04-05 13:00:00,"historie",2.2,12.3431111808794,NA,NA,NA
"2278",2024-04-05 14:00:00,"historie",2.16,15.0052586440684,NA,NA,NA
"2279",2024-04-05 15:00:00,"historie",2.36,14.6625652896009,NA,NA,NA
"2280",2024-04-05 16:00:00,"historie",3.58,24.7875631957225,NA,NA,NA
"2281",2024-04-05 17:00:00,"historie",8.83,26.3830656762752,NA,NA,NA
"2282",2024-04-05 18:00:00,"historie",11.23,10.5582844067949,NA,NA,NA
"2283",2024-04-05 19:00:00,"historie",23.7,12.2583718972378,NA,NA,NA
"2284",2024-04-05 20:00:00,"historie",22.39,15.5480880315617,NA,NA,NA
"2285",2024-04-05 21:00:00,"historie",14.72,8.46066831190561,NA,NA,NA
"2286",2024-04-05 22:00:00,"historie",5.1,4.55444781553169,NA,NA,NA
"2287",2024-04-05 23:00:00,"historie",4.47,3.27198152239268,NA,NA,NA
"2288",2024-04-06,"historie",4.7,2.78637883835845,NA,NA,NA
"2289",2024-04-06 01:00:00,"historie",5.62,2.50005417212555,NA,NA,NA
"2290",2024-04-06 02:00:00,"historie",5.71,2.86552716350162,NA,NA,NA
"2291",2024-04-06 03:00:00,"historie",6.93,4.82449528992067,NA,NA,NA
"2292",2024-04-06 04:00:00,"historie",8.85,11.3232829961181,NA,NA,NA
"2293",2024-04-06 05:00:00,"historie",16.82,18.3482757435046,NA,NA,NA
"2294",2024-04-06 06:00:00,"historie",12.71,25.3733608787576,NA,NA,NA
"2295",2024-04-06 07:00:00,"historie",14.3,21.8001891727916,NA,NA,NA
"2296",2024-04-06 08:00:00,"historie",20.17,14.1755218253253,NA,NA,NA
"2297",2024-04-06 09:00:00,"historie",8.56,4.86137619232968,NA,NA,NA
"2298",2024-04-06 10:00:00,"historie",3.32,5.90545185081734,NA,NA,NA
"2299",2024-04-06 11:00:00,"historie",1.28,5.81331103663239,NA,NA,NA
"2300",2024-04-06 12:00:00,"historie",1.36,7.13419337301043,NA,NA,NA
"2301",2024-04-06 13:00:00,"historie",1.3,7.13112019847849,NA,NA,NA
"2302",2024-04-06 14:00:00,"historie",1.52,8.75187158586557,NA,NA,NA
"2303",2024-04-06 15:00:00,"historie",1.57,11.0193710460373,NA,NA,NA
"2304",2024-04-06 16:00:00,"historie",2.31,20.2837762448064,NA,NA,NA
"2305",2024-04-06 17:00:00,"historie",2.47,11.0452014777998,NA,NA,NA
"2306",2024-04-06 18:00:00,"historie",4.87,10.4972755343228,NA,NA,NA
"2307",2024-04-06 19:00:00,"historie",26.07,18.4600332537868,NA,NA,NA
"2308",2024-04-06 20:00:00,"historie",37.28,5.86068295400287,NA,NA,NA
"2309",2024-04-06 21:00:00,"historie",48.89,2.78833564742605,NA,NA,NA
"2310",2024-04-06 22:00:00,"historie",41.55,1.30884228253944,NA,NA,NA
"2311",2024-04-06 23:00:00,"historie",40.4,2.0649053625143,NA,NA,NA
"2312",2024-04-07,"historie",32.29,1.75923892356163,NA,NA,NA
"2313",2024-04-07 01:00:00,"historie",32.42,2.00495054151393,NA,NA,NA
"2314",2024-04-07 02:00:00,"historie",22.79,2.13936138398704,NA,NA,NA
"2315",2024-04-07 03:00:00,"historie",20.47,3.74919008516385,NA,NA,NA
"2316",2024-04-07 04:00:00,"historie",17,3.55149160743005,NA,NA,NA
"2317",2024-04-07 05:00:00,"historie",19.09,10.8207544768463,NA,NA,NA
"2318",2024-04-07 06:00:00,"historie",17.29,31.4623398190189,NA,NA,NA
"2319",2024-04-07 07:00:00,"historie",16.06,32.060445755019,NA,NA,NA
"2320",2024-04-07 08:00:00,"historie",9.49,34.1407125928147,NA,NA,NA
"2321",2024-04-07 09:00:00,"historie",6.93,27.6908279506996,NA,NA,NA
"2322",2024-04-07 10:00:00,"historie",4.29,30.8606572770937,NA,NA,NA
"2323",2024-04-07 11:00:00,"historie",2.56,24.3575323406164,NA,NA,NA
"2324",2024-04-07 12:00:00,"historie",1.16,25.9270312644442,NA,NA,NA
"2325",2024-04-07 13:00:00,"historie",1.06,19.2553158902495,NA,NA,NA
"2326",2024-04-07 14:00:00,"historie",1.75,19.3354602609597,NA,NA,NA
"2327",2024-04-07 15:00:00,"historie",2.44,17.7682813499709,NA,NA,NA
"2328",2024-04-07 16:00:00,"historie",1.67,18.9165284011818,NA,NA,NA
"2329",2024-04-07 17:00:00,"historie",4.76,15.4603457463411,NA,NA,NA
"2330",2024-04-07 18:00:00,"historie",18.76,12.0850899962934,NA,NA,NA
"2331",2024-04-07 19:00:00,"historie",29.77,7.77826651060753,NA,NA,NA
"2332",2024-04-07 20:00:00,"historie",37.3,5.29390780973215,NA,NA,NA
"2333",2024-04-07 21:00:00,"historie",47.19,3.26067858150824,NA,NA,NA
"2334",2024-04-07 22:00:00,"historie",42.59,2.46617887527155,NA,NA,NA
"2335",2024-04-07 23:00:00,"historie",28.94,1.4579694765761,NA,NA,NA
"2336",2024-04-08,"historie",24.52,1.53296079120489,NA,NA,NA
"2337",2024-04-08 01:00:00,"historie",23.07,2.28597400889024,NA,NA,NA
"2338",2024-04-08 02:00:00,"historie",23.18,3.13921532916994,NA,NA,NA
"2339",2024-04-08 03:00:00,"historie",19.47,2.29806542172538,NA,NA,NA
"2340",2024-04-08 04:00:00,"historie",18.03,7.57656123275886,NA,NA,NA
"2341",2024-04-08 05:00:00,"historie",26.52,36.506580405362,NA,NA,NA
"2342",2024-04-08 06:00:00,"historie",30.13,28.2260960817252,NA,NA,NA
"2343",2024-04-08 07:00:00,"historie",23.15,35.6393459798706,NA,NA,NA
"2344",2024-04-08 08:00:00,"historie",23.09,35.0712754269579,NA,NA,NA
"2345",2024-04-08 09:00:00,"historie",13.84,30.5036744691626,NA,NA,NA
"2346",2024-04-08 10:00:00,"historie",4.84,22.6326129799008,NA,NA,NA
"2347",2024-04-08 11:00:00,"historie",2.75,21.1536397136348,NA,NA,NA
"2348",2024-04-08 12:00:00,"historie",1.85,19.3524579027409,NA,NA,NA
"2349",2024-04-08 13:00:00,"historie",1.93,21.053207594416,NA,NA,NA
"2350",2024-04-08 14:00:00,"historie",1.25,17.6698933335599,NA,NA,NA
"2351",2024-04-08 15:00:00,"historie",1.88,18.8704071163842,NA,NA,NA
"2352",2024-04-08 16:00:00,"historie",3.18,25.3439639204428,NA,NA,NA
"2353",2024-04-08 17:00:00,"historie",6.1,24.3245049340369,NA,NA,NA
"2354",2024-04-08 18:00:00,"historie",22.18,14.5534194857194,NA,NA,NA
"2355",2024-04-08 19:00:00,"historie",53.99,17.2913467845304,NA,NA,NA
"2356",2024-04-08 20:00:00,"historie",53.25,8.47870214737496,NA,NA,NA
"2357",2024-04-08 21:00:00,"historie",45.21,3.28701011338953,NA,NA,NA
"2358",2024-04-08 22:00:00,"historie",43.77,2.37327856032471,NA,NA,NA
"2359",2024-04-08 23:00:00,"historie",31.99,2.1722470589439,NA,NA,NA
"2360",2024-04-09,"historie",29.74,2.51961136882609,NA,NA,NA
"2361",2024-04-09 01:00:00,"historie",22.01,1.52006925082162,NA,NA,NA
"2362",2024-04-09 02:00:00,"historie",18.7,2.45113753481008,NA,NA,NA
"2363",2024-04-09 03:00:00,"historie",15.34,4.93714929970296,NA,NA,NA
"2364",2024-04-09 04:00:00,"historie",17.26,9.28739461707167,NA,NA,NA
"2365",2024-04-09 05:00:00,"historie",23.99,38.493962605039,NA,NA,NA
"2366",2024-04-09 06:00:00,"historie",20.95,49.601004496756,NA,NA,NA
"2367",2024-04-09 07:00:00,"historie",13.47,45.1031193813315,NA,NA,NA
"2368",2024-04-09 08:00:00,"historie",4.14,32.8617320787911,NA,NA,NA
"2369",2024-04-09 09:00:00,"historie",3.14,31.3620053206828,NA,NA,NA
"2370",2024-04-09 10:00:00,"historie",2.7,24.8691835724469,NA,NA,NA
"2371",2024-04-09 11:00:00,"historie",1.31,24.9603301645131,NA,NA,NA
"2372",2024-04-09 12:00:00,"historie",1.59,18.3890477583511,NA,NA,NA
"2373",2024-04-09 13:00:00,"historie",2.09,17.2151994661406,NA,NA,NA
"2374",2024-04-09 14:00:00,"historie",2.52,14.7797955700038,NA,NA,NA
"2375",2024-04-09 15:00:00,"historie",4.19,19.6995015895552,NA,NA,NA
"2376",2024-04-09 16:00:00,"historie",4.17,23.6207975114557,NA,NA,NA
"2377",2024-04-09 17:00:00,"historie",3.36,17.4075731484274,NA,NA,NA
"2378",2024-04-09 18:00:00,"historie",6.29,10.2044105130237,NA,NA,NA
"2379",2024-04-09 19:00:00,"historie",27.67,3.6460431937351,NA,NA,NA
"2380",2024-04-09 20:00:00,"historie",23.3,2.7741960920002,NA,NA,NA
"2381",2024-04-09 21:00:00,"historie",13.72,2.40495773812199,NA,NA,NA
"2382",2024-04-09 22:00:00,"historie",17.36,1.26226688196564,NA,NA,NA
"2383",2024-04-09 23:00:00,"historie",32.5,2.17632184928495,NA,NA,NA
"2384",2024-04-10,"historie",29.06,2.43429791028886,NA,NA,NA
"2385",2024-04-10 01:00:00,"historie",20.24,3.00442449763581,NA,NA,NA
"2386",2024-04-10 02:00:00,"historie",21.14,4.80039509902235,NA,NA,NA
"2387",2024-04-10 03:00:00,"historie",20.83,5.5289443260432,NA,NA,NA
"2388",2024-04-10 04:00:00,"historie",18.6,5.60738372896411,NA,NA,NA
"2389",2024-04-10 05:00:00,"historie",18.5,13.8289648604268,NA,NA,NA
"2390",2024-04-10 06:00:00,"historie",14.79,33.4718190745245,NA,NA,NA
"2391",2024-04-10 07:00:00,"historie",17.56,22.12973355932,NA,NA,NA
"2392",2024-04-10 08:00:00,"historie",13.83,12.9232707022466,NA,NA,NA
"2393",2024-04-10 09:00:00,"historie",12.17,16.447889695357,NA,NA,NA
"2394",2024-04-10 10:00:00,"historie",7.15,30.0908066137081,NA,NA,NA
"2395",2024-04-10 11:00:00,"historie",3.36,22.9159786593639,NA,NA,NA
"2396",2024-04-10 12:00:00,"historie",2.94,17.1461816815186,NA,NA,NA
"2397",2024-04-10 13:00:00,"historie",3.09,19.3071445516933,NA,NA,NA
"2398",2024-04-10 14:00:00,"historie",2.15,19.5534013742404,NA,NA,NA
"2399",2024-04-10 15:00:00,"historie",3.07,20.0952248337878,NA,NA,NA
"2400",2024-04-10 16:00:00,"historie",4.48,17.8732732798462,NA,NA,NA
"2401",2024-04-10 17:00:00,"historie",6.11,12.743235314756,NA,NA,NA
"2402",2024-04-10 18:00:00,"historie",10.07,12.06251826245,NA,NA,NA
"2403",2024-04-10 19:00:00,"historie",20.14,10.5276769848179,NA,NA,NA
"2404",2024-04-10 20:00:00,"historie",25.82,8.04448459219054,NA,NA,NA
"2405",2024-04-10 21:00:00,"historie",28.91,4.43018757483793,NA,NA,NA
"2406",2024-04-10 22:00:00,"historie",23.84,2.78893696921285,NA,NA,NA
"2407",2024-04-10 23:00:00,"historie",21,3.2942231810213,NA,NA,NA
"2408",2024-04-11,"historie",17.6,3.31603516746394,NA,NA,NA
"2409",2024-04-11 01:00:00,"historie",14.22,2.53217772222358,NA,NA,NA
"2410",2024-04-11 02:00:00,"historie",12.05,3.64735158589397,NA,NA,NA
"2411",2024-04-11 03:00:00,"historie",11.03,5.70999403563227,NA,NA,NA
"2412",2024-04-11 04:00:00,"historie",10.41,9.33785963000444,NA,NA,NA
"2413",2024-04-11 05:00:00,"historie",11.93,20.4518946970622,NA,NA,NA
"2414",2024-04-11 06:00:00,"historie",16,21.5233623686671,NA,NA,NA
"2415",2024-04-11 07:00:00,"historie",17.52,24.5965770810834,NA,NA,NA
"2416",2024-04-11 08:00:00,"historie",12.73,25.9792225971446,NA,NA,NA
"2417",2024-04-11 09:00:00,"historie",17.72,21.1165526903547,NA,NA,NA
"2418",2024-04-11 10:00:00,"historie",8.52,18.9453446839284,NA,NA,NA
"2419",2024-04-11 11:00:00,"historie",1.47,15.5614539779934,NA,NA,NA
"2420",2024-04-11 12:00:00,"historie",1.62,13.7775022517242,NA,NA,NA
"2421",2024-04-11 13:00:00,"historie",2.34,12.1643932274031,NA,NA,NA
"2422",2024-04-11 14:00:00,"historie",2.46,11.7515869129199,NA,NA,NA
"2423",2024-04-11 15:00:00,"historie",3.09,12.6254426104843,NA,NA,NA
"2424",2024-04-11 16:00:00,"historie",3.19,12.6679997618358,NA,NA,NA
"2425",2024-04-11 17:00:00,"historie",3.92,15.6411792683942,NA,NA,NA
"2426",2024-04-11 18:00:00,"historie",10.35,12.338709218166,NA,NA,NA
"2427",2024-04-11 19:00:00,"historie",52.65,10.1243026080647,NA,NA,NA
"2428",2024-04-11 20:00:00,"historie",46.41,11.640514442609,NA,NA,NA
"2429",2024-04-11 21:00:00,"historie",30.83,4.77311071416707,NA,NA,NA
"2430",2024-04-11 22:00:00,"historie",25.18,1.26290421201025,NA,NA,NA
"2431",2024-04-11 23:00:00,"historie",27,2.24827840479921,NA,NA,NA
"2432",2024-04-12,"historie",18.03,2.61529135530853,NA,NA,NA
"2433",2024-04-12 01:00:00,"historie",16.66,3.05009260561076,NA,NA,NA
"2434",2024-04-12 02:00:00,"historie",15.4,3.65772015777875,NA,NA,NA
"2435",2024-04-12 03:00:00,"historie",14.76,4.25407528401001,NA,NA,NA
"2436",2024-04-12 04:00:00,"historie",15.97,6.53940630203758,NA,NA,NA
"2437",2024-04-12 05:00:00,"historie",17.13,21.6090796423833,NA,NA,NA
"2438",2024-04-12 06:00:00,"historie",25.3,54.163751350511,NA,NA,NA
"2439",2024-04-12 07:00:00,"historie",19.55,36.170133098459,NA,NA,NA
"2440",2024-04-12 08:00:00,"historie",12.38,24.7985737584926,NA,NA,NA
"2441",2024-04-12 09:00:00,"historie",27.68,21.770621609125,NA,NA,NA
"2442",2024-04-12 10:00:00,"historie",17.34,23.4535674171455,NA,NA,NA
"2443",2024-04-12 11:00:00,"historie",1.28,14.957011447051,NA,NA,NA
"2444",2024-04-12 12:00:00,"historie",1.15,15.6538303545013,NA,NA,NA
"2445",2024-04-12 13:00:00,"historie",2.11,14.5170463987249,NA,NA,NA
"2446",2024-04-12 14:00:00,"historie",2.34,14.5088658831844,NA,NA,NA
"2447",2024-04-12 15:00:00,"historie",2.14,17.7103325405915,NA,NA,NA
"2448",2024-04-12 16:00:00,"historie",1.98,17.0922940964911,NA,NA,NA
"2449",2024-04-12 17:00:00,"historie",3.41,22.826295176005,NA,NA,NA
"2450",2024-04-12 18:00:00,"historie",14.54,12.6478267312525,NA,NA,NA
"2451",2024-04-12 19:00:00,"historie",48.84,10.6677340376037,NA,NA,NA
"2452",2024-04-12 20:00:00,"historie",59.85,17.3653918423108,NA,NA,NA
"2453",2024-04-12 21:00:00,"historie",48.23,7.28422341067916,NA,NA,NA
"2454",2024-04-12 22:00:00,"historie",57.78,1.01377894294511,NA,NA,NA
"2455",2024-04-12 23:00:00,"historie",44.54,1.74964798641395,NA,NA,NA
"2456",2024-04-13,"historie",35.83,2.55080577449178,NA,NA,NA
"2457",2024-04-13 01:00:00,"historie",36.26,2.91497261076863,NA,NA,NA
"2458",2024-04-13 02:00:00,"historie",24.35,2.53130038485295,NA,NA,NA
"2459",2024-04-13 03:00:00,"historie",24.19,2.86723701454535,NA,NA,NA
"2460",2024-04-13 04:00:00,"historie",20.29,6.58887271104645,NA,NA,NA
"2461",2024-04-13 05:00:00,"historie",16.75,33.6705581327604,NA,NA,NA
"2462",2024-04-13 06:00:00,"historie",13.64,45.043281591451,NA,NA,NA
"2463",2024-04-13 07:00:00,"historie",8.56,46.075299263406,NA,NA,NA
"2464",2024-04-13 08:00:00,"historie",7.17,35.6729407618532,NA,NA,NA
"2465",2024-04-13 09:00:00,"historie",6.03,45.4023401432127,NA,NA,NA
"2466",2024-04-13 10:00:00,"historie",5.72,30.7816736202626,NA,NA,NA
"2467",2024-04-13 11:00:00,"historie",2.05,27.2306587330432,NA,NA,NA
"2468",2024-04-13 12:00:00,"historie",1.86,28.6253577253064,NA,NA,NA
"2469",2024-04-13 13:00:00,"historie",1.52,19.5631263328264,NA,NA,NA
"2470",2024-04-13 14:00:00,"historie",1.87,22.0101927702082,NA,NA,NA
"2471",2024-04-13 15:00:00,"historie",2.36,20.0315246568464,NA,NA,NA
"2472",2024-04-13 16:00:00,"historie",3.1,16.9931611402174,NA,NA,NA
"2473",2024-04-13 17:00:00,"historie",3.6,12.4587039741456,NA,NA,NA
"2474",2024-04-13 18:00:00,"historie",4.72,6.61537728033144,NA,NA,NA
"2475",2024-04-13 19:00:00,"historie",17.23,8.3748787298492,NA,NA,NA
"2476",2024-04-13 20:00:00,"historie",31.09,4.55604197111543,NA,NA,NA
"2477",2024-04-13 21:00:00,"historie",25.21,2.85757064897683,NA,NA,NA
"2478",2024-04-13 22:00:00,"historie",23.48,1.92034545529207,NA,NA,NA
"2479",2024-04-13 23:00:00,"historie",24.56,2.46469559360184,NA,NA,NA
"2480",2024-04-14,"historie",17.55,1.72865830091243,NA,NA,NA
"2481",2024-04-14 01:00:00,"historie",14.08,2.4549687409979,NA,NA,NA
"2482",2024-04-14 02:00:00,"historie",14.95,2.76730738962146,NA,NA,NA
"2483",2024-04-14 03:00:00,"historie",16.38,4.36429427976846,NA,NA,NA
"2484",2024-04-14 04:00:00,"historie",17.49,6.90246898686891,NA,NA,NA
"2485",2024-04-14 05:00:00,"historie",11.42,11.648364636774,NA,NA,NA
"2486",2024-04-14 06:00:00,"historie",7.83,22.4006922153866,NA,NA,NA
"2487",2024-04-14 07:00:00,"historie",5.91,29.6510539601753,NA,NA,NA
"2488",2024-04-14 08:00:00,"historie",6.38,22.9655404308341,NA,NA,NA
"2489",2024-04-14 09:00:00,"historie",4.49,21.4726225722397,NA,NA,NA
"2490",2024-04-14 10:00:00,"historie",3.14,21.4490517919257,NA,NA,NA
"2491",2024-04-14 11:00:00,"historie",1.66,15.7574314089541,NA,NA,NA
"2492",2024-04-14 12:00:00,"historie",1.67,13.0347916750323,NA,NA,NA
"2493",2024-04-14 13:00:00,"historie",3.83,15.1578876819217,NA,NA,NA
"2494",2024-04-14 14:00:00,"historie",2.77,15.9488446822747,NA,NA,NA
"2495",2024-04-14 15:00:00,"historie",3.91,18.0700828117458,NA,NA,NA
"2496",2024-04-14 16:00:00,"historie",5.17,11.3771120032362,NA,NA,NA
"2497",2024-04-14 17:00:00,"historie",15.08,7.55793580005772,NA,NA,NA
"2498",2024-04-14 18:00:00,"historie",9.93,5.26475707544299,NA,NA,NA
"2499",2024-04-14 19:00:00,"historie",13.63,7.27239412619422,NA,NA,NA
"2500",2024-04-14 20:00:00,"historie",15.84,3.65544970342096,NA,NA,NA
"2501",2024-04-14 21:00:00,"historie",25.42,1.79117570585642,NA,NA,NA
"2502",2024-04-14 22:00:00,"historie",26.21,1.7668805885131,NA,NA,NA
"2503",2024-04-14 23:00:00,"historie",17.07,2.09964779424928,NA,NA,NA
"2504",2024-04-15,"historie",6.56,4.33093631230512,NA,NA,NA
"2505",2024-04-15 01:00:00,"historie",4.97,2.90461796420844,NA,NA,NA
"2506",2024-04-15 02:00:00,"historie",8.75,4.421389835907,NA,NA,NA
"2507",2024-04-15 03:00:00,"historie",13.32,6.1348490788376,NA,NA,NA
"2508",2024-04-15 04:00:00,"historie",9.79,22.1660866520028,NA,NA,NA
"2509",2024-04-15 05:00:00,"historie",11.78,17.8333959048424,NA,NA,NA
"2510",2024-04-15 06:00:00,"historie",8.67,16.8549415388612,NA,NA,NA
"2511",2024-04-15 07:00:00,"historie",15.81,16.3269028564792,NA,NA,NA
"2512",2024-04-15 08:00:00,"historie",10.19,25.9723903087671,NA,NA,NA
"2513",2024-04-15 09:00:00,"historie",10.51,23.4941986242736,NA,NA,NA
"2514",2024-04-15 10:00:00,"historie",11.66,14.3964323080093,NA,NA,NA
"2515",2024-04-15 11:00:00,"historie",7.89,6.54009941634901,NA,NA,NA
"2516",2024-04-15 12:00:00,"historie",4.94,6.06840250640027,NA,NA,NA
"2517",2024-04-15 13:00:00,"historie",3.48,10.9829425852242,NA,NA,NA
"2518",2024-04-15 14:00:00,"historie",4.62,14.3377279143328,NA,NA,NA
"2519",2024-04-15 15:00:00,"historie",3.48,9.99248098576105,NA,NA,NA
"2520",2024-04-15 16:00:00,"historie",2.43,12.5391242436403,NA,NA,NA
"2521",2024-04-15 17:00:00,"historie",3.46,7.84137596897573,NA,NA,NA
"2522",2024-04-15 18:00:00,"historie",7.58,13.646838429289,NA,NA,NA
"2523",2024-04-15 19:00:00,"historie",10.73,8.56595999595944,NA,NA,NA
"2524",2024-04-15 20:00:00,"historie",10.81,7.6183035099591,NA,NA,NA
"2525",2024-04-15 21:00:00,"historie",3,5.38444543090057,NA,NA,NA
"2526",2024-04-15 22:00:00,"historie",3.41,6.04930758990071,NA,NA,NA
"2527",2024-04-15 23:00:00,"historie",13.95,4.93606185846107,NA,NA,NA
"2528",2024-04-16,"historie",16.25,3.11407594706958,NA,NA,NA
"2529",2024-04-16 01:00:00,"historie",14.23,5.26699584409949,NA,NA,NA
"2530",2024-04-16 02:00:00,"historie",11.74,3.55420868181839,NA,NA,NA
"2531",2024-04-16 03:00:00,"historie",10.12,3.63118493176216,NA,NA,NA
"2532",2024-04-16 04:00:00,"historie",10.48,5.63468986304263,NA,NA,NA
"2533",2024-04-16 05:00:00,"historie",13.66,16.9768197432745,NA,NA,NA
"2534",2024-04-16 06:00:00,"historie",16.14,12.9454115755887,NA,NA,NA
"2535",2024-04-16 07:00:00,"historie",16.25,12.8569332474984,NA,NA,NA
"2536",2024-04-16 08:00:00,"historie",9.57,3.6510169769116,NA,NA,NA
"2537",2024-04-16 09:00:00,"historie",8.07,5.06103882831648,NA,NA,NA
"2538",2024-04-16 10:00:00,"historie",4.06,15.0158392721306,NA,NA,NA
"2539",2024-04-16 11:00:00,"historie",3.74,14.3530840765395,NA,NA,NA
"2540",2024-04-16 12:00:00,"historie",3.6,14.2791713840792,NA,NA,NA
"2541",2024-04-16 13:00:00,"historie",4.33,12.3078204886934,NA,NA,NA
"2542",2024-04-16 14:00:00,"historie",7.39,10.1436426791407,NA,NA,NA
"2543",2024-04-16 15:00:00,"historie",21.25,11.821468532537,NA,NA,NA
"2544",2024-04-16 16:00:00,"historie",19.11,13.3700424513509,NA,NA,NA
"2545",2024-04-16 17:00:00,"historie",37.87,15.4868388440863,NA,NA,NA
"2546",2024-04-16 18:00:00,"historie",33.29,11.7147339213962,NA,NA,NA
"2547",2024-04-16 19:00:00,"historie",31.22,8.67810294335561,NA,NA,NA
"2548",2024-04-16 20:00:00,"historie",30.31,6.4779731838148,NA,NA,NA
"2549",2024-04-16 21:00:00,"historie",24.45,2.2854075061731,NA,NA,NA
"2550",2024-04-16 22:00:00,"historie",19.77,3.63692136747791,NA,NA,NA
"2551",2024-04-16 23:00:00,"historie",13.22,3.81415562842114,NA,NA,NA
"2552",2024-04-17,"historie",11.68,4.34713694115884,NA,NA,NA
"2553",2024-04-17 01:00:00,"historie",11.52,7.2046712198505,NA,NA,NA
"2554",2024-04-17 02:00:00,"historie",11.23,16.9951406087642,NA,NA,NA
"2555",2024-04-17 03:00:00,"historie",11.35,16.7687506745785,NA,NA,NA
"2556",2024-04-17 04:00:00,"historie",5.82,40.214558720797,NA,NA,NA
"2557",2024-04-17 05:00:00,"historie",6,40.6395026487183,NA,NA,NA
"2558",2024-04-17 06:00:00,"historie",10.15,27.6128115585604,NA,NA,NA
"2559",2024-04-17 07:00:00,"historie",8.12,22.356369070815,NA,NA,NA
"2560",2024-04-17 08:00:00,"historie",3.84,21.9269545954775,NA,NA,NA
"2561",2024-04-17 09:00:00,"historie",5.35,20.7252607270066,NA,NA,NA
"2562",2024-04-17 10:00:00,"historie",6.18,11.1263925260344,NA,NA,NA
"2563",2024-04-17 11:00:00,"historie",4.41,11.457664882186,NA,NA,NA
"2564",2024-04-17 12:00:00,"historie",5.37,11.7889265222597,NA,NA,NA
"2565",2024-04-17 13:00:00,"historie",9.77,11.7286256699043,NA,NA,NA
"2566",2024-04-17 14:00:00,"historie",8.14,11.5273145347588,NA,NA,NA
"2567",2024-04-17 15:00:00,"historie",9.04,6.66879641959719,NA,NA,NA
"2568",2024-04-17 16:00:00,"historie",7.33,7.30558299277244,NA,NA,NA
"2569",2024-04-17 17:00:00,"historie",7.48,11.3675003854187,NA,NA,NA
"2570",2024-04-17 18:00:00,"historie",9.27,6.38829177850006,NA,NA,NA
"2571",2024-04-17 19:00:00,"historie",15.44,4.10751876946951,NA,NA,NA
"2572",2024-04-17 20:00:00,"historie",20.99,4.81594307406073,NA,NA,NA
"2573",2024-04-17 21:00:00,"historie",19.44,3.90819245442332,NA,NA,NA
"2574",2024-04-17 22:00:00,"historie",20.76,3.88129359740054,NA,NA,NA
"2575",2024-04-17 23:00:00,"historie",15.36,5.70067111837349,NA,NA,NA
"2576",2024-04-18,"historie",15.17,9.28762344931404,NA,NA,NA
"2577",2024-04-18 01:00:00,"historie",13.52,8.04036821159018,NA,NA,NA
"2578",2024-04-18 02:00:00,"historie",13.49,7.91968093494524,NA,NA,NA
"2579",2024-04-18 03:00:00,"historie",14.46,9.11704997104583,NA,NA,NA
"2580",2024-04-18 04:00:00,"historie",13.48,9.69813029956866,NA,NA,NA
"2581",2024-04-18 05:00:00,"historie",22.66,15.8648842942194,NA,NA,NA
"2582",2024-04-18 06:00:00,"historie",22.33,17.6954915218772,NA,NA,NA
"2583",2024-04-18 07:00:00,"historie",11.15,18.7374143109734,NA,NA,NA
"2584",2024-04-18 08:00:00,"historie",4,18.3515615870899,NA,NA,NA
"2585",2024-04-18 09:00:00,"historie",5.09,20.2158748816026,NA,NA,NA
"2586",2024-04-18 10:00:00,"historie",5.04,12.6888196864654,NA,NA,NA
"2587",2024-04-18 11:00:00,"historie",5.33,14.2894343531212,NA,NA,NA
"2588",2024-04-18 12:00:00,"historie",4.24,12.9981711438274,NA,NA,NA
"2589",2024-04-18 13:00:00,"historie",5.69,13.6201619242461,NA,NA,NA
"2590",2024-04-18 14:00:00,"historie",4.87,12.6051368142368,NA,NA,NA
"2591",2024-04-18 15:00:00,"historie",6.97,13.7829340386911,NA,NA,NA
"2592",2024-04-18 16:00:00,"historie",5.24,22.563249939099,NA,NA,NA
"2593",2024-04-18 17:00:00,"historie",6.15,17.6207470458341,NA,NA,NA
"2594",2024-04-18 18:00:00,"historie",7.6,7.21760532161936,NA,NA,NA
"2595",2024-04-18 19:00:00,"historie",11.89,4.26069555805017,NA,NA,NA
"2596",2024-04-18 20:00:00,"historie",24.46,4.90246122651108,NA,NA,NA
"2597",2024-04-18 21:00:00,"historie",26.44,3.32690670321431,NA,NA,NA
"2598",2024-04-18 22:00:00,"historie",22.01,5.1389543923185,NA,NA,NA
"2599",2024-04-18 23:00:00,"historie",18.71,4.6841367727952,NA,NA,NA
"2600",2024-04-19,"historie",17.91,5.71511477900766,NA,NA,NA
"2601",2024-04-19 01:00:00,"historie",16.75,5.35427634147856,NA,NA,NA
"2602",2024-04-19 02:00:00,"historie",14.66,6.66904410173207,NA,NA,NA
"2603",2024-04-19 03:00:00,"historie",13.77,6.40573614219609,NA,NA,NA
"2604",2024-04-19 04:00:00,"historie",11.75,8.49584739625353,NA,NA,NA
"2605",2024-04-19 05:00:00,"historie",13.03,13.3002995575942,NA,NA,NA
"2606",2024-04-19 06:00:00,"historie",14.85,14.5794517160073,NA,NA,NA
"2607",2024-04-19 07:00:00,"historie",16.1,22.8795152481892,NA,NA,NA
"2608",2024-04-19 08:00:00,"historie",13.35,23.9487295970361,NA,NA,NA
"2609",2024-04-19 09:00:00,"historie",9.05,19.5543359999464,NA,NA,NA
"2610",2024-04-19 10:00:00,"historie",5.9,15.7432907735049,NA,NA,NA
"2611",2024-04-19 11:00:00,"historie",5.83,15.8690514817872,NA,NA,NA
"2612",2024-04-19 12:00:00,"historie",7.14,15.6045572009272,NA,NA,NA
"2613",2024-04-19 13:00:00,"historie",8.62,14.255549343587,NA,NA,NA
"2614",2024-04-19 14:00:00,"historie",17.83,12.36239051968,NA,NA,NA
"2615",2024-04-19 15:00:00,"historie",20.75,13.2001221882209,NA,NA,NA
"2616",2024-04-19 16:00:00,"historie",14.35,13.4764372766475,NA,NA,NA
"2617",2024-04-19 17:00:00,"historie",10.85,12.6699079839329,NA,NA,NA
"2618",2024-04-19 18:00:00,"historie",10.02,10.2356853110479,NA,NA,NA
"2619",2024-04-19 19:00:00,"historie",10.02,12.347337302475,NA,NA,NA
"2620",2024-04-19 20:00:00,"historie",12.04,6.66007241276565,NA,NA,NA
"2621",2024-04-19 21:00:00,"historie",15.24,3.92581373090396,NA,NA,NA
"2622",2024-04-19 22:00:00,"historie",16.87,5.30822550847874,NA,NA,NA
"2623",2024-04-19 23:00:00,"historie",14.11,7.64597156439253,NA,NA,NA
"2624",2024-04-20,"historie",12.2,7.44757410561948,NA,NA,NA
"2625",2024-04-20 01:00:00,"historie",11.6,17.7174166920398,NA,NA,NA
"2626",2024-04-20 02:00:00,"historie",9.93,13.8442048369737,NA,NA,NA
"2627",2024-04-20 03:00:00,"historie",12.69,13.7916638669606,NA,NA,NA
"2628",2024-04-20 04:00:00,"historie",12.17,11.8284495025045,NA,NA,NA
"2629",2024-04-20 05:00:00,"historie",11.3,15.3421990227604,NA,NA,NA
"2630",2024-04-20 06:00:00,"historie",10.37,12.6911819093802,NA,NA,NA
"2631",2024-04-20 07:00:00,"historie",7.75,12.4984206667512,NA,NA,NA
"2632",2024-04-20 08:00:00,"historie",7.93,16.097428073388,NA,NA,NA
"2633",2024-04-20 09:00:00,"historie",9.06,16.6076575864128,NA,NA,NA
"2634",2024-04-20 10:00:00,"historie",6.67,12.6994656467205,NA,NA,NA
"2635",2024-04-20 11:00:00,"historie",5.15,11.7440883865865,NA,NA,NA
"2636",2024-04-20 12:00:00,"historie",4.37,11.6904288565801,NA,NA,NA
"2637",2024-04-20 13:00:00,"historie",5.99,10.3990079688379,NA,NA,NA
"2638",2024-04-20 14:00:00,"historie",4.91,12.1928775794471,NA,NA,NA
"2639",2024-04-20 15:00:00,"historie",4.37,13.3200336307643,NA,NA,NA
"2640",2024-04-20 16:00:00,"historie",6.14,11.8027263014333,NA,NA,NA
"2641",2024-04-20 17:00:00,"historie",5.7,9.828331200333,NA,NA,NA
"2642",2024-04-20 18:00:00,"historie",8.01,5.90263153637643,NA,NA,NA
"2643",2024-04-20 19:00:00,"historie",19.92,8.22904606474312,NA,NA,NA
"2644",2024-04-20 20:00:00,"historie",22.9,7.15415185810716,NA,NA,NA
"2645",2024-04-20 21:00:00,"historie",20.5,4.59509986286292,NA,NA,NA
"2646",2024-04-20 22:00:00,"historie",20.82,4.88733071117893,NA,NA,NA
"2647",2024-04-20 23:00:00,"historie",15.4,5.00455960649902,NA,NA,NA
"2648",2024-04-21,"historie",12.95,6.71918052399885,NA,NA,NA
"2649",2024-04-21 01:00:00,"historie",14.62,5.55932387178907,NA,NA,NA
"2650",2024-04-21 02:00:00,"historie",15.56,4.20959151980272,NA,NA,NA
"2651",2024-04-21 03:00:00,"historie",14.43,7.80483842776085,NA,NA,NA
"2652",2024-04-21 04:00:00,"historie",15.25,7.03013092965818,NA,NA,NA
"2653",2024-04-21 05:00:00,"historie",16.1,12.838306505069,NA,NA,NA
"2654",2024-04-21 06:00:00,"historie",14.19,24.0893446260999,NA,NA,NA
"2655",2024-04-21 07:00:00,"historie",13.57,20.1404466884493,NA,NA,NA
"2656",2024-04-21 08:00:00,"historie",10.26,19.3258362469252,NA,NA,NA
"2657",2024-04-21 09:00:00,"historie",5.63,18.9856799372355,NA,NA,NA
"2658",2024-04-21 10:00:00,"historie",3.8,13.164297899622,NA,NA,NA
"2659",2024-04-21 11:00:00,"historie",3.24,12.2457151877619,NA,NA,NA
"2660",2024-04-21 12:00:00,"historie",3.76,14.0649163262514,NA,NA,NA
"2661",2024-04-21 13:00:00,"historie",3.44,15.6156070184925,NA,NA,NA
"2662",2024-04-21 14:00:00,"historie",3.83,12.6468846835426,NA,NA,NA
"2663",2024-04-21 15:00:00,"historie",4.33,15.8676064637736,NA,NA,NA
"2664",2024-04-21 16:00:00,"historie",6.52,15.3218336777771,NA,NA,NA
"2665",2024-04-21 17:00:00,"historie",7.48,11.8434227823578,NA,NA,NA
"2666",2024-04-21 18:00:00,"historie",9.87,9.96217281612726,NA,NA,NA
"2667",2024-04-21 19:00:00,"historie",9.52,9.62227059392142,NA,NA,NA
"2668",2024-04-21 20:00:00,"historie",15.25,4.42295806132204,NA,NA,NA
"2669",2024-04-21 21:00:00,"historie",25.7,3.06755623315984,NA,NA,NA
"2670",2024-04-21 22:00:00,"historie",20.15,3.39778123438299,NA,NA,NA
"2671",2024-04-21 23:00:00,"historie",19.31,4.80080252411936,NA,NA,NA
"2672",2024-04-22,"historie",18.51,3.72200052478739,NA,NA,NA
"2673",2024-04-22 01:00:00,"historie",18.02,4.71569835828867,NA,NA,NA
"2674",2024-04-22 02:00:00,"historie",17.99,4.54434162022336,NA,NA,NA
"2675",2024-04-22 03:00:00,"historie",16.94,7.83963860154739,NA,NA,NA
"2676",2024-04-22 04:00:00,"historie",16.88,9.13952104536558,NA,NA,NA
"2677",2024-04-22 05:00:00,"historie",19.72,15.7706926513594,NA,NA,NA
"2678",2024-04-22 06:00:00,"historie",32.63,11.3892511371312,NA,NA,NA
"2679",2024-04-22 07:00:00,"historie",28.4,16.161502734784,NA,NA,NA
"2680",2024-04-22 08:00:00,"historie",15.43,25.3596833896676,NA,NA,NA
"2681",2024-04-22 09:00:00,"historie",11.16,16.8313334206871,NA,NA,NA
"2682",2024-04-22 10:00:00,"historie",6.69,16.6751668826509,NA,NA,NA
"2683",2024-04-22 11:00:00,"historie",6,16.7090009144751,NA,NA,NA
"2684",2024-04-22 12:00:00,"historie",4.9,16.3812619499535,NA,NA,NA
"2685",2024-04-22 13:00:00,"historie",5.74,16.996050869529,NA,NA,NA
"2686",2024-04-22 14:00:00,"historie",4.98,14.799884146042,NA,NA,NA
"2687",2024-04-22 15:00:00,"historie",4.59,17.0058613743396,NA,NA,NA
"2688",2024-04-22 16:00:00,"historie",6.53,18.0972011135142,NA,NA,NA
"2689",2024-04-22 17:00:00,"historie",8.18,25.808898157065,NA,NA,NA
"2690",2024-04-22 18:00:00,"historie",9.04,16.8758377828865,NA,NA,NA
"2691",2024-04-22 19:00:00,"historie",11.26,11.5017596662588,NA,NA,NA
"2692",2024-04-22 20:00:00,"historie",14.71,7.8704870984526,NA,NA,NA
"2693",2024-04-22 21:00:00,"historie",18.23,4.65398231461012,NA,NA,NA
"2694",2024-04-22 22:00:00,"historie",21.18,5.69293247841835,NA,NA,NA
"2695",2024-04-22 23:00:00,"historie",22.17,5.18643454074065,NA,NA,NA
"2696",2024-04-23,"historie",20.33,5.95057028074251,NA,NA,NA
"2697",2024-04-23 01:00:00,"historie",16.92,5.38911180236934,NA,NA,NA
"2698",2024-04-23 02:00:00,"historie",15.75,4.84158952959763,NA,NA,NA
"2699",2024-04-23 03:00:00,"historie",15.53,7.78600817138959,NA,NA,NA
"2700",2024-04-23 04:00:00,"historie",16.34,9.93773483836509,NA,NA,NA
"2701",2024-04-23 05:00:00,"historie",26.95,12.7470154137137,NA,NA,NA
"2702",2024-04-23 06:00:00,"historie",38.72,14.2225543249976,NA,NA,NA
"2703",2024-04-23 07:00:00,"historie",38.85,16.0125224376643,NA,NA,NA
"2704",2024-04-23 08:00:00,"historie",35.38,17.8896852526931,NA,NA,NA
"2705",2024-04-23 09:00:00,"historie",12.87,19.5046331430589,NA,NA,NA
"2706",2024-04-23 10:00:00,"historie",4.21,18.8129392369264,NA,NA,NA
"2707",2024-04-23 11:00:00,"historie",4.26,17.9024700219247,NA,NA,NA
"2708",2024-04-23 12:00:00,"historie",3.76,15.343809267312,NA,NA,NA
"2709",2024-04-23 13:00:00,"historie",3.1,15.2304570202344,NA,NA,NA
"2710",2024-04-23 14:00:00,"historie",6.5,14.1732782086764,NA,NA,NA
"2711",2024-04-23 15:00:00,"historie",5.47,16.9957125027235,NA,NA,NA
"2712",2024-04-23 16:00:00,"historie",6.37,26.7319085737494,NA,NA,NA
"2713",2024-04-23 17:00:00,"historie",10.62,28.5869386370913,NA,NA,NA
"2714",2024-04-23 18:00:00,"historie",15,22.0571654266736,NA,NA,NA
"2715",2024-04-23 19:00:00,"historie",18.87,24.0651744330863,NA,NA,NA
"2716",2024-04-23 20:00:00,"historie",24.2,7.52927783463471,NA,NA,NA
"2717",2024-04-23 21:00:00,"historie",22.61,3.17309381673556,NA,NA,NA
"2718",2024-04-23 22:00:00,"historie",23.1,4.45298929136987,NA,NA,NA
"2719",2024-04-23 23:00:00,"historie",22.65,4.36239800347603,NA,NA,NA
"2720",2024-04-24,"historie",24.08,3.37954917709583,NA,NA,NA
"2721",2024-04-24 01:00:00,"historie",18.33,7.67714867920866,NA,NA,NA
"2722",2024-04-24 02:00:00,"historie",13.83,5.39581043828612,NA,NA,NA
"2723",2024-04-24 03:00:00,"historie",14.29,7.48688516823907,NA,NA,NA
"2724",2024-04-24 04:00:00,"historie",16.81,12.5214816729801,NA,NA,NA
"2725",2024-04-24 05:00:00,"historie",22.03,19.0890452420572,NA,NA,NA
"2726",2024-04-24 06:00:00,"historie",21.67,20.7632001578679,NA,NA,NA
"2727",2024-04-24 07:00:00,"historie",15.39,23.4418387087123,NA,NA,NA
"2728",2024-04-24 08:00:00,"historie",13.41,20.7166186185583,NA,NA,NA
"2729",2024-04-24 09:00:00,"historie",8.05,20.9031714409848,NA,NA,NA
"2730",2024-04-24 10:00:00,"historie",8.43,19.1143526616621,NA,NA,NA
"2731",2024-04-24 11:00:00,"historie",5.25,20.7191291907339,NA,NA,NA
"2732",2024-04-24 12:00:00,"historie",5.68,15.932531660092,NA,NA,NA
"2733",2024-04-24 13:00:00,"historie",5.33,13.3440445274034,NA,NA,NA
"2734",2024-04-24 14:00:00,"historie",5.85,13.7334612586419,NA,NA,NA
"2735",2024-04-24 15:00:00,"historie",6.05,18.7288675046503,NA,NA,NA
"2736",2024-04-24 16:00:00,"historie",9.08,22.5462121193606,NA,NA,NA
"2737",2024-04-24 17:00:00,"historie",13.67,18.0101411327591,NA,NA,NA
"2738",2024-04-24 18:00:00,"historie",17.48,11.1726655633375,NA,NA,NA
"2739",2024-04-24 19:00:00,"historie",19.8,10.4322870376738,NA,NA,NA
"2740",2024-04-24 20:00:00,"historie",27.98,5.33378932908654,NA,NA,NA
"2741",2024-04-24 21:00:00,"historie",27.45,6.85260061813811,NA,NA,NA
"2742",2024-04-24 22:00:00,"historie",23.37,4.51507827748543,NA,NA,NA
"2743",2024-04-24 23:00:00,"historie",21.76,6.0624821209549,NA,NA,NA
"2744",2024-04-25,"historie",21.02,5.74894028806616,NA,NA,NA
"2745",2024-04-25 01:00:00,"historie",18.42,5.98738851999968,NA,NA,NA
"2746",2024-04-25 02:00:00,"historie",17.08,6.29185059176514,NA,NA,NA
"2747",2024-04-25 03:00:00,"historie",16.01,10.6009179535663,NA,NA,NA
"2748",2024-04-25 04:00:00,"historie",19.16,15.1515667654134,NA,NA,NA
"2749",2024-04-25 05:00:00,"historie",18.36,20.9925346862534,NA,NA,NA
"2750",2024-04-25 06:00:00,"historie",19.06,21.4819999323239,NA,NA,NA
"2751",2024-04-25 07:00:00,"historie",18.94,26.3882835171729,NA,NA,NA
"2752",2024-04-25 08:00:00,"historie",10.4,24.341021250563,NA,NA,NA
"2753",2024-04-25 09:00:00,"historie",6.66,20.5099066008261,NA,NA,NA
"2754",2024-04-25 10:00:00,"historie",4.87,19.111480951956,NA,NA,NA
"2755",2024-04-25 11:00:00,"historie",4.97,18.0207301914475,NA,NA,NA
"2756",2024-04-25 12:00:00,"historie",10.43,16.0737744076785,NA,NA,NA
"2757",2024-04-25 13:00:00,"historie",12.78,16.2927834328265,NA,NA,NA
"2758",2024-04-25 14:00:00,"historie",22.07,14.9884743089328,NA,NA,NA
"2759",2024-04-25 15:00:00,"historie",23.3,20.9118494701783,NA,NA,NA
"2760",2024-04-25 16:00:00,"historie",8.87,17.993567483455,NA,NA,NA
"2761",2024-04-25 17:00:00,"historie",6.05,16.1029895363467,NA,NA,NA
"2762",2024-04-25 18:00:00,"historie",7.12,14.0687870689296,NA,NA,NA
"2763",2024-04-25 19:00:00,"historie",11.48,7.68341388339896,NA,NA,NA
"2764",2024-04-25 20:00:00,"historie",36.91,5.27831062725592,NA,NA,NA
"2765",2024-04-25 21:00:00,"historie",21.45,4.00557085152836,NA,NA,NA
"2766",2024-04-25 22:00:00,"historie",19.46,5.04215072108491,NA,NA,NA
"2767",2024-04-25 23:00:00,"historie",16.93,10.5617120759528,NA,NA,NA
"2768",2024-04-26,"historie",13.84,11.318712717363,NA,NA,NA
"2769",2024-04-26 01:00:00,"historie",13.57,18.1603588705387,NA,NA,NA
"2770",2024-04-26 02:00:00,"historie",13.94,18.3386569227991,NA,NA,NA
"2771",2024-04-26 03:00:00,"historie",13.47,8.3055929062583,NA,NA,NA
"2772",2024-04-26 04:00:00,"historie",15.31,7.47258860164018,NA,NA,NA
"2773",2024-04-26 05:00:00,"historie",23.35,10.3401222927028,NA,NA,NA
"2774",2024-04-26 06:00:00,"historie",25.02,15.421412156951,NA,NA,NA
"2775",2024-04-26 07:00:00,"historie",32.49,37.4527091602026,NA,NA,NA
"2776",2024-04-26 08:00:00,"historie",26.04,17.5174404599571,NA,NA,NA
"2777",2024-04-26 09:00:00,"historie",9.91,18.6299956670004,NA,NA,NA
"2778",2024-04-26 10:00:00,"historie",4.41,15.4935970536325,NA,NA,NA
"2779",2024-04-26 11:00:00,"historie",2.08,12.8301078540104,NA,NA,NA
"2780",2024-04-26 12:00:00,"historie",2.46,13.2105651784665,NA,NA,NA
"2781",2024-04-26 13:00:00,"historie",2.96,13.9928469085465,NA,NA,NA
"2782",2024-04-26 14:00:00,"historie",3.68,13.5317691880583,NA,NA,NA
"2783",2024-04-26 15:00:00,"historie",3.92,16.8370525214364,NA,NA,NA
"2784",2024-04-26 16:00:00,"historie",3.87,23.6688715049785,NA,NA,NA
"2785",2024-04-26 17:00:00,"historie",5.8,20.1368124404103,NA,NA,NA
"2786",2024-04-26 18:00:00,"historie",11.62,21.3603480083457,NA,NA,NA
"2787",2024-04-26 19:00:00,"historie",21.23,16.3507136893851,NA,NA,NA
"2788",2024-04-26 20:00:00,"historie",23.15,6.32280592341399,NA,NA,NA
"2789",2024-04-26 21:00:00,"historie",19.81,3.66345346534624,NA,NA,NA
"2790",2024-04-26 22:00:00,"historie",22.42,2.53453544965521,NA,NA,NA
"2791",2024-04-26 23:00:00,"historie",25.81,3.3388874331817,NA,NA,NA
"2792",2024-04-27,"historie",24.31,4.10567654314045,NA,NA,NA
"2793",2024-04-27 01:00:00,"historie",22.31,4.45363797267203,NA,NA,NA
"2794",2024-04-27 02:00:00,"historie",18.18,4.15721238633021,NA,NA,NA
"2795",2024-04-27 03:00:00,"historie",17.01,4.85392648121556,NA,NA,NA
"2796",2024-04-27 04:00:00,"historie",18.04,7.83953645801681,NA,NA,NA
"2797",2024-04-27 05:00:00,"historie",23.2,16.282739147173,NA,NA,NA
"2798",2024-04-27 06:00:00,"historie",32.22,27.8756176575991,NA,NA,NA
"2799",2024-04-27 07:00:00,"historie",21.61,19.6538666805744,NA,NA,NA
"2800",2024-04-27 08:00:00,"historie",5.09,18.7617813830264,NA,NA,NA
"2801",2024-04-27 09:00:00,"historie",4.57,20.6481913800845,NA,NA,NA
"2802",2024-04-27 10:00:00,"historie",4.2,21.9830312818543,NA,NA,NA
"2803",2024-04-27 11:00:00,"historie",1.5,20.2258736941242,NA,NA,NA
"2804",2024-04-27 12:00:00,"historie",2.39,19.1689652146718,NA,NA,NA
"2805",2024-04-27 13:00:00,"historie",1.96,16.3898451988041,NA,NA,NA
"2806",2024-04-27 14:00:00,"historie",1.81,16.359222080282,NA,NA,NA
"2807",2024-04-27 15:00:00,"historie",2.86,19.753003317305,NA,NA,NA
"2808",2024-04-27 16:00:00,"historie",3.08,22.9061028337844,NA,NA,NA
"2809",2024-04-27 17:00:00,"historie",4.14,27.5401907672536,NA,NA,NA
"2810",2024-04-27 18:00:00,"historie",4.73,14.3097427040545,NA,NA,NA
"2811",2024-04-27 19:00:00,"historie",13.96,3.60365510047067,NA,NA,NA
"2812",2024-04-27 20:00:00,"historie",20.54,4.07090909492451,NA,NA,NA
"2813",2024-04-27 21:00:00,"historie",24.63,3.52758425983723,NA,NA,NA
"2814",2024-04-27 22:00:00,"historie",27.44,1.7846576931279,NA,NA,NA
"2815",2024-04-27 23:00:00,"historie",24.65,3.41684043973395,NA,NA,NA
"2816",2024-04-28,"historie",25.33,2.62418773741783,NA,NA,NA
"2817",2024-04-28 01:00:00,"historie",28.23,2.41785328932306,NA,NA,NA
"2818",2024-04-28 02:00:00,"historie",19.79,3.57269237475803,NA,NA,NA
"2819",2024-04-28 03:00:00,"historie",25.61,4.1848596919447,NA,NA,NA
"2820",2024-04-28 04:00:00,"historie",30.74,6.25111940892548,NA,NA,NA
"2821",2024-04-28 05:00:00,"historie",29.23,7.57781112572167,NA,NA,NA
"2822",2024-04-28 06:00:00,"historie",26.82,20.9413834500035,NA,NA,NA
"2823",2024-04-28 07:00:00,"historie",16.82,18.8056699345184,NA,NA,NA
"2824",2024-04-28 08:00:00,"historie",3.58,23.8932111311479,NA,NA,NA
"2825",2024-04-28 09:00:00,"historie",6.68,24.6054783005621,NA,NA,NA
"2826",2024-04-28 10:00:00,"historie",5.45,20.736074175159,NA,NA,NA
"2827",2024-04-28 11:00:00,"historie",3.07,21.6652403511217,NA,NA,NA
"2828",2024-04-28 12:00:00,"historie",4.49,23.3816579502778,NA,NA,NA
"2829",2024-04-28 13:00:00,"historie",2.28,16.9857727750007,NA,NA,NA
"2830",2024-04-28 14:00:00,"historie",2.26,24.1193959759563,NA,NA,NA
"2831",2024-04-28 15:00:00,"historie",3.56,30.1157669850825,NA,NA,NA
"2832",2024-04-28 16:00:00,"historie",4,27.0131718607136,NA,NA,NA
"2833",2024-04-28 17:00:00,"historie",3.07,21.225827240132,NA,NA,NA
"2834",2024-04-28 18:00:00,"historie",3.47,10.0813037426382,NA,NA,NA
"2835",2024-04-28 19:00:00,"historie",4.26,2.86521098375316,NA,NA,NA
"2836",2024-04-28 20:00:00,"historie",34.53,6.42260229154096,NA,NA,NA
"2837",2024-04-28 21:00:00,"historie",46.14,3.70077347120691,NA,NA,NA
"2838",2024-04-28 22:00:00,"historie",34.12,3.56241664648368,NA,NA,NA
"2839",2024-04-28 23:00:00,"historie",38.71,4.93703141833493,NA,NA,NA
"2840",2024-04-29,"historie",40.21,2.57559673965313,NA,NA,NA
"2841",2024-04-29 01:00:00,"historie",34.15,3.04035121708122,NA,NA,NA
"2842",2024-04-29 02:00:00,"historie",29.34,4.11117755114746,NA,NA,NA
"2843",2024-04-29 03:00:00,"historie",24.12,5.0874478000433,NA,NA,NA
"2844",2024-04-29 04:00:00,"historie",23.1,4.1911033289133,NA,NA,NA
"2845",2024-04-29 05:00:00,"historie",33.68,6.54427384401275,NA,NA,NA
"2846",2024-04-29 06:00:00,"historie",34.66,7.06389142178368,NA,NA,NA
"2847",2024-04-29 07:00:00,"historie",23.25,41.2657430465483,NA,NA,NA
"2848",2024-04-29 08:00:00,"historie",3.33,36.8153448456782,NA,NA,NA
"2849",2024-04-29 09:00:00,"historie",2.93,27.1426578463615,NA,NA,NA
"2850",2024-04-29 10:00:00,"historie",2.76,31.8440377810605,NA,NA,NA
"2851",2024-04-29 11:00:00,"historie",2.56,31.6706701489468,NA,NA,NA
"2852",2024-04-29 12:00:00,"historie",2.97,25.2114278317059,NA,NA,NA
"2853",2024-04-29 13:00:00,"historie",2.49,25.5651918743896,NA,NA,NA
"2854",2024-04-29 14:00:00,"historie",2.68,21.6169489936049,NA,NA,NA
"2855",2024-04-29 15:00:00,"historie",3.34,23.2582203818882,NA,NA,NA
"2856",2024-04-29 16:00:00,"historie",3.46,32.0038626988507,NA,NA,NA
"2857",2024-04-29 17:00:00,"historie",3.6,25.1294974327299,NA,NA,NA
"2858",2024-04-29 18:00:00,"historie",4.17,11.6880186168949,NA,NA,NA
"2859",2024-04-29 19:00:00,"historie",26.58,2.8541578948051,NA,NA,NA
"2860",2024-04-29 20:00:00,"historie",71.75,2.97824582499437,NA,NA,NA
"2861",2024-04-29 21:00:00,"historie",63.02,2.35099747981003,NA,NA,NA
"2862",2024-04-29 22:00:00,"historie",46.75,3.42945409660243,NA,NA,NA
"2863",2024-04-29 23:00:00,"historie",36.97,3.07769773335529,NA,NA,NA
"2864",2024-04-30,"historie",31.42,3.03206915975685,NA,NA,NA
"2865",2024-04-30 01:00:00,"historie",19.16,3.48614974191372,NA,NA,NA
"2866",2024-04-30 02:00:00,"historie",11.26,3.76249560386768,NA,NA,NA
"2867",2024-04-30 03:00:00,"historie",7.87,4.16125307119859,NA,NA,NA
"2868",2024-04-30 04:00:00,"historie",9.25,4.87138624487583,NA,NA,NA
"2869",2024-04-30 05:00:00,"historie",26.99,6.74485274980262,NA,NA,NA
"2870",2024-04-30 06:00:00,"historie",23.86,49.0665479978022,NA,NA,NA
"2871",2024-04-30 07:00:00,"historie",13.79,55.7067059153951,NA,NA,NA
"2872",2024-04-30 08:00:00,"historie",1.98,45.2349842528199,NA,NA,NA
"2873",2024-04-30 09:00:00,"historie",3.02,36.5204999131736,NA,NA,NA
"2874",2024-04-30 10:00:00,"historie",2.58,29.5321571008518,NA,NA,NA
"2875",2024-04-30 11:00:00,"historie",1.54,25.6387117212598,NA,NA,NA
"2876",2024-04-30 12:00:00,"historie",2.05,15.7339900716491,NA,NA,NA
"2877",2024-04-30 13:00:00,"historie",1.22,11.2527820046204,NA,NA,NA
"2878",2024-04-30 14:00:00,"historie",1.28,8.95172485394173,NA,NA,NA
"2879",2024-04-30 15:00:00,"historie",1.83,12.5694300681822,NA,NA,NA
"2880",2024-04-30 16:00:00,"historie",2.12,30.4199885317729,NA,NA,NA
"2881",2024-04-30 17:00:00,"historie",2.66,17.7651389122239,NA,NA,NA
"2882",2024-04-30 18:00:00,"historie",4.39,6.69880155745909,NA,NA,NA
"2883",2024-04-30 19:00:00,"historie",8.27,1.87324898015242,NA,NA,NA
"2884",2024-04-30 20:00:00,"historie",12.29,3.37672589135713,NA,NA,NA
"2885",2024-04-30 21:00:00,"historie",13.24,2.21974717301756,NA,NA,NA
"2886",2024-04-30 22:00:00,"historie",17.35,2.09488092720919,NA,NA,NA
"2887",2024-04-30 23:00:00,"historie",19.31,2.41532684762626,NA,NA,NA
"2888",2024-05-01,"historie",22.29,1.60534589831343,NA,NA,NA
"2889",2024-05-01 01:00:00,"historie",18.39,1.96631833717545,NA,NA,NA
"2890",2024-05-01 02:00:00,"historie",21.35,2.39090933152867,NA,NA,NA
"2891",2024-05-01 03:00:00,"historie",20.56,2.87002186439036,NA,NA,NA
"2892",2024-05-01 04:00:00,"historie",17.22,3.88213490856431,NA,NA,NA
"2893",2024-05-01 05:00:00,"historie",26.68,9.14959350781682,NA,NA,NA
"2894",2024-05-01 06:00:00,"historie",24.48,15.5707775436525,NA,NA,NA
"2895",2024-05-01 07:00:00,"historie",8.15,13.7408166406282,NA,NA,NA
"2896",2024-05-01 08:00:00,"historie",2.86,14.3438154812271,NA,NA,NA
"2897",2024-05-01 09:00:00,"historie",3.88,18.3762783676955,NA,NA,NA
"2898",2024-05-01 10:00:00,"historie",3.78,18.6048486873446,NA,NA,NA
"2899",2024-05-01 11:00:00,"historie",2.64,19.5988474703051,NA,NA,NA
"2900",2024-05-01 12:00:00,"historie",3.16,15.0438979757587,NA,NA,NA
"2901",2024-05-01 13:00:00,"historie",3.19,19.4673689006614,NA,NA,NA
"2902",2024-05-01 14:00:00,"historie",2.73,19.2991970925486,NA,NA,NA
"2903",2024-05-01 15:00:00,"historie",2.87,20.7874079305995,NA,NA,NA
"2904",2024-05-01 16:00:00,"historie",3.9,26.07132790931,NA,NA,NA
"2905",2024-05-01 17:00:00,"historie",5.34,17.9948210137758,NA,NA,NA
"2906",2024-05-01 18:00:00,"historie",6.53,3.55636454692918,NA,NA,NA
"2907",2024-05-01 19:00:00,"historie",7.84,3.21562016595874,NA,NA,NA
"2908",2024-05-01 20:00:00,"historie",15.06,3.73239355523915,NA,NA,NA
"2909",2024-05-01 21:00:00,"historie",16.12,2.96111731419595,NA,NA,NA
"2910",2024-05-01 22:00:00,"historie",14.47,3.2358710762697,NA,NA,NA
"2911",2024-05-01 23:00:00,"historie",17.29,3.01389404366589,NA,NA,NA
"2912",2024-05-02,"historie",17.9,3.60794038252971,NA,NA,NA
"2913",2024-05-02 01:00:00,"historie",13.92,3.27398429914034,NA,NA,NA
"2914",2024-05-02 02:00:00,"historie",12.26,3.19410200443045,NA,NA,NA
"2915",2024-05-02 03:00:00,"historie",10.91,4.72070828291234,NA,NA,NA
"2916",2024-05-02 04:00:00,"historie",7.43,6.80217437621605,NA,NA,NA
"2917",2024-05-02 05:00:00,"historie",5.32,10.8285549552336,NA,NA,NA
"2918",2024-05-02 06:00:00,"historie",5.78,13.0075059611098,NA,NA,NA
"2919",2024-05-02 07:00:00,"historie",4.68,16.8721928087693,NA,NA,NA
"2920",2024-05-02 08:00:00,"historie",3.32,16.8233685646815,NA,NA,NA
"2921",2024-05-02 09:00:00,"historie",6.39,15.0186241237244,NA,NA,NA
"2922",2024-05-02 10:00:00,"historie",5.58,17.9513003126375,NA,NA,NA
"2923",2024-05-02 11:00:00,"historie",3.2,16.1082575648258,NA,NA,NA
"2924",2024-05-02 12:00:00,"historie",3.23,12.8944916660294,NA,NA,NA
"2925",2024-05-02 13:00:00,"historie",5.08,12.322446037811,NA,NA,NA
"2926",2024-05-02 14:00:00,"historie",4.54,11.5435220547649,NA,NA,NA
"2927",2024-05-02 15:00:00,"historie",3.81,10.4683439986472,NA,NA,NA
"2928",2024-05-02 16:00:00,"historie",4.2,6.56308218644704,NA,NA,NA
"2929",2024-05-02 17:00:00,"historie",4.32,5.63353154531018,NA,NA,NA
"2930",2024-05-02 18:00:00,"historie",4.43,2.77598480334229,NA,NA,NA
"2931",2024-05-02 19:00:00,"historie",8.77,3.99924930648869,NA,NA,NA
"2932",2024-05-02 20:00:00,"historie",16.91,5.83831200348022,NA,NA,NA
"2933",2024-05-02 21:00:00,"historie",16.47,3.91866092975023,NA,NA,NA
"2934",2024-05-02 22:00:00,"historie",13.66,3.63441145708693,NA,NA,NA
"2935",2024-05-02 23:00:00,"historie",18.1,3.12209099570492,NA,NA,NA
"2936",2024-05-03,"historie",17.41,5.43364080703123,NA,NA,NA
"2937",2024-05-03 01:00:00,"historie",16.65,4.68819451105833,NA,NA,NA
"2938",2024-05-03 02:00:00,"historie",18.17,3.96101241295775,NA,NA,NA
"2939",2024-05-03 03:00:00,"historie",19.24,4.94244046049286,NA,NA,NA
"2940",2024-05-03 04:00:00,"historie",21.52,5.43005099992402,NA,NA,NA
"2941",2024-05-03 05:00:00,"historie",21.13,7.36797761155054,NA,NA,NA
"2942",2024-05-03 06:00:00,"historie",15.83,15.7895727967364,NA,NA,NA
"2943",2024-05-03 07:00:00,"historie",13.39,17.8941324370087,NA,NA,NA
"2944",2024-05-03 08:00:00,"historie",8.51,16.3294728263573,NA,NA,NA
"2945",2024-05-03 09:00:00,"historie",5.26,14.4235216463089,NA,NA,NA
"2946",2024-05-03 10:00:00,"historie",4.92,18.7876569241168,NA,NA,NA
"2947",2024-05-03 11:00:00,"historie",4.46,15.1650639689153,NA,NA,NA
"2948",2024-05-03 12:00:00,"historie",4.16,15.1107646500705,NA,NA,NA
"2949",2024-05-03 13:00:00,"historie",2.95,16.789830231078,NA,NA,NA
"2950",2024-05-03 14:00:00,"historie",3.53,17.1243282279974,NA,NA,NA
"2951",2024-05-03 15:00:00,"historie",3.87,22.7554452661705,NA,NA,NA
"2952",2024-05-03 16:00:00,"historie",7.65,19.2589076113017,NA,NA,NA
"2953",2024-05-03 17:00:00,"historie",58.64,11.3814459398389,NA,NA,NA
"2954",2024-05-03 18:00:00,"historie",92.67,6.78327063313364,NA,NA,NA
"2955",2024-05-03 19:00:00,"historie",36.57,8.5570669199817,NA,NA,NA
"2956",2024-05-03 20:00:00,"historie",16.9,4.13342062619432,NA,NA,NA
"2957",2024-05-03 21:00:00,"historie",25.71,3.72832596920121,NA,NA,NA
"2958",2024-05-03 22:00:00,"historie",16.68,4.93912109061167,NA,NA,NA
"2959",2024-05-03 23:00:00,"historie",9.91,3.99347489197765,NA,NA,NA
"2960",2024-05-04,"historie",9.57,3.07011789252439,NA,NA,NA
"2961",2024-05-04 01:00:00,"historie",9.9,4.08330155077689,NA,NA,NA
"2962",2024-05-04 02:00:00,"historie",7.21,4.13003848674883,NA,NA,NA
"2963",2024-05-04 03:00:00,"historie",5.94,8.4080464661758,NA,NA,NA
"2964",2024-05-04 04:00:00,"historie",7.76,54.7325039977806,NA,NA,NA
"2965",2024-05-04 05:00:00,"historie",7.48,78.1513307110168,NA,NA,NA
"2966",2024-05-04 06:00:00,"historie",7.43,35.0384410389973,NA,NA,NA
"2967",2024-05-04 07:00:00,"historie",6.95,14.5982232503096,NA,NA,NA
"2968",2024-05-04 08:00:00,"historie",4.1,25.3924312860589,NA,NA,NA
"2969",2024-05-04 09:00:00,"historie",3.98,16.0206511030342,NA,NA,NA
"2970",2024-05-04 10:00:00,"historie",3.88,10.2409797929927,NA,NA,NA
"2971",2024-05-04 11:00:00,"historie",3.33,10.0505186106817,NA,NA,NA
"2972",2024-05-04 12:00:00,"historie",3.22,10.4883527085504,NA,NA,NA
"2973",2024-05-04 13:00:00,"historie",2.04,7.82673339092163,NA,NA,NA
"2974",2024-05-04 14:00:00,"historie",1.8,7.07177270350233,NA,NA,NA
"2975",2024-05-04 15:00:00,"historie",3.13,10.7630569613176,NA,NA,NA
"2976",2024-05-04 16:00:00,"historie",4.37,8.30495365475774,NA,NA,NA
"2977",2024-05-04 17:00:00,"historie",5.75,6.95531815999616,NA,NA,NA
"2978",2024-05-04 18:00:00,"historie",5.66,4.3234585175076,NA,NA,NA
"2979",2024-05-04 19:00:00,"historie",7.9,4.37307571837943,NA,NA,NA
"2980",2024-05-04 20:00:00,"historie",23.64,3.76982061114447,NA,NA,NA
"2981",2024-05-04 21:00:00,"historie",46.11,3.22157463931998,NA,NA,NA
"2982",2024-05-04 22:00:00,"historie",41.73,3.83204548629755,NA,NA,NA
"2983",2024-05-04 23:00:00,"historie",36.33,3.12368269355796,NA,NA,NA
"2984",2024-05-05,"historie",33.49,2.32847822200045,NA,NA,NA
"2985",2024-05-05 01:00:00,"historie",25.16,2.30885984808229,NA,NA,NA
"2986",2024-05-05 02:00:00,"historie",20.89,4.21979984899667,NA,NA,NA
"2987",2024-05-05 03:00:00,"historie",14.65,6.74314568883242,NA,NA,NA
"2988",2024-05-05 04:00:00,"historie",14.2,7.37766625512671,NA,NA,NA
"2989",2024-05-05 05:00:00,"historie",10.49,7.80147568309885,NA,NA,NA
"2990",2024-05-05 06:00:00,"historie",11.44,11.9166290078674,NA,NA,NA
"2991",2024-05-05 07:00:00,"historie",12.74,27.3358862123259,NA,NA,NA
"2992",2024-05-05 08:00:00,"historie",11.82,36.6892265457629,NA,NA,NA
"2993",2024-05-05 09:00:00,"historie",7.5,31.7636495738763,NA,NA,NA
"2994",2024-05-05 10:00:00,"historie",5.34,29.0484395053189,NA,NA,NA
"2995",2024-05-05 11:00:00,"historie",3.11,25.6525584880198,NA,NA,NA
"2996",2024-05-05 12:00:00,"historie",3.69,19.114075221981,NA,NA,NA
"2997",2024-05-05 13:00:00,"historie",4.08,17.5233686505656,NA,NA,NA
"2998",2024-05-05 14:00:00,"historie",5.52,13.699300148604,NA,NA,NA
"2999",2024-05-05 15:00:00,"historie",2.83,15.4159029392044,NA,NA,NA
"3000",2024-05-05 16:00:00,"historie",3.74,10.2357636235133,NA,NA,NA
"3001",2024-05-05 17:00:00,"historie",4.24,9.92428699460418,NA,NA,NA
"3002",2024-05-05 18:00:00,"historie",4.8,7.08731124122484,NA,NA,NA
"3003",2024-05-05 19:00:00,"historie",18.47,10.6611896721857,NA,NA,NA
"3004",2024-05-05 20:00:00,"historie",24.03,5.62627716306189,NA,NA,NA
"3005",2024-05-05 21:00:00,"historie",24.46,4.02911938343569,NA,NA,NA
"3006",2024-05-05 22:00:00,"historie",21.18,3.35174470596116,NA,NA,NA
"3007",2024-05-05 23:00:00,"historie",17.68,3.48337151795209,NA,NA,NA
"3008",2024-05-06,"historie",16.54,4.15641510626761,NA,NA,NA
"3009",2024-05-06 01:00:00,"historie",16.21,6.06804689597253,NA,NA,NA
"3010",2024-05-06 02:00:00,"historie",13.97,3.03096885586639,NA,NA,NA
"3011",2024-05-06 03:00:00,"historie",12.04,5.63729446146287,NA,NA,NA
"3012",2024-05-06 04:00:00,"historie",12.6,5.26283105663743,NA,NA,NA
"3013",2024-05-06 05:00:00,"historie",14.15,7.22610773655344,NA,NA,NA
"3014",2024-05-06 06:00:00,"historie",15.55,30.6468129320768,NA,NA,NA
"3015",2024-05-06 07:00:00,"historie",18.31,24.1568901682102,NA,NA,NA
"3016",2024-05-06 08:00:00,"historie",19.46,21.6553765986591,NA,NA,NA
"3017",2024-05-06 09:00:00,"historie",18.07,19.6649238584464,NA,NA,NA
"3018",2024-05-06 10:00:00,"historie",21.44,16.8730927489639,NA,NA,NA
"3019",2024-05-06 11:00:00,"historie",28.96,14.9244333437679,NA,NA,NA
"3020",2024-05-06 12:00:00,"historie",13.69,14.6553484317928,NA,NA,NA
"3021",2024-05-06 13:00:00,"historie",8.14,12.5613732723911,NA,NA,NA
"3022",2024-05-06 14:00:00,"historie",6.38,12.2190699123072,NA,NA,NA
"3023",2024-05-06 15:00:00,"historie",3.71,13.4025722237435,NA,NA,NA
"3024",2024-05-06 16:00:00,"historie",4.37,14.1286148046791,NA,NA,NA
"3025",2024-05-06 17:00:00,"historie",7.11,12.8826074340224,NA,NA,NA
"3026",2024-05-06 18:00:00,"historie",17.84,10.4680911358503,NA,NA,NA
"3027",2024-05-06 19:00:00,"historie",27.88,15.1977140483707,NA,NA,NA
"3028",2024-05-06 20:00:00,"historie",20.35,11.7872169089555,NA,NA,NA
"3029",2024-05-06 21:00:00,"historie",17.55,12.3387443285119,NA,NA,NA
"3030",2024-05-06 22:00:00,"historie",11.01,21.8250644423611,NA,NA,NA
"3031",2024-05-06 23:00:00,"historie",6.99,8.23555987539065,NA,NA,NA
"3032",2024-05-07,"historie",8.91,6.99145264248905,NA,NA,NA
"3033",2024-05-07 01:00:00,"historie",13.37,5.49038973329119,NA,NA,NA
"3034",2024-05-07 02:00:00,"historie",14.95,3.99661372722586,NA,NA,NA
"3035",2024-05-07 03:00:00,"historie",13.24,5.85510734907177,NA,NA,NA
"3036",2024-05-07 04:00:00,"historie",11.14,8.3247596466141,NA,NA,NA
"3037",2024-05-07 05:00:00,"historie",9.29,25.6919243137647,NA,NA,NA
"3038",2024-05-07 06:00:00,"historie",9.67,32.2004253313694,NA,NA,NA
"3039",2024-05-07 07:00:00,"historie",12.58,19.5555463202076,NA,NA,NA
"3040",2024-05-07 08:00:00,"historie",14.11,16.3579028963953,NA,NA,NA
"3041",2024-05-07 09:00:00,"historie",13.2,10.9897284822641,NA,NA,NA
"3042",2024-05-07 10:00:00,"historie",11.82,7.87072796395795,NA,NA,NA
"3043",2024-05-07 11:00:00,"historie",13.29,10.0087085047984,NA,NA,NA
"3044",2024-05-07 12:00:00,"historie",9.41,13.2997441105038,NA,NA,NA
"3045",2024-05-07 13:00:00,"historie",8.09,13.6685269883333,NA,NA,NA
"3046",2024-05-07 14:00:00,"historie",6.42,13.1089756467362,NA,NA,NA
"3047",2024-05-07 15:00:00,"historie",5.69,11.9267558154099,NA,NA,NA
"3048",2024-05-07 16:00:00,"historie",5.44,9.84184458997532,NA,NA,NA
"3049",2024-05-07 17:00:00,"historie",4.23,9.36591363982512,NA,NA,NA
"3050",2024-05-07 18:00:00,"historie",5.53,8.74339967324091,NA,NA,NA
"3051",2024-05-07 19:00:00,"historie",6.4,12.4069247374468,NA,NA,NA
"3052",2024-05-07 20:00:00,"historie",7.76,10.2343082510856,NA,NA,NA
"3053",2024-05-07 21:00:00,"historie",8.81,8.62885907469974,NA,NA,NA
"3054",2024-05-07 22:00:00,"historie",9.25,10.9065245322619,NA,NA,NA
"3055",2024-05-07 23:00:00,"historie",8.78,6.67843112117871,NA,NA,NA
"3056",2024-05-08,"historie",6.29,7.1388546492364,NA,NA,NA
"3057",2024-05-08 01:00:00,"historie",6.58,5.29463009281595,NA,NA,NA
"3058",2024-05-08 02:00:00,"historie",7.19,6.0152298671828,NA,NA,NA
"3059",2024-05-08 03:00:00,"historie",8.59,6.75484463316355,NA,NA,NA
"3060",2024-05-08 04:00:00,"historie",7.9,5.54519372681384,NA,NA,NA
"3061",2024-05-08 05:00:00,"historie",10.79,9.20168114917276,NA,NA,NA
"3062",2024-05-08 06:00:00,"historie",9.89,9.29795982346868,NA,NA,NA
"3063",2024-05-08 07:00:00,"historie",7.65,10.0335679976573,NA,NA,NA
"3064",2024-05-08 08:00:00,"historie",5.8,9.29555040003135,NA,NA,NA
"3065",2024-05-08 09:00:00,"historie",5.47,9.78998404832538,NA,NA,NA
"3066",2024-05-08 10:00:00,"historie",4.87,10.0407766025619,NA,NA,NA
"3067",2024-05-08 11:00:00,"historie",4.85,7.09313922148536,NA,NA,NA
"3068",2024-05-08 12:00:00,"historie",3.19,7.56053176262063,NA,NA,NA
"3069",2024-05-08 13:00:00,"historie",3.53,7.79071644188969,NA,NA,NA
"3070",2024-05-08 14:00:00,"historie",3.34,9.62019869456981,NA,NA,NA
"3071",2024-05-08 15:00:00,"historie",2.84,8.78667345431109,NA,NA,NA
"3072",2024-05-08 16:00:00,"historie",3.51,11.9362868339182,NA,NA,NA
"3073",2024-05-08 17:00:00,"historie",3.44,9.42116930016309,NA,NA,NA
"3074",2024-05-08 18:00:00,"historie",4.48,5.83334761684648,NA,NA,NA
"3075",2024-05-08 19:00:00,"historie",7.92,5.96684402141133,NA,NA,NA
"3076",2024-05-08 20:00:00,"historie",22.08,5.29607414228765,NA,NA,NA
"3077",2024-05-08 21:00:00,"historie",34.66,4.5412058380871,NA,NA,NA
"3078",2024-05-08 22:00:00,"historie",32.4,4.89966490832396,NA,NA,NA
"3079",2024-05-08 23:00:00,"historie",25.65,2.98803608807988,NA,NA,NA
"3080",2024-05-09,"historie",21.36,3.90562933735159,NA,NA,NA
"3081",2024-05-09 01:00:00,"historie",18.9,3.36253669399982,NA,NA,NA
"3082",2024-05-09 02:00:00,"historie",15.4,3.39932122789968,NA,NA,NA
"3083",2024-05-09 03:00:00,"historie",14.11,4.64122575352438,NA,NA,NA
"3084",2024-05-09 04:00:00,"historie",13.98,4.70317282333293,NA,NA,NA
"3085",2024-05-09 05:00:00,"historie",16.83,7.2080638843491,NA,NA,NA
"3086",2024-05-09 06:00:00,"historie",24.17,11.5815703714504,NA,NA,NA
"3087",2024-05-09 07:00:00,"historie",20.89,25.0456103994641,NA,NA,NA
"3088",2024-05-09 08:00:00,"historie",8.31,27.7954623434536,NA,NA,NA
"3089",2024-05-09 09:00:00,"historie",6.21,24.9636204793549,NA,NA,NA
"3090",2024-05-09 10:00:00,"historie",2.93,20.6260579380011,NA,NA,NA
"3091",2024-05-09 11:00:00,"historie",1.91,18.3469214644312,NA,NA,NA
"3092",2024-05-09 12:00:00,"historie",2.42,16.1938127669749,NA,NA,NA
"3093",2024-05-09 13:00:00,"historie",2.49,13.6145747000257,NA,NA,NA
"3094",2024-05-09 14:00:00,"historie",2.95,13.2182048886391,NA,NA,NA
"3095",2024-05-09 15:00:00,"historie",3.93,14.44682750942,NA,NA,NA
"3096",2024-05-09 16:00:00,"historie",5.64,15.8296580243822,NA,NA,NA
"3097",2024-05-09 17:00:00,"historie",5.01,19.5828450613105,NA,NA,NA
"3098",2024-05-09 18:00:00,"historie",7.92,12.5152574032246,NA,NA,NA
"3099",2024-05-09 19:00:00,"historie",10.48,6.89380584993946,NA,NA,NA
"3100",2024-05-09 20:00:00,"historie",35.35,5.67141601419945,NA,NA,NA
"3101",2024-05-09 21:00:00,"historie",31.37,2.74922747279393,NA,NA,NA
"3102",2024-05-09 22:00:00,"historie",28.29,2.15027960552695,NA,NA,NA
"3103",2024-05-09 23:00:00,"historie",25.84,2.82049675453212,NA,NA,NA
"3104",2024-05-10,"historie",23.02,2.8062889379138,NA,NA,NA
"3105",2024-05-10 01:00:00,"historie",21.27,3.13496045049744,NA,NA,NA
"3106",2024-05-10 02:00:00,"historie",19.9,4.69603711443281,NA,NA,NA
"3107",2024-05-10 03:00:00,"historie",17.44,6.51557307488751,NA,NA,NA
"3108",2024-05-10 04:00:00,"historie",17.36,6.0531166007245,NA,NA,NA
"3109",2024-05-10 05:00:00,"historie",24.24,11.7913299043143,NA,NA,NA
"3110",2024-05-10 06:00:00,"historie",30.8,14.8494896679242,NA,NA,NA
"3111",2024-05-10 07:00:00,"historie",21.32,39.6632424013916,NA,NA,NA
"3112",2024-05-10 08:00:00,"historie",13.19,23.5251473597971,NA,NA,NA
"3113",2024-05-10 09:00:00,"historie",12.1,23.1333147489353,NA,NA,NA
"3114",2024-05-10 10:00:00,"historie",1.81,21.6068604629159,NA,NA,NA
"3115",2024-05-10 11:00:00,"historie",1.72,19.6668134916222,NA,NA,NA
"3116",2024-05-10 12:00:00,"historie",1.47,17.7237829754437,NA,NA,NA
"3117",2024-05-10 13:00:00,"historie",2.19,17.0033889794467,NA,NA,NA
"3118",2024-05-10 14:00:00,"historie",2.72,15.5671624997891,NA,NA,NA
"3119",2024-05-10 15:00:00,"historie",2.74,17.3317170414488,NA,NA,NA
"3120",2024-05-10 16:00:00,"historie",4.25,23.0178301182052,NA,NA,NA
"3121",2024-05-10 17:00:00,"historie",3.86,23.3232489971825,NA,NA,NA
"3122",2024-05-10 18:00:00,"historie",5.58,11.6499204171228,NA,NA,NA
"3123",2024-05-10 19:00:00,"historie",17.23,10.595806323934,NA,NA,NA
"3124",2024-05-10 20:00:00,"historie",27.76,8.7794447642458,NA,NA,NA
"3125",2024-05-10 21:00:00,"historie",49.42,1.45865252633935,NA,NA,NA
"3126",2024-05-10 22:00:00,"historie",40.87,2.31758674748566,NA,NA,NA
"3127",2024-05-10 23:00:00,"historie",37.75,1.7077765425947,NA,NA,NA
"3128",2024-05-11,"historie",29.61,2.82386849889613,NA,NA,NA
"3129",2024-05-11 01:00:00,"historie",23.9,3.03626821645116,NA,NA,NA
"3130",2024-05-11 02:00:00,"historie",20.44,3.47006209369002,NA,NA,NA
"3131",2024-05-11 03:00:00,"historie",17.76,5.19139437767497,NA,NA,NA
"3132",2024-05-11 04:00:00,"historie",17.99,5.1159372935095,NA,NA,NA
"3133",2024-05-11 05:00:00,"historie",18.79,8.57265420021967,NA,NA,NA
"3134",2024-05-11 06:00:00,"historie",18.84,28.0329831810033,NA,NA,NA
"3135",2024-05-11 07:00:00,"historie",15.9,26.3474124524195,NA,NA,NA
"3136",2024-05-11 08:00:00,"historie",9.69,40.2559664776077,NA,NA,NA
"3137",2024-05-11 09:00:00,"historie",7.58,29.5334032772222,NA,NA,NA
"3138",2024-05-11 10:00:00,"historie",6.59,29.5692803619474,NA,NA,NA
"3139",2024-05-11 11:00:00,"historie",2.4,23.4556690498089,NA,NA,NA
"3140",2024-05-11 12:00:00,"historie",10.69,19.4008931468084,NA,NA,NA
"3141",2024-05-11 13:00:00,"historie",10.61,17.1806021037166,NA,NA,NA
"3142",2024-05-11 14:00:00,"historie",2.58,16.0128309173376,NA,NA,NA
"3143",2024-05-11 15:00:00,"historie",3.05,18.5891164721292,NA,NA,NA
"3144",2024-05-11 16:00:00,"historie",3.64,18.3940168693238,NA,NA,NA
"3145",2024-05-11 17:00:00,"historie",3.91,15.2495214872028,NA,NA,NA
"3146",2024-05-11 18:00:00,"historie",6.79,10.1303923207548,NA,NA,NA
"3147",2024-05-11 19:00:00,"historie",19.2,8.45132041483935,NA,NA,NA
"3148",2024-05-11 20:00:00,"historie",24.88,4.84372458666502,NA,NA,NA
"3149",2024-05-11 21:00:00,"historie",38.6,5.70007301207216,NA,NA,NA
"3150",2024-05-11 22:00:00,"historie",33.68,2.18238554776275,NA,NA,NA
"3151",2024-05-11 23:00:00,"historie",34.6,11.7730376811846,NA,NA,NA
"3152",2024-05-12,"historie",28.67,8.09293522412744,NA,NA,NA
"3153",2024-05-12 01:00:00,"historie",21.76,2.20616754797778,NA,NA,NA
"3154",2024-05-12 02:00:00,"historie",17.54,4.20018279690458,NA,NA,NA
"3155",2024-05-12 03:00:00,"historie",16.27,4.13695815229589,NA,NA,NA
"3156",2024-05-12 04:00:00,"historie",14.85,5.38371259822719,NA,NA,NA
"3157",2024-05-12 05:00:00,"historie",14.08,11.2436612857332,NA,NA,NA
"3158",2024-05-12 06:00:00,"historie",13.02,28.4083523890723,NA,NA,NA
"3159",2024-05-12 07:00:00,"historie",8.4,25.804051812382,NA,NA,NA
"3160",2024-05-12 08:00:00,"historie",4.87,32.5424189699584,NA,NA,NA
"3161",2024-05-12 09:00:00,"historie",3.47,26.6358974077203,NA,NA,NA
"3162",2024-05-12 10:00:00,"historie",3.55,27.9808852433769,NA,NA,NA
"3163",2024-05-12 11:00:00,"historie",2.34,22.9663712448021,NA,NA,NA
"3164",2024-05-12 12:00:00,"historie",3.24,17.8759478073881,NA,NA,NA
"3165",2024-05-12 13:00:00,"historie",4.13,15.202447784152,NA,NA,NA
"3166",2024-05-12 14:00:00,"historie",2.89,15.3479106684315,NA,NA,NA
"3167",2024-05-12 15:00:00,"historie",2.15,15.4226934332767,NA,NA,NA
"3168",2024-05-12 16:00:00,"historie",3.3,14.3606584918702,NA,NA,NA
"3169",2024-05-12 17:00:00,"historie",3.72,11.4448209014811,NA,NA,NA
"3170",2024-05-12 18:00:00,"historie",3.43,5.91404912097499,NA,NA,NA
"3171",2024-05-12 19:00:00,"historie",4.19,4.87866178480996,NA,NA,NA
"3172",2024-05-12 20:00:00,"historie",15.8,2.93175304346585,NA,NA,NA
"3173",2024-05-12 21:00:00,"historie",12.48,3.21446728706214,NA,NA,NA
"3174",2024-05-12 22:00:00,"historie",12.78,3.07338201709377,NA,NA,NA
"3175",2024-05-12 23:00:00,"historie",5.64,3.64439083816944,NA,NA,NA
"3176",2024-05-13,"historie",7.17,3.64868151832326,NA,NA,NA
"3177",2024-05-13 01:00:00,"historie",13.47,3.00480382730556,NA,NA,NA
"3178",2024-05-13 02:00:00,"historie",6.73,2.74198002765686,NA,NA,NA
"3179",2024-05-13 03:00:00,"historie",12.74,4.12782039794938,NA,NA,NA
"3180",2024-05-13 04:00:00,"historie",28.24,5.25496597016741,NA,NA,NA
"3181",2024-05-13 05:00:00,"historie",36.67,6.19843517448562,NA,NA,NA
"3182",2024-05-13 06:00:00,"historie",68.39,7.4871284673017,NA,NA,NA
"3183",2024-05-13 07:00:00,"historie",31.88,23.4346097287599,NA,NA,NA
"3184",2024-05-13 08:00:00,"historie",3.27,11.5046339234823,NA,NA,NA
"3185",2024-05-13 09:00:00,"historie",3.45,13.9348183966579,NA,NA,NA
"3186",2024-05-13 10:00:00,"historie",2.95,5.85930379621988,NA,NA,NA
"3187",2024-05-13 11:00:00,"historie",2.29,8.77802585505148,NA,NA,NA
"3188",2024-05-13 12:00:00,"historie",2.63,14.0714242566505,NA,NA,NA
"3189",2024-05-13 13:00:00,"historie",2.53,6.51463494921018,NA,NA,NA
"3190",2024-05-13 14:00:00,"historie",2.87,14.6858951553689,NA,NA,NA
"3191",2024-05-13 15:00:00,"historie",5.44,28.0147650655318,NA,NA,NA
"3192",2024-05-13 16:00:00,"historie",5.45,30.1810886915641,NA,NA,NA
"3193",2024-05-13 17:00:00,"historie",4.82,44.0694457316392,NA,NA,NA
"3194",2024-05-13 18:00:00,"historie",4.53,14.8560353701827,NA,NA,NA
"3195",2024-05-13 19:00:00,"historie",6.73,2.55573634352224,NA,NA,NA
"3196",2024-05-13 20:00:00,"historie",26.62,3.46471301688561,NA,NA,NA
"3197",2024-05-13 21:00:00,"historie",79.12,2.59119407761986,NA,NA,NA
"3198",2024-05-13 22:00:00,"historie",47.16,3.01249995464698,NA,NA,NA
"3199",2024-05-13 23:00:00,"historie",26.18,3.05069863455748,NA,NA,NA
"3200",2024-05-14,"historie",27.72,2.43099861951215,NA,NA,NA
"3201",2024-05-14 01:00:00,"historie",28.88,3.09585278605145,NA,NA,NA
"3202",2024-05-14 02:00:00,"historie",26.5,6.66752367242963,NA,NA,NA
"3203",2024-05-14 03:00:00,"historie",23.34,5.34919280736696,NA,NA,NA
"3204",2024-05-14 04:00:00,"historie",22.07,5.80257012051643,NA,NA,NA
"3205",2024-05-14 05:00:00,"historie",26.87,7.03278162721592,NA,NA,NA
"3206",2024-05-14 06:00:00,"historie",29.26,12.3644198791632,NA,NA,NA
"3207",2024-05-14 07:00:00,"historie",13.06,31.085534185314,NA,NA,NA
"3208",2024-05-14 08:00:00,"historie",2.2,61.3333506294018,NA,NA,NA
"3209",2024-05-14 09:00:00,"historie",2.86,28.1132621782863,NA,NA,NA
"3210",2024-05-14 10:00:00,"historie",2.75,21.2147946215939,NA,NA,NA
"3211",2024-05-14 11:00:00,"historie",2.03,25.1988624864794,NA,NA,NA
"3212",2024-05-14 12:00:00,"historie",1.81,20.5870208424939,NA,NA,NA
"3213",2024-05-14 13:00:00,"historie",2.04,23.5394334467966,NA,NA,NA
"3214",2024-05-14 14:00:00,"historie",2.04,21.7971399607375,NA,NA,NA
"3215",2024-05-14 15:00:00,"historie",2.71,21.4753881610799,NA,NA,NA
"3216",2024-05-14 16:00:00,"historie",3.11,27.249745536472,NA,NA,NA
"3217",2024-05-14 17:00:00,"historie",3.34,19.9715019206694,NA,NA,NA
"3218",2024-05-14 18:00:00,"historie",4.03,6.13540129426371,NA,NA,NA
"3219",2024-05-14 19:00:00,"historie",6.3,2.17695700086867,NA,NA,NA
"3220",2024-05-14 20:00:00,"historie",10.29,2.98896991144475,NA,NA,NA
"3221",2024-05-14 21:00:00,"historie",15.32,2.50845410504953,NA,NA,NA
"3222",2024-05-14 22:00:00,"historie",18.52,2.64037290417658,NA,NA,NA
"3223",2024-05-14 23:00:00,"historie",19.22,2.13074353966434,NA,NA,NA
"3224",2024-05-15,"historie",12.47,2.23370172570796,NA,NA,NA
"3225",2024-05-15 01:00:00,"historie",19.88,2.54524262337958,NA,NA,NA
"3226",2024-05-15 10:00:00,"historie",3.45,3.53204917992194,NA,NA,NA
"3227",2024-05-15 11:00:00,"historie",2.82,3.55610914444553,NA,NA,NA
"3228",2024-05-15 12:00:00,"historie",2.3,4.35677661281642,NA,NA,NA
"3229",2024-05-15 13:00:00,"historie",2.12,6.6301076066164,NA,NA,NA
"3230",2024-05-15 14:00:00,"historie",2.42,12.6431491356345,NA,NA,NA
"3231",2024-05-15 15:00:00,"historie",3.03,14.91473945554,NA,NA,NA
"3232",2024-05-15 16:00:00,"historie",3.42,15.1749605942676,NA,NA,NA
"3233",2024-05-15 17:00:00,"historie",3.69,16.2122553954272,NA,NA,NA
"3234",2024-05-15 18:00:00,"historie",3.99,18.6418179926631,NA,NA,NA
"3235",2024-05-15 19:00:00,"historie",6.44,12.2684310137487,NA,NA,NA
"3236",2024-05-15 20:00:00,"historie",13.51,18.2653194411056,NA,NA,NA
"3237",2024-05-15 21:00:00,"historie",17.9,3.44234372520874,NA,NA,NA
"3238",2024-05-15 22:00:00,"historie",17.52,4.44081202224024,NA,NA,NA
"3239",2024-05-15 23:00:00,"historie",16.35,3.67866575005898,NA,NA,NA
"3240",2024-05-16,"historie",14.96,3.6079370054083,NA,NA,NA
"3241",2024-05-16 01:00:00,"historie",15.28,2.83834051084346,NA,NA,NA
"3242",2024-05-16 02:00:00,"historie",15.22,2.19169135141257,NA,NA,NA
"3243",2024-05-16 03:00:00,"historie",14.05,4.2597515083506,NA,NA,NA
"3244",2024-05-16 04:00:00,"historie",13.55,3.28952050809094,NA,NA,NA
"3245",2024-05-16 05:00:00,"historie",14.24,3.43995821136647,NA,NA,NA
"3246",2024-05-16 06:00:00,"historie",14.77,6.93585304817264,NA,NA,NA
"3247",2024-05-16 07:00:00,"historie",7.96,11.3810180678888,NA,NA,NA
"3248",2024-05-16 08:00:00,"historie",3.8,11.7426615701336,NA,NA,NA
"3249",2024-05-16 09:00:00,"historie",3.82,13.1370496773387,NA,NA,NA
"3250",2024-05-16 10:00:00,"historie",3.86,13.0124175734794,NA,NA,NA
"3251",2024-05-16 11:00:00,"historie",2.55,11.5244757883005,NA,NA,NA
"3252",2024-05-16 12:00:00,"historie",4.11,13.8847644555883,NA,NA,NA
"3253",2024-05-16 13:00:00,"historie",4,17.4921773287206,NA,NA,NA
"3254",2024-05-16 14:00:00,"historie",10.91,19.8559748259388,NA,NA,NA
"3255",2024-05-16 15:00:00,"historie",8.22,16.4732189042805,NA,NA,NA
"3256",2024-05-16 16:00:00,"historie",7.29,14.2470614568966,NA,NA,NA
"3257",2024-05-16 17:00:00,"historie",5.53,13.8074449469284,NA,NA,NA
"3258",2024-05-16 18:00:00,"historie",6.51,7.8307724014354,NA,NA,NA
"3259",2024-05-16 19:00:00,"historie",7.72,5.08810807341054,NA,NA,NA
"3260",2024-05-16 20:00:00,"historie",9.63,3.66712338805484,NA,NA,NA
"3261",2024-05-16 21:00:00,"historie",9.57,5.0682814698268,NA,NA,NA
"3262",2024-05-16 22:00:00,"historie",10.89,3.28766126698491,NA,NA,NA
"3263",2024-05-16 23:00:00,"historie",11.42,6.05050975770416,NA,NA,NA
"3264",2024-05-17,"historie",11.81,5.33190836695059,NA,NA,NA
"3265",2024-05-17 01:00:00,"historie",7.83,10.9654389777247,NA,NA,NA
"3266",2024-05-17 02:00:00,"historie",4.39,4.70462469823249,NA,NA,NA
"3267",2024-05-17 03:00:00,"historie",4.19,7.28518727287818,NA,NA,NA
"3268",2024-05-17 04:00:00,"historie",4.19,4.41453959684603,NA,NA,NA
"3269",2024-05-17 05:00:00,"historie",4.24,5.78878476963247,NA,NA,NA
"3270",2024-05-17 06:00:00,"historie",4.15,8.40836053682692,NA,NA,NA
"3271",2024-05-17 09:00:00,"historie",38.12,8.73401119165742,NA,NA,NA
"3272",2024-05-17 10:00:00,"historie",55.4,7.52406769195595,NA,NA,NA
"3273",2024-05-17 11:00:00,"historie",33.1,9.71469545481222,NA,NA,NA
"3274",2024-05-17 12:00:00,"historie",27.32,10.2233809161967,NA,NA,NA
"3275",2024-05-17 13:00:00,"historie",20.22,10.2301871395641,NA,NA,NA
"3276",2024-05-17 14:00:00,"historie",12.22,7.73128673766406,NA,NA,NA
"3277",2024-05-17 15:00:00,"historie",17.98,5.9085674219118,NA,NA,NA
"3278",2024-05-17 16:00:00,"historie",14.96,7.48318507350048,NA,NA,NA
"3279",2024-05-17 17:00:00,"historie",7.61,6.45237333032603,NA,NA,NA
"3280",2024-05-17 18:00:00,"historie",8.78,5.55240579912488,NA,NA,NA
"3281",2024-05-17 19:00:00,"historie",11.7,4.71170829613407,NA,NA,NA
"3282",2024-05-17 20:00:00,"historie",10.61,39.6053540109104,NA,NA,NA
"3283",2024-05-17 21:00:00,"historie",10.94,40.5783904370689,NA,NA,NA
"3284",2024-05-17 22:00:00,"historie",10.76,18.5988933414705,NA,NA,NA
"3285",2024-05-17 23:00:00,"historie",9.07,20.4758455394738,NA,NA,NA
"3286",2024-05-18,"historie",5.94,17.4908402359398,NA,NA,NA
"3287",2024-05-18 01:00:00,"historie",6.14,11.1133232704406,NA,NA,NA
"3288",2024-05-18 02:00:00,"historie",5.69,21.4043008233146,NA,NA,NA
"3289",2024-05-18 03:00:00,"historie",10.62,10.5350019926011,NA,NA,NA
"3290",2024-05-18 04:00:00,"historie",12.28,4.68438008839737,NA,NA,NA
"3291",2024-05-18 05:00:00,"historie",8.6,8.51701503433411,NA,NA,NA
"3292",2024-05-18 06:00:00,"historie",8.52,9.14455511010236,NA,NA,NA
"3293",2024-05-18 07:00:00,"historie",7.23,8.11896993496996,NA,NA,NA
"3294",2024-05-18 08:00:00,"historie",6.95,10.8489832441396,NA,NA,NA
"3295",2024-05-18 09:00:00,"historie",8.51,9.13777589372318,NA,NA,NA
"3296",2024-05-18 10:00:00,"historie",6.22,7.41431217321439,NA,NA,NA
"3297",2024-05-18 11:00:00,"historie",4.31,5.62421775686796,NA,NA,NA
"3298",2024-05-18 12:00:00,"historie",4.4,6.55074228173769,NA,NA,NA
"3299",2024-05-18 13:00:00,"historie",15.2,5.39812596064919,NA,NA,NA
"3300",2024-05-18 14:00:00,"historie",7.91,10.7787017654017,NA,NA,NA
"3301",2024-05-18 15:00:00,"historie",3.7,13.4400463209453,NA,NA,NA
"3302",2024-05-18 16:00:00,"historie",21.06,11.0259683649956,NA,NA,NA
"3303",2024-05-18 17:00:00,"historie",17.59,10.5840224207365,NA,NA,NA
"3304",2024-05-18 18:00:00,"historie",17.22,7.70770507691736,NA,NA,NA
"3305",2024-05-18 19:00:00,"historie",11.77,9.87977893408184,NA,NA,NA
"3306",2024-05-18 20:00:00,"historie",15.35,9.37583871888848,NA,NA,NA
"3307",2024-05-18 21:00:00,"historie",9.43,7.06155021095119,NA,NA,NA
"3308",2024-05-18 22:00:00,"historie",6.1,4.2888480679105,NA,NA,NA
"3309",2024-05-18 23:00:00,"historie",5.6,5.29077416777017,NA,NA,NA
"3310",2024-05-19,"historie",7.83,17.2594374589869,NA,NA,NA
"3311",2024-05-19 01:00:00,"historie",9.16,7.91060461219563,NA,NA,NA
"3312",2024-05-19 02:00:00,"historie",7.35,4.82057135332849,NA,NA,NA
"3313",2024-05-19 03:00:00,"historie",7.34,19.5576720558453,NA,NA,NA
"3314",2024-05-19 04:00:00,"historie",7.66,9.78611379522737,NA,NA,NA
"3315",2024-05-19 05:00:00,"historie",10.14,14.7330401637817,NA,NA,NA
"3316",2024-05-19 06:00:00,"historie",12.63,8.33331805201398,NA,NA,NA
"3317",2024-05-19 07:00:00,"historie",12.17,12.3224910303188,NA,NA,NA
"3318",2024-05-19 08:00:00,"historie",6.77,8.54499035605962,NA,NA,NA
"3319",2024-05-19 09:00:00,"historie",4.65,5.60541640857019,NA,NA,NA
"3320",2024-05-19 10:00:00,"historie",5.93,5.02602485731056,NA,NA,NA
"3321",2024-05-19 11:00:00,"historie",4.02,7.96454836250761,NA,NA,NA
"3322",2024-05-19 12:00:00,"historie",3.68,8.56815044716269,NA,NA,NA
"3323",2024-05-19 13:00:00,"historie",3.98,7.16596690723343,NA,NA,NA
"3324",2024-05-19 14:00:00,"historie",1.81,7.55750990855039,NA,NA,NA
"3325",2024-05-19 15:00:00,"historie",1.92,8.81942543567031,NA,NA,NA
"3326",2024-05-19 16:00:00,"historie",6.36,13.5895560155224,NA,NA,NA
"3327",2024-05-19 17:00:00,"historie",6.38,13.8403662928073,NA,NA,NA
"3328",2024-05-19 18:00:00,"historie",3.41,11.6651108462613,NA,NA,NA
"3329",2024-05-19 19:00:00,"historie",8.25,7.88861528600928,NA,NA,NA
"3330",2024-05-19 20:00:00,"historie",27.05,5.05093125729194,NA,NA,NA
"3331",2024-05-19 21:00:00,"historie",45.8,7.14041079029787,NA,NA,NA
"3332",2024-05-19 22:00:00,"historie",36.72,3.92234633149384,NA,NA,NA
"3333",2024-05-19 23:00:00,"historie",21.31,5.35305450702337,NA,NA,NA
"3334",2024-05-20,"historie",18.95,4.49523403579992,NA,NA,NA
"3335",2024-05-20 01:00:00,"historie",15.86,2.27174872851596,NA,NA,NA
"3336",2024-05-20 02:00:00,"historie",13.13,4.2086730526132,NA,NA,NA
"3337",2024-05-20 03:00:00,"historie",11.44,6.83817949244818,NA,NA,NA
"3338",2024-05-20 04:00:00,"historie",10.74,5.14390017098956,NA,NA,NA
"3339",2024-05-20 05:00:00,"historie",10.9,3.57511257340485,NA,NA,NA
"3340",2024-05-20 06:00:00,"historie",18.27,8.9950210958465,NA,NA,NA
"3341",2024-05-20 07:00:00,"historie",14.66,20.2314118715356,NA,NA,NA
"3342",2024-05-20 08:00:00,"historie",4.44,32.0208846404383,NA,NA,NA
"3343",2024-05-20 09:00:00,"historie",4.89,22.400142041604,NA,NA,NA
"3344",2024-05-20 10:00:00,"historie",3.32,13.9907326604858,NA,NA,NA
"3345",2024-05-20 11:00:00,"historie",1.82,15.0048131270601,NA,NA,NA
"3346",2024-05-20 12:00:00,"historie",1.9,12.2122791870725,NA,NA,NA
"3347",2024-05-20 13:00:00,"historie",1.93,11.1170787528057,NA,NA,NA
"3348",2024-05-20 14:00:00,"historie",1.94,10.2837841925722,NA,NA,NA
"3349",2024-05-20 15:00:00,"historie",2.88,11.6473172491864,NA,NA,NA
"3350",2024-05-20 16:00:00,"historie",3.28,13.5668232814508,NA,NA,NA
"3351",2024-05-20 17:00:00,"historie",4.04,19.4046151069831,NA,NA,NA
"3352",2024-05-20 18:00:00,"historie",4.11,11.8650857787103,NA,NA,NA
"3353",2024-05-20 19:00:00,"historie",24.35,4.75216176439583,NA,NA,NA
"3354",2024-05-20 20:00:00,"historie",41.57,6.08645604213159,NA,NA,NA
"3355",2024-05-20 21:00:00,"historie",60.78,3.70352157804659,NA,NA,NA
"3356",2024-05-20 22:00:00,"historie",45.62,2.10660231234832,NA,NA,NA
"3357",2024-05-20 23:00:00,"historie",38.02,3.0265592859266,NA,NA,NA
"3358",2024-05-21,"historie",27.3,2.27228333311425,NA,NA,NA
"3359",2024-05-21 01:00:00,"historie",22.96,2.77281901485919,NA,NA,NA
"3360",2024-05-21 02:00:00,"historie",17.83,5.88879528134261,NA,NA,NA
"3361",2024-05-21 03:00:00,"historie",19.35,3.36725248253085,NA,NA,NA
"3362",2024-05-21 04:00:00,"historie",19.14,3.64933845278671,NA,NA,NA
"3363",2024-05-21 05:00:00,"historie",23.02,5.19931047868434,NA,NA,NA
"3364",2024-05-21 06:00:00,"historie",22.03,27.5859337553736,NA,NA,NA
"3365",2024-05-21 07:00:00,"historie",14.2,27.8447110606775,NA,NA,NA
"3366",2024-05-21 08:00:00,"historie",2.82,41.4541153497507,NA,NA,NA
"3367",2024-05-21 09:00:00,"historie",3.38,25.955706695039,NA,NA,NA
"3368",2024-05-21 10:00:00,"historie",2.36,24.1630183509874,NA,NA,NA
"3369",2024-05-21 11:00:00,"historie",2.44,18.819527725394,NA,NA,NA
"3370",2024-05-21 12:00:00,"historie",3.07,16.6826063028854,NA,NA,NA
"3371",2024-05-21 13:00:00,"historie",23.59,13.8416197643032,NA,NA,NA
"3372",2024-05-21 14:00:00,"historie",59.17,16.1304901352493,NA,NA,NA
"3373",2024-05-21 15:00:00,"historie",52.84,17.7731265009566,NA,NA,NA
"3374",2024-05-21 16:00:00,"historie",12.27,25.8311584150214,NA,NA,NA
"3375",2024-05-21 17:00:00,"historie",5.82,19.2965579401821,NA,NA,NA
"3376",2024-05-21 18:00:00,"historie",8.02,10.0507925793507,NA,NA,NA
"3377",2024-05-21 19:00:00,"historie",9.74,3.17724679438015,NA,NA,NA
"3378",2024-05-21 20:00:00,"historie",4.42,4.29644467048121,NA,NA,NA
"3379",2024-05-21 21:00:00,"historie",15.91,2.60710487006557,NA,NA,NA
"3380",2024-05-21 22:00:00,"historie",29.55,2.93758567233551,NA,NA,NA
"3381",2024-05-21 23:00:00,"historie",23,4.14170118810586,NA,NA,NA
"3382",2024-05-22,"historie",15.42,22.7845854883664,NA,NA,NA
"3383",2024-05-22 01:00:00,"historie",11.67,42.215425501167,NA,NA,NA
"3384",2024-05-22 02:00:00,"historie",11.41,43.9123015901849,NA,NA,NA
"3385",2024-05-22 03:00:00,"historie",10.39,7.42932974684809,NA,NA,NA
"3386",2024-05-22 04:00:00,"historie",11.46,4.50734226679339,NA,NA,NA
"3387",2024-05-22 05:00:00,"historie",8.71,11.5340582052782,NA,NA,NA
"3388",2024-05-22 06:00:00,"historie",4.23,10.2626292218516,NA,NA,NA
"3389",2024-05-22 07:00:00,"historie",3.82,4.59955762904842,NA,NA,NA
"3390",2024-05-22 08:00:00,"historie",3.13,18.2298259059951,NA,NA,NA
"3391",2024-05-22 09:00:00,"historie",3.73,22.1888730954482,NA,NA,NA
"3392",2024-05-22 10:00:00,"historie",15.96,15.8905531218811,NA,NA,NA
"3393",2024-05-22 11:00:00,"historie",24.76,12.3857713285798,NA,NA,NA
"3394",2024-05-22 12:00:00,"historie",13.68,9.77270154418586,NA,NA,NA
"3395",2024-05-22 13:00:00,"historie",8.62,10.7547934573823,NA,NA,NA
"3396",2024-05-22 14:00:00,"historie",4.5,9.78171224459531,NA,NA,NA
"3397",2024-05-22 15:00:00,"historie",3.68,12.7684631186735,NA,NA,NA
"3398",2024-05-22 16:00:00,"historie",4.65,10.6761924515249,NA,NA,NA
"3399",2024-05-22 17:00:00,"historie",3.96,4.70756124030398,NA,NA,NA
"3400",2024-05-22 18:00:00,"historie",9.01,3.42354915756434,NA,NA,NA
"3401",2024-05-22 19:00:00,"historie",5.57,4.3830845132496,NA,NA,NA
"3402",2024-05-22 20:00:00,"historie",6.47,4.09982220573965,NA,NA,NA
"3403",2024-05-22 21:00:00,"historie",14.64,16.2710101856592,NA,NA,NA
"3404",2024-05-22 22:00:00,"historie",17.28,17.6552504049055,NA,NA,NA
"3405",2024-05-22 23:00:00,"historie",18.92,14.9291972074449,NA,NA,NA
"3406",2024-05-23,"historie",15.79,8.10703711775909,NA,NA,NA
"3407",2024-05-23 01:00:00,"historie",12.99,4.98372969959347,NA,NA,NA
"3408",2024-05-23 02:00:00,"historie",11.03,4.82212112094756,NA,NA,NA
"3409",2024-05-23 03:00:00,"historie",9.33,4.56869673017005,NA,NA,NA
"3410",2024-05-23 04:00:00,"historie",8.9,3.80799873091601,NA,NA,NA
"3411",2024-05-23 05:00:00,"historie",12.48,12.5018662652884,NA,NA,NA
"3412",2024-05-23 06:00:00,"historie",9.95,5.00465262876341,NA,NA,NA
"3413",2024-05-23 07:00:00,"historie",7.89,8.84427095471508,NA,NA,NA
"3414",2024-05-23 08:00:00,"historie",3.37,16.0511217271424,NA,NA,NA
"3415",2024-05-23 09:00:00,"historie",2.35,13.8422867062878,NA,NA,NA
"3416",2024-05-23 10:00:00,"historie",2.07,14.5714736086652,NA,NA,NA
"3417",2024-05-23 11:00:00,"historie",2.15,12.6388628427425,NA,NA,NA
"3418",2024-05-23 12:00:00,"historie",3,10.907839813059,NA,NA,NA
"3419",2024-05-23 13:00:00,"historie",2.5,9.96491337466755,NA,NA,NA
"3420",2024-05-23 14:00:00,"historie",2.85,9.06718454111401,NA,NA,NA
"3421",2024-05-23 15:00:00,"historie",4.2,9.51843513871576,NA,NA,NA
"3422",2024-05-23 16:00:00,"historie",3.69,13.6765085844447,NA,NA,NA
"3423",2024-05-23 17:00:00,"historie",6.82,9.46958704010315,NA,NA,NA
"3424",2024-05-23 18:00:00,"historie",7.22,6.02260988639601,NA,NA,NA
"3425",2024-05-23 19:00:00,"historie",6.63,4.03902441943512,NA,NA,NA
"3426",2024-05-23 20:00:00,"historie",21.9,3.37932060088585,NA,NA,NA
"3427",2024-05-23 21:00:00,"historie",34.95,2.77329059674442,NA,NA,NA
"3428",2024-05-23 22:00:00,"historie",37.47,2.5737003852625,NA,NA,NA
"3429",2024-05-23 23:00:00,"historie",34.48,4.72222161021943,NA,NA,NA
"3430",2024-05-24,"historie",32.24,2.8019668952278,NA,NA,NA
"3431",2024-05-24 01:00:00,"historie",24.06,3.80807210185142,NA,NA,NA
"3432",2024-05-24 02:00:00,"historie",21.08,5.94627960177367,NA,NA,NA
"3433",2024-05-24 03:00:00,"historie",16.78,3.49420266933376,NA,NA,NA
"3434",2024-05-24 04:00:00,"historie",16.67,7.61779187577927,NA,NA,NA
"3435",2024-05-24 05:00:00,"historie",18.38,7.78564644040649,NA,NA,NA
"3436",2024-05-24 06:00:00,"historie",21.87,6.85472330096518,NA,NA,NA
"3437",2024-05-24 07:00:00,"historie",24.95,27.2580121754628,NA,NA,NA
"3438",2024-05-24 08:00:00,"historie",7.68,28.0778445668736,NA,NA,NA
"3439",2024-05-24 09:00:00,"historie",3.21,26.4501456191955,NA,NA,NA
"3440",2024-05-24 10:00:00,"historie",2.76,22.6684070659838,NA,NA,NA
"3441",2024-05-24 11:00:00,"historie",3.69,22.5693555031757,NA,NA,NA
"3442",2024-05-24 12:00:00,"historie",14.63,16.9785580642135,NA,NA,NA
"3443",2024-05-24 13:00:00,"historie",13.09,16.3560092415802,NA,NA,NA
"3444",2024-05-24 14:00:00,"historie",6.58,13.8682350541417,NA,NA,NA
"3445",2024-05-24 15:00:00,"historie",9.96,16.366686570966,NA,NA,NA
"3446",2024-05-24 16:00:00,"historie",8.68,17.2293873723869,NA,NA,NA
"3447",2024-05-24 17:00:00,"historie",5.6,18.4876069562646,NA,NA,NA
"3448",2024-05-24 18:00:00,"historie",5.02,14.2539461343431,NA,NA,NA
"3449",2024-05-24 19:00:00,"historie",6.19,6.56087956430868,NA,NA,NA
"3450",2024-05-24 20:00:00,"historie",9.57,3.52708281274559,NA,NA,NA
"3451",2024-05-24 21:00:00,"historie",17.98,3.33338684308827,NA,NA,NA
"3452",2024-05-24 22:00:00,"historie",25.31,4.22795744517398,NA,NA,NA
"3453",2024-05-24 23:00:00,"historie",21.27,17.5443529733584,NA,NA,NA
"3454",2024-05-25,"historie",19.16,9.99651636513164,NA,NA,NA
"3455",2024-05-25 01:00:00,"historie",14.3,6.45709011272508,NA,NA,NA
"3456",2024-05-25 02:00:00,"historie",13.32,11.1410575594846,NA,NA,NA
"3457",2024-05-25 03:00:00,"historie",11.21,7.48131944144423,NA,NA,NA
"3458",2024-05-25 04:00:00,"historie",11.44,5.22805123992131,NA,NA,NA
"3459",2024-05-25 05:00:00,"historie",11.81,5.96114703399348,NA,NA,NA
"3460",2024-05-25 06:00:00,"historie",10.71,8.08018836280531,NA,NA,NA
"3461",2024-05-25 07:00:00,"historie",10.31,12.538931349431,NA,NA,NA
"3462",2024-05-25 08:00:00,"historie",7.21,18.6111215491096,NA,NA,NA
"3463",2024-05-25 09:00:00,"historie",5.87,20.7990917852322,NA,NA,NA
"3464",2024-05-25 10:00:00,"historie",3.39,16.0329298420784,NA,NA,NA
"3465",2024-05-25 11:00:00,"historie",2.68,15.1795921413462,NA,NA,NA
"3466",2024-05-25 12:00:00,"historie",2.5,11.7034082929604,NA,NA,NA
"3467",2024-05-25 13:00:00,"historie",3.18,11.6314177824883,NA,NA,NA
"3468",2024-05-25 14:00:00,"historie",2.84,10.4892980299759,NA,NA,NA
"3469",2024-05-25 15:00:00,"historie",6.64,12.3109707340852,NA,NA,NA
"3470",2024-05-25 16:00:00,"historie",17.36,12.6548251355575,NA,NA,NA
"3471",2024-05-25 17:00:00,"historie",15.96,10.7419356787037,NA,NA,NA
"3472",2024-05-25 18:00:00,"historie",43.43,6.67103243120532,NA,NA,NA
"3473",2024-05-25 19:00:00,"historie",42.76,6.6574532291058,NA,NA,NA
"3474",2024-05-25 20:00:00,"historie",26.08,5.98547886001405,NA,NA,NA
"3475",2024-05-25 21:00:00,"historie",21.34,3.66089270952666,NA,NA,NA
"3476",2024-05-25 22:00:00,"historie",16.45,3.70802453875659,NA,NA,NA
"3477",2024-05-25 23:00:00,"historie",13.33,3.44402625525811,NA,NA,NA
"3478",2024-05-26,"historie",10.92,3.57682845669957,NA,NA,NA
"3479",2024-05-26 01:00:00,"historie",7.62,3.8788693970368,NA,NA,NA
"3480",2024-05-26 02:00:00,"historie",7.06,8.4570422130871,NA,NA,NA
"3481",2024-05-26 03:00:00,"historie",7.8,14.3811549744887,NA,NA,NA
"3482",2024-05-26 04:00:00,"historie",9.42,11.9096115749615,NA,NA,NA
"3483",2024-05-26 05:00:00,"historie",8.88,38.4670513402906,NA,NA,NA
"3484",2024-05-26 06:00:00,"historie",13.6,32.1300214419299,NA,NA,NA
"3485",2024-05-26 07:00:00,"historie",11.86,24.2553381456293,NA,NA,NA
"3486",2024-05-26 08:00:00,"historie",11.64,19.5199183549418,NA,NA,NA
"3487",2024-05-26 09:00:00,"historie",9.59,13.6354060975781,NA,NA,NA
"3488",2024-05-26 10:00:00,"historie",6.01,11.4700977595239,NA,NA,NA
"3489",2024-05-26 11:00:00,"historie",3.13,9.50488501230918,NA,NA,NA
"3490",2024-05-26 12:00:00,"historie",2.46,7.20722435720844,NA,NA,NA
"3491",2024-05-26 13:00:00,"historie",2.12,7.06228825246825,NA,NA,NA
"3492",2024-05-26 14:00:00,"historie",2.39,8.3445756930093,NA,NA,NA
"3493",2024-05-26 15:00:00,"historie",2.71,10.6141088373222,NA,NA,NA
"3494",2024-05-26 16:00:00,"historie",4.28,9.57926795984202,NA,NA,NA
"3495",2024-05-26 17:00:00,"historie",5.01,14.0148696109277,NA,NA,NA
"3496",2024-05-26 18:00:00,"historie",38.15,7.5013716049589,NA,NA,NA
"3497",2024-05-26 19:00:00,"historie",78.37,10.4321696549381,NA,NA,NA
"3498",2024-05-26 20:00:00,"historie",43.89,7.99328756173368,NA,NA,NA
"3499",2024-05-26 21:00:00,"historie",28.56,5.5222238670582,NA,NA,NA
"3500",2024-05-26 22:00:00,"historie",20.79,3.47851052974703,NA,NA,NA
"3501",2024-05-26 23:00:00,"historie",18.48,3.35194143532546,NA,NA,NA
"3502",2024-05-27,"historie",16.02,2.41254403492834,NA,NA,NA
"3503",2024-05-27 01:00:00,"historie",13.62,3.83390017301538,NA,NA,NA
"3504",2024-05-27 02:00:00,"historie",10.85,4.12715121177157,NA,NA,NA
"3505",2024-05-27 03:00:00,"historie",8.27,4.75945864289614,NA,NA,NA
"3506",2024-05-27 04:00:00,"historie",7.08,6.30697388207055,NA,NA,NA
"3507",2024-05-27 05:00:00,"historie",9.38,41.7966683241611,NA,NA,NA
"3508",2024-05-27 06:00:00,"historie",11.89,53.6665000793974,NA,NA,NA
"3509",2024-05-27 07:00:00,"historie",13.04,33.4170639522975,NA,NA,NA
"3510",2024-05-27 08:00:00,"historie",14.58,22.6370859633708,NA,NA,NA
"3511",2024-05-27 09:00:00,"historie",5.33,16.1666401323177,NA,NA,NA
"3512",2024-05-27 10:00:00,"historie",3.33,14.751708732023,NA,NA,NA
"3513",2024-05-27 11:00:00,"historie",3.17,12.4029214533648,NA,NA,NA
"3514",2024-05-27 12:00:00,"historie",3.32,11.5096118883076,NA,NA,NA
"3515",2024-05-27 13:00:00,"historie",6.08,9.60600703657577,NA,NA,NA
"3516",2024-05-27 14:00:00,"historie",24.38,8.31236910441693,NA,NA,NA
"3517",2024-05-27 15:00:00,"historie",35.98,7.86031446170875,NA,NA,NA
"3518",2024-05-27 16:00:00,"historie",3.88,11.3467096833077,NA,NA,NA
"3519",2024-05-27 17:00:00,"historie",2.79,11.7127945762909,NA,NA,NA
"3520",2024-05-27 18:00:00,"historie",4.83,9.22076135988954,NA,NA,NA
"3521",2024-05-27 19:00:00,"historie",6.03,12.4963654791118,NA,NA,NA
"3522",2024-05-27 20:00:00,"historie",14.37,4.30420276250549,NA,NA,NA
"3523",2024-05-27 21:00:00,"historie",11.96,3.37778894524809,NA,NA,NA
"3524",2024-05-27 22:00:00,"historie",17.41,3.7349095848509,NA,NA,NA
"3525",2024-05-27 23:00:00,"historie",17.42,4.06022704968921,NA,NA,NA
"3526",2024-05-28,"historie",14.5,6.26511755573527,NA,NA,NA
"3527",2024-05-28 01:00:00,"historie",13.99,25.8719955020352,NA,NA,NA
"3528",2024-05-28 02:00:00,"historie",11.3,29.5198884197709,NA,NA,NA
"3529",2024-05-28 03:00:00,"historie",10.06,2.74244803706932,NA,NA,NA
"3530",2024-05-28 04:00:00,"historie",10.73,5.15535689524276,NA,NA,NA
"3531",2024-05-28 05:00:00,"historie",13.98,7.06945253374679,NA,NA,NA
"3532",2024-05-28 06:00:00,"historie",17.55,7.05539760351519,NA,NA,NA
"3533",2024-05-28 07:00:00,"historie",16.67,17.9349629436632,NA,NA,NA
"3534",2024-05-28 08:00:00,"historie",8.48,11.229041424878,NA,NA,NA
"3535",2024-05-28 09:00:00,"historie",13.15,16.3466743185781,NA,NA,NA
"3536",2024-05-28 10:00:00,"historie",9.03,14.1295298295536,NA,NA,NA
"3537",2024-05-28 11:00:00,"historie",6.37,11.6522604833655,NA,NA,NA
"3538",2024-05-28 12:00:00,"historie",3.19,11.8759489133268,NA,NA,NA
"3539",2024-05-28 13:00:00,"historie",3.58,9.58165818314203,NA,NA,NA
"3540",2024-05-28 14:00:00,"historie",3.34,9.61128851086003,NA,NA,NA
"3541",2024-05-28 15:00:00,"historie",2.76,11.5007293871311,NA,NA,NA
"3542",2024-05-28 16:00:00,"historie",3.27,15.1040995463005,NA,NA,NA
"3543",2024-05-28 17:00:00,"historie",3.71,16.1749248258995,NA,NA,NA
"3544",2024-05-28 18:00:00,"historie",6.32,11.6017708038722,NA,NA,NA
"3545",2024-05-28 19:00:00,"historie",5.87,6.36076644878147,NA,NA,NA
"3546",2024-05-28 20:00:00,"historie",12.64,11.3035561513159,NA,NA,NA
"3547",2024-05-28 21:00:00,"historie",24.75,7.03418677650315,NA,NA,NA
"3548",2024-05-28 22:00:00,"historie",14.81,6.11307723035843,NA,NA,NA
"3549",2024-05-28 23:00:00,"historie",13.37,3.76460348810552,NA,NA,NA
"3550",2024-05-29,"historie",15.34,4.85929151735677,NA,NA,NA
"3551",2024-05-29 01:00:00,"historie",14.87,4.62745352715823,NA,NA,NA
"3552",2024-05-29 02:00:00,"historie",11.53,2.84975005831862,NA,NA,NA
"3553",2024-05-29 03:00:00,"historie",9.2,3.75804245893032,NA,NA,NA
"3554",2024-05-29 04:00:00,"historie",8.01,5.76300478151061,NA,NA,NA
"3555",2024-05-29 05:00:00,"historie",8.81,8.25974316042165,NA,NA,NA
"3556",2024-05-29 06:00:00,"historie",11.16,7.3172113093722,NA,NA,NA
"3557",2024-05-29 07:00:00,"historie",14.29,15.1459005711752,NA,NA,NA
"3558",2024-05-29 08:00:00,"historie",11.53,24.4993394698005,NA,NA,NA
"3559",2024-05-29 09:00:00,"historie",6.65,11.880488015144,NA,NA,NA
"3560",2024-05-29 10:00:00,"historie",2.51,11.8250229444892,NA,NA,NA
"3561",2024-05-29 11:00:00,"historie",1.33,13.0948919717882,NA,NA,NA
"3562",2024-05-29 12:00:00,"historie",1.83,12.1871573102504,NA,NA,NA
"3563",2024-05-29 13:00:00,"historie",2.44,9.77032750405305,NA,NA,NA
"3564",2024-05-29 14:00:00,"historie",2.92,8.9610249394926,NA,NA,NA
"3565",2024-05-29 15:00:00,"historie",3.5,9.04974737398117,NA,NA,NA
"3566",2024-05-29 16:00:00,"historie",3.91,10.5025254440157,NA,NA,NA
"3567",2024-05-29 17:00:00,"historie",5.81,11.5034329421687,NA,NA,NA
"3568",2024-05-29 18:00:00,"historie",8.83,10.2860877795863,NA,NA,NA
"3569",2024-05-29 19:00:00,"historie",14.08,10.0228345336995,NA,NA,NA
"3570",2024-05-29 20:00:00,"historie",18.1,5.40795257700694,NA,NA,NA
"3571",2024-05-29 21:00:00,"historie",26.13,2.45291306877678,NA,NA,NA
"3572",2024-05-29 22:00:00,"historie",27.53,1.6107934708539,NA,NA,NA
"3573",2024-05-29 23:00:00,"historie",24.28,2.90570215313772,NA,NA,NA
"3574",2024-05-30,"historie",33.72,3.21568613210953,NA,NA,NA
"3575",2024-05-30 01:00:00,"historie",36.19,3.98512506376744,NA,NA,NA
"3576",2024-05-30 02:00:00,"historie",25.38,3.98173706420249,NA,NA,NA
"3577",2024-05-30 03:00:00,"historie",17.99,4.21361994246742,NA,NA,NA
"3578",2024-05-30 04:00:00,"historie",18.57,8.61442059762044,NA,NA,NA
"3579",2024-05-30 05:00:00,"historie",15.04,9.79855637281865,NA,NA,NA
"3580",2024-05-30 06:00:00,"historie",20.51,16.7768032930671,NA,NA,NA
"3581",2024-05-30 07:00:00,"historie",13.9,19.2717735592244,NA,NA,NA
"3582",2024-05-30 08:00:00,"historie",10.36,22.5309273743694,NA,NA,NA
"3583",2024-05-30 09:00:00,"historie",3.6,21.6033286096401,NA,NA,NA
"3584",2024-05-30 10:00:00,"historie",3.11,18.8295527929039,NA,NA,NA
"3585",2024-05-30 11:00:00,"historie",9.22,25.2581735828826,NA,NA,NA
"3586",2024-05-30 12:00:00,"historie",10.38,24.1219114235336,NA,NA,NA
"3587",2024-05-30 13:00:00,"historie",5.92,17.3257415023754,NA,NA,NA
"3588",2024-05-30 14:00:00,"historie",4.81,14.3942753877277,NA,NA,NA
"3589",2024-05-30 15:00:00,"historie",2.42,17.5806212015076,NA,NA,NA
"3590",2024-05-30 16:00:00,"historie",2.7,14.849826453255,NA,NA,NA
"3591",2024-05-30 17:00:00,"historie",4.8,19.5000794554573,NA,NA,NA
"3592",2024-05-30 18:00:00,"historie",46.59,9.272221104194,NA,NA,NA
"3593",2024-05-30 19:00:00,"historie",15.99,8.61949156747556,NA,NA,NA
"3594",2024-05-30 20:00:00,"historie",23,2.77473866636473,NA,NA,NA
"3595",2024-05-30 21:00:00,"historie",22.88,3.16130840291865,NA,NA,NA
"3596",2024-05-30 22:00:00,"historie",16.43,9.83141655370006,NA,NA,NA
"3597",2024-05-30 23:00:00,"historie",10.86,9.75188792466863,NA,NA,NA
"3598",2024-05-31,"historie",10.43,5.57886295515427,NA,NA,NA
"3599",2024-05-31 01:00:00,"historie",7.71,5.60215684614571,NA,NA,NA
"3600",2024-05-31 02:00:00,"historie",7.17,2.58347478777049,NA,NA,NA
"3601",2024-05-31 03:00:00,"historie",9.87,3.45428774384483,NA,NA,NA
"3602",2024-05-31 04:00:00,"historie",8.11,7.53967094849885,NA,NA,NA
"3603",2024-05-31 05:00:00,"historie",10.6,52.1252017697092,NA,NA,NA
"3604",2024-05-31 06:00:00,"historie",13.44,12.7591555754804,NA,NA,NA
"3605",2024-05-31 07:00:00,"historie",13.53,26.2327913372212,NA,NA,NA
"3606",2024-05-31 08:00:00,"historie",8.62,19.3864988504218,NA,NA,NA
"3607",2024-05-31 09:00:00,"historie",3.26,13.9802037648875,NA,NA,NA
"3608",2024-05-31 10:00:00,"historie",2.28,10.4896007621004,NA,NA,NA
"3609",2024-05-31 11:00:00,"historie",1.94,10.1222768200243,NA,NA,NA
"3610",2024-05-31 12:00:00,"historie",2.03,6.99303992014325,NA,NA,NA
"3611",2024-05-31 13:00:00,"historie",2.13,7.00668275111476,NA,NA,NA
"3612",2024-05-31 14:00:00,"historie",2.83,10.4586529223657,NA,NA,NA
"3613",2024-05-31 15:00:00,"historie",5.15,8.44918855330692,NA,NA,NA
"3614",2024-05-31 16:00:00,"historie",8.95,13.0766167602144,NA,NA,NA
"3615",2024-05-31 17:00:00,"historie",50.06,12.7782236424572,NA,NA,NA
"3616",2024-05-31 18:00:00,"historie",78.96,10.0712862575004,NA,NA,NA
"3617",2024-05-31 19:00:00,"historie",43.83,6.37254771587938,NA,NA,NA
"3618",2024-05-31 20:00:00,"historie",30.27,2.78932500027766,NA,NA,NA
"3619",2024-05-31 21:00:00,"historie",30.22,2.88771104677277,NA,NA,NA
"3620",2024-05-31 22:00:00,"historie",20.1,2.41285545218457,NA,NA,NA
"3621",2024-05-31 23:00:00,"historie",14.55,2.68839010610478,NA,NA,NA
"3622",2024-06-01,"historie",10.22,2.76433805418974,NA,NA,NA
"3623",2024-06-01 01:00:00,"historie",10.3,3.51239759610223,NA,NA,NA
"3624",2024-06-01 02:00:00,"historie",9.63,5.79814350907279,NA,NA,NA
"3625",2024-06-01 03:00:00,"historie",7.83,9.3135912802341,NA,NA,NA
"3626",2024-06-01 04:00:00,"historie",7.92,72.8979853587503,NA,NA,NA
"3627",2024-06-01 05:00:00,"historie",7.38,44.1849058870624,NA,NA,NA
"3628",2024-06-01 06:00:00,"historie",6.63,35.6311817744201,NA,NA,NA
"3629",2024-06-01 07:00:00,"historie",11.71,26.1461828904484,NA,NA,NA
"3630",2024-06-01 08:00:00,"historie",8.38,24.1343268311811,NA,NA,NA
"3631",2024-06-01 09:00:00,"historie",6.45,15.2245866327365,NA,NA,NA
"3632",2024-06-01 10:00:00,"historie",7.67,13.0575720229311,NA,NA,NA
"3633",2024-06-01 11:00:00,"historie",5.16,8.83013166939413,NA,NA,NA
"3634",2024-06-01 12:00:00,"historie",4.54,9.36002841672323,NA,NA,NA
"3635",2024-06-01 13:00:00,"historie",8.93,9.07643928324327,NA,NA,NA
"3636",2024-06-01 14:00:00,"historie",4.02,7.57826205961649,NA,NA,NA
"3637",2024-06-01 15:00:00,"historie",4.33,9.10745860724289,NA,NA,NA
"3638",2024-06-01 16:00:00,"historie",19.31,9.0508876548859,NA,NA,NA
"3639",2024-06-01 17:00:00,"historie",14.28,7.23879484695151,NA,NA,NA
"3640",2024-06-01 18:00:00,"historie",12.8,9.89436492304184,NA,NA,NA
"3641",2024-06-01 19:00:00,"historie",13.94,5.8339589539538,NA,NA,NA
"3642",2024-06-01 20:00:00,"historie",9.4,5.24307229465172,NA,NA,NA
"3643",2024-06-01 21:00:00,"historie",8.33,7.14765558630664,NA,NA,NA
"3644",2024-06-01 22:00:00,"historie",7.75,4.72391499335155,NA,NA,NA
"3645",2024-06-01 23:00:00,"historie",8.86,4.83373619006,NA,NA,NA
"3646",2024-06-02,"historie",7.45,9.4807784305451,NA,NA,NA
"3647",2024-06-02 01:00:00,"historie",7.33,4.03011300651153,NA,NA,NA
"3648",2024-06-02 02:00:00,"historie",6.98,5.20075294791053,NA,NA,NA
"3649",2024-06-02 03:00:00,"historie",6.73,25.6872277223051,NA,NA,NA
"3650",2024-06-02 04:00:00,"historie",7.19,17.2294778300244,NA,NA,NA
"3651",2024-06-02 05:00:00,"historie",9.92,11.2475696617289,NA,NA,NA
"3652",2024-06-02 06:00:00,"historie",9.71,15.7569132752637,NA,NA,NA
"3653",2024-06-02 07:00:00,"historie",3.88,10.4631788820312,NA,NA,NA
"3654",2024-06-02 08:00:00,"historie",3.48,8.59934086570742,NA,NA,NA
"3655",2024-06-02 09:00:00,"historie",2.95,7.78364317813777,NA,NA,NA
"3656",2024-06-02 10:00:00,"historie",2.46,9.12468453242517,NA,NA,NA
"3657",2024-06-02 11:00:00,"historie",3.11,7.24112854508099,NA,NA,NA
"3658",2024-06-02 12:00:00,"historie",3.8,7.14178970099959,NA,NA,NA
"3659",2024-06-02 13:00:00,"historie",2.81,6.84739776788726,NA,NA,NA
"3660",2024-06-02 14:00:00,"historie",2.25,7.02467570388251,NA,NA,NA
"3661",2024-06-02 15:00:00,"historie",15.08,8.09973325208615,NA,NA,NA
"3662",2024-06-02 16:00:00,"historie",16.03,11.5297359195075,NA,NA,NA
"3663",2024-06-02 17:00:00,"historie",20.85,10.4170497435346,NA,NA,NA
"3664",2024-06-02 18:00:00,"historie",42.34,3.20201012221964,NA,NA,NA
"3665",2024-06-02 19:00:00,"historie",36.64,3.46307360196339,NA,NA,NA
"3666",2024-06-02 20:00:00,"historie",25.41,3.07380176233063,NA,NA,NA
"3667",2024-06-02 21:00:00,"historie",10.04,2.7114285261276,NA,NA,NA
"3668",2024-06-02 22:00:00,"historie",8.06,3.65562069401271,NA,NA,NA
"3669",2024-06-02 23:00:00,"historie",8.85,4.82089697635563,NA,NA,NA
"3670",2024-06-03,"historie",6.23,2.85188753892328,NA,NA,NA
"3671",2024-06-03 01:00:00,"historie",5.08,2.98266175076083,NA,NA,NA
"3672",2024-06-03 02:00:00,"historie",6.8,21.9535593446493,NA,NA,NA
"3673",2024-06-03 03:00:00,"historie",5.22,13.7269107415499,NA,NA,NA
"3674",2024-06-03 04:00:00,"historie",4.22,25.7357469271707,NA,NA,NA
"3675",2024-06-03 05:00:00,"historie",5.23,32.4839668810039,NA,NA,NA
"3676",2024-06-03 06:00:00,"historie",4.54,28.5377961811593,NA,NA,NA
"3677",2024-06-03 07:00:00,"historie",6.46,21.8782951974441,NA,NA,NA
"3678",2024-06-03 08:00:00,"historie",4.3,8.4392897476124,NA,NA,NA
"3679",2024-06-03 09:00:00,"historie",4.61,8.24827736383019,NA,NA,NA
"3680",2024-06-03 10:00:00,"historie",4.31,8.79161223618838,NA,NA,NA
"3681",2024-06-03 11:00:00,"historie",4.5,6.07734398415776,NA,NA,NA
"3682",2024-06-03 12:00:00,"historie",4.81,5.19963441011558,NA,NA,NA
"3683",2024-06-03 13:00:00,"historie",6.25,7.16662905885006,NA,NA,NA
"3684",2024-06-03 14:00:00,"historie",7.1,5.44763034771339,NA,NA,NA
"3685",2024-06-03 15:00:00,"historie",6,5.35177558188682,NA,NA,NA
"3686",2024-06-03 16:00:00,"historie",4.41,6.82646071529047,NA,NA,NA
"3687",2024-06-03 17:00:00,"historie",7.43,4.8077601606006,NA,NA,NA
"3688",2024-06-03 18:00:00,"historie",8.74,6.16115176704943,NA,NA,NA
"3689",2024-06-03 19:00:00,"historie",11.92,3.59919161433914,NA,NA,NA
"3690",2024-06-03 20:00:00,"historie",10.38,4.46314014804278,NA,NA,NA
"3691",2024-06-03 21:00:00,"historie",12.13,4.36367658825794,NA,NA,NA
"3692",2024-06-03 22:00:00,"historie",13.76,4.74811621727766,NA,NA,NA
"3693",2024-06-03 23:00:00,"historie",13.66,5.13546637037056,NA,NA,NA
"3694",2024-06-04,"historie",12.21,5.86492089906732,NA,NA,NA
"3695",2024-06-04 01:00:00,"historie",10.79,9.56861249147323,NA,NA,NA
"3696",2024-06-04 02:00:00,"historie",11.26,6.67341124121013,NA,NA,NA
"3697",2024-06-04 03:00:00,"historie",10.11,5.61568861094766,NA,NA,NA
"3698",2024-06-04 04:00:00,"historie",9.8,12.9920616514243,NA,NA,NA
"3699",2024-06-04 05:00:00,"historie",10.83,8.73603194747302,NA,NA,NA
"3700",2024-06-04 06:00:00,"historie",10.23,13.2896654251384,NA,NA,NA
"3701",2024-06-04 07:00:00,"historie",7.41,9.91742659749198,NA,NA,NA
"3702",2024-06-04 08:00:00,"historie",3.38,11.7594173960554,NA,NA,NA
"3703",2024-06-04 09:00:00,"historie",3.39,12.7115951811648,NA,NA,NA
"3704",2024-06-04 10:00:00,"historie",3.17,11.4409532695446,NA,NA,NA
"3705",2024-06-04 11:00:00,"historie",2.76,10.3669485350862,NA,NA,NA
"3706",2024-06-04 12:00:00,"historie",3.04,9.67582409247377,NA,NA,NA
"3707",2024-06-04 13:00:00,"historie",3.45,9.59317679540321,NA,NA,NA
"3708",2024-06-04 14:00:00,"historie",2.97,9.01966706540486,NA,NA,NA
"3709",2024-06-04 15:00:00,"historie",4.22,10.3152433591261,NA,NA,NA
"3710",2024-06-04 16:00:00,"historie",5.05,10.9702563619693,NA,NA,NA
"3711",2024-06-04 17:00:00,"historie",4.01,9.95209874101575,NA,NA,NA
"3712",2024-06-04 18:00:00,"historie",4.89,5.75071410951152,NA,NA,NA
"3713",2024-06-04 19:00:00,"historie",6.93,3.037515876693,NA,NA,NA
"3714",2024-06-04 20:00:00,"historie",15.37,3.5507939649404,NA,NA,NA
"3715",2024-06-04 21:00:00,"historie",24.01,3.46848261586329,NA,NA,NA
"3716",2024-06-04 22:00:00,"historie",27.98,3.17072122390703,NA,NA,NA
"3717",2024-06-04 23:00:00,"historie",27.6,3.84441678714,NA,NA,NA
"3718",2024-06-05,"historie",23.21,3.77965519187954,NA,NA,NA
"3719",2024-06-05 01:00:00,"historie",19.1,4.09330966713383,NA,NA,NA
"3720",2024-06-05 02:00:00,"historie",15.29,5.33323205134735,NA,NA,NA
"3721",2024-06-05 03:00:00,"historie",12.25,6.79134187815579,NA,NA,NA
"3722",2024-06-05 04:00:00,"historie",11.16,6.32429829125878,NA,NA,NA
"3723",2024-06-05 05:00:00,"historie",15.14,6.06656527345862,NA,NA,NA
"3724",2024-06-05 06:00:00,"historie",20.67,8.3902120546395,NA,NA,NA
"3725",2024-06-05 07:00:00,"historie",11.4,16.7734112179771,NA,NA,NA
"3726",2024-06-05 08:00:00,"historie",4.18,20.623133858692,NA,NA,NA
"3727",2024-06-05 09:00:00,"historie",2.71,22.1076076441966,NA,NA,NA
"3728",2024-06-05 10:00:00,"historie",2.6,20.0291490089047,NA,NA,NA
"3729",2024-06-05 11:00:00,"historie",1.61,16.9683572686569,NA,NA,NA
"3730",2024-06-05 12:00:00,"historie",1.7,14.9986903008334,NA,NA,NA
"3731",2024-06-05 13:00:00,"historie",2.55,11.7993738764203,NA,NA,NA
"3732",2024-06-05 14:00:00,"historie",3.75,10.5490378392189,NA,NA,NA
"3733",2024-06-05 15:00:00,"historie",19.63,11.3280818392043,NA,NA,NA
"3734",2024-06-05 16:00:00,"historie",31.73,14.7847467559598,NA,NA,NA
"3735",2024-06-05 17:00:00,"historie",24.74,17.1783425416256,NA,NA,NA
"3736",2024-06-05 18:00:00,"historie",14.48,7.10564983098227,NA,NA,NA
"3737",2024-06-05 19:00:00,"historie",5.88,3.55247269287282,NA,NA,NA
"3738",2024-06-05 20:00:00,"historie",7.2,2.75970792935279,NA,NA,NA
"3739",2024-06-05 21:00:00,"historie",15.92,2.95164551096155,NA,NA,NA
"3740",2024-06-05 22:00:00,"historie",23.28,1.95458537109563,NA,NA,NA
"3741",2024-06-05 23:00:00,"historie",18.02,2.42641696959233,NA,NA,NA
"3742",2024-06-06,"historie",17.55,3.02965606425892,NA,NA,NA
"3743",2024-06-06 01:00:00,"historie",33.55,5.40792757890962,NA,NA,NA
"3744",2024-06-06 02:00:00,"historie",21.44,21.7064217739611,NA,NA,NA
"3745",2024-06-06 03:00:00,"historie",18.49,25.4528615259778,NA,NA,NA
"3746",2024-06-06 04:00:00,"historie",13.88,24.5326224898277,NA,NA,NA
"3747",2024-06-06 05:00:00,"historie",13.05,12.3433323606119,NA,NA,NA
"3748",2024-06-06 06:00:00,"historie",10.74,6.69310094465399,NA,NA,NA
"3749",2024-06-06 07:00:00,"historie",4.21,9.19129418899639,NA,NA,NA
"3750",2024-06-06 08:00:00,"historie",3.17,16.8630607716741,NA,NA,NA
"3751",2024-06-06 09:00:00,"historie",3.48,20.1846974633123,NA,NA,NA
"3752",2024-06-06 10:00:00,"historie",2.89,13.9879667699604,NA,NA,NA
"3753",2024-06-06 11:00:00,"historie",2.27,14.4024123370002,NA,NA,NA
"3754",2024-06-06 12:00:00,"historie",2.74,26.4915456606456,NA,NA,NA
"3755",2024-06-06 13:00:00,"historie",1.79,14.2409915746114,NA,NA,NA
"3756",2024-06-06 14:00:00,"historie",5.9,14.9780547887721,NA,NA,NA
"3757",2024-06-06 15:00:00,"historie",8.57,13.329446175382,NA,NA,NA
"3758",2024-06-06 16:00:00,"historie",47.18,13.1278902799168,NA,NA,NA
"3759",2024-06-06 17:00:00,"historie",22.89,9.12899226982519,NA,NA,NA
"3760",2024-06-06 18:00:00,"historie",6.92,3.00998340986566,NA,NA,NA
"3761",2024-06-06 19:00:00,"historie",6.3,3.1836615782769,NA,NA,NA
"3762",2024-06-06 20:00:00,"historie",14.64,3.57443397730388,NA,NA,NA
"3763",2024-06-06 21:00:00,"historie",27.44,2.84495628300702,NA,NA,NA
"3764",2024-06-06 22:00:00,"historie",21.42,2.64282427337292,NA,NA,NA
"3765",2024-06-06 23:00:00,"historie",19.32,3.59312044401135,NA,NA,NA
"3766",2024-06-07,"historie",20.23,2.07656901396207,NA,NA,NA
"3767",2024-06-07 01:00:00,"historie",13.48,11.112075837693,NA,NA,NA
"3768",2024-06-07 02:00:00,"historie",11.13,9.25404593810505,NA,NA,NA
"3769",2024-06-07 03:00:00,"historie",9.54,46.3435290568896,NA,NA,NA
"3770",2024-06-07 04:00:00,"historie",9.61,18.2499387603525,NA,NA,NA
"3771",2024-06-07 05:00:00,"historie",11.25,5.69818104604019,NA,NA,NA
"3772",2024-06-07 06:00:00,"historie",11.91,8.17778562754493,NA,NA,NA
"3773",2024-06-07 07:00:00,"historie",8.66,18.279364033615,NA,NA,NA
"3774",2024-06-07 08:00:00,"historie",3.38,25.2899698604751,NA,NA,NA
"3775",2024-06-07 09:00:00,"historie",1.78,16.6043343787439,NA,NA,NA
"3776",2024-06-07 10:00:00,"historie",1.95,15.9508259342066,NA,NA,NA
"3777",2024-06-07 11:00:00,"historie",1.55,18.1355674000243,NA,NA,NA
"3778",2024-06-07 12:00:00,"historie",1.91,10.4518695802261,NA,NA,NA
"3779",2024-06-07 13:00:00,"historie",2.57,9.75536588025132,NA,NA,NA
"3780",2024-06-07 14:00:00,"historie",2.74,8.65447425548585,NA,NA,NA
"3781",2024-06-07 15:00:00,"historie",2.77,10.435719393304,NA,NA,NA
"3782",2024-06-07 16:00:00,"historie",3.76,11.482786605867,NA,NA,NA
"3783",2024-06-07 17:00:00,"historie",3.74,9.31533220075124,NA,NA,NA
"3784",2024-06-07 18:00:00,"historie",5.13,6.0547945452313,NA,NA,NA
"3785",2024-06-07 19:00:00,"historie",21.23,2.99649656351832,NA,NA,NA
"3786",2024-06-07 20:00:00,"historie",25.64,1.89188840679092,NA,NA,NA
"3787",2024-06-07 21:00:00,"historie",26.77,2.25195460651495,NA,NA,NA
"3788",2024-06-07 22:00:00,"historie",44.88,1.97104223512825,NA,NA,NA
"3789",2024-06-07 23:00:00,"historie",33.23,2.46748864214441,NA,NA,NA
"3790",2024-06-08,"historie",23.96,3.64854377253985,NA,NA,NA
"3791",2024-06-08 01:00:00,"historie",19.12,4.43415746354576,NA,NA,NA
"3792",2024-06-08 02:00:00,"historie",15.81,4.83454705477595,NA,NA,NA
"3793",2024-06-08 03:00:00,"historie",14.78,4.61536595957144,NA,NA,NA
"3794",2024-06-08 04:00:00,"historie",13.76,4.75244311008351,NA,NA,NA
"3795",2024-06-08 05:00:00,"historie",16.15,5.92395075440905,NA,NA,NA
"3796",2024-06-08 06:00:00,"historie",15.31,28.0165454808287,NA,NA,NA
"3797",2024-06-08 07:00:00,"historie",6.34,24.5669765826099,NA,NA,NA
"3798",2024-06-08 08:00:00,"historie",3.46,22.2725758277793,NA,NA,NA
"3799",2024-06-08 09:00:00,"historie",2.42,34.9996540842333,NA,NA,NA
"3800",2024-06-08 10:00:00,"historie",2.34,23.0961140270511,NA,NA,NA
"3801",2024-06-08 11:00:00,"historie",1.63,18.0912634515881,NA,NA,NA
"3802",2024-06-08 12:00:00,"historie",1.67,14.4869119381839,NA,NA,NA
"3803",2024-06-08 13:00:00,"historie",1.8,12.4510433018471,NA,NA,NA
"3804",2024-06-08 14:00:00,"historie",2.37,12.5392932888081,NA,NA,NA
"3805",2024-06-08 15:00:00,"historie",3.07,13.5812347634233,NA,NA,NA
"3806",2024-06-08 16:00:00,"historie",3.19,15.3877971550951,NA,NA,NA
"3807",2024-06-08 17:00:00,"historie",2.54,11.3326876373795,NA,NA,NA
"3808",2024-06-08 18:00:00,"historie",2.73,4.00868318013286,NA,NA,NA
"3809",2024-06-08 19:00:00,"historie",10.78,3.08215788054925,NA,NA,NA
"3810",2024-06-08 20:00:00,"historie",27.28,2.52778411744215,NA,NA,NA
"3811",2024-06-08 21:00:00,"historie",32.34,2.42005377223731,NA,NA,NA
"3812",2024-06-08 22:00:00,"historie",20.42,2.01238842574189,NA,NA,NA
"3813",2024-06-08 23:00:00,"historie",10.96,2.23872460682705,NA,NA,NA
"3814",2024-06-09,"historie",6.84,2.47824672888714,NA,NA,NA
"3815",2024-06-09 01:00:00,"historie",8.93,3.85996198866075,NA,NA,NA
"3816",2024-06-09 02:00:00,"historie",8.4,4.87139659139904,NA,NA,NA
"3817",2024-06-09 03:00:00,"historie",5.63,3.8133962526108,NA,NA,NA
"3818",2024-06-09 04:00:00,"historie",9.61,3.57585622595443,NA,NA,NA
"3819",2024-06-09 05:00:00,"historie",17.69,4.24624640753359,NA,NA,NA
"3820",2024-06-09 06:00:00,"historie",21.26,15.9130308337659,NA,NA,NA
"3821",2024-06-09 07:00:00,"historie",14.3,29.0948835098884,NA,NA,NA
"3822",2024-06-09 08:00:00,"historie",4.53,28.436982617503,NA,NA,NA
"3823",2024-06-09 09:00:00,"historie",3.56,15.7687567494239,NA,NA,NA
"3824",2024-06-09 10:00:00,"historie",3.01,9.59028527911005,NA,NA,NA
"3825",2024-06-09 11:00:00,"historie",3.14,6.82109462329158,NA,NA,NA
"3826",2024-06-09 12:00:00,"historie",3.46,8.92101797437339,NA,NA,NA
"3827",2024-06-09 13:00:00,"historie",2.75,7.84037230076703,NA,NA,NA
"3828",2024-06-09 14:00:00,"historie",2.63,5.65796588311981,NA,NA,NA
"3829",2024-06-09 15:00:00,"historie",7.36,11.8587351381812,NA,NA,NA
"3830",2024-06-09 16:00:00,"historie",10.28,17.3156335093354,NA,NA,NA
"3831",2024-06-09 17:00:00,"historie",7.4,13.9266357103508,NA,NA,NA
"3832",2024-06-09 18:00:00,"historie",9.96,8.23639104817374,NA,NA,NA
"3833",2024-06-09 19:00:00,"historie",13.04,3.34846028927098,NA,NA,NA
"3834",2024-06-09 20:00:00,"historie",17.96,3.55867189053375,NA,NA,NA
"3835",2024-06-09 21:00:00,"historie",24.05,2.73554950328917,NA,NA,NA
"3836",2024-06-09 22:00:00,"historie",25.56,3.53437173017385,NA,NA,NA
"3837",2024-06-09 23:00:00,"historie",17.75,3.78833949140757,NA,NA,NA
"3838",2024-06-10,"historie",18.06,3.26731527566274,NA,NA,NA
"3839",2024-06-10 01:00:00,"historie",8.6,3.90196696947091,NA,NA,NA
"3840",2024-06-10 02:00:00,"historie",8.46,10.3785378795343,NA,NA,NA
"3841",2024-06-10 03:00:00,"historie",7.32,9.06485823200241,NA,NA,NA
"3842",2024-06-10 04:00:00,"historie",12.46,7.58959231899201,NA,NA,NA
"3843",2024-06-10 05:00:00,"historie",13.83,13.1748086118212,NA,NA,NA
"3844",2024-06-10 06:00:00,"historie",13.03,16.0928868168145,NA,NA,NA
"3845",2024-06-10 07:00:00,"historie",13.56,19.9022756633705,NA,NA,NA
"3846",2024-06-10 08:00:00,"historie",3.37,21.6290649116687,NA,NA,NA
"3847",2024-06-10 09:00:00,"historie",2.89,19.2802099337062,NA,NA,NA
"3848",2024-06-10 10:00:00,"historie",3.17,13.475031420232,NA,NA,NA
"3849",2024-06-10 11:00:00,"historie",2.35,16.1628491192583,NA,NA,NA
"3850",2024-06-10 12:00:00,"historie",1.78,6.97306520392957,NA,NA,NA
"3851",2024-06-10 13:00:00,"historie",2.02,7.84416223113249,NA,NA,NA
"3852",2024-06-10 14:00:00,"historie",2.72,7.70445888797782,NA,NA,NA
"3853",2024-06-10 15:00:00,"historie",4.91,15.0651673507898,NA,NA,NA
"3854",2024-06-10 16:00:00,"historie",2.75,13.4865384217853,NA,NA,NA
"3855",2024-06-10 17:00:00,"historie",3.3,9.65866414947653,NA,NA,NA
"3856",2024-06-10 18:00:00,"historie",7.77,8.02660555353796,NA,NA,NA
"3857",2024-06-10 19:00:00,"historie",13.1,2.57876369124467,NA,NA,NA
"3858",2024-06-10 20:00:00,"historie",23.96,3.0824787533388,NA,NA,NA
"3859",2024-06-10 21:00:00,"historie",16.18,3.10567145037161,NA,NA,NA
"3860",2024-06-10 22:00:00,"historie",20.01,2.65688111847259,NA,NA,NA
"3861",2024-06-10 23:00:00,"historie",20.91,2.08283362857926,NA,NA,NA
"3862",2024-06-11,"historie",17.61,2.70120096385995,NA,NA,NA
"3863",2024-06-11 01:00:00,"historie",16.09,4.62302937453078,NA,NA,NA
"3864",2024-06-11 02:00:00,"historie",14.01,7.00261140678865,NA,NA,NA
"3865",2024-06-11 03:00:00,"historie",7.25,2.80396305472136,NA,NA,NA
"3866",2024-06-11 04:00:00,"historie",9.52,4.83956923228116,NA,NA,NA
"3867",2024-06-11 05:00:00,"historie",6.44,11.1594378410164,NA,NA,NA
"3868",2024-06-11 06:00:00,"historie",4.26,16.3968415232082,NA,NA,NA
"3869",2024-06-11 07:00:00,"historie",5.75,26.3653703255002,NA,NA,NA
"3870",2024-06-11 08:00:00,"historie",6.97,14.3748047569186,NA,NA,NA
"3871",2024-06-11 09:00:00,"historie",5.78,16.9052393418312,NA,NA,NA
"3872",2024-06-11 10:00:00,"historie",4.26,17.1163286193643,NA,NA,NA
"3873",2024-06-11 11:00:00,"historie",3.54,13.5073520515768,NA,NA,NA
"3874",2024-06-11 12:00:00,"historie",4.18,13.2038417317378,NA,NA,NA
"3875",2024-06-11 13:00:00,"historie",3.64,10.9629760656336,NA,NA,NA
"3876",2024-06-11 14:00:00,"historie",3.29,7.40807186620607,NA,NA,NA
"3877",2024-06-11 15:00:00,"historie",3.73,11.493106860153,NA,NA,NA
"3878",2024-06-11 16:00:00,"historie",13.42,6.78680386681682,NA,NA,NA
"3879",2024-06-11 17:00:00,"historie",3.74,4.1499570540929,NA,NA,NA
"3880",2024-06-11 18:00:00,"historie",4.77,4.00260076566094,NA,NA,NA
"3881",2024-06-11 19:00:00,"historie",6.13,6.08087020187753,NA,NA,NA
"3882",2024-06-11 20:00:00,"historie",11.01,4.99871768872268,NA,NA,NA
"3883",2024-06-11 21:00:00,"historie",17.62,3.56040660399083,NA,NA,NA
"3884",2024-06-11 22:00:00,"historie",33.81,3.56638357761533,NA,NA,NA
"3885",2024-06-11 23:00:00,"historie",29.15,4.377849763514,NA,NA,NA
"3886",2024-06-12,"historie",25.95,4.03138176915996,NA,NA,NA
"3887",2024-06-12 01:00:00,"historie",15.33,4.95518955227846,NA,NA,NA
"3888",2024-06-12 02:00:00,"historie",13.45,4.56110943274237,NA,NA,NA
"3889",2024-06-12 03:00:00,"historie",12.93,13.9846111911183,NA,NA,NA
"3890",2024-06-12 04:00:00,"historie",13.74,3.99378790064444,NA,NA,NA
"3891",2024-06-12 05:00:00,"historie",17.3,7.54214424474128,NA,NA,NA
"3892",2024-06-12 06:00:00,"historie",11.62,9.1314036492343,NA,NA,NA
"3893",2024-06-12 07:00:00,"historie",13.61,13.3152419050097,NA,NA,NA
"3894",2024-06-12 08:00:00,"historie",7.57,18.6100134027263,NA,NA,NA
"3895",2024-06-12 09:00:00,"historie",2.52,27.3503442741637,NA,NA,NA
"3896",2024-06-12 10:00:00,"historie",1.99,20.9351230961337,NA,NA,NA
"3897",2024-06-12 11:00:00,"historie",2.93,19.4251380118082,NA,NA,NA
"3898",2024-06-12 12:00:00,"historie",4.5,11.6780022334777,NA,NA,NA
"3899",2024-06-12 13:00:00,"historie",15.43,10.1993984319156,NA,NA,NA
"3900",2024-06-12 14:00:00,"historie",3.6,13.0346668755435,NA,NA,NA
"3901",2024-06-12 15:00:00,"historie",7.71,13.0414596379124,NA,NA,NA
"3902",2024-06-12 16:00:00,"historie",3.42,15.3305120405664,NA,NA,NA
"3903",2024-06-12 17:00:00,"historie",6.07,9.14607868824166,NA,NA,NA
"3904",2024-06-12 18:00:00,"historie",5.9,8.73331383799714,NA,NA,NA
"3905",2024-06-12 19:00:00,"historie",9.78,5.64575454441192,NA,NA,NA
"3906",2024-06-12 20:00:00,"historie",20.53,2.27361800756709,NA,NA,NA
"3907",2024-06-12 21:00:00,"historie",30.59,2.11250465891663,NA,NA,NA
"3908",2024-06-12 22:00:00,"historie",27.9,3.5384393882747,NA,NA,NA
"3909",2024-06-12 23:00:00,"historie",20.86,4.66002140851195,NA,NA,NA
"3910",2024-06-13,"historie",20.14,15.1666366352466,NA,NA,NA
"3911",2024-06-13 01:00:00,"historie",21.99,3.72705832161498,NA,NA,NA
"3912",2024-06-13 02:00:00,"historie",27.44,11.6608231743991,NA,NA,NA
"3913",2024-06-13 03:00:00,"historie",22.96,2.61562380615208,NA,NA,NA
"3914",2024-06-13 04:00:00,"historie",16.25,8.953922963417,NA,NA,NA
"3915",2024-06-13 05:00:00,"historie",16.69,7.29304456993734,NA,NA,NA
"3916",2024-06-13 06:00:00,"historie",19.58,14.2164635578039,NA,NA,NA
"3917",2024-06-13 07:00:00,"historie",17.84,22.855917645799,NA,NA,NA
"3918",2024-06-13 08:00:00,"historie",3.13,30.1055955965608,NA,NA,NA
"3919",2024-06-13 09:00:00,"historie",2.42,20.7039890380163,NA,NA,NA
"3920",2024-06-13 10:00:00,"historie",3.12,16.7050105984711,NA,NA,NA
"3921",2024-06-13 11:00:00,"historie",5.17,15.4778066743217,NA,NA,NA
"3922",2024-06-13 12:00:00,"historie",13.35,17.4175574264241,NA,NA,NA
"3923",2024-06-13 13:00:00,"historie",14,19.2994083900084,NA,NA,NA
"3924",2024-06-13 14:00:00,"historie",3.19,19.4112263446118,NA,NA,NA
"3925",2024-06-13 15:00:00,"historie",16.56,14.7384413460462,NA,NA,NA
"3926",2024-06-13 16:00:00,"historie",12.86,14.2160308191128,NA,NA,NA
"3927",2024-06-13 17:00:00,"historie",4.79,16.0263507367114,NA,NA,NA
"3928",2024-06-13 18:00:00,"historie",3.95,9.80983730251391,NA,NA,NA
"3929",2024-06-13 19:00:00,"historie",4.6,2.11386465662448,NA,NA,NA
"3930",2024-06-13 20:00:00,"historie",9.45,2.66857986668665,NA,NA,NA
"3931",2024-06-13 21:00:00,"historie",15.18,3.31296681405372,NA,NA,NA
"3932",2024-06-13 22:00:00,"historie",16.78,5.75147202570786,NA,NA,NA
"3933",2024-06-13 23:00:00,"historie",18.79,14.3263127524921,NA,NA,NA
"3934",2024-06-14,"historie",18.82,9.04548661386272,NA,NA,NA
"3935",2024-06-14 01:00:00,"historie",16.9,4.00330771498371,NA,NA,NA
"3936",2024-06-14 02:00:00,"historie",14.02,19.3740318113686,NA,NA,NA
"3937",2024-06-14 03:00:00,"historie",13.05,9.28561350391442,NA,NA,NA
"3938",2024-06-14 04:00:00,"historie",12.54,5.12823762785651,NA,NA,NA
"3939",2024-06-14 05:00:00,"historie",16.27,5.81596188386571,NA,NA,NA
"3940",2024-06-14 06:00:00,"historie",15.4,7.66129082345286,NA,NA,NA
"3941",2024-06-14 07:00:00,"historie",16.11,13.084987032294,NA,NA,NA
"3942",2024-06-14 08:00:00,"historie",11.22,16.9992595145611,NA,NA,NA
"3943",2024-06-14 09:00:00,"historie",8.47,14.3994983033878,NA,NA,NA
"3944",2024-06-14 10:00:00,"historie",6.8,16.7157786265774,NA,NA,NA
"3945",2024-06-14 11:00:00,"historie",4.82,15.4350500718704,NA,NA,NA
"3946",2024-06-14 12:00:00,"historie",4.28,14.591251381781,NA,NA,NA
"3947",2024-06-14 13:00:00,"historie",4.14,10.9670005596356,NA,NA,NA
"3948",2024-06-14 14:00:00,"historie",3.63,12.530263242967,NA,NA,NA
"3949",2024-06-14 15:00:00,"historie",5.15,12.7044063475086,NA,NA,NA
"3950",2024-06-14 16:00:00,"historie",3.91,15.2600526453006,NA,NA,NA
"3951",2024-06-14 17:00:00,"historie",3.9,12.7899867648225,NA,NA,NA
"3952",2024-06-14 18:00:00,"historie",4.96,8.07896488504975,NA,NA,NA
"3953",2024-06-14 19:00:00,"historie",6.01,7.63773788566679,NA,NA,NA
"3954",2024-06-14 20:00:00,"historie",8.59,6.84512110894949,NA,NA,NA
"3955",2024-06-14 21:00:00,"historie",12.56,6.0006192278274,NA,NA,NA
"3956",2024-06-14 22:00:00,"historie",13.52,5.37933042444122,NA,NA,NA
"3957",2024-06-14 23:00:00,"historie",15.45,4.86592415987175,NA,NA,NA
"3958",2024-06-15,"historie",17.61,3.28672967512267,NA,NA,NA
"3959",2024-06-15 01:00:00,"historie",19.14,6.72014483173766,NA,NA,NA
"3960",2024-06-15 02:00:00,"historie",16.97,5.77860334161087,NA,NA,NA
"3961",2024-06-15 03:00:00,"historie",17.68,3.49460749224999,NA,NA,NA
"3962",2024-06-15 04:00:00,"historie",17.12,4.99308699678548,NA,NA,NA
"3963",2024-06-15 05:00:00,"historie",18.69,6.82540838480841,NA,NA,NA
"3964",2024-06-15 06:00:00,"historie",20.32,9.43240691500783,NA,NA,NA
"3965",2024-06-15 07:00:00,"historie",12.76,11.420737108288,NA,NA,NA
"3966",2024-06-15 08:00:00,"historie",4,14.5326713256627,NA,NA,NA
"3967",2024-06-15 09:00:00,"historie",10.2,12.6041438535501,NA,NA,NA
"3968",2024-06-15 10:00:00,"historie",13.97,14.5257222740731,NA,NA,NA
"3969",2024-06-15 11:00:00,"historie",18.56,14.9518944028919,NA,NA,NA
"3970",2024-06-15 12:00:00,"historie",7.89,16.0621322661943,NA,NA,NA
"3971",2024-06-15 13:00:00,"historie",3.95,13.0035699009772,NA,NA,NA
"3972",2024-06-15 14:00:00,"historie",2.54,16.1215173069108,NA,NA,NA
"3973",2024-06-15 15:00:00,"historie",2.36,16.5297671618778,NA,NA,NA
"3974",2024-06-15 16:00:00,"historie",2.24,16.3018071995391,NA,NA,NA
"3975",2024-06-15 17:00:00,"historie",2.72,16.9050301852086,NA,NA,NA
"3976",2024-06-15 18:00:00,"historie",3.22,6.83598462342981,NA,NA,NA
"3977",2024-06-15 19:00:00,"historie",3.43,3.13433673405637,NA,NA,NA
"3978",2024-06-15 20:00:00,"historie",6.52,10.1390042796129,NA,NA,NA
"3979",2024-06-15 21:00:00,"historie",19.08,10.4051031771614,NA,NA,NA
"3980",2024-06-15 22:00:00,"historie",30.69,15.8131557328896,NA,NA,NA
"3981",2024-06-15 23:00:00,"historie",28.04,6.50181408329811,NA,NA,NA
"3982",2024-06-16,"historie",24.33,3.12539305006538,NA,NA,NA
"3983",2024-06-16 01:00:00,"historie",20.28,4.42593454532727,NA,NA,NA
"3984",2024-06-16 02:00:00,"historie",16.09,2.84027668726624,NA,NA,NA
"3985",2024-06-16 03:00:00,"historie",14,2.51783800975122,NA,NA,NA
"3986",2024-06-16 04:00:00,"historie",12.92,3.88549686729824,NA,NA,NA
"3987",2024-06-16 05:00:00,"historie",14.43,4.71206498479496,NA,NA,NA
"3988",2024-06-16 06:00:00,"historie",11.8,5.79321286338327,NA,NA,NA
"3989",2024-06-16 07:00:00,"historie",7.53,9.75556645409643,NA,NA,NA
"3990",2024-06-16 08:00:00,"historie",3.21,22.0054523605721,NA,NA,NA
"3991",2024-06-16 09:00:00,"historie",2.38,25.2611171409318,NA,NA,NA
"3992",2024-06-16 10:00:00,"historie",1.47,22.2538190632641,NA,NA,NA
"3993",2024-06-16 11:00:00,"historie",1.23,19.0181470116986,NA,NA,NA
"3994",2024-06-16 12:00:00,"historie",1.68,16.1928021756477,NA,NA,NA
"3995",2024-06-16 13:00:00,"historie",2.77,12.8210994364984,NA,NA,NA
"3996",2024-06-16 14:00:00,"historie",3.03,13.1062463734389,NA,NA,NA
"3997",2024-06-16 15:00:00,"historie",3.62,13.3243752697227,NA,NA,NA
"3998",2024-06-16 16:00:00,"historie",4.2,13.8504625597882,NA,NA,NA
"3999",2024-06-16 17:00:00,"historie",3.29,10.0506189698129,NA,NA,NA
"4000",2024-06-16 18:00:00,"historie",4.12,4.30592643441792,NA,NA,NA
"4001",2024-06-16 19:00:00,"historie",3.73,3.3560872764853,NA,NA,NA
"4002",2024-06-16 20:00:00,"historie",9.66,2.76780626316414,NA,NA,NA
"4003",2024-06-16 21:00:00,"historie",26.29,1.86418623211772,NA,NA,NA
"4004",2024-06-16 22:00:00,"historie",35.21,1.66848098444775,NA,NA,NA
"4005",2024-06-16 23:00:00,"historie",43.9,2.31304509571491,NA,NA,NA
"4006",2024-06-17,"historie",33.5,2.74106081771081,NA,NA,NA
"4007",2024-06-17 01:00:00,"historie",25.36,4.8538164631832,NA,NA,NA
"4008",2024-06-17 02:00:00,"historie",23.58,4.00026963781078,NA,NA,NA
"4009",2024-06-17 03:00:00,"historie",17.27,4.26491073813993,NA,NA,NA
"4010",2024-06-17 04:00:00,"historie",16.55,3.99854961639502,NA,NA,NA
"4011",2024-06-17 05:00:00,"historie",25.11,5.58066397073969,NA,NA,NA
"4012",2024-06-17 06:00:00,"historie",24.49,6.00170892535503,NA,NA,NA
"4013",2024-06-17 07:00:00,"historie",13.5,15.3764803835217,NA,NA,NA
"4014",2024-06-17 08:00:00,"historie",4.62,28.6455951130358,NA,NA,NA
"4015",2024-06-17 09:00:00,"historie",3.21,27.4570260730458,NA,NA,NA
"4016",2024-06-17 10:00:00,"historie",3.1,33.4463172300866,NA,NA,NA
"4017",2024-06-17 11:00:00,"historie",3.23,23.3149904999854,NA,NA,NA
"4018",2024-06-17 12:00:00,"historie",3.18,18.8951108063414,NA,NA,NA
"4019",2024-06-17 13:00:00,"historie",2.36,17.716489979245,NA,NA,NA
"4020",2024-06-17 14:00:00,"historie",4.48,14.6641171434495,NA,NA,NA
"4021",2024-06-17 15:00:00,"historie",2.21,16.380953770891,NA,NA,NA
"4022",2024-06-17 16:00:00,"historie",2.81,21.5940005835127,NA,NA,NA
"4023",2024-06-17 17:00:00,"historie",2.97,17.4278156390277,NA,NA,NA
"4024",2024-06-17 18:00:00,"historie",4,6.51156257279082,NA,NA,NA
"4025",2024-06-17 19:00:00,"historie",8.12,3.93720290816799,NA,NA,NA
"4026",2024-06-17 20:00:00,"historie",13.06,3.13796076783033,NA,NA,NA
"4027",2024-06-17 21:00:00,"historie",35.67,3.32254141556859,NA,NA,NA
"4028",2024-06-17 22:00:00,"historie",28.77,3.69084822094655,NA,NA,NA
"4029",2024-06-17 23:00:00,"historie",19.44,3.72585653887799,NA,NA,NA
"4030",2024-06-18,"historie",15.45,2.20787614300599,NA,NA,NA
"4031",2024-06-18 01:00:00,"historie",13.59,7.23028393716439,NA,NA,NA
"4032",2024-06-18 02:00:00,"historie",15.23,2.30930455141381,NA,NA,NA
"4033",2024-06-18 03:00:00,"historie",14.24,3.20534226060293,NA,NA,NA
"4034",2024-06-18 04:00:00,"historie",13.19,3.87595687269274,NA,NA,NA
"4035",2024-06-18 05:00:00,"historie",12.91,5.18058152707615,NA,NA,NA
"4036",2024-06-18 06:00:00,"historie",15.33,13.3295232038011,NA,NA,NA
"4037",2024-06-18 07:00:00,"historie",6.87,18.0003506941797,NA,NA,NA
"4038",2024-06-18 08:00:00,"historie",3.39,37.6837470247658,NA,NA,NA
"4039",2024-06-18 09:00:00,"historie",2.77,22.682161544194,NA,NA,NA
"4040",2024-06-18 10:00:00,"historie",1.97,16.2101072871417,NA,NA,NA
"4041",2024-06-18 11:00:00,"historie",1.45,13.2686906731445,NA,NA,NA
"4042",2024-06-18 12:00:00,"historie",1.69,12.26578630664,NA,NA,NA
"4043",2024-06-18 13:00:00,"historie",2.2,12.8769820538451,NA,NA,NA
"4044",2024-06-18 14:00:00,"historie",1.69,13.2820727469872,NA,NA,NA
"4045",2024-06-18 15:00:00,"historie",2.83,14.3105489869297,NA,NA,NA
"4046",2024-06-18 16:00:00,"historie",2.91,12.2807732396339,NA,NA,NA
"4047",2024-06-18 17:00:00,"historie",3.01,12.5089527153148,NA,NA,NA
"4048",2024-06-18 18:00:00,"historie",3.7,3.61328947071973,NA,NA,NA
"4049",2024-06-18 19:00:00,"historie",7.19,3.30580005191377,NA,NA,NA
"4050",2024-06-18 20:00:00,"historie",28.14,2.91529393494999,NA,NA,NA
"4051",2024-06-18 21:00:00,"historie",52.25,2.24798966122343,NA,NA,NA
"4052",2024-06-18 22:00:00,"historie",43.5,1.86408535707342,NA,NA,NA
"4053",2024-06-18 23:00:00,"historie",36.24,2.22363613297786,NA,NA,NA
"4054",2024-06-19,"historie",19.25,2.57551745341465,NA,NA,NA
"4055",2024-06-19 01:00:00,"historie",12.63,2.37904451697156,NA,NA,NA
"4056",2024-06-19 02:00:00,"historie",11.31,3.75355080516795,NA,NA,NA
"4057",2024-06-19 03:00:00,"historie",15.95,2.98982336982713,NA,NA,NA
"4058",2024-06-19 04:00:00,"historie",14.06,3.99629760032539,NA,NA,NA
"4059",2024-06-19 05:00:00,"historie",16.28,5.16982498354405,NA,NA,NA
"4060",2024-06-19 06:00:00,"historie",12.81,11.6842423513168,NA,NA,NA
"4061",2024-06-19 07:00:00,"historie",13.68,40.9248063647055,NA,NA,NA
"4062",2024-06-19 08:00:00,"historie",27.82,42.8486651355742,NA,NA,NA
"4063",2024-06-19 09:00:00,"historie",23.11,30.6988955554294,NA,NA,NA
"4064",2024-06-19 10:00:00,"historie",14.59,26.6236998370599,NA,NA,NA
"4065",2024-06-19 11:00:00,"historie",3.22,14.4337652358963,NA,NA,NA
"4066",2024-06-19 12:00:00,"historie",2.58,11.4099409999136,NA,NA,NA
"4067",2024-06-19 13:00:00,"historie",3.47,10.0364329567727,NA,NA,NA
"4068",2024-06-19 14:00:00,"historie",5.19,15.5388937249085,NA,NA,NA
"4069",2024-06-19 15:00:00,"historie",14.89,14.0488485829628,NA,NA,NA
"4070",2024-06-19 16:00:00,"historie",54.25,15.6625737755507,NA,NA,NA
"4071",2024-06-19 17:00:00,"historie",39.17,9.29081387286561,NA,NA,NA
"4072",2024-06-19 18:00:00,"historie",12.67,7.50835888437869,NA,NA,NA
"4073",2024-06-19 19:00:00,"historie",7.66,20.4536552147087,NA,NA,NA
"4074",2024-06-19 20:00:00,"historie",4.4,13.5534676985047,NA,NA,NA
"4075",2024-06-19 21:00:00,"historie",4.82,9.80268879079375,NA,NA,NA
"4076",2024-06-19 22:00:00,"historie",4.67,2.76664042023577,NA,NA,NA
"4077",2024-06-19 23:00:00,"historie",6.13,3.08613897653714,NA,NA,NA
"4078",2024-06-20,"historie",5.97,3.41116163761282,NA,NA,NA
"4079",2024-06-20 01:00:00,"historie",6.98,6.77885684437812,NA,NA,NA
"4080",2024-06-20 02:00:00,"historie",6.82,13.8389379762945,NA,NA,NA
"4081",2024-06-20 03:00:00,"historie",6.05,35.4885421849993,NA,NA,NA
"4082",2024-06-20 04:00:00,"historie",6.02,25.2889301312123,NA,NA,NA
"4083",2024-06-20 05:00:00,"historie",8.93,11.0887025577845,NA,NA,NA
"4084",2024-06-20 06:00:00,"historie",10.95,11.7667322123341,NA,NA,NA
"4085",2024-06-20 07:00:00,"historie",12.37,7.17306590153192,NA,NA,NA
"4086",2024-06-20 08:00:00,"historie",11.65,6.70865790182199,NA,NA,NA
"4087",2024-06-20 09:00:00,"historie",4.47,5.83150799862685,NA,NA,NA
"4088",2024-06-20 10:00:00,"historie",3.02,6.92231694874527,NA,NA,NA
"4089",2024-06-20 11:00:00,"historie",2.19,6.25344442235731,NA,NA,NA
"4090",2024-06-20 12:00:00,"historie",2.01,7.72009497671543,NA,NA,NA
"4091",2024-06-20 13:00:00,"historie",3.19,7.21312672886834,NA,NA,NA
"4092",2024-06-20 14:00:00,"historie",2.82,6.63817253402095,NA,NA,NA
"4093",2024-06-20 15:00:00,"historie",3.11,7.75182652476839,NA,NA,NA
"4094",2024-06-20 16:00:00,"historie",3.6,9.80687384084661,NA,NA,NA
"4095",2024-06-20 17:00:00,"historie",5.18,9.65530344298516,NA,NA,NA
"4096",2024-06-20 18:00:00,"historie",6.91,8.62763362115374,NA,NA,NA
"4097",2024-06-20 19:00:00,"historie",13.6,9.42753938678119,NA,NA,NA
"4098",2024-06-20 20:00:00,"historie",26.21,3.56040962395917,NA,NA,NA
"4099",2024-06-20 21:00:00,"historie",22.5,2.61775157718216,NA,NA,NA
"4100",2024-06-20 22:00:00,"historie",20.55,2.52124644150794,NA,NA,NA
"4101",2024-06-20 23:00:00,"historie",19.76,2.54713234919312,NA,NA,NA
"4102",2024-06-21,"historie",21.37,3.61636591520547,NA,NA,NA
"4103",2024-06-21 01:00:00,"historie",19.13,4.27491332289773,NA,NA,NA
"4104",2024-06-21 02:00:00,"historie",13.82,4.45004286197704,NA,NA,NA
"4105",2024-06-21 03:00:00,"historie",10.34,3.77975195965158,NA,NA,NA
"4106",2024-06-21 04:00:00,"historie",9.7,5.65537576569766,NA,NA,NA
"4107",2024-06-21 05:00:00,"historie",13.17,8.01269475222519,NA,NA,NA
"4108",2024-06-21 06:00:00,"historie",11.65,17.6633183865241,NA,NA,NA
"4109",2024-06-21 07:00:00,"historie",8.52,31.100560694671,NA,NA,NA
"4110",2024-06-21 08:00:00,"historie",3.47,18.9268209700057,NA,NA,NA
"4111",2024-06-21 09:00:00,"historie",3.56,18.345221874813,NA,NA,NA
"4112",2024-06-21 10:00:00,"historie",3.59,15.8358793949814,NA,NA,NA
"4113",2024-06-21 11:00:00,"historie",2.25,17.5261632916361,NA,NA,NA
"4114",2024-06-21 12:00:00,"historie",2.78,15.4602426261984,NA,NA,NA
"4115",2024-06-21 13:00:00,"historie",4.59,11.3516380126793,NA,NA,NA
"4116",2024-06-21 14:00:00,"historie",4.38,9.65403689904972,NA,NA,NA
"4117",2024-06-21 15:00:00,"historie",3.56,11.2170884932371,NA,NA,NA
"4118",2024-06-21 16:00:00,"historie",5.07,13.3229027661051,NA,NA,NA
"4119",2024-06-21 17:00:00,"historie",1.82,9.87692770885958,NA,NA,NA
"4120",2024-06-21 18:00:00,"historie",2.84,6.15710742686004,NA,NA,NA
"4121",2024-06-21 19:00:00,"historie",4.09,2.90178043036239,NA,NA,NA
"4122",2024-06-21 20:00:00,"historie",18.24,3.6187930248736,NA,NA,NA
"4123",2024-06-21 21:00:00,"historie",58.83,3.13948190879334,NA,NA,NA
"4124",2024-06-21 22:00:00,"historie",41.41,2.42874497404256,NA,NA,NA
"4125",2024-06-21 23:00:00,"historie",44.4,3.59695478655125,NA,NA,NA
"4126",2024-06-22,"historie",28.26,4.54891662966856,NA,NA,NA
"4127",2024-06-22 01:00:00,"historie",19.86,5.61040591375329,NA,NA,NA
"4128",2024-06-22 02:00:00,"historie",17.28,4.28959068300234,NA,NA,NA
"4129",2024-06-22 03:00:00,"historie",11.83,5.44023585591379,NA,NA,NA
"4130",2024-06-22 04:00:00,"historie",9.3,2.0550773571281,NA,NA,NA
"4131",2024-06-22 05:00:00,"historie",6.13,4.82531979830151,NA,NA,NA
"4132",2024-06-22 06:00:00,"historie",4.17,7.02428740378668,NA,NA,NA
"4133",2024-06-22 07:00:00,"historie",3.8,26.4965205817995,NA,NA,NA
"4134",2024-06-22 08:00:00,"historie",3.06,49.3375011232701,NA,NA,NA
"4135",2024-06-22 09:00:00,"historie",2.63,28.7464462101013,NA,NA,NA
"4136",2024-06-22 10:00:00,"historie",5.06,32.2888017093311,NA,NA,NA
"4137",2024-06-22 11:00:00,"historie",1.41,19.6471031573167,NA,NA,NA
"4138",2024-06-22 12:00:00,"historie",1.18,15.3197273373414,NA,NA,NA
"4139",2024-06-22 13:00:00,"historie",1.4,13.8155998078473,NA,NA,NA
"4140",2024-06-22 14:00:00,"historie",1.18,10.4366593705463,NA,NA,NA
"4141",2024-06-22 15:00:00,"historie",2.21,10.6913298864207,NA,NA,NA
"4142",2024-06-22 16:00:00,"historie",2.51,6.36490036133423,NA,NA,NA
"4143",2024-06-22 17:00:00,"historie",3.73,4.27870680584533,NA,NA,NA
"4144",2024-06-22 18:00:00,"historie",9.19,3.17089852223392,NA,NA,NA
"4145",2024-06-22 19:00:00,"historie",14.99,3.15181093942343,NA,NA,NA
"4146",2024-06-22 20:00:00,"historie",24.75,2.7430567488164,NA,NA,NA
"4147",2024-06-22 21:00:00,"historie",41.4,4.52167651391944,NA,NA,NA
"4148",2024-06-22 22:00:00,"historie",55.58,1.47062409750774,NA,NA,NA
"4149",2024-06-22 23:00:00,"historie",48.47,1.86571707711529,NA,NA,NA
"4150",2024-06-23,"historie",33.23,1.74968315317098,NA,NA,NA
"4151",2024-06-23 01:00:00,"historie",30.22,1.89846591897102,NA,NA,NA
"4152",2024-06-23 02:00:00,"historie",17.13,3.56505049268691,NA,NA,NA
"4153",2024-06-23 03:00:00,"historie",12.23,2.46595910900341,NA,NA,NA
"4154",2024-06-23 04:00:00,"historie",11.04,4.89987500093222,NA,NA,NA
"4155",2024-06-23 05:00:00,"historie",12.01,11.5425067644131,NA,NA,NA
"4156",2024-06-23 06:00:00,"historie",9.82,21.8794195814488,NA,NA,NA
"4157",2024-06-23 07:00:00,"historie",4.93,31.4544487288237,NA,NA,NA
"4158",2024-06-23 08:00:00,"historie",2.45,33.7136321590921,NA,NA,NA
"4159",2024-06-23 09:00:00,"historie",3.11,43.6483507712263,NA,NA,NA
"4160",2024-06-23 10:00:00,"historie",3.45,31.1442039120903,NA,NA,NA
"4161",2024-06-23 11:00:00,"historie",2.83,22.7616597880666,NA,NA,NA
"4162",2024-06-23 12:00:00,"historie",2.44,22.3908423561038,NA,NA,NA
"4163",2024-06-23 13:00:00,"historie",2.69,12.2845535534501,NA,NA,NA
"4164",2024-06-23 14:00:00,"historie",4.09,10.765559331996,NA,NA,NA
"4165",2024-06-23 15:00:00,"historie",2.69,11.2535113319993,NA,NA,NA
"4166",2024-06-23 16:00:00,"historie",3.17,10.9547662168058,NA,NA,NA
"4167",2024-06-23 17:00:00,"historie",6.45,8.31107612967908,NA,NA,NA
"4168",2024-06-23 18:00:00,"historie",8.36,3.57334796130242,NA,NA,NA
"4169",2024-06-23 19:00:00,"historie",6.65,2.43730916029853,NA,NA,NA
"4170",2024-06-23 20:00:00,"historie",12.86,3.76397269567622,NA,NA,NA
"4171",2024-06-23 21:00:00,"historie",32.15,2.57170218143089,NA,NA,NA
"4172",2024-06-23 22:00:00,"historie",32.5,3.0403707854324,NA,NA,NA
"4173",2024-06-23 23:00:00,"historie",29.04,2.96210937681776,NA,NA,NA
"4174",2024-06-24,"historie",21.5,2.74769406009929,NA,NA,NA
"4175",2024-06-24 01:00:00,"historie",19.11,5.70556323686051,NA,NA,NA
"4176",2024-06-24 02:00:00,"historie",14.52,3.15156358506423,NA,NA,NA
"4177",2024-06-24 03:00:00,"historie",12.68,3.48284941632394,NA,NA,NA
"4178",2024-06-24 04:00:00,"historie",11.31,8.46594308388513,NA,NA,NA
"4179",2024-06-24 05:00:00,"historie",12.29,9.83460317587257,NA,NA,NA
"4180",2024-06-24 06:00:00,"historie",13.43,10.2467189732136,NA,NA,NA
"4181",2024-06-24 07:00:00,"historie",6.87,19.9800120573327,NA,NA,NA
"4182",2024-06-24 08:00:00,"historie",2.76,31.827255693485,NA,NA,NA
"4183",2024-06-24 09:00:00,"historie",1.89,26.8593685342814,NA,NA,NA
"4184",2024-06-24 10:00:00,"historie",2.52,21.6324167902946,NA,NA,NA
"4185",2024-06-24 11:00:00,"historie",1.62,17.0528331686021,NA,NA,NA
"4186",2024-06-24 12:00:00,"historie",1.71,14.865625203438,NA,NA,NA
"4187",2024-06-24 13:00:00,"historie",1.74,11.4373077904354,NA,NA,NA
"4188",2024-06-24 14:00:00,"historie",2.45,11.3752284927113,NA,NA,NA
"4189",2024-06-24 15:00:00,"historie",3.2,11.6397587004543,NA,NA,NA
"4190",2024-06-24 16:00:00,"historie",3.26,11.1589298998495,NA,NA,NA
"4191",2024-06-24 17:00:00,"historie",4.05,10.3896236839464,NA,NA,NA
"4192",2024-06-24 18:00:00,"historie",3.79,4.39310627523566,NA,NA,NA
"4193",2024-06-24 19:00:00,"historie",4.7,2.71426663915799,NA,NA,NA
"4194",2024-06-24 20:00:00,"historie",13.82,2.25047144329677,NA,NA,NA
"4195",2024-06-24 21:00:00,"historie",22.54,2.30363977570464,NA,NA,NA
"4196",2024-06-24 22:00:00,"historie",27.89,1.83211578333928,NA,NA,NA
"4197",2024-06-24 23:00:00,"historie",31.11,2.36422505426765,NA,NA,NA
"4198",2024-06-25,"historie",30.36,2.0827593006909,NA,NA,NA
"4199",2024-06-25 01:00:00,"historie",25.84,3.37823560621329,NA,NA,NA
"4200",2024-06-25 02:00:00,"historie",21.2,4.13455152873921,NA,NA,NA
"4201",2024-06-25 03:00:00,"historie",17.06,3.67099343497883,NA,NA,NA
"4202",2024-06-25 04:00:00,"historie",14.04,5.32785106028014,NA,NA,NA
"4203",2024-06-25 05:00:00,"historie",19.24,4.76280915819633,NA,NA,NA
"4204",2024-06-25 06:00:00,"historie",25.41,8.67552167578735,NA,NA,NA
"4205",2024-06-25 07:00:00,"historie",11.35,23.3254400593232,NA,NA,NA
"4206",2024-06-25 08:00:00,"historie",3.13,21.6749277771144,NA,NA,NA
"4207",2024-06-25 09:00:00,"historie",1.84,25.2765381572383,NA,NA,NA
"4208",2024-06-25 10:00:00,"historie",1.64,23.2614614013345,NA,NA,NA
"4209",2024-06-25 11:00:00,"historie",1.77,23.2557329283191,NA,NA,NA
"4210",2024-06-25 12:00:00,"historie",1.9,18.4395743722314,NA,NA,NA
"4211",2024-06-25 13:00:00,"historie",2.14,15.7855912079276,NA,NA,NA
"4212",2024-06-25 14:00:00,"historie",2.37,13.9461148819198,NA,NA,NA
"4213",2024-06-25 15:00:00,"historie",3.14,13.6166225881245,NA,NA,NA
"4214",2024-06-25 16:00:00,"historie",3.95,17.0329048366507,NA,NA,NA
"4215",2024-06-25 17:00:00,"historie",3.6,16.7518417821547,NA,NA,NA
"4216",2024-06-25 18:00:00,"historie",3.68,6.02238814349773,NA,NA,NA
"4217",2024-06-25 19:00:00,"historie",6.11,2.66239635036516,NA,NA,NA
"4218",2024-06-25 20:00:00,"historie",19.35,2.23242225403837,NA,NA,NA
"4219",2024-06-25 21:00:00,"historie",28.02,1.48733743571472,NA,NA,NA
"4220",2024-06-25 22:00:00,"historie",32.09,2.19824206258992,NA,NA,NA
"4221",2024-06-25 23:00:00,"historie",24.4,2.41050154550924,NA,NA,NA
"4222",2024-06-26,"historie",15.88,2.5498058119566,NA,NA,NA
"4223",2024-06-26 01:00:00,"historie",9.96,3.19341959335599,NA,NA,NA
"4224",2024-06-26 02:00:00,"historie",6.97,3.98508167933288,NA,NA,NA
"4225",2024-06-26 03:00:00,"historie",7.98,4.38870409376769,NA,NA,NA
"4226",2024-06-26 04:00:00,"historie",9.84,4.31417367827669,NA,NA,NA
"4227",2024-06-26 05:00:00,"historie",26.68,4.83305145719988,NA,NA,NA
"4228",2024-06-26 06:00:00,"historie",14.98,11.6151289609399,NA,NA,NA
"4229",2024-06-26 07:00:00,"historie",11.54,29.113224156132,NA,NA,NA
"4230",2024-06-26 08:00:00,"historie",3.21,25.8312330087492,NA,NA,NA
"4231",2024-06-26 09:00:00,"historie",2.67,28.4938321983436,NA,NA,NA
"4232",2024-06-26 10:00:00,"historie",2.03,18.718777797751,NA,NA,NA
"4233",2024-06-26 11:00:00,"historie",1.67,13.4012647346445,NA,NA,NA
"4234",2024-06-26 12:00:00,"historie",1.77,8.64663271280415,NA,NA,NA
"4235",2024-06-26 13:00:00,"historie",1.99,6.60920222045233,NA,NA,NA
"4236",2024-06-26 14:00:00,"historie",2.72,8.29397742482717,NA,NA,NA
"4237",2024-06-26 15:00:00,"historie",3.27,11.4587824794758,NA,NA,NA
"4238",2024-06-26 16:00:00,"historie",2.72,25.8188166058216,NA,NA,NA
"4239",2024-06-26 17:00:00,"historie",2.94,8.99761448231108,NA,NA,NA
"4240",2024-06-26 18:00:00,"historie",5.23,6.57833235055967,NA,NA,NA
"4241",2024-06-26 19:00:00,"historie",3.66,2.54157992900829,NA,NA,NA
"4242",2024-06-26 20:00:00,"historie",8.8,3.04898274782011,NA,NA,NA
"4243",2024-06-26 21:00:00,"historie",17.43,1.7742410864511,NA,NA,NA
"4244",2024-06-26 22:00:00,"historie",23.3,1.99777728010109,NA,NA,NA
"4245",2024-06-26 23:00:00,"historie",19.58,2.29249679791577,NA,NA,NA
"4246",2024-06-27,"historie",98.04,2.3821719849495,NA,NA,NA
"4247",2024-06-27 01:00:00,"historie",56.45,3.69269386737104,NA,NA,NA
"4248",2024-06-27 02:00:00,"historie",31.87,4.03434777293566,NA,NA,NA
"4249",2024-06-27 03:00:00,"historie",19.61,2.9796682611793,NA,NA,NA
"4250",2024-06-27 04:00:00,"historie",13.65,3.81108327093554,NA,NA,NA
"4251",2024-06-27 05:00:00,"historie",13.46,7.14844849329749,NA,NA,NA
"4252",2024-06-27 06:00:00,"historie",12.83,6.83965504368269,NA,NA,NA
"4253",2024-06-27 07:00:00,"historie",7.38,15.3927638424655,NA,NA,NA
"4254",2024-06-27 08:00:00,"historie",7.38,19.3151279275186,NA,NA,NA
"4255",2024-06-27 09:00:00,"historie",2.55,21.7154252968409,NA,NA,NA
"4256",2024-06-27 10:00:00,"historie",1.94,15.4226557280952,NA,NA,NA
"4257",2024-06-27 11:00:00,"historie",1.55,74.0967313185696,NA,NA,NA
"4258",2024-06-27 12:00:00,"historie",1.01,28.4997070536638,NA,NA,NA
"4259",2024-06-27 13:00:00,"historie",1.55,21.4450886627958,NA,NA,NA
"4260",2024-06-27 14:00:00,"historie",1.82,15.1989775195077,NA,NA,NA
"4261",2024-06-27 15:00:00,"historie",2.73,15.2010722769352,NA,NA,NA
"4262",2024-06-27 16:00:00,"historie",26.39,11.7296259262137,NA,NA,NA
"4263",2024-06-27 17:00:00,"historie",118.25,9.71480563298221,NA,NA,NA
"4264",2024-06-28 09:00:00,"historie",3.56,4.01624786648713,NA,NA,NA
"4265",2024-06-28 10:00:00,"historie",2.44,6.3930362293642,NA,NA,NA
"4266",2024-06-28 11:00:00,"historie",1.46,2.26709583951453,NA,NA,NA
"4267",2024-06-28 12:00:00,"historie",5.05,1.80699664673687,NA,NA,NA
"4268",2024-06-28 13:00:00,"historie",72.66,1.84339585190496,NA,NA,NA
"4269",2024-06-28 14:00:00,"historie",61.53,1.35318174690657,NA,NA,NA
"4270",2024-06-28 15:00:00,"historie",3.57,2.18344811035159,NA,NA,NA
"4271",2024-06-28 16:00:00,"historie",53.66,2.5466156043644,NA,NA,NA
"4272",2024-06-28 17:00:00,"historie",52.4,3.48287196640261,NA,NA,NA
"4273",2024-06-28 18:00:00,"historie",16.91,26.5647718681158,NA,NA,NA
"4274",2024-06-28 19:00:00,"historie",5.22,80.6206255771822,NA,NA,NA
"4275",2024-06-28 20:00:00,"historie",10.74,2.19071185029952,NA,NA,NA
"4276",2024-06-28 21:00:00,"historie",9.51,5.96747101371851,NA,NA,NA
"4277",2024-06-28 22:00:00,"historie",8.37,2.89490006802295,NA,NA,NA
"4278",2024-06-28 23:00:00,"historie",6.43,8.91945308144617,NA,NA,NA
"4279",2024-06-29,"historie",7.71,75.5039005447872,NA,NA,NA
"4280",2024-06-29 01:00:00,"historie",7.34,45.127943981043,NA,NA,NA
"4281",2024-06-29 02:00:00,"historie",7.02,2.55114837348944,NA,NA,NA
"4282",2024-06-29 03:00:00,"historie",4.35,60.5046061697391,NA,NA,NA
"4283",2024-06-29 04:00:00,"historie",3.47,28.2723649111977,NA,NA,NA
"4284",2024-06-29 05:00:00,"historie",5.8,11.9816820081835,NA,NA,NA
"4285",2024-06-29 06:00:00,"historie",7.16,6.03812588798975,NA,NA,NA
"4286",2024-06-29 07:00:00,"historie",4,11.9764790400908,NA,NA,NA
"4287",2024-06-29 08:00:00,"historie",1.78,7.03577193776621,NA,NA,NA
"4288",2024-06-29 09:00:00,"historie",1.96,5.56428405674799,NA,NA,NA
"4289",2024-06-29 10:00:00,"historie",2.12,4.71252973354778,NA,NA,NA
"4290",2024-06-29 11:00:00,"historie",2.07,6.75357746845488,NA,NA,NA
"4291",2024-06-29 12:00:00,"historie",2.16,4.93113629535556,NA,NA,NA
"4292",2024-06-29 13:00:00,"historie",1.81,5.64866360020772,NA,NA,NA
"4293",2024-06-29 14:00:00,"historie",3.02,4.22249492689039,NA,NA,NA
"4294",2024-06-29 15:00:00,"historie",3.16,3.53153511817841,NA,NA,NA
"4295",2024-06-29 16:00:00,"historie",2.66,6.91141420536092,NA,NA,NA
"4296",2024-06-29 17:00:00,"historie",2.63,9.55339257018448,NA,NA,NA
"4297",2024-06-29 18:00:00,"historie",2.7,4.74446996018956,NA,NA,NA
"4298",2024-06-29 19:00:00,"historie",10.61,1.45311758400124,NA,NA,NA
"4299",2024-06-29 20:00:00,"historie",14.94,2.94635259153145,NA,NA,NA
"4300",2024-06-29 21:00:00,"historie",19.06,3.85022784326476,NA,NA,NA
"4301",2024-06-29 22:00:00,"historie",17.06,4.49952702881763,NA,NA,NA
"4302",2024-06-29 23:00:00,"historie",23.35,4.92953960493599,NA,NA,NA
"4303",2024-06-30,"historie",17.39,2.69606032733075,NA,NA,NA
"4304",2024-06-30 01:00:00,"historie",9.19,3.51564491649491,NA,NA,NA
"4305",2024-06-30 02:00:00,"historie",6.42,5.91803877451383,NA,NA,NA
"4306",2024-06-30 03:00:00,"historie",7.68,3.10121406534084,NA,NA,NA
"4307",2024-06-30 04:00:00,"historie",3.79,3.03199640703226,NA,NA,NA
"4308",2024-06-30 05:00:00,"historie",9.88,3.06021567597285,NA,NA,NA
"4309",2024-06-30 06:00:00,"historie",39.33,17.153738750424,NA,NA,NA
"4310",2024-06-30 07:00:00,"historie",21.59,12.6065490863474,NA,NA,NA
"4311",2024-06-30 08:00:00,"historie",3.25,13.9595305967281,NA,NA,NA
"4312",2024-06-30 09:00:00,"historie",2.74,9.61649887901136,NA,NA,NA
"4313",2024-06-30 10:00:00,"historie",2.95,15.9959253540662,NA,NA,NA
"4314",2024-06-30 11:00:00,"historie",2.14,11.6170484825606,NA,NA,NA
"4315",2024-06-30 12:00:00,"historie",0.89,5.83761703278135,NA,NA,NA
"4316",2024-06-30 13:00:00,"historie",1.47,5.03478199965172,NA,NA,NA
"4317",2024-06-30 14:00:00,"historie",1.94,7.21381557060325,NA,NA,NA
"4318",2024-06-30 15:00:00,"historie",2.17,3.67506703633904,NA,NA,NA
"4319",2024-06-30 16:00:00,"historie",3.18,11.6393148993462,NA,NA,NA
"4320",2024-06-30 17:00:00,"historie",2.81,34.6484053017911,NA,NA,NA
"4321",2024-06-30 18:00:00,"historie",14.64,13.5196492780711,NA,NA,NA
"4322",2024-06-30 19:00:00,"historie",53.93,2.26531305891168,NA,NA,NA
"4323",2024-06-30 20:00:00,"historie",27.32,3.59018358660859,NA,NA,NA
"4324",2024-06-30 21:00:00,"historie",24.97,4.68172306135612,NA,NA,NA
"4325",2024-06-30 22:00:00,"historie",21.17,3.77029389218649,NA,NA,NA
"4326",2024-06-30 23:00:00,"historie",29.31,1.67573570422258,NA,NA,NA
"4327",2024-07-01,"historie",40.61,2.74208940617681,NA,NA,NA
"4328",2024-07-01 01:00:00,"historie",21.77,2.47701464341874,NA,NA,NA
"4329",2024-07-01 02:00:00,"historie",10.49,3.57812029564054,NA,NA,NA
"4330",2024-07-01 03:00:00,"historie",10.88,3.81496204814033,NA,NA,NA
"4331",2024-07-01 04:00:00,"historie",9.53,3.05688949824622,NA,NA,NA
"4332",2024-07-01 05:00:00,"historie",7.78,18.9193005640014,NA,NA,NA
"4333",2024-07-01 06:00:00,"historie",7.97,52.3685830094672,NA,NA,NA
"4334",2024-07-01 07:00:00,"historie",4.14,18.2871745102204,NA,NA,NA
"4335",2024-07-01 08:00:00,"historie",3.47,17.3883808023627,NA,NA,NA
"4336",2024-07-01 09:00:00,"historie",2.66,13.075916671674,NA,NA,NA
"4337",2024-07-01 10:00:00,"historie",2.64,19.2615418013413,NA,NA,NA
"4338",2024-07-01 11:00:00,"historie",2.46,24.2053397578373,NA,NA,NA
"4339",2024-07-01 12:00:00,"historie",3.89,11.264328032176,NA,NA,NA
"4340",2024-07-01 13:00:00,"historie",2.41,7.52078115109994,NA,NA,NA
"4341",2024-07-01 14:00:00,"historie",2.33,8.56344415612441,NA,NA,NA
"4342",2024-07-01 15:00:00,"historie",20.68,9.53247417460052,NA,NA,NA
"4343",2024-07-01 16:00:00,"historie",38.78,9.20816368637307,NA,NA,NA
"4344",2024-07-01 17:00:00,"historie",12.42,8.00323018604775,NA,NA,NA
"4345",2024-07-01 18:00:00,"historie",5.88,3.26926898852669,NA,NA,NA
"4346",2024-07-01 19:00:00,"historie",10.89,3.32513720003963,NA,NA,NA
"4347",2024-07-01 20:00:00,"historie",9.37,3.15282826115112,NA,NA,NA
"4348",2024-07-01 21:00:00,"historie",7.7,3.89044383502973,NA,NA,NA
"4349",2024-07-01 22:00:00,"historie",6.94,3.56198486235871,NA,NA,NA
"4350",2024-07-01 23:00:00,"historie",5.99,6.56494649502865,NA,NA,NA
"4351",2024-07-02,"historie",5.88,2.9943271201638,NA,NA,NA
"4352",2024-07-02 01:00:00,"historie",6.78,2.81125290905158,NA,NA,NA
"4353",2024-07-02 02:00:00,"historie",12.56,29.2823583390165,NA,NA,NA
"4354",2024-07-02 03:00:00,"historie",12.92,24.0175193580674,NA,NA,NA
"4355",2024-07-02 04:00:00,"historie",22.86,10.278100987505,NA,NA,NA
"4356",2024-07-02 05:00:00,"historie",19.91,7.07989520419267,NA,NA,NA
"4357",2024-07-02 06:00:00,"historie",12.2,13.3143718603382,NA,NA,NA
"4358",2024-07-02 07:00:00,"historie",8.58,9.19110190003889,NA,NA,NA
"4359",2024-07-02 08:00:00,"historie",4.39,6.93599255985899,NA,NA,NA
"4360",2024-07-02 09:00:00,"historie",4.19,6.27842905441786,NA,NA,NA
"4361",2024-07-02 10:00:00,"historie",3.93,5.84222358471166,NA,NA,NA
"4362",2024-07-02 11:00:00,"historie",3.39,5.25345793309213,NA,NA,NA
"4363",2024-07-02 12:00:00,"historie",3.65,5.31314710138335,NA,NA,NA
"4364",2024-07-02 13:00:00,"historie",4.23,11.1843221594366,NA,NA,NA
"4365",2024-07-02 14:00:00,"historie",5.6,9.74541551877204,NA,NA,NA
"4366",2024-07-02 15:00:00,"historie",6.08,20.0973099605897,NA,NA,NA
"4367",2024-07-02 16:00:00,"historie",4.48,17.3457743215975,NA,NA,NA
"4368",2024-07-02 17:00:00,"historie",4.15,9.36816093104802,NA,NA,NA
"4369",2024-07-02 18:00:00,"historie",9.33,6.60916409594383,NA,NA,NA
"4370",2024-07-02 19:00:00,"historie",15.3,3.46697049338615,NA,NA,NA
"4371",2024-07-02 20:00:00,"historie",11.36,4.67799635740922,NA,NA,NA
"4372",2024-07-02 21:00:00,"historie",10.87,4.91221028966696,NA,NA,NA
"4373",2024-07-02 22:00:00,"historie",16.07,4.79253254944757,NA,NA,NA
"4374",2024-07-02 23:00:00,"historie",12.5,4.99242960517025,NA,NA,NA
"4375",2024-07-03,"historie",16.39,5.09543656601605,NA,NA,NA
"4376",2024-07-03 01:00:00,"historie",20.04,7.71757016709157,NA,NA,NA
"4377",2024-07-03 02:00:00,"historie",22.18,8.04936832811955,NA,NA,NA
"4378",2024-07-03 03:00:00,"historie",24.88,3.85505793094206,NA,NA,NA
"4379",2024-07-03 04:00:00,"historie",25.65,4.70650830304401,NA,NA,NA
"4380",2024-07-03 05:00:00,"historie",7.84,12.953785619082,NA,NA,NA
"4381",2024-07-03 06:00:00,"historie",11.91,15.4318183571008,NA,NA,NA
"4382",2024-07-03 07:00:00,"historie",8.25,10.1540586543338,NA,NA,NA
"4383",2024-07-03 08:00:00,"historie",3.74,9.30645966175925,NA,NA,NA
"4384",2024-07-03 09:00:00,"historie",2.83,12.6523116473352,NA,NA,NA
"4385",2024-07-03 10:00:00,"historie",2.64,9.7233523822479,NA,NA,NA
"4386",2024-07-03 11:00:00,"historie",3.06,12.9479332526357,NA,NA,NA
"4387",2024-07-03 12:00:00,"historie",3.31,14.1097218695541,NA,NA,NA
"4388",2024-07-03 13:00:00,"historie",3.68,16.0423616889209,NA,NA,NA
"4389",2024-07-03 14:00:00,"historie",3.54,19.148263658598,NA,NA,NA
"4390",2024-07-03 15:00:00,"historie",3.86,19.8520724962908,NA,NA,NA
"4391",2024-07-03 16:00:00,"historie",3.63,6.80705217547952,NA,NA,NA
"4392",2024-07-03 17:00:00,"historie",4.43,11.4029148407529,NA,NA,NA
"4393",2024-07-03 18:00:00,"historie",3.88,5.77346064395402,NA,NA,NA
"4394",2024-07-03 19:00:00,"historie",5.48,3.17315116099229,NA,NA,NA
"4395",2024-07-03 20:00:00,"historie",17.45,3.2612563179336,NA,NA,NA
"4396",2024-07-03 21:00:00,"historie",22.09,3.49136322000681,NA,NA,NA
"4397",2024-07-03 22:00:00,"historie",24.17,4.4380129749709,NA,NA,NA
"4398",2024-07-03 23:00:00,"historie",19.26,4.59564255026599,NA,NA,NA
"4399",2024-07-04,"historie",33.16,4.65097718197407,NA,NA,NA
"4400",2024-07-04 01:00:00,"historie",37.57,4.57391339424004,NA,NA,NA
"4401",2024-07-04 02:00:00,"historie",30.87,5.14913618716796,NA,NA,NA
"4402",2024-07-04 03:00:00,"historie",20.64,3.54356158056416,NA,NA,NA
"4403",2024-07-04 04:00:00,"historie",16.13,5.78602234616126,NA,NA,NA
"4404",2024-07-04 05:00:00,"historie",13.75,5.49548368537327,NA,NA,NA
"4405",2024-07-04 06:00:00,"historie",8.7,6.83502975217211,NA,NA,NA
"4406",2024-07-04 07:00:00,"historie",4.56,18.5879225792397,NA,NA,NA
"4407",2024-07-04 08:00:00,"historie",3.51,17.3720163185853,NA,NA,NA
"4408",2024-07-04 09:00:00,"historie",3.1,16.5665584164269,NA,NA,NA
"4409",2024-07-04 10:00:00,"historie",2.81,14.9953812723113,NA,NA,NA
"4410",2024-07-04 11:00:00,"historie",3.89,24.871560072894,NA,NA,NA
"4411",2024-07-04 12:00:00,"historie",5.58,23.4294306246916,NA,NA,NA
"4412",2024-07-04 13:00:00,"historie",3.38,21.0794689347118,NA,NA,NA
"4413",2024-07-04 14:00:00,"historie",3.01,15.5506162520848,NA,NA,NA
"4414",2024-07-04 15:00:00,"historie",8.31,11.7187295551495,NA,NA,NA
"4415",2024-07-04 16:00:00,"historie",4.55,13.9772864265907,NA,NA,NA
"4416",2024-07-04 17:00:00,"historie",3.34,7.00942884549089,NA,NA,NA
"4417",2024-07-04 18:00:00,"historie",4.45,3.4943250691132,NA,NA,NA
"4418",2024-07-04 19:00:00,"historie",5.3,3.27329592954271,NA,NA,NA
"4419",2024-07-04 20:00:00,"historie",17.27,3.43308054566269,NA,NA,NA
"4420",2024-07-04 21:00:00,"historie",20.6,3.60754762222358,NA,NA,NA
"4421",2024-07-04 22:00:00,"historie",29.67,5.30115913653276,NA,NA,NA
"4422",2024-07-04 23:00:00,"historie",21.23,6.94633889300223,NA,NA,NA
"4423",2024-07-05,"historie",13.75,3.6869097747978,NA,NA,NA
"4424",2024-07-05 01:00:00,"historie",13.35,3.98614681140615,NA,NA,NA
"4425",2024-07-05 02:00:00,"historie",12.08,10.4951783338933,NA,NA,NA
"4426",2024-07-05 03:00:00,"historie",10.06,3.80873755830075,NA,NA,NA
"4427",2024-07-05 04:00:00,"historie",10.57,4.00184027810782,NA,NA,NA
"4428",2024-07-05 05:00:00,"historie",11.54,6.55698140219927,NA,NA,NA
"4429",2024-07-05 06:00:00,"historie",12.15,7.34277256651507,NA,NA,NA
"4430",2024-07-05 07:00:00,"historie",13.21,19.1792545925511,NA,NA,NA
"4431",2024-07-05 08:00:00,"historie",4.92,16.7906452524816,NA,NA,NA
"4432",2024-07-05 09:00:00,"historie",3.35,21.1104418642195,NA,NA,NA
"4433",2024-07-05 10:00:00,"historie",1.5,17.3993727289872,NA,NA,NA
"4434",2024-07-05 11:00:00,"historie",1.45,11.2411987770515,NA,NA,NA
"4435",2024-07-05 12:00:00,"historie",2.37,11.0298794403821,NA,NA,NA
"4436",2024-07-05 13:00:00,"historie",2.9,10.230889233595,NA,NA,NA
"4437",2024-07-05 14:00:00,"historie",3.55,9.23536347936384,NA,NA,NA
"4438",2024-07-05 15:00:00,"historie",4.06,9.41651019333551,NA,NA,NA
"4439",2024-07-05 16:00:00,"historie",4.95,11.4857803485138,NA,NA,NA
"4440",2024-07-05 17:00:00,"historie",4.64,9.38206600291082,NA,NA,NA
"4441",2024-07-05 18:00:00,"historie",9.79,9.10188992881695,NA,NA,NA
"4442",2024-07-05 19:00:00,"historie",13.35,3.64015182403118,NA,NA,NA
"4443",2024-07-05 20:00:00,"historie",24.57,3.53508015012235,NA,NA,NA
"4444",2024-07-05 21:00:00,"historie",28.22,1.9932985586457,NA,NA,NA
"4445",2024-07-05 22:00:00,"historie",19.82,2.42797616969791,NA,NA,NA
"4446",2024-07-05 23:00:00,"historie",21.86,3.33828639029399,NA,NA,NA
"4447",2024-07-06,"historie",19.15,3.60796148458527,NA,NA,NA
"4448",2024-07-06 01:00:00,"historie",14.28,5.21359667510735,NA,NA,NA
"4449",2024-07-06 02:00:00,"historie",13.51,4.53898685718139,NA,NA,NA
"4450",2024-07-06 03:00:00,"historie",12.51,4.75090292458576,NA,NA,NA
"4451",2024-07-06 04:00:00,"historie",12.56,5.28322556943908,NA,NA,NA
"4452",2024-07-06 05:00:00,"historie",13.19,12.5105573013462,NA,NA,NA
"4453",2024-07-06 06:00:00,"historie",12.88,16.4286580335425,NA,NA,NA
"4454",2024-07-06 07:00:00,"historie",8.88,22.7404126061455,NA,NA,NA
"4455",2024-07-06 08:00:00,"historie",3.43,23.4847553165674,NA,NA,NA
"4456",2024-07-06 09:00:00,"historie",2.49,13.5804723677838,NA,NA,NA
"4457",2024-07-06 10:00:00,"historie",NA,18.6145180500517,NA,NA,NA
"4458",2024-07-06 11:00:00,"historie",NA,15.1478867273737,NA,NA,NA
"4459",2024-07-06 12:00:00,"historie",0.96,11.0989948819473,NA,NA,NA
"4460",2024-07-06 13:00:00,"historie",0.93,11.3967603563895,NA,NA,NA
"4461",2024-07-06 14:00:00,"historie",0.51,11.3085361194784,NA,NA,NA
"4462",2024-07-06 15:00:00,"historie",1.6,10.9620631766695,NA,NA,NA
"4463",2024-07-06 16:00:00,"historie",2,12.9576303052419,NA,NA,NA
"4464",2024-07-06 17:00:00,"historie",74.31,10.4287116307833,NA,NA,NA
"4465",2024-07-06 18:00:00,"historie",125,5.70102901691825,NA,NA,NA
"4466",2024-07-06 19:00:00,"historie",125,2.81965368542784,NA,NA,NA
"4467",2024-07-06 20:00:00,"historie",50.64,2.45356198905456,NA,NA,NA
"4468",2024-07-06 21:00:00,"historie",15.43,1.31908716698454,NA,NA,NA
"4469",2024-07-06 22:00:00,"historie",21.82,1.66525280725323,NA,NA,NA
"4470",2024-07-06 23:00:00,"historie",21.2,0.789448215911884,NA,NA,NA
"4471",2024-07-07,"historie",12.43,2.63101173468204,NA,NA,NA
"4472",2024-07-07 01:00:00,"historie",9.19,2.8058216977702,NA,NA,NA
"4473",2024-07-07 02:00:00,"historie",6.85,82.938200170698,NA,NA,NA
"4474",2024-07-07 03:00:00,"historie",3.74,54.8920829803377,NA,NA,NA
"4475",2024-07-07 04:00:00,"historie",5.44,82.772757975496,NA,NA,NA
"4476",2024-07-07 05:00:00,"historie",8.62,36.9327542725061,NA,NA,NA
"4477",2024-07-07 06:00:00,"historie",8.55,16.8732269691861,NA,NA,NA
"4478",2024-07-07 07:00:00,"historie",4.06,22.490968380676,NA,NA,NA
"4479",2024-07-07 08:00:00,"historie",2.41,17.5946164054836,NA,NA,NA
"4480",2024-07-07 09:00:00,"historie",1.53,9.79674062913232,NA,NA,NA
"4481",2024-07-07 10:00:00,"historie",1.88,8.81337864136624,NA,NA,NA
"4482",2024-07-07 11:00:00,"historie",2.1,6.57230657099805,NA,NA,NA
"4483",2024-07-07 12:00:00,"historie",2.41,3.85042249991129,NA,NA,NA
"4484",2024-07-07 13:00:00,"historie",3.45,6.27953645112675,NA,NA,NA
"4485",2024-07-07 14:00:00,"historie",5.01,9.12761289398699,NA,NA,NA
"4486",2024-07-07 15:00:00,"historie",3.87,7.92649448501045,NA,NA,NA
"4487",2024-07-07 16:00:00,"historie",3.46,4.35250793637354,NA,NA,NA
"4488",2024-07-07 17:00:00,"historie",3.75,2.54009633858091,NA,NA,NA
"4489",2024-07-07 18:00:00,"historie",4.33,1.3907468016489,NA,NA,NA
"4490",2024-07-07 19:00:00,"historie",11.85,2.19113666836078,NA,NA,NA
"4491",2024-07-07 20:00:00,"historie",32.17,2.07673504384098,NA,NA,NA
"4492",2024-07-07 21:00:00,"historie",37.01,3.07518054923953,NA,NA,NA
"4493",2024-07-07 22:00:00,"historie",29.27,3.91585997875638,NA,NA,NA
"4494",2024-07-07 23:00:00,"historie",28.33,6.07488517473142,NA,NA,NA
"4495",2024-07-08,"historie",25.27,3.72094922786356,NA,NA,NA
"4496",2024-07-08 01:00:00,"historie",20.69,7.09045121703645,NA,NA,NA
"4497",2024-07-08 02:00:00,"historie",17.3,4.6496251600111,NA,NA,NA
"4498",2024-07-08 03:00:00,"historie",13.52,5.08138437860602,NA,NA,NA
"4499",2024-07-08 04:00:00,"historie",11.7,14.2990410066763,NA,NA,NA
"4500",2024-07-08 05:00:00,"historie",11.4,30.5958204077899,NA,NA,NA
"4501",2024-07-08 06:00:00,"historie",8.96,39.5641567979704,NA,NA,NA
"4502",2024-07-08 07:00:00,"historie",15.14,23.9459894260738,NA,NA,NA
"4503",2024-07-08 08:00:00,"historie",5.23,21.6772616113709,NA,NA,NA
"4504",2024-07-08 09:00:00,"historie",1.95,17.7167729386122,NA,NA,NA
"4505",2024-07-08 10:00:00,"historie",0.9,15.887297348232,NA,NA,NA
"4506",2024-07-08 11:00:00,"historie",0.79,12.6206152824732,NA,NA,NA
"4507",2024-07-08 12:00:00,"historie",1.4,11.5470132630921,NA,NA,NA
"4508",2024-07-08 13:00:00,"historie",2.01,10.6648883057352,NA,NA,NA
"4509",2024-07-08 14:00:00,"historie",3.14,10.495208371819,NA,NA,NA
"4510",2024-07-08 15:00:00,"historie",2.16,7.19227193265518,NA,NA,NA
"4511",2024-07-08 16:00:00,"historie",2.81,13.8378252546684,NA,NA,NA
"4512",2024-07-08 17:00:00,"historie",3.64,3.7035620086996,NA,NA,NA
"4513",2024-07-08 18:00:00,"historie",17.15,1.70694095292514,NA,NA,NA
"4514",2024-07-08 19:00:00,"historie",24.46,1.0630231753826,NA,NA,NA
"4515",2024-07-08 20:00:00,"historie",27.76,1.04103478174721,NA,NA,NA
"4516",2024-07-08 21:00:00,"historie",25.53,2.26126818580047,NA,NA,NA
"4517",2024-07-08 22:00:00,"historie",29.9,2.74951699708405,NA,NA,NA
"4518",2024-07-08 23:00:00,"historie",26.38,3.91868176617173,NA,NA,NA
"4519",2024-07-09,"historie",29.63,2.31498075310168,NA,NA,NA
"4520",2024-07-09 01:00:00,"historie",30.2,5.15451705114992,NA,NA,NA
"4521",2024-07-09 02:00:00,"historie",22.12,4.47374047058985,NA,NA,NA
"4522",2024-07-09 03:00:00,"historie",14.77,20.7494832805019,NA,NA,NA
"4523",2024-07-09 04:00:00,"historie",14.86,23.938990248,NA,NA,NA
"4524",2024-07-09 05:00:00,"historie",13.08,25.6712554351633,NA,NA,NA
"4525",2024-07-09 06:00:00,"historie",14.52,27.3849642338655,NA,NA,NA
"4526",2024-07-09 07:00:00,"historie",11.37,26.8673614506997,NA,NA,NA
"4527",2024-07-09 08:00:00,"historie",3.22,20.5850193699645,NA,NA,NA
"4528",2024-07-09 09:00:00,"historie",1.8,21.6813902245687,NA,NA,NA
"4529",2024-07-09 10:00:00,"historie",0.76,22.3817866115353,NA,NA,NA
"4530",2024-07-09 11:00:00,"historie",1.05,15.3260718645304,NA,NA,NA
"4531",2024-07-09 12:00:00,"historie",1.99,12.0000461589393,NA,NA,NA
"4532",2024-07-09 13:00:00,"historie",1.98,13.2431330534864,NA,NA,NA
"4533",2024-07-09 14:00:00,"historie",2.23,11.1341818163774,NA,NA,NA
"4534",2024-07-09 15:00:00,"historie",2.52,12.8576027323452,NA,NA,NA
"4535",2024-07-09 16:00:00,"historie",2.52,8.38192025223652,NA,NA,NA
"4536",2024-07-09 17:00:00,"historie",2.64,2.37270343638713,NA,NA,NA
"4537",2024-07-09 18:00:00,"historie",2.78,1.57043526756475,NA,NA,NA
"4538",2024-07-09 19:00:00,"historie",6.93,0.871589983539855,NA,NA,NA
"4539",2024-07-09 20:00:00,"historie",9.89,1.49125979469272,NA,NA,NA
"4540",2024-07-09 21:00:00,"historie",40.59,2.87758371373335,NA,NA,NA
"4541",2024-07-09 22:00:00,"historie",38.78,2.58453734575825,NA,NA,NA
"4542",2024-07-09 23:00:00,"historie",39.28,2.66887035403791,NA,NA,NA
"4543",2024-07-10,"historie",26.01,2.97768599990548,NA,NA,NA
"4544",2024-07-10 01:00:00,"historie",21.78,4.18910910891549,NA,NA,NA
"4545",2024-07-10 02:00:00,"historie",16.7,4.17843558260418,NA,NA,NA
"4546",2024-07-10 03:00:00,"historie",12.76,3.87732863249254,NA,NA,NA
"4547",2024-07-10 04:00:00,"historie",14.1,10.5155760696827,NA,NA,NA
"4548",2024-07-10 05:00:00,"historie",20.04,11.495082350568,NA,NA,NA
"4549",2024-07-10 06:00:00,"historie",9.94,51.8063499644244,NA,NA,NA
"4550",2024-07-10 07:00:00,"historie",19.8,29.3686274058359,NA,NA,NA
"4551",2024-07-10 08:00:00,"historie",7.52,30.890044703862,NA,NA,NA
"4552",2024-07-10 09:00:00,"historie",2.23,18.5134328526254,NA,NA,NA
"4553",2024-07-10 10:00:00,"historie",2.86,17.1726312368898,NA,NA,NA
"4554",2024-07-10 11:00:00,"historie",1.99,12.4459292657398,NA,NA,NA
"4555",2024-07-10 12:00:00,"historie",1.11,11.329684595575,NA,NA,NA
"4556",2024-07-10 13:00:00,"historie",1.21,12.8241416574866,NA,NA,NA
"4557",2024-07-10 14:00:00,"historie",1.62,17.628780143407,NA,NA,NA
"4558",2024-07-10 15:00:00,"historie",2.26,7.80978568294636,NA,NA,NA
"4559",2024-07-10 16:00:00,"historie",24.51,14.2200182387705,NA,NA,NA
"4560",2024-07-10 17:00:00,"historie",125,4.53757163254529,NA,NA,NA
"4561",2024-07-10 18:00:00,"historie",120.34,1.5334506560982,NA,NA,NA
"4562",2024-07-10 19:00:00,"historie",64.96,3.18271134529735,NA,NA,NA
"4563",2024-07-10 20:00:00,"historie",29.44,2.13045281707416,NA,NA,NA
"4564",2024-07-10 21:00:00,"historie",16.8,1.45771385835726,NA,NA,NA
"4565",2024-07-10 22:00:00,"historie",12.67,1.82468665971369,NA,NA,NA
"4566",2024-07-10 23:00:00,"historie",10.57,2.15421448955073,NA,NA,NA
"4567",2024-07-11,"historie",8.92,2.74394606518309,NA,NA,NA
"4568",2024-07-11 01:00:00,"historie",6.9,34.2250404623317,NA,NA,NA
"4569",2024-07-11 02:00:00,"historie",7.14,87.0843564583555,NA,NA,NA
"4570",2024-07-11 03:00:00,"historie",8.16,71.5678404901912,NA,NA,NA
"4571",2024-07-11 04:00:00,"historie",6.67,44.2092891229172,NA,NA,NA
"4572",2024-07-11 05:00:00,"historie",9.65,27.7079387945408,NA,NA,NA
"4573",2024-07-11 06:00:00,"historie",10.43,17.9714245835215,NA,NA,NA
"4574",2024-07-11 07:00:00,"historie",6.77,13.3708762171799,NA,NA,NA
"4575",2024-07-11 08:00:00,"historie",4.75,10.3554172381661,NA,NA,NA
"4576",2024-07-11 09:00:00,"historie",3,8.70182132445668,NA,NA,NA
"4577",2024-07-11 10:00:00,"historie",1.16,6.8842179909474,NA,NA,NA
"4578",2024-07-11 11:00:00,"historie",4.47,6.93993982923905,NA,NA,NA
"4579",2024-07-11 12:00:00,"historie",2.67,8.74301328158199,NA,NA,NA
"4580",2024-07-11 13:00:00,"historie",2.32,7.21518965172429,NA,NA,NA
"4581",2024-07-11 14:00:00,"historie",1.75,9.30577352606409,NA,NA,NA
"4582",2024-07-11 15:00:00,"historie",2.45,10.7475067995737,NA,NA,NA
"4583",2024-07-11 16:00:00,"historie",7.05,4.67327778287088,NA,NA,NA
"4584",2024-07-11 17:00:00,"historie",22.43,3.44712180395246,NA,NA,NA
"4585",2024-07-11 18:00:00,"historie",71.24,2.43845912906748,NA,NA,NA
"4586",2024-07-11 19:00:00,"historie",39.15,1.16742886188506,NA,NA,NA
"4587",2024-07-11 20:00:00,"historie",19.64,5.16011780191656,NA,NA,NA
"4588",2024-07-11 21:00:00,"historie",19.47,2.63086661376057,NA,NA,NA
"4589",2024-07-11 22:00:00,"historie",16.89,2.90453788802523,NA,NA,NA
"4590",2024-07-11 23:00:00,"historie",9.4,2.09792070637986,NA,NA,NA
"4591",2024-07-12,"historie",8.72,4.19262655845403,NA,NA,NA
"4592",2024-07-12 01:00:00,"historie",7.5,12.5455490107564,NA,NA,NA
"4593",2024-07-12 02:00:00,"historie",7.03,23.7976796055127,NA,NA,NA
"4594",2024-07-12 03:00:00,"historie",7.93,57.0992328650132,NA,NA,NA
"4595",2024-07-12 04:00:00,"historie",7.29,26.6288451966039,NA,NA,NA
"4596",2024-07-12 05:00:00,"historie",8.35,18.335942375722,NA,NA,NA
"4597",2024-07-12 06:00:00,"historie",9.78,20.950052506626,NA,NA,NA
"4598",2024-07-12 07:00:00,"historie",6.82,15.9310844833946,NA,NA,NA
"4599",2024-07-12 08:00:00,"historie",4.76,8.63957149325237,NA,NA,NA
"4600",2024-07-12 09:00:00,"historie",3.14,8.50546798128008,NA,NA,NA
"4601",2024-07-12 10:00:00,"historie",2.43,7.48353064044586,NA,NA,NA
"4602",2024-07-12 11:00:00,"historie",2.2,6.91084221208648,NA,NA,NA
"4603",2024-07-12 12:00:00,"historie",1.66,8.1633794032413,NA,NA,NA
"4604",2024-07-15 06:00:00,"historie",13.88,8.10798615166239,NA,NA,NA
"4605",2024-07-15 07:00:00,"historie",8.13,8.26687687280192,NA,NA,NA
"4606",2024-07-15 08:00:00,"historie",4.04,9.45104733337432,NA,NA,NA
"4607",2024-07-15 09:00:00,"historie",2.02,4.91395971343562,NA,NA,NA
"4608",2024-07-15 10:00:00,"historie",1.65,3.50464336821886,NA,NA,NA
"4609",2024-07-15 11:00:00,"historie",1.14,2.2602151433409,NA,NA,NA
"4610",2024-07-15 12:00:00,"historie",1.4,2.93426953977015,NA,NA,NA
"4611",2024-07-15 13:00:00,"historie",NA,2.08998097616804,NA,NA,NA
"4612",2024-07-15 14:00:00,"historie",1.39,2.01948678463677,NA,NA,NA
"4613",2024-07-15 15:00:00,"historie",1.91,15.7122599226543,NA,NA,NA
"4614",2024-07-15 16:00:00,"historie",2.27,6.12124273797264,NA,NA,NA
"4615",2024-07-15 17:00:00,"historie",10.82,5.24289970651402,NA,NA,NA
"4616",2024-07-15 18:00:00,"historie",6.23,3.71927448942705,NA,NA,NA
"4617",2024-07-15 19:00:00,"historie",37.15,3.08585032400168,NA,NA,NA
"4618",2024-07-15 20:00:00,"historie",45.01,1.76163655755734,NA,NA,NA
"4619",2024-07-15 21:00:00,"historie",35.75,2.7062766743806,NA,NA,NA
"4620",2024-07-15 22:00:00,"historie",29.17,2.68554664022173,NA,NA,NA
"4621",2024-07-15 23:00:00,"historie",24.31,3.6162860857617,NA,NA,NA
"4622",2024-07-16,"historie",23.06,3.28331563736152,NA,NA,NA
"4623",2024-07-16 01:00:00,"historie",13.59,13.9257889450258,NA,NA,NA
"4624",2024-07-16 02:00:00,"historie",14.54,5.4040006097965,NA,NA,NA
"4625",2024-07-16 03:00:00,"historie",9.78,37.3449244533353,NA,NA,NA
"4626",2024-07-16 04:00:00,"historie",7.86,28.1008565280198,NA,NA,NA
"4627",2024-07-16 05:00:00,"historie",6.3,24.4348454402434,NA,NA,NA
"4628",2024-07-16 06:00:00,"historie",6.27,22.8896817566632,NA,NA,NA
"4629",2024-07-16 07:00:00,"historie",17.16,17.893532008487,NA,NA,NA
"4630",2024-07-16 08:00:00,"historie",16.47,16.8793616275309,NA,NA,NA
"4631",2024-07-16 09:00:00,"historie",5.51,8.1037178370081,NA,NA,NA
"4632",2024-07-16 10:00:00,"historie",2.47,9.01955036404918,NA,NA,NA
"4633",2024-07-16 11:00:00,"historie",2.07,5.67740241388868,NA,NA,NA
"4634",2024-07-16 12:00:00,"historie",3.14,6.7673855158239,NA,NA,NA
"4635",2024-07-16 13:00:00,"historie",2.96,4.56266695113874,NA,NA,NA
"4636",2024-07-16 14:00:00,"historie",2.65,7.82279552516554,NA,NA,NA
"4637",2024-07-16 15:00:00,"historie",2.54,13.2697017642783,NA,NA,NA
"4638",2024-07-16 16:00:00,"historie",2.21,10.8907978324493,NA,NA,NA
"4639",2024-07-16 17:00:00,"historie",2.69,4.92801202611407,NA,NA,NA
"4640",2024-07-16 18:00:00,"historie",3.26,3.73607547173617,NA,NA,NA
"4641",2024-07-16 19:00:00,"historie",3.62,3.13239081140398,NA,NA,NA
"4642",2024-07-16 20:00:00,"historie",16.3,4.56296235952545,NA,NA,NA
"4643",2024-07-16 21:00:00,"historie",28.63,3.80632821023172,NA,NA,NA
"4644",2024-07-16 22:00:00,"historie",27.63,4.21060342283883,NA,NA,NA
"4645",2024-07-16 23:00:00,"historie",30.6,3.92583885427001,NA,NA,NA
"4646",2024-07-17,"historie",24.25,3.77076693039102,NA,NA,NA
"4647",2024-07-17 01:00:00,"historie",16.85,3.33477388772006,NA,NA,NA
"4648",2024-07-17 02:00:00,"historie",8.82,5.3548209936985,NA,NA,NA
"4649",2024-07-17 03:00:00,"historie",4.22,4.53827992207104,NA,NA,NA
"4650",2024-07-17 04:00:00,"historie",4.13,18.2840965604611,NA,NA,NA
"4651",2024-07-17 05:00:00,"historie",4.22,22.7941331816584,NA,NA,NA
"4652",2024-07-17 06:00:00,"historie",9.96,22.3918921979504,NA,NA,NA
"4653",2024-07-17 07:00:00,"historie",5.48,23.1851913060734,NA,NA,NA
"4654",2024-07-17 08:00:00,"historie",3.18,16.4776008513858,NA,NA,NA
"4655",2024-07-17 09:00:00,"historie",2.54,11.0023166705468,NA,NA,NA
"4656",2024-07-17 10:00:00,"historie",1.5,5.5077325103436,NA,NA,NA
"4657",2024-07-17 11:00:00,"historie",1.01,3.07679169937214,NA,NA,NA
"4658",2024-07-17 12:00:00,"historie",1.1,4.309947422574,NA,NA,NA
"4659",2024-07-17 13:00:00,"historie",1.38,3.71704062598148,NA,NA,NA
"4660",2024-07-17 14:00:00,"historie",5.54,13.5718699118106,NA,NA,NA
"4661",2024-07-17 15:00:00,"historie",5.83,4.24521026742975,NA,NA,NA
"4662",2024-07-17 16:00:00,"historie",3.5,2.77490278033227,NA,NA,NA
"4663",2024-07-17 17:00:00,"historie",3.17,2.94722126295772,NA,NA,NA
"4664",2024-07-17 18:00:00,"historie",7.69,2.38431007337553,NA,NA,NA
"4665",2024-07-17 19:00:00,"historie",10.83,1.77144156596124,NA,NA,NA
"4666",2024-07-17 20:00:00,"historie",14.7,1.82064762055445,NA,NA,NA
"4667",2024-07-17 21:00:00,"historie",13.08,2.18044139448398,NA,NA,NA
"4668",2024-07-17 22:00:00,"historie",21.82,8.93398762356145,NA,NA,NA
"4669",2024-07-17 23:00:00,"historie",27.42,6.61638882540438,NA,NA,NA
"4670",2024-07-18,"historie",22.01,4.60363472395536,NA,NA,NA
"4671",2024-07-18 01:00:00,"historie",21.56,3.74279452371442,NA,NA,NA
"4672",2024-07-18 02:00:00,"historie",18.63,10.3915088077581,NA,NA,NA
"4673",2024-07-18 03:00:00,"historie",16.4,12.8802779966898,NA,NA,NA
"4674",2024-07-18 04:00:00,"historie",16.81,14.4222302422841,NA,NA,NA
"4675",2024-07-18 05:00:00,"historie",20.21,11.8946962203766,NA,NA,NA
"4676",2024-07-18 06:00:00,"historie",19.04,21.8722805050831,NA,NA,NA
"4677",2024-07-18 07:00:00,"historie",8.76,21.1771342424043,NA,NA,NA
"4678",2024-07-18 08:00:00,"historie",2.51,15.5598748792804,NA,NA,NA
"4679",2024-07-18 09:00:00,"historie",2.42,13.5009356877087,NA,NA,NA
"4680",2024-07-18 10:00:00,"historie",1.98,10.2509424368008,NA,NA,NA
"4681",2024-07-18 11:00:00,"historie",1.1,10.0523477309516,NA,NA,NA
"4682",2024-07-18 12:00:00,"historie",1.78,12.5879109221956,NA,NA,NA
"4683",2024-07-18 13:00:00,"historie",1.81,14.8846539026496,NA,NA,NA
"4684",2024-07-18 14:00:00,"historie",2.89,15.7683146416682,NA,NA,NA
"4685",2024-07-18 15:00:00,"historie",3.54,5.87020986713087,NA,NA,NA
"4686",2024-07-18 16:00:00,"historie",3.52,2.0667926117663,NA,NA,NA
"4687",2024-07-18 17:00:00,"historie",3.64,2.79602483436414,NA,NA,NA
"4688",2024-07-18 18:00:00,"historie",5.5,2.73442915166386,NA,NA,NA
"4689",2024-07-18 19:00:00,"historie",20.01,1.67062195749661,NA,NA,NA
"4690",2024-07-18 20:00:00,"historie",20.65,2.78074787087635,NA,NA,NA
"4691",2024-07-18 21:00:00,"historie",28.99,2.96304847798068,NA,NA,NA
"4692",2024-07-18 22:00:00,"historie",31.33,4.41837077234067,NA,NA,NA
"4693",2024-07-18 23:00:00,"historie",27.67,4.44360344730446,NA,NA,NA
"4694",2024-07-19,"historie",22.74,4.74579926568126,NA,NA,NA
"4695",2024-07-19 01:00:00,"historie",17.14,4.70041969527896,NA,NA,NA
"4696",2024-07-19 02:00:00,"historie",12.89,7.46227087648211,NA,NA,NA
"4697",2024-07-19 03:00:00,"historie",13.04,24.2852865271684,NA,NA,NA
"4698",2024-07-19 04:00:00,"historie",12.75,16.5286044655484,NA,NA,NA
"4699",2024-07-19 05:00:00,"historie",13.82,26.5215815720905,NA,NA,NA
"4700",2024-07-19 06:00:00,"historie",14.17,26.5977039743092,NA,NA,NA
"4701",2024-07-19 07:00:00,"historie",11.01,20.5841352579059,NA,NA,NA
"4702",2024-07-19 08:00:00,"historie",4.15,17.0245591258471,NA,NA,NA
"4703",2024-07-19 09:00:00,"historie",2.17,11.4711986800648,NA,NA,NA
"4704",2024-07-19 10:00:00,"historie",1.82,8.36689100451741,NA,NA,NA
"4705",2024-07-19 11:00:00,"historie",0.61,9.37898734040684,NA,NA,NA
"4706",2024-07-19 12:00:00,"historie",1.01,10.8279228921922,NA,NA,NA
"4707",2024-07-19 13:00:00,"historie",1,11.0320798607063,NA,NA,NA
"4708",2024-07-19 14:00:00,"historie",2.01,12.0264613651562,NA,NA,NA
"4709",2024-07-19 15:00:00,"historie",3.29,6.84272576046888,NA,NA,NA
"4710",2024-07-19 16:00:00,"historie",3.24,3.23898387824806,NA,NA,NA
"4711",2024-07-19 17:00:00,"historie",3.39,2.22591858754482,NA,NA,NA
"4712",2024-07-19 18:00:00,"historie",3.31,2.35862073773243,NA,NA,NA
"4713",2024-07-19 19:00:00,"historie",7.73,0.981245978541747,NA,NA,NA
"4714",2024-07-19 20:00:00,"historie",25.88,1.74708017148333,NA,NA,NA
"4715",2024-07-19 21:00:00,"historie",47.85,1.78299943357097,NA,NA,NA
"4716",2024-07-19 22:00:00,"historie",31.03,3.42356152702863,NA,NA,NA
"4717",2024-07-19 23:00:00,"historie",30.12,4.33313902435084,NA,NA,NA
"4718",2024-07-20,"historie",31.94,4.27721678301061,NA,NA,NA
"4719",2024-07-20 01:00:00,"historie",17.44,4.46968754260153,NA,NA,NA
"4720",2024-07-20 02:00:00,"historie",7.14,5.38720027272448,NA,NA,NA
"4721",2024-07-20 03:00:00,"historie",9.08,10.5934187675823,NA,NA,NA
"4722",2024-07-20 04:00:00,"historie",9.68,26.9333510223007,NA,NA,NA
"4723",2024-07-20 05:00:00,"historie",12.22,38.9173175024013,NA,NA,NA
"4724",2024-07-20 06:00:00,"historie",14.86,23.9380438253223,NA,NA,NA
"4725",2024-07-20 07:00:00,"historie",8.25,23.1496526960596,NA,NA,NA
"4726",2024-07-20 08:00:00,"historie",4.5,22.7282849819194,NA,NA,NA
"4727",2024-07-20 09:00:00,"historie",2.72,11.0212427474414,NA,NA,NA
"4728",2024-07-20 10:00:00,"historie",2.4,5.14203653729512,NA,NA,NA
"4729",2024-07-20 11:00:00,"historie",2.46,7.84838582280641,NA,NA,NA
"4730",2024-07-20 12:00:00,"historie",2.73,8.96876147591049,NA,NA,NA
"4731",2024-07-20 13:00:00,"historie",1.56,10.6523133268474,NA,NA,NA
"4732",2024-07-20 14:00:00,"historie",1.92,12.8792904205107,NA,NA,NA
"4733",2024-07-20 15:00:00,"historie",2.13,4.9472933837677,NA,NA,NA
"4734",2024-07-20 16:00:00,"historie",2.36,3.52047426118221,NA,NA,NA
"4735",2024-07-20 17:00:00,"historie",3.17,2.62618976586291,NA,NA,NA
"4736",2024-07-20 18:00:00,"historie",7.09,2.46795772442461,NA,NA,NA
"4737",2024-07-20 19:00:00,"historie",19.43,3.49400436471968,NA,NA,NA
"4738",2024-07-20 20:00:00,"historie",30.32,3.11575119144423,NA,NA,NA
"4739",2024-07-20 21:00:00,"historie",20.23,2.37087439753152,NA,NA,NA
"4740",2024-07-20 22:00:00,"historie",18.59,3.08148091459417,NA,NA,NA
"4741",2024-07-20 23:00:00,"historie",23.78,2.84573399035777,NA,NA,NA
"4742",2024-07-21,"historie",26.12,3.37729660500627,NA,NA,NA
"4743",2024-07-21 01:00:00,"historie",23.83,4.18279118874858,NA,NA,NA
"4744",2024-07-21 02:00:00,"historie",14.95,11.2853999340051,NA,NA,NA
"4745",2024-07-21 03:00:00,"historie",12.29,24.5872744236698,NA,NA,NA
"4746",2024-07-21 04:00:00,"historie",16.95,28.32938752258,NA,NA,NA
"4747",2024-07-21 05:00:00,"historie",12.08,16.4890452942777,NA,NA,NA
"4748",2024-07-21 06:00:00,"historie",8.09,18.3232065682214,NA,NA,NA
"4749",2024-07-21 07:00:00,"historie",5.1,20.7317591037806,NA,NA,NA
"4750",2024-07-21 08:00:00,"historie",2.47,18.7059781047828,NA,NA,NA
"4751",2024-07-21 09:00:00,"historie",3.31,14.4150837234694,NA,NA,NA
"4752",2024-07-21 10:00:00,"historie",1.9,10.3808408515581,NA,NA,NA
"4753",2024-07-21 11:00:00,"historie",0.85,9.29557906067326,NA,NA,NA
"4754",2024-07-21 12:00:00,"historie",1.11,15.3607491681778,NA,NA,NA
"4755",2024-07-21 13:00:00,"historie",0.87,9.80163864834665,NA,NA,NA
"4756",2024-07-21 14:00:00,"historie",1.2,6.98622046656409,NA,NA,NA
"4757",2024-07-21 15:00:00,"historie",1.69,3.61872550196209,NA,NA,NA
"4758",2024-07-21 16:00:00,"historie",2.27,2.11046777558947,NA,NA,NA
"4759",2024-07-21 17:00:00,"historie",3.48,3.54024756482147,NA,NA,NA
"4760",2024-07-21 18:00:00,"historie",6.1,1.93815263398809,NA,NA,NA
"4761",2024-07-21 19:00:00,"historie",10.95,1.30418736848167,NA,NA,NA
"4762",2024-07-21 20:00:00,"historie",41.8,1.5228416701798,NA,NA,NA
"4763",2024-07-21 21:00:00,"historie",123.72,1.51694155476146,NA,NA,NA
"4764",2024-07-21 22:00:00,"historie",60.24,2.05307064084384,NA,NA,NA
"4765",2024-07-21 23:00:00,"historie",23.51,2.44524953554942,NA,NA,NA
"4766",2024-07-22,"historie",11.17,3.35947177100213,NA,NA,NA
"4767",2024-07-22 01:00:00,"historie",13.06,5.01542470120008,NA,NA,NA
"4768",2024-07-22 02:00:00,"historie",9.09,10.163901998017,NA,NA,NA
"4769",2024-07-22 03:00:00,"historie",7.38,14.7097785065164,NA,NA,NA
"4770",2024-07-22 04:00:00,"historie",7.22,40.0791955293061,NA,NA,NA
"4771",2024-07-22 05:00:00,"historie",7.76,85.4268498155252,NA,NA,NA
"4772",2024-07-22 06:00:00,"historie",8.27,39.3269662625278,NA,NA,NA
"4773",2024-07-22 07:00:00,"historie",4.4,17.638609564586,NA,NA,NA
"4774",2024-07-22 08:00:00,"historie",4.78,9.14036951221842,NA,NA,NA
"4775",2024-07-22 09:00:00,"historie",5.3,10.0140701461908,NA,NA,NA
"4776",2024-07-22 10:00:00,"historie",3.5,7.16875578019455,NA,NA,NA
"4777",2024-07-22 11:00:00,"historie",3.27,6.8458725823291,NA,NA,NA
"4778",2024-07-22 12:00:00,"historie",2.5,7.14144188823618,NA,NA,NA
"4779",2024-07-22 13:00:00,"historie",1.41,7.3216336593849,NA,NA,NA
"4780",2024-07-22 14:00:00,"historie",1.97,7.34178035926076,NA,NA,NA
"4781",2024-07-22 15:00:00,"historie",2.65,2.95941968114504,NA,NA,NA
"4782",2024-07-22 16:00:00,"historie",3.02,4.46661836076762,NA,NA,NA
"4783",2024-07-22 17:00:00,"historie",3.66,4.34148251673726,NA,NA,NA
"4784",2024-07-22 18:00:00,"historie",3.23,2.86851454507139,NA,NA,NA
"4785",2024-07-22 19:00:00,"historie",3.72,4.07681348246978,NA,NA,NA
"4786",2024-07-22 20:00:00,"historie",5.57,2.37979575633415,NA,NA,NA
"4787",2024-07-22 21:00:00,"historie",22.13,2.06901415352648,NA,NA,NA
"4788",2024-07-22 22:00:00,"historie",28.33,2.9893744960456,NA,NA,NA
"4789",2024-07-22 23:00:00,"historie",22.06,3.42168631400046,NA,NA,NA
"4790",2024-07-23,"historie",25.88,4.10864636709271,NA,NA,NA
"4791",2024-07-23 01:00:00,"historie",26.98,5.08450182916152,NA,NA,NA
"4792",2024-07-23 02:00:00,"historie",20.58,5.44542474321034,NA,NA,NA
"4793",2024-07-23 03:00:00,"historie",16.26,6.99671034682388,NA,NA,NA
"4794",2024-07-23 04:00:00,"historie",12.56,8.68590823874723,NA,NA,NA
"4795",2024-07-23 05:00:00,"historie",13.06,23.4069886543659,NA,NA,NA
"4796",2024-07-23 06:00:00,"historie",9.62,23.3573866577806,NA,NA,NA
"4797",2024-07-23 07:00:00,"historie",15.06,16.933684860078,NA,NA,NA
"4798",2024-07-23 08:00:00,"historie",7.11,21.0854267109407,NA,NA,NA
"4799",2024-07-23 09:00:00,"historie",3.55,16.4533804820706,NA,NA,NA
"4800",2024-07-23 10:00:00,"historie",2.25,13.8766922582079,NA,NA,NA
"4801",2024-07-23 11:00:00,"historie",0.89,12.3071907097439,NA,NA,NA
"4802",2024-07-23 12:00:00,"historie",1.07,10.7389259299723,NA,NA,NA
"4803",2024-07-23 13:00:00,"historie",2.67,11.2702378895152,NA,NA,NA
"4804",2024-07-23 14:00:00,"historie",3.25,7.24059021616715,NA,NA,NA
"4805",2024-07-23 15:00:00,"historie",3.14,10.3974959745597,NA,NA,NA
"4806",2024-07-23 16:00:00,"historie",5.4,5.0465520685371,NA,NA,NA
"4807",2024-07-23 17:00:00,"historie",65.68,2.87974200530292,NA,NA,NA
"4808",2024-07-23 18:00:00,"historie",26.34,2.19034212761144,NA,NA,NA
"4809",2024-07-23 19:00:00,"historie",37.56,1.18923957912489,NA,NA,NA
"4810",2024-07-23 20:00:00,"historie",36.84,1.32631396051828,NA,NA,NA
"4811",2024-07-23 21:00:00,"historie",30.8,4.29748563792521,NA,NA,NA
"4812",2024-07-23 22:00:00,"historie",4.7,4.01723754768568,NA,NA,NA
"4813",2024-07-23 23:00:00,"historie",7.17,3.70127632901973,NA,NA,NA
"4814",2024-07-24,"historie",10.1,6.86305510183607,NA,NA,NA
"4815",2024-07-24 01:00:00,"historie",12.04,64.5257651246619,NA,NA,NA
"4816",2024-07-24 02:00:00,"historie",17.42,20.1548229635615,NA,NA,NA
"4817",2024-07-24 03:00:00,"historie",13.14,41.8733829018083,NA,NA,NA
"4818",2024-07-24 04:00:00,"historie",16.45,37.0704219784615,NA,NA,NA
"4819",2024-07-24 05:00:00,"historie",43.6,24.2832622511082,NA,NA,NA
"4820",2024-07-24 06:00:00,"historie",35.13,4.2655055154204,NA,NA,NA
"4821",2024-07-24 07:00:00,"historie",16.47,9.39663046728915,NA,NA,NA
"4822",2024-07-24 08:00:00,"historie",4.45,10.3291655069366,NA,NA,NA
"4823",2024-07-24 09:00:00,"historie",3.39,9.50029496107533,NA,NA,NA
"4824",2024-07-24 10:00:00,"historie",2.21,13.9845269298638,NA,NA,NA
"4825",2024-07-24 11:00:00,"historie",1.42,10.1323486711193,NA,NA,NA
"4826",2024-07-24 12:00:00,"historie",2.78,14.94332513417,NA,NA,NA
"4827",2024-07-24 13:00:00,"historie",2.6,32.154532472334,NA,NA,NA
"4828",2024-07-24 14:00:00,"historie",4.49,22.0480549423976,NA,NA,NA
"4829",2024-07-24 15:00:00,"historie",3.15,8.44809774403208,NA,NA,NA
"4830",2024-07-24 16:00:00,"historie",2.95,3.16339868063282,NA,NA,NA
"4831",2024-07-24 17:00:00,"historie",2.8,2.96790956838871,NA,NA,NA
"4832",2024-07-24 18:00:00,"historie",6.04,1.85967810611564,NA,NA,NA
"4833",2024-07-24 19:00:00,"historie",10.14,1.8665858310671,NA,NA,NA
"4834",2024-07-24 20:00:00,"historie",12.08,3.38683761534524,NA,NA,NA
"4835",2024-07-24 21:00:00,"historie",11.99,3.33128629730128,NA,NA,NA
"4836",2024-07-24 22:00:00,"historie",15.71,5.56939267329389,NA,NA,NA
"4837",2024-07-24 23:00:00,"historie",21.15,3.65067586830619,NA,NA,NA
"4838",2024-07-25,"historie",21.04,5.57338223277389,NA,NA,NA
"4839",2024-07-25 01:00:00,"historie",20.09,3.25404623467609,NA,NA,NA
"4840",2024-07-25 02:00:00,"historie",20.77,10.7436951197416,NA,NA,NA
"4841",2024-07-25 03:00:00,"historie",15.66,13.9678044637998,NA,NA,NA
"4842",2024-07-25 04:00:00,"historie",11.52,15.3442666287119,NA,NA,NA
"4843",2024-07-25 05:00:00,"historie",11.35,9.26302187783484,NA,NA,NA
"4844",2024-07-25 06:00:00,"historie",10.78,17.1315088916632,NA,NA,NA
"4845",2024-07-25 07:00:00,"historie",6.87,19.2092941269237,NA,NA,NA
"4846",2024-07-25 08:00:00,"historie",3.72,17.7410559058139,NA,NA,NA
"4847",2024-07-25 09:00:00,"historie",2.62,14.945084330959,NA,NA,NA
"4848",2024-07-25 10:00:00,"historie",2.03,15.0089927166147,NA,NA,NA
"4849",2024-07-25 11:00:00,"historie",1.4,12.6631015214863,NA,NA,NA
"4850",2024-07-25 12:00:00,"historie",1.48,12.017977359367,NA,NA,NA
"4851",2024-07-25 13:00:00,"historie",1.43,9.98061070551691,NA,NA,NA
"4852",2024-07-25 14:00:00,"historie",2.59,8.86800824533871,NA,NA,NA
"4853",2024-07-25 15:00:00,"historie",3.75,4.1696831107639,NA,NA,NA
"4854",2024-07-25 16:00:00,"historie",3.4,3.18327401438629,NA,NA,NA
"4855",2024-07-25 17:00:00,"historie",3.93,2.27051768343124,NA,NA,NA
"4856",2024-07-25 18:00:00,"historie",4.87,1.81416446924803,NA,NA,NA
"4857",2024-07-25 19:00:00,"historie",9.29,1.9747734107661,NA,NA,NA
"4858",2024-07-25 20:00:00,"historie",33.78,1.76171226854643,NA,NA,NA
"4859",2024-07-25 21:00:00,"historie",38.75,2.2934599495607,NA,NA,NA
"4860",2024-07-25 22:00:00,"historie",33.79,3.39030442130658,NA,NA,NA
"4861",2024-07-25 23:00:00,"historie",31.88,4.56007879206679,NA,NA,NA
"4862",2024-07-26,"historie",24.31,4.94776506773951,NA,NA,NA
"4863",2024-07-26 01:00:00,"historie",20.83,5.02864674496769,NA,NA,NA
"4864",2024-07-26 02:00:00,"historie",19.2,7.82415481970792,NA,NA,NA
"4865",2024-07-26 03:00:00,"historie",19.25,13.3388638702697,NA,NA,NA
"4866",2024-07-26 04:00:00,"historie",15.81,39.2273927958908,NA,NA,NA
"4867",2024-07-26 05:00:00,"historie",15.8,25.8891016610917,NA,NA,NA
"4868",2024-07-26 06:00:00,"historie",10.79,29.0810419167075,NA,NA,NA
"4869",2024-07-26 07:00:00,"historie",14.9,25.3201949658835,NA,NA,NA
"4870",2024-07-26 08:00:00,"historie",4.44,19.3213090893466,NA,NA,NA
"4871",2024-07-26 09:00:00,"historie",3.55,15.6888835637299,NA,NA,NA
"4872",2024-07-26 10:00:00,"historie",2.76,14.0427566804573,NA,NA,NA
"4873",2024-07-26 11:00:00,"historie",1.14,15.2192754221117,NA,NA,NA
"4874",2024-07-26 12:00:00,"historie",3.2,14.6673221980937,NA,NA,NA
"4875",2024-07-26 13:00:00,"historie",4.11,13.0295795464261,NA,NA,NA
"4876",2024-07-26 14:00:00,"historie",14.54,8.14180793073862,NA,NA,NA
"4877",2024-07-26 15:00:00,"historie",2.48,8.99717272165922,NA,NA,NA
"4878",2024-07-26 16:00:00,"historie",24.41,3.07842825650091,NA,NA,NA
"4879",2024-07-26 17:00:00,"historie",6.7,3.04220296721929,NA,NA,NA
"4880",2024-07-26 18:00:00,"historie",5.08,2.22822529229597,NA,NA,NA
"4881",2024-07-26 19:00:00,"historie",11.21,1.45207610163049,NA,NA,NA
"4882",2024-07-26 20:00:00,"historie",34.29,3.82543386795921,NA,NA,NA
"4883",2024-07-26 21:00:00,"historie",30,5.23273547384136,NA,NA,NA
"4884",2024-07-26 22:00:00,"historie",25.76,15.0317743368302,NA,NA,NA
"4885",2024-07-26 23:00:00,"historie",23.06,2.12153109801685,NA,NA,NA
"4886",2024-07-27,"historie",18.15,37.4672452001117,NA,NA,NA
"4887",2024-07-27 01:00:00,"historie",18.07,5.05294417908257,NA,NA,NA
"4888",2024-07-27 02:00:00,"historie",17.06,8.22703237029897,NA,NA,NA
"4889",2024-07-27 03:00:00,"historie",13.05,18.1419749242067,NA,NA,NA
"4890",2024-07-27 04:00:00,"historie",11.49,38.1618103829554,NA,NA,NA
"4891",2024-07-27 05:00:00,"historie",18.21,20.9934486586473,NA,NA,NA
"4892",2024-07-27 06:00:00,"historie",19.05,23.7531182093,NA,NA,NA
"4893",2024-07-27 07:00:00,"historie",30,19.2793342186036,NA,NA,NA
"4894",2024-07-27 08:00:00,"historie",30.34,15.6212519796381,NA,NA,NA
"4895",2024-07-27 09:00:00,"historie",24.42,14.7108604172004,NA,NA,NA
"4896",2024-07-27 10:00:00,"historie",4.83,13.4553581952319,NA,NA,NA
"4897",2024-07-27 11:00:00,"historie",1.48,10.8528014554194,NA,NA,NA
"4898",2024-07-27 12:00:00,"historie",1.55,11.8351255642329,NA,NA,NA
"4899",2024-07-27 13:00:00,"historie",2.1,15.2473174247239,NA,NA,NA
"4900",2024-07-27 14:00:00,"historie",5.24,14.8544016763132,NA,NA,NA
"4901",2024-07-27 15:00:00,"historie",4.29,14.2624205001499,NA,NA,NA
"4902",2024-07-27 16:00:00,"historie",2.87,17.3930223524722,NA,NA,NA
"4903",2024-07-27 17:00:00,"historie",5.72,12.752462939837,NA,NA,NA
"4904",2024-07-27 18:00:00,"historie",12.95,2.49923174187939,NA,NA,NA
"4905",2024-07-27 19:00:00,"historie",24.6,2.02056159943595,NA,NA,NA
"4906",2024-07-27 20:00:00,"historie",56.25,1.88327243388893,NA,NA,NA
"4907",2024-07-27 21:00:00,"historie",80.1,3.80968035207138,NA,NA,NA
"4908",2024-07-27 22:00:00,"historie",55.58,4.85158526638998,NA,NA,NA
"4909",2024-07-27 23:00:00,"historie",33.91,6.42492832249953,NA,NA,NA
"4910",2024-07-28,"historie",18.43,3.20479082451822,NA,NA,NA
"4911",2024-07-28 01:00:00,"historie",17.68,7.30270763854728,NA,NA,NA
"4912",2024-07-28 02:00:00,"historie",10.56,18.9365284775086,NA,NA,NA
"4913",2024-07-28 03:00:00,"historie",8.46,33.3844106855037,NA,NA,NA
"4914",2024-07-28 04:00:00,"historie",8.36,51.2778573997198,NA,NA,NA
"4915",2024-07-28 05:00:00,"historie",12.3,50.4400186547178,NA,NA,NA
"4916",2024-07-28 06:00:00,"historie",3.22,39.8218757276077,NA,NA,NA
"4917",2024-07-28 07:00:00,"historie",2.86,24.309418062536,NA,NA,NA
"4918",2024-07-28 08:00:00,"historie",2.94,15.2237020902385,NA,NA,NA
"4919",2024-07-28 09:00:00,"historie",3.34,14.782181004291,NA,NA,NA
"4920",2024-07-28 10:00:00,"historie",2.72,8.43524667713534,NA,NA,NA
"4921",2024-07-28 11:00:00,"historie",1.76,8.06144958878184,NA,NA,NA
"4922",2024-07-28 12:00:00,"historie",1.7,9.96094411179019,NA,NA,NA
"4923",2024-07-28 13:00:00,"historie",2.08,11.5699055372815,NA,NA,NA
"4924",2024-07-28 14:00:00,"historie",2.59,3.22541871915428,NA,NA,NA
"4925",2024-07-28 15:00:00,"historie",3.08,2.60791374016859,NA,NA,NA
"4926",2024-07-28 16:00:00,"historie",2.89,3.07930268831098,NA,NA,NA
"4927",2024-07-28 17:00:00,"historie",3.14,2.55607246629957,NA,NA,NA
"4928",2024-07-28 18:00:00,"historie",3.39,1.96058506676578,NA,NA,NA
"4929",2024-07-28 19:00:00,"historie",4.12,2.32366868280977,NA,NA,NA
"4930",2024-07-28 20:00:00,"historie",12.21,2.0012117690818,NA,NA,NA
"4931",2024-07-28 21:00:00,"historie",45.16,3.7641522485214,NA,NA,NA
"4932",2024-07-28 22:00:00,"historie",43.08,2.64224363978599,NA,NA,NA
"4933",2024-07-28 23:00:00,"historie",28.57,4.4291981786668,NA,NA,NA
"4934",2024-07-29,"historie",22.86,3.89834619271022,NA,NA,NA
"4935",2024-07-29 01:00:00,"historie",20.04,4.46622207398037,NA,NA,NA
"4936",2024-07-29 02:00:00,"historie",17.35,6.17476187337176,NA,NA,NA
"4937",2024-07-29 03:00:00,"historie",15.96,8.30614096402891,NA,NA,NA
"4938",2024-07-29 04:00:00,"historie",15.14,17.9962677033945,NA,NA,NA
"4939",2024-07-29 05:00:00,"historie",15.72,38.3143580256885,NA,NA,NA
"4940",2024-07-29 06:00:00,"historie",14.48,32.4457896214432,NA,NA,NA
"4941",2024-07-29 07:00:00,"historie",10.98,20.6439147627161,NA,NA,NA
"4942",2024-07-29 08:00:00,"historie",3.06,19.4927743856389,NA,NA,NA
"4943",2024-07-29 09:00:00,"historie",3.54,14.9038085014026,NA,NA,NA
"4944",2024-07-29 10:00:00,"historie",2.58,13.3581842720189,NA,NA,NA
"4945",2024-07-29 11:00:00,"historie",1.56,13.2951892665672,NA,NA,NA
"4946",2024-07-29 12:00:00,"historie",1.43,15.7571025236689,NA,NA,NA
"4947",2024-07-29 13:00:00,"historie",1.85,10.7706043279925,NA,NA,NA
"4948",2024-07-29 14:00:00,"historie",1.75,12.4761770288147,NA,NA,NA
"4949",2024-07-29 15:00:00,"historie",4,6.78579090910434,NA,NA,NA
"4950",2024-07-29 16:00:00,"historie",3.13,2.56990635179335,NA,NA,NA
"4951",2024-07-29 17:00:00,"historie",3.4,2.98426410206545,NA,NA,NA
"4952",2024-07-29 18:00:00,"historie",3.45,1.85597724514847,NA,NA,NA
"4953",2024-07-29 19:00:00,"historie",7.56,2.02070618111439,NA,NA,NA
"4954",2024-07-29 20:00:00,"historie",25.31,1.7535692656949,NA,NA,NA
"4955",2024-07-29 21:00:00,"historie",40.42,3.22381506415657,NA,NA,NA
"4956",2024-07-29 22:00:00,"historie",37.35,1.93665878833021,NA,NA,NA
"4957",2024-07-29 23:00:00,"historie",33.57,5.91502602449171,NA,NA,NA
"4958",2024-07-30,"historie",24.29,3.70359004678569,NA,NA,NA
"4959",2024-07-30 01:00:00,"historie",20.46,4.5261067238998,NA,NA,NA
"4960",2024-07-30 02:00:00,"historie",18.27,5.67515511084326,NA,NA,NA
"4961",2024-07-30 03:00:00,"historie",15.27,15.1230542941295,NA,NA,NA
"4962",2024-07-30 04:00:00,"historie",15.04,35.2746794635467,NA,NA,NA
"4963",2024-07-30 05:00:00,"historie",18.04,30.7123197664378,NA,NA,NA
"4964",2024-07-30 06:00:00,"historie",15.76,29.3975688522691,NA,NA,NA
"4965",2024-07-30 07:00:00,"historie",12.08,25.1291279367473,NA,NA,NA
"4966",2024-07-30 08:00:00,"historie",3.51,19.7328406023788,NA,NA,NA
"4967",2024-07-30 09:00:00,"historie",3.25,15.6980944206119,NA,NA,NA
"4968",2024-07-30 10:00:00,"historie",2.78,14.3884043180178,NA,NA,NA
"4969",2024-07-30 11:00:00,"historie",0.72,12.8542338705678,NA,NA,NA
"4970",2024-07-30 12:00:00,"historie",1.21,15.6123602686998,NA,NA,NA
"4971",2024-07-30 13:00:00,"historie",1,13.4997267180774,NA,NA,NA
"4972",2024-07-30 14:00:00,"historie",1.93,12.8920027041779,NA,NA,NA
"4973",2024-07-30 15:00:00,"historie",2.07,6.55126232994654,NA,NA,NA
"4974",2024-07-30 16:00:00,"historie",2.32,3.01599762412246,NA,NA,NA
"4975",2024-07-30 17:00:00,"historie",2.75,2.65199723255855,NA,NA,NA
"4976",2024-07-30 18:00:00,"historie",3.11,2.03015730216567,NA,NA,NA
"4977",2024-07-30 19:00:00,"historie",7.3,0.908267068433241,NA,NA,NA
"4978",2024-07-30 20:00:00,"historie",30,1.81085061564096,NA,NA,NA
"4979",2024-07-30 21:00:00,"historie",60.72,1.64262453540611,NA,NA,NA
"4980",2024-07-30 22:00:00,"historie",55.65,2.74236289416038,NA,NA,NA
"4981",2024-07-30 23:00:00,"historie",43.68,2.76557299465374,NA,NA,NA
"4982",2024-07-31,"historie",32.27,3.25376160514408,NA,NA,NA
"4983",2024-07-31 01:00:00,"historie",27.76,3.69052440644314,NA,NA,NA
"4984",2024-07-31 02:00:00,"historie",23.94,5.61272881314174,NA,NA,NA
"4985",2024-07-31 03:00:00,"historie",12.02,15.525275022962,NA,NA,NA
"4986",2024-07-31 04:00:00,"historie",10.41,40.6396308813374,NA,NA,NA
"4987",2024-07-31 05:00:00,"historie",17.68,44.6084035546461,NA,NA,NA
"4988",2024-07-31 06:00:00,"historie",15.9,40.4176298898821,NA,NA,NA
"4989",2024-07-31 07:00:00,"historie",13.92,29.8194373447897,NA,NA,NA
"4990",2024-07-31 08:00:00,"historie",3.58,24.7889523245945,NA,NA,NA
"4991",2024-07-31 09:00:00,"historie",8.63,20.2732715145783,NA,NA,NA
"4992",2024-07-31 10:00:00,"historie",13.22,17.6681740203342,NA,NA,NA
"4993",2024-07-31 11:00:00,"historie",1.3,9.9578525404111,NA,NA,NA
"4994",2024-07-31 12:00:00,"historie",1.22,11.9155077656484,NA,NA,NA
"4995",2024-07-31 13:00:00,"historie",0.85,14.4529712808273,NA,NA,NA
"4996",2024-07-31 14:00:00,"historie",0.83,12.7822505029991,NA,NA,NA
"4997",2024-07-31 15:00:00,"historie",1.65,7.12065163037076,NA,NA,NA
"4998",2024-07-31 16:00:00,"historie",1.59,2.98174831394908,NA,NA,NA
"4999",2024-07-31 17:00:00,"historie",3,6.89453431274505,NA,NA,NA
"5000",2024-07-31 18:00:00,"historie",8.89,6.27395213837619,NA,NA,NA
"5001",2024-07-31 19:00:00,"historie",17.38,1.2529933146652,NA,NA,NA
"5002",2024-07-31 20:00:00,"historie",43.09,1.57477384262631,NA,NA,NA
"5003",2024-07-31 21:00:00,"historie",66.49,1.48949666673801,NA,NA,NA
"5004",2024-07-31 22:00:00,"historie",50.69,1.19797062437516,NA,NA,NA
"5005",2024-07-31 23:00:00,"historie",23.56,2.66708536268477,NA,NA,NA
"5006",2024-08-01,"historie",26.95,2.24633060462262,NA,NA,NA
"5007",2024-08-01 01:00:00,"historie",41.39,4.28935345237885,NA,NA,NA
"5008",2024-08-01 02:00:00,"historie",54.35,14.9365081226845,NA,NA,NA
"5009",2024-08-01 03:00:00,"historie",72.4,30.0776538236971,NA,NA,NA
"5010",2024-08-01 04:00:00,"historie",64.4,51.9717385685626,NA,NA,NA
"5011",2024-08-01 05:00:00,"historie",25.75,47.5735818406059,NA,NA,NA
"5012",2024-08-01 06:00:00,"historie",14.64,36.7667630290729,NA,NA,NA
"5013",2024-08-01 07:00:00,"historie",10.77,17.1800942901816,NA,NA,NA
"5014",2024-08-01 08:00:00,"historie",3.47,24.1247727904892,NA,NA,NA
"5015",2024-08-01 09:00:00,"historie",7.57,30.5084140523295,NA,NA,NA
"5016",2024-08-01 10:00:00,"historie",1.79,33.1124718986647,NA,NA,NA
"5017",2024-08-01 11:00:00,"historie",0.84,46.6955423087393,NA,NA,NA
"5018",2024-08-01 12:00:00,"historie",1.03,49.1718096188499,NA,NA,NA
"5019",2024-08-01 13:00:00,"historie",2.08,15.1950457955733,NA,NA,NA
"5020",2024-08-01 14:00:00,"historie",1.49,11.8965766927929,NA,NA,NA
"5021",2024-08-01 15:00:00,"historie",2.29,5.34179852405636,NA,NA,NA
"5022",2024-08-01 16:00:00,"historie",3.72,3.57605528133082,NA,NA,NA
"5023",2024-08-01 17:00:00,"historie",5.58,6.75214562073499,NA,NA,NA
"5024",2024-08-01 18:00:00,"historie",15.51,0.806415913085921,NA,NA,NA
"5025",2024-08-01 19:00:00,"historie",18.27,1.26308360183347,NA,NA,NA
"5026",2024-08-01 20:00:00,"historie",36.15,1.25136433569404,NA,NA,NA
"5027",2024-08-01 21:00:00,"historie",94.72,3.29070450232285,NA,NA,NA
"5028",2024-08-01 22:00:00,"historie",81.82,1.81335084480852,NA,NA,NA
"5029",2024-08-01 23:00:00,"historie",46.3,3.13737567330427,NA,NA,NA
"5030",2024-08-02,"historie",22.68,5.03231645502048,NA,NA,NA
"5031",2024-08-02 01:00:00,"historie",15.39,7.30477365694163,NA,NA,NA
"5032",2024-08-02 02:00:00,"historie",12.15,23.0497306637548,NA,NA,NA
"5033",2024-08-02 03:00:00,"historie",9.8,28.7653398744119,NA,NA,NA
"5034",2024-08-02 04:00:00,"historie",9.98,44.960272281256,NA,NA,NA
"5035",2024-08-02 05:00:00,"historie",8.48,69.0312947762652,NA,NA,NA
"5036",2024-08-02 06:00:00,"historie",7.86,49.2832613160792,NA,NA,NA
"5037",2024-08-02 07:00:00,"historie",5.4,31.9422631447782,NA,NA,NA
"5038",2024-08-02 08:00:00,"historie",9.04,19.3547902316969,NA,NA,NA
"5039",2024-08-02 09:00:00,"historie",4.66,13.8461609682419,NA,NA,NA
"5040",2024-08-02 10:00:00,"historie",3.27,11.1905040850253,NA,NA,NA
"5041",2024-08-02 11:00:00,"historie",3.67,9.73091180421896,NA,NA,NA
"5042",2024-08-02 12:00:00,"historie",7.72,10.8209763314337,NA,NA,NA
"5043",2024-08-02 13:00:00,"historie",4.42,7.29312994453995,NA,NA,NA
"5044",2024-08-02 14:00:00,"historie",3.67,7.67171730175994,NA,NA,NA
"5045",2024-08-02 15:00:00,"historie",3.75,2.99603564691641,NA,NA,NA
"5046",2024-08-02 16:00:00,"historie",10.34,10.8830684872106,NA,NA,NA
"5047",2024-08-02 17:00:00,"historie",6.03,2.69088798659503,NA,NA,NA
"5048",2024-08-02 18:00:00,"historie",6.03,1.84210218314121,NA,NA,NA
"5049",2024-08-02 19:00:00,"historie",16.15,4.18110358207632,NA,NA,NA
"5050",2024-08-02 20:00:00,"historie",9.19,7.10783959169869,NA,NA,NA
"5051",2024-08-02 21:00:00,"historie",13.38,4.16394001729464,NA,NA,NA
"5052",2024-08-02 22:00:00,"historie",14.65,4.0768279507258,NA,NA,NA
"5053",2024-08-02 23:00:00,"historie",11.91,4.39269037288998,NA,NA,NA
"5054",2024-08-03,"historie",8.9,12.5222452057169,NA,NA,NA
"5055",2024-08-03 01:00:00,"historie",8.5,6.94865747077017,NA,NA,NA
"5056",2024-08-03 02:00:00,"historie",8.74,9.20505028730264,NA,NA,NA
"5057",2024-08-03 03:00:00,"historie",10.8,31.2901149881309,NA,NA,NA
"5058",2024-08-03 04:00:00,"historie",11.23,13.1201037021164,NA,NA,NA
"5059",2024-08-03 05:00:00,"historie",28.44,14.966869576406,NA,NA,NA
"5060",2024-08-03 06:00:00,"historie",15.05,13.8748701801041,NA,NA,NA
"5061",2024-08-03 07:00:00,"historie",16.21,11.0324662799986,NA,NA,NA
"5062",2024-08-03 08:00:00,"historie",7.9,9.45426286863114,NA,NA,NA
"5063",2024-08-03 09:00:00,"historie",4.47,8.79824895893347,NA,NA,NA
"5064",2024-08-03 10:00:00,"historie",2.89,8.5876301069831,NA,NA,NA
"5065",2024-08-03 11:00:00,"historie",1.3,11.1203141655017,NA,NA,NA
"5066",2024-08-03 12:00:00,"historie",1.19,11.4742901930977,NA,NA,NA
"5067",2024-08-03 13:00:00,"historie",1.53,22.9871040859594,NA,NA,NA
"5068",2024-08-03 14:00:00,"historie",2.35,10.381452612856,NA,NA,NA
"5069",2024-08-03 15:00:00,"historie",3.43,9.61553356876643,NA,NA,NA
"5070",2024-08-03 16:00:00,"historie",4.56,6.49475851818833,NA,NA,NA
"5071",2024-08-03 17:00:00,"historie",4.2,3.07129999616093,NA,NA,NA
"5072",2024-08-03 18:00:00,"historie",3.85,1.84704352493392,NA,NA,NA
"5073",2024-08-03 19:00:00,"historie",7.96,1.77642611033755,NA,NA,NA
"5074",2024-08-03 20:00:00,"historie",28.87,1.38891610172924,NA,NA,NA
"5075",2024-08-03 21:00:00,"historie",32.17,2.21383986040313,NA,NA,NA
"5076",2024-08-03 22:00:00,"historie",28.81,3.05830256809847,NA,NA,NA
"5077",2024-08-03 23:00:00,"historie",30.93,4.89628958123656,NA,NA,NA
"5078",2024-08-04,"historie",25.9,5.1606382197402,NA,NA,NA
"5079",2024-08-04 01:00:00,"historie",18.64,5.6006492013814,NA,NA,NA
"5080",2024-08-04 02:00:00,"historie",16.01,6.78304639690932,NA,NA,NA
"5081",2024-08-04 03:00:00,"historie",16.65,14.0895471280619,NA,NA,NA
"5082",2024-08-04 04:00:00,"historie",60.82,42.834020524205,NA,NA,NA
"5083",2024-08-04 05:00:00,"historie",45.59,25.5628666074534,NA,NA,NA
"5084",2024-08-04 06:00:00,"historie",15.93,22.7011218002398,NA,NA,NA
"5085",2024-08-04 07:00:00,"historie",11.68,23.6782649190465,NA,NA,NA
"5086",2024-08-04 08:00:00,"historie",8.64,21.3996465936857,NA,NA,NA
"5087",2024-08-04 09:00:00,"historie",7.42,15.2821304808241,NA,NA,NA
"5088",2024-08-04 10:00:00,"historie",4.68,13.9334605921824,NA,NA,NA
"5089",2024-08-04 11:00:00,"historie",2.06,15.0841066234908,NA,NA,NA
"5090",2024-08-04 12:00:00,"historie",2.15,61.3384322304227,NA,NA,NA
"5091",2024-08-04 13:00:00,"historie",0.97,23.604599872264,NA,NA,NA
"5092",2024-08-04 14:00:00,"historie",1.54,11.6418863384475,NA,NA,NA
"5093",2024-08-04 15:00:00,"historie",2.63,6.63029224721914,NA,NA,NA
"5094",2024-08-04 16:00:00,"historie",21.01,7.389479241373,NA,NA,NA
"5095",2024-08-04 17:00:00,"historie",37.58,4.78131997995002,NA,NA,NA
"5096",2024-08-04 18:00:00,"historie",73.6,2.48709050154055,NA,NA,NA
"5097",2024-08-04 19:00:00,"historie",58.9,2.32713008234549,NA,NA,NA
"5098",2024-08-04 20:00:00,"historie",27.72,2.33658031475195,NA,NA,NA
"5099",2024-08-04 21:00:00,"historie",18.73,1.30738334276797,NA,NA,NA
"5100",2024-08-04 22:00:00,"historie",11.38,2.38815860844688,NA,NA,NA
"5101",2024-08-04 23:00:00,"historie",9.12,3.89749549004457,NA,NA,NA
"5102",2024-08-05,"historie",8.15,22.9912518391831,NA,NA,NA
"5103",2024-08-05 01:00:00,"historie",7.63,29.9188188817528,NA,NA,NA
"5104",2024-08-05 02:00:00,"historie",18.5,74.0562431212578,NA,NA,NA
"5105",2024-08-05 03:00:00,"historie",5.91,61.6041642810407,NA,NA,NA
"5106",2024-08-05 04:00:00,"historie",6.99,28.3193036169245,NA,NA,NA
"5107",2024-08-05 05:00:00,"historie",7.06,16.8804236403155,NA,NA,NA
"5108",2024-08-05 06:00:00,"historie",7.09,10.9381550571128,NA,NA,NA
"5109",2024-08-05 07:00:00,"historie",6.1,9.10255351674083,NA,NA,NA
"5110",2024-08-05 08:00:00,"historie",10.41,8.78041050387642,NA,NA,NA
"5111",2024-08-05 09:00:00,"historie",2.52,8.06178544357883,NA,NA,NA
"5112",2024-08-05 10:00:00,"historie",2.27,18.9257949764934,NA,NA,NA
"5113",2024-08-05 11:00:00,"historie",2.05,6.49445433920558,NA,NA,NA
"5114",2024-08-05 12:00:00,"historie",1.54,9.23726334706392,NA,NA,NA
"5115",2024-08-05 13:00:00,"historie",2.54,5.89217679364148,NA,NA,NA
"5116",2024-08-05 14:00:00,"historie",2.48,7.2880230512797,NA,NA,NA
"5117",2024-08-05 15:00:00,"historie",6.43,4.22713415899196,NA,NA,NA
"5118",2024-08-05 16:00:00,"historie",4.05,10.0824337537099,NA,NA,NA
"5119",2024-08-05 17:00:00,"historie",9.4,1.61687266038865,NA,NA,NA
"5120",2024-08-05 18:00:00,"historie",12.12,1.62340043830208,NA,NA,NA
"5121",2024-08-05 19:00:00,"historie",9.06,2.5635247443162,NA,NA,NA
"5122",2024-08-05 20:00:00,"historie",22.81,1.46670290223109,NA,NA,NA
"5123",2024-08-05 21:00:00,"historie",35.34,3.62691215104448,NA,NA,NA
"5124",2024-08-05 22:00:00,"historie",28.28,3.02567774560115,NA,NA,NA
"5125",2024-08-05 23:00:00,"historie",23.45,11.2006881648479,NA,NA,NA
"5126",2024-08-06,"historie",21.52,4.3590341698838,NA,NA,NA
"5127",2024-08-06 01:00:00,"historie",17.3,14.013260156657,NA,NA,NA
"5128",2024-08-06 02:00:00,"historie",15.02,15.6400627821068,NA,NA,NA
"5129",2024-08-06 03:00:00,"historie",12.71,12.5640954007472,NA,NA,NA
"5130",2024-08-06 04:00:00,"historie",12,30.7326565609378,NA,NA,NA
"5131",2024-08-06 05:00:00,"historie",11.31,27.8823211142293,NA,NA,NA
"5132",2024-08-06 06:00:00,"historie",11.93,21.8370196595417,NA,NA,NA
"5133",2024-08-06 07:00:00,"historie",8.89,18.4362507284963,NA,NA,NA
"5134",2024-08-06 08:00:00,"historie",3.52,18.2712805033882,NA,NA,NA
"5135",2024-08-06 09:00:00,"historie",4.22,16.6246914563371,NA,NA,NA
"5136",2024-08-06 10:00:00,"historie",2.5,11.2112653653428,NA,NA,NA
"5137",2024-08-06 11:00:00,"historie",4.54,13.9014882182191,NA,NA,NA
"5138",2024-08-06 12:00:00,"historie",1.3,12.3074168518488,NA,NA,NA
"5139",2024-08-06 13:00:00,"historie",1.81,8.97941582346023,NA,NA,NA
"5140",2024-08-06 14:00:00,"historie",1.76,10.6498001270586,NA,NA,NA
"5141",2024-08-06 15:00:00,"historie",2.77,6.32958346482195,NA,NA,NA
"5142",2024-08-06 16:00:00,"historie",3.83,2.74237969619464,NA,NA,NA
"5143",2024-08-06 17:00:00,"historie",3.45,3.633718617118,NA,NA,NA
"5144",2024-08-06 18:00:00,"historie",13.59,1.59330271081064,NA,NA,NA
"5145",2024-08-06 19:00:00,"historie",20.74,5.16551141647155,NA,NA,NA
"5146",2024-08-06 20:00:00,"historie",16.83,1.18285326503447,NA,NA,NA
"5147",2024-08-06 21:00:00,"historie",29.54,2.67987602531513,NA,NA,NA
"5148",2024-08-06 22:00:00,"historie",46.32,2.59583906175912,NA,NA,NA
"5149",2024-08-06 23:00:00,"historie",36.91,4.30487319543218,NA,NA,NA
"5150",2024-08-07,"historie",31.17,5.44231552449581,NA,NA,NA
"5151",2024-08-07 01:00:00,"historie",27,4.96042960205693,NA,NA,NA
"5152",2024-08-07 02:00:00,"historie",15.08,20.1290750034637,NA,NA,NA
"5153",2024-08-07 03:00:00,"historie",14.4,28.2633569808118,NA,NA,NA
"5154",2024-08-07 04:00:00,"historie",13.18,19.9844589442078,NA,NA,NA
"5155",2024-08-07 05:00:00,"historie",18,26.5531267676276,NA,NA,NA
"5156",2024-08-07 06:00:00,"historie",19.22,35.9708100286868,NA,NA,NA
"5157",2024-08-07 07:00:00,"historie",14.35,26.0281330267489,NA,NA,NA
"5158",2024-08-07 08:00:00,"historie",4.52,23.9778255144186,NA,NA,NA
"5159",2024-08-07 09:00:00,"historie",16.53,22.6164706467434,NA,NA,NA
"5160",2024-08-07 10:00:00,"historie",5.57,11.0206082123045,NA,NA,NA
"5161",2024-08-07 11:00:00,"historie",1.85,15.4002031736321,NA,NA,NA
"5162",2024-08-07 12:00:00,"historie",1.28,12.9312594341901,NA,NA,NA
"5163",2024-08-07 13:00:00,"historie",1.18,14.3876180136503,NA,NA,NA
"5164",2024-08-07 14:00:00,"historie",1.74,14.8458690629837,NA,NA,NA
"5165",2024-08-07 15:00:00,"historie",2,8.21515078966817,NA,NA,NA
"5166",2024-08-07 16:00:00,"historie",3.02,3.59141458496131,NA,NA,NA
"5167",2024-08-07 17:00:00,"historie",7.9,12.1088495035233,NA,NA,NA
"5168",2024-08-07 18:00:00,"historie",32.99,3.01051668045242,NA,NA,NA
"5169",2024-08-07 19:00:00,"historie",47.39,1.63414422510187,NA,NA,NA
"5170",2024-08-07 20:00:00,"historie",62.85,1.54551018003422,NA,NA,NA
"5171",2024-08-07 21:00:00,"historie",42.85,1.62194335805247,NA,NA,NA
"5172",2024-08-07 22:00:00,"historie",29.85,2.81468203448596,NA,NA,NA
"5173",2024-08-07 23:00:00,"historie",24.57,3.13290897979421,NA,NA,NA
"5174",2024-08-08,"historie",11.73,4.25852983225069,NA,NA,NA
"5175",2024-08-08 01:00:00,"historie",8.46,13.1352978433736,NA,NA,NA
"5176",2024-08-08 02:00:00,"historie",9.53,39.1852104954743,NA,NA,NA
"5177",2024-08-08 03:00:00,"historie",17.31,47.4573534736838,NA,NA,NA
"5178",2024-08-08 04:00:00,"historie",13.06,62.8966821501076,NA,NA,NA
"5179",2024-08-08 05:00:00,"historie",17.69,31.7494443958792,NA,NA,NA
"5180",2024-08-08 06:00:00,"historie",15.28,23.1758814556156,NA,NA,NA
"5181",2024-08-08 07:00:00,"historie",6.49,20.0225195301817,NA,NA,NA
"5182",2024-08-08 08:00:00,"historie",3.18,10.3079875536678,NA,NA,NA
"5183",2024-08-08 09:00:00,"historie",4.38,8.61925766106703,NA,NA,NA
"5184",2024-08-08 10:00:00,"historie",4.42,9.16298036956051,NA,NA,NA
"5185",2024-08-08 11:00:00,"historie",7.51,18.8453567198199,NA,NA,NA
"5186",2024-08-08 12:00:00,"historie",46.3,12.7721152571519,NA,NA,NA
"5187",2024-08-08 13:00:00,"historie",31.52,14.9204901456577,NA,NA,NA
"5188",2024-08-08 14:00:00,"historie",6,11.9771946895257,NA,NA,NA
"5189",2024-08-08 15:00:00,"historie",2.79,3.83155562113487,NA,NA,NA
"5190",2024-08-08 16:00:00,"historie",3.36,3.78358505632338,NA,NA,NA
"5191",2024-08-08 17:00:00,"historie",3.95,3.24895962452142,NA,NA,NA
"5192",2024-08-08 18:00:00,"historie",8.11,2.9218623035909,NA,NA,NA
"5193",2024-08-08 19:00:00,"historie",14.19,6.21417416436085,NA,NA,NA
"5194",2024-08-08 20:00:00,"historie",19.12,32.7253142136516,NA,NA,NA
"5195",2024-08-08 21:00:00,"historie",12.65,18.3669388055269,NA,NA,NA
"5196",2024-08-08 22:00:00,"historie",10.75,4.93610003320532,NA,NA,NA
"5197",2024-08-08 23:00:00,"historie",10.93,3.71853965127907,NA,NA,NA
"5198",2024-08-09,"historie",8.8,5.05265618104598,NA,NA,NA
"5199",2024-08-09 01:00:00,"historie",7.33,7.37587973284769,NA,NA,NA
"5200",2024-08-09 02:00:00,"historie",8.42,12.3486980677822,NA,NA,NA
"5201",2024-08-09 03:00:00,"historie",6.74,20.8203413362943,NA,NA,NA
"5202",2024-08-09 04:00:00,"historie",6,22.8612676171987,NA,NA,NA
"5203",2024-08-09 05:00:00,"historie",7.24,11.9872001690235,NA,NA,NA
"5204",2024-08-09 06:00:00,"historie",10.76,11.0196493526981,NA,NA,NA
"5205",2024-08-09 07:00:00,"historie",9.19,10.1134074133692,NA,NA,NA
"5206",2024-08-09 08:00:00,"historie",6.34,8.6911200903085,NA,NA,NA
"5207",2024-08-09 09:00:00,"historie",4.63,7.97081000812267,NA,NA,NA
"5208",2024-08-09 10:00:00,"historie",3.39,9.12005638553893,NA,NA,NA
"5209",2024-08-09 11:00:00,"historie",1.81,7.43358698094936,NA,NA,NA
"5210",2024-08-09 12:00:00,"historie",0.65,7.73494599421594,NA,NA,NA
"5211",2024-08-09 13:00:00,"historie",0.89,7.20924683456562,NA,NA,NA
"5212",2024-08-09 14:00:00,"historie",1.43,9.29358256108599,NA,NA,NA
"5213",2024-08-09 15:00:00,"historie",2.99,5.58091144538991,NA,NA,NA
"5214",2024-08-09 16:00:00,"historie",4.13,6.4535336971914,NA,NA,NA
"5215",2024-08-09 17:00:00,"historie",4.91,3.27648069914787,NA,NA,NA
"5216",2024-08-09 18:00:00,"historie",4.57,2.75568984689594,NA,NA,NA
"5217",2024-08-09 19:00:00,"historie",5.47,2.34776709545513,NA,NA,NA
"5218",2024-08-09 20:00:00,"historie",12.56,0.779780689161305,NA,NA,NA
"5219",2024-08-09 21:00:00,"historie",25,1.26283009665189,NA,NA,NA
"5220",2024-08-09 22:00:00,"historie",34.32,2.11780180586677,NA,NA,NA
"5221",2024-08-09 23:00:00,"historie",15.93,4.69298037123603,NA,NA,NA
"5222",2024-08-10,"historie",13.49,5.46604922671125,NA,NA,NA
"5223",2024-08-10 01:00:00,"historie",19.29,8.506668061283,NA,NA,NA
"5224",2024-08-10 02:00:00,"historie",13.9,6.91653506444036,NA,NA,NA
"5225",2024-08-10 03:00:00,"historie",6.89,9.31271339425161,NA,NA,NA
"5226",2024-08-10 04:00:00,"historie",10.98,16.8159824280415,NA,NA,NA
"5227",2024-08-10 05:00:00,"historie",17.84,23.6787988325778,NA,NA,NA
"5228",2024-08-10 06:00:00,"historie",17.73,28.0489434542224,NA,NA,NA
"5229",2024-08-10 07:00:00,"historie",7.99,11.5916852749887,NA,NA,NA
"5230",2024-08-10 08:00:00,"historie",2.95,12.3688888920739,NA,NA,NA
"5231",2024-08-10 09:00:00,"historie",3.12,18.3540891153797,NA,NA,NA
"5232",2024-08-10 10:00:00,"historie",2.47,11.2704951136825,NA,NA,NA
"5233",2024-08-10 11:00:00,"historie",1.7,6.94135860232955,NA,NA,NA
"5234",2024-08-10 12:00:00,"historie",0.78,13.4927890465949,NA,NA,NA
"5235",2024-08-10 13:00:00,"historie",0.88,15.7644242197045,NA,NA,NA
"5236",2024-08-10 14:00:00,"historie",2.4,12.9263788399518,NA,NA,NA
"5237",2024-08-10 15:00:00,"historie",2.11,4.73835229441951,NA,NA,NA
"5238",2024-08-10 16:00:00,"historie",3.45,3.07731367773264,NA,NA,NA
"5239",2024-08-10 17:00:00,"historie",3.69,2.66172832370148,NA,NA,NA
"5240",2024-08-10 18:00:00,"historie",5.08,1.97138047157539,NA,NA,NA
"5241",2024-08-10 19:00:00,"historie",13.3,1.80011073149129,NA,NA,NA
"5242",2024-08-10 20:00:00,"historie",47.08,0.95640906677098,NA,NA,NA
"5243",2024-08-10 21:00:00,"historie",76.1,1.2842754999086,NA,NA,NA
"5244",2024-08-10 22:00:00,"historie",42.12,3.79051890795406,NA,NA,NA
"5245",2024-08-10 23:00:00,"historie",29.62,2.94818720408549,NA,NA,NA
"5246",2024-08-11,"historie",25.7,5.07446468184169,NA,NA,NA
"5247",2024-08-11 01:00:00,"historie",19.66,5.89268690378261,NA,NA,NA
"5248",2024-08-11 02:00:00,"historie",15.33,7.73011326659211,NA,NA,NA
"5249",2024-08-11 03:00:00,"historie",11.2,21.6025896671361,NA,NA,NA
"5250",2024-08-11 04:00:00,"historie",12.57,52.5777084972833,NA,NA,NA
"5251",2024-08-11 05:00:00,"historie",12.04,56.2938018192756,NA,NA,NA
"5252",2024-08-11 06:00:00,"historie",12.7,25.849843988914,NA,NA,NA
"5253",2024-08-11 07:00:00,"historie",7.6,21.5114750848803,NA,NA,NA
"5254",2024-08-11 08:00:00,"historie",3.05,21.3856238501703,NA,NA,NA
"5255",2024-08-11 09:00:00,"historie",3.66,15.9491444888223,NA,NA,NA
"5256",2024-08-11 10:00:00,"historie",2.42,11.8484349390182,NA,NA,NA
"5257",2024-08-11 11:00:00,"historie",1.13,11.5507010149575,NA,NA,NA
"5258",2024-08-11 12:00:00,"historie",1.88,14.4002278286563,NA,NA,NA
"5259",2024-08-11 13:00:00,"historie",3.15,10.8362909363924,NA,NA,NA
"5260",2024-08-11 14:00:00,"historie",2.86,9.61880039837322,NA,NA,NA
"5261",2024-08-11 15:00:00,"historie",3.03,4.47573003130735,NA,NA,NA
"5262",2024-08-11 16:00:00,"historie",3.68,3.2075505797845,NA,NA,NA
"5263",2024-08-11 17:00:00,"historie",4.12,3.07332419883693,NA,NA,NA
"5264",2024-08-11 18:00:00,"historie",9.53,1.87615130942609,NA,NA,NA
"5265",2024-08-11 19:00:00,"historie",11.96,1.14245618288224,NA,NA,NA
"5266",2024-08-11 20:00:00,"historie",18.28,2.38711903262626,NA,NA,NA
"5267",2024-08-11 21:00:00,"historie",19.88,3.84541443035014,NA,NA,NA
"5268",2024-08-11 22:00:00,"historie",30.52,3.22168955665829,NA,NA,NA
"5269",2024-08-11 23:00:00,"historie",28.78,4.34749199714341,NA,NA,NA
"5270",2024-08-12,"historie",24.83,4.74790419109684,NA,NA,NA
"5271",2024-08-12 01:00:00,"historie",17.13,6.5130837688631,NA,NA,NA
"5272",2024-08-12 02:00:00,"historie",12.79,14.8821735199995,NA,NA,NA
"5273",2024-08-12 03:00:00,"historie",10.8,18.7632270602492,NA,NA,NA
"5274",2024-08-12 04:00:00,"historie",11.66,23.387780019754,NA,NA,NA
"5275",2024-08-12 05:00:00,"historie",11.96,18.0390928690846,NA,NA,NA
"5276",2024-08-12 06:00:00,"historie",13.99,25.5344877601095,NA,NA,NA
"5277",2024-08-12 07:00:00,"historie",10.06,21.6874298639326,NA,NA,NA
"5278",2024-08-12 08:00:00,"historie",4.02,20.1414703436849,NA,NA,NA
"5279",2024-08-12 09:00:00,"historie",3.45,14.1146561208557,NA,NA,NA
"5280",2024-08-12 10:00:00,"historie",3.6,10.3870633661656,NA,NA,NA
"5281",2024-08-12 11:00:00,"historie",1.3,11.4495542604907,NA,NA,NA
"5282",2024-08-12 12:00:00,"historie",0.91,12.8396589696533,NA,NA,NA
"5283",2024-08-12 13:00:00,"historie",0.94,11.1705606911211,NA,NA,NA
"5284",2024-08-12 14:00:00,"historie",1.18,10.387094575157,NA,NA,NA
"5285",2024-08-12 15:00:00,"historie",2.22,5.56872042503577,NA,NA,NA
"5286",2024-08-12 16:00:00,"historie",3.03,4.00762133815811,NA,NA,NA
"5287",2024-08-12 17:00:00,"historie",2.81,2.7102818555263,NA,NA,NA
"5288",2024-08-12 18:00:00,"historie",3.69,2.64555703346719,NA,NA,NA
"5289",2024-08-12 19:00:00,"historie",17.22,1.3335734947891,NA,NA,NA
"5290",2024-08-12 20:00:00,"historie",37.04,1.25179018137479,NA,NA,NA
"5291",2024-08-12 21:00:00,"historie",51.12,1.35115602756863,NA,NA,NA
"5292",2024-08-12 22:00:00,"historie",42.75,1.77981092011754,NA,NA,NA
"5293",2024-08-12 23:00:00,"historie",33.42,3.61963161775519,NA,NA,NA
"5294",2024-08-13,"historie",20.11,4.05740017658052,NA,NA,NA
"5295",2024-08-13 01:00:00,"historie",14.6,4.95758159401043,NA,NA,NA
"5296",2024-08-13 02:00:00,"historie",13.42,6.13931450429218,NA,NA,NA
"5297",2024-08-13 03:00:00,"historie",10.81,30.6571672722884,NA,NA,NA
"5298",2024-08-13 04:00:00,"historie",12.5,38.4081157498883,NA,NA,NA
"5299",2024-08-13 05:00:00,"historie",14.79,42.5025413182898,NA,NA,NA
"5300",2024-08-13 06:00:00,"historie",18.77,29.8036694656581,NA,NA,NA
"5301",2024-08-13 07:00:00,"historie",10.37,24.5393723233361,NA,NA,NA
"5302",2024-08-13 08:00:00,"historie",3.91,15.6828460825767,NA,NA,NA
"5303",2024-08-13 09:00:00,"historie",3.96,12.5988016510282,NA,NA,NA
"5304",2024-08-13 10:00:00,"historie",2.62,11.2522026091965,NA,NA,NA
"5305",2024-08-13 11:00:00,"historie",0.87,11.2109276195079,NA,NA,NA
"5306",2024-08-13 12:00:00,"historie",0.64,13.6217616243878,NA,NA,NA
"5307",2024-08-13 13:00:00,"historie",0.44,13.834011366402,NA,NA,NA
"5308",2024-08-13 14:00:00,"historie",0.4,13.2964358656513,NA,NA,NA
"5309",2024-08-13 15:00:00,"historie",1.51,5.31982937945017,NA,NA,NA
"5310",2024-08-13 16:00:00,"historie",2.91,3.81167009287563,NA,NA,NA
"5311",2024-08-13 17:00:00,"historie",3.24,3.30997127527709,NA,NA,NA
"5312",2024-08-13 18:00:00,"historie",14.87,1.75838747561686,NA,NA,NA
"5313",2024-08-13 19:00:00,"historie",59.83,0.920298799223317,NA,NA,NA
"5314",2024-08-13 20:00:00,"historie",59,0.918481401963676,NA,NA,NA
"5315",2024-08-13 21:00:00,"historie",48.57,0.696114128622817,NA,NA,NA
"5316",2024-08-13 22:00:00,"historie",26.39,0.775660863176896,NA,NA,NA
"5317",2024-08-13 23:00:00,"historie",14.01,3.01650536606248,NA,NA,NA
"5318",2024-08-14,"historie",5.38,3.8663533181755,NA,NA,NA
"5319",2024-08-14 01:00:00,"historie",4.52,5.30805027022233,NA,NA,NA
"5320",2024-08-14 02:00:00,"historie",3.98,26.1129369802165,NA,NA,NA
"5321",2024-08-14 03:00:00,"historie",3.87,74.8953826104444,NA,NA,NA
"5322",2024-08-14 04:00:00,"historie",5.89,50.5771381357768,NA,NA,NA
"5323",2024-08-14 05:00:00,"historie",7.25,37.4986520231561,NA,NA,NA
"5324",2024-08-14 06:00:00,"historie",28.96,19.562753015211,NA,NA,NA
"5325",2024-08-14 07:00:00,"historie",19.82,11.4779169116768,NA,NA,NA
"5326",2024-08-14 08:00:00,"historie",3.14,5.27583095541615,NA,NA,NA
"5327",2024-08-14 09:00:00,"historie",2.93,5.39422187640841,NA,NA,NA
"5328",2024-08-14 10:00:00,"historie",2.41,4.31558325853919,NA,NA,NA
"5329",2024-08-14 11:00:00,"historie",0.74,5.33902724718541,NA,NA,NA
"5330",2024-08-14 12:00:00,"historie",0.65,8.02961217325142,NA,NA,NA
"5331",2024-08-14 13:00:00,"historie",1.26,8.27377122967596,NA,NA,NA
"5332",2024-08-14 14:00:00,"historie",1.01,22.1823363729096,NA,NA,NA
"5333",2024-08-14 15:00:00,"historie",3.82,8.51941149262554,NA,NA,NA
"5334",2024-08-14 16:00:00,"historie",12.61,2.78520060322313,NA,NA,NA
"5335",2024-08-14 17:00:00,"historie",7.21,2.59167451615935,NA,NA,NA
"5336",2024-08-14 18:00:00,"historie",6.88,1.6012764229993,NA,NA,NA
"5337",2024-08-14 19:00:00,"historie",33.36,0.767950826122094,NA,NA,NA
"5338",2024-08-14 20:00:00,"historie",54.39,0.878062963533631,NA,NA,NA
"5339",2024-08-14 21:00:00,"historie",49.37,1.74153328693663,NA,NA,NA
"5340",2024-08-14 22:00:00,"historie",35.07,1.63746891924273,NA,NA,NA
"5341",2024-08-14 23:00:00,"historie",22.18,6.27515895391196,NA,NA,NA
"5342",2024-08-15,"historie",17.21,13.0000334111338,NA,NA,NA
"5343",2024-08-15 01:00:00,"historie",13.16,9.98768371251917,NA,NA,NA
"5344",2024-08-15 02:00:00,"historie",10.54,12.1466602173761,NA,NA,NA
"5345",2024-08-15 03:00:00,"historie",11.62,49.386123624442,NA,NA,NA
"5346",2024-08-15 04:00:00,"historie",18.26,49.5902287801994,NA,NA,NA
"5347",2024-08-15 05:00:00,"historie",11.6,35.8765114321765,NA,NA,NA
"5348",2024-08-15 06:00:00,"historie",14.12,24.1730068339888,NA,NA,NA
"5349",2024-08-15 07:00:00,"historie",3.54,14.9841709505977,NA,NA,NA
"5350",2024-08-15 08:00:00,"historie",3.73,14.2788285486545,NA,NA,NA
"5351",2024-08-15 09:00:00,"historie",4.49,11.1698402996941,NA,NA,NA
"5352",2024-08-15 10:00:00,"historie",2.59,8.9608017386848,NA,NA,NA
"5353",2024-08-15 11:00:00,"historie",0.98,12.8272584842741,NA,NA,NA
"5354",2024-08-15 12:00:00,"historie",1.93,18.744057188084,NA,NA,NA
"5355",2024-08-15 13:00:00,"historie",102.03,12.5824979681852,NA,NA,NA
"5356",2024-08-15 14:00:00,"historie",31.5,10.5866551604539,NA,NA,NA
"5357",2024-08-15 15:00:00,"historie",1.29,1.74454610471041,NA,NA,NA
"5358",2024-08-15 16:00:00,"historie",2.67,4.64217497727354,NA,NA,NA
"5359",2024-08-15 17:00:00,"historie",2.78,3.4825966125328,NA,NA,NA
"5360",2024-08-15 18:00:00,"historie",4.86,1.49294390133892,NA,NA,NA
"5361",2024-08-15 19:00:00,"historie",23.43,0.999952923071797,NA,NA,NA
"5362",2024-08-15 20:00:00,"historie",54.86,2.54259739653833,NA,NA,NA
"5363",2024-08-15 21:00:00,"historie",31.24,85.5435911405938,NA,NA,NA
"5364",2024-08-15 22:00:00,"historie",18.04,18.9944793754921,NA,NA,NA
"5365",2024-08-15 23:00:00,"historie",17.77,1.44116793128876,NA,NA,NA
"5366",2024-08-16,"historie",17.82,3.98362323165626,NA,NA,NA
"5367",2024-08-16 01:00:00,"historie",17.43,4.71474876791899,NA,NA,NA
"5368",2024-08-16 02:00:00,"historie",10.87,11.3090450211884,NA,NA,NA
"5369",2024-08-16 03:00:00,"historie",8.29,37.1220855097308,NA,NA,NA
"5370",2024-08-16 04:00:00,"historie",5.73,53.0649115045487,NA,NA,NA
"5371",2024-08-16 05:00:00,"historie",7.37,22.9610866601301,NA,NA,NA
"5372",2024-08-16 06:00:00,"historie",10.06,14.2850640715028,NA,NA,NA
"5373",2024-08-16 07:00:00,"historie",8.19,14.4574064457501,NA,NA,NA
"5374",2024-08-16 08:00:00,"historie",3.02,14.9612457427076,NA,NA,NA
"5375",2024-08-16 09:00:00,"historie",4.09,14.4355378317207,NA,NA,NA
"5376",2024-08-16 10:00:00,"historie",3.21,9.10428319630064,NA,NA,NA
"5377",2024-08-16 11:00:00,"historie",0.24,9.80127545961821,NA,NA,NA
"5378",2024-08-16 12:00:00,"historie",0.18,6.23079762958225,NA,NA,NA
"5379",2024-08-16 13:00:00,"historie",0.61,10.0492990270529,NA,NA,NA
"5380",2024-08-16 14:00:00,"historie",0.72,6.87898770145541,NA,NA,NA
"5381",2024-08-16 15:00:00,"historie",1.93,4.90500518350721,NA,NA,NA
"5382",2024-08-16 16:00:00,"historie",2.81,3.07714334555732,NA,NA,NA
"5383",2024-08-16 17:00:00,"historie",7.24,3.39704962290865,NA,NA,NA
"5384",2024-08-16 18:00:00,"historie",3.63,1.80458141752581,NA,NA,NA
"5385",2024-08-16 19:00:00,"historie",58.49,0.281329401944973,NA,NA,NA
"5386",2024-08-16 20:00:00,"historie",65.31,0.644082695478363,NA,NA,NA
"5387",2024-08-16 21:00:00,"historie",35.12,0.920846906805692,NA,NA,NA
"5388",2024-08-16 22:00:00,"historie",28.24,0.948764344768691,NA,NA,NA
"5389",2024-08-16 23:00:00,"historie",22.96,4.11414272774778,NA,NA,NA
"5390",2024-08-17,"historie",17.72,3.23722128397005,NA,NA,NA
"5391",2024-08-17 01:00:00,"historie",15.94,12.2924302318096,NA,NA,NA
"5392",2024-08-17 02:00:00,"historie",16.04,7.24467663836979,NA,NA,NA
"5393",2024-08-17 03:00:00,"historie",14.49,103.792250101903,NA,NA,NA
"5394",2024-08-17 04:00:00,"historie",13.73,45.4723294932111,NA,NA,NA
"5395",2024-08-17 05:00:00,"historie",14.67,25.1031915690187,NA,NA,NA
"5396",2024-08-17 06:00:00,"historie",12.48,22.0515466771175,NA,NA,NA
"5397",2024-08-17 07:00:00,"historie",17.56,17.3425222265419,NA,NA,NA
"5398",2024-08-17 08:00:00,"historie",3.02,14.7525022109013,NA,NA,NA
"5399",2024-08-17 09:00:00,"historie",6.09,12.8633281606345,NA,NA,NA
"5400",2024-08-17 10:00:00,"historie",1.78,13.1261426813387,NA,NA,NA
"5401",2024-08-17 11:00:00,"historie",1.29,13.7627985388416,NA,NA,NA
"5402",2024-08-17 12:00:00,"historie",3,13.423688377893,NA,NA,NA
"5403",2024-08-17 13:00:00,"historie",9.11,16.0830939726164,NA,NA,NA
"5404",2024-08-17 14:00:00,"historie",2.03,8.14694849237948,NA,NA,NA
"5405",2024-08-17 15:00:00,"historie",0.81,9.13456447083579,NA,NA,NA
"5406",2024-08-17 16:00:00,"historie",2.25,2.72349774069988,NA,NA,NA
"5407",2024-08-17 17:00:00,"historie",3.14,5.2281860636961,NA,NA,NA
"5408",2024-08-17 18:00:00,"historie",21.32,0.716433410659423,NA,NA,NA
"5409",2024-08-17 19:00:00,"historie",15.84,1.49138098901264,NA,NA,NA
"5410",2024-08-17 20:00:00,"historie",17.8,5.35030665529389,NA,NA,NA
"5411",2024-08-17 21:00:00,"historie",15.88,7.17817580500557,NA,NA,NA
"5412",2024-08-17 22:00:00,"historie",27.44,1.94576536472977,NA,NA,NA
"5413",2024-08-17 23:00:00,"historie",27.68,1.47166017196338,NA,NA,NA
"5414",2024-08-18,"historie",19.1,3.77547853214016,NA,NA,NA
"5415",2024-08-18 01:00:00,"historie",31.33,4.56445116543984,NA,NA,NA
"5416",2024-08-18 02:00:00,"historie",24.69,61.3442278895657,NA,NA,NA
"5417",2024-08-18 03:00:00,"historie",19.81,17.5441738262749,NA,NA,NA
"5418",2024-08-18 04:00:00,"historie",14.6,19.0682938049656,NA,NA,NA
"5419",2024-08-18 05:00:00,"historie",13.59,14.7545274161597,NA,NA,NA
"5420",2024-08-18 06:00:00,"historie",11.17,24.4237886567132,NA,NA,NA
"5421",2024-08-18 07:00:00,"historie",9.01,20.1809331308553,NA,NA,NA
"5422",2024-08-18 08:00:00,"historie",5.28,15.3782810093376,NA,NA,NA
"5423",2024-08-18 09:00:00,"historie",3.8,25.3669693115422,NA,NA,NA
"5424",2024-08-18 10:00:00,"historie",3.64,17.392044243892,NA,NA,NA
"5425",2024-08-18 11:00:00,"historie",2.19,17.6707602664123,NA,NA,NA
"5426",2024-08-18 12:00:00,"historie",1.02,13.5410734258038,NA,NA,NA
"5427",2024-08-18 13:00:00,"historie",2.75,14.2711072306342,NA,NA,NA
"5428",2024-08-18 14:00:00,"historie",4.62,8.43841388898075,NA,NA,NA
"5429",2024-08-18 15:00:00,"historie",27.35,4.33083150827257,NA,NA,NA
"5430",2024-08-18 16:00:00,"historie",91.39,5.96219914434586,NA,NA,NA
"5431",2024-08-18 17:00:00,"historie",53.28,2.45867771917279,NA,NA,NA
"5432",2024-08-18 18:00:00,"historie",31.3,1.97426282273614,NA,NA,NA
"5433",2024-08-18 19:00:00,"historie",24.73,2.31450045179562,NA,NA,NA
"5434",2024-08-18 20:00:00,"historie",16.74,1.91453032413438,NA,NA,NA
"5435",2024-08-18 21:00:00,"historie",13.73,2.52287191721643,NA,NA,NA
"5436",2024-08-18 22:00:00,"historie",10.09,4.5097574670947,NA,NA,NA
"5437",2024-08-18 23:00:00,"historie",12.94,35.639344591455,NA,NA,NA
"5438",2024-08-19,"historie",4.62,58.4614722905906,NA,NA,NA
"5439",2024-08-19 01:00:00,"historie",4.24,45.9534693816799,NA,NA,NA
"5440",2024-08-19 02:00:00,"historie",6.76,40.2573686874387,NA,NA,NA
"5441",2024-08-19 03:00:00,"historie",5.2,27.6439608914899,NA,NA,NA
"5442",2024-08-19 04:00:00,"historie",3.33,15.8259422129742,NA,NA,NA
"5443",2024-08-19 05:00:00,"historie",3.23,14.5935406603277,NA,NA,NA
"5444",2024-08-19 06:00:00,"historie",3.07,9.83596813171636,NA,NA,NA
"5445",2024-08-19 07:00:00,"historie",3.27,12.0868555389001,NA,NA,NA
"5446",2024-08-19 08:00:00,"historie",3.65,4.98879470392228,NA,NA,NA
"5447",2024-08-19 09:00:00,"historie",3.52,5.006670447196,NA,NA,NA
"5448",2024-08-19 10:00:00,"historie",3.77,7.54402340453428,NA,NA,NA
"5449",2024-08-19 11:00:00,"historie",3.47,5.86618477249647,NA,NA,NA
"5450",2024-08-19 12:00:00,"historie",2.89,4.24816990282635,NA,NA,NA
"5451",2024-08-19 13:00:00,"historie",2.98,4.61337977147189,NA,NA,NA
"5452",2024-08-19 14:00:00,"historie",2.58,3.16656439100623,NA,NA,NA
"5453",2024-08-19 15:00:00,"historie",4.06,2.27619674665995,NA,NA,NA
"5454",2024-08-19 16:00:00,"historie",8.97,4.49896513067005,NA,NA,NA
"5455",2024-08-19 17:00:00,"historie",6.31,2.67150395454776,NA,NA,NA
"5456",2024-08-19 18:00:00,"historie",6.34,2.11047019275461,NA,NA,NA
"5457",2024-08-19 19:00:00,"historie",10.57,3.07708610959816,NA,NA,NA
"5458",2024-08-19 20:00:00,"historie",29.62,4.78554258944139,NA,NA,NA
"5459",2024-08-19 21:00:00,"historie",32.39,2.58946624309201,NA,NA,NA
"5460",2024-08-19 22:00:00,"historie",22.6,3.65844613512206,NA,NA,NA
"5461",2024-08-19 23:00:00,"historie",19.31,7.4484955564007,NA,NA,NA
"5462",2024-08-20,"historie",14.96,9.53901412246004,NA,NA,NA
"5463",2024-08-20 01:00:00,"historie",12.42,8.19807661780457,NA,NA,NA
"5464",2024-08-20 02:00:00,"historie",10.05,12.199566113181,NA,NA,NA
"5465",2024-08-20 03:00:00,"historie",9.31,14.7488248316805,NA,NA,NA
"5466",2024-08-20 04:00:00,"historie",9.02,30.316233675542,NA,NA,NA
"5467",2024-08-20 05:00:00,"historie",9.45,25.9907763554816,NA,NA,NA
"5468",2024-08-20 06:00:00,"historie",10.81,18.8188659315937,NA,NA,NA
"5469",2024-08-20 07:00:00,"historie",7.84,13.2995846415477,NA,NA,NA
"5470",2024-08-20 08:00:00,"historie",3.93,13.6627943155576,NA,NA,NA
"5471",2024-08-20 09:00:00,"historie",15.59,11.3664117543991,NA,NA,NA
"5472",2024-08-20 10:00:00,"historie",14.52,8.64156777683081,NA,NA,NA
"5473",2024-08-20 11:00:00,"historie",1.96,8.98002059584199,NA,NA,NA
"5474",2024-08-20 12:00:00,"historie",2.11,9.29803595621464,NA,NA,NA
"5475",2024-08-20 13:00:00,"historie",1.26,9.95126833091544,NA,NA,NA
"5476",2024-08-20 14:00:00,"historie",2.37,8.70391310068748,NA,NA,NA
"5477",2024-08-20 15:00:00,"historie",3.19,4.50931257176307,NA,NA,NA
"5478",2024-08-20 16:00:00,"historie",5.5,4.08770245681258,NA,NA,NA
"5479",2024-08-20 17:00:00,"historie",6.19,11.7880217909261,NA,NA,NA
"5480",2024-08-20 18:00:00,"historie",7.04,5.99412395642883,NA,NA,NA
"5481",2024-08-20 19:00:00,"historie",14.88,1.4717856515065,NA,NA,NA
"5482",2024-08-20 20:00:00,"historie",18.19,3.85724849485305,NA,NA,NA
"5483",2024-08-20 21:00:00,"historie",28.21,1.17354338188305,NA,NA,NA
"5484",2024-08-20 22:00:00,"historie",24.67,3.88598807109556,NA,NA,NA
"5485",2024-08-20 23:00:00,"historie",20.91,5.70457489956422,NA,NA,NA
"5486",2024-08-21,"historie",20.92,6.02925977405498,NA,NA,NA
"5487",2024-08-21 01:00:00,"historie",25.99,8.54086075977017,NA,NA,NA
"5488",2024-08-21 02:00:00,"historie",26.61,12.942684860476,NA,NA,NA
"5489",2024-08-21 03:00:00,"historie",17.03,22.4397924738581,NA,NA,NA
"5490",2024-08-21 04:00:00,"historie",13.48,17.9774526696306,NA,NA,NA
"5491",2024-08-21 05:00:00,"historie",7.99,25.5438987369708,NA,NA,NA
"5492",2024-08-21 06:00:00,"historie",3.12,20.3347243114064,NA,NA,NA
"5493",2024-08-21 07:00:00,"historie",3.94,14.9050809340394,NA,NA,NA
"5494",2024-08-21 08:00:00,"historie",2.46,18.3138113343152,NA,NA,NA
"5495",2024-08-21 09:00:00,"historie",2.55,20.7228323861947,NA,NA,NA
"5496",2024-08-21 10:00:00,"historie",2.32,19.3174299384306,NA,NA,NA
"5497",2024-08-21 11:00:00,"historie",2.67,13.5653052507599,NA,NA,NA
"5498",2024-08-21 12:00:00,"historie",3.07,12.5587155478625,NA,NA,NA
"5499",2024-08-21 13:00:00,"historie",1.21,8.12528804759233,NA,NA,NA
"5500",2024-08-21 14:00:00,"historie",0.99,2.79015195610715,NA,NA,NA
"5501",2024-08-21 15:00:00,"historie",1.55,2.99583687648558,NA,NA,NA
"5502",2024-08-21 16:00:00,"historie",2.63,3.53785029320531,NA,NA,NA
"5503",2024-08-21 17:00:00,"historie",4.74,2.36594793046885,NA,NA,NA
"5504",2024-08-21 18:00:00,"historie",10.56,1.30752172647102,NA,NA,NA
"5505",2024-08-21 19:00:00,"historie",19.29,2.90013291587468,NA,NA,NA
"5506",2024-08-21 20:00:00,"historie",46.4,4.06160401526833,NA,NA,NA
"5507",2024-08-21 21:00:00,"historie",46.45,1.2153792932113,NA,NA,NA
"5508",2024-08-21 22:00:00,"historie",37.86,1.67246726622091,NA,NA,NA
"5509",2024-08-21 23:00:00,"historie",23.29,3.39771996465997,NA,NA,NA
"5510",2024-08-22,"historie",22.04,3.44842284116446,NA,NA,NA
"5511",2024-08-22 01:00:00,"historie",18.39,7.40264553214397,NA,NA,NA
"5512",2024-08-22 02:00:00,"historie",13.46,19.724346461154,NA,NA,NA
"5513",2024-08-22 03:00:00,"historie",12.39,24.37001843372,NA,NA,NA
"5514",2024-08-22 04:00:00,"historie",11.67,44.999898397304,NA,NA,NA
"5515",2024-08-22 05:00:00,"historie",12.37,33.5464306882245,NA,NA,NA
"5516",2024-08-22 06:00:00,"historie",12.74,28.6953515166414,NA,NA,NA
"5517",2024-08-22 07:00:00,"historie",14.95,16.0932135767198,NA,NA,NA
"5518",2024-08-22 08:00:00,"historie",13.34,20.2151598215928,NA,NA,NA
"5519",2024-08-22 09:00:00,"historie",9.62,15.398942581777,NA,NA,NA
"5520",2024-08-22 10:00:00,"historie",3.37,10.740394244007,NA,NA,NA
"5521",2024-08-22 11:00:00,"historie",1.32,11.4516146672546,NA,NA,NA
"5522",2024-08-22 12:00:00,"historie",1.65,10.6224157216685,NA,NA,NA
"5523",2024-08-22 13:00:00,"historie",1.59,10.8367847284263,NA,NA,NA
"5524",2024-08-22 14:00:00,"historie",1.47,10.2073728752159,NA,NA,NA
"5525",2024-08-22 15:00:00,"historie",24.7,7.9082268277501,NA,NA,NA
"5526",2024-08-22 16:00:00,"historie",48.99,12.6319184809647,NA,NA,NA
"5527",2024-08-22 17:00:00,"historie",3.5,6.0521437930238,NA,NA,NA
"5528",2024-08-22 18:00:00,"historie",3.81,1.78079456578763,NA,NA,NA
"5529",2024-08-22 19:00:00,"historie",22.35,1.4430169348253,NA,NA,NA
"5530",2024-08-22 20:00:00,"historie",37.02,2.29219013987559,NA,NA,NA
"5531",2024-08-22 21:00:00,"historie",45.23,1.66914846526304,NA,NA,NA
"5532",2024-08-22 22:00:00,"historie",29.35,2.23327573508307,NA,NA,NA
"5533",2024-08-22 23:00:00,"historie",18.63,42.0759409642979,NA,NA,NA
"5534",2024-08-23,"historie",23.77,32.1900049279139,NA,NA,NA
"5535",2024-08-23 01:00:00,"historie",26.71,3.52299183968247,NA,NA,NA
"5536",2024-08-23 02:00:00,"historie",19.47,8.79479802391164,NA,NA,NA
"5537",2024-08-23 03:00:00,"historie",18.93,36.950102438384,NA,NA,NA
"5538",2024-08-23 04:00:00,"historie",14.26,33.1319242931111,NA,NA,NA
"5539",2024-08-23 05:00:00,"historie",16.08,35.6681713086256,NA,NA,NA
"5540",2024-08-23 06:00:00,"historie",16.3,21.5603856705722,NA,NA,NA
"5541",2024-08-23 07:00:00,"historie",17.38,14.3699887151194,NA,NA,NA
"5542",2024-08-23 08:00:00,"historie",14.83,21.847035249543,NA,NA,NA
"5543",2024-08-23 09:00:00,"historie",14.76,20.7792794855678,NA,NA,NA
"5544",2024-08-23 10:00:00,"historie",12.75,14.533357113197,NA,NA,NA
"5545",2024-08-23 11:00:00,"historie",1.89,16.1198016355921,NA,NA,NA
"5546",2024-08-23 12:00:00,"historie",1,12.3510859744679,NA,NA,NA
"5547",2024-08-23 13:00:00,"historie",0.91,14.3777095512974,NA,NA,NA
"5548",2024-08-23 14:00:00,"historie",0.49,12.8861524357406,NA,NA,NA
"5549",2024-08-23 15:00:00,"historie",0.85,9.71155274035848,NA,NA,NA
"5550",2024-08-23 16:00:00,"historie",1.69,13.130703277927,NA,NA,NA
"5551",2024-08-23 17:00:00,"historie",2.72,8.25993984148508,NA,NA,NA
"5552",2024-08-23 18:00:00,"historie",4.96,5.50023694061755,NA,NA,NA
"5553",2024-08-23 19:00:00,"historie",26.49,1.57951660018914,NA,NA,NA
"5554",2024-08-23 20:00:00,"historie",38.29,1.3906428232137,NA,NA,NA
"5555",2024-08-23 21:00:00,"historie",44.78,1.10328568036372,NA,NA,NA
"5556",2024-08-23 22:00:00,"historie",36.65,1.25463375216521,NA,NA,NA
"5557",2024-08-23 23:00:00,"historie",25.02,2.19416887943861,NA,NA,NA
"5558",2024-08-24,"historie",31.62,1.87480922009927,NA,NA,NA
"5559",2024-08-24 01:00:00,"historie",28.6,4.94491900279748,NA,NA,NA
"5560",2024-08-24 02:00:00,"historie",34.87,11.8049216497279,NA,NA,NA
"5561",2024-08-24 03:00:00,"historie",20.19,40.3002223086706,NA,NA,NA
"5562",2024-08-24 04:00:00,"historie",16.04,34.6246096595392,NA,NA,NA
"5563",2024-08-24 05:00:00,"historie",14.66,34.0797404099756,NA,NA,NA
"5564",2024-08-24 06:00:00,"historie",13.05,26.2876775097072,NA,NA,NA
"5565",2024-08-24 07:00:00,"historie",8.88,19.3523067954516,NA,NA,NA
"5566",2024-08-24 08:00:00,"historie",4,27.9828254336649,NA,NA,NA
"5567",2024-08-24 09:00:00,"historie",3.61,20.9571642105891,NA,NA,NA
"5568",2024-08-24 10:00:00,"historie",3.47,26.1586539687218,NA,NA,NA
"5569",2024-08-24 11:00:00,"historie",1.88,14.7811172604694,NA,NA,NA
"5570",2024-08-24 12:00:00,"historie",0.75,14.5371317816343,NA,NA,NA
"5571",2024-08-24 13:00:00,"historie",0.74,12.9829230484424,NA,NA,NA
"5572",2024-08-24 14:00:00,"historie",0.45,11.1046094903076,NA,NA,NA
"5573",2024-08-24 15:00:00,"historie",0.52,5.69801257846727,NA,NA,NA
"5574",2024-08-24 16:00:00,"historie",1.3,4.44551785374666,NA,NA,NA
"5575",2024-08-24 17:00:00,"historie",1.87,3.10056634324266,NA,NA,NA
"5576",2024-08-24 18:00:00,"historie",2.89,1.80846447323154,NA,NA,NA
"5577",2024-08-24 19:00:00,"historie",19.45,1.8473117403339,NA,NA,NA
"5578",2024-08-24 20:00:00,"historie",56.15,0.959465414737729,NA,NA,NA
"5579",2024-08-24 21:00:00,"historie",70.27,0.881773531589548,NA,NA,NA
"5580",2024-08-24 22:00:00,"historie",41.18,1.02349532975657,NA,NA,NA
"5581",2024-08-24 23:00:00,"historie",37.05,1.32329386173525,NA,NA,NA
"5582",2024-08-25,"historie",48.4,1.88575391173094,NA,NA,NA
"5583",2024-08-25 01:00:00,"historie",32.53,3.54787175035178,NA,NA,NA
"5584",2024-08-25 02:00:00,"historie",30.16,8.16722451896121,NA,NA,NA
"5585",2024-08-25 03:00:00,"historie",17.77,32.5946463800971,NA,NA,NA
"5586",2024-08-25 04:00:00,"historie",8.71,53.249697126962,NA,NA,NA
"5587",2024-08-25 05:00:00,"historie",7.87,48.3419277636951,NA,NA,NA
"5588",2024-08-25 06:00:00,"historie",19.5,27.1209376611682,NA,NA,NA
"5589",2024-08-25 07:00:00,"historie",26.56,29.5127305881619,NA,NA,NA
"5590",2024-08-25 08:00:00,"historie",12.37,38.2154100438607,NA,NA,NA
"5591",2024-08-25 09:00:00,"historie",3.09,23.8079948851609,NA,NA,NA
"5592",2024-08-25 10:00:00,"historie",2.35,21.4868119462374,NA,NA,NA
"5593",2024-08-25 11:00:00,"historie",2.9,13.7950872511479,NA,NA,NA
"5594",2024-08-25 12:00:00,"historie",3.15,8.22878744812374,NA,NA,NA
"5595",2024-08-25 13:00:00,"historie",3.32,8.16864150071053,NA,NA,NA
"5596",2024-08-25 14:00:00,"historie",10.61,17.352019955679,NA,NA,NA
"5597",2024-08-25 15:00:00,"historie",11.61,13.6058748633179,NA,NA,NA
"5598",2024-08-25 16:00:00,"historie",20.23,10.0448257845896,NA,NA,NA
"5599",2024-08-25 17:00:00,"historie",24.98,2.21840798236876,NA,NA,NA
"5600",2024-08-25 18:00:00,"historie",16.58,1.45502091909751,NA,NA,NA
"5601",2024-08-25 19:00:00,"historie",11.68,2.66347175638021,NA,NA,NA
"5602",2024-08-25 20:00:00,"historie",12.28,3.29425090032085,NA,NA,NA
"5603",2024-08-25 21:00:00,"historie",11.04,2.58948806929301,NA,NA,NA
"5604",2024-08-25 22:00:00,"historie",11.63,14.3268843985107,NA,NA,NA
"5605",2024-08-25 23:00:00,"historie",10.36,13.3440459321283,NA,NA,NA
"5606",2024-08-26,"historie",8.06,14.9266809671214,NA,NA,NA
"5607",2024-08-26 01:00:00,"historie",8,24.715482769755,NA,NA,NA
"5608",2024-08-26 02:00:00,"historie",10.6,29.2275590642578,NA,NA,NA
"5609",2024-08-26 03:00:00,"historie",9.03,16.3146284115668,NA,NA,NA
"5610",2024-08-26 04:00:00,"historie",7.73,15.4182744284716,NA,NA,NA
"5611",2024-08-26 05:00:00,"historie",10.58,10.8998557118171,NA,NA,NA
"5612",2024-08-26 06:00:00,"historie",8.32,12.0764924183406,NA,NA,NA
"5613",2024-08-26 07:00:00,"historie",9.17,11.3649247803884,NA,NA,NA
"5614",2024-08-26 08:00:00,"historie",5.73,8.56345504169245,NA,NA,NA
"5615",2024-08-26 09:00:00,"historie",4.42,8.9970121645708,NA,NA,NA
"5616",2024-08-26 10:00:00,"historie",2.38,9.85153781164105,NA,NA,NA
"5617",2024-08-26 11:00:00,"historie",0.87,8.06512004302415,NA,NA,NA
"5618",2024-08-26 12:00:00,"historie",0.74,8.12240931243947,NA,NA,NA
"5619",2024-08-26 13:00:00,"historie",1.36,12.3587971814827,NA,NA,NA
"5620",2024-08-26 14:00:00,"historie",1.72,7.79367906129782,NA,NA,NA
"5621",2024-08-26 15:00:00,"historie",3.77,6.15134474454846,NA,NA,NA
"5622",2024-08-26 16:00:00,"historie",3.67,4.89808097979031,NA,NA,NA
"5623",2024-08-26 17:00:00,"historie",4.82,3.58874986900852,NA,NA,NA
"5624",2024-08-26 18:00:00,"historie",8.8,1.50521268079218,NA,NA,NA
"5625",2024-08-26 19:00:00,"historie",23.53,0.92984194682222,NA,NA,NA
"5626",2024-08-26 20:00:00,"historie",34,1.10144408353999,NA,NA,NA
"5627",2024-08-26 21:00:00,"historie",36.45,1.86351409949255,NA,NA,NA
"5628",2024-08-26 22:00:00,"historie",34.24,2.88855750030065,NA,NA,NA
"5629",2024-08-26 23:00:00,"historie",29.67,7.05762681060525,NA,NA,NA
"5630",2024-08-27,"historie",21.59,3.79943751828948,NA,NA,NA
"5631",2024-08-27 01:00:00,"historie",17.47,6.87085726053065,NA,NA,NA
"5632",2024-08-27 02:00:00,"historie",16.55,17.5053483158346,NA,NA,NA
"5633",2024-08-27 03:00:00,"historie",13.44,31.6845127403484,NA,NA,NA
"5634",2024-08-27 04:00:00,"historie",12.33,31.8652171820941,NA,NA,NA
"5635",2024-08-27 05:00:00,"historie",14.72,28.5851442667411,NA,NA,NA
"5636",2024-08-27 06:00:00,"historie",17.18,26.0563604005564,NA,NA,NA
"5637",2024-08-27 07:00:00,"historie",11.63,23.7621840366238,NA,NA,NA
"5638",2024-08-27 08:00:00,"historie",7.11,17.926062713799,NA,NA,NA
"5639",2024-08-27 09:00:00,"historie",8.37,16.0744400367531,NA,NA,NA
"5640",2024-08-27 10:00:00,"historie",2.55,13.1293957605163,NA,NA,NA
"5641",2024-08-27 11:00:00,"historie",1.55,11.1272454720791,NA,NA,NA
"5642",2024-08-27 12:00:00,"historie",2.04,12.2631505106693,NA,NA,NA
"5643",2024-08-27 13:00:00,"historie",1.5,14.1174448088354,NA,NA,NA
"5644",2024-08-27 14:00:00,"historie",1.09,14.8822740622715,NA,NA,NA
"5645",2024-08-27 15:00:00,"historie",2.29,6.69216799484735,NA,NA,NA
"5646",2024-08-27 16:00:00,"historie",5.42,6.06848814685232,NA,NA,NA
"5647",2024-08-27 17:00:00,"historie",8.68,5.96173927094787,NA,NA,NA
"5648",2024-08-27 18:00:00,"historie",11.8,1.29435378915592,NA,NA,NA
"5649",2024-08-27 19:00:00,"historie",18.44,1.5876338443194,NA,NA,NA
"5650",2024-08-27 20:00:00,"historie",28.32,2.63013080397643,NA,NA,NA
"5651",2024-08-27 21:00:00,"historie",36.18,1.60527427981956,NA,NA,NA
"5652",2024-08-27 22:00:00,"historie",31.44,2.01063549198408,NA,NA,NA
"5653",2024-08-27 23:00:00,"historie",27.16,4.29011014286157,NA,NA,NA
"5654",2024-08-28,"historie",20.33,6.18149720218614,NA,NA,NA
"5655",2024-08-28 01:00:00,"historie",19.81,11.328763760646,NA,NA,NA
"5656",2024-08-28 02:00:00,"historie",18.94,21.9780449558424,NA,NA,NA
"5657",2024-08-28 03:00:00,"historie",15.19,24.3335356275883,NA,NA,NA
"5658",2024-08-28 04:00:00,"historie",13.85,29.289954127214,NA,NA,NA
"5659",2024-08-28 05:00:00,"historie",16.63,29.8642539467069,NA,NA,NA
"5660",2024-08-28 06:00:00,"historie",20.9,24.5200535213395,NA,NA,NA
"5661",2024-08-28 07:00:00,"historie",15.35,22.1713774396399,NA,NA,NA
"5662",2024-08-28 08:00:00,"historie",4.25,17.1261589131907,NA,NA,NA
"5663",2024-08-28 09:00:00,"historie",6.77,18.199726949565,NA,NA,NA
"5664",2024-08-28 10:00:00,"historie",3.64,14.6274742170938,NA,NA,NA
"5665",2024-08-28 11:00:00,"historie",1.35,12.467134864867,NA,NA,NA
"5666",2024-08-28 12:00:00,"historie",1.43,13.6247787493428,NA,NA,NA
"5667",2024-08-28 13:00:00,"historie",1.74,16.1744472932556,NA,NA,NA
"5668",2024-08-28 14:00:00,"historie",1.5,16.7902259567687,NA,NA,NA
"5669",2024-08-28 15:00:00,"historie",2.32,8.60298168498489,NA,NA,NA
"5670",2024-08-28 16:00:00,"historie",3,3.73326963890116,NA,NA,NA
"5671",2024-08-28 17:00:00,"historie",3.88,4.9871693029656,NA,NA,NA
"5672",2024-08-28 18:00:00,"historie",8.08,1.98021741872766,NA,NA,NA
"5673",2024-08-28 19:00:00,"historie",45.54,1.35551040041816,NA,NA,NA
"5674",2024-08-28 20:00:00,"historie",45.28,1.80960396980703,NA,NA,NA
"5675",2024-08-28 21:00:00,"historie",61.39,1.88973114057637,NA,NA,NA
"5676",2024-08-28 22:00:00,"historie",43.64,2.61506001644244,NA,NA,NA
"5677",2024-08-28 23:00:00,"historie",31.47,4.32117163617929,NA,NA,NA
"5678",2024-08-29,"historie",20.6,3.74900608554731,NA,NA,NA
"5679",2024-08-29 01:00:00,"historie",15.77,5.96179286646901,NA,NA,NA
"5680",2024-08-29 02:00:00,"historie",14.37,16.8097130312199,NA,NA,NA
"5681",2024-08-29 03:00:00,"historie",11.17,60.9158564880333,NA,NA,NA
"5682",2024-08-29 04:00:00,"historie",11.49,37.7885607717963,NA,NA,NA
"5683",2024-08-29 05:00:00,"historie",11.85,46.7508222858641,NA,NA,NA
"5684",2024-08-29 06:00:00,"historie",15.71,30.4744189466706,NA,NA,NA
"5685",2024-08-29 07:00:00,"historie",10.92,24.0354470008706,NA,NA,NA
"5686",2024-08-29 08:00:00,"historie",3.49,17.33678307921,NA,NA,NA
"5687",2024-08-29 09:00:00,"historie",4.34,14.7053381736861,NA,NA,NA
"5688",2024-08-29 10:00:00,"historie",3.37,11.928664011268,NA,NA,NA
"5689",2024-08-29 11:00:00,"historie",0.78,9.92701951899418,NA,NA,NA
"5690",2024-08-29 12:00:00,"historie",0.12,12.3310955734492,NA,NA,NA
"5691",2024-08-29 13:00:00,"historie",0.23,12.4285395061146,NA,NA,NA
"5692",2024-08-29 14:00:00,"historie",0.17,13.6620084198626,NA,NA,NA
"5693",2024-08-29 15:00:00,"historie",0.98,5.93248824225751,NA,NA,NA
"5694",2024-08-29 16:00:00,"historie",2.09,3.57589915165525,NA,NA,NA
"5695",2024-08-29 17:00:00,"historie",2.83,3.35289276956861,NA,NA,NA
"5696",2024-08-29 18:00:00,"historie",21.14,1.93667698415764,NA,NA,NA
"5697",2024-08-29 19:00:00,"historie",82.54,0.80848822888351,NA,NA,NA
"5698",2024-08-29 20:00:00,"historie",90.45,0.198605297660858,NA,NA,NA
"5699",2024-08-29 21:00:00,"historie",76.2,0.4624746839527,NA,NA,NA
"5700",2024-08-29 22:00:00,"historie",43.24,0.446833081738817,NA,NA,NA
"5701",2024-08-29 23:00:00,"historie",41.94,2.67961407319191,NA,NA,NA
"5702",2024-08-30,"historie",21.54,2.92700003726103,NA,NA,NA
"5703",2024-08-30 01:00:00,"historie",21.8,4.87290697604933,NA,NA,NA
"5704",2024-08-30 02:00:00,"historie",18.3,50.8685545265357,NA,NA,NA
"5705",2024-08-30 03:00:00,"historie",16.79,80.2605573113325,NA,NA,NA
"5706",2024-08-30 04:00:00,"historie",13.03,71.4756536303182,NA,NA,NA
"5707",2024-08-30 05:00:00,"historie",14.75,49.4616539441868,NA,NA,NA
"5708",2024-08-30 06:00:00,"historie",17.08,29.7264687240119,NA,NA,NA
"5709",2024-08-30 07:00:00,"historie",7.96,31.0963435082028,NA,NA,NA
"5710",2024-08-30 08:00:00,"historie",3.58,16.5784871971912,NA,NA,NA
"5711",2024-08-30 09:00:00,"historie",5.18,19.9432735819845,NA,NA,NA
"5712",2024-08-30 10:00:00,"historie",4.38,13.831297955561,NA,NA,NA
"5713",2024-08-30 11:00:00,"historie",0.67,14.3794557600198,NA,NA,NA
"5714",2024-08-30 12:00:00,"historie",0.21,12.5921349460916,NA,NA,NA
"5715",2024-08-30 13:00:00,"historie",0.78,15.52189305125,NA,NA,NA
"5716",2024-08-30 14:00:00,"historie",1.13,13.7198579675791,NA,NA,NA
"5717",2024-08-30 15:00:00,"historie",2.79,4.18950471922383,NA,NA,NA
"5718",2024-08-30 16:00:00,"historie",4.11,3.96020095553431,NA,NA,NA
"5719",2024-08-30 17:00:00,"historie",4.21,3.98851342217437,NA,NA,NA
"5720",2024-08-30 18:00:00,"historie",9.81,2.1697997156774,NA,NA,NA
"5721",2024-08-30 19:00:00,"historie",28.36,0.50159802928079,NA,NA,NA
"5722",2024-08-30 20:00:00,"historie",48.9,0.365427383375922,NA,NA,NA
"5723",2024-08-30 21:00:00,"historie",61.44,1.13369709069256,NA,NA,NA
"5724",2024-08-30 22:00:00,"historie",25.1,2.39836229421949,NA,NA,NA
"5725",2024-08-30 23:00:00,"historie",8.94,4.88959768693771,NA,NA,NA
"5726",2024-08-31,"historie",8.1,4.80059214757364,NA,NA,NA
"5727",2024-08-31 01:00:00,"historie",13.88,7.77999852115342,NA,NA,NA
"5728",2024-08-31 02:00:00,"historie",12.06,23.4272084885375,NA,NA,NA
"5729",2024-08-31 03:00:00,"historie",11.34,35.6516182382782,NA,NA,NA
"5730",2024-08-31 04:00:00,"historie",12.55,47.6084405405247,NA,NA,NA
"5731",2024-08-31 05:00:00,"historie",10.77,43.3466842297533,NA,NA,NA
"5732",2024-08-31 06:00:00,"historie",7.08,19.1402939911904,NA,NA,NA
"5733",2024-08-31 07:00:00,"historie",3.94,7.63720418747939,NA,NA,NA
"5734",2024-08-31 08:00:00,"historie",3.37,9.3793507920825,NA,NA,NA
"5735",2024-08-31 09:00:00,"historie",3.77,14.7607331408521,NA,NA,NA
"5736",2024-08-31 10:00:00,"historie",3.35,10.3020045751413,NA,NA,NA
"5737",2024-08-31 11:00:00,"historie",2.18,10.494203518281,NA,NA,NA
"5738",2024-08-31 12:00:00,"historie",2.34,13.3146415585336,NA,NA,NA
"5739",2024-08-31 13:00:00,"historie",2.41,11.4437829570202,NA,NA,NA
"5740",2024-08-31 14:00:00,"historie",2.22,5.94374666135145,NA,NA,NA
"5741",2024-08-31 15:00:00,"historie",3.06,2.60401230712318,NA,NA,NA
"5742",2024-08-31 16:00:00,"historie",4.01,4.32053357303581,NA,NA,NA
"5743",2024-08-31 17:00:00,"historie",7.42,2.99570057958883,NA,NA,NA
"5744",2024-08-31 18:00:00,"historie",13.07,1.60729501150629,NA,NA,NA
"5745",2024-08-31 19:00:00,"historie",20.02,1.52932099711627,NA,NA,NA
"5746",2024-08-31 20:00:00,"historie",26.52,3.09072134069706,NA,NA,NA
"5747",2024-08-31 21:00:00,"historie",23.96,2.17751511022152,NA,NA,NA
"5748",2024-08-31 22:00:00,"historie",19.77,3.92000096116651,NA,NA,NA
"5749",2024-08-31 23:00:00,"historie",16.95,4.66179712029737,NA,NA,NA
"5750",2024-09-01,"historie",12.95,4.66347855081783,NA,NA,NA
"5751",2024-09-01 01:00:00,"historie",11.51,13.0100512885499,NA,NA,NA
"5752",2024-09-01 02:00:00,"historie",10.89,26.722010550136,NA,NA,NA
"5753",2024-09-01 03:00:00,"historie",10.62,25.6101776119511,NA,NA,NA
"5754",2024-09-01 04:00:00,"historie",7.82,29.7909844921062,NA,NA,NA
"5755",2024-09-01 05:00:00,"historie",6.74,18.4063378225009,NA,NA,NA
"5756",2024-09-01 06:00:00,"historie",7.77,16.0787897938139,NA,NA,NA
"5757",2024-09-01 07:00:00,"historie",5.75,14.5079368248373,NA,NA,NA
"5758",2024-09-01 08:00:00,"historie",3.8,13.283805913712,NA,NA,NA
"5759",2024-09-01 09:00:00,"historie",4.36,11.173318054726,NA,NA,NA
"5760",2024-09-01 10:00:00,"historie",5.02,10.0098789061566,NA,NA,NA
"5761",2024-09-01 11:00:00,"historie",2.42,10.2713602668666,NA,NA,NA
"5762",2024-09-01 12:00:00,"historie",1.48,8.25584660136926,NA,NA,NA
"5763",2024-09-01 13:00:00,"historie",1.47,7.49087271101826,NA,NA,NA
"5764",2024-09-01 14:00:00,"historie",0.86,6.77538060280577,NA,NA,NA
"5765",2024-09-01 15:00:00,"historie",1.69,3.81882708061391,NA,NA,NA
"5766",2024-09-01 16:00:00,"historie",2.58,4.34167151976604,NA,NA,NA
"5767",2024-09-01 17:00:00,"historie",5.45,3.50200531432343,NA,NA,NA
"5768",2024-09-01 18:00:00,"historie",13.49,2.58061053052797,NA,NA,NA
"5769",2024-09-01 19:00:00,"historie",24.53,1.74882207105967,NA,NA,NA
"5770",2024-09-01 20:00:00,"historie",27.55,1.87483341380389,NA,NA,NA
"5771",2024-09-01 21:00:00,"historie",21.21,1.54288676193342,NA,NA,NA
"5772",2024-09-01 22:00:00,"historie",18.77,1.65055383100365,NA,NA,NA
"5773",2024-09-01 23:00:00,"historie",18.11,3.15710545787643,NA,NA,NA
"5774",2024-09-02,"historie",20.06,3.63221494820401,NA,NA,NA
"5775",2024-09-02 01:00:00,"historie",18.66,10.2642404411248,NA,NA,NA
"5776",2024-09-02 02:00:00,"historie",15.13,26.8512909195691,NA,NA,NA
"5777",2024-09-02 03:00:00,"historie",12.99,29.9732238934382,NA,NA,NA
"5778",2024-09-02 04:00:00,"historie",10.95,28.1693026451983,NA,NA,NA
"5779",2024-09-02 05:00:00,"historie",12.97,16.9551284412175,NA,NA,NA
"5780",2024-09-02 06:00:00,"historie",11.87,16.2871463003372,NA,NA,NA
"5781",2024-09-02 07:00:00,"historie",11.12,15.2614274058375,NA,NA,NA
"5782",2024-09-02 08:00:00,"historie",4.92,19.0296550002839,NA,NA,NA
"5783",2024-09-02 09:00:00,"historie",9.05,16.1321849265715,NA,NA,NA
"5784",2024-09-02 10:00:00,"historie",5.38,12.6480372670106,NA,NA,NA
"5785",2024-09-02 11:00:00,"historie",2.37,11.2552629688166,NA,NA,NA
"5786",2024-09-02 12:00:00,"historie",1.62,10.7252865852948,NA,NA,NA
"5787",2024-09-02 13:00:00,"historie",1.85,13.310034005908,NA,NA,NA
"5788",2024-09-02 14:00:00,"historie",2.64,8.87541961649608,NA,NA,NA
"5789",2024-09-02 15:00:00,"historie",4.34,6.74807721069056,NA,NA,NA
"5790",2024-09-02 16:00:00,"historie",4.88,4.87312548895355,NA,NA,NA
"5791",2024-09-02 17:00:00,"historie",4.07,7.26907675030424,NA,NA,NA
"5792",2024-09-02 18:00:00,"historie",6.96,2.38042066429128,NA,NA,NA
"5793",2024-09-02 19:00:00,"historie",37.74,1.71425340516149,NA,NA,NA
"5794",2024-09-02 20:00:00,"historie",41.49,1.99259135325059,NA,NA,NA
"5795",2024-09-02 21:00:00,"historie",41.48,1.75073147846442,NA,NA,NA
"5796",2024-09-02 22:00:00,"historie",27.73,4.60731256449627,NA,NA,NA
"5797",2024-09-02 23:00:00,"historie",21.26,5.9455876317134,NA,NA,NA
"5798",2024-09-03,"historie",18.25,5.99720913106142,NA,NA,NA
"5799",2024-09-03 01:00:00,"historie",15.6,7.20598026728818,NA,NA,NA
"5800",2024-09-03 02:00:00,"historie",14.6,15.2592606637653,NA,NA,NA
"5801",2024-09-03 03:00:00,"historie",12.74,49.9348207886443,NA,NA,NA
"5802",2024-09-03 04:00:00,"historie",11.09,35.0986997767242,NA,NA,NA
"5803",2024-09-03 05:00:00,"historie",13.64,30.6282470505165,NA,NA,NA
"5804",2024-09-03 06:00:00,"historie",15.18,20.9617739609936,NA,NA,NA
"5805",2024-09-03 07:00:00,"historie",13.65,17.6280870696578,NA,NA,NA
"5806",2024-09-03 08:00:00,"historie",14.17,16.9660297297898,NA,NA,NA
"5807",2024-09-03 09:00:00,"historie",18.61,13.8357735243154,NA,NA,NA
"5808",2024-09-03 10:00:00,"historie",5.89,12.6869941360341,NA,NA,NA
"5809",2024-09-03 11:00:00,"historie",1.45,11.1276269540781,NA,NA,NA
"5810",2024-09-03 12:00:00,"historie",0.8,11.2906450948408,NA,NA,NA
"5811",2024-09-03 13:00:00,"historie",0.62,13.6347828037953,NA,NA,NA
"5812",2024-09-03 14:00:00,"historie",0.31,11.6420210467697,NA,NA,NA
"5813",2024-09-03 15:00:00,"historie",0.87,7.53224846701034,NA,NA,NA
"5814",2024-09-03 16:00:00,"historie",4.69,14.0996658327148,NA,NA,NA
"5815",2024-09-03 17:00:00,"historie",43.49,10.9494561371772,NA,NA,NA
"5816",2024-09-03 18:00:00,"historie",64.95,2.3988103103242,NA,NA,NA
"5817",2024-09-03 19:00:00,"historie",34.59,1.09577138666396,NA,NA,NA
"5818",2024-09-03 20:00:00,"historie",4.31,1.13926399891767,NA,NA,NA
"5819",2024-09-03 21:00:00,"historie",23.65,0.782560856647143,NA,NA,NA
"5820",2024-09-03 22:00:00,"historie",31.29,0.734201025197991,NA,NA,NA
"5821",2024-09-03 23:00:00,"historie",37.17,1.93737716615641,NA,NA,NA
"5822",2024-09-04,"historie",22.99,6.95883792168072,NA,NA,NA
"5823",2024-09-04 01:00:00,"historie",17.23,63.2424382801517,NA,NA,NA
"5824",2024-09-04 02:00:00,"historie",15.88,85.8125238541126,NA,NA,NA
"5825",2024-09-04 03:00:00,"historie",17.78,30.4704208419569,NA,NA,NA
"5826",2024-09-04 04:00:00,"historie",15.95,4.68056189850482,NA,NA,NA
"5827",2024-09-04 05:00:00,"historie",12.97,28.4904787410333,NA,NA,NA
"5828",2024-09-04 06:00:00,"historie",19.6,23.7913161381451,NA,NA,NA
"5829",2024-09-04 07:00:00,"historie",18.17,28.9834419873836,NA,NA,NA
"5830",2024-09-04 08:00:00,"historie",17.83,18.5058679677329,NA,NA,NA
"5831",2024-09-04 09:00:00,"historie",15.05,14.9898802855317,NA,NA,NA
"5832",2024-09-04 10:00:00,"historie",5.93,13.5294190403757,NA,NA,NA
"5833",2024-09-04 11:00:00,"historie",0.68,15.0911773865486,NA,NA,NA
"5834",2024-09-04 12:00:00,"historie",0.04,15.164179330428,NA,NA,NA
"5835",2024-09-04 13:00:00,"historie",0.2,12.4212529702021,NA,NA,NA
"5836",2024-09-04 14:00:00,"historie",0.32,15.5854818352516,NA,NA,NA
"5837",2024-09-04 15:00:00,"historie",0.92,10.4975943996556,NA,NA,NA
"5838",2024-09-04 16:00:00,"historie",1.56,16.951303620792,NA,NA,NA
"5839",2024-09-04 17:00:00,"historie",2.06,8.00056479623601,NA,NA,NA
"5840",2024-09-04 18:00:00,"historie",3.85,2.43124928005225,NA,NA,NA
"5841",2024-09-04 19:00:00,"historie",13.07,0.511254548116345,NA,NA,NA
"5842",2024-09-04 20:00:00,"historie",20.07,0.0722721355889312,NA,NA,NA
"5843",2024-09-04 21:00:00,"historie",8.44,0.435499979206075,NA,NA,NA
"5844",2024-09-04 22:00:00,"historie",6.97,0.860798677872463,NA,NA,NA
"5845",2024-09-04 23:00:00,"historie",7.73,2.28489042297548,NA,NA,NA
"5846",2024-09-05,"historie",7.14,3.26747896048327,NA,NA,NA
"5847",2024-09-05 01:00:00,"historie",6.48,4.43191865514485,NA,NA,NA
"5848",2024-09-05 02:00:00,"historie",7.61,8.98201024503119,NA,NA,NA
"5849",2024-09-05 03:00:00,"historie",17.06,14.541103633478,NA,NA,NA
"5850",2024-09-05 04:00:00,"historie",17.69,28.2605036806317,NA,NA,NA
"5851",2024-09-05 05:00:00,"historie",14.62,7.5683485284331,NA,NA,NA
"5852",2024-09-05 06:00:00,"historie",15.64,8.37294336306802,NA,NA,NA
"5853",2024-09-05 07:00:00,"historie",20.33,8.15573607192072,NA,NA,NA
"5854",2024-09-05 08:00:00,"historie",3.78,8.0430218972446,NA,NA,NA
"5855",2024-09-05 09:00:00,"historie",2.93,7.21981702129966,NA,NA,NA
"5856",2024-09-05 10:00:00,"historie",2.47,8.33921008406176,NA,NA,NA
"5857",2024-09-05 11:00:00,"historie",0.94,16.5870655739754,NA,NA,NA
"5858",2024-09-05 12:00:00,"historie",1.07,15.8702635569365,NA,NA,NA
"5859",2024-09-05 13:00:00,"historie",1.41,14.5642890862864,NA,NA,NA
"5860",2024-09-05 14:00:00,"historie",1.39,12.5820801912968,NA,NA,NA
"5861",2024-09-05 15:00:00,"historie",1.68,13.2619934213575,NA,NA,NA
"5862",2024-09-05 16:00:00,"historie",2.84,3.60931409774243,NA,NA,NA
"5863",2024-09-05 17:00:00,"historie",2.34,2.38541144048617,NA,NA,NA
"5864",2024-09-05 18:00:00,"historie",3.83,1.20904745179134,NA,NA,NA
"5865",2024-09-05 19:00:00,"historie",9.11,0.553654684656512,NA,NA,NA
"5866",2024-09-05 20:00:00,"historie",6.23,1.78026416996908,NA,NA,NA
"5867",2024-09-05 21:00:00,"historie",4.05,1.38059558984828,NA,NA,NA
"5868",2024-09-05 22:00:00,"historie",3.75,2.65478250220446,NA,NA,NA
"5869",2024-09-05 23:00:00,"historie",4.58,2.84247619039331,NA,NA,NA
"5870",2024-09-06,"historie",7.17,4.68088021990488,NA,NA,NA
"5871",2024-09-06 01:00:00,"historie",9.6,4.30693784340585,NA,NA,NA
"5872",2024-09-06 02:00:00,"historie",8.66,9.55887135956833,NA,NA,NA
"5873",2024-09-06 03:00:00,"historie",9.13,11.6298177404845,NA,NA,NA
"5874",2024-09-06 04:00:00,"historie",9.29,7.8172844602938,NA,NA,NA
"5875",2024-09-06 05:00:00,"historie",20.58,4.72976344778048,NA,NA,NA
"5876",2024-09-06 06:00:00,"historie",35.63,5.02135172664279,NA,NA,NA
"5877",2024-09-06 07:00:00,"historie",54.3,5.49406089897066,NA,NA,NA
"5878",2024-09-06 08:00:00,"historie",5.97,8.55327808700245,NA,NA,NA
"5879",2024-09-06 09:00:00,"historie",3.19,10.3086098976539,NA,NA,NA
"5880",2024-09-06 10:00:00,"historie",2.59,9.58800502920108,NA,NA,NA
"5881",2024-09-06 11:00:00,"historie",1.3,9.15907455555852,NA,NA,NA
"5882",2024-09-06 12:00:00,"historie",0.8,9.82348871462737,NA,NA,NA
"5883",2024-09-06 13:00:00,"historie",1.3,22.3020953474201,NA,NA,NA
"5884",2024-09-06 14:00:00,"historie",0.78,26.6886317159546,NA,NA,NA
"5885",2024-09-06 15:00:00,"historie",1.4,23.5608278009249,NA,NA,NA
"5886",2024-09-06 16:00:00,"historie",2.4,4.49474164228284,NA,NA,NA
"5887",2024-09-06 17:00:00,"historie",4.22,2.51519727011978,NA,NA,NA
"5888",2024-09-06 18:00:00,"historie",6.23,1.30928545016025,NA,NA,NA
"5889",2024-09-06 19:00:00,"historie",20.93,0.928314999625901,NA,NA,NA
"5890",2024-09-06 20:00:00,"historie",80.15,1.1782410940667,NA,NA,NA
"5891",2024-09-06 21:00:00,"historie",61.11,1.43378652288438,NA,NA,NA
"5892",2024-09-06 22:00:00,"historie",23.85,1.4192118473005,NA,NA,NA
"5893",2024-09-06 23:00:00,"historie",11.66,2.75207747968587,NA,NA,NA
"5894",2024-09-07,"historie",15.76,3.67163761521733,NA,NA,NA
"5895",2024-09-07 01:00:00,"historie",27,7.63355666566007,NA,NA,NA
"5896",2024-09-07 02:00:00,"historie",27.6,12.6962940032159,NA,NA,NA
"5897",2024-09-07 03:00:00,"historie",31.37,21.422005605898,NA,NA,NA
"5898",2024-09-07 04:00:00,"historie",25.34,70.0027386554908,NA,NA,NA
"5899",2024-09-07 05:00:00,"historie",24.3,35.6197216363855,NA,NA,NA
"5900",2024-09-07 06:00:00,"historie",20.44,17.7927773570556,NA,NA,NA
"5901",2024-09-07 07:00:00,"historie",14.66,10.3781299777728,NA,NA,NA
"5902",2024-09-07 08:00:00,"historie",6.21,16.1298639691607,NA,NA,NA
"5903",2024-09-07 09:00:00,"historie",4.78,23.1708340791153,NA,NA,NA
"5904",2024-09-07 10:00:00,"historie",2.54,22.8587926155344,NA,NA,NA
"5905",2024-09-07 11:00:00,"historie",1.2,23.9710918332777,NA,NA,NA
"5906",2024-09-07 12:00:00,"historie",0.97,22.8056441930199,NA,NA,NA
"5907",2024-09-07 13:00:00,"historie",1.38,23.4796297502212,NA,NA,NA
"5908",2024-09-07 14:00:00,"historie",1.61,17.3241221927843,NA,NA,NA
"5909",2024-09-07 15:00:00,"historie",2.09,6.61304044915001,NA,NA,NA
"5910",2024-09-07 16:00:00,"historie",2.09,5.77631442142367,NA,NA,NA
"5911",2024-09-07 17:00:00,"historie",2.93,3.50486475248377,NA,NA,NA
"5912",2024-09-07 18:00:00,"historie",4.25,1.24537550697156,NA,NA,NA
"5913",2024-09-07 19:00:00,"historie",21.78,0.864143317386191,NA,NA,NA
"5914",2024-09-07 20:00:00,"historie",77.01,1.47097102552214,NA,NA,NA
"5915",2024-09-07 21:00:00,"historie",21.74,1.34887086296104,NA,NA,NA
"5916",2024-09-07 22:00:00,"historie",11.3,2.85078575709944,NA,NA,NA
"5917",2024-09-07 23:00:00,"historie",10.12,3.36202420862004,NA,NA,NA
"5918",2024-09-08,"historie",10.28,3.20604460204391,NA,NA,NA
"5919",2024-09-08 01:00:00,"historie",15.68,5.43713690859742,NA,NA,NA
"5920",2024-09-08 02:00:00,"historie",19.08,10.0458109607943,NA,NA,NA
"5921",2024-09-08 03:00:00,"historie",21.09,29.7875374303283,NA,NA,NA
"5922",2024-09-08 04:00:00,"historie",18.61,65.7166957840187,NA,NA,NA
"5923",2024-09-08 05:00:00,"historie",23.09,12.8867337710993,NA,NA,NA
"5924",2024-09-08 06:00:00,"historie",18.57,10.3226126840949,NA,NA,NA
"5925",2024-09-08 07:00:00,"historie",11.79,10.7327039313908,NA,NA,NA
"5926",2024-09-08 08:00:00,"historie",4.3,11.6168459048288,NA,NA,NA
"5927",2024-09-08 09:00:00,"historie",4.36,15.6828270225682,NA,NA,NA
"5928",2024-09-08 10:00:00,"historie",2.86,18.6063571313206,NA,NA,NA
"5929",2024-09-08 11:00:00,"historie",0.97,17.5978469382537,NA,NA,NA
"5930",2024-09-08 12:00:00,"historie",0.73,17.9509036337706,NA,NA,NA
"5931",2024-09-08 13:00:00,"historie",0.71,22.5490151904403,NA,NA,NA
"5932",2024-09-08 14:00:00,"historie",0.71,15.0069907152771,NA,NA,NA
"5933",2024-09-08 15:00:00,"historie",1.62,5.84066954518187,NA,NA,NA
"5934",2024-09-08 16:00:00,"historie",2.97,4.17393006305885,NA,NA,NA
"5935",2024-09-08 17:00:00,"historie",8.08,3.32671260047176,NA,NA,NA
"5936",2024-09-08 18:00:00,"historie",32.52,1.43641543233178,NA,NA,NA
"5937",2024-09-08 19:00:00,"historie",49.54,0.719640826019641,NA,NA,NA
"5938",2024-09-08 20:00:00,"historie",25.56,1.17427547600273,NA,NA,NA
"5939",2024-09-08 21:00:00,"historie",3.67,0.809511798206093,NA,NA,NA
"5940",2024-09-08 22:00:00,"historie",3.75,1.430084538619,NA,NA,NA
"5941",2024-09-08 23:00:00,"historie",4.36,2.87059972375818,NA,NA,NA
"5942",2024-09-09,"historie",7.23,4.49819187122765,NA,NA,NA
"5943",2024-09-09 01:00:00,"historie",22.88,12.6294061249073,NA,NA,NA
"5944",2024-09-09 02:00:00,"historie",59.67,61.1812771800113,NA,NA,NA
"5945",2024-09-09 03:00:00,"historie",46.89,47.7180462651767,NA,NA,NA
"5946",2024-09-09 04:00:00,"historie",50.74,17.8857320591906,NA,NA,NA
"5947",2024-09-09 05:00:00,"historie",42.65,3.09944893171065,NA,NA,NA
"5948",2024-09-09 06:00:00,"historie",23.7,5.12014353062109,NA,NA,NA
"5949",2024-09-09 07:00:00,"historie",15.54,5.57385485847167,NA,NA,NA
"5950",2024-09-09 08:00:00,"historie",6.8,9.87144203795477,NA,NA,NA
"5951",2024-09-09 09:00:00,"historie",7.26,23.996566272012,NA,NA,NA
"5952",2024-09-09 10:00:00,"historie",11.29,50.2280552636877,NA,NA,NA
"5953",2024-09-09 11:00:00,"historie",10.55,30.0539187292893,NA,NA,NA
"5954",2024-09-09 12:00:00,"historie",6.08,42.4098619235088,NA,NA,NA
"5955",2024-09-09 13:00:00,"historie",2.61,32.2833592719943,NA,NA,NA
"5956",2024-09-09 14:00:00,"historie",2.27,16.732589639991,NA,NA,NA
"5957",2024-09-09 15:00:00,"historie",2,7.18991957312805,NA,NA,NA
"5958",2024-09-09 16:00:00,"historie",2.63,6.1875940914162,NA,NA,NA
"5959",2024-09-09 17:00:00,"historie",7.35,4.95217405891676,NA,NA,NA
"5960",2024-09-09 18:00:00,"historie",10.48,4.69381375582256,NA,NA,NA
"5961",2024-09-09 19:00:00,"historie",17.75,5.34441680408274,NA,NA,NA
"5962",2024-09-09 20:00:00,"historie",25.06,5.15569253467608,NA,NA,NA
"5963",2024-09-09 21:00:00,"historie",21.31,1.93097220770863,NA,NA,NA
"5964",2024-09-09 22:00:00,"historie",12.98,3.62033265997643,NA,NA,NA
"5965",2024-09-09 23:00:00,"historie",11.87,2.91304907173748,NA,NA,NA
"5966",2024-09-10,"historie",11.03,4.40862629197685,NA,NA,NA
"5967",2024-09-10 01:00:00,"historie",9.79,13.7149356080069,NA,NA,NA
"5968",2024-09-10 02:00:00,"historie",7.91,19.4964912381765,NA,NA,NA
"5969",2024-09-10 03:00:00,"historie",8.17,20.1054135402682,NA,NA,NA
"5970",2024-09-10 04:00:00,"historie",9.47,17.0449422582435,NA,NA,NA
"5971",2024-09-10 05:00:00,"historie",9.06,16.5464852848515,NA,NA,NA
"5972",2024-09-10 06:00:00,"historie",10.87,11.1167034696043,NA,NA,NA
"5973",2024-09-10 07:00:00,"historie",13.24,12.4622495702581,NA,NA,NA
"5974",2024-09-10 08:00:00,"historie",10.26,13.7774207104437,NA,NA,NA
"5975",2024-09-10 09:00:00,"historie",7.02,11.570360027479,NA,NA,NA
"5976",2024-09-10 10:00:00,"historie",5.2,8.83145647133451,NA,NA,NA
"5977",2024-09-10 11:00:00,"historie",2.81,9.23966188223317,NA,NA,NA
"5978",2024-09-10 12:00:00,"historie",2.16,11.3994114488742,NA,NA,NA
"5979",2024-09-10 13:00:00,"historie",2.1,9.61863791471785,NA,NA,NA
"5980",2024-09-10 14:00:00,"historie",1.91,10.4704835909251,NA,NA,NA
"5981",2024-09-10 15:00:00,"historie",2.4,7.05329304077968,NA,NA,NA
"5982",2024-09-10 16:00:00,"historie",3.22,9.43574664090255,NA,NA,NA
"5983",2024-09-10 17:00:00,"historie",7.01,5.04953047523507,NA,NA,NA
"5984",2024-09-10 18:00:00,"historie",8.95,2.7360678259126,NA,NA,NA
"5985",2024-09-10 19:00:00,"historie",17.18,1.86975577944935,NA,NA,NA
"5986",2024-09-10 20:00:00,"historie",27.64,2.30057341363832,NA,NA,NA
"5987",2024-09-10 21:00:00,"historie",32.57,1.95617602998423,NA,NA,NA
"5988",2024-09-10 22:00:00,"historie",27.89,2.81829298524014,NA,NA,NA
"5989",2024-09-10 23:00:00,"historie",22.95,3.54565148684646,NA,NA,NA
"5990",2024-09-11,"historie",20.14,5.37891996176042,NA,NA,NA
"5991",2024-09-11 01:00:00,"historie",24.62,11.6616446998557,NA,NA,NA
"5992",2024-09-11 02:00:00,"historie",20.43,16.6049507611408,NA,NA,NA
"5993",2024-09-11 03:00:00,"historie",12.01,21.1113496929055,NA,NA,NA
"5994",2024-09-11 04:00:00,"historie",7.47,20.6645001427313,NA,NA,NA
"5995",2024-09-11 05:00:00,"historie",8.39,23.2981755372309,NA,NA,NA
"5996",2024-09-11 06:00:00,"historie",9.6,21.4077953101274,NA,NA,NA
"5997",2024-09-11 07:00:00,"historie",8.68,19.5024142429349,NA,NA,NA
"5998",2024-09-11 08:00:00,"historie",5.62,19.9510669038376,NA,NA,NA
"5999",2024-09-11 09:00:00,"historie",4.07,22.6747128422243,NA,NA,NA
"6000",2024-09-11 10:00:00,"historie",3.88,17.9333349513773,NA,NA,NA
"6001",2024-09-11 11:00:00,"historie",2.92,11.0731879680128,NA,NA,NA
"6002",2024-09-11 12:00:00,"historie",3.2,8.34364374145776,NA,NA,NA
"6003",2024-09-11 13:00:00,"historie",3.98,9.79499204826606,NA,NA,NA
"6004",2024-09-11 14:00:00,"historie",5.9,9.7046529320321,NA,NA,NA
"6005",2024-09-11 15:00:00,"historie",6.4,5.25571806708928,NA,NA,NA
"6006",2024-09-11 16:00:00,"historie",9.49,5.51430107941789,NA,NA,NA
"6007",2024-09-11 17:00:00,"historie",25.31,3.32369812810887,NA,NA,NA
"6008",2024-09-11 18:00:00,"historie",35.7,2.28287155721915,NA,NA,NA
"6009",2024-09-11 19:00:00,"historie",30.09,2.10308691767632,NA,NA,NA
"6010",2024-09-11 20:00:00,"historie",21.21,3.34605342614771,NA,NA,NA
"6011",2024-09-11 21:00:00,"historie",16.93,3.33705147523352,NA,NA,NA
"6012",2024-09-11 22:00:00,"historie",12.78,7.2634173143036,NA,NA,NA
"6013",2024-09-11 23:00:00,"historie",11.83,7.15412143914036,NA,NA,NA
"6014",2024-09-12,"historie",9.35,12.949864569427,NA,NA,NA
"6015",2024-09-12 01:00:00,"historie",6.79,30.9995540480714,NA,NA,NA
"6016",2024-09-12 02:00:00,"historie",6.82,48.1690851496935,NA,NA,NA
"6017",2024-09-12 03:00:00,"historie",9.68,28.7568325323937,NA,NA,NA
"6018",2024-09-12 04:00:00,"historie",10.01,16.1505233644846,NA,NA,NA
"6019",2024-09-12 05:00:00,"historie",10.66,14.036908548215,NA,NA,NA
"6020",2024-09-12 06:00:00,"historie",10.94,11.7156637572911,NA,NA,NA
"6021",2024-09-12 07:00:00,"historie",9.14,12.0878572143044,NA,NA,NA
"6022",2024-09-12 08:00:00,"historie",9.13,11.1798323090965,NA,NA,NA
"6023",2024-09-12 09:00:00,"historie",7.47,7.64363611539461,NA,NA,NA
"6024",2024-09-12 10:00:00,"historie",4.64,7.66006309473075,NA,NA,NA
"6025",2024-09-12 11:00:00,"historie",2.59,10.1938848671063,NA,NA,NA
"6026",2024-09-12 12:00:00,"historie",2.22,11.1253760163076,NA,NA,NA
"6027",2024-09-12 13:00:00,"historie",2.21,11.4029056185015,NA,NA,NA
"6028",2024-09-12 14:00:00,"historie",3.7,10.3224535233462,NA,NA,NA
"6029",2024-09-12 15:00:00,"historie",5.12,5.49339981801654,NA,NA,NA
"6030",2024-09-12 16:00:00,"historie",6.38,8.37074471442477,NA,NA,NA
"6031",2024-09-12 17:00:00,"historie",7.87,5.48967061617609,NA,NA,NA
"6032",2024-09-12 18:00:00,"historie",26.73,2.57409578428241,NA,NA,NA
"6033",2024-09-12 19:00:00,"historie",24.17,2.00027856541897,NA,NA,NA
"6034",2024-09-12 20:00:00,"historie",19.17,2.53461348720852,NA,NA,NA
"6035",2024-09-12 21:00:00,"historie",19.71,2.2835386683101,NA,NA,NA
"6036",2024-09-12 22:00:00,"historie",26.16,5.16902753416173,NA,NA,NA
"6037",2024-09-12 23:00:00,"historie",23.43,6.57234535570587,NA,NA,NA
"6038",2024-09-13,"historie",20.66,9.99797168806787,NA,NA,NA
"6039",2024-09-13 01:00:00,"historie",16.47,11.3489223844625,NA,NA,NA
"6040",2024-09-13 02:00:00,"historie",12.82,42.4904270882508,NA,NA,NA
"6041",2024-09-13 03:00:00,"historie",11.14,22.1201405421557,NA,NA,NA
"6042",2024-09-13 04:00:00,"historie",7.63,15.3141535887342,NA,NA,NA
"6043",2024-09-13 05:00:00,"historie",5.42,16.14705080973,NA,NA,NA
"6044",2024-09-13 06:00:00,"historie",10.43,22.3219636965424,NA,NA,NA
"6045",2024-09-13 07:00:00,"historie",15.47,19.0995558290789,NA,NA,NA
"6046",2024-09-13 08:00:00,"historie",12.79,19.3179408601805,NA,NA,NA
"6047",2024-09-13 09:00:00,"historie",8.26,15.0355816541928,NA,NA,NA
"6048",2024-09-13 10:00:00,"historie",7.35,12.4521253675475,NA,NA,NA
"6049",2024-09-13 11:00:00,"historie",7.14,10.636130920101,NA,NA,NA
"6050",2024-09-13 12:00:00,"historie",14.35,8.44842942631075,NA,NA,NA
"6051",2024-09-13 13:00:00,"historie",15.5,6.33065744690618,NA,NA,NA
"6052",2024-09-13 14:00:00,"historie",8.8,11.1437017759515,NA,NA,NA
"6053",2024-09-13 15:00:00,"historie",11.01,9.71527840596803,NA,NA,NA
"6054",2024-09-13 16:00:00,"historie",17.53,10.249454032674,NA,NA,NA
"6055",2024-09-13 17:00:00,"historie",16.22,5.62722010830697,NA,NA,NA
"6056",2024-09-13 18:00:00,"historie",15.56,4.0022501074352,NA,NA,NA
"6057",2024-09-13 19:00:00,"historie",13.92,4.82943658614105,NA,NA,NA
"6058",2024-09-13 20:00:00,"historie",12.64,11.9693379771524,NA,NA,NA
"6059",2024-09-13 21:00:00,"historie",13.12,10.7710808635401,NA,NA,NA
"6060",2024-09-13 22:00:00,"historie",10.53,8.37199900677776,NA,NA,NA
"6061",2024-09-13 23:00:00,"historie",8.52,12.0238794753962,NA,NA,NA
"6062",2024-09-14,"historie",8.44,21.1379737846495,NA,NA,NA
"6063",2024-09-14 01:00:00,"historie",11.82,20.9709818973484,NA,NA,NA
"6064",2024-09-14 02:00:00,"historie",9.78,20.777960721541,NA,NA,NA
"6065",2024-09-14 03:00:00,"historie",9.04,14.9335284754988,NA,NA,NA
"6066",2024-09-14 04:00:00,"historie",14.95,11.7270848444844,NA,NA,NA
"6067",2024-09-14 05:00:00,"historie",9.46,12.7784412890278,NA,NA,NA
"6068",2024-09-14 06:00:00,"historie",5.96,10.2080219660602,NA,NA,NA
"6069",2024-09-14 07:00:00,"historie",5.55,8.97720721151228,NA,NA,NA
"6070",2024-09-14 08:00:00,"historie",6.1,9.7823202045095,NA,NA,NA
"6071",2024-09-14 09:00:00,"historie",10.36,12.5455722348746,NA,NA,NA
"6072",2024-09-14 10:00:00,"historie",14.41,9.73077879050016,NA,NA,NA
"6073",2024-09-14 11:00:00,"historie",11.3,8.74751506750986,NA,NA,NA
"6074",2024-09-14 12:00:00,"historie",7.63,15.4611846535348,NA,NA,NA
"6075",2024-09-14 13:00:00,"historie",9.44,9.89634743066148,NA,NA,NA
"6076",2024-09-14 14:00:00,"historie",6.39,6.34580105878492,NA,NA,NA
"6077",2024-09-14 15:00:00,"historie",5.19,4.40536823635364,NA,NA,NA
"6078",2024-09-14 16:00:00,"historie",6.1,5.99366765912659,NA,NA,NA
"6079",2024-09-14 17:00:00,"historie",6.65,8.31108531938991,NA,NA,NA
"6080",2024-09-14 18:00:00,"historie",8.19,7.82633576192815,NA,NA,NA
"6081",2024-09-14 19:00:00,"historie",15.49,7.81514781294165,NA,NA,NA
"6082",2024-09-14 20:00:00,"historie",18.56,6.44364352979874,NA,NA,NA
"6083",2024-09-14 21:00:00,"historie",16.58,7.59152515855485,NA,NA,NA
"6084",2024-09-14 22:00:00,"historie",14.67,6.9538777130542,NA,NA,NA
"6085",2024-09-14 23:00:00,"historie",18.32,6.59634697733111,NA,NA,NA
"6086",2024-09-15,"historie",21.68,8.70774475834783,NA,NA,NA
"6087",2024-09-15 01:00:00,"historie",20.95,10.0594467447104,NA,NA,NA
"6088",2024-09-15 02:00:00,"historie",17.73,12.4626166704762,NA,NA,NA
"6089",2024-09-15 03:00:00,"historie",16.77,17.9689439728626,NA,NA,NA
"6090",2024-09-15 04:00:00,"historie",15.94,16.2733746349511,NA,NA,NA
"6091",2024-09-15 05:00:00,"historie",10.45,14.1873804896262,NA,NA,NA
"6092",2024-09-15 06:00:00,"historie",9.96,13.1408241031599,NA,NA,NA
"6093",2024-09-15 07:00:00,"historie",8.14,17.192950104183,NA,NA,NA
"6094",2024-09-15 08:00:00,"historie",8.65,21.1844563374744,NA,NA,NA
"6095",2024-09-15 09:00:00,"historie",14.38,17.5665474316489,NA,NA,NA
"6096",2024-09-15 10:00:00,"historie",13.34,15.5612686681372,NA,NA,NA
"6097",2024-09-15 11:00:00,"historie",9.1,15.468081158162,NA,NA,NA
"6098",2024-09-15 12:00:00,"historie",11.41,13.8467439684218,NA,NA,NA
"6099",2024-09-15 13:00:00,"historie",28.21,9.97714363427851,NA,NA,NA
"6100",2024-09-15 14:00:00,"historie",26.68,9.76835481594921,NA,NA,NA
"6101",2024-09-15 15:00:00,"historie",27.18,5.98931765961908,NA,NA,NA
"6102",2024-09-15 16:00:00,"historie",21.54,8.63127160578772,NA,NA,NA
"6103",2024-09-15 17:00:00,"historie",25.04,11.5607865286487,NA,NA,NA
"6104",2024-09-15 18:00:00,"historie",11.67,7.24556599273185,NA,NA,NA
"6105",2024-09-15 19:00:00,"historie",7.8,6.35743988442001,NA,NA,NA
"6106",2024-09-15 20:00:00,"historie",10.17,10.4063702229472,NA,NA,NA
"6107",2024-09-15 21:00:00,"historie",5.63,19.3197510647945,NA,NA,NA
"6108",2024-09-15 22:00:00,"historie",6.51,20.5853123623807,NA,NA,NA
"6109",2024-09-15 23:00:00,"historie",9.11,23.7822765000704,NA,NA,NA
"6110",2024-09-16,"historie",10.26,20.5169165413331,NA,NA,NA
"6111",2024-09-16 01:00:00,"historie",18.91,27.8900642067307,NA,NA,NA
"6112",2024-09-16 02:00:00,"historie",19.66,14.1594788573861,NA,NA,NA
"6113",2024-09-16 03:00:00,"historie",25.18,9.2416640295137,NA,NA,NA
"6114",2024-09-16 04:00:00,"historie",20.69,10.7721624852361,NA,NA,NA
"6115",2024-09-16 05:00:00,"historie",31.15,5.68255213253199,NA,NA,NA
"6116",2024-09-16 06:00:00,"historie",21.15,8.00560430595296,NA,NA,NA
"6117",2024-09-16 07:00:00,"historie",23.55,10.4635321101002,NA,NA,NA
"6118",2024-09-16 08:00:00,"historie",26.09,11.6483121603673,NA,NA,NA
"6119",2024-09-16 09:00:00,"historie",22.81,18.4631007544905,NA,NA,NA
"6120",2024-09-16 10:00:00,"historie",17.97,17.230240533732,NA,NA,NA
"6121",2024-09-16 11:00:00,"historie",5.75,21.9794654999371,NA,NA,NA
"6122",2024-09-16 12:00:00,"historie",3.5,15.9049952918633,NA,NA,NA
"6123",2024-09-16 13:00:00,"historie",2.75,27.5286805604922,NA,NA,NA
"6124",2024-09-16 14:00:00,"historie",4.45,15.4531269743449,NA,NA,NA
"6125",2024-09-16 15:00:00,"historie",8.63,15.5065592779453,NA,NA,NA
"6126",2024-09-16 16:00:00,"historie",5.92,21.1669892760061,NA,NA,NA
"6127",2024-09-16 17:00:00,"historie",10.2,14.8326248498364,NA,NA,NA
"6128",2024-09-16 18:00:00,"historie",18.4,9.43269839766557,NA,NA,NA
"6129",2024-09-16 19:00:00,"historie",15.33,4.29973797960454,NA,NA,NA
"6130",2024-09-16 20:00:00,"historie",13.25,4.37869051513463,NA,NA,NA
"6131",2024-09-16 21:00:00,"historie",22.74,2.86850114257456,NA,NA,NA
"6132",2024-09-16 22:00:00,"historie",27.05,6.2992619073005,NA,NA,NA
"6133",2024-09-16 23:00:00,"historie",19.41,10.5625106829775,NA,NA,NA
"6134",2024-09-17,"historie",14.16,7.52694583180374,NA,NA,NA
"6135",2024-09-17 01:00:00,"historie",9.25,13.2819475566287,NA,NA,NA
"6136",2024-09-17 02:00:00,"historie",5.15,22.5843611236885,NA,NA,NA
"6137",2024-09-17 03:00:00,"historie",5.19,15.5135938918897,NA,NA,NA
"6138",2024-09-17 04:00:00,"historie",4.99,11.1692708937965,NA,NA,NA
"6139",2024-09-17 05:00:00,"historie",4.42,21.2261545448473,NA,NA,NA
"6140",2024-09-17 06:00:00,"historie",5.08,23.0813856226239,NA,NA,NA
"6141",2024-09-17 07:00:00,"historie",6.5,16.5917455316691,NA,NA,NA
"6142",2024-09-17 08:00:00,"historie",4.36,15.181424121719,NA,NA,NA
"6143",2024-09-17 09:00:00,"historie",4.24,9.02424688553443,NA,NA,NA
"6144",2024-09-17 10:00:00,"historie",3.42,6.03420404910227,NA,NA,NA
"6145",2024-09-17 11:00:00,"historie",1.93,6.27471585612959,NA,NA,NA
"6146",2024-09-17 12:00:00,"historie",2.19,6.17854806877219,NA,NA,NA
"6147",2024-09-17 13:00:00,"historie",2.8,5.30037817036186,NA,NA,NA
"6148",2024-09-17 14:00:00,"historie",3.49,6.23867932660553,NA,NA,NA
"6149",2024-09-17 15:00:00,"historie",4.23,6.1825324957946,NA,NA,NA
"6150",2024-09-17 16:00:00,"historie",4.57,4.83293268255456,NA,NA,NA
"6151",2024-09-17 17:00:00,"historie",4.08,4.34650911369175,NA,NA,NA
"6152",2024-09-17 18:00:00,"historie",7.52,2.44298370425503,NA,NA,NA
"6153",2024-09-17 19:00:00,"historie",21.19,1.96834955051639,NA,NA,NA
"6154",2024-09-17 20:00:00,"historie",44.39,2.99956772741047,NA,NA,NA
"6155",2024-09-17 21:00:00,"historie",52.78,3.32558295722988,NA,NA,NA
"6156",2024-09-17 22:00:00,"historie",36.76,5.10715535587435,NA,NA,NA
"6157",2024-09-17 23:00:00,"historie",35.21,5.23687866718747,NA,NA,NA
"6158",2024-09-18,"historie",26.77,7.05184458761818,NA,NA,NA
"6159",2024-09-18 01:00:00,"historie",17.16,6.1491761835985,NA,NA,NA
"6160",2024-09-18 02:00:00,"historie",13.79,11.237908823858,NA,NA,NA
"6161",2024-09-18 03:00:00,"historie",11.99,23.8416234053942,NA,NA,NA
"6162",2024-09-18 04:00:00,"historie",13.98,36.2355963786251,NA,NA,NA
"6163",2024-09-18 05:00:00,"historie",20.17,38.3100419516199,NA,NA,NA
"6164",2024-09-18 06:00:00,"historie",23.3,26.2877435989653,NA,NA,NA
"6165",2024-09-18 07:00:00,"historie",19.07,27.458101750843,NA,NA,NA
"6166",2024-09-18 08:00:00,"historie",24.78,22.2765992483879,NA,NA,NA
"6167",2024-09-18 09:00:00,"historie",13.12,13.2842065562789,NA,NA,NA
"6168",2024-09-18 10:00:00,"historie",2.37,13.2379164857365,NA,NA,NA
"6169",2024-09-18 11:00:00,"historie",1.14,11.0926460237271,NA,NA,NA
"6170",2024-09-18 12:00:00,"historie",0.74,13.2543951262032,NA,NA,NA
"6171",2024-09-18 13:00:00,"historie",0.75,18.4789921338994,NA,NA,NA
"6172",2024-09-18 14:00:00,"historie",2.02,19.6382645531561,NA,NA,NA
"6173",2024-09-18 15:00:00,"historie",6.36,12.2852351490403,NA,NA,NA
"6174",2024-09-18 16:00:00,"historie",5.94,20.5764658789829,NA,NA,NA
"6175",2024-09-18 17:00:00,"historie",12.63,8.64962607008042,NA,NA,NA
"6176",2024-09-18 18:00:00,"historie",39.95,1.45101294988967,NA,NA,NA
"6177",2024-09-18 19:00:00,"historie",38.77,1.38949251481724,NA,NA,NA
"6178",2024-09-18 20:00:00,"historie",31.89,1.17747941642735,NA,NA,NA
"6179",2024-09-18 21:00:00,"historie",23.6,1.18673262476254,NA,NA,NA
"6180",2024-09-18 22:00:00,"historie",14.93,3.71651017760941,NA,NA,NA
"6181",2024-09-18 23:00:00,"historie",17.65,8.26601139178292,NA,NA,NA
"6182",2024-09-19,"historie",30.06,7.37288198348851,NA,NA,NA
"6183",2024-09-19 01:00:00,"historie",24.64,17.6731703087379,NA,NA,NA
"6184",2024-09-19 02:00:00,"historie",19.97,47.8021987999328,NA,NA,NA
"6185",2024-09-19 03:00:00,"historie",19.07,34.0641811138599,NA,NA,NA
"6186",2024-09-19 04:00:00,"historie",19.44,25.8007858355225,NA,NA,NA
"6187",2024-09-19 05:00:00,"historie",30.37,19.202077120688,NA,NA,NA
"6188",2024-09-19 06:00:00,"historie",29.62,13.7717626088033,NA,NA,NA
"6189",2024-09-19 07:00:00,"historie",23.99,16.8056229399484,NA,NA,NA
"6190",2024-09-19 08:00:00,"historie",17.59,27.1844970070385,NA,NA,NA
"6191",2024-09-19 09:00:00,"historie",3.59,18.2603095225736,NA,NA,NA
"6192",2024-09-19 10:00:00,"historie",2.86,17.3654490078886,NA,NA,NA
"6193",2024-09-19 11:00:00,"historie",1.06,16.8598031306634,NA,NA,NA
"6194",2024-09-19 12:00:00,"historie",1.02,17.9076609735768,NA,NA,NA
"6195",2024-09-19 13:00:00,"historie",2.22,26.8374251594492,NA,NA,NA
"6196",2024-09-19 14:00:00,"historie",3.34,22.6430062867792,NA,NA,NA
"6197",2024-09-19 15:00:00,"historie",5.14,16.7242676798034,NA,NA,NA
"6198",2024-09-19 16:00:00,"historie",9.21,13.3285755180539,NA,NA,NA
"6199",2024-09-19 17:00:00,"historie",15.96,2.29089060187444,NA,NA,NA
"6200",2024-09-19 18:00:00,"historie",25.27,2.24413602027236,NA,NA,NA
"6201",2024-09-19 19:00:00,"historie",33.68,1.06565010971989,NA,NA,NA
"6202",2024-09-19 20:00:00,"historie",12.28,1.56287888283812,NA,NA,NA
"6203",2024-09-19 21:00:00,"historie",14.05,3.346972396577,NA,NA,NA
"6204",2024-09-19 22:00:00,"historie",17.82,5.24242874949027,NA,NA,NA
"6205",2024-09-19 23:00:00,"historie",29.54,6.11158364647297,NA,NA,NA
"6206",2024-09-20,"historie",30.96,13.1173240612218,NA,NA,NA
"6207",2024-09-20 01:00:00,"historie",26.64,22.0490017940483,NA,NA,NA
"6208",2024-09-20 02:00:00,"historie",20.43,28.3417138658649,NA,NA,NA
"6209",2024-09-20 03:00:00,"historie",17.39,32.0101860863267,NA,NA,NA
"6210",2024-09-20 04:00:00,"historie",15.98,10.203210450149,NA,NA,NA
"6211",2024-09-20 05:00:00,"historie",17.61,13.9772411992446,NA,NA,NA
"6212",2024-09-20 06:00:00,"historie",27.66,17.885847536211,NA,NA,NA
"6213",2024-09-20 07:00:00,"historie",25.74,28.3810790471157,NA,NA,NA
"6214",2024-09-20 08:00:00,"historie",14.41,25.0727188484224,NA,NA,NA
"6215",2024-09-20 09:00:00,"historie",10.11,20.3081725725871,NA,NA,NA
"6216",2024-09-20 10:00:00,"historie",3.89,17.657160257108,NA,NA,NA
"6217",2024-09-20 11:00:00,"historie",1.24,15.6600400332025,NA,NA,NA
"6218",2024-09-20 12:00:00,"historie",1.13,16.1906967677061,NA,NA,NA
"6219",2024-09-20 13:00:00,"historie",1.51,16.7251659889248,NA,NA,NA
"6220",2024-09-20 14:00:00,"historie",2.18,23.9589641614979,NA,NA,NA
"6221",2024-09-20 15:00:00,"historie",5.52,17.4714990971543,NA,NA,NA
"6222",2024-09-20 16:00:00,"historie",7.77,9.06710000799662,NA,NA,NA
"6223",2024-09-20 17:00:00,"historie",6.09,7.02419424403483,NA,NA,NA
"6224",2024-09-20 18:00:00,"historie",11.4,2.16388233961111,NA,NA,NA
"6225",2024-09-20 19:00:00,"historie",27.18,1.25328601397579,NA,NA,NA
"6226",2024-09-20 20:00:00,"historie",26,1.79626491978594,NA,NA,NA
"6227",2024-09-20 21:00:00,"historie",23.53,2.25579862139857,NA,NA,NA
"6228",2024-09-20 22:00:00,"historie",12.99,3.73581172141776,NA,NA,NA
"6229",2024-09-20 23:00:00,"historie",11.42,7.62786958503694,NA,NA,NA
"6230",2024-09-21,"historie",21.14,10.8752297179289,NA,NA,NA
"6231",2024-09-21 01:00:00,"historie",24.53,9.08551518452784,NA,NA,NA
"6232",2024-09-21 02:00:00,"historie",24.16,16.729048267132,NA,NA,NA
"6233",2024-09-21 03:00:00,"historie",21.51,25.6265533357075,NA,NA,NA
"6234",2024-09-21 04:00:00,"historie",21.97,22.303857984408,NA,NA,NA
"6235",2024-09-21 05:00:00,"historie",22.59,20.1771221367805,NA,NA,NA
"6236",2024-09-21 06:00:00,"historie",22.83,13.1255478553262,NA,NA,NA
"6237",2024-09-21 07:00:00,"historie",20.68,12.4442226324173,NA,NA,NA
"6238",2024-09-21 08:00:00,"historie",13.93,21.3619912699744,NA,NA,NA
"6239",2024-09-21 09:00:00,"historie",10.05,19.5308272848093,NA,NA,NA
"6240",2024-09-21 10:00:00,"historie",4.03,20.743572410226,NA,NA,NA
"6241",2024-09-21 11:00:00,"historie",0.73,18.3741182460244,NA,NA,NA
"6242",2024-09-21 12:00:00,"historie",0.67,20.8909077083972,NA,NA,NA
"6243",2024-09-21 13:00:00,"historie",1.55,21.3894806866267,NA,NA,NA
"6244",2024-09-21 14:00:00,"historie",1.72,19.3274088136685,NA,NA,NA
"6245",2024-09-21 15:00:00,"historie",3.84,14.5394023489392,NA,NA,NA
"6246",2024-09-21 16:00:00,"historie",8.47,9.75649291422139,NA,NA,NA
"6247",2024-09-21 17:00:00,"historie",6.14,6.39868272161266,NA,NA,NA
"6248",2024-09-21 18:00:00,"historie",24.04,2.15882224646645,NA,NA,NA
"6249",2024-09-21 19:00:00,"historie",73.06,0.748732228022876,NA,NA,NA
"6250",2024-09-21 20:00:00,"historie",72.2,1.19024457371996,NA,NA,NA
"6251",2024-09-21 21:00:00,"historie",59.45,2.52538287620719,NA,NA,NA
"6252",2024-09-21 22:00:00,"historie",53.49,3.07827457634733,NA,NA,NA
"6253",2024-09-21 23:00:00,"historie",42.28,5.69065719197507,NA,NA,NA
"6254",2024-09-22,"historie",30.37,11.4140973809883,NA,NA,NA
"6255",2024-09-22 01:00:00,"historie",26.64,9.01719880176492,NA,NA,NA
"6256",2024-09-22 02:00:00,"historie",21.07,36.3258544739795,NA,NA,NA
"6257",2024-09-22 03:00:00,"historie",16.71,57.4856987853873,NA,NA,NA
"6258",2024-09-22 04:00:00,"historie",15.09,48.9589990919144,NA,NA,NA
"6259",2024-09-22 05:00:00,"historie",17.23,37.5912460217031,NA,NA,NA
"6260",2024-09-22 06:00:00,"historie",14.99,41.0102341382702,NA,NA,NA
"6261",2024-09-22 07:00:00,"historie",12.85,35.2375063638066,NA,NA,NA
"6262",2024-09-22 08:00:00,"historie",12.61,24.4530603436378,NA,NA,NA
"6263",2024-09-22 09:00:00,"historie",7.28,21.2444176647418,NA,NA,NA
"6264",2024-09-22 10:00:00,"historie",4.25,18.0779219424018,NA,NA,NA
"6265",2024-09-22 11:00:00,"historie",1.07,15.3308070916632,NA,NA,NA
"6266",2024-09-22 12:00:00,"historie",1.34,15.4187307199593,NA,NA,NA
"6267",2024-09-22 13:00:00,"historie",1.96,17.57732443668,NA,NA,NA
"6268",2024-09-22 14:00:00,"historie",2.43,13.6278921507115,NA,NA,NA
"6269",2024-09-22 15:00:00,"historie",5.54,10.1052965577752,NA,NA,NA
"6270",2024-09-22 16:00:00,"historie",12.51,9.75295912102006,NA,NA,NA
"6271",2024-09-22 17:00:00,"historie",8.78,4.54131392688972,NA,NA,NA
"6272",2024-09-22 18:00:00,"historie",35.34,2.15896746832862,NA,NA,NA
"6273",2024-09-22 19:00:00,"historie",50.45,1.04301636411308,NA,NA,NA
"6274",2024-09-22 20:00:00,"historie",51.03,2.23407262333118,NA,NA,NA
"6275",2024-09-22 21:00:00,"historie",39.82,2.61753408034537,NA,NA,NA
"6276",2024-09-22 22:00:00,"historie",29.61,4.26067314566311,NA,NA,NA
"6277",2024-09-22 23:00:00,"historie",23.72,7.98667970081362,NA,NA,NA
"6278",2024-09-23,"historie",22.56,14.3612907733733,NA,NA,NA
"6279",2024-09-23 01:00:00,"historie",16.1,13.4396744449872,NA,NA,NA
"6280",2024-09-23 02:00:00,"historie",13.94,53.2548868005057,NA,NA,NA
"6281",2024-09-23 03:00:00,"historie",12.63,39.0285693451507,NA,NA,NA
"6282",2024-09-23 04:00:00,"historie",11.77,39.9160519440366,NA,NA,NA
"6283",2024-09-23 05:00:00,"historie",15.75,29.1327482195644,NA,NA,NA
"6284",2024-09-23 06:00:00,"historie",15,25.395005686387,NA,NA,NA
"6285",2024-09-23 07:00:00,"historie",16.41,21.7737695239426,NA,NA,NA
"6286",2024-09-23 08:00:00,"historie",16.1,20.5354395305437,NA,NA,NA
"6287",2024-09-23 09:00:00,"historie",18.96,13.6216634243756,NA,NA,NA
"6288",2024-09-23 10:00:00,"historie",16.38,13.3242758098517,NA,NA,NA
"6289",2024-09-23 11:00:00,"historie",2.46,12.4525154407722,NA,NA,NA
"6290",2024-09-23 12:00:00,"historie",2.13,12.88793798158,NA,NA,NA
"6291",2024-09-23 13:00:00,"historie",2.12,16.3651043247794,NA,NA,NA
"6292",2024-09-23 14:00:00,"historie",1.87,13.5992716607457,NA,NA,NA
"6293",2024-09-23 15:00:00,"historie",4.6,13.2379193680377,NA,NA,NA
"6294",2024-09-23 16:00:00,"historie",6.14,11.1951201924459,NA,NA,NA
"6295",2024-09-23 17:00:00,"historie",13.11,11.0304183552328,NA,NA,NA
"6296",2024-09-23 18:00:00,"historie",31.56,6.09053930294027,NA,NA,NA
"6297",2024-09-23 19:00:00,"historie",49.16,1.88238993997752,NA,NA,NA
"6298",2024-09-23 20:00:00,"historie",59.15,2.97989929568614,NA,NA,NA
"6299",2024-09-23 21:00:00,"historie",48.28,2.64505291821111,NA,NA,NA
"6300",2024-09-23 22:00:00,"historie",37.35,3.41544213728589,NA,NA,NA
"6301",2024-09-23 23:00:00,"historie",28.44,7.50361294104972,NA,NA,NA
"6302",2024-09-24,"historie",21.73,7.13301836624237,NA,NA,NA
"6303",2024-09-24 01:00:00,"historie",17.32,25.2617797623891,NA,NA,NA
"6304",2024-09-24 02:00:00,"historie",15.32,40.3470640042762,NA,NA,NA
"6305",2024-09-24 03:00:00,"historie",12.23,41.5082967620445,NA,NA,NA
"6306",2024-09-24 04:00:00,"historie",15.18,45.2180334479351,NA,NA,NA
"6307",2024-09-24 05:00:00,"historie",16.72,33.6530045605626,NA,NA,NA
"6308",2024-09-24 06:00:00,"historie",18.15,30.1373125576887,NA,NA,NA
"6309",2024-09-24 07:00:00,"historie",28.78,24.9236211326688,NA,NA,NA
"6310",2024-09-24 08:00:00,"historie",33.06,18.4272602500366,NA,NA,NA
"6311",2024-09-24 09:00:00,"historie",31.5,14.8869130525623,NA,NA,NA
"6312",2024-09-24 10:00:00,"historie",17.39,14.1950534838974,NA,NA,NA
"6313",2024-09-24 11:00:00,"historie",16.77,11.771256750438,NA,NA,NA
"6314",2024-09-24 12:00:00,"historie",12.68,16.9719384438423,NA,NA,NA
"6315",2024-09-24 13:00:00,"historie",2.83,16.1596637745682,NA,NA,NA
"6316",2024-09-24 14:00:00,"historie",2.36,16.8021965686115,NA,NA,NA
"6317",2024-09-24 15:00:00,"historie",8.17,22.1962416237554,NA,NA,NA
"6318",2024-09-24 16:00:00,"historie",8.37,21.7640898484191,NA,NA,NA
"6319",2024-09-24 17:00:00,"historie",3.29,16.8687471506238,NA,NA,NA
"6320",2024-09-24 18:00:00,"historie",4.3,5.46767719667401,NA,NA,NA
"6321",2024-09-24 19:00:00,"historie",11.81,11.9484832556545,NA,NA,NA
"6322",2024-09-24 20:00:00,"historie",17.76,10.1171980704378,NA,NA,NA
"6323",2024-09-24 21:00:00,"historie",12.4,2.48088474334553,NA,NA,NA
"6324",2024-09-24 22:00:00,"historie",14.5,4.41793980310678,NA,NA,NA
"6325",2024-09-24 23:00:00,"historie",16.48,11.720984779839,NA,NA,NA
"6326",2024-09-25,"historie",12.88,9.55439880084863,NA,NA,NA
"6327",2024-09-25 01:00:00,"historie",9.36,6.39352709060195,NA,NA,NA
"6328",2024-09-25 02:00:00,"historie",6.6,8.50440123746998,NA,NA,NA
"6329",2024-09-25 03:00:00,"historie",4.84,16.1521529849083,NA,NA,NA
"6330",2024-09-25 04:00:00,"historie",4.38,18.3154221740105,NA,NA,NA
"6331",2024-09-25 05:00:00,"historie",6.41,11.6414210972559,NA,NA,NA
"6332",2024-09-25 06:00:00,"historie",9.39,15.6513394441683,NA,NA,NA
"6333",2024-09-25 07:00:00,"historie",9.24,16.8309886022456,NA,NA,NA
"6334",2024-09-25 08:00:00,"historie",7.29,12.1905221131098,NA,NA,NA
"6335",2024-09-25 09:00:00,"historie",5.35,9.1707619626521,NA,NA,NA
"6336",2024-09-25 10:00:00,"historie",4.3,6.99954561630245,NA,NA,NA
"6337",2024-09-25 11:00:00,"historie",2.32,5.9612126034427,NA,NA,NA
"6338",2024-09-25 12:00:00,"historie",2.88,6.0821489150748,NA,NA,NA
"6339",2024-09-25 13:00:00,"historie",2.71,8.39410550081483,NA,NA,NA
"6340",2024-09-25 14:00:00,"historie",3.96,11.3233864440178,NA,NA,NA
"6341",2024-09-25 15:00:00,"historie",8.96,8.9001791370458,NA,NA,NA
"6342",2024-09-25 16:00:00,"historie",4.64,6.77101740138008,NA,NA,NA
"6343",2024-09-25 17:00:00,"historie",11.55,4.16037006477428,NA,NA,NA
"6344",2024-09-25 18:00:00,"historie",14.97,2.54263757670399,NA,NA,NA
"6345",2024-09-25 19:00:00,"historie",18.51,2.33361170473449,NA,NA,NA
"6346",2024-09-25 20:00:00,"historie",14.05,3.0491614185226,NA,NA,NA
"6347",2024-09-25 21:00:00,"historie",20.26,3.06578310842471,NA,NA,NA
"6348",2024-09-25 22:00:00,"historie",25.29,7.44649225878474,NA,NA,NA
"6349",2024-09-25 23:00:00,"historie",25.69,11.0343770928622,NA,NA,NA
"6350",2024-09-26,"historie",19.56,4.56524230399096,NA,NA,NA
"6351",2024-09-26 01:00:00,"historie",17.86,22.0184597093623,NA,NA,NA
"6352",2024-09-26 02:00:00,"historie",14.67,21.0547040755685,NA,NA,NA
"6353",2024-09-26 03:00:00,"historie",18.42,20.1313177008156,NA,NA,NA
"6354",2024-09-26 04:00:00,"historie",19.58,13.0701974165857,NA,NA,NA
"6355",2024-09-26 05:00:00,"historie",18.55,20.4091813752777,NA,NA,NA
"6356",2024-09-26 06:00:00,"historie",22.2,23.6405302671622,NA,NA,NA
"6357",2024-09-26 07:00:00,"historie",26.59,22.4584135898762,NA,NA,NA
"6358",2024-09-26 08:00:00,"historie",24.59,16.1623950045905,NA,NA,NA
"6359",2024-09-26 09:00:00,"historie",31.92,14.9449724421605,NA,NA,NA
"6360",2024-09-26 10:00:00,"historie",25.23,12.527271062696,NA,NA,NA
"6361",2024-09-26 11:00:00,"historie",9.4,17.2812195038197,NA,NA,NA
"6362",2024-09-26 12:00:00,"historie",5.15,19.4807607427426,NA,NA,NA
"6363",2024-09-26 13:00:00,"historie",4.27,17.7467548415286,NA,NA,NA
"6364",2024-09-26 14:00:00,"historie",4.51,20.4516182984457,NA,NA,NA
"6365",2024-09-26 15:00:00,"historie",5.34,20.0003664103662,NA,NA,NA
"6366",2024-09-26 16:00:00,"historie",19.51,16.7866301153866,NA,NA,NA
"6367",2024-09-26 17:00:00,"historie",19.52,18.398047948102,NA,NA,NA
"6368",2024-09-26 18:00:00,"historie",12.68,9.41865610944534,NA,NA,NA
"6369",2024-09-26 19:00:00,"historie",10.95,6.69072262959914,NA,NA,NA
"6370",2024-09-26 20:00:00,"historie",9.92,4.33386552600607,NA,NA,NA
"6371",2024-09-26 21:00:00,"historie",11.1,4.61055135504384,NA,NA,NA
"6372",2024-09-26 22:00:00,"historie",10.86,7.7326401882408,NA,NA,NA
"6373",2024-09-26 23:00:00,"historie",6.24,5.9489135265958,NA,NA,NA
"6374",2024-09-27,"historie",4.36,24.1002615286195,NA,NA,NA
"6375",2024-09-27 01:00:00,"historie",4.22,24.1353239344996,NA,NA,NA
"6376",2024-09-27 02:00:00,"historie",4.31,16.6095536702338,NA,NA,NA
"6377",2024-09-27 03:00:00,"historie",4.22,12.0229290257677,NA,NA,NA
"6378",2024-09-27 04:00:00,"historie",4.06,11.3158158479792,NA,NA,NA
"6379",2024-09-27 05:00:00,"historie",3.84,12.4499679652082,NA,NA,NA
"6380",2024-09-27 06:00:00,"historie",4.84,12.0658607937446,NA,NA,NA
"6381",2024-09-27 07:00:00,"historie",5.19,6.77910025177606,NA,NA,NA
"6382",2024-09-27 08:00:00,"historie",5.03,5.25380483263266,NA,NA,NA
"6383",2024-09-27 09:00:00,"historie",4,5.0185707241957,NA,NA,NA
"6384",2024-09-27 10:00:00,"historie",3.11,5.44853879707978,NA,NA,NA
"6385",2024-09-27 11:00:00,"historie",1.45,5.42332863933929,NA,NA,NA
"6386",2024-09-27 12:00:00,"historie",1.78,5.69350130543581,NA,NA,NA
"6387",2024-09-27 13:00:00,"historie",3.1,5.42936829400578,NA,NA,NA
"6388",2024-09-27 14:00:00,"historie",3.43,6.67353279084834,NA,NA,NA
"6389",2024-09-27 15:00:00,"historie",4.69,5.78580609072687,NA,NA,NA
"6390",2024-09-27 16:00:00,"historie",10.86,5.58758830706138,NA,NA,NA
"6391",2024-09-27 17:00:00,"historie",12.81,3.58944860328533,NA,NA,NA
"6392",2024-09-27 18:00:00,"historie",14.24,1.96494750808918,NA,NA,NA
"6393",2024-09-27 19:00:00,"historie",22.76,1.5790912062051,NA,NA,NA
"6394",2024-09-27 20:00:00,"historie",23.96,2.22471459962461,NA,NA,NA
"6395",2024-09-27 21:00:00,"historie",10.76,3.96905418181347,NA,NA,NA
"6396",2024-09-27 22:00:00,"historie",8.85,5.73923630542854,NA,NA,NA
"6397",2024-09-27 23:00:00,"historie",9.6,6.88812395872084,NA,NA,NA
"6398",2024-09-28,"historie",10.57,13.1956453826183,NA,NA,NA
"6399",2024-09-28 01:00:00,"historie",11.23,16.6748078586235,NA,NA,NA
"6400",2024-09-28 02:00:00,"historie",8.68,18.4244457170198,NA,NA,NA
"6401",2024-09-28 03:00:00,"historie",8.19,22.7054947363432,NA,NA,NA
"6402",2024-09-28 04:00:00,"historie",9.38,22.0131914289744,NA,NA,NA
"6403",2024-09-28 05:00:00,"historie",9.07,10.0005370170904,NA,NA,NA
"6404",2024-09-28 06:00:00,"historie",8.6,9.34985092644017,NA,NA,NA
"6405",2024-09-28 07:00:00,"historie",8.96,9.93185268916531,NA,NA,NA
"6406",2024-09-28 08:00:00,"historie",10.22,10.5907067372631,NA,NA,NA
"6407",2024-09-28 09:00:00,"historie",9.7,10.4900767658804,NA,NA,NA
"6408",2024-09-28 10:00:00,"historie",9.47,8.4273113374865,NA,NA,NA
"6409",2024-09-28 11:00:00,"historie",7.15,8.65278483538903,NA,NA,NA
"6410",2024-09-28 12:00:00,"historie",4.52,10.5101617555714,NA,NA,NA
"6411",2024-09-28 13:00:00,"historie",3.02,10.1906267474827,NA,NA,NA
"6412",2024-09-28 14:00:00,"historie",3.69,9.38926074775041,NA,NA,NA
"6413",2024-09-28 15:00:00,"historie",4.42,8.62875173081702,NA,NA,NA
"6414",2024-09-28 16:00:00,"historie",4.85,9.2197908543383,NA,NA,NA
"6415",2024-09-28 17:00:00,"historie",4.81,7.10147682667641,NA,NA,NA
"6416",2024-09-28 18:00:00,"historie",17.85,4.6905456080792,NA,NA,NA
"6417",2024-09-28 19:00:00,"historie",22.84,6.03676038075438,NA,NA,NA
"6418",2024-09-28 20:00:00,"historie",19.31,4.22125978233301,NA,NA,NA
"6419",2024-09-28 21:00:00,"historie",16.77,3.33149915081503,NA,NA,NA
"6420",2024-09-28 22:00:00,"historie",16.98,6.23331378030865,NA,NA,NA
"6421",2024-09-28 23:00:00,"historie",22.76,6.53952236640562,NA,NA,NA
"6422",2024-09-29,"historie",23.12,6.27346116553028,NA,NA,NA
"6423",2024-09-29 01:00:00,"historie",26.71,7.75339195599781,NA,NA,NA
"6424",2024-09-29 02:00:00,"historie",19.94,28.3002187514791,NA,NA,NA
"6425",2024-09-29 03:00:00,"historie",16.28,21.0907183284461,NA,NA,NA
"6426",2024-09-29 04:00:00,"historie",14.4,16.4061744610305,NA,NA,NA
"6427",2024-09-29 05:00:00,"historie",13.32,15.6938046830172,NA,NA,NA
"6428",2024-09-29 06:00:00,"historie",13.49,16.0151021718954,NA,NA,NA
"6429",2024-09-29 07:00:00,"historie",13.76,20.547199700671,NA,NA,NA
"6430",2024-09-29 08:00:00,"historie",22.58,19.2406969477837,NA,NA,NA
"6431",2024-09-29 09:00:00,"historie",7.49,20.4341772550541,NA,NA,NA
"6432",2024-09-29 10:00:00,"historie",3,15.8935681456676,NA,NA,NA
"6433",2024-09-29 11:00:00,"historie",2.17,14.6739792557504,NA,NA,NA
"6434",2024-09-29 12:00:00,"historie",3.29,13.8870902883839,NA,NA,NA
"6435",2024-09-29 13:00:00,"historie",4.6,13.3842026946967,NA,NA,NA
"6436",2024-09-29 14:00:00,"historie",3.97,13.4199966902603,NA,NA,NA
"6437",2024-09-29 15:00:00,"historie",5.86,12.3123453933026,NA,NA,NA
"6438",2024-09-29 16:00:00,"historie",11.17,18.5181487836333,NA,NA,NA
"6439",2024-09-29 17:00:00,"historie",13.37,5.01519268166129,NA,NA,NA
"6440",2024-09-29 18:00:00,"historie",24.62,1.90934729978688,NA,NA,NA
"6441",2024-09-29 19:00:00,"historie",29.38,2.35653361724547,NA,NA,NA
"6442",2024-09-29 20:00:00,"historie",31.84,3.65043291242962,NA,NA,NA
"6443",2024-09-29 21:00:00,"historie",29.55,5.22092936137656,NA,NA,NA
"6444",2024-09-29 22:00:00,"historie",28.4,5.76069955950796,NA,NA,NA
"6445",2024-09-29 23:00:00,"historie",25.82,8.07241547708751,NA,NA,NA
"6446",2024-09-30,"historie",22.27,12.520868735821,NA,NA,NA
"6447",2024-09-30 01:00:00,"historie",18.16,19.5633751800644,NA,NA,NA
"6448",2024-09-30 02:00:00,"historie",16.44,30.3248632201548,NA,NA,NA
"6449",2024-09-30 03:00:00,"historie",15.64,25.6487165711711,NA,NA,NA
"6450",2024-09-30 04:00:00,"historie",14.32,25.8837511809546,NA,NA,NA
"6451",2024-09-30 05:00:00,"historie",19.94,24.7490429782514,NA,NA,NA
"6452",2024-09-30 06:00:00,"historie",20,24.8698301041902,NA,NA,NA
"6453",2024-09-30 07:00:00,"historie",21.48,21.5312058999156,NA,NA,NA
"6454",2024-09-30 08:00:00,"historie",25.89,19.3622373374881,NA,NA,NA
"6455",2024-09-30 09:00:00,"historie",7.17,14.3989636021237,NA,NA,NA
"6456",2024-09-30 10:00:00,"historie",3.26,14.4730204101776,NA,NA,NA
"6457",2024-09-30 11:00:00,"historie",3.33,14.387476258898,NA,NA,NA
"6458",2024-09-30 12:00:00,"historie",3.71,13.8388481528633,NA,NA,NA
"6459",2024-09-30 13:00:00,"historie",3.53,19.7506077644375,NA,NA,NA
"6460",2024-09-30 14:00:00,"historie",2.93,17.902391600643,NA,NA,NA
"6461",2024-09-30 15:00:00,"historie",4.61,19.1838848593858,NA,NA,NA
"6462",2024-09-30 16:00:00,"historie",5.47,16.9138335221581,NA,NA,NA
"6463",2024-09-30 17:00:00,"historie",6.69,4.38868508960722,NA,NA,NA
"6464",2024-09-30 18:00:00,"historie",15.93,2.14789575980082,NA,NA,NA
"6465",2024-09-30 19:00:00,"historie",25.86,3.7084827886615,NA,NA,NA
"6466",2024-09-30 20:00:00,"historie",23.33,3.95310553769841,NA,NA,NA
"6467",2024-09-30 21:00:00,"historie",23.6,3.88647615213105,NA,NA,NA
"6468",2024-09-30 22:00:00,"historie",24.63,4.63725854853384,NA,NA,NA
"6469",2024-09-30 23:00:00,"historie",19.26,7.19285899312981,NA,NA,NA
"6470",2024-10-01,"historie",18.01,6.76773255572749,NA,NA,NA
"6471",2024-10-01 01:00:00,"historie",36.29,11.7000711062553,NA,NA,NA
"6472",2024-10-01 02:00:00,"historie",19.9,22.4555610279572,NA,NA,NA
"6473",2024-10-01 03:00:00,"historie",36.42,25.2162225391402,NA,NA,NA
"6474",2024-10-01 04:00:00,"historie",41.1,19.9380765507878,NA,NA,NA
"6475",2024-10-01 05:00:00,"historie",36.16,21.7583196761199,NA,NA,NA
"6476",2024-10-01 06:00:00,"historie",21.1,22.3209199968795,NA,NA,NA
"6477",2024-10-01 07:00:00,"historie",31.27,16.7097460043255,NA,NA,NA
"6478",2024-10-01 08:00:00,"historie",20.8,16.4349839127688,NA,NA,NA
"6479",2024-10-01 09:00:00,"historie",11.43,29.4532964763263,NA,NA,NA
"6480",2024-10-01 10:00:00,"historie",8.37,14.9413937852297,NA,NA,NA
"6481",2024-10-01 11:00:00,"historie",11.52,31.9779821149302,NA,NA,NA
"6482",2024-10-01 12:00:00,"historie",19.57,33.0666357906295,NA,NA,NA
"6483",2024-10-01 13:00:00,"historie",19.13,28.7318247086763,NA,NA,NA
"6484",2024-10-01 14:00:00,"historie",12.68,17.6905032636229,NA,NA,NA
"6485",2024-10-01 15:00:00,"historie",11.48,28.2621909739126,NA,NA,NA
"6486",2024-10-01 16:00:00,"historie",11.78,11.4913695499758,NA,NA,NA
"6487",2024-10-01 17:00:00,"historie",19.31,7.18532986566602,NA,NA,NA
"6488",2024-10-01 18:00:00,"historie",22.17,5.06304636067703,NA,NA,NA
"6489",2024-10-01 19:00:00,"historie",27.75,9.99985851017915,NA,NA,NA
"6490",2024-10-01 20:00:00,"historie",22.38,14.9434689124797,NA,NA,NA
"6491",2024-10-01 21:00:00,"historie",19.34,13.7678035201065,NA,NA,NA
"6492",2024-10-01 22:00:00,"historie",13.38,13.729788053138,NA,NA,NA
"6493",2024-10-01 23:00:00,"historie",12.14,12.5675145939983,NA,NA,NA
"6494",2024-10-02,"historie",9.4,12.1423167835885,NA,NA,NA
"6495",2024-10-02 01:00:00,"historie",9.44,28.6501172522501,NA,NA,NA
"6496",2024-10-02 02:00:00,"historie",15.04,25.4552233429955,NA,NA,NA
"6497",2024-10-02 03:00:00,"historie",14.61,25.7403868092234,NA,NA,NA
"6498",2024-10-02 04:00:00,"historie",15.87,19.4082116023667,NA,NA,NA
"6499",2024-10-02 05:00:00,"historie",17.2,18.4655958136997,NA,NA,NA
"6500",2024-10-02 06:00:00,"historie",20.26,12.7106264165254,NA,NA,NA
"6501",2024-10-02 07:00:00,"historie",17.07,12.3520983303925,NA,NA,NA
"6502",2024-10-02 08:00:00,"historie",15.89,10.7657108048313,NA,NA,NA
"6503",2024-10-02 09:00:00,"historie",18.16,8.75602690897114,NA,NA,NA
"6504",2024-10-02 10:00:00,"historie",15.25,17.1301775028592,NA,NA,NA
"6505",2024-10-02 11:00:00,"historie",7.4,13.944514539674,NA,NA,NA
"6506",2024-10-02 12:00:00,"historie",4.21,16.3848650311342,NA,NA,NA
"6507",2024-10-02 13:00:00,"historie",5.28,15.9130683844641,NA,NA,NA
"6508",2024-10-02 14:00:00,"historie",3.79,20.8769766333288,NA,NA,NA
"6509",2024-10-02 15:00:00,"historie",6.48,14.6555478108849,NA,NA,NA
"6510",2024-10-02 16:00:00,"historie",13.26,10.6421151428778,NA,NA,NA
"6511",2024-10-02 17:00:00,"historie",13.51,11.9790890605888,NA,NA,NA
"6512",2024-10-02 18:00:00,"historie",22.73,9.10671013207694,NA,NA,NA
"6513",2024-10-02 19:00:00,"historie",25.44,6.56024622426439,NA,NA,NA
"6514",2024-10-02 20:00:00,"historie",31,4.12731553496732,NA,NA,NA
"6515",2024-10-02 21:00:00,"historie",15.86,5.57736828867833,NA,NA,NA
"6516",2024-10-02 22:00:00,"historie",14.9,5.23444046370414,NA,NA,NA
"6517",2024-10-02 23:00:00,"historie",14.18,9.0785239747949,NA,NA,NA
"6518",2024-10-03,"historie",10.1,15.7733755189188,NA,NA,NA
"6519",2024-10-03 01:00:00,"historie",4.31,18.3363791191269,NA,NA,NA
"6520",2024-10-03 02:00:00,"historie",4.92,28.5177075327119,NA,NA,NA
"6521",2024-10-03 03:00:00,"historie",5.28,22.6286009312507,NA,NA,NA
"6522",2024-10-03 04:00:00,"historie",6.56,26.969159393573,NA,NA,NA
"6523",2024-10-03 05:00:00,"historie",10.12,13.3944952608924,NA,NA,NA
"6524",2024-10-03 06:00:00,"historie",12.6,14.957805588914,NA,NA,NA
"6525",2024-10-03 07:00:00,"historie",16.95,13.1815533711236,NA,NA,NA
"6526",2024-10-03 08:00:00,"historie",21.13,10.6742562332154,NA,NA,NA
"6527",2024-10-03 09:00:00,"historie",7.05,4.54869809591171,NA,NA,NA
"6528",2024-10-03 10:00:00,"historie",10.48,6.66898489222898,NA,NA,NA
"6529",2024-10-03 11:00:00,"historie",10,6.58960441402984,NA,NA,NA
"6530",2024-10-03 12:00:00,"historie",13.39,8.46596625455581,NA,NA,NA
"6531",2024-10-03 13:00:00,"historie",7.08,11.7658095110736,NA,NA,NA
"6532",2024-10-03 14:00:00,"historie",8.06,13.6469796442324,NA,NA,NA
"6533",2024-10-03 15:00:00,"historie",5.74,16.2085641636394,NA,NA,NA
"6534",2024-10-03 16:00:00,"historie",7.86,15.0013412338531,NA,NA,NA
"6535",2024-10-03 17:00:00,"historie",10.11,4.78603819305686,NA,NA,NA
"6536",2024-10-03 18:00:00,"historie",13.74,7.60782148089859,NA,NA,NA
"6537",2024-10-03 19:00:00,"historie",12.69,8.2456915823068,NA,NA,NA
"6538",2024-10-03 20:00:00,"historie",12.54,11.9236089633803,NA,NA,NA
"6539",2024-10-03 21:00:00,"historie",22.76,5.53527875231974,NA,NA,NA
"6540",2024-10-03 22:00:00,"historie",19.57,11.0174826674319,NA,NA,NA
"6541",2024-10-03 23:00:00,"historie",15.6,7.28267477063521,NA,NA,NA
"6542",2024-10-04,"historie",15.15,9.85547282285009,NA,NA,NA
"6543",2024-10-04 01:00:00,"historie",15.34,15.8684956812104,NA,NA,NA
"6544",2024-10-04 02:00:00,"historie",11.48,17.8954767880711,NA,NA,NA
"6545",2024-10-04 03:00:00,"historie",9.78,13.6440481492829,NA,NA,NA
"6546",2024-10-04 04:00:00,"historie",9.97,12.007932345213,NA,NA,NA
"6547",2024-10-04 05:00:00,"historie",19.47,23.0258847810826,NA,NA,NA
"6548",2024-10-04 06:00:00,"historie",15.45,17.0801316603965,NA,NA,NA
"6549",2024-10-04 07:00:00,"historie",18.38,13.5639825380227,NA,NA,NA
"6550",2024-10-04 08:00:00,"historie",12.25,13.4980917010026,NA,NA,NA
"6551",2024-10-04 09:00:00,"historie",9.49,13.8658010213742,NA,NA,NA
"6552",2024-10-04 10:00:00,"historie",8.62,11.1021281478089,NA,NA,NA
"6553",2024-10-04 11:00:00,"historie",9.35,10.3533986208666,NA,NA,NA
"6554",2024-10-04 12:00:00,"historie",6.39,11.5764277534633,NA,NA,NA
"6555",2024-10-04 13:00:00,"historie",4.25,20.4916012466653,NA,NA,NA
"6556",2024-10-04 14:00:00,"historie",4.9,15.0728737354247,NA,NA,NA
"6557",2024-10-04 15:00:00,"historie",6.52,17.8753829192372,NA,NA,NA
"6558",2024-10-04 16:00:00,"historie",8.45,7.75842099030747,NA,NA,NA
"6559",2024-10-04 17:00:00,"historie",8.12,8.0867596213771,NA,NA,NA
"6560",2024-10-04 18:00:00,"historie",11.12,6.10653993539499,NA,NA,NA
"6561",2024-10-04 19:00:00,"historie",14.53,9.06040810568325,NA,NA,NA
"6562",2024-10-04 20:00:00,"historie",15.02,5.43589278090184,NA,NA,NA
"6563",2024-10-04 21:00:00,"historie",12.08,4.35723381989552,NA,NA,NA
"6564",2024-10-04 22:00:00,"historie",12.38,6.6369101095953,NA,NA,NA
"6565",2024-10-04 23:00:00,"historie",10.28,8.99693209683918,NA,NA,NA
"6566",2024-10-05,"historie",10.95,10.1397604617263,NA,NA,NA
"6567",2024-10-05 01:00:00,"historie",12.87,12.3194681763863,NA,NA,NA
"6568",2024-10-05 02:00:00,"historie",11.6,14.55449531884,NA,NA,NA
"6569",2024-10-05 03:00:00,"historie",10.36,15.6770305808422,NA,NA,NA
"6570",2024-10-05 04:00:00,"historie",9.99,15.4411512039481,NA,NA,NA
"6571",2024-10-05 05:00:00,"historie",11.9,11.8938416840306,NA,NA,NA
"6572",2024-10-05 06:00:00,"historie",11.28,12.676622839568,NA,NA,NA
"6573",2024-10-05 07:00:00,"historie",10.47,10.047162454816,NA,NA,NA
"6574",2024-10-05 08:00:00,"historie",8.35,11.2872142286693,NA,NA,NA
"6575",2024-10-05 09:00:00,"historie",7.93,12.0161895979428,NA,NA,NA
"6576",2024-10-05 10:00:00,"historie",6.28,11.3757063605168,NA,NA,NA
"6577",2024-10-05 11:00:00,"historie",4.41,10.7704021419245,NA,NA,NA
"6578",2024-10-05 12:00:00,"historie",3.68,12.2956253532398,NA,NA,NA
"6579",2024-10-05 13:00:00,"historie",3.82,12.272720710926,NA,NA,NA
"6580",2024-10-05 14:00:00,"historie",4.35,12.6952311890279,NA,NA,NA
"6581",2024-10-05 15:00:00,"historie",7.65,10.2135665661041,NA,NA,NA
"6582",2024-10-05 16:00:00,"historie",11.03,6.45509716538094,NA,NA,NA
"6583",2024-10-05 17:00:00,"historie",10.6,7.12486294000262,NA,NA,NA
"6584",2024-10-05 18:00:00,"historie",9.77,4.96245707230416,NA,NA,NA
"6585",2024-10-05 19:00:00,"historie",8.81,4.42392039337846,NA,NA,NA
"6586",2024-10-05 20:00:00,"historie",10.66,3.7035380875544,NA,NA,NA
"6587",2024-10-05 21:00:00,"historie",13.33,4.35424484365116,NA,NA,NA
"6588",2024-10-05 22:00:00,"historie",13.99,6.06639742276283,NA,NA,NA
"6589",2024-10-05 23:00:00,"historie",11.87,10.5937349700246,NA,NA,NA
"6590",2024-10-06,"historie",9.19,12.1191664574674,NA,NA,NA
"6591",2024-10-06 01:00:00,"historie",7.85,14.7856631006612,NA,NA,NA
"6592",2024-10-06 02:00:00,"historie",9.06,12.3523427118589,NA,NA,NA
"6593",2024-10-06 03:00:00,"historie",8.53,10.0921617271079,NA,NA,NA
"6594",2024-10-06 04:00:00,"historie",10.06,11.6403077870427,NA,NA,NA
"6595",2024-10-06 05:00:00,"historie",10.51,13.9379816450943,NA,NA,NA
"6596",2024-10-06 06:00:00,"historie",7.92,13.3857770202213,NA,NA,NA
"6597",2024-10-06 07:00:00,"historie",8.42,11.4301708793364,NA,NA,NA
"6598",2024-10-06 08:00:00,"historie",14.52,9.4607480333818,NA,NA,NA
"6599",2024-10-06 09:00:00,"historie",17.26,7.88917240238482,NA,NA,NA
"6600",2024-10-06 10:00:00,"historie",12.94,9.83789681917971,NA,NA,NA
"6601",2024-10-06 11:00:00,"historie",6.83,9.14347812839167,NA,NA,NA
"6602",2024-10-06 12:00:00,"historie",4.53,12.464508510995,NA,NA,NA
"6603",2024-10-06 13:00:00,"historie",4.18,10.7652663319574,NA,NA,NA
"6604",2024-10-06 14:00:00,"historie",4.78,8.96713339956243,NA,NA,NA
"6605",2024-10-06 15:00:00,"historie",6.29,8.7548432646537,NA,NA,NA
"6606",2024-10-06 16:00:00,"historie",7.41,11.6519433057111,NA,NA,NA
"6607",2024-10-06 17:00:00,"historie",11.7,12.8435095280896,NA,NA,NA
"6608",2024-10-06 18:00:00,"historie",18.8,8.35423443637935,NA,NA,NA
"6609",2024-10-06 19:00:00,"historie",13.91,5.82641795540678,NA,NA,NA
"6610",2024-10-06 20:00:00,"historie",16.18,4.31462037534363,NA,NA,NA
"6611",2024-10-06 21:00:00,"historie",38.56,4.61377577306267,NA,NA,NA
"6612",2024-10-06 22:00:00,"historie",43.96,6.79591462670813,NA,NA,NA
"6613",2024-10-06 23:00:00,"historie",40.92,8.70125123247539,NA,NA,NA
"6614",2024-10-07,"historie",41.32,8.62053449532744,NA,NA,NA
"6615",2024-10-07 01:00:00,"historie",37.61,16.3829417810579,NA,NA,NA
"6616",2024-10-07 02:00:00,"historie",29.43,20.9035889810576,NA,NA,NA
"6617",2024-10-07 03:00:00,"historie",17.76,13.716330501236,NA,NA,NA
"6618",2024-10-07 04:00:00,"historie",13.7,16.6208080742096,NA,NA,NA
"6619",2024-10-07 05:00:00,"historie",14.98,35.4287816347418,NA,NA,NA
"6620",2024-10-07 06:00:00,"historie",15.26,31.6507135899186,NA,NA,NA
"6621",2024-10-07 07:00:00,"historie",14.97,29.1910771000359,NA,NA,NA
"6622",2024-10-07 08:00:00,"historie",15.11,30.4123535860437,NA,NA,NA
"6623",2024-10-07 09:00:00,"historie",12.83,27.0566329654939,NA,NA,NA
"6624",2024-10-07 10:00:00,"historie",15.34,22.3056781565044,NA,NA,NA
"6625",2024-10-07 11:00:00,"historie",13.72,15.3444152786897,NA,NA,NA
"6626",2024-10-07 12:00:00,"historie",8.63,14.4196740261176,NA,NA,NA
"6627",2024-10-07 13:00:00,"historie",5.61,13.8593012875069,NA,NA,NA
"6628",2024-10-07 14:00:00,"historie",10.32,15.4917184925002,NA,NA,NA
"6629",2024-10-07 15:00:00,"historie",14.82,14.4517804943816,NA,NA,NA
"6630",2024-10-07 16:00:00,"historie",16.67,11.6428607612646,NA,NA,NA
"6631",2024-10-07 17:00:00,"historie",24.37,9.91721462765284,NA,NA,NA
"6632",2024-10-07 18:00:00,"historie",31.97,10.2769690746552,NA,NA,NA
"6633",2024-10-07 19:00:00,"historie",38.53,10.4402790810282,NA,NA,NA
"6634",2024-10-07 20:00:00,"historie",29.53,6.91910093635601,NA,NA,NA
"6635",2024-10-07 21:00:00,"historie",23.05,5.53555279283965,NA,NA,NA
"6636",2024-10-07 22:00:00,"historie",19.2,13.2933052329869,NA,NA,NA
"6637",2024-10-07 23:00:00,"historie",15.19,16.264570180927,NA,NA,NA
"6638",2024-10-08,"historie",13.98,16.8721785213158,NA,NA,NA
"6639",2024-10-08 01:00:00,"historie",13.87,29.2837491381012,NA,NA,NA
"6640",2024-10-08 02:00:00,"historie",13.71,28.8411605968723,NA,NA,NA
"6641",2024-10-08 03:00:00,"historie",10.71,33.8168202344832,NA,NA,NA
"6642",2024-10-08 04:00:00,"historie",10.48,27.1099730975074,NA,NA,NA
"6643",2024-10-08 05:00:00,"historie",10.37,20.6246264906678,NA,NA,NA
"6644",2024-10-08 06:00:00,"historie",11.52,17.2544954164705,NA,NA,NA
"6645",2024-10-08 07:00:00,"historie",10.7,14.122922913034,NA,NA,NA
"6646",2024-10-08 08:00:00,"historie",11.57,13.5915706760417,NA,NA,NA
"6647",2024-10-08 09:00:00,"historie",8.11,12.9078404859339,NA,NA,NA
"6648",2024-10-08 10:00:00,"historie",3.91,12.5040315720988,NA,NA,NA
"6649",2024-10-08 11:00:00,"historie",3.9,10.569237180609,NA,NA,NA
"6650",2024-10-08 12:00:00,"historie",4.35,12.2333293979014,NA,NA,NA
"6651",2024-10-08 13:00:00,"historie",4.38,10.4546006782429,NA,NA,NA
"6652",2024-10-08 14:00:00,"historie",10.38,12.6701111973325,NA,NA,NA
"6653",2024-10-08 15:00:00,"historie",13.81,10.8535874395876,NA,NA,NA
"6654",2024-10-08 16:00:00,"historie",12.53,9.68626196851045,NA,NA,NA
"6655",2024-10-08 17:00:00,"historie",17.99,7.18916154466722,NA,NA,NA
"6656",2024-10-08 18:00:00,"historie",6.81,3.26826035537533,NA,NA,NA
"6657",2024-10-08 19:00:00,"historie",8.03,4.1318897654104,NA,NA,NA
"6658",2024-10-08 20:00:00,"historie",14.81,4.36886543117826,NA,NA,NA
"6659",2024-10-08 21:00:00,"historie",21.26,5.35726804192297,NA,NA,NA
"6660",2024-10-08 22:00:00,"historie",27.21,14.0461360739764,NA,NA,NA
"6661",2024-10-08 23:00:00,"historie",19.66,15.2156280173142,NA,NA,NA
"6662",2024-10-09,"historie",14.56,13.7169024272292,NA,NA,NA
"6663",2024-10-09 01:00:00,"historie",13.04,23.3258778517437,NA,NA,NA
"6664",2024-10-09 02:00:00,"historie",11.39,7.41533780721311,NA,NA,NA
"6665",2024-10-09 03:00:00,"historie",9.84,10.3235718845175,NA,NA,NA
"6666",2024-10-09 04:00:00,"historie",8.02,17.4296438603935,NA,NA,NA
"6667",2024-10-09 05:00:00,"historie",6.75,20.5159395375903,NA,NA,NA
"6668",2024-10-09 06:00:00,"historie",6.21,23.3210591306966,NA,NA,NA
"6669",2024-10-09 07:00:00,"historie",7.75,16.5036337924936,NA,NA,NA
"6670",2024-10-09 08:00:00,"historie",9.86,13.5270186749989,NA,NA,NA
"6671",2024-10-09 09:00:00,"historie",6.19,12.2662326756963,NA,NA,NA
"6672",2024-10-09 10:00:00,"historie",3.31,10.4870851347509,NA,NA,NA
"6673",2024-10-09 11:00:00,"historie",2.64,10.1546301406636,NA,NA,NA
"6674",2024-10-09 12:00:00,"historie",2.16,9.29869364606499,NA,NA,NA
"6675",2024-10-09 13:00:00,"historie",2.08,7.45857364835497,NA,NA,NA
"6676",2024-10-09 14:00:00,"historie",2.72,7.43904441249532,NA,NA,NA
"6677",2024-10-09 15:00:00,"historie",3.5,9.03733846790633,NA,NA,NA
"6678",2024-10-09 16:00:00,"historie",8.91,8.46828657698721,NA,NA,NA
"6679",2024-10-09 17:00:00,"historie",19.92,5.13089700482298,NA,NA,NA
"6680",2024-10-09 18:00:00,"historie",18.74,3.02192656320347,NA,NA,NA
"6681",2024-10-09 19:00:00,"historie",11.29,2.98391768177077,NA,NA,NA
"6682",2024-10-09 20:00:00,"historie",9.87,2.47706764172232,NA,NA,NA
"6683",2024-10-09 21:00:00,"historie",18.49,3.28705090703771,NA,NA,NA
"6684",2024-10-09 22:00:00,"historie",20.93,4.46634196135882,NA,NA,NA
"6685",2024-10-09 23:00:00,"historie",17.7,5.22989991741998,NA,NA,NA
"6686",2024-10-10,"historie",18.57,13.0005158728026,NA,NA,NA
"6687",2024-10-10 01:00:00,"historie",17.39,21.4986551013729,NA,NA,NA
"6688",2024-10-10 02:00:00,"historie",19.84,18.8812841707627,NA,NA,NA
"6689",2024-10-10 03:00:00,"historie",30.21,12.1541195937296,NA,NA,NA
"6690",2024-10-10 04:00:00,"historie",21.98,11.9463001219396,NA,NA,NA
"6691",2024-10-10 05:00:00,"historie",21.69,20.6941807364141,NA,NA,NA
"6692",2024-10-10 06:00:00,"historie",27.94,17.9690467785517,NA,NA,NA
"6693",2024-10-10 07:00:00,"historie",24.37,15.5183423849742,NA,NA,NA
"6694",2024-10-10 08:00:00,"historie",23.47,17.1066478482723,NA,NA,NA
"6695",2024-10-10 09:00:00,"historie",11.63,15.0531277287086,NA,NA,NA
"6696",2024-10-10 10:00:00,"historie",3.27,16.8640368497422,NA,NA,NA
"6697",2024-10-10 11:00:00,"historie",5.84,25.4514549353692,NA,NA,NA
"6698",2024-10-10 12:00:00,"historie",2.66,18.5143474044121,NA,NA,NA
"6699",2024-10-10 13:00:00,"historie",3.34,18.4675644063824,NA,NA,NA
"6700",2024-10-10 14:00:00,"historie",4.32,25.1789042356234,NA,NA,NA
"6701",2024-10-10 15:00:00,"historie",4.42,20.3912730340014,NA,NA,NA
"6702",2024-10-10 16:00:00,"historie",5.43,15.4151267302417,NA,NA,NA
"6703",2024-10-10 17:00:00,"historie",9.5,7.723799907824,NA,NA,NA
"6704",2024-10-10 18:00:00,"historie",13.43,2.63673788414256,NA,NA,NA
"6705",2024-10-10 19:00:00,"historie",14.92,6.23416255958558,NA,NA,NA
"6706",2024-10-10 20:00:00,"historie",14.97,2.4699095451379,NA,NA,NA
"6707",2024-10-10 21:00:00,"historie",12.24,4.87743754773569,NA,NA,NA
"6708",2024-10-10 22:00:00,"historie",14.33,6.01621404848533,NA,NA,NA
"6709",2024-10-10 23:00:00,"historie",11.59,6.59116399938251,NA,NA,NA
"6710",2024-10-11,"historie",5.1,8.28171412006623,NA,NA,NA
"6711",2024-10-11 01:00:00,"historie",8.86,12.217908204887,NA,NA,NA
"6712",2024-10-11 02:00:00,"historie",4.73,14.5105071482834,NA,NA,NA
"6713",2024-10-11 03:00:00,"historie",8.33,15.7709815958114,NA,NA,NA
"6714",2024-10-11 04:00:00,"historie",13.39,17.4753941694044,NA,NA,NA
"6715",2024-10-11 05:00:00,"historie",15.24,12.8472465139483,NA,NA,NA
"6716",2024-10-11 06:00:00,"historie",10.72,14.078258146486,NA,NA,NA
"6717",2024-10-11 07:00:00,"historie",23.35,11.3760212730273,NA,NA,NA
"6718",2024-10-11 08:00:00,"historie",29.78,5.45297992958516,NA,NA,NA
"6719",2024-10-11 09:00:00,"historie",31.05,10.8629587000478,NA,NA,NA
"6720",2024-10-11 10:00:00,"historie",21.53,5.17407013056105,NA,NA,NA
"6721",2024-10-11 11:00:00,"historie",9.58,9.95867473139188,NA,NA,NA
"6722",2024-10-11 12:00:00,"historie",7.14,14.8550765397103,NA,NA,NA
"6723",2024-10-11 13:00:00,"historie",7.62,15.0431050489828,NA,NA,NA
"6724",2024-10-11 14:00:00,"historie",8.05,10.718536053788,NA,NA,NA
"6725",2024-10-11 15:00:00,"historie",6.18,24.2372873831588,NA,NA,NA
"6726",2024-10-11 16:00:00,"historie",10.6,18.166397480845,NA,NA,NA
"6727",2024-10-11 17:00:00,"historie",21.36,16.8622212828541,NA,NA,NA
"6728",2024-10-11 18:00:00,"historie",14.28,14.6585346978273,NA,NA,NA
"6729",2024-10-11 19:00:00,"historie",19.23,6.16497953859102,NA,NA,NA
"6730",2024-10-11 20:00:00,"historie",14.1,6.55191194543253,NA,NA,NA
"6731",2024-10-11 21:00:00,"historie",13.26,8.52575932040593,NA,NA,NA
"6732",2024-10-11 22:00:00,"historie",13.52,9.1600748569008,NA,NA,NA
"6733",2024-10-11 23:00:00,"historie",13,7.74801715152888,NA,NA,NA
"6734",2024-10-12,"historie",11.03,14.9132762812933,NA,NA,NA
"6735",2024-10-12 01:00:00,"historie",9.62,23.4611606461933,NA,NA,NA
"6736",2024-10-12 02:00:00,"historie",8.58,13.5568734425563,NA,NA,NA
"6737",2024-10-12 03:00:00,"historie",8.45,20.4468180677508,NA,NA,NA
"6738",2024-10-12 04:00:00,"historie",9.77,14.4156712464799,NA,NA,NA
"6739",2024-10-12 05:00:00,"historie",15.53,14.4648293953284,NA,NA,NA
"6740",2024-10-12 06:00:00,"historie",16.44,12.6662606723144,NA,NA,NA
"6741",2024-10-12 07:00:00,"historie",13.27,11.3850379459191,NA,NA,NA
"6742",2024-10-12 08:00:00,"historie",16.51,11.8505140422233,NA,NA,NA
"6743",2024-10-12 09:00:00,"historie",15.45,8.70374816923384,NA,NA,NA
"6744",2024-10-12 10:00:00,"historie",13.77,9.79211824727566,NA,NA,NA
"6745",2024-10-12 11:00:00,"historie",15.01,9.27148404600919,NA,NA,NA
"6746",2024-10-12 12:00:00,"historie",9.73,11.2979967369249,NA,NA,NA
"6747",2024-10-12 13:00:00,"historie",5.02,15.278283258738,NA,NA,NA
"6748",2024-10-12 14:00:00,"historie",4.83,17.7465834138873,NA,NA,NA
"6749",2024-10-12 15:00:00,"historie",8.99,13.2418282418483,NA,NA,NA
"6750",2024-10-12 16:00:00,"historie",11.86,13.2628228322852,NA,NA,NA
"6751",2024-10-12 17:00:00,"historie",19.19,10.3432661483411,NA,NA,NA
"6752",2024-10-12 18:00:00,"historie",30.68,10.0255938694211,NA,NA,NA
"6753",2024-10-12 19:00:00,"historie",23.88,10.7704693279367,NA,NA,NA
"6754",2024-10-12 20:00:00,"historie",19.35,7.98759723864062,NA,NA,NA
"6755",2024-10-12 21:00:00,"historie",19.3,5.4900639696151,NA,NA,NA
"6756",2024-10-12 22:00:00,"historie",22.13,5.96308498808135,NA,NA,NA
"6757",2024-10-12 23:00:00,"historie",23.81,12.753403705527,NA,NA,NA
"6758",2024-10-13,"historie",20.73,15.6410097723555,NA,NA,NA
"6759",2024-10-13 01:00:00,"historie",18.41,19.5579551964833,NA,NA,NA
"6760",2024-10-13 02:00:00,"historie",12.93,30.258754749067,NA,NA,NA
"6761",2024-10-13 03:00:00,"historie",19.03,19.9394184060395,NA,NA,NA
"6762",2024-10-13 04:00:00,"historie",21.02,19.2637723093555,NA,NA,NA
"6763",2024-10-13 05:00:00,"historie",22.34,18.9956270385006,NA,NA,NA
"6764",2024-10-13 06:00:00,"historie",17.12,19.1797135258171,NA,NA,NA
"6765",2024-10-13 07:00:00,"historie",19.16,18.9302872769223,NA,NA,NA
"6766",2024-10-13 08:00:00,"historie",18.81,18.3332421758958,NA,NA,NA
"6767",2024-10-13 09:00:00,"historie",8.49,14.8347048642924,NA,NA,NA
"6768",2024-10-13 10:00:00,"historie",3.76,12.3260608051982,NA,NA,NA
"6769",2024-10-13 11:00:00,"historie",3.01,18.7800927998871,NA,NA,NA
"6770",2024-10-13 12:00:00,"historie",2.25,20.7379068538947,NA,NA,NA
"6771",2024-10-13 13:00:00,"historie",2.38,19.3758830030412,NA,NA,NA
"6772",2024-10-13 14:00:00,"historie",3.55,16.2484821933457,NA,NA,NA
"6773",2024-10-13 15:00:00,"historie",4.44,19.2432802443829,NA,NA,NA
"6774",2024-10-13 16:00:00,"historie",6.76,13.9586544601061,NA,NA,NA
"6775",2024-10-13 17:00:00,"historie",6.89,6.06340720974921,NA,NA,NA
"6776",2024-10-13 18:00:00,"historie",10.63,3.6264697913064,NA,NA,NA
"6777",2024-10-13 19:00:00,"historie",12.72,2.99647391988535,NA,NA,NA
"6778",2024-10-13 20:00:00,"historie",12.11,2.49510939961055,NA,NA,NA
"6779",2024-10-13 21:00:00,"historie",14.26,3.439252958129,NA,NA,NA
"6780",2024-10-13 22:00:00,"historie",13.47,5.36128797743197,NA,NA,NA
"6781",2024-10-13 23:00:00,"historie",12.77,6.65517237984435,NA,NA,NA
"6782",2024-10-14,"historie",12.51,10.7569846823131,NA,NA,NA
"6783",2024-10-14 01:00:00,"historie",11.8,8.82262977898813,NA,NA,NA
"6784",2024-10-14 02:00:00,"historie",10.79,12.928492929949,NA,NA,NA
"6785",2024-10-14 03:00:00,"historie",11.26,13.3425569696725,NA,NA,NA
"6786",2024-10-14 04:00:00,"historie",17.65,13.606094632675,NA,NA,NA
"6787",2024-10-14 05:00:00,"historie",19.16,15.8449064794424,NA,NA,NA
"6788",2024-10-14 06:00:00,"historie",16.05,13.009488587343,NA,NA,NA
"6789",2024-10-14 07:00:00,"historie",20.54,11.8034630399449,NA,NA,NA
"6790",2024-10-14 08:00:00,"historie",23.75,12.8152361644491,NA,NA,NA
"6791",2024-10-14 09:00:00,"historie",13.22,10.4287565726155,NA,NA,NA
"6792",2024-10-14 10:00:00,"historie",7.67,12.0347969765624,NA,NA,NA
"6793",2024-10-14 11:00:00,"historie",6.21,11.8348408880407,NA,NA,NA
"6794",2024-10-14 12:00:00,"historie",3.6,19.5774785276511,NA,NA,NA
"6795",2024-10-14 13:00:00,"historie",2.79,16.6281888187117,NA,NA,NA
"6796",2024-10-14 14:00:00,"historie",3.77,16.2487303865718,NA,NA,NA
"6797",2024-10-14 15:00:00,"historie",6.1,20.3715577832696,NA,NA,NA
"6798",2024-10-14 16:00:00,"historie",9.44,15.8477488391425,NA,NA,NA
"6799",2024-10-14 17:00:00,"historie",15.84,8.16027401904571,NA,NA,NA
"6800",2024-10-14 18:00:00,"historie",18.28,6.29992293945847,NA,NA,NA
"6801",2024-10-14 19:00:00,"historie",22.14,5.03754028866824,NA,NA,NA
"6802",2024-10-14 20:00:00,"historie",31.53,3.48798000295937,NA,NA,NA
"6803",2024-10-14 21:00:00,"historie",28.02,3.75937382347717,NA,NA,NA
"6804",2024-10-14 22:00:00,"historie",34.83,5.35380384783704,NA,NA,NA
"6805",2024-10-14 23:00:00,"historie",27.05,8.94223820342362,NA,NA,NA
"6806",2024-10-15,"historie",18.2,12.7220488091644,NA,NA,NA
"6807",2024-10-15 01:00:00,"historie",15.71,18.5807037982383,NA,NA,NA
"6808",2024-10-15 02:00:00,"historie",13.2,18.313218866576,NA,NA,NA
"6809",2024-10-15 03:00:00,"historie",10.46,20.5914454652347,NA,NA,NA
"6810",2024-10-15 04:00:00,"historie",9.51,30.5736906247568,NA,NA,NA
"6811",2024-10-15 05:00:00,"historie",9.7,24.1641157082474,NA,NA,NA
"6812",2024-10-15 06:00:00,"historie",11.5,28.6125113613724,NA,NA,NA
"6813",2024-10-15 07:00:00,"historie",15.23,20.1783643495985,NA,NA,NA
"6814",2024-10-15 08:00:00,"historie",12.74,15.9645631345037,NA,NA,NA
"6815",2024-10-15 09:00:00,"historie",23.25,13.1507579436707,NA,NA,NA
"6816",2024-10-15 10:00:00,"historie",7.45,13.4679129853257,NA,NA,NA
"6817",2024-10-15 11:00:00,"historie",3.42,11.2953535844545,NA,NA,NA
"6818",2024-10-15 12:00:00,"historie",2.92,11.0364744062832,NA,NA,NA
"6819",2024-10-15 13:00:00,"historie",2.27,9.94233247094529,NA,NA,NA
"6820",2024-10-15 14:00:00,"historie",3.95,13.7020411191397,NA,NA,NA
"6821",2024-10-15 15:00:00,"historie",7.14,16.367003056768,NA,NA,NA
"6822",2024-10-15 16:00:00,"historie",14.71,9.23305962508547,NA,NA,NA
"6823",2024-10-15 17:00:00,"historie",17.37,16.067113313424,NA,NA,NA
"6824",2024-10-15 18:00:00,"historie",22.9,5.29369348525438,NA,NA,NA
"6825",2024-10-15 19:00:00,"historie",22.46,2.89421632487898,NA,NA,NA
"6826",2024-10-15 20:00:00,"historie",24.13,3.15772963439356,NA,NA,NA
"6827",2024-10-15 21:00:00,"historie",33.96,3.1533143283288,NA,NA,NA
"6828",2024-10-15 22:00:00,"historie",19.52,6.0025247595471,NA,NA,NA
"6829",2024-10-15 23:00:00,"historie",18.58,10.2403765504089,NA,NA,NA
"6830",2024-10-16,"historie",16.4,19.6757739788937,NA,NA,NA
"6831",2024-10-16 01:00:00,"historie",14.56,18.2975641066546,NA,NA,NA
"6832",2024-10-16 02:00:00,"historie",14.09,23.3769205712413,NA,NA,NA
"6833",2024-10-16 03:00:00,"historie",11.74,21.275164225441,NA,NA,NA
"6834",2024-10-16 04:00:00,"historie",13.48,23.5102766532087,NA,NA,NA
"6835",2024-10-16 05:00:00,"historie",16.55,32.6294594062987,NA,NA,NA
"6836",2024-10-16 06:00:00,"historie",16.17,15.5107365508132,NA,NA,NA
"6837",2024-10-16 07:00:00,"historie",16.2,16.0448822265987,NA,NA,NA
"6838",2024-10-16 08:00:00,"historie",16.92,15.2088346385071,NA,NA,NA
"6839",2024-10-16 09:00:00,"historie",28.62,12.4215345407177,NA,NA,NA
"6840",2024-10-16 10:00:00,"historie",11.41,13.9764747453206,NA,NA,NA
"6841",2024-10-16 11:00:00,"historie",4.08,11.8703841586989,NA,NA,NA
"6842",2024-10-16 12:00:00,"historie",3.88,14.717743870988,NA,NA,NA
"6843",2024-10-16 13:00:00,"historie",3.13,15.7534231901507,NA,NA,NA
"6844",2024-10-16 14:00:00,"historie",4.11,17.1479850517044,NA,NA,NA
"6845",2024-10-16 15:00:00,"historie",5.15,15.7029860889614,NA,NA,NA
"6846",2024-10-16 16:00:00,"historie",4.35,14.0755421308707,NA,NA,NA
"6847",2024-10-16 17:00:00,"historie",8.41,16.553535884836,NA,NA,NA
"6848",2024-10-16 18:00:00,"historie",11.82,7.23718366040097,NA,NA,NA
"6849",2024-10-16 19:00:00,"historie",14.29,3.21590740379549,NA,NA,NA
"6850",2024-10-16 20:00:00,"historie",14.39,3.92757512452804,NA,NA,NA
"6851",2024-10-16 21:00:00,"historie",13.65,4.18524641844412,NA,NA,NA
"6852",2024-10-16 22:00:00,"historie",10.93,6.0263842113623,NA,NA,NA
"6853",2024-10-16 23:00:00,"historie",10,7.93929390114326,NA,NA,NA
"6854",2024-10-17,"historie",11.35,6.44440209155037,NA,NA,NA
"6855",2024-10-17 01:00:00,"historie",11.61,12.2381285616212,NA,NA,NA
"6856",2024-10-17 02:00:00,"historie",12.58,13.6165966460719,NA,NA,NA
"6857",2024-10-17 03:00:00,"historie",13.26,15.7205508291756,NA,NA,NA
"6858",2024-10-17 04:00:00,"historie",13.03,16.3619664612549,NA,NA,NA
"6859",2024-10-17 05:00:00,"historie",16.74,13.8027606921986,NA,NA,NA
"6860",2024-10-17 06:00:00,"historie",10.04,11.0455850220727,NA,NA,NA
"6861",2024-10-17 07:00:00,"historie",12.37,9.82006553286964,NA,NA,NA
"6862",2024-10-17 08:00:00,"historie",12.65,11.9833463460386,NA,NA,NA
"6863",2024-10-17 09:00:00,"historie",7.76,10.82331739178,NA,NA,NA
"6864",2024-10-17 10:00:00,"historie",5.59,12.7878551821253,NA,NA,NA
"6865",2024-10-17 11:00:00,"historie",5.69,13.8702514545669,NA,NA,NA
"6866",2024-10-17 12:00:00,"historie",5.48,14.094482915042,NA,NA,NA
"6867",2024-10-17 13:00:00,"historie",5.18,16.1628647821321,NA,NA,NA
"6868",2024-10-17 14:00:00,"historie",7.59,10.6441470108047,NA,NA,NA
"6869",2024-10-17 15:00:00,"historie",15.89,13.7545454335026,NA,NA,NA
"6870",2024-10-17 16:00:00,"historie",19.8,11.9512319215264,NA,NA,NA
"6871",2024-10-17 17:00:00,"historie",22.38,4.9813215059719,NA,NA,NA
"6872",2024-10-17 18:00:00,"historie",35.24,4.54203922471902,NA,NA,NA
"6873",2024-10-17 19:00:00,"historie",39.72,5.04194488543331,NA,NA,NA
"6874",2024-10-17 20:00:00,"historie",13.66,4.89275842740654,NA,NA,NA
"6875",2024-10-17 21:00:00,"historie",12.53,6.34002517865915,NA,NA,NA
"6876",2024-10-17 22:00:00,"historie",12.14,9.49416615312633,NA,NA,NA
"6877",2024-10-17 23:00:00,"historie",16.27,18.5767328314615,NA,NA,NA
"6878",2024-10-18,"historie",15.26,22.6412198254023,NA,NA,NA
"6879",2024-10-18 01:00:00,"historie",15.09,22.971064946901,NA,NA,NA
"6880",2024-10-18 02:00:00,"historie",13.27,33.2975241112423,NA,NA,NA
"6881",2024-10-18 03:00:00,"historie",11.92,33.0875658453537,NA,NA,NA
"6882",2024-10-18 04:00:00,"historie",13.89,12.4688062207654,NA,NA,NA
"6883",2024-10-18 05:00:00,"historie",18.24,13.1874973898818,NA,NA,NA
"6884",2024-10-18 06:00:00,"historie",21.46,12.044005466293,NA,NA,NA
"6885",2024-10-18 07:00:00,"historie",17.22,15.5948627811727,NA,NA,NA
"6886",2024-10-18 08:00:00,"historie",10.13,14.2840149658443,NA,NA,NA
"6887",2024-10-18 09:00:00,"historie",4.73,13.608562591624,NA,NA,NA
"6888",2024-10-18 10:00:00,"historie",5.35,12.9649654153169,NA,NA,NA
"6889",2024-10-18 11:00:00,"historie",5.1,12.3391278782474,NA,NA,NA
"6890",2024-10-18 12:00:00,"historie",4.72,15.6374539774986,NA,NA,NA
"6891",2024-10-18 13:00:00,"historie",5.69,15.9935639294002,NA,NA,NA
"6892",2024-10-18 14:00:00,"historie",4.68,22.0186884011614,NA,NA,NA
"6893",2024-10-18 15:00:00,"historie",11.61,15.6666310243277,NA,NA,NA
"6894",2024-10-18 16:00:00,"historie",17.61,8.52096765530571,NA,NA,NA
"6895",2024-10-18 17:00:00,"historie",28.54,3.44747822726251,NA,NA,NA
"6896",2024-10-18 18:00:00,"historie",31.74,5.11405428847975,NA,NA,NA
"6897",2024-10-18 19:00:00,"historie",26.99,4.55847436180592,NA,NA,NA
"6898",2024-10-18 20:00:00,"historie",23.15,4.48697853305186,NA,NA,NA
"6899",2024-10-18 21:00:00,"historie",23.25,7.33169594354972,NA,NA,NA
"6900",2024-10-18 22:00:00,"historie",21.27,6.35509499733214,NA,NA,NA
"6901",2024-10-18 23:00:00,"historie",25.84,15.917830179312,NA,NA,NA
"6902",2024-10-19,"historie",17.61,20.8234529249135,NA,NA,NA
"6903",2024-10-19 01:00:00,"historie",16.99,31.3353479012466,NA,NA,NA
"6904",2024-10-19 02:00:00,"historie",14.22,29.143441986462,NA,NA,NA
"6905",2024-10-19 03:00:00,"historie",8.03,20.845821486895,NA,NA,NA
"6906",2024-10-19 04:00:00,"historie",13.5,22.3302895504054,NA,NA,NA
"6907",2024-10-19 05:00:00,"historie",14.37,20.6721852884346,NA,NA,NA
"6908",2024-10-19 06:00:00,"historie",10.37,19.4206633324861,NA,NA,NA
"6909",2024-10-19 07:00:00,"historie",15.36,21.7804567554546,NA,NA,NA
"6910",2024-10-19 08:00:00,"historie",20.99,15.2635769545582,NA,NA,NA
"6911",2024-10-19 09:00:00,"historie",20.69,14.9321390762063,NA,NA,NA
"6912",2024-10-19 10:00:00,"historie",10.52,13.3351667273436,NA,NA,NA
"6913",2024-10-19 11:00:00,"historie",6.05,8.55344901719433,NA,NA,NA
"6914",2024-10-19 12:00:00,"historie",4.81,16.8867302163248,NA,NA,NA
"6915",2024-10-19 13:00:00,"historie",5.27,13.3982484097927,NA,NA,NA
"6916",2024-10-19 14:00:00,"historie",7.52,11.1302116872966,NA,NA,NA
"6917",2024-10-19 15:00:00,"historie",11.06,15.2589834681487,NA,NA,NA
"6918",2024-10-19 16:00:00,"historie",14.75,15.6634747057663,NA,NA,NA
"6919",2024-10-19 17:00:00,"historie",22.62,12.8724433466194,NA,NA,NA
"6920",2024-10-19 18:00:00,"historie",29.64,7.26981986849956,NA,NA,NA
"6921",2024-10-19 19:00:00,"historie",25.63,4.99448527187175,NA,NA,NA
"6922",2024-10-19 20:00:00,"historie",28.94,4.68773477003813,NA,NA,NA
"6923",2024-10-19 21:00:00,"historie",19.99,6.33543636004761,NA,NA,NA
"6924",2024-10-19 22:00:00,"historie",21.92,10.912172925344,NA,NA,NA
"6925",2024-10-19 23:00:00,"historie",25.39,13.8070675071152,NA,NA,NA
"6926",2024-10-20,"historie",14,19.0606603339093,NA,NA,NA
"6927",2024-10-20 01:00:00,"historie",16.66,25.4784061759755,NA,NA,NA
"6928",2024-10-20 02:00:00,"historie",14.44,27.9931800325813,NA,NA,NA
"6929",2024-10-20 03:00:00,"historie",11.81,20.9731676553341,NA,NA,NA
"6930",2024-10-20 04:00:00,"historie",9.94,28.004521143271,NA,NA,NA
"6931",2024-10-20 05:00:00,"historie",8.75,17.157381031706,NA,NA,NA
"6932",2024-10-20 06:00:00,"historie",9.71,21.6330545053825,NA,NA,NA
"6933",2024-10-20 07:00:00,"historie",11.8,20.4544400453423,NA,NA,NA
"6934",2024-10-20 08:00:00,"historie",13.11,12.5523099120415,NA,NA,NA
"6935",2024-10-20 09:00:00,"historie",14.8,15.3328656508318,NA,NA,NA
"6936",2024-10-20 10:00:00,"historie",8.89,12.4759731069459,NA,NA,NA
"6937",2024-10-20 11:00:00,"historie",3.65,13.1257107611714,NA,NA,NA
"6938",2024-10-20 12:00:00,"historie",3.87,11.2044011653814,NA,NA,NA
"6939",2024-10-20 13:00:00,"historie",2.38,8.7163917909351,NA,NA,NA
"6940",2024-10-20 14:00:00,"historie",4.51,12.0622478705728,NA,NA,NA
"6941",2024-10-20 15:00:00,"historie",7.83,12.566408695402,NA,NA,NA
"6942",2024-10-20 16:00:00,"historie",10.54,11.3749953587681,NA,NA,NA
"6943",2024-10-20 17:00:00,"historie",19.79,9.88552625205182,NA,NA,NA
"6944",2024-10-20 18:00:00,"historie",23.55,6.40058467056923,NA,NA,NA
"6945",2024-10-20 19:00:00,"historie",28.3,3.17394350408254,NA,NA,NA
"6946",2024-10-20 20:00:00,"historie",21.82,4.31919713217068,NA,NA,NA
"6947",2024-10-20 21:00:00,"historie",21.93,3.18577863596357,NA,NA,NA
"6948",2024-10-20 22:00:00,"historie",20.78,7.7880808665309,NA,NA,NA
"6949",2024-10-20 23:00:00,"historie",18,10.7626449583464,NA,NA,NA
"6950",2024-10-21,"historie",18.5,14.8405896592262,NA,NA,NA
"6951",2024-10-21 01:00:00,"historie",14.1,24.280787310419,NA,NA,NA
"6952",2024-10-21 02:00:00,"historie",16.64,22.5702148814187,NA,NA,NA
"6953",2024-10-21 03:00:00,"historie",15.79,25.3862463063422,NA,NA,NA
"6954",2024-10-21 04:00:00,"historie",19.36,19.6123714646687,NA,NA,NA
"6955",2024-10-21 05:00:00,"historie",17.03,20.8792791738834,NA,NA,NA
"6956",2024-10-21 06:00:00,"historie",17.42,20.0769987815872,NA,NA,NA
"6957",2024-10-21 07:00:00,"historie",14.61,14.3794819293615,NA,NA,NA
"6958",2024-10-21 08:00:00,"historie",13.91,18.2662521263535,NA,NA,NA
"6959",2024-10-21 09:00:00,"historie",11.35,12.040193956707,NA,NA,NA
"6960",2024-10-21 10:00:00,"historie",11.58,15.2691825802659,NA,NA,NA
"6961",2024-10-21 11:00:00,"historie",8.4,15.551907131159,NA,NA,NA
"6962",2024-10-21 12:00:00,"historie",6.41,19.3063504872147,NA,NA,NA
"6963",2024-10-21 13:00:00,"historie",10.12,14.7325474551939,NA,NA,NA
"6964",2024-10-21 14:00:00,"historie",9.91,18.347541364733,NA,NA,NA
"6965",2024-10-21 15:00:00,"historie",14.32,13.8021822564588,NA,NA,NA
"6966",2024-10-21 16:00:00,"historie",22.49,12.1543970771211,NA,NA,NA
"6967",2024-10-21 17:00:00,"historie",31.18,7.62859669590307,NA,NA,NA
"6968",2024-10-21 18:00:00,"historie",36.67,8.14644201009832,NA,NA,NA
"6969",2024-10-21 19:00:00,"historie",31.13,6.77883530423656,NA,NA,NA
"6970",2024-10-21 20:00:00,"historie",26.94,5.40561916780831,NA,NA,NA
"6971",2024-10-21 21:00:00,"historie",22.29,12.3095829064866,NA,NA,NA
"6972",2024-10-21 22:00:00,"historie",19.18,12.0869741064579,NA,NA,NA
"6973",2024-10-21 23:00:00,"historie",15.02,17.0997443910265,NA,NA,NA
"6974",2024-10-22,"historie",12.44,28.1796591834202,NA,NA,NA
"6975",2024-10-22 01:00:00,"historie",12.08,31.960779374963,NA,NA,NA
"6976",2024-10-22 02:00:00,"historie",9.58,33.3229681954301,NA,NA,NA
"6977",2024-10-22 03:00:00,"historie",8.96,24.7593793231863,NA,NA,NA
"6978",2024-10-22 04:00:00,"historie",9.16,24.596262133738,NA,NA,NA
"6979",2024-10-22 05:00:00,"historie",11.73,20.0627055487386,NA,NA,NA
"6980",2024-10-22 06:00:00,"historie",13.83,18.2991429358574,NA,NA,NA
"6981",2024-10-22 07:00:00,"historie",13.2,13.0283888115563,NA,NA,NA
"6982",2024-10-22 08:00:00,"historie",12.12,12.3496156117075,NA,NA,NA
"6983",2024-10-22 09:00:00,"historie",NA,11.8857319625619,NA,NA,NA
"6984",2024-10-22 10:00:00,"historie",NA,9.27358328173704,NA,NA,NA
"6985",2024-10-22 11:00:00,"historie",NA,10.6454684630119,NA,NA,NA
"6986",2024-10-22 12:00:00,"historie",7.21,10.3368004430209,NA,NA,NA
"6987",2024-10-22 13:00:00,"historie",6.33,12.226350658397,NA,NA,NA
"6988",2024-10-22 14:00:00,"historie",7.03,14.8869794185015,NA,NA,NA
"6989",2024-10-22 15:00:00,"historie",13.21,13.0019469206168,NA,NA,NA
"6990",2024-10-22 16:00:00,"historie",28.84,8.97476751896354,NA,NA,NA
"6991",2024-10-22 17:00:00,"historie",30.7,6.43022840682558,NA,NA,NA
"6992",2024-10-22 18:00:00,"historie",19.08,6.03527898159217,NA,NA,NA
"6993",2024-10-22 19:00:00,"historie",8.05,7.43066065094169,NA,NA,NA
"6994",2024-10-22 20:00:00,"historie",5.93,13.7831387310171,NA,NA,NA
"6995",2024-10-22 21:00:00,"historie",10.72,28.3390481689594,NA,NA,NA
"6996",2024-10-22 22:00:00,"historie",13.07,29.6117464581106,NA,NA,NA
"6997",2024-10-22 23:00:00,"historie",11.61,18.4347391567804,NA,NA,NA
"6998",2024-10-23,"historie",10.36,10.1093635946576,NA,NA,NA
"6999",2024-10-23 01:00:00,"historie",9.76,8.33422779176627,NA,NA,NA
"7000",2024-10-23 02:00:00,"historie",10.71,13.7941310827306,NA,NA,NA
"7001",2024-10-23 03:00:00,"historie",10.48,13.3086255281769,NA,NA,NA
"7002",2024-10-23 04:00:00,"historie",9.74,12.1138576050694,NA,NA,NA
"7003",2024-10-23 05:00:00,"historie",13.33,10.6400911855572,NA,NA,NA
"7004",2024-10-23 06:00:00,"historie",15.42,10.1687863712892,NA,NA,NA
"7005",2024-10-23 07:00:00,"historie",21.06,10.1804779024206,NA,NA,NA
"7006",2024-10-23 08:00:00,"historie",19.22,11.0287512618899,NA,NA,NA
"7007",2024-10-23 09:00:00,"historie",14.19,9.71229376512946,NA,NA,NA
"7008",2024-10-23 10:00:00,"historie",11.55,13.3356649985787,NA,NA,NA
"7009",2024-10-23 11:00:00,"historie",12.16,15.5175796632524,NA,NA,NA
"7010",2024-10-23 12:00:00,"historie",4.22,19.6505182674258,NA,NA,NA
"7011",2024-10-23 13:00:00,"historie",2.59,15.2136245009659,NA,NA,NA
"7012",2024-10-23 14:00:00,"historie",4,12.6859015769295,NA,NA,NA
"7013",2024-10-23 15:00:00,"historie",5.84,10.8831875738416,NA,NA,NA
"7014",2024-10-23 16:00:00,"historie",9.83,10.938003614289,NA,NA,NA
"7015",2024-10-23 17:00:00,"historie",20.61,3.63386940362225,NA,NA,NA
"7016",2024-10-23 18:00:00,"historie",28.38,3.04265683302689,NA,NA,NA
"7017",2024-10-23 19:00:00,"historie",26.39,5.66437358626113,NA,NA,NA
"7018",2024-10-23 20:00:00,"historie",19.43,7.62995276490816,NA,NA,NA
"7019",2024-10-23 21:00:00,"historie",19.34,12.228346266664,NA,NA,NA
"7020",2024-10-23 22:00:00,"historie",18.25,22.9934334964704,NA,NA,NA
"7021",2024-10-23 23:00:00,"historie",14.39,24.4252722185175,NA,NA,NA
"7022",2024-10-24,"historie",15.49,25.8304528386139,NA,NA,NA
"7023",2024-10-24 01:00:00,"historie",13.77,20.8170910544856,NA,NA,NA
"7024",2024-10-24 02:00:00,"historie",15.05,19.4885261830572,NA,NA,NA
"7025",2024-10-24 03:00:00,"historie",14.13,16.4631910035547,NA,NA,NA
"7026",2024-10-24 04:00:00,"historie",13,13.7696318780793,NA,NA,NA
"7027",2024-10-24 05:00:00,"historie",11.26,14.8954698867817,NA,NA,NA
"7028",2024-10-24 06:00:00,"historie",12.53,13.1998766819507,NA,NA,NA
"7029",2024-10-24 07:00:00,"historie",14.37,13.4104679055878,NA,NA,NA
"7030",2024-10-24 08:00:00,"historie",14.54,13.5222500926638,NA,NA,NA
"7031",2024-10-24 09:00:00,"historie",14.68,12.8498707743155,NA,NA,NA
"7032",2024-10-24 10:00:00,"historie",7.8,11.0623151089474,NA,NA,NA
"7033",2024-10-24 11:00:00,"historie",5.46,14.0640871647428,NA,NA,NA
"7034",2024-10-24 12:00:00,"historie",9.01,14.0181304502416,NA,NA,NA
"7035",2024-10-24 13:00:00,"historie",4.08,12.4267571623524,NA,NA,NA
"7036",2024-10-24 14:00:00,"historie",5.84,13.5202812682554,NA,NA,NA
"7037",2024-10-24 15:00:00,"historie",7.15,7.49212875504979,NA,NA,NA
"7038",2024-10-24 16:00:00,"historie",28.01,4.8985427652017,NA,NA,NA
"7039",2024-10-24 17:00:00,"historie",42.54,8.36650834327554,NA,NA,NA
"7040",2024-10-24 18:00:00,"historie",48.6,3.9902598357903,NA,NA,NA
"7041",2024-10-24 19:00:00,"historie",43.87,7.61422098575635,NA,NA,NA
"7042",2024-10-24 20:00:00,"historie",34.58,8.74068811341608,NA,NA,NA
"7043",2024-10-24 21:00:00,"historie",25.64,34.7464486724529,NA,NA,NA
"7044",2024-10-24 22:00:00,"historie",23.2,38.2107008845014,NA,NA,NA
"7045",2024-10-24 23:00:00,"historie",19.69,38.1090507274846,NA,NA,NA
"7046",2024-10-25,"historie",18.6,37.0041235589209,NA,NA,NA
"7047",2024-10-25 01:00:00,"historie",19.67,32.0422670066785,NA,NA,NA
"7048",2024-10-25 02:00:00,"historie",15.69,22.6864996850438,NA,NA,NA
"7049",2024-10-25 03:00:00,"historie",12.33,19.6473263495325,NA,NA,NA
"7050",2024-10-25 04:00:00,"historie",13.71,18.1649853535136,NA,NA,NA
"7051",2024-10-25 05:00:00,"historie",13.69,16.574100483028,NA,NA,NA
"7052",2024-10-25 06:00:00,"historie",11.05,18.3677965725642,NA,NA,NA
"7053",2024-10-25 07:00:00,"historie",11.04,13.1114733263976,NA,NA,NA
"7054",2024-10-25 08:00:00,"historie",10.52,11.9599135289494,NA,NA,NA
"7055",2024-10-25 09:00:00,"historie",12.34,13.4983982225961,NA,NA,NA
"7056",2024-10-25 10:00:00,"historie",9.01,13.2789470044895,NA,NA,NA
"7057",2024-10-25 11:00:00,"historie",10.09,11.8758199929773,NA,NA,NA
"7058",2024-10-25 12:00:00,"historie",4.98,11.3794324056103,NA,NA,NA
"7059",2024-10-25 13:00:00,"historie",2.86,9.88580542893125,NA,NA,NA
"7060",2024-10-25 14:00:00,"historie",4.83,11.215282497945,NA,NA,NA
"7061",2024-10-25 15:00:00,"historie",7.28,8.34332904882542,NA,NA,NA
"7062",2024-10-25 16:00:00,"historie",11.35,9.65209382186509,NA,NA,NA
"7063",2024-10-25 17:00:00,"historie",14.02,3.84023045320542,NA,NA,NA
"7064",2024-10-25 18:00:00,"historie",15,3.53651102207571,NA,NA,NA
"7065",2024-10-25 19:00:00,"historie",16.74,6.5782942360936,NA,NA,NA
"7066",2024-10-25 20:00:00,"historie",14.15,10.8771893415932,NA,NA,NA
"7067",2024-10-25 21:00:00,"historie",15.02,14.7217555641376,NA,NA,NA
"7068",2024-10-25 22:00:00,"historie",15.26,16.7731325110693,NA,NA,NA
"7069",2024-10-25 23:00:00,"historie",14.06,15.5471803010847,NA,NA,NA
"7070",2024-10-26,"historie",12.76,18.3211108222061,NA,NA,NA
"7071",2024-10-26 01:00:00,"historie",16.53,15.5777477669328,NA,NA,NA
"7072",2024-10-26 02:00:00,"historie",NA,16.1051016374698,NA,NA,NA
"7073",2024-10-26 03:00:00,"historie",8.87,14.430767889919,NA,NA,NA
"7074",2024-10-26 04:00:00,"historie",11.61,14.1977790006815,NA,NA,NA
"7075",2024-10-26 05:00:00,"historie",12.59,12.6496230759176,NA,NA,NA
"7076",2024-10-26 06:00:00,"historie",12.67,15.5865697607047,NA,NA,NA
"7077",2024-10-26 07:00:00,"historie",13.12,7.88824739766642,NA,NA,NA
"7078",2024-10-26 08:00:00,"historie",NA,13.1272099638871,NA,NA,NA
"7079",2024-10-26 09:00:00,"historie",NA,12.2966327531118,NA,NA,NA
"7080",2024-10-26 10:00:00,"historie",NA,11.9239329942905,NA,NA,NA
"7081",2024-10-26 11:00:00,"historie",7.37,10.3310168058556,NA,NA,NA
"7082",2024-10-26 12:00:00,"historie",5.08,7.63825249222213,NA,NA,NA
"7083",2024-10-26 13:00:00,"historie",4.23,6.07579456042608,NA,NA,NA
"7084",2024-10-26 14:00:00,"historie",4.53,5.43865384541108,NA,NA,NA
"7085",2024-10-26 15:00:00,"historie",4.68,6.73159872449614,NA,NA,NA
"7086",2024-10-26 16:00:00,"historie",6.78,5.44211701797323,NA,NA,NA
"7087",2024-10-26 17:00:00,"historie",11.64,6.56902682136455,NA,NA,NA
"7088",2024-10-26 18:00:00,"historie",21.06,13.0044774409915,NA,NA,NA
"7089",2024-10-26 19:00:00,"historie",17.06,20.0532902176093,NA,NA,NA
"7090",2024-10-26 20:00:00,"historie",19.13,17.4763628591453,NA,NA,NA
"7091",2024-10-26 21:00:00,"historie",14.79,20.2409191081005,NA,NA,NA
"7092",2024-10-26 22:00:00,"historie",14.44,15.4139391383446,NA,NA,NA
"7093",2024-10-26 23:00:00,"historie",14.05,14.914590440568,NA,NA,NA
"7094",2024-10-27,"historie",9.67,14.4918835222973,NA,NA,NA
"7095",2024-10-27 01:00:00,"historie",6.11,10.6370904309191,NA,NA,NA
"7096",2024-10-27 02:00:00,"historie",7.14,6.85964794028657,NA,NA,NA
"7097",2024-10-27 02:00:00,"historie",7.15,7.97273158308571,NA,NA,NA
"7098",2024-10-27 03:00:00,"historie",7.08,8.13379908734924,NA,NA,NA
"7099",2024-10-27 04:00:00,"historie",6.95,8.49561735446224,NA,NA,NA
"7100",2024-10-27 05:00:00,"historie",6.72,7.37952574457669,NA,NA,NA
"7101",2024-10-27 06:00:00,"historie",7.27,7.40737320716676,NA,NA,NA
"7102",2024-10-27 07:00:00,"historie",7.51,7.95100614922586,NA,NA,NA
"7103",2024-10-27 08:00:00,"historie",6.47,7.53318753312464,NA,NA,NA
"7104",2024-10-27 09:00:00,"historie",6,6.39833094117042,NA,NA,NA
"7105",2024-10-27 10:00:00,"historie",5.19,6.54681905434797,NA,NA,NA
"7106",2024-10-27 11:00:00,"historie",5.08,5.66706253917253,NA,NA,NA
"7107",2024-10-27 12:00:00,"historie",4.37,6.03046872652626,NA,NA,NA
"7108",2024-10-27 13:00:00,"historie",4.17,5.43788339006572,NA,NA,NA
"7109",2024-10-27 14:00:00,"historie",4.47,5.81973085959231,NA,NA,NA
"7110",2024-10-27 15:00:00,"historie",5.7,5.65275027519854,NA,NA,NA
"7111",2024-10-27 16:00:00,"historie",9.12,6.26052961531125,NA,NA,NA
"7112",2024-10-27 17:00:00,"historie",16.28,11.4272366518457,NA,NA,NA
"7113",2024-10-27 18:00:00,"historie",15.94,16.0451269976372,NA,NA,NA
"7114",2024-10-27 19:00:00,"historie",19.01,17.2989908037726,NA,NA,NA
"7115",2024-10-27 20:00:00,"historie",23.37,19.2613849317027,NA,NA,NA
"7116",2024-10-27 21:00:00,"historie",13.61,23.6073128732403,NA,NA,NA
"7117",2024-10-27 22:00:00,"historie",13.85,12.5880889207049,NA,NA,NA
"7118",2024-10-27 23:00:00,"historie",11.91,14.0640346575281,NA,NA,NA
"7119",2024-10-28,"historie",9.49,11.8374774765514,NA,NA,NA
"7120",2024-10-28 01:00:00,"historie",8.87,10.0385620146787,NA,NA,NA
"7121",2024-10-28 02:00:00,"historie",9.37,8.86354900545622,NA,NA,NA
"7122",2024-10-28 03:00:00,"historie",9.42,10.0543067838716,NA,NA,NA
"7123",2024-10-28 04:00:00,"historie",8.59,10.1418850207052,NA,NA,NA
"7124",2024-10-28 05:00:00,"historie",6.98,8.65033014650651,NA,NA,NA
"7125",2024-10-28 06:00:00,"historie",6.56,7.30858114952552,NA,NA,NA
"7126",2024-10-28 07:00:00,"historie",6.25,7.15877560197374,NA,NA,NA
"7127",2024-10-28 08:00:00,"historie",6.04,6.32825123874745,NA,NA,NA
"7128",2024-10-28 09:00:00,"historie",4.74,6.13972120027593,NA,NA,NA
"7129",2024-10-28 10:00:00,"historie",4.12,5.14288107569148,NA,NA,NA
"7130",2024-10-28 11:00:00,"historie",5.34,4.78191929859377,NA,NA,NA
"7131",2024-10-28 12:00:00,"historie",3.85,6.35009944878315,NA,NA,NA
"7132",2024-10-28 13:00:00,"historie",3.42,4.57791680287574,NA,NA,NA
"7133",2024-10-28 14:00:00,"historie",5.43,4.84807191434794,NA,NA,NA
"7134",2024-10-28 15:00:00,"historie",12,7.05144240981028,NA,NA,NA
"7135",2024-10-28 16:00:00,"historie",17.85,12.6442994907364,NA,NA,NA
"7136",2024-10-28 17:00:00,"historie",16.01,19.2644006955993,NA,NA,NA
"7137",2024-10-28 18:00:00,"historie",18.63,14.2280222126479,NA,NA,NA
"7138",2024-10-28 19:00:00,"historie",18.89,20.843200272643,NA,NA,NA
"7139",2024-10-28 20:00:00,"historie",14.36,19.1151624421482,NA,NA,NA
"7140",2024-10-28 21:00:00,"historie",9.72,13.8326589547149,NA,NA,NA
"7141",2024-10-28 22:00:00,"historie",11.32,10.3368450729676,NA,NA,NA
"7142",2024-10-28 23:00:00,"historie",12.41,12.0869156572072,NA,NA,NA
"7143",2024-10-29,"historie",11.74,12.5399813955781,NA,NA,NA
"7144",2024-10-29 01:00:00,"historie",11.35,11.8349874083569,NA,NA,NA
"7145",2024-10-29 02:00:00,"historie",10.3,10.894489166678,NA,NA,NA
"7146",2024-10-29 03:00:00,"historie",12.69,10.4773306697815,NA,NA,NA
"7147",2024-10-29 04:00:00,"historie",14.57,13.0799927907982,NA,NA,NA
"7148",2024-10-29 05:00:00,"historie",11.82,13.072749394757,NA,NA,NA
"7149",2024-10-29 06:00:00,"historie",13.06,10.7257681957856,NA,NA,NA
"7150",2024-10-29 07:00:00,"historie",13.83,12.3220701587107,NA,NA,NA
"7151",2024-10-29 08:00:00,"historie",14.24,11.805266819178,NA,NA,NA
"7152",2024-10-29 09:00:00,"historie",12.52,11.5686635142818,NA,NA,NA
"7153",2024-10-29 10:00:00,"historie",8.25,10.7918913402285,NA,NA,NA
"7154",2024-10-29 11:00:00,"historie",7.05,7.90674188331915,NA,NA,NA
"7155",2024-10-29 12:00:00,"historie",9.34,6.94880204842666,NA,NA,NA
"7156",2024-10-29 13:00:00,"historie",7.96,9.93734473381273,NA,NA,NA
"7157",2024-10-29 14:00:00,"historie",7.58,9.2145174199571,NA,NA,NA
"7158",2024-10-29 15:00:00,"historie",13.96,9.13045523541635,NA,NA,NA
"7159",2024-10-29 16:00:00,"historie",20.1,14.6824961583296,NA,NA,NA
"7160",2024-10-29 17:00:00,"historie",25.27,20.1981317704086,NA,NA,NA
"7161",2024-10-29 18:00:00,"historie",22.76,22.5079861780847,NA,NA,NA
"7162",2024-10-29 19:00:00,"historie",19.18,22.3978836208593,NA,NA,NA
"7163",2024-10-29 20:00:00,"historie",14.65,18.0369742060151,NA,NA,NA
"7164",2024-10-29 21:00:00,"historie",14.29,13.6566216599091,NA,NA,NA
"7165",2024-10-29 22:00:00,"historie",10.39,14.9948942242083,NA,NA,NA
"7166",2024-10-29 23:00:00,"historie",10.13,10.3599758839479,NA,NA,NA
"7167",2024-10-30,"historie",9.39,10.7402402971953,NA,NA,NA
"7168",2024-10-30 01:00:00,"historie",10.12,9.90385175066229,NA,NA,NA
"7169",2024-10-30 02:00:00,"historie",9.28,10.1054810509744,NA,NA,NA
"7170",2024-10-30 03:00:00,"historie",10.54,9.96089028746133,NA,NA,NA
"7171",2024-10-30 04:00:00,"historie",10.86,11.4481615152467,NA,NA,NA
"7172",2024-10-30 05:00:00,"historie",9.01,10.2215412270668,NA,NA,NA
"7173",2024-10-30 06:00:00,"historie",10.13,9.09376597025856,NA,NA,NA
"7174",2024-10-30 07:00:00,"historie",10.21,10.3875009846856,NA,NA,NA
"7175",2024-10-30 08:00:00,"historie",7.12,9.56580626469433,NA,NA,NA
"7176",2024-10-30 09:00:00,"historie",6.94,6.49188428582046,NA,NA,NA
"7177",2024-10-30 10:00:00,"historie",4.72,6.87240511402787,NA,NA,NA
"7178",2024-10-30 11:00:00,"historie",3.88,5.02941006915398,NA,NA,NA
"7179",2024-10-30 12:00:00,"historie",4.73,4.66463670728646,NA,NA,NA
"7180",2024-10-30 13:00:00,"historie",6.02,5.6996065987315,NA,NA,NA
"7181",2024-10-30 14:00:00,"historie",6.17,7.75993037543147,NA,NA,NA
"7182",2024-10-30 15:00:00,"historie",6.05,8.14267997340896,NA,NA,NA
"7183",2024-10-30 16:00:00,"historie",11.76,7.18179158955167,NA,NA,NA
"7184",2024-10-30 17:00:00,"historie",14.43,15.08890680412,NA,NA,NA
"7185",2024-10-30 18:00:00,"historie",16.36,14.2215786587851,NA,NA,NA
"7186",2024-10-30 19:00:00,"historie",18.02,17.7929833462572,NA,NA,NA
"7187",2024-10-30 20:00:00,"historie",16.34,17.4663177906536,NA,NA,NA
"7188",2024-10-30 21:00:00,"historie",14.02,15.5275176065746,NA,NA,NA
"7189",2024-10-30 22:00:00,"historie",14.7,13.5402419812512,NA,NA,NA
"7190",2024-10-30 23:00:00,"historie",14.46,14.5111399203129,NA,NA,NA
"7191",2024-10-31,"historie",12.19,13.6769718905416,NA,NA,NA
"7192",2024-10-31 01:00:00,"historie",9.15,12.0075904457183,NA,NA,NA
"7193",2024-10-31 02:00:00,"historie",8.1,8.71882961035708,NA,NA,NA
"7194",2024-10-31 03:00:00,"historie",6.39,9.06477821213092,NA,NA,NA
"7195",2024-10-31 04:00:00,"historie",8.7,7.20070518434947,NA,NA,NA
"7196",2024-10-31 05:00:00,"historie",14.95,9.10573398362389,NA,NA,NA
"7197",2024-10-31 06:00:00,"historie",20.69,15.246033244348,NA,NA,NA
"7198",2024-10-31 07:00:00,"historie",11.43,18.0820297317729,NA,NA,NA
"7199",2024-10-31 08:00:00,"historie",5.78,8.88559044306605,NA,NA,NA
"7200",2024-10-31 09:00:00,"historie",5.41,5.40960808486216,NA,NA,NA
"7201",2024-10-31 10:00:00,"historie",5.58,5.42472951008902,NA,NA,NA
"7202",2024-10-31 11:00:00,"historie",4.7,5.96032352864455,NA,NA,NA
"7203",2024-10-31 12:00:00,"historie",6.92,5.31373146982405,NA,NA,NA
"7204",2024-10-31 13:00:00,"historie",6.69,8.10221223981226,NA,NA,NA
"7205",2024-10-31 14:00:00,"historie",7.94,7.73495408262044,NA,NA,NA
"7206",2024-10-31 15:00:00,"historie",6.82,9.69309092012008,NA,NA,NA
"7207",2024-10-31 16:00:00,"historie",13.8,8.15265924081212,NA,NA,NA
"7208",2024-10-31 17:00:00,"historie",21.74,17.072853783547,NA,NA,NA
"7209",2024-10-31 18:00:00,"historie",21.78,20.8065111860178,NA,NA,NA
"7210",2024-10-31 19:00:00,"historie",22.14,21.6002511858023,NA,NA,NA
"7211",2024-10-31 20:00:00,"historie",15.84,20.3018894794049,NA,NA,NA
"7212",2024-10-31 21:00:00,"historie",15.16,14.3390578303067,NA,NA,NA
"7213",2024-10-31 22:00:00,"historie",15.85,15.2080178023613,NA,NA,NA
"7214",2024-10-31 23:00:00,"historie",13.88,15.2889616370177,NA,NA,NA
"7215",2024-11-01,"historie",11.71,12.8556233167608,NA,NA,NA
"7216",2024-11-01 01:00:00,"historie",10.21,11.219062052391,NA,NA,NA
"7217",2024-11-01 02:00:00,"historie",11.7,9.6891497794882,NA,NA,NA
"7218",2024-11-01 03:00:00,"historie",10.02,11.8552849741249,NA,NA,NA
"7219",2024-11-01 04:00:00,"historie",13.49,10.5606270807792,NA,NA,NA
"7220",2024-11-01 05:00:00,"historie",13.56,13.8430909642109,NA,NA,NA
"7221",2024-11-01 06:00:00,"historie",13,13.4175358648237,NA,NA,NA
"7222",2024-11-01 07:00:00,"historie",14.05,11.3038059616216,NA,NA,NA
"7223",2024-11-01 08:00:00,"historie",12.82,11.268687073628,NA,NA,NA
"7224",2024-11-01 09:00:00,"historie",12.22,10.7693883342816,NA,NA,NA
"7225",2024-11-01 10:00:00,"historie",12.09,10.2314143055054,NA,NA,NA
"7226",2024-11-01 11:00:00,"historie",10.98,10.5068138226102,NA,NA,NA
"7227",2024-11-01 12:00:00,"historie",6.03,10.8089797190607,NA,NA,NA
"7228",2024-11-01 13:00:00,"historie",7.56,5.92552067835764,NA,NA,NA
"7229",2024-11-01 14:00:00,"historie",9.36,9.43272227866165,NA,NA,NA
"7230",2024-11-01 15:00:00,"historie",11.14,10.4156903806348,NA,NA,NA
"7231",2024-11-01 16:00:00,"historie",22.18,13.4941621394738,NA,NA,NA
"7232",2024-11-01 17:00:00,"historie",29.11,25.1090017326164,NA,NA,NA
"7233",2024-11-01 18:00:00,"historie",24.64,25.418986715576,NA,NA,NA
"7234",2024-11-01 19:00:00,"historie",21.44,23.2377099387879,NA,NA,NA
"7235",2024-11-01 20:00:00,"historie",18.85,18.7301444559733,NA,NA,NA
"7236",2024-11-01 21:00:00,"historie",17.89,17.3500910462002,NA,NA,NA
"7237",2024-11-01 22:00:00,"historie",11.93,17.1655422210933,NA,NA,NA
"7238",2024-11-01 23:00:00,"historie",5.61,11.2114396473181,NA,NA,NA
"7239",2024-11-02,"historie",5.33,5.78167700001682,NA,NA,NA
"7240",2024-11-02 01:00:00,"historie",5,6.37061501340764,NA,NA,NA
"7241",2024-11-02 02:00:00,"historie",7.24,5.80820796699597,NA,NA,NA
"7242",2024-11-02 03:00:00,"historie",8.16,8.44051690866633,NA,NA,NA
"7243",2024-11-02 04:00:00,"historie",7.6,9.67461468039148,NA,NA,NA
"7244",2024-11-02 05:00:00,"historie",8.89,8.10507342539022,NA,NA,NA
"7245",2024-11-02 06:00:00,"historie",8.96,9.98029435086466,NA,NA,NA
"7246",2024-11-02 07:00:00,"historie",9.89,8.92529291694159,NA,NA,NA
"7247",2024-11-02 08:00:00,"historie",9.98,8.98348579568284,NA,NA,NA
"7248",2024-11-02 09:00:00,"historie",8.51,9.22701745549023,NA,NA,NA
"7249",2024-11-02 10:00:00,"historie",5.54,7.77770393322229,NA,NA,NA
"7250",2024-11-02 11:00:00,"historie",5.21,5.47605450264627,NA,NA,NA
"7251",2024-11-02 12:00:00,"historie",4.82,5.65942190316599,NA,NA,NA
"7252",2024-11-02 13:00:00,"historie",5.03,5.7236635111425,NA,NA,NA
"7253",2024-11-02 14:00:00,"historie",6.09,6.53760456724435,NA,NA,NA
"7254",2024-11-02 15:00:00,"historie",6.91,7.74813892010311,NA,NA,NA
"7255",2024-11-02 16:00:00,"historie",10.9,9.77681568641923,NA,NA,NA
"7256",2024-11-02 17:00:00,"historie",20.94,14.1507474071136,NA,NA,NA
"7257",2024-11-02 18:00:00,"historie",21.55,21.2287172619759,NA,NA,NA
"7258",2024-11-02 19:00:00,"historie",23.78,21.0040818156638,NA,NA,NA
"7259",2024-11-02 20:00:00,"historie",20.98,21.3521661506147,NA,NA,NA
"7260",2024-11-02 21:00:00,"historie",21.01,18.7725454316748,NA,NA,NA
"7261",2024-11-02 22:00:00,"historie",18.55,18.589392352668,NA,NA,NA
"7262",2024-11-02 23:00:00,"historie",17.35,14.9524303396686,NA,NA,NA
"7263",2024-11-03,"historie",15.91,15.3330228748665,NA,NA,NA
"7264",2024-11-03 01:00:00,"historie",15.14,13.8690706854679,NA,NA,NA
"7265",2024-11-03 02:00:00,"historie",14.42,14.1816137433395,NA,NA,NA
"7266",2024-11-03 03:00:00,"historie",10.13,13.3192331632582,NA,NA,NA
"7267",2024-11-03 04:00:00,"historie",11.13,10.2030238701139,NA,NA,NA
"7268",2024-11-03 05:00:00,"historie",15.09,11.5665835398585,NA,NA,NA
"7269",2024-11-03 06:00:00,"historie",17.15,15.0003269255254,NA,NA,NA
"7270",2024-11-03 07:00:00,"historie",14.02,15.1340723973358,NA,NA,NA
"7271",2024-11-03 08:00:00,"historie",14.86,11.2635243152551,NA,NA,NA
"7272",2024-11-03 09:00:00,"historie",12.74,12.6267535275724,NA,NA,NA
"7273",2024-11-03 10:00:00,"historie",9.81,10.0049323964332,NA,NA,NA
"7274",2024-11-03 11:00:00,"historie",8.41,8.7238428384866,NA,NA,NA
"7275",2024-11-03 12:00:00,"historie",5.04,7.98967390358561,NA,NA,NA
"7276",2024-11-03 13:00:00,"historie",8.48,5.38052901732692,NA,NA,NA
"7277",2024-11-03 14:00:00,"historie",5.59,10.749140508452,NA,NA,NA
"7278",2024-11-03 15:00:00,"historie",9.14,6.2450538616047,NA,NA,NA
"7279",2024-11-03 16:00:00,"historie",22.12,13.3095185527376,NA,NA,NA
"7280",2024-11-03 17:00:00,"historie",21.73,27.1452011922446,NA,NA,NA
"7281",2024-11-03 18:00:00,"historie",28.05,19.2156519412476,NA,NA,NA
"7282",2024-11-03 19:00:00,"historie",26.09,28.2190779477425,NA,NA,NA
"7283",2024-11-03 20:00:00,"historie",24.57,21.8653104040072,NA,NA,NA
"7284",2024-11-03 21:00:00,"historie",15.58,22.0797008389004,NA,NA,NA
"7285",2024-11-03 22:00:00,"historie",14.07,13.7301030699422,NA,NA,NA
"7286",2024-11-03 23:00:00,"historie",11.27,13.0450374666705,NA,NA,NA
"7287",2024-11-04,"historie",11.93,10.754967182434,NA,NA,NA
"7288",2024-11-04 01:00:00,"historie",10,11.7824150834325,NA,NA,NA
"7289",2024-11-04 02:00:00,"historie",14.44,9.95439024100668,NA,NA,NA
"7290",2024-11-04 03:00:00,"historie",18.19,13.9421780252079,NA,NA,NA
"7291",2024-11-04 04:00:00,"historie",16.98,17.8281879659186,NA,NA,NA
"7292",2024-11-04 05:00:00,"historie",16.11,15.8449016950556,NA,NA,NA
"7293",2024-11-04 06:00:00,"historie",15.94,15.3352053075007,NA,NA,NA
"7294",2024-11-04 07:00:00,"historie",14.13,13.9264145960003,NA,NA,NA
"7295",2024-11-04 08:00:00,"historie",13.52,12.0188728451526,NA,NA,NA
"7296",2024-11-04 09:00:00,"historie",14.03,11.5450642527851,NA,NA,NA
"7297",2024-11-04 10:00:00,"historie",13.24,11.3570642201994,NA,NA,NA
"7298",2024-11-04 11:00:00,"historie",8.93,11.2883622090421,NA,NA,NA
"7299",2024-11-04 12:00:00,"historie",4.7,7.51132123482483,NA,NA,NA
"7300",2024-11-04 13:00:00,"historie",7.22,5.44696260584583,NA,NA,NA
"7301",2024-11-04 14:00:00,"historie",10.98,8.53026128880942,NA,NA,NA
"7302",2024-11-04 15:00:00,"historie",31.61,13.0730440560194,NA,NA,NA
"7303",2024-11-04 16:00:00,"historie",10.63,39.6227643900448,NA,NA,NA
"7304",2024-11-04 17:00:00,"historie",10.51,10.1251385367076,NA,NA,NA
"7305",2024-11-04 18:00:00,"historie",9.36,12.7235661759005,NA,NA,NA
"7306",2024-11-04 19:00:00,"historie",11.22,10.9096266744593,NA,NA,NA
"7307",2024-11-04 20:00:00,"historie",10.05,12.4579253525156,NA,NA,NA
"7308",2024-11-04 21:00:00,"historie",11.72,10.2411548250942,NA,NA,NA
"7309",2024-11-04 22:00:00,"historie",13.84,12.4630872081548,NA,NA,NA
"7310",2024-11-04 23:00:00,"historie",12.91,12.8671282456228,NA,NA,NA
"7311",2024-11-05,"historie",11.73,12.4205357691809,NA,NA,NA
"7312",2024-11-05 01:00:00,"historie",10.13,10.9756508107113,NA,NA,NA
"7313",2024-11-05 02:00:00,"historie",9.32,10.782582533804,NA,NA,NA
"7314",2024-11-05 03:00:00,"historie",8.39,9.65163011786731,NA,NA,NA
"7315",2024-11-05 04:00:00,"historie",9.14,9.33706363988543,NA,NA,NA
"7316",2024-11-05 05:00:00,"historie",11.83,10.147978835392,NA,NA,NA
"7317",2024-11-05 06:00:00,"historie",12.96,12.6895284542509,NA,NA,NA
"7318",2024-11-05 07:00:00,"historie",14.94,12.037808602225,NA,NA,NA
"7319",2024-11-05 08:00:00,"historie",10.68,13.2617067551826,NA,NA,NA
"7320",2024-11-05 09:00:00,"historie",11.29,9.32326400790716,NA,NA,NA
"7321",2024-11-05 10:00:00,"historie",5.39,10.0669150841206,NA,NA,NA
"7322",2024-11-05 11:00:00,"historie",4.79,4.82673946729473,NA,NA,NA
"7323",2024-11-05 12:00:00,"historie",7.99,4.80009424379821,NA,NA,NA
"7324",2024-11-05 13:00:00,"historie",10.45,10.1994375778958,NA,NA,NA
"7325",2024-11-05 14:00:00,"historie",10.78,11.2668836435401,NA,NA,NA
"7326",2024-11-05 15:00:00,"historie",12.54,13.8184342570132,NA,NA,NA
"7327",2024-11-05 16:00:00,"historie",27,13.3916607762849,NA,NA,NA
"7328",2024-11-05 17:00:00,"historie",37.46,30.3646970436244,NA,NA,NA
"7329",2024-11-05 18:00:00,"historie",26.08,31.090116533206,NA,NA,NA
"7330",2024-11-05 19:00:00,"historie",18.32,23.2331216086719,NA,NA,NA
"7331",2024-11-05 20:00:00,"historie",17.91,16.0851068519625,NA,NA,NA
"7332",2024-11-05 21:00:00,"historie",14.09,17.1623739044299,NA,NA,NA
"7333",2024-11-05 22:00:00,"historie",11.09,13.4977275457976,NA,NA,NA
"7334",2024-11-05 23:00:00,"historie",10.6,10.3773000171544,NA,NA,NA
"7335",2024-11-06,"historie",10.69,10.7430205039586,NA,NA,NA
"7336",2024-11-06 01:00:00,"historie",9.2,10.3353813722216,NA,NA,NA
"7337",2024-11-06 02:00:00,"historie",9.26,9.62514588718507,NA,NA,NA
"7338",2024-11-06 03:00:00,"historie",9.33,9.50206635753712,NA,NA,NA
"7339",2024-11-06 04:00:00,"historie",8.58,10.2830303244886,NA,NA,NA
"7340",2024-11-06 05:00:00,"historie",11.11,9.55657641951964,NA,NA,NA
"7341",2024-11-06 06:00:00,"historie",13.53,12.2054466696461,NA,NA,NA
"7342",2024-11-06 07:00:00,"historie",14.7,13.0942165613229,NA,NA,NA
"7343",2024-11-06 08:00:00,"historie",11.29,12.4498184479727,NA,NA,NA
"7344",2024-11-06 09:00:00,"historie",8.66,10.1207055084655,NA,NA,NA
"7345",2024-11-06 10:00:00,"historie",7.74,7.00634274275741,NA,NA,NA
"7346",2024-11-06 11:00:00,"historie",8.6,7.32767372277179,NA,NA,NA
"7347",2024-11-06 12:00:00,"historie",8.9,8.43742935222093,NA,NA,NA
"7348",2024-11-06 13:00:00,"historie",8.39,10.0874867875578,NA,NA,NA
"7349",2024-11-06 14:00:00,"historie",12.25,9.06427088382546,NA,NA,NA
"7350",2024-11-06 15:00:00,"historie",11.14,15.6060315602846,NA,NA,NA
"7351",2024-11-06 16:00:00,"historie",14.92,13.3993071893901,NA,NA,NA
"7352",2024-11-06 17:00:00,"historie",15.66,18.4311114207517,NA,NA,NA
"7353",2024-11-06 18:00:00,"historie",15.98,15.1370104342273,NA,NA,NA
"7354",2024-11-06 19:00:00,"historie",17.83,16.5598991128119,NA,NA,NA
"7355",2024-11-06 20:00:00,"historie",14.73,17.2702951445833,NA,NA,NA
"7356",2024-11-06 21:00:00,"historie",14.89,13.6621363676736,NA,NA,NA
"7357",2024-11-06 22:00:00,"historie",14.1,14.4290334470919,NA,NA,NA
"7358",2024-11-06 23:00:00,"historie",14.83,12.8382108314916,NA,NA,NA
"7359",2024-11-07,"historie",17.43,14.1320696026324,NA,NA,NA
"7360",2024-11-07 01:00:00,"historie",21.53,15.2621703945915,NA,NA,NA
"7361",2024-11-07 02:00:00,"historie",19.99,19.6379567665546,NA,NA,NA
"7362",2024-11-07 03:00:00,"historie",14.4,16.7793351392942,NA,NA,NA
"7363",2024-11-07 04:00:00,"historie",12.37,13.2552523895845,NA,NA,NA
"7364",2024-11-07 05:00:00,"historie",14.91,12.892269314804,NA,NA,NA
"7365",2024-11-07 06:00:00,"historie",14.82,15.3298942913977,NA,NA,NA
"7366",2024-11-07 07:00:00,"historie",16.55,13.7243607483261,NA,NA,NA
"7367",2024-11-07 08:00:00,"historie",13.29,13.7439834551424,NA,NA,NA
"7368",2024-11-07 09:00:00,"historie",14.42,11.1841583563,NA,NA,NA
"7369",2024-11-07 10:00:00,"historie",15.77,11.5122132507887,NA,NA,NA
"7370",2024-11-07 11:00:00,"historie",13.14,13.3394141327815,NA,NA,NA
"7371",2024-11-07 12:00:00,"historie",14.41,11.0142054609776,NA,NA,NA
"7372",2024-11-07 13:00:00,"historie",18.3,14.5553392620826,NA,NA,NA
"7373",2024-11-07 14:00:00,"historie",18.56,18.2490971828071,NA,NA,NA
"7374",2024-11-07 15:00:00,"historie",18.76,18.915146621649,NA,NA,NA
"7375",2024-11-07 16:00:00,"historie",19.72,20.599884782816,NA,NA,NA
"7376",2024-11-07 17:00:00,"historie",20.12,20.93370559456,NA,NA,NA
"7377",2024-11-07 18:00:00,"historie",19.41,18.8112527787723,NA,NA,NA
"7378",2024-11-07 19:00:00,"historie",22.4,19.377273759467,NA,NA,NA
"7379",2024-11-07 20:00:00,"historie",22,20.2526817990131,NA,NA,NA
"7380",2024-11-07 21:00:00,"historie",17.32,19.5954814741638,NA,NA,NA
"7381",2024-11-07 22:00:00,"historie",14.59,15.4812595286434,NA,NA,NA
"7382",2024-11-07 23:00:00,"historie",13.44,13.397310309738,NA,NA,NA
"7383",2024-11-08,"historie",12.81,13.2628667263637,NA,NA,NA
"7384",2024-11-08 01:00:00,"historie",11.96,12.3759711562177,NA,NA,NA
"7385",2024-11-08 02:00:00,"historie",13.41,12.0252232016697,NA,NA,NA
"7386",2024-11-08 03:00:00,"historie",14.47,12.6465437908044,NA,NA,NA
"7387",2024-11-08 04:00:00,"historie",10.71,14.1200133360224,NA,NA,NA
"7388",2024-11-08 05:00:00,"historie",9.18,11.2475846623604,NA,NA,NA
"7389",2024-11-08 06:00:00,"historie",11.2,9.9259863876737,NA,NA,NA
"7390",2024-11-08 07:00:00,"historie",9.79,11.9009579296116,NA,NA,NA
"7391",2024-11-08 08:00:00,"historie",9.13,8.68913536881105,NA,NA,NA
"7392",2024-11-08 09:00:00,"historie",9.76,9.11353751270414,NA,NA,NA
"7393",2024-11-08 10:00:00,"historie",10.71,8.85820378191306,NA,NA,NA
"7394",2024-11-08 11:00:00,"historie",9.97,9.89335027469297,NA,NA,NA
"7395",2024-11-08 12:00:00,"historie",9.87,9.48532114979827,NA,NA,NA
"7396",2024-11-08 13:00:00,"historie",9.34,11.0972860982666,NA,NA,NA
"7397",2024-11-08 14:00:00,"historie",11.27,10.3161135060116,NA,NA,NA
"7398",2024-11-08 15:00:00,"historie",24.97,13.5851185870392,NA,NA,NA
"7399",2024-11-08 16:00:00,"historie",44.77,28.8868756020399,NA,NA,NA
"7400",2024-11-08 17:00:00,"historie",37.87,41.898537538997,NA,NA,NA
"7401",2024-11-08 18:00:00,"historie",24.44,29.2977982109858,NA,NA,NA
"7402",2024-11-08 19:00:00,"historie",20.36,22.1917367846188,NA,NA,NA
"7403",2024-11-08 20:00:00,"historie",20.88,18.3803437685415,NA,NA,NA
"7404",2024-11-08 21:00:00,"historie",22.9,18.8093276624498,NA,NA,NA
"7405",2024-11-08 22:00:00,"historie",21.96,20.1840092322019,NA,NA,NA
"7406",2024-11-08 23:00:00,"historie",19.68,18.5226826359286,NA,NA,NA
"7407",2024-11-09,"historie",15.74,17.4555123708321,NA,NA,NA
"7408",2024-11-09 01:00:00,"historie",14.72,13.8676206140215,NA,NA,NA
"7409",2024-11-09 02:00:00,"historie",15.42,14.4501791314077,NA,NA,NA
"7410",2024-11-09 03:00:00,"historie",13.12,14.2997568518516,NA,NA,NA
"7411",2024-11-09 04:00:00,"historie",12.17,12.1192819265734,NA,NA,NA
"7412",2024-11-09 05:00:00,"historie",12.84,12.5684060296787,NA,NA,NA
"7413",2024-11-09 06:00:00,"historie",13.65,13.4364108130848,NA,NA,NA
"7414",2024-11-09 07:00:00,"historie",10.93,12.9481979558734,NA,NA,NA
"7415",2024-11-09 08:00:00,"historie",12.32,9.48620736352785,NA,NA,NA
"7416",2024-11-09 09:00:00,"historie",12.45,11.91554421001,NA,NA,NA
"7417",2024-11-09 10:00:00,"historie",17.39,10.7143304211608,NA,NA,NA
"7418",2024-11-09 11:00:00,"historie",12.42,15.1458149851842,NA,NA,NA
"7419",2024-11-09 12:00:00,"historie",5.01,10.600044956619,NA,NA,NA
"7420",2024-11-09 13:00:00,"historie",13.16,5.49425469770643,NA,NA,NA
"7421",2024-11-09 14:00:00,"historie",27.34,16.9701972532306,NA,NA,NA
"7422",2024-11-09 15:00:00,"historie",40.7,30.906940353621,NA,NA,NA
"7423",2024-11-09 16:00:00,"historie",33.8,41.3764277434402,NA,NA,NA
"7424",2024-11-09 17:00:00,"historie",22.26,29.4873013670346,NA,NA,NA
"7425",2024-11-09 18:00:00,"historie",17.25,18.6270770381793,NA,NA,NA
"7426",2024-11-09 19:00:00,"historie",17.4,17.2728801041348,NA,NA,NA
"7427",2024-11-09 20:00:00,"historie",23.68,17.0365604343732,NA,NA,NA
"7428",2024-11-09 21:00:00,"historie",26.89,22.4926539325349,NA,NA,NA
"7429",2024-11-09 22:00:00,"historie",18.2,23.1513451075285,NA,NA,NA
"7430",2024-11-09 23:00:00,"historie",15.43,15.2528544594997,NA,NA,NA
"7431",2024-11-10,"historie",17.17,14.3433307001588,NA,NA,NA
"7432",2024-11-10 01:00:00,"historie",12.32,15.9102314774642,NA,NA,NA
"7433",2024-11-10 02:00:00,"historie",13.19,11.9220381681781,NA,NA,NA
"7434",2024-11-10 03:00:00,"historie",11.42,12.7248973962642,NA,NA,NA
"7435",2024-11-10 04:00:00,"historie",14.98,11.0209347935049,NA,NA,NA
"7436",2024-11-10 05:00:00,"historie",17.12,15.8589639582612,NA,NA,NA
"7437",2024-11-10 06:00:00,"historie",13.33,16.7150942009707,NA,NA,NA
"7438",2024-11-10 07:00:00,"historie",13.42,11.7947185455787,NA,NA,NA
"7439",2024-11-10 08:00:00,"historie",17.06,12.2138457884228,NA,NA,NA
"7440",2024-11-10 09:00:00,"historie",17.4,15.4954037443982,NA,NA,NA
"7441",2024-11-10 10:00:00,"historie",13.82,14.8494784616846,NA,NA,NA
"7442",2024-11-10 11:00:00,"historie",15.12,11.1579334529063,NA,NA,NA
"7443",2024-11-10 12:00:00,"historie",17.91,12.2030902358241,NA,NA,NA
"7444",2024-11-10 13:00:00,"historie",26.12,19.9784043303398,NA,NA,NA
"7445",2024-11-10 14:00:00,"historie",40.08,26.7002769062547,NA,NA,NA
"7446",2024-11-10 15:00:00,"historie",45.59,41.3811050939331,NA,NA,NA
"7447",2024-11-10 16:00:00,"historie",45.49,41.1281636234937,NA,NA,NA
"7448",2024-11-10 17:00:00,"historie",45.64,37.1754338184955,NA,NA,NA
"7449",2024-11-10 18:00:00,"historie",36.98,34.482714279766,NA,NA,NA
"7450",2024-11-10 19:00:00,"historie",27.09,30.9404842684736,NA,NA,NA
"7451",2024-11-10 20:00:00,"historie",14.91,23.7475483109768,NA,NA,NA
"7452",2024-11-10 21:00:00,"historie",14.39,13.8653234439746,NA,NA,NA
"7453",2024-11-10 22:00:00,"historie",17.14,13.8688899082786,NA,NA,NA
"7454",2024-11-10 23:00:00,"historie",12.25,16.1447484490373,NA,NA,NA
"7455",2024-11-11,"historie",10.88,11.7504092763613,NA,NA,NA
"7456",2024-11-11 01:00:00,"historie",10.23,10.4744745985039,NA,NA,NA
"7457",2024-11-11 02:00:00,"historie",9.53,11.059323525159,NA,NA,NA
"7458",2024-11-11 03:00:00,"historie",11.98,9.43935993136555,NA,NA,NA
"7459",2024-11-11 04:00:00,"historie",14.01,12.9614257025444,NA,NA,NA
"7460",2024-11-11 05:00:00,"historie",16.07,14.6516203697005,NA,NA,NA
"7461",2024-11-11 06:00:00,"historie",14.71,15.5054233697179,NA,NA,NA
"7462",2024-11-11 07:00:00,"historie",11.96,13.4241156032881,NA,NA,NA
"7463",2024-11-11 08:00:00,"historie",12.63,11.1530567960612,NA,NA,NA
"7464",2024-11-11 09:00:00,"historie",13.19,12.197083429064,NA,NA,NA
"7465",2024-11-11 10:00:00,"historie",11.33,11.7849056949661,NA,NA,NA
"7466",2024-11-11 11:00:00,"historie",11.07,10.2584905059737,NA,NA,NA
"7467",2024-11-11 12:00:00,"historie",12.09,10.2786269669874,NA,NA,NA
"7468",2024-11-11 13:00:00,"historie",17.44,14.745034887221,NA,NA,NA
"7469",2024-11-11 14:00:00,"historie",16.08,20.4660523066021,NA,NA,NA
"7470",2024-11-11 15:00:00,"historie",16.87,18.6963085075542,NA,NA,NA
"7471",2024-11-11 16:00:00,"historie",18.41,19.6354153397725,NA,NA,NA
"7472",2024-11-11 17:00:00,"historie",18.85,19.5872071807834,NA,NA,NA
"7473",2024-11-11 18:00:00,"historie",22.72,17.7522423970402,NA,NA,NA
"7474",2024-11-11 19:00:00,"historie",20.38,22.3679122076407,NA,NA,NA
"7475",2024-11-11 20:00:00,"historie",17.95,17.9271484070207,NA,NA,NA
"7476",2024-11-11 21:00:00,"historie",16.33,17.3334517371847,NA,NA,NA
"7477",2024-11-11 22:00:00,"historie",12.09,15.5089161009198,NA,NA,NA
"7478",2024-11-11 23:00:00,"historie",13.85,10.9631820511271,NA,NA,NA
"7479",2024-11-12,"historie",14.37,14.0818717004302,NA,NA,NA
"7480",2024-11-12 01:00:00,"historie",14.97,13.1341989643987,NA,NA,NA
"7481",2024-11-12 02:00:00,"historie",16.88,14.6906967293966,NA,NA,NA
"7482",2024-11-12 03:00:00,"historie",13.62,15.78088329479,NA,NA,NA
"7483",2024-11-12 04:00:00,"historie",14.33,13.1425377559529,NA,NA,NA
"7484",2024-11-12 05:00:00,"historie",15.9,15.0892142803053,NA,NA,NA
"7485",2024-11-12 06:00:00,"historie",16.58,15.28138663313,NA,NA,NA
"7486",2024-11-12 07:00:00,"historie",15.34,14.7716121597581,NA,NA,NA
"7487",2024-11-12 08:00:00,"historie",9.99,13.8354754066435,NA,NA,NA
"7488",2024-11-12 09:00:00,"historie",10.1,9.35489216104105,NA,NA,NA
"7489",2024-11-12 10:00:00,"historie",11.31,9.71427049240689,NA,NA,NA
"7490",2024-11-12 11:00:00,"historie",10.99,10.7474713152979,NA,NA,NA
"7491",2024-11-12 12:00:00,"historie",10.6,10.2855087821923,NA,NA,NA
"7492",2024-11-12 13:00:00,"historie",11.52,13.2148428036769,NA,NA,NA
"7493",2024-11-12 14:00:00,"historie",13.72,13.4642113432424,NA,NA,NA
"7494",2024-11-12 15:00:00,"historie",13.19,17.1112215127271,NA,NA,NA
"7495",2024-11-12 16:00:00,"historie",18.7,15.5304770300516,NA,NA,NA
"7496",2024-11-12 17:00:00,"historie",37.76,20.6446372836744,NA,NA,NA
"7497",2024-11-12 18:00:00,"historie",33.73,35.1191265491373,NA,NA,NA
"7498",2024-11-12 19:00:00,"historie",28.73,27.7343012115,NA,NA,NA
"7499",2024-11-12 20:00:00,"historie",30.8,24.0102368485789,NA,NA,NA
"7500",2024-11-12 21:00:00,"historie",21.83,26.8947192711362,NA,NA,NA
"7501",2024-11-12 22:00:00,"historie",15.53,17.6316095292659,NA,NA,NA
"7502",2024-11-12 23:00:00,"historie",14.87,14.0335209289463,NA,NA,NA
"7503",2024-11-13,"historie",12.63,14.47957192362,NA,NA,NA
"7504",2024-11-13 01:00:00,"historie",11.23,11.8424913836978,NA,NA,NA
"7505",2024-11-13 02:00:00,"historie",9.99,11.8253064173462,NA,NA,NA
"7506",2024-11-13 03:00:00,"historie",9.48,9.86740554862373,NA,NA,NA
"7507",2024-11-13 04:00:00,"historie",8.84,10.4390248089065,NA,NA,NA
"7508",2024-11-13 05:00:00,"historie",12.23,10.1258601606132,NA,NA,NA
"7509",2024-11-13 06:00:00,"historie",10.46,13.281270629014,NA,NA,NA
"7510",2024-11-13 07:00:00,"historie",12.03,9.99241968952202,NA,NA,NA
"7511",2024-11-13 08:00:00,"historie",13.42,11.4187465165227,NA,NA,NA
"7512",2024-11-13 09:00:00,"historie",10.97,12.8776956532023,NA,NA,NA
"7513",2024-11-13 10:00:00,"historie",9.62,10.0195431360724,NA,NA,NA
"7514",2024-11-13 11:00:00,"historie",12.31,9.22684058433194,NA,NA,NA
"7515",2024-11-13 12:00:00,"historie",13.21,11.9124163854971,NA,NA,NA
"7516",2024-11-13 13:00:00,"historie",12.37,15.2667927436618,NA,NA,NA
"7517",2024-11-13 14:00:00,"historie",12.33,13.9685062209065,NA,NA,NA
"7518",2024-11-13 15:00:00,"historie",12.17,14.771188226956,NA,NA,NA
"7519",2024-11-13 16:00:00,"historie",13.43,15.1690204169022,NA,NA,NA
"7520",2024-11-13 17:00:00,"historie",13.26,16.7246736804984,NA,NA,NA
"7521",2024-11-13 18:00:00,"historie",12.11,13.7620819382071,NA,NA,NA
"7522",2024-11-13 19:00:00,"historie",12.57,13.1295738022242,NA,NA,NA
"7523",2024-11-13 20:00:00,"historie",17.39,13.6142753059439,NA,NA,NA
"7524",2024-11-13 21:00:00,"historie",16.98,17.5121045659491,NA,NA,NA
"7525",2024-11-13 22:00:00,"historie",15.17,15.1409660353789,NA,NA,NA
"7526",2024-11-13 23:00:00,"historie",10.19,14.2512110757255,NA,NA,NA
"7527",2024-11-14,"historie",11.82,9.88184977029045,NA,NA,NA
"7528",2024-11-14 01:00:00,"historie",10.46,11.9795864537108,NA,NA,NA
"7529",2024-11-14 02:00:00,"historie",9.68,10.6657094037698,NA,NA,NA
"7530",2024-11-14 03:00:00,"historie",9.95,9.7565775147502,NA,NA,NA
"7531",2024-11-14 04:00:00,"historie",10.96,10.6600940660319,NA,NA,NA
"7532",2024-11-14 05:00:00,"historie",12.53,12.5960121845625,NA,NA,NA
"7533",2024-11-14 06:00:00,"historie",14.17,12.4939596073388,NA,NA,NA
"7534",2024-11-14 07:00:00,"historie",17.7,13.7776146842754,NA,NA,NA
"7535",2024-11-14 08:00:00,"historie",13.4,15.9547190057129,NA,NA,NA
"7536",2024-11-14 09:00:00,"historie",11.95,11.6505622119538,NA,NA,NA
"7537",2024-11-14 10:00:00,"historie",11.73,10.9296051730028,NA,NA,NA
"7538",2024-11-14 11:00:00,"historie",11.71,11.3858198143512,NA,NA,NA
"7539",2024-11-14 12:00:00,"historie",17.23,11.132598395945,NA,NA,NA
"7540",2024-11-14 13:00:00,"historie",14.42,19.4483384259797,NA,NA,NA
"7541",2024-11-14 14:00:00,"historie",8.79,14.8637570878086,NA,NA,NA
"7542",2024-11-14 15:00:00,"historie",11.57,10.2764597496515,NA,NA,NA
"7543",2024-11-14 16:00:00,"historie",13,15.2237762056322,NA,NA,NA
"7544",2024-11-14 17:00:00,"historie",13.42,15.1658097355889,NA,NA,NA
"7545",2024-11-14 18:00:00,"historie",12.66,13.8119777492672,NA,NA,NA
"7546",2024-11-14 19:00:00,"historie",10.79,13.5297092459657,NA,NA,NA
"7547",2024-11-14 20:00:00,"historie",8.59,12.0243973763591,NA,NA,NA
"7548",2024-11-14 21:00:00,"historie",8.47,9.3344664579276,NA,NA,NA
"7549",2024-11-14 22:00:00,"historie",8.17,9.1524598591504,NA,NA,NA
"7550",2024-11-14 23:00:00,"historie",8.89,8.48323735935232,NA,NA,NA
"7551",2024-11-15,"historie",10.43,10.0155068923738,NA,NA,NA
"7552",2024-11-15 01:00:00,"historie",10.25,10.5140049591157,NA,NA,NA
"7553",2024-11-15 02:00:00,"historie",10.23,10.6531761826493,NA,NA,NA
"7554",2024-11-15 03:00:00,"historie",11.55,10.3427596491137,NA,NA,NA
"7555",2024-11-15 04:00:00,"historie",11.24,12.2709265137318,NA,NA,NA
"7556",2024-11-15 05:00:00,"historie",14.84,12.3989208131123,NA,NA,NA
"7557",2024-11-15 06:00:00,"historie",15.35,15.1171718502961,NA,NA,NA
"7558",2024-11-15 07:00:00,"historie",24.81,14.7660887527044,NA,NA,NA
"7559",2024-11-15 08:00:00,"historie",22.73,21.1157151516403,NA,NA,NA
"7560",2024-11-15 09:00:00,"historie",29.42,18.0416252994567,NA,NA,NA
"7561",2024-11-15 10:00:00,"historie",8.99,23.5586094326899,NA,NA,NA
"7562",2024-11-15 11:00:00,"historie",7.16,7.37116025280705,NA,NA,NA
"7563",2024-11-15 12:00:00,"historie",9.52,8.24118867613909,NA,NA,NA
"7564",2024-11-15 13:00:00,"historie",7.27,11.5900264955815,NA,NA,NA
"7565",2024-11-15 14:00:00,"historie",14.32,8.04429011169749,NA,NA,NA
"7566",2024-11-15 15:00:00,"historie",27.84,18.9858726197543,NA,NA,NA
"7567",2024-11-15 16:00:00,"historie",35.5,29.8592959270788,NA,NA,NA
"7568",2024-11-15 17:00:00,"historie",28.46,33.0208136136744,NA,NA,NA
"7569",2024-11-15 18:00:00,"historie",34.9,23.2870808617984,NA,NA,NA
"7570",2024-11-15 19:00:00,"historie",29.44,30.3301006063526,NA,NA,NA
"7571",2024-11-15 20:00:00,"historie",19.67,24.1491776294912,NA,NA,NA
"7572",2024-11-15 21:00:00,"historie",16.85,16.9880516690125,NA,NA,NA
"7573",2024-11-15 22:00:00,"historie",17.55,15.0500898582229,NA,NA,NA
"7574",2024-11-15 23:00:00,"historie",28.75,15.9190593306034,NA,NA,NA
"7575",2024-11-16,"historie",25.72,26.5240047043872,NA,NA,NA
"7576",2024-11-16 01:00:00,"historie",26.71,19.8153465838857,NA,NA,NA
"7577",2024-11-16 02:00:00,"historie",19.9,22.7974534808337,NA,NA,NA
"7578",2024-11-16 03:00:00,"historie",20.08,16.5914757319114,NA,NA,NA
"7579",2024-11-16 04:00:00,"historie",20.84,18.4180558961623,NA,NA,NA
"7580",2024-11-16 05:00:00,"historie",15.38,20.7265067857469,NA,NA,NA
"7581",2024-11-16 06:00:00,"historie",16.07,13.9315611914685,NA,NA,NA
"7582",2024-11-16 07:00:00,"historie",14.67,16.8283034756332,NA,NA,NA
"7583",2024-11-16 08:00:00,"historie",15.38,12.8590880954477,NA,NA,NA
"7584",2024-11-16 09:00:00,"historie",20.06,15.0925819406082,NA,NA,NA
"7585",2024-11-16 10:00:00,"historie",8.77,14.9735483585025,NA,NA,NA
"7586",2024-11-16 11:00:00,"historie",4.12,7.69219798552462,NA,NA,NA
"7587",2024-11-16 12:00:00,"historie",4.33,4.85889625823595,NA,NA,NA
"7588",2024-11-16 13:00:00,"historie",4.63,5.85134662149287,NA,NA,NA
"7589",2024-11-16 14:00:00,"historie",4.4,6.75649795545854,NA,NA,NA
"7590",2024-11-16 15:00:00,"historie",6.43,6.96856031874516,NA,NA,NA
"7591",2024-11-16 16:00:00,"historie",13.6,9.78955036358451,NA,NA,NA
"7592",2024-11-16 17:00:00,"historie",18.19,17.0194956992637,NA,NA,NA
"7593",2024-11-16 18:00:00,"historie",21.03,18.9200695426877,NA,NA,NA
"7594",2024-11-16 19:00:00,"historie",16.86,20.0888754444589,NA,NA,NA
"7595",2024-11-16 20:00:00,"historie",15.97,15.3981971388894,NA,NA,NA
"7596",2024-11-16 21:00:00,"historie",21.53,15.4946190708352,NA,NA,NA
"7597",2024-11-16 22:00:00,"historie",15.51,20.0513912744236,NA,NA,NA
"7598",2024-11-16 23:00:00,"historie",13.23,14.61761602014,NA,NA,NA
"7599",2024-11-17,"historie",10.67,13.1503829559126,NA,NA,NA
"7600",2024-11-17 01:00:00,"historie",7.33,10.6216168592403,NA,NA,NA
"7601",2024-11-17 02:00:00,"historie",7.82,7.67265672503344,NA,NA,NA
"7602",2024-11-17 03:00:00,"historie",6.54,9.02042874845561,NA,NA,NA
"7603",2024-11-17 04:00:00,"historie",5.93,7.53587717136386,NA,NA,NA
"7604",2024-11-17 05:00:00,"historie",6.92,7.37419670472637,NA,NA,NA
"7605",2024-11-17 06:00:00,"historie",7.89,8.38133303870344,NA,NA,NA
"7606",2024-11-17 07:00:00,"historie",8.02,9.28501462053852,NA,NA,NA
"7607",2024-11-17 08:00:00,"historie",8.05,8.45511222273842,NA,NA,NA
"7608",2024-11-17 09:00:00,"historie",7.67,9.26268940725187,NA,NA,NA
"7609",2024-11-17 10:00:00,"historie",8.56,6.48601376416231,NA,NA,NA
"7610",2024-11-17 11:00:00,"historie",9.91,8.2485709022325,NA,NA,NA
"7611",2024-11-17 12:00:00,"historie",11.32,10.5300320385304,NA,NA,NA
"7612",2024-11-17 13:00:00,"historie",11.36,11.8954955439877,NA,NA,NA
"7613",2024-11-17 14:00:00,"historie",9.77,12.2866160907038,NA,NA,NA
"7614",2024-11-17 15:00:00,"historie",11.55,12.3122209483583,NA,NA,NA
"7615",2024-11-17 16:00:00,"historie",13.06,15.4768049341925,NA,NA,NA
"7616",2024-11-17 17:00:00,"historie",13.37,15.0769956387662,NA,NA,NA
"7617",2024-11-17 18:00:00,"historie",11.11,14.6163927652821,NA,NA,NA
"7618",2024-11-17 19:00:00,"historie",10.43,11.3745358064941,NA,NA,NA
"7619",2024-11-17 20:00:00,"historie",9.19,11.2605896871812,NA,NA,NA
"7620",2024-11-17 21:00:00,"historie",9.84,10.4361663780009,NA,NA,NA
"7621",2024-11-17 22:00:00,"historie",7.33,10.1603621610493,NA,NA,NA
"7622",2024-11-17 23:00:00,"historie",5.96,8.04199064335814,NA,NA,NA
"7623",2024-11-18,"historie",7.48,6.82536880038031,NA,NA,NA
"7624",2024-11-18 01:00:00,"historie",11.58,8.22365277463443,NA,NA,NA
"7625",2024-11-18 02:00:00,"historie",10.24,12.5044416758642,NA,NA,NA
"7626",2024-11-18 03:00:00,"historie",8,9.86768064877778,NA,NA,NA
"7627",2024-11-18 04:00:00,"historie",8.98,8.47923785652107,NA,NA,NA
"7628",2024-11-18 05:00:00,"historie",11.24,10.5364412428065,NA,NA,NA
"7629",2024-11-18 06:00:00,"historie",18.22,12.0465560337212,NA,NA,NA
"7630",2024-11-18 07:00:00,"historie",17.88,18.4373038825295,NA,NA,NA
"7631",2024-11-18 08:00:00,"historie",21.78,15.1327190098736,NA,NA,NA
"7632",2024-11-18 09:00:00,"historie",15.49,19.85526551469,NA,NA,NA
"7633",2024-11-18 10:00:00,"historie",5.56,11.2197611031079,NA,NA,NA
"7634",2024-11-18 11:00:00,"historie",7.04,5.16078765842227,NA,NA,NA
"7635",2024-11-18 12:00:00,"historie",7.99,8.73799727582223,NA,NA,NA
"7636",2024-11-18 13:00:00,"historie",7.98,8.99801438328151,NA,NA,NA
"7637",2024-11-18 14:00:00,"historie",9.47,9.2127428332074,NA,NA,NA
"7638",2024-11-18 15:00:00,"historie",10.69,12.6023650337934,NA,NA,NA
"7639",2024-11-18 16:00:00,"historie",13.02,13.6917227099355,NA,NA,NA
"7640",2024-11-18 17:00:00,"historie",15.75,15.0001262643967,NA,NA,NA
"7641",2024-11-18 18:00:00,"historie",14.02,16.2529570849406,NA,NA,NA
"7642",2024-11-18 19:00:00,"historie",13.36,13.6294930196527,NA,NA,NA
"7643",2024-11-18 20:00:00,"historie",15.44,13.2453271591459,NA,NA,NA
"7644",2024-11-18 21:00:00,"historie",14.95,16.0216496732212,NA,NA,NA
"7645",2024-11-18 22:00:00,"historie",15.78,13.1263148237945,NA,NA,NA
"7646",2024-11-18 23:00:00,"historie",15.13,14.9262746967442,NA,NA,NA
"7647",2024-11-19,"historie",12.91,14.4998464674534,NA,NA,NA
"7648",2024-11-19 01:00:00,"historie",11.14,12.4556544498708,NA,NA,NA
"7649",2024-11-19 02:00:00,"historie",13.36,10.7902490411881,NA,NA,NA
"7650",2024-11-19 03:00:00,"historie",25.57,12.826601831757,NA,NA,NA
"7651",2024-11-19 04:00:00,"historie",28.84,24.4007077607248,NA,NA,NA
"7652",2024-11-19 05:00:00,"historie",28.21,25.3310400130335,NA,NA,NA
"7653",2024-11-19 06:00:00,"historie",27.63,25.1555559388955,NA,NA,NA
"7654",2024-11-19 07:00:00,"historie",32.64,23.3702233186093,NA,NA,NA
"7655",2024-11-19 08:00:00,"historie",34.8,26.8263513386182,NA,NA,NA
"7656",2024-11-19 09:00:00,"historie",34.3,26.5270416267431,NA,NA,NA
"7657",2024-11-19 10:00:00,"historie",33.95,19.8270677926134,NA,NA,NA
"7658",2024-11-19 11:00:00,"historie",33.76,25.6629396072298,NA,NA,NA
"7659",2024-11-19 12:00:00,"historie",30.47,26.494338747487,NA,NA,NA
"7660",2024-11-19 13:00:00,"historie",9.83,24.3351965319769,NA,NA,NA
"7661",2024-11-19 14:00:00,"historie",4.45,9.0077713220044,NA,NA,NA
"7662",2024-11-19 15:00:00,"historie",4.29,6.05226483179666,NA,NA,NA
"7663",2024-11-19 16:00:00,"historie",6.89,6.75477791792869,NA,NA,NA
"7664",2024-11-19 17:00:00,"historie",7.64,9.76525961210104,NA,NA,NA
"7665",2024-11-19 18:00:00,"historie",4.74,8.95696073725385,NA,NA,NA
"7666",2024-11-19 19:00:00,"historie",5.25,5.59368697667806,NA,NA,NA
"7667",2024-11-19 20:00:00,"historie",4.67,6.95075883061968,NA,NA,NA
"7668",2024-11-19 21:00:00,"historie",6.15,5.98352612170274,NA,NA,NA
"7669",2024-11-19 22:00:00,"historie",11.31,7.42492993633833,NA,NA,NA
"7670",2024-11-19 23:00:00,"historie",13.49,12.7541951096499,NA,NA,NA
"7671",2024-11-20,"historie",6.34,13.2798011807992,NA,NA,NA
"7672",2024-11-20 01:00:00,"historie",6.99,6.27089267330814,NA,NA,NA
"7673",2024-11-20 02:00:00,"historie",10.36,8.43072629369378,NA,NA,NA
"7674",2024-11-20 03:00:00,"historie",12.86,12.1016411088525,NA,NA,NA
"7675",2024-11-20 04:00:00,"historie",13.76,13.5656046890108,NA,NA,NA
"7676",2024-11-20 05:00:00,"historie",9.68,14.6663999664472,NA,NA,NA
"7677",2024-11-20 06:00:00,"historie",10.22,10.3603343679693,NA,NA,NA
"7678",2024-11-20 07:00:00,"historie",10.13,11.7520323775087,NA,NA,NA
"7679",2024-11-20 08:00:00,"historie",10.28,10.7568176814523,NA,NA,NA
"7680",2024-11-20 09:00:00,"historie",8.71,10.8623937680485,NA,NA,NA
"7681",2024-11-20 10:00:00,"historie",7.5,7.52728185694055,NA,NA,NA
"7682",2024-11-20 11:00:00,"historie",6.7,8.12882910786079,NA,NA,NA
"7683",2024-11-20 12:00:00,"historie",7.5,7.71080141385496,NA,NA,NA
"7684",2024-11-20 13:00:00,"historie",9.21,7.57641511185947,NA,NA,NA
"7685",2024-11-20 14:00:00,"historie",17.74,9.71798241659821,NA,NA,NA
"7686",2024-11-20 15:00:00,"historie",20.34,20.5784627476416,NA,NA,NA
"7687",2024-11-20 16:00:00,"historie",11.91,22.0578675509308,NA,NA,NA
"7688",2024-11-20 17:00:00,"historie",10.32,11.978579339929,NA,NA,NA
"7689",2024-11-20 18:00:00,"historie",16.73,10.3005073884946,NA,NA,NA
"7690",2024-11-20 19:00:00,"historie",10.9,17.4644723426665,NA,NA,NA
"7691",2024-11-20 20:00:00,"historie",10.24,9.99373933972247,NA,NA,NA
"7692",2024-11-20 21:00:00,"historie",11.61,11.5120312688611,NA,NA,NA
"7693",2024-11-20 22:00:00,"historie",19.28,12.4248443502249,NA,NA,NA
"7694",2024-11-20 23:00:00,"historie",18.58,19.25052101156,NA,NA,NA
"7695",2024-11-21,"historie",17.34,14.7346838546202,NA,NA,NA
"7696",2024-11-21 01:00:00,"historie",17.56,15.8717427933986,NA,NA,NA
"7697",2024-11-21 02:00:00,"historie",11.66,16.7783424639366,NA,NA,NA
"7698",2024-11-21 03:00:00,"historie",10.35,11.4304276612869,NA,NA,NA
"7699",2024-11-21 04:00:00,"historie",8.09,11.1141676539168,NA,NA,NA
"7700",2024-11-21 05:00:00,"historie",7.51,8.66034325582764,NA,NA,NA
"7701",2024-11-21 06:00:00,"historie",10.03,8.99057654530631,NA,NA,NA
"7702",2024-11-21 07:00:00,"historie",15.22,11.4764509664677,NA,NA,NA
"7703",2024-11-21 08:00:00,"historie",17.63,15.4854183254954,NA,NA,NA
"7704",2024-11-21 09:00:00,"historie",12.5,15.8444245458357,NA,NA,NA
"7705",2024-11-21 10:00:00,"historie",13.62,9.48785740558148,NA,NA,NA
"7706",2024-11-21 11:00:00,"historie",10.64,13.0079400970222,NA,NA,NA
"7707",2024-11-21 12:00:00,"historie",9.17,10.5325411779803,NA,NA,NA
"7708",2024-11-21 13:00:00,"historie",8.03,9.11177048421794,NA,NA,NA
"7709",2024-11-21 14:00:00,"historie",11.38,9.37415972809312,NA,NA,NA
"7710",2024-11-21 15:00:00,"historie",14.58,14.1544139123512,NA,NA,NA
"7711",2024-11-21 16:00:00,"historie",12.72,15.9750722684409,NA,NA,NA
"7712",2024-11-21 17:00:00,"historie",13.85,13.2651089774007,NA,NA,NA
"7713",2024-11-21 18:00:00,"historie",16.88,14.663888951663,NA,NA,NA
"7714",2024-11-21 19:00:00,"historie",16.72,15.537209857799,NA,NA,NA
"7715",2024-11-21 20:00:00,"historie",19.89,15.5134716374066,NA,NA,NA
"7716",2024-11-21 21:00:00,"historie",17.82,19.6493276729892,NA,NA,NA
"7717",2024-11-21 22:00:00,"historie",15.92,17.3957662035767,NA,NA,NA
"7718",2024-11-21 23:00:00,"historie",16.89,14.9431003889847,NA,NA,NA
"7719",2024-11-22,"historie",14.23,15.0793437934147,NA,NA,NA
"7720",2024-11-22 01:00:00,"historie",12.82,13.4312418161479,NA,NA,NA
"7721",2024-11-22 02:00:00,"historie",11.43,12.1952814496851,NA,NA,NA
"7722",2024-11-22 03:00:00,"historie",14.96,11.6982118766387,NA,NA,NA
"7723",2024-11-22 04:00:00,"historie",14.16,14.8847715280576,NA,NA,NA
"7724",2024-11-22 05:00:00,"historie",9.65,13.5214558346482,NA,NA,NA
"7725",2024-11-22 06:00:00,"historie",12.88,10.4176336940235,NA,NA,NA
"7726",2024-11-22 07:00:00,"historie",12.97,14.7630130295621,NA,NA,NA
"7727",2024-11-22 08:00:00,"historie",13.62,12.909480303838,NA,NA,NA
"7728",2024-11-22 09:00:00,"historie",17.49,12.6043994474156,NA,NA,NA
"7729",2024-11-22 10:00:00,"historie",14.58,14.5138650268289,NA,NA,NA
"7730",2024-11-22 11:00:00,"historie",11.57,12.4450524918372,NA,NA,NA
"7731",2024-11-22 12:00:00,"historie",11.86,11.2410027945072,NA,NA,NA
"7732",2024-11-22 13:00:00,"historie",16.25,11.1941320383239,NA,NA,NA
"7733",2024-11-22 14:00:00,"historie",17.45,17.5862576029053,NA,NA,NA
"7734",2024-11-22 15:00:00,"historie",15.37,18.4924370236366,NA,NA,NA
"7735",2024-11-22 16:00:00,"historie",10.55,15.6007339421581,NA,NA,NA
"7736",2024-11-22 17:00:00,"historie",11.9,11.2842981808494,NA,NA,NA
"7737",2024-11-22 18:00:00,"historie",13.65,13.3286713100703,NA,NA,NA
"7738",2024-11-22 19:00:00,"historie",12.5,13.4392310268554,NA,NA,NA
"7739",2024-11-22 20:00:00,"historie",11.59,12.782856789197,NA,NA,NA
"7740",2024-11-22 21:00:00,"historie",11.58,12.2569264028122,NA,NA,NA
"7741",2024-11-22 22:00:00,"historie",14.94,12.4922872051115,NA,NA,NA
"7742",2024-11-22 23:00:00,"historie",16.12,15.4331880422972,NA,NA,NA
"7743",2024-11-23,"historie",18.4,14.256740318084,NA,NA,NA
"7744",2024-11-23 01:00:00,"historie",15.14,17.1673670666444,NA,NA,NA
"7745",2024-11-23 02:00:00,"historie",8.36,13.5165184289596,NA,NA,NA
"7746",2024-11-23 03:00:00,"historie",6.68,8.85050509491997,NA,NA,NA
"7747",2024-11-23 04:00:00,"historie",8.16,7.49961682994322,NA,NA,NA
"7748",2024-11-23 05:00:00,"historie",10.63,9.0077642287988,NA,NA,NA
"7749",2024-11-23 06:00:00,"historie",12.25,12.7575091403745,NA,NA,NA
"7750",2024-11-23 07:00:00,"historie",15.88,13.0712049729835,NA,NA,NA
"7751",2024-11-23 08:00:00,"historie",13.51,15.9880132747846,NA,NA,NA
"7752",2024-11-23 09:00:00,"historie",7.75,12.6023418408089,NA,NA,NA
"7753",2024-11-23 10:00:00,"historie",9.63,6.73233913033806,NA,NA,NA
"7754",2024-11-23 11:00:00,"historie",7.13,10.0040065670233,NA,NA,NA
"7755",2024-11-23 12:00:00,"historie",5.64,7.57369298698516,NA,NA,NA
"7756",2024-11-23 13:00:00,"historie",8.61,6.50089474052407,NA,NA,NA
"7757",2024-11-23 14:00:00,"historie",10.98,11.0178042233518,NA,NA,NA
"7758",2024-11-23 15:00:00,"historie",12.35,12.8864014924456,NA,NA,NA
"7759",2024-11-23 16:00:00,"historie",19.84,13.043381856352,NA,NA,NA
"7760",2024-11-23 17:00:00,"historie",22.07,21.3638099752145,NA,NA,NA
"7761",2024-11-23 18:00:00,"historie",14.49,20.6743847686279,NA,NA,NA
"7762",2024-11-23 19:00:00,"historie",13.5,12.7254790474498,NA,NA,NA
"7763",2024-11-23 20:00:00,"historie",12.67,13.6129484533366,NA,NA,NA
"7764",2024-11-23 21:00:00,"historie",12.64,13.0347349615054,NA,NA,NA
"7765",2024-11-23 22:00:00,"historie",12.31,13.7855185487016,NA,NA,NA
"7766",2024-11-23 23:00:00,"historie",12.26,12.6867162325123,NA,NA,NA
"7767",2024-11-24,"historie",20.9,12.0450193713937,NA,NA,NA
"7768",2024-11-24 01:00:00,"historie",23.46,20.0384059130805,NA,NA,NA
"7769",2024-11-24 02:00:00,"historie",27.92,18.3962026094344,NA,NA,NA
"7770",2024-11-24 03:00:00,"historie",36.17,24.2034638269014,NA,NA,NA
"7771",2024-11-24 04:00:00,"historie",34.36,29.6420963717023,NA,NA,NA
"7772",2024-11-24 05:00:00,"historie",27.22,26.7364855834393,NA,NA,NA
"7773",2024-11-24 06:00:00,"historie",39.04,23.9790589741261,NA,NA,NA
"7774",2024-11-24 07:00:00,"historie",30.46,34.8416906226125,NA,NA,NA
"7775",2024-11-24 08:00:00,"historie",33.86,23.053411264497,NA,NA,NA
"7776",2024-11-24 09:00:00,"historie",21.77,25.2035581149029,NA,NA,NA
"7777",2024-11-24 10:00:00,"historie",23.92,15.8404533916418,NA,NA,NA
"7778",2024-11-24 11:00:00,"historie",21.78,18.7996385373726,NA,NA,NA
"7779",2024-11-24 12:00:00,"historie",15.19,17.8465652028063,NA,NA,NA
"7780",2024-11-24 13:00:00,"historie",11.39,13.9577356407032,NA,NA,NA
"7781",2024-11-24 14:00:00,"historie",14.33,12.1293097611313,NA,NA,NA
"7782",2024-11-24 15:00:00,"historie",25.62,16.2466512523237,NA,NA,NA
"7783",2024-11-24 16:00:00,"historie",25.47,26.7957576105839,NA,NA,NA
"7784",2024-11-24 17:00:00,"historie",27.85,23.4105272594651,NA,NA,NA
"7785",2024-11-24 18:00:00,"historie",28.56,23.9509615037998,NA,NA,NA
"7786",2024-11-24 19:00:00,"historie",21.91,23.5065602670595,NA,NA,NA
"7787",2024-11-24 20:00:00,"historie",18.96,18.6578655254803,NA,NA,NA
"7788",2024-11-24 21:00:00,"historie",31.12,17.726011551816,NA,NA,NA
"7789",2024-11-24 22:00:00,"historie",16.9,29.4981697400861,NA,NA,NA
"7790",2024-11-24 23:00:00,"historie",20.98,14.1903321004716,NA,NA,NA
"7791",2024-11-25,"historie",17.66,21.0958749849704,NA,NA,NA
"7792",2024-11-25 01:00:00,"historie",16.56,15.7163860211877,NA,NA,NA
"7793",2024-11-25 02:00:00,"historie",13.41,15.325945993411,NA,NA,NA
"7794",2024-11-25 03:00:00,"historie",12.24,13.7829908662739,NA,NA,NA
"7795",2024-11-25 04:00:00,"historie",11.54,12.5476306384415,NA,NA,NA
"7796",2024-11-25 05:00:00,"historie",15.08,11.6459487899835,NA,NA,NA
"7797",2024-11-25 06:00:00,"historie",13.83,17.8606568164712,NA,NA,NA
"7798",2024-11-25 07:00:00,"historie",13.14,13.7398714442656,NA,NA,NA
"7799",2024-11-25 08:00:00,"historie",10.77,13.6220212980598,NA,NA,NA
"7800",2024-11-25 09:00:00,"historie",11.53,9.68725402186715,NA,NA,NA
"7801",2024-11-25 10:00:00,"historie",11.63,11.3918986256096,NA,NA,NA
"7802",2024-11-25 11:00:00,"historie",12.24,10.7573534442118,NA,NA,NA
"7803",2024-11-25 12:00:00,"historie",6.7,11.7288726094008,NA,NA,NA
"7804",2024-11-25 13:00:00,"historie",8.24,6.79161274844682,NA,NA,NA
"7805",2024-11-25 14:00:00,"historie",11.69,10.749108079294,NA,NA,NA
"7806",2024-11-25 15:00:00,"historie",19.36,14.8940671536536,NA,NA,NA
"7807",2024-11-25 16:00:00,"historie",19.99,20.8764631922424,NA,NA,NA
"7808",2024-11-25 17:00:00,"historie",21.82,20.1327442891537,NA,NA,NA
"7809",2024-11-25 18:00:00,"historie",19.35,20.6492537952682,NA,NA,NA
"7810",2024-11-25 19:00:00,"historie",19,16.8356719801342,NA,NA,NA
"7811",2024-11-25 20:00:00,"historie",19.14,17.7296009769966,NA,NA,NA
"7812",2024-11-25 21:00:00,"historie",15.56,19.8127293570774,NA,NA,NA
"7813",2024-11-25 22:00:00,"historie",14.91,14.0192414701613,NA,NA,NA
"7814",2024-11-25 23:00:00,"historie",15.23,15.6542642664195,NA,NA,NA
"7815",2024-11-26,"historie",14.07,14.7322755202211,NA,NA,NA
"7816",2024-11-26 01:00:00,"historie",12.74,13.6759842107815,NA,NA,NA
"7817",2024-11-26 02:00:00,"historie",13.1,11.964271605526,NA,NA,NA
"7818",2024-11-26 03:00:00,"historie",13.01,13.7227920817497,NA,NA,NA
"7819",2024-11-26 04:00:00,"historie",13.79,12.986967886226,NA,NA,NA
"7820",2024-11-26 05:00:00,"historie",14.61,14.1851904619023,NA,NA,NA
"7821",2024-11-26 06:00:00,"historie",15.05,15.7224346589716,NA,NA,NA
"7822",2024-11-26 07:00:00,"historie",18.44,15.0478818303847,NA,NA,NA
"7823",2024-11-26 08:00:00,"historie",23.81,17.4374991024859,NA,NA,NA
"7824",2024-11-26 09:00:00,"historie",17.45,19.8327380824626,NA,NA,NA
"7825",2024-11-26 10:00:00,"historie",17.26,14.2196422559183,NA,NA,NA
"7826",2024-11-26 11:00:00,"historie",13.51,15.0812153073841,NA,NA,NA
"7827",2024-11-26 12:00:00,"historie",8.32,11.0799641033296,NA,NA,NA
"7828",2024-11-26 13:00:00,"historie",17.16,8.64303486866406,NA,NA,NA
"7829",2024-11-26 14:00:00,"historie",31.08,20.74744546341,NA,NA,NA
"7830",2024-11-26 15:00:00,"historie",32.76,33.1417701201112,NA,NA,NA
"7831",2024-11-26 16:00:00,"historie",31.7,28.5725954021969,NA,NA,NA
"7832",2024-11-26 17:00:00,"historie",26.65,29.1341045646022,NA,NA,NA
"7833",2024-11-26 18:00:00,"historie",24.64,22.629391947383,NA,NA,NA
"7834",2024-11-26 19:00:00,"historie",21.79,21.1904951295781,NA,NA,NA
"7835",2024-11-26 20:00:00,"historie",21.82,19.5212868463268,NA,NA,NA
"7836",2024-11-26 21:00:00,"historie",17.41,20.7965008725736,NA,NA,NA
"7837",2024-11-26 22:00:00,"historie",16.57,15.7150572504512,NA,NA,NA
"7838",2024-11-26 23:00:00,"historie",20.11,16.6710497395216,NA,NA,NA
"7839",2024-11-27,"historie",17.64,18.8162294882562,NA,NA,NA
"7840",2024-11-27 01:00:00,"historie",20.07,15.8167933701429,NA,NA,NA
"7841",2024-11-27 02:00:00,"historie",18.95,18.1278780127911,NA,NA,NA
"7842",2024-11-27 03:00:00,"historie",16.38,17.6800739962828,NA,NA,NA
"7843",2024-11-27 04:00:00,"historie",16.37,15.4175575745179,NA,NA,NA
"7844",2024-11-27 05:00:00,"historie",14.34,16.0223716696282,NA,NA,NA
"7845",2024-11-27 06:00:00,"historie",12.56,14.9691476972239,NA,NA,NA
"7846",2024-11-27 07:00:00,"historie",11.81,13.2053368148146,NA,NA,NA
"7847",2024-11-27 08:00:00,"historie",10.2,12.4944116953224,NA,NA,NA
"7848",2024-11-27 09:00:00,"historie",9.97,9.4587093851191,NA,NA,NA
"7849",2024-11-27 10:00:00,"historie",13,10.1556662065055,NA,NA,NA
"7850",2024-11-27 11:00:00,"historie",14.18,12.3048959234669,NA,NA,NA
"7851",2024-11-27 12:00:00,"historie",23.22,11.8945600590722,NA,NA,NA
"7852",2024-11-27 13:00:00,"historie",21.28,24.8083492422295,NA,NA,NA
"7853",2024-11-27 14:00:00,"historie",24.8,21.5862683620622,NA,NA,NA
"7854",2024-11-27 15:00:00,"historie",22.79,26.5006353655656,NA,NA,NA
"7855",2024-11-27 16:00:00,"historie",25.02,21.6640555297203,NA,NA,NA
"7856",2024-11-27 17:00:00,"historie",23.2,24.5135872803249,NA,NA,NA
"7857",2024-11-27 18:00:00,"historie",20.25,20.9331694815023,NA,NA,NA
"7858",2024-11-27 19:00:00,"historie",20.3,18.0498299714055,NA,NA,NA
"7859",2024-11-27 20:00:00,"historie",21.6,19.2848519708895,NA,NA,NA
"7860",2024-11-27 21:00:00,"historie",20.79,20.3520291788013,NA,NA,NA
"7861",2024-11-27 22:00:00,"historie",21.93,18.7892695960802,NA,NA,NA
"7862",2024-11-27 23:00:00,"historie",21.81,21.5189564489459,NA,NA,NA
"7863",2024-11-28,"historie",21.5,19.1469783634241,NA,NA,NA
"7864",2024-11-28 01:00:00,"historie",20.21,19.7467359927286,NA,NA,NA
"7865",2024-11-28 02:00:00,"historie",18.34,17.5904720041328,NA,NA,NA
"7866",2024-11-28 03:00:00,"historie",18.52,17.1171807486894,NA,NA,NA
"7867",2024-11-28 04:00:00,"historie",18.04,17.5603248628844,NA,NA,NA
"7868",2024-11-28 05:00:00,"historie",17.59,16.7751461279884,NA,NA,NA
"7869",2024-11-28 06:00:00,"historie",11.86,17.4134040647954,NA,NA,NA
"7870",2024-11-28 07:00:00,"historie",3.83,11.670490139293,NA,NA,NA
"7871",2024-11-28 08:00:00,"historie",4.03,4.1908481340317,NA,NA,NA
"7872",2024-11-28 09:00:00,"historie",4.09,5.06617466526139,NA,NA,NA
"7873",2024-11-28 10:00:00,"historie",3.96,5.20788183281757,NA,NA,NA
"7874",2024-11-28 11:00:00,"historie",4.49,4.81340708626902,NA,NA,NA
"7875",2024-11-28 12:00:00,"historie",5.89,5.63176274043451,NA,NA,NA
"7876",2024-11-28 13:00:00,"historie",20.55,7.86858092386592,NA,NA,NA
"7877",2024-11-28 14:00:00,"historie",8.92,27.1659496161946,NA,NA,NA
"7878",2024-11-28 15:00:00,"historie",13.76,9.28522205817392,NA,NA,NA
"7879",2024-11-28 16:00:00,"historie",13.44,17.3789013420344,NA,NA,NA
"7880",2024-11-28 17:00:00,"historie",16.64,14.2893947793168,NA,NA,NA
"7881",2024-11-28 18:00:00,"historie",16.51,17.1967187921341,NA,NA,NA
"7882",2024-11-28 19:00:00,"historie",15.02,15.8597419289295,NA,NA,NA
"7883",2024-11-28 20:00:00,"historie",14.86,15.2290541189307,NA,NA,NA
"7884",2024-11-28 21:00:00,"historie",14.1,15.2984505065548,NA,NA,NA
"7885",2024-11-28 22:00:00,"historie",13.26,14.2638406595308,NA,NA,NA
"7886",2024-11-28 23:00:00,"historie",12.3,14.2328347550174,NA,NA,NA
"7887",2024-11-29,"historie",11.1,12.4901386042515,NA,NA,NA
"7888",2024-11-29 01:00:00,"historie",15.89,11.6487397876188,NA,NA,NA
"7889",2024-11-29 02:00:00,"historie",14.09,15.926343360307,NA,NA,NA
"7890",2024-11-29 03:00:00,"historie",8.54,13.8646412388914,NA,NA,NA
"7891",2024-11-29 04:00:00,"historie",9.27,8.8971524118472,NA,NA,NA
"7892",2024-11-29 05:00:00,"historie",9.93,10.5806817386487,NA,NA,NA
"7893",2024-11-29 06:00:00,"historie",10.39,10.7022430703868,NA,NA,NA
"7894",2024-11-29 07:00:00,"historie",17.48,9.62969052966206,NA,NA,NA
"7895",2024-11-29 08:00:00,"historie",14.64,17.7960081378052,NA,NA,NA
"7896",2024-11-29 09:00:00,"historie",12.42,11.8857194348208,NA,NA,NA
"7897",2024-11-29 10:00:00,"historie",11.79,11.5351362581959,NA,NA,NA
"7898",2024-11-29 11:00:00,"historie",8.04,10.9763770815239,NA,NA,NA
"7899",2024-11-29 12:00:00,"historie",6.73,7.94762034618074,NA,NA,NA
"7900",2024-11-29 13:00:00,"historie",9.5,9.54526801740857,NA,NA,NA
"7901",2024-11-29 14:00:00,"historie",9.78,10.8357017987632,NA,NA,NA
"7902",2024-11-29 15:00:00,"historie",13.04,12.852881239881,NA,NA,NA
"7903",2024-11-29 16:00:00,"historie",13.89,14.8679143273767,NA,NA,NA
"7904",2024-11-29 17:00:00,"historie",16.96,15.5243548442091,NA,NA,NA
"7905",2024-11-29 18:00:00,"historie",15.74,17.2232745748871,NA,NA,NA
"7906",2024-11-29 19:00:00,"historie",19.39,14.9938112808077,NA,NA,NA
"7907",2024-11-29 20:00:00,"historie",15.78,19.4962814680273,NA,NA,NA
"7908",2024-11-29 21:00:00,"historie",20.67,15.0872438327525,NA,NA,NA
"7909",2024-11-29 22:00:00,"historie",19.03,20.2218969990717,NA,NA,NA
"7910",2024-11-29 23:00:00,"historie",16.39,17.9880025050273,NA,NA,NA
"7911",2024-11-30,"historie",13.83,15.1265093537452,NA,NA,NA
"7912",2024-11-30 01:00:00,"historie",12.42,14.2989431826945,NA,NA,NA
"7913",2024-11-30 02:00:00,"historie",11.29,11.9209202633554,NA,NA,NA
"7914",2024-11-30 03:00:00,"historie",12.75,11.091395970613,NA,NA,NA
"7915",2024-11-30 04:00:00,"historie",11.88,13.5545387371718,NA,NA,NA
"7916",2024-11-30 05:00:00,"historie",16.27,12.0258369436178,NA,NA,NA
"7917",2024-11-30 06:00:00,"historie",16.45,16.7077382601764,NA,NA,NA
"7918",2024-11-30 07:00:00,"historie",16.83,15.3503273148888,NA,NA,NA
"7919",2024-11-30 08:00:00,"historie",19.5,15.3995126762299,NA,NA,NA
"7920",2024-11-30 09:00:00,"historie",19.36,16.2766730541134,NA,NA,NA
"7921",2024-11-30 10:00:00,"historie",19.98,16.590960070027,NA,NA,NA
"7922",2024-11-30 11:00:00,"historie",16.09,15.9825120139508,NA,NA,NA
"7923",2024-11-30 12:00:00,"historie",17.7,13.5886470716946,NA,NA,NA
"7924",2024-11-30 13:00:00,"historie",22.31,20.1928976991062,NA,NA,NA
"7925",2024-11-30 14:00:00,"historie",24.35,20.8224408747667,NA,NA,NA
"7926",2024-11-30 15:00:00,"historie",28.36,26.0312095173967,NA,NA,NA
"7927",2024-11-30 16:00:00,"historie",35.07,26.2789191098633,NA,NA,NA
"7928",2024-11-30 17:00:00,"historie",28.18,33.0051797821102,NA,NA,NA
"7929",2024-11-30 18:00:00,"historie",24.43,23.1937118382999,NA,NA,NA
"7930",2024-11-30 19:00:00,"historie",22.76,22.1274602825322,NA,NA,NA
"7931",2024-11-30 20:00:00,"historie",20.77,20.3207825735605,NA,NA,NA
"7932",2024-11-30 21:00:00,"historie",17.07,20.2926326052584,NA,NA,NA
"7933",2024-11-30 22:00:00,"historie",18.25,15.8443007086935,NA,NA,NA
"7934",2024-11-30 23:00:00,"historie",13.39,18.1116138690134,NA,NA,NA
"7935",2024-12-01,"historie",15,12.3356554285098,NA,NA,NA
"7936",2024-12-01 01:00:00,"historie",13.29,15.6341412461502,NA,NA,NA
"7937",2024-12-01 02:00:00,"historie",13.58,12.3301686144153,NA,NA,NA
"7938",2024-12-01 03:00:00,"historie",13.83,13.6438567744598,NA,NA,NA
"7939",2024-12-01 04:00:00,"historie",15.18,13.7885642820563,NA,NA,NA
"7940",2024-12-01 05:00:00,"historie",12.08,15.7979793376242,NA,NA,NA
"7941",2024-12-01 06:00:00,"historie",10.46,11.9352093144749,NA,NA,NA
"7942",2024-12-01 07:00:00,"historie",9.27,10.7399186716019,NA,NA,NA
"7943",2024-12-01 08:00:00,"historie",10.09,9.88738862809736,NA,NA,NA
"7944",2024-12-01 09:00:00,"historie",8.48,10.0060530251129,NA,NA,NA
"7945",2024-12-01 10:00:00,"historie",9.27,8.77173454670146,NA,NA,NA
"7946",2024-12-01 11:00:00,"historie",10.22,9.13958787795706,NA,NA,NA
"7947",2024-12-01 12:00:00,"historie",11.73,10.6104862150214,NA,NA,NA
"7948",2024-12-01 13:00:00,"historie",11.62,14.7919746396841,NA,NA,NA
"7949",2024-12-01 14:00:00,"historie",12.41,12.478187101046,NA,NA,NA
"7950",2024-12-01 15:00:00,"historie",11.72,15.7296598885497,NA,NA,NA
"7951",2024-12-01 16:00:00,"historie",16.36,13.4299149940912,NA,NA,NA
"7952",2024-12-01 17:00:00,"historie",15.59,18.4041501244772,NA,NA,NA
"7953",2024-12-01 18:00:00,"historie",16.75,15.2594413402862,NA,NA,NA
"7954",2024-12-01 19:00:00,"historie",17.6,17.0544338400093,NA,NA,NA
"7955",2024-12-01 20:00:00,"historie",17.56,17.1278839493598,NA,NA,NA
"7956",2024-12-01 21:00:00,"historie",12.16,17.4060409965991,NA,NA,NA
"7957",2024-12-01 22:00:00,"historie",11.44,12.1048107339186,NA,NA,NA
"7958",2024-12-01 23:00:00,"historie",10.27,11.9377456823597,NA,NA,NA
"7959",2024-12-02,"historie",8.67,10.8369399277715,NA,NA,NA
"7960",2024-12-02 01:00:00,"historie",9.56,9.45184246775779,NA,NA,NA
"7961",2024-12-02 02:00:00,"historie",12.75,10.2892804965105,NA,NA,NA
"7962",2024-12-02 03:00:00,"historie",14.59,13.4558687270536,NA,NA,NA
"7963",2024-12-02 04:00:00,"historie",13.75,14.848192808314,NA,NA,NA
"7964",2024-12-02 05:00:00,"historie",13.72,13.4863218913069,NA,NA,NA
"7965",2024-12-02 06:00:00,"historie",13.43,13.5420474608593,NA,NA,NA
"7966",2024-12-02 07:00:00,"historie",16.35,12.8113501067175,NA,NA,NA
"7967",2024-12-02 08:00:00,"historie",15.73,16.0452607957406,NA,NA,NA
"7968",2024-12-02 09:00:00,"historie",18.73,13.1837196307276,NA,NA,NA
"7969",2024-12-02 10:00:00,"historie",17.2,17.3359797480322,NA,NA,NA
"7970",2024-12-02 11:00:00,"historie",17.61,14.3057025911629,NA,NA,NA
"7971",2024-12-02 12:00:00,"historie",23.4,16.2346828848698,NA,NA,NA
"7972",2024-12-02 13:00:00,"historie",25.95,24.7410652523932,NA,NA,NA
"7973",2024-12-02 14:00:00,"historie",26.1,23.4101188721716,NA,NA,NA
"7974",2024-12-02 15:00:00,"historie",22.14,26.1307694752725,NA,NA,NA
"7975",2024-12-02 16:00:00,"historie",25.34,22.0085295293129,NA,NA,NA
"7976",2024-12-02 17:00:00,"historie",24.86,24.4724490137585,NA,NA,NA
"7977",2024-12-02 18:00:00,"historie",24.89,22.4609966900488,NA,NA,NA
"7978",2024-12-02 19:00:00,"historie",24.05,22.8848134249817,NA,NA,NA
"7979",2024-12-02 20:00:00,"historie",21.37,21.652538014319,NA,NA,NA
"7980",2024-12-02 21:00:00,"historie",17.53,18.9517009208535,NA,NA,NA
"7981",2024-12-02 22:00:00,"historie",16.3,16.4115172202398,NA,NA,NA
"7982",2024-12-02 23:00:00,"historie",16.55,15.3541646736816,NA,NA,NA
"7983",2024-12-03,"historie",19.78,15.414430412632,NA,NA,NA
"7984",2024-12-03 01:00:00,"historie",18.63,19.0228155555898,NA,NA,NA
"7985",2024-12-03 02:00:00,"historie",19.77,17.0149868417702,NA,NA,NA
"7986",2024-12-03 03:00:00,"historie",18.84,18.5138069677102,NA,NA,NA
"7987",2024-12-03 04:00:00,"historie",19.72,17.3713181356716,NA,NA,NA
"7988",2024-12-03 05:00:00,"historie",20.07,18.4766329733476,NA,NA,NA
"7989",2024-12-03 06:00:00,"historie",19.31,18.1764514378648,NA,NA,NA
"7990",2024-12-03 07:00:00,"historie",21.72,17.6250062981557,NA,NA,NA
"7991",2024-12-03 08:00:00,"historie",17.26,19.5682016668495,NA,NA,NA
"7992",2024-12-03 09:00:00,"historie",15.61,14.5684450460125,NA,NA,NA
"7993",2024-12-03 10:00:00,"historie",15.12,14.3689904156474,NA,NA,NA
"7994",2024-12-03 11:00:00,"historie",12.26,13.6123399086453,NA,NA,NA
"7995",2024-12-03 12:00:00,"historie",13.01,12.3677307355208,NA,NA,NA
"7996",2024-12-03 13:00:00,"historie",12.34,15.4817899593848,NA,NA,NA
"7997",2024-12-03 14:00:00,"historie",17.05,13.1811787722155,NA,NA,NA
"7998",2024-12-03 15:00:00,"historie",21.6,19.707271342388,NA,NA,NA
"7999",2024-12-03 16:00:00,"historie",21.83,23.1891179633967,NA,NA,NA
"8000",2024-12-03 17:00:00,"historie",21.1,21.2403686983473,NA,NA,NA
"8001",2024-12-03 18:00:00,"historie",20.2,20.1898847371053,NA,NA,NA
"8002",2024-12-03 19:00:00,"historie",19.68,19.4519995670622,NA,NA,NA
"8003",2024-12-03 20:00:00,"historie",17.65,18.6068438684746,NA,NA,NA
"8004",2024-12-03 21:00:00,"historie",16.13,16.4259219836579,NA,NA,NA
"8005",2024-12-03 22:00:00,"historie",16.2,15.7298212252309,NA,NA,NA
"8006",2024-12-03 23:00:00,"historie",17.86,15.7239394616326,NA,NA,NA
"8007",2024-12-04,"historie",16.25,17.3534825735729,NA,NA,NA
"8008",2024-12-04 01:00:00,"historie",10.2,15.4686660523162,NA,NA,NA
"8009",2024-12-04 02:00:00,"historie",8.21,10.2307872065498,NA,NA,NA
"8010",2024-12-04 03:00:00,"historie",9.08,9.08882792795042,NA,NA,NA
"8011",2024-12-04 04:00:00,"historie",11.3,10.4933442680123,NA,NA,NA
"8012",2024-12-04 05:00:00,"historie",18.76,12.4755543061069,NA,NA,NA
"8013",2024-12-04 06:00:00,"historie",15.06,18.9355149457631,NA,NA,NA
"8014",2024-12-04 07:00:00,"historie",9.32,14.1294119141118,NA,NA,NA
"8015",2024-12-04 08:00:00,"historie",7.98,9.08346866228088,NA,NA,NA
"8016",2024-12-04 09:00:00,"historie",8.49,8.31882902626572,NA,NA,NA
"8017",2024-12-04 10:00:00,"historie",9.96,9.23812707793055,NA,NA,NA
"8018",2024-12-04 11:00:00,"historie",10.49,9.94840747498783,NA,NA,NA
"8019",2024-12-04 12:00:00,"historie",11.38,11.3598847877762,NA,NA,NA
"8020",2024-12-04 13:00:00,"historie",11.47,13.3644028775396,NA,NA,NA
"8021",2024-12-04 14:00:00,"historie",15.13,13.0916787672231,NA,NA,NA
"8022",2024-12-04 15:00:00,"historie",17.01,18.1219690255574,NA,NA,NA
"8023",2024-12-04 16:00:00,"historie",25.69,18.6416322503396,NA,NA,NA
"8024",2024-12-04 17:00:00,"historie",15.4,25.9800108884453,NA,NA,NA
"8025",2024-12-04 18:00:00,"historie",13.16,14.2421252243886,NA,NA,NA
"8026",2024-12-04 19:00:00,"historie",13.5,14.0544242615312,NA,NA,NA
"8027",2024-12-04 20:00:00,"historie",13.99,13.9592302866173,NA,NA,NA
"8028",2024-12-04 21:00:00,"historie",11.34,14.1148436743013,NA,NA,NA
"8029",2024-12-04 22:00:00,"historie",10.76,11.7451259806981,NA,NA,NA
"8030",2024-12-04 23:00:00,"historie",10.05,11.6454525657741,NA,NA,NA
"8031",2024-12-05,"historie",9.46,10.6389338521555,NA,NA,NA
"8032",2024-12-05 01:00:00,"historie",9.18,9.70746756533123,NA,NA,NA
"8033",2024-12-05 02:00:00,"historie",9.78,9.78701821795347,NA,NA,NA
"8034",2024-12-05 03:00:00,"historie",9.96,10.7452211863335,NA,NA,NA
"8035",2024-12-05 04:00:00,"historie",10.07,11.0961822161767,NA,NA,NA
"8036",2024-12-05 05:00:00,"historie",13.06,11.7292423699984,NA,NA,NA
"8037",2024-12-05 06:00:00,"historie",16.12,13.3111559662137,NA,NA,NA
"8038",2024-12-05 07:00:00,"historie",14.17,15.0927830596078,NA,NA,NA
"8039",2024-12-05 08:00:00,"historie",12.12,12.8745791563398,NA,NA,NA
"8040",2024-12-05 09:00:00,"historie",13.92,11.3500464425732,NA,NA,NA
"8041",2024-12-05 10:00:00,"historie",9.14,13.8454781048038,NA,NA,NA
"8042",2024-12-05 11:00:00,"historie",7.32,8.46671332675094,NA,NA,NA
"8043",2024-12-05 12:00:00,"historie",4.63,8.38931983806185,NA,NA,NA
"8044",2024-12-05 13:00:00,"historie",6.82,5.9992085789986,NA,NA,NA
"8045",2024-12-05 14:00:00,"historie",8.7,9.72975323270486,NA,NA,NA
"8046",2024-12-05 15:00:00,"historie",13.5,11.3630549302502,NA,NA,NA
"8047",2024-12-05 16:00:00,"historie",13.94,17.4893755832467,NA,NA,NA
"8048",2024-12-05 17:00:00,"historie",17.58,13.7999907743758,NA,NA,NA
"8049",2024-12-05 18:00:00,"historie",15.13,18.1870974655405,NA,NA,NA
"8050",2024-12-05 19:00:00,"historie",12.41,15.028969334322,NA,NA,NA
"8051",2024-12-05 20:00:00,"historie",10.13,12.7236733498173,NA,NA,NA
"8052",2024-12-05 21:00:00,"historie",8.12,10.3139351433947,NA,NA,NA
"8053",2024-12-05 22:00:00,"historie",6.65,9.0225725767428,NA,NA,NA
"8054",2024-12-05 23:00:00,"historie",7.24,7.61887632974167,NA,NA,NA
"8055",2024-12-06,"historie",8.54,8.42642203915023,NA,NA,NA
"8056",2024-12-06 01:00:00,"historie",12.41,9.34485482531344,NA,NA,NA
"8057",2024-12-06 02:00:00,"historie",14.48,13.2869642292038,NA,NA,NA
"8058",2024-12-06 03:00:00,"historie",12.81,14.3957495692995,NA,NA,NA
"8059",2024-12-06 04:00:00,"historie",30.18,12.8995718078764,NA,NA,NA
"8060",2024-12-06 05:00:00,"historie",32.37,32.0045976773129,NA,NA,NA
"8061",2024-12-06 06:00:00,"historie",49.76,25.8972198872543,NA,NA,NA
"8062",2024-12-06 07:00:00,"historie",32.45,38.202729585495,NA,NA,NA
"8063",2024-12-06 08:00:00,"historie",39.26,22.663437963764,NA,NA,NA
"8064",2024-12-06 09:00:00,"historie",45.26,31.2285432448394,NA,NA,NA
"8065",2024-12-06 10:00:00,"historie",40.43,31.510608033068,NA,NA,NA
"8066",2024-12-06 11:00:00,"historie",31.34,27.6109586894316,NA,NA,NA
"8067",2024-12-06 12:00:00,"historie",20.36,23.020131520479,NA,NA,NA
"8068",2024-12-06 13:00:00,"historie",28.82,19.4007760093285,NA,NA,NA
"8069",2024-12-06 14:00:00,"historie",33.45,28.5906944178134,NA,NA,NA
"8070",2024-12-06 15:00:00,"historie",38.02,32.4490793372343,NA,NA,NA
"8071",2024-12-06 16:00:00,"historie",45.74,35.1066732486499,NA,NA,NA
"8072",2024-12-06 17:00:00,"historie",47.68,37.9825116446026,NA,NA,NA
"8073",2024-12-06 18:00:00,"historie",33.75,36.6525831629551,NA,NA,NA
"8074",2024-12-06 19:00:00,"historie",10.95,26.4709871947016,NA,NA,NA
"8075",2024-12-06 20:00:00,"historie",10.25,9.51934879393722,NA,NA,NA
"8076",2024-12-06 21:00:00,"historie",10.47,10.8048203973418,NA,NA,NA
"8077",2024-12-06 22:00:00,"historie",10.94,10.8377139786206,NA,NA,NA
"8078",2024-12-06 23:00:00,"historie",9.15,11.5868406380144,NA,NA,NA
"8079",2024-12-07,"historie",10.18,9.61295719752155,NA,NA,NA
"8080",2024-12-07 01:00:00,"historie",8.74,11.2491776514154,NA,NA,NA
"8081",2024-12-07 02:00:00,"historie",7.2,9.35509956169816,NA,NA,NA
"8082",2024-12-07 03:00:00,"historie",9.35,7.96194092988522,NA,NA,NA
"8083",2024-12-07 04:00:00,"historie",11.61,12.5023415391692,NA,NA,NA
"8084",2024-12-07 05:00:00,"historie",11.77,13.3569696156341,NA,NA,NA
"8085",2024-12-07 06:00:00,"historie",10.02,13.3208164196597,NA,NA,NA
"8086",2024-12-07 07:00:00,"historie",7.19,9.73854025531424,NA,NA,NA
"8087",2024-12-07 08:00:00,"historie",5.45,8.07551724988901,NA,NA,NA
"8088",2024-12-07 09:00:00,"historie",5.84,6.51449004537374,NA,NA,NA
"8089",2024-12-07 10:00:00,"historie",7.61,6.92324107325435,NA,NA,NA
"8090",2024-12-07 11:00:00,"historie",6.45,8.37145085987281,NA,NA,NA
"8091",2024-12-07 12:00:00,"historie",7.13,6.85368129351482,NA,NA,NA
"8092",2024-12-07 13:00:00,"historie",8.01,10.0479077460381,NA,NA,NA
"8093",2024-12-07 14:00:00,"historie",9.54,10.2934378533804,NA,NA,NA
"8094",2024-12-07 15:00:00,"historie",14.77,12.8073543662068,NA,NA,NA
"8095",2024-12-07 16:00:00,"historie",20.79,18.69181051414,NA,NA,NA
"8096",2024-12-07 17:00:00,"historie",29.21,21.6475923788014,NA,NA,NA
"8097",2024-12-07 18:00:00,"historie",37.01,26.3244550697468,NA,NA,NA
"8098",2024-12-07 19:00:00,"historie",33.88,27.5262999963767,NA,NA,NA
"8099",2024-12-07 20:00:00,"historie",28.21,27.3881473548272,NA,NA,NA
"8100",2024-12-07 21:00:00,"historie",26.11,22.3765629963479,NA,NA,NA
"8101",2024-12-07 22:00:00,"historie",25.93,22.1537053197716,NA,NA,NA
"8102",2024-12-07 23:00:00,"historie",20.3,21.6282214303937,NA,NA,NA
"8103",2024-12-08,"historie",22.35,17.7493321541262,NA,NA,NA
"8104",2024-12-08 01:00:00,"historie",18.57,19.6647073930147,NA,NA,NA
"8105",2024-12-08 02:00:00,"historie",19.61,15.928730196463,NA,NA,NA
"8106",2024-12-08 03:00:00,"historie",21.19,18.5826024040785,NA,NA,NA
"8107",2024-12-08 04:00:00,"historie",18.75,21.4910218856309,NA,NA,NA
"8108",2024-12-08 05:00:00,"historie",15.74,17.9682002551722,NA,NA,NA
"8109",2024-12-08 06:00:00,"historie",10.61,15.211810973349,NA,NA,NA
"8110",2024-12-08 07:00:00,"historie",10.43,9.43233702157611,NA,NA,NA
"8111",2024-12-08 08:00:00,"historie",10.7,10.5783542858292,NA,NA,NA
"8112",2024-12-08 09:00:00,"historie",12.13,11.0161668632431,NA,NA,NA
"8113",2024-12-08 10:00:00,"historie",9.88,12.2253260218403,NA,NA,NA
"8114",2024-12-08 11:00:00,"historie",10.07,9.01297830735822,NA,NA,NA
"8115",2024-12-08 12:00:00,"historie",10.04,10.3293572534168,NA,NA,NA
"8116",2024-12-08 13:00:00,"historie",11.24,12.0397923949443,NA,NA,NA
"8117",2024-12-08 14:00:00,"historie",13.06,13.2242529969602,NA,NA,NA
"8118",2024-12-08 15:00:00,"historie",11.92,16.4347966760405,NA,NA,NA
"8119",2024-12-08 16:00:00,"historie",14.36,14.5006576655828,NA,NA,NA
"8120",2024-12-08 17:00:00,"historie",16.88,16.8055117902464,NA,NA,NA
"8121",2024-12-08 18:00:00,"historie",15.39,17.7235218190873,NA,NA,NA
"8122",2024-12-08 19:00:00,"historie",12.75,14.2374152404378,NA,NA,NA
"8123",2024-12-08 20:00:00,"historie",14.98,12.8935698073236,NA,NA,NA
"8124",2024-12-08 21:00:00,"historie",10.73,15.0809402366974,NA,NA,NA
"8125",2024-12-08 22:00:00,"historie",10.9,10.7966732818907,NA,NA,NA
"8126",2024-12-08 23:00:00,"historie",9.99,11.3221300234044,NA,NA,NA
"8127",2024-12-09,"historie",9.45,10.897951407805,NA,NA,NA
"8128",2024-12-09 01:00:00,"historie",9.51,9.82303077649894,NA,NA,NA
"8129",2024-12-09 02:00:00,"historie",9.49,10.3561658592251,NA,NA,NA
"8130",2024-12-09 03:00:00,"historie",8.41,10.5758778249777,NA,NA,NA
"8131",2024-12-09 04:00:00,"historie",7.35,10.0038498074237,NA,NA,NA
"8132",2024-12-09 05:00:00,"historie",7.87,8.634380635272,NA,NA,NA
"8133",2024-12-09 06:00:00,"historie",9.04,8.88431266593573,NA,NA,NA
"8134",2024-12-09 07:00:00,"historie",9.56,9.34994395870496,NA,NA,NA
"8135",2024-12-09 08:00:00,"historie",8.86,9.95704753549578,NA,NA,NA
"8136",2024-12-09 09:00:00,"historie",8.89,9.51146452830248,NA,NA,NA
"8137",2024-12-09 10:00:00,"historie",9.87,9.10334602358895,NA,NA,NA
"8138",2024-12-09 11:00:00,"historie",7.81,9.83850474193259,NA,NA,NA
"8139",2024-12-09 12:00:00,"historie",7.96,7.97962092852352,NA,NA,NA
"8140",2024-12-09 13:00:00,"historie",9.31,10.1988064228254,NA,NA,NA
"8141",2024-12-09 14:00:00,"historie",9.94,11.4908407808106,NA,NA,NA
"8142",2024-12-09 15:00:00,"historie",10.35,12.3852071056326,NA,NA,NA
"8143",2024-12-09 16:00:00,"historie",12.28,13.2609925026115,NA,NA,NA
"8144",2024-12-09 17:00:00,"historie",12.68,14.6024166657163,NA,NA,NA
"8145",2024-12-09 18:00:00,"historie",12.52,13.4791216840076,NA,NA,NA
"8146",2024-12-09 19:00:00,"historie",10.56,12.1606650639688,NA,NA,NA
"8147",2024-12-09 20:00:00,"historie",11.02,11.4074214101943,NA,NA,NA
"8148",2024-12-09 21:00:00,"historie",10.7,11.0530564427667,NA,NA,NA
"8149",2024-12-09 22:00:00,"historie",11.09,11.4142361768994,NA,NA,NA
"8150",2024-12-09 23:00:00,"historie",10.72,11.2041929851878,NA,NA,NA
"8151",2024-12-10,"historie",9.34,11.3038609479366,NA,NA,NA
"8152",2024-12-10 01:00:00,"historie",9.52,9.5596432701413,NA,NA,NA
"8153",2024-12-10 02:00:00,"historie",9.16,10.2321500176244,NA,NA,NA
"8154",2024-12-10 03:00:00,"historie",9.49,9.81439109179631,NA,NA,NA
"8155",2024-12-10 04:00:00,"historie",10.16,10.8260153451886,NA,NA,NA
"8156",2024-12-10 05:00:00,"historie",10.7,11.2984159028458,NA,NA,NA
"8157",2024-12-10 06:00:00,"historie",9.31,11.3232823285925,NA,NA,NA
"8158",2024-12-10 07:00:00,"historie",9.91,9.13766924941798,NA,NA,NA
"8159",2024-12-10 08:00:00,"historie",10.25,10.1712950281114,NA,NA,NA
"8160",2024-12-10 09:00:00,"historie",8.93,10.6439826268276,NA,NA,NA
"8161",2024-12-10 10:00:00,"historie",8.74,9.0397056584637,NA,NA,NA
"8162",2024-12-10 11:00:00,"historie",9.46,8.50276982968198,NA,NA,NA
"8163",2024-12-10 12:00:00,"historie",9.92,9.85430551733676,NA,NA,NA
"8164",2024-12-10 13:00:00,"historie",9.73,11.8219396621827,NA,NA,NA
"8165",2024-12-10 14:00:00,"historie",10.47,11.3000928200923,NA,NA,NA
"8166",2024-12-10 15:00:00,"historie",10.53,12.7744880434915,NA,NA,NA
"8167",2024-12-10 16:00:00,"historie",10.6,13.1441571310165,NA,NA,NA
"8168",2024-12-10 17:00:00,"historie",9.96,12.3979858460292,NA,NA,NA
"8169",2024-12-10 18:00:00,"historie",9.68,11.017683034006,NA,NA,NA
"8170",2024-12-10 19:00:00,"historie",10.88,9.84429472086556,NA,NA,NA
"8171",2024-12-10 20:00:00,"historie",10.54,12.1838135157218,NA,NA,NA
"8172",2024-12-10 21:00:00,"historie",10.6,10.5341043260268,NA,NA,NA
"8173",2024-12-10 22:00:00,"historie",11.18,11.4384686121296,NA,NA,NA
"8174",2024-12-10 23:00:00,"historie",10.56,11.291012118633,NA,NA,NA
"8175",2024-12-11,"historie",10.74,10.8667636417089,NA,NA,NA
"8176",2024-12-11 01:00:00,"historie",10.56,10.9861142413798,NA,NA,NA
"8177",2024-12-11 02:00:00,"historie",9.87,10.7974620436121,NA,NA,NA
"8178",2024-12-11 03:00:00,"historie",9.9,10.4130704482342,NA,NA,NA
"8179",2024-12-11 04:00:00,"historie",11.86,11.1318545635909,NA,NA,NA
"8180",2024-12-11 05:00:00,"historie",14.81,12.939283546953,NA,NA,NA
"8181",2024-12-11 06:00:00,"historie",16.91,14.488081235824,NA,NA,NA
"8182",2024-12-11 07:00:00,"historie",27.8,15.3001000214259,NA,NA,NA
"8183",2024-12-11 08:00:00,"historie",32.51,24.2048608240761,NA,NA,NA
"8184",2024-12-11 09:00:00,"historie",18.26,25.3473312807295,NA,NA,NA
"8185",2024-12-11 10:00:00,"historie",9.62,14.3414784716257,NA,NA,NA
"8186",2024-12-11 11:00:00,"historie",9.83,8.57243679901026,NA,NA,NA
"8187",2024-12-11 12:00:00,"historie",9.37,10.3042447228534,NA,NA,NA
"8188",2024-12-11 13:00:00,"historie",11.93,10.7914441252264,NA,NA,NA
"8189",2024-12-11 14:00:00,"historie",15.61,13.8447109684745,NA,NA,NA
"8190",2024-12-11 15:00:00,"historie",16.09,17.3773404992088,NA,NA,NA
"8191",2024-12-11 16:00:00,"historie",17.81,17.6276640462713,NA,NA,NA
"8192",2024-12-11 17:00:00,"historie",18.66,18.2841284622254,NA,NA,NA
"8193",2024-12-11 18:00:00,"historie",17.33,17.8728771094342,NA,NA,NA
"8194",2024-12-11 19:00:00,"historie",15.1,15.6266190779797,NA,NA,NA
"8195",2024-12-11 20:00:00,"historie",14.35,14.7317572419038,NA,NA,NA
"8196",2024-12-11 21:00:00,"historie",17.14,13.5486097234012,NA,NA,NA
"8197",2024-12-11 22:00:00,"historie",16.15,17.0460050583019,NA,NA,NA
"8198",2024-12-11 23:00:00,"historie",13.82,14.5127187977547,NA,NA,NA
"8199",2024-12-12,"historie",12.05,13.3025134762447,NA,NA,NA
"8200",2024-12-12 01:00:00,"historie",10.19,11.6626609860954,NA,NA,NA
"8201",2024-12-12 02:00:00,"historie",11.78,10.2020203992889,NA,NA,NA
"8202",2024-12-12 03:00:00,"historie",10.64,12.3992678296376,NA,NA,NA
"8203",2024-12-12 04:00:00,"historie",10.37,11.5667360453215,NA,NA,NA
"8204",2024-12-12 05:00:00,"historie",13.98,11.5776573554031,NA,NA,NA
"8205",2024-12-12 06:00:00,"historie",14.46,14.6034577765423,NA,NA,NA
"8206",2024-12-12 07:00:00,"historie",19.87,14.4903956102419,NA,NA,NA
"8207",2024-12-12 08:00:00,"historie",13.57,19.0103695694828,NA,NA,NA
"8208",2024-12-12 09:00:00,"historie",13.18,11.2932948943916,NA,NA,NA
"8209",2024-12-12 10:00:00,"historie",17.14,11.8448884376352,NA,NA,NA
"8210",2024-12-12 11:00:00,"historie",15.45,15.6062429537378,NA,NA,NA
"8211",2024-12-12 12:00:00,"historie",12.27,13.6588388512708,NA,NA,NA
"8212",2024-12-12 13:00:00,"historie",14.88,13.3022980860497,NA,NA,NA
"8213",2024-12-12 14:00:00,"historie",19.54,16.7149680445506,NA,NA,NA
"8214",2024-12-12 15:00:00,"historie",28.72,20.6045963210378,NA,NA,NA
"8215",2024-12-12 16:00:00,"historie",28.69,29.5861613050469,NA,NA,NA
"8216",2024-12-12 17:00:00,"historie",24.47,25.8310918888173,NA,NA,NA
"8217",2024-12-12 18:00:00,"historie",20.28,21.4329903636216,NA,NA,NA
"8218",2024-12-12 19:00:00,"historie",16.45,17.3314305030323,NA,NA,NA
"8219",2024-12-12 20:00:00,"historie",15.68,15.6363189538686,NA,NA,NA
"8220",2024-12-12 21:00:00,"historie",16.17,15.1424895466951,NA,NA,NA
"8221",2024-12-12 22:00:00,"historie",15.03,15.7783318495511,NA,NA,NA
"8222",2024-12-12 23:00:00,"historie",14.25,13.76679374291,NA,NA,NA
"8223",2024-12-13,"historie",13.17,13.6845593949092,NA,NA,NA
"8224",2024-12-13 01:00:00,"historie",11.7,12.3574685584236,NA,NA,NA
"8225",2024-12-13 02:00:00,"historie",11.52,11.7451181332152,NA,NA,NA
"8226",2024-12-13 03:00:00,"historie",15.06,11.5868919983577,NA,NA,NA
"8227",2024-12-13 04:00:00,"historie",12.95,15.9594868450533,NA,NA,NA
"8228",2024-12-13 05:00:00,"historie",16.66,13.5128866814877,NA,NA,NA
"8229",2024-12-13 06:00:00,"historie",14.66,16.6259914133099,NA,NA,NA
"8230",2024-12-13 07:00:00,"historie",15.73,14.58610162091,NA,NA,NA
"8231",2024-12-13 08:00:00,"historie",13.61,14.3547242286161,NA,NA,NA
"8232",2024-12-13 09:00:00,"historie",12.53,12.3394043699161,NA,NA,NA
"8233",2024-12-13 10:00:00,"historie",13.41,11.968892197547,NA,NA,NA
"8234",2024-12-13 11:00:00,"historie",14.08,12.4775881212253,NA,NA,NA
"8235",2024-12-13 12:00:00,"historie",14.51,13.0309793203717,NA,NA,NA
"8236",2024-12-13 13:00:00,"historie",14.14,15.9409539493532,NA,NA,NA
"8237",2024-12-13 14:00:00,"historie",15.83,15.6238245895501,NA,NA,NA
"8238",2024-12-13 15:00:00,"historie",15.91,18.176922823106,NA,NA,NA
"8239",2024-12-13 16:00:00,"historie",14.73,17.5051786901003,NA,NA,NA
"8240",2024-12-13 17:00:00,"historie",14.6,15.3627837457331,NA,NA,NA
"8241",2024-12-13 18:00:00,"historie",13.35,14.7217031706485,NA,NA,NA
"8242",2024-12-13 19:00:00,"historie",14.35,12.678428738443,NA,NA,NA
"8243",2024-12-13 20:00:00,"historie",13.01,14.8251611508041,NA,NA,NA
"8244",2024-12-13 21:00:00,"historie",13.57,12.9191586429531,NA,NA,NA
"8245",2024-12-13 22:00:00,"historie",14.24,13.8356181002528,NA,NA,NA
"8246",2024-12-13 23:00:00,"historie",12.4,13.6227044602464,NA,NA,NA
"8247",2024-12-14,"historie",12.31,12.0450805753539,NA,NA,NA
"8248",2024-12-14 01:00:00,"historie",12.49,11.9293338869464,NA,NA,NA
"8249",2024-12-14 02:00:00,"historie",12.58,12.515986273629,NA,NA,NA
"8250",2024-12-14 03:00:00,"historie",14.76,12.9913777184454,NA,NA,NA
"8251",2024-12-14 04:00:00,"historie",13.69,14.9857106959514,NA,NA,NA
"8252",2024-12-14 05:00:00,"historie",12.45,14.7045216869979,NA,NA,NA
"8253",2024-12-14 06:00:00,"historie",11.56,12.2004163082113,NA,NA,NA
"8254",2024-12-14 07:00:00,"historie",9.53,12.4184738446765,NA,NA,NA
"8255",2024-12-14 08:00:00,"historie",9.97,9.27958027351738,NA,NA,NA
"8256",2024-12-14 09:00:00,"historie",10.1,10.1388941438763,NA,NA,NA
"8257",2024-12-14 10:00:00,"historie",9.6,10.2458265710659,NA,NA,NA
"8258",2024-12-14 11:00:00,"historie",7.98,9.62037346334034,NA,NA,NA
"8259",2024-12-14 12:00:00,"historie",7.94,8.30481657257695,NA,NA,NA
"8260",2024-12-14 13:00:00,"historie",11.67,9.81156234989474,NA,NA,NA
"8261",2024-12-14 14:00:00,"historie",17.98,14.4521549727264,NA,NA,NA
"8262",2024-12-14 15:00:00,"historie",17.6,20.2099323505297,NA,NA,NA
"8263",2024-12-14 16:00:00,"historie",16.21,18.1763811352659,NA,NA,NA
"8264",2024-12-14 17:00:00,"historie",13.17,16.4974042954427,NA,NA,NA
"8265",2024-12-14 18:00:00,"historie",11.98,12.9774442883004,NA,NA,NA
"8266",2024-12-14 19:00:00,"historie",13.67,12.0548405510818,NA,NA,NA
"8267",2024-12-14 20:00:00,"historie",13.44,14.15774810089,NA,NA,NA
"8268",2024-12-14 21:00:00,"historie",14.11,13.5190597421722,NA,NA,NA
"8269",2024-12-14 22:00:00,"historie",13.93,14.3536644151728,NA,NA,NA
"8270",2024-12-14 23:00:00,"historie",14.51,13.0954154108771,NA,NA,NA
"8271",2024-12-15,"historie",14.8,14.1697083913372,NA,NA,NA
"8272",2024-12-15 01:00:00,"historie",15.04,13.8655102425265,NA,NA,NA
"8273",2024-12-15 02:00:00,"historie",14.44,14.4924252078129,NA,NA,NA
"8274",2024-12-15 03:00:00,"historie",11.86,14.4798844630631,NA,NA,NA
"8275",2024-12-15 04:00:00,"historie",11.47,11.8344940396433,NA,NA,NA
"8276",2024-12-15 05:00:00,"historie",14.71,12.6665614120056,NA,NA,NA
"8277",2024-12-15 06:00:00,"historie",14.34,14.6417736117511,NA,NA,NA
"8278",2024-12-15 07:00:00,"historie",13.39,13.933156074572,NA,NA,NA
"8279",2024-12-15 08:00:00,"historie",11.69,12.5060733456373,NA,NA,NA
"8280",2024-12-15 09:00:00,"historie",10.09,11.0064546338589,NA,NA,NA
"8281",2024-12-15 10:00:00,"historie",9.69,9.8817033104222,NA,NA,NA
"8282",2024-12-15 11:00:00,"historie",10.46,9.45083680900277,NA,NA,NA
"8283",2024-12-15 12:00:00,"historie",8.5,10.6218513814095,NA,NA,NA
"8284",2024-12-15 13:00:00,"historie",6.65,10.1607124535794,NA,NA,NA
"8285",2024-12-15 14:00:00,"historie",9.14,8.73726939084715,NA,NA,NA
"8286",2024-12-15 15:00:00,"historie",12.43,11.8450411475499,NA,NA,NA
"8287",2024-12-15 16:00:00,"historie",15.41,14.5786249319464,NA,NA,NA
"8288",2024-12-15 17:00:00,"historie",18.36,16.0070165022525,NA,NA,NA
"8289",2024-12-15 18:00:00,"historie",16.46,17.6868944555554,NA,NA,NA
"8290",2024-12-15 19:00:00,"historie",17.66,15.4285150835486,NA,NA,NA
"8291",2024-12-15 20:00:00,"historie",16.01,17.1078059383885,NA,NA,NA
"8292",2024-12-15 21:00:00,"historie",15.53,15.3825427512044,NA,NA,NA
"8293",2024-12-15 22:00:00,"historie",13.8,15.229464378394,NA,NA,NA
"8294",2024-12-15 23:00:00,"historie",11.05,13.0815790315124,NA,NA,NA
"8295",2024-12-16,"historie",10.77,11.0836735703494,NA,NA,NA
"8296",2024-12-16 01:00:00,"historie",10.29,11.0228952693887,NA,NA,NA
"8297",2024-12-16 02:00:00,"historie",9.88,10.7014039355689,NA,NA,NA
"8298",2024-12-16 03:00:00,"historie",11.32,10.4694492260435,NA,NA,NA
"8299",2024-12-16 04:00:00,"historie",10.11,12.1138686136982,NA,NA,NA
"8300",2024-12-16 05:00:00,"historie",9.91,11.4765046612646,NA,NA,NA
"8301",2024-12-16 06:00:00,"historie",10.79,10.3612836089781,NA,NA,NA
"8302",2024-12-16 07:00:00,"historie",9,11.5462717834828,NA,NA,NA
"8303",2024-12-16 08:00:00,"historie",9.36,8.84643879218991,NA,NA,NA
"8304",2024-12-16 09:00:00,"historie",10.7,9.49980992974212,NA,NA,NA
"8305",2024-12-16 10:00:00,"historie",9.59,10.7612931175932,NA,NA,NA
"8306",2024-12-16 11:00:00,"historie",9.38,9.38837273106286,NA,NA,NA
"8307",2024-12-16 12:00:00,"historie",8.03,9.36328217215109,NA,NA,NA
"8308",2024-12-16 13:00:00,"historie",4.75,9.16630128989902,NA,NA,NA
"8309",2024-12-16 14:00:00,"historie",6.03,6.38142704417206,NA,NA,NA
"8310",2024-12-16 15:00:00,"historie",7.59,8.69493551331974,NA,NA,NA
"8311",2024-12-16 16:00:00,"historie",11.58,9.96870577279123,NA,NA,NA
"8312",2024-12-16 17:00:00,"historie",9.08,13.7976114793248,NA,NA,NA
"8313",2024-12-16 18:00:00,"historie",9.2,9.40261325480173,NA,NA,NA
"8314",2024-12-16 19:00:00,"historie",8.95,10.4797985907601,NA,NA,NA
"8315",2024-12-16 20:00:00,"historie",9.03,9.81188809359007,NA,NA,NA
"8316",2024-12-16 21:00:00,"historie",10.04,10.179387718428,NA,NA,NA
"8317",2024-12-16 22:00:00,"historie",9.51,10.9598273906991,NA,NA,NA
"8318",2024-12-16 23:00:00,"historie",7.39,9.63909227085279,NA,NA,NA
"8319",2024-12-17,"historie",6.97,8.03877627261278,NA,NA,NA
"8320",2024-12-17 01:00:00,"historie",6,7.76315354930984,NA,NA,NA
"8321",2024-12-17 02:00:00,"historie",6.71,6.86567182502198,NA,NA,NA
"8322",2024-12-17 03:00:00,"historie",6.97,8.18203547088396,NA,NA,NA
"8323",2024-12-17 04:00:00,"historie",8.36,7.93267717112915,NA,NA,NA
"8324",2024-12-17 05:00:00,"historie",12.05,10.2134872939869,NA,NA,NA
"8325",2024-12-17 06:00:00,"historie",10.07,12.8384814854881,NA,NA,NA
"8326",2024-12-17 07:00:00,"historie",11.65,9.92428649550261,NA,NA,NA
"8327",2024-12-17 08:00:00,"historie",13.08,11.73478577244,NA,NA,NA
"8328",2024-12-17 09:00:00,"historie",10.6,12.5047186373908,NA,NA,NA
"8329",2024-12-17 10:00:00,"historie",8.7,9.87626531805473,NA,NA,NA
"8330",2024-12-17 11:00:00,"historie",9.95,8.67854990695764,NA,NA,NA
"8331",2024-12-17 12:00:00,"historie",10.17,9.9632358915571,NA,NA,NA
"8332",2024-12-17 13:00:00,"historie",9.18,10.3624324425912,NA,NA,NA
"8333",2024-12-17 14:00:00,"historie",10.57,11.2364754343668,NA,NA,NA
"8334",2024-12-17 15:00:00,"historie",15.54,12.6673733105406,NA,NA,NA
"8335",2024-12-17 16:00:00,"historie",20.19,18.3240719403851,NA,NA,NA
"8336",2024-12-17 17:00:00,"historie",17.79,19.0802700423861,NA,NA,NA
"8337",2024-12-17 18:00:00,"historie",15.75,16.298884763052,NA,NA,NA
"8338",2024-12-17 19:00:00,"historie",16.97,14.9656022872208,NA,NA,NA
"8339",2024-12-17 20:00:00,"historie",16.54,16.3567896508935,NA,NA,NA
"8340",2024-12-17 21:00:00,"historie",16.51,16.0196389148281,NA,NA,NA
"8341",2024-12-17 22:00:00,"historie",16.06,15.5657510762835,NA,NA,NA
"8342",2024-12-17 23:00:00,"historie",14.16,14.1134051333827,NA,NA,NA
"8343",2024-12-18,"historie",14.57,13.2832961740497,NA,NA,NA
"8344",2024-12-18 01:00:00,"historie",11.63,13.3743412604824,NA,NA,NA
"8345",2024-12-18 02:00:00,"historie",12.21,11.2537768261329,NA,NA,NA
"8346",2024-12-18 03:00:00,"historie",11.35,12.5427250424534,NA,NA,NA
"8347",2024-12-18 04:00:00,"historie",10.94,11.5238710280948,NA,NA,NA
"8348",2024-12-18 05:00:00,"historie",17.19,12.4821347437959,NA,NA,NA
"8349",2024-12-18 06:00:00,"historie",34.59,16.6518361017616,NA,NA,NA
"8350",2024-12-18 07:00:00,"historie",32.7,30.8912909877553,NA,NA,NA
"8351",2024-12-18 08:00:00,"historie",39.88,24.5109118976781,NA,NA,NA
"8352",2024-12-18 09:00:00,"historie",32.78,29.5474626694154,NA,NA,NA
"8353",2024-12-18 10:00:00,"historie",21.7,23.0820817077049,NA,NA,NA
"8354",2024-12-18 11:00:00,"historie",7.48,17.2661739549826,NA,NA,NA
"8355",2024-12-18 12:00:00,"historie",5.95,6.5852076741978,NA,NA,NA
"8356",2024-12-18 13:00:00,"historie",7.21,6.94163199879835,NA,NA,NA
"8357",2024-12-18 14:00:00,"historie",7.77,9.74929154213872,NA,NA,NA
"8358",2024-12-18 15:00:00,"historie",7.36,10.1198486976666,NA,NA,NA
"8359",2024-12-18 16:00:00,"historie",8.38,9.66223193776604,NA,NA,NA
"8360",2024-12-18 17:00:00,"historie",8.38,9.70096866465418,NA,NA,NA
"8361",2024-12-18 18:00:00,"historie",8.18,9.34462705725787,NA,NA,NA
"8362",2024-12-18 19:00:00,"historie",8.14,9.40061567163055,NA,NA,NA
"8363",2024-12-18 20:00:00,"historie",9.27,9.20607777841853,NA,NA,NA
"8364",2024-12-18 21:00:00,"historie",13.53,10.6696695878903,NA,NA,NA
"8365",2024-12-18 22:00:00,"historie",34.74,14.3776129384078,NA,NA,NA
"8366",2024-12-18 23:00:00,"historie",38.27,30.4639663972505,NA,NA,NA
"8367",2024-12-19,"historie",37.23,29.24177461979,NA,NA,NA
"8368",2024-12-19 01:00:00,"historie",34.19,27.0062844639298,NA,NA,NA
"8369",2024-12-19 02:00:00,"historie",33.1,26.9349930101482,NA,NA,NA
"8370",2024-12-19 03:00:00,"historie",30.81,26.2456118092752,NA,NA,NA
"8371",2024-12-19 04:00:00,"historie",30.48,24.7933464842632,NA,NA,NA
"8372",2024-12-19 05:00:00,"historie",26.35,28.7167343458868,NA,NA,NA
"8373",2024-12-19 06:00:00,"historie",24.57,23.4315824250271,NA,NA,NA
"8374",2024-12-19 07:00:00,"historie",6.39,21.2477555315263,NA,NA,NA
"8375",2024-12-19 08:00:00,"historie",6.27,6.08125182993412,NA,NA,NA
"8376",2024-12-19 09:00:00,"historie",21.1,7.32910060916907,NA,NA,NA
"8377",2024-12-19 10:00:00,"historie",16.72,21.061847238971,NA,NA,NA
"8378",2024-12-19 11:00:00,"historie",15.78,12.0679860071831,NA,NA,NA
"8379",2024-12-19 12:00:00,"historie",12.46,13.9466946113501,NA,NA,NA
"8380",2024-12-19 13:00:00,"historie",10.46,11.8942655112995,NA,NA,NA
"8381",2024-12-19 14:00:00,"historie",11.46,11.885236496572,NA,NA,NA
"8382",2024-12-19 15:00:00,"historie",10.63,13.1229969927448,NA,NA,NA
"8383",2024-12-19 16:00:00,"historie",10.76,12.399361341884,NA,NA,NA
"8384",2024-12-19 17:00:00,"historie",10.68,11.3534554465061,NA,NA,NA
"8385",2024-12-19 18:00:00,"historie",12.21,11.1228710605762,NA,NA,NA
"8386",2024-12-19 19:00:00,"historie",15.04,12.8495881314862,NA,NA,NA
"8387",2024-12-19 20:00:00,"historie",8.94,15.3060886575639,NA,NA,NA
"8388",2024-12-19 21:00:00,"historie",9.72,9.50487797614682,NA,NA,NA
"8389",2024-12-19 22:00:00,"historie",9.61,12.4626218147121,NA,NA,NA
"8390",2024-12-19 23:00:00,"historie",10.69,9.97666863857449,NA,NA,NA
"8391",2024-12-20,"historie",8.99,11.8186194918648,NA,NA,NA
"8392",2024-12-20 01:00:00,"historie",8.06,9.12596090383925,NA,NA,NA
"8393",2024-12-20 02:00:00,"historie",7.18,9.15737634764494,NA,NA,NA
"8394",2024-12-20 03:00:00,"historie",8.59,8.20569833079125,NA,NA,NA
"8395",2024-12-20 04:00:00,"historie",10.29,10.0857223691611,NA,NA,NA
"8396",2024-12-20 05:00:00,"historie",11.63,12.3878356934192,NA,NA,NA
"8397",2024-12-20 06:00:00,"historie",14.57,12.7816843968823,NA,NA,NA
"8398",2024-12-20 07:00:00,"historie",13.76,12.3245904787183,NA,NA,NA
"8399",2024-12-20 08:00:00,"historie",16.68,13.4967719476866,NA,NA,NA
"8400",2024-12-20 09:00:00,"historie",23.53,17.9435612357673,NA,NA,NA
"8401",2024-12-20 10:00:00,"historie",10.38,19.0295081584591,NA,NA,NA
"8402",2024-12-20 11:00:00,"historie",9.73,8.39721565275377,NA,NA,NA
"8403",2024-12-20 12:00:00,"historie",9.75,9.66657806868155,NA,NA,NA
"8404",2024-12-20 13:00:00,"historie",13.49,10.0701404199746,NA,NA,NA
"8405",2024-12-20 14:00:00,"historie",12.1,15.7187152827607,NA,NA,NA
"8406",2024-12-20 15:00:00,"historie",12.4,12.6988849748803,NA,NA,NA
"8407",2024-12-20 16:00:00,"historie",15.47,14.1563508764628,NA,NA,NA
"8408",2024-12-20 17:00:00,"historie",15.34,15.4775040230119,NA,NA,NA
"8409",2024-12-20 18:00:00,"historie",21.12,14.9239811512987,NA,NA,NA
"8410",2024-12-20 19:00:00,"historie",19.97,20.9480038994555,NA,NA,NA
"8411",2024-12-20 20:00:00,"historie",13.31,16.6391781138463,NA,NA,NA
"8412",2024-12-20 21:00:00,"historie",14.47,13.3004506455845,NA,NA,NA
"8413",2024-12-20 22:00:00,"historie",14.51,15.6361291423961,NA,NA,NA
"8414",2024-12-20 23:00:00,"historie",15.87,13.8419461427194,NA,NA,NA
"8415",2024-12-21,"historie",14.73,15.1838269045533,NA,NA,NA
"8416",2024-12-21 01:00:00,"historie",14.63,13.272410462868,NA,NA,NA
"8417",2024-12-21 02:00:00,"historie",13.07,14.0626264156694,NA,NA,NA
"8418",2024-12-21 03:00:00,"historie",12.65,13.0088866194527,NA,NA,NA
"8419",2024-12-21 04:00:00,"historie",12.08,13.0428563850948,NA,NA,NA
"8420",2024-12-21 05:00:00,"historie",12.86,13.4399455293971,NA,NA,NA
"8421",2024-12-21 06:00:00,"historie",12.3,13.9821821521762,NA,NA,NA
"8422",2024-12-21 07:00:00,"historie",12.77,10.979937103815,NA,NA,NA
"8423",2024-12-21 08:00:00,"historie",13.54,13.4709273691759,NA,NA,NA
"8424",2024-12-21 09:00:00,"historie",13.01,14.7973533337932,NA,NA,NA
"8425",2024-12-21 10:00:00,"historie",11.35,10.4416785543038,NA,NA,NA
"8426",2024-12-21 11:00:00,"historie",10.89,10.4974414430535,NA,NA,NA
"8427",2024-12-21 12:00:00,"historie",9.97,10.353068795913,NA,NA,NA
"8428",2024-12-21 13:00:00,"historie",10.77,10.6941028973869,NA,NA,NA
"8429",2024-12-21 14:00:00,"historie",10.67,12.2027953519514,NA,NA,NA
"8430",2024-12-21 15:00:00,"historie",11.65,11.9287733183474,NA,NA,NA
"8431",2024-12-21 16:00:00,"historie",12.29,13.819128779957,NA,NA,NA
"8432",2024-12-21 17:00:00,"historie",13.01,12.6278013405195,NA,NA,NA
"8433",2024-12-21 18:00:00,"historie",15.17,14.1247898669693,NA,NA,NA
"8434",2024-12-21 19:00:00,"historie",14.57,15.5254542400427,NA,NA,NA
"8435",2024-12-21 20:00:00,"historie",14.29,13.0664363677505,NA,NA,NA
"8436",2024-12-21 21:00:00,"historie",13.2,15.2095377791292,NA,NA,NA
"8437",2024-12-21 22:00:00,"historie",13.83,13.8768593503989,NA,NA,NA
"8438",2024-12-21 23:00:00,"historie",12.33,13.8750331518068,NA,NA,NA
"8439",2024-12-22,"historie",10.08,12.074028042312,NA,NA,NA
"8440",2024-12-22 01:00:00,"historie",8.99,9.99608742726693,NA,NA,NA
"8441",2024-12-22 02:00:00,"historie",8.58,9.49400680783562,NA,NA,NA
"8442",2024-12-22 03:00:00,"historie",10.56,9.50655218363258,NA,NA,NA
"8443",2024-12-22 04:00:00,"historie",10.43,11.6686663413621,NA,NA,NA
"8444",2024-12-22 05:00:00,"historie",11.14,11.8831648185081,NA,NA,NA
"8445",2024-12-22 06:00:00,"historie",11.12,12.2125341784255,NA,NA,NA
"8446",2024-12-22 07:00:00,"historie",10.6,10.4857202382531,NA,NA,NA
"8447",2024-12-22 08:00:00,"historie",10.16,11.3530604676198,NA,NA,NA
"8448",2024-12-22 09:00:00,"historie",13.3,11.2710251863338,NA,NA,NA
"8449",2024-12-22 10:00:00,"historie",10.71,11.7080274632596,NA,NA,NA
"8450",2024-12-22 11:00:00,"historie",9.76,9.78063074679375,NA,NA,NA
"8451",2024-12-22 12:00:00,"historie",8.92,9.47528592235101,NA,NA,NA
"8452",2024-12-22 13:00:00,"historie",6.91,9.75541169566882,NA,NA,NA
"8453",2024-12-22 14:00:00,"historie",8.75,8.08946942297514,NA,NA,NA
"8454",2024-12-22 15:00:00,"historie",11.31,10.851585882747,NA,NA,NA
"8455",2024-12-22 16:00:00,"historie",11.81,13.4550062886447,NA,NA,NA
"8456",2024-12-22 17:00:00,"historie",14.45,12.2840232326521,NA,NA,NA
"8457",2024-12-22 18:00:00,"historie",15.9,15.7395651039877,NA,NA,NA
"8458",2024-12-22 19:00:00,"historie",17.43,15.7349382668723,NA,NA,NA
"8459",2024-12-22 20:00:00,"historie",19.53,15.8611822589636,NA,NA,NA
"8460",2024-12-22 21:00:00,"historie",15.83,19.2161206565262,NA,NA,NA
"8461",2024-12-22 22:00:00,"historie",11.99,15.5665119426463,NA,NA,NA
"8462",2024-12-22 23:00:00,"historie",11.57,11.5604167063981,NA,NA,NA
"8463",2024-12-23,"historie",11.94,11.5228812863069,NA,NA,NA
"8464",2024-12-23 01:00:00,"historie",11.19,11.6055441102606,NA,NA,NA
"8465",2024-12-23 02:00:00,"historie",10.85,11.1202660900411,NA,NA,NA
"8466",2024-12-23 03:00:00,"historie",11.48,11.6234521346173,NA,NA,NA
"8467",2024-12-23 04:00:00,"historie",12.88,11.9406810749361,NA,NA,NA
"8468",2024-12-23 05:00:00,"historie",14,14.2492341016042,NA,NA,NA
"8469",2024-12-23 06:00:00,"historie",14.86,14.3442372934399,NA,NA,NA
"8470",2024-12-23 07:00:00,"historie",18.99,13.250611924897,NA,NA,NA
"8471",2024-12-23 08:00:00,"historie",20.16,18.3079403778994,NA,NA,NA
"8472",2024-12-23 09:00:00,"historie",19.37,19.6875099876271,NA,NA,NA
"8473",2024-12-23 10:00:00,"historie",12.74,14.5937670081274,NA,NA,NA
"8474",2024-12-23 11:00:00,"historie",8.42,10.9245692824758,NA,NA,NA
"8475",2024-12-23 12:00:00,"historie",8.6,7.99574988901987,NA,NA,NA
"8476",2024-12-23 13:00:00,"historie",7.41,9.31313292768742,NA,NA,NA
"8477",2024-12-23 14:00:00,"historie",15.99,8.80309125523569,NA,NA,NA
"8478",2024-12-23 15:00:00,"historie",21.6,19.1285645717427,NA,NA,NA
"8479",2024-12-23 16:00:00,"historie",20,21.5043486057734,NA,NA,NA
"8480",2024-12-23 17:00:00,"historie",26.17,18.5899355548324,NA,NA,NA
"8481",2024-12-23 18:00:00,"historie",22.72,25.2643805320859,NA,NA,NA
"8482",2024-12-23 19:00:00,"historie",25.93,20.1729102852359,NA,NA,NA
"8483",2024-12-23 20:00:00,"historie",22.12,22.6882795112085,NA,NA,NA
"8484",2024-12-23 21:00:00,"historie",22.61,19.5819020957567,NA,NA,NA
"8485",2024-12-23 22:00:00,"historie",21.42,20.796556086782,NA,NA,NA
"8486",2024-12-23 23:00:00,"historie",17.11,18.7008101273531,NA,NA,NA
"8487",2024-12-24,"historie",13.5,15.1684388513014,NA,NA,NA
"8488",2024-12-24 01:00:00,"historie",10.61,12.2801737995333,NA,NA,NA
"8489",2024-12-24 02:00:00,"historie",9.77,10.4537701127416,NA,NA,NA
"8490",2024-12-24 03:00:00,"historie",8.84,10.6234171191589,NA,NA,NA
"8491",2024-12-24 04:00:00,"historie",8.58,9.66450549298352,NA,NA,NA
"8492",2024-12-24 05:00:00,"historie",10.5,10.1965024166708,NA,NA,NA
"8493",2024-12-24 06:00:00,"historie",10.83,11.8906796201974,NA,NA,NA
"8494",2024-12-24 07:00:00,"historie",15.98,10.8659517196833,NA,NA,NA
"8495",2024-12-24 08:00:00,"historie",16.28,16.749791126616,NA,NA,NA
"8496",2024-12-24 09:00:00,"historie",24.29,16.2338007242444,NA,NA,NA
"8497",2024-12-24 10:00:00,"historie",17.02,18.6130352718939,NA,NA,NA
"8498",2024-12-24 11:00:00,"historie",15.36,13.0452395060246,NA,NA,NA
"8499",2024-12-24 12:00:00,"historie",12.16,13.697864751016,NA,NA,NA
"8500",2024-12-24 13:00:00,"historie",11.59,11.243123903675,NA,NA,NA
"8501",2024-12-24 14:00:00,"historie",10.7,14.030085095667,NA,NA,NA
"8502",2024-12-24 15:00:00,"historie",12.59,12.1869041553867,NA,NA,NA
"8503",2024-12-24 16:00:00,"historie",13.35,14.2988972416384,NA,NA,NA
"8504",2024-12-24 17:00:00,"historie",19.5,14.6104074515398,NA,NA,NA
"8505",2024-12-24 18:00:00,"historie",17.51,20.1280059079134,NA,NA,NA
"8506",2024-12-24 19:00:00,"historie",18.06,17.1650014666902,NA,NA,NA
"8507",2024-12-24 20:00:00,"historie",16.58,16.7340857494941,NA,NA,NA
"8508",2024-12-24 21:00:00,"historie",17.24,16.4580166363817,NA,NA,NA
"8509",2024-12-24 22:00:00,"historie",19.67,17.1156818640732,NA,NA,NA
"8510",2024-12-24 23:00:00,"historie",17.24,17.9190593446605,NA,NA,NA
"8511",2024-12-25,"historie",14.16,15.1411187875751,NA,NA,NA
"8512",2024-12-25 01:00:00,"historie",13.71,12.5789966125034,NA,NA,NA
"8513",2024-12-25 02:00:00,"historie",14.06,13.1091658368902,NA,NA,NA
"8514",2024-12-25 03:00:00,"historie",12.39,13.8313459316346,NA,NA,NA
"8515",2024-12-25 04:00:00,"historie",14.18,12.2015164183349,NA,NA,NA
"8516",2024-12-25 05:00:00,"historie",17.56,15.5439993197481,NA,NA,NA
"8517",2024-12-25 06:00:00,"historie",16.85,17.2898684062849,NA,NA,NA
"8518",2024-12-25 07:00:00,"historie",22.51,15.8110021448091,NA,NA,NA
"8519",2024-12-25 08:00:00,"historie",21.15,21.2434274050583,NA,NA,NA
"8520",2024-12-25 09:00:00,"historie",23.16,20.7610863904065,NA,NA,NA
"8521",2024-12-25 10:00:00,"historie",20.3,16.9411533452814,NA,NA,NA
"8522",2024-12-25 11:00:00,"historie",16.17,16.3400910201798,NA,NA,NA
"8523",2024-12-25 12:00:00,"historie",10.41,13.534999091673,NA,NA,NA
"8524",2024-12-25 13:00:00,"historie",9.23,9.86253588165655,NA,NA,NA
"8525",2024-12-25 14:00:00,"historie",12.6,10.986536227754,NA,NA,NA
"8526",2024-12-25 15:00:00,"historie",31.22,14.8810316293645,NA,NA,NA
"8527",2024-12-25 16:00:00,"historie",37.27,32.1469090547571,NA,NA,NA
"8528",2024-12-25 17:00:00,"historie",29.72,33.069984758388,NA,NA,NA
"8529",2024-12-25 18:00:00,"historie",31.94,24.6024550130833,NA,NA,NA
"8530",2024-12-25 19:00:00,"historie",24.55,28.8654981648078,NA,NA,NA
"8531",2024-12-25 20:00:00,"historie",18.1,19.8972788107028,NA,NA,NA
"8532",2024-12-25 21:00:00,"historie",21.37,17.2477212379488,NA,NA,NA
"8533",2024-12-25 22:00:00,"historie",19.09,21.2302941698306,NA,NA,NA
"8534",2024-12-25 23:00:00,"historie",12.41,16.6448545359104,NA,NA,NA
"8535",2024-12-26,"historie",12.99,11.2331823033977,NA,NA,NA
"8536",2024-12-26 01:00:00,"historie",13.56,12.6892290491084,NA,NA,NA
"8537",2024-12-26 02:00:00,"historie",12.37,13.2100704598526,NA,NA,NA
"8538",2024-12-26 03:00:00,"historie",13.01,12.1567924871376,NA,NA,NA
"8539",2024-12-26 04:00:00,"historie",16.63,13.5224908033961,NA,NA,NA
"8540",2024-12-26 05:00:00,"historie",15.98,18.053852543953,NA,NA,NA
"8541",2024-12-26 06:00:00,"historie",19.02,15.3005319085331,NA,NA,NA
"8542",2024-12-26 07:00:00,"historie",15.67,18.9651877329467,NA,NA,NA
"8543",2024-12-26 08:00:00,"historie",16.71,14.5178036574867,NA,NA,NA
"8544",2024-12-26 09:00:00,"historie",18.92,18.0418904584317,NA,NA,NA
"8545",2024-12-26 10:00:00,"historie",19.81,14.949777187886,NA,NA,NA
"8546",2024-12-26 11:00:00,"historie",16.1,16.4950906082173,NA,NA,NA
"8547",2024-12-26 12:00:00,"historie",19.83,13.0174731107546,NA,NA,NA
"8548",2024-12-26 13:00:00,"historie",21.94,18.1063053926596,NA,NA,NA
"8549",2024-12-26 14:00:00,"historie",27.19,22.3124336290149,NA,NA,NA
"8550",2024-12-26 15:00:00,"historie",32,29.4876520584327,NA,NA,NA
"8551",2024-12-26 16:00:00,"historie",36.61,29.5586728742475,NA,NA,NA
"8552",2024-12-26 17:00:00,"historie",32.4,32.4750483179199,NA,NA,NA
"8553",2024-12-26 18:00:00,"historie",37.87,27.9189028998259,NA,NA,NA
"8554",2024-12-26 19:00:00,"historie",31.57,32.442181152213,NA,NA,NA
"8555",2024-12-26 20:00:00,"historie",20.77,24.1908832912361,NA,NA,NA
"8556",2024-12-26 21:00:00,"historie",25.8,19.3310294007561,NA,NA,NA
"8557",2024-12-26 22:00:00,"historie",29.22,24.3997415100113,NA,NA,NA
"8558",2024-12-26 23:00:00,"historie",21.51,23.0804200325234,NA,NA,NA
"8559",2024-12-27,"historie",20.75,17.8642268092243,NA,NA,NA
"8560",2024-12-27 01:00:00,"historie",27.17,18.0586122502115,NA,NA,NA
"8561",2024-12-27 02:00:00,"historie",27.52,23.3451877243587,NA,NA,NA
"8562",2024-12-27 03:00:00,"historie",29.79,23.0515159992413,NA,NA,NA
"8563",2024-12-27 04:00:00,"historie",27.14,26.3742096563535,NA,NA,NA
"8564",2024-12-27 05:00:00,"historie",22.12,24.1328296229796,NA,NA,NA
"8565",2024-12-27 06:00:00,"historie",18.61,20.0154083178165,NA,NA,NA
"8566",2024-12-27 07:00:00,"historie",22.38,16.8181502107942,NA,NA,NA
"8567",2024-12-27 08:00:00,"historie",17.28,21.1188230962607,NA,NA,NA
"8568",2024-12-27 09:00:00,"historie",18.77,17.0526536181122,NA,NA,NA
"8569",2024-12-27 10:00:00,"historie",15.7,15.6313131744354,NA,NA,NA
"8570",2024-12-27 11:00:00,"historie",17.81,13.1912258594075,NA,NA,NA
"8571",2024-12-27 12:00:00,"historie",21.03,16.3212102230237,NA,NA,NA
"8572",2024-12-27 13:00:00,"historie",26.09,19.1681988211266,NA,NA,NA
"8573",2024-12-27 14:00:00,"historie",30.95,26.8397068846843,NA,NA,NA
"8574",2024-12-27 15:00:00,"historie",40.57,31.6215736487776,NA,NA,NA
"8575",2024-12-27 16:00:00,"historie",36.12,37.3347153280987,NA,NA,NA
"8576",2024-12-27 17:00:00,"historie",34.36,30.654239909531,NA,NA,NA
"8577",2024-12-27 18:00:00,"historie",32.22,31.1030680696119,NA,NA,NA
"8578",2024-12-27 19:00:00,"historie",26.27,27.4430848479193,NA,NA,NA
"8579",2024-12-27 20:00:00,"historie",24.89,20.8129782330383,NA,NA,NA
"8580",2024-12-27 21:00:00,"historie",42.66,24.5596630206134,NA,NA,NA
"8581",2024-12-27 22:00:00,"historie",23.26,38.7247400795257,NA,NA,NA
"8582",2024-12-27 23:00:00,"historie",26.31,16.864986407727,NA,NA,NA
"8583",2024-12-28,"historie",25.2,23.7646002647207,NA,NA,NA
"8584",2024-12-28 01:00:00,"historie",26.66,21.7128771685522,NA,NA,NA
"8585",2024-12-28 02:00:00,"historie",28.26,22.9371525308661,NA,NA,NA
"8586",2024-12-28 03:00:00,"historie",21.44,24.820578512052,NA,NA,NA
"8587",2024-12-28 04:00:00,"historie",21.5,19.0702962288242,NA,NA,NA
"8588",2024-12-28 05:00:00,"historie",22.01,20.62750045235,NA,NA,NA
"8589",2024-12-28 06:00:00,"historie",25.33,20.2050751584293,NA,NA,NA
"8590",2024-12-28 07:00:00,"historie",25.13,23.4825056530037,NA,NA,NA
"8591",2024-12-28 08:00:00,"historie",20.35,21.209291660836,NA,NA,NA
"8592",2024-12-28 09:00:00,"historie",18.09,19.8200450431456,NA,NA,NA
"8593",2024-12-28 10:00:00,"historie",22.27,14.4831164302359,NA,NA,NA
"8594",2024-12-28 11:00:00,"historie",20.75,19.6126067992849,NA,NA,NA
"8595",2024-12-28 12:00:00,"historie",23.14,17.8724629154568,NA,NA,NA
"8596",2024-12-28 13:00:00,"historie",25.28,21.598866766216,NA,NA,NA
"8597",2024-12-28 14:00:00,"historie",26.27,25.9286783110823,NA,NA,NA
"8598",2024-12-28 15:00:00,"historie",32.54,28.2347909406878,NA,NA,NA
"8599",2024-12-28 16:00:00,"historie",37.86,30.9180994836358,NA,NA,NA
"8600",2024-12-28 17:00:00,"historie",38.31,33.9987228523576,NA,NA,NA
"8601",2024-12-28 18:00:00,"historie",27.83,33.5888609226877,NA,NA,NA
"8602",2024-12-28 19:00:00,"historie",23.06,23.3172803891588,NA,NA,NA
"8603",2024-12-28 20:00:00,"historie",25.07,19.8097793084378,NA,NA,NA
"8604",2024-12-28 21:00:00,"historie",25.54,27.1113062018112,NA,NA,NA
"8605",2024-12-28 22:00:00,"historie",21.83,21.746043878902,NA,NA,NA
"8606",2024-12-28 23:00:00,"historie",23.66,19.20104224582,NA,NA,NA
"8607",2024-12-29,"historie",28.09,21.3081412901299,NA,NA,NA
"8608",2024-12-29 01:00:00,"historie",25.51,25.1511102693034,NA,NA,NA
"8609",2024-12-29 02:00:00,"historie",25.91,21.9224826932078,NA,NA,NA
"8610",2024-12-29 03:00:00,"historie",25.01,22.5294070067379,NA,NA,NA
"8611",2024-12-29 04:00:00,"historie",24.83,22.7900687290699,NA,NA,NA
"8612",2024-12-29 05:00:00,"historie",23.46,23.0441509681402,NA,NA,NA
"8613",2024-12-29 06:00:00,"historie",24.25,21.7317616687472,NA,NA,NA
"8614",2024-12-29 07:00:00,"historie",23.91,22.2820586931989,NA,NA,NA
"8615",2024-12-29 08:00:00,"historie",22.4,20.4276200853191,NA,NA,NA
"8616",2024-12-29 09:00:00,"historie",20.08,21.3534009792392,NA,NA,NA
"8617",2024-12-29 10:00:00,"historie",18.59,16.7023093599216,NA,NA,NA
"8618",2024-12-29 11:00:00,"historie",17.05,16.2073405434693,NA,NA,NA
"8619",2024-12-29 12:00:00,"historie",18.02,15.9988149840294,NA,NA,NA
"8620",2024-12-29 13:00:00,"historie",21.97,17.8674335942574,NA,NA,NA
"8621",2024-12-29 14:00:00,"historie",26.95,23.6808376492655,NA,NA,NA
"8622",2024-12-29 15:00:00,"historie",29.4,29.7825017843117,NA,NA,NA
"8623",2024-12-29 16:00:00,"historie",30.91,28.6757675515569,NA,NA,NA
"8624",2024-12-29 17:00:00,"historie",33.88,29.1490756913272,NA,NA,NA
"8625",2024-12-29 18:00:00,"historie",32.54,30.133990606886,NA,NA,NA
"8626",2024-12-29 19:00:00,"historie",31.15,27.5795996682901,NA,NA,NA
"8627",2024-12-29 20:00:00,"historie",29.13,26.2116969430172,NA,NA,NA
"8628",2024-12-29 21:00:00,"historie",26.72,28.5615738437823,NA,NA,NA
"8629",2024-12-29 22:00:00,"historie",25.37,22.7138161171731,NA,NA,NA
"8630",2024-12-29 23:00:00,"historie",25.69,22.4332434876669,NA,NA,NA
"8631",2024-12-30,"historie",25.17,23.2348536540782,NA,NA,NA
"8632",2024-12-30 01:00:00,"historie",25.7,22.2817689714761,NA,NA,NA
"8633",2024-12-30 02:00:00,"historie",26.84,23.0892502772658,NA,NA,NA
"8634",2024-12-30 03:00:00,"historie",26.79,23.6068084472351,NA,NA,NA
"8635",2024-12-30 04:00:00,"historie",24.61,24.3742377073766,NA,NA,NA
"8636",2024-12-30 05:00:00,"historie",22.15,22.5145479821072,NA,NA,NA
"8637",2024-12-30 06:00:00,"historie",25.82,20.8247629009951,NA,NA,NA
"8638",2024-12-30 07:00:00,"historie",27.79,24.0416977790038,NA,NA,NA
"8639",2024-12-30 08:00:00,"historie",27.7,23.4881444277056,NA,NA,NA
"8640",2024-12-30 09:00:00,"historie",22.69,25.0315434696613,NA,NA,NA
"8641",2024-12-30 10:00:00,"historie",18.93,18.0392930594147,NA,NA,NA
"8642",2024-12-30 11:00:00,"historie",11.61,16.289103093158,NA,NA,NA
"8643",2024-12-30 12:00:00,"historie",12.45,11.2093629883374,NA,NA,NA
"8644",2024-12-30 13:00:00,"historie",16.72,14.062766609235,NA,NA,NA
"8645",2024-12-30 14:00:00,"historie",22.4,19.7766376956227,NA,NA,NA
"8646",2024-12-30 15:00:00,"historie",23.83,25.8690095327753,NA,NA,NA
"8647",2024-12-30 16:00:00,"historie",28.45,24.2926388828009,NA,NA,NA
"8648",2024-12-30 17:00:00,"historie",28.15,28.5268093944093,NA,NA,NA
"8649",2024-12-30 18:00:00,"historie",20.68,25.9699978961407,NA,NA,NA
"8650",2024-12-30 19:00:00,"historie",16.76,19.0231273908933,NA,NA,NA
"8651",2024-12-30 20:00:00,"historie",18.48,16.1032910650309,NA,NA,NA
"8652",2024-12-30 21:00:00,"historie",15.54,20.5677771764612,NA,NA,NA
"8653",2024-12-30 22:00:00,"historie",14.33,14.9031647640225,NA,NA,NA
"8654",2024-12-30 23:00:00,"historie",14.28,14.6531955305857,NA,NA,NA
"8655",2024-12-31,"historie",15.08,14.7704089086373,NA,NA,NA
"8656",2024-12-31 01:00:00,"historie",14.51,15.547370551791,NA,NA,NA
"8657",2024-12-31 02:00:00,"historie",13.97,14.8981304214281,NA,NA,NA
"8658",2024-12-31 03:00:00,"historie",13.69,14.3431018359118,NA,NA,NA
"8659",2024-12-31 04:00:00,"historie",18.11,14.4845106737544,NA,NA,NA
"8660",2024-12-31 05:00:00,"historie",22.25,18.9011989256079,NA,NA,NA
"8661",2024-12-31 06:00:00,"historie",27.24,22.3358275528365,NA,NA,NA
"8662",2024-12-31 07:00:00,"historie",25.84,25.442612356103,NA,NA,NA
"8663",2024-12-31 08:00:00,"historie",25.18,22.1334178498234,NA,NA,NA
"8664",2024-12-31 09:00:00,"historie",21.96,22.8468666224924,NA,NA,NA
"8665",2024-12-31 10:00:00,"historie",19.43,17.8303205096648,NA,NA,NA
"8666",2024-12-31 11:00:00,"historie",19.15,15.8857790925828,NA,NA,NA
"8667",2024-12-31 12:00:00,"historie",16.06,18.1196461951517,NA,NA,NA
"8668",2024-12-31 13:00:00,"historie",16.72,16.3542398598528,NA,NA,NA
"8669",2024-12-31 14:00:00,"historie",17.16,19.4040988931876,NA,NA,NA
"8670",2024-12-31 15:00:00,"historie",18.09,19.9064727179887,NA,NA,NA
"8671",2024-12-31 16:00:00,"historie",20.24,20.1996951895335,NA,NA,NA
"8672",2024-12-31 17:00:00,"historie",17.31,21.4605267975916,NA,NA,NA
"8673",2024-12-31 18:00:00,"historie",16.42,16.8138526328809,NA,NA,NA
"8674",2024-12-31 19:00:00,"historie",17.43,16.3919165459552,NA,NA,NA
"8675",2024-12-31 20:00:00,"historie",16.24,17.5404895369055,NA,NA,NA
"8676",2024-12-31 21:00:00,"historie",15.22,17.1520944720577,NA,NA,NA
"8677",2024-12-31 22:00:00,"historie",15.26,14.9696452156836,NA,NA,NA
"8678",2024-12-31 23:00:00,"historie",18.94,15.3755243705458,NA,NA,NA
"8679",2025-01-01,"historie",21.04,19.0462108266699,NA,NA,NA
"8680",2025-01-01 01:00:00,"historie",19.61,19.7663310830862,NA,NA,NA
"8681",2025-01-01 02:00:00,"historie",16.87,18.3694351185324,NA,NA,NA
"8682",2025-01-01 03:00:00,"historie",16.39,16.0775813410505,NA,NA,NA
"8683",2025-01-01 04:00:00,"historie",17.69,17.2300341164476,NA,NA,NA
"8684",2025-01-01 05:00:00,"historie",17.79,18.3140515240637,NA,NA,NA
"8685",2025-01-01 06:00:00,"historie",18.19,18.6461033547203,NA,NA,NA
"8686",2025-01-01 07:00:00,"historie",16.82,18.0449546585719,NA,NA,NA
"8687",2025-01-01 08:00:00,"historie",16.06,16.0932945193802,NA,NA,NA
"8688",2025-01-01 09:00:00,"historie",15.64,15.9631204220281,NA,NA,NA
"8689",2025-01-01 10:00:00,"historie",14.43,14.1676505997631,NA,NA,NA
"8690",2025-01-01 11:00:00,"historie",15.02,13.2058152366228,NA,NA,NA
"8691",2025-01-01 12:00:00,"historie",9.19,14.8292550691281,NA,NA,NA
"8692",2025-01-01 13:00:00,"historie",4.74,9.99462327886815,NA,NA,NA
"8693",2025-01-01 14:00:00,"historie",4.22,6.39959539256687,NA,NA,NA
"8694",2025-01-01 15:00:00,"historie",4.61,6.66553338403813,NA,NA,NA
"8695",2025-01-01 16:00:00,"historie",6.6,7.04378713942367,NA,NA,NA
"8696",2025-01-01 17:00:00,"historie",10.07,9.14108378393655,NA,NA,NA
"8697",2025-01-01 18:00:00,"historie",13.26,12.2354718540372,NA,NA,NA
"8698",2025-01-01 19:00:00,"historie",11.51,14.6439028504821,NA,NA,NA
"8699",2025-01-01 20:00:00,"historie",12.44,11.9971345707428,NA,NA,NA
"8700",2025-01-01 21:00:00,"historie",11.84,14.3562818546253,NA,NA,NA
"8701",2025-01-01 22:00:00,"historie",8.26,12.3367459368392,NA,NA,NA
"8702",2025-01-01 23:00:00,"historie",4.57,9.29017268230762,NA,NA,NA
"8703",2025-01-02,"historie",4.4,5.66975496435393,NA,NA,NA
"8704",2025-01-02 01:00:00,"historie",4.22,5.95549987173683,NA,NA,NA
"8705",2025-01-02 02:00:00,"historie",4.24,5.58561935422146,NA,NA,NA
"8706",2025-01-02 03:00:00,"historie",5.5,5.72818739365799,NA,NA,NA
"8707",2025-01-02 04:00:00,"historie",7.28,7.73497873225518,NA,NA,NA
"8708",2025-01-02 05:00:00,"historie",9.72,9.37488749371309,NA,NA,NA
"8709",2025-01-02 06:00:00,"historie",13.16,12.062748369049,NA,NA,NA
"8710",2025-01-02 07:00:00,"historie",19.19,14.4196436171311,NA,NA,NA
"8711",2025-01-02 08:00:00,"historie",25.91,18.9872166464158,NA,NA,NA
"8712",2025-01-02 09:00:00,"historie",30.66,23.9720272449444,NA,NA,NA
"8713",2025-01-02 10:00:00,"historie",28.21,24.3447889053731,NA,NA,NA
"8714",2025-01-02 11:00:00,"historie",23.39,22.2992805734675,NA,NA,NA
"8715",2025-01-02 12:00:00,"historie",22.9,18.7219228018539,NA,NA,NA
"8716",2025-01-02 13:00:00,"historie",25.17,19.7670543497668,NA,NA,NA
"8717",2025-01-02 14:00:00,"historie",24.54,24.4024760412769,NA,NA,NA
"8718",2025-01-02 15:00:00,"historie",20.61,24.2057414492887,NA,NA,NA
"8719",2025-01-02 16:00:00,"historie",22.73,21.073140055534,NA,NA,NA
"8720",2025-01-02 17:00:00,"historie",18.98,23.3370141922539,NA,NA,NA
"8721",2025-01-02 18:00:00,"historie",19.36,18.2877535082602,NA,NA,NA
"8722",2025-01-02 19:00:00,"historie",21.39,18.4520034066613,NA,NA,NA
"8723",2025-01-02 20:00:00,"historie",22.01,20.4906606705971,NA,NA,NA
"8724",2025-01-02 21:00:00,"historie",21.78,21.2712527418839,NA,NA,NA
"8725",2025-01-02 22:00:00,"historie",17.16,18.796879842084,NA,NA,NA
"8726",2025-01-02 23:00:00,"historie",15.36,14.815527812964,NA,NA,NA
"8727",2025-01-03,"historie",12.91,14.9906755028479,NA,NA,NA
"8728",2025-01-03 01:00:00,"historie",11.78,12.38696583737,NA,NA,NA
"8729",2025-01-03 02:00:00,"historie",11.23,11.8510320613272,NA,NA,NA
"8730",2025-01-03 03:00:00,"historie",9.63,11.9211673318137,NA,NA,NA
"8731",2025-01-03 04:00:00,"historie",10.94,10.9348914423713,NA,NA,NA
"8732",2025-01-03 05:00:00,"historie",11.9,12.7472276897074,NA,NA,NA
"8733",2025-01-03 06:00:00,"historie",12.73,13.7537574376343,NA,NA,NA
"8734",2025-01-03 07:00:00,"historie",14.81,14.1688674738166,NA,NA,NA
"8735",2025-01-03 08:00:00,"historie",13.34,15.7212252108481,NA,NA,NA
"8736",2025-01-03 09:00:00,"historie",13.91,13.921149575879,NA,NA,NA
"8737",2025-01-03 10:00:00,"historie",10.13,13.4213571229074,NA,NA,NA
"8738",2025-01-03 11:00:00,"historie",9.86,9.75901553811696,NA,NA,NA
"8739",2025-01-03 12:00:00,"historie",8.06,10.5134279339982,NA,NA,NA
"8740",2025-01-03 13:00:00,"historie",11.06,9.05968206544143,NA,NA,NA
"8741",2025-01-03 14:00:00,"historie",11.36,13.8265773940509,NA,NA,NA
"8742",2025-01-03 15:00:00,"historie",17.25,13.1837074835136,NA,NA,NA
"8743",2025-01-03 16:00:00,"historie",12.97,20.7059433063283,NA,NA,NA
"8744",2025-01-03 17:00:00,"historie",12.17,13.3130273195989,NA,NA,NA
"8745",2025-01-03 18:00:00,"historie",14.44,13.6443073592013,NA,NA,NA
"8746",2025-01-03 19:00:00,"historie",19.49,15.4748184906895,NA,NA,NA
"8747",2025-01-03 20:00:00,"historie",21.6,19.9121401691305,NA,NA,NA
"8748",2025-01-03 21:00:00,"historie",17.44,21.3048817802106,NA,NA,NA
"8749",2025-01-03 22:00:00,"historie",16.23,15.3025067940304,NA,NA,NA
"8750",2025-01-03 23:00:00,"historie",21.3,15.2452055231981,NA,NA,NA
"8751",2025-01-04,"historie",14.26,20.1857157408254,NA,NA,NA
"8752",2025-01-04 01:00:00,"historie",14.88,12.7232288783329,NA,NA,NA
"8753",2025-01-04 02:00:00,"historie",15.91,14.7542073904324,NA,NA,NA
"8754",2025-01-04 03:00:00,"historie",14.4,15.2922162040326,NA,NA,NA
"8755",2025-01-04 04:00:00,"historie",14.54,15.0115406754843,NA,NA,NA
"8756",2025-01-04 05:00:00,"historie",15.1,15.29891890781,NA,NA,NA
"8757",2025-01-04 06:00:00,"historie",19.01,16.1635520653527,NA,NA,NA
"8758",2025-01-04 07:00:00,"historie",19.94,19.7298640138241,NA,NA,NA
"8759",2025-01-04 08:00:00,"historie",18.39,18.497357758908,NA,NA,NA
"8760",2025-01-04 09:00:00,"historie",14.8,17.7438579627084,NA,NA,NA
"8761",2025-01-04 10:00:00,"historie",15.34,12.7557084988885,NA,NA,NA
"8762",2025-01-04 11:00:00,"historie",12.71,14.471456013046,NA,NA,NA
"8763",2025-01-04 12:00:00,"historie",11.93,11.6590279710707,NA,NA,NA
"8764",2025-01-04 13:00:00,"historie",12.72,13.0099834172282,NA,NA,NA
"8765",2025-01-04 14:00:00,"historie",13.39,14.1634883004666,NA,NA,NA
"8766",2025-01-04 15:00:00,"historie",15.56,15.9443706656692,NA,NA,NA
"8767",2025-01-04 16:00:00,"historie",17.55,16.8366558369829,NA,NA,NA
"8768",2025-01-04 17:00:00,"historie",21.4,18.1818483911813,NA,NA,NA
"8769",2025-01-04 18:00:00,"historie",17.88,21.7924102694599,NA,NA,NA
"8770",2025-01-04 19:00:00,"historie",16.86,17.555527669128,NA,NA,NA
"8771",2025-01-04 20:00:00,"historie",18.83,17.1504869674264,NA,NA,NA
"8772",2025-01-04 21:00:00,"historie",16.18,18.8154181465092,NA,NA,NA
"8773",2025-01-04 22:00:00,"historie",15.37,14.8011114324051,NA,NA,NA
"8774",2025-01-04 23:00:00,"historie",15.71,15.4383576268687,NA,NA,NA
"8775",2025-01-05,"historie",17.01,14.5656969663417,NA,NA,NA
"8776",2025-01-05 01:00:00,"historie",13.16,16.5004332232698,NA,NA,NA
"8777",2025-01-05 02:00:00,"historie",13.38,12.6137324768066,NA,NA,NA
"8778",2025-01-05 03:00:00,"historie",14.5,13.4911312604445,NA,NA,NA
"8779",2025-01-05 04:00:00,"historie",22.28,15.4540557949731,NA,NA,NA
"8780",2025-01-05 05:00:00,"historie",21.61,22.7281187790419,NA,NA,NA
"8781",2025-01-05 06:00:00,"historie",26.33,21.1965197026004,NA,NA,NA
"8782",2025-01-05 07:00:00,"historie",26.28,25.2485582590214,NA,NA,NA
"8783",2025-01-05 08:00:00,"historie",24.52,22.6795368433071,NA,NA,NA
"8784",2025-01-05 09:00:00,"historie",58.81,21.4998059776961,NA,NA,NA
"8785",2025-01-05 10:00:00,"historie",19.72,46.5751662328467,NA,NA,NA
"8786",2025-01-05 11:00:00,"historie",19.55,13.4088989215744,NA,NA,NA
"8787",2025-01-05 12:00:00,"historie",19.23,18.0479884435112,NA,NA,NA
"8788",2025-01-05 13:00:00,"historie",21.77,18.3590651098306,NA,NA,NA
"8789",2025-01-05 14:00:00,"historie",22.22,21.6935746817703,NA,NA,NA
"8790",2025-01-05 15:00:00,"historie",34.38,23.0069231337908,NA,NA,NA
"8791",2025-01-05 16:00:00,"historie",34.92,33.4591821203035,NA,NA,NA
"8792",2025-01-05 17:00:00,"historie",24.51,30.7905088517853,NA,NA,NA
"8793",2025-01-05 18:00:00,"historie",42.02,21.360072532584,NA,NA,NA
"8794",2025-01-05 19:00:00,"historie",31.32,38.8572967696599,NA,NA,NA
"8795",2025-01-05 20:00:00,"historie",31.11,25.85969508742,NA,NA,NA
"8796",2025-01-05 21:00:00,"historie",28.27,27.1892727800227,NA,NA,NA
"8797",2025-01-05 22:00:00,"historie",28.81,23.1486564103485,NA,NA,NA
"8798",2025-01-05 23:00:00,"historie",29.27,25.0864398694082,NA,NA,NA
"8799",2025-01-06,"historie",25.7,24.3420555806322,NA,NA,NA
"8800",2025-01-06 01:00:00,"historie",24.24,21.0028599927632,NA,NA,NA
"8801",2025-01-06 02:00:00,"historie",22.73,21.2460357336754,NA,NA,NA
"8802",2025-01-06 03:00:00,"historie",27.27,20.0715041565615,NA,NA,NA
"8803",2025-01-06 04:00:00,"historie",20.75,27.1981972175516,NA,NA,NA
"8804",2025-01-06 05:00:00,"historie",36.55,18.6879360079649,NA,NA,NA
"8805",2025-01-06 06:00:00,"historie",23.12,37.3343951018931,NA,NA,NA
"8806",2025-01-06 07:00:00,"historie",25.36,19.674475807204,NA,NA,NA
"8807",2025-01-06 08:00:00,"historie",20.38,23.4457852410923,NA,NA,NA
"8808",2025-01-06 09:00:00,"historie",27.79,20.9150112825011,NA,NA,NA
"8809",2025-01-06 10:00:00,"historie",31.53,20.7769995972996,NA,NA,NA
"8810",2025-01-06 11:00:00,"historie",22.69,26.061394327511,NA,NA,NA
"8811",2025-01-06 12:00:00,"historie",27.59,18.2602928454647,NA,NA,NA
"8812",2025-01-06 13:00:00,"historie",26.06,26.5677835859185,NA,NA,NA
"8813",2025-01-06 14:00:00,"historie",31.59,23.9083066951483,NA,NA,NA
"8814",2025-01-06 15:00:00,"historie",31.77,33.4065083068246,NA,NA,NA
"8815",2025-01-06 16:00:00,"historie",41.57,29.014016164307,NA,NA,NA
"8816",2025-01-06 17:00:00,"historie",41.17,36.1286176751115,NA,NA,NA
"8817",2025-01-06 18:00:00,"historie",37.86,37.2368129544712,NA,NA,NA
"8818",2025-01-06 19:00:00,"historie",35.91,30.7245815333571,NA,NA,NA
"8819",2025-01-06 20:00:00,"historie",30.93,31.6526877553364,NA,NA,NA
"8820",2025-01-06 21:00:00,"historie",28.78,26.2663857911471,NA,NA,NA
"8821",2025-01-06 22:00:00,"historie",27.7,24.64194335492,NA,NA,NA
"8822",2025-01-06 23:00:00,"historie",28.48,24.5642571369924,NA,NA,NA
"8823",2025-01-07,"historie",27.69,24.0723468397731,NA,NA,NA
"8824",2025-01-07 01:00:00,"historie",25.7,23.3304683549921,NA,NA,NA
"8825",2025-01-07 02:00:00,"historie",24.11,22.2523791487227,NA,NA,NA
"8826",2025-01-07 03:00:00,"historie",22.35,21.9977786471693,NA,NA,NA
"8827",2025-01-07 04:00:00,"historie",23.64,21.0326165237516,NA,NA,NA
"8828",2025-01-07 05:00:00,"historie",90.13,24.5499044383063,NA,NA,NA
"8829",2025-01-07 06:00:00,"historie",26.13,77.626628514939,NA,NA,NA
"8830",2025-01-07 07:00:00,"historie",28.56,18.8556269388123,NA,NA,NA
"8831",2025-01-07 08:00:00,"historie",26.48,25.9757876278191,NA,NA,NA
"8832",2025-01-07 09:00:00,"historie",27.17,25.9876883999414,NA,NA,NA
"8833",2025-01-07 10:00:00,"historie",18.21,21.262251974217,NA,NA,NA
"8834",2025-01-07 11:00:00,"historie",7.46,15.1869145081836,NA,NA,NA
"8835",2025-01-07 12:00:00,"historie",7.73,7.59906197708515,NA,NA,NA
"8836",2025-01-07 13:00:00,"historie",8.37,9.79047063321739,NA,NA,NA
"8837",2025-01-07 14:00:00,"historie",7.64,10.6840169330807,NA,NA,NA
"8838",2025-01-07 15:00:00,"historie",7.95,10.3167490521795,NA,NA,NA
"8839",2025-01-07 16:00:00,"historie",10.38,10.7365911423294,NA,NA,NA
"8840",2025-01-07 17:00:00,"historie",11.01,12.7074631763163,NA,NA,NA
"8841",2025-01-07 18:00:00,"historie",10.06,13.358408712052,NA,NA,NA
"8842",2025-01-07 19:00:00,"historie",10.12,11.3904248923246,NA,NA,NA
"8843",2025-01-07 20:00:00,"historie",13.39,11.9468143459771,NA,NA,NA
"8844",2025-01-07 21:00:00,"historie",13.01,15.0586561727266,NA,NA,NA
"8845",2025-01-07 22:00:00,"historie",13.75,13.3994858570614,NA,NA,NA
"8846",2025-01-07 23:00:00,"historie",12.81,14.8506413748125,NA,NA,NA
"8847",2025-01-08,"historie",11.02,12.9851123458377,NA,NA,NA
"8848",2025-01-08 01:00:00,"historie",11.36,11.4047094904236,NA,NA,NA
"8849",2025-01-08 02:00:00,"historie",11.53,12.2593389612187,NA,NA,NA
"8850",2025-01-08 03:00:00,"historie",11.19,12.4611462447934,NA,NA,NA
"8851",2025-01-08 04:00:00,"historie",11.4,12.7351006941562,NA,NA,NA
"8852",2025-01-08 05:00:00,"historie",11.87,16.4517515266595,NA,NA,NA
"8853",2025-01-08 06:00:00,"historie",12.44,11.1113137519984,NA,NA,NA
"8854",2025-01-08 07:00:00,"historie",15.86,14.878020811459,NA,NA,NA
"8855",2025-01-08 08:00:00,"historie",16.01,15.9516468041354,NA,NA,NA
"8856",2025-01-08 09:00:00,"historie",14.18,17.8141704611398,NA,NA,NA
"8857",2025-01-08 10:00:00,"historie",16.46,12.0354492440194,NA,NA,NA
"8858",2025-01-08 11:00:00,"historie",15.98,14.0829738181464,NA,NA,NA
"8859",2025-01-08 12:00:00,"historie",11.59,15.3765161689147,NA,NA,NA
"8860",2025-01-08 13:00:00,"historie",12.93,11.8786745428939,NA,NA,NA
"8861",2025-01-08 14:00:00,"historie",12.82,14.4370691149739,NA,NA,NA
"8862",2025-01-08 15:00:00,"historie",12.35,14.8724698701363,NA,NA,NA
"8863",2025-01-08 16:00:00,"historie",12.95,14.5462360808481,NA,NA,NA
"8864",2025-01-08 17:00:00,"historie",14.47,14.1648224932128,NA,NA,NA
"8865",2025-01-08 18:00:00,"historie",14.89,16.0113813445348,NA,NA,NA
"8866",2025-01-08 19:00:00,"historie",14.89,15.3203376185113,NA,NA,NA
"8867",2025-01-08 20:00:00,"historie",15.58,16.2761529721218,NA,NA,NA
"8868",2025-01-08 21:00:00,"historie",14.51,15.8382867649055,NA,NA,NA
"8869",2025-01-08 22:00:00,"historie",16.87,14.6106364976548,NA,NA,NA
"8870",2025-01-08 23:00:00,"historie",19.81,17.1768657077084,NA,NA,NA
"8871",2025-01-09,"historie",19.45,18.3134926570196,NA,NA,NA
"8872",2025-01-09 01:00:00,"historie",22.68,17.8529654790434,NA,NA,NA
"8873",2025-01-09 02:00:00,"historie",22.14,20.9983428294708,NA,NA,NA
"8874",2025-01-09 03:00:00,"historie",20.53,19.9904831607299,NA,NA,NA
"8875",2025-01-09 04:00:00,"historie",34.65,19.7481306222855,NA,NA,NA
"8876",2025-01-09 05:00:00,"historie",50.08,38.1944816227672,NA,NA,NA
"8877",2025-01-09 06:00:00,"historie",44.66,37.0299113973197,NA,NA,NA
"8878",2025-01-09 07:00:00,"historie",37.39,37.8518093072206,NA,NA,NA
"8879",2025-01-09 08:00:00,"historie",26.13,28.7788298724266,NA,NA,NA
"8880",2025-01-09 09:00:00,"historie",38.67,23.5698624652776,NA,NA,NA
"8881",2025-01-09 10:00:00,"historie",34.07,30.5110935716708,NA,NA,NA
"8882",2025-01-09 11:00:00,"historie",25.45,23.9851391720854,NA,NA,NA
"8883",2025-01-09 12:00:00,"historie",20.75,20.4269920657796,NA,NA,NA
"8884",2025-01-09 13:00:00,"historie",28.58,19.4902549259789,NA,NA,NA
"8885",2025-01-09 14:00:00,"historie",35.41,27.2725452368063,NA,NA,NA
"8886",2025-01-09 15:00:00,"historie",38.57,32.9119942441943,NA,NA,NA
"8887",2025-01-09 16:00:00,"historie",49.25,34.8112948337306,NA,NA,NA
"8888",2025-01-09 17:00:00,"historie",49.3,41.2626272504906,NA,NA,NA
"8889",2025-01-09 18:00:00,"historie",39.87,39.9401004007377,NA,NA,NA
"8890",2025-01-09 19:00:00,"historie",24.17,31.5266262300746,NA,NA,NA
"8891",2025-01-09 20:00:00,"historie",4.53,21.5255637718582,NA,NA,NA
"8892",2025-01-09 21:00:00,"historie",4.8,4.54187185667089,NA,NA,NA
"8893",2025-01-09 22:00:00,"historie",8.26,6.97988942898252,NA,NA,NA
"8894",2025-01-09 23:00:00,"historie",9.75,10.691826164827,NA,NA,NA
"8895",2025-01-10,"historie",14.13,10.6642927578018,NA,NA,NA
"8896",2025-01-10 01:00:00,"historie",12.58,15.5651788860356,NA,NA,NA
"8897",2025-01-10 02:00:00,"historie",8.5,12.6139171900225,NA,NA,NA
"8898",2025-01-10 03:00:00,"historie",8.55,9.15826887613905,NA,NA,NA
"8899",2025-01-10 04:00:00,"historie",11.71,11.2720046493936,NA,NA,NA
"8900",2025-01-10 05:00:00,"historie",12.42,16.5454771691541,NA,NA,NA
"8901",2025-01-10 06:00:00,"historie",12.87,12.4333531200777,NA,NA,NA
"8902",2025-01-10 07:00:00,"historie",11.42,14.905428442364,NA,NA,NA
"8903",2025-01-10 08:00:00,"historie",9.94,11.3617578981625,NA,NA,NA
"8904",2025-01-10 09:00:00,"historie",8.56,12.5462489761359,NA,NA,NA
"8905",2025-01-10 10:00:00,"historie",11.33,8.63832344937121,NA,NA,NA
"8906",2025-01-10 11:00:00,"historie",13.05,11.4212592883779,NA,NA,NA
"8907",2025-01-10 12:00:00,"historie",13.69,13.0763828194809,NA,NA,NA
"8908",2025-01-10 13:00:00,"historie",11.5,15.4485669604509,NA,NA,NA
"8909",2025-01-10 14:00:00,"historie",10.58,12.854973245118,NA,NA,NA
"8910",2025-01-10 15:00:00,"historie",10.58,12.9747289342315,NA,NA,NA
"8911",2025-01-10 16:00:00,"historie",13.83,13.4856176513975,NA,NA,NA
"8912",2025-01-10 17:00:00,"historie",15.67,16.042931375838,NA,NA,NA
"8913",2025-01-10 18:00:00,"historie",16.5,16.9080087859286,NA,NA,NA
"8914",2025-01-10 19:00:00,"historie",17.04,16.0561523471332,NA,NA,NA
"8915",2025-01-10 20:00:00,"historie",17.69,14.158836843169,NA,NA,NA
"8916",2025-01-10 21:00:00,"historie",18.32,17.5203292396626,NA,NA,NA
"8917",2025-01-10 22:00:00,"historie",18.86,18.5989101695212,NA,NA,NA
"8918",2025-01-10 23:00:00,"historie",22.56,18.3506784789301,NA,NA,NA
"8919",2025-01-11,"historie",19.96,21.6336877708973,NA,NA,NA
"8920",2025-01-11 01:00:00,"historie",20.16,17.7352800795793,NA,NA,NA
"8921",2025-01-11 02:00:00,"historie",15.05,17.8204018105055,NA,NA,NA
"8922",2025-01-11 03:00:00,"historie",16.28,14.1573589073638,NA,NA,NA
"8923",2025-01-11 04:00:00,"historie",15.02,18.3817266618726,NA,NA,NA
"8924",2025-01-11 05:00:00,"historie",18.22,17.5026573054617,NA,NA,NA
"8925",2025-01-11 06:00:00,"historie",10.35,17.3925218303533,NA,NA,NA
"8926",2025-01-11 07:00:00,"historie",11.99,10.6872459510101,NA,NA,NA
"8927",2025-01-11 08:00:00,"historie",15.33,12.4766833691045,NA,NA,NA
"8928",2025-01-11 09:00:00,"historie",17.02,16.9308696145572,NA,NA,NA
"8929",2025-01-11 10:00:00,"historie",20.37,15.7222590121258,NA,NA,NA
"8930",2025-01-11 11:00:00,"historie",11.86,17.8201903700211,NA,NA,NA
"8931",2025-01-11 12:00:00,"historie",12.97,10.8909294914214,NA,NA,NA
"8932",2025-01-11 13:00:00,"historie",12.92,14.4511817548751,NA,NA,NA
"8933",2025-01-11 14:00:00,"historie",12.96,13.8384466623942,NA,NA,NA
"8934",2025-01-11 15:00:00,"historie",11.75,14.7590229972447,NA,NA,NA
"8935",2025-01-11 16:00:00,"historie",13.8,14.1762868776258,NA,NA,NA
"8936",2025-01-11 17:00:00,"historie",13.83,15.6247342081244,NA,NA,NA
"8937",2025-01-11 18:00:00,"historie",14.12,15.0085173603166,NA,NA,NA
"8938",2025-01-11 19:00:00,"historie",13.46,14.5174899414503,NA,NA,NA
"8939",2025-01-11 20:00:00,"historie",13.28,12.792182111424,NA,NA,NA
"8940",2025-01-11 21:00:00,"historie",16.37,14.0509725217406,NA,NA,NA
"8941",2025-01-11 22:00:00,"historie",20.05,17.542270619669,NA,NA,NA
"8942",2025-01-11 23:00:00,"historie",26.75,20.3749743366536,NA,NA,NA
"8943",2025-01-12,"historie",17.91,24.4525926140829,NA,NA,NA
"8944",2025-01-12 01:00:00,"historie",18.08,15.8781242831272,NA,NA,NA
"8945",2025-01-12 02:00:00,"historie",16.85,16.4158789915557,NA,NA,NA
"8946",2025-01-12 03:00:00,"historie",16.96,16.4043654290122,NA,NA,NA
"8947",2025-01-12 04:00:00,"historie",17.03,17.8870485206653,NA,NA,NA
"8948",2025-01-12 05:00:00,"historie",15.69,19.8398580738649,NA,NA,NA
"8949",2025-01-12 06:00:00,"historie",14.77,13.5565820128418,NA,NA,NA
"8950",2025-01-12 07:00:00,"historie",16.6,15.9251997156394,NA,NA,NA
"8951",2025-01-12 08:00:00,"historie",17.18,16.0960585727795,NA,NA,NA
"8952",2025-01-12 09:00:00,"historie",15.12,18.0074432601997,NA,NA,NA
"8953",2025-01-12 10:00:00,"historie",13.34,14.2536351692376,NA,NA,NA
"8954",2025-01-12 11:00:00,"historie",11.1,11.4937178431717,NA,NA,NA
"8955",2025-01-12 12:00:00,"historie",8.22,11.4459356564439,NA,NA,NA
"8956",2025-01-12 13:00:00,"historie",10.74,9.2458313896827,NA,NA,NA
"8957",2025-01-12 14:00:00,"historie",14.39,12.8323092139442,NA,NA,NA
"8958",2025-01-12 15:00:00,"historie",18.87,16.1217773399797,NA,NA,NA
"8959",2025-01-12 16:00:00,"historie",22.56,21.462056102411,NA,NA,NA
"8960",2025-01-12 17:00:00,"historie",24.01,22.1684689224146,NA,NA,NA
"8961",2025-01-12 18:00:00,"historie",22.33,23.0457962986064,NA,NA,NA
"8962",2025-01-12 19:00:00,"historie",18.81,20.0206248870636,NA,NA,NA
"8963",2025-01-12 20:00:00,"historie",16.74,16.3402453305925,NA,NA,NA
"8964",2025-01-12 21:00:00,"historie",16.05,16.9233385011003,NA,NA,NA
"8965",2025-01-12 22:00:00,"historie",15.12,16.8833546258393,NA,NA,NA
"8966",2025-01-12 23:00:00,"historie",16.6,16.3194502058466,NA,NA,NA
"8967",2025-01-13,"historie",15.36,15.7678941733997,NA,NA,NA
"8968",2025-01-13 01:00:00,"historie",18.78,15.2702217610952,NA,NA,NA
"8969",2025-01-13 02:00:00,"historie",17.03,17.4474866106487,NA,NA,NA
"8970",2025-01-13 03:00:00,"historie",17.03,16.3724109340747,NA,NA,NA
"8971",2025-01-13 04:00:00,"historie",15.12,17.894498569839,NA,NA,NA
"8972",2025-01-13 05:00:00,"historie",19.73,16.941856099759,NA,NA,NA
"8973",2025-01-13 06:00:00,"historie",25.83,17.9028123646202,NA,NA,NA
"8974",2025-01-13 07:00:00,"historie",22.9,25.4985538609103,NA,NA,NA
"8975",2025-01-13 08:00:00,"historie",21.26,19.5564709283521,NA,NA,NA
"8976",2025-01-13 09:00:00,"historie",21.58,20.3558559758677,NA,NA,NA
"8977",2025-01-13 10:00:00,"historie",20.42,18.835289866968,NA,NA,NA
"8978",2025-01-13 11:00:00,"historie",16.93,16.2309312996762,NA,NA,NA
"8979",2025-01-13 12:00:00,"historie",9.66,14.9372354998321,NA,NA,NA
"8980",2025-01-13 13:00:00,"historie",11.01,10.2680259337646,NA,NA,NA
"8981",2025-01-13 14:00:00,"historie",13.94,13.1749126396099,NA,NA,NA
"8982",2025-01-13 15:00:00,"historie",21.56,16.1400359266903,NA,NA,NA
"8983",2025-01-13 16:00:00,"historie",28.71,24.6868619698915,NA,NA,NA
"8984",2025-01-13 17:00:00,"historie",27.61,27.4671558754519,NA,NA,NA
"8985",2025-01-13 18:00:00,"historie",25.29,25.0510324179795,NA,NA,NA
"8986",2025-01-13 19:00:00,"historie",26.8,21.9723549562703,NA,NA,NA
"8987",2025-01-13 20:00:00,"historie",25.12,22.497436858795,NA,NA,NA
"8988",2025-01-13 21:00:00,"historie",20.49,22.8156755763416,NA,NA,NA
"8989",2025-01-13 22:00:00,"historie",20.13,19.3473912775047,NA,NA,NA
"8990",2025-01-13 23:00:00,"historie",16.27,20.4355239264589,NA,NA,NA
"8991",2025-01-14,"historie",17.92,14.761507584265,NA,NA,NA
"8992",2025-01-14 01:00:00,"historie",17.57,18.4483297036896,NA,NA,NA
"8993",2025-01-14 02:00:00,"historie",18.31,15.7192842886845,NA,NA,NA
"8994",2025-01-14 03:00:00,"historie",14.24,18.0254474354018,NA,NA,NA
"8995",2025-01-14 04:00:00,"historie",16.84,14.3863809548537,NA,NA,NA
"8996",2025-01-14 05:00:00,"historie",27.17,20.1300990811276,NA,NA,NA
"8997",2025-01-14 06:00:00,"historie",29.26,24.7766611803606,NA,NA,NA
"8998",2025-01-14 07:00:00,"historie",48.51,26.32071008223,NA,NA,NA
"8999",2025-01-14 08:00:00,"historie",47.03,39.6651339054998,NA,NA,NA
"9000",2025-01-14 09:00:00,"historie",34.75,37.0278215857931,NA,NA,NA
"9001",2025-01-14 10:00:00,"historie",43.86,26.0924241865294,NA,NA,NA
"9002",2025-01-14 11:00:00,"historie",26.52,31.5077171195742,NA,NA,NA
"9003",2025-01-14 12:00:00,"historie",16.54,18.6134040458505,NA,NA,NA
"9004",2025-01-14 13:00:00,"historie",26.77,16.1316694501496,NA,NA,NA
"9005",2025-01-14 14:00:00,"historie",30.59,27.7411241473365,NA,NA,NA
"9006",2025-01-14 15:00:00,"historie",39.49,29.7630282476015,NA,NA,NA
"9007",2025-01-14 16:00:00,"historie",52.76,39.078128784485,NA,NA,NA
"9008",2025-01-14 17:00:00,"historie",57.13,44.0789783273771,NA,NA,NA
"9009",2025-01-14 18:00:00,"historie",47.79,44.8311544702332,NA,NA,NA
"9010",2025-01-14 19:00:00,"historie",29.66,36.3481214488349,NA,NA,NA
"9011",2025-01-14 20:00:00,"historie",30.51,22.6400297193271,NA,NA,NA
"9012",2025-01-14 21:00:00,"historie",33.31,27.1338891084564,NA,NA,NA
"9013",2025-01-14 22:00:00,"historie",40.23,29.6400571898608,NA,NA,NA
"9014",2025-01-14 23:00:00,"historie",43.82,34.4402356376216,NA,NA,NA
"9015",2025-01-15,"historie",30.79,34.2618408283727,NA,NA,NA
"9016",2025-01-15 01:00:00,"historie",20.63,25.0906019840125,NA,NA,NA
"9017",2025-01-15 02:00:00,"historie",17.44,17.4093363235717,NA,NA,NA
"9018",2025-01-15 03:00:00,"historie",15.01,16.2687494805571,NA,NA,NA
"9019",2025-01-15 04:00:00,"historie",15.29,15.7837564638146,NA,NA,NA
"9020",2025-01-15 05:00:00,"historie",20.73,18.7122335152962,NA,NA,NA
"9021",2025-01-15 06:00:00,"historie",23.21,19.8973809043319,NA,NA,NA
"9022",2025-01-15 07:00:00,"historie",24.42,24.4309556701801,NA,NA,NA
"9023",2025-01-15 08:00:00,"historie",18.17,21.9023627579474,NA,NA,NA
"9024",2025-01-15 09:00:00,"historie",21.18,17.0002593501206,NA,NA,NA
"9025",2025-01-15 10:00:00,"historie",17.52,20.9501351938989,NA,NA,NA
"9026",2025-01-15 11:00:00,"historie",15.38,13.756109214483,NA,NA,NA
"9027",2025-01-15 12:00:00,"historie",12.75,13.3985107464268,NA,NA,NA
"9028",2025-01-15 13:00:00,"historie",12.06,14.6408892531743,NA,NA,NA
"9029",2025-01-15 14:00:00,"historie",11.22,13.7085509817532,NA,NA,NA
"9030",2025-01-15 15:00:00,"historie",17.86,14.0036332015669,NA,NA,NA
"9031",2025-01-15 16:00:00,"historie",17.68,22.9285481497102,NA,NA,NA
"9032",2025-01-15 17:00:00,"historie",27.32,18.5332970838053,NA,NA,NA
"9033",2025-01-15 18:00:00,"historie",32.54,27.7434225787169,NA,NA,NA
"9034",2025-01-15 19:00:00,"historie",30.9,27.2715840229361,NA,NA,NA
"9035",2025-01-15 20:00:00,"historie",22.77,26.0992018322544,NA,NA,NA
"9036",2025-01-15 21:00:00,"historie",20.5,20.8104113982689,NA,NA,NA
"9037",2025-01-15 22:00:00,"historie",25.59,20.9566481484209,NA,NA,NA
"9038",2025-01-15 23:00:00,"historie",19.77,25.6321179724694,NA,NA,NA
"9039",2025-01-16,"historie",14.58,17.0185160635235,NA,NA,NA
"9040",2025-01-16 01:00:00,"predikce",NA,NA,14.0784242161174,18.1418310583343,67.8529343631967
"9041",2025-01-16 02:00:00,"predikce",NA,NA,13.7138645049526,12.8044073046555,74.6472756619341
"9042",2025-01-16 03:00:00,"predikce",NA,NA,13.5205850399974,10.0037620269511,77.7389984288822
"9043",2025-01-16 04:00:00,"predikce",NA,NA,14.514531286262,8.28743830622683,79.2553504196282
"9044",2025-01-16 05:00:00,"predikce",NA,NA,17.7805429976614,7.14094609986315,80.039530481052
"9045",2025-01-16 06:00:00,"predikce",NA,NA,17.4693287223501,6.32927021597894,80.4810355365084
"9046",2025-01-16 07:00:00,"predikce",NA,NA,18.7258143134102,5.72931045653956,80.7692260775726
"9047",2025-01-16 08:00:00,"predikce",NA,NA,17.4858924396416,5.27054685022601,80.9965385120937
"9048",2025-01-16 09:00:00,"predikce",NA,NA,17.9818346867527,4.90988645608114,81.2063451145237
"9049",2025-01-16 10:00:00,"predikce",NA,NA,17.3087355772789,4.61966545233782,81.4167861173754
"9050",2025-01-16 11:00:00,"predikce",NA,NA,14.6248743131445,4.38141683347943,81.6331477976471
"9051",2025-01-16 12:00:00,"predikce",NA,NA,12.7029174363902,4.18241392655208,81.8544457387759
"9052",2025-01-16 13:00:00,"predikce",NA,NA,13.9310864337,4.01365030152088,82.0769556298464
"9053",2025-01-16 14:00:00,"predikce",NA,NA,14.9515284878669,3.86860718398855,82.2960910714939
"9054",2025-01-16 15:00:00,"predikce",NA,NA,18.037643418083,3.74247370742093,82.5073704541771
"9055",2025-01-16 16:00:00,"predikce",NA,NA,20.5603291720254,3.63163825658904,82.7068780256226
"9056",2025-01-16 17:00:00,"predikce",NA,NA,22.6936796470232,3.53334779653179,82.8914452220406
"9057",2025-01-16 18:00:00,"predikce",NA,NA,23.0027724869341,3.44547445707571,83.0586803818548
"9058",2025-01-16 19:00:00,"predikce",NA,NA,21.2985558229417,3.36635241087156,83.2069200710521
"9059",2025-01-16 20:00:00,"predikce",NA,NA,19.0749857994236,3.29466188928667,83.3351438923534
"9060",2025-01-16 21:00:00,"predikce",NA,NA,18.701342674903,3.22934545288672,83.4428764703894
"9061",2025-01-16 22:00:00,"predikce",NA,NA,20.0973018686792,3.16954672905535,83.5300896603799
"9062",2025-01-16 23:00:00,"predikce",NA,NA,19.766811887157,3.11456504757226,83.5971117703124
"9063",2025-01-17,"predikce",NA,NA,17.6398519410708,3.06382148379809,83.6445469211599
"9064",2025-01-17 01:00:00,"predikce",NA,NA,16.7857787930838,3.01683318961167,83.6732055527552
"9065",2025-01-17 02:00:00,"predikce",NA,NA,15.5825088242888,2.97319381263004,83.6840458973295
"9066",2025-01-17 03:00:00,"predikce",NA,NA,14.8495101388797,2.93255843277701,83.6781256179922
"9067",2025-01-17 04:00:00,"predikce",NA,NA,15.4734118873892,2.89463188103733,83.6565625204897
"9068",2025-01-17 05:00:00,"predikce",NA,NA,18.3387404182953,2.85915961150925,83.6205031554955
"9069",2025-01-17 06:00:00,"predikce",NA,NA,17.6529520027394,2.82592051579145,83.5710981505041
"9070",2025-01-17 07:00:00,"predikce",NA,NA,18.6748736208934,2.79472122552312,83.5094831928476
"9071",2025-01-17 08:00:00,"predikce",NA,NA,17.5027566885892,2.76539156282096,83.436764696449
"9072",2025-01-17 09:00:00,"predikce",NA,NA,17.7909756182944,2.7377808818874,83.3540093055019
"9073",2025-01-17 10:00:00,"predikce",NA,NA,17.1960823069658,2.71175510680864,83.2622365070993
"9074",2025-01-17 11:00:00,"predikce",NA,NA,14.5697872110126,2.68719431654151,83.1624137358088
"9075",2025-01-17 12:00:00,"predikce",NA,NA,12.7376551927739,2.66399076255938,83.0554534532859
"9076",2025-01-17 13:00:00,"predikce",NA,NA,14.0131761732861,2.64204723063388,82.9422117741405
"9077",2025-01-17 14:00:00,"predikce",NA,NA,15.106512768877,2.62127567796128,82.823488285508
"9078",2025-01-17 15:00:00,"predikce",NA,NA,17.925838604297,2.60159609189655,82.7000267727909
"9079",2025-01-17 16:00:00,"predikce",NA,NA,20.4913844223608,2.58293552810074,82.5725166189019
"9080",2025-01-17 17:00:00,"predikce",NA,NA,22.2702299116462,2.56522729480272,82.4415946901829
"9081",2025-01-17 18:00:00,"predikce",NA,NA,22.4520836683789,2.5484102567617,82.3078475601974
"9082",2025-01-17 19:00:00,"predikce",NA,NA,20.8536405546647,2.53242823787308,82.1718139538881
"9083",2025-01-17 20:00:00,"predikce",NA,NA,18.9185196595998,2.51722950554366,82.0339873202004
"9084",2025-01-17 21:00:00,"predikce",NA,NA,18.6324464983483,2.50276632324564,81.8948184620862
"9085",2025-01-17 22:00:00,"predikce",NA,NA,19.8440952816078,2.48899456024632,81.7547181696313
"9086",2025-01-17 23:00:00,"predikce",NA,NA,19.70692349423,2.47587334955882,81.614059815567
"9087",2025-01-18,"predikce",NA,NA,17.7733301098631,2.46336478678825,81.4731818832298
"9088",2025-01-18 01:00:00,"predikce",NA,NA,16.9025755903779,2.45143366384835,81.332390405599
"9089",2025-01-18 02:00:00,"predikce",NA,NA,15.6689196252398,2.44004723256796,81.191961300799
"9090",2025-01-18 03:00:00,"predikce",NA,NA,14.9025313133471,2.42917499404737,81.0521425947321
"9091",2025-01-18 04:00:00,"predikce",NA,NA,15.450040697142,2.4187885103065,80.9131565256014
"9092",2025-01-18 05:00:00,"predikce",NA,NA,18.1330779732992,2.40886123532024,80.7752015282166
"9093",2025-01-18 06:00:00,"predikce",NA,NA,17.4304898295717,2.39936836299008,80.6384540983499
"9094",2025-01-18 07:00:00,"predikce",NA,NA,18.3635198923356,2.39028668997228,80.5030705391714
"9095",2025-01-18 08:00:00,"predikce",NA,NA,17.236430372126,2.38159449159037,80.3691885930738
"9096",2025-01-18 09:00:00,"predikce",NA,NA,17.4937299545809,2.37327140931395,80.2369289630993
"9097",2025-01-18 10:00:00,"predikce",NA,NA,16.9354237063587,2.36529834849765,80.1063967287886
"9098",2025-01-18 11:00:00,"predikce",NA,NA,14.4484707597837,2.35765738525177,79.977682661644
"9099",2025-01-18 12:00:00,"predikce",NA,NA,12.7136357270731,2.35033168146501,79.8508644456019
