"cas","ln_pm100","fitted_pm100","sezona","data_pm100"
2024-01-01 03:00:00,3.95028171754524,NA,1,51.95
2024-01-01 04:00:00,3.97556102623213,NA,1,53.28
2024-01-01 05:00:00,3.8722421354163,NA,1,48.05
2024-01-01 06:00:00,3.92197333628131,NA,1,50.5
2024-01-01 07:00:00,3.90640726664251,NA,1,49.72
2024-01-01 08:00:00,3.86639782740187,NA,1,47.77
2024-01-01 09:00:00,3.72037812117331,NA,1,41.28
2024-01-01 10:00:00,3.72231423020017,NA,1,41.36
2024-01-01 11:00:00,3.79728532795772,NA,1,44.58
2024-01-01 12:00:00,2.28949985344539,NA,1,9.87
2024-01-01 13:00:00,1.62531126159039,NA,1,5.08
2024-01-01 14:00:00,1.87640694328834,NA,1,6.53
2024-01-01 15:00:00,1.71379792775834,NA,1,5.55
2024-01-01 16:00:00,1.80500469597808,NA,1,6.08
2024-01-01 17:00:00,1.66959183525385,NA,1,5.31
2024-01-01 18:00:00,1.72988406550997,NA,1,5.64
2024-01-01 19:00:00,1.49290409617815,NA,1,4.45
2024-01-01 20:00:00,1.69744878975681,NA,1,5.46
2024-01-01 21:00:00,1.49065437644413,NA,1,4.44
2024-01-01 22:00:00,1.27815220250019,NA,1,3.59
2024-01-01 23:00:00,1.86717610851281,NA,1,6.47
2024-01-02,1.93441576962958,NA,1,6.92
2024-01-02 01:00:00,2.33214389523559,NA,1,10.3
2024-01-02 02:00:00,2.01623546577604,NA,1,7.51
2024-01-02 03:00:00,2.42480272571829,NA,1,11.3
2024-01-02 04:00:00,2.56263899832835,NA,1,12.97
2024-01-02 05:00:00,2.6049094421827,NA,1,13.53
2024-01-02 06:00:00,2.82553689655788,NA,1,16.87
2024-01-02 07:00:00,2.94021956362373,NA,1,18.92
2024-01-02 08:00:00,2.46555392127219,NA,1,11.77
2024-01-02 09:00:00,1.48160454092422,NA,1,4.4
2024-01-02 10:00:00,1.39871688111845,NA,1,4.05
2024-01-02 11:00:00,0.553885113226438,NA,1,1.74
2024-01-02 12:00:00,0.765467842139571,NA,1,2.15
2024-01-02 13:00:00,0.598836501088704,NA,1,1.82
2024-01-02 14:00:00,0.928219302739429,NA,1,2.53
2024-01-02 15:00:00,1.48160454092422,NA,1,4.4
2024-01-02 16:00:00,2.11986345617875,NA,1,8.33
2024-01-02 17:00:00,2.905807566026,NA,1,18.28
2024-01-02 18:00:00,3.11307076597122,NA,1,22.49
2024-01-02 19:00:00,2.99322914333587,NA,1,19.95
2024-01-02 20:00:00,3.31817802594206,NA,1,27.61
2024-01-02 21:00:00,3.47939222924721,NA,1,32.44
2024-01-02 22:00:00,3.55162686068756,NA,1,34.87
2024-01-02 23:00:00,3.54875494601977,NA,1,34.77
2024-01-03,3.39081028877567,NA,1,29.69
2024-01-03 01:00:00,1.95727390770563,NA,1,7.08
2024-01-03 02:00:00,2.80032547721138,NA,1,16.45
2024-01-03 03:00:00,1.38629436111989,NA,1,4
2024-01-03 04:00:00,0.512823626428664,NA,1,1.67
2024-01-03 05:00:00,1.1314021114911,NA,1,3.1
2024-01-03 06:00:00,0.113328685307003,NA,1,1.12
2024-01-03 07:00:00,1.14740245283754,NA,1,3.15
2024-01-03 08:00:00,1.23547147138531,NA,1,3.44
2024-01-03 09:00:00,0.932164081030445,NA,1,2.54
2024-01-03 10:00:00,0.845868267577609,NA,1,2.33
2024-01-03 11:00:00,1.27815220250019,NA,1,3.59
2024-01-03 12:00:00,1.11514159061932,NA,1,3.05
2024-01-03 13:00:00,0.418710334858185,NA,1,1.52
2024-01-03 14:00:00,0.932164081030445,3.12063589797131,1,2.54
2024-01-03 15:00:00,0.625938430866495,1.3355442864794,1,1.87
2024-01-03 16:00:00,1.04731899428056,1.83111480346447,1,2.85
2024-01-03 17:00:00,1.34807314829969,2.29206362043459,1,3.85
2024-01-03 18:00:00,0.982078472412158,1.87166071666617,1,2.67
2024-01-03 19:00:00,0.46373401623214,1.58188657166591,1,1.59
2024-01-03 20:00:00,0.438254930931155,1.75845695764169,1,1.55
2024-01-03 21:00:00,0.678033542749897,1.97169998317952,1,1.97
2024-01-03 22:00:00,0.924258901523332,1.73626255958497,1,2.52
2024-01-03 23:00:00,0.858661619037519,1.73133239251131,1,2.36
2024-01-04,0.165514438477573,1.47826369534511,1,1.18
2024-01-04 01:00:00,0.3293037471426,1.75299618637243,1,1.39
2024-01-04 02:00:00,-0.0512932943875506,1.74089463076061,1,0.95
2024-01-04 03:00:00,-0.261364764134408,1.76706083882093,1,0.77
2024-01-04 04:00:00,-0.27443684570176,1.87937917865318,1,0.76
2024-01-04 05:00:00,-0.328504066972036,1.97192998247579,1,0.72
2024-01-04 06:00:00,-0.2484613592985,1.57990163565212,1,0.78
2024-01-04 07:00:00,-0.127833371509885,1.52897771490541,1,0.88
2024-01-04 08:00:00,-0.150822889734584,1.86134069647854,1,0.86
2024-01-04 09:00:00,0.0198026272961797,1.62637102036107,1,1.02
2024-01-04 10:00:00,-0.713349887877465,1.23321151951223,1,0.49
2024-01-04 11:00:00,-0.22314355131421,1.30063122748072,1,0.8
2024-01-04 12:00:00,-0.342490308946776,1.47678963692262,1,0.71
2024-01-04 13:00:00,-0.22314355131421,1.42976697261331,1,0.8
2024-01-04 14:00:00,0.512823626428664,1.8891501977663,1,1.67
2024-01-04 15:00:00,0.343589704390077,2.18850075368403,1,1.41
2024-01-04 16:00:00,0.378436435720245,1.84917113377371,1,1.46
2024-01-04 17:00:00,1.27536280041261,2.22908277949825,1,3.58
2024-01-04 18:00:00,0.322083499169113,2.19169337140772,1,1.38
2024-01-04 19:00:00,0.854415328156068,2.73912528647349,1,2.35
2024-01-04 20:00:00,1.57897870494939,3.1610203621842,1,4.85
2024-01-04 21:00:00,1.50407739677627,3.16490211231396,1,4.5
2024-01-04 22:00:00,1.77833644889591,3.13619989184528,1,5.92
2024-01-04 23:00:00,2.23323501485925,2.90547722423284,1,9.33
2024-01-05,2.42303124606991,3.07429654720965,1,11.28
2024-01-05 01:00:00,2.62828523263335,3.06395894019697,1,13.85
2024-01-05 02:00:00,2.7219531062712,2.96828704515796,1,15.21
2024-01-05 03:00:00,2.81839825827108,2.98980601895912,1,16.75
2024-01-05 04:00:00,2.70805020110221,2.91890535140849,1,15
2024-01-05 05:00:00,2.69597761986794,2.64266186510468,1,14.82
2024-01-05 06:00:00,2.68716699018579,2.98980049165336,1,14.69
2024-01-05 07:00:00,2.93651291389402,2.93582502945743,1,18.85
2024-01-05 08:00:00,2.91180703861623,3.2570543385217,1,18.39
2024-01-05 09:00:00,2.98061863574394,3.39126135179821,1,19.7
2024-01-05 10:00:00,3.04213864636815,3.45799918563476,1,20.95
2024-01-05 11:00:00,3.1904763503465,3.45182667594373,1,24.3
2024-01-05 12:00:00,3.20599319903719,3.32610701185491,1,24.68
2024-01-05 13:00:00,3.18013499655177,3.4759040037666,1,24.05
2024-01-05 14:00:00,3.03109941739128,3.30531662970494,1,20.72
2024-01-05 15:00:00,2.99822915375258,3.50072549260614,1,20.05
2024-01-05 16:00:00,3.23907053215372,3.4109357073852,1,25.51
2024-01-05 17:00:00,3.44361809754611,3.55018038836545,1,31.3
2024-01-05 18:00:00,3.64021428213266,3.50084672980841,1,38.1
2024-01-05 19:00:00,3.69436438434451,3.54141499986354,1,40.22
2024-01-05 20:00:00,3.56133013316696,3.32036511862542,1,35.21
2024-01-05 21:00:00,3.68135118769314,3.05118242712083,1,39.7
2024-01-05 22:00:00,3.56501546689155,3.23490500019162,1,35.34
2024-01-05 23:00:00,3.75091484503339,3.12962933964934,1,42.56
2024-01-06,3.59209318542624,3.32483571109983,1,36.31
2024-01-06 01:00:00,3.74123468444786,3.02443081362098,1,42.15
2024-01-06 02:00:00,3.70770120835452,3.14629589597705,1,40.76
2024-01-06 03:00:00,3.75044480977209,3.05149417621013,1,42.54
2024-01-06 04:00:00,3.78305262413119,3.14521017145171,1,43.95
2024-01-06 05:00:00,3.7706898293115,3.17987783510568,1,43.41
2024-01-06 06:00:00,3.9596696588955,3.13057271811436,1,52.44
2024-01-06 07:00:00,4.02051860158145,3.26746433288574,1,55.73
2024-01-06 08:00:00,3.75443308485338,3.26906564526801,1,42.71
2024-01-06 09:00:00,3.83362893800013,3.36743683890842,1,46.23
2024-01-06 10:00:00,3.76120011569356,3.40051021700163,1,43
2024-01-06 11:00:00,3.69262244039277,3.46955397911218,1,40.15
2024-01-06 12:00:00,3.69585506785036,3.30068885911031,1,40.28
2024-01-06 13:00:00,3.84566950487813,3.33857477689509,1,46.79
2024-01-06 14:00:00,4.05768057785051,3.34814967707305,1,57.84
2024-01-06 15:00:00,3.95527404742246,3.38976060612225,1,52.21
2024-01-06 16:00:00,3.93025577368921,3.23896703157127,1,50.92
2024-01-06 17:00:00,3.62113580202742,3.48445104324443,1,37.38
2024-01-06 18:00:00,2.98517675961447,2.45060212208205,1,19.79
2024-01-06 19:00:00,2.82731362192903,1.95964134054962,1,16.9
2024-01-06 20:00:00,2.95543097678047,2.22135536165472,1,19.21
2024-01-06 21:00:00,3.12763734443393,2.6684457199617,1,22.82
2024-01-06 22:00:00,2.95386806945529,2.31766037557987,1,19.18
2024-01-06 23:00:00,2.6049094421827,2.16514496594991,1,13.53
2024-01-07,2.70805020110221,2.1342757332374,1,15
2024-01-07 01:00:00,2.72785282839839,1.66250748828215,1,15.3
2024-01-07 02:00:00,2.6658383522929,2.23225321410605,1,14.38
2024-01-07 03:00:00,2.68580459215489,1.37329582658274,1,14.67
2024-01-07 04:00:00,2.72654478373837,1.50760423634941,1,15.28
2024-01-07 05:00:00,2.70136121295141,1.75192071954367,1,14.9
2024-01-07 06:00:00,2.6253929674212,1.87473590177965,1,13.81
2024-01-07 07:00:00,2.57261223020711,1.20271181744031,1,13.1
2024-01-07 08:00:00,2.46470394247048,1.34141478993042,1,11.76
2024-01-07 09:00:00,2.53765721517353,1.33774927091799,1,12.65
2024-01-07 10:00:00,2.34755845863678,1.57709221275957,1,10.46
2024-01-07 11:00:00,2.02154756326093,1.4335772104294,1,7.55
2024-01-07 12:00:00,1.83418018511201,1.20429363844201,1,6.26
2024-01-07 13:00:00,1.74745921033147,1.77247822311455,1,5.74
2024-01-07 14:00:00,1.26976054486394,1.54092806016955,1,3.56
2024-01-07 15:00:00,1.34807314829969,1.56559876075193,1,3.85
2024-01-07 16:00:00,1.39376637595859,2.0537331312407,1,4.03
2024-01-07 17:00:00,1.30833281965018,1.93054363407992,1,3.7
2024-01-07 18:00:00,1.48387468945875,2.19907092637008,1,4.41
2024-01-07 19:00:00,1.46093790411566,1.66236305987968,1,4.31
2024-01-07 20:00:00,1.43746264769429,1.35395843937291,1,4.21
2024-01-07 21:00:00,1.56861591791385,1.44602575866739,1,4.8
2024-01-07 22:00:00,1.65057985576528,1.96507224588068,1,5.21
2024-01-07 23:00:00,1.55603713570699,1.49227054355756,1,4.74
2024-01-08,1.61938824328727,1.35796629045972,1,5.05
2024-01-08 01:00:00,1.39376637595859,1.78023881007175,1,4.03
2024-01-08 02:00:00,1.46787434811231,1.71315745073565,1,4.34
2024-01-08 03:00:00,1.39376637595859,1.71858094524249,1,4.03
2024-01-08 04:00:00,1.45395300959371,1.96001259500861,1,4.28
2024-01-08 05:00:00,1.76985463384001,1.78626857801328,1,5.87
2024-01-08 06:00:00,2.11986345617875,1.11304938225519,1,8.33
2024-01-08 07:00:00,2.26176309847379,1.11217767918469,1,9.6
2024-01-08 08:00:00,2.33988087773774,0.887957381298625,1,10.38
2024-01-08 09:00:00,2.41233595695316,1.32128471252977,1,11.16
2024-01-08 10:00:00,2.45530618001171,1.60504993341643,1,11.65
2024-01-08 11:00:00,2.43185742869818,1.70604253544398,1,11.38
2024-01-08 12:00:00,2.41143949790613,1.84999778208941,1,11.15
2024-01-08 13:00:00,2.33408376005342,1.54033880926144,1,10.32
2024-01-08 14:00:00,2.2512917986065,0.881263151433739,1,9.5
2024-01-08 15:00:00,2.30757263450508,1.10234127519292,1,10.05
2024-01-08 16:00:00,2.36555989215543,0.850864530566654,1,10.65
2024-01-08 17:00:00,2.65955999194178,1.65731613474083,1,14.29
2024-01-08 18:00:00,2.77570884957602,2.27988540510033,1,16.05
2024-01-08 19:00:00,2.80880010420235,2.01286165165824,1,16.59
2024-01-08 20:00:00,2.90032208874933,2.61711285912458,1,18.18
2024-01-08 21:00:00,2.91723004539903,2.78499280099043,1,18.49
2024-01-08 22:00:00,2.9882040071332,3.05686494031873,1,19.85
2024-01-08 23:00:00,2.98416563718253,3.06893740009953,1,19.77
2024-01-09,3.06011453248326,3.04621108565276,1,21.33
2024-01-09 01:00:00,3.08282698040492,2.77597641463294,1,21.82
2024-01-09 02:00:00,3.12148347885955,3.10825758188989,1,22.68
2024-01-09 03:00:00,3.12500460925813,3.10672148342356,1,22.76
2024-01-09 04:00:00,3.21567069391925,3.38458009492183,1,24.92
2024-01-09 05:00:00,3.33967652501391,3.21148264362226,1,28.21
2024-01-09 06:00:00,3.41805449872858,3.46698565954372,1,30.51
2024-01-09 07:00:00,3.57850639663257,3.66348007179646,1,35.82
2024-01-09 08:00:00,3.60956564739421,3.80175538797936,1,36.95
2024-01-09 09:00:00,3.64753649057955,3.31736664794635,1,38.38
2024-01-09 10:00:00,3.25501487148407,2.87702276160554,1,25.92
2024-01-09 11:00:00,3.01455402779458,2.54906107881739,1,20.38
2024-01-09 12:00:00,3.23159459727598,2.78147375001258,1,25.32
2024-01-09 13:00:00,3.29990266351057,2.82520882763275,1,27.11
2024-01-09 14:00:00,3.27902974768795,2.93934186729487,1,26.55
2024-01-09 15:00:00,3.38642209608,3.07854851868358,1,29.56
2024-01-09 16:00:00,3.36141651165031,3.43663444356809,1,28.83
2024-01-09 17:00:00,3.51868407711782,3.19515119758243,1,33.74
2024-01-09 18:00:00,3.81176058348975,3.31488831920372,1,45.23
2024-01-09 19:00:00,3.581294243434,3.46280809201476,1,35.92
2024-01-09 20:00:00,3.83146349756973,3.18378649830695,1,46.13
2024-01-09 21:00:00,4.03724497018153,3.29234639264903,1,56.67
2024-01-09 22:00:00,3.9265174515786,3.5015343189005,1,50.73
2024-01-09 23:00:00,4.02695754352025,3.29002639358944,1,56.09
2024-01-10,4.05439024671507,3.51638290345468,1,57.65
2024-01-10 01:00:00,4.08227198098783,3.47232858955724,1,59.28
2024-01-10 02:00:00,4.00969403260159,3.30257004178665,1,55.13
2024-01-10 03:00:00,4.07702884001241,3.41731446796883,1,58.97
2024-01-10 04:00:00,4.04006435530903,3.32767937771269,1,56.83
2024-01-10 05:00:00,4.01584233406714,3.53176673980655,1,55.47
2024-01-10 06:00:00,4.01998014693324,3.38762433929111,1,55.7
2024-01-10 07:00:00,4.03494835226544,3.55130702033062,1,56.54
2024-01-10 08:00:00,4.20005501664421,3.75083108839449,1,66.69
2024-01-10 09:00:00,4.25943518208769,3.47555950834298,1,70.77
2024-01-10 10:00:00,4.17315574264639,3.19721668355475,1,64.92
2024-01-10 11:00:00,3.94410289889156,3.04740929842184,1,51.63
2024-01-10 12:00:00,3.85439389259151,2.93509591340449,1,47.2
2024-01-10 13:00:00,3.74809131374578,2.84997221390247,1,42.44
2024-01-10 14:00:00,3.39350117502768,2.76463565881471,1,29.77
2024-01-10 15:00:00,2.76631910922619,2.93826869996061,1,15.9
2024-01-10 16:00:00,3.18635263316264,3.37018741585829,1,24.2
2024-01-10 17:00:00,3.20355912075631,3.38393782284026,1,24.62
2024-01-10 18:00:00,3.2861605716738,3.32641238917185,1,26.74
2024-01-10 19:00:00,3.62540703115836,3.22551799676037,1,37.54
2024-01-10 20:00:00,3.3418011717055,3.43828733387216,1,28.27
2024-01-10 21:00:00,3.28690823526003,3.51290146802217,1,26.76
2024-01-10 22:00:00,3.56388296393925,3.57427143599872,1,35.3
2024-01-10 23:00:00,3.56189799235315,3.64384537130283,1,35.23
2024-01-11,3.64414356027254,3.62689579326147,1,38.25
2024-01-11 01:00:00,3.56133013316696,3.56003275608851,1,35.21
2024-01-11 02:00:00,3.50405476710186,3.56971191043812,1,33.25
2024-01-11 03:00:00,3.78759292704997,3.41361395588459,1,44.15
2024-01-11 04:00:00,3.65970807681366,3.54310274402097,1,38.85
2024-01-11 05:00:00,3.59703825044836,3.46772983970999,1,36.49
2024-01-11 06:00:00,3.59043938130068,3.60350556823,1,36.25
2024-01-11 07:00:00,3.60794051160858,3.59198547841586,1,36.89
2024-01-11 08:00:00,3.86702563949741,3.64941444592309,1,47.8
2024-01-11 09:00:00,3.94584455390366,3.51329855790606,1,51.72
2024-01-11 10:00:00,3.97968165390196,3.57125167853275,1,53.5
2024-01-11 11:00:00,3.7369550773455,3.23619732331874,1,41.97
2024-01-11 12:00:00,3.97180020946401,3.29410614263771,1,53.08
2024-01-11 13:00:00,4.11300274404063,3.11930454122593,1,61.13
2024-01-11 14:00:00,4.13708471589826,3.12186351607681,1,62.62
2024-01-11 15:00:00,4.23105838553792,3.30655703233458,1,68.79
2024-01-11 16:00:00,4.3112017288936,3.42952727087503,1,74.53
2024-01-11 17:00:00,3.73766961828337,3.12341068753604,1,42
2024-01-11 18:00:00,3.39785848039664,3.38526460544632,1,29.9
2024-01-11 19:00:00,3.53834721980939,3.32712691234129,1,34.41
2024-01-11 20:00:00,3.54066942694875,3.40283800152703,1,34.49
2024-01-11 21:00:00,3.35445511911002,2.82607385254017,1,28.63
2024-01-11 22:00:00,3.50645789231965,3.39475162003419,1,33.33
2024-01-11 23:00:00,3.60413822565885,3.05715237391744,1,36.75
2024-01-12,3.57710955327093,3.25008513689556,1,35.77
2024-01-12 01:00:00,3.42523937614239,3.3230878268664,1,30.73
2024-01-12 02:00:00,3.38099467434464,3.39177173659041,1,29.4
2024-01-12 03:00:00,3.27032910645712,3.30637546536388,1,26.32
2024-01-12 04:00:00,2.80093319524892,3.42632106806494,1,16.46
2024-01-12 05:00:00,2.69056488676119,3.28828723636052,1,14.74
2024-01-12 06:00:00,1.99061032797322,3.26876971842124,1,7.32
2024-01-12 07:00:00,1.47932922708708,3.07197819238497,1,4.39
2024-01-12 08:00:00,1.53686721959926,3.14121875568083,1,4.65
2024-01-12 09:00:00,2.2060741926132,3.37930502322351,1,9.08
2024-01-12 10:00:00,2.29958058397375,3.29966399522455,1,9.97
2024-01-12 11:00:00,2.40243042796376,3.11500788114765,1,11.05
2024-01-12 12:00:00,2.26799364822443,2.95267543774528,1,9.66
2024-01-12 13:00:00,2.19165353228676,3.09935963824307,1,8.95
2024-01-12 14:00:00,1.85002837735203,3.05321881338161,1,6.36
2024-01-12 15:00:00,2.05284085988266,3.18295934238594,1,7.79
2024-01-12 16:00:00,2.18041745901984,2.97761604434513,1,8.85
2024-01-12 17:00:00,2.40694510831829,3.15182388821901,1,11.1
2024-01-12 18:00:00,2.10900034392138,3.1579490258476,1,8.24
2024-01-12 19:00:00,1.9387416595767,3.10891701675494,1,6.95
2024-01-12 20:00:00,2.12942147398486,3.40970527755804,1,8.41
2024-01-12 21:00:00,2.26072088889535,3.24589466719874,1,9.59
2024-01-12 22:00:00,2.35707327827812,3.07559105401964,1,10.56
2024-01-12 23:00:00,1.8229350866965,2.82406923212976,1,6.19
2024-01-13,1.69744878975681,2.64803056803129,1,5.46
2024-01-13 01:00:00,1.57277392806251,2.53019576689293,1,4.82
2024-01-13 02:00:00,0.867100487683383,2.00218173588007,1,2.38
2024-01-13 03:00:00,0.797507195884188,1.89978730576364,1,2.22
2024-01-13 04:00:00,0.883767540168595,1.99065659488987,1,2.42
2024-01-13 05:00:00,0.482426149244293,1.99676879636642,1,1.62
2024-01-13 06:00:00,0.398776119957368,2.13488707873487,1,1.49
2024-01-13 07:00:00,0.824175442966349,2.45382885386506,1,2.28
2024-01-13 08:00:00,1.00795792039998,2.38102399003203,1,2.74
2024-01-13 09:00:00,1.38128181929635,2.60143951672203,1,3.98
2024-01-13 10:00:00,1.21491274436427,2.62999003076736,1,3.37
2024-01-13 11:00:00,1.31372366828506,2.32550883151199,1,3.72
2024-01-13 12:00:00,1.53901544813755,2.59910501525173,1,4.66
2024-01-13 13:00:00,1.8213182714696,2.65420786221746,1,6.18
2024-01-13 14:00:00,1.92424865227413,2.05549940460583,1,6.85
2024-01-13 15:00:00,1.97129938306013,2.56195652145009,1,7.18
2024-01-13 16:00:00,2.24601474150565,2.47691140844115,1,9.45
2024-01-13 17:00:00,2.36085400111802,2.062468600528,1,10.6
2024-01-13 18:00:00,2.23323501485925,2.10009077625896,1,9.33
2024-01-13 19:00:00,2.29455292129678,2.20458547649992,1,9.92
2024-01-13 20:00:00,2.29958058397375,2.21142855295051,1,9.97
2024-01-13 21:00:00,2.2975725511705,2.0714546237887,1,9.95
2024-01-13 22:00:00,2.13653050866396,2.27575254017202,1,8.47
2024-01-13 23:00:00,2.22786154679811,2.36856157364658,1,9.28
2024-01-14,1.98924327376169,2.30735116211482,1,7.31
2024-01-14 01:00:00,1.870262530716,2.1707383003378,1,6.49
2024-01-14 02:00:00,1.83736998048011,2.33211336060923,1,6.28
2024-01-14 03:00:00,1.96711235670592,2.00105284341867,1,7.15
2024-01-14 04:00:00,1.90359895098359,1.80312870795204,1,6.71
2024-01-14 05:00:00,2.11866225483312,1.94093350237279,1,8.32
2024-01-14 06:00:00,2.14124194258528,2.27377538549458,1,8.51
2024-01-14 07:00:00,2.2060741926132,2.44317527241485,1,9.08
2024-01-14 08:00:00,2.44321622273379,2.27522969479722,1,11.51
2024-01-14 09:00:00,2.46809953147162,2.43282774915469,1,11.8
2024-01-14 10:00:00,2.2628042229822,2.38989173122649,1,9.61
2024-01-14 11:00:00,2.11021320034659,2.34527014580839,1,8.25
2024-01-14 12:00:00,2.16791018966744,2.2554284987139,1,8.74
2024-01-14 13:00:00,2.43185742869818,2.24874401466163,1,11.38
2024-01-14 14:00:00,2.63188884013665,2.32365667177249,1,13.9
2024-01-14 15:00:00,2.57031952763613,2.37828558461541,1,13.07
2024-01-14 16:00:00,2.31055326264322,2.18825809918936,1,10.08
2024-01-14 17:00:00,2.36837283353205,2.24660700863887,1,10.68
2024-01-14 18:00:00,2.39333945626251,2.09286698460167,1,10.95
2024-01-14 19:00:00,2.40694510831829,2.4169988097046,1,11.1
2024-01-14 20:00:00,2.43711598595165,2.20986118513714,1,11.44
2024-01-14 21:00:00,2.47653840011748,2.22780724036857,1,11.9
2024-01-14 22:00:00,2.29253475714054,2.08199253796206,1,9.9
2024-01-14 23:00:00,2.33795223683134,2.01924601396388,1,10.36
2024-01-15,2.24283508858827,1.51484757754632,1,9.42
2024-01-15 01:00:00,2.28238238567653,1.28963199924633,1,9.8
2024-01-15 02:00:00,2.42568729012803,1.58981140273535,1,11.31
2024-01-15 03:00:00,2.43973493114128,1.36242608187867,1,11.47
2024-01-15 04:00:00,2.49979526228175,1.24996088676827,1,12.18
2024-01-15 05:00:00,2.48740352998659,1.29205080706745,1,12.03
2024-01-15 06:00:00,2.51446545202954,1.47316313022325,1,12.36
2024-01-15 07:00:00,2.52892353520477,1.44840653549642,1,12.54
2024-01-15 08:00:00,2.53051716104005,1.83942366651444,1,12.56
2024-01-15 09:00:00,2.40243042796376,1.70539145711938,1,11.05
2024-01-15 10:00:00,2.2170272046324,1.58102617378258,1,9.18
2024-01-15 11:00:00,2.13653050866396,1.95469184771176,1,8.47
2024-01-15 12:00:00,2.02022218201986,1.93442889637876,1,7.54
2024-01-15 13:00:00,1.44926916028128,1.57397091151818,1,4.26
2024-01-15 14:00:00,1.56653041142282,1.89876377243821,1,4.79
2024-01-15 15:00:00,1.7263316639056,1.39742115217629,1,5.62
2024-01-15 16:00:00,1.8099267731835,1.73680230343557,1,6.11
2024-01-15 17:00:00,2.12226153886276,2.01942288256683,1,8.35
2024-01-15 18:00:00,2.06686275947298,2.23743080690228,1,7.9
2024-01-15 19:00:00,2.07317192866624,2.6936931341836,1,7.95
2024-01-15 20:00:00,1.71559810826249,1.99394085518871,1,5.56
2024-01-15 21:00:00,1.92861865194525,2.1007639713025,1,6.88
2024-01-15 22:00:00,1.24990173621434,1.95026966481381,1,3.49
2024-01-15 23:00:00,1.02961941718116,2.48861040754963,1,2.8
2024-01-16,1.17865499634165,1.99398935470791,1,3.25
2024-01-16 01:00:00,1.01160091167848,2.28122098564184,1,2.75
2024-01-16 02:00:00,1.09861228866811,NA,1,3
2024-01-16 03:00:00,0.936093359170335,1.88979391169838,1,2.55
2024-01-16 04:00:00,0.806475865866949,1.93143170554288,1,2.24
2024-01-16 05:00:00,0.896088024556636,2.5196822243077,1,2.45
2024-01-16 06:00:00,0.936093359170335,2.52160181679421,1,2.55
2024-01-16 07:00:00,1.01884732019925,2.61763732223406,1,2.77
2024-01-16 08:00:00,1.00063188030791,2.3863097769776,1,2.72
2024-01-16 09:00:00,1.14740245283754,1.95245448942993,1,3.15
2024-01-16 10:00:00,1.34025042261848,2.07176786033612,1,3.82
2024-01-16 11:00:00,1.56234630490025,2.50822077948105,1,4.77
2024-01-16 12:00:00,1.78674692740451,2.51127186849268,1,5.97
2024-01-16 13:00:00,1.08856195281461,2.06040544772176,1,2.97
2024-01-16 14:00:00,1.04731899428056,2.12705170905568,1,2.85
2024-01-16 15:00:00,2.38600670113312,2.55912996834065,1,10.87
2024-01-16 16:00:00,1.78674692740451,2.63215529905414,1,5.97
2024-01-16 17:00:00,2.13060982825424,2.66722542884716,1,8.42
2024-01-16 18:00:00,2.12226153886276,2.74741440635759,1,8.35
2024-01-16 19:00:00,1.93152141160321,2.90193730360492,1,6.9
2024-01-16 20:00:00,2.06686275947298,2.82769561647221,1,7.9
2024-01-16 21:00:00,2.74855214441154,3.13274876915518,1,15.62
2024-01-16 22:00:00,2.7033726115511,3.04799675787949,1,14.93
2024-01-16 23:00:00,2.89977188240808,3.2369098234506,1,18.17
2024-01-17,3.40119738166216,3.24998431182403,1,30
2024-01-17 01:00:00,2.95543097678047,3.1595831775803,1,19.21
2024-01-17 02:00:00,2.68920711330073,3.15130255587654,1,14.72
2024-01-17 03:00:00,2.85933964864844,3.12225361140997,1,17.45
2024-01-17 04:00:00,2.74534598584591,3.18412420757158,1,15.57
2024-01-17 05:00:00,2.80093319524892,3.09857181960512,1,16.46
2024-01-17 06:00:00,2.60194867021966,2.76769522798972,1,13.49
2024-01-17 07:00:00,2.74470351875025,2.97883535315038,1,15.56
2024-01-17 08:00:00,3.38844980883965,3.34994562939975,1,29.62
2024-01-17 09:00:00,3.42458833445273,3.3934375665684,1,30.71
2024-01-17 10:00:00,3.24024585060439,3.34255667434042,1,25.54
2024-01-17 11:00:00,3.47382807269706,3.42827074332134,1,32.26
2024-01-17 12:00:00,3.67401959120691,3.20001685666971,1,39.41
2024-01-17 13:00:00,3.60441029748749,3.19080537857598,1,36.76
2024-01-17 14:00:00,3.42751468997953,3.39537067056232,1,30.8
2024-01-17 15:00:00,3.48154773431581,3.43029805678005,1,32.51
2024-01-17 16:00:00,3.53017676291862,3.43252879899049,1,34.13
2024-01-17 17:00:00,3.57710955327093,3.5040182043839,1,35.77
2024-01-17 18:00:00,3.60875340963465,3.55245291768608,1,36.92
2024-01-17 19:00:00,3.49892887015549,3.41336839100548,1,33.08
2024-01-17 20:00:00,3.51957283439748,3.38532582092985,1,33.77
2024-01-17 21:00:00,3.62327369701594,3.34794044814676,1,37.46
2024-01-17 22:00:00,3.57710955327093,3.21047464225119,1,35.77
2024-01-17 23:00:00,3.60929497477109,3.18759344969675,1,36.94
2024-01-18,3.54587475969693,3.16611489181848,1,34.67
2024-01-18 01:00:00,3.62567337821014,3.07832092642851,1,37.55
2024-01-18 02:00:00,3.56812325297814,2.87489253682497,1,35.45
2024-01-18 03:00:00,3.57402961243499,2.98032928293116,1,35.66
2024-01-18 04:00:00,3.63705970538414,3.06049440560547,1,37.98
2024-01-18 05:00:00,3.72785975375482,3.04751223263977,1,41.59
2024-01-18 06:00:00,3.76884523575182,3.14247861197486,1,43.33
2024-01-18 07:00:00,3.26001776819938,2.84787906270745,1,26.05
2024-01-18 08:00:00,1.91692261218206,2.92736101482974,1,6.8
2024-01-18 09:00:00,2.56109578814555,2.77604812426383,1,12.95
2024-01-18 10:00:00,2.20497226412705,2.4575442041839,1,9.07
2024-01-18 11:00:00,1.83896107071235,2.88635137509907,1,6.29
2024-01-18 12:00:00,1.74396880539171,3.11970723466212,1,5.72
2024-01-18 13:00:00,2.07317192866624,2.77946937308324,1,7.95
2024-01-18 14:00:00,2.43185742869818,3.40225439368996,1,11.38
2024-01-18 15:00:00,2.51203531717625,3.5342711079987,1,12.33
2024-01-18 16:00:00,2.30258509299405,3.298375945237,1,10
2024-01-18 17:00:00,2.04898233419513,3.06318958253845,1,7.76
2024-01-18 18:00:00,2.48240351956988,3.33469297160577,1,11.97
2024-01-18 19:00:00,2.55877649835446,3.03240163834049,1,12.92
2024-01-18 20:00:00,2.42921774392741,3.38673122653887,1,11.35
2024-01-18 21:00:00,2.86048512414597,3.37487167507751,1,17.47
2024-01-18 22:00:00,3.00071981506503,3.35893957218099,1,20.1
2024-01-18 23:00:00,2.69799986524871,3.15461143311179,1,14.85
2024-01-19,2.89037175789616,3.22701629801106,1,18
2024-01-19 01:00:00,2.82553689655788,3.23083564210053,1,16.87
2024-01-19 02:00:00,2.88926002904347,3.29679743673096,1,17.98
2024-01-19 03:00:00,2.06559613485778,3.21132501677269,1,7.89
2024-01-19 04:00:00,2.13653050866396,2.83676135339921,1,8.47
2024-01-19 05:00:00,2.36273901581379,2.80017020991564,1,10.62
2024-01-19 06:00:00,2.50307395374345,2.98902644000448,1,12.22
2024-01-19 07:00:00,2.40243042796376,2.98108912139656,1,11.05
2024-01-19 08:00:00,2.66722820658195,3.01362999072682,1,14.4
2024-01-19 09:00:00,2.75493378700106,2.93547486922095,1,15.72
2024-01-19 10:00:00,2.930126516456,2.6636152275091,1,18.73
2024-01-19 11:00:00,2.16447179086441,2.55181533726005,1,8.71
2024-01-19 12:00:00,2.35137525716348,2.29275482373317,1,10.5
2024-01-19 13:00:00,2.38139627341834,2.4765943287972,1,10.82
2024-01-19 14:00:00,1.93152141160321,2.48300610926905,1,6.9
2024-01-19 15:00:00,1.81807677754543,2.51020083260343,1,6.16
2024-01-19 16:00:00,2.02154756326093,2.42196108958607,1,7.55
2024-01-19 17:00:00,2.21156569460688,2.7296353955055,1,9.13
2024-01-19 18:00:00,2.87694873756402,3.24930102554856,1,17.76
2024-01-19 19:00:00,2.90142159408275,3.40398575097178,1,18.2
2024-01-19 20:00:00,2.97246364661464,2.87772347464232,1,19.54
2024-01-19 21:00:00,2.62828523263335,3.11262199856054,1,13.85
2024-01-19 22:00:00,2.81180943539306,3.21095693287063,1,16.64
2024-01-19 23:00:00,2.67000213346468,2.86267906867044,1,14.44
2024-01-20,2.37117788445966,2.60375884218921,1,10.71
2024-01-20 01:00:00,2.52011290552262,2.54471344556721,1,12.43
2024-01-20 02:00:00,1.85002837735203,2.81018460449008,1,6.36
2024-01-20 03:00:00,1.79674701073909,3.09310736640692,1,6.03
2024-01-20 04:00:00,1.90805992492422,3.12166748354634,1,6.74
2024-01-20 05:00:00,1.94161522477243,3.17324693324842,1,6.97
2024-01-20 06:00:00,1.76130026174335,3.11906625097509,1,5.82
2024-01-20 07:00:00,1.70656462316482,2.96991670487492,1,5.51
2024-01-20 08:00:00,1.85002837735203,2.95798317198292,1,6.36
2024-01-20 09:00:00,1.8213182714696,2.49837841620148,1,6.18
2024-01-20 10:00:00,1.94591014905531,2.15815335640156,1,7
2024-01-20 11:00:00,1.93152141160321,2.13344679291808,1,6.9
2024-01-20 12:00:00,1.9154509415706,1.94694307183857,1,6.79
2024-01-20 13:00:00,1.97129938306013,2.03894700688577,1,7.18
2024-01-20 14:00:00,2.01356879752913,2.16852522922536,1,7.49
2024-01-20 15:00:00,2.33020026002702,2.73876608765093,1,10.28
2024-01-20 16:00:00,2.51041194019636,3.23649800596143,1,12.31
2024-01-20 17:00:00,2.59376105470008,3.08978840615575,1,13.38
2024-01-20 18:00:00,2.71004820376488,2.46861394596239,1,15.03
2024-01-20 19:00:00,2.69327491552006,2.26760382149615,1,14.78
2024-01-20 20:00:00,3.00320428839269,2.7921091084845,1,20.15
2024-01-20 21:00:00,3.27146827498737,3.11182824468548,1,26.35
2024-01-20 22:00:00,3.15145314855077,3.39394168037464,1,23.37
2024-01-20 23:00:00,3.19744787745458,3.69439301265018,1,24.47
2024-01-21,3.44393753533831,3.58916050346124,1,31.31
2024-01-21 01:00:00,3.71039629757619,3.5930482493759,1,40.87
2024-01-21 02:00:00,3.87182581567673,3.56211969450688,1,48.03
2024-01-21 03:00:00,3.78077471881819,3.45363759379244,1,43.85
2024-01-21 04:00:00,3.48000856208645,3.45808067266132,1,32.46
2024-01-21 05:00:00,3.60522606911668,3.50388679158464,1,36.79
2024-01-21 06:00:00,3.35933317756346,3.29777200611211,1,28.77
2024-01-21 07:00:00,3.52488885400471,3.61999476844284,1,33.95
2024-01-21 08:00:00,3.4867632699918,3.53999492959908,1,32.68
2024-01-21 09:00:00,3.91362172679184,3.58129812396003,1,50.08
2024-01-21 10:00:00,3.58073729549423,3.27782904954374,1,35.9
2024-01-21 11:00:00,3.80287755816735,3.16328209532547,1,44.83
2024-01-21 12:00:00,3.67427330172457,3.4321225004671,1,39.42
2024-01-21 13:00:00,3.62434093297637,3.44801938226455,1,37.5
2024-01-21 14:00:00,3.62273965160939,3.41585839913297,1,37.44
2024-01-21 15:00:00,3.62380745737022,3.44724201244728,1,37.48
2024-01-21 16:00:00,3.73576304001279,3.41578876085361,1,41.92
2024-01-21 17:00:00,3.7220724214697,3.20441218250601,1,41.35
2024-01-21 18:00:00,3.89914037959713,3.28213866634746,1,49.36
2024-01-21 19:00:00,3.81573234510986,3.04097072966225,1,45.41
2024-01-21 20:00:00,3.92375392830384,3.2286258964094,1,50.59
2024-01-21 21:00:00,4.03689198747402,3.48956277673393,1,56.65
2024-01-21 22:00:00,4.01168732854109,3.58005258055874,1,55.24
2024-01-21 23:00:00,3.97687397774776,3.37733096287486,1,53.35
2024-01-22,4.17837929116517,3.47521304677461,1,65.26
2024-01-22 01:00:00,4.09817056705563,3.36803277671292,1,60.23
2024-01-22 02:00:00,4.00678758187257,3.31867321376639,1,54.97
2024-01-22 03:00:00,3.8448142557347,3.18259717457738,1,46.75
2024-01-22 04:00:00,4.21538155726493,3.21508670126793,1,67.72
2024-01-22 05:00:00,4.19388819255836,3.41085682999884,1,66.28
2024-01-22 06:00:00,4.08597631255158,3.29558456334628,1,59.5
2024-01-22 07:00:00,4.0115062839131,3.34732020708455,1,55.23
2024-01-22 08:00:00,4.26197540360605,3.24514094879708,1,70.95
2024-01-22 09:00:00,4.27736032244553,3.43340871616037,1,72.05
2024-01-22 10:00:00,4.29374171980631,3.48012591162496,1,73.24
2024-01-22 11:00:00,4.34510328056928,3.44208580276903,1,77.1
2024-01-22 12:00:00,4.43781605631592,3.43584032417089,1,84.59
2024-01-22 13:00:00,4.38937457233642,3.30747781718798,1,80.59
2024-01-22 14:00:00,4.34652898232072,3.27380718793398,1,77.21
2024-01-22 15:00:00,4.36195147024283,3.08123269621879,1,78.41
2024-01-22 16:00:00,4.45399839818635,3.33810640273513,1,85.97
2024-01-22 17:00:00,4.52265776441363,3.37208400131767,1,92.08
2024-01-22 18:00:00,4.43710650094084,3.31783473869501,1,84.53
2024-01-22 19:00:00,4.51601104966827,3.29259028200845,1,91.47
2024-01-22 20:00:00,4.47152450111817,3.22474258295528,1,87.49
2024-01-22 21:00:00,4.46498815538823,3.29558776865817,1,86.92
2024-01-22 22:00:00,4.46498815538823,3.33443220095557,1,86.92
2024-01-22 23:00:00,4.39592953984287,3.23041514158535,1,81.12
2024-01-23,4.39049071308601,3.37113540232422,1,80.68
2024-01-23 01:00:00,3.06105173967463,3.1016033478539,1,21.35
2024-01-23 02:00:00,1.33236601909433,2.53279155066106,1,3.79
2024-01-23 03:00:00,1.45395300959371,2.32803549321521,1,4.28
2024-01-23 04:00:00,1.85002837735203,1.49792705856628,1,6.36
2024-01-23 05:00:00,1.78674692740451,2.19376545618753,1,5.97
2024-01-23 06:00:00,1.28923264827676,1.81600914207581,1,3.63
2024-01-23 07:00:00,0.982078472412158,2.07106393829806,1,2.67
2024-01-23 08:00:00,0.845868267577609,2.06226464603359,1,2.33
2024-01-23 09:00:00,1.09861228866811,NA,1,3
2024-01-23 10:00:00,1.69561560867515,2.24102988823376,1,5.45
2024-01-23 11:00:00,1.67147330335355,2.29329203916357,1,5.32
2024-01-23 12:00:00,1.69744878975681,2.21924813382009,1,5.46
2024-01-23 13:00:00,1.80500469597808,2.57921875286335,1,6.08
2024-01-23 14:00:00,1.9387416595767,2.14495499937692,1,6.95
2024-01-23 15:00:00,2.04381436403668,2.20393390571798,1,7.72
2024-01-23 16:00:00,1.99877363861238,2.4362810851606,1,7.38
2024-01-23 17:00:00,2.37397508908072,2.81470994280939,1,10.74
2024-01-23 18:00:00,2.15755932094379,2.84533176522781,1,8.65
2024-01-23 19:00:00,2.3646204839135,3.1368384559287,1,10.64
2024-01-23 20:00:00,2.41143949790613,2.93170426774783,1,11.15
2024-01-23 21:00:00,2.36837283353205,3.04131310551633,1,10.68
2024-01-23 22:00:00,2.18041745901984,2.77882797969062,1,8.85
2024-01-23 23:00:00,2.22028985026722,3.01595396408092,1,9.21
2024-01-24,2.48906465993666,2.85319433327386,1,12.05
2024-01-24 01:00:00,1.86408013080768,2.57628280467036,1,6.45
2024-01-24 02:00:00,1.43508452528932,2.54868103890426,1,4.2
2024-01-24 03:00:00,1.05431202977153,2.3321452471471,1,2.87
2024-01-24 04:00:00,0.494696241836107,1.48406984401886,1,1.64
2024-01-24 05:00:00,0.231111720963387,0.970241975255959,1,1.26
2024-01-24 06:00:00,0.336472236621213,1.16546019857286,1,1.4
2024-01-24 07:00:00,0.46373401623214,1.23489729296222,1,1.59
2024-01-24 08:00:00,-0.0512932943875506,1.19390528255036,1,0.95
2024-01-24 09:00:00,0.378436435720245,1.39255627839718,1,1.46
2024-01-24 10:00:00,0.667829372575655,2.1606162668982,1,1.95
2024-01-24 11:00:00,-0.0304592074847086,1.64344786881124,1,0.97
2024-01-24 12:00:00,0.845868267577609,0.720711167678712,1,2.33
2024-01-24 13:00:00,1.45628673293993,0.316156846281313,1,4.29
2024-01-24 14:00:00,1.62924053973028,1.48207026941718,1,5.1
2024-01-24 15:00:00,1.70292825552144,1.38232870897467,1,5.49
2024-01-24 16:00:00,2.03077636969855,1.11892239204616,1,7.62
2024-01-24 17:00:00,2.24283508858827,1.25026521789011,1,9.42
2024-01-24 18:00:00,2.20055236742889,1.49217960489607,1,9.03
2024-01-24 19:00:00,2.17361471169709,1.24711243962499,1,8.79
2024-01-24 20:00:00,2.15059873599616,1.54186294899042,1,8.59
2024-01-24 21:00:00,2.09556092355972,1.26307806522596,1,8.13
2024-01-24 22:00:00,2.12584791449399,1.22232657720347,1,8.38
2024-01-24 23:00:00,1.98650354602057,1.16776153089226,1,7.29
2024-01-25,2.15640258281596,1.33838041323082,1,8.64
2024-01-25 01:00:00,2.00955541421567,1.40202598385147,1,7.46
2024-01-25 02:00:00,2.00148000021012,1.31413554221105,1,7.4
2024-01-25 03:00:00,2.14006616349627,1.52535629799447,1,8.5
2024-01-25 04:00:00,2.18941639488841,1.0315337076009,1,8.93
2024-01-25 05:00:00,2.24707238306379,0.862267336919803,1,9.46
2024-01-25 06:00:00,2.32042501112238,1.23087292445467,1,10.18
2024-01-25 07:00:00,2.1938856760707,1.26502921164767,1,8.97
2024-01-25 08:00:00,2.13653050866396,1.35843366188518,1,8.47
2024-01-25 09:00:00,1.97823903617067,1.28883572638182,1,7.23
2024-01-25 10:00:00,1.96009478404727,1.75676701797191,1,7.1
2024-01-25 11:00:00,1.78339121955754,1.4420696781354,1,5.95
2024-01-25 12:00:00,1.61938824328727,0.85334332109874,1,5.05
2024-01-25 13:00:00,1.51732262352629,0.650222605569507,1,4.56
2024-01-25 14:00:00,1.52388002407245,0.0902911299212985,1,4.59
2024-01-25 15:00:00,1.53039470509365,1.31016497547086,1,4.62
2024-01-25 16:00:00,1.71379792775834,1.9797866218882,1,5.55
2024-01-25 17:00:00,1.69009581545155,1.94983543578364,1,5.42
2024-01-25 18:00:00,1.74919985480926,1.978991768854,1,5.75
2024-01-25 19:00:00,1.81645208181843,2.26573163970931,1,6.15
2024-01-25 20:00:00,1.90210752639692,2.40882050972068,1,6.7
2024-01-25 21:00:00,2.19722457733622,2.7365727769233,1,9
2024-01-25 22:00:00,2.26695791535089,2.79872742219219,1,9.65
2024-01-25 23:00:00,2.80396625793204,3.08187999440035,1,16.51
2024-01-26,2.72850620966959,2.8975223338236,1,15.31
2024-01-26 01:00:00,2.53686638871871,2.78178412606639,1,12.64
2024-01-26 02:00:00,2.52332575969195,2.69758748009203,1,12.47
2024-01-26 03:00:00,2.68648602318637,2.78164063219616,1,14.68
2024-01-26 04:00:00,2.64119789411437,3.19663556771278,1,14.03
2024-01-26 05:00:00,2.77446196662146,3.12567199844997,1,16.03
2024-01-26 06:00:00,2.87638551592142,3.08642812040178,1,17.75
2024-01-26 07:00:00,3.18262669219308,3.14865322428089,1,24.11
2024-01-26 08:00:00,3.29509585077961,3.37776110729018,1,26.98
2024-01-26 09:00:00,3.39952932456146,3.05466757463955,1,29.95
2024-01-26 10:00:00,3.38844980883965,2.97850231744651,1,29.62
2024-01-26 11:00:00,3.20599319903719,3.05276640066405,1,24.68
2024-01-26 12:00:00,3.15059698411491,3.01161594897322,1,23.35
2024-01-26 13:00:00,3.02868337369368,3.28183567316905,1,20.67
2024-01-26 14:00:00,3.17930304974838,2.82598248884881,1,24.03
2024-01-26 15:00:00,3.50735757749055,3.16618974888143,1,33.36
2024-01-26 16:00:00,3.52134798279262,3.51914917149024,1,33.83
2024-01-26 17:00:00,3.41048742856925,3.04106838864104,1,30.28
2024-01-26 18:00:00,0.845868267577609,1.12813602548061,1,2.33
2024-01-26 19:00:00,0.837247524533702,-0.00194972564717955,1,2.31
2024-01-26 20:00:00,0.993251773010283,1.06017669310431,1,2.7
2024-01-26 21:00:00,0.871293365943419,1.27909785198626,1,2.39
2024-01-26 22:00:00,1.08180517035173,2.05180504235611,1,2.95
2024-01-26 23:00:00,1.53471436623816,2.05445015176947,1,4.64
2024-01-27,1.63510565918268,2.10446527679329,1,5.13
2024-01-27 01:00:00,1.11514159061932,1.79918207033603,1,3.05
2024-01-27 02:00:00,1.22377543162212,1.39606831185811,1,3.4
2024-01-27 03:00:00,1.39871688111845,1.21729814444204,1,4.05
2024-01-27 04:00:00,1.58923520511658,0.988757679006367,1,4.9
2024-01-27 05:00:00,1.60341984010854,0.664212709658973,1,4.97
2024-01-27 06:00:00,1.70474809223843,0.719906640239847,1,5.5
2024-01-27 07:00:00,1.81807677754543,0.640021584637051,1,6.16
2024-01-27 08:00:00,1.78674692740451,0.987470583177623,1,5.97
2024-01-27 09:00:00,1.84213567655312,1.04148872585112,1,6.31
2024-01-27 10:00:00,1.92861865194525,1.08376406889253,1,6.88
2024-01-27 11:00:00,2.09186406167839,1.88633366928351,1,8.1
2024-01-27 12:00:00,2.04640168760164,1.83531290498198,1,7.74
2024-01-27 13:00:00,1.98513086220859,1.8893030927705,1,7.28
2024-01-27 14:00:00,1.9387416595767,1.46730221621944,1,6.95
2024-01-27 15:00:00,2.10778601468898,2.21939925007921,1,8.23
2024-01-27 16:00:00,2.11142458753289,2.5621185574787,1,8.26
2024-01-27 17:00:00,2.31451366385932,2.76460251903428,1,10.12
2024-01-27 18:00:00,1.95727390770563,2.18530653161491,1,7.08
2024-01-27 19:00:00,1.94161522477243,2.30786495816772,1,6.97
2024-01-27 20:00:00,2.22570404865809,2.77689418670073,1,9.26
2024-01-27 21:00:00,2.53528285711307,3.07762290389423,1,12.62
2024-01-27 22:00:00,2.57870052907436,2.6965977069775,1,13.18
2024-01-27 23:00:00,2.75302356674494,2.94474925149617,1,15.69
2024-01-28,2.90471287516682,3.04866641587749,1,18.26
2024-01-28 01:00:00,2.91452221812845,3.20617925008067,1,18.44
2024-01-28 02:00:00,2.7047112998367,3.46700989537949,1,14.95
2024-01-28 03:00:00,2.51122395810537,3.47969023694648,1,12.32
2024-01-28 04:00:00,2.47569771070269,3.26672616636785,1,11.89
2024-01-28 05:00:00,2.42480272571829,3.31231097837558,1,11.3
2024-01-28 06:00:00,2.53290284805626,3.58457988922579,1,12.59
2024-01-28 07:00:00,2.7047112998367,3.65832567153854,1,14.95
2024-01-28 08:00:00,2.90306858869057,3.60703988582478,1,18.23
2024-01-28 09:00:00,3.08876713952118,3.29887746965964,1,21.95
2024-01-28 10:00:00,3.2188758248682,3.1215333937422,1,25
2024-01-28 11:00:00,3.03879176301444,2.90211210792057,1,20.88
2024-01-28 12:00:00,3.04309284491383,2.79270774586667,1,20.97
2024-01-28 13:00:00,2.8225686545448,2.98085716294705,1,16.82
2024-01-28 14:00:00,2.81959157583512,2.92692119091556,1,16.77
2024-01-28 15:00:00,2.45272775142377,2.95529438655626,1,11.62
2024-01-28 16:00:00,2.90032208874933,3.34695480320112,1,18.18
2024-01-28 17:00:00,2.87073578337931,3.47684600528999,1,17.65
2024-01-28 18:00:00,3.26918863874179,3.61280628498073,1,26.29
2024-01-28 19:00:00,3.32934327789417,3.61653307112199,1,27.92
2024-01-28 20:00:00,3.06619073720255,3.71936117288409,1,21.46
2024-01-28 21:00:00,3.19663021592088,3.59963495116465,1,24.45
2024-01-28 22:00:00,3.38065448043083,3.47442176091118,1,29.39
2024-01-28 23:00:00,3.36729582998647,3.73687439773666,1,29
2024-01-29,3.40452517175483,3.61343050043655,1,30.1
2024-01-29 01:00:00,3.28353933819392,3.55869453765352,1,26.67
2024-01-29 02:00:00,3.35828988065088,3.54382508339416,1,28.74
2024-01-29 03:00:00,3.29138251565495,3.50744636573271,1,26.88
2024-01-29 04:00:00,3.5034530823665,3.5908128774728,1,33.23
2024-01-29 05:00:00,3.5097527882165,3.4252798688685,1,33.44
2024-01-29 06:00:00,3.45378983178133,3.43010609986038,1,31.62
2024-01-29 07:00:00,3.72328088083127,3.64318242536865,1,41.4
2024-01-29 08:00:00,4.07533162304017,3.74202659843801,1,58.87
2024-01-29 09:00:00,3.80064441744476,3.73724503499157,1,44.73
2024-01-29 10:00:00,3.94623117675788,3.82441881319121,1,51.74
2024-01-29 11:00:00,3.99397158807531,3.80285345786827,1,54.27
2024-01-29 12:00:00,4.03936025388934,3.81377099864805,1,56.79
2024-01-29 13:00:00,3.94931879017184,3.85984921461354,1,51.9
2024-01-29 14:00:00,3.81968839422535,3.87612952992578,1,45.59
2024-01-29 15:00:00,3.81749252158191,3.77820288179924,1,45.49
2024-01-29 16:00:00,3.79166164875696,3.71172560455777,1,44.33
2024-01-29 17:00:00,3.82362885466555,3.66351695518102,1,45.77
2024-01-29 18:00:00,3.79458990853605,3.45467453870477,1,44.46
2024-01-29 19:00:00,3.6157709822933,3.78013835799679,1,37.18
2024-01-29 20:00:00,3.65039846729565,3.51971549281273,1,38.49
2024-01-29 21:00:00,3.41608599415591,3.49403690982336,1,30.45
2024-01-29 22:00:00,3.55220025519868,3.61156217226689,1,34.89
2024-01-29 23:00:00,3.23080439573347,3.19812346894915,1,25.3
2024-01-30,3.28728185753226,3.52367237351332,1,26.77
2024-01-30 01:00:00,3.1888289035159,3.42650149679789,1,24.26
2024-01-30 02:00:00,3.25308399619794,3.34846642153821,1,25.87
2024-01-30 03:00:00,3.03254624667671,3.18521722028295,1,20.75
2024-01-30 04:00:00,2.99322914333587,3.12171808504699,1,19.95
2024-01-30 05:00:00,2.99071973173045,3.1441045413293,1,19.9
2024-01-30 06:00:00,2.79300390698237,3.3023352378261,1,16.33
2024-01-30 07:00:00,3.15059698411491,3.6191929050207,1,23.35
2024-01-30 08:00:00,3.08282698040492,3.71053320699182,1,21.82
2024-01-30 09:00:00,3.05635689537043,3.73420590688557,1,21.25
2024-01-30 10:00:00,3.04594998971461,3.81556787668525,1,21.03
2024-01-30 11:00:00,3.07269331469012,3.84431670844705,1,21.6
2024-01-30 12:00:00,3.09919098192222,3.77288979232132,1,22.18
2024-01-30 13:00:00,3.15059698411491,3.60451885242026,1,23.35
2024-01-30 14:00:00,3.38235429386068,3.68127465812413,1,29.44
2024-01-30 15:00:00,3.39013643430273,3.6515041907578,1,29.67
2024-01-30 16:00:00,3.35130661204869,3.70940362927513,1,28.54
2024-01-30 17:00:00,3.58490686373096,3.78077789279236,1,36.05
2024-01-30 18:00:00,3.82472067702535,3.7890310998603,1,45.82
2024-01-30 19:00:00,3.85967652505594,3.75852053944222,1,47.45
2024-01-30 20:00:00,3.77666136749747,3.7346454567752,1,43.67
2024-01-30 21:00:00,3.65195610000934,3.71836009992307,1,38.55
2024-01-30 22:00:00,3.71746691096585,3.61232565486022,1,41.16
2024-01-30 23:00:00,3.78985537145394,3.6308038454939,1,44.25
2024-01-31,3.89446984618056,3.4977315248797,1,49.13
2024-01-31 01:00:00,3.93084475966873,3.46220156569412,1,50.95
2024-01-31 02:00:00,3.97855952922839,3.36521117908661,1,53.44
2024-01-31 03:00:00,4.1217975890034,3.35069099993458,1,61.67
2024-01-31 04:00:00,4.15763230145802,3.47543136769169,1,63.92
2024-01-31 05:00:00,4.31079912538551,3.48149174298713,1,74.5
2024-01-31 06:00:00,4.36029214252788,3.46989778427032,1,78.28
2024-01-31 07:00:00,4.31615389052317,3.53797930174342,1,74.9
2024-01-31 08:00:00,4.29606016612269,3.56327649693024,1,73.41
2024-01-31 09:00:00,4.17099691374318,3.57804958783466,1,64.78
2024-01-31 10:00:00,4.04760229966997,3.4241444690174,1,57.26
2024-01-31 11:00:00,4.0842942263686,3.07986461219579,1,59.4
2024-01-31 12:00:00,4.3391191336626,3.38724317482793,1,76.64
2024-01-31 13:00:00,4.24592050167689,3.47993313367561,1,69.82
2024-01-31 14:00:00,4.1601323027601,3.54644250711955,1,64.08
2024-01-31 15:00:00,4.12552017969055,3.44930943959644,1,61.9
2024-01-31 16:00:00,4.2780540442909,3.51420446814724,1,72.1
2024-01-31 17:00:00,4.24405683545043,3.76879521579655,1,69.69
2024-01-31 18:00:00,4.28220629939167,3.70934866107485,1,72.4
2024-01-31 19:00:00,4.42376820625352,3.8238514879535,1,83.41
2024-01-31 20:00:00,4.38464819537883,3.64203940443643,1,80.21
2024-01-31 21:00:00,4.49947628142903,3.6221571452732,1,89.97
2024-01-31 22:00:00,4.33742145124376,3.54712440726258,1,76.51
2024-01-31 23:00:00,4.03140476244823,3.43815377986398,1,56.34
2024-02-01,3.96461545554732,3.03099099495756,1,52.7
2024-02-01 01:00:00,3.87286629022695,3.13815402911791,1,48.08
2024-02-01 02:00:00,3.6122683517421,3.02250299682352,1,37.05
2024-02-01 03:00:00,3.51868407711782,2.97493186625082,1,33.74
2024-02-01 04:00:00,3.46667296362107,2.95395230335796,1,32.03
2024-02-01 05:00:00,3.55905546627774,3.16822964576842,1,35.13
2024-02-01 06:00:00,3.62886402170395,3.18441771223708,1,37.67
2024-02-01 07:00:00,3.52636052461616,3.24842826078271,1,34
2024-02-01 08:00:00,2.86903462050803,3.26565738092875,1,17.62
2024-02-01 09:00:00,2.15059873599616,2.8273428380469,1,8.59
2024-02-01 10:00:00,1.65057985576528,3.07017143534652,1,5.21
2024-02-01 11:00:00,0.792992515529661,2.68062903126838,1,2.21
2024-02-01 12:00:00,0.900161349944271,2.36789640567963,1,2.46
2024-02-01 13:00:00,1.04731899428056,2.2757436708731,1,2.85
2024-02-01 14:00:00,1.3609765531356,2.07847040423012,1,3.9
2024-02-01 15:00:00,1.55603713570699,2.11445069183622,1,4.74
2024-02-01 16:00:00,1.57277392806251,2.39581281351356,1,4.82
2024-02-01 17:00:00,1.51732262352629,2.40038098375456,1,4.56
2024-02-01 18:00:00,1.41098697371026,2.49811835851074,1,4.1
2024-02-01 19:00:00,1.65632149833295,2.46973269425325,1,5.24
2024-02-01 20:00:00,2.08567209143047,2.53986195436096,1,8.05
2024-02-01 21:00:00,2.00955541421567,2.54050030443998,1,7.46
2024-02-01 22:00:00,2.03077636969855,2.19452154633221,1,7.62
2024-02-01 23:00:00,2.03861954715958,2.19925683033811,1,7.68
2024-02-02,2.13653050866396,2.26068859721279,1,8.47
2024-02-02 01:00:00,2.15059873599616,2.19883138289063,1,8.59
2024-02-02 02:00:00,2.16791018966744,2.01700000275563,1,8.74
2024-02-02 03:00:00,2.09556092355972,1.99986410424207,1,8.13
2024-02-02 04:00:00,2.34660197841082,1.77084050883746,1,10.45
2024-02-02 05:00:00,2.37117788445966,1.7133990170028,1,10.71
2024-02-02 06:00:00,2.63188884013665,2.35517636187556,1,13.9
2024-02-02 07:00:00,2.33505228313155,2.37478607598786,1,10.33
2024-02-02 08:00:00,2.3869262414278,2.58485707258211,1,10.88
2024-02-02 09:00:00,2.55489902160804,2.56076413510034,1,12.87
2024-02-02 10:00:00,2.43185742869818,2.2615590158067,1,11.38
2024-02-02 11:00:00,2.18829594659192,2.14447828391597,1,8.92
2024-02-02 12:00:00,2.30956070673047,2.24629388913149,1,10.07
2024-02-02 13:00:00,2.07944154167984,2.00971974347447,1,8
2024-02-02 14:00:00,1.65057985576528,2.25725020143205,1,5.21
2024-02-02 15:00:00,1.82616089594539,1.8386726894833,1,6.21
2024-02-02 16:00:00,1.93152141160321,1.91730378040944,1,6.9
2024-02-02 17:00:00,1.88858365386359,2.07639650766587,1,6.61
2024-02-02 18:00:00,1.97685495290473,2.14490324969992,1,7.22
2024-02-02 19:00:00,1.96711235670592,1.78065701143459,1,7.15
2024-02-02 20:00:00,1.91985947185537,2.02280469260716,1,6.82
2024-02-02 21:00:00,1.78339121955754,1.97429783729894,1,5.95
2024-02-02 22:00:00,1.7404661748405,1.79251062001795,1,5.7
2024-02-02 23:00:00,1.74745921033147,1.27471493829929,1,5.74
2024-02-03,1.92278773163446,1.34320329284498,1,6.84
2024-02-03 01:00:00,1.93152141160321,1.50659759566387,1,6.9
2024-02-03 02:00:00,1.78674692740451,1.66520961236065,1,5.97
2024-02-03 03:00:00,1.6094379124341,1.29751962564833,1,5
2024-02-03 04:00:00,1.3787660946991,1.50218143966974,1,3.97
2024-02-03 05:00:00,1.08856195281461,1.59714553893734,1,2.97
2024-02-03 06:00:00,0.8754687373539,1.79739839242847,1,2.4
2024-02-03 07:00:00,0.828551817566148,1.65612885099303,1,2.29
2024-02-03 08:00:00,0.916290731874155,2.08158406962171,1,2.5
2024-02-03 09:00:00,0.845868267577609,2.0637221241908,1,2.33
2024-02-03 10:00:00,1.41585316336144,2.08810968153474,1,4.12
2024-02-03 11:00:00,1.81807677754543,2.09017985214117,1,6.16
2024-02-03 12:00:00,1.05779029414785,2.24447556469164,1,2.88
2024-02-03 13:00:00,1.22671229129543,2.34628270810432,1,3.41
2024-02-03 14:00:00,1.78674692740451,2.13709253381872,1,5.97
2024-02-03 15:00:00,1.93441576962958,2.37419324164938,1,6.92
2024-02-03 16:00:00,1.53686721959926,2.6123715959365,1,4.65
2024-02-03 17:00:00,2.20276475771183,2.46597319602831,1,9.05
2024-02-03 18:00:00,2.07568449280212,2.69164408992516,1,7.97
2024-02-03 19:00:00,1.76985463384001,2.5488570414601,1,5.87
2024-02-03 20:00:00,1.67709656090792,2.64811883623419,1,5.35
2024-02-03 21:00:00,2.67621547758219,2.80618301027636,1,14.53
2024-02-03 22:00:00,1.37371557891303,2.5098530536925,1,3.95
2024-02-03 23:00:00,2.45444744230329,2.25586156293297,1,11.64
2024-02-04,0.470003629245736,2.23082073138108,1,1.6
2024-02-04 01:00:00,-0.116533816255952,1.75276805309059,1,0.89
2024-02-04 02:00:00,-0.544727175441672,1.6806415384129,1,0.58
2024-02-04 03:00:00,0.231111720963387,1.6575312780032,1,1.26
2024-02-04 04:00:00,0.494696241836107,1.96474075878458,1,1.64
2024-02-04 05:00:00,0.307484699747961,1.79316756391882,1,1.36
2024-02-04 06:00:00,0.0769610411361284,1.86391059819295,1,1.08
2024-02-04 07:00:00,0.0953101798043249,2.05854919006029,1,1.1
2024-02-04 08:00:00,-0.544727175441672,2.08794924793436,1,0.58
2024-02-04 09:00:00,-0.0304592074847086,1.77014603098808,1,0.97
2024-02-04 10:00:00,0.2390169004705,2.08722538684208,1,1.27
2024-02-04 11:00:00,0.488580014818671,2.0923979165643,1,1.63
2024-02-04 12:00:00,1.02245092770255,2.05076798767066,1,2.78
2024-02-04 13:00:00,0.451075619360217,1.92753321634376,1,1.57
2024-02-04 14:00:00,0.582215619852664,2.23877271832842,1,1.79
2024-02-04 15:00:00,0.900161349944271,2.5824737443483,1,2.46
2024-02-04 16:00:00,0.732367893713227,2.45496798176721,1,2.08
2024-02-04 17:00:00,0.451075619360217,2.12359404638988,1,1.57
2024-02-04 18:00:00,1.29746314741327,2.52641974817153,1,3.66
2024-02-04 19:00:00,1.7227665977411,1.98461956695667,1,5.6
2024-02-04 20:00:00,2.04381436403668,2.73901928337322,1,7.72
2024-02-04 21:00:00,1.45395300959371,2.55218241977444,1,4.28
2024-02-04 22:00:00,0.86288995514704,2.41722833802363,1,2.37
2024-02-04 23:00:00,-0.105360515657826,2.33857381430604,1,0.9
2024-02-05,0.792992515529661,2.04075970488062,1,2.21
2024-02-05 01:00:00,0.598836501088704,1.59992481497314,1,1.82
2024-02-05 02:00:00,-0.162518929497775,1.39955115616746,1,0.85
2024-02-05 03:00:00,0.165514438477573,1.3569650717157,1,1.18
2024-02-05 04:00:00,-0.301105092783922,1.40865948255568,1,0.74
2024-02-05 05:00:00,-1.02165124753198,1.36392637832264,1,0.36
2024-02-05 06:00:00,-0.82098055206983,1.49425909257457,1,0.44
2024-02-05 07:00:00,0.336472236621213,1.4307085105724,1,1.4
2024-02-05 08:00:00,0.65232518603969,1.54830823798578,1,1.92
2024-02-05 09:00:00,1.28093384546206,1.52111598338757,1,3.6
2024-02-05 10:00:00,1.62531126159039,1.41197854882174,1,5.08
2024-02-05 11:00:00,1.84054963339749,1.07644852516152,1,6.3
2024-02-05 12:00:00,1.87180217690159,1.02525121839469,1,6.5
2024-02-05 13:00:00,1.92424865227413,0.939009127014415,1,6.85
2024-02-05 14:00:00,2.11142458753289,1.24507623931557,1,8.26
2024-02-05 15:00:00,2.18267479632149,1.54239975022853,1,8.87
2024-02-05 16:00:00,2.17361471169709,1.43731158598315,1,8.79
2024-02-05 17:00:00,1.89911798754855,1.46893714772225,1,6.68
2024-02-05 18:00:00,2.1150499691472,1.67713312991113,1,8.29
2024-02-05 19:00:00,2.02814824729229,1.81140888899651,1,7.6
2024-02-05 20:00:00,2.03992078351755,1.66225139551048,1,7.69
2024-02-05 21:00:00,2.03470564783844,1.44308545839655,1,7.65
2024-02-05 22:00:00,2.27315628230323,1.63284834258645,1,9.71
2024-02-05 23:00:00,2.72523502585631,1.55664569280414,1,15.26
2024-02-06,2.35991015961332,1.51950206418008,1,10.59
2024-02-06 01:00:00,2.11745960886736,2.58606646487337,1,8.31
2024-02-06 02:00:00,2.24495598015741,2.47346132002878,1,9.44
2024-02-06 03:00:00,2.30757263450508,2.17887769385561,1,10.05
2024-02-06 04:00:00,2.28136145654242,1.85641563438613,1,9.79
2024-02-06 05:00:00,2.31550131826059,1.81148093279595,1,10.13
2024-02-06 06:00:00,2.33601986908028,1.49048267619882,1,10.34
2024-02-06 07:00:00,2.16561923792089,1.58684832633789,1,8.72
2024-02-06 08:00:00,1.82616089594539,1.57779282607641,1,6.21
2024-02-06 09:00:00,1.39376637595859,1.54176392560709,1,4.03
2024-02-06 10:00:00,1.43031124653666,1.43912020229833,1,4.18
2024-02-06 11:00:00,1.41098697371026,1.5879745840967,1,4.1
2024-02-06 12:00:00,1.27536280041261,1.88844799041784,1,3.58
2024-02-06 13:00:00,1.04027671165515,1.58317926462599,1,2.83
2024-02-06 14:00:00,1.46093790411566,2.15254605671821,1,4.31
2024-02-06 15:00:00,1.28647402583768,1.97889358143965,1,3.62
2024-02-06 16:00:00,1.29746314741327,1.91810933885075,1,3.66
2024-02-06 17:00:00,1.34286480319255,1.58599952154646,1,3.83
2024-02-06 18:00:00,1.90508815453506,1.7580713476856,1,6.72
2024-02-06 19:00:00,1.76985463384001,1.35329625331637,1,5.87
2024-02-06 20:00:00,1.65441127807683,1.1461583654644,1,5.23
2024-02-06 21:00:00,1.80500469597808,1.00823079811635,1,6.08
2024-02-06 22:00:00,1.34025042261848,1.10588200036367,1,3.82
2024-02-06 23:00:00,1.52388002407245,1.40124061348011,1,4.59
2024-02-07,1.89761985992753,1.56211515112391,1,6.67
2024-02-07 01:00:00,1.89911798754855,1.47396623061626,1,6.68
2024-02-07 02:00:00,1.52822785700856,1.26063249509122,1,4.61
2024-02-07 03:00:00,1.45861502269952,1.27785701487969,1,4.3
2024-02-07 04:00:00,1.63899671467564,0.690685854831433,1,5.15
2024-02-07 05:00:00,1.68639895357023,0.625245887802484,1,5.4
2024-02-07 06:00:00,1.56653041142282,0.812042734927806,1,4.79
2024-02-07 07:00:00,1.7404661748405,0.888377918838546,1,5.7
2024-02-07 08:00:00,1.80500469597808,1.42084232100488,1,6.08
2024-02-07 09:00:00,1.6094379124341,1.39474244204503,1,5
2024-02-07 10:00:00,1.42310833424261,1.36709602819563,1,4.15
2024-02-07 11:00:00,0.717839793150317,1.78473187942376,1,2.05
2024-02-07 12:00:00,0.512823626428664,2.45262903184988,1,1.67
2024-02-07 13:00:00,0.0769610411361284,2.78436563872619,1,1.08
2024-02-07 14:00:00,0.307484699747961,2.49045047852623,1,1.36
2024-02-07 15:00:00,0.548121408509688,2.7717350203863,1,1.73
2024-02-07 16:00:00,1.19088756477728,2.6718556867739,1,3.29
2024-02-07 17:00:00,1.09861228866811,2.53144003895244,1,3
2024-02-07 18:00:00,0.970778917158225,2.73567449419751,1,2.64
2024-02-07 19:00:00,1.66392609771817,2.91028185228123,1,5.28
2024-02-07 20:00:00,2.15640258281596,2.55843255488716,1,8.64
2024-02-07 21:00:00,1.68639895357023,2.57110067321249,1,5.4
2024-02-07 22:00:00,1.61938824328727,2.9078888381891,1,5.05
2024-02-07 23:00:00,2.04381436403668,3.02000457765645,1,7.72
2024-02-08,1.95018670582257,3.1245271274882,1,7.03
2024-02-08 01:00:00,2.03077636969855,3.01670742525259,1,7.62
2024-02-08 02:00:00,1.36609165380237,2.99879441767244,1,3.92
2024-02-08 03:00:00,1.33500106673234,3.03528175144791,1,3.8
2024-02-08 04:00:00,1.55180879959746,3.15795776341346,1,4.72
2024-02-08 05:00:00,2.14124194258528,2.9920802803545,1,8.51
2024-02-08 06:00:00,2.56725439113675,2.89083929161678,1,13.03
2024-02-08 07:00:00,2.70805020110221,3.22659890949806,1,15
2024-02-08 08:00:00,2.24601474150565,3.0520667860506,1,9.45
2024-02-08 09:00:00,2.20276475771183,3.31301303080943,1,9.05
2024-02-08 10:00:00,2.19165353228676,3.41567869729991,1,8.95
2024-02-08 11:00:00,2.28442112236637,3.36829699941361,1,9.82
2024-02-08 12:00:00,1.55603713570699,3.14030148296428,1,4.74
2024-02-08 13:00:00,1.39376637595859,3.2682769649439,1,4.03
2024-02-08 14:00:00,1.66392609771817,3.23825965597214,1,5.28
2024-02-08 15:00:00,2.35422832614588,3.39348100532032,1,10.53
2024-02-08 16:00:00,2.68784749378469,2.74581222684156,1,14.7
2024-02-08 17:00:00,2.23964529322017,2.66062255546119,1,9.39
2024-02-08 18:00:00,2.42921774392741,3.25998653844899,1,11.35
2024-02-08 19:00:00,2.52652832447882,3.30328855219824,1,12.51
2024-02-08 20:00:00,2.67690347210537,3.34830294345286,1,14.54
2024-02-08 21:00:00,2.74983173511717,3.27048082847049,1,15.64
2024-02-08 22:00:00,2.80336038090653,3.28439439119864,1,16.5
2024-02-08 23:00:00,2.7408400239252,3.19083910514736,1,15.5
2024-02-09,2.88591740754678,3.22342295460028,1,17.92
2024-02-09 01:00:00,3.07454345397828,3.09320422146468,1,21.64
2024-02-09 02:00:00,3.20274644293832,2.94353115748534,1,24.6
2024-02-09 03:00:00,3.4836986031739,2.9207129770355,1,32.58
2024-02-09 04:00:00,3.49347265777133,2.92880790974805,1,32.9
2024-02-09 05:00:00,3.52193899935828,2.99612117054435,1,33.85
2024-02-09 06:00:00,3.48645722561298,2.97836191371961,1,32.67
2024-02-09 07:00:00,3.41147769106971,3.05405799844476,1,30.31
2024-02-09 08:00:00,3.5034530823665,3.24339950106806,1,33.23
2024-02-09 09:00:00,3.43301899398511,3.15674550904425,1,30.97
2024-02-09 10:00:00,3.54932998916385,3.1475816553273,1,34.79
2024-02-09 11:00:00,3.60059453924636,3.37016358116065,1,36.62
2024-02-09 12:00:00,3.60004824040732,3.2868501150738,1,36.6
2024-02-09 13:00:00,3.58767694860477,3.39712082181085,1,36.15
2024-02-09 14:00:00,3.57990129154419,2.97107801234908,1,35.87
2024-02-09 15:00:00,3.75279277985759,2.99987526475803,1,42.64
2024-02-09 16:00:00,3.69511000386457,3.2132576901237,1,40.25
2024-02-09 17:00:00,3.93749580140118,3.08584050714129,1,51.29
2024-02-09 18:00:00,3.56812325297814,2.86816607370945,1,35.45
2024-02-09 19:00:00,3.88135759111726,3.37084544947642,1,48.49
2024-02-09 20:00:00,3.99046443173471,3.32961890125249,1,54.08
2024-02-09 21:00:00,3.70130197411249,3.06239666410872,1,40.5
2024-02-09 22:00:00,3.89792408104864,2.99929244042842,1,49.3
2024-02-09 23:00:00,4.08916450218056,3.0843837917931,1,59.69
2024-02-10,4.08832648989654,2.53219425116716,1,59.64
2024-02-10 01:00:00,3.87908650518188,2.67860548381094,1,48.38
2024-02-10 02:00:00,3.97180020946401,2.97403019324769,1,53.08
2024-02-10 03:00:00,3.89934295227077,2.81713745237526,1,49.37
2024-02-10 04:00:00,4.09100566095659,2.95076379289515,1,59.8
2024-02-10 05:00:00,4.27207225000583,2.91244599960087,1,71.67
2024-02-10 06:00:00,3.94119338272793,2.97122529611225,1,51.48
2024-02-10 07:00:00,3.68436929863605,2.94829544643379,1,39.82
2024-02-10 08:00:00,3.77620328228561,3.17550256262303,1,43.65
2024-02-10 09:00:00,3.51184390174922,3.10604838778113,1,33.51
2024-02-10 10:00:00,3.15273602236366,2.90381678214312,1,23.4
2024-02-10 11:00:00,3.12982600803469,2.64114768514812,1,22.87
2024-02-10 12:00:00,2.94021956362373,2.76310474319033,1,18.92
2024-02-10 13:00:00,2.79606107842492,2.86040233448821,1,16.38
2024-02-10 14:00:00,2.78377591163035,2.77385025531727,1,16.18
2024-02-10 15:00:00,2.72523502585631,2.85332383609195,1,15.26
2024-02-10 16:00:00,2.81720351499873,2.70546227964615,1,16.73
2024-02-10 17:00:00,3.03591406318682,2.44525719336038,1,20.82
2024-02-10 18:00:00,3.27070897350822,2.94660477103556,1,26.33
2024-02-10 19:00:00,3.39952932456146,2.90194128551045,1,29.95
2024-02-10 20:00:00,3.26116873705845,2.95344746330244,1,26.08
2024-02-10 21:00:00,3.2188758248682,2.98445824226466,1,25
2024-02-10 22:00:00,3.1904763503465,2.8911398493941,1,24.3
2024-02-10 23:00:00,2.88032142204266,2.68892906543354,1,17.82
2024-02-11,3.02091257208429,2.97936933136324,1,20.51
2024-02-11 01:00:00,2.94285878394692,2.83440369476124,1,18.97
2024-02-11 02:00:00,3.14069804380418,2.73488715933998,1,23.12
2024-02-11 03:00:00,2.85991255041146,2.78063662785117,1,17.46
2024-02-11 04:00:00,3.40618492317319,2.82199476500289,1,30.15
2024-02-11 05:00:00,3.16926532431487,2.77812993534292,1,23.79
2024-02-11 06:00:00,2.88926002904347,2.40167305166968,1,17.98
2024-02-11 07:00:00,3.02188723103084,2.95455213329649,1,20.53
2024-02-11 08:00:00,2.98315349134713,3.16462816571548,1,19.75
2024-02-11 09:00:00,3.08876713952118,3.23344225943443,1,21.95
2024-02-11 10:00:00,3.16209381076922,3.07916826124757,1,23.62
2024-02-11 11:00:00,3.02188723103084,2.55536863672441,1,20.53
2024-02-11 12:00:00,3.00914196046391,2.79579012041062,1,20.27
2024-02-11 13:00:00,3.3467411958661,2.87389664733776,1,28.41
2024-02-11 14:00:00,3.20761263258949,2.81950612774892,1,24.72
2024-02-11 15:00:00,3.05541527571516,2.92448639080692,1,21.23
2024-02-11 16:00:00,1.89911798754855,2.34885601942143,1,6.68
2024-02-11 17:00:00,1.45395300959371,2.32355450789885,1,4.28
2024-02-11 18:00:00,1.31908561142644,2.56011820508947,1,3.74
2024-02-11 19:00:00,1.33236601909433,2.53029839123964,1,3.79
2024-02-11 20:00:00,1.5993875765806,2.74992450536744,1,4.95
2024-02-11 21:00:00,1.20597080698861,3.03494500337137,1,3.34
2024-02-11 22:00:00,1.52169899812609,2.86720285119919,1,4.58
2024-02-11 23:00:00,1.18784342239605,2.84606666848483,1,3.28
2024-02-12,0.982078472412158,2.83437530772097,1,2.67
2024-02-12 01:00:00,1.35840915763035,2.70169959663362,1,3.89
2024-02-12 02:00:00,1.5993875765806,2.85452267757791,1,4.95
2024-02-12 03:00:00,1.49065437644413,2.65377457131869,1,4.44
2024-02-12 04:00:00,1.61541998411165,2.68514582166763,1,5.03
2024-02-12 05:00:00,1.26976054486394,2.6003659829321,1,3.56
2024-02-12 06:00:00,1.28093384546206,2.66312171744992,1,3.6
2024-02-12 07:00:00,1.19694818938897,2.83447135844358,1,3.31
2024-02-12 08:00:00,1.96711235670592,2.69672493237143,1,7.15
2024-02-12 09:00:00,1.10856261952128,2.28132598577979,1,3.03
2024-02-12 10:00:00,1.42310833424261,2.20014895439441,1,4.15
2024-02-12 11:00:00,2.11384296839717,2.43192887617503,1,8.28
2024-02-12 12:00:00,1.47704872438835,2.51254821543975,1,4.38
2024-02-12 13:00:00,0.845868267577609,2.49772535803108,1,2.33
2024-02-12 14:00:00,0.609765571620894,2.38222518807618,1,1.84
2024-02-12 15:00:00,0.524728528934982,2.68319671517375,1,1.69
2024-02-12 16:00:00,1.50407739677627,3.13006302232481,1,4.5
2024-02-12 17:00:00,2.08567209143047,2.76876185132063,1,8.05
2024-02-12 18:00:00,2.65394594210901,2.97104057959219,1,14.21
2024-02-12 19:00:00,1.83736998048011,2.87391581304014,1,6.28
2024-02-12 20:00:00,2.52652832447882,2.91028737598245,1,12.51
2024-02-12 21:00:00,3.52783003259552,3.16538954261295,1,34.05
2024-02-12 22:00:00,3.25501487148407,2.89823090736687,1,25.92
2024-02-12 23:00:00,2.87469394517693,2.77492812628672,1,17.72
2024-02-13,2.80880010420235,3.15823063208199,1,16.59
2024-02-13 01:00:00,1.94591014905531,2.19284237025988,1,7
2024-02-13 02:00:00,2.07317192866624,2.72004437720227,1,7.95
2024-02-13 03:00:00,3.15059698411491,2.9024801125368,1,23.35
2024-02-13 04:00:00,2.07944154167984,2.30763869568746,1,8
2024-02-13 05:00:00,1.30019166206648,2.06511487302592,1,3.67
2024-02-13 06:00:00,1.30562645805244,2.41116817153109,1,3.69
2024-02-13 07:00:00,1.83258146374831,2.48359212721473,1,6.25
2024-02-13 08:00:00,1.86717610851281,2.44956384857596,1,6.47
2024-02-13 09:00:00,1.18784342239605,2.39630024779812,1,3.28
2024-02-13 10:00:00,1.37371557891303,2.23795275969683,1,3.95
2024-02-13 11:00:00,1.62531126159039,2.03092746465312,1,5.08
2024-02-13 12:00:00,1.74745921033147,2.24097004964768,1,5.74
2024-02-13 13:00:00,1.49738840862548,1.98020347919955,1,4.47
2024-02-13 14:00:00,1.87333945622048,1.95372434194284,1,6.51
2024-02-13 15:00:00,1.83258146374831,2.11480449822069,1,6.25
2024-02-13 16:00:00,2.5687881337687,2.41432432633205,1,13.05
2024-02-13 17:00:00,2.55955019278377,2.63490509510624,1,12.93
2024-02-13 18:00:00,2.91831112658541,3.05160825568951,1,18.51
2024-02-13 19:00:00,2.45873377548398,2.88555664170356,1,11.69
2024-02-13 20:00:00,2.494031557565,3.24063496564259,1,12.11
2024-02-13 21:00:00,2.4423470353692,3.29952403995769,1,11.5
2024-02-13 22:00:00,2.94601668130806,3.1784847643999,1,19.03
2024-02-13 23:00:00,3.16758253048065,3.3244588134558,1,23.75
2024-02-14,2.507971922719,3.25990407660982,1,12.28
2024-02-14 01:00:00,2.62611681833952,3.26973490246012,1,13.82
2024-02-14 02:00:00,2.96424160646262,3.04505396968591,1,19.38
2024-02-14 03:00:00,3.22803376265297,3.20704907993564,1,25.23
2024-02-14 04:00:00,3.26728496407589,3.27402991415857,1,26.24
2024-02-14 05:00:00,3.24921102466427,3.34054833518962,1,25.77
2024-02-14 06:00:00,3.2910104226274,3.35964888108473,1,26.87
2024-02-14 07:00:00,3.46636070756857,3.41334649622447,1,32.02
2024-02-14 08:00:00,3.60875340963465,3.46614801548517,1,36.92
2024-02-14 09:00:00,3.4493524235492,3.19891969833826,1,31.48
2024-02-14 10:00:00,2.86846692250811,2.84910943547507,1,17.61
2024-02-14 11:00:00,2.45272775142377,2.62316864448656,1,11.62
2024-02-14 12:00:00,2.35422832614588,2.61190364984577,1,10.53
2024-02-14 13:00:00,2.53765721517353,2.783374368701,1,12.65
2024-02-14 14:00:00,2.27418561847235,2.66188128341504,1,9.72
2024-02-14 15:00:00,1.7404661748405,2.62413980167702,1,5.7
2024-02-14 16:00:00,1.71379792775834,2.66435192047916,1,5.55
2024-02-14 17:00:00,1.90210752639692,2.66419615390972,1,6.7
2024-02-14 18:00:00,2.06939120582633,2.84754021722253,1,7.92
2024-02-14 19:00:00,2.02022218201986,2.77315586885377,1,7.54
2024-02-14 20:00:00,2.11986345617875,3.11132316428513,1,8.33
2024-02-14 21:00:00,2.08318452795867,3.16910419688881,1,8.03
2024-02-14 22:00:00,1.99061032797322,3.20150746257847,1,7.32
2024-02-14 23:00:00,2.06686275947298,3.19073810100243,1,7.9
2024-02-15,2.88200350822565,3.01635701954192,1,17.85
2024-02-15 01:00:00,3.19540246868256,3.08636571934744,1,24.42
2024-02-15 02:00:00,3.20315286440296,3.23300844813515,1,24.61
2024-02-15 03:00:00,3.39517930933659,3.22233732138731,1,29.82
2024-02-15 04:00:00,3.48000856208645,3.19562832716387,1,32.46
2024-02-15 05:00:00,3.45852244828142,3.19699441523799,1,31.77
2024-02-15 06:00:00,3.37451111639965,3.19122824742481,1,29.21
2024-02-15 07:00:00,3.41279651750551,3.27902373146772,1,30.35
2024-02-15 08:00:00,3.5019472847623,3.47334772748758,1,33.18
2024-02-15 09:00:00,3.64571095871256,3.26857459444743,1,38.31
2024-02-15 10:00:00,3.36106959057138,3.1737809818755,1,28.82
2024-02-15 11:00:00,3.34286180464919,3.02001881169688,1,28.3
2024-02-15 12:00:00,2.97501923195645,2.89417401960004,1,19.59
2024-02-15 13:00:00,2.71997877196748,3.01423452435851,1,15.18
2024-02-15 14:00:00,2.80517691183293,2.74826229143758,1,16.53
2024-02-15 15:00:00,2.97297528643137,3.02633230663369,1,19.55
2024-02-15 16:00:00,3.12412548832239,3.07343707726504,1,22.74
2024-02-15 17:00:00,3.28278915061185,3.35279409031771,1,26.65
2024-02-15 18:00:00,3.49408037580887,3.54167817786265,1,32.92
2024-02-15 19:00:00,3.62540703115836,3.52507391018482,1,37.54
2024-02-15 20:00:00,3.80599560078262,3.43344645240965,1,44.97
2024-02-15 21:00:00,3.59043938130068,3.38069859847973,1,36.25
2024-02-15 22:00:00,3.5019472847623,3.33161746493988,1,33.18
2024-02-15 23:00:00,3.51571583510475,3.14593268627812,1,33.64
2024-02-16,3.62673805757609,3.18803254230111,1,37.59
2024-02-16 01:00:00,3.67046086858992,3.24366755102254,1,39.27
2024-02-16 02:00:00,3.63336674418368,3.13197546546045,1,37.84
2024-02-16 03:00:00,3.68462039719355,3.19248286511398,1,39.83
2024-02-16 04:00:00,3.56699426612381,3.10688744481709,1,35.41
2024-02-16 05:00:00,3.61979729292649,3.00178870307043,1,37.33
2024-02-16 06:00:00,3.69907727909038,3.10993769832693,1,40.41
2024-02-16 07:00:00,3.47444784340175,2.91621388444211,1,32.28
2024-02-16 08:00:00,3.41772668361337,3.05688616395321,1,30.5
2024-02-16 09:00:00,3.1646308100158,2.38779256890385,1,23.68
2024-02-16 10:00:00,3.09557760852371,2.67049210657893,1,22.1
2024-02-16 11:00:00,3.25501487148407,2.89355348184445,1,25.92
2024-02-16 12:00:00,3.50645789231965,2.99774882062017,1,33.33
2024-02-16 13:00:00,3.55162686068756,3.13062747565676,1,34.87
2024-02-16 14:00:00,3.47506723022861,3.22264247874413,1,32.3
2024-02-16 15:00:00,3.45600117370283,3.03862805871427,1,31.69
2024-02-16 16:00:00,3.47599559173734,3.12819122582719,1,32.33
2024-02-16 17:00:00,3.56812325297814,3.38379082308387,1,35.45
2024-02-16 18:00:00,3.63230910262554,3.54441620586341,1,37.8
2024-02-16 19:00:00,3.83686833182739,3.40457994579689,1,46.38
2024-02-16 20:00:00,3.69212418427883,3.18344376035973,1,40.13
2024-02-16 21:00:00,3.73838364901703,3.13040418737648,1,42.03
2024-02-16 22:00:00,3.59594145845467,3.28777933639455,1,36.45
2024-02-16 23:00:00,3.6235406128056,3.3434105539208,1,37.47
2024-02-17,3.7605021977869,3.33792156345325,1,42.97
2024-02-17 01:00:00,3.88650004819706,2.93887853084375,1,48.74
2024-02-17 02:00:00,3.79728532795772,2.72054156085024,1,44.58
2024-02-17 03:00:00,3.84844402378527,2.93674445682174,1,46.92
2024-02-17 04:00:00,3.79436496195991,3.04149527263239,1,44.45
2024-02-17 05:00:00,3.72665681844797,2.78583689686081,1,41.54
2024-02-17 06:00:00,3.70475280327023,3.23073566462761,1,40.64
2024-02-17 07:00:00,3.68235823712367,3.19727476553643,1,39.74
2024-02-17 08:00:00,3.50013732951706,3.28402668389836,1,33.12
2024-02-17 09:00:00,2.43185742869818,3.0444151867572,1,11.38
2024-02-17 10:00:00,1.97129938306013,2.67253700603911,1,7.18
2024-02-17 11:00:00,1.18784342239605,2.05229111591689,1,3.28
2024-02-17 12:00:00,1.09192330051731,1.79285382246102,1,2.98
2024-02-17 13:00:00,0.985816794522765,2.17011243254935,1,2.68
2024-02-17 14:00:00,1.36609165380237,2.54179610335278,1,3.92
2024-02-17 15:00:00,1.78674692740451,2.82415638147151,1,5.97
2024-02-17 16:00:00,2.12226153886276,2.89549720513606,1,8.35
2024-02-17 17:00:00,2.12704052047911,2.8918789580891,1,8.39
2024-02-17 18:00:00,2.2213750375685,3.20268660882175,1,9.22
2024-02-17 19:00:00,2.38416507998647,3.21865313194137,1,10.85
2024-02-17 20:00:00,2.32336763217657,2.80538851363132,1,10.21
2024-02-17 21:00:00,2.42568729012803,3.18294874856951,1,11.31
2024-02-17 22:00:00,2.74534598584591,3.1312211154938,1,15.57
2024-02-17 23:00:00,2.74791173452734,3.21326542613858,1,15.61
2024-02-18,2.82435065679837,3.02511322862879,1,16.85
2024-02-18 01:00:00,2.1938856760707,2.84319097255517,1,8.97
2024-02-18 02:00:00,2.27006190128849,3.17237485386062,1,9.68
2024-02-18 03:00:00,2.17361471169709,2.81507627651644,1,8.79
2024-02-18 04:00:00,2.22462355152433,2.96103430009101,1,9.25
2024-02-18 05:00:00,2.28442112236637,3.13482512788457,1,9.82
2024-02-18 06:00:00,2.45272775142377,3.37978573179821,1,11.62
2024-02-18 07:00:00,2.60712428251225,3.48796590997214,1,13.56
2024-02-18 08:00:00,2.79116510781272,3.29138977016595,1,16.3
2024-02-18 09:00:00,2.70805020110221,3.10340473196747,1,15
2024-02-18 10:00:00,2.63404478779171,2.9000377255278,1,13.93
2024-02-18 11:00:00,2.91777073208428,2.573532738062,1,18.5
2024-02-18 12:00:00,2.46809953147162,2.7985969657212,1,11.8
2024-02-18 13:00:00,2.39789527279837,2.71833386254399,1,11
2024-02-18 14:00:00,2.23857976301813,2.38480672619088,1,9.38
2024-02-18 15:00:00,2.6203112867942,2.64206719422655,1,13.74
2024-02-18 16:00:00,2.6159349121944,2.47623762205119,1,13.68
2024-02-18 17:00:00,2.80032547721138,1.86435699012035,1,16.45
2024-02-18 18:00:00,2.94180393152844,2.10281917358678,1,18.95
2024-02-18 19:00:00,2.77071196222692,2.41407965203484,1,15.97
2024-02-18 20:00:00,3.17387845893747,2.49716472761028,1,23.9
2024-02-18 21:00:00,3.33967652501391,3.17125951180835,1,28.21
2024-02-18 22:00:00,2.86789890204411,2.91890248631852,1,17.6
2024-02-18 23:00:00,1.94161522477243,2.83488500150665,1,6.97
2024-02-19,2.16561923792089,2.81711268195279,1,8.72
2024-02-19 01:00:00,2.23857976301813,2.41675940620477,1,9.38
2024-02-19 02:00:00,1.87946504964716,2.09541968484634,1,6.55
2024-02-19 03:00:00,2.2554934854602,1.84380007593785,1,9.54
2024-02-19 04:00:00,0.779324876800998,1.77088606651331,1,2.18
2024-02-19 05:00:00,0.970778917158225,2.08452501037823,1,2.64
2024-02-19 06:00:00,-0.162518929497775,1.99819520678503,1,0.85
2024-02-19 07:00:00,-0.941608539858445,2.24150310917949,1,0.39
2024-02-19 08:00:00,-0.7339691750802,2.14968429395329,1,0.48
2024-02-19 09:00:00,-0.891598119283784,1.68704891460043,1,0.41
2024-02-19 10:00:00,-0.0202027073175195,1.40351694719334,1,0.98
2024-02-19 11:00:00,0.231111720963387,1.5517548092583,1,1.26
2024-02-19 12:00:00,-0.693147180559945,1.23079081560911,1,0.5
2024-02-19 13:00:00,-0.162518929497775,1.28871850682201,1,0.85
2024-02-19 14:00:00,-0.446287102628419,1.44072939725881,1,0.64
2024-02-19 15:00:00,-0.105360515657826,1.16421092905016,1,0.9
2024-02-19 16:00:00,0.27763173659828,1.87337564351126,1,1.32
2024-02-19 17:00:00,1.22671229129543,2.69791030696592,1,3.41
2024-02-19 18:00:00,1.91250108692418,2.80908847278271,1,6.77
2024-02-19 19:00:00,2.2554934854602,2.88446528204303,1,9.54
2024-02-19 20:00:00,1.46325540225602,2.42421255952562,1,4.32
2024-02-19 21:00:00,1.28923264827676,2.82079275975919,1,3.63
2024-02-19 22:00:00,1.39376637595859,2.73964080435828,1,4.03
2024-02-19 23:00:00,1.26412672714568,2.64858546421482,1,3.54
2024-02-20,1.1314021114911,2.6976836581742,1,3.1
2024-02-20 01:00:00,1.02604159583327,2.64171470738849,1,2.79
2024-02-20 02:00:00,1.25846098961001,2.4903588507702,1,3.52
2024-02-20 03:00:00,1.45395300959371,2.53006197456752,1,4.28
2024-02-20 04:00:00,1.37371557891303,2.71020529106747,1,3.95
2024-02-20 05:00:00,0.989541193613748,2.62041315386231,1,2.69
2024-02-20 06:00:00,0.732367893713227,2.41516747649106,1,2.08
2024-02-20 07:00:00,1.23547147138531,2.77407366546992,1,3.44
2024-02-20 08:00:00,0.89199803930511,2.52835809279906,1,2.44
2024-02-20 09:00:00,0.412109650826833,2.33843969085974,1,1.51
2024-02-20 10:00:00,0.392042087776024,2.11450059682066,1,1.48
2024-02-20 11:00:00,0.678033542749897,1.92098720812473,1,1.97
2024-02-20 12:00:00,1.09861228866811,2.02318400863918,1,3
2024-02-20 13:00:00,1.41098697371026,1.93801037176858,1,4.1
2024-02-20 14:00:00,1.66013102674962,1.87922662706753,1,5.26
2024-02-20 15:00:00,1.92716410623426,2.38377337909474,1,6.87
2024-02-20 16:00:00,2.04640168760164,2.38474473935785,1,7.74
2024-02-20 17:00:00,2.19165353228676,2.75900897192666,1,8.95
2024-02-20 18:00:00,2.65183252110398,2.77031889016343,1,14.18
2024-02-20 19:00:00,2.44841554120559,2.866136322395,1,11.57
2024-02-20 20:00:00,2.37397508908072,2.59476202657972,1,10.74
2024-02-20 21:00:00,2.37024374146786,2.67392070137701,1,10.7
2024-02-20 22:00:00,2.73760900334375,2.5307831778779,1,15.45
2024-02-20 23:00:00,2.63691217326887,2.56436950340431,1,13.97
2024-02-21,2.27418561847235,2.4515781372198,1,9.72
2024-02-21 01:00:00,2.22028985026722,2.34162310271719,1,9.21
2024-02-21 02:00:00,2.45272775142377,2.45448285538445,1,11.62
2024-02-21 03:00:00,2.29051251175978,2.43251906166371,1,9.88
2024-02-21 04:00:00,2.54866361559075,2.45378600653028,1,12.79
2024-02-21 05:00:00,2.43009841329301,2.42555042375753,1,11.36
2024-02-21 06:00:00,2.54709867004445,2.31918236329793,1,12.77
2024-02-21 07:00:00,2.61006979274201,2.48108900354049,1,13.6
2024-02-21 08:00:00,2.43536620422786,2.34040191649996,1,11.42
2024-02-21 09:00:00,2.31451366385932,2.28442944981434,1,10.12
2024-02-21 10:00:00,2.32042501112238,1.77952036939986,1,10.18
2024-02-21 11:00:00,2.03077636969855,1.69317786713913,1,7.62
2024-02-21 12:00:00,2.07317192866624,1.46185796213037,1,7.95
2024-02-21 13:00:00,1.99061032797322,1.17340490154894,1,7.32
2024-02-21 14:00:00,1.63510565918268,1.45332638689578,1,5.13
2024-02-21 15:00:00,1.46093790411566,1.44739381663957,1,4.31
2024-02-21 16:00:00,1.40609698841607,1.38857256368348,1,4.08
2024-02-21 17:00:00,1.56861591791385,1.72375979786828,1,4.8
2024-02-21 18:00:00,1.64480505627139,2.45560903267723,1,5.18
2024-02-21 19:00:00,2.0188950418118,2.83880790810349,1,7.53
2024-02-21 20:00:00,2.41143949790613,2.99385867542039,1,11.15
2024-02-21 21:00:00,2.10657020906809,2.60893089149218,1,8.22
2024-02-21 22:00:00,2.02154756326093,2.42318473258621,1,7.55
2024-02-21 23:00:00,1.76644166124377,2.36548269980751,1,5.85
2024-02-22,1.6094379124341,2.08852121771261,1,5
2024-02-22 01:00:00,1.43031124653666,1.34180296418971,1,4.18
2024-02-22 02:00:00,1.29198368164865,1.18985284976859,1,3.64
2024-02-22 03:00:00,0.955511445027436,2.02612860760757,1,2.6
2024-02-22 04:00:00,1.01884732019925,1.05456409309879,1,2.77
2024-02-22 05:00:00,0.879626747502564,0.665022860258031,1,2.41
2024-02-22 06:00:00,0.963174317773006,0.894347618240816,1,2.62
2024-02-22 07:00:00,0.797507195884188,1.12234337395147,1,2.22
2024-02-22 08:00:00,1.38629436111989,1.02072468632616,1,4
2024-02-22 09:00:00,2.07568449280212,1.71611210366665,1,7.97
2024-02-22 10:00:00,1.34025042261848,1.73160801176746,1,3.82
2024-02-22 11:00:00,1.62924053973028,2.22336813054442,1,5.1
2024-02-22 12:00:00,2.37397508908072,2.54948138181446,1,10.74
2024-02-22 13:00:00,1.55180879959746,2.69812516628086,1,4.72
2024-02-22 14:00:00,1.29198368164865,1.84449738178729,1,3.64
2024-02-22 15:00:00,1.21787570949493,1.64862143956793,1,3.38
2024-02-22 16:00:00,1.04380405217311,0.920930945482586,1,2.84
2024-02-22 17:00:00,0.924258901523332,0.959883035864842,1,2.52
2024-02-22 18:00:00,1.22671229129543,1.06942231016419,1,3.41
2024-02-22 19:00:00,1.23547147138531,0.594854378272555,1,3.44
2024-02-22 20:00:00,1.44220199305819,0.577269979272607,1,4.23
2024-02-22 21:00:00,1.05779029414785,1.41005977981476,1,2.88
2024-02-22 22:00:00,1.21194097397511,1.76547835515937,1,3.36
2024-02-22 23:00:00,0.412109650826833,0.505944762524476,1,1.51
2024-02-23,0.307484699747961,0.0954969252633315,1,1.36
2024-02-23 01:00:00,0.262364264467491,0.38421344896417,1,1.3
2024-02-23 02:00:00,-0.23572233352107,0.786140855242583,1,0.79
2024-02-23 03:00:00,-0.198450938723838,0.883377551324089,1,0.82
2024-02-23 04:00:00,-0.198450938723838,0.905323486023704,1,0.82
2024-02-23 05:00:00,-0.105360515657826,1.52513501360214,1,0.9
2024-02-23 06:00:00,0.0295588022415444,1.47889214873439,1,1.03
2024-02-23 07:00:00,0.405465108108164,1.65145665374016,1,1.5
2024-02-23 08:00:00,0.678033542749897,1.64953125038495,1,1.97
2024-02-23 09:00:00,0.756121979721334,1.65725175083092,1,2.13
2024-02-23 10:00:00,0.989541193613748,1.47963210044642,1,2.69
2024-02-23 11:00:00,1.39376637595859,1.27800031666544,1,4.03
2024-02-23 12:00:00,0.989541193613748,1.55654806592578,1,2.69
2024-02-23 13:00:00,1.22671229129543,1.66522337254614,1,3.41
2024-02-23 14:00:00,1.47704872438835,1.49817798322502,1,4.38
2024-02-23 15:00:00,1.31372366828506,1.46998629438085,1,3.72
2024-02-23 16:00:00,1.84371920815877,1.71190891831047,1,6.32
2024-02-23 17:00:00,2.27212588550934,2.20783688985739,1,9.7
2024-02-23 18:00:00,2.55722731136763,2.69796587536009,1,12.9
2024-02-23 19:00:00,2.2512917986065,2.89664431999282,1,9.5
2024-02-23 20:00:00,1.89160480419777,2.85398303205014,1,6.63
2024-02-23 21:00:00,2.10169215061466,2.75962202167773,1,8.18
2024-02-23 22:00:00,1.85002837735203,2.87465339299552,1,6.36
2024-02-23 23:00:00,2.69934576047206,2.9724930981038,1,14.87
2024-02-24,2.42303124606991,2.66683629130511,1,11.28
2024-02-24 01:00:00,2.14358936150359,2.76832347821722,1,8.53
2024-02-24 02:00:00,2.13060982825424,2.89919813437211,1,8.42
2024-02-24 03:00:00,1.9387416595767,2.93271843566748,1,6.95
2024-02-24 04:00:00,2.22786154679811,2.87096241496492,1,9.28
2024-02-24 05:00:00,2.33214389523559,2.84070556321697,1,10.3
2024-02-24 06:00:00,2.55877649835446,3.09997541016114,1,12.92
2024-02-24 07:00:00,2.54160199346455,3.20747550782972,1,12.7
2024-02-24 08:00:00,2.82849635417808,2.72075413105729,1,16.92
2024-02-24 09:00:00,1.92716410623426,2.26662431632352,1,6.87
2024-02-24 10:00:00,1.17557332980424,1.88289395461386,1,3.24
2024-02-24 11:00:00,1.89461685466776,1.941137709699,1,6.65
2024-02-24 12:00:00,2.10778601468898,2.25209235511291,1,8.23
2024-02-24 13:00:00,1.44220199305819,1.86798861139314,1,4.23
2024-02-24 14:00:00,1.43983512804792,1.6032567050159,1,4.22
2024-02-24 15:00:00,1.95302761682418,1.57004253199304,1,7.05
2024-02-24 16:00:00,2.10657020906809,1.89833538687004,1,8.22
2024-02-24 17:00:00,2.25654115449264,2.17531985019866,1,9.55
2024-02-24 18:00:00,2.57413778351594,2.82823679750087,1,13.12
2024-02-24 19:00:00,2.68239045432163,2.90724900383557,1,14.62
2024-02-24 20:00:00,3.04832472367316,3.17524386492613,1,21.08
2024-02-24 21:00:00,2.7047112998367,3.23634846824703,1,14.95
2024-02-24 22:00:00,3.0750054544485,3.10020857938118,1,21.65
2024-02-24 23:00:00,2.96114082878437,3.23744265624087,1,19.32
2024-02-25,3.08190996979504,2.83231812870092,1,21.8
2024-02-25 01:00:00,2.91777073208428,3.07597750163073,1,18.5
2024-02-25 02:00:00,2.60194867021966,2.99094141241526,1,13.49
2024-02-25 03:00:00,2.79971738962803,3.09347337185158,1,16.44
2024-02-25 04:00:00,2.68716699018579,3.04436609729744,1,14.69
2024-02-25 05:00:00,2.69056488676119,3.06019102486655,1,14.74
2024-02-25 06:00:00,2.80880010420235,3.09564186026544,1,16.59
2024-02-25 07:00:00,3.10368941505908,3.23223716587774,1,22.28
2024-02-25 08:00:00,3.26956893918372,3.1841222241522,1,26.3
2024-02-25 09:00:00,2.93332481342537,3.06475370331947,1,18.79
2024-02-25 10:00:00,2.74534598584591,2.64335456016458,1,15.57
2024-02-25 11:00:00,3.01993696225081,2.64203796913485,1,20.49
2024-02-25 12:00:00,2.91885122921803,2.44293418095668,1,18.52
2024-02-25 13:00:00,2.19722457733622,1.82546114869968,1,9
2024-02-25 14:00:00,2.43711598595165,1.75595537609,1,11.44
2024-02-25 15:00:00,2.53290284805626,1.9017818109733,1,12.59
2024-02-25 16:00:00,2.58399755243223,2.23911799480221,1,13.25
2024-02-25 17:00:00,2.58097411853423,2.06946136560657,1,13.21
2024-02-25 18:00:00,2.63547950826737,2.47069831226025,1,13.95
2024-02-25 19:00:00,2.63691217326887,2.06516619578807,1,13.97
2024-02-25 20:00:00,3.15700042115011,3.19322070455584,1,23.5
2024-02-25 21:00:00,3.29398329735501,3.31131737371227,1,26.95
2024-02-25 22:00:00,3.32143241319329,3.0500834895102,1,27.7
2024-02-25 23:00:00,3.27563415868681,2.81570544634111,1,26.46
2024-02-26,3.26270130440823,2.90693320139973,1,26.12
2024-02-26 01:00:00,3.24024585060439,2.94195319968559,1,25.54
2024-02-26 02:00:00,3.23119957455703,3.04740756618238,1,25.31
2024-02-26 03:00:00,3.26614101733532,2.79852599101377,1,26.21
2024-02-26 04:00:00,3.33861250647053,2.9750776299388,1,28.18
2024-02-26 05:00:00,3.89079936897652,3.135748754438,1,48.95
2024-02-26 06:00:00,3.55820113047182,2.91787658393521,1,35.1
2024-02-26 07:00:00,3.52547778217249,3.17746336158168,1,33.97
2024-02-26 08:00:00,3.68937932915559,3.16190462355053,1,40.02
2024-02-26 09:00:00,3.68612566591732,3.26574385494204,1,39.89
2024-02-26 10:00:00,3.63811233706028,3.29061545354954,1,38.02
2024-02-26 11:00:00,3.61845698981739,3.07905222004385,1,37.28
2024-02-26 12:00:00,3.3579418729912,3.05692896865042,1,28.73
2024-02-26 13:00:00,3.13418901670101,2.97155376775396,1,22.97
2024-02-26 14:00:00,2.91723004539903,2.85891814668503,1,18.49
2024-02-26 15:00:00,3.02868337369368,2.80963062805918,1,20.67
2024-02-26 16:00:00,2.96269241947579,2.96964979211861,1,19.35
2024-02-26 17:00:00,3.18013499655177,2.89212550226901,1,24.05
2024-02-26 18:00:00,3.55763116750398,3.10667310244576,1,35.08
2024-02-26 19:00:00,4.07889245766318,2.99542701831859,1,59.08
2024-02-26 20:00:00,3.40949618447685,2.9383031874636,1,30.25
2024-02-26 21:00:00,3.47568623365289,3.05091057974494,1,32.32
2024-02-26 22:00:00,3.69511000386457,3.227389440591,1,40.25
2024-02-26 23:00:00,3.53921867955953,3.31101200599828,1,34.44
2024-02-27,3.5720646995221,3.2318161313859,1,35.59
2024-02-27 01:00:00,3.62407423074782,3.19486717398891,1,37.49
2024-02-27 02:00:00,3.53368656470823,3.17681763812228,1,34.25
2024-02-27 03:00:00,3.36349551447814,3.16073738535388,1,28.89
2024-02-27 04:00:00,3.48431228837266,2.96131947384525,1,32.6
2024-02-27 05:00:00,3.5201649007262,3.15456130746306,1,33.79
2024-02-27 06:00:00,3.78713982328146,3.06430622559636,1,44.13
2024-02-27 07:00:00,3.79346466930401,3.2070204632428,1,44.41
2024-02-27 08:00:00,3.96745771231625,3.32958067869494,1,52.85
2024-02-27 09:00:00,3.93827537657221,3.23418873809959,1,51.33
2024-02-27 10:00:00,3.35270717250172,2.97796091559711,1,28.58
2024-02-27 11:00:00,3.0777729838902,2.34373532702367,1,21.71
2024-02-27 12:00:00,2.92852352386054,1.81049775521431,1,18.7
2024-02-27 13:00:00,2.81780106506133,1.94970511820021,1,16.74
2024-02-27 14:00:00,2.74148497718845,1.43156466447885,1,15.51
2024-02-27 15:00:00,2.8136106967627,1.47897940882232,1,16.67
2024-02-27 16:00:00,2.81839825827108,1.73851367311552,1,16.75
2024-02-27 17:00:00,3.0708397460408,1.76201938897074,1,21.56
2024-02-27 18:00:00,3.03591406318682,2.11754854846503,1,20.82
2024-02-27 19:00:00,2.90197089373952,2.28726874031811,1,18.21
2024-02-27 20:00:00,2.71469474382088,2.28135867393712,1,15.1
2024-02-27 21:00:00,2.63332665490627,2.81222288313977,1,13.92
2024-02-27 22:00:00,2.20276475771183,2.01353756831792,1,9.05
2024-02-27 23:00:00,2.36930872503695,2.96739524057829,1,10.69
2024-02-28,2.19722457733622,2.88799552788698,1,9
2024-02-28 01:00:00,1.73518911773966,2.50043733641441,1,5.67
2024-02-28 02:00:00,1.77833644889591,2.37166103178487,1,5.92
2024-02-28 03:00:00,1.89311196348834,2.44448642995891,1,6.64
2024-02-28 04:00:00,1.99877363861238,2.80109776493868,1,7.38
2024-02-28 05:00:00,2.1770218700187,2.9026085369406,1,8.82
2024-02-28 06:00:00,2.25654115449264,2.97760122801747,1,9.55
2024-02-28 07:00:00,2.25654115449264,2.98429445369614,1,9.55
2024-02-28 08:00:00,2.11866225483312,2.80940743223108,1,8.32
2024-02-28 09:00:00,2.14826773260969,2.4196608442171,1,8.57
2024-02-28 10:00:00,1.86252854011626,2.71811420018126,1,6.44
2024-02-28 11:00:00,1.73518911773966,2.95385037254552,1,5.67
2024-02-28 12:00:00,1.70110510095992,2.74821101236595,1,5.48
2024-02-28 13:00:00,1.66203036255327,2.28070295751326,1,5.27
2024-02-28 14:00:00,1.78339121955754,2.31095527776607,1,5.95
2024-02-28 15:00:00,1.70474809223843,2.29901458260187,1,5.5
2024-02-28 16:00:00,1.79674701073909,1.78380319412793,1,6.03
2024-02-28 17:00:00,2.63188884013665,2.28847771134225,1,13.9
2024-02-28 18:00:00,2.86162928903051,3.14620228694849,1,17.49
2024-02-28 19:00:00,3.02529107579554,3.2197994868964,1,20.6
2024-02-28 20:00:00,3.35025490292458,2.97214804886579,1,28.51
2024-02-28 21:00:00,3.40219688199524,3.22935257105047,1,30.03
2024-02-28 22:00:00,3.41969196429832,3.13922837568743,1,30.56
2024-02-28 23:00:00,3.32467624375441,3.27223408762932,1,27.79
2024-02-29,3.90680943837526,3.13086545140928,1,49.74
2024-02-29 03:00:00,3.55905546627774,3.1430612501889,1,35.13
2024-02-29 04:00:00,3.59264384623311,3.22104725150139,1,36.33
2024-02-29 05:00:00,3.70426055615224,3.10738268421314,1,40.62
2024-02-29 06:00:00,3.71161894108343,3.04535631125784,1,40.92
2024-02-29 07:00:00,3.99120380330259,3.27936180769148,1,54.12
2024-02-29 08:00:00,4.31895370569792,3.36858239523522,1,75.11
2024-02-29 09:00:00,4.27736032244553,3.33850945844897,1,72.05
2024-02-29 10:00:00,3.92769948481315,3.34407429945142,1,50.79
2024-02-29 11:00:00,3.83686833182739,3.35697581227436,1,46.38
2024-02-29 12:00:00,3.85354607566917,3.37797590118076,1,47.16
2024-02-29 13:00:00,3.89792408104864,3.29615667080188,1,49.3
2024-02-29 14:00:00,3.95852483907957,3.2469296872639,1,52.38
2024-02-29 15:00:00,3.8478044331015,3.07583488119412,1,46.89
2024-02-29 16:00:00,3.85629885665578,3.18048200414393,1,47.29
2024-02-29 17:00:00,3.9862024036024,3.27326764643139,1,53.85
2024-02-29 18:00:00,4.01530135488165,3.36760258963007,1,55.44
2024-02-29 19:00:00,3.96934807204742,3.33221101923153,1,52.95
2024-02-29 20:00:00,4.01385731130941,3.08046276454821,1,55.36
2024-02-29 21:00:00,3.96840333886425,3.21602240398651,1,52.9
2024-02-29 22:00:00,3.95469927970858,2.89693843133657,1,52.18
2024-02-29 23:00:00,3.85735560408584,3.00928158756899,1,47.34
2024-03-01,3.89650319377011,3.06852408561799,1,49.23
2024-03-01 01:00:00,3.84438635671233,2.69626824246857,1,46.73
2024-03-01 02:00:00,3.97330623384504,2.93860547105592,1,53.16
2024-03-01 03:00:00,3.89731537655587,2.88182181496338,1,49.27
2024-03-01 04:00:00,3.90378920050104,2.37668449092863,1,49.59
2024-03-01 05:00:00,4.1568497675735,2.76212847567721,1,63.87
2024-03-01 06:00:00,4.25830412018286,2.86994924673859,1,70.69
2024-03-01 07:00:00,4.44406202559333,2.70685584770548,1,85.12
2024-03-01 08:00:00,4.4188406077966,3.06230012950768,1,83
2024-03-01 09:00:00,4.32254198783899,3.13993017708896,1,75.38
2024-03-01 10:00:00,4.36526188834115,3.20550432227108,1,78.67
2024-03-02 01:00:00,4.06440068584903,3.076811746988,1,58.23
2024-03-02 02:00:00,4.08463087003446,3.04831285310233,1,59.42
2024-03-02 03:00:00,4.12066187053947,2.9790000516687,1,61.6
2024-03-02 04:00:00,4.16402608542291,2.9042303120243,1,64.33
2024-03-02 05:00:00,4.11838655670234,2.99098456891764,1,61.46
2024-03-02 06:00:00,4.17084253319483,3.12306591067958,1,64.77
2024-03-02 07:00:00,4.17975744007023,3.17163329998013,1,65.35
2024-03-02 08:00:00,4.10247806211882,3.14743021565328,1,60.49
2024-03-02 09:00:00,3.97649902461251,3.20586093677736,1,53.33
2024-03-02 10:00:00,3.58988750490699,3.01644959186568,1,36.23
2024-03-02 11:00:00,3.36384159511839,2.77830434157207,1,28.9
2024-03-02 12:00:00,3.49983535155915,2.89474305688687,1,33.11
2024-03-02 13:00:00,3.56104608260405,2.80661153396927,1,35.2
2024-03-02 14:00:00,3.43398720448515,3.00129411958595,1,31
2024-03-02 15:00:00,2.94601668130806,2.34719139214864,1,19.03
2024-03-02 16:00:00,3.2104403460471,2.84555659605155,1,24.79
2024-03-02 17:00:00,3.3322045101752,2.80169570802548,1,28
2024-03-02 18:00:00,3.53834721980939,3.11776287768082,1,34.41
2024-03-02 19:00:00,3.69012867351437,3.24857565549595,1,40.05
2024-03-02 20:00:00,3.80198490021921,3.28021097868943,1,44.79
2024-03-02 21:00:00,3.74714836223791,3.23708802081002,1,42.4
2024-03-02 22:00:00,3.93241369507588,3.03340173388782,1,51.03
2024-03-02 23:00:00,3.63968920992316,2.24272804985197,1,38.08
2024-03-03,3.50435547376478,2.37407937469952,1,33.26
2024-03-03 01:00:00,3.05305734017326,2.46910538025527,1,21.18
2024-03-03 02:00:00,2.82672173081971,2.44791293273346,1,16.89
2024-03-03 03:00:00,2.72261035243354,2.20658079393469,1,15.22
2024-03-03 04:00:00,2.74983173511717,1.78433419610601,1,15.64
2024-03-03 05:00:00,2.8225686545448,2.06290342252974,1,16.82
2024-03-03 06:00:00,2.91993056013771,2.23560194613905,1,18.54
2024-03-03 07:00:00,2.97654945413722,2.56064009517153,1,19.62
2024-03-03 08:00:00,2.98061863574394,2.51201696090354,1,19.7
2024-03-03 09:00:00,3.04452243772342,2.38770848366734,1,21
2024-03-03 10:00:00,2.99573227355399,2.03592878322878,1,20
2024-03-03 11:00:00,2.73890266458497,1.87990447633673,1,15.47
2024-03-03 12:00:00,2.72457950305342,1.63104156129246,1,15.25
2024-03-03 13:00:00,3.45663208855026,1.74580120558938,1,31.71
2024-03-03 14:00:00,3.02771531940704,1.77272990173838,1,20.65
2024-03-03 15:00:00,2.71004820376488,1.95306452789493,1,15.03
2024-03-03 16:00:00,2.54553127160444,2.02262435903463,1,12.75
2024-03-03 17:00:00,3.03831272108911,2.93714261972406,1,20.87
2024-03-03 18:00:00,3.15059698411491,2.89279541684284,1,23.35
2024-03-03 19:00:00,3.29212628660779,2.73676226164791,1,26.9
2024-03-03 20:00:00,3.17596832385692,2.76576362887548,1,23.95
2024-03-03 21:00:00,3.3779287547228,2.9436792468067,1,29.31
2024-03-03 22:00:00,3.28091121578765,3.14244631236467,1,26.6
2024-03-03 23:00:00,3.23671574299653,3.09292979099183,1,25.45
2024-03-04,3.38608374385211,3.10324347949168,1,29.55
2024-03-04 01:00:00,3.31454957493648,2.86829016219694,1,27.51
2024-03-04 02:00:00,3.45378983178133,3.03979108077189,1,31.62
2024-03-04 03:00:00,3.42197992084468,3.10236947752362,1,30.63
2024-03-04 04:00:00,3.12148347885955,3.13179210922501,1,22.68
2024-03-04 05:00:00,3.37005065266532,2.98676047049948,1,29.08
2024-03-04 06:00:00,3.83535792049266,3.07931712486515,1,46.31
2024-03-04 07:00:00,3.73409179693548,3.24475036105826,1,41.85
2024-03-04 08:00:00,3.73289633953071,3.23231134222786,1,41.8
2024-03-04 09:00:00,3.6307205399404,2.62320213619092,1,37.74
2024-03-04 11:00:00,3.08648663682246,2.2801230776943,1,21.9
2024-03-04 12:00:00,2.83907846350861,2.09633178567169,1,17.1
2024-03-04 13:00:00,2.42391737816157,2.09058455057288,1,11.29
2024-03-04 14:00:00,2.20276475771183,2.19520009863098,1,9.05
2024-03-04 15:00:00,2.56494935746154,2.30064425340134,1,13
2024-03-04 16:00:00,2.17247640764703,2.05436175352284,1,8.78
2024-03-04 17:00:00,2.67345875633259,2.03103407935686,1,14.49
2024-03-04 18:00:00,3.38235429386068,2.74852843690122,1,29.44
2024-03-04 19:00:00,3.33683662250177,3.02230084765453,1,28.13
2024-03-04 20:00:00,3.58767694860477,2.88853859306818,1,36.15
2024-03-04 21:00:00,3.68762867221228,2.08786939147492,1,39.95
2024-03-04 22:00:00,3.67376581630389,2.69345588662848,1,39.4
2024-03-04 23:00:00,3.93885965938171,3.22109854278661,1,51.36
2024-03-05,3.83686833182739,3.14961122420012,1,46.38
2024-03-05 01:00:00,3.78236979720128,2.97118385059138,1,43.92
2024-03-05 02:00:00,3.76745955423679,2.43042616112757,1,43.27
2024-03-05 03:00:00,3.49559805708364,2.23457675782156,1,32.97
2024-03-05 04:00:00,3.5234150143864,2.58991093964146,1,33.9
2024-03-05 05:00:00,3.60604117580493,2.70247656517391,1,36.82
2024-03-05 06:00:00,3.46823278299831,2.26233822749148,1,32.08
2024-03-05 07:00:00,3.06152001409199,2.26929735273241,1,21.36
2024-03-05 08:00:00,3.1108450806545,2.14382395428408,1,22.44
2024-03-05 09:00:00,3.21767510429168,2.18536045181458,1,24.97
2024-03-05 10:00:00,3.21807550469743,2.59390214665869,1,24.98
2024-03-05 11:00:00,3.23040906068187,3.09696885959684,1,25.29
2024-03-05 12:00:00,3.23671574299653,3.03193840093263,1,25.45
2024-03-05 13:00:00,3.38235429386068,2.95132263361765,1,29.44
2024-03-05 14:00:00,3.51214227561388,3.39847482850362,1,33.52
2024-03-05 15:00:00,3.5004392163118,3.3400988329007,1,33.13
2024-03-05 16:00:00,3.48492559719287,3.11075090197233,1,32.62
2024-03-05 17:00:00,3.60821155104648,3.08009768142453,1,36.9
2024-03-05 18:00:00,3.72545243434478,3.13794617951689,1,41.49
2024-03-05 19:00:00,3.86472173231013,3.3956640361453,1,47.69
2024-03-05 20:00:00,3.84524197173779,3.48726170422647,1,46.77
2024-03-05 21:00:00,3.92118094321291,3.43999121881091,1,50.46
2024-03-05 22:00:00,3.97649902461251,3.29774782073224,1,53.33
2024-03-05 23:00:00,3.97368238581487,3.32662831588234,1,53.18
2024-03-06,3.83578969942856,3.28486850575754,1,46.33
2024-03-06 01:00:00,3.89446984618056,3.23359654220249,1,49.13
2024-03-06 02:00:00,3.94390919429047,3.17497792251282,1,51.62
2024-03-06 03:00:00,3.91102250509456,3.01217964523938,1,49.95
2024-03-06 04:00:00,3.95986033484231,3.17486298583785,1,52.45
2024-03-06 05:00:00,3.87660306019689,3.1998374377455,1,48.26
2024-03-06 06:00:00,3.81330703248899,3.12424763852657,1,45.3
2024-03-06 07:00:00,3.64492756658475,3.10915754185705,1,38.28
2024-03-06 08:00:00,3.56699426612381,2.77698538323919,1,35.41
2024-03-06 09:00:00,3.36626081178126,2.27300913185778,1,28.97
2024-03-06 10:00:00,3.27032910645712,1.6543245300845,1,26.32
2024-03-06 11:00:00,3.31200180285768,1.86397844218285,1,27.44
2024-03-06 12:00:00,3.17471492908243,1.95612738602079,1,23.92
2024-03-06 13:00:00,2.94601668130806,1.17621130502968,1,19.03
2024-03-06 14:00:00,3.02529107579554,1.17999573301304,1,20.6
2024-03-06 15:00:00,2.86277214629776,0.937556875810643,1,17.51
2024-03-06 16:00:00,3.12148347885955,0.476251730507507,1,22.68
2024-03-06 17:00:00,3.24024585060439,1.84885797857678,1,25.54
2024-03-06 18:00:00,3.09648217665413,1.31364893042804,1,22.12
2024-03-06 19:00:00,2.99021709286588,1.95624227411535,1,19.89
2024-03-06 20:00:00,3.14845336057165,2.89692105168383,1,23.3
2024-03-06 21:00:00,3.35025490292458,3.29419190627828,1,28.51
2024-03-06 22:00:00,3.24610181112179,3.27274440957855,1,25.69
2024-03-06 23:00:00,3.48247010179089,3.27818175735322,1,32.54
2024-03-07,3.38608374385211,3.23270251906702,1,29.55
2024-03-07 01:00:00,3.34073941262504,3.10591289720923,1,28.24
2024-03-07 02:00:00,2.84665205053984,2.88443227135662,1,17.23
2024-03-07 03:00:00,2.62972823432674,2.38293411614416,1,13.87
2024-03-07 04:00:00,2.6775909936175,2.91463292049817,1,14.55
2024-03-07 05:00:00,2.82078347108945,2.81705668528944,1,16.79
2024-03-07 06:00:00,2.91126311692754,2.45372632871878,1,18.38
2024-03-07 07:00:00,2.99322914333587,2.16921226057218,1,19.95
2024-03-07 08:00:00,2.99172425215645,1.83935396439705,1,19.92
2024-03-07 09:00:00,2.8724340572095,2.19533636120142,1,17.68
2024-03-07 10:00:00,2.89203703721523,2.03633122267453,1,18.03
2024-03-07 11:00:00,2.77446196662146,2.02885002845624,1,16.03
2024-03-07 12:00:00,2.71469474382088,1.8766197854955,1,15.1
2024-03-07 13:00:00,2.85761897142436,1.60881916484497,1,17.42
2024-03-07 14:00:00,2.84374591655611,1.08557568187625,1,17.18
2024-03-07 15:00:00,2.86505394991188,1.66165371626068,1,17.55
2024-03-07 16:00:00,2.82553689655788,1.84966695779978,1,16.87
2024-03-07 17:00:00,2.77383794164021,1.38381657713984,1,16.02
2024-03-07 18:00:00,2.84954976337591,1.35619026367806,1,17.28
2024-03-07 19:00:00,3.00617753141553,2.07115535464089,1,20.21
2024-03-07 20:00:00,3.08876713952118,2.6335763818421,1,21.95
2024-03-07 21:00:00,3.16674007044767,2.69254790550318,1,23.73
2024-03-07 22:00:00,3.18345587963694,2.75677210096543,1,24.13
2024-03-07 23:00:00,3.25809653802148,2.86336797626259,1,26
2024-03-08,3.3779287547228,3.18150201836834,1,29.31
2024-03-08 01:00:00,3.60195898208323,3.11411067511414,1,36.67
2024-03-08 02:00:00,3.48216274048526,2.98163389160521,1,32.53
2024-03-08 03:00:00,3.44201937618241,3.03932921680751,1,31.25
2024-03-08 04:00:00,3.51482364173701,3.10941794535809,1,33.61
2024-03-08 05:00:00,3.49499126094852,3.14278327566962,1,32.95
2024-03-08 06:00:00,3.61010677294854,3.20699873406517,1,36.97
2024-03-08 07:00:00,3.78236979720128,3.07139929437721,1,43.92
2024-03-08 08:00:00,3.66279211935062,2.47084204304477,1,38.97
2024-03-08 09:00:00,3.41838220641626,2.33106687915756,1,30.52
2024-03-08 10:00:00,3.25385679376345,1.7206315326416,1,25.89
2024-03-08 11:00:00,3.1389664416399,1.45026446581119,1,23.08
2024-03-08 12:00:00,3.13549421592915,1.06835820297292,1,23
2024-03-08 13:00:00,3.14888245304767,1.3112882214259,1,23.31
2024-03-08 14:00:00,2.94601668130806,1.40468320185434,1,19.03
2024-03-08 15:00:00,2.76506045581899,0.870752476748204,1,15.88
2024-03-08 16:00:00,2.52332575969195,1.28410827145043,1,12.47
2024-03-08 17:00:00,2.45272775142377,1.86905112959726,1,11.62
2024-03-08 18:00:00,2.69597761986794,2.48065768373819,1,14.82
2024-03-08 19:00:00,2.54553127160444,1.87428151207458,1,12.75
2024-03-08 20:00:00,2.65394594210901,2.4355264715206,1,14.21
2024-03-08 21:00:00,2.7033726115511,2.45830846080195,1,14.93
2024-03-08 22:00:00,2.82078347108945,2.12448919960524,1,16.79
2024-03-08 23:00:00,2.85474458025301,2.08301167846635,1,17.37
2024-03-09,2.64971462408925,1.97631691875446,1,14.15
2024-03-09 01:00:00,2.507971922719,1.7475480559221,1,12.28
2024-03-09 02:00:00,2.45873377548398,1.80929075667516,1,11.69
2024-03-09 03:00:00,2.58097411853423,1.74417155755635,1,13.21
2024-03-09 04:00:00,2.58097411853423,1.68113005061352,1,13.21
2024-03-09 05:00:00,2.58625914404829,1.25541136848221,1,13.28
2024-03-09 06:00:00,2.70270259477561,1.29927287843925,1,14.92
2024-03-09 07:00:00,2.79728133483015,1.70621952320247,1,16.4
2024-03-09 08:00:00,2.8225686545448,1.85754870748783,1,16.82
2024-03-09 09:00:00,2.76631910922619,1.33540440485853,1,15.9
2024-03-09 10:00:00,2.75493378700106,1.42482699720212,1,15.72
2024-03-09 11:00:00,2.71469474382088,1.8454115780987,1,15.1
2024-03-09 12:00:00,2.71800053195538,1.87877346849735,1,15.15
2024-03-09 13:00:00,2.72457950305342,1.6684890647722,1,15.25
2024-03-09 14:00:00,2.89314568477889,1.5274721028366,1,18.05
2024-03-09 15:00:00,3.02529107579554,1.30498977684022,1,20.6
2024-03-09 16:00:00,3.1896529661913,1.65255833987946,1,24.28
2024-03-09 17:00:00,3.41903729979049,1.75031140216263,1,30.54
2024-03-09 18:00:00,3.61442526818899,2.73075588128467,1,37.13
2024-03-09 19:00:00,3.47041245068363,2.20964064023479,1,32.15
2024-03-09 20:00:00,3.37005065266532,2.19914814611437,1,29.08
2024-03-09 21:00:00,3.24571247882176,2.28440685975551,1,25.68
2024-03-09 22:00:00,3.20111910327894,2.38304747088607,1,24.56
2024-03-09 23:00:00,3.10593106585207,2.45806118798895,1,22.33
2024-03-10,3.03974915897077,2.3281529205437,1,20.9
2024-03-10 01:00:00,3.12148347885955,2.4697521416521,1,22.68
2024-03-10 02:00:00,3.27676730328398,2.65996746062148,1,26.49
2024-03-10 03:00:00,3.25308399619794,2.81959632350808,1,25.87
2024-03-10 04:00:00,3.2104403460471,2.61759466860708,1,24.79
2024-03-10 05:00:00,3.22882615572137,2.68665833410396,1,25.25
2024-03-10 06:00:00,3.02188723103084,2.22080197058011,1,20.53
2024-03-10 07:00:00,2.89314568477889,2.11772794974661,1,18.05
2024-03-10 08:00:00,2.8541687092322,2.21191704641138,1,17.36
2024-03-10 09:00:00,2.68784749378469,2.06050895467048,1,14.7
2024-03-10 10:00:00,2.61080481666337,1.62674759013179,1,13.61
2024-03-10 11:00:00,2.53765721517353,1.72173040647305,1,12.65
2024-03-10 12:00:00,2.62972823432674,1.72513800280585,1,13.87
2024-03-10 13:00:00,2.68444033546308,1.8737639704931,1,14.65
2024-03-10 14:00:00,2.55256529826182,1.49277736695232,1,12.84
2024-03-10 15:00:00,2.59151638484626,1.68657302935147,1,13.35
2024-03-10 16:00:00,2.56109578814555,1.67462428878306,1,12.95
2024-03-10 17:00:00,2.59600069729359,2.01704902429969,1,13.41
2024-03-10 18:00:00,2.77446196662146,2.7848023437433,1,16.03
2024-03-10 19:00:00,3.22684399451738,2.97201975594298,1,25.2
2024-03-10 20:00:00,3.50104271663187,3.01233980142213,1,33.15
2024-03-10 21:00:00,2.98011089265103,2.53830000501949,1,19.69
2024-03-10 22:00:00,2.6748380668961,2.11494131228646,1,14.51
2024-03-10 23:00:00,2.74019465442878,1.88350599762017,1,15.49
2024-03-11,2.78562833574758,1.65658561294567,1,16.21
2024-03-11 01:00:00,2.85991255041146,1.98360297025208,1,17.46
2024-03-11 02:00:00,3.02529107579554,2.64606982690968,1,20.6
2024-03-11 03:00:00,3.09602999486936,2.71162311037437,1,22.11
2024-03-11 04:00:00,3.10816770288378,2.07054671196897,1,22.38
2024-03-11 05:00:00,3.0837431508767,2.18386477260282,1,21.84
2024-03-11 06:00:00,2.71004820376488,1.70539831789071,1,15.03
2024-03-11 07:00:00,2.40061883326541,2.14798813446925,1,11.03
2024-03-11 08:00:00,1.90210752639692,1.76819566307413,1,6.7
2024-03-11 09:00:00,1.16627093714192,1.59388595496779,1,3.21
2024-03-11 10:00:00,0.307484699747961,1.0164921976449,1,1.36
2024-03-11 11:00:00,0.139761942375159,1.29061522289517,1,1.15
2024-03-11 12:00:00,0.0953101798043249,1.17768887299218,1,1.1
2024-03-11 13:00:00,0.122217632724249,0.951111035511724,1,1.13
2024-03-11 14:00:00,0.122217632724249,1.06669291988412,1,1.13
2024-03-11 15:00:00,0.0953101798043249,1.68882512631184,1,1.1
2024-03-11 16:00:00,1.34807314829969,2.0005240363444,1,3.85
2024-03-11 17:00:00,1.88555334851442,2.35120771985286,1,6.59
2024-03-11 18:00:00,2.17133680638409,2.60726806826176,1,8.77
2024-03-11 19:00:00,2.75302356674494,2.50984900425168,1,15.69
2024-03-11 20:00:00,2.83026783382646,2.35924953487757,1,16.95
2024-03-11 21:00:00,2.33117254984596,2.49951940435656,1,10.29
2024-03-11 22:00:00,2.55722731136763,2.62655075782205,1,12.9
2024-03-11 23:00:00,2.6159349121944,2.7625967141207,1,13.68
2024-03-12,2.31055326264322,2.60988176986776,1,10.08
2024-03-12 01:00:00,2.17361471169709,2.39965402573795,1,8.79
2024-03-12 02:00:00,2.63188884013665,2.69408732789461,1,13.9
2024-03-12 03:00:00,2.35517754311322,2.63483807963534,1,10.54
2024-03-12 04:00:00,2.35232718488886,2.7182536232785,1,10.51
2024-03-12 05:00:00,2.71137799119488,2.63015688027524,1,15.05
2024-03-12 06:00:00,2.22786154679811,2.40426526425605,1,9.28
2024-03-12 07:00:00,2.46725171454928,2.68553854557127,1,11.79
2024-03-12 08:00:00,2.70805020110221,2.8043924580714,1,15
2024-03-12 09:00:00,1.93152141160321,2.37239985827377,1,6.9
2024-03-12 10:00:00,1.58514521986506,2.02849421657939,1,4.88
2024-03-12 11:00:00,1.5830939370945,1.88247736894213,1,4.87
2024-03-12 12:00:00,1.5993875765806,1.93995732001108,1,4.95
2024-03-12 13:00:00,1.69377906086785,2.33281498572425,1,5.44
2024-03-12 14:00:00,1.53039470509365,2.26536237928986,1,4.62
2024-03-12 15:00:00,1.22082992139236,1.48909635336885,1,3.39
2024-03-12 16:00:00,1.56861591791385,1.3358441394412,1,4.8
2024-03-12 17:00:00,1.70656462316482,1.88536423769437,1,5.51
2024-03-12 18:00:00,1.8531680973567,2.18954703974405,1,6.38
2024-03-12 19:00:00,2.23108909128898,2.56298423018876,1,9.31
2024-03-12 20:00:00,2.59525470695687,2.70908667358546,1,13.4
2024-03-12 21:00:00,2.2628042229822,2.43958647987521,1,9.61
2024-03-12 22:00:00,2.33698651971138,2.67437430182119,1,10.35
2024-03-12 23:00:00,2.52492832413749,2.37297296998432,1,12.49
2024-03-13,2.51365606307399,2.48413340274217,1,12.35
2024-03-13 01:00:00,2.47148362945586,2.38151811550038,1,11.84
2024-03-13 02:00:00,2.42303124606991,2.10259494569893,1,11.28
2024-03-13 03:00:00,2.47653840011748,2.5448550184253,1,11.9
2024-03-13 04:00:00,2.51446545202954,2.29879840437303,1,12.36
2024-03-13 05:00:00,2.57261223020711,2.58339431207058,1,13.1
2024-03-13 06:00:00,2.76945882923085,2.92794451799181,1,15.95
2024-03-13 07:00:00,3.08511583468868,2.85088914673947,1,21.87
2024-03-13 08:00:00,2.85186190313429,2.59716772459217,1,17.32
2024-03-13 09:00:00,2.67000213346468,2.21945226915708,1,14.44
2024-03-13 10:00:00,2.71137799119488,1.77459071952418,1,15.05
2024-03-13 11:00:00,2.53844741671603,1.32523551286895,1,12.66
2024-03-13 12:00:00,2.43361335540045,1.46503654083821,1,11.4
2024-03-13 13:00:00,2.28136145654242,1.17603457774472,1,9.79
2024-03-13 14:00:00,2.07568449280212,1.14545724917217,1,7.97
2024-03-13 15:00:00,1.86717610851281,1.1627646841678,1,6.47
2024-03-13 16:00:00,1.80500469597808,1.43448872478998,1,6.08
2024-03-13 17:00:00,1.66013102674962,1.99196369961632,1,5.26
2024-03-13 18:00:00,1.95302761682418,2.52182501649867,1,7.05
2024-03-13 19:00:00,2.54631527791664,2.64431667838741,1,12.76
2024-03-13 20:00:00,3.01798288248881,2.58420606756024,1,20.45
2024-03-13 21:00:00,2.57870052907436,2.41474792863879,1,13.18
2024-03-13 22:00:00,2.50225528812261,2.81103816121244,1,12.21
2024-03-13 23:00:00,2.64262239577975,2.97097130912079,1,14.05
2024-03-14,2.88926002904347,2.91242355566519,1,17.98
2024-03-14 01:00:00,3.30908209275435,2.92261936072259,1,27.36
2024-03-14 02:00:00,3.1108450806545,2.9046424245947,1,22.44
2024-03-14 03:00:00,3.21366225781531,2.84252321096567,1,24.87
2024-03-14 04:00:00,3.35620001573142,2.89460874085054,1,28.68
2024-03-14 05:00:00,3.38608374385211,2.92941635814276,1,29.55
2024-03-14 06:00:00,3.39350117502768,2.91347571539362,1,29.77
2024-03-14 07:00:00,3.55019193434004,3.02164308194722,1,34.82
2024-03-14 08:00:00,3.46323277258161,2.85356839584926,1,31.92
2024-03-14 09:00:00,3.06152001409199,2.75227428450083,1,21.36
2024-03-14 10:00:00,2.97143958098495,2.6667879848228,1,19.52
2024-03-14 11:00:00,2.94968833505258,2.43969925112551,1,19.1
2024-03-14 12:00:00,3.00469201492546,2.59428470739672,1,20.18
2024-03-14 13:00:00,2.94021956362373,2.68825637805973,1,18.92
2024-03-14 14:00:00,2.90526037038992,2.84429400371301,1,18.27
2024-03-14 15:00:00,2.91289399524499,2.75660504488674,1,18.41
2024-03-14 16:00:00,2.9590682891824,2.78045315350565,1,19.28
2024-03-14 17:00:00,3.10906095886099,2.66844121544527,1,22.4
2024-03-14 18:00:00,3.10503500844444,2.67999740677617,1,22.31
2024-03-14 19:00:00,3.20761263258949,3.07010569160445,1,24.72
2024-03-14 20:00:00,3.38574527710323,3.1649188312085,1,29.54
2024-03-14 21:00:00,3.51094824562127,3.12150884833965,1,33.48
2024-03-14 22:00:00,3.40219688199524,2.75586023418516,1,30.03
2024-03-14 23:00:00,3.37519557912315,2.86959862030214,1,29.23
2024-03-15,3.35585127989528,2.98578512137879,1,28.67
2024-03-15 01:00:00,3.24063731664971,2.92860536787213,1,25.55
2024-03-15 02:00:00,4.01439907204501,3.0501459382061,1,55.39
2024-03-15 03:00:00,3.18013499655177,2.79143426532879,1,24.05
2024-03-15 04:00:00,3.2561716096119,3.06548419607189,1,25.95
2024-03-15 05:00:00,3.28053520525493,3.16639626725883,1,26.59
2024-03-15 06:00:00,3.5562048372094,3.1966899460975,1,35.03
2024-03-15 07:00:00,3.54240755021368,3.24897020734461,1,34.55
2024-03-15 08:00:00,3.54932998916385,3.04622424773211,1,34.79
2024-03-15 09:00:00,3.49408037580887,2.53469694759236,1,32.92
2024-03-15 10:00:00,2.84083131233603,2.25971396808787,1,17.13
2024-03-15 11:00:00,2.92208573338569,2.30272013795761,1,18.58
2024-03-15 12:00:00,2.87694873756402,2.25569649827336,1,17.76
2024-03-15 13:00:00,2.60712428251225,2.08569986502263,1,13.56
2024-03-15 14:00:00,2.58475198475772,1.9704553002297,1,13.26
2024-03-15 15:00:00,2.83144707924613,2.32634855464427,1,16.97
2024-03-15 16:00:00,2.64971462408925,2.71373897257436,1,14.15
2024-03-15 17:00:00,2.81780106506133,2.89013771228139,1,16.74
2024-03-15 18:00:00,2.73371794785079,2.80913501032091,1,15.39
2024-03-15 19:00:00,3.06339092202781,2.96210210402691,1,21.4
2024-03-15 20:00:00,2.22354188565359,2.9322013805304,1,9.24
2024-03-15 21:00:00,1.62531126159039,2.851787906467,1,5.08
2024-03-15 22:00:00,1.68268837417369,2.90343452956059,1,5.38
2024-03-15 23:00:00,2.30258509299405,2.9402804068352,1,10
2024-03-16,2.0360119837525,2.9949408613765,1,7.66
2024-03-16 01:00:00,2.02814824729229,2.9110352233048,1,7.6
2024-03-16 02:00:00,1.52388002407245,2.88491981310784,1,4.59
2024-03-16 03:00:00,1.54543258245819,2.85381824841728,1,4.69
2024-03-16 04:00:00,1.56234630490025,2.77427897600626,1,4.77
2024-03-16 05:00:00,1.34286480319255,2.54911875412936,1,3.83
2024-03-16 06:00:00,2.02287119019144,2.68601843748311,1,7.56
2024-03-16 07:00:00,1.57277392806251,2.83317962526183,1,4.82
2024-03-16 08:00:00,1.89311196348834,2.81475027342091,1,6.64
2024-03-16 09:00:00,1.7227665977411,2.3697107676206,1,5.6
2024-03-16 10:00:00,1.71018781553424,2.31333849991252,1,5.53
2024-03-16 11:00:00,1.86717610851281,2.08737710135622,1,6.47
2024-03-16 12:00:00,1.12492959698548,1.8819972326701,1,3.08
2024-03-16 13:00:00,0.678033542749897,1.74492016885696,1,1.97
2024-03-16 14:00:00,1.26976054486394,2.24630406907404,1,3.56
2024-03-16 15:00:00,0.908258560176891,2.58818131676403,1,2.48
2024-03-16 16:00:00,0.307484699747961,1.76774181476879,1,1.36
2024-03-16 17:00:00,0.139761942375159,2.00386029014635,1,1.15
2024-03-16 18:00:00,0.920282753143692,1.70679076765633,1,2.51
2024-03-16 19:00:00,1.23837423104327,1.71579859655235,1,3.45
2024-03-16 20:00:00,1.24990173621434,1.15344620350788,1,3.49
2024-03-16 21:00:00,1.42310833424261,1.46949931094903,1,4.15
2024-03-16 22:00:00,1.45395300959371,2.1771467914513,1,4.28
2024-03-16 23:00:00,1.68454538492091,2.4579604370803,1,5.39
2024-03-17,1.3244189574018,1.94985812027982,1,3.76
2024-03-17 01:00:00,1.45861502269952,2.10735577169481,1,4.3
2024-03-17 02:00:00,1.57897870494939,2.4679396533611,1,4.85
2024-03-17 03:00:00,2.06939120582633,2.59436595861007,1,7.92
2024-03-17 04:00:00,1.44456326924387,2.34567294315091,1,4.24
2024-03-17 05:00:00,1.65249740189455,2.62906902426379,1,5.22
2024-03-17 06:00:00,1.90805992492422,2.94088384771627,1,6.74
2024-03-17 07:00:00,2.07568449280212,2.69295943664865,1,7.97
2024-03-17 08:00:00,2.05284085988266,2.56007940099385,1,7.79
2024-03-17 09:00:00,1.98100146886658,2.23061401424644,1,7.25
2024-03-17 10:00:00,2.03861954715958,2.00521461175899,1,7.68
2024-03-17 11:00:00,1.65822807660353,2.0342482418356,1,5.25
2024-03-17 12:00:00,1.57691472072854,1.84537026938094,1,4.84
2024-03-17 13:00:00,1.57277392806251,1.95144201872037,1,4.82
2024-03-17 14:00:00,1.44456326924387,1.88400483744509,1,4.24
2024-03-17 15:00:00,1.47704872438835,1.61627249356446,1,4.38
2024-03-17 16:00:00,1.26412672714568,1.60570007910678,1,3.54
2024-03-17 17:00:00,1.47704872438835,2.10371419926219,1,4.38
2024-03-17 18:00:00,2.04251818757524,2.4815298757065,1,7.71
2024-03-17 19:00:00,2.54317555791198,2.8582953697688,1,12.72
2024-03-17 20:00:00,2.84839168565528,3.14570737158793,1,17.26
2024-03-17 21:00:00,2.63547950826737,2.9704385860788,1,13.95
2024-03-17 22:00:00,2.86733055874947,2.93587039437695,1,17.59
2024-03-17 23:00:00,2.5687881337687,2.84531188293789,1,13.05
2024-03-18,2.2512917986065,2.80659554378155,1,9.5
2024-03-18 01:00:00,2.37769256548085,2.87380457557388,1,10.78
2024-03-18 02:00:00,1.82937633279936,2.91900635660622,1,6.23
2024-03-18 03:00:00,1.76130026174335,2.89631900273121,1,5.82
2024-03-18 04:00:00,1.71559810826249,3.07673454815193,1,5.56
2024-03-18 05:00:00,1.97823903617067,3.08317598353097,1,7.23
2024-03-18 06:00:00,2.22028985026722,2.75506273137662,1,9.21
2024-03-18 07:00:00,2.59001713419062,2.87470364467942,1,13.33
2024-03-18 08:00:00,2.68920711330073,2.38961299337605,1,14.72
2024-03-18 09:00:00,2.46809953147162,2.30386870475143,1,11.8
2024-03-18 10:00:00,2.30258509299405,2.12942814606886,1,10
2024-03-18 11:00:00,2.36273901581379,1.86298070915133,1,10.62
2024-03-18 12:00:00,2.26176309847379,1.91020195698619,1,9.6
2024-03-18 13:00:00,1.9387416595767,1.8364191550587,1,6.95
2024-03-18 14:00:00,1.97685495290473,1.6304553760891,1,7.22
2024-03-18 15:00:00,2.07317192866624,1.68426943742547,1,7.95
2024-03-18 16:00:00,1.89009536994892,1.80930662028005,1,6.62
2024-03-18 17:00:00,1.7561322915849,0.734171276405299,1,5.79
2024-03-18 18:00:00,1.78674692740451,1.67607402682621,1,5.97
2024-03-18 19:00:00,1.49514876603197,1.66638834656184,1,4.46
2024-03-18 20:00:00,1.45861502269952,2.05191949411925,1,4.3
2024-03-18 21:00:00,1.90359895098359,2.65996271027235,1,6.71
2024-03-18 22:00:00,2.12226153886276,2.89984977062542,1,8.35
2024-03-18 23:00:00,1.67335123817775,2.83526540299585,1,5.33
2024-03-19,1.96290772542388,2.63685471792549,1,7.12
2024-03-19 01:00:00,1.84687876844913,2.63060937952134,1,6.34
2024-03-19 02:00:00,1.92861865194525,2.6781591080141,1,6.88
2024-03-19 03:00:00,1.89009536994892,2.54903740478131,1,6.62
2024-03-19 04:00:00,2.02022218201986,2.81848716772754,1,7.54
2024-03-19 05:00:00,2.22570404865809,2.68163346438602,1,9.26
2024-03-19 06:00:00,2.51365606307399,3.17233190312144,1,12.35
2024-03-19 07:00:00,2.6049094421827,2.58691526457412,1,13.53
2024-03-19 08:00:00,2.8724340572095,2.52269727714106,1,17.68
2024-03-19 09:00:00,2.3887627892351,2.24488437302621,1,10.9
2024-03-19 10:00:00,2.39333945626251,2.09322816297948,1,10.95
2024-03-19 11:00:00,2.38600670113312,2.11891150776219,1,10.87
2024-03-19 12:00:00,2.47653840011748,1.87057541619418,1,11.9
2024-03-19 13:00:00,2.55489902160804,1.90073743432857,1,12.87
2024-03-19 14:00:00,2.6447553507299,1.84916894899962,1,14.08
2024-03-19 15:00:00,2.7047112998367,1.79556754240562,1,14.95
2024-03-19 16:00:00,2.81839825827108,2.02008733998609,1,16.75
2024-03-19 17:00:00,2.91560622907471,1.84264430051335,1,18.46
2024-03-19 18:00:00,2.8320361808832,2.23867523493428,1,16.98
2024-03-19 19:00:00,2.90908446682832,2.66490958715494,1,18.34
2024-03-19 20:00:00,3.29212628660779,2.64816077450873,1,26.9
2024-03-19 21:00:00,3.27865302890406,2.53883276147888,1,26.54
2024-03-19 22:00:00,3.24337329646859,2.70562120617855,1,25.62
2024-03-19 23:00:00,3.23514279733207,2.71865597326582,1,25.41
2024-03-20,2.89480635496403,2.66276097055026,1,18.08
2024-03-20 01:00:00,2.78562833574758,2.61546365942023,1,16.21
2024-03-20 02:00:00,2.73631366637507,2.50934144241272,1,15.43
2024-03-20 03:00:00,2.93492013415723,2.95999362702783,1,18.82
2024-03-20 04:00:00,2.85532011983725,2.89901549906247,1,17.38
2024-03-20 05:00:00,2.96165829322024,3.05489047092263,1,19.33
2024-03-20 06:00:00,3.09331260189286,3.21368877400992,1,22.05
2024-03-20 07:00:00,3.28728185753226,2.67365739648563,1,26.77
2024-03-20 08:00:00,3.21084365317094,2.48775125591778,1,24.8
2024-03-20 09:00:00,3.35305700633422,2.26174005644461,1,28.59
2024-03-20 10:00:00,3.29472513715164,2.01416530732622,1,26.97
2024-03-20 11:00:00,3.3221541743217,2.08677691643529,1,27.72
2024-03-20 12:00:00,3.32071013074947,2.02842708707789,1,27.68
2024-03-20 13:00:00,3.42881254869513,1.93004588281887,1,30.84
2024-03-20 14:00:00,3.54240755021368,2.24727919553576,1,34.55
2024-03-20 15:00:00,3.46009502290964,2.23675564872832,1,31.82
2024-03-20 16:00:00,3.56331623113859,2.19411346293381,1,35.28
2024-03-20 17:00:00,3.59264384623311,2.50171469827498,1,36.33
2024-03-20 18:00:00,3.5234150143864,2.61789696710781,1,33.9
2024-03-20 19:00:00,3.52547778217249,2.70774996525496,1,33.97
2024-03-20 20:00:00,3.54327548025514,2.77556593078127,1,34.58
2024-03-20 21:00:00,3.52871070196111,2.67366131928825,1,34.08
2024-03-20 22:00:00,3.40518940293169,2.54562202931743,1,30.12
2024-03-20 23:00:00,3.47630485414896,2.87169899147066,1,32.34
2024-03-21,3.39047341829918,2.74330595900489,1,29.68
2024-03-21 01:00:00,3.39952932456146,3.04025979716152,1,29.95
2024-03-21 02:00:00,3.47846701715346,3.07632570944388,1,32.41
2024-03-21 03:00:00,3.53251799898951,3.13137775349768,1,34.21
2024-03-21 04:00:00,3.46323277258161,3.19450888023067,1,31.92
2024-03-21 05:00:00,3.50735757749055,3.18236510432555,1,33.36
2024-03-21 06:00:00,3.45820763637894,3.10876415016286,1,31.76
2024-03-21 07:00:00,3.67781850675451,3.1511538257822,1,39.56
2024-03-21 08:00:00,3.82820651933504,2.86819320286106,1,45.98
2024-03-21 09:00:00,3.82929335782915,2.37618790530658,1,46.03
2024-03-21 10:00:00,3.71722392712308,2.29074448721122,1,41.15
2024-03-21 11:00:00,3.4626060097908,2.20325389098098,1,31.9
2024-03-21 12:00:00,2.74983173511717,2.21062753346465,1,15.64
2024-03-21 13:00:00,2.78377591163035,1.61527961589708,1,16.18
2024-03-21 14:00:00,2.56263899832835,2.3218742076438,1,12.97
2024-03-21 15:00:00,2.55877649835446,2.29142373647974,1,12.92
2024-03-21 16:00:00,1.89461685466776,2.22719420088483,1,6.65
2024-03-21 17:00:00,1.84371920815877,1.96910954328409,1,6.32
2024-03-21 18:00:00,2.47232786758114,2.54935935741224,1,11.85
2024-03-21 19:00:00,2.77881927199042,2.61892209515065,1,16.1
2024-03-21 20:00:00,2.62972823432674,2.37773317642633,1,13.87
2024-03-21 21:00:00,2.42745407503992,2.17804471413418,1,11.33
2024-03-21 22:00:00,2.08567209143047,2.2709421835883,1,8.05
2024-03-21 23:00:00,2.13060982825424,1.81400992193914,1,8.42
2024-03-22,2.44581926107995,2.13135249556707,1,11.54
2024-03-22 01:00:00,2.67690347210537,2.2774949961636,1,14.54
2024-03-22 02:00:00,2.67621547758219,2.29178173415359,1,14.53
2024-03-22 03:00:00,2.73566536813518,2.67008108450815,1,15.42
2024-03-22 04:00:00,2.64617479738412,2.51076689255227,1,14.1
2024-03-22 05:00:00,2.30956070673047,2.52107906927939,1,10.07
2024-03-22 06:00:00,2.14006616349627,2.18702953145337,1,8.5
2024-03-22 07:00:00,2.20497226412705,2.34723013464516,1,9.07
2024-03-22 08:00:00,2.09801792725277,2.10358556289394,1,8.15
2024-03-22 09:00:00,2.21375387928743,1.94228660454117,1,9.15
2024-03-22 10:00:00,2.01089499914473,1.88821716223257,1,7.47
2024-03-22 11:00:00,2.18380155700408,1.66714743715192,1,8.88
2024-03-22 12:00:00,1.80664808172181,1.30107156834231,1,6.09
2024-03-22 13:00:00,2.06051353179432,1.09451864894286,1,7.85
2024-03-22 14:00:00,2.10535292346434,1.13605302426913,1,8.21
2024-03-22 15:00:00,2.33795223683134,1.03582522223079,1,10.36
2024-03-22 16:00:00,2.06686275947298,1.42050640340422,1,7.9
2024-03-22 17:00:00,2.80336038090653,1.87567081595738,1,16.5
2024-03-22 18:00:00,2.68852753461335,2.12327170688882,1,14.71
2024-03-22 19:00:00,2.50552593699074,2.41935700855104,1,12.25
2024-03-22 20:00:00,2.28136145654242,2.52151152306899,1,9.79
2024-03-22 21:00:00,2.287471455184,2.32672438705102,1,9.85
2024-03-22 22:00:00,2.58097411853423,2.44792960588892,1,13.21
2024-03-22 23:00:00,3.0652583362026,2.56113686879473,1,21.44
2024-03-23,2.5687881337687,2.74577565535024,1,13.05
2024-03-23 01:00:00,2.66792241001143,2.60756555427223,1,14.41
2024-03-23 02:00:00,3.13679771383259,2.57908810613779,1,23.03
2024-03-23 03:00:00,2.86220088092947,2.77954190072128,1,17.5
2024-03-23 04:00:00,2.80638610182307,2.86680766206542,1,16.55
2024-03-23 05:00:00,2.98971420122843,2.90546377731155,1,19.88
2024-03-23 06:00:00,3.08739946207981,2.91713889186994,1,21.92
2024-03-23 07:00:00,3.26193531432865,2.8081308467966,1,26.1
2024-03-23 08:00:00,3.23985423125339,2.46814728658082,1,25.53
2024-03-23 09:00:00,3.13200989184654,2.62367127369761,1,22.92
2024-03-23 10:00:00,2.38600670113312,2.19074928418067,1,10.87
2024-03-23 11:00:00,1.84213567655312,1.29763360760078,1,6.31
2024-03-23 12:00:00,-0.301105092783922,0.766869005495705,1,0.74
2024-03-23 13:00:00,-0.162518929497775,0.889840721381399,1,0.85
2024-03-23 14:00:00,0.231111720963387,1.43192116769898,1,1.26
2024-03-23 15:00:00,0.717839793150317,1.85089484498133,1,2.05
2024-03-23 16:00:00,1.31372366828506,1.85309160815576,1,3.72
2024-03-23 17:00:00,1.65249740189455,1.85504783582145,1,5.22
2024-03-23 18:00:00,1.67896397508271,2.08081012194895,1,5.36
2024-03-23 19:00:00,1.95302761682418,2.73539704846808,1,7.05
2024-03-23 20:00:00,2.37211115564266,2.74979689800664,1,10.72
2024-03-23 21:00:00,2.24389609664537,2.61596667642079,1,9.43
2024-03-23 22:00:00,1.9823798288367,2.95387371537162,1,7.26
2024-03-23 23:00:00,1.56653041142282,2.867795089376,1,4.79
2024-03-24,1.32707500145992,2.67796840253102,1,3.77
2024-03-24 01:00:00,1.80500469597808,2.67052143981683,1,6.08
2024-03-24 02:00:00,1.17557332980424,2.52257569638435,1,3.24
2024-03-24 03:00:00,1.53686721959926,2.32618793391674,1,4.65
2024-03-24 04:00:00,1.18172719537862,2.49025499119032,1,3.26
2024-03-24 05:00:00,1.30562645805244,2.6905225993956,1,3.69
2024-03-24 06:00:00,1.56653041142282,2.86397417773831,1,4.79
2024-03-24 07:00:00,1.39376637595859,2.08902629344384,1,4.03
2024-03-24 08:00:00,1.39871688111845,1.76625475997802,1,4.05
2024-03-24 09:00:00,1.27536280041261,1.29514440351405,1,3.58
2024-03-24 10:00:00,0.841567185678219,1.17133582176839,1,2.32
2024-03-24 11:00:00,0.732367893713227,1.04213783422361,1,2.08
2024-03-24 12:00:00,0.65232518603969,1.55948198275674,1,1.92
2024-03-24 13:00:00,1.02604159583327,1.54557635943818,1,2.79
2024-03-24 14:00:00,0.717839793150317,1.70793259092718,1,2.05
2024-03-24 15:00:00,0.993251773010283,1.86068740993017,1,2.7
2024-03-24 16:00:00,1.18172719537862,1.84648417447963,1,3.26
2024-03-24 17:00:00,1.22377543162212,1.63680067594281,1,3.4
2024-03-24 18:00:00,2.39333945626251,1.82601187546721,1,10.95
2024-03-24 19:00:00,1.26976054486394,1.88742878432367,1,3.56
2024-03-24 20:00:00,1.21194097397511,2.00034220225146,1,3.36
2024-03-24 21:00:00,0.936093359170335,1.69788870537274,1,2.55
2024-03-24 22:00:00,1.53039470509365,1.82082897575207,1,4.62
2024-03-24 23:00:00,0.815364813284194,1.59531287796116,1,2.26
2024-03-25,0.641853886172395,1.85295911737719,1,1.9
2024-03-25 01:00:00,0.357674444271816,1.43948348574835,1,1.43
2024-03-25 02:00:00,0.609765571620894,1.23411995743862,1,1.84
2024-03-25 03:00:00,0.371563556432483,1.67428958256207,1,1.45
2024-03-25 04:00:00,0.717839793150317,1.60333531722652,1,2.05
2024-03-25 05:00:00,0.398776119957368,1.52583438488156,1,1.49
2024-03-25 06:00:00,0.19062035960865,1.50463065102938,1,1.21
2024-03-25 07:00:00,0.300104592450338,1.54178138521439,1,1.35
2024-03-25 08:00:00,0.444685821261446,2.13974339524052,1,1.56
2024-03-25 09:00:00,0.444685821261446,1.79044436135349,1,1.56
2024-03-25 10:00:00,0.756121979721334,1.96880186041746,1,2.13
2024-03-25 11:00:00,0.559615787935423,1.87514968616957,1,1.75
2024-03-25 12:00:00,0.940007258491471,2.36484732616412,1,2.56
2024-03-25 13:00:00,0.867100487683383,2.23102359156671,1,2.38
2024-03-25 14:00:00,0.837247524533702,1.8239701900443,1,2.31
2024-03-25 15:00:00,0.765467842139571,1.94434284639037,1,2.15
2024-03-25 16:00:00,1.40609698841607,2.23756299377665,1,4.08
2024-03-25 17:00:00,0.989541193613748,2.13771326680297,1,2.69
2024-03-25 18:00:00,1.93441576962958,2.36381808116456,1,6.92
2024-03-25 19:00:00,2.22786154679811,2.66222388599359,1,9.28
2024-03-25 20:00:00,2.46129678414887,3.05315514129765,1,11.72
2024-03-25 21:00:00,2.66792241001143,2.99756276554615,1,14.41
2024-03-25 22:00:00,2.94180393152844,3.04779286417099,1,18.95
2024-03-25 23:00:00,3.2861605716738,3.11030562948264,1,26.74
2024-03-26,3.44201937618241,3.14963396905326,1,31.25
2024-03-26 01:00:00,2.68102152871429,3.00786458290141,1,14.6
2024-03-26 02:00:00,3.04070563919672,2.9850708883748,1,20.92
2024-03-26 03:00:00,2.80275413657151,3.02874514817749,1,16.49
2024-03-26 04:00:00,2.92046978905344,3.12297799019921,1,18.55
2024-03-26 05:00:00,3.14931136148229,3.10757164192753,1,23.32
2024-03-26 06:00:00,3.03591406318682,3.02643032000524,1,20.82
2024-03-26 07:00:00,2.99071973173045,2.60167188800154,1,19.9
2024-03-26 08:00:00,1.88706964903238,1.70575224916437,1,6.6
2024-03-26 09:00:00,1.80005827204275,1.10890357986898,1,6.05
2024-03-26 10:00:00,1.73695123273306,1.3961637291834,1,5.68
2024-03-26 11:00:00,1.77495235091167,0.932152852823183,1,5.9
2024-03-26 12:00:00,1.8531680973567,0.633837870695128,1,6.38
2024-03-26 13:00:00,1.72988406550997,0.712038752015625,1,5.64
2024-03-26 14:00:00,1.95018670582257,0.501447838178721,1,7.03
2024-03-26 15:00:00,1.76473079684014,0.409234430442953,1,5.84
2024-03-26 16:00:00,1.73695123273306,0.493378123965606,1,5.68
2024-03-26 17:00:00,2.07944154167984,1.19087367480541,1,8
2024-03-26 18:00:00,2.64971462408925,2.39070673707779,1,14.15
2024-03-26 19:00:00,2.32825283974262,2.29532388366855,1,10.26
2024-03-26 20:00:00,2.91017438519234,2.47327603213753,1,18.36
2024-03-26 21:00:00,2.60194867021966,2.19928743189179,1,13.49
2024-03-26 22:00:00,2.49155119250667,2.06161703938535,1,12.08
2024-03-26 23:00:00,2.27315628230323,2.01254345395301,1,9.71
2024-03-27,2.42036812865043,2.24608548726121,1,11.25
2024-03-27 01:00:00,2.11384296839717,2.2418945890963,1,8.28
2024-03-27 02:00:00,2.1770218700187,2.36181314596218,1,8.82
2024-03-27 03:00:00,2.36179695262589,2.54289620972961,1,10.61
2024-03-27 04:00:00,2.54317555791198,2.47436608668747,1,12.72
2024-03-27 05:00:00,2.43449016387398,2.10370384303016,1,11.41
2024-03-27 06:00:00,1.69744878975681,1.28520861598994,1,5.46
2024-03-27 07:00:00,1.72097928716701,1.02813746240344,1,5.59
2024-03-27 08:00:00,1.6094379124341,1.21725572639634,1,5
2024-03-27 09:00:00,1.64480505627139,1.38130107335456,1,5.18
2024-03-27 10:00:00,1.66013102674962,0.779035858029481,1,5.26
2024-03-27 11:00:00,1.67896397508271,0.766524817617159,1,5.36
2024-03-27 12:00:00,1.84530023615608,0.51177186844108,1,6.33
2024-03-27 13:00:00,1.80170980008122,0.698594054583768,1,6.06
2024-03-27 14:00:00,1.77155676191054,0.961434545125358,1,5.88
2024-03-27 15:00:00,1.57691472072854,0.221535888427783,1,4.84
2024-03-27 16:00:00,1.67709656090792,0.898175006673425,1,5.35
2024-03-27 17:00:00,2.42125662271154,1.3861287760678,1,11.26
2024-03-27 18:00:00,2.11384296839717,1.62890479721304,1,8.28
2024-03-27 19:00:00,2.35991015961332,1.67014148248776,1,10.59
2024-03-27 20:00:00,2.47401420862158,1.6952272070281,1,11.87
2024-03-27 21:00:00,2.6658383522929,2.25990395391437,1,14.38
2024-03-27 22:00:00,2.4932054526027,1.72912823837419,1,12.1
2024-03-27 23:00:00,2.30558060197384,1.03881407538294,1,10.03
2024-03-28,2.33214389523559,1.85032273807502,1,10.3
2024-03-28 01:00:00,2.40784560365154,1.85318013722568,1,11.11
2024-03-28 02:00:00,2.35137525716348,0.696243094515091,1,10.5
2024-03-28 03:00:00,1.86717610851281,0.631203103760742,1,6.47
2024-03-28 04:00:00,-0.162518929497775,0.965753717405468,1,0.85
2024-03-28 05:00:00,-0.891598119283784,1.50286093171032,1,0.41
2024-03-28 06:00:00,0,1.66634930256946,1,1
2024-03-28 07:00:00,0.0953101798043249,1.48700625737503,1,1.1
2024-03-28 08:00:00,0.438254930931155,1.40185663716725,1,1.55
2024-03-28 09:00:00,0.398776119957368,0.837842952782833,1,1.49
2024-03-28 10:00:00,0.412109650826833,0.560319499217807,1,1.51
2024-03-28 11:00:00,0.494696241836107,0.126205555164423,1,1.64
2024-03-28 12:00:00,0.246860077931526,0.244705773279835,1,1.28
2024-03-28 13:00:00,0.364643113587909,0.850800592950577,1,1.44
2024-03-28 14:00:00,0.832909122935104,0.639632920267916,1,2.3
2024-03-28 15:00:00,0.770108221696074,1.00883944308927,1,2.16
2024-03-28 16:00:00,0.963174317773006,1.07856793495298,1,2.62
2024-03-28 17:00:00,1.55603713570699,1.72668129582205,1,4.74
2024-03-28 18:00:00,1.5993875765806,1.91497438636217,1,4.95
2024-03-28 19:00:00,1.58923520511658,2.52834030864765,1,4.9
2024-03-28 20:00:00,1.58923520511658,2.35118418820668,1,4.9
2024-03-28 21:00:00,1.30291275218084,2.16550821151284,1,3.68
2024-03-28 22:00:00,1.13783300182139,2.14713437264262,1,3.12
2024-03-28 23:00:00,1.14103300455206,2.32318765968631,1,3.13
2024-03-29,1.14740245283754,2.30018837161979,1,3.15
2024-03-29 01:00:00,1.40609698841607,2.7098873341698,1,4.08
2024-03-29 02:00:00,1.83258146374831,2.75267898760041,1,6.25
2024-03-29 03:00:00,2.089391872533,2.78426652020125,1,8.08
2024-03-29 04:00:00,1.76985463384001,2.82406461628012,1,5.87
2024-03-29 05:00:00,1.89761985992753,2.8417211122333,1,6.67
2024-03-29 06:00:00,1.88706964903238,2.66990821584579,1,6.6
2024-03-29 07:00:00,2.53449014997683,2.94333533445269,1,12.61
2024-03-29 08:00:00,2.2512917986065,2.47635306251235,1,9.5
2024-03-29 09:00:00,1.9823798288367,2.58045679392249,1,7.26
2024-03-29 10:00:00,2.06686275947298,2.15911010778906,1,7.9
2024-03-29 11:00:00,1.8531680973567,1.87818034062767,1,6.38
2024-03-29 12:00:00,1.96711235670592,2.16249970362127,1,7.15
2024-03-29 13:00:00,2.12226153886276,2.21862634857722,1,8.35
2024-03-29 14:00:00,2.03208784529637,2.17407812373805,1,7.63
2024-03-29 15:00:00,1.87640694328834,1.61367077416554,1,6.53
2024-03-29 16:00:00,1.91985947185537,1.46505817180774,1,6.82
2024-03-29 17:00:00,2.23323501485925,2.22326101766847,1,9.33
2024-03-29 18:00:00,2.63691217326887,2.396744691915,1,13.97
2024-03-29 19:00:00,2.86220088092947,2.26948459160492,1,17.5
2024-03-29 20:00:00,3.13331793650655,2.75968953850333,1,22.95
2024-03-29 21:00:00,3.27070897350822,2.82615095411591,1,26.33
2024-03-29 22:00:00,3.82034621685624,2.75161973771335,1,45.62
2024-03-29 23:00:00,3.53485376647483,2.63749180251532,1,34.29
2024-03-30,3.14113047624335,2.46265351393984,1,23.13
2024-03-30 01:00:00,3.15273602236366,2.64299478063032,1,23.4
2024-03-30 02:00:00,2.87863650167774,2.63768466452013,1,17.79
2024-03-30 03:00:00,2.7033726115511,2.64713144513108,1,14.93
2024-03-30 04:00:00,2.8130106367387,2.78552073428104,1,16.66
2024-03-30 05:00:00,2.65324196460721,2.71878235901836,1,14.2
2024-03-30 06:00:00,2.56263899832835,2.79573790532551,1,12.97
2024-03-30 07:00:00,2.73696154459663,2.85816584885162,1,15.44
2024-03-30 08:00:00,2.79300390698237,2.6323113803822,1,16.33
2024-03-30 09:00:00,2.53765721517353,2.05744312661348,1,12.65
2024-03-30 10:00:00,2.93492013415723,1.90972088525664,1,18.82
2024-03-30 11:00:00,3.64753649057955,1.7290046364632,1,38.38
2024-03-30 12:00:00,4.17392562489244,1.87875930134027,1,64.97
2024-03-30 13:00:00,4.46877756108254,1.58802957289151,1,87.25
2024-03-30 14:00:00,4.5940081212819,1.30422882110986,1,98.89
2024-03-30 15:00:00,4.51983013882108,0.882127023245437,1,91.82
2024-03-30 16:00:00,4.41763506214125,0.924965336018214,1,82.9
2024-03-30 17:00:00,4.37096568731446,1.66979261389373,1,79.12
2024-03-30 18:00:00,4.27888587575437,2.125420064617,1,72.16
2024-03-30 19:00:00,4.23236586011947,2.24708052456156,1,68.88
2024-03-30 20:00:00,3.9581429410417,1.6843624683564,1,52.36
2024-03-30 21:00:00,3.85121086603139,1.8514906917244,1,47.05
2024-03-30 22:00:00,3.97799799435168,2.31718076076675,1,53.41
2024-03-30 23:00:00,3.81881062370597,2.33414165562064,1,45.55
2024-03-31,3.78532535238219,2.44103463614851,1,44.05
2024-03-31 01:00:00,3.83189696094886,2.24158141481384,1,46.15
2024-03-31 03:00:00,3.73766961828337,2.28686333326787,1,42
2024-03-31 05:00:00,3.82450240789865,2.43570521002999,1,45.81
2024-03-31 06:00:00,3.81815178981808,2.57377749433693,1,45.52
2024-03-31 07:00:00,3.69411572090918,2.50710324805896,1,40.21
2024-03-31 08:00:00,3.87182581567673,2.57446637476052,1,48.03
2024-03-31 09:00:00,4.00678758187257,2.08072951415718,1,54.97
2024-03-31 10:00:00,4.03724497018153,1.78203578151543,1,56.67
2024-03-31 11:00:00,4.13580635202969,1.55440100775506,1,62.54
2024-03-31 12:00:00,4.09684144242069,1.71282939247363,1,60.15
2024-03-31 13:00:00,4.11218448035043,1.77819520958492,1,61.08
2024-03-31 14:00:00,4.21994878435697,1.36726800043583,1,68.03
2024-03-31 15:00:00,4.34989076464381,1.338562368424,1,77.47
2024-03-31 16:00:00,4.25688849140738,1.53507242465867,1,70.59
2024-03-31 17:00:00,4.27207225000583,1.63739786885747,1,71.67
2024-03-31 18:00:00,4.31521887409227,1.40325998617006,1,74.83
2024-03-31 19:00:00,4.24920927278302,2.1214432232172,1,70.05
2024-03-31 20:00:00,4.28689143955884,2.26701123582743,1,72.74
2024-03-31 21:00:00,4.12374153907289,2.27584579113012,1,61.79
2024-03-31 22:00:00,4.15528286032718,2.49729583995542,1,63.77
2024-03-31 23:00:00,4.0913400532018,2.38637522819454,1,59.82
2024-04-01,4.01367665915465,2.44992673948491,1,55.35
2024-04-01 01:00:00,4.06491575153129,2.35813088022737,1,58.26
2024-04-01 02:00:00,3.87182581567673,2.62680397255974,1,48.03
2024-04-01 03:00:00,3.90901849640785,2.3686806233782,1,49.85
2024-04-01 04:00:00,4.03459455781633,2.68406804309973,1,56.52
2024-04-01 05:00:00,4.07278038430626,2.6307370369192,1,58.72
2024-04-01 06:00:00,4.06491575153129,2.69060734203764,1,58.26
2024-04-01 07:00:00,3.9231607498386,2.59871038616061,1,50.56
2024-04-01 08:00:00,3.68762867221228,2.34812663222694,1,39.95
2024-04-01 09:00:00,3.14802408389625,1.69628642837039,1,23.29
2024-04-01 10:00:00,2.95073490762326,1.74282582213844,1,19.12
2024-04-01 11:00:00,2.83673654206353,1.39359214195401,1,17.06
2024-04-01 12:00:00,2.83438912314523,1.65922186269923,1,17.02
2024-04-01 13:00:00,2.77071196222692,1.0534788461415,1,15.97
2024-04-01 14:00:00,2.60712428251225,0.442717527163409,1,13.56
2024-04-01 15:00:00,2.42125662271154,0.775998471549756,1,11.26
2024-04-01 16:00:00,1.30833281965018,0.960032842420676,1,3.7
2024-04-01 17:00:00,0.989541193613748,1.28318090635024,1,2.69
2024-04-01 18:00:00,0.693147180559945,1.42557101408462,1,2
2024-04-01 19:00:00,0.524728528934982,1.63126526316213,1,1.69
2024-04-01 20:00:00,0.765467842139571,1.74565780916151,1,2.15
2024-04-01 21:00:00,0.806475865866949,1.80240917316556,1,2.24
2024-04-01 22:00:00,0.165514438477573,1.77407579530679,1,1.18
2024-04-01 23:00:00,-0.116533816255952,1.55422608584018,1,0.89
2024-04-02,0.165514438477573,1.59822804247068,0,1.18
2024-04-02 01:00:00,-0.139262067333508,1.60112566024464,0,0.87
2024-04-02 02:00:00,2.24812890719799,1.79974478299527,0,9.47
2024-04-02 03:00:00,0.307484699747961,1.76074185786522,0,1.36
2024-04-02 04:00:00,0.285178942233662,1.83472654965222,0,1.33
2024-04-02 05:00:00,0.336472236621213,1.85126578337622,0,1.4
2024-04-02 06:00:00,0.625938430866495,1.83365638000317,0,1.87
2024-04-02 07:00:00,0.542324290825362,1.88457123305468,0,1.72
2024-04-02 08:00:00,0.444685821261446,1.82833481552816,0,1.56
2024-04-02 09:00:00,0.500775287912489,1.71828727112205,0,1.65
2024-04-02 10:00:00,1.04027671165515,1.57163821419641,0,2.83
2024-04-02 11:00:00,0.703097511413113,1.31605480167036,0,2.02
2024-04-02 12:00:00,0.708035793053696,1.26582192649615,0,2.03
2024-04-02 13:00:00,0.641853886172395,1.2479332379417,0,1.9
2024-04-02 14:00:00,0.27002713721306,1.30366213590454,0,1.31
2024-04-02 15:00:00,0.741937344729377,1.3841819894275,0,2.1
2024-04-02 16:00:00,1.04731899428056,1.2564551300625,0,2.85
2024-04-02 17:00:00,1.13783300182139,1.36175343835862,0,3.12
2024-04-02 18:00:00,0.792992515529661,1.31609393652537,0,2.21
2024-04-02 19:00:00,1.63899671467564,1.51974956327818,0,5.15
2024-04-02 20:00:00,1.57277392806251,1.64834807894158,0,4.82
2024-04-02 21:00:00,1.47017584510059,1.76028091125946,0,4.35
2024-04-02 22:00:00,1.44926916028128,1.79802353678481,0,4.26
2024-04-02 23:00:00,1.66959183525385,1.8161248874537,0,5.31
2024-04-03,1.8213182714696,1.8932253846178,0,6.18
2024-04-03 01:00:00,1.23837423104327,1.75720362533323,0,3.45
2024-04-03 02:00:00,1.01523067972906,1.63085768976794,0,2.76
2024-04-03 03:00:00,2.2170272046324,1.71343009082547,0,9.18
2024-04-03 04:00:00,2.29253475714054,1.7439898533947,0,9.9
2024-04-03 05:00:00,2.07944154167984,1.86910393797614,0,8
2024-04-03 06:00:00,1.76644166124377,1.97117772773579,0,5.85
2024-04-03 07:00:00,2.17475172148416,2.01084655911774,0,8.8
2024-04-03 08:00:00,1.50629715351459,1.8936568866555,0,4.51
2024-04-03 09:00:00,2.06686275947298,1.73790591335746,0,7.9
2024-04-03 10:00:00,2.50634193050807,1.61729589874075,0,12.26
2024-04-03 11:00:00,1.3609765531356,1.54133936185151,0,3.9
2024-04-03 12:00:00,1.47704872438835,1.5360204030766,0,4.38
2024-04-03 13:00:00,1.7561322915849,1.56109411638357,0,5.79
2024-04-03 14:00:00,0.512823626428664,1.70383373618362,0,1.67
2024-04-03 15:00:00,0.936093359170335,1.6816974969829,0,2.55
2024-04-03 16:00:00,1.22082992139236,1.63722551291738,0,3.39
2024-04-03 17:00:00,1.28093384546206,1.53004216703496,0,3.6
2024-04-03 18:00:00,2.00955541421567,1.47990784422673,0,7.46
2024-04-03 19:00:00,2.48906465993666,1.50492989352147,0,12.05
2024-04-03 20:00:00,1.98650354602057,1.26838997716427,0,7.29
2024-04-03 21:00:00,1.16315080980568,1.79814221041231,0,3.2
2024-04-03 22:00:00,1.65441127807683,2.02816573951541,0,5.23
2024-04-03 23:00:00,2.99423114742772,2.01197324544401,0,19.97
2024-04-04,1.91985947185537,1.9402611783851,0,6.82
2024-04-04 01:00:00,0.883767540168595,1.88560377825529,0,2.42
2024-04-04 02:00:00,0.307484699747961,1.91709926839579,0,1.36
2024-04-04 03:00:00,0.912282710476616,2.02466681774901,0,2.49
2024-04-04 04:00:00,0.837247524533702,2.15136833813919,0,2.31
2024-04-04 05:00:00,1.22377543162212,2.23802417346575,0,3.4
2024-04-04 06:00:00,1.84687876844913,2.22498701129718,0,6.34
2024-04-04 07:00:00,2.14006616349627,2.1896073226705,0,8.5
2024-04-04 08:00:00,1.04731899428056,2.12745866902175,0,2.85
2024-04-04 09:00:00,0.912282710476616,1.82228334908554,0,2.49
2024-04-04 10:00:00,0.570979546585738,1.62300190835253,0,1.77
2024-04-04 11:00:00,0.703097511413113,1.67280373021652,0,2.02
2024-04-04 12:00:00,0.364643113587909,1.4976952986233,0,1.44
2024-04-04 13:00:00,0.524728528934982,1.60286584398813,0,1.69
2024-04-04 14:00:00,1.01884732019925,1.77786897957672,0,2.77
2024-04-04 15:00:00,0.683096844706444,1.4834552294071,0,1.98
2024-04-04 16:00:00,0.802001585472027,1.35312716624147,0,2.23
2024-04-04 17:00:00,0.732367893713227,1.30009195298907,0,2.08
2024-04-04 18:00:00,0.900161349944271,1.44917521910779,0,2.46
2024-04-04 19:00:00,1.20297230399235,1.7222616086239,0,3.33
2024-04-04 20:00:00,1.28370777234479,1.80112630119112,0,3.61
2024-04-04 21:00:00,1.19392246847243,1.85496477776879,0,3.3
2024-04-04 22:00:00,1.15688119679209,1.8446647116909,0,3.18
2024-04-04 23:00:00,1.10856261952128,2.00772709896215,0,3.03
2024-04-05,1.18784342239605,1.93985975527161,0,3.28
2024-04-05 01:00:00,1.09192330051731,2.05986355086405,0,2.98
2024-04-05 02:00:00,1.63119940421561,2.13068764181995,0,5.11
2024-04-05 03:00:00,1.65057985576528,2.13289048035768,0,5.21
2024-04-05 04:00:00,1.89311196348834,2.01739627715045,0,6.64
2024-04-05 05:00:00,2.1540850846756,2.09576391946735,0,8.62
2024-04-05 06:00:00,2.13653050866396,2.07003065063613,0,8.47
2024-04-05 07:00:00,2.1938856760707,2.19712260884141,0,8.97
2024-04-05 08:00:00,2.45702144629846,2.10130447965172,0,11.67
2024-04-05 09:00:00,2.3646204839135,2.17314975697822,0,10.64
2024-04-05 10:00:00,2.21375387928743,2.13230304305495,0,9.15
2024-04-05 11:00:00,2.11625551480255,2.04255340422578,0,8.3
2024-04-05 12:00:00,1.79674701073909,1.99632864899333,0,6.03
2024-04-05 13:00:00,1.17865499634165,1.7029262171232,0,3.25
2024-04-05 14:00:00,0.792992515529661,1.76902275811718,0,2.21
2024-04-05 15:00:00,0.732367893713227,1.62675612542085,0,2.08
2024-04-05 16:00:00,0.837247524533702,1.56627827724187,0,2.31
2024-04-05 17:00:00,0.912282710476616,1.67189267088804,0,2.49
2024-04-05 18:00:00,1.00063188030791,1.64458163958484,0,2.72
2024-04-05 19:00:00,1.45395300959371,1.74396732683173,0,4.28
2024-04-05 20:00:00,1.16938135955632,1.93172200518077,0,3.22
2024-04-05 21:00:00,2.77757626375082,2.28732224773336,0,16.08
2024-04-05 22:00:00,2.18041745901984,2.19994278022969,0,8.85
2024-04-05 23:00:00,1.20896034583698,2.30909446099218,0,3.35
2024-04-06,1.26412672714568,2.24025505459932,0,3.54
2024-04-06 01:00:00,2.06939120582633,2.23907303683325,0,7.92
2024-04-06 02:00:00,1.64480505627139,2.23140787178787,0,5.18
2024-04-06 03:00:00,1.47932922708708,2.23339083947697,0,4.39
2024-04-06 04:00:00,1.22964055107451,2.29691170983721,0,3.42
2024-04-06 05:00:00,1.68824909285839,2.38807292104823,0,5.41
2024-04-06 06:00:00,1.80005827204275,2.4155311804489,0,6.05
2024-04-06 07:00:00,2.35137525716348,2.41279776433514,0,10.5
2024-04-06 08:00:00,2.60046499042227,2.47162539709482,0,13.47
2024-04-06 09:00:00,1.15688119679209,2.31165538354004,0,3.18
2024-04-06 10:00:00,0.751416088683921,2.09904610651997,0,2.12
2024-04-06 11:00:00,0.815364813284194,1.9662550338591,0,2.26
2024-04-06 12:00:00,0.883767540168595,2.07540453702956,0,2.42
2024-04-06 13:00:00,0.920282753143692,2.02386980357532,0,2.51
2024-04-06 14:00:00,0.824175442966349,2.02119222284911,0,2.28
2024-04-06 15:00:00,0.641853886172395,1.98949647096618,0,1.9
2024-04-06 16:00:00,0.657520002916794,1.92029016471614,0,1.93
2024-04-06 17:00:00,0.512823626428664,1.88233798330336,0,1.67
2024-04-06 18:00:00,0.845868267577609,1.99933737691714,0,2.33
2024-04-06 19:00:00,1.7561322915849,2.06704061119652,0,5.79
2024-04-06 20:00:00,1.76130026174335,2.12699073110222,0,5.82
2024-04-06 21:00:00,1.97962120639763,2.20884563651664,0,7.24
2024-04-06 22:00:00,2.04122032885964,2.34142910561844,0,7.7
2024-04-06 23:00:00,2.51930807650533,2.35141750491857,0,12.42
2024-04-07,2.25444471766611,2.18424570402856,0,9.53
2024-04-07 01:00:00,2.09556092355972,2.14880824228035,0,8.13
2024-04-07 02:00:00,1.82454929205105,2.10387788914922,0,6.2
2024-04-07 03:00:00,1.63510565918268,2.13287293784568,0,5.13
2024-04-07 04:00:00,1.62924053973028,2.08431975531994,0,5.1
2024-04-07 05:00:00,1.68268837417369,2.15008916076386,0,5.38
2024-04-07 06:00:00,1.7263316639056,2.12881845593726,0,5.62
2024-04-07 07:00:00,1.79175946922805,2.2056482192237,0,6
2024-04-07 08:00:00,2.06939120582633,2.39479637519807,0,7.92
2024-04-07 09:00:00,2.08318452795867,2.39783131358908,0,8.03
2024-04-07 10:00:00,2.45100509811232,2.23228265476311,0,11.6
2024-04-07 11:00:00,2.12465388450138,2.20753962687052,0,8.37
2024-04-07 12:00:00,1.42310833424261,2.09364511988238,0,4.15
2024-04-07 13:00:00,1.49514876603197,2.0270419134966,0,4.46
2024-04-07 14:00:00,1.71918877639322,1.96474099921685,0,5.58
2024-04-07 15:00:00,1.81319474994812,2.07899956667645,0,6.13
2024-04-07 16:00:00,2.06051353179432,2.14321811687063,0,7.85
2024-04-07 17:00:00,2.13888900032326,2.10973566859924,0,8.49
2024-04-07 18:00:00,2.07317192866624,2.22765745416146,0,7.95
2024-04-07 19:00:00,2.09556092355972,1.98216069165074,0,8.13
2024-04-07 20:00:00,2.10169215061466,2.20930434528096,0,8.18
2024-04-07 21:00:00,2.15640258281596,2.31108812609227,0,8.64
2024-04-07 22:00:00,2.06051353179432,2.20896922287941,0,7.85
2024-04-07 23:00:00,2.08318452795867,2.23639802751785,0,8.03
2024-04-08,2.00148000021012,2.05083470802552,0,7.4
2024-04-08 01:00:00,2.08567209143047,2.06548315494428,0,8.05
2024-04-08 02:00:00,2.18041745901984,2.18283209334197,0,8.85
2024-04-08 03:00:00,2.24177295359729,2.14710731303465,0,9.41
2024-04-08 04:00:00,2.17247640764703,2.23095428663398,0,8.78
2024-04-08 05:00:00,2.25967759198277,2.17142286232555,0,9.58
2024-04-08 06:00:00,2.23001440015921,2.17203526544052,0,9.3
2024-04-08 07:00:00,2.38600670113312,2.20317001113101,0,10.87
2024-04-08 08:00:00,2.45272775142377,2.26899840565404,0,11.62
2024-04-08 09:00:00,2.61666563930036,2.36017275905958,0,13.69
2024-04-08 10:00:00,2.75937682826755,2.22386881967714,0,15.79
2024-04-08 11:00:00,2.35232718488886,2.24221042054631,0,10.51
2024-04-08 12:00:00,2.22462355152433,2.17265881761812,0,9.25
2024-04-08 13:00:00,2.26384426467762,2.14574119773308,0,9.62
2024-04-08 14:00:00,2.27109442590267,2.02079621396442,0,9.69
2024-04-08 15:00:00,2.2554934854602,2.10773680830303,0,9.54
2024-04-08 16:00:00,2.18605127673809,2.07934007177473,0,8.9
2024-04-08 17:00:00,2.29455292129678,2.13139737755464,0,9.92
2024-04-08 18:00:00,2.2512917986065,1.94085997629878,0,9.5
2024-04-08 19:00:00,2.23108909128898,2.23281756069187,0,9.31
2024-04-08 20:00:00,2.1770218700187,2.0218969708252,0,8.82
2024-04-08 21:00:00,2.2523438765573,2.25783573693457,0,9.51
2024-04-08 22:00:00,2.35137525716348,2.28376155011156,0,10.5
2024-04-08 23:00:00,2.36368019235386,2.27529384992734,0,10.63
2024-04-09,2.33988087773774,2.16347988891651,0,10.38
2024-04-09 01:00:00,2.50225528812261,2.17492354829288,0,12.21
2024-04-09 02:00:00,2.37769256548085,2.21241930270768,0,10.78
2024-04-09 03:00:00,2.31845844215034,2.191833349175,0,10.16
2024-04-09 04:00:00,2.33214389523559,2.22037990119618,0,10.3
2024-04-09 05:00:00,2.32042501112238,2.18724948463538,0,10.18
2024-04-09 06:00:00,2.14006616349627,2.19300004865556,0,8.5
2024-04-09 07:00:00,1.96009478404727,2.27630091206146,0,7.1
2024-04-09 08:00:00,2.04381436403668,2.42869160685464,0,7.72
2024-04-09 09:00:00,1.69009581545155,2.26376886984215,0,5.42
2024-04-09 10:00:00,1.49065437644413,2.09512931772099,0,4.44
2024-04-09 11:00:00,1.5993875765806,2.07336201767558,0,4.95
2024-04-09 12:00:00,1.80005827204275,2.02099168464233,0,6.05
2024-04-09 13:00:00,1.99877363861238,1.89247001463358,0,7.38
2024-04-09 14:00:00,2.05284085988266,1.99313220509977,0,7.79
2024-04-09 15:00:00,2.2082744135228,1.9233226728847,0,9.1
2024-04-09 16:00:00,2.34564458245449,2.05774904470621,0,10.44
2024-04-09 17:00:00,3.29286950477653,1.65750814320853,0,26.92
2024-04-09 18:00:00,3.21767510429168,1.61987445879171,0,24.97
2024-04-09 19:00:00,2.43973493114128,1.48696304672691,0,11.47
2024-04-09 20:00:00,1.63899671467564,1.60464391918692,0,5.15
2024-04-09 21:00:00,1.27815220250019,1.62990973650058,0,3.59
2024-04-09 22:00:00,0.858661619037519,1.51263570097941,0,2.36
2024-04-09 23:00:00,0.693147180559945,1.68591085130832,0,2
2024-04-10,0.609765571620894,1.6510308419016,0,1.84
2024-04-10 01:00:00,0.703097511413113,1.73869407972971,0,2.02
2024-04-10 02:00:00,0.963174317773006,1.87227855945801,0,2.62
2024-04-10 03:00:00,0.683096844706444,1.99160403723435,0,1.98
2024-04-10 04:00:00,0.56531380905006,2.09135301637737,0,1.76
2024-04-10 05:00:00,0.845868267577609,2.09023801406432,0,2.33
2024-04-10 06:00:00,0.779324876800998,2.06586280825074,0,2.18
2024-04-10 07:00:00,1.10856261952128,2.16251106010122,0,3.03
2024-04-10 08:00:00,1.07158361628019,2.18265731604088,0,2.92
2024-04-10 09:00:00,1.06471073699243,2.10401894078101,0,2.9
2024-04-10 10:00:00,1.61541998411165,2.04815233478308,0,5.03
2024-04-10 11:00:00,1.41827740697294,1.90756671259558,0,4.13
2024-04-10 12:00:00,1.31372366828506,1.79234563197783,0,3.72
2024-04-10 13:00:00,1.07158361628019,1.74652956391865,0,2.92
2024-04-10 14:00:00,1.25276296849537,1.74675578138323,0,3.5
2024-04-10 15:00:00,1.11514159061932,1.62977970005834,0,3.05
2024-04-10 16:00:00,1.30019166206648,1.61916208010435,0,3.67
2024-04-10 17:00:00,1.27815220250019,1.69920140515009,0,3.59
2024-04-10 18:00:00,1.3787660946991,1.65574808608069,0,3.97
2024-04-10 19:00:00,1.38128181929635,1.92511859467784,0,3.98
2024-04-10 20:00:00,2.44581926107995,2.0139725692744,0,11.54
2024-04-10 21:00:00,2.27624111765444,2.00306644441893,0,9.74
2024-04-10 22:00:00,2.09186406167839,1.92474017632961,0,8.1
2024-04-10 23:00:00,2.30757263450508,1.99774797892371,0,10.05
2024-04-11,2.01089499914473,1.93766469776523,0,7.47
2024-04-11 01:00:00,1.84054963339749,1.97492204386895,0,6.3
2024-04-11 02:00:00,1.70292825552144,2.0150109304616,0,5.49
2024-04-11 03:00:00,1.56234630490025,1.85458236307485,0,4.77
2024-04-11 04:00:00,1.65441127807683,1.93058511381958,0,5.23
2024-04-11 05:00:00,1.79175946922805,1.92371923656349,0,6
2024-04-11 06:00:00,2.1938856760707,2.08251446763244,0,8.97
2024-04-11 07:00:00,2.56109578814555,2.11362812460979,0,12.95
2024-04-11 08:00:00,2.44147709186066,2.24645800948183,0,11.49
2024-04-11 09:00:00,2.41769790009455,2.20657516022998,0,11.22
2024-04-11 10:00:00,2.1770218700187,2.17478796011163,0,8.82
2024-04-11 11:00:00,1.3297240096315,1.89976639628156,0,3.78
2024-04-11 12:00:00,1.25561603747777,1.88462920396264,0,3.51
2024-04-11 13:00:00,1.38629436111989,1.76851528967129,0,4
2024-04-11 14:00:00,1.31640823365572,1.75445759939597,0,3.73
2024-04-11 15:00:00,1.14740245283754,1.79710615401015,0,3.15
2024-04-11 16:00:00,1.08856195281461,1.77191609818238,0,2.97
2024-04-11 17:00:00,1.29198368164865,1.76339964739477,0,3.64
2024-04-11 18:00:00,1.30562645805244,1.94344009145069,0,3.69
2024-04-11 19:00:00,1.97685495290473,2.06425064723233,0,7.22
2024-04-11 20:00:00,1.86408013080768,2.01489528390238,0,6.45
2024-04-11 21:00:00,2.12226153886276,2.09390211818468,0,8.35
2024-04-11 22:00:00,2.2060741926132,2.07998594084278,0,9.08
2024-04-11 23:00:00,2.002830439308,2.18698911570567,0,7.41
2024-04-12,2.24601474150565,1.94742839536813,0,9.45
2024-04-12 01:00:00,1.97129938306013,1.94562733183229,0,7.18
2024-04-12 02:00:00,1.95727390770563,2.05514550008544,0,7.08
2024-04-12 03:00:00,1.54115907168081,2.0850502420416,0,4.67
2024-04-12 04:00:00,1.57277392806251,2.00633269458465,0,4.82
2024-04-12 05:00:00,1.57897870494939,2.06376678608148,0,4.85
2024-04-12 06:00:00,1.57897870494939,2.08303254150342,0,4.85
2024-04-12 07:00:00,2.07944154167984,2.29848941205316,0,8
2024-04-12 08:00:00,2.04640168760164,2.30236765781099,0,7.74
2024-04-12 09:00:00,2.96630346286318,2.20544557719891,0,19.42
2024-04-12 10:00:00,2.85532011983725,2.18228706895414,0,17.38
2024-04-12 11:00:00,1.75785791755237,2.05491725995682,0,5.8
2024-04-12 12:00:00,1.53039470509365,1.94073716918714,0,4.62
2024-04-12 13:00:00,1.47704872438835,1.850325189427,0,4.38
2024-04-12 14:00:00,1.39376637595859,1.77807299731655,0,4.03
2024-04-12 15:00:00,1.27536280041261,1.86530899785706,0,3.58
2024-04-12 16:00:00,1.00795792039998,1.72150619832127,0,2.74
2024-04-12 17:00:00,1.00795792039998,1.90592020692975,0,2.74
2024-04-12 18:00:00,1.25561603747777,1.98723118983789,0,3.51
2024-04-12 19:00:00,1.41585316336144,2.13444522077386,0,4.12
2024-04-12 20:00:00,2.22570404865809,2.00702691473139,0,9.26
2024-04-12 21:00:00,2.15755932094379,2.08332951762921,0,8.65
2024-04-12 22:00:00,2.48073127837752,2.08154192506176,0,11.95
2024-04-12 23:00:00,2.47232786758114,2.2229392498635,0,11.85
2024-04-13,1.88555334851442,2.12189692348333,0,6.59
2024-04-13 01:00:00,3.1117359493103,2.08725770950976,0,22.46
2024-04-13 02:00:00,2.40423874672055,2.06658258215206,0,11.07
2024-04-13 03:00:00,1.6752256529721,2.12660718798508,0,5.34
2024-04-13 04:00:00,1.54756250871601,2.07571645919623,0,4.7
2024-04-13 05:00:00,1.45395300959371,2.07528827558973,0,4.28
2024-04-13 06:00:00,1.81156209652423,2.15895163959432,0,6.12
2024-04-13 07:00:00,1.66581824587021,2.31365032845283,0,5.29
2024-04-13 08:00:00,1.75785791755237,2.29593567291794,0,5.8
2024-04-13 09:00:00,1.61938824328727,2.27547855256244,0,5.05
2024-04-13 10:00:00,1.79175946922805,2.09986494941408,0,6
2024-04-13 11:00:00,1.83736998048011,1.93509934264161,0,6.28
2024-04-13 12:00:00,1.75785791755237,1.98405542324463,0,5.8
2024-04-13 13:00:00,1.39376637595859,2.00947946574296,0,4.03
2024-04-13 14:00:00,1.37371557891303,1.76558403573978,0,3.95
2024-04-13 15:00:00,1.05431202977153,1.80482229121561,0,2.87
2024-04-13 16:00:00,0.916290731874155,1.8254534129687,0,2.5
2024-04-13 17:00:00,1.12492959698548,1.7910677043419,0,3.08
2024-04-13 18:00:00,1.23837423104327,1.93537348858057,0,3.45
2024-04-13 19:00:00,1.37371557891303,2.1623083957967,0,3.95
2024-04-13 20:00:00,3.43656452549945,2.1693228249898,0,31.08
2024-04-13 21:00:00,2.15292431843964,2.17474018119521,0,8.61
2024-04-13 22:00:00,2.09433015417359,2.25988004055967,0,8.12
2024-04-13 23:00:00,2.61812549357422,2.34680545368921,0,13.71
2024-04-14,2.10169215061466,2.17533590114714,0,8.18
2024-04-14 01:00:00,2.31550131826059,2.15993599272374,0,10.13
2024-04-14 02:00:00,2.10657020906809,2.10905746211924,0,8.22
2024-04-14 03:00:00,2.36837283353205,2.10064701295934,0,10.68
2024-04-14 04:00:00,2.18941639488841,2.13458936591288,0,8.93
2024-04-14 05:00:00,2.24707238306379,2.13388537108975,0,9.46
2024-04-14 06:00:00,2.2690283094652,2.08044908773464,0,9.67
2024-04-14 07:00:00,1.870262530716,2.0817821372272,0,6.49
2024-04-14 08:00:00,1.99470031322475,2.08936489970326,0,7.35
2024-04-14 09:00:00,2.00012773496011,2.21371390145289,0,7.39
2024-04-14 10:00:00,1.80828877117927,2.10803150549594,0,6.1
2024-04-14 11:00:00,1.44220199305819,1.9583806318963,0,4.23
2024-04-14 12:00:00,1.09861228866811,1.80486259791006,0,3
2024-04-14 13:00:00,1.26976054486394,1.67617371239905,0,3.56
2024-04-14 14:00:00,1.44691898293633,1.67499936885084,0,4.25
2024-04-14 15:00:00,1.84371920815877,1.58785712907563,0,6.32
2024-04-14 16:00:00,1.65249740189455,1.51098900588079,0,5.22
2024-04-14 17:00:00,1.35066718347674,1.63725368767348,0,3.86
2024-04-14 18:00:00,1.55180879959746,1.80392804211692,0,4.72
2024-04-14 19:00:00,1.63899671467564,1.77821961159002,0,5.15
2024-04-14 20:00:00,1.47247205736094,1.77809913600316,0,4.36
2024-04-14 21:00:00,2.73176672771953,2.0604772447143,0,15.36
2024-04-14 22:00:00,2.79606107842492,1.98823841877034,0,16.38
2024-04-14 23:00:00,2.41680623708407,2.12006103962726,0,11.21
2024-04-15,1.49514876603197,1.9837773463926,0,4.46
2024-04-15 01:00:00,1.30019166206648,1.92669267145804,0,3.67
2024-04-15 02:00:00,1.66392609771817,1.95791835679687,0,5.28
2024-04-15 03:00:00,1.67147330335355,1.93280189009717,0,5.32
2024-04-15 04:00:00,1.44691898293633,1.97076624673897,0,4.25
2024-04-15 05:00:00,1.46093790411566,1.81345477246144,0,4.31
2024-04-15 06:00:00,1.34807314829969,1.51042125184717,0,3.85
2024-04-15 07:00:00,1.37371557891303,1.53652081105612,0,3.95
2024-04-15 08:00:00,1.10525683138678,1.44100360038238,0,3.02
2024-04-15 09:00:00,1.10856261952128,1.54932892402842,0,3.03
2024-04-15 10:00:00,1.94161522477243,1.71369041478958,0,6.97
2024-04-15 11:00:00,1.76130026174335,1.55194106857602,0,5.82
2024-04-15 12:00:00,2.40061883326541,1.41565299731152,0,11.03
2024-04-15 13:00:00,2.37769256548085,1.17330782819961,0,10.78
2024-04-15 14:00:00,2.13179677201376,1.27964191867018,0,8.43
2024-04-15 15:00:00,1.93441576962958,1.26882404313637,0,6.92
2024-04-15 16:00:00,1.39871688111845,1.18616008869823,0,4.05
2024-04-15 17:00:00,2.12584791449399,1.0845449771822,0,8.38
2024-04-15 18:00:00,2.2213750375685,1.32248174431669,0,9.22
2024-04-15 19:00:00,1.6752256529721,1.38482266926581,0,5.34
2024-04-15 20:00:00,1.75785791755237,1.55877545501328,0,5.8
2024-04-15 21:00:00,1.63119940421561,1.38211549345417,0,5.11
2024-04-15 22:00:00,1.26694760348732,1.44379949291824,0,3.55
2024-04-15 23:00:00,2.67621547758219,1.09242865054668,0,14.53
2024-04-16,0.598836501088704,0.946162580746996,0,1.82
2024-04-16 01:00:00,0.343589704390077,0.980048308159626,0,1.41
2024-04-16 02:00:00,0.470003629245736,1.11318456685474,0,1.6
2024-04-16 03:00:00,0.148420005118273,1.1784259216704,0,1.16
2024-04-16 04:00:00,0.207014169384326,1.25579242299486,0,1.23
2024-04-16 05:00:00,0.364643113587909,1.34789667186546,0,1.44
2024-04-16 06:00:00,0.500775287912489,1.28405386674036,0,1.65
2024-04-16 07:00:00,0.815364813284194,1.33068174556003,0,2.26
2024-04-16 08:00:00,1.08180517035173,1.15803108143118,0,2.95
2024-04-16 09:00:00,0.989541193613748,1.13021315609149,0,2.69
2024-04-16 10:00:00,0.845868267577609,1.07948826364972,0,2.33
2024-04-16 11:00:00,0.524728528934982,0.984696112727961,0,1.69
2024-04-16 12:00:00,0.774727167552368,0.96297696050908,0,2.17
2024-04-16 13:00:00,1.04731899428056,0.896808716349202,0,2.85
2024-04-16 14:00:00,1.19088756477728,0.789246406894045,0,3.29
2024-04-16 15:00:00,1.09192330051731,0.859830422874985,0,2.98
2024-04-16 16:00:00,0.553885113226438,0.828549504025409,0,1.74
2024-04-16 17:00:00,0.113328685307003,0.908659562648504,0,1.12
2024-04-16 18:00:00,0.542324290825362,0.992786738512091,0,1.72
2024-04-16 19:00:00,0.756121979721334,1.29407429008158,0,2.13
2024-04-16 20:00:00,0.951657875711446,1.44745106173052,0,2.59
2024-04-16 21:00:00,0.693147180559945,1.59991786775676,0,2
2024-04-16 22:00:00,1.10856261952128,1.6060069340773,0,3.03
2024-04-16 23:00:00,1.19088756477728,1.62762456369891,0,3.29
2024-04-17,1.51732262352629,1.50347537070335,0,4.56
2024-04-17 01:00:00,1.46325540225602,1.51277216408393,0,4.32
2024-04-17 02:00:00,1.8213182714696,1.64095055606546,0,6.18
2024-04-17 03:00:00,1.55180879959746,1.59039025583922,0,4.72
2024-04-17 04:00:00,0.582215619852664,1.37269460338339,0,1.79
2024-04-17 05:00:00,0.582215619852664,1.27652786830754,0,1.79
2024-04-17 06:00:00,0.46373401623214,1.32396749604798,0,1.59
2024-04-17 07:00:00,0.810930216216329,1.49587486416528,0,2.25
2024-04-17 08:00:00,0.667829372575655,1.31195933088684,0,1.95
2024-04-17 09:00:00,0.765467842139571,1.22291155907708,0,2.15
2024-04-17 10:00:00,0.932164081030445,1.15951045717539,0,2.54
2024-04-17 11:00:00,0.845868267577609,0.994914827864796,0,2.33
2024-04-17 12:00:00,0.770108221696074,1.07911023965251,0,2.16
2024-04-17 13:00:00,0.683096844706444,1.12483064768858,0,1.98
2024-04-17 14:00:00,0.741937344729377,0.952818946628615,0,2.1
2024-04-17 15:00:00,0.598836501088704,1.04980446549994,0,1.82
2024-04-17 16:00:00,0.815364813284194,1.05865813868636,0,2.26
2024-04-17 17:00:00,0.896088024556636,1.09278866186305,0,2.45
2024-04-17 18:00:00,1.16627093714192,0.924886051850524,0,3.21
2024-04-17 19:00:00,1.39376637595859,1.28017141796153,0,4.03
2024-04-17 20:00:00,1.97129938306013,1.4086217063176,0,7.18
2024-04-17 21:00:00,1.77495235091167,1.39348922626496,0,5.9
2024-04-17 22:00:00,2.08567209143047,1.5162209406082,0,8.05
2024-04-17 23:00:00,2.01623546577604,1.54321376936164,0,7.51
2024-04-18,1.86252854011626,1.56757368399505,0,6.44
2024-04-18 01:00:00,1.72097928716701,1.43805176218681,0,5.59
2024-04-18 02:00:00,1.79175946922805,1.4728462638494,0,6
2024-04-18 03:00:00,1.7263316639056,1.50870633470534,0,5.62
2024-04-18 04:00:00,1.94591014905531,1.52736163415128,0,7
2024-04-18 05:00:00,2.2082744135228,1.48475035323721,0,9.1
2024-04-18 06:00:00,2.484906649788,1.58424291975263,0,12
2024-04-18 07:00:00,2.54788144894939,1.79683441299443,0,12.78
2024-04-18 08:00:00,1.85941811770187,1.3752768191319,0,6.42
2024-04-18 09:00:00,1.20297230399235,1.27076403325673,0,3.33
2024-04-18 10:00:00,0.970778917158225,1.27063789646723,0,2.64
2024-04-18 11:00:00,0.920282753143692,1.00358053004506,0,2.51
2024-04-18 12:00:00,0.940007258491471,0.943965590079481,0,2.56
2024-04-18 13:00:00,0.570979546585738,0.841180722507128,0,1.77
2024-04-18 14:00:00,0.570979546585738,0.767065474009973,0,1.77
2024-04-18 15:00:00,0.667829372575655,0.796339341925928,0,1.95
2024-04-18 16:00:00,0.667829372575655,0.873607685546545,0,1.95
2024-04-18 17:00:00,0.582215619852664,0.828682689046284,0,1.79
2024-04-18 18:00:00,0.494696241836107,0.808598093693521,0,1.64
2024-04-18 19:00:00,0.854415328156068,1.09072737837431,0,2.35
2024-04-18 20:00:00,2.60859812213055,1.34481741570505,0,13.58
2024-04-18 21:00:00,1.86408013080768,1.30532038351844,0,6.45
2024-04-18 22:00:00,2.03731661537916,1.32148305257105,0,7.67
2024-04-18 23:00:00,2.28949985344539,1.37500608911147,0,9.87
2024-04-19,2.35042242240821,1.49083485362,0,10.49
2024-04-19 01:00:00,1.49065437644413,1.47181082782733,0,4.44
2024-04-19 02:00:00,1.54543258245819,1.48976879606757,0,4.69
2024-04-19 03:00:00,1.26694760348732,1.4400376028508,0,3.55
2024-04-19 04:00:00,1.58923520511658,1.45428142729766,0,4.9
2024-04-19 05:00:00,1.60341984010854,1.42721737969684,0,4.97
2024-04-19 06:00:00,1.55180879959746,1.4606561788409,0,4.72
2024-04-19 07:00:00,1.56444054650336,1.32298789146858,0,4.78
2024-04-19 08:00:00,1.57277392806251,1.34202047465072,0,4.82
2024-04-19 09:00:00,1.87180217690159,1.16910231224997,0,6.5
2024-04-19 10:00:00,1.56653041142282,0.990503195511291,0,4.79
2024-04-19 11:00:00,1.30833281965018,0.821757723203692,0,3.7
2024-04-19 12:00:00,1.1999647829284,0.738877109691582,0,3.32
2024-04-19 13:00:00,0.598836501088704,0.705232845108955,0,1.82
2024-04-19 14:00:00,0.0769610411361284,0.748088027128371,0,1.08
2024-04-19 15:00:00,0.598836501088704,0.896024934385423,0,1.82
2024-04-19 16:00:00,0.970778917158225,0.746698699649069,0,2.64
2024-04-19 17:00:00,1.00795792039998,0.847631591336077,0,2.74
2024-04-19 18:00:00,1.25561603747777,0.938516232061167,0,3.51
2024-04-19 19:00:00,0.693147180559945,0.999541537413898,0,2
2024-04-19 20:00:00,1.30291275218084,1.10315457569765,0,3.68
2024-04-19 21:00:00,1.62531126159039,1.19692306114544,0,5.08
2024-04-19 22:00:00,0.912282710476616,1.28471170122565,0,2.49
2024-04-19 23:00:00,0.837247524533702,1.39356967241083,0,2.31
2024-04-20,2.29455292129678,1.38964260531389,0,9.92
2024-04-20 01:00:00,1.45395300959371,1.39138143822172,0,4.28
2024-04-20 02:00:00,0.879626747502564,1.42924521421494,0,2.41
2024-04-20 03:00:00,0.756121979721334,1.45753665728283,0,2.13
2024-04-20 04:00:00,1.47704872438835,1.49048503692182,0,4.38
2024-04-20 05:00:00,1.49738840862548,1.55079948192149,0,4.47
2024-04-20 06:00:00,0.582215619852664,1.47848508206319,0,1.79
2024-04-20 07:00:00,0.444685821261446,1.49369896842812,0,1.56
2024-04-20 08:00:00,-0.105360515657826,1.38836612834443,0,0.9
2024-04-20 09:00:00,0.27763173659828,1.17885771951217,0,1.32
2024-04-20 10:00:00,0.048790164169432,1.14332127831209,0,1.05
2024-04-20 11:00:00,-0.527632742082372,0.867596512082312,0,0.59
2024-04-20 12:00:00,0.314810739840034,0.7200333371485,0,1.37
2024-04-20 13:00:00,0.482426149244293,0.494368220279044,0,1.62
2024-04-20 14:00:00,0.494696241836107,0.735551212361656,0,1.64
2024-04-20 15:00:00,0.27002713721306,0.67661337143497,0,1.31
2024-04-20 16:00:00,0.314810739840034,0.714095953227863,0,1.37
2024-04-20 17:00:00,0.625938430866495,0.695947702208981,0,1.87
2024-04-20 18:00:00,0.46373401623214,0.858694101263926,0,1.59
2024-04-20 19:00:00,0.867100487683383,0.923664626313154,0,2.38
2024-04-20 20:00:00,1.85002837735203,1.3253411013236,0,6.36
2024-04-20 21:00:00,2.12584791449399,1.483216925931,0,8.38
2024-04-20 22:00:00,2.06686275947298,1.40230786661261,0,7.9
2024-04-20 23:00:00,2.96784707006446,1.47222549729569,0,19.45
2024-04-21,2.74727091425549,1.4384305601042,0,15.6
2024-04-21 01:00:00,2.32042501112238,1.60443547954593,0,10.18
2024-04-21 02:00:00,2.2364452904895,1.61528891434181,0,9.36
2024-04-21 03:00:00,2.29958058397375,1.61449735333279,0,9.97
2024-04-21 04:00:00,1.95727390770563,1.5011428580146,0,7.08
2024-04-21 05:00:00,1.94161522477243,1.51566349964062,0,6.97
2024-04-21 06:00:00,1.86252854011626,1.45552554787527,0,6.44
2024-04-21 07:00:00,1.73518911773966,1.46715172003565,0,5.67
2024-04-21 08:00:00,1.63899671467564,1.59800019734169,0,5.15
2024-04-21 09:00:00,1.53255686809814,1.13742848466561,0,4.63
2024-04-21 10:00:00,1.20896034583698,0.910835537476305,0,3.35
2024-04-21 11:00:00,1.02604159583327,0.806951754254763,0,2.79
2024-04-21 12:00:00,1.47247205736094,0.76389728814608,0,4.36
2024-04-21 13:00:00,1.38629436111989,0.648543269743215,0,4
2024-04-21 14:00:00,1.29198368164865,0.65958052027394,0,3.64
2024-04-21 15:00:00,0.970778917158225,0.709880649032719,0,2.64
2024-04-21 16:00:00,1.02245092770255,0.438431610267824,0,2.78
2024-04-21 17:00:00,0.932164081030445,0.572575521864676,0,2.54
2024-04-21 18:00:00,1.14740245283754,0.566169306620715,0,3.15
2024-04-21 19:00:00,1.14740245283754,0.783334577136629,0,3.15
2024-04-21 20:00:00,2.02814824729229,1.19485681873016,0,7.6
2024-04-21 21:00:00,2.03861954715958,1.42016135223151,0,7.68
2024-04-21 22:00:00,2.16102152867226,1.29551904051802,0,8.68
2024-04-21 23:00:00,3.13679771383259,1.28198979984338,0,23.03
2024-04-22,2.92959247104945,1.21038066211088,0,18.72
2024-04-22 01:00:00,2.51446545202954,1.25443019174738,0,12.36
2024-04-22 02:00:00,2.40874528882244,1.24717407847419,0,11.12
2024-04-22 03:00:00,2.78562833574758,1.25728695903785,0,16.21
2024-04-22 04:00:00,2.61885462229774,1.2393008153955,0,13.72
2024-04-22 05:00:00,2.76443053453832,1.34910933501557,0,15.87
2024-04-22 06:00:00,2.18041745901984,1.41400499027082,0,8.85
2024-04-22 07:00:00,2.17928687664955,1.616759660755,0,8.84
2024-04-22 08:00:00,2.08318452795867,1.42978363298002,0,8.03
2024-04-22 09:00:00,1.7263316639056,1.25155582761287,0,5.62
2024-04-22 10:00:00,1.25561603747777,0.994478823390557,0,3.51
2024-04-22 11:00:00,1.39871688111845,0.808217647550959,0,4.05
2024-04-22 12:00:00,1.31372366828506,0.944992849122631,0,3.72
2024-04-22 13:00:00,1.17248213723457,0.749476426618603,0,3.23
2024-04-22 14:00:00,0.920282753143692,0.853996949292497,0,2.51
2024-04-22 15:00:00,0.693147180559945,0.75379788661928,0,2
2024-04-22 16:00:00,0.570979546585738,0.736442016513387,0,1.77
2024-04-22 17:00:00,1.77495235091167,0.70272552039037,0,5.9
2024-04-22 18:00:00,0.570979546585738,0.734927342593086,0,1.77
2024-04-22 19:00:00,0.741937344729377,0.788226902910966,0,2.1
2024-04-22 20:00:00,0.908258560176891,1.05267134185089,0,2.48
2024-04-22 21:00:00,1.3244189574018,1.29744157578066,0,3.76
2024-04-22 22:00:00,2.30757263450508,1.38733704982378,0,10.05
2024-04-22 23:00:00,2.6217658325052,1.50710820540108,0,13.76
2024-04-23,2.2364452904895,1.33156181272526,0,9.36
2024-04-23 01:00:00,2.11986345617875,1.19186677680679,0,8.33
2024-04-23 02:00:00,2.06939120582633,1.24230422192957,0,7.92
2024-04-23 03:00:00,2.12465388450138,1.20779728510625,0,8.37
2024-04-23 04:00:00,1.98100146886658,1.17657317422791,0,7.25
2024-04-23 05:00:00,2.15986879079245,1.24788101722787,0,8.67
2024-04-23 06:00:00,2.51365606307399,1.38219750189628,0,12.35
2024-04-23 07:00:00,2.61153930072137,1.43293376297343,0,13.62
2024-04-23 08:00:00,2.72457950305342,1.48309702206491,0,15.25
2024-04-23 09:00:00,1.98513086220859,1.49030722942409,0,7.28
2024-04-23 10:00:00,1.23547147138531,1.15080177856341,0,3.44
2024-04-23 11:00:00,1.4655675420144,1.10863984714285,0,4.33
2024-04-23 12:00:00,1.34807314829969,1.1036475000216,0,3.85
2024-04-23 13:00:00,1.55180879959746,1.03751604172202,0,4.72
2024-04-23 14:00:00,1.37371557891303,0.964173187302678,0,3.95
2024-04-23 15:00:00,1.87793716546911,0.900058580714892,0,6.54
2024-04-23 16:00:00,2.00955541421567,1.01356688927329,0,7.46
2024-04-23 17:00:00,1.86562931779451,1.08828153754969,0,6.46
2024-04-23 18:00:00,2.11021320034659,1.08541542651816,0,8.25
2024-04-23 19:00:00,2.38139627341834,1.2554412520564,0,10.82
2024-04-23 20:00:00,2.59749101053515,1.26261166198101,0,13.43
2024-04-23 21:00:00,2.82849635417808,1.25316427838606,0,16.92
2024-04-23 22:00:00,2.64971462408925,1.38356586106196,0,14.15
2024-04-23 23:00:00,2.72654478373837,1.57035968041086,0,15.28
2024-04-24,2.57413778351594,1.46723445836078,0,13.12
2024-04-24 01:00:00,2.40243042796376,1.35192896613558,0,11.05
2024-04-24 02:00:00,2.30757263450508,1.47366738960681,0,10.05
2024-04-24 03:00:00,2.00955541421567,1.47755530970856,0,7.46
2024-04-24 04:00:00,2.3869262414278,1.36808028009096,0,10.88
2024-04-24 05:00:00,1.90359895098359,1.15923251070288,0,6.71
2024-04-24 06:00:00,1.89009536994892,1.21712707045912,0,6.62
2024-04-24 07:00:00,2.14358936150359,1.43377018552144,0,8.53
2024-04-24 08:00:00,2.2512917986065,1.53647964345497,0,9.5
2024-04-24 09:00:00,1.98100146886658,1.38565845968537,0,7.25
2024-04-24 10:00:00,1.8531680973567,1.2455319398027,0,6.38
2024-04-24 11:00:00,2.01089499914473,1.06397383348659,0,7.47
2024-04-24 12:00:00,1.94591014905531,1.04489077152652,0,7
2024-04-24 13:00:00,1.70474809223843,1.00970228863017,0,5.5
2024-04-24 14:00:00,1.69377906086785,0.859970404176545,0,5.44
2024-04-24 15:00:00,2.21375387928743,0.813397295946386,0,9.15
2024-04-24 16:00:00,2.26799364822443,0.759475373636007,0,9.66
2024-04-24 17:00:00,2.04122032885964,0.808136712113778,0,7.7
2024-04-24 18:00:00,1.96711235670592,0.964488155336641,0,7.15
2024-04-24 19:00:00,1.59330853050422,1.07531187854456,0,4.92
2024-04-24 20:00:00,1.95727390770563,1.25432700202245,0,7.08
2024-04-24 21:00:00,2.28238238567653,1.10666494844074,0,9.8
2024-04-24 22:00:00,2.3767644911683,1.19456028168494,0,10.77
2024-04-24 23:00:00,2.27315628230323,1.40615208682185,0,9.71
2024-04-25,2.33505228313155,1.11137472185362,0,10.33
2024-04-25 01:00:00,2.21046980408624,1.26100642981554,0,9.12
2024-04-25 02:00:00,2.01089499914473,1.33114603130144,0,7.47
2024-04-25 03:00:00,1.97408102602201,1.2762881796894,0,7.2
2024-04-25 04:00:00,1.80828877117927,1.34457051933036,0,6.1
2024-04-25 05:00:00,1.46093790411566,1.38808571406241,0,4.31
2024-04-25 06:00:00,1.64480505627139,1.4078393905314,0,5.18
2024-04-25 07:00:00,1.54329810992956,1.41040264316723,0,4.68
2024-04-25 08:00:00,1.36609165380237,1.28239885487443,0,3.92
2024-04-25 09:00:00,1.00795792039998,1.1245031466807,0,2.74
2024-04-25 10:00:00,0.858661619037519,0.930074456116725,0,2.36
2024-04-25 11:00:00,0.867100487683383,0.919932770622639,0,2.38
2024-04-25 12:00:00,0.693147180559945,0.795731515716302,0,2
2024-04-25 13:00:00,0.693147180559945,1.00741348465899,0,2
2024-04-25 14:00:00,0.858661619037519,0.92642279228525,0,2.36
2024-04-25 15:00:00,1.56861591791385,1.04965236015509,0,4.8
2024-04-25 16:00:00,0.104360015324243,1.01061953829919,0,1.11
2024-04-25 17:00:00,0.657520002916794,0.829500514510468,0,1.93
2024-04-25 18:00:00,1.53471436623816,1.0017075213414,0,4.64
2024-04-25 19:00:00,2.3887627892351,1.1310573217741,0,10.9
2024-04-25 20:00:00,2.35707327827812,1.30392535123382,0,10.56
2024-04-25 21:00:00,2.21375387928743,1.28294033447345,0,9.15
2024-04-25 22:00:00,1.85785927093258,1.36996117700608,0,6.41
2024-04-25 23:00:00,2.22354188565359,1.43994760518181,0,9.24
2024-04-26,1.79674701073909,1.33329960700022,0,6.03
2024-04-26 01:00:00,1.65822807660353,1.36412480156899,0,5.25
2024-04-26 02:00:00,1.72455071953461,1.27538161392062,0,5.61
2024-04-26 03:00:00,2.06939120582633,1.18655708582373,0,7.92
2024-04-26 04:00:00,1.82616089594539,1.30843254287957,0,6.21
2024-04-26 05:00:00,2.27624111765444,1.47328828389201,0,9.74
2024-04-26 06:00:00,2.67138621673062,1.50438956634891,0,14.46
2024-04-26 07:00:00,2.78377591163035,1.54354328086495,0,16.18
2024-04-26 08:00:00,2.48240351956988,1.48303256053472,0,11.97
2024-04-26 09:00:00,2.09801792725277,1.47037244864473,0,8.15
2024-04-26 10:00:00,1.8531680973567,1.32233696752362,0,6.38
2024-04-26 11:00:00,1.75440368268429,1.07914701621933,0,5.78
2024-04-26 12:00:00,1.55603713570699,0.882950157929211,0,4.74
2024-04-26 13:00:00,1.15688119679209,0.862351389941893,0,3.18
2024-04-26 14:00:00,1.34025042261848,0.984389649126302,0,3.82
2024-04-26 15:00:00,1.39376637595859,0.920804239987997,0,4.03
2024-04-26 16:00:00,1.01884732019925,1.05830218072568,0,2.77
2024-04-26 17:00:00,1.12492959698548,1.09248873867616,0,3.08
2024-04-26 18:00:00,1.88555334851442,1.12043875144672,0,6.59
2024-04-26 19:00:00,1.8484548129046,1.37948071950876,0,6.35
2024-04-26 20:00:00,2.33891702224144,1.43339284820136,0,10.37
2024-04-26 21:00:00,2.16561923792089,1.52219483957863,0,8.72
2024-04-26 22:00:00,2.08567209143047,1.52908408795454,0,8.05
2024-04-26 23:00:00,1.92716410623426,1.66132837861721,0,6.87
2024-04-27,1.880990602956,1.52996498092462,0,6.56
2024-04-27 01:00:00,2.40694510831829,1.45987037802978,0,11.1
2024-04-27 02:00:00,1.87640694328834,1.47529187983666,0,6.53
2024-04-27 03:00:00,1.71018781553424,1.49730721495771,0,5.53
2024-04-27 04:00:00,1.89009536994892,1.55402952377307,0,6.62
2024-04-27 05:00:00,2.04381436403668,1.68772073605683,0,7.72
2024-04-27 06:00:00,2.46640317822344,1.72010984585167,0,11.78
2024-04-27 07:00:00,2.74727091425549,1.7941649718013,0,15.6
2024-04-27 08:00:00,2.20055236742889,1.70748328506277,0,9.03
2024-04-27 09:00:00,1.72455071953461,1.59525781351648,0,5.61
2024-04-27 10:00:00,1.55603713570699,1.57652393136485,0,4.74
2024-04-27 11:00:00,1.16627093714192,1.47979363290425,0,3.21
2024-04-27 12:00:00,1.23547147138531,1.27788348545224,0,3.44
2024-04-27 13:00:00,0.982078472412158,1.32952989008146,0,2.67
2024-04-27 14:00:00,0.693147180559945,1.03327353891502,0,2
2024-04-27 15:00:00,0.756121979721334,0.947992981872632,0,2.13
2024-04-27 16:00:00,0.667829372575655,0.885500840430997,0,1.95
2024-04-27 17:00:00,0.947789398933526,0.796532829312357,0,2.58
2024-04-27 18:00:00,1.58719230348678,0.772181704779013,0,4.89
2024-04-27 19:00:00,1.66770682055808,1.04771733334557,0,5.3
2024-04-27 20:00:00,1.34025042261848,1.14977998817898,0,3.82
2024-04-27 21:00:00,1.55814461804655,1.20775352072655,0,4.75
2024-04-27 22:00:00,1.16627093714192,1.59947280129077,0,3.21
2024-04-27 23:00:00,0.900161349944271,1.47598128199616,0,2.46
2024-04-28,1.29198368164865,1.52583400045176,0,3.64
2024-04-28 01:00:00,1.43983512804792,1.46247947002181,0,4.22
2024-04-28 02:00:00,1.41098697371026,1.5970870769782,0,4.1
2024-04-28 03:00:00,1.76985463384001,1.6005721939243,0,5.87
2024-04-28 04:00:00,1.50407739677627,1.61261781122142,0,4.5
2024-04-28 05:00:00,1.80005827204275,1.6371670988903,0,6.05
2024-04-28 06:00:00,1.66392609771817,1.60165522665859,0,5.28
2024-04-28 07:00:00,1.86717610851281,1.82057518800524,0,6.47
2024-04-28 08:00:00,1.56444054650336,1.64756505387525,0,4.78
2024-04-28 09:00:00,1.41342302850814,1.60949159513452,0,4.11
2024-04-28 10:00:00,1.53686721959926,1.6668905392151,0,4.65
2024-04-28 11:00:00,1.20297230399235,1.56510940456793,0,3.33
2024-04-28 12:00:00,1.30019166206648,1.56785903024843,0,3.67
2024-04-28 13:00:00,1.55603713570699,1.50185296853452,0,4.74
2024-04-28 14:00:00,1.39376637595859,1.3802532135036,0,4.03
2024-04-28 15:00:00,1.04380405217311,1.48825682381355,0,2.84
2024-04-28 16:00:00,1.66959183525385,1.43394063272646,0,5.31
2024-04-28 17:00:00,1.13462272619114,1.44192649892382,0,3.11
2024-04-28 18:00:00,1.20297230399235,1.51608002676944,0,3.33
2024-04-28 19:00:00,1.26412672714568,1.70331001277613,0,3.54
2024-04-28 20:00:00,1.44220199305819,1.77163032533053,0,4.23
2024-04-28 21:00:00,1.53901544813755,1.8790121978201,0,4.66
2024-04-28 22:00:00,1.80828877117927,1.85973830179035,0,6.1
2024-04-28 23:00:00,1.95727390770563,1.95315802266504,0,7.08
2024-04-29,1.63899671467564,1.79184307316964,0,5.15
2024-04-29 01:00:00,1.68082790852077,1.64898156094861,0,5.37
2024-04-29 02:00:00,2.19165353228676,1.70813624221341,0,8.95
2024-04-29 03:00:00,2.10778601468898,1.63365923084526,0,8.23
2024-04-29 04:00:00,1.86252854011626,1.76014471854943,0,6.44
2024-04-29 05:00:00,1.9154509415706,1.77756617026022,0,6.79
2024-04-29 06:00:00,2.02551319965428,1.7301013194444,0,7.58
2024-04-29 07:00:00,2.05284085988266,1.96255183917899,0,7.79
2024-04-29 08:00:00,1.68268837417369,2.11729988953951,0,5.38
2024-04-29 09:00:00,0.542324290825362,1.74937929368828,0,1.72
2024-04-29 10:00:00,0.792992515529661,1.58466561478532,0,2.21
2024-04-29 11:00:00,0.542324290825362,1.52768744675094,0,1.72
2024-04-29 12:00:00,1.06471073699243,1.66758214774435,0,2.9
2024-04-29 13:00:00,1.03673688495002,1.57217873344569,0,2.82
2024-04-29 14:00:00,1.06471073699243,1.48804252230984,0,2.9
2024-04-29 15:00:00,1.09861228866811,1.55017083684896,0,3
2024-04-29 16:00:00,1.71918877639322,1.56348305422519,0,5.58
2024-04-29 17:00:00,2.07944154167984,1.5010679442061,0,8
2024-04-29 18:00:00,2.10413415427021,1.57209260654378,0,8.2
2024-04-29 19:00:00,2.20937271127187,1.87254899180343,0,9.11
2024-04-29 20:00:00,2.47737838336721,1.87351568198422,0,11.91
2024-04-29 21:00:00,2.28645571106416,1.93516944847166,0,9.84
2024-04-29 22:00:00,2.39789527279837,1.93985048220216,0,11
2024-04-29 23:00:00,2.15059873599616,2.04329003100581,0,8.59
2024-04-30,2.32434658477556,1.87739513704009,0,10.22
2024-04-30 01:00:00,2.17928687664955,1.87584059833843,0,8.84
2024-04-30 02:00:00,2.00417905717929,1.90891575855743,0,7.42
2024-04-30 03:00:00,1.76985463384001,1.87973269072501,0,5.87
2024-04-30 04:00:00,1.66392609771817,1.87284733047831,0,5.28
2024-04-30 05:00:00,2.00955541421567,1.93049911627716,0,7.46
2024-04-30 06:00:00,2.15176220325946,1.93923203574103,0,8.6
2024-04-30 07:00:00,2.32825283974262,1.93462632438049,0,10.26
2024-04-30 08:00:00,1.47017584510059,1.93400190953777,0,4.35
2024-04-30 09:00:00,1.31908561142644,1.86966195989681,0,3.74
2024-04-30 10:00:00,1.30019166206648,1.71811785413538,0,3.67
2024-04-30 11:00:00,1.49738840862548,1.60738633819947,0,4.47
2024-04-30 12:00:00,1.51512723296286,1.52787665162521,0,4.55
2024-04-30 13:00:00,1.55603713570699,1.2642658117113,0,4.74
2024-04-30 14:00:00,1.64480505627139,1.16938340621119,0,5.18
2024-04-30 15:00:00,1.40609698841607,1.22982070604496,0,4.08
2024-04-30 16:00:00,1.36609165380237,1.29349504217801,0,3.92
2024-04-30 17:00:00,1.56653041142282,1.20763911136541,0,4.79
2024-04-30 18:00:00,1.57897870494939,1.13685240370604,0,4.85
2024-04-30 19:00:00,1.81319474994812,1.29438207573169,0,6.13
2024-04-30 20:00:00,1.56444054650336,1.26813816287413,0,4.78
2024-04-30 21:00:00,1.60341984010854,1.28306207716695,0,4.97
2024-04-30 22:00:00,1.55180879959746,1.6877851855169,0,4.72
2024-04-30 23:00:00,1.51951320490611,1.68462617910184,0,4.57
2024-05-01,1.5993875765806,1.62306017747083,0,4.95
2024-05-01 01:00:00,1.6094379124341,1.7298938222899,0,5
2024-05-01 02:00:00,1.78339121955754,1.81261524342468,0,5.95
2024-05-01 03:00:00,1.74221902366792,1.53751177204979,0,5.71
2024-05-01 04:00:00,1.78339121955754,1.59860404950332,0,5.95
2024-05-01 05:00:00,1.74396880539171,1.77201526839511,0,5.72
2024-05-01 06:00:00,1.71199450075919,1.78434106633967,0,5.54
2024-05-01 07:00:00,1.79674701073909,1.87112687048565,0,6.03
2024-05-01 08:00:00,1.3609765531356,1.52310788968131,0,3.9
2024-05-01 09:00:00,1.37371557891303,1.43870439272224,0,3.95
2024-05-01 10:00:00,1.57897870494939,1.4167246439599,0,4.85
2024-05-01 11:00:00,1.67335123817775,0.893261744699282,0,5.33
2024-05-01 12:00:00,1.7263316639056,0.871785275708733,0,5.62
2024-05-01 13:00:00,1.54756250871601,0.74247372064719,0,4.7
2024-05-01 14:00:00,1.63899671467564,0.909667696296333,0,5.15
2024-05-01 15:00:00,1.67709656090792,0.789009279435856,0,5.35
2024-05-01 16:00:00,1.76130026174335,0.891351315108941,0,5.82
2024-05-01 17:00:00,1.71559810826249,0.861806350691003,0,5.56
2024-05-01 18:00:00,1.62531126159039,0.879994948139568,0,5.08
2024-05-01 19:00:00,1.7263316639056,0.788188618129409,0,5.62
2024-05-01 20:00:00,1.73695123273306,0.947347976787455,0,5.68
2024-05-01 21:00:00,1.6094379124341,1.01004844101451,0,5
2024-05-01 22:00:00,1.56234630490025,1.54826191683204,0,4.77
2024-05-01 23:00:00,1.56653041142282,1.64607482392733,0,4.79
2024-05-02,1.40609698841607,1.55540206867275,0,4.08
2024-05-02 01:00:00,1.56444054650336,1.64248097288658,0,4.78
2024-05-02 02:00:00,1.56653041142282,1.53384252998345,0,4.79
2024-05-02 03:00:00,1.58923520511658,1.42475781617882,0,4.9
2024-05-02 04:00:00,1.66392609771817,1.26666943493366,0,5.28
2024-05-02 05:00:00,1.47017584510059,1.29287127942907,0,4.35
2024-05-02 06:00:00,1.36609165380237,1.45173820972595,0,3.92
2024-05-02 07:00:00,1.49514876603197,1.4307117301708,0,4.46
2024-05-02 08:00:00,1.65632149833295,1.2555330330716,0,5.24
2024-05-02 09:00:00,1.61541998411165,1.37845271506233,0,5.03
2024-05-02 10:00:00,2.00012773496011,0.950245912870425,0,7.39
2024-05-02 11:00:00,2.27418561847235,0.759680253078546,0,9.72
2024-05-02 12:00:00,2.41412646772695,0.625241182434531,0,11.18
2024-05-02 13:00:00,2.21375387928743,0.727006537554097,0,9.15
2024-05-02 14:00:00,2.32042501112238,0.574342752966847,0,10.18
2024-05-02 15:00:00,2.35232718488886,0.631076411726166,0,10.51
2024-05-02 16:00:00,2.45272775142377,0.492644985001518,0,11.62
2024-05-02 17:00:00,2.05668455455722,0.539299746840154,0,7.82
2024-05-02 18:00:00,2.00417905717929,0.809091362431207,0,7.42
2024-05-02 19:00:00,1.79175946922805,0.900927618674274,0,6
2024-05-02 20:00:00,1.77833644889591,1.17583012005608,0,5.92
2024-05-02 21:00:00,1.8099267731835,1.04999063033089,0,6.11
2024-05-02 22:00:00,1.61541998411165,0.962606383042223,0,5.03
2024-05-02 23:00:00,1.83896107071235,1.57824201993967,0,6.29
2024-05-03,1.7732559976635,1.46486293127557,0,5.89
2024-05-03 01:00:00,1.94591014905531,1.65152039224173,0,7
2024-05-03 02:00:00,2.11986345617875,1.55657659809473,0,8.33
2024-05-03 03:00:00,2.05027016437956,1.62745777057759,0,7.77
2024-05-03 04:00:00,1.96711235670592,1.65108646783091,0,7.15
2024-05-03 05:00:00,2.00148000021012,1.77798799704841,0,7.4
2024-05-03 06:00:00,2.11142458753289,1.91354872622968,0,8.26
2024-05-03 07:00:00,2.03861954715958,1.80368689095463,0,7.68
2024-05-03 08:00:00,2.04640168760164,1.6998220969564,0,7.74
2024-05-03 09:00:00,2.18380155700408,1.76966915464509,0,8.88
2024-05-03 10:00:00,2.36743606531366,1.70315875995269,0,10.67
2024-05-03 11:00:00,2.11021320034659,1.43046912551495,0,8.25
2024-05-03 12:00:00,1.50629715351459,1.3889000283224,0,4.51
2024-05-03 13:00:00,1.46325540225602,1.38928148629463,0,4.32
2024-05-03 14:00:00,1.33500106673234,1.35048597614604,0,3.8
2024-05-03 15:00:00,0.974559639998131,1.44079799777868,0,2.65
2024-05-03 16:00:00,1.22671229129543,1.35886801665686,0,3.41
2024-05-03 17:00:00,1.31372366828506,1.37701737927048,0,3.72
2024-05-03 18:00:00,1.41827740697294,1.62050753559243,0,4.13
2024-05-03 19:00:00,1.63315443905142,1.71645180235568,0,5.12
2024-05-03 20:00:00,1.15688119679209,1.66043418553377,0,3.18
2024-05-03 21:00:00,1.44926916028128,1.95569356067045,0,4.26
2024-05-03 22:00:00,1.43746264769429,1.85842655858735,0,4.21
2024-05-03 23:00:00,1.07158361628019,1.91536732675236,0,2.92
2024-05-04,1.30562645805244,1.64969898506308,0,3.69
2024-05-04 01:00:00,1.29198368164865,1.88088874675607,0,3.64
2024-05-04 02:00:00,1.24126858906963,1.78063449114357,0,3.46
2024-05-04 03:00:00,1.24703229378638,1.72109422991802,0,3.48
2024-05-04 04:00:00,1.31908561142644,1.75357140180672,0,3.74
2024-05-04 05:00:00,1.3787660946991,1.81650826404607,0,3.97
2024-05-04 06:00:00,1.44926916028128,1.79100284434792,0,4.26
2024-05-04 07:00:00,1.47017584510059,1.79726068959336,0,4.35
2024-05-04 08:00:00,1.46787434811231,1.95510958343676,0,4.34
2024-05-04 09:00:00,1.24703229378638,1.79857651941355,0,3.48
2024-05-04 10:00:00,1.25561603747777,1.59880757397398,0,3.51
2024-05-04 11:00:00,1.22671229129543,1.63587221456674,0,3.41
2024-05-04 12:00:00,1.03673688495002,1.56751749178789,0,2.82
2024-05-04 13:00:00,0.947789398933526,1.45594950409774,0,2.58
2024-05-04 14:00:00,0.815364813284194,1.5299193228808,0,2.26
2024-05-04 15:00:00,0.974559639998131,1.54593766600287,0,2.65
2024-05-04 16:00:00,1.06471073699243,1.51347169783844,0,2.9
2024-05-04 17:00:00,1.13783300182139,1.59131941799438,0,3.12
2024-05-04 18:00:00,1.26694760348732,1.56564797163783,0,3.55
2024-05-04 19:00:00,1.43031124653666,1.54692701901308,0,4.18
2024-05-04 20:00:00,2.40243042796376,1.77628944314955,0,11.05
2024-05-04 21:00:00,2.18605127673809,1.77166597407554,0,8.9
2024-05-04 22:00:00,2.34372703632522,1.89508508136,0,10.42
2024-05-04 23:00:00,2.33408376005342,1.92499469039289,0,10.32
2024-05-05,2.35042242240821,1.79052402293113,0,10.49
2024-05-05 01:00:00,2.43886271128659,1.57291883584447,0,11.46
2024-05-05 02:00:00,2.52172062291072,1.60676829045468,0,12.45
2024-05-05 03:00:00,2.52492832413749,1.62251180870462,0,12.49
2024-05-05 04:00:00,2.51608226725645,1.53403972044012,0,12.38
2024-05-05 05:00:00,2.58248697812686,1.61586902513005,0,13.23
2024-05-05 06:00:00,2.57031952763613,1.66638417068566,0,13.07
2024-05-05 07:00:00,2.58851563240702,1.87591458362086,0,13.31
2024-05-05 08:00:00,2.84199817361195,1.86938748536089,0,17.15
2024-05-05 09:00:00,2.91993056013771,1.67719700546548,0,18.54
2024-05-05 10:00:00,2.8142103969306,1.70609706358586,0,16.68
2024-05-05 11:00:00,2.01623546577604,1.61909407738835,0,7.51
2024-05-05 12:00:00,1.04027671165515,1.62487563189194,0,2.83
2024-05-05 13:00:00,0.879626747502564,1.45314042671443,0,2.41
2024-05-05 14:00:00,1.56861591791385,1.56242483536728,0,4.8
2024-05-05 15:00:00,0.476234178996372,1.19812079217332,0,1.61
2024-05-05 16:00:00,0,1.16482854496989,0,1
2024-05-05 17:00:00,0.802001585472027,1.29343137066814,0,2.23
2024-05-05 18:00:00,-0.116533816255952,1.07024898826488,0,0.89
2024-05-05 19:00:00,0.122217632724249,1.39339666985333,0,1.13
2024-05-05 20:00:00,0.246860077931526,1.50151052912423,0,1.28
2024-05-05 21:00:00,0.231111720963387,1.67275812028974,0,1.26
2024-05-05 22:00:00,2.12226153886276,1.7197050414375,0,8.35
2024-05-05 23:00:00,0.900161349944271,1.68286366535553,0,2.46
2024-05-06,0.570979546585738,1.52943007949126,0,1.77
2024-05-06 01:00:00,0.779324876800998,1.63617920860245,0,2.18
2024-05-06 02:00:00,0.832909122935104,1.6524953259867,0,2.3
2024-05-06 03:00:00,1.14103300455206,1.61002648001692,0,3.13
2024-05-06 04:00:00,1.34286480319255,1.60395738924723,0,3.83
2024-05-06 05:00:00,1.57277392806251,1.69727802966754,0,4.82
2024-05-06 06:00:00,1.7227665977411,1.80914021031744,0,5.6
2024-05-06 07:00:00,2.14943391349987,1.87071485290957,0,8.58
2024-05-06 08:00:00,2.24389609664537,1.8883101031385,0,9.43
2024-05-06 09:00:00,2.06939120582633,1.81131146556662,0,7.92
2024-05-06 10:00:00,2.35042242240821,1.73037725312349,0,10.49
2024-05-06 11:00:00,2.60712428251225,1.68530527292527,0,13.56
2024-05-06 12:00:00,2.17247640764703,1.60653307361549,0,8.78
2024-05-06 13:00:00,1.65057985576528,1.56087733191174,0,5.21
2024-05-06 14:00:00,1.78674692740451,1.52154673196581,0,5.97
2024-05-06 15:00:00,1.56653041142282,1.46602483142336,0,4.79
2024-05-06 16:00:00,2.04769284336526,1.39949027811152,0,7.75
2024-05-06 17:00:00,1.45628673293993,1.4695903185097,0,4.29
2024-05-06 18:00:00,1.73165554515835,1.52313779065287,0,5.65
2024-05-06 19:00:00,2.03731661537916,1.70532573000579,0,7.67
2024-05-06 20:00:00,2.13534917361813,1.69597420256363,0,8.46
2024-05-06 21:00:00,2.2554934854602,1.90960750685885,0,9.54
2024-05-06 22:00:00,1.70474809223843,1.81222985455591,0,5.5
2024-05-06 23:00:00,1.53255686809814,1.92974637911696,0,4.63
2024-05-07,1.44691898293633,1.83649620184315,0,4.25
2024-05-07 01:00:00,1.5830939370945,1.90134153413474,0,4.87
2024-05-07 02:00:00,1.5993875765806,1.91656457196406,0,4.95
2024-05-07 03:00:00,1.67335123817775,1.90389738988266,0,5.33
2024-05-07 04:00:00,1.84371920815877,1.91555213127188,0,6.32
2024-05-07 05:00:00,1.76130026174335,1.86666954534239,0,5.82
2024-05-07 06:00:00,1.31908561142644,1.68821133918594,0,3.74
2024-05-07 07:00:00,1.25561603747777,1.76063491319234,0,3.51
2024-05-07 08:00:00,1.14740245283754,1.65816632785188,0,3.15
2024-05-07 09:00:00,1.22964055107451,1.65833437991799,0,3.42
2024-05-07 10:00:00,1.45395300959371,1.70057534607922,0,4.28
2024-05-07 11:00:00,1.57277392806251,1.53318657541098,0,4.82
2024-05-07 12:00:00,1.61938824328727,1.39162505030789,0,5.05
2024-05-07 13:00:00,1.58719230348678,1.26447450318643,0,4.89
2024-05-07 14:00:00,1.89461685466776,1.33042702967431,0,6.65
2024-05-07 15:00:00,2.35707327827812,1.14134396033583,0,10.56
2024-05-07 16:00:00,2.31550131826059,1.09047108488776,0,10.13
2024-05-07 17:00:00,2.00955541421567,1.1550776531859,0,7.46
2024-05-07 18:00:00,1.91985947185537,1.08531528153904,0,6.82
2024-05-07 19:00:00,1.90805992492422,1.25379000326361,0,6.74
2024-05-07 20:00:00,1.8531680973567,1.4129418553327,0,6.38
2024-05-07 21:00:00,1.90508815453506,1.67195937361578,0,6.72
2024-05-07 22:00:00,1.94591014905531,1.65829815730114,0,7
2024-05-07 23:00:00,1.90359895098359,1.77734227765454,0,6.71
2024-05-08,1.67896397508271,1.65996011675891,0,5.36
2024-05-08 01:00:00,1.56234630490025,1.53199521921296,0,4.77
2024-05-08 02:00:00,1.65249740189455,1.62468121718683,0,5.22
2024-05-08 03:00:00,1.74745921033147,1.62189322496926,0,5.74
2024-05-08 04:00:00,1.88706964903238,1.70658835165992,0,6.6
2024-05-08 05:00:00,1.870262530716,1.77421289524133,0,6.49
2024-05-08 06:00:00,1.81645208181843,1.83453636406515,0,6.15
2024-05-08 07:00:00,1.70474809223843,1.86943507873921,0,5.5
2024-05-08 08:00:00,1.66392609771817,1.77597696095504,0,5.28
2024-05-08 09:00:00,1.7561322915849,1.71027399406831,0,5.79
2024-05-08 10:00:00,1.83418018511201,1.64710473191309,0,6.26
2024-05-08 11:00:00,1.82937633279936,1.53369863926781,0,6.23
2024-05-08 12:00:00,1.61541998411165,1.42251481243526,0,5.03
2024-05-08 13:00:00,1.3787660946991,1.34450571517697,0,3.97
2024-05-08 14:00:00,1.38128181929635,1.36984355594744,0,3.98
2024-05-08 15:00:00,1.34286480319255,1.18159069720503,0,3.83
2024-05-08 16:00:00,1.70292825552144,1.21165880268607,0,5.49
2024-05-08 17:00:00,1.48613969608961,1.06458439331679,0,4.42
2024-05-08 18:00:00,1.24126858906963,1.22959210907488,0,3.46
2024-05-08 19:00:00,1.3609765531356,1.31336800075145,0,3.9
2024-05-08 20:00:00,1.57897870494939,1.62430596842305,0,4.85
2024-05-08 21:00:00,2.53131302260216,1.52253650386689,0,12.57
2024-05-08 22:00:00,1.89311196348834,1.5126354213268,0,6.64
2024-05-08 23:00:00,2.22570404865809,1.57729207419044,0,9.26
2024-05-09,1.70656462316482,1.44053962013456,0,5.51
2024-05-09 01:00:00,1.69009581545155,1.44556275295511,0,5.42
2024-05-09 02:00:00,1.54329810992956,1.45535202777471,0,4.68
2024-05-09 03:00:00,1.47017584510059,1.50919328747718,0,4.35
2024-05-09 04:00:00,2.45873377548398,1.59513724009185,0,11.69
2024-05-09 05:00:00,1.58923520511658,1.62303740081207,0,4.9
2024-05-09 06:00:00,1.81319474994812,1.76740969145487,0,6.13
2024-05-09 07:00:00,2.33988087773774,1.87656351150181,0,10.38
2024-05-09 08:00:00,2.3832429960115,1.86163525273168,0,10.84
2024-05-09 09:00:00,2.18492704952581,1.8157623521675,0,8.89
2024-05-09 10:00:00,1.68824909285839,1.61917458390482,0,5.41
2024-05-09 11:00:00,1.44926916028128,1.49539910851111,0,4.26
2024-05-09 12:00:00,1.19088756477728,1.41933800166975,0,3.29
2024-05-09 13:00:00,1.13783300182139,1.41567286239029,0,3.12
2024-05-09 14:00:00,1.23547147138531,1.50033679178141,0,3.44
2024-05-09 15:00:00,1.20896034583698,1.32791212696269,0,3.35
2024-05-09 16:00:00,1.22082992139236,1.31292091843316,0,3.39
2024-05-09 17:00:00,1.09861228866811,1.19600855217753,0,3
2024-05-09 18:00:00,1.16315080980568,1.29265493262715,0,3.2
2024-05-09 19:00:00,1.18478998490916,1.48788017284604,0,3.27
2024-05-09 20:00:00,1.27815220250019,1.63550685402707,0,3.59
2024-05-09 21:00:00,1.63899671467564,1.49299086455211,0,5.15
2024-05-09 22:00:00,2.42568729012803,1.52977409247743,0,11.31
2024-05-09 23:00:00,1.73871024813824,1.60130221801315,0,5.69
2024-05-10,1.56234630490025,1.47111549481445,0,4.77
2024-05-10 01:00:00,1.6094379124341,1.51810500291507,0,5
2024-05-10 02:00:00,1.95018670582257,1.57068638687238,0,7.03
2024-05-10 03:00:00,1.77833644889591,1.59869271569039,0,5.92
2024-05-10 04:00:00,1.77495235091167,1.47518085136006,0,5.9
2024-05-10 05:00:00,1.73518911773966,1.61324748020689,0,5.67
2024-05-10 06:00:00,1.87333945622048,1.70536825039474,0,6.51
2024-05-10 07:00:00,1.96711235670592,1.88485622340925,0,7.15
2024-05-10 08:00:00,2.17361471169709,1.87940732098463,0,8.79
2024-05-10 09:00:00,2.13888900032326,1.92624951097273,0,8.49
2024-05-10 10:00:00,1.50629715351459,1.71679396561565,0,4.51
2024-05-10 11:00:00,1.15373158788919,1.52644805379285,0,3.17
2024-05-10 12:00:00,1.16627093714192,1.50967499966756,0,3.21
2024-05-10 13:00:00,1.02961941718116,1.36916360076708,0,2.8
2024-05-10 14:00:00,0.989541193613748,1.28705679885867,0,2.69
2024-05-10 15:00:00,0.900161349944271,1.2826637241986,0,2.46
2024-05-10 16:00:00,1.08180517035173,1.22897860116475,0,2.95
2024-05-10 17:00:00,1.11514159061932,1.17679008222276,0,3.05
2024-05-10 18:00:00,1.24126858906963,1.27752158640669,0,3.46
2024-05-10 19:00:00,1.22671229129543,1.26371081287898,0,3.41
2024-05-10 20:00:00,1.55180879959746,1.61948784632657,0,4.72
2024-05-10 21:00:00,1.62924053973028,1.61100391152278,0,5.1
2024-05-10 22:00:00,1.58923520511658,1.53605935360668,0,4.9
2024-05-10 23:00:00,1.58514521986506,1.61011643726905,0,4.88
2024-05-11,1.80005827204275,1.48283346009449,0,6.05
2024-05-11 01:00:00,1.61938824328727,1.47781711708534,0,5.05
2024-05-11 02:00:00,1.54543258245819,1.43669217945997,0,4.69
2024-05-11 03:00:00,1.52605630349505,1.49521324464829,0,4.6
2024-05-11 04:00:00,1.54329810992956,1.6232629877293,0,4.68
2024-05-11 05:00:00,1.52169899812609,1.56037101085475,0,4.58
2024-05-11 06:00:00,1.58923520511658,1.77858764621655,0,4.9
2024-05-11 07:00:00,1.90954250488444,1.87132776245274,0,6.75
2024-05-11 08:00:00,2.14943391349987,1.91960686015935,0,8.58
2024-05-11 09:00:00,2.44147709186066,1.87091531665452,0,11.49
2024-05-11 10:00:00,2.57489968831471,1.90788062099617,0,13.13
2024-05-11 11:00:00,2.04381436403668,1.7650960611594,0,7.72
2024-05-11 12:00:00,2.2181159363676,1.52995728597633,0,9.19
2024-05-11 13:00:00,2.04640168760164,1.67669797459373,0,7.74
2024-05-11 14:00:00,1.42310833424261,1.52296770633046,0,4.15
2024-05-11 15:00:00,1.47017584510059,1.43145091238955,0,4.35
2024-05-11 16:00:00,1.52169899812609,1.52019722734743,0,4.58
2024-05-11 17:00:00,1.71379792775834,1.43236562811942,0,5.55
2024-05-11 18:00:00,2.04381436403668,1.64658027229401,0,7.72
2024-05-11 19:00:00,1.71379792775834,1.51801090089788,0,5.55
2024-05-11 20:00:00,1.78674692740451,1.66555388084625,0,5.97
2024-05-11 21:00:00,1.78339121955754,1.79042042612092,0,5.95
2024-05-11 22:00:00,2.10535292346434,1.88537105041975,0,8.21
2024-05-11 23:00:00,2.49732916978656,1.90625207036632,0,12.15
2024-05-12,2.01623546577604,1.63197621205795,0,7.51
2024-05-12 01:00:00,1.77833644889591,1.597835800505,0,5.92
2024-05-12 02:00:00,1.68454538492091,1.72856771854328,0,5.39
2024-05-12 03:00:00,1.77833644889591,1.69146154409541,0,5.92
2024-05-12 04:00:00,1.89761985992753,1.70644921142816,0,6.67
2024-05-12 05:00:00,2.14358936150359,1.69148451991986,0,8.53
2024-05-12 06:00:00,2.14124194258528,1.67262991036939,0,8.51
2024-05-12 07:00:00,2.27418561847235,1.86878293180204,0,9.72
2024-05-12 08:00:00,2.33408376005342,1.82764268852308,0,10.32
2024-05-12 09:00:00,2.06812778177956,1.80332767840606,0,7.91
2024-05-12 10:00:00,1.97129938306013,1.70638001262814,0,7.18
2024-05-12 11:00:00,1.80005827204275,1.61198275077845,0,6.05
2024-05-12 12:00:00,1.78339121955754,1.53970427717913,0,5.95
2024-05-12 13:00:00,1.6094379124341,1.53497795877626,0,5
2024-05-12 14:00:00,1.35583515363518,1.51134054411369,0,3.88
2024-05-12 15:00:00,1.26129787094521,1.3113806071235,0,3.53
2024-05-12 16:00:00,1.08180517035173,1.1221863371618,0,2.95
2024-05-12 17:00:00,1.00063188030791,1.36582899429887,0,2.72
2024-05-12 18:00:00,0.912282710476616,1.28431808987256,0,2.49
2024-05-12 19:00:00,0.837247524533702,1.45416348549218,0,2.31
2024-05-12 20:00:00,1.22964055107451,1.55952050523688,0,3.42
2024-05-12 21:00:00,2.28136145654242,1.6316471357416,0,9.79
2024-05-12 22:00:00,2.27006190128849,1.73452573539794,0,9.68
2024-05-12 23:00:00,1.43031124653666,1.68157321829595,0,4.18
2024-05-13,0.963174317773006,1.53187207042056,0,2.62
2024-05-13 01:00:00,1.08180517035173,1.38569048207264,0,2.95
2024-05-13 02:00:00,1.09192330051731,1.45390080440703,0,2.98
2024-05-13 03:00:00,1.47247205736094,1.51927207602803,0,4.36
2024-05-13 04:00:00,2.31253542384721,1.53307765684597,0,10.1
2024-05-13 05:00:00,1.84530023615608,1.48046874785988,0,6.33
2024-05-13 06:00:00,1.90954250488444,1.62133901707121,0,6.75
2024-05-13 07:00:00,1.95018670582257,1.78027481345667,0,7.03
2024-05-13 08:00:00,1.49290409617815,1.59537432151579,0,4.45
2024-05-13 09:00:00,1.08856195281461,1.57288296374821,0,2.97
2024-05-13 10:00:00,0.936093359170335,1.50058618821721,0,2.55
2024-05-13 11:00:00,0.947789398933526,1.42997220104669,0,2.58
2024-05-13 12:00:00,1.00063188030791,1.22120389499773,0,2.72
2024-05-13 13:00:00,0.879626747502564,1.14261081399688,0,2.41
2024-05-13 14:00:00,1.00795792039998,1.22951759033381,0,2.74
2024-05-13 15:00:00,1.00795792039998,1.14406782575621,0,2.74
2024-05-13 16:00:00,1.05779029414785,1.07085848943785,0,2.88
2024-05-13 17:00:00,0.970778917158225,1.07682517448188,0,2.64
2024-05-13 18:00:00,1.11514159061932,1.14139095812955,0,3.05
2024-05-13 19:00:00,1.02604159583327,1.30203471960942,0,2.79
2024-05-13 20:00:00,1.16315080980568,1.53618161958157,0,3.2
2024-05-13 21:00:00,1.29746314741327,1.53950838306589,0,3.66
2024-05-13 22:00:00,1.21787570949493,1.58920033081944,0,3.38
2024-05-13 23:00:00,1.25561603747777,1.66584920469439,0,3.51
2024-05-14,1.41585316336144,1.6410076311464,0,4.12
2024-05-14 01:00:00,1.49290409617815,1.53367336590795,0,4.45
2024-05-14 02:00:00,1.37371557891303,1.56812047232542,0,3.95
2024-05-14 03:00:00,1.41098697371026,1.49939854150919,0,4.1
2024-05-14 04:00:00,1.62924053973028,1.53763300817025,0,5.1
2024-05-14 05:00:00,1.73165554515835,1.59634974952553,0,5.65
2024-05-14 06:00:00,1.89761985992753,1.79223602647316,0,6.67
2024-05-14 07:00:00,2.1938856760707,1.83741863286242,0,8.97
2024-05-14 08:00:00,1.47017584510059,1.64037129156734,0,4.35
2024-05-14 09:00:00,1.12492959698548,1.45639615292779,0,3.08
2024-05-14 10:00:00,1.16315080980568,1.26045460852777,0,3.2
2024-05-14 11:00:00,1.17557332980424,1.02055565327134,0,3.24
2024-05-14 12:00:00,1.16315080980568,0.939611475676059,0,3.2
2024-05-14 13:00:00,1.01884732019925,0.879256891494114,0,2.77
2024-05-14 14:00:00,0.963174317773006,0.769799554764565,0,2.62
2024-05-14 15:00:00,0.858661619037519,0.873230461437666,0,2.36
2024-05-14 16:00:00,0.741937344729377,0.778965460583372,0,2.1
2024-05-14 17:00:00,0.867100487683383,0.764708180360081,0,2.38
2024-05-14 18:00:00,0.756121979721334,0.62991265351473,0,2.13
2024-05-14 19:00:00,0.625938430866495,0.765363909477808,0,1.87
2024-05-14 20:00:00,0.641853886172395,1.26513095499675,0,1.9
2024-05-14 21:00:00,2.40964416528745,1.4654156054796,0,11.13
2024-05-14 22:00:00,1.24703229378638,1.5047984298807,0,3.48
2024-05-14 23:00:00,1.17557332980424,1.60634461720708,0,3.24
2024-05-15,1.33500106673234,1.52914451706396,0,3.8
2024-05-15 01:00:00,1.99605993274078,1.5321794559395,0,7.36
2024-05-15 10:00:00,1.25846098961001,0.866404004270217,0,3.52
2024-05-15 11:00:00,1.6094379124341,0.75559916565843,0,5
2024-05-15 12:00:00,1.3609765531356,0.781644648844575,0,3.9
2024-05-15 13:00:00,1.36609165380237,0.452921499489815,0,3.92
2024-05-15 14:00:00,1.21787570949493,0.49804030175646,0,3.38
2024-05-15 15:00:00,1.19088756477728,0.518461609498572,0,3.29
2024-05-15 16:00:00,1.04731899428056,0.398625862953739,0,2.85
2024-05-15 17:00:00,0.951657875711446,0.591121924585454,0,2.59
2024-05-15 18:00:00,0.908258560176891,0.606329375003198,0,2.48
2024-05-15 19:00:00,0.947789398933526,0.821306361725562,0,2.58
2024-05-15 20:00:00,1.01160091167848,1.03042588636329,0,2.75
2024-05-15 21:00:00,1.01160091167848,1.16733822912228,0,2.75
2024-05-15 22:00:00,1.06471073699243,1.22844775161093,0,2.9
2024-05-15 23:00:00,1.15057202759882,1.38670614914354,0,3.16
2024-05-16,1.03673688495002,1.42662126599691,0,2.82
2024-05-16 01:00:00,1.16315080980568,1.36083348801686,0,3.2
2024-05-16 02:00:00,1.04731899428056,1.30373748505527,0,2.85
2024-05-16 03:00:00,1.02604159583327,1.33851250429728,0,2.79
2024-05-16 04:00:00,1.30019166206648,1.27220910810644,0,3.67
2024-05-16 05:00:00,1.23837423104327,1.29833716824013,0,3.45
2024-05-16 06:00:00,1.09861228866811,1.47711146258263,0,3
2024-05-16 07:00:00,1.11514159061932,1.48085829043366,0,3.05
2024-05-16 08:00:00,1.08856195281461,1.38897151433436,0,2.97
2024-05-16 09:00:00,1.28093384546206,1.09296114196343,0,3.6
2024-05-16 10:00:00,1.27536280041261,0.736018180239667,0,3.58
2024-05-16 11:00:00,1.25846098961001,0.339654258093298,0,3.52
2024-05-16 12:00:00,1.45395300959371,0.47026449435345,0,4.28
2024-05-16 13:00:00,1.01884732019925,0.303870347817365,0,2.77
2024-05-16 14:00:00,0.951657875711446,0.599494799299507,0,2.59
2024-05-16 15:00:00,0.883767540168595,0.713775520654662,0,2.42
2024-05-16 16:00:00,1.11514159061932,0.56821476389502,0,3.05
2024-05-16 17:00:00,1.14740245283754,0.647842569699665,0,3.15
2024-05-16 18:00:00,1.18172719537862,0.786265535475233,0,3.26
2024-05-16 19:00:00,1.25276296849537,0.957604251829443,0,3.5
2024-05-16 20:00:00,1.47704872438835,1.04205104426699,0,4.38
2024-05-16 21:00:00,1.47704872438835,0.93519576435175,0,4.38
2024-05-16 22:00:00,1.21787570949493,1.10360132861547,0,3.38
2024-05-16 23:00:00,1.18172719537862,1.29077865265988,0,3.26
2024-05-17,1.10856261952128,1.25778944294827,0,3.03
2024-05-17 01:00:00,1.04731899428056,1.03086540157448,0,2.85
2024-05-17 02:00:00,0.978326122793608,1.25780235128613,0,2.66
2024-05-17 03:00:00,0.982078472412158,1.23921046673778,0,2.67
2024-05-17 04:00:00,1.07158361628019,1.00314138157139,0,2.92
2024-05-17 05:00:00,1.25561603747777,1.09436911074182,0,3.51
2024-05-17 06:00:00,1.10856261952128,1.16605620409396,0,3.03
2024-05-17 09:00:00,1.3609765531356,0.670958763538671,0,3.9
2024-05-17 10:00:00,1.53255686809814,0.785580106171639,0,4.63
2024-05-17 11:00:00,1.26694760348732,0.892189195019042,0,3.55
2024-05-17 12:00:00,1.18172719537862,0.553916278202498,0,3.26
2024-05-17 13:00:00,1.23837423104327,0.960850052926458,0,3.45
2024-05-17 14:00:00,1.33236601909433,1.06933471046363,0,3.79
2024-05-17 15:00:00,1.28647402583768,1.12778452662619,0,3.62
2024-05-17 16:00:00,0.932164081030445,1.02446008827092,0,2.54
2024-05-17 17:00:00,1.36609165380237,0.817977452886083,0,3.92
2024-05-17 18:00:00,1.50629715351459,0.933572835277538,0,4.51
2024-05-17 19:00:00,1.25276296849537,1.25443097272083,0,3.5
2024-05-17 20:00:00,1.55603713570699,1.3127454560018,0,4.74
2024-05-17 21:00:00,1.62531126159039,1.40041083680044,0,5.08
2024-05-17 22:00:00,1.55180879959746,1.40349644635234,0,4.72
2024-05-17 23:00:00,1.72988406550997,1.59911306470275,0,5.64
2024-05-18,1.48613969608961,1.27091245729841,0,4.42
2024-05-18 01:00:00,0.924258901523332,1.14162369459457,0,2.52
2024-05-18 02:00:00,0.122217632724249,1.13366520015675,0,1.13
2024-05-18 03:00:00,0.0953101798043249,1.1732308000617,0,1.1
2024-05-18 04:00:00,0.122217632724249,1.2125212722579,0,1.13
2024-05-18 05:00:00,0.0953101798043249,1.17555730114625,0,1.1
2024-05-18 06:00:00,0.378436435720245,1.24077305515959,0,1.46
2024-05-18 07:00:00,0.246860077931526,1.23042795033986,0,1.28
2024-05-18 08:00:00,0.512823626428664,1.1758090093376,0,1.67
2024-05-18 09:00:00,0.470003629245736,1.09998717367974,0,1.6
2024-05-18 10:00:00,0.343589704390077,1.13172222051185,0,1.41
2024-05-18 11:00:00,0.122217632724249,1.19689999420148,0,1.13
2024-05-18 12:00:00,-0.0304592074847086,1.12930160202503,0,0.97
2024-05-18 13:00:00,0.371563556432483,1.22830302853799,0,1.45
2024-05-18 14:00:00,0.0295588022415444,1.19165180763294,0,1.03
2024-05-18 15:00:00,-0.127833371509885,1.04614963404249,0,0.88
2024-05-18 16:00:00,0.65232518603969,1.35112425968318,0,1.92
2024-05-18 17:00:00,0.524728528934982,1.26541535599102,0,1.69
2024-05-18 18:00:00,0.920282753143692,1.41333405359112,0,2.51
2024-05-18 19:00:00,1.44926916028128,1.4946989007302,0,4.26
2024-05-18 20:00:00,1.09861228866811,1.67230698529541,0,3
2024-05-18 21:00:00,1.84054963339749,1.73634111186616,0,6.3
2024-05-18 22:00:00,1.76985463384001,1.62608876504105,0,5.87
2024-05-18 23:00:00,2.35612585992208,1.71952935132095,0,10.55
2024-05-19,1.7561322915849,1.61313816299217,0,5.79
2024-05-19 01:00:00,1.54329810992956,1.53424333713875,0,4.68
2024-05-19 02:00:00,1.68082790852077,1.64831664881966,0,5.37
2024-05-19 03:00:00,1.74919985480926,1.60949854211874,0,5.75
2024-05-19 04:00:00,1.8531680973567,1.5094484845227,0,6.38
2024-05-19 05:00:00,1.93441576962958,1.53965664025886,0,6.92
2024-05-19 06:00:00,2.20276475771183,1.6958465787392,0,9.05
2024-05-19 07:00:00,2.09433015417359,1.71531948025444,0,8.12
2024-05-19 08:00:00,1.81645208181843,1.74012934022605,0,6.15
2024-05-19 09:00:00,1.48613969608961,1.6599563650036,0,4.42
2024-05-19 10:00:00,1.46325540225602,1.61952311429819,0,4.32
2024-05-19 11:00:00,1.37371557891303,1.53695056000285,0,3.95
2024-05-19 12:00:00,0.89199803930511,1.43143597253483,0,2.44
2024-05-19 13:00:00,0.837247524533702,1.24959090877533,0,2.31
2024-05-19 14:00:00,0.27002713721306,1.24358823188969,0,1.31
2024-05-19 15:00:00,0.0769610411361284,1.07180716088867,0,1.08
2024-05-19 16:00:00,0.774727167552368,1.10694888742169,0,2.17
2024-05-19 17:00:00,0.357674444271816,1.19630838972615,0,1.43
2024-05-19 18:00:00,0.494696241836107,1.16833098627148,0,1.64
2024-05-19 19:00:00,0.148420005118273,1.20333625272487,0,1.16
2024-05-19 20:00:00,1.1314021114911,1.53047700409935,0,3.1
2024-05-19 21:00:00,1.62531126159039,1.55233936613004,0,5.08
2024-05-19 22:00:00,1.69927861643389,1.54340122347071,0,5.47
2024-05-19 23:00:00,2.02154756326093,1.50732883160739,0,7.55
2024-05-20,2.06939120582633,1.35202682890997,0,7.92
2024-05-20 01:00:00,1.52388002407245,1.45602910296112,0,4.59
2024-05-20 02:00:00,1.08180517035173,1.38192981372791,0,2.95
2024-05-20 03:00:00,1.24415459395877,1.39301402608645,0,3.47
2024-05-20 04:00:00,1.47704872438835,1.3182763205426,0,4.38
2024-05-20 05:00:00,1.49514876603197,1.43909409139524,0,4.46
2024-05-20 06:00:00,2.18041745901984,1.48432678001696,0,8.85
2024-05-20 07:00:00,2.31352503303238,1.68699356223934,0,10.11
2024-05-20 08:00:00,2.2170272046324,1.61735780483331,0,9.18
2024-05-20 09:00:00,1.89009536994892,1.65213863423299,0,6.62
2024-05-20 10:00:00,1.31908561142644,1.65123004934692,0,3.74
2024-05-20 11:00:00,0.553885113226438,1.39945197179803,0,1.74
2024-05-20 12:00:00,0.371563556432483,1.40171450784749,0,1.45
2024-05-20 13:00:00,0.425267735404344,1.11006522703049,0,1.53
2024-05-20 14:00:00,0.548121408509688,1.31926703594971,0,1.73
2024-05-20 15:00:00,0.46373401623214,1.12315973068184,0,1.59
2024-05-20 16:00:00,0.548121408509688,1.17262886522869,0,1.73
2024-05-20 17:00:00,0.457424847038875,1.29733743961676,0,1.58
2024-05-20 18:00:00,0.262364264467491,1.4793835018165,0,1.3
2024-05-20 19:00:00,0.482426149244293,1.15491498948126,0,1.62
2024-05-20 20:00:00,0.824175442966349,1.46095047632595,0,2.28
2024-05-20 21:00:00,1.23547147138531,1.77223404429473,0,3.44
2024-05-20 22:00:00,2.03077636969855,1.75843046113854,0,7.62
2024-05-20 23:00:00,2.32825283974262,1.73588477663373,0,10.26
2024-05-21,2.02683159140754,1.60801401645923,0,7.59
2024-05-21 01:00:00,2.06051353179432,1.62998092353784,0,7.85
2024-05-21 02:00:00,1.99470031322475,1.68277693522756,0,7.35
2024-05-21 03:00:00,1.76985463384001,1.66018488698361,0,5.87
2024-05-21 04:00:00,2.01490302054226,1.64742631713045,0,7.5
2024-05-21 05:00:00,2.05284085988266,1.70490784835122,0,7.79
2024-05-21 06:00:00,1.99470031322475,1.8418612878925,0,7.35
2024-05-21 07:00:00,1.79674701073909,1.87029646099377,0,6.03
2024-05-21 08:00:00,1.30833281965018,1.59328268873519,0,3.7
2024-05-21 09:00:00,1.56653041142282,1.36226128313229,0,4.79
2024-05-21 10:00:00,1.79175946922805,1.44230068020981,0,6
2024-05-21 11:00:00,2.07944154167984,1.2922813707365,0,8
2024-05-21 12:00:00,2.34468626901268,0.978677968331965,0,10.43
2024-05-21 13:00:00,2.34276688262688,0.797439817483116,0,10.41
2024-05-21 14:00:00,1.97685495290473,1.16741965010405,0,7.22
2024-05-21 15:00:00,2.21593728626837,1.35390877101199,0,9.17
2024-05-21 16:00:00,2.12584791449399,1.38874457973772,0,8.38
2024-05-21 17:00:00,1.87333945622048,1.4053020614077,0,6.51
2024-05-21 18:00:00,1.61938824328727,1.18698761517599,0,5.05
2024-05-21 19:00:00,1.66013102674962,1.14817282628595,0,5.26
2024-05-21 20:00:00,1.71199450075919,1.47860327917275,0,5.54
2024-05-21 21:00:00,1.92278773163446,1.66898200579151,0,6.84
2024-05-21 22:00:00,1.85629799036563,1.70493238574387,0,6.4
2024-05-21 23:00:00,1.97685495290473,1.84602150933521,0,7.22
2024-05-22,2.01490302054226,1.76534019906256,0,7.5
2024-05-22 01:00:00,1.91985947185537,1.74083204542822,0,6.82
2024-05-22 02:00:00,2.15986879079245,1.77442007200408,0,8.67
2024-05-22 03:00:00,2.22786154679811,1.7644659588541,0,9.28
2024-05-22 04:00:00,2.06939120582633,1.75941314750916,0,7.92
2024-05-22 05:00:00,1.98924327376169,1.7952091502147,0,7.31
2024-05-22 06:00:00,1.77155676191054,1.67477472098937,0,5.88
2024-05-22 07:00:00,1.26129787094521,1.63100471442492,0,3.53
2024-05-22 08:00:00,0.457424847038875,1.59652144953598,0,1.58
2024-05-22 09:00:00,0.65232518603969,1.55776548419089,0,1.92
2024-05-22 10:00:00,0.157003748809665,1.39845233004812,0,1.17
2024-05-22 11:00:00,0.231111720963387,1.35307391499146,0,1.26
2024-05-22 12:00:00,0.371563556432483,1.36537579247618,0,1.45
2024-05-22 13:00:00,0.385262400790645,1.33442109682084,0,1.47
2024-05-22 14:00:00,-0.0512932943875506,1.44239692622294,0,0.95
2024-05-22 15:00:00,-0.139262067333508,1.35705133137214,0,0.87
2024-05-22 16:00:00,0.27002713721306,1.27549360525046,0,1.31
2024-05-22 17:00:00,0.412109650826833,1.39547219693902,0,1.51
2024-05-22 18:00:00,0.405465108108164,1.25258729544268,0,1.5
2024-05-22 19:00:00,1.70474809223843,1.38219290243663,0,5.5
2024-05-22 20:00:00,1.08180517035173,1.56378580634371,0,2.95
2024-05-22 21:00:00,1.15373158788919,1.69374051151321,0,3.17
2024-05-22 22:00:00,1.41827740697294,1.60268644523889,0,4.13
2024-05-22 23:00:00,1.54968790802833,1.67979361812353,0,4.71
2024-05-23,1.48613969608961,1.58350846900482,0,4.42
2024-05-23 01:00:00,1.43508452528932,1.45791675551243,0,4.2
2024-05-23 02:00:00,1.39871688111845,1.45138488477051,0,4.05
2024-05-23 03:00:00,1.28647402583768,1.51467991059332,0,3.62
2024-05-23 04:00:00,1.30019166206648,1.55364588676656,0,3.67
2024-05-23 05:00:00,1.38128181929635,1.60088915735903,0,3.98
2024-05-23 06:00:00,1.34807314829969,1.73490279109582,0,3.85
2024-05-23 07:00:00,1.21787570949493,1.85762693751125,0,3.38
2024-05-23 08:00:00,1.16627093714192,1.7979633408195,0,3.21
2024-05-23 09:00:00,1.16938135955632,1.56368907997347,0,3.22
2024-05-23 10:00:00,1.26694760348732,1.48621653695956,0,3.55
2024-05-23 11:00:00,1.16938135955632,1.45543051002501,0,3.22
2024-05-23 12:00:00,1.18172719537862,1.46160362965118,0,3.26
2024-05-23 13:00:00,1.04731899428056,1.37655528540613,0,2.85
2024-05-23 14:00:00,1.07158361628019,1.47064212063583,0,2.92
2024-05-23 15:00:00,0.974559639998131,1.31760013573586,0,2.65
2024-05-23 16:00:00,0.989541193613748,1.32340899596589,0,2.69
2024-05-23 17:00:00,1.21194097397511,1.15066813435651,0,3.36
2024-05-23 18:00:00,1.16627093714192,1.1810137121814,0,3.21
2024-05-23 19:00:00,1.32175583998232,1.1939188372635,0,3.75
2024-05-23 20:00:00,1.43031124653666,1.52278562679772,0,4.18
2024-05-23 21:00:00,1.55603713570699,1.74017510961299,0,4.74
2024-05-23 22:00:00,1.6094379124341,1.73684066105813,0,5
2024-05-23 23:00:00,1.73342389221509,1.84212762417604,0,5.66
2024-05-24,1.7732559976635,1.59915293540267,0,5.89
2024-05-24 01:00:00,1.80828877117927,1.52838540479866,0,6.1
2024-05-24 02:00:00,1.84530023615608,1.60041759317087,0,6.33
2024-05-24 03:00:00,1.8531680973567,1.47766028382213,0,6.38
2024-05-24 04:00:00,1.96009478404727,1.52357349659495,0,7.1
2024-05-24 05:00:00,1.96009478404727,1.55498996871164,0,7.1
2024-05-24 06:00:00,2.22354188565359,1.81161357652085,0,9.24
2024-05-24 07:00:00,2.43361335540045,1.80768688142944,0,11.4
2024-05-24 08:00:00,2.14476100780048,1.79503079287211,0,8.54
2024-05-24 09:00:00,1.64865862558738,1.7262889443096,0,5.2
2024-05-24 10:00:00,1.67147330335355,1.47019019266882,0,5.32
2024-05-24 11:00:00,1.88403474533723,0.967069385350213,0,6.58
2024-05-24 12:00:00,1.79175946922805,1.14467896710077,0,6
2024-05-24 13:00:00,1.18478998490916,1.50499904777056,0,3.27
2024-05-24 14:00:00,1.14103300455206,1.36815979582798,0,3.13
2024-05-24 15:00:00,1.62924053973028,1.31213308091346,0,5.1
2024-05-24 16:00:00,1.78674692740451,1.29112051882143,0,5.97
2024-05-24 17:00:00,1.84213567655312,1.33575647498462,0,6.31
2024-05-24 18:00:00,1.47247205736094,1.35958793969778,0,4.36
2024-05-24 19:00:00,0.883767540168595,1.5238040406223,0,2.42
2024-05-24 20:00:00,1.26412672714568,1.54281056182942,0,3.54
2024-05-24 21:00:00,1.12492959698548,1.68345792369384,0,3.08
2024-05-24 22:00:00,1.61938824328727,1.70521608167752,0,5.05
2024-05-24 23:00:00,1.78674692740451,1.73469665238582,0,5.97
2024-05-25,2.03731661537916,1.50003715869994,0,7.67
2024-05-25 01:00:00,1.73518911773966,1.5641384917238,0,5.67
2024-05-25 02:00:00,1.62924053973028,1.54687873410815,0,5.1
2024-05-25 03:00:00,1.65249740189455,1.5463211119006,0,5.22
2024-05-25 04:00:00,1.80005827204275,1.58254100167479,0,6.05
2024-05-25 05:00:00,1.74919985480926,1.56079262075218,0,5.75
2024-05-25 06:00:00,1.93441576962958,1.76480879918306,0,6.92
2024-05-25 07:00:00,2.2353763433006,1.81554416643237,0,9.35
2024-05-25 08:00:00,2.494031557565,1.6838735822577,0,12.11
2024-05-25 09:00:00,2.7408400239252,1.78026690652323,0,15.5
2024-05-25 10:00:00,2.3823200610129,1.80008444381405,0,10.83
2024-05-25 11:00:00,2.28033948404673,1.51354852728719,0,9.78
2024-05-25 12:00:00,2.05668455455722,1.60666966687991,0,7.82
2024-05-25 13:00:00,1.72988406550997,1.50312345928636,0,5.64
2024-05-25 14:00:00,1.35325450704169,1.47038206867479,0,3.87
2024-05-25 15:00:00,1.45861502269952,1.42783168854313,0,4.3
2024-05-25 16:00:00,1.79674701073909,1.41698620329519,0,6.03
2024-05-25 17:00:00,1.91985947185537,1.49163400846111,0,6.82
2024-05-25 18:00:00,1.42310833424261,1.26365300941875,0,4.15
2024-05-25 19:00:00,1.26694760348732,1.53165729760834,0,3.55
2024-05-25 20:00:00,1.40609698841607,1.65716209043396,0,4.08
2024-05-25 21:00:00,1.55814461804655,1.79906797752925,0,4.75
2024-05-25 22:00:00,1.92716410623426,1.76901699881438,0,6.87
2024-05-25 23:00:00,1.76644166124377,1.66422520349608,0,5.85
2024-05-26,1.95018670582257,1.47232356825013,0,7.03
2024-05-26 01:00:00,1.83736998048011,1.45640254276335,0,6.28
2024-05-26 02:00:00,1.63510565918268,1.45872885568711,0,5.13
2024-05-26 03:00:00,1.56444054650336,1.56227666154565,0,4.78
2024-05-26 04:00:00,1.90508815453506,1.45536203776566,0,6.72
2024-05-26 05:00:00,2.16561923792089,1.69999623147832,0,8.72
2024-05-26 06:00:00,2.15640258281596,1.57880548850902,0,8.64
2024-05-26 07:00:00,2.24177295359729,1.80384198631647,0,9.41
2024-05-26 08:00:00,2.46979301197795,1.73473469569526,0,11.82
2024-05-26 09:00:00,2.77757626375082,1.73322213898935,0,16.08
2024-05-26 10:00:00,2.60786147384678,1.70649871196735,0,13.57
2024-05-26 11:00:00,2.5922651681085,1.66309973437161,0,13.36
2024-05-26 12:00:00,2.15755932094379,1.6086878486425,0,8.65
2024-05-26 13:00:00,1.38629436111989,1.24716110930858,0,4
2024-05-26 14:00:00,1.2947271675944,1.19041842977663,0,3.65
2024-05-26 15:00:00,1.31372366828506,1.28945925166577,0,3.72
2024-05-26 16:00:00,1.39376637595859,1.20641231609433,0,4.03
2024-05-26 17:00:00,1.30291275218084,1.44156007593849,0,3.68
2024-05-26 18:00:00,1.50407739677627,1.02384821746311,0,4.5
2024-05-26 19:00:00,1.54543258245819,1.53531389938823,0,4.69
2024-05-26 20:00:00,1.30019166206648,1.71822332239667,0,3.67
2024-05-26 21:00:00,2.72523502585631,1.80202954978165,0,15.26
2024-05-26 22:00:00,1.55814461804655,1.81166776334217,0,4.75
2024-05-26 23:00:00,1.91985947185537,1.81253556190745,0,6.82
2024-05-27,1.50629715351459,1.70809945031516,0,4.51
2024-05-27 01:00:00,1.67896397508271,1.74775991238062,0,5.36
2024-05-27 02:00:00,1.65822807660353,1.80494952055226,0,5.25
2024-05-27 03:00:00,1.89160480419777,1.73778239495786,0,6.63
2024-05-27 04:00:00,1.52169899812609,1.80090676176523,0,4.58
2024-05-27 05:00:00,1.89761985992753,1.74605993013282,0,6.67
2024-05-27 06:00:00,2.46725171454928,1.74382011205966,0,11.79
2024-05-27 07:00:00,2.37211115564266,1.8718461865652,0,10.72
2024-05-27 08:00:00,2.53210825127229,1.87808677016118,0,12.58
2024-05-27 09:00:00,2.34276688262688,1.86472080749049,0,10.41
2024-05-27 10:00:00,2.19165353228676,1.82782764905488,0,8.95
2024-05-27 11:00:00,2.27624111765444,1.69185579237305,0,9.74
2024-05-27 12:00:00,2.2060741926132,1.64504634313616,0,9.08
2024-05-27 13:00:00,2.09556092355972,1.53704165091146,0,8.13
2024-05-27 14:00:00,2.02551319965428,1.28174952995022,0,7.58
2024-05-27 15:00:00,1.68268837417369,1.52969196537482,0,5.38
2024-05-27 16:00:00,1.21787570949493,1.58183739146475,0,3.38
2024-05-27 17:00:00,1.54968790802833,1.56742957701196,0,4.71
2024-05-27 18:00:00,1.57277392806251,1.49634206316664,0,4.82
2024-05-27 19:00:00,1.7561322915849,1.62023975361961,0,5.79
2024-05-27 20:00:00,1.93441576962958,1.75895700422086,0,6.92
2024-05-27 21:00:00,2.08318452795867,1.78437204891728,0,8.03
2024-05-27 22:00:00,2.68784749378469,1.80498818897537,0,14.7
2024-05-27 23:00:00,1.85473426838944,1.84650502007648,0,6.39
2024-05-28,1.95302761682418,1.65650260712123,0,7.05
2024-05-28 01:00:00,1.80005827204275,1.66170462322033,0,6.05
2024-05-28 02:00:00,1.92861865194525,1.82417936791517,0,6.88
2024-05-28 03:00:00,1.83896107071235,1.63298730982647,0,6.29
2024-05-28 04:00:00,2.22462355152433,1.69794145584437,0,9.25
2024-05-28 05:00:00,2.02022218201986,1.68418803988285,0,7.54
2024-05-28 06:00:00,1.47247205736094,1.80164789601677,0,4.36
2024-05-28 07:00:00,1.44220199305819,1.82541059545105,0,4.23
2024-05-28 08:00:00,1.19694818938897,1.76301097998621,0,3.31
2024-05-28 09:00:00,1.00063188030791,1.76871271042093,0,2.72
2024-05-28 10:00:00,1.02961941718116,1.579095989075,0,2.8
2024-05-28 11:00:00,0.56531380905006,1.50631067441874,0,1.76
2024-05-28 12:00:00,0.647103242058538,1.51894707325826,0,1.91
2024-05-28 13:00:00,0.792992515529661,1.32028901188175,0,2.21
2024-05-28 14:00:00,1.09861228866811,1.36724335716657,0,3
2024-05-28 15:00:00,1.07158361628019,1.34002454263404,0,2.92
2024-05-28 16:00:00,1.21194097397511,1.24407749309985,0,3.36
2024-05-28 17:00:00,0.993251773010283,1.09534574230873,0,2.7
2024-05-28 18:00:00,0.65232518603969,1.24470212196054,0,1.92
2024-05-28 19:00:00,1.49065437644413,1.27552524785889,0,4.44
2024-05-28 20:00:00,1.28370777234479,1.41255505670695,0,3.61
2024-05-28 21:00:00,1.92716410623426,1.6897309610345,0,6.87
2024-05-28 22:00:00,1.37371557891303,1.61632782248014,0,3.95
2024-05-28 23:00:00,1.31372366828506,1.77820880076013,0,3.72
2024-05-29,1.56444054650336,1.75778571599497,0,4.78
2024-05-29 01:00:00,1.77833644889591,1.6662099000021,0,5.92
2024-05-29 02:00:00,1.60341984010854,1.49775794625931,0,4.97
2024-05-29 03:00:00,1.57897870494939,1.41498843311423,0,4.85
2024-05-29 04:00:00,1.3609765531356,1.42758708095738,0,3.9
2024-05-29 05:00:00,1.51072193949494,1.40662260986652,0,4.53
2024-05-29 06:00:00,1.90061387414014,1.5683060108918,0,6.69
2024-05-29 07:00:00,2.19722457733622,1.73404322338149,0,9
2024-05-29 08:00:00,2.84374591655611,1.66171528248109,0,17.18
2024-05-29 09:00:00,2.8106067894273,1.53505495569331,0,16.62
2024-05-29 10:00:00,1.58923520511658,1.47000214706236,0,4.9
2024-05-29 11:00:00,0.553885113226438,1.19137014197595,0,1.74
2024-05-29 12:00:00,0.8754687373539,1.23812174777501,0,2.4
2024-05-29 13:00:00,1.00063188030791,1.01068824114208,0,2.72
2024-05-29 14:00:00,1.00063188030791,1.04523522620059,0,2.72
2024-05-29 15:00:00,0.500775287912489,1.16296708511425,0,1.65
2024-05-29 16:00:00,0.398776119957368,1.16163382064102,0,1.49
2024-05-29 17:00:00,0.615185639090233,1.25644507757684,0,1.85
2024-05-29 18:00:00,0.708035793053696,1.21904740197414,0,2.03
2024-05-29 19:00:00,0.845868267577609,1.38689840903722,0,2.33
2024-05-29 20:00:00,1.29198368164865,1.55268495621851,0,3.64
2024-05-29 21:00:00,1.56234630490025,1.5961993047218,0,4.77
2024-05-29 22:00:00,2.49979526228175,1.53056345121363,0,12.18
2024-05-29 23:00:00,2.52652832447882,1.65087888312365,0,12.51
2024-05-30,1.63119940421561,1.50491888751832,0,5.11
2024-05-30 01:00:00,1.85629799036563,1.59585728320912,0,6.4
2024-05-30 02:00:00,1.55603713570699,1.64103787709679,0,4.74
2024-05-30 03:00:00,2.35612585992208,1.60545609070407,0,10.55
2024-05-30 04:00:00,1.46787434811231,1.57935798361748,0,4.34
2024-05-30 05:00:00,1.11514159061932,1.59070386844482,0,3.05
2024-05-30 06:00:00,1.6094379124341,1.71310912480646,0,5
2024-05-30 07:00:00,1.66959183525385,1.74711920288816,0,5.31
2024-05-30 08:00:00,1.92570744173779,1.71552364122968,0,6.86
2024-05-30 09:00:00,1.60341984010854,1.63813453992808,0,4.97
2024-05-30 10:00:00,1.24990173621434,1.23683427192426,0,3.49
2024-05-30 11:00:00,0.824175442966349,0.889432003928981,0,2.28
2024-05-30 12:00:00,0.536493370514568,0.864461448977523,0,1.71
2024-05-30 13:00:00,0.482426149244293,1.00023658314616,0,1.62
2024-05-30 14:00:00,0.207014169384326,0.854991452161793,0,1.23
2024-05-30 15:00:00,0.207014169384326,0.826637790100863,0,1.23
2024-05-30 16:00:00,0.0769610411361284,0.925335949857593,0,1.08
2024-05-30 17:00:00,0.048790164169432,1.13330593466185,0,1.05
2024-05-30 18:00:00,0.598836501088704,1.10646352751237,0,1.82
2024-05-30 19:00:00,0.0198026272961797,1.31184298411015,0,1.02
2024-05-30 20:00:00,0.756121979721334,1.50801593766963,0,2.13
2024-05-30 21:00:00,0.828551817566148,1.62418223850948,0,2.29
2024-05-30 22:00:00,1.6094379124341,1.61400419492876,0,5
2024-05-30 23:00:00,1.3244189574018,1.60502692396142,0,3.76
2024-05-31,1.33236601909433,1.38781042000163,0,3.79
2024-05-31 01:00:00,1.20896034583698,1.28731584982289,0,3.35
2024-05-31 02:00:00,1.08180517035173,1.48983264523368,0,2.95
2024-05-31 03:00:00,1.63510565918268,1.3316969325755,0,5.13
2024-05-31 04:00:00,1.5830939370945,1.30385895977525,0,4.87
2024-05-31 05:00:00,1.45395300959371,1.49978997647319,0,4.28
2024-05-31 06:00:00,1.57897870494939,1.53561835862087,0,4.85
2024-05-31 07:00:00,1.91985947185537,1.62759917225824,0,6.82
2024-05-31 08:00:00,2.089391872533,1.66803729592265,0,8.08
2024-05-31 09:00:00,1.10525683138678,1.67519827894501,0,3.02
2024-05-31 10:00:00,0.536493370514568,1.46086782939373,0,1.71
2024-05-31 11:00:00,0.139761942375159,1.28671192829747,0,1.15
2024-05-31 12:00:00,0.122217632724249,1.22420018591553,0,1.13
2024-05-31 13:00:00,0.0198026272961797,1.11216967538306,0,1.02
2024-05-31 14:00:00,0.343589704390077,1.06805221731625,0,1.41
2024-05-31 15:00:00,0.542324290825362,0.823881135270012,0,1.72
2024-05-31 16:00:00,0.741937344729377,0.857195907518301,0,2.1
2024-05-31 17:00:00,1.01160091167848,1.06042702448987,0,2.75
2024-05-31 18:00:00,1.05431202977153,1.11863255780277,0,2.87
2024-05-31 19:00:00,0.22314355131421,1.17695039085889,0,1.25
2024-05-31 20:00:00,0.678033542749897,1.25605598943128,0,1.97
2024-05-31 21:00:00,1.04027671165515,1.62460652272234,0,2.83
2024-05-31 22:00:00,0.966983846189673,1.64071700711056,0,2.63
2024-05-31 23:00:00,0.703097511413113,1.75019463385432,0,2.02
2024-06-01,1.03673688495002,1.66998775302133,0,2.82
2024-06-01 01:00:00,1.00795792039998,1.66347909005386,0,2.74
2024-06-01 02:00:00,1.29198368164865,1.68657717627325,0,3.64
2024-06-01 03:00:00,1.36609165380237,1.65706785244595,0,3.92
2024-06-01 04:00:00,1.41342302850814,1.62834455118139,0,4.11
2024-06-01 05:00:00,1.74919985480926,1.65932328593618,0,5.75
2024-06-01 06:00:00,1.880990602956,1.66004992009149,0,6.56
2024-06-01 07:00:00,2.03077636969855,1.63075037249975,0,7.62
2024-06-01 08:00:00,1.92716410623426,1.76768820113372,0,6.87
2024-06-01 09:00:00,1.92570744173779,1.57901522894173,0,6.86
2024-06-01 10:00:00,1.83736998048011,1.52097938130762,0,6.28
2024-06-01 11:00:00,1.55180879959746,1.37421134234038,0,4.72
2024-06-01 12:00:00,1.18784342239605,1.34265189163133,0,3.28
2024-06-01 13:00:00,1.46093790411566,1.41484831417213,0,4.31
2024-06-01 14:00:00,1.66959183525385,1.3969185299048,0,5.31
2024-06-01 15:00:00,1.35583515363518,1.06659287788345,0,3.88
2024-06-01 16:00:00,0.65232518603969,1.19269986367459,0,1.92
2024-06-01 17:00:00,0.343589704390077,1.32476618245204,0,1.41
2024-06-01 18:00:00,0.570979546585738,1.38862836215884,0,1.77
2024-06-01 19:00:00,1.02961941718116,1.48943072060448,0,2.8
2024-06-01 20:00:00,1.52388002407245,1.44868090723321,0,4.59
2024-06-01 21:00:00,1.69561560867515,1.60434668093034,0,5.45
2024-06-01 22:00:00,1.80828877117927,1.68219100177812,0,6.1
2024-06-01 23:00:00,1.83418018511201,1.67758192586305,0,6.26
2024-06-02,1.880990602956,1.54816763187331,0,6.56
2024-06-02 01:00:00,1.9387416595767,1.57799870410637,0,6.95
2024-06-02 02:00:00,2.04381436403668,1.64725675846924,0,7.72
2024-06-02 03:00:00,2.07568449280212,1.61340310883926,0,7.97
2024-06-02 04:00:00,2.16905370036952,1.64489671449544,0,8.75
2024-06-02 05:00:00,2.13653050866396,1.75242860377864,0,8.47
2024-06-02 06:00:00,2.17361471169709,1.77471195848531,0,8.79
2024-06-02 07:00:00,2.09924416897602,1.74871515203558,0,8.16
2024-06-02 08:00:00,2.10900034392138,1.68089279484233,0,8.24
2024-06-02 09:00:00,2.04640168760164,1.45632297832108,0,7.74
2024-06-02 10:00:00,2.06432790386979,1.29259516396691,0,7.88
2024-06-02 11:00:00,2.15640258281596,1.16102077766365,0,8.64
2024-06-02 12:00:00,2.09801792725277,1.15869423947009,0,8.15
2024-06-02 13:00:00,1.95727390770563,1.22846883244686,0,7.08
2024-06-02 14:00:00,1.77155676191054,1.07485724540434,0,5.88
2024-06-02 15:00:00,1.69744878975681,1.08373107599558,0,5.46
2024-06-02 16:00:00,1.50629715351459,1.39542191246304,0,4.51
2024-06-02 17:00:00,1.7263316639056,1.24876341026907,0,5.62
2024-06-02 18:00:00,1.30019166206648,1.24718673142813,0,3.67
2024-06-02 19:00:00,1.26412672714568,1.36285838237805,0,3.54
2024-06-02 20:00:00,1.70292825552144,1.69299030032001,0,5.49
2024-06-02 21:00:00,2.2628042229822,1.83430566052456,0,9.61
2024-06-02 22:00:00,2.48073127837752,1.80242731078016,0,11.95
2024-06-02 23:00:00,2.41947884446554,1.83638938934588,0,11.24
2024-06-03,2.13653050866396,1.70248641094924,0,8.47
2024-06-03 01:00:00,1.93441576962958,1.59907750029835,0,6.92
2024-06-03 02:00:00,1.85629799036563,1.64150584201949,0,6.4
2024-06-03 03:00:00,1.9387416595767,1.6082156445114,0,6.95
2024-06-03 04:00:00,2.11021320034659,1.6468491266457,0,8.25
2024-06-03 05:00:00,1.86562931779451,1.76359805452513,0,6.46
2024-06-03 06:00:00,0.936093359170335,1.67919935913201,0,2.55
2024-06-03 07:00:00,0.959350221334602,1.65349061510748,0,2.61
2024-06-03 08:00:00,1.28093384546206,1.60700988969487,0,3.6
2024-06-03 09:00:00,1.69377906086785,1.50802857574542,0,5.44
2024-06-03 10:00:00,1.6094379124341,1.32713011176104,0,5
2024-06-03 11:00:00,1.46787434811231,1.326938581165,0,4.34
2024-06-03 12:00:00,1.58923520511658,1.22725818421562,0,4.9
2024-06-03 13:00:00,1.89009536994892,1.30777315282375,0,6.62
2024-06-03 14:00:00,1.94591014905531,1.26408992872142,0,7
2024-06-03 15:00:00,1.95868534054404,1.17259297686097,0,7.09
2024-06-03 16:00:00,1.83736998048011,1.11047233488358,0,6.28
2024-06-03 17:00:00,1.90508815453506,1.05426202242338,0,6.72
2024-06-03 18:00:00,2.06939120582633,1.07667460136937,0,7.92
2024-06-03 19:00:00,2.04640168760164,1.16920890842934,0,7.74
2024-06-03 20:00:00,2.31550131826059,1.33452055318125,0,10.13
2024-06-03 21:00:00,2.71137799119488,1.43968173006386,0,15.05
2024-06-03 22:00:00,2.70136121295141,1.46229351919266,0,14.9
2024-06-03 23:00:00,2.65605490598383,1.42136334564336,0,14.24
2024-06-04,2.53528285711307,1.24764194901772,0,12.62
2024-06-04 01:00:00,2.47232786758114,1.20698551379083,0,11.85
2024-06-04 02:00:00,2.38600670113312,1.2925113353242,0,10.87
2024-06-04 03:00:00,2.38139627341834,1.3164501018894,0,10.82
2024-06-04 04:00:00,2.26384426467762,1.30621473699938,0,9.62
2024-06-04 05:00:00,2.25023861262184,1.38662223993797,0,9.49
2024-06-04 06:00:00,2.12942147398486,1.48685081726324,0,8.41
2024-06-04 07:00:00,2.16332302566054,1.70410242814572,0,8.7
2024-06-04 08:00:00,1.80170980008122,1.5780206979912,0,6.06
2024-06-04 09:00:00,1.88555334851442,1.45898851182559,0,6.59
2024-06-04 10:00:00,1.85002837735203,1.40261077274389,0,6.36
2024-06-04 11:00:00,1.93441576962958,1.31143967754894,0,6.92
2024-06-04 12:00:00,1.96711235670592,1.26886481752383,0,7.15
2024-06-04 13:00:00,1.92278773163446,1.14652666285416,0,6.84
2024-06-04 14:00:00,1.77495235091167,1.14073596771543,0,5.9
2024-06-04 15:00:00,1.91250108692418,1.11199950952505,0,6.77
2024-06-04 16:00:00,1.9387416595767,1.14767139116849,0,6.95
2024-06-04 17:00:00,1.880990602956,1.15577767287895,0,6.56
2024-06-04 18:00:00,1.84371920815877,1.19790019863746,0,6.32
2024-06-04 19:00:00,1.9154509415706,1.00833518447166,0,6.79
2024-06-04 20:00:00,1.90359895098359,1.34465828093331,0,6.71
2024-06-04 21:00:00,1.98650354602057,1.46070903777409,0,7.29
2024-06-04 22:00:00,1.99470031322475,1.59688914825444,0,7.35
2024-06-04 23:00:00,2.07317192866624,1.65779306015515,0,7.95
2024-06-05,2.11142458753289,1.3982079895113,0,8.26
2024-06-05 01:00:00,2.10535292346434,1.37476649253111,0,8.21
2024-06-05 02:00:00,2.05412373369555,1.27189847567971,0,7.8
2024-06-05 03:00:00,2.05284085988266,1.27323252303311,0,7.79
2024-06-05 04:00:00,2.00417905717929,1.30243321333265,0,7.42
2024-06-05 05:00:00,2.13416644136908,1.36266277303162,0,8.45
2024-06-05 06:00:00,2.17361471169709,1.58853503968244,0,8.79
2024-06-05 07:00:00,2.51041194019636,1.7517735088046,0,12.31
2024-06-05 08:00:00,2.17247640764703,1.55018868097321,0,8.78
2024-06-05 09:00:00,2.06559613485778,1.51358902088605,0,7.89
2024-06-05 10:00:00,2.15176220325946,1.42580873096508,0,8.6
2024-06-05 11:00:00,1.70656462316482,1.39600837528712,0,5.51
2024-06-05 12:00:00,1.6094379124341,1.19702744434727,0,5
2024-06-05 13:00:00,1.43983512804792,1.00564537160862,0,4.22
2024-06-05 14:00:00,1.41098697371026,1.16340004772775,0,4.1
2024-06-05 15:00:00,1.75440368268429,1.2076947710285,0,5.78
2024-06-05 16:00:00,1.88403474533723,1.38306706687667,0,6.58
2024-06-05 17:00:00,1.76814960358892,1.33887466827841,0,5.86
2024-06-05 18:00:00,1.6752256529721,1.35706158447233,0,5.34
2024-06-05 19:00:00,1.4655675420144,1.3802676615715,0,4.33
2024-06-05 20:00:00,1.34025042261848,1.5130530055932,0,3.82
2024-06-05 21:00:00,1.97129938306013,1.57128822788783,0,7.18
2024-06-05 22:00:00,1.91250108692418,1.64225354342051,0,6.77
2024-06-05 23:00:00,1.71918877639322,1.70001237344499,0,5.58
2024-06-06,1.84687876844913,1.63782057489881,0,6.34
2024-06-06 01:00:00,2.13298230860787,1.61897237187792,0,8.44
2024-06-06 02:00:00,1.91102289005487,1.63694244600306,0,6.76
2024-06-06 03:00:00,1.61938824328727,1.57769490409633,0,5.05
2024-06-06 04:00:00,1.57277392806251,1.55738241138622,0,4.82
2024-06-06 05:00:00,1.51292701205326,1.62025885071774,0,4.54
2024-06-06 06:00:00,1.44926916028128,1.76535511459861,0,4.26
2024-06-06 07:00:00,1.10525683138678,1.74437479462722,0,3.02
2024-06-06 08:00:00,1.30291275218084,1.72825397500534,0,3.68
2024-06-06 09:00:00,1.01160091167848,1.64910415972259,0,2.75
2024-06-06 10:00:00,0.792992515529661,1.58674553879846,0,2.21
2024-06-06 11:00:00,0.970778917158225,1.41561125466829,0,2.64
2024-06-06 12:00:00,0.86288995514704,1.42776675263351,0,2.37
2024-06-06 13:00:00,0.920282753143692,1.24293651991909,0,2.51
2024-06-06 14:00:00,1.27536280041261,1.05793545841625,0,3.58
2024-06-06 15:00:00,1.20297230399235,1.15742905601822,0,3.33
2024-06-06 16:00:00,1.5993875765806,1.22892798577463,0,4.95
2024-06-06 17:00:00,1.43031124653666,1.20677119733978,0,4.18
2024-06-06 18:00:00,1.35840915763035,1.33677551070355,0,3.89
2024-06-06 19:00:00,1.47017584510059,1.37535105231535,0,4.35
2024-06-06 20:00:00,1.6094379124341,1.50889141185214,0,5
2024-06-06 21:00:00,1.87946504964716,1.70677128193033,0,6.55
2024-06-06 22:00:00,1.7732559976635,1.68817344864288,0,5.89
2024-06-06 23:00:00,1.89009536994892,1.64666279113504,0,6.62
2024-06-07,1.87333945622048,1.46209316235508,0,6.51
2024-06-07 01:00:00,1.73165554515835,1.469380536183,0,5.65
2024-06-07 02:00:00,1.78339121955754,1.47764548585508,0,5.95
2024-06-07 03:00:00,1.79175946922805,1.34365724904844,0,6
2024-06-07 04:00:00,1.96009478404727,1.47489301647264,0,7.1
2024-06-07 05:00:00,2.01623546577604,1.59285217721458,0,7.51
2024-06-07 06:00:00,2.15986879079245,1.73927391527222,0,8.67
2024-06-07 07:00:00,2.21593728626837,1.79309909492349,0,9.17
2024-06-07 08:00:00,1.67896397508271,1.59956655230724,0,5.36
2024-06-07 09:00:00,1.34807314829969,1.55410890278168,0,3.85
2024-06-07 10:00:00,1.49290409617815,1.5311290190186,0,4.45
2024-06-07 11:00:00,1.35583515363518,1.26490741794155,0,3.88
2024-06-07 12:00:00,1.43746264769429,1.24146880653696,0,4.21
2024-06-07 13:00:00,1.38128181929635,1.15666805326468,0,3.98
2024-06-07 14:00:00,1.51072193949494,1.16201610892673,0,4.53
2024-06-07 15:00:00,1.45395300959371,1.11946698923161,0,4.28
2024-06-07 16:00:00,1.55180879959746,1.13897851544368,0,4.72
2024-06-07 17:00:00,1.6094379124341,1.0606814327018,0,5
2024-06-07 18:00:00,1.71559810826249,1.19583780981434,0,5.56
2024-06-07 19:00:00,1.8213182714696,0.996125120945955,0,6.18
2024-06-07 20:00:00,1.91985947185537,1.25934881470386,0,6.82
2024-06-07 21:00:00,1.95302761682418,1.53184067794254,0,7.05
2024-06-07 22:00:00,2.13888900032326,1.61825224371244,0,8.49
2024-06-07 23:00:00,2.23323501485925,1.65284100261037,0,9.33
2024-06-08,2.17361471169709,1.43846113198471,0,8.79
2024-06-08 01:00:00,2.11021320034659,1.2291783907415,0,8.25
2024-06-08 02:00:00,1.97546895129686,1.24899852153551,0,7.21
2024-06-08 03:00:00,2.06939120582633,1.3057292372884,0,7.92
2024-06-08 04:00:00,2.09309786812732,1.33730238422718,0,8.11
2024-06-08 05:00:00,2.06686275947298,1.48645864526958,0,7.9
2024-06-08 06:00:00,2.09186406167839,1.52022485383645,0,8.1
2024-06-08 07:00:00,3.25231060095444,1.7308081273918,0,25.85
2024-06-08 08:00:00,3.2511493854185,1.53449378321616,0,25.82
2024-06-08 09:00:00,2.19722457733622,1.59613689919077,0,9
2024-06-08 10:00:00,2.16791018966744,1.47398608166432,0,8.74
2024-06-08 11:00:00,1.72988406550997,1.2925887666303,0,5.64
2024-06-08 12:00:00,1.7263316639056,1.21658025825878,0,5.62
2024-06-08 13:00:00,1.53039470509365,0.989440578483915,0,4.62
2024-06-08 14:00:00,1.3787660946991,1.04191153423789,0,3.97
2024-06-08 15:00:00,1.37371557891303,1.07405520323898,0,3.95
2024-06-08 16:00:00,1.29198368164865,1.03553285302371,0,3.64
2024-06-08 17:00:00,1.15373158788919,1.11793562860582,0,3.17
2024-06-08 18:00:00,0.99694863489161,1.17721050561955,0,2.71
2024-06-08 19:00:00,1.21787570949493,1.36185995788302,0,3.38
2024-06-08 20:00:00,1.65057985576528,1.53286236149246,0,5.21
2024-06-08 21:00:00,1.52388002407245,1.6387403653742,0,4.59
2024-06-08 22:00:00,1.66959183525385,1.62078476835352,0,5.31
2024-06-08 23:00:00,1.79674701073909,1.63088631146698,0,6.03
2024-06-09,1.89461685466776,1.54374542732779,0,6.65
2024-06-09 01:00:00,1.80828877117927,1.46256437853102,0,6.1
2024-06-09 02:00:00,1.86252854011626,1.23385871975387,0,6.44
2024-06-09 03:00:00,1.72097928716701,1.18244635208596,0,5.59
2024-06-09 04:00:00,1.73695123273306,1.28443748708691,0,5.68
2024-06-09 05:00:00,1.83896107071235,1.36922334898739,0,6.29
2024-06-09 06:00:00,2.04769284336526,1.47524513628447,0,7.75
2024-06-09 07:00:00,1.88555334851442,1.41012257804045,0,6.59
2024-06-09 08:00:00,1.78339121955754,1.35744065396241,0,5.95
2024-06-09 09:00:00,1.76130026174335,1.24815175222727,0,5.82
2024-06-09 10:00:00,1.62924053973028,1.25009396042885,0,5.1
2024-06-09 11:00:00,1.63510565918268,1.05437809088331,0,5.13
2024-06-09 12:00:00,1.71918877639322,1.14539704886353,0,5.58
2024-06-09 13:00:00,1.68824909285839,1.09432551773145,0,5.41
2024-06-09 14:00:00,1.63315443905142,1.15160370598659,0,5.12
2024-06-09 15:00:00,1.68454538492091,0.998674178025042,0,5.39
2024-06-09 16:00:00,1.74919985480926,0.992968480703811,0,5.75
2024-06-09 17:00:00,1.62531126159039,0.883583234440958,0,5.08
2024-06-09 18:00:00,1.89311196348834,0.915327248228416,0,6.64
2024-06-09 19:00:00,2.12584791449399,0.964552237784689,0,8.38
2024-06-09 20:00:00,1.76130026174335,1.06610963590032,0,5.82
2024-06-09 21:00:00,1.87946504964716,1.3697634402803,0,6.55
2024-06-09 22:00:00,1.94591014905531,1.57300005668326,0,7
2024-06-09 23:00:00,1.86097453824953,1.63833740422633,0,6.43
2024-06-10,1.9387416595767,1.5277822184877,0,6.95
2024-06-10 01:00:00,1.79674701073909,1.49757660970116,0,6.03
2024-06-10 02:00:00,1.58514521986506,1.48307022982661,0,4.88
2024-06-10 03:00:00,1.42310833424261,1.42576165563214,0,4.15
2024-06-10 04:00:00,1.42310833424261,1.35898495139637,0,4.15
2024-06-10 05:00:00,1.3609765531356,1.42828850461025,0,3.9
2024-06-10 06:00:00,1.35583515363518,1.51716185346344,0,3.88
2024-06-10 07:00:00,1.48613969608961,1.59476849847606,0,4.42
2024-06-10 08:00:00,1.13783300182139,1.39465480780431,0,3.12
2024-06-10 09:00:00,1.08856195281461,1.28624142797236,0,2.97
2024-06-10 10:00:00,1.09861228866811,1.21374642105023,0,3
2024-06-10 11:00:00,0.970778917158225,1.07604582677319,0,2.64
2024-06-10 12:00:00,0.732367893713227,1.11311877441284,0,2.08
2024-06-10 13:00:00,0.867100487683383,1.11631680664027,0,2.38
2024-06-10 14:00:00,1.06471073699243,0.847863724849012,0,2.9
2024-06-10 15:00:00,0.845868267577609,1.12799515023674,0,2.33
2024-06-10 16:00:00,0.815364813284194,1.04714445775727,0,2.26
2024-06-10 17:00:00,0.779324876800998,1.03408021504349,0,2.18
2024-06-10 18:00:00,1.15688119679209,1.028376500677,0,3.18
2024-06-10 19:00:00,1.30562645805244,1.14959799285206,0,3.69
2024-06-10 20:00:00,1.35840915763035,1.32015475524911,0,3.89
2024-06-10 21:00:00,1.18784342239605,1.37383148626632,0,3.28
2024-06-10 22:00:00,1.18784342239605,1.2093448308584,0,3.28
2024-06-10 23:00:00,1.15057202759882,1.37046344306677,0,3.16
2024-06-11,1.05431202977153,1.30552472637616,0,2.87
2024-06-11 01:00:00,1.15688119679209,1.37945279515456,0,3.18
2024-06-11 02:00:00,1.1314021114911,1.18964811347947,0,3.1
2024-06-11 03:00:00,1.06471073699243,1.25365161127802,0,2.9
2024-06-11 04:00:00,0.883767540168595,1.10901033527712,0,2.42
2024-06-11 05:00:00,0.717839793150317,0.964137377939205,0,2.05
2024-06-11 06:00:00,0.207014169384326,0.905099794048375,0,1.23
2024-06-11 07:00:00,0.398776119957368,0.890329083545686,0,1.49
2024-06-11 08:00:00,0.246860077931526,0.845285777463736,0,1.28
2024-06-11 09:00:00,0.231111720963387,0.769864446021659,0,1.26
2024-06-11 10:00:00,0.336472236621213,0.736346802039963,0,1.4
2024-06-11 11:00:00,0.932164081030445,0.618168919562504,0,2.54
2024-06-11 12:00:00,0.385262400790645,0.676336578454517,0,1.47
2024-06-11 13:00:00,0.65232518603969,0.67557409464431,0,1.92
2024-06-11 14:00:00,0.78845736036427,0.71346952200477,0,2.2
2024-06-11 15:00:00,0.779324876800998,0.736987349151744,0,2.18
2024-06-11 16:00:00,1.02961941718116,0.760740672716334,0,2.8
2024-06-11 17:00:00,0.900161349944271,0.83058153604101,0,2.46
2024-06-11 18:00:00,0.959350221334602,0.944485716921877,0,2.61
2024-06-11 19:00:00,1.08856195281461,1.0438746750908,0,2.97
2024-06-11 20:00:00,1.30833281965018,1.15816000656299,0,3.7
2024-06-11 21:00:00,1.20597080698861,1.30834412238594,0,3.34
2024-06-11 22:00:00,1.8213182714696,1.25851689518724,0,6.18
2024-06-11 23:00:00,1.26129787094521,1.32535994725808,0,3.53
2024-06-12,1.05779029414785,1.15450718504255,0,2.88
2024-06-12 01:00:00,1.10856261952128,1.17970561006481,0,3.03
2024-06-12 02:00:00,1.18784342239605,1.16592880452674,0,3.28
2024-06-12 03:00:00,1.06471073699243,1.22270006584803,0,2.9
2024-06-12 04:00:00,0.765467842139571,1.17097325769325,0,2.15
2024-06-12 05:00:00,0.779324876800998,1.30269019218943,0,2.18
2024-06-12 06:00:00,0.867100487683383,1.35304186760428,0,2.38
2024-06-12 07:00:00,0.982078472412158,1.4861181259592,0,2.67
2024-06-12 08:00:00,0.974559639998131,1.57345885399755,0,2.65
2024-06-12 09:00:00,0.936093359170335,1.40285062277992,0,2.55
2024-06-12 10:00:00,0.587786664902119,1.10890819625924,0,1.8
2024-06-12 11:00:00,0.65232518603969,0.999637921915094,0,1.92
2024-06-12 12:00:00,0.678033542749897,0.858268725435984,0,1.97
2024-06-12 13:00:00,1.05082162483176,0.965848140199853,0,2.86
2024-06-12 14:00:00,0.815364813284194,0.979200838146763,0,2.26
2024-06-12 15:00:00,1.90508815453506,1.06655725995363,0,6.72
2024-06-12 16:00:00,0.99694863489161,0.914273007025715,0,2.71
2024-06-12 17:00:00,1.19392246847243,0.902007417403156,0,3.3
2024-06-12 18:00:00,0.837247524533702,0.979439316718302,0,2.31
2024-06-12 19:00:00,0.824175442966349,1.05666953777081,0,2.28
2024-06-12 20:00:00,0.900161349944271,0.994382772131529,0,2.46
2024-06-12 21:00:00,1.15688119679209,1.41406960570981,0,3.18
2024-06-12 22:00:00,1.1314021114911,1.39599491125635,0,3.1
2024-06-12 23:00:00,1.39376637595859,1.48004992325482,0,4.03
2024-06-13,1.50629715351459,1.39490505117071,0,4.51
2024-06-13 01:00:00,1.93152141160321,1.23385728078621,0,6.9
2024-06-13 02:00:00,1.95018670582257,1.43125499243723,0,7.03
2024-06-13 03:00:00,1.30019166206648,1.34556141569684,0,3.67
2024-06-13 04:00:00,1.35840915763035,1.48206073017994,0,3.89
2024-06-13 05:00:00,1.3297240096315,1.47510683507526,0,3.78
2024-06-13 06:00:00,1.9154509415706,1.61326018716804,0,6.79
2024-06-13 07:00:00,2.40243042796376,1.64206631778101,0,11.05
2024-06-13 08:00:00,1.28923264827676,1.50719170329136,0,3.63
2024-06-13 09:00:00,0.912282710476616,1.32543201184023,0,2.49
2024-06-13 10:00:00,0.779324876800998,1.24565393357913,0,2.18
2024-06-13 11:00:00,0.916290731874155,1.04461650883083,0,2.5
2024-06-13 12:00:00,1.08856195281461,0.908146799718833,0,2.97
2024-06-13 13:00:00,0.512823626428664,0.990477635324123,0,1.67
2024-06-13 14:00:00,0.207014169384326,0.951940950068778,0,1.23
2024-06-13 15:00:00,0.970778917158225,0.796866138316379,0,2.64
2024-06-13 16:00:00,1.24990173621434,0.99801389965043,0,3.49
2024-06-13 17:00:00,0.774727167552368,0.977572298636346,0,2.17
2024-06-13 18:00:00,0.717839793150317,1.11399394672029,0,2.05
2024-06-13 19:00:00,1.20896034583698,1.13638468501909,0,3.35
2024-06-13 20:00:00,1.00795792039998,1.24666528778844,0,2.74
2024-06-13 21:00:00,1.22671229129543,1.27418075254933,0,3.41
2024-06-13 22:00:00,1.15688119679209,1.22529734030972,0,3.18
2024-06-13 23:00:00,3.23985423125339,1.24084456001949,0,25.53
2024-06-14,1.71918877639322,1.10738715119765,0,5.58
2024-06-14 01:00:00,1.39376637595859,1.15378860561211,0,4.03
2024-06-14 02:00:00,1.61541998411165,1.06894750301304,0,5.03
2024-06-14 03:00:00,1.52388002407245,1.09306473097813,0,4.59
2024-06-14 04:00:00,1.32707500145992,1.21960703619619,0,3.77
2024-06-14 05:00:00,1.38128181929635,1.29026374101221,0,3.98
2024-06-14 06:00:00,1.71018781553424,1.39628443646567,0,5.53
2024-06-14 07:00:00,2.11866225483312,1.43990326348002,0,8.32
2024-06-14 08:00:00,1.87640694328834,1.42386224303438,0,6.53
2024-06-14 09:00:00,2.01089499914473,1.32333442974655,0,7.47
2024-06-14 10:00:00,1.91250108692418,1.31244273281336,0,6.77
2024-06-14 11:00:00,1.63899671467564,1.25833119602039,0,5.15
2024-06-14 12:00:00,1.60341984010854,1.18198154983216,0,4.97
2024-06-14 13:00:00,1.53039470509365,1.25321458699072,0,4.62
2024-06-14 14:00:00,1.48613969608961,0.933076720536483,0,4.42
2024-06-14 15:00:00,1.34286480319255,0.838541148383467,0,3.83
2024-06-14 16:00:00,0.559615787935423,0.838348526084183,0,1.75
2024-06-14 17:00:00,0.444685821261446,0.727191047692981,0,1.56
2024-06-14 18:00:00,0.792992515529661,0.860613921780848,0,2.21
2024-06-14 19:00:00,0.783901543828409,0.874803316333442,0,2.19
2024-06-14 20:00:00,1.07158361628019,1.05178905044801,0,2.92
2024-06-14 21:00:00,1.64865862558738,1.12715718034819,0,5.2
2024-06-14 22:00:00,1.29746314741327,1.23781519372218,0,3.66
2024-06-14 23:00:00,2.24601474150565,1.59380840459431,0,9.45
2024-06-15,1.21194097397511,1.50420294039736,0,3.36
2024-06-15 01:00:00,1.35325450704169,1.4296770768795,0,3.87
2024-06-15 02:00:00,1.63510565918268,1.47505298859683,0,5.13
2024-06-15 03:00:00,1.56861591791385,1.38907582542097,0,4.8
2024-06-15 04:00:00,1.42551507427317,1.32776500235096,0,4.16
2024-06-15 05:00:00,1.52169899812609,1.3565549211984,0,4.58
2024-06-15 06:00:00,1.77833644889591,1.47709135316342,0,5.92
2024-06-15 07:00:00,1.99061032797322,1.54967688069859,0,7.32
2024-06-15 08:00:00,1.76814960358892,1.4615760051063,0,5.86
2024-06-15 09:00:00,1.96290772542388,1.34298918046278,0,7.12
2024-06-15 10:00:00,1.9643112344262,1.25581532027609,0,7.13
2024-06-15 11:00:00,1.7263316639056,1.20544462107359,0,5.62
2024-06-15 12:00:00,0.932164081030445,1.08278584532438,0,2.54
2024-06-15 13:00:00,0.139761942375159,0.914076195604269,0,1.15
2024-06-15 14:00:00,0.231111720963387,0.872094220016242,0,1.26
2024-06-15 15:00:00,-0.0512932943875506,0.843264635358852,0,0.95
2024-06-15 16:00:00,-0.23572233352107,0.937432800295003,0,0.79
2024-06-15 17:00:00,0.0953101798043249,0.954205027662722,0,1.1
2024-06-15 18:00:00,0.0953101798043249,0.985211379642891,0,1.1
2024-06-15 19:00:00,0.336472236621213,1.08850116465169,0,1.4
2024-06-15 20:00:00,0.524728528934982,1.32477546600748,0,1.69
2024-06-15 21:00:00,1.01160091167848,1.44990115519857,0,2.75
2024-06-15 22:00:00,1.05431202977153,1.30612802426954,0,2.87
2024-06-15 23:00:00,0.970778917158225,1.34108590473257,0,2.64
2024-06-16,1.12492959698548,1.30846817064791,0,3.08
2024-06-16 01:00:00,1.50407739677627,1.30718376216037,0,4.5
2024-06-16 02:00:00,1.32175583998232,1.28059073010776,0,3.75
2024-06-16 03:00:00,1.34807314829969,1.3042066481352,0,3.85
2024-06-16 04:00:00,1.05431202977153,1.16483215450795,0,2.87
2024-06-16 05:00:00,1.04731899428056,1.24378606970349,0,2.85
2024-06-16 06:00:00,1.02961941718116,1.46079656305047,0,2.8
2024-06-16 07:00:00,1.11514159061932,1.59735253358802,0,3.05
2024-06-16 08:00:00,0.741937344729377,1.47012562716105,0,2.1
2024-06-16 09:00:00,0.765467842139571,1.43869435053351,0,2.15
2024-06-16 10:00:00,0.615185639090233,1.15662056681098,0,1.85
2024-06-16 11:00:00,0.350656871613169,0.992973361747348,0,1.42
2024-06-16 12:00:00,0.322083499169113,1.00592223863416,0,1.38
2024-06-16 13:00:00,0.165514438477573,0.983810727864109,0,1.18
2024-06-16 14:00:00,0.398776119957368,1.13528247900644,0,1.49
2024-06-16 15:00:00,0.322083499169113,1.0814478844557,0,1.38
2024-06-16 16:00:00,0.418710334858185,0.971463563274398,0,1.52
2024-06-16 17:00:00,0.65232518603969,0.975081073287298,0,1.92
2024-06-16 18:00:00,0.548121408509688,1.08129830345339,0,1.73
2024-06-16 19:00:00,0.412109650826833,1.16304161545596,0,1.51
2024-06-16 20:00:00,0.974559639998131,1.40204337363038,0,2.65
2024-06-16 21:00:00,0.553885113226438,1.43258935608706,0,1.74
2024-06-16 22:00:00,0.470003629245736,1.39342227859911,0,1.6
2024-06-16 23:00:00,0.896088024556636,1.1993167543279,0,2.45
2024-06-17,0.802001585472027,1.31215511643841,0,2.23
2024-06-17 01:00:00,0.494696241836107,1.33456335068475,0,1.64
2024-06-17 02:00:00,0.641853886172395,1.35880720627274,0,1.9
2024-06-17 03:00:00,0.717839793150317,1.46503517734742,0,2.05
2024-06-17 04:00:00,1.04731899428056,1.51329597120881,0,2.85
2024-06-17 05:00:00,1.16627093714192,1.58089442902217,0,3.21
2024-06-17 06:00:00,1.45861502269952,1.64885538555692,0,4.3
2024-06-17 07:00:00,1.5830939370945,1.80831390635018,0,4.87
2024-06-17 08:00:00,0.900161349944271,1.64097346820095,0,2.46
2024-06-17 09:00:00,0.85015092936961,1.54579396725363,0,2.34
2024-06-17 10:00:00,0.900161349944271,1.4838138184564,0,2.46
2024-06-17 11:00:00,0.494696241836107,1.39426375609601,0,1.64
2024-06-17 12:00:00,0.392042087776024,1.33341287955975,0,1.48
2024-06-17 13:00:00,0.254642218373581,1.21681185082985,0,1.29
2024-06-17 14:00:00,0.405465108108164,0.976098164360985,0,1.5
2024-06-17 15:00:00,0.378436435720245,1.04731914386764,0,1.46
2024-06-17 16:00:00,0.431782416425538,1.05140585981805,0,1.54
2024-06-17 17:00:00,0.364643113587909,1.06685811892894,0,1.44
2024-06-17 18:00:00,0.22314355131421,1.18140381567656,0,1.25
2024-06-17 19:00:00,0.215111379616945,1.49082911422806,0,1.24
2024-06-17 20:00:00,0.262364264467491,1.53958490072988,0,1.3
2024-06-17 21:00:00,0.307484699747961,1.48130585663314,0,1.36
2024-06-17 22:00:00,0.104360015324243,1.60338746571549,0,1.11
2024-06-17 23:00:00,0.231111720963387,1.7704557179217,0,1.26
2024-06-18,0.182321556793955,1.62351395159718,0,1.2
2024-06-18 01:00:00,0.343589704390077,1.60438307440774,0,1.41
2024-06-18 02:00:00,0.165514438477573,1.50577342587382,0,1.18
2024-06-18 03:00:00,0.27763173659828,1.464104286245,0,1.32
2024-06-18 04:00:00,0.418710334858185,1.40040861371921,0,1.52
2024-06-18 05:00:00,0.56531380905006,1.48195246901466,0,1.76
2024-06-18 06:00:00,0.741937344729377,1.62114512380605,0,2.1
2024-06-18 07:00:00,0.89199803930511,1.84387172665338,0,2.44
2024-06-18 08:00:00,0.598836501088704,1.82255504758091,0,1.82
2024-06-18 09:00:00,0.482426149244293,1.64638852472926,0,1.62
2024-06-18 10:00:00,0.322083499169113,1.55408632089515,0,1.38
2024-06-18 11:00:00,0.378436435720245,1.48506695811185,0,1.46
2024-06-18 12:00:00,0.27763173659828,1.33796259586649,0,1.32
2024-06-18 13:00:00,0.131028262406404,1.3631654462256,0,1.14
2024-06-18 14:00:00,0.22314355131421,1.24246552964036,0,1.25
2024-06-18 15:00:00,0.322083499169113,1.24551504623495,0,1.38
2024-06-18 16:00:00,0.482426149244293,1.12411896767208,0,1.62
2024-06-18 17:00:00,0.412109650826833,1.19483317830641,0,1.51
2024-06-18 18:00:00,0.542324290825362,1.23860091174514,0,1.72
2024-06-18 19:00:00,0.732367893713227,1.44888209369559,0,2.08
2024-06-18 20:00:00,1.00063188030791,1.62227416415435,0,2.72
2024-06-18 21:00:00,1.11514159061932,1.74923688403609,0,3.05
2024-06-18 22:00:00,1.41098697371026,1.77730726092447,0,4.1
2024-06-18 23:00:00,1.42791603581071,1.67605673875047,0,4.17
2024-06-19,1.39871688111845,1.62306886115727,0,4.05
2024-06-19 01:00:00,1.43031124653666,1.57024193903548,0,4.18
2024-06-19 02:00:00,1.47247205736094,1.71481518161993,0,4.36
2024-06-19 03:00:00,1.39871688111845,1.57189385129596,0,4.05
2024-06-19 04:00:00,1.31372366828506,1.4926396912083,0,3.72
2024-06-19 05:00:00,1.46325540225602,1.62187734130455,0,4.32
2024-06-19 06:00:00,1.36609165380237,1.6655929145931,0,3.92
2024-06-19 07:00:00,1.48613969608961,1.72663151715472,0,4.42
2024-06-19 08:00:00,1.60341984010854,1.78535530905004,0,4.97
2024-06-19 09:00:00,1.8213182714696,1.8210531816994,0,6.18
2024-06-19 10:00:00,1.95018670582257,1.78510430019597,0,7.03
2024-06-19 11:00:00,1.80828877117927,1.6113510268434,0,6.1
2024-06-19 12:00:00,2.06051353179432,1.32316310520835,0,7.85
2024-06-19 13:00:00,1.81319474994812,1.34388888386913,0,6.13
2024-06-19 14:00:00,1.71559810826249,1.18071402133544,0,5.56
2024-06-19 15:00:00,1.68639895357023,0.974380177098665,0,5.4
2024-06-19 16:00:00,2.49732916978656,1.27725438132546,0,12.15
2024-06-19 17:00:00,1.880990602956,1.33654011970231,0,6.56
2024-06-19 18:00:00,1.11841491596429,1.05732254751763,0,3.06
2024-06-19 19:00:00,0.615185639090233,1.25101407983149,0,1.85
2024-06-19 20:00:00,0.148420005118273,1.19206609672919,0,1.16
2024-06-19 21:00:00,0.451075619360217,1.42912498564358,0,1.57
2024-06-19 22:00:00,0.165514438477573,1.60065275561533,0,1.18
2024-06-19 23:00:00,0.438254930931155,1.7005875998104,0,1.55
2024-06-20,0.431782416425538,1.52446127321977,0,1.54
2024-06-20 01:00:00,0.438254930931155,1.55323892024144,0,1.55
2024-06-20 02:00:00,0.815364813284194,1.47207960783835,0,2.26
2024-06-20 03:00:00,1.10525683138678,1.34115342710693,0,3.02
2024-06-20 04:00:00,1.29198368164865,1.41603099632309,0,3.64
2024-06-20 05:00:00,1.25846098961001,1.49920138601722,0,3.52
2024-06-20 06:00:00,1.40609698841607,1.67715105132743,0,4.08
2024-06-20 07:00:00,1.66392609771817,1.78864461600194,0,5.28
2024-06-20 08:00:00,1.73518911773966,1.69065970605499,0,5.67
2024-06-20 09:00:00,1.24126858906963,1.52729075745776,0,3.46
2024-06-20 10:00:00,1.03673688495002,1.5457362110597,0,2.82
2024-06-20 11:00:00,0.900161349944271,1.41761275698247,0,2.46
2024-06-20 12:00:00,0.708035793053696,1.21255690328125,0,2.03
2024-06-20 13:00:00,0.703097511413113,1.12426916481037,0,2.02
2024-06-20 14:00:00,0.815364813284194,1.23820931246773,0,2.26
2024-06-20 15:00:00,0.598836501088704,1.22661494957686,0,1.82
2024-06-20 16:00:00,0.56531380905006,1.20874482390207,0,1.76
2024-06-20 17:00:00,0.693147180559945,1.22323766618512,0,2
2024-06-20 18:00:00,0.746687947487975,1.24618600286705,0,2.11
2024-06-20 19:00:00,0.765467842139571,1.48638877375,0,2.15
2024-06-20 20:00:00,1.08180517035173,1.66305567874532,0,2.95
2024-06-20 21:00:00,1.04027671165515,1.7637656026007,0,2.83
2024-06-20 22:00:00,1.25561603747777,1.76764087810577,0,3.51
2024-06-20 23:00:00,2.39789527279837,1.73911517080574,0,11
2024-06-21,1.29198368164865,1.51880108232897,0,3.64
2024-06-21 01:00:00,1.19694818938897,1.51870855757136,0,3.31
2024-06-21 02:00:00,1.87333945622048,1.56439413345918,0,6.51
2024-06-21 03:00:00,2.69799986524871,1.49474469889014,0,14.85
2024-06-21 04:00:00,1.24126858906963,1.54776515403603,0,3.46
2024-06-21 05:00:00,1.47704872438835,1.66007432544169,0,4.38
2024-06-21 06:00:00,1.42551507427317,1.75594296540721,0,4.16
2024-06-21 07:00:00,1.69561560867515,1.95998532863389,0,5.45
2024-06-21 08:00:00,1.79674701073909,1.77258930555632,0,6.03
2024-06-21 09:00:00,1.5993875765806,1.70473249726214,0,4.95
2024-06-21 10:00:00,1.50407739677627,1.64469223080993,0,4.5
2024-06-21 11:00:00,1.38128181929635,1.59778731991935,0,3.98
2024-06-21 12:00:00,1.59330853050422,1.48239411248897,0,4.92
2024-06-21 13:00:00,1.68268837417369,1.47424234336305,0,5.38
2024-06-21 14:00:00,1.89009536994892,1.57197380620231,0,6.62
2024-06-21 15:00:00,2.06051353179432,1.53464313944689,0,7.85
2024-06-21 16:00:00,1.86562931779451,1.45627561429401,0,6.46
2024-06-21 17:00:00,2.58926666511224,1.25683183815691,0,13.32
2024-06-21 18:00:00,2.67414864942653,1.1422307545918,0,14.5
2024-06-21 19:00:00,2.59897910604785,1.30540852338387,0,13.45
2024-06-21 20:00:00,2.67138621673062,1.40300673695197,0,14.46
2024-06-21 21:00:00,2.494031557565,1.57042096944883,0,12.11
2024-06-21 22:00:00,2.51284601847724,1.63113717602361,0,12.34
2024-06-21 23:00:00,2.31845844215034,1.80185257231442,0,10.16
2024-06-22,2.21593728626837,1.58821256042419,0,9.17
2024-06-22 01:00:00,2.1621729392773,1.556339717703,0,8.69
2024-06-22 02:00:00,2.02022218201986,1.50602364925641,0,7.54
2024-06-22 03:00:00,1.74745921033147,1.48054563295358,0,5.74
2024-06-22 04:00:00,1.65822807660353,1.52982474072979,0,5.25
2024-06-22 05:00:00,1.66392609771817,1.49169918471572,0,5.28
2024-06-22 06:00:00,1.27815220250019,1.48017067009235,0,3.59
2024-06-22 07:00:00,1.01160091167848,1.51398775737675,0,2.75
2024-06-22 08:00:00,0.598836501088704,1.36496844769259,0,1.82
2024-06-22 09:00:00,0.27763173659828,1.3761853200732,0,1.32
2024-06-22 10:00:00,-0.301105092783922,1.1237153077112,0,0.74
2024-06-22 11:00:00,0.322083499169113,0.884783472363801,0,1.38
2024-06-22 12:00:00,0.378436435720245,1.05681015401221,0,1.46
2024-06-22 13:00:00,0.667829372575655,0.975983202051648,0,1.95
2024-06-22 14:00:00,0.385262400790645,1.03141242684806,0,1.47
2024-06-22 15:00:00,0.482426149244293,0.999836150488276,0,1.62
2024-06-22 16:00:00,0.431782416425538,1.05366803763735,0,1.54
2024-06-22 17:00:00,0.431782416425538,0.927323664269009,0,1.54
2024-06-22 18:00:00,0.756121979721334,1.06276554008841,0,2.13
2024-06-22 19:00:00,0.854415328156068,1.09377594544785,0,2.35
2024-06-22 20:00:00,1.5830939370945,1.37890455123901,0,4.87
2024-06-22 21:00:00,2.69665215614984,1.54477478076053,0,14.83
2024-06-22 22:00:00,1.72097928716701,1.47619981394258,0,5.59
2024-06-22 23:00:00,1.4747630091075,1.43337614740562,0,4.37
2024-06-23,1.47704872438835,1.35377283194512,0,4.38
2024-06-23 01:00:00,1.57277392806251,1.3614177720736,0,4.82
2024-06-23 02:00:00,1.50185270175416,1.44621923849163,0,4.49
2024-06-23 03:00:00,1.63899671467564,1.39133699003271,0,5.15
2024-06-23 04:00:00,1.7263316639056,1.52855592112891,0,5.62
2024-06-23 05:00:00,1.66013102674962,1.58498582584922,0,5.26
2024-06-23 06:00:00,1.5993875765806,1.58668654669575,0,4.95
2024-06-23 07:00:00,1.66392609771817,1.73319685103885,0,5.28
2024-06-23 08:00:00,1.51512723296286,1.65819550484088,0,4.55
2024-06-23 09:00:00,1.80005827204275,1.5394015289012,0,6.05
2024-06-23 10:00:00,1.90508815453506,1.59591275684072,0,6.72
2024-06-23 11:00:00,1.72988406550997,1.37042383581802,0,5.64
2024-06-23 12:00:00,1.48387468945875,1.29133188991951,0,4.41
2024-06-23 13:00:00,1.22671229129543,1.12907794609054,0,3.41
2024-06-23 14:00:00,1.26694760348732,1.08953254037023,0,3.55
2024-06-23 15:00:00,1.06125650212434,1.07142662552881,0,2.89
2024-06-23 16:00:00,1.21787570949493,1.05141334924399,0,3.38
2024-06-23 17:00:00,1.21194097397511,1.10292970446581,0,3.36
2024-06-23 18:00:00,1.34807314829969,1.16034903291995,0,3.85
2024-06-23 19:00:00,1.31103187661934,1.34187846230576,0,3.71
2024-06-23 20:00:00,1.45861502269952,1.50783736945969,0,4.3
2024-06-23 21:00:00,1.50629715351459,1.67723593106146,0,4.51
2024-06-23 22:00:00,1.65249740189455,1.67560712741416,0,5.22
2024-06-23 23:00:00,1.49065437644413,1.47430746436451,0,4.44
2024-06-24,1.39871688111845,1.37228737785192,0,4.05
2024-06-24 01:00:00,1.23547147138531,1.38146503288981,0,3.44
2024-06-24 02:00:00,1.20297230399235,1.42464117384439,0,3.33
2024-06-24 03:00:00,1.24126858906963,1.44870804081383,0,3.46
2024-06-24 04:00:00,1.3609765531356,1.440690540153,0,3.9
2024-06-24 05:00:00,1.53255686809814,1.43885210151543,0,4.63
2024-06-24 06:00:00,1.36609165380237,1.64103524038868,0,3.92
2024-06-24 07:00:00,1.35840915763035,1.93511486042117,0,3.89
2024-06-24 08:00:00,1.22377543162212,1.64136210287791,0,3.4
2024-06-24 09:00:00,1.40609698841607,1.51188999636665,0,4.08
2024-06-24 10:00:00,0.982078472412158,1.41846591421534,0,2.67
2024-06-24 11:00:00,0.824175442966349,1.33482688445847,0,2.28
2024-06-24 12:00:00,0.924258901523332,1.19231648861798,0,2.52
2024-06-24 13:00:00,0.756121979721334,1.1053260047541,0,2.13
2024-06-24 14:00:00,0.678033542749897,1.20151042652909,0,1.97
2024-06-24 15:00:00,0.815364813284194,1.11679674766732,0,2.26
2024-06-24 16:00:00,0.774727167552368,1.06886095907463,0,2.17
2024-06-24 17:00:00,0.815364813284194,1.12265218029907,0,2.26
2024-06-24 18:00:00,0.797507195884188,1.05393175895024,0,2.22
2024-06-24 19:00:00,0.824175442966349,1.11304568737915,0,2.28
2024-06-24 20:00:00,0.951657875711446,1.30682780043698,0,2.59
2024-06-24 21:00:00,1.25561603747777,1.62286227775566,0,3.51
2024-06-24 22:00:00,1.55180879959746,1.58724917962216,0,4.72
2024-06-24 23:00:00,1.64865862558738,1.69995666055658,0,5.2
2024-06-25,1.57277392806251,1.55190880712542,0,4.82
2024-06-25 01:00:00,1.59330853050422,1.52607100668684,0,4.92
2024-06-25 02:00:00,1.76985463384001,1.55174463388326,0,5.87
2024-06-25 03:00:00,1.94161522477243,1.54115749162384,0,6.97
2024-06-25 04:00:00,1.79674701073909,1.51719625448481,0,6.03
2024-06-25 05:00:00,1.67896397508271,1.57218856975386,0,5.36
2024-06-25 06:00:00,1.89009536994892,1.63207264260231,0,6.62
2024-06-25 07:00:00,1.72988406550997,1.77173685553861,0,5.64
2024-06-25 08:00:00,1.34807314829969,1.59700856944148,0,3.85
2024-06-25 09:00:00,1.05431202977153,1.53517561497509,0,2.87
2024-06-25 10:00:00,1.58923520511658,1.24171755864121,0,4.9
2024-06-25 11:00:00,1.14740245283754,1.22429169836202,0,3.15
2024-06-25 12:00:00,1.1314021114911,1.26001090205783,0,3.1
2024-06-25 13:00:00,0.815364813284194,1.15911043393232,0,2.26
2024-06-25 14:00:00,1.26694760348732,1.11165167038697,0,3.55
2024-06-25 15:00:00,1.00063188030791,0.880233808171848,0,2.72
2024-06-25 16:00:00,1.00063188030791,0.985135231022312,0,2.72
2024-06-25 17:00:00,0.970778917158225,1.02090886344945,0,2.64
2024-06-25 18:00:00,1.09192330051731,1.17391182903048,0,2.98
2024-06-25 19:00:00,1.1999647829284,1.21814761739291,0,3.32
2024-06-25 20:00:00,1.22964055107451,1.43697434083509,0,3.42
2024-06-25 21:00:00,1.56234630490025,1.69722085888001,0,4.77
2024-06-25 22:00:00,1.71559810826249,1.74389749687059,0,5.56
2024-06-25 23:00:00,1.96290772542388,1.79765784904291,0,7.12
2024-06-26,1.77664583141801,1.7065758012268,0,5.91
2024-06-26 01:00:00,1.7732559976635,1.71031535013965,0,5.89
2024-06-26 02:00:00,1.62924053973028,1.65638756231013,0,5.1
2024-06-26 03:00:00,1.6094379124341,1.67367930290864,0,5
2024-06-26 04:00:00,1.6094379124341,1.7106042019754,0,5
2024-06-26 05:00:00,1.70656462316482,1.75207506382713,0,5.51
2024-06-26 06:00:00,1.74919985480926,1.71544817432783,0,5.75
2024-06-26 07:00:00,1.72455071953461,1.79304995556085,0,5.61
2024-06-26 08:00:00,1.62924053973028,1.60605335525652,0,5.1
2024-06-26 09:00:00,1.52388002407245,1.47506793615732,0,4.59
2024-06-26 10:00:00,1.56444054650336,1.38183792503697,0,4.78
2024-06-26 11:00:00,1.57277392806251,1.15647424537038,0,4.82
2024-06-26 12:00:00,1.57897870494939,1.17210066259531,0,4.85
2024-06-26 13:00:00,1.67896397508271,1.04768293380852,0,5.36
2024-06-26 14:00:00,1.30562645805244,1.0188908624743,0,3.69
2024-06-26 15:00:00,1.23547147138531,1.16321857476793,0,3.44
2024-06-26 16:00:00,1.38629436111989,1.13634201967243,0,4
2024-06-26 17:00:00,1.3787660946991,1.17571574999263,0,3.97
2024-06-26 18:00:00,1.38629436111989,1.16388540409115,0,4
2024-06-26 19:00:00,1.65249740189455,1.35440617877953,0,5.22
2024-06-26 20:00:00,1.68082790852077,1.59649492137569,0,5.37
2024-06-26 21:00:00,1.79674701073909,1.78453932968286,0,6.03
2024-06-26 22:00:00,1.9154509415706,1.79395699658107,0,6.79
2024-06-26 23:00:00,1.90805992492422,1.66408224694798,0,6.74
2024-06-27,2.39333945626251,1.60353216465464,0,10.95
2024-06-27 01:00:00,2.1540850846756,1.67444999711547,0,8.62
2024-06-27 02:00:00,2.11866225483312,1.64580990878132,0,8.32
2024-06-27 03:00:00,2.21375387928743,1.66673736682232,0,9.15
2024-06-27 04:00:00,2.30258509299405,1.70555288030545,0,10
2024-06-27 05:00:00,2.45100509811232,1.74295523191242,0,11.6
2024-06-27 06:00:00,2.39059597031676,1.81977005825702,0,10.92
2024-06-27 07:00:00,2.48073127837752,1.9096488207832,0,11.95
2024-06-27 08:00:00,2.63691217326887,1.84437605903206,0,13.97
2024-06-27 09:00:00,2.50307395374345,1.7386243519081,0,12.22
2024-06-27 10:00:00,2.43798973000025,1.74290556062811,0,11.45
2024-06-27 11:00:00,2.39789527279837,1.58867652631064,0,11
2024-06-27 12:00:00,2.44755086324423,1.40184876682572,0,11.56
2024-06-27 13:00:00,2.33214389523559,1.25996768573241,0,10.3
2024-06-27 14:00:00,2.49568172295596,1.24120889807645,0,12.13
2024-06-27 15:00:00,2.42921774392741,1.48929795922507,0,11.35
2024-06-27 16:00:00,2.2523438765573,0.870406187549265,0,9.51
2024-06-27 17:00:00,1.54543258245819,1.15222299085911,0,4.69
2024-06-28 09:00:00,1.94591014905531,1.66295424097078,0,7
2024-06-28 10:00:00,1.83736998048011,1.5209618497506,0,6.28
2024-06-28 11:00:00,1.87640694328834,1.63947797883047,0,6.53
2024-06-28 12:00:00,1.870262530716,1.46918202644763,0,6.49
2024-06-28 13:00:00,2.21156569460688,1.295762319256,0,9.13
2024-06-28 14:00:00,2.11142458753289,1.41145647445356,0,8.26
2024-06-28 15:00:00,1.56861591791385,1.57210703775271,0,4.8
2024-06-28 16:00:00,1.9387416595767,1.56611032524968,0,6.95
2024-06-28 17:00:00,2.03861954715958,1.59362572529762,0,7.68
2024-06-28 18:00:00,1.85002837735203,1.57191698160786,0,6.36
2024-06-28 19:00:00,1.96290772542388,1.62124031625729,0,7.12
2024-06-28 20:00:00,1.97129938306013,1.79756027153389,0,7.18
2024-06-28 21:00:00,2.002830439308,1.85035160928594,0,7.41
2024-06-28 22:00:00,2.09556092355972,1.8182981594639,0,8.13
2024-06-28 23:00:00,2.16561923792089,1.78967965960883,0,8.72
2024-06-29,2.16447179086441,1.83612648226299,0,8.71
2024-06-29 01:00:00,2.10535292346434,1.78794159130734,0,8.21
2024-06-29 02:00:00,2.15640258281596,1.78100803776112,0,8.64
2024-06-29 03:00:00,1.98513086220859,1.698947440968,0,7.28
2024-06-29 04:00:00,1.70474809223843,1.57882436822634,0,5.5
2024-06-29 05:00:00,1.71918877639322,1.63679821342458,0,5.58
2024-06-29 06:00:00,1.90061387414014,1.67784972256354,0,6.69
2024-06-29 07:00:00,1.89311196348834,1.85101513058503,0,6.64
2024-06-29 08:00:00,1.61541998411165,1.8389983823769,0,5.03
2024-06-29 09:00:00,1.65249740189455,1.68318408754088,0,5.22
2024-06-29 10:00:00,1.76985463384001,1.79599204227026,0,5.87
2024-06-29 11:00:00,1.82454929205105,1.56638923514094,0,6.2
2024-06-29 12:00:00,1.85785927093258,1.62123355955872,0,6.41
2024-06-29 13:00:00,1.79175946922805,1.56392511759818,0,6
2024-06-29 14:00:00,1.9643112344262,1.54937802430562,0,7.13
2024-06-29 15:00:00,1.97129938306013,1.41234084371316,0,7.18
2024-06-29 16:00:00,1.94161522477243,1.39100814387756,0,6.97
2024-06-29 17:00:00,1.9139771019523,1.39162683836145,0,6.78
2024-06-29 18:00:00,1.8099267731835,1.51154393417175,0,6.11
2024-06-29 19:00:00,1.86408013080768,1.74867411745793,0,6.45
2024-06-29 20:00:00,1.96009478404727,1.83349558265783,0,7.1
2024-06-29 21:00:00,1.87793716546911,1.9136353510412,0,6.54
2024-06-29 22:00:00,1.95302761682418,1.85525474967459,0,7.05
2024-06-29 23:00:00,2.08691355651854,1.88987605309027,0,8.06
2024-06-30,2.1540850846756,1.76990419506326,0,8.62
2024-06-30 01:00:00,2.11986345617875,1.67527151302552,0,8.33
2024-06-30 02:00:00,1.96009478404727,1.72928536689263,0,7.1
2024-06-30 03:00:00,1.82454929205105,1.56752446953899,0,6.2
2024-06-30 04:00:00,1.87333945622048,1.45077539946714,0,6.51
2024-06-30 05:00:00,2.06686275947298,1.75431314793685,0,7.9
2024-06-30 06:00:00,2.25654115449264,1.87329797785888,0,9.55
2024-06-30 07:00:00,2.3646204839135,1.92538878634041,0,10.64
2024-06-30 08:00:00,2.11142458753289,1.81507298184775,0,8.26
2024-06-30 09:00:00,2.10778601468898,1.64005791371249,0,8.23
2024-06-30 10:00:00,2.29253475714054,1.57137856694043,0,9.9
2024-06-30 11:00:00,2.33117254984596,1.33356217035318,0,10.29
2024-06-30 12:00:00,1.82454929205105,1.25245723035079,0,6.2
2024-06-30 13:00:00,1.39871688111845,1.25978168775324,0,4.05
2024-06-30 14:00:00,1.34547236659964,0.891288907303101,0,3.84
2024-06-30 15:00:00,0.920282753143692,0.969459881887463,0,2.51
2024-06-30 16:00:00,0.845868267577609,1.0823828119435,0,2.33
2024-06-30 17:00:00,0.815364813284194,1.02992189548463,0,2.26
2024-06-30 18:00:00,0.912282710476616,1.09287328689563,0,2.49
2024-06-30 19:00:00,0.46373401623214,1.1544010564651,0,1.59
2024-06-30 20:00:00,0,1.11699182654825,0,1
2024-06-30 21:00:00,-0.342490308946776,1.36266162907317,0,0.71
2024-06-30 22:00:00,0.500775287912489,1.46415976214342,0,1.65
2024-06-30 23:00:00,1.04027671165515,1.57942804959902,0,2.83
2024-07-01,1.21787570949493,1.5706492526494,0,3.38
2024-07-01 01:00:00,1.07840958135059,1.61833798008987,0,2.94
2024-07-01 02:00:00,1.21491274436427,1.62469494025087,0,3.37
2024-07-01 03:00:00,1.36609165380237,1.64254702106453,0,3.92
2024-07-01 04:00:00,1.69009581545155,1.63799139046668,0,5.42
2024-07-01 05:00:00,2.08318452795867,1.61924076500723,0,8.03
2024-07-01 06:00:00,2.08815348228186,1.63238275838028,0,8.07
2024-07-01 07:00:00,2.07317192866624,1.67058325849222,0,7.95
2024-07-01 08:00:00,1.80005827204275,1.51252219960189,0,6.05
2024-07-01 09:00:00,1.33236601909433,1.38132399446745,0,3.79
2024-07-01 10:00:00,1.22671229129543,1.27820026323455,0,3.41
2024-07-01 11:00:00,1.29746314741327,1.22166637688861,0,3.66
2024-07-01 12:00:00,1.16315080980568,1.06614773892852,0,3.2
2024-07-01 13:00:00,1.15057202759882,1.09395502487746,0,3.16
2024-07-01 14:00:00,1.07158361628019,0.9706737885776,0,2.92
2024-07-01 15:00:00,1.05082162483176,0.839120730086979,0,2.86
2024-07-01 16:00:00,0.322083499169113,1.11365017436536,0,1.38
2024-07-01 17:00:00,-0.150822889734584,1.12979487798922,0,0.86
2024-07-01 18:00:00,0.165514438477573,1.07806849640033,0,1.18
2024-07-01 19:00:00,0.322083499169113,1.17241572795177,0,1.38
2024-07-01 20:00:00,0.732367893713227,1.2321940972413,0,2.08
2024-07-01 21:00:00,0.536493370514568,1.27951849513993,0,1.71
2024-07-01 22:00:00,0.470003629245736,1.29710320725757,0,1.6
2024-07-01 23:00:00,0.29266961396282,1.38446880582097,0,1.34
2024-07-02,0.231111720963387,1.21650021037219,0,1.26
2024-07-02 01:00:00,0.307484699747961,1.07839021820482,0,1.36
2024-07-02 02:00:00,0.667829372575655,1.3103567076318,0,1.95
2024-07-02 03:00:00,1.22082992139236,1.3267096963409,0,3.39
2024-07-02 04:00:00,1.65822807660353,1.37547054006657,0,5.25
2024-07-02 05:00:00,1.27815220250019,1.49351872674354,0,3.59
2024-07-02 06:00:00,1.25561603747777,1.43759967606236,0,3.51
2024-07-02 07:00:00,1.10856261952128,1.45521882664041,0,3.03
2024-07-02 08:00:00,0.916290731874155,1.29383598226015,0,2.5
2024-07-02 09:00:00,0.524728528934982,1.30543590606116,0,1.69
2024-07-02 10:00:00,0.22314355131421,1.1930846419891,0,1.25
2024-07-02 11:00:00,0.451075619360217,1.14899146016117,0,1.57
2024-07-02 12:00:00,0.741937344729377,1.00049455506911,0,2.1
2024-07-02 13:00:00,1.49065437644413,0.9396387044461,0,4.44
2024-07-02 14:00:00,1.40854497005471,1.05756615038749,0,4.09
2024-07-02 15:00:00,1.21491274436427,1.02604511670398,0,3.37
2024-07-02 16:00:00,1.02604159583327,1.02881395008287,0,2.79
2024-07-02 17:00:00,0.943905898907128,0.918775302113066,0,2.57
2024-07-02 18:00:00,1.17557332980424,0.998560373328951,0,3.24
2024-07-02 19:00:00,1.21787570949493,1.10812829849999,0,3.38
2024-07-02 20:00:00,1.24126858906963,1.24382951523921,0,3.46
2024-07-02 21:00:00,1.21491274436427,1.36798603730034,0,3.37
2024-07-02 22:00:00,1.43031124653666,1.45657346146342,0,4.18
2024-07-02 23:00:00,1.8213182714696,1.5586872943299,0,6.18
2024-07-03,1.61740608208328,1.46177910964527,0,5.04
2024-07-03 01:00:00,1.23256026117785,1.46205359359403,0,3.43
2024-07-03 02:00:00,1.1999647829284,1.40015923567705,0,3.32
2024-07-03 03:00:00,1.45628673293993,1.41751792665421,0,4.29
2024-07-03 04:00:00,1.28647402583768,1.48294236031563,0,3.62
2024-07-03 05:00:00,0.405465108108164,1.39931782452098,0,1.5
2024-07-03 06:00:00,0.802001585472027,1.44502451227544,0,2.23
2024-07-03 07:00:00,1.14103300455206,1.42058336904061,0,3.13
2024-07-03 08:00:00,1.35840915763035,1.24030178318036,0,3.89
2024-07-03 09:00:00,1.45395300959371,1.11889693634083,0,4.28
2024-07-03 10:00:00,1.3609765531356,1.03298793920979,0,3.9
2024-07-03 11:00:00,1.36863942588117,0.913808641592109,0,3.93
2024-07-03 12:00:00,1.21194097397511,0.909024483972751,0,3.36
2024-07-03 13:00:00,1.33236601909433,0.920622357360007,0,3.79
2024-07-03 14:00:00,1.19088756477728,0.897893456474956,0,3.29
2024-07-03 15:00:00,1.15373158788919,0.938631086257915,0,3.17
2024-07-03 16:00:00,0.732367893713227,0.814806478394299,0,2.08
2024-07-03 17:00:00,0.932164081030445,0.89813588821135,0,2.54
2024-07-03 18:00:00,0.770108221696074,0.948553746158257,0,2.16
2024-07-03 19:00:00,0.765467842139571,0.983479754429103,0,2.15
2024-07-03 20:00:00,1.03673688495002,1.23342912471128,0,2.82
2024-07-03 21:00:00,1.14740245283754,1.30515525306901,0,3.15
2024-07-03 22:00:00,1.23256026117785,1.34248560787388,0,3.43
2024-07-03 23:00:00,1.30291275218084,1.49057532926439,0,3.68
2024-07-04,1.71199450075919,1.3198031510392,0,5.54
2024-07-04 01:00:00,1.43508452528932,1.39793932282915,0,4.2
2024-07-04 02:00:00,1.36609165380237,1.39113737949958,0,3.92
2024-07-04 03:00:00,1.21787570949493,1.38197397510318,0,3.38
2024-07-04 04:00:00,1.28647402583768,1.34853890600293,0,3.62
2024-07-04 05:00:00,1.20297230399235,1.45078803106815,0,3.33
2024-07-04 06:00:00,1.29198368164865,1.44370778055976,0,3.64
2024-07-04 07:00:00,0.8754687373539,1.27361516540401,0,2.4
2024-07-04 08:00:00,0.896088024556636,1.14261132609462,0,2.45
2024-07-04 09:00:00,0.559615787935423,0.980881753970705,0,1.75
2024-07-04 10:00:00,0.322083499169113,0.895312700652353,0,1.38
2024-07-04 11:00:00,0.46373401623214,0.996409510189792,0,1.59
2024-07-04 12:00:00,0.444685821261446,1.04668494193792,0,1.56
2024-07-04 13:00:00,0.815364813284194,0.979913257390354,0,2.26
2024-07-04 14:00:00,0.412109650826833,0.740260311577027,0,1.51
2024-07-04 15:00:00,0.641853886172395,0.873931623830734,0,1.9
2024-07-04 16:00:00,0.398776119957368,0.72523032962716,0,1.49
2024-07-04 17:00:00,0.27763173659828,0.73501309026672,0,1.32
2024-07-04 18:00:00,0.19062035960865,0.636863104514576,0,1.21
2024-07-04 19:00:00,0.615185639090233,0.929187132602125,0,1.85
2024-07-04 20:00:00,0.8754687373539,1.11605440488701,0,2.4
2024-07-04 21:00:00,1.20896034583698,1.39605467187318,0,3.35
2024-07-04 22:00:00,1.44220199305819,1.3711538923007,0,4.23
2024-07-04 23:00:00,2.06432790386979,1.34094681789384,0,7.88
2024-07-05,1.08856195281461,1.26826300867383,0,2.97
2024-07-05 01:00:00,1.14740245283754,1.32212176981785,0,3.15
2024-07-05 02:00:00,1.23547147138531,1.29733805042051,0,3.44
2024-07-05 03:00:00,1.28647402583768,1.38645049310142,0,3.62
2024-07-05 04:00:00,1.36609165380237,1.31069258865984,0,3.92
2024-07-05 05:00:00,1.45395300959371,1.49878626073757,0,4.28
2024-07-05 06:00:00,1.66013102674962,1.50069641236993,0,5.26
2024-07-05 08:00:00,1.51072193949494,1.34862987504887,0,4.53
2024-07-05 09:00:00,1.5810384379124,1.28243453982944,0,4.86
2024-07-05 10:00:00,2.34851402488245,1.02027625184376,0,10.47
2024-07-05 11:00:00,2.76631910922619,0.898571930077914,0,15.9
2024-07-05 12:00:00,2.58625914404829,0.796691710345809,0,13.28
2024-07-05 13:00:00,3.12763734443393,0.723539227409601,0,22.82
2024-07-05 14:00:00,2.7047112998367,0.802549769505063,0,14.95
2024-07-05 15:00:00,3.03591406318682,0.884691713310029,0,20.82
2024-07-05 16:00:00,2.84199817361195,0.93459926688142,0,17.15
2024-07-05 17:00:00,2.97246364661464,1.05496238289605,0,19.54
2024-07-05 18:00:00,2.82435065679837,1.1702191009869,0,16.85
2024-07-05 19:00:00,3.1730412885244,1.30388822861527,0,23.88
2024-07-05 22:00:00,3.13331793650655,1.43654634863747,0,22.95
2024-07-05 23:00:00,2.98264703400534,1.65331655162899,0,19.74
2024-07-06,0.444685821261446,1.47121580509277,0,1.56
2024-07-06 01:00:00,0.285178942233662,1.36224048497084,0,1.33
2024-07-06 12:00:00,1.96571277635149,0.970918412194503,0,7.14
2024-07-06 13:00:00,0.703097511413113,0.949045304725971,0,2.02
2024-07-06 14:00:00,0.29266961396282,0.949314588360059,0,1.34
2024-07-06 15:00:00,2.77383794164021,1.13438139450003,0,16.02
2024-07-06 16:00:00,0.431782416425538,1.16104570708782,0,1.54
2024-07-07 21:00:00,0.518793793415168,1.5170222756903,0,1.68
2024-07-07 22:00:00,0.378436435720245,1.5660570071718,0,1.46
2024-07-08 07:00:00,0.928219302739429,1.75417194904182,0,2.53
2024-07-08 12:00:00,0.854415328156068,1.37894674299283,0,2.35
2024-07-08 13:00:00,0.765467842139571,1.31037464552309,0,2.15
2024-07-08 19:00:00,0.845868267577609,1.25725775519799,0,2.33
2024-07-08 23:00:00,0.215111379616945,1.82531798540005,0,1.24
2024-07-09,0.536493370514568,1.7142010808302,0,1.71
2024-07-09 01:00:00,1.10856261952128,1.63077052462009,0,3.03
2024-07-09 02:00:00,1.17248213723457,1.46040876184877,0,3.23
2024-07-09 03:00:00,0.989541193613748,1.54444541400517,0,2.69
2024-07-09 04:00:00,1.14103300455206,1.66665598042129,0,3.13
2024-07-09 05:00:00,1.00063188030791,1.66482008901464,0,2.72
2024-07-09 06:00:00,1.1314021114911,1.70964968726773,0,3.1
2024-07-09 07:00:00,1.71018781553424,1.81652664536178,0,5.53
2024-07-09 08:00:00,1.47017584510059,1.79804929062224,0,4.35
2024-07-09 09:00:00,1.28647402583768,1.81845460083429,0,3.62
2024-07-09 10:00:00,0.879626747502564,1.68669189975134,0,2.41
2024-07-09 11:00:00,0.879626747502564,1.36329811418152,0,2.41
2024-07-09 12:00:00,0.85015092936961,1.35334557718655,0,2.34
2024-07-09 13:00:00,1.1314021114911,1.33676217343633,0,3.1
2024-07-09 14:00:00,1.09861228866811,1.26212630636245,0,3
2024-07-09 15:00:00,1.25276296849537,1.34514352714864,0,3.5
2024-07-09 16:00:00,1.3609765531356,1.3794425631361,0,3.9
2024-07-09 17:00:00,1.29198368164865,1.34160532864188,0,3.64
2024-07-09 18:00:00,1.38629436111989,1.35625363416243,0,4
2024-07-09 19:00:00,1.38629436111989,1.53865201144024,0,4
2024-07-09 20:00:00,1.56444054650336,1.77124230162509,0,4.78
2024-07-09 21:00:00,1.72455071953461,1.8778686574134,0,5.61
2024-07-09 22:00:00,1.8484548129046,1.93587796338461,0,6.35
2024-07-09 23:00:00,1.83896107071235,1.99788611652699,0,6.29
2024-07-10,1.82937633279936,1.87230709184115,0,6.23
2024-07-10 01:00:00,1.87793716546911,1.85014011119218,0,6.54
2024-07-10 02:00:00,1.82776990675109,1.86319935289565,0,6.22
2024-07-10 03:00:00,1.88403474533723,1.82800901942834,0,6.58
2024-07-10 04:00:00,2.06051353179432,1.75707810105039,0,7.85
2024-07-10 05:00:00,2.14241634084122,1.80032796553703,0,8.52
2024-07-10 06:00:00,2.35137525716348,1.94757092066497,0,10.5
2024-07-10 07:00:00,2.62249231274056,2.12221537153771,0,13.77
2024-07-10 08:00:00,2.59376105470008,2.00442432846959,0,13.38
2024-07-10 09:00:00,2.49979526228175,1.90443217273719,0,12.18
2024-07-10 10:00:00,2.68648602318637,1.83497013200736,0,14.68
2024-07-10 11:00:00,2.59076704048748,1.7848246829364,0,13.34
2024-07-10 12:00:00,2.47905623610982,1.59360446899529,0,11.93
2024-07-10 13:00:00,1.99197551589856,1.38592467319847,0,7.33
2024-07-10 14:00:00,2.2364452904895,1.72817211112183,0,9.36
2024-07-10 15:00:00,2.2060741926132,1.65922120683033,0,9.08
2024-07-10 16:00:00,2.03470564783844,1.14713140036322,0,7.65
2024-07-10 17:00:00,1.74221902366792,0.958135164697457,0,5.71
2024-07-10 18:00:00,1.66392609771817,1.44670688807312,0,5.28
2024-07-10 19:00:00,1.56444054650336,1.59531727763195,0,4.78
2024-07-10 20:00:00,1.65057985576528,1.7213820443303,0,5.21
2024-07-10 21:00:00,1.74745921033147,1.68094937853919,0,5.74
2024-07-10 22:00:00,1.69561560867515,1.86836983615518,0,5.45
2024-07-10 23:00:00,1.76130026174335,1.9847488549981,0,5.82
2024-07-11,1.88403474533723,1.75189364261013,0,6.58
2024-07-11 01:00:00,2.08815348228186,1.71481638646316,0,8.07
2024-07-11 02:00:00,2.16561923792089,1.69282404785738,0,8.72
2024-07-11 03:00:00,2.24707238306379,1.74721362710139,0,9.46
2024-07-11 04:00:00,2.21266038546606,1.85253888162596,0,9.14
2024-07-11 05:00:00,2.42921774392741,1.88429452919862,0,11.35
2024-07-11 06:00:00,2.73825604315928,1.94190079081634,0,15.46
2024-07-11 07:00:00,2.79728133483015,2.10170011824591,0,16.4
2024-07-11 08:00:00,2.7948393311746,1.95733873074728,0,16.36
2024-07-11 09:00:00,2.08318452795867,1.87426004705322,0,8.03
2024-07-11 10:00:00,1.61541998411165,1.77922943738322,0,5.03
2024-07-11 11:00:00,1.27536280041261,1.68539052470587,0,3.58
2024-07-11 12:00:00,1.5810384379124,1.39902525756777,0,4.86
2024-07-11 13:00:00,1.48613969608961,1.40905932069051,0,4.42
2024-07-11 14:00:00,1.32707500145992,1.47737609677188,0,3.77
2024-07-11 15:00:00,0.947789398933526,1.52910911964589,0,2.58
2024-07-11 16:00:00,0.970778917158225,1.29406696762036,0,2.64
2024-07-11 17:00:00,0.667829372575655,1.18213726312982,0,1.95
2024-07-11 18:00:00,1.02604159583327,1.42811405754432,0,2.79
2024-07-11 19:00:00,1.07158361628019,1.65555869349593,0,2.92
2024-07-11 20:00:00,1.15688119679209,1.79759208173192,0,3.18
2024-07-11 21:00:00,0.982078472412158,1.91854304186928,0,2.67
2024-07-11 22:00:00,1.16627093714192,1.92207563918103,0,3.21
2024-07-11 23:00:00,0.978326122793608,1.82275565957275,0,2.66
2024-07-12,1.12817109090965,1.71705791896586,0,3.09
2024-07-12 01:00:00,1.19392246847243,1.6616548019451,0,3.3
2024-07-12 02:00:00,1.13462272619114,1.66166766017286,0,3.11
2024-07-12 03:00:00,1.11514159061932,1.63261466836278,0,3.05
2024-07-12 04:00:00,1.18172719537862,1.64493932696404,0,3.26
2024-07-12 05:00:00,1.29198368164865,1.71837276964145,0,3.64
2024-07-12 06:00:00,2.06559613485778,1.88102055985172,0,7.89
2024-07-12 07:00:00,1.86408013080768,1.79757981817058,0,6.45
2024-07-12 08:00:00,1.64480505627139,1.6375998831874,0,5.18
2024-07-12 09:00:00,1.54115907168081,1.77580944905812,0,4.67
2024-07-12 10:00:00,1.45395300959371,1.57462640506964,0,4.28
2024-07-12 11:00:00,1.45395300959371,1.55799891932865,0,4.28
2024-07-12 12:00:00,1.35840915763035,1.52883231684149,0,3.89
2024-07-15 06:00:00,1.17865499634165,1.70855193592722,0,3.25
2024-07-15 07:00:00,1.33236601909433,1.74953136538214,0,3.79
2024-07-15 08:00:00,1.74396880539171,1.68425977927845,0,5.72
2024-07-15 09:00:00,1.6094379124341,1.6660560145763,0,5
2024-07-15 10:00:00,1.67896397508271,1.62925452674371,0,5.36
2024-07-15 11:00:00,1.80828877117927,1.51587861093144,0,6.1
2024-07-15 12:00:00,2.07944154167984,1.51113254921016,0,8
2024-07-15 14:00:00,1.43031124653666,1.36262051512533,0,4.18
2024-07-15 15:00:00,0.959350221334602,1.47437109596073,0,2.61
2024-07-15 16:00:00,1.01160091167848,1.37096445177902,0,2.75
2024-07-15 17:00:00,1.14740245283754,1.40883921887539,0,3.15
2024-07-15 18:00:00,1.27815220250019,1.51697932983649,0,3.59
2024-07-15 19:00:00,1.20297230399235,NA,0,3.33
2024-07-15 20:00:00,1.31372366828506,1.68419358901448,0,3.72
2024-07-15 21:00:00,1.35840915763035,1.6562711920776,0,3.89
2024-07-15 22:00:00,1.59330853050422,1.73061086406804,0,4.92
2024-07-15 23:00:00,1.880990602956,1.82320655854031,0,6.56
2024-07-16,1.56861591791385,1.71010301784059,0,4.8
2024-07-16 01:00:00,1.49290409617815,1.56259933417718,0,4.45
2024-07-16 02:00:00,1.42551507427317,1.5323654232516,0,4.16
2024-07-16 03:00:00,1.3787660946991,1.56981928944279,0,3.97
2024-07-16 04:00:00,1.46325540225602,1.63872439091239,0,4.32
2024-07-16 05:00:00,1.70474809223843,NA,0,5.5
2024-07-16 06:00:00,1.65249740189455,1.66059165806921,0,5.22
2024-07-16 07:00:00,1.24126858906963,1.74762457310238,0,3.46
2024-07-16 08:00:00,1.20297230399235,1.78784058609533,0,3.33
2024-07-16 09:00:00,1.03673688495002,1.60573242577494,0,2.82
2024-07-16 10:00:00,0.751416088683921,1.55709154847852,0,2.12
2024-07-16 11:00:00,0.841567185678219,1.22885118153648,0,2.32
2024-07-16 12:00:00,0.854415328156068,1.39996580730783,0,2.35
2024-07-16 13:00:00,0.989541193613748,1.32414660182111,0,2.69
2024-07-16 14:00:00,1.07158361628019,1.40514888052213,0,2.92
2024-07-16 15:00:00,1.02604159583327,1.22937746934341,0,2.79
2024-07-16 16:00:00,1.06471073699243,1.13580393166979,0,2.9
2024-07-16 17:00:00,0.867100487683383,1.33358917294593,0,2.38
2024-07-16 18:00:00,1.06471073699243,1.44244452627309,0,2.9
2024-07-16 19:00:00,1.01523067972906,1.37821506587454,0,2.76
2024-07-16 20:00:00,1.00063188030791,1.30342836304437,0,2.72
2024-07-16 21:00:00,0.900161349944271,1.53589977241743,0,2.46
2024-07-16 22:00:00,0.959350221334602,1.67329749079688,0,2.61
2024-07-16 23:00:00,1.1999647829284,1.80419630403945,0,3.32
2024-07-17,1.04380405217311,1.61524604117488,0,2.84
2024-07-17 01:00:00,1.07158361628019,1.49045277136965,0,2.92
2024-07-17 02:00:00,1.15373158788919,1.53104771633011,0,3.17
2024-07-17 03:00:00,1.20297230399235,1.37442273352446,0,3.33
2024-07-17 04:00:00,0.912282710476616,1.33552845673243,0,2.49
2024-07-17 05:00:00,1.09861228866811,NA,0,3
2024-07-17 06:00:00,0.936093359170335,1.71159562209282,0,2.55
2024-07-17 07:00:00,1.14103300455206,1.81725407775547,0,3.13
2024-07-17 08:00:00,1.11514159061932,1.70530556951902,0,3.05
2024-07-17 09:00:00,1.08180517035173,1.50860014635342,0,2.95
2024-07-17 10:00:00,0.792992515529661,1.43338757038293,0,2.21
2024-07-17 11:00:00,0.582215619852664,1.39229288630531,0,1.79
2024-07-17 12:00:00,0.457424847038875,1.33814449315097,0,1.58
2024-07-17 13:00:00,0.56531380905006,1.31577147741602,0,1.76
2024-07-17 14:00:00,0.615185639090233,1.36272688525483,0,1.85
2024-07-17 15:00:00,0.431782416425538,1.42129764450908,0,1.54
2024-07-17 16:00:00,0.693147180559945,1.49820587195987,0,2
2024-07-17 17:00:00,0.717839793150317,1.40241467764252,0,2.05
2024-07-17 18:00:00,0.871293365943419,1.45685984732196,0,2.39
2024-07-17 19:00:00,0.727548607277278,1.43825097742242,0,2.07
2024-07-17 20:00:00,0.732367893713227,1.47783267472087,0,2.08
2024-07-17 21:00:00,0.470003629245736,1.60762148837482,0,1.6
2024-07-17 22:00:00,0.879626747502564,1.7541110638732,0,2.41
2024-07-17 23:00:00,1.56653041142282,1.84394937083307,0,4.79
2024-07-18,0.89199803930511,1.62321008103363,0,2.44
2024-07-18 01:00:00,0.438254930931155,1.50493455960316,0,1.55
2024-07-18 02:00:00,0.963174317773006,1.57737222035141,0,2.62
2024-07-18 03:00:00,0.641853886172395,1.49150983278513,0,1.9
2024-07-18 04:00:00,0.802001585472027,1.53096618698848,0,2.23
2024-07-18 05:00:00,0.916290731874155,1.55677467803119,0,2.5
2024-07-18 06:00:00,1.13462272619114,1.73420866434861,0,3.11
2024-07-18 07:00:00,1.41585316336144,2.06630713190028,0,4.12
2024-07-18 08:00:00,1.03673688495002,1.72392109253252,0,2.82
2024-07-18 09:00:00,0.932164081030445,1.63602654692154,0,2.54
2024-07-18 10:00:00,0.828551817566148,1.64666687654961,0,2.29
2024-07-18 11:00:00,0.832909122935104,1.46865251389126,0,2.3
2024-07-18 12:00:00,0.792992515529661,1.47059547751013,0,2.21
2024-07-18 13:00:00,0.708035793053696,1.41370537299316,0,2.03
2024-07-18 14:00:00,0.879626747502564,1.37995891394849,0,2.41
2024-07-18 15:00:00,0.641853886172395,1.3415925069558,0,1.9
2024-07-18 16:00:00,0.667829372575655,1.30889395894504,0,1.95
2024-07-18 17:00:00,0.683096844706444,1.28639669593274,0,1.98
2024-07-18 18:00:00,0.746687947487975,1.20097785473244,0,2.11
2024-07-18 19:00:00,0.883767540168595,1.29828202226932,0,2.42
2024-07-18 20:00:00,0.99694863489161,1.60991894524308,0,2.71
2024-07-18 21:00:00,1.48387468945875,1.78098625238628,0,4.41
2024-07-18 22:00:00,1.49514876603197,1.80391478273469,0,4.46
2024-07-18 23:00:00,1.3244189574018,1.91262383029571,0,3.76
2024-07-19,1.24990173621434,1.78288248823346,0,3.49
2024-07-19 01:00:00,1.09861228866811,1.61923268958943,0,3
2024-07-19 02:00:00,0.982078472412158,1.59296931614366,0,2.67
2024-07-19 03:00:00,1.07158361628019,1.52882887634719,0,2.92
2024-07-19 04:00:00,1.08180517035173,1.51578151870985,0,2.95
2024-07-19 05:00:00,1.17248213723457,1.59934351726747,0,3.23
2024-07-19 06:00:00,1.24990173621434,1.78659638381875,0,3.49
2024-07-19 07:00:00,2.06305806242931,2.00898371798908,0,7.87
2024-07-19 08:00:00,1.77495235091167,1.89041387562745,0,5.9
2024-07-19 09:00:00,1.44691898293633,1.71886706156632,0,4.25
2024-07-19 10:00:00,1.11514159061932,1.75437809011696,0,3.05
2024-07-19 11:00:00,0.963174317773006,1.6245818343868,0,2.62
2024-07-19 12:00:00,0.883767540168595,1.46156939987973,0,2.42
2024-07-19 13:00:00,0.896088024556636,1.48868831581092,0,2.45
2024-07-19 14:00:00,0.928219302739429,1.43558612755664,0,2.53
2024-07-19 15:00:00,0.993251773010283,1.41816122227567,0,2.7
2024-07-19 16:00:00,1.01523067972906,1.37632862651796,0,2.76
2024-07-19 17:00:00,1.16315080980568,1.431150488549,0,3.2
2024-07-19 18:00:00,1.03673688495002,1.15160182519164,0,2.82
2024-07-19 19:00:00,1.10856261952128,1.19216433749884,0,3.03
2024-07-19 20:00:00,1.18172719537862,1.46394243298478,0,3.26
2024-07-19 21:00:00,1.50629715351459,1.7601162911748,0,4.51
2024-07-19 22:00:00,1.55603713570699,1.82320844370491,0,4.74
2024-07-19 23:00:00,1.45628673293993,1.76972983596599,0,4.29
2024-07-20,1.58923520511658,1.67364950281141,0,4.9
2024-07-20 01:00:00,1.64480505627139,1.5285602230988,0,5.18
2024-07-20 02:00:00,1.47247205736094,1.59531330023343,0,4.36
2024-07-20 03:00:00,1.52169899812609,1.64196182762366,0,4.58
2024-07-20 04:00:00,1.44456326924387,1.67798878157335,0,4.24
2024-07-20 05:00:00,1.7263316639056,1.67442025117068,0,5.62
2024-07-20 06:00:00,1.61541998411165,1.60929146563889,0,5.03
2024-07-20 07:00:00,1.51072193949494,1.75712080228715,0,4.53
2024-07-20 08:00:00,1.82616089594539,1.7629560892405,0,6.21
2024-07-20 09:00:00,1.50407739677627,1.74903333846774,0,4.5
2024-07-20 10:00:00,1.26694760348732,1.6701414231862,0,3.55
2024-07-20 11:00:00,1.25276296849537,1.55931759602882,0,3.5
2024-07-20 12:00:00,1.26129787094521,1.50935741759549,0,3.53
2024-07-20 13:00:00,1.27536280041261,1.49002200883142,0,3.58
2024-07-20 14:00:00,1.21194097397511,1.5049987725273,0,3.36
2024-07-20 15:00:00,1.26976054486394,1.46698854076509,0,3.56
2024-07-20 16:00:00,1.3609765531356,1.28130301913938,0,3.9
2024-07-20 17:00:00,1.44220199305819,1.22764755626961,0,4.23
2024-07-20 18:00:00,1.44926916028128,1.2321209289794,0,4.26
2024-07-20 19:00:00,1.6094379124341,1.47799315770743,0,5
2024-07-20 20:00:00,1.89761985992753,1.65527515082276,0,6.67
2024-07-20 21:00:00,1.92716410623426,1.74098481708492,0,6.87
2024-07-20 22:00:00,1.76130026174335,1.69715882644901,0,5.82
2024-07-20 23:00:00,1.97823903617067,1.7700897776135,0,7.23
2024-07-21,1.96009478404727,1.65574806678471,0,7.1
2024-07-21 01:00:00,1.95586047990848,1.55231328527943,0,7.07
2024-07-21 02:00:00,1.88403474533723,1.69519773366224,0,6.58
2024-07-21 03:00:00,1.82937633279936,1.62414954313137,0,6.23
2024-07-21 04:00:00,1.85002837735203,1.52841958119516,0,6.36
2024-07-21 05:00:00,1.86562931779451,1.49701602268877,0,6.46
2024-07-21 06:00:00,1.78339121955754,1.51210782775696,0,5.95
2024-07-21 07:00:00,1.80828877117927,1.7668663675565,0,6.1
2024-07-21 08:00:00,1.95018670582257,1.66736649245166,0,7.03
2024-07-21 09:00:00,2.37861977927004,1.69138959782449,0,10.79
2024-07-21 10:00:00,2.002830439308,1.64070395225102,0,7.41
2024-07-21 11:00:00,1.82937633279936,1.5522233736892,0,6.23
2024-07-21 12:00:00,1.71559810826249,1.53916514601124,0,5.56
2024-07-21 13:00:00,1.51732262352629,1.50421657241907,0,4.56
2024-07-21 14:00:00,1.58923520511658,1.35737295096835,0,4.9
2024-07-21 15:00:00,1.58923520511658,1.50382807201918,0,4.9
2024-07-21 16:00:00,1.59736533119983,1.34140707714556,0,4.94
2024-07-21 17:00:00,1.68082790852077,1.32300064307981,0,5.37
2024-07-21 18:00:00,1.68639895357023,1.41658317975258,0,5.4
2024-07-21 19:00:00,1.69927861643389,1.51383578893286,0,5.47
2024-07-21 20:00:00,1.98513086220859,1.70306942257208,0,7.28
2024-07-21 21:00:00,2.14006616349627,1.77182549078815,0,8.5
2024-07-21 22:00:00,2.13416644136908,1.74783501751335,0,8.45
2024-07-21 23:00:00,2.07944154167984,1.7093273457253,0,8
2024-07-22,1.81645208181843,1.68444300588206,0,6.15
2024-07-22 01:00:00,1.78339121955754,1.6057553125986,0,5.95
2024-07-22 02:00:00,1.79175946922805,1.72941193857628,0,6
2024-07-22 03:00:00,1.85785927093258,1.63700662586768,0,6.41
2024-07-22 04:00:00,1.8531680973567,1.68283175229785,0,6.38
2024-07-22 05:00:00,1.90508815453506,1.7099178248706,0,6.72
2024-07-22 06:00:00,2.06051353179432,1.79242097013665,0,7.85
2024-07-22 07:00:00,1.85002837735203,1.6937395984482,0,6.36
2024-07-22 08:00:00,1.84213567655312,1.6996477441037,0,6.31
2024-07-22 09:00:00,1.7561322915849,1.55864488349633,0,5.79
2024-07-22 10:00:00,1.5993875765806,1.61728558761841,0,4.95
2024-07-22 11:00:00,1.57691472072854,1.53759198046969,0,4.84
2024-07-22 12:00:00,1.39871688111845,1.39304152120809,0,4.05
2024-07-22 13:00:00,0.609765571620894,1.13585427736422,0,1.84
2024-07-22 14:00:00,0.625938430866495,1.1713217785503,0,1.87
2024-07-22 15:00:00,0.553885113226438,1.16682113509065,0,1.74
2024-07-22 16:00:00,0.46373401623214,1.04699824447441,0,1.59
2024-07-22 17:00:00,0.732367893713227,1.15973883389848,0,2.08
2024-07-22 18:00:00,0.779324876800998,1.30964556423757,0,2.18
2024-07-22 19:00:00,0.832909122935104,1.28671330728758,0,2.3
2024-07-22 20:00:00,0.955511445027436,1.44075156421976,0,2.6
2024-07-22 21:00:00,1.20896034583698,1.63931296592105,0,3.35
2024-07-22 22:00:00,0.955511445027436,1.5601936649632,0,2.6
2024-07-22 23:00:00,1.14103300455206,1.53755766966008,0,3.13
2024-07-23,1.13783300182139,1.55365716342869,0,3.12
2024-07-23 01:00:00,0.693147180559945,NA,0,2
2024-07-23 02:00:00,0.62057648772511,1.48885254729519,0,1.86
2024-07-23 03:00:00,0.756121979721334,1.48127427477894,0,2.13
2024-07-23 04:00:00,0.53062825106217,1.46042979534935,0,1.7
2024-07-23 05:00:00,0.802001585472027,1.5798064348376,0,2.23
2024-07-23 06:00:00,0.858661619037519,1.68378400478284,0,2.36
2024-07-23 07:00:00,1.9387416595767,1.89233314117371,0,6.95
2024-07-23 08:00:00,2.32532457996354,1.85340695688578,0,10.23
2024-07-23 09:00:00,1.81319474994812,1.76816319991618,0,6.13
2024-07-23 10:00:00,0.879626747502564,1.67924357035174,0,2.41
2024-07-23 11:00:00,0.912282710476616,1.53675200926983,0,2.49
2024-07-23 12:00:00,0.89199803930511,1.38887749175687,0,2.44
2024-07-23 13:00:00,1.02604159583327,1.25490219723583,0,2.79
2024-07-23 14:00:00,1.3609765531356,1.18142130353026,0,3.9
2024-07-23 15:00:00,0.916290731874155,1.17043274730198,0,2.5
2024-07-23 16:00:00,1.06471073699243,1.22871494334456,0,2.9
2024-07-23 17:00:00,1.41827740697294,1.20165830284739,0,4.13
2024-07-23 18:00:00,1.21787570949493,1.40379076737775,0,3.38
2024-07-23 19:00:00,1.44456326924387,1.43449133049354,0,4.24
2024-07-23 20:00:00,1.51512723296286,1.67454741674792,0,4.55
2024-07-23 21:00:00,1.74221902366792,1.69392399019678,0,5.71
2024-07-23 22:00:00,1.12492959698548,1.62551306626932,0,3.08
2024-07-23 23:00:00,0.779324876800998,1.66117772044026,0,2.18
2024-07-24,1.07158361628019,1.62740528648847,0,2.92
2024-07-24 01:00:00,0.815364813284194,1.65449475117725,0,2.26
2024-07-24 02:00:00,1.3297240096315,1.71881075306712,0,3.78
2024-07-24 03:00:00,0.912282710476616,1.73639993463419,0,2.49
2024-07-24 04:00:00,1.06125650212434,1.70582412347661,0,2.89
2024-07-24 05:00:00,1.49738840862548,1.78344147583474,0,4.47
2024-07-24 06:00:00,1.49065437644413,1.81488257145183,0,4.44
2024-07-24 07:00:00,0.989541193613748,1.74563293074966,0,2.69
2024-07-24 08:00:00,0.963174317773006,1.75839866412202,0,2.62
2024-07-24 09:00:00,1.25276296849537,1.50849747057049,0,3.5
2024-07-24 10:00:00,1.10525683138678,1.33099324740175,0,3.02
2024-07-24 11:00:00,1.26976054486394,1.11224951707571,0,3.56
2024-07-24 12:00:00,1.31372366828506,1.25109249784155,0,3.72
2024-07-24 13:00:00,1.17248213723457,0.86796827942698,0,3.23
2024-07-24 14:00:00,1.47704872438835,1.06184412800609,0,4.38
2024-07-24 15:00:00,0.982078472412158,1.02560522047713,0,2.67
2024-07-24 16:00:00,0.371563556432483,0.950383877396757,0,1.45
2024-07-24 17:00:00,0.438254930931155,0.944837931157914,0,1.55
2024-07-24 18:00:00,0.667829372575655,0.958411970823678,0,1.95
2024-07-24 19:00:00,0.751416088683921,1.31141863914359,0,2.12
2024-07-24 20:00:00,0.815364813284194,1.28139060732471,0,2.26
2024-07-24 21:00:00,0.940007258491471,1.43325190091803,0,2.56
2024-07-24 22:00:00,1.00795792039998,1.48998696851264,0,2.74
2024-07-24 23:00:00,0.985816794522765,1.64030215734576,0,2.68
2024-07-25,1.01884732019925,1.4839788170971,0,2.77
2024-07-25 01:00:00,1.00063188030791,1.49102975203202,0,2.72
2024-07-25 02:00:00,1.04731899428056,1.54608106875808,0,2.85
2024-07-25 03:00:00,1.04027671165515,1.42040454760605,0,2.83
2024-07-25 04:00:00,0.928219302739429,1.36421332124569,0,2.53
2024-07-25 05:00:00,1.09861228866811,1.36210716615115,0,3
2024-07-25 06:00:00,1.01523067972906,1.39238200048694,0,2.76
2024-07-25 07:00:00,1.13462272619114,1.7570362961077,0,3.11
2024-07-25 08:00:00,1.18784342239605,1.72683278697911,0,3.28
2024-07-25 09:00:00,1.13783300182139,1.59558754421866,0,3.12
2024-07-25 10:00:00,1.26694760348732,1.42210087695957,0,3.55
2024-07-25 11:00:00,0.854415328156068,1.28852428796681,0,2.35
2024-07-25 12:00:00,0.693147180559945,1.23597541597692,0,2
2024-07-25 13:00:00,0.615185639090233,1.20102107891734,0,1.85
2024-07-25 14:00:00,0.756121979721334,1.19433358738247,0,2.13
2024-07-25 15:00:00,0.896088024556636,1.24027754662189,0,2.45
2024-07-25 16:00:00,0.598836501088704,1.22844486035694,0,1.82
2024-07-25 17:00:00,0.732367893713227,1.21215422069705,0,2.08
2024-07-25 18:00:00,0.678033542749897,1.30756123734128,0,1.97
2024-07-25 19:00:00,0.824175442966349,1.38555635746682,0,2.28
2024-07-25 20:00:00,1.24126858906963,1.44435935528077,0,3.46
2024-07-25 21:00:00,1.24415459395877,1.53859721672785,0,3.47
2024-07-25 22:00:00,1.10856261952128,1.48417041475476,0,3.03
2024-07-25 23:00:00,1.19694818938897,1.54808006885085,0,3.31
2024-07-26,1.25276296849537,1.35376618335632,0,3.5
2024-07-26 01:00:00,1.21787570949493,1.3428131565577,0,3.38
2024-07-26 02:00:00,1.3297240096315,1.42434624030921,0,3.78
2024-07-26 03:00:00,1.46787434811231,1.35377455722516,0,4.34
2024-07-26 04:00:00,1.44456326924387,1.33860665016742,0,4.24
2024-07-26 05:00:00,1.46325540225602,1.31859943745114,0,4.32
2024-07-26 06:00:00,1.41827740697294,1.5552262578792,0,4.13
2024-07-26 07:00:00,2.60268968544438,1.76101102177315,0,13.5
2024-07-26 08:00:00,2.2512917986065,1.71004534817394,0,9.5
2024-07-26 09:00:00,2.14943391349987,1.55174665647826,0,8.58
2024-07-26 10:00:00,2.05540496385159,1.50740310684896,0,7.81
2024-07-26 11:00:00,1.41098697371026,1.44398135880555,0,4.1
2024-07-26 12:00:00,1.39871688111845,1.35672208667224,0,4.05
2024-07-26 13:00:00,1.74571553072665,1.40479117725746,0,5.73
2024-07-26 14:00:00,1.69744878975681,1.38128884395354,0,5.46
2024-07-26 15:00:00,0.837247524533702,1.33247325945895,0,2.31
2024-07-26 16:00:00,1.56024766824333,1.39899901941533,0,4.76
2024-07-26 17:00:00,1.55180879959746,1.33981112664478,0,4.72
2024-07-26 18:00:00,1.50629715351459,1.31382532930154,0,4.51
2024-07-26 19:00:00,1.46093790411566,1.41584886882758,0,4.31
2024-07-26 20:00:00,1.87793716546911,1.63452232959793,0,6.54
2024-07-26 21:00:00,2.16561923792089,1.72680245295042,0,8.72
2024-07-26 22:00:00,1.66770682055808,1.6163833684695,0,5.3
2024-07-26 23:00:00,1.44926916028128,1.65796691390728,0,4.26
2024-07-27,1.43983512804792,1.43055255028913,0,4.22
2024-07-27 01:00:00,1.4655675420144,1.49297507983443,0,4.33
2024-07-27 02:00:00,1.49738840862548,1.53203283954264,0,4.47
2024-07-27 03:00:00,1.54756250871601,1.47229532549718,0,4.7
2024-07-27 04:00:00,1.60341984010854,1.61765983065663,0,4.97
2024-07-27 05:00:00,1.67709656090792,1.6052395685502,0,5.35
2024-07-27 06:00:00,1.74745921033147,1.59670676705484,0,5.74
2024-07-27 07:00:00,2.42125662271154,1.77384620840013,0,11.26
2024-07-27 08:00:00,2.46300181439995,1.78704933616074,0,11.74
2024-07-27 09:00:00,2.6475922320651,1.74546380450865,0,14.12
2024-07-27 10:00:00,2.16791018966744,1.66096687643805,0,8.74
2024-07-27 11:00:00,1.77155676191054,1.57862706752362,0,5.88
2024-07-27 12:00:00,1.76473079684014,1.48464209423139,0,5.84
2024-07-27 13:00:00,1.46325540225602,1.4851708949986,0,4.32
2024-07-27 14:00:00,1.56024766824333,1.42023126018758,0,4.76
2024-07-27 15:00:00,1.64865862558738,1.45955273797535,0,5.2
2024-07-27 16:00:00,1.43746264769429,1.52248270447131,0,4.21
2024-07-27 17:00:00,1.20297230399235,1.38127059495421,0,3.33
2024-07-27 18:00:00,0.845868267577609,1.11569408308602,0,2.33
2024-07-27 19:00:00,0.936093359170335,1.38335173996911,0,2.55
2024-07-27 20:00:00,1.00795792039998,1.55770961569142,0,2.74
2024-07-27 21:00:00,1.23837423104327,1.7065995962674,0,3.45
2024-07-27 22:00:00,1.3244189574018,1.90258404132858,0,3.76
2024-07-27 23:00:00,1.54968790802833,1.96963347514288,0,4.71
2024-07-28,1.64480505627139,1.8465696349795,0,5.18
2024-07-28 01:00:00,2.24707238306379,1.83804848310998,0,9.46
2024-07-28 02:00:00,2.32042501112238,1.86827538363834,0,10.18
2024-07-28 03:00:00,2.29455292129678,1.82152957133454,0,9.92
2024-07-28 04:00:00,2.24070968927596,1.85085371576067,0,9.4
2024-07-28 05:00:00,2.36930872503695,1.78219765912165,0,10.69
2024-07-28 06:00:00,0.65232518603969,1.69088192698972,0,1.92
2024-07-28 07:00:00,0.765467842139571,1.64140164492146,0,2.15
2024-07-28 08:00:00,0.78845736036427,1.53528838408636,0,2.2
2024-07-28 09:00:00,0.797507195884188,1.29531078389855,0,2.22
2024-07-28 10:00:00,0.398776119957368,1.26068337137638,0,1.49
2024-07-28 11:00:00,0,1.10262649953073,0,1
2024-07-28 12:00:00,0.27002713721306,1.06728788044514,0,1.31
2024-07-28 13:00:00,0.506817602368452,0.986721706668872,0,1.66
2024-07-28 14:00:00,0.904218150639886,1.05605840226732,0,2.47
2024-07-28 15:00:00,0.85015092936961,0.966402109065667,0,2.34
2024-07-28 16:00:00,0.65232518603969,0.880868349844961,0,1.92
2024-07-28 17:00:00,0.598836501088704,0.916961221247865,0,1.82
2024-07-28 18:00:00,0.693147180559945,0.974416320717236,0,2
2024-07-28 19:00:00,0.828551817566148,1.29678346436772,0,2.29
2024-07-28 20:00:00,1.15688119679209,1.47152615244777,0,3.18
2024-07-28 21:00:00,1.35066718347674,1.6686144853862,0,3.86
2024-07-28 22:00:00,1.40609698841607,1.59037647531198,0,4.08
2024-07-28 23:00:00,1.30019166206648,1.50465711879272,0,3.67
2024-07-29,1.24990173621434,1.43250137551946,0,3.49
2024-07-29 01:00:00,1.20896034583698,1.38053112888182,0,3.35
2024-07-29 02:00:00,1.34807314829969,1.49796607694291,0,3.85
2024-07-29 03:00:00,1.19088756477728,1.46968364223935,0,3.29
2024-07-29 04:00:00,1.15688119679209,1.48427653112761,0,3.18
2024-07-29 05:00:00,1.16627093714192,1.54561366135855,0,3.21
2024-07-29 06:00:00,1.24415459395877,1.71573062750571,0,3.47
2024-07-29 07:00:00,1.23837423104327,1.81911909386505,0,3.45
2024-07-29 08:00:00,1.09192330051731,1.90632975601175,0,2.98
2024-07-29 09:00:00,1.54968790802833,1.6029091979854,0,4.71
2024-07-29 10:00:00,1.14103300455206,1.47475537333886,0,3.13
2024-07-29 11:00:00,0.841567185678219,1.21852597081383,0,2.32
2024-07-29 12:00:00,0.693147180559945,1.14335444713429,0,2
2024-07-29 13:00:00,0.482426149244293,1.16647962400003,0,1.62
2024-07-29 14:00:00,0.512823626428664,1.16614639288291,0,1.67
2024-07-29 15:00:00,0.398776119957368,1.1613015866127,0,1.49
2024-07-29 16:00:00,0.27002713721306,1.11473450712173,0,1.31
2024-07-29 17:00:00,0.576613364303994,1.14407501790541,0,1.78
2024-07-29 18:00:00,0.412109650826833,1.20703750775292,0,1.51
2024-07-29 19:00:00,0.717839793150317,1.28493125702962,0,2.05
2024-07-29 20:00:00,0.806475865866949,1.42182476558958,0,2.24
2024-07-29 21:00:00,1.46787434811231,1.60047288207155,0,4.34
2024-07-29 22:00:00,0.815364813284194,1.46239135332912,0,2.26
2024-07-29 23:00:00,0.708035793053696,1.50420868254373,0,2.03
2024-07-30,0.476234178996372,1.31948353741661,0,1.61
2024-07-30 01:00:00,0.385262400790645,1.34444867964185,0,1.47
2024-07-30 02:00:00,0.598836501088704,1.32633801590191,0,1.82
2024-07-30 03:00:00,0.53062825106217,1.28509957477225,0,1.7
2024-07-30 04:00:00,0.482426149244293,1.28081003490849,0,1.62
2024-07-30 05:00:00,0.576613364303994,1.32810340488497,0,1.78
2024-07-30 06:00:00,0.598836501088704,1.41914119414907,0,1.82
2024-07-30 07:00:00,0.936093359170335,1.84678599712017,0,2.55
2024-07-30 08:00:00,1.38128181929635,1.64044425914757,0,3.98
2024-07-30 09:00:00,1.28370777234479,1.71760085513221,0,3.61
2024-07-30 10:00:00,1.02245092770255,1.62078251991921,0,2.78
2024-07-30 11:00:00,0.779324876800998,1.45493049725561,0,2.18
2024-07-30 12:00:00,0.845868267577609,1.47331640507113,0,2.33
2024-07-30 13:00:00,0.978326122793608,1.38755463164472,0,2.66
2024-07-30 14:00:00,1.07158361628019,1.4549451590129,0,2.92
2024-07-30 15:00:00,1.09861228866811,1.37987908791206,0,3
2024-07-30 16:00:00,1.01884732019925,1.45567519995589,0,2.77
2024-07-30 17:00:00,0.951657875711446,1.40281808587225,0,2.59
2024-07-30 18:00:00,0.947789398933526,1.35436645209201,0,2.58
2024-07-30 19:00:00,1.07158361628019,1.426030765517,0,2.92
2024-07-30 20:00:00,1.24415459395877,1.54813157636428,0,3.47
2024-07-30 21:00:00,1.38629436111989,1.651240755913,0,4
2024-07-30 22:00:00,1.3244189574018,1.63009662843393,0,3.76
2024-07-30 23:00:00,1.36353737399727,1.64902973875787,0,3.91
2024-07-31,1.39871688111845,1.55205727838482,0,4.05
2024-07-31 01:00:00,1.3787660946991,1.58745664564253,0,3.97
2024-07-31 02:00:00,1.43031124653666,1.58893626683134,0,4.18
2024-07-31 03:00:00,1.44691898293633,1.57357374495596,0,4.25
2024-07-31 04:00:00,1.69377906086785,1.57008932650965,0,5.44
2024-07-31 05:00:00,1.6467336971778,1.58840090368087,0,5.19
2024-07-31 06:00:00,1.56234630490025,1.49133436851064,0,4.77
2024-07-31 07:00:00,1.86562931779451,1.80763599217494,0,6.46
2024-07-31 08:00:00,2.06051353179432,1.65672362104581,0,7.85
2024-07-31 09:00:00,2.42657107277504,1.68608885806152,0,11.32
2024-07-31 10:00:00,2.52572864430826,1.61218783315835,0,12.5
2024-07-31 11:00:00,2.09556092355972,1.68820003070369,0,8.13
2024-07-31 12:00:00,1.9154509415706,1.56835563058108,0,6.79
2024-07-31 13:00:00,1.70474809223843,1.54037324022402,0,5.5
2024-07-31 14:00:00,1.64093657949347,1.53782320265001,0,5.16
2024-07-31 15:00:00,1.57277392806251,1.59014660540053,0,4.82
2024-07-31 16:00:00,1.61541998411165,1.60324857008191,0,5.03
2024-07-31 17:00:00,1.68268837417369,1.61174347597817,0,5.38
2024-07-31 18:00:00,2.02287119019144,1.55461487939625,0,7.56
2024-07-31 19:00:00,1.73518911773966,1.44361171338885,0,5.67
2024-07-31 20:00:00,1.74571553072665,1.68744051484882,0,5.73
2024-07-31 21:00:00,1.77495235091167,1.78363802670683,0,5.9
2024-07-31 22:00:00,1.87793716546911,1.71144043888673,0,6.54
2024-07-31 23:00:00,1.62727783056243,1.709239608073,0,5.09
2024-08-01,2.11745960886736,1.74637992153432,0,8.31
2024-08-01 01:00:00,2.02022218201986,1.54069004441006,0,7.54
2024-08-01 02:00:00,1.8196988379173,1.77875742034759,0,6.17
2024-08-01 03:00:00,2.18041745901984,1.77615165084889,0,8.85
2024-08-01 04:00:00,2.40243042796376,1.72519720701479,0,11.05
2024-08-01 05:00:00,2.19722457733622,1.82465519982897,0,9
2024-08-01 06:00:00,2.16676536985151,1.85253311578138,0,8.73
2024-08-01 07:00:00,2.10535292346434,1.88830033497187,0,8.21
2024-08-01 08:00:00,2.0515563381903,1.93820837065647,0,7.78
2024-08-01 09:00:00,2.18829594659192,1.82890541300459,0,8.92
2024-08-01 10:00:00,2.02022218201986,1.86250225717932,0,7.54
2024-08-01 11:00:00,1.90508815453506,1.59730124320229,0,6.72
2024-08-01 12:00:00,1.87333945622048,1.48413758609481,0,6.51
2024-08-01 13:00:00,1.76985463384001,1.43053543007518,0,5.87
2024-08-01 14:00:00,2.08318452795867,1.40220236539746,0,8.03
2024-08-01 15:00:00,1.90508815453506,1.44367207182742,0,6.72
2024-08-01 16:00:00,1.71559810826249,1.42701432469269,0,5.56
2024-08-01 17:00:00,1.73871024813824,1.47895384728493,0,5.69
2024-08-01 18:00:00,1.66203036255327,1.58083081836305,0,5.27
2024-08-01 19:00:00,1.79674701073909,1.6733199844702,0,6.03
2024-08-01 20:00:00,1.77833644889591,1.26796544102702,0,5.92
2024-08-01 21:00:00,1.87640694328834,1.6430019811943,0,6.53
2024-08-01 22:00:00,1.87946504964716,1.828815563316,0,6.55
2024-08-01 23:00:00,1.84054963339749,1.88643987172277,0,6.3
2024-08-02,1.66959183525385,1.77647543878214,0,5.31
2024-08-02 01:00:00,1.7561322915849,1.70641511680321,0,5.79
2024-08-02 02:00:00,1.79674701073909,1.82606708429347,0,6.03
2024-08-02 03:00:00,1.93441576962958,1.80726542251876,0,6.92
2024-08-02 04:00:00,2.09309786812732,1.8069193721883,0,8.11
2024-08-02 05:00:00,2.05027016437956,1.88084721659014,0,7.77
2024-08-02 06:00:00,2.14710019015365,1.85919970376854,0,8.56
2024-08-02 07:00:00,2.71667952780026,1.78988450589744,0,15.13
2024-08-02 08:00:00,2.71866038021423,1.7258057650831,0,15.16
2024-08-02 09:00:00,2.36273901581379,1.66397593138411,0,10.62
2024-08-02 10:00:00,2.15059873599616,1.4686446482071,0,8.59
2024-08-02 11:00:00,1.7561322915849,1.41721680474968,0,5.79
2024-08-02 12:00:00,1.21491274436427,1.23080984439797,0,3.37
2024-08-02 13:00:00,0.0582689081239758,0.928992180736683,0,1.06
2024-08-02 14:00:00,1.04731899428056,0.651753197180125,0,2.85
2024-08-02 15:00:00,1.19694818938897,0.795552143795127,0,3.31
2024-08-02 16:00:00,1.03318448334565,0.891789676440664,0,2.81
2024-08-02 17:00:00,1.72988406550997,1.0417743861511,0,5.64
2024-08-02 18:00:00,1.74745921033147,1.21536140536746,0,5.74
2024-08-02 19:00:00,1.76985463384001,1.35553089939328,0,5.87
2024-08-02 20:00:00,1.87333945622048,1.44339124664057,0,6.51
2024-08-02 21:00:00,2.34851402488245,1.51691513004769,0,10.47
2024-08-02 22:00:00,1.8961194845523,1.54768076931543,0,6.66
2024-08-02 23:00:00,1.93007108502557,1.51452814367753,0,6.89
2024-08-03,2.002830439308,1.41657859285927,0,7.41
2024-08-03 01:00:00,2.2170272046324,1.39867354520975,0,9.18
2024-08-03 02:00:00,2.49568172295596,1.49541069560092,0,12.13
2024-08-03 03:00:00,2.14476100780048,1.46084814003997,0,8.54
2024-08-03 04:00:00,2.12584791449399,1.5595755744677,0,8.38
2024-08-03 05:00:00,2.28442112236637,1.60095749001085,0,9.82
2024-08-03 06:00:00,2.35991015961332,1.64149304826629,0,10.59
2024-08-03 07:00:00,2.35707327827812,1.74210437642836,0,10.56
2024-08-03 08:00:00,2.42125662271154,1.68727287340531,0,11.26
2024-08-03 09:00:00,2.40514168131914,1.67881042083878,0,11.08
2024-08-03 10:00:00,2.17361471169709,1.54489075106174,0,8.79
2024-08-03 11:00:00,1.96711235670592,1.43177504393644,0,7.15
2024-08-03 12:00:00,1.83418018511201,1.37509672803164,0,6.26
2024-08-03 13:00:00,2.03077636969855,1.37595405130706,0,7.62
2024-08-03 14:00:00,2.12704052047911,1.34347541892335,0,8.39
2024-08-03 15:00:00,2.09433015417359,1.39270552453036,0,8.12
2024-08-03 16:00:00,2.07944154167984,1.35587539920477,0,8
2024-08-03 17:00:00,1.92424865227413,1.23696733507407,0,6.85
2024-08-03 18:00:00,1.90805992492422,1.19169038442993,0,6.74
2024-08-03 19:00:00,1.79674701073909,1.35924785132415,0,6.03
2024-08-03 20:00:00,1.79674701073909,1.55211544940044,0,6.03
2024-08-03 21:00:00,1.87640694328834,1.64300494446276,0,6.53
2024-08-03 22:00:00,1.84371920815877,1.64341131520369,0,6.32
2024-08-03 23:00:00,1.83736998048011,1.66274539060776,0,6.28
2024-08-04,1.8213182714696,1.43833087200136,0,6.18
2024-08-04 01:00:00,1.85785927093258,1.52988716989256,0,6.41
2024-08-04 02:00:00,2.2554934854602,1.55003743883796,0,9.54
2024-08-04 03:00:00,2.2364452904895,1.6141987939187,0,9.36
2024-08-04 04:00:00,2.70068984669592,1.63577817897609,0,14.89
2024-08-04 05:00:00,2.58851563240702,1.62249558439191,0,13.31
2024-08-04 06:00:00,2.05284085988266,1.70133945295728,0,7.79
2024-08-04 07:00:00,1.27256559579155,1.81748452841687,0,3.57
2024-08-04 08:00:00,0.978326122793608,1.75286303317432,0,2.66
2024-08-04 09:00:00,1.08180517035173,1.61461630838403,0,2.95
2024-08-04 10:00:00,1.34547236659964,1.54517820270449,0,3.84
2024-08-04 11:00:00,1.7561322915849,1.48005526635167,0,5.79
2024-08-04 12:00:00,1.93152141160321,1.34116628597738,0,6.9
2024-08-04 13:00:00,1.31640823365572,1.18803121323339,0,3.73
2024-08-04 14:00:00,1.03673688495002,1.15028709833933,0,2.82
2024-08-04 15:00:00,1.06125650212434,1.19720315698391,0,2.89
2024-08-04 16:00:00,0.963174317773006,1.18784608485256,0,2.62
2024-08-04 17:00:00,1.36609165380237,1.15962954338006,0,3.92
2024-08-04 18:00:00,1.30562645805244,1.37382476591805,0,3.69
2024-08-04 19:00:00,1.34286480319255,1.42968000335566,0,3.83
2024-08-04 20:00:00,0.989541193613748,1.42426838832374,0,2.69
2024-08-04 21:00:00,1.09861228866811,1.68685713058983,0,3
2024-08-04 22:00:00,1.11514159061932,1.66209508017557,0,3.05
2024-08-04 23:00:00,1.13462272619114,1.75209973373808,0,3.11
2024-08-05,2.53051716104005,1.61512039532411,0,12.56
2024-08-05 01:00:00,1.26412672714568,1.54673841992186,0,3.54
2024-08-05 02:00:00,1.66959183525385,1.60092148670373,0,5.31
2024-08-05 03:00:00,1.54543258245819,1.63057753673791,0,4.69
2024-08-05 04:00:00,1.61938824328727,1.63415507970399,0,5.05
2024-08-05 05:00:00,1.66013102674962,1.69075749245663,0,5.26
2024-08-05 06:00:00,1.77833644889591,1.74336997098512,0,5.92
2024-08-05 07:00:00,1.68082790852077,1.77568250706141,0,5.37
2024-08-05 08:00:00,1.58923520511658,1.71098211454403,0,4.9
2024-08-05 09:00:00,1.41827740697294,1.45937749531632,0,4.13
2024-08-05 10:00:00,1.43508452528932,1.44321650018616,0,4.2
2024-08-05 11:00:00,1.37371557891303,1.23289973957249,0,3.95
2024-08-05 12:00:00,1.04027671165515,1.18721258844033,0,2.83
2024-08-05 13:00:00,1.24990173621434,1.03539761613,0,3.49
2024-08-05 14:00:00,0.867100487683383,1.16250762503787,0,2.38
2024-08-05 15:00:00,0.883767540168595,1.17466167828825,0,2.42
2024-08-05 16:00:00,0.741937344729377,1.0920523496395,0,2.1
2024-08-05 17:00:00,0.708035793053696,1.07172816018916,0,2.03
2024-08-05 18:00:00,0.625938430866495,1.14933056756547,0,1.87
2024-08-05 19:00:00,0.912282710476616,1.34022856437577,0,2.49
2024-08-05 20:00:00,1.3609765531356,1.43234338066259,0,3.9
2024-08-05 21:00:00,1.16627093714192,1.58362802899657,0,3.21
2024-08-05 22:00:00,0.947789398933526,1.50673699424662,0,2.58
2024-08-05 23:00:00,1.01523067972906,1.38943465742076,0,2.76
2024-08-06,0.871293365943419,1.36438578154331,0,2.39
2024-08-06 01:00:00,0.943905898907128,1.291573583075,0,2.57
2024-08-06 02:00:00,0.824175442966349,1.3438939053242,0,2.28
2024-08-06 03:00:00,0.770108221696074,1.426756731591,0,2.16
2024-08-06 04:00:00,0.845868267577609,1.43410814059382,0,2.33
2024-08-06 05:00:00,0.854415328156068,1.37113157765631,0,2.35
2024-08-06 06:00:00,0.932164081030445,1.6033957631728,0,2.54
2024-08-06 07:00:00,1.50629715351459,1.74548372941504,0,4.51
2024-08-06 08:00:00,1.73518911773966,1.69623980899328,0,5.67
2024-08-06 09:00:00,1.58719230348678,1.64463108939511,0,4.89
2024-08-06 10:00:00,1.3787660946991,1.57222141112877,0,3.97
2024-08-06 11:00:00,1.15057202759882,1.32987543523796,0,3.16
2024-08-06 12:00:00,1.08180517035173,1.25466822014136,0,2.95
2024-08-06 13:00:00,1.11514159061932,1.18897912877923,0,3.05
2024-08-06 14:00:00,0.970778917158225,1.26706728243046,0,2.64
2024-08-06 15:00:00,1.01523067972906,1.30456139782569,0,2.76
2024-08-06 16:00:00,0.959350221334602,1.29668814859887,0,2.61
2024-08-06 17:00:00,1.06125650212434,1.27324572297581,0,2.89
2024-08-06 18:00:00,0.978326122793608,1.23349623232943,0,2.66
2024-08-06 19:00:00,1.1999647829284,1.32856888076205,0,3.32
2024-08-06 20:00:00,1.21194097397511,1.47369709059056,0,3.36
2024-08-06 21:00:00,1.48839958405704,1.64894834500057,0,4.43
2024-08-06 22:00:00,1.53255686809814,1.70169912169493,0,4.63
2024-08-06 23:00:00,1.53686721959926,1.78774171449062,0,4.65
2024-08-07,1.57897870494939,1.67264203998435,0,4.85
2024-08-07 01:00:00,1.54329810992956,1.45258730222056,0,4.68
2024-08-07 02:00:00,1.39376637595859,1.47578882384575,0,4.03
2024-08-07 03:00:00,1.25276296849537,1.37596568374789,0,3.5
2024-08-07 04:00:00,1.30291275218084,1.44239036052816,0,3.68
2024-08-07 05:00:00,1.4747630091075,1.43988392610009,0,4.37
2024-08-07 06:00:00,1.37371557891303,1.53040665119659,0,3.95
2024-08-07 07:00:00,1.7281094421516,1.83613280451114,0,5.63
2024-08-07 08:00:00,2.26799364822443,1.8383958845641,0,9.66
2024-08-07 09:00:00,2.55489902160804,1.61292528203606,0,12.87
2024-08-07 10:00:00,2.13888900032326,1.61568640632939,0,8.49
2024-08-07 11:00:00,1.82776990675109,1.54188677910324,0,6.22
2024-08-07 12:00:00,1.50629715351459,1.53879418135999,0,4.51
2024-08-07 13:00:00,1.33762918913861,1.52780706458632,0,3.81
2024-08-07 14:00:00,3.05447276857659,1.48470320561981,0,21.21
2024-08-07 15:00:00,1.7404661748405,1.4144344020351,0,5.7
2024-08-07 16:00:00,1.55180879959746,1.45094015055689,0,4.72
2024-08-07 17:00:00,1.67896397508271,1.38852284041303,0,5.36
2024-08-07 18:00:00,1.41342302850814,1.29924545219532,0,4.11
2024-08-07 19:00:00,1.71199450075919,1.63533620212953,0,5.54
2024-08-07 20:00:00,1.76814960358892,1.71456357643442,0,5.86
2024-08-07 21:00:00,1.99877363861238,1.81296995178609,0,7.38
2024-08-07 22:00:00,2.18829594659192,1.82302774426762,0,8.92
2024-08-07 23:00:00,1.83098018238134,1.81615884117998,0,6.24
2024-08-08,1.78170913337455,1.67715698787524,0,5.94
2024-08-08 01:00:00,1.7732559976635,1.686498930438,0,5.89
2024-08-08 02:00:00,1.84687876844913,1.73625805182973,0,6.34
2024-08-08 03:00:00,1.88251383249652,1.68319643350526,0,6.57
2024-08-08 04:00:00,2.05284085988266,1.75434338013028,0,7.79
2024-08-08 05:00:00,1.97408102602201,1.62802280686676,0,7.2
2024-08-08 06:00:00,2.20386912005489,1.67287109745198,0,9.06
2024-08-08 07:00:00,2.07944154167984,1.83286628131886,0,8
2024-08-08 08:00:00,2.00821403239147,1.8894275008879,0,7.45
2024-08-08 09:00:00,2.00417905717929,1.85488393948057,0,7.42
2024-08-08 10:00:00,2.07317192866624,1.6973642836964,0,7.95
2024-08-08 11:00:00,1.98787434815435,1.42081487526783,0,7.3
2024-08-08 12:00:00,1.46093790411566,1.45026870077896,0,4.31
2024-08-08 13:00:00,1.30833281965018,1.56499455922711,0,3.7
2024-08-08 14:00:00,1.70474809223843,1.59025421155339,0,5.5
2024-08-08 15:00:00,1.77833644889591,1.53271121806806,0,5.92
2024-08-08 16:00:00,1.7509374747078,1.50575148890342,0,5.76
2024-08-08 17:00:00,1.65822807660353,1.48736622245805,0,5.25
2024-08-08 18:00:00,1.6467336971778,1.32184775013787,0,5.19
2024-08-08 19:00:00,1.55603713570699,1.32412801777293,0,4.74
2024-08-08 20:00:00,1.54756250871601,1.55297863517549,0,4.7
2024-08-08 21:00:00,2.72785282839839,1.70219779220844,0,15.3
2024-08-08 22:00:00,2.87412945179474,1.61655682180443,0,17.71
2024-08-08 23:00:00,1.63899671467564,1.6626395245134,0,5.15
2024-08-09,1.76473079684014,1.61888089548404,0,5.84
2024-08-09 01:00:00,1.66013102674962,1.69978255633245,0,5.26
2024-08-09 02:00:00,1.7732559976635,1.69642835168093,0,5.89
2024-08-09 03:00:00,1.70656462316482,1.70140643765184,0,5.51
2024-08-09 04:00:00,1.52388002407245,1.63030084971483,0,4.59
2024-08-09 05:00:00,1.49514876603197,1.64208984022989,0,4.46
2024-08-09 06:00:00,1.7263316639056,1.61697428183394,0,5.62
2024-08-09 07:00:00,1.9643112344262,1.89813817353501,0,7.13
2024-08-09 08:00:00,2.1701959049483,1.91122982448115,0,8.76
2024-08-09 09:00:00,2.01623546577604,1.72748558585832,0,7.51
2024-08-09 10:00:00,1.8961194845523,1.63276121820424,0,6.66
2024-08-09 11:00:00,1.35066718347674,1.4466757184368,0,3.86
2024-08-09 12:00:00,1.10856261952128,1.41693131454546,0,3.03
2024-08-09 13:00:00,1.04380405217311,1.31609126833888,0,2.84
2024-08-09 14:00:00,0.916290731874155,1.34292966390683,0,2.5
2024-08-09 15:00:00,0.947789398933526,1.44171691511435,0,2.58
2024-08-09 16:00:00,1.11514159061932,1.33445373056259,0,3.05
2024-08-09 17:00:00,1.14103300455206,1.37910602706678,0,3.13
2024-08-09 18:00:00,1.17557332980424,1.35352335957042,0,3.24
2024-08-09 19:00:00,1.07158361628019,1.47705344502562,0,2.92
2024-08-09 20:00:00,1.27256559579155,1.69462514829948,0,3.57
2024-08-09 21:00:00,1.45395300959371,1.79012792148311,0,4.28
2024-08-09 22:00:00,1.42551507427317,1.77502338674105,0,4.16
2024-08-09 23:00:00,1.18784342239605,1.86302845840658,0,3.28
2024-08-10,1.50629715351459,1.79260237283426,0,4.51
2024-08-10 01:00:00,1.51292701205326,1.8533830482511,0,4.54
2024-08-10 02:00:00,1.05431202977153,1.77898033916201,0,2.87
2024-08-10 03:00:00,1.11514159061932,1.79569799847256,0,3.05
2024-08-10 04:00:00,0.904218150639886,1.81690575855766,0,2.47
2024-08-10 05:00:00,0.940007258491471,1.79790005483422,0,2.56
2024-08-10 06:00:00,1.02245092770255,1.7985490178652,0,2.78
2024-08-10 07:00:00,1.04027671165515,1.82743714460955,0,2.83
2024-08-10 08:00:00,0.896088024556636,1.89879984903133,0,2.45
2024-08-10 09:00:00,0.883767540168595,1.72877839194458,0,2.42
2024-08-10 10:00:00,0.896088024556636,1.67719254961046,0,2.45
2024-08-10 11:00:00,0.824175442966349,1.59601452196085,0,2.28
2024-08-10 12:00:00,0.636576829071551,1.52309274686076,0,1.89
2024-08-10 13:00:00,0.524728528934982,1.45565851739996,0,1.69
2024-08-10 14:00:00,0.667829372575655,1.42128100185844,0,1.95
2024-08-10 15:00:00,0.570979546585738,1.38569295704896,0,1.77
2024-08-10 16:00:00,0.678033542749897,1.40033880522727,0,1.97
2024-08-10 17:00:00,0.615185639090233,1.45355623934895,0,1.85
2024-08-10 18:00:00,0.959350221334602,1.41869749488831,0,2.61
2024-08-10 19:00:00,1.35840915763035,1.65912578622809,0,3.89
2024-08-10 20:00:00,1.63119940421561,1.78387823120956,0,5.11
2024-08-10 21:00:00,1.65632149833295,1.91032881636369,0,5.24
2024-08-10 22:00:00,1.37118072330984,1.81841534814046,0,3.94
2024-08-10 23:00:00,1.26412672714568,1.75147069558827,0,3.54
2024-08-11,1.28370777234479,1.72117911825143,0,3.61
2024-08-11 01:00:00,1.12492959698548,1.63104601430141,0,3.08
2024-08-11 02:00:00,1.12492959698548,1.6526788148043,0,3.08
2024-08-11 03:00:00,1.10856261952128,1.63897055496516,0,3.03
2024-08-11 04:00:00,1.17557332980424,1.68833940387864,0,3.24
2024-08-11 05:00:00,1.14103300455206,1.6727469566891,0,3.13
2024-08-11 06:00:00,1.15688119679209,1.78255890292508,0,3.18
2024-08-11 07:00:00,1.08856195281461,1.88988024667596,0,2.97
2024-08-11 08:00:00,1.46325540225602,1.99898651292605,0,4.32
2024-08-11 09:00:00,1.43746264769429,1.94344658171425,0,4.21
2024-08-11 10:00:00,1.62531126159039,1.8264150163282,0,5.08
2024-08-11 11:00:00,1.46325540225602,1.70290446075435,0,4.32
2024-08-11 12:00:00,1.86408013080768,1.57865806308694,0,6.45
2024-08-11 13:00:00,1.39871688111845,1.47689938427306,0,4.05
2024-08-11 14:00:00,1.33236601909433,1.45090863426452,0,3.79
2024-08-11 15:00:00,1.3244189574018,1.54411864650426,0,3.76
2024-08-11 16:00:00,1.33236601909433,1.36278038247741,0,3.79
2024-08-11 17:00:00,1.24126858906963,1.27154164658679,0,3.46
2024-08-11 18:00:00,1.36609165380237,1.11167146502905,0,3.92
2024-08-11 19:00:00,1.45161382724053,1.26508875434884,0,4.27
2024-08-11 20:00:00,1.4655675420144,1.39403829835127,0,4.33
2024-08-11 21:00:00,1.54329810992956,1.81833762397496,0,4.68
2024-08-11 22:00:00,1.67335123817775,1.90145121609403,0,5.33
2024-08-11 23:00:00,1.79175946922805,1.91155627669789,0,6
2024-08-12,1.51292701205326,1.71084799658177,0,4.54
2024-08-12 01:00:00,1.26976054486394,1.59218882873039,0,3.56
2024-08-12 02:00:00,1.06471073699243,1.60425723834936,0,2.9
2024-08-12 03:00:00,1.01523067972906,1.57356999136784,0,2.76
2024-08-12 04:00:00,1.12492959698548,1.7023738387379,0,3.08
2024-08-12 05:00:00,1.13462272619114,1.64392947776817,0,3.11
2024-08-12 06:00:00,1.08856195281461,1.73467206965064,0,2.97
2024-08-12 07:00:00,1.67896397508271,1.91449325752524,0,5.36
2024-08-12 08:00:00,2.05027016437956,1.85765135061542,0,7.77
2024-08-12 09:00:00,1.65057985576528,1.80352106574502,0,5.21
2024-08-12 10:00:00,1.67896397508271,1.7685885758199,0,5.36
2024-08-12 11:00:00,1.6467336971778,1.77422941648534,0,5.19
2024-08-12 12:00:00,1.47247205736094,1.65417528702946,0,4.36
2024-08-12 13:00:00,1.23256026117785,1.54343305413341,0,3.43
2024-08-12 14:00:00,1.3609765531356,1.55501870657801,0,3.9
2024-08-12 15:00:00,1.46325540225602,1.49774872940376,0,4.32
2024-08-12 16:00:00,1.25561603747777,1.59811662394078,0,3.51
2024-08-12 17:00:00,1.21787570949493,1.60992986186709,0,3.38
2024-08-12 18:00:00,1.34807314829969,1.53555289701715,0,3.85
2024-08-12 19:00:00,1.51951320490611,1.65545626686908,0,4.57
2024-08-12 20:00:00,1.7561322915849,1.77204776317767,0,5.79
2024-08-12 21:00:00,1.97962120639763,1.9327871591908,0,7.24
2024-08-12 22:00:00,1.69744878975681,1.78567326231773,0,5.46
2024-08-12 23:00:00,1.53686721959926,1.84940204292204,0,4.65
2024-08-13,1.46787434811231,1.64262217775676,0,4.34
2024-08-13 01:00:00,1.36609165380237,1.7140791868054,0,3.92
2024-08-13 02:00:00,1.54968790802833,1.76084676754758,0,4.71
2024-08-13 03:00:00,1.48387468945875,1.66449079247651,0,4.41
2024-08-13 04:00:00,1.74396880539171,1.83234480955579,0,5.72
2024-08-13 05:00:00,1.76814960358892,1.79285921592304,0,5.86
2024-08-13 06:00:00,1.78339121955754,1.70335892765706,0,5.95
2024-08-13 07:00:00,1.81319474994812,1.93191585178884,0,6.13
2024-08-13 08:00:00,3.03591406318682,1.94345288084953,0,20.82
2024-08-13 09:00:00,2.40061883326541,1.93576337810155,0,11.03
2024-08-13 10:00:00,1.88706964903238,1.9500707510612,0,6.6
2024-08-13 11:00:00,1.79175946922805,1.835923772418,0,6
2024-08-13 12:00:00,1.78674692740451,1.7610735447989,0,5.97
2024-08-13 13:00:00,1.67896397508271,1.66834641821663,0,5.36
2024-08-13 14:00:00,1.34025042261848,1.67541622194895,0,3.82
2024-08-13 15:00:00,1.36609165380237,1.60844548601255,0,3.92
2024-08-13 16:00:00,1.26129787094521,1.65771028018787,0,3.53
2024-08-13 17:00:00,1.43031124653666,1.57480662111328,0,4.18
2024-08-13 18:00:00,1.48387468945875,1.69052172636989,0,4.41
2024-08-13 19:00:00,1.63510565918268,1.78231739317357,0,5.13
2024-08-13 20:00:00,1.77155676191054,1.85235803981241,0,5.88
2024-08-13 21:00:00,1.84371920815877,1.9189071410009,0,6.32
2024-08-13 22:00:00,1.68639895357023,1.90249332324561,0,5.4
2024-08-13 23:00:00,1.51072193949494,1.80906184065006,0,4.53
2024-08-14,1.57277392806251,1.59365334545761,0,4.82
2024-08-14 01:00:00,1.51072193949494,1.80500738427639,0,4.53
2024-08-14 02:00:00,1.45628673293993,1.7529721504251,0,4.29
2024-08-14 03:00:00,1.57277392806251,1.7246512604,0,4.82
2024-08-14 04:00:00,1.58719230348678,1.72848585248078,0,4.89
2024-08-14 05:00:00,1.64093657949347,1.75429988561401,0,5.16
2024-08-14 06:00:00,1.85941811770187,1.8927362402423,0,6.42
2024-08-14 07:00:00,2.1701959049483,1.9830126365914,0,8.76
2024-08-14 08:00:00,2.02154756326093,1.80076435818513,0,7.55
2024-08-14 09:00:00,1.81807677754543,1.86467853654739,0,6.16
2024-08-14 10:00:00,1.66013102674962,1.82072875538083,0,5.26
2024-08-14 11:00:00,1.61938824328727,1.70546731776838,0,5.05
2024-08-14 12:00:00,1.6094379124341,1.69233793514995,0,5
2024-08-14 13:00:00,1.89461685466776,1.72856766065334,0,6.65
2024-08-14 14:00:00,2.11142458753289,1.54217468084504,0,8.26
2024-08-14 15:00:00,1.65632149833295,1.54041636763574,0,5.24
2024-08-14 16:00:00,1.64093657949347,1.56347736235083,0,5.16
2024-08-14 17:00:00,1.62531126159039,1.57269841817752,0,5.08
2024-08-14 18:00:00,1.68082790852077,1.72566148985276,0,5.37
2024-08-14 19:00:00,1.93441576962958,1.76600964644248,0,6.92
2024-08-14 20:00:00,2.08567209143047,1.77659746185814,0,8.05
2024-08-14 21:00:00,1.85941811770187,1.8579249693389,0,6.42
2024-08-14 22:00:00,1.85159946958407,1.84473929200158,0,6.37
2024-08-14 23:00:00,1.76130026174335,1.88484052210112,0,5.82
2024-08-15,1.8099267731835,1.74326947621871,0,6.11
2024-08-15 01:00:00,1.80005827204275,1.76543528339169,0,6.05
2024-08-15 02:00:00,1.87333945622048,1.8217691466385,0,6.51
2024-08-15 03:00:00,2.1540850846756,1.83709541129739,0,8.62
2024-08-15 04:00:00,2.11625551480255,1.83930690003373,0,8.3
2024-08-15 05:00:00,1.97823903617067,1.91288304737082,0,7.23
2024-08-15 06:00:00,1.96711235670592,1.9712232539242,0,7.15
2024-08-15 07:00:00,2.1938856760707,1.98802285942774,0,8.97
2024-08-15 08:00:00,2.08318452795867,2.01651807070756,0,8.03
2024-08-15 09:00:00,1.65057985576528,1.9436366740415,0,5.21
2024-08-15 10:00:00,1.49290409617815,1.96223622631017,0,4.45
2024-08-15 11:00:00,1.42551507427317,1.81273268890266,0,4.16
2024-08-15 12:00:00,1.60341984010854,1.57626829564023,0,4.97
2024-08-15 13:00:00,1.57897870494939,1.3382985434837,0,4.85
2024-08-15 14:00:00,1.06125650212434,1.74410068126002,0,2.89
2024-08-15 15:00:00,1.14422279992016,1.7951788512967,0,3.14
2024-08-15 16:00:00,1.35840915763035,1.72913974584422,0,3.89
2024-08-15 17:00:00,1.35066718347674,1.70870426132098,0,3.86
2024-08-15 18:00:00,1.50185270175416,1.78365485365198,0,4.49
2024-08-15 19:00:00,1.66959183525385,1.86253371032221,0,5.31
2024-08-15 20:00:00,1.89009536994892,1.96194382083821,0,6.62
2024-08-15 21:00:00,1.7509374747078,2.0251094864171,0,5.76
2024-08-15 22:00:00,1.65632149833295,2.00208038742583,0,5.24
2024-08-15 23:00:00,1.66581824587021,1.96876330607796,0,5.29
2024-08-16,1.74221902366792,1.89861492126849,0,5.71
2024-08-16 01:00:00,1.77833644889591,1.8341080471217,0,5.92
2024-08-16 02:00:00,1.73871024813824,1.91954490255977,0,5.69
2024-08-16 03:00:00,1.75440368268429,1.75556226927559,0,5.78
2024-08-16 04:00:00,1.58719230348678,1.75440728749063,0,4.89
2024-08-16 05:00:00,1.71018781553424,1.81242363834911,0,5.53
2024-08-16 06:00:00,1.76130026174335,1.84120528360471,0,5.82
2024-08-16 07:00:00,1.78339121955754,1.98838877472867,0,5.95
2024-08-16 08:00:00,1.94591014905531,2.11459682498118,0,7
2024-08-16 09:00:00,1.95018670582257,2.05091658467675,0,7.03
2024-08-16 10:00:00,2.00955541421567,1.9825737133087,0,7.46
2024-08-16 11:00:00,1.49738840862548,1.69413798241506,0,4.47
2024-08-16 12:00:00,1.08856195281461,1.66767401223978,0,2.97
2024-08-16 13:00:00,1.16315080980568,1.58174571812469,0,3.2
2024-08-16 14:00:00,1.05431202977153,1.60124102920365,0,2.87
2024-08-16 15:00:00,1.07158361628019,1.67413502615689,0,2.92
2024-08-16 16:00:00,1.11514159061932,1.55719155940363,0,3.05
2024-08-16 17:00:00,1.20297230399235,1.73469067410717,0,3.33
2024-08-16 18:00:00,1.39871688111845,1.68373307314888,0,4.05
2024-08-16 19:00:00,1.83258146374831,1.76804941442562,0,6.25
2024-08-16 20:00:00,1.60341984010854,1.78479129668343,0,4.97
2024-08-16 21:00:00,1.58719230348678,1.90080071172893,0,4.89
2024-08-16 22:00:00,1.57897870494939,1.82918447835902,0,4.85
2024-08-16 23:00:00,1.60341984010854,1.88121954366015,0,4.97
2024-08-17,1.73342389221509,1.8243533481306,0,5.66
2024-08-17 01:00:00,1.51072193949494,1.79258101405126,0,4.53
2024-08-17 02:00:00,1.6752256529721,1.80325471381562,0,5.34
2024-08-17 03:00:00,1.48387468945875,1.76222572293838,0,4.41
2024-08-17 04:00:00,1.60341984010854,1.88224483143429,0,4.97
2024-08-17 05:00:00,1.44926916028128,1.77205158087495,0,4.26
2024-08-17 06:00:00,1.43746264769429,1.83804110052574,0,4.21
2024-08-17 07:00:00,1.87333945622048,1.9637351656674,0,6.51
2024-08-17 08:00:00,1.74396880539171,1.99832558976088,0,5.72
2024-08-17 09:00:00,1.76985463384001,2.0595141530385,0,5.87
2024-08-17 10:00:00,1.26412672714568,1.76424919947838,0,3.54
2024-08-17 11:00:00,1.16315080980568,1.61530650075821,0,3.2
2024-08-17 12:00:00,1.01523067972906,1.37642207848442,0,2.76
2024-08-17 13:00:00,0.970778917158225,1.35873121220676,0,2.64
2024-08-17 14:00:00,0.928219302739429,1.6046455191435,0,2.53
2024-08-17 15:00:00,0.920282753143692,1.62366425729886,0,2.51
2024-08-17 16:00:00,0.867100487683383,1.62544128986094,0,2.38
2024-08-17 17:00:00,0.970778917158225,1.54647250462545,0,2.64
2024-08-17 18:00:00,1.04380405217311,1.5761652719642,0,2.84
2024-08-17 19:00:00,1.09861228866811,1.65774902169055,0,3
2024-08-17 20:00:00,1.24990173621434,1.75876900905391,0,3.49
2024-08-17 21:00:00,1.05082162483176,1.87219706599532,0,2.86
2024-08-17 22:00:00,1.28370777234479,1.90883008237191,0,3.61
2024-08-17 23:00:00,1.59736533119983,1.94935646535583,0,4.94
2024-08-18,1.54329810992956,1.86151651653227,0,4.68
2024-08-18 01:00:00,1.76644166124377,1.87886126395898,0,5.85
2024-08-18 02:00:00,1.82776990675109,1.89462280944172,0,6.22
2024-08-18 03:00:00,1.83418018511201,1.83700652214458,0,6.26
2024-08-18 04:00:00,1.83258146374831,1.89526937290682,0,6.25
2024-08-18 05:00:00,1.92570744173779,1.83773247446547,0,6.86
2024-08-18 06:00:00,1.95444505150515,1.84393177429537,0,7.06
2024-08-18 07:00:00,2.08318452795867,1.97772140706821,0,8.03
2024-08-18 08:00:00,2.1938856760707,1.96793449234668,0,8.97
2024-08-18 09:00:00,2.10900034392138,1.90261782006547,0,8.24
2024-08-18 10:00:00,1.880990602956,1.83519576174181,0,6.56
2024-08-18 11:00:00,1.82454929205105,1.7134335932374,0,6.2
2024-08-18 12:00:00,1.66392609771817,1.56495404150875,0,5.28
2024-08-18 13:00:00,1.52388002407245,1.46064746602198,0,4.59
2024-08-18 14:00:00,1.53471436623816,1.63960123347439,0,4.64
2024-08-18 15:00:00,1.73518911773966,1.33315536337391,0,5.67
2024-08-18 16:00:00,1.7263316639056,1.36066036323368,0,5.62
2024-08-18 17:00:00,1.34025042261848,1.38911335834052,0,3.82
2024-08-18 18:00:00,1.24990173621434,1.56040104289006,0,3.49
2024-08-18 19:00:00,1.57691472072854,1.70005169486193,0,4.84
2024-08-18 20:00:00,1.84371920815877,1.78805282116327,0,6.32
2024-08-18 21:00:00,1.95302761682418,1.93114325243482,0,7.05
2024-08-18 22:00:00,2.06939120582633,1.92775634055256,0,7.92
2024-08-18 23:00:00,2.1540850846756,2.03482284842092,0,8.62
2024-08-19,1.34547236659964,1.81050231533856,0,3.84
2024-08-19 01:00:00,0.609765571620894,1.68934738996903,0,1.84
2024-08-19 02:00:00,0.770108221696074,1.8597333438528,0,2.16
2024-08-19 03:00:00,0.157003748809665,1.6758417086863,0,1.17
2024-08-19 04:00:00,-0.150822889734584,1.27097174153006,0,0.86
2024-08-19 05:00:00,0.756121979721334,1.4141210564348,0,2.13
2024-08-19 06:00:00,1.20297230399235,1.30962912161154,0,3.33
2024-08-19 07:00:00,1.14422279992016,1.5047268247109,0,3.14
2024-08-19 08:00:00,1.30833281965018,1.4064580511537,0,3.7
2024-08-19 09:00:00,0.970778917158225,1.26211372272112,0,2.64
2024-08-19 10:00:00,0.989541193613748,1.37448854550763,0,2.69
2024-08-19 11:00:00,1.21194097397511,1.21423886133066,0,3.36
2024-08-19 12:00:00,1.23547147138531,1.17400811100451,0,3.44
2024-08-19 13:00:00,1.30019166206648,1.07943305342447,0,3.67
2024-08-19 14:00:00,1.21194097397511,1.0880107881064,0,3.36
2024-08-19 15:00:00,1.1999647829284,1.19953470462118,0,3.32
2024-08-19 16:00:00,1.05779029414785,1.26898152729833,0,2.88
2024-08-19 17:00:00,1.08180517035173,1.24791164365086,0,2.95
2024-08-19 18:00:00,1.17865499634165,1.24571215414524,0,3.25
2024-08-19 19:00:00,1.29746314741327,1.36051481358727,0,3.66
2024-08-19 20:00:00,1.51072193949494,1.66353424652531,0,4.53
2024-08-19 21:00:00,1.49290409617815,1.77615506102601,0,4.45
2024-08-19 22:00:00,1.49290409617815,1.78207026663096,0,4.45
2024-08-19 23:00:00,1.37118072330984,1.77956179544588,0,3.94
2024-08-20,1.36609165380237,1.69738608569405,0,3.92
2024-08-20 01:00:00,1.43746264769429,1.64423098426202,0,4.21
2024-08-20 02:00:00,1.53255686809814,1.62533017438844,0,4.63
2024-08-20 03:00:00,1.55180879959746,1.71005518013645,0,4.72
2024-08-20 04:00:00,1.52388002407245,1.74517138748261,0,4.59
2024-08-20 05:00:00,1.52388002407245,1.65505732826377,0,4.59
2024-08-20 06:00:00,1.54329810992956,1.82508917312709,0,4.68
2024-08-20 07:00:00,1.82776990675109,1.92794427574181,0,6.22
2024-08-20 08:00:00,1.87793716546911,1.91817790038678,0,6.54
2024-08-20 09:00:00,2.43097830776244,1.74873004205353,0,11.37
2024-08-20 10:00:00,2.33505228313155,1.76285127782672,0,10.33
2024-08-20 11:00:00,1.83736998048011,1.6591312442327,0,6.28
2024-08-20 12:00:00,1.6094379124341,1.61800738264756,0,5
2024-08-20 13:00:00,1.32707500145992,1.59331474900029,0,3.77
2024-08-20 14:00:00,1.26976054486394,1.4807163701991,0,3.56
2024-08-20 15:00:00,1.05779029414785,1.55297497639986,0,2.88
2024-08-20 16:00:00,1.12167756159911,1.43768035600035,0,3.07
2024-08-20 17:00:00,1.03673688495002,1.38652309843174,0,2.82
2024-08-20 18:00:00,1.13783300182139,1.46171012914771,0,3.12
2024-08-20 19:00:00,1.34547236659964,1.6390799463967,0,3.84
2024-08-20 20:00:00,1.48613969608961,1.73805092321773,0,4.42
2024-08-20 21:00:00,1.52169899812609,1.88406673669576,0,4.58
2024-08-20 22:00:00,1.6094379124341,1.87354564803538,0,5
2024-08-20 23:00:00,1.57277392806251,1.95679328823124,0,4.82
2024-08-21,1.63899671467564,1.82315911430455,0,5.15
2024-08-21 01:00:00,1.78339121955754,1.85945808867042,0,5.95
2024-08-21 02:00:00,1.96711235670592,1.89883552515888,0,7.15
2024-08-21 03:00:00,1.91250108692418,1.87620466334436,0,6.77
2024-08-21 04:00:00,1.94161522477243,1.83885415154929,0,6.97
2024-08-21 05:00:00,1.94161522477243,1.81609430055683,0,6.97
2024-08-21 06:00:00,1.86097453824953,1.79377686717983,0,6.43
2024-08-21 07:00:00,1.95868534054404,1.91290168359484,0,7.09
2024-08-21 08:00:00,2.05796251000271,1.75788673824809,0,7.83
2024-08-21 09:00:00,1.74396880539171,1.47625549447302,0,5.72
2024-08-21 10:00:00,1.61938824328727,1.37300570870668,0,5.05
2024-08-21 11:00:00,1.61938824328727,1.2717216540863,0,5.05
2024-08-21 12:00:00,1.62924053973028,1.17605186111307,0,5.1
2024-08-21 13:00:00,1.35325450704169,1.11731283783585,0,3.87
2024-08-21 14:00:00,1.14740245283754,0.881579980993852,0,3.15
2024-08-21 15:00:00,0.966983846189673,0.935054052778233,0,2.63
2024-08-21 16:00:00,0.751416088683921,0.81993468899962,0,2.12
2024-08-21 17:00:00,0.871293365943419,0.903977084414078,0,2.39
2024-08-21 18:00:00,0.883767540168595,1.18870970747095,0,2.42
2024-08-21 19:00:00,1.19088756477728,1.41223315144734,0,3.29
2024-08-21 20:00:00,1.68268837417369,1.4804518100868,0,5.38
2024-08-21 21:00:00,1.59330853050422,1.62006030938803,0,4.92
2024-08-21 22:00:00,1.14103300455206,1.50762085047579,0,3.13
2024-08-21 23:00:00,1.0681530811834,1.53923546738636,0,2.91
2024-08-22,1.16627093714192,1.43320814447338,0,3.21
2024-08-22 01:00:00,1.31908561142644,1.49043305573723,0,3.74
2024-08-22 02:00:00,1.34025042261848,1.4721425717147,0,3.82
2024-08-22 03:00:00,1.36609165380237,1.57578623185594,0,3.92
2024-08-22 04:00:00,1.34025042261848,1.62651610162348,0,3.82
2024-08-22 05:00:00,1.31372366828506,1.63262678048769,0,3.72
2024-08-22 06:00:00,1.44926916028128,1.59820904508018,0,4.26
2024-08-22 07:00:00,1.50407739677627,1.74479278017832,0,4.5
2024-08-22 08:00:00,1.73342389221509,1.78133252247152,0,5.66
2024-08-22 09:00:00,1.96711235670592,1.65883415633649,0,7.15
2024-08-22 10:00:00,1.64093657949347,1.70244271801417,0,5.16
2024-08-22 11:00:00,1.43031124653666,1.34081737773851,0,4.18
2024-08-22 12:00:00,1.27536280041261,1.21731979624842,0,3.58
2024-08-22 13:00:00,1.16315080980568,1.18542194071857,0,3.2
2024-08-22 14:00:00,1.11514159061932,1.14656372182241,0,3.05
2024-08-22 15:00:00,1.05779029414785,1.0476391512481,0,2.88
2024-08-22 16:00:00,1.24415459395877,1.13268154297794,0,3.47
2024-08-22 17:00:00,0.955511445027436,1.26947078446682,0,2.6
2024-08-22 18:00:00,0.828551817566148,1.32085554170086,0,2.29
2024-08-22 19:00:00,1.2947271675944,1.47029618928417,0,3.65
2024-08-22 20:00:00,1.73695123273306,1.50357483888494,0,5.68
2024-08-22 21:00:00,1.51072193949494,1.64887300550656,0,4.53
2024-08-22 22:00:00,1.46093790411566,1.60337414465908,0,4.31
2024-08-22 23:00:00,1.40118297361364,1.70929198025885,0,4.06
2024-08-23,1.36609165380237,1.64968822692232,0,3.92
2024-08-23 01:00:00,1.28093384546206,1.61340327561484,0,3.6
2024-08-23 02:00:00,1.64480505627139,1.55481417919427,0,5.18
2024-08-23 03:00:00,1.90954250488444,1.52373475615521,0,6.75
2024-08-23 04:00:00,1.58719230348678,1.57325927861162,0,4.89
2024-08-23 05:00:00,1.34807314829969,1.60932186312788,0,3.85
2024-08-23 06:00:00,1.35840915763035,1.59896290648583,0,3.89
2024-08-23 07:00:00,2.00417905717929,1.74148367384178,0,7.42
2024-08-23 08:00:00,2.41233595695316,1.80214809712161,0,11.16
2024-08-23 09:00:00,2.45958884180371,1.68578404589351,0,11.7
2024-08-23 10:00:00,1.93007108502557,1.66373455053944,0,6.89
2024-08-23 11:00:00,1.65822807660353,1.55127385694049,0,5.25
2024-08-23 12:00:00,1.7732559976635,1.61614395141342,0,5.89
2024-08-23 13:00:00,1.71918877639322,1.43371375528472,0,5.58
2024-08-23 14:00:00,1.76473079684014,1.32873130272573,0,5.84
2024-08-23 15:00:00,2.33988087773774,1.35056129224673,0,10.38
2024-08-23 16:00:00,2.63547950826737,1.34605656145344,0,13.95
2024-08-23 17:00:00,2.59972232421658,1.43121828210605,0,13.46
2024-08-23 18:00:00,2.6447553507299,1.4594803272977,0,14.08
2024-08-23 19:00:00,2.38600670113312,1.68392568298381,0,10.87
2024-08-23 20:00:00,2.52892353520477,1.64251153706718,0,12.54
2024-08-23 21:00:00,2.46979301197795,1.75994989000643,0,11.82
2024-08-23 22:00:00,2.31550131826059,1.76865585944015,0,10.13
2024-08-23 23:00:00,2.25863320546486,1.7028834371771,0,9.57
2024-08-24,2.2628042229822,1.62115666526436,0,9.61
2024-08-24 01:00:00,2.21375387928743,1.66735639021304,0,9.15
2024-08-24 02:00:00,2.35137525716348,1.72566201298554,0,10.5
2024-08-24 03:00:00,2.15755932094379,1.61309151335612,0,8.65
2024-08-24 04:00:00,1.99333884262642,1.731469431396,0,7.34
2024-08-24 05:00:00,2.08815348228186,1.72271101641444,0,8.07
2024-08-24 06:00:00,1.97962120639763,1.72467493870919,0,7.24
2024-08-24 07:00:00,1.80828877117927,1.82837393034016,0,6.1
2024-08-24 08:00:00,2.17361471169709,2.05484858559492,0,8.79
2024-08-24 09:00:00,2.1540850846756,1.89613093070639,0,8.62
2024-08-24 10:00:00,2.46470394247048,1.85682931346455,0,11.76
2024-08-24 11:00:00,2.47232786758114,1.83606867718217,0,11.85
2024-08-24 12:00:00,2.09186406167839,1.76104262948055,0,8.1
2024-08-24 13:00:00,2.01356879752913,1.56031233450386,0,7.49
2024-08-24 14:00:00,2.03992078351755,1.42218813391176,0,7.69
2024-08-24 15:00:00,1.82937633279936,1.55120633764677,0,6.23
2024-08-24 16:00:00,1.92424865227413,1.44750110233419,0,6.85
2024-08-24 17:00:00,1.96711235670592,1.53445330543428,0,7.15
2024-08-24 18:00:00,1.99877363861238,1.43942568188187,0,7.38
2024-08-24 19:00:00,2.37211115564266,1.75266744068983,0,10.72
2024-08-24 20:00:00,2.22570404865809,1.81824060626611,0,9.26
2024-08-24 21:00:00,2.33020026002702,1.96628644804452,0,10.28
2024-08-24 22:00:00,2.43973493114128,1.96902497758278,0,11.47
2024-08-24 23:00:00,2.58851563240702,1.90281701085579,0,13.31
2024-08-25,2.49568172295596,1.80083824268922,0,12.13
2024-08-25 01:00:00,2.42745407503992,1.69810355110304,0,11.33
2024-08-25 02:00:00,2.3664984187377,1.72606085663896,0,10.66
2024-08-25 03:00:00,2.37583555473364,1.70313354221314,0,10.76
2024-08-25 04:00:00,2.41233595695316,1.71455235180332,0,11.16
2024-08-25 05:00:00,2.45702144629846,1.79390644733567,0,11.67
2024-08-25 06:00:00,2.51608226725645,1.92551823467902,0,12.38
2024-08-25 07:00:00,2.70270259477561,1.99058635314602,0,14.92
2024-08-25 08:00:00,2.57642175862377,1.96068834837609,0,13.15
2024-08-25 09:00:00,1.95018670582257,1.95289286577696,0,7.03
2024-08-25 10:00:00,1.41827740697294,1.33170732572393,0,4.13
2024-08-25 11:00:00,0.912282710476616,1.13223879450947,0,2.49
2024-08-25 12:00:00,0.963174317773006,1.16994531693788,0,2.62
2024-08-25 13:00:00,1.03318448334565,1.2171490040303,0,2.81
2024-08-25 14:00:00,0.993251773010283,1.34160994451551,0,2.7
2024-08-25 15:00:00,1.08856195281461,1.35012239998412,0,2.97
2024-08-25 16:00:00,1.27536280041261,1.39985992598845,0,3.58
2024-08-25 17:00:00,1.33236601909433,1.52624786901667,0,3.79
2024-08-25 18:00:00,1.23547147138531,1.61420338600366,0,3.44
2024-08-25 19:00:00,1.28923264827676,1.69540253888662,0,3.63
2024-08-25 20:00:00,1.43983512804792,1.64000628129707,0,4.22
2024-08-25 21:00:00,1.43746264769429,1.74116840593668,0,4.21
2024-08-25 22:00:00,1.46325540225602,1.7763226797829,0,4.32
2024-08-25 23:00:00,1.29746314741327,1.88396741928929,0,3.66
2024-08-26,1.08856195281461,1.73758040716341,0,2.97
2024-08-26 01:00:00,1.06471073699243,1.78141735102948,0,2.9
2024-08-26 02:00:00,1.09861228866811,1.74314754310617,0,3
2024-08-26 03:00:00,1.12492959698548,1.76383747533581,0,3.08
2024-08-26 04:00:00,1.23547147138531,1.73431342623714,0,3.44
2024-08-26 05:00:00,1.25561603747777,1.81784017279625,0,3.51
2024-08-26 06:00:00,1.32175583998232,1.78645319378167,0,3.75
2024-08-26 07:00:00,1.41827740697294,1.82027107119006,0,4.13
2024-08-26 08:00:00,2.23323501485925,1.99501069245051,0,9.33
2024-08-26 09:00:00,1.82616089594539,1.85210849060643,0,6.21
2024-08-26 10:00:00,1.26694760348732,1.71392754204794,0,3.55
2024-08-26 11:00:00,0.99694863489161,1.51470051161988,0,2.71
2024-08-26 12:00:00,1.00063188030791,1.46026666773011,0,2.72
2024-08-26 13:00:00,1.03318448334565,1.4943550038754,0,2.81
2024-08-26 14:00:00,1.09861228866811,1.44544425225342,0,3
2024-08-26 15:00:00,1.14422279992016,1.44386237041381,0,3.14
2024-08-26 16:00:00,1.06471073699243,1.34758944754223,0,2.9
2024-08-26 17:00:00,1.09861228866811,1.52291045415438,0,3
2024-08-26 18:00:00,1.12492959698548,1.3673803397332,0,3.08
2024-08-26 19:00:00,1.18784342239605,1.34165636649389,0,3.28
2024-08-26 20:00:00,1.60341984010854,1.68360269986212,0,4.97
2024-08-26 21:00:00,1.50407739677627,1.83258108804581,0,4.5
2024-08-26 22:00:00,1.18784342239605,1.70853492214486,0,3.28
2024-08-26 23:00:00,1.19694818938897,1.82619219634363,0,3.31
2024-08-27,1.21194097397511,1.63783153092584,0,3.36
2024-08-27 01:00:00,1.30562645805244,1.66990813895601,0,3.69
2024-08-27 02:00:00,1.39871688111845,1.72726255811385,0,4.05
2024-08-27 03:00:00,1.23547147138531,1.71319238083635,0,3.44
2024-08-27 04:00:00,1.18172719537862,1.5771679550768,0,3.26
2024-08-27 05:00:00,1.19694818938897,1.65539117388882,0,3.31
2024-08-27 06:00:00,1.32175583998232,1.74282602006502,0,3.75
2024-08-27 07:00:00,1.34547236659964,1.87370236077192,0,3.84
2024-08-27 08:00:00,2.17247640764703,1.95944306409469,0,8.78
2024-08-27 09:00:00,1.98924327376169,1.94639192046614,0,7.31
2024-08-27 10:00:00,1.53686721959926,1.70525748414471,0,4.65
2024-08-27 11:00:00,1.4747630091075,1.71140513352229,0,4.37
2024-08-27 12:00:00,1.49738840862548,1.60252004213804,0,4.47
2024-08-27 13:00:00,1.97129938306013,1.49851281873633,0,7.18
2024-08-27 14:00:00,2.42921774392741,1.59079566206401,0,11.35
2024-08-27 15:00:00,1.43031124653666,1.69153600377449,0,4.18
2024-08-27 16:00:00,1.43031124653666,1.58112871256294,0,4.18
2024-08-27 17:00:00,1.37371557891303,1.56813635424135,0,3.95
2024-08-27 18:00:00,1.41827740697294,1.50852689780835,0,4.13
2024-08-27 19:00:00,1.53255686809814,1.33834528905304,0,4.63
2024-08-27 20:00:00,1.63899671467564,1.64317308977129,0,5.15
2024-08-27 21:00:00,1.6094379124341,1.95704817217164,0,5
2024-08-27 22:00:00,1.69561560867515,1.9233515515661,0,5.45
2024-08-27 23:00:00,1.70474809223843,1.99627831346468,0,5.5
2024-08-28,1.74919985480926,1.85127356352194,0,5.75
2024-08-28 01:00:00,1.77495235091167,1.81549224786634,0,5.9
2024-08-28 02:00:00,1.80828877117927,1.8498774385112,0,6.1
2024-08-28 03:00:00,1.81319474994812,1.76744729183997,0,6.13
2024-08-28 04:00:00,1.87180217690159,1.73439799552435,0,6.5
2024-08-28 05:00:00,1.9387416595767,1.70553648794884,0,6.95
2024-08-28 06:00:00,1.97823903617067,1.890742503498,0,7.23
2024-08-28 07:00:00,2.06939120582633,1.99953290580861,0,7.92
2024-08-28 08:00:00,2.05540496385159,2.07221447605674,0,7.81
2024-08-28 09:00:00,2.20276475771183,1.91592456738474,0,9.05
2024-08-28 10:00:00,2.08567209143047,1.88693699195264,0,8.05
2024-08-28 11:00:00,3.11750733047991,1.83294780554178,0,22.59
2024-08-28 12:00:00,2.46979301197795,1.80703967400749,0,11.82
2024-08-28 13:00:00,2.10778601468898,1.76869811643246,0,8.23
2024-08-28 14:00:00,2.05668455455722,1.68936206152389,0,7.82
2024-08-28 15:00:00,2.14124194258528,1.52014041231907,0,8.51
2024-08-28 16:00:00,2.08567209143047,1.59544019144153,0,8.05
2024-08-28 17:00:00,2.13298230860787,1.66627859502218,0,8.44
2024-08-28 18:00:00,2.1770218700187,1.82004580273684,0,8.82
2024-08-28 19:00:00,2.33795223683134,1.93336076315669,0,10.36
2024-08-28 20:00:00,2.45272775142377,2.08082523220729,0,11.62
2024-08-28 21:00:00,2.52812576890798,2.21889202416397,0,12.53
2024-08-28 22:00:00,2.58926666511224,2.22153149054446,0,13.32
2024-08-28 23:00:00,2.56955412384829,2.24227438678844,0,13.06
2024-08-29,2.57031952763613,2.13754513616989,0,13.07
2024-08-29 01:00:00,2.53844741671603,2.11755769957361,0,12.66
2024-08-29 02:00:00,2.52572864430826,1.91553837504177,0,12.5
2024-08-29 03:00:00,2.52172062291072,1.96223782953471,0,12.45
2024-08-29 04:00:00,2.53290284805626,1.86051576770684,0,12.59
2024-08-29 05:00:00,2.44495233428097,1.96305771211523,0,11.53
2024-08-29 06:00:00,2.72850620966959,2.02850307036333,0,15.31
2024-08-29 07:00:00,3.07869379426834,2.15288665449816,0,21.73
2024-08-29 08:00:00,2.5922651681085,2.2814602085343,0,13.36
2024-08-29 09:00:00,2.63905732961526,2.2442994283949,0,14
2024-08-29 10:00:00,2.76757618041624,2.26622830567427,0,15.92
2024-08-29 11:00:00,2.55722731136763,2.12527776512962,0,12.9
2024-08-29 12:00:00,2.37397508908072,2.05214918552846,0,10.74
2024-08-29 13:00:00,1.98513086220859,2.00775744296919,0,7.28
2024-08-29 14:00:00,2.14710019015365,1.8718064779333,0,8.56
2024-08-29 15:00:00,1.98513086220859,1.86833853455366,0,7.28
2024-08-29 16:00:00,1.93441576962958,1.76274483680136,0,6.92
2024-08-29 17:00:00,1.99197551589856,1.80305592718264,0,7.33
2024-08-29 18:00:00,1.95018670582257,1.74118620798949,0,7.03
2024-08-29 19:00:00,2.02022218201986,1.87479855087774,0,7.54
2024-08-29 20:00:00,2.32532457996354,1.98234310318852,0,10.23
2024-08-29 21:00:00,2.27418561847235,1.99043582720725,0,9.72
2024-08-29 22:00:00,2.22028985026722,1.98621060099464,0,9.21
2024-08-29 23:00:00,2.278292400425,2.033384191155,0,9.76
2024-08-30,2.27624111765444,1.8709337097075,0,9.74
2024-08-30 01:00:00,2.30558060197384,1.88662033207222,0,10.03
2024-08-30 02:00:00,2.31944221006047,1.97361494153104,0,10.17
2024-08-30 03:00:00,2.36743606531366,2.00710374758882,0,10.67
2024-08-30 04:00:00,2.39516427428714,1.93117007146559,0,10.97
2024-08-30 05:00:00,2.38416507998647,1.96569538824213,0,10.85
2024-08-30 06:00:00,2.43624147780672,2.0368117905321,0,11.43
2024-08-30 07:00:00,2.36837283353205,2.035821436868,0,10.68
2024-08-30 08:00:00,2.484906649788,2.27542972338362,0,12
2024-08-30 09:00:00,2.75238601492226,2.08352696570712,0,15.68
2024-08-30 10:00:00,2.74148497718845,2.14281479350182,0,15.51
2024-08-30 11:00:00,2.51122395810537,2.16486927212048,0,12.32
2024-08-30 12:00:00,2.45616418092235,2.02337754743788,0,11.66
2024-08-30 13:00:00,2.27212588550934,1.87065373424733,0,9.7
2024-08-30 14:00:00,2.15524450509534,1.77452902012284,0,8.63
2024-08-30 15:00:00,2.05668455455722,1.71070642028588,0,7.82
2024-08-30 16:00:00,2.08318452795867,1.65003481436088,0,8.03
2024-08-30 17:00:00,2.08815348228186,1.61967445321347,0,8.07
2024-08-30 18:00:00,2.18267479632149,1.68808591010614,0,8.87
2024-08-30 19:00:00,2.25654115449264,1.777490588466,0,9.55
2024-08-30 20:00:00,2.4932054526027,2.01141222985229,0,12.1
2024-08-30 21:00:00,2.50225528812261,2.11146472824775,0,12.21
2024-08-30 22:00:00,2.46979301197795,2.20045712311869,0,11.82
2024-08-30 23:00:00,2.35517754311322,2.24850161995596,0,10.54
2024-08-31,2.2082744135228,1.98928879380318,0,9.1
2024-08-31 01:00:00,2.15640258281596,1.99451319963829,0,8.64
2024-08-31 02:00:00,2.10169215061466,1.88935845591768,0,8.18
2024-08-31 03:00:00,2.1770218700187,1.95218717840772,0,8.82
2024-08-31 04:00:00,2.40784560365154,1.89581746732476,0,11.11
2024-08-31 05:00:00,2.53449014997683,1.81744005091348,0,12.61
2024-08-31 06:00:00,2.59001713419062,1.66040447695162,0,13.33
2024-08-31 07:00:00,2.10169215061466,1.57992340897374,0,8.18
2024-08-31 08:00:00,1.63510565918268,1.75186333999289,0,5.13
2024-08-31 09:00:00,1.73518911773966,1.8503494140388,0,5.67
2024-08-31 10:00:00,1.61541998411165,1.70825735898217,0,5.03
2024-08-31 11:00:00,1.65441127807683,1.60606548601698,0,5.23
2024-08-31 12:00:00,1.76130026174335,1.58373536296683,0,5.82
2024-08-31 13:00:00,1.77833644889591,1.54476220355861,0,5.92
2024-08-31 14:00:00,1.9154509415706,1.61409038208306,0,6.79
2024-08-31 15:00:00,1.99470031322475,1.54528240906887,0,7.35
2024-08-31 16:00:00,1.83418018511201,1.40157991230783,0,6.26
2024-08-31 17:00:00,1.81645208181843,1.38617787891309,0,6.15
2024-08-31 18:00:00,1.78339121955754,1.45418994328496,0,5.95
2024-08-31 19:00:00,1.76130026174335,1.34987087388822,0,5.82
2024-08-31 20:00:00,1.7561322915849,1.55802040773398,0,5.79
2024-08-31 21:00:00,1.95018670582257,1.80195474048018,0,7.03
2024-08-31 22:00:00,1.86717610851281,1.62108891215702,0,6.47
2024-08-31 23:00:00,1.97269117173296,1.90020350590518,0,7.19
2024-09-01,2.09309786812732,1.94231287576132,0,8.11
2024-09-01 01:00:00,2.07944154167984,2.03172450306842,0,8
2024-09-01 02:00:00,2.07944154167984,1.98222643910222,0,8
2024-09-01 03:00:00,2.11866225483312,1.9229563724907,0,8.32
2024-09-01 04:00:00,2.17928687664955,1.83841764827361,0,8.84
2024-09-01 05:00:00,2.10413415427021,1.95808858098723,0,8.2
2024-09-01 06:00:00,2.10900034392138,1.90885372787924,0,8.24
2024-09-01 07:00:00,2.13416644136908,1.9495670538854,0,8.45
2024-09-01 08:00:00,2.32042501112238,2.12105001934476,0,10.18
2024-09-01 09:00:00,2.30258509299405,2.04604836089522,0,10
2024-09-01 10:00:00,2.28645571106416,1.96018373496677,0,9.84
2024-09-01 11:00:00,2.13416644136908,1.86359752874628,0,8.45
2024-09-01 12:00:00,2.03731661537916,1.84773410950725,0,7.67
2024-09-01 13:00:00,1.92278773163446,1.73762356905713,0,6.84
2024-09-01 14:00:00,1.84054963339749,1.83433757028749,0,6.3
2024-09-01 15:00:00,2.01089499914473,1.78733581271451,0,7.47
2024-09-01 16:00:00,2.09433015417359,1.69971329785499,0,8.12
2024-09-01 17:00:00,1.94591014905531,1.57165205788261,0,7
2024-09-01 18:00:00,2.03339760317843,1.35109897482913,0,7.64
2024-09-01 19:00:00,2.39333945626251,1.48491252404175,0,10.95
2024-09-01 20:00:00,2.30258509299405,1.83436551782251,0,10
2024-09-01 21:00:00,2.41769790009455,1.92705977601152,0,11.22
2024-09-01 22:00:00,2.57413778351594,1.91867776851201,0,13.12
2024-09-01 23:00:00,2.63044895507866,2.03908019574334,0,13.88
2024-09-02,2.63691217326887,1.91398442714561,0,13.97
2024-09-02 01:00:00,2.62972823432674,1.83404413282773,0,13.87
2024-09-02 02:00:00,2.59749101053515,1.72253050394258,0,13.43
2024-09-02 03:00:00,2.58701187272515,1.81013367580714,0,13.29
2024-09-02 04:00:00,2.59897910604785,1.77810555910148,0,13.45
2024-09-02 05:00:00,2.57870052907436,1.96232793576337,0,13.18
2024-09-02 06:00:00,2.61447185414264,1.79048960252872,0,13.66
2024-09-02 07:00:00,2.64688376586472,2.07919298471651,0,14.11
2024-09-02 08:00:00,2.83438912314523,2.02018205433879,0,17.02
2024-09-02 09:00:00,2.74019465442878,2.09309781039198,0,15.49
2024-09-02 10:00:00,2.62828523263335,2.01603463963798,0,13.85
2024-09-02 11:00:00,2.53449014997683,1.8817252118263,0,12.61
2024-09-02 12:00:00,2.8320361808832,1.8900330137744,0,16.98
2024-09-02 13:00:00,2.44495233428097,1.80727879929189,0,11.53
2024-09-02 14:00:00,2.4748563139345,1.82119731077311,0,11.88
2024-09-02 15:00:00,2.50225528812261,1.73667459259971,0,12.21
2024-09-02 16:00:00,2.4932054526027,1.78346745848324,0,12.1
2024-09-02 17:00:00,2.46979301197795,1.65270516705026,0,11.82
2024-09-02 18:00:00,2.45100509811232,1.62639558865628,0,11.6
2024-09-02 19:00:00,2.58851563240702,1.80156029772969,0,13.31
2024-09-02 20:00:00,2.60712428251225,1.93941867956792,0,13.56
2024-09-02 21:00:00,2.6217658325052,1.95484935690083,0,13.76
2024-09-02 22:00:00,2.57642175862377,1.99506372429859,0,13.15
2024-09-02 23:00:00,2.60859812213055,1.97566002239347,0,13.58
2024-09-03,2.5922651681085,1.89903684566955,0,13.36
2024-09-03 01:00:00,2.61153930072137,1.94136950501794,0,13.62
2024-09-03 02:00:00,2.63116915676625,1.93084976463914,0,13.89
2024-09-03 03:00:00,2.66930937278578,1.88373335656639,0,14.43
2024-09-03 04:00:00,2.68444033546308,2.0032766515733,0,14.65
2024-09-03 05:00:00,2.67207754064339,1.96224945606777,0,14.47
2024-09-03 06:00:00,2.71800053195538,1.87577039375927,0,15.15
2024-09-03 07:00:00,2.63547950826737,2.12184358072237,0,13.95
2024-09-03 08:00:00,3.0842009215416,2.25854443835422,0,21.85
2024-09-03 09:00:00,3.11529150861163,2.14749353205395,0,22.54
2024-09-03 10:00:00,3.14931136148229,2.1677331705023,0,23.32
2024-09-03 11:00:00,2.81241021642645,1.98485121424391,0,16.65
2024-09-03 12:00:00,2.76506045581899,2.01158851390155,0,15.88
2024-09-03 13:00:00,2.66444656362008,1.90132070105207,0,14.36
2024-09-03 14:00:00,2.47232786758114,1.86445276607764,0,11.85
2024-09-03 15:00:00,2.35612585992208,1.73578006616005,0,10.55
2024-09-03 16:00:00,2.41769790009455,1.72049740144969,0,11.22
2024-09-03 17:00:00,2.46725171454928,1.84731241184323,0,11.79
2024-09-03 18:00:00,2.48906465993666,1.89875066410217,0,12.05
2024-09-03 19:00:00,2.69259809654329,1.82591499813127,0,14.77
2024-09-03 20:00:00,2.17133680638409,1.86498413777226,0,8.77
2024-09-03 21:00:00,1.99605993274078,1.85535117455559,0,7.36
2024-09-03 22:00:00,2.06051353179432,2.06059320732959,0,7.85
2024-09-03 23:00:00,2.1701959049483,2.12016727806053,0,8.76
2024-09-04,2.30258509299405,1.86574936304902,0,10
2024-09-04 01:00:00,2.29958058397375,1.8641193812274,0,9.97
2024-09-04 02:00:00,2.35612585992208,1.9148951433994,0,10.55
2024-09-04 03:00:00,2.43973493114128,1.90885851156585,0,11.47
2024-09-04 04:00:00,2.4932054526027,1.81406388190315,0,12.1
2024-09-04 05:00:00,2.51122395810537,1.89112411371208,0,12.32
2024-09-04 06:00:00,2.4748563139345,1.94803313205937,0,11.88
2024-09-04 07:00:00,2.53210825127229,2.0352603346849,0,12.58
2024-09-04 08:00:00,3.03831272108911,2.17524676614855,0,20.87
2024-09-04 09:00:00,2.90744735868642,2.16717618695976,0,18.31
2024-09-04 10:00:00,2.7127060126384,2.01867639243615,0,15.07
2024-09-04 11:00:00,2.50470927708418,1.94772856018866,0,12.24
2024-09-04 12:00:00,2.3887627892351,1.91311015142739,0,10.9
2024-09-04 13:00:00,2.25758772706331,1.76273595324304,0,9.56
2024-09-04 14:00:00,2.15176220325946,1.73917809443825,0,8.6
2024-09-04 15:00:00,2.20055236742889,1.57333568879584,0,9.03
2024-09-04 16:00:00,2.21920348405499,1.6230133358915,0,9.2
2024-09-04 17:00:00,2.23323501485925,1.58341386191091,0,9.33
2024-09-04 18:00:00,2.26384426467762,1.69188951579247,0,9.62
2024-09-04 19:00:00,2.50959926237837,1.81056796774716,0,12.3
2024-09-04 20:00:00,2.56725439113675,1.91162055962385,0,13.03
2024-09-04 21:00:00,2.38416507998647,1.90693643559925,0,10.85
2024-09-04 22:00:00,2.2512917986065,1.74927524935899,0,9.5
2024-09-04 23:00:00,2.28340227357727,1.85439283080311,0,9.81
2024-09-05,2.37769256548085,1.7682279604918,0,10.78
2024-09-05 01:00:00,2.3664984187377,1.84840515389332,0,10.66
2024-09-05 02:00:00,2.41143949790613,1.95840812225782,0,11.15
2024-09-05 03:00:00,2.50225528812261,1.96796762506974,0,12.21
2024-09-05 04:00:00,2.4748563139345,1.98989358120939,0,11.88
2024-09-05 05:00:00,2.51608226725645,1.96923027520086,0,12.38
2024-09-05 06:00:00,2.53051716104005,1.90953386568693,0,12.56
2024-09-05 07:00:00,2.57870052907436,2.06734369638864,0,13.18
2024-09-05 08:00:00,2.43449016387398,2.10535467306509,0,11.41
2024-09-05 09:00:00,2.43536620422786,1.89444827016571,0,11.42
2024-09-05 10:00:00,2.55877649835446,1.84545311463533,0,12.92
2024-09-05 11:00:00,2.53290284805626,1.67476713388319,0,12.59
2024-09-05 12:00:00,2.60933422816305,1.52653510052117,0,13.59
2024-09-05 13:00:00,2.57642175862377,1.36335778201027,0,13.15
2024-09-05 14:00:00,2.51850259921652,1.34077717469252,0,12.41
2024-09-05 15:00:00,2.42745407503992,1.34911427953913,0,11.33
2024-09-05 16:00:00,2.47232786758114,1.48323801337675,0,11.85
2024-09-05 17:00:00,2.40964416528745,1.29671564508003,0,11.13
2024-09-05 18:00:00,2.43097830776244,1.46710350781947,0,11.37
2024-09-05 19:00:00,2.46300181439995,1.54821759770466,0,11.74
2024-09-05 20:00:00,2.37769256548085,1.6693599175352,0,10.78
2024-09-05 21:00:00,2.35612585992208,1.63531797177418,0,10.55
2024-09-05 22:00:00,2.26384426467762,1.59270780661217,0,9.62
2024-09-05 23:00:00,2.21375387928743,1.73217634924488,0,9.15
2024-09-06,2.30258509299405,1.74225747182246,0,10
2024-09-06 01:00:00,2.37397508908072,1.73518706437515,0,10.74
2024-09-06 02:00:00,2.34564458245449,1.65028424303706,0,10.44
2024-09-06 03:00:00,2.38416507998647,1.60521618838776,0,10.85
2024-09-06 04:00:00,2.39789527279837,1.71217136986926,0,11
2024-09-06 05:00:00,2.40604380136228,1.89116852653705,0,11.09
2024-09-06 06:00:00,2.40243042796376,1.87569749005104,0,11.05
2024-09-06 07:00:00,2.53449014997683,1.95401496341674,0,12.61
2024-09-06 08:00:00,2.59076704048748,2.024521448195,0,13.34
2024-09-06 09:00:00,2.45787797740008,1.97539375291764,0,11.68
2024-09-06 10:00:00,2.35991015961332,1.78618043674204,0,10.59
2024-09-06 11:00:00,2.37954613413017,1.63293470121864,0,10.8
2024-09-06 12:00:00,2.50634193050807,1.41051811363174,0,12.26
2024-09-06 13:00:00,2.41412646772695,1.52627985123281,0,11.18
2024-09-06 14:00:00,2.33311429802887,1.53452056006149,0,10.31
2024-09-06 15:00:00,2.26592110862245,1.39856166140839,0,9.64
2024-09-06 16:00:00,2.32532457996354,1.49658766622171,0,10.23
2024-09-06 17:00:00,2.31550131826059,1.52108378515486,0,10.13
2024-09-06 18:00:00,2.39333945626251,1.60974248339497,0,10.95
2024-09-06 19:00:00,2.33505228313155,1.67753271544559,0,10.33
2024-09-06 20:00:00,2.43449016387398,1.74438642787248,0,11.41
2024-09-06 21:00:00,2.50225528812261,1.93480081018063,0,12.21
2024-09-06 22:00:00,2.48740352998659,1.92224288970689,0,12.03
2024-09-06 23:00:00,2.56263899832835,1.92878647823812,0,12.97
2024-09-07,2.56725439113675,1.92717900934835,0,13.03
2024-09-07 01:00:00,2.68170622576261,1.85396570223495,0,14.61
2024-09-07 02:00:00,2.60859812213055,1.86971530227926,0,13.58
2024-09-07 03:00:00,2.64119789411437,1.86443811417746,0,14.03
2024-09-07 04:00:00,2.63691217326887,1.88947801139578,0,13.97
2024-09-07 05:00:00,2.72785282839839,1.90800279682852,0,15.3
2024-09-07 06:00:00,2.70068984669592,1.84552491856307,0,14.89
2024-09-07 07:00:00,2.71667952780026,1.96967275888583,0,15.13
2024-09-07 08:00:00,2.89480635496403,2.13098425512589,0,18.08
2024-09-07 09:00:00,2.78006073707848,2.00689358157197,0,16.12
2024-09-07 10:00:00,2.52172062291072,1.7125935997608,0,12.45
2024-09-07 11:00:00,2.2364452904895,1.75323927069701,0,9.36
2024-09-07 12:00:00,2.14476100780048,1.55529423735833,0,8.54
2024-09-07 13:00:00,1.85002837735203,1.24774634288006,0,6.36
2024-09-07 14:00:00,2.05668455455722,1.41916944025668,0,7.82
2024-09-07 15:00:00,1.78339121955754,1.42308234862129,0,5.95
2024-09-07 16:00:00,1.30291275218084,1.39954108200502,0,3.68
2024-09-07 17:00:00,1.05431202977153,1.46657755681214,0,2.87
2024-09-07 18:00:00,1.24990173621434,1.64064369627781,0,3.49
2024-09-07 19:00:00,2.11986345617875,1.81306001263934,0,8.33
2024-09-07 20:00:00,2.31550131826059,1.90293893429906,0,10.13
2024-09-07 21:00:00,1.9154509415706,2.02107762545644,0,6.79
2024-09-07 22:00:00,1.70292825552144,2.05187357861205,0,5.49
2024-09-07 23:00:00,1.48160454092422,2.08608365819554,0,4.4
2024-09-08,1.55603713570699,1.97102813959953,0,4.74
2024-09-08 01:00:00,1.48160454092422,1.83042977614751,0,4.4
2024-09-08 02:00:00,1.68454538492091,1.87912162817018,0,5.39
2024-09-08 03:00:00,1.75958057086382,1.9467806944378,0,5.81
2024-09-08 04:00:00,2.02022218201986,1.95821091443233,0,7.54
2024-09-08 05:00:00,2.09433015417359,2.01204504642651,0,8.12
2024-09-08 06:00:00,2.09801792725277,1.9878273106893,0,8.15
2024-09-08 07:00:00,2.14476100780048,2.041539530238,0,8.54
2024-09-08 08:00:00,2.14710019015365,2.17518027395826,0,8.56
2024-09-08 09:00:00,2.07568449280212,1.99149878514027,0,7.97
2024-09-08 10:00:00,1.88555334851442,1.94552269973034,0,6.59
2024-09-08 11:00:00,1.7561322915849,1.86636352275145,0,5.79
2024-09-08 12:00:00,1.57277392806251,1.84803842669098,0,4.82
2024-09-08 13:00:00,3.43398720448515,1.66021881550612,0,31
2024-09-08 14:00:00,1.34025042261848,1.52771773899676,0,3.82
2024-09-08 15:00:00,1.36609165380237,1.48369781641222,0,3.92
2024-09-08 16:00:00,1.11514159061932,1.50583121266227,0,3.05
2024-09-08 17:00:00,1.14103300455206,1.77506484711624,0,3.13
2024-09-08 18:00:00,1.36609165380237,1.83727403452311,0,3.92
2024-09-08 19:00:00,1.870262530716,1.89628419426956,0,6.49
2024-09-08 20:00:00,1.59330853050422,1.91315186118636,0,4.92
2024-09-08 21:00:00,1.62531126159039,2.02005661508671,0,5.08
2024-09-08 22:00:00,1.40609698841607,1.91619402446678,0,4.08
2024-09-08 23:00:00,1.63705307946707,1.94436148182123,0,5.14
2024-09-09,1.76644166124377,1.92967192334669,0,5.85
2024-09-09 01:00:00,2.089391872533,1.91393416101971,0,8.08
2024-09-09 02:00:00,2.21920348405499,1.91121296612432,0,9.2
2024-09-09 03:00:00,2.09309786812732,1.90816487731984,0,8.11
2024-09-09 04:00:00,2.14593128294867,1.88261451179998,0,8.55
2024-09-09 05:00:00,2.2321626286975,1.9859765913205,0,9.32
2024-09-09 06:00:00,2.02154756326093,2.04495606673935,0,7.55
2024-09-09 07:00:00,1.18172719537862,1.99357991382833,0,3.26
2024-09-09 08:00:00,-0.0512932943875506,1.64174062364845,0,0.95
2024-09-09 09:00:00,0.122217632724249,1.48424498681006,0,1.13
2024-09-09 10:00:00,0.207014169384326,1.4762413567065,0,1.23
2024-09-09 11:00:00,0.19062035960865,1.41357154003753,0,1.21
2024-09-09 12:00:00,0.231111720963387,1.57478957898628,0,1.26
2024-09-09 13:00:00,0.0769610411361284,1.39473123218813,0,1.08
2024-09-09 14:00:00,0.231111720963387,1.34052712787365,0,1.26
2024-09-09 15:00:00,0.165514438477573,1.34701351974526,0,1.18
2024-09-09 16:00:00,0.0769610411361284,1.41249486530038,0,1.08
2024-09-09 17:00:00,0.46373401623214,1.34000596636142,0,1.59
2024-09-09 18:00:00,0.444685821261446,1.3009096871747,0,1.56
2024-09-09 19:00:00,0.207014169384326,1.30510430696296,0,1.23
2024-09-09 20:00:00,0.139761942375159,1.54015571977963,0,1.15
2024-09-09 21:00:00,0.122217632724249,1.69478495186214,0,1.13
2024-09-09 22:00:00,0.246860077931526,1.79934033032594,0,1.28
2024-09-09 23:00:00,0.254642218373581,1.81067076540184,0,1.29
2024-09-10,0.165514438477573,1.66980790288765,0,1.18
2024-09-10 01:00:00,0.476234178996372,1.6360359593057,0,1.61
2024-09-10 02:00:00,0.378436435720245,1.60905264076474,0,1.46
2024-09-10 03:00:00,0.398776119957368,1.65239728481275,0,1.49
2024-09-10 04:00:00,0.378436435720245,1.73773870779858,0,1.46
2024-09-10 05:00:00,0.438254930931155,1.83955286259264,0,1.55
2024-09-10 06:00:00,0.732367893713227,1.89145340064517,0,2.08
2024-09-10 07:00:00,1.10856261952128,1.94952191987496,0,3.03
2024-09-10 08:00:00,1.08856195281461,1.92910385233137,0,2.97
2024-09-10 09:00:00,1.02961941718116,1.84697590582109,0,2.8
2024-09-10 10:00:00,0.765467842139571,1.60266033197004,0,2.15
2024-09-10 11:00:00,0.139761942375159,1.3027448608233,0,1.15
2024-09-10 12:00:00,0.512823626428664,1.10106065791755,0,1.67
2024-09-10 13:00:00,0.732367893713227,1.10439740445391,0,2.08
2024-09-10 14:00:00,1.08856195281461,1.01627121532412,0,2.97
2024-09-10 15:00:00,1.05431202977153,1.06071259690709,0,2.87
2024-09-10 16:00:00,1.18172719537862,1.15278399393828,0,3.26
2024-09-10 17:00:00,1.1314021114911,1.28618770963652,0,3.1
2024-09-10 18:00:00,0.802001585472027,1.37809287733441,0,2.23
2024-09-10 19:00:00,0.667829372575655,1.43390842093256,0,1.95
2024-09-10 20:00:00,0.598836501088704,1.55165391203609,0,1.82
2024-09-10 21:00:00,0.693147180559945,1.66508957866095,0,2
2024-09-10 22:00:00,0.896088024556636,1.7612644495522,0,2.45
2024-09-10 23:00:00,0.815364813284194,1.79628653091134,0,2.26
2024-09-11,1.11514159061932,1.70090684061971,0,3.05
2024-09-11 01:00:00,1.1314021114911,1.70078054062961,0,3.1
2024-09-11 02:00:00,1.45628673293993,1.70802798764842,0,4.29
2024-09-11 03:00:00,1.46093790411566,1.67786469464918,0,4.31
2024-09-11 04:00:00,1.10856261952128,1.67137283097333,0,3.03
2024-09-11 05:00:00,1.19392246847243,1.70915965604737,0,3.3
2024-09-11 06:00:00,1.34807314829969,1.70991010888018,0,3.85
2024-09-11 07:00:00,1.43746264769429,1.71262798620449,0,4.21
2024-09-11 08:00:00,1.3609765531356,1.57337047424644,0,3.9
2024-09-11 09:00:00,1.31908561142644,1.39680046463202,0,3.74
2024-09-11 10:00:00,1.17865499634165,1.3090004535283,0,3.25
2024-09-11 11:00:00,1.17557332980424,1.18330385449898,0,3.24
2024-09-11 12:00:00,0.963174317773006,1.06514875240026,0,2.62
2024-09-11 13:00:00,0.792992515529661,0.964350561237222,0,2.21
2024-09-11 14:00:00,0.879626747502564,1.17456660762958,0,2.41
2024-09-11 15:00:00,0.708035793053696,1.17849238634105,0,2.03
2024-09-11 16:00:00,0.662687973075237,1.20497476516058,0,1.94
2024-09-11 17:00:00,0.0953101798043249,1.06991006745477,0,1.1
2024-09-11 18:00:00,1.84213567655312,1.25558956468458,0,6.31
2024-09-11 19:00:00,0.431782416425538,1.43309254103164,0,1.54
2024-09-11 20:00:00,1.00795792039998,1.52316453623528,0,2.74
2024-09-11 21:00:00,1.84213567655312,1.63088893036827,0,6.31
2024-09-11 22:00:00,0.494696241836107,1.65869500924541,0,1.64
2024-09-11 23:00:00,0.488580014818671,1.76483903402225,0,1.63
2024-09-12,0.488580014818671,1.64342476245477,0,1.63
2024-09-12 01:00:00,0.518793793415168,1.65339080475913,0,1.68
2024-09-12 02:00:00,0.667829372575655,1.61375463568577,0,1.95
2024-09-12 03:00:00,0.774727167552368,1.60401134858831,0,2.17
2024-09-12 04:00:00,0.970778917158225,1.62120971138128,0,2.64
2024-09-12 05:00:00,1.17248213723457,1.67534578891259,0,3.23
2024-09-12 06:00:00,1.15688119679209,1.8120784314544,0,3.18
2024-09-12 07:00:00,0.932164081030445,1.70941678579066,0,2.54
2024-09-12 08:00:00,0.963174317773006,1.7152866781369,0,2.62
2024-09-12 09:00:00,0.982078472412158,1.6964099546766,0,2.67
2024-09-12 10:00:00,0.912282710476616,1.54490778578173,0,2.49
2024-09-12 11:00:00,1.04731899428056,1.30414215108202,0,2.85
2024-09-12 12:00:00,0.900161349944271,1.2308828942587,0,2.46
2024-09-12 13:00:00,0.806475865866949,1.20213771866233,0,2.24
2024-09-12 14:00:00,0.56531380905006,1.22087913240127,0,1.76
2024-09-12 15:00:00,0.548121408509688,1.21921440433486,0,1.73
2024-09-12 16:00:00,1.19088756477728,1.24387819565093,0,3.29
2024-09-12 17:00:00,0.845868267577609,1.25932218457857,0,2.33
2024-09-12 18:00:00,0.824175442966349,1.38992839865278,0,2.28
2024-09-12 19:00:00,1.81645208181843,1.4613984797865,0,6.15
2024-09-12 20:00:00,1.72097928716701,1.51616871226018,0,5.59
2024-09-12 21:00:00,1.73871024813824,1.61661939046686,0,5.69
2024-09-12 22:00:00,1.65057985576528,1.68830963035107,0,5.21
2024-09-12 23:00:00,3.15827620273927,1.77759662560032,0,23.53
2024-09-13,1.32707500145992,1.6710984812914,0,3.77
2024-09-13 01:00:00,1.33236601909433,1.56729827443543,0,3.79
2024-09-13 02:00:00,2.77757626375082,1.6401026599892,0,16.08
2024-09-13 03:00:00,1.24126858906963,1.58047301755536,0,3.46
2024-09-13 04:00:00,1.28647402583768,1.66638402874836,0,3.62
2024-09-13 05:00:00,1.20297230399235,1.70369143517085,0,3.33
2024-09-13 06:00:00,2.45873377548398,1.73406016312886,0,11.69
2024-09-13 07:00:00,1.26412672714568,1.68735074019879,0,3.54
2024-09-13 08:00:00,1.18172719537862,1.63328861804244,0,3.26
2024-09-13 09:00:00,0.896088024556636,1.47866605632696,0,2.45
2024-09-13 10:00:00,0.85015092936961,1.29941405208074,0,2.34
2024-09-13 11:00:00,0.300104592450338,1.02807328610993,0,1.35
2024-09-13 12:00:00,0.19062035960865,1.15640918962036,0,1.21
2024-09-13 13:00:00,0.336472236621213,1.03041881506224,0,1.4
2024-09-13 14:00:00,0.231111720963387,0.882708290816206,0,1.26
2024-09-13 15:00:00,0.22314355131421,0.947369142948387,0,1.25
2024-09-13 16:00:00,0.19062035960865,0.851834203604078,0,1.21
2024-09-13 17:00:00,-0.385662480811985,0.883379485480922,0,0.68
2024-09-13 18:00:00,-0.371063681390832,0.963638221441522,0,0.69
2024-09-13 19:00:00,-0.0304592074847086,1.07697713555088,0,0.97
2024-09-13 20:00:00,-0.139262067333508,0.904419061093246,0,0.87
2024-09-13 21:00:00,-0.446287102628419,1.10604248635011,0,0.64
2024-09-13 22:00:00,-0.301105092783922,0.989811769964799,0,0.74
2024-09-13 23:00:00,0.165514438477573,1.03653980847589,0,1.18
2024-09-14,-0.261364764134408,1.20734210042743,0,0.77
2024-09-14 01:00:00,-1.56064774826467,1.10117302781181,0,0.21
2024-09-14 02:00:00,-1.17118298150295,1.1542920886936,0,0.31
2024-09-14 03:00:00,-0.693147180559945,1.07630139141812,0,0.5
2024-09-14 04:00:00,-1.10866262452161,1.01173183437803,0,0.33
2024-09-14 05:00:00,-1.56064774826467,1.13148783111556,0,0.21
2024-09-14 06:00:00,-0.776528789498996,1.08198166128982,0,0.46
2024-09-14 07:00:00,-1.10866262452161,1.18637912539876,0,0.33
2024-09-14 08:00:00,-0.776528789498996,1.13300580951056,0,0.46
2024-09-14 09:00:00,-0.916290731874155,1.08714768372242,0,0.4
2024-09-14 10:00:00,0.19062035960865,0.980714305821788,0,1.21
2024-09-14 11:00:00,0.559615787935423,0.891237567178957,0,1.75
2024-09-14 12:00:00,0.457424847038875,1.01276351830163,0,1.58
2024-09-14 13:00:00,0.559615787935423,0.85537375468333,0,1.75
2024-09-14 14:00:00,0.916290731874155,0.842870821272242,0,2.5
2024-09-14 15:00:00,0.970778917158225,0.926413352845371,0,2.64
2024-09-14 16:00:00,0.867100487683383,0.890733416994264,0,2.38
2024-09-14 17:00:00,1.00795792039998,0.894268499190396,0,2.74
2024-09-14 18:00:00,0.932164081030445,0.88550808612612,0,2.54
2024-09-14 19:00:00,0.989541193613748,1.07603634135855,0,2.69
2024-09-14 20:00:00,1.15057202759882,1.10964589130004,0,3.16
2024-09-14 21:00:00,1.09861228866811,1.08890325844577,0,3
2024-09-14 22:00:00,3.0708397460408,1.07573100038414,0,21.56
2024-09-14 23:00:00,0.932164081030445,1.19847105245817,0,2.54
2024-09-15,0.879626747502564,1.09880894161433,0,2.41
2024-09-15 01:00:00,0.732367893713227,1.12209457827601,0,2.08
2024-09-15 02:00:00,0.65232518603969,1.25713342857962,0,1.92
2024-09-15 03:00:00,0.625938430866495,1.21081469570595,0,1.87
2024-09-15 04:00:00,0.444685821261446,1.15247193620492,0,1.56
2024-09-15 05:00:00,0.300104592450338,1.18841297812322,0,1.35
2024-09-15 06:00:00,0.254642218373581,1.08236448774185,0,1.29
2024-09-15 07:00:00,0.482426149244293,1.22787206508095,0,1.62
2024-09-15 08:00:00,0.425267735404344,0.928185797284532,0,1.53
2024-09-15 09:00:00,0.438254930931155,1.05426128758113,0,1.55
2024-09-15 10:00:00,0.350656871613169,0.954634338127655,0,1.42
2024-09-15 11:00:00,0.322083499169113,0.987445340735001,0,1.38
2024-09-15 12:00:00,0.431782416425538,1.05990812875861,0,1.54
2024-09-15 13:00:00,0.667829372575655,1.24999098636446,0,1.95
2024-09-15 14:00:00,0.598836501088704,1.28240116637942,0,1.82
2024-09-15 15:00:00,0.65232518603969,1.23917189227807,0,1.92
2024-09-15 16:00:00,0.570979546585738,1.16583797032871,0,1.77
2024-09-15 17:00:00,0.215111379616945,1.12760442772634,0,1.24
2024-09-15 18:00:00,0.207014169384326,1.09112355102136,0,1.23
2024-09-15 19:00:00,0.048790164169432,1.09925422227991,0,1.05
2024-09-15 20:00:00,0.22314355131421,1.06894508683355,0,1.25
2024-09-15 21:00:00,-0.59783700075562,1.12689786245458,0,0.55
2024-09-15 22:00:00,-0.356674943938732,1.63152931872678,0,0.7
2024-09-15 23:00:00,1.09861228866811,1.82715016577411,0,3
2024-09-16,0.989541193613748,1.76700175138245,0,2.69
2024-09-16 01:00:00,0.122217632724249,1.71742880795628,0,1.13
2024-09-16 02:00:00,-0.301105092783922,1.70401865636577,0,0.74
2024-09-16 03:00:00,-0.0512932943875506,1.70873929673196,0,0.95
2024-09-16 04:00:00,0.364643113587909,1.67730399569043,0,1.44
2024-09-16 05:00:00,1.80005827204275,1.82842738576787,0,6.05
2024-09-16 06:00:00,0.494696241836107,1.78409070330246,0,1.64
2024-09-16 07:00:00,-0.3147107448397,1.90955086118104,0,0.73
2024-09-16 08:00:00,0,1.58934463788594,0,1
2024-09-16 09:00:00,-0.186329578191493,1.69730698447402,0,0.83
2024-09-16 10:00:00,0.657520002916794,1.80133042445473,0,1.93
2024-09-16 11:00:00,-0.415515443961666,1.61137309716775,0,0.66
2024-09-16 12:00:00,0.0295588022415444,1.45510537259081,0,1.03
2024-09-16 13:00:00,0.314810739840034,1.24468189997135,0,1.37
2024-09-16 14:00:00,1.26694760348732,1.29398409434994,0,3.55
2024-09-16 15:00:00,1.85785927093258,1.22208557965586,0,6.41
2024-09-16 16:00:00,1.52605630349505,1.29526865843762,0,4.6
2024-09-16 17:00:00,1.36609165380237,1.12683185472251,0,3.92
2024-09-16 18:00:00,1.25846098961001,1.1517646627547,0,3.52
2024-09-16 19:00:00,1.43031124653666,1.22364608457051,0,4.18
2024-09-16 20:00:00,1.30019166206648,1.45912147693135,0,3.67
2024-09-16 21:00:00,1.47932922708708,1.82606195512764,0,4.39
2024-09-16 22:00:00,1.89009536994892,2.06427040768051,0,6.62
2024-09-16 23:00:00,2.33408376005342,2.2276824635246,0,10.32
2024-09-17,2.30558060197384,2.0733395257063,0,10.03
2024-09-17 01:00:00,2.68648602318637,1.80908029576889,0,14.68
2024-09-17 02:00:00,2.64971462408925,1.8444210286822,0,14.15
2024-09-17 03:00:00,2.58625914404829,1.73169180859137,0,13.28
2024-09-17 04:00:00,2.71800053195538,1.85482311962516,0,15.15
2024-09-17 05:00:00,2.80093319524892,1.79221855158807,0,16.46
2024-09-17 06:00:00,2.88480071284671,1.75620689543737,0,17.9
2024-09-17 07:00:00,2.98416563718253,1.77111404777842,0,19.77
2024-09-17 08:00:00,2.87582197688143,1.72723778308284,0,17.74
2024-09-17 09:00:00,2.83144707924613,1.78616299946237,0,16.97
2024-09-17 10:00:00,2.74983173511717,1.74928796278359,0,15.64
2024-09-17 11:00:00,2.68239045432163,1.48477147526764,0,14.62
2024-09-17 12:00:00,2.70604819843154,1.43351222890591,0,14.97
2024-09-17 13:00:00,2.81180943539306,1.33080470694183,0,16.64
2024-09-17 14:00:00,2.80093319524892,1.49840928319298,0,16.46
2024-09-17 15:00:00,2.76443053453832,1.5471286896506,0,15.87
2024-09-17 16:00:00,2.63547950826737,1.56828420041728,0,13.95
2024-09-17 17:00:00,2.54396141256932,1.54990227292798,0,12.73
2024-09-17 18:00:00,2.51365606307399,1.4808982159385,0,12.35
2024-09-17 19:00:00,2.62684014567667,1.72024227333579,0,13.83
2024-09-17 20:00:00,2.79971738962803,2.01240853738449,0,16.44
2024-09-17 21:00:00,3.4307561839037,2.11000809287501,0,30.9
2024-09-17 22:00:00,3.80666248977032,2.16978418441423,0,45
2024-09-17 23:00:00,2.929058140286,2.20730929108845,0,18.71
2024-09-18,2.79606107842492,2.08557795281368,0,16.38
2024-09-18 01:00:00,2.99822915375258,2.09212279268947,0,20.05
2024-09-18 02:00:00,3.06339092202781,2.0892449503684,0,21.4
2024-09-18 03:00:00,3.00370044320317,2.0778803254995,0,20.16
2024-09-18 04:00:00,2.95803040636998,2.06624093309888,0,19.26
2024-09-18 05:00:00,3.04690056012839,2.12085046397185,0,21.05
2024-09-18 06:00:00,3.04213864636815,2.12248106903105,0,20.95
2024-09-18 07:00:00,3.18013499655177,2.20789996322299,0,24.05
2024-09-18 08:00:00,3.20801708153332,2.29513455918774,0,24.73
2024-09-18 09:00:00,3.12324559385295,2.16976420020067,0,22.72
2024-09-18 10:00:00,2.92262380173335,2.04277619048918,0,18.59
2024-09-18 11:00:00,2.91939104029727,1.81294941048073,0,18.53
2024-09-18 12:00:00,2.80032547721138,1.83182453160111,0,16.45
2024-09-18 13:00:00,2.52972066557779,1.55515183969211,0,12.55
2024-09-18 14:00:00,2.42036812865043,1.33841431331851,0,11.25
2024-09-18 15:00:00,2.49732916978656,1.43374482351698,0,12.15
2024-09-18 16:00:00,2.41591377830105,1.29969658496082,0,11.2
2024-09-18 17:00:00,2.54002594900908,1.26632970970083,0,12.68
2024-09-18 18:00:00,2.62466859216316,1.54283340193478,0,13.8
2024-09-18 19:00:00,2.70270259477561,1.75858891076515,0,14.92
2024-09-18 20:00:00,3.60413822565885,2.070395842824,0,36.75
2024-09-18 21:00:00,3.13679771383259,2.21292680799888,0,23.03
2024-09-18 22:00:00,2.86789890204411,2.18762522292482,0,17.6
2024-09-18 23:00:00,2.87694873756402,2.2354727253333,0,17.76
2024-09-19,2.85761897142436,2.1224100185377,0,17.42
2024-09-19 01:00:00,2.72785282839839,2.09781368191009,0,15.3
2024-09-19 02:00:00,2.65183252110398,2.10783573912269,0,14.18
2024-09-19 03:00:00,3.21486780347066,2.07028426869198,0,24.9
2024-09-19 04:00:00,2.95543097678047,2.0558008915308,0,19.21
2024-09-19 05:00:00,3.51601305609074,2.0556193181644,0,33.65
2024-09-19 06:00:00,2.85933964864844,2.05451583965944,0,17.45
2024-09-19 07:00:00,2.88480071284671,2.16041973675281,0,17.9
2024-09-19 08:00:00,2.92262380173335,2.28084547808969,0,18.59
2024-09-19 09:00:00,2.65464942437509,2.17318530038826,0,14.22
2024-09-19 10:00:00,2.39059597031676,1.88480399360645,0,10.92
2024-09-19 11:00:00,2.09186406167839,1.62663080069827,0,8.1
2024-09-19 12:00:00,2.089391872533,1.51247400655908,0,8.08
2024-09-19 13:00:00,2.20055236742889,1.42679090440793,0,9.03
2024-09-19 14:00:00,2.23323501485925,1.42208497128429,0,9.33
2024-09-19 15:00:00,2.35612585992208,1.43219807287168,0,10.55
2024-09-19 16:00:00,2.42480272571829,1.41297445343714,0,11.3
2024-09-19 17:00:00,2.50634193050807,1.52208427843478,0,12.26
2024-09-19 18:00:00,2.69934576047206,1.39856837688446,0,14.87
2024-09-19 19:00:00,2.62466859216316,1.82735662902701,0,13.8
2024-09-19 20:00:00,2.55100645149252,1.87178217572691,0,12.82
2024-09-19 21:00:00,2.52972066557779,2.04525811643419,0,12.55
2024-09-19 22:00:00,2.47401420862158,2.09669348456127,0,11.87
2024-09-19 23:00:00,2.63476240533238,2.1132375046742,0,13.94
2024-09-20,2.77757626375082,2.0135588149432,0,16.08
2024-09-20 01:00:00,2.52812576890798,1.95888955293726,0,12.53
2024-09-20 02:00:00,2.80032547721138,2.00154065621544,0,16.45
2024-09-20 03:00:00,2.39151130218845,1.90213670876177,0,10.93
2024-09-20 04:00:00,2.31845844215034,1.89407468451737,0,10.16
2024-09-20 05:00:00,2.32727770558442,1.8819698662593,0,10.25
2024-09-20 06:00:00,2.36930872503695,1.94102521789243,0,10.69
2024-09-20 07:00:00,2.58851563240702,2.12737658980123,0,13.31
2024-09-20 08:00:00,2.68375750853317,2.26927608993215,0,14.64
2024-09-20 09:00:00,2.68920711330073,2.11604270987248,0,14.72
2024-09-20 10:00:00,2.43973493114128,2.08367294824842,0,11.47
2024-09-20 11:00:00,2.3869262414278,1.88501977485139,0,10.88
2024-09-20 12:00:00,2.19165353228676,1.95666902686131,0,8.95
2024-09-20 13:00:00,1.80828877117927,1.65963976412228,0,6.1
2024-09-20 14:00:00,1.81807677754543,1.48532962079504,0,6.16
2024-09-20 15:00:00,1.8484548129046,1.6425182166723,0,6.35
2024-09-20 16:00:00,1.72097928716701,1.56113824602768,0,5.59
2024-09-20 17:00:00,1.5993875765806,1.62073345650256,0,4.95
2024-09-20 18:00:00,1.69744878975681,1.62670931290954,0,5.46
2024-09-20 19:00:00,2.42921774392741,1.84598366701851,0,11.35
2024-09-20 20:00:00,2.29958058397375,1.9893916517608,0,9.97
2024-09-20 21:00:00,2.76631910922619,2.10756544732469,0,15.9
2024-09-20 22:00:00,2.39059597031676,2.08161340015974,0,10.92
2024-09-20 23:00:00,2.2213750375685,2.12096292974603,0,9.22
2024-09-21,2.20055236742889,2.06778267163715,0,9.03
2024-09-21 01:00:00,2.55955019278377,2.0679145090099,0,12.93
2024-09-21 02:00:00,2.49568172295596,2.00689256267002,0,12.13
2024-09-21 03:00:00,2.77383794164021,2.02533228322056,0,16.02
2024-09-21 04:00:00,2.83321334405622,2.01912775086976,0,17
2024-09-21 05:00:00,2.47232786758114,2.02477210688984,0,11.85
2024-09-21 06:00:00,2.45444744230329,2.01076863114054,0,11.64
2024-09-21 07:00:00,3.20761263258949,2.12715227438364,0,24.72
2024-09-21 08:00:00,2.62611681833952,2.17752844274546,0,13.82
2024-09-21 09:00:00,2.41143949790613,2.04890103778798,0,11.15
2024-09-21 10:00:00,2.13888900032326,2.0086498312034,0,8.49
2024-09-21 11:00:00,1.79175946922805,1.91810234007707,0,6
2024-09-21 12:00:00,1.67335123817775,1.7808477969048,0,5.33
2024-09-21 13:00:00,1.84371920815877,1.53292152399624,0,6.32
2024-09-21 14:00:00,1.65249740189455,1.36800108345644,0,5.22
2024-09-21 15:00:00,1.51072193949494,1.44667447705474,0,4.53
2024-09-21 16:00:00,1.58923520511658,1.46973975688259,0,4.9
2024-09-21 17:00:00,1.65822807660353,1.52464773569979,0,5.25
2024-09-21 18:00:00,1.5993875765806,1.65652447528899,0,4.95
2024-09-21 19:00:00,2.0515563381903,1.79879265425853,0,7.78
2024-09-21 20:00:00,2.48906465993666,1.91173016993285,0,12.05
2024-09-21 21:00:00,2.45530618001171,1.96220780945475,0,11.65
2024-09-21 22:00:00,3.06198806933106,1.97834157037642,0,21.37
2024-09-21 23:00:00,2.75874331541773,2.03858060883275,0,15.78
2024-09-22,2.11384296839717,1.90117187497483,0,8.28
2024-09-22 01:00:00,2.12345842709661,1.82843510861691,0,8.36
2024-09-22 02:00:00,2.16791018966744,1.78836191174707,0,8.74
2024-09-22 03:00:00,2.16561923792089,1.72879033677604,0,8.72
2024-09-22 04:00:00,2.02154756326093,1.74342722411451,0,7.55
2024-09-22 05:00:00,2.03470564783844,1.77651435720974,0,7.65
2024-09-22 06:00:00,1.94591014905531,1.76695498873713,0,7
2024-09-22 07:00:00,1.99877363861238,1.82765377544094,0,7.38
2024-09-22 08:00:00,2.06939120582633,2.09761338710121,0,7.92
2024-09-22 09:00:00,2.28442112236637,2.01826198630987,0,9.82
2024-09-22 10:00:00,2.089391872533,1.88949752005962,0,8.08
2024-09-22 11:00:00,1.96711235670592,1.84728762413069,0,7.15
2024-09-22 12:00:00,1.95302761682418,1.81234294608104,0,7.05
2024-09-22 13:00:00,1.85785927093258,1.79119718575789,0,6.41
2024-09-22 14:00:00,1.82616089594539,1.69739118894873,0,6.21
2024-09-22 15:00:00,1.82616089594539,1.7671432967552,0,6.21
2024-09-22 16:00:00,2.14358936150359,1.6521041743248,0,8.53
2024-09-22 17:00:00,2.39333945626251,1.52738825205378,0,10.95
2024-09-22 18:00:00,1.96711235670592,1.68831800531251,0,7.15
2024-09-22 19:00:00,2.02551319965428,1.77559719663003,0,7.58
2024-09-22 20:00:00,2.11866225483312,1.8285725718287,0,8.32
2024-09-22 21:00:00,2.4466854369678,1.78726965243821,0,11.55
2024-09-22 22:00:00,2.18605127673809,1.78779025992274,0,8.9
2024-09-22 23:00:00,2.17133680638409,1.89040563112073,0,8.77
2024-09-23,2.09801792725277,1.75171590421627,0,8.15
2024-09-23 01:00:00,2.48240351956988,1.79340859733499,0,11.97
2024-09-23 02:00:00,2.02814824729229,1.76824051449388,0,7.6
2024-09-23 03:00:00,1.95302761682418,1.81291739061674,0,7.05
2024-09-23 04:00:00,2.1938856760707,1.83056005828854,0,8.97
2024-09-23 05:00:00,2.07568449280212,1.9227985718906,0,7.97
2024-09-23 06:00:00,2.27726728500976,1.92465676547389,0,9.75
2024-09-23 07:00:00,2.12942147398486,1.99555461229988,0,8.41
2024-09-23 08:00:00,2.32336763217657,2.11527842036735,0,10.21
2024-09-23 09:00:00,2.77071196222692,2.0931211701752,0,15.97
2024-09-23 10:00:00,2.63188884013665,1.89833006267582,0,13.9
2024-09-23 11:00:00,2.60712428251225,1.84398628936046,0,13.56
2024-09-23 12:00:00,2.6775909936175,1.80845958651259,0,14.55
2024-09-23 13:00:00,2.43886271128659,1.75075830070599,0,11.46
2024-09-23 14:00:00,1.77833644889591,1.7014946872541,0,5.92
2024-09-23 15:00:00,1.83098018238134,1.54409593547635,0,6.24
2024-09-23 16:00:00,1.75440368268429,1.59475147884427,0,5.78
2024-09-23 17:00:00,1.87793716546911,1.55226819720921,0,6.54
2024-09-23 18:00:00,2.00417905717929,1.61837976720317,0,7.42
2024-09-23 19:00:00,2.41412646772695,1.78191811661108,0,11.18
2024-09-23 20:00:00,2.39516427428714,1.90361718068682,0,10.97
2024-09-23 21:00:00,2.88200350822565,2.00960444981262,0,17.85
2024-09-23 22:00:00,2.59972232421658,2.01669461191637,0,13.46
2024-09-23 23:00:00,3.13070013396448,2.03443209377213,0,22.89
2024-09-24,2.56263899832835,1.84452400951988,0,12.97
2024-09-24 01:00:00,2.57489968831471,1.7700869027783,0,13.13
2024-09-24 02:00:00,3.15700042115011,1.83608593106643,0,23.5
2024-09-24 03:00:00,2.35042242240821,1.83993755074352,0,10.49
2024-09-24 04:00:00,2.43798973000025,1.78817372966455,0,11.45
2024-09-24 05:00:00,2.50470927708418,1.8082866312097,0,12.24
2024-09-24 06:00:00,2.54553127160444,1.86377763533885,0,12.75
2024-09-24 07:00:00,2.78192004966867,1.94422612219393,0,16.15
2024-09-24 08:00:00,2.94180393152844,1.97005575384598,0,18.95
2024-09-24 09:00:00,2.89867056071086,1.80692070865486,0,18.15
2024-09-24 10:00:00,2.82137888640921,1.84936028871623,0,16.8
2024-09-24 11:00:00,2.65183252110398,1.73905843151693,0,14.18
2024-09-24 12:00:00,2.089391872533,1.69326183168369,0,8.08
2024-09-24 13:00:00,0.667829372575655,1.60507471292553,0,1.95
2024-09-24 14:00:00,1.06125650212434,1.50471013135709,0,2.89
2024-09-24 15:00:00,1.92716410623426,1.39940025914922,0,6.87
2024-09-24 16:00:00,1.43508452528932,1.4573075454231,0,4.2
2024-09-24 17:00:00,0.900161349944271,1.51559909624551,0,2.46
2024-09-24 18:00:00,0.732367893713227,1.50988508076304,0,2.08
2024-09-24 19:00:00,2.96990151351947,1.57392351317566,0,19.49
2024-09-24 20:00:00,1.82616089594539,1.64485478248455,0,6.21
2024-09-24 21:00:00,0.963174317773006,1.82447559199439,0,2.62
2024-09-24 22:00:00,1.5830939370945,1.93154376216999,0,4.87
2024-09-24 23:00:00,3.20720802000052,1.95574639209107,0,24.71
2024-09-25,1.50185270175416,1.88528298168546,0,4.49
2024-09-25 01:00:00,2.23751309625033,1.89045803907468,0,9.37
2024-09-25 02:00:00,2.14358936150359,1.85601143167585,0,8.53
2024-09-25 03:00:00,1.57691472072854,1.78244518185527,0,4.84
2024-09-25 04:00:00,1.33500106673234,1.75202822293032,0,3.8
2024-09-25 05:00:00,1.06125650212434,1.73132254114509,0,2.89
2024-09-25 06:00:00,1.86717610851281,1.67862966621964,0,6.47
2024-09-25 07:00:00,1.14103300455206,1.90341457004327,0,3.13
2024-09-25 08:00:00,1.33236601909433,1.87023108021954,0,3.79
2024-09-25 09:00:00,1.62531126159039,1.72965341318265,0,5.08
2024-09-25 10:00:00,1.51292701205326,1.54485005419174,0,4.54
2024-09-25 11:00:00,0.900161349944271,1.53290754418703,0,2.46
2024-09-25 12:00:00,1.43983512804792,1.62543213123708,0,4.22
2024-09-25 13:00:00,0.693147180559945,1.36332170375513,0,2
2024-09-25 14:00:00,1.80500469597808,1.44931585548468,0,6.08
2024-09-25 15:00:00,1.40118297361364,1.6753257602518,0,4.06
2024-09-25 16:00:00,1.01160091167848,1.45834784011126,0,2.75
2024-09-25 17:00:00,1.86717610851281,1.34250481126513,0,6.47
2024-09-25 18:00:00,2.17247640764703,1.45119892421742,0,8.78
2024-09-25 19:00:00,1.07840958135059,1.77966303793674,0,2.94
2024-09-25 20:00:00,1.52388002407245,1.89932906243797,0,4.59
2024-09-25 21:00:00,1.9387416595767,1.99320780829294,0,6.95
2024-09-25 22:00:00,1.95018670582257,1.96888006112226,0,7.03
2024-09-25 23:00:00,1.31103187661934,1.99596741097308,0,3.71
2024-09-26,3.29398329735501,1.82494620719093,0,26.95
2024-09-26 01:00:00,2.76316950032329,1.86320502535085,0,15.85
2024-09-26 02:00:00,2.13888900032326,1.89536012772909,0,8.49
2024-09-26 03:00:00,1.5830939370945,1.83350035496539,0,4.87
2024-09-26 04:00:00,1.69009581545155,1.86266854910711,0,5.42
2024-09-26 05:00:00,1.91250108692418,1.97107943872375,0,6.77
2024-09-26 06:00:00,1.9823798288367,1.88276965629336,0,7.26
2024-09-26 07:00:00,1.97129938306013,2.02051653018011,0,7.18
2024-09-26 08:00:00,2.01089499914473,1.98218725534125,0,7.47
2024-09-26 09:00:00,2.24601474150565,1.93357450386804,0,9.45
2024-09-26 10:00:00,2.21046980408624,1.85914727633854,0,9.12
2024-09-26 11:00:00,1.46093790411566,1.49069689117079,0,4.31
2024-09-26 12:00:00,0.963174317773006,1.21760493649007,0,2.62
2024-09-26 13:00:00,1.95302761682418,1.36903844728247,0,7.05
2024-09-26 14:00:00,1.36609165380237,1.60530573104917,0,3.92
2024-09-26 15:00:00,2.01623546577604,1.713434251975,0,7.51
2024-09-26 16:00:00,2.20055236742889,1.67069775694333,0,9.03
2024-09-26 17:00:00,2.18492704952581,1.73338556780503,0,8.89
2024-09-26 18:00:00,1.75440368268429,1.77833397047746,0,5.78
2024-09-26 19:00:00,2.10535292346434,1.79887137612808,0,8.21
2024-09-26 20:00:00,1.51072193949494,1.83542277325883,0,4.53
2024-09-26 21:00:00,1.61541998411165,1.86162914419201,0,5.03
2024-09-26 22:00:00,0.667829372575655,1.64837164453146,0,1.95
2024-09-26 23:00:00,1.11841491596429,1.60578617546689,0,3.06
2024-09-27,-0.23572233352107,1.7215759743815,0,0.79
2024-09-27 01:00:00,0.412109650826833,1.62641647082694,0,1.51
2024-09-27 02:00:00,1.04731899428056,1.6834475341726,0,2.85
2024-09-27 03:00:00,1.39376637595859,1.72007530174705,0,4.03
2024-09-27 04:00:00,0.587786664902119,1.68488578373531,0,1.8
2024-09-27 05:00:00,0.438254930931155,1.75462514216461,0,1.55
2024-09-27 06:00:00,0.207014169384326,1.8052924839161,0,1.23
2024-09-27 07:00:00,1.15057202759882,1.83813445814158,0,3.16
2024-09-27 08:00:00,1.49738840862548,1.76868184434692,0,4.47
2024-09-27 09:00:00,0.871293365943419,1.55973072234746,0,2.39
2024-09-27 10:00:00,0.438254930931155,1.40037124889606,0,1.55
2024-09-27 11:00:00,0.989541193613748,1.25263871861585,0,2.69
2024-09-27 12:00:00,0.625938430866495,1.34804595066381,0,1.87
2024-09-27 13:00:00,0.412109650826833,1.24888601249373,0,1.51
2024-09-27 14:00:00,0.300104592450338,1.28862460914792,0,1.35
2024-09-27 15:00:00,1.12492959698548,1.22368107371396,0,3.08
2024-09-27 16:00:00,1.19694818938897,1.160225608097,0,3.31
2024-09-27 17:00:00,-0.139262067333508,1.18795531390735,0,0.87
2024-09-27 18:00:00,0.182321556793955,1.19619700124604,0,1.2
2024-09-27 19:00:00,1.34807314829969,1.24135892269329,0,3.85
2024-09-27 20:00:00,0.678033542749897,1.45680454097164,0,1.97
2024-09-27 21:00:00,1.89911798754855,1.51369447302723,0,6.68
2024-09-27 22:00:00,0.641853886172395,1.58950730015728,0,1.9
2024-09-27 23:00:00,0.364643113587909,1.52251480115513,0,1.44
2024-09-28,0.832909122935104,1.32768444467581,0,2.3
2024-09-28 01:00:00,1.00063188030791,1.47518133542315,0,2.72
2024-09-28 02:00:00,0.883767540168595,1.63275769471669,0,2.42
2024-09-28 03:00:00,0.678033542749897,1.58464820882853,0,1.97
2024-09-28 04:00:00,1.04731899428056,1.56454744094,0,2.85
2024-09-28 05:00:00,0.779324876800998,1.62344027006571,0,2.18
2024-09-28 06:00:00,1.61541998411165,1.72122944907436,0,5.03
2024-09-28 07:00:00,0.963174317773006,1.77354755310575,0,2.62
2024-09-28 08:00:00,0.139761942375159,1.796354146642,0,1.15
2024-09-28 09:00:00,0.625938430866495,1.73063233646781,0,1.87
2024-09-28 10:00:00,0.631271776841858,1.68644078950151,0,1.88
2024-09-28 11:00:00,0.928219302739429,1.5875018094652,0,2.53
2024-09-28 12:00:00,1.00063188030791,1.48148036359937,0,2.72
2024-09-28 13:00:00,1.10856261952128,1.27867959182066,0,3.03
2024-09-28 14:00:00,0.963174317773006,1.30167008107475,0,2.62
2024-09-28 15:00:00,1.00795792039998,1.10274257903059,0,2.74
2024-09-28 16:00:00,1.01160091167848,1.28867531262203,0,2.75
2024-09-28 17:00:00,1.08856195281461,1.39335475432065,0,2.97
2024-09-28 18:00:00,1.45628673293993,1.51756436163443,0,4.29
2024-09-28 19:00:00,1.17248213723457,1.48732258089554,0,3.23
2024-09-28 20:00:00,1.02245092770255,1.59104726869961,0,2.78
2024-09-28 21:00:00,0.912282710476616,1.77162872237645,0,2.49
2024-09-28 22:00:00,1.03673688495002,1.90561300903626,0,2.82
2024-09-28 23:00:00,1.24126858906963,1.90612346194332,0,3.46
2024-09-29,1.34807314829969,1.75944186908551,0,3.85
2024-09-29 01:00:00,2.89922137317315,1.80359076124643,0,18.16
2024-09-29 02:00:00,1.77833644889591,1.76767164829106,0,5.92
2024-09-29 03:00:00,1.20597080698861,1.73598070813944,0,3.34
2024-09-29 04:00:00,1.22377543162212,1.7049019047004,0,3.4
2024-09-29 05:00:00,0.904218150639886,1.67032579507344,0,2.47
2024-09-29 06:00:00,1.13783300182139,1.70285926539283,0,3.12
2024-09-29 07:00:00,2.45444744230329,1.81214891013546,0,11.64
2024-09-29 08:00:00,1.71199450075919,1.97884570637123,0,5.54
2024-09-29 09:00:00,1.40609698841607,1.98614355545388,0,4.08
2024-09-29 10:00:00,1.25276296849537,1.74922818289439,0,3.5
2024-09-29 11:00:00,1.08180517035173,1.56436294116307,0,2.95
2024-09-29 12:00:00,0.824175442966349,1.69687841943706,0,2.28
2024-09-29 13:00:00,1.07158361628019,1.60884613827324,0,2.92
2024-09-29 14:00:00,0.845868267577609,1.62966092840757,0,2.33
2024-09-29 15:00:00,0.756121979721334,1.57500058358506,0,2.13
2024-09-29 16:00:00,0.797507195884188,1.59592357927024,0,2.22
2024-09-29 17:00:00,0.900161349944271,1.53307231734066,0,2.46
2024-09-29 18:00:00,1.02604159583327,1.6135152616397,0,2.79
2024-09-29 19:00:00,1.58923520511658,1.67547173915097,0,4.9
2024-09-29 20:00:00,2.05668455455722,1.79584094410179,0,7.82
2024-09-29 21:00:00,2.11384296839717,1.94342081815434,0,8.28
2024-09-29 22:00:00,2.55256529826182,1.96344149755596,0,12.84
2024-09-29 23:00:00,2.22245904851476,1.96680420241715,0,9.23
2024-09-30,2.22570404865809,1.88292433667087,0,9.26
2024-09-30 01:00:00,2.45272775142377,1.87210598983905,0,11.62
2024-09-30 02:00:00,2.54866361559075,1.92411968085009,0,12.79
2024-09-30 03:00:00,2.6159349121944,1.90271173298766,0,13.68
2024-09-30 04:00:00,2.1540850846756,1.91949533943294,0,8.62
2024-09-30 05:00:00,2.26592110862245,1.96409894529934,0,9.64
2024-09-30 06:00:00,2.15292431843964,1.99306039152318,0,8.61
2024-09-30 07:00:00,2.33988087773774,2.00722866733903,0,10.38
2024-09-30 08:00:00,2.47401420862158,2.09888727454763,0,11.87
2024-09-30 09:00:00,1.75267208052001,1.84913440108548,0,5.77
2024-09-30 10:00:00,1.41827740697294,1.54503403721661,0,4.13
2024-09-30 11:00:00,1.39376637595859,1.31448862618265,0,4.03
2024-09-30 12:00:00,1.56024766824333,1.21162971015925,0,4.76
2024-09-30 13:00:00,1.16315080980568,1.12599052700001,0,3.2
2024-09-30 14:00:00,1.23547147138531,1.00245877793158,0,3.44
2024-09-30 15:00:00,1.09861228866811,1.16046652030975,0,3
2024-09-30 16:00:00,1.93007108502557,1.26169628669793,0,6.89
2024-09-30 17:00:00,1.49290409617815,1.30551114870012,0,4.45
2024-09-30 18:00:00,1.57277392806251,1.51104825644721,0,4.82
2024-09-30 19:00:00,1.69561560867515,1.65310524782367,0,5.45
2024-09-30 20:00:00,2.17133680638409,1.81426456740415,0,8.77
2024-09-30 21:00:00,2.22570404865809,1.91598364108241,0,9.26
2024-09-30 22:00:00,2.14593128294867,1.99811428328753,0,8.55
2024-09-30 23:00:00,2.24070968927596,2.00443347753346,0,9.4
2024-10-01,2.278292400425,2.66879993741366,1,9.76
2024-10-01 01:00:00,2.43798973000025,2.51154810012116,1,11.45
2024-10-01 02:00:00,2.39333945626251,2.58219951871943,1,10.95
2024-10-01 03:00:00,2.36273901581379,2.7079857784257,1,10.62
2024-10-01 04:00:00,2.28645571106416,2.39739290012253,1,9.84
2024-10-01 05:00:00,2.17475172148416,2.53498726284584,1,8.8
2024-10-01 06:00:00,2.05284085988266,2.67848827024922,1,7.79
2024-10-01 07:00:00,2.06305806242931,2.7128150019022,1,7.87
2024-10-01 08:00:00,2.02287119019144,2.49024046397407,1,7.56
2024-10-01 09:00:00,2.01490302054226,2.60719097633375,1,7.5
2024-10-01 10:00:00,2.04898233419513,2.33431768763561,1,7.76
2024-10-01 11:00:00,2.14006616349627,2.42387483308288,1,8.5
2024-10-01 12:00:00,2.29958058397375,2.44136391395758,1,9.97
2024-10-01 13:00:00,2.40694510831829,2.54238351793639,1,11.1
2024-10-01 14:00:00,2.50634193050807,2.56192616722449,1,12.26
2024-10-01 15:00:00,2.484906649788,2.66880229006891,1,12
2024-10-01 16:00:00,2.37024374146786,2.46135110836097,1,10.7
2024-10-01 17:00:00,2.6616571615325,2.45569265559125,1,14.32
2024-10-01 18:00:00,2.7047112998367,2.67639776151131,1,14.95
2024-10-01 19:00:00,2.86789890204411,3.00221611842644,1,17.6
2024-10-01 20:00:00,2.70068984669592,3.1065480105569,1,14.89
2024-10-01 21:00:00,2.75047091698616,3.05195954518253,1,15.65
2024-10-01 22:00:00,2.484906649788,2.84219576000242,1,12
2024-10-01 23:00:00,2.39789527279837,2.83705626372081,1,11
2024-10-02,1.82616089594539,2.40927110391612,1,6.21
2024-10-02 01:00:00,1.62924053973028,2.81940867073305,1,5.1
2024-10-02 02:00:00,2.27006190128849,2.67776731171787,1,9.68
2024-10-02 03:00:00,2.48073127837752,2.69779425277252,1,11.95
2024-10-02 04:00:00,2.83615020372953,2.55176761352431,1,17.05
2024-10-02 05:00:00,2.58776403522771,2.44609927585879,1,13.3
2024-10-02 06:00:00,2.47569771070269,1.98492135473654,1,11.89
2024-10-02 07:00:00,1.96009478404727,2.24663183068208,1,7.1
2024-10-02 08:00:00,1.99741770620125,1.92052169824064,1,7.37
2024-10-02 09:00:00,2.16332302566054,2.41561358933672,1,8.7
2024-10-02 10:00:00,1.97546895129686,2.66785274108188,1,7.21
2024-10-02 11:00:00,1.60341984010854,2.72934696654158,1,4.97
2024-10-02 12:00:00,1.08856195281461,2.39401063474287,1,2.97
2024-10-02 13:00:00,1.880990602956,2.34500231032444,1,6.56
2024-10-02 14:00:00,0.951657875711446,2.07742800551367,1,2.59
2024-10-02 15:00:00,0.774727167552368,1.76211321851395,1,2.17
2024-10-02 16:00:00,0.806475865866949,2.22539444263384,1,2.24
2024-10-02 17:00:00,1.05779029414785,2.53035651980015,1,2.88
2024-10-02 18:00:00,1.36609165380237,2.68268532752805,1,3.92
2024-10-02 19:00:00,2.77258872223978,2.72128067759003,1,16
2024-10-02 20:00:00,2.36273901581379,2.97036524988694,1,10.62
2024-10-02 21:00:00,1.68639895357023,3.05450490026322,1,5.4
2024-10-02 22:00:00,1.39871688111845,2.88020620433949,1,4.05
2024-10-02 23:00:00,1.69377906086785,2.86218234307897,1,5.44
2024-10-03,1.74745921033147,2.79810463684704,1,5.74
2024-10-03 01:00:00,0.405465108108164,2.63138481525256,1,1.5
2024-10-03 02:00:00,0.314810739840034,2.07240950542346,1,1.37
2024-10-03 03:00:00,0.810930216216329,2.22617476503013,1,2.25
2024-10-03 04:00:00,1.06125650212434,2.48282304957318,1,2.89
2024-10-03 05:00:00,1.72097928716701,1.77391088945628,1,5.59
2024-10-03 06:00:00,1.51951320490611,2.47668057658548,1,4.57
2024-10-03 07:00:00,1.87180217690159,2.52373161358951,1,6.5
2024-10-03 08:00:00,1.99877363861238,2.53497450634214,1,7.38
2024-10-03 09:00:00,1.64480505627139,2.27412311059602,1,5.18
2024-10-03 10:00:00,1.67147330335355,2.49187513169174,1,5.32
2024-10-03 11:00:00,1.25276296849537,2.37473917519836,1,3.5
2024-10-03 12:00:00,0.732367893713227,2.32635448563443,1,2.08
2024-10-03 13:00:00,0.765467842139571,2.58290625292443,1,2.15
2024-10-03 14:00:00,0.412109650826833,2.07189784208857,1,1.51
2024-10-03 15:00:00,0.542324290825362,2.09972094527121,1,1.72
2024-10-03 16:00:00,0.741937344729377,1.86382973572534,1,2.1
2024-10-03 17:00:00,0.412109650826833,2.05227829746052,1,1.51
2024-10-03 18:00:00,0.845868267577609,2.25928667455026,1,2.33
2024-10-03 19:00:00,1.77155676191054,2.80567923490559,1,5.88
2024-10-03 20:00:00,0.139761942375159,2.80509811552716,1,1.15
2024-10-03 21:00:00,1.15057202759882,3.01119034186025,1,3.16
2024-10-03 22:00:00,0.916290731874155,2.9843662648843,1,2.5
2024-10-03 23:00:00,0.879626747502564,2.85032425875199,1,2.41
2024-10-04,0.336472236621213,2.88974414404274,1,1.4
2024-10-04 01:00:00,1.65057985576528,2.89679663369753,1,5.21
2024-10-04 02:00:00,1.11514159061932,2.72761857203256,1,3.05
2024-10-04 03:00:00,1.21491274436427,2.71973047105557,1,3.37
2024-10-04 04:00:00,1.14740245283754,2.58279613595461,1,3.15
2024-10-04 05:00:00,1.25276296849537,2.80266070171623,1,3.5
2024-10-04 06:00:00,1.26976054486394,2.69784481773637,1,3.56
2024-10-04 07:00:00,1.33236601909433,2.63147747639192,1,3.79
2024-10-04 08:00:00,1.40609698841607,2.41057871457561,1,4.08
2024-10-04 09:00:00,1.41585316336144,2.21171329385275,1,4.12
2024-10-04 10:00:00,1.32175583998232,2.16135042921185,1,3.75
2024-10-04 11:00:00,1.53686721959926,2.28094250707198,1,4.65
2024-10-04 12:00:00,1.59330853050422,2.12025057794514,1,4.92
2024-10-04 13:00:00,1.43746264769429,2.21511581686275,1,4.21
2024-10-04 14:00:00,1.45395300959371,1.95299339189156,1,4.28
2024-10-04 15:00:00,1.45395300959371,2.24747830307245,1,4.28
2024-10-04 16:00:00,1.29198368164865,2.12974573960698,1,3.64
2024-10-04 17:00:00,1.03673688495002,2.20937188779833,1,2.82
2024-10-04 18:00:00,1.3787660946991,2.3788247202508,1,3.97
2024-10-04 19:00:00,1.42310833424261,2.46969081127188,1,4.15
2024-10-04 20:00:00,1.53901544813755,2.66934648122264,1,4.66
2024-10-04 21:00:00,1.54756250871601,2.65411646676091,1,4.7
2024-10-04 22:00:00,1.59330853050422,2.55371085446284,1,4.92
2024-10-04 23:00:00,1.65632149833295,2.56686307046413,1,5.24
2024-10-05,1.73518911773966,2.68307346206252,1,5.67
2024-10-05 01:00:00,1.89311196348834,2.60809278436442,1,6.64
2024-10-05 02:00:00,1.82454929205105,2.70133339406058,1,6.2
2024-10-05 03:00:00,1.71199450075919,2.59446517866029,1,5.54
2024-10-05 04:00:00,1.7404661748405,2.03126508691513,1,5.7
2024-10-05 05:00:00,1.53686721959926,2.66163876385946,1,4.65
2024-10-05 06:00:00,1.50407739677627,2.80608333273435,1,4.5
2024-10-05 07:00:00,1.46325540225602,2.57054415605493,1,4.32
2024-10-05 08:00:00,1.18784342239605,2.38352536277844,1,3.28
2024-10-05 09:00:00,0.955511445027436,2.48187465722569,1,2.6
2024-10-05 10:00:00,1.03318448334565,2.30982700112407,1,2.81
2024-10-05 11:00:00,1.26694760348732,1.94198448411351,1,3.55
2024-10-05 12:00:00,1.03673688495002,1.51215144609012,1,2.82
2024-10-05 13:00:00,0.916290731874155,1.70749651969566,1,2.5
2024-10-05 14:00:00,0.717839793150317,1.60881093269829,1,2.05
2024-10-05 15:00:00,1.07158361628019,1.66299727203737,1,2.92
2024-10-05 16:00:00,1.36609165380237,1.95104489914585,1,3.92
2024-10-05 17:00:00,1.16938135955632,2.25219203114863,1,3.22
2024-10-05 18:00:00,1.24990173621434,2.17508350392416,1,3.49
2024-10-05 19:00:00,1.25561603747777,2.16849063840519,1,3.51
2024-10-05 20:00:00,1.30019166206648,2.26512145185452,1,3.67
2024-10-05 21:00:00,2.97246364661464,2.6613824334195,1,19.54
2024-10-05 22:00:00,3.62886402170395,2.95042355684278,1,37.67
2024-10-05 23:00:00,2.83144707924613,2.92216756220823,1,16.97
2024-10-06,2.78562833574758,2.81397108177004,1,16.21
2024-10-06 01:00:00,1.66959183525385,2.68782461469794,1,5.31
2024-10-06 02:00:00,2.79116510781272,2.703903877362,1,16.3
2024-10-06 03:00:00,2.09556092355972,2.86259232737538,1,8.13
2024-10-06 04:00:00,1.7561322915849,2.57483515860533,1,5.79
2024-10-06 05:00:00,1.7561322915849,2.50388267110581,1,5.79
2024-10-06 06:00:00,1.9387416595767,2.59839584910757,1,6.95
2024-10-06 07:00:00,1.96711235670592,2.61025251837998,1,7.15
2024-10-06 08:00:00,2.23323501485925,2.78012686861302,1,9.33
2024-10-06 09:00:00,2.27624111765444,2.8397010769482,1,9.74
2024-10-06 10:00:00,2.35422832614588,2.77200590627845,1,10.53
2024-10-06 11:00:00,2.12345842709661,2.46482194164138,1,8.36
2024-10-06 12:00:00,2.01089499914473,2.36651968693317,1,7.47
2024-10-06 13:00:00,1.96009478404727,2.25298690369074,1,7.1
2024-10-06 14:00:00,1.86408013080768,2.00122614810061,1,6.45
2024-10-06 15:00:00,1.97546895129686,2.08935846017774,1,7.21
2024-10-06 16:00:00,1.92861865194525,2.16321849668871,1,6.88
2024-10-06 17:00:00,1.72455071953461,2.20039485886536,1,5.61
2024-10-06 18:00:00,2.002830439308,2.57237260367928,1,7.41
2024-10-06 19:00:00,3.84074180342318,2.94772464856212,1,46.56
2024-10-06 20:00:00,3.62300670996323,2.8413771755108,1,37.45
2024-10-06 21:00:00,2.6203112867942,2.60947364764818,1,13.74
2024-10-06 22:00:00,2.80517691183293,2.42419271046714,1,16.53
2024-10-06 23:00:00,2.99272776453369,2.53056788179667,1,19.94
2024-10-07,3.69087745677661,2.74129311522328,1,40.08
2024-10-07 01:00:00,3.35863776724336,2.85012917610222,1,28.75
2024-10-07 02:00:00,2.45616418092235,2.64782689768328,1,11.66
2024-10-07 03:00:00,2.73696154459663,2.54186323117331,1,15.44
2024-10-07 04:00:00,2.48073127837752,2.47443941925402,1,11.95
2024-10-07 05:00:00,2.6049094421827,2.56036427869385,1,13.53
2024-10-07 06:00:00,2.58097411853423,2.61450221580119,1,13.21
2024-10-07 07:00:00,2.86448398694404,2.7611071756591,1,17.54
2024-10-07 08:00:00,3.0837431508767,2.60363011552663,1,21.84
2024-10-07 09:00:00,3.31636544614546,2.80780552614839,1,27.56
2024-10-07 10:00:00,3.365570204019,2.68799019583512,1,28.95
2024-10-07 11:00:00,3.37348354309464,2.76115836704082,1,29.18
2024-10-07 12:00:00,3.16336311493794,2.63845852333961,1,23.65
2024-10-07 13:00:00,2.98770010185673,2.59055341775711,1,19.84
2024-10-07 14:00:00,3.05729762921215,2.47283234798997,1,21.27
2024-10-07 15:00:00,3.05116698044209,2.50714857812326,1,21.14
2024-10-07 16:00:00,3.14845336057165,2.75956047238102,1,23.3
2024-10-07 17:00:00,3.21245525706528,2.40185193109444,1,24.84
2024-10-07 18:00:00,3.1646308100158,2.63790876727198,1,23.68
2024-10-07 19:00:00,3.16758253048065,3.12706158798031,1,23.75
2024-10-07 20:00:00,3.22525543183224,3.04599092028675,1,25.16
2024-10-07 21:00:00,3.31418600467253,2.97489730121799,1,27.5
2024-10-07 22:00:00,3.16039889510922,2.86585568855614,1,23.58
2024-10-07 23:00:00,3.05823747890539,2.83364253555107,1,21.29
2024-10-08,3.35445511911002,2.85953400025238,1,28.63
2024-10-08 01:00:00,3.07037581654976,2.58840153378211,1,21.55
2024-10-08 02:00:00,3.18676577094997,2.7233027394337,1,24.21
2024-10-08 03:00:00,3.24726889936942,2.67181276074996,1,25.72
2024-10-08 04:00:00,3.22882615572137,2.58729424222377,1,25.25
2024-10-08 05:00:00,3.34286180464919,2.58365591781432,1,28.3
2024-10-08 06:00:00,3.7000666435045,2.61836818988501,1,40.45
2024-10-08 07:00:00,3.76445064096101,2.53522434221363,1,43.14
2024-10-08 08:00:00,3.38371206732114,2.64571434924043,1,29.48
2024-10-08 09:00:00,3.21245525706528,2.62818742338223,1,24.84
2024-10-08 10:00:00,2.11021320034659,2.0596088190353,1,8.25
2024-10-08 11:00:00,2.006870848845,1.99160056238887,1,7.44
2024-10-08 12:00:00,2.00955541421567,2.25719123683673,1,7.46
2024-10-08 13:00:00,2.26488322581003,2.34242401556812,1,9.63
2024-10-08 14:00:00,2.44321622273379,2.39297764265159,1,11.51
2024-10-08 15:00:00,2.48740352998659,2.61508257356594,1,12.03
2024-10-08 16:00:00,2.41412646772695,2.51229689116233,1,11.18
2024-10-08 17:00:00,2.83790818836042,2.50713092324453,1,17.08
2024-10-08 18:00:00,1.63899671467564,2.11542183738561,1,5.15
2024-10-08 19:00:00,1.53686721959926,2.25444309874409,1,4.65
2024-10-08 20:00:00,2.00012773496011,2.79066303795268,1,7.39
2024-10-08 21:00:00,2.35801979988215,2.76655126477583,1,10.57
2024-10-08 22:00:00,2.51203531717625,2.69044415806223,1,12.33
2024-10-08 23:00:00,2.35707327827812,2.53124412320069,1,10.56
2024-10-09,2.54709867004445,2.58148168116464,1,12.77
2024-10-09 01:00:00,2.41143949790613,1.8086790105867,1,11.15
2024-10-09 02:00:00,2.59376105470008,2.03234603295252,1,13.38
2024-10-09 03:00:00,2.4423470353692,2.03146418562935,1,11.5
2024-10-09 04:00:00,2.15986879079245,2.1764564934216,1,8.67
2024-10-09 05:00:00,2.54866361559075,2.22091437359076,1,12.79
2024-10-09 06:00:00,1.95727390770563,2.14550726385313,1,7.08
2024-10-09 07:00:00,1.15057202759882,2.41246959893079,1,3.16
2024-10-09 08:00:00,1.00795792039998,2.32267214409374,1,2.74
2024-10-09 09:00:00,1.55603713570699,1.74060727717784,1,4.74
2024-10-09 10:00:00,2.2364452904895,1.38867636208981,1,9.36
2024-10-09 11:00:00,0.732367893713227,1.30096897253632,1,2.08
2024-10-09 12:00:00,0.46373401623214,1.14503473952118,1,1.59
2024-10-09 13:00:00,0.815364813284194,1.00089992011475,1,2.26
2024-10-09 14:00:00,2.15059873599616,1.17013702445671,1,8.59
2024-10-09 15:00:00,1.55814461804655,1.03681214457157,1,4.75
2024-10-09 16:00:00,2.06305806242931,1.06433135866667,1,7.87
2024-10-09 17:00:00,1.61938824328727,2.03163162859506,1,5.05
2024-10-09 18:00:00,1.82616089594539,2.08547013180069,1,6.21
2024-10-09 19:00:00,1.97962120639763,2.24378649461099,1,7.24
2024-10-09 20:00:00,0.932164081030445,2.0010715481446,1,2.54
2024-10-09 21:00:00,1.24126858906963,1.85377680806357,1,3.46
2024-10-09 22:00:00,1.71379792775834,2.12296807428042,1,5.55
2024-10-09 23:00:00,1.51512723296286,2.24676287035006,1,4.55
2024-10-10,1.63119940421561,2.03508844595169,1,5.11
2024-10-10 01:00:00,3.16082289341958,2.18862694557469,1,23.59
2024-10-10 02:00:00,2.40243042796376,2.29296683906726,1,11.05
2024-10-10 03:00:00,2.68716699018579,2.45855737319408,1,14.69
2024-10-10 04:00:00,2.40514168131914,2.41471776211797,1,11.08
2024-10-10 05:00:00,2.13888900032326,2.41434179940888,1,8.49
2024-10-10 06:00:00,2.03208784529637,2.37165652008383,1,7.63
2024-10-10 07:00:00,2.58021682959233,2.35648758685524,1,13.2
2024-10-10 08:00:00,2.15640258281596,2.31350447711435,1,8.64
2024-10-10 09:00:00,2.06559613485778,2.06510284357484,1,7.89
2024-10-10 10:00:00,0.883767540168595,1.37394622426772,1,2.42
2024-10-10 11:00:00,0.993251773010283,1.54464039812025,1,2.7
2024-10-10 12:00:00,-0.994252273343867,1.02234755245409,1,0.37
2024-10-10 13:00:00,-0.755022584278033,1.82011777589898,1,0.47
2024-10-10 14:00:00,0,1.73748152525009,1,1
2024-10-10 15:00:00,0.488580014818671,1.46417325635655,1,1.63
2024-10-10 16:00:00,0.693147180559945,1.34895599777134,1,2
2024-10-10 17:00:00,1.18784342239605,1.52262254549647,1,3.28
2024-10-10 18:00:00,1.43031124653666,1.83981546052126,1,4.18
2024-10-10 19:00:00,1.76130026174335,2.44359384496834,1,5.82
2024-10-10 20:00:00,2.42921774392741,2.52727308053068,1,11.35
2024-10-10 21:00:00,1.07158361628019,2.03940675654285,1,2.92
2024-10-10 22:00:00,1.40609698841607,2.38036054649345,1,4.08
2024-10-10 23:00:00,2.18380155700408,2.66132392584485,1,8.88
2024-10-11,1.70656462316482,2.15995877551262,1,5.51
2024-10-11 01:00:00,2.66095859356836,2.53234454604072,1,14.31
2024-10-11 02:00:00,3.21245525706528,2.5548898738893,1,24.84
2024-10-11 03:00:00,2.36179695262589,2.39000987766162,1,10.61
2024-10-11 04:00:00,1.62531126159039,2.29471838795793,1,5.08
2024-10-11 05:00:00,1.58514521986506,2.3020490087532,1,4.88
2024-10-11 06:00:00,1.94591014905531,2.33248699834763,1,7
2024-10-11 07:00:00,2.03208784529637,2.47508572725282,1,7.63
2024-10-11 08:00:00,1.98513086220859,2.32556243219737,1,7.28
2024-10-11 09:00:00,1.75958057086382,2.11385619180434,1,5.81
2024-10-11 10:00:00,1.8229350866965,2.34099379054482,1,6.19
2024-10-11 11:00:00,1.36609165380237,2.32304117147911,1,3.92
2024-10-11 12:00:00,1.36609165380237,2.55366103831784,1,3.92
2024-10-11 13:00:00,1.17557332980424,2.50545428430505,1,3.24
2024-10-11 14:00:00,0.854415328156068,2.20628963260329,1,2.35
2024-10-11 15:00:00,0.693147180559945,2.08317540118768,1,2
2024-10-11 16:00:00,1.86562931779451,2.51641816812861,1,6.46
2024-10-11 17:00:00,1.94591014905531,2.81977291940895,1,7
2024-10-11 18:00:00,1.62531126159039,2.64911208899253,1,5.08
2024-10-11 19:00:00,2.52812576890798,2.76249613835939,1,12.53
2024-10-11 20:00:00,2.36368019235386,2.72174906013828,1,10.63
2024-10-11 21:00:00,2.59450815970308,2.57762735412394,1,13.39
2024-10-11 22:00:00,2.484906649788,2.98583430587425,1,12
2024-10-11 23:00:00,2.50470927708418,2.83658747968442,1,12.24
2024-10-12,2.3869262414278,2.87984141366062,1,10.88
2024-10-12 01:00:00,1.75267208052001,2.7399018437787,1,5.77
2024-10-12 02:00:00,1.57069708411767,2.68593161718662,1,4.81
2024-10-12 03:00:00,1.46093790411566,2.77891386771557,1,4.31
2024-10-12 04:00:00,2.07944154167984,2.8993734229477,1,8
2024-10-12 05:00:00,2.1770218700187,2.7808529490815,1,8.82
2024-10-12 06:00:00,1.95018670582257,2.42549993915696,1,7.03
2024-10-12 07:00:00,2.1770218700187,2.85481631003712,1,8.82
2024-10-12 08:00:00,2.15755932094379,2.80773274114227,1,8.65
2024-10-12 09:00:00,2.67345875633259,3.03844499737778,1,14.49
2024-10-12 10:00:00,2.65324196460721,2.84713971672963,1,14.2
2024-10-12 11:00:00,2.94021956362373,2.75304574055989,1,18.92
2024-10-12 12:00:00,3.07961375753469,2.64508024818395,1,21.75
2024-10-12 13:00:00,2.63188884013665,1.89469384161428,1,13.9
2024-10-12 14:00:00,2.18829594659192,1.59864452457696,1,8.92
2024-10-12 15:00:00,2.2975725511705,2.20313187518588,1,9.95
2024-10-12 16:00:00,2.29051251175978,2.4725130758952,1,9.88
2024-10-12 17:00:00,2.59972232421658,2.53857812518399,1,13.46
2024-10-12 18:00:00,3.09240516081425,2.93320755878225,1,22.03
2024-10-12 19:00:00,3.06851794327964,3.08844877600738,1,21.51
2024-10-12 20:00:00,3.14544454678232,2.80559155907201,1,23.23
2024-10-12 21:00:00,3.13766576944266,2.95083520510988,1,23.05
2024-10-12 22:00:00,2.99573227355399,2.94093606086366,1,20
2024-10-12 23:00:00,3.08190996979504,2.91472033829532,1,21.8
2024-10-13,3.06058324587361,2.81437373362219,1,21.34
2024-10-13 01:00:00,3.17052556392715,2.83649604241902,1,23.82
2024-10-13 02:00:00,3.18013499655177,2.61240061137162,1,24.05
2024-10-13 03:00:00,3.17680304844629,2.39869541132026,1,23.97
2024-10-13 04:00:00,3.23985423125339,2.55993302523442,1,25.53
2024-10-13 05:00:00,3.18552584518665,2.64245260513175,1,24.18
2024-10-13 06:00:00,3.18138162044062,2.59926401231851,1,24.08
2024-10-13 07:00:00,3.2511493854185,1.7255904948528,1,25.82
2024-10-13 08:00:00,3.23159459727598,2.31183854372246,1,25.32
2024-10-13 09:00:00,1.85785927093258,1.54210616090191,1,6.41
2024-10-13 10:00:00,0.717839793150317,1.64204679573727,1,2.05
2024-10-13 11:00:00,0.625938430866495,1.21453514941404,1,1.87
2024-10-13 12:00:00,0.570979546585738,0.464090352922242,1,1.77
2024-10-13 13:00:00,0.582215619852664,0.325914876205678,1,1.79
2024-10-13 14:00:00,0.542324290825362,0.732819509268284,1,1.72
2024-10-13 15:00:00,0.506817602368452,0.887282406621928,1,1.66
2024-10-13 16:00:00,0.641853886172395,1.34049373633356,1,1.9
2024-10-13 17:00:00,0.765467842139571,0.700331181055358,1,2.15
2024-10-13 18:00:00,0.932164081030445,1.24670704326664,1,2.54
2024-10-13 19:00:00,1.39376637595859,1.52412005587546,1,4.03
2024-10-13 20:00:00,1.15057202759882,1.38569222110538,1,3.16
2024-10-13 21:00:00,1.00795792039998,1.45347235959679,1,2.74
2024-10-13 22:00:00,1.49065437644413,2.01768286019629,1,4.44
2024-10-13 23:00:00,1.52605630349505,2.01096352132544,1,4.6
2024-10-14,1.20896034583698,1.94815280747843,1,3.35
2024-10-14 01:00:00,1.07158361628019,1.76421119202745,1,2.92
2024-10-14 02:00:00,1.24415459395877,1.54553489599775,1,3.47
2024-10-14 03:00:00,1.10525683138678,1.8430517409898,1,3.02
2024-10-14 04:00:00,1.42310833424261,1.90333923293194,1,4.15
2024-10-14 05:00:00,1.44220199305819,2.18505092037308,1,4.23
2024-10-14 06:00:00,1.50185270175416,2.00610802621359,1,4.49
2024-10-14 07:00:00,1.60341984010854,2.2235607065625,1,4.97
2024-10-14 08:00:00,1.78339121955754,2.41158121266946,1,5.95
2024-10-14 09:00:00,1.64480505627139,2.07168448769153,1,5.18
2024-10-14 10:00:00,1.53039470509365,1.94139638413853,1,4.62
2024-10-14 11:00:00,1.43270073393405,1.63897238604011,1,4.19
2024-10-14 12:00:00,1.11514159061932,1.48122642327034,1,3.05
2024-10-14 13:00:00,0.982078472412158,1.73126081325089,1,2.67
2024-10-14 14:00:00,0.974559639998131,1.81811145976794,1,2.65
2024-10-14 15:00:00,0.985816794522765,1.544725629624,1,2.68
2024-10-14 16:00:00,1.20297230399235,1.88014536604877,1,3.33
2024-10-14 17:00:00,1.78674692740451,2.16865090102093,1,5.97
2024-10-14 18:00:00,1.20297230399235,2.14162037914893,1,3.33
2024-10-14 19:00:00,1.24415459395877,2.38952950575564,1,3.47
2024-10-14 20:00:00,1.43508452528932,2.80353871582863,1,4.2
2024-10-14 21:00:00,1.53255686809814,2.8729181584458,1,4.63
2024-10-14 22:00:00,1.94591014905531,2.64870385809224,1,7
2024-10-14 23:00:00,2.24812890719799,3.03942684832784,1,9.47
2024-10-15,1.7630170003624,2.89743237496741,1,5.83
2024-10-15 01:00:00,1.69561560867515,2.83846900205495,1,5.45
2024-10-15 02:00:00,1.69009581545155,2.8738592267342,1,5.42
2024-10-15 03:00:00,1.65822807660353,2.68402613357348,1,5.25
2024-10-15 04:00:00,1.33236601909433,2.44734493845399,1,3.79
2024-10-15 05:00:00,1.11514159061932,2.52449568459924,1,3.05
2024-10-15 06:00:00,1.02604159583327,2.46793838303476,1,2.79
2024-10-15 07:00:00,1.04731899428056,2.72119467276158,1,2.85
2024-10-15 08:00:00,0.667829372575655,2.61672833352677,1,1.95
2024-10-15 09:00:00,1.51732262352629,2.43038440042089,1,4.56
2024-10-15 10:00:00,1.62924053973028,2.27883206972834,1,5.1
2024-10-15 11:00:00,1.26129787094521,1.96307648185315,1,3.53
2024-10-15 12:00:00,1.09861228866811,1.72782006062581,1,3
2024-10-15 13:00:00,1.11514159061932,1.80360154269281,1,3.05
2024-10-15 14:00:00,1.08180517035173,2.05571433224034,1,2.95
2024-10-15 15:00:00,1.06125650212434,2.23771737192529,1,2.89
2024-10-15 16:00:00,1.4036429994545,1.82625411325839,1,4.07
2024-10-15 17:00:00,1.55814461804655,2.11735037933244,1,4.75
2024-10-15 18:00:00,1.89461685466776,2.23856035157701,1,6.65
2024-10-15 19:00:00,2.50225528812261,2.80205631196025,1,12.21
2024-10-15 20:00:00,2.61153930072137,3.21634718773617,1,13.62
2024-10-15 21:00:00,2.33795223683134,3.16166686858294,1,10.36
2024-10-15 22:00:00,2.6658383522929,3.10531778209031,1,14.38
2024-10-15 23:00:00,2.56032328907275,2.96911779990804,1,12.94
2024-10-16,2.43097830776244,3.12890640646155,1,11.37
2024-10-16 01:00:00,2.73890266458497,3.05253796594052,1,15.47
2024-10-16 02:00:00,2.62611681833952,2.82664467793313,1,13.82
2024-10-16 03:00:00,2.74983173511717,2.74228375979763,1,15.64
2024-10-16 04:00:00,2.65464942437509,2.82446884845865,1,14.22
2024-10-16 05:00:00,2.74019465442878,2.67501590819041,1,15.49
2024-10-16 06:00:00,3.17596832385692,2.77221469170041,1,23.95
2024-10-16 07:00:00,3.01504458458636,2.60457459068108,1,20.39
2024-10-16 08:00:00,3.20761263258949,2.80293919046891,1,24.72
2024-10-16 09:00:00,3.15657479867082,2.40529648018789,1,23.49
2024-10-16 10:00:00,2.6658383522929,2.22146957933351,1,14.38
2024-10-16 11:00:00,1.97546895129686,1.45346617551922,1,7.21
2024-10-16 12:00:00,2.08318452795867,1.35988312837395,1,8.03
2024-10-16 13:00:00,2.05923883436232,1.42268396713684,1,7.84
2024-10-16 14:00:00,2.06559613485778,1.23595085244434,1,7.89
2024-10-16 15:00:00,1.85941811770187,1.08160450248437,1,6.42
2024-10-16 16:00:00,1.52388002407245,0.589164741026859,1,4.59
2024-10-16 17:00:00,1.47704872438835,1.14664572086645,1,4.38
2024-10-16 18:00:00,1.5830939370945,1.43296193758462,1,4.87
2024-10-16 19:00:00,1.49738840862548,1.59635354316562,1,4.47
2024-10-16 20:00:00,1.67335123817775,1.93112842377207,1,5.33
2024-10-16 21:00:00,1.76985463384001,1.91065629854402,1,5.87
2024-10-16 22:00:00,1.70474809223843,2.04422448018593,1,5.5
2024-10-16 23:00:00,1.6094379124341,1.97367383586908,1,5
2024-10-17,1.60341984010854,2.11367152979283,1,4.97
2024-10-17 01:00:00,1.73871024813824,2.15923277731869,1,5.69
2024-10-17 02:00:00,1.61938824328727,1.80270249953596,1,5.05
2024-10-17 03:00:00,1.49514876603197,1.60631404836111,1,4.46
2024-10-17 04:00:00,1.53039470509365,1.85530689564016,1,4.62
2024-10-17 05:00:00,1.48387468945875,1.94127000482007,1,4.41
2024-10-17 06:00:00,1.57484646766448,1.85282743414668,1,4.83
2024-10-17 07:00:00,1.60341984010854,2.00950186879097,1,4.97
2024-10-17 08:00:00,1.880990602956,1.99874229498248,1,6.56
2024-10-17 09:00:00,1.61541998411165,1.27751397241199,1,5.03
2024-10-17 10:00:00,1.80500469597808,1.05548436602234,1,6.08
2024-10-17 11:00:00,1.98924327376169,1.29661006225235,1,7.31
2024-10-17 12:00:00,2.14710019015365,1.40933855230833,1,8.56
2024-10-17 13:00:00,2.01356879752913,1.72957463619449,1,7.49
2024-10-17 14:00:00,1.89009536994892,2.4422087770782,1,6.62
2024-10-17 15:00:00,2.10169215061466,2.41569029208703,1,8.18
2024-10-17 16:00:00,2.19722457733622,2.33485418925713,1,9
2024-10-17 17:00:00,2.20276475771183,2.58408429403245,1,9.05
2024-10-17 18:00:00,2.26695791535089,2.90302146130287,1,9.65
2024-10-17 19:00:00,2.76190687389292,2.9102418897527,1,15.83
2024-10-17 20:00:00,2.60268968544438,3.08565584026006,1,13.5
2024-10-17 21:00:00,2.99423114742772,2.94215753168499,1,19.97
2024-10-17 22:00:00,2.75302356674494,2.73569895432538,1,15.69
2024-10-17 23:00:00,4.07855387631578,3.03024519492159,1,59.06
2024-10-18,4.0285608216761,3.01559475554758,1,56.18
2024-10-18 01:00:00,3.26956893918372,2.85931509182502,1,26.3
2024-10-18 02:00:00,3.15572300986293,2.69891053373754,1,23.47
2024-10-18 03:00:00,3.16716138918152,2.68922158828112,1,23.74
2024-10-18 04:00:00,3.29398329735501,2.68084191640178,1,26.95
2024-10-18 05:00:00,3.24337329646859,2.71276177472404,1,25.62
2024-10-18 06:00:00,3.2260500286162,2.68600710177942,1,25.18
2024-10-18 07:00:00,3.42328497812616,2.68707673269049,1,30.67
2024-10-18 08:00:00,2.55334381134123,2.01874173338816,1,12.85
2024-10-18 09:00:00,2.31055326264322,1.9730687128127,1,10.08
2024-10-18 10:00:00,2.54317555791198,2.10635241303648,1,12.72
2024-10-18 11:00:00,2.90744735868642,1.8363840949846,1,18.31
2024-10-18 12:00:00,2.51122395810537,1.88106433643317,1,12.32
2024-10-18 13:00:00,2.59972232421658,1.71676644402547,1,13.46
2024-10-18 14:00:00,2.56494935746154,2.25237335476264,1,13
2024-10-18 15:00:00,2.51930807650533,2.43071775558687,1,12.42
2024-10-18 16:00:00,2.65324196460721,2.40427217028584,1,14.2
2024-10-18 17:00:00,2.8142103969306,2.73520039801217,1,16.68
2024-10-18 18:00:00,2.72129542785223,2.7867698539217,1,15.2
2024-10-18 19:00:00,2.7219531062712,2.86956073838505,1,15.21
2024-10-18 20:00:00,2.75874331541773,3.1791419573061,1,15.78
2024-10-18 21:00:00,2.89591193827178,2.97144209634372,1,18.1
2024-10-18 22:00:00,3.53863779078339,2.96911014974335,1,34.42
2024-10-18 23:00:00,3.51333488159901,3.0008600693166,1,33.56
2024-10-19,3.63968920992316,3.04072296582772,1,38.08
2024-10-19 01:00:00,3.44712631355056,2.90834542432855,1,31.41
2024-10-19 02:00:00,3.11529150861163,2.83399134178346,1,22.54
2024-10-19 03:00:00,2.92208573338569,2.73853831357134,1,18.58
2024-10-19 04:00:00,2.98669152890184,2.7120672173967,1,19.82
2024-10-19 05:00:00,3.40452517175483,2.75110772413001,1,30.1
2024-10-19 06:00:00,2.76127496233951,2.78631361228201,1,15.82
2024-10-19 07:00:00,2.88312332917134,2.78378160336607,1,17.87
2024-10-19 08:00:00,3.07961375753469,2.84048276604905,1,21.75
2024-10-19 09:00:00,3.16167035109742,2.73258676812686,1,23.61
2024-10-19 10:00:00,2.78809290877575,2.67277752586451,1,16.25
2024-10-19 11:00:00,2.51850259921652,2.55283852459291,1,12.41
2024-10-19 12:00:00,2.37861977927004,2.28187972880122,1,10.79
2024-10-19 13:00:00,2.54866361559075,2.34859997941527,1,12.79
2024-10-19 14:00:00,2.55489902160804,2.47271017464703,1,12.87
2024-10-19 15:00:00,2.64688376586472,2.67920104605312,1,14.11
2024-10-19 16:00:00,2.73176672771953,2.59634057277451,1,15.36
2024-10-19 17:00:00,2.88368276974537,2.55213101172905,1,17.88
2024-10-19 18:00:00,3.09828886187908,2.88942073937685,1,22.16
2024-10-19 19:00:00,3.09104245335832,3.00752493556577,1,22
2024-10-19 20:00:00,3.22207071576472,3.04726420806078,1,25.08
2024-10-19 21:00:00,3.3257551864953,2.8761904478227,1,27.82
2024-10-19 22:00:00,3.0243197304059,2.95500016030322,1,20.58
2024-10-19 23:00:00,2.97399778140798,2.89645586812135,1,19.57
2024-10-20,2.95386806945529,2.90410402416416,1,19.18
2024-10-20 01:00:00,3.14328983791161,2.9728625477086,1,23.18
2024-10-20 02:00:00,3.10861443061066,2.96307791043814,1,22.39
2024-10-20 03:00:00,3.14931136148229,2.86182115412672,1,23.32
2024-10-20 04:00:00,2.99573227355399,2.83068702885934,1,20
2024-10-20 05:00:00,2.80638610182307,2.84633748938455,1,16.55
2024-10-20 06:00:00,2.63691217326887,2.90640915285376,1,13.97
2024-10-20 07:00:00,2.70604819843154,2.98260984337408,1,14.97
2024-10-20 08:00:00,3.64701525001524,3.07824823318166,1,38.36
2024-10-20 09:00:00,3.44776285080948,3.04457883136622,1,31.43
2024-10-20 10:00:00,3.01258939062041,2.47721332941318,1,20.34
2024-10-20 11:00:00,2.33795223683134,2.06884324888046,1,10.36
2024-10-20 12:00:00,2.36743606531366,1.96236276907826,1,10.67
2024-10-20 13:00:00,2.39059597031676,1.7309776773168,1,10.92
2024-10-20 14:00:00,2.41502052232383,1.48991859046979,1,11.19
2024-10-20 15:00:00,2.49485698064117,1.67112814192925,1,12.12
2024-10-20 16:00:00,2.65042108826557,1.83189381982182,1,14.16
2024-10-20 17:00:00,2.68580459215489,2.50359767129423,1,14.67
2024-10-20 18:00:00,2.93225985059842,3.01861331495321,1,18.77
2024-10-20 19:00:00,3.08739946207981,2.85361619998953,1,21.92
2024-10-20 20:00:00,2.89922137317315,2.76332037160275,1,18.16
2024-10-20 21:00:00,3.24415363205247,2.84715343979572,1,25.64
2024-10-20 22:00:00,3.33790253128984,2.90227702340211,1,28.16
2024-10-20 23:00:00,3.35200713747138,3.00660350894125,1,28.56
2024-10-21,3.52871070196111,2.98479534638444,1,34.08
2024-10-21 01:00:00,3.3221541743217,2.86174575109335,1,27.72
2024-10-21 02:00:00,3.28053520525493,2.92093482070936,1,26.59
2024-10-21 03:00:00,3.18262669219308,2.90881026584003,1,24.11
2024-10-21 04:00:00,3.39952932456146,2.73949356207725,1,29.95
2024-10-21 05:00:00,3.37963320374631,2.85976396674754,1,29.36
2024-10-21 06:00:00,3.37929254627411,2.8446448023271,1,29.35
2024-10-21 07:00:00,3.68637632389582,2.78815943618962,1,39.9
2024-10-21 08:00:00,3.78123071517812,2.8181521036343,1,43.87
2024-10-21 09:00:00,3.5712214106457,2.84493914688822,1,35.56
2024-10-21 10:00:00,3.30615383297526,2.56765490374235,1,27.28
2024-10-21 11:00:00,3.25308399619794,2.50059664601069,1,25.87
2024-10-21 12:00:00,3.14974008603334,2.55517820801803,1,23.33
2024-10-21 13:00:00,3.20274644293832,2.54020583280676,1,24.6
2024-10-21 14:00:00,3.16167035109742,2.48621399949986,1,23.61
2024-10-21 15:00:00,3.12368563786445,2.53667782646511,1,22.73
2024-10-21 16:00:00,3.17805383034795,2.66765788348324,1,24
2024-10-21 17:00:00,3.2104403460471,2.89554892663781,1,24.79
2024-10-21 18:00:00,3.64675452781327,3.13627225730364,1,38.35
2024-10-21 19:00:00,3.38878736158547,3.23969866146771,1,29.63
2024-10-21 20:00:00,3.39517930933659,3.13546415202192,1,29.82
2024-10-21 21:00:00,3.28166281296697,2.91065851691587,1,26.62
2024-10-21 22:00:00,3.26575941076705,2.89978682781114,1,26.2
2024-10-21 23:00:00,3.28840188751681,2.86581565344975,1,26.8
2024-10-22,3.15870110183213,2.9824624806147,1,23.54
2024-10-22 01:00:00,3.2051824977362,2.93651958282945,1,24.66
2024-10-22 02:00:00,3.16800349449444,2.74547182125206,1,23.76
2024-10-22 03:00:00,3.29138251565495,2.73051064146767,1,26.88
2024-10-22 04:00:00,3.44137917129499,2.56407563815577,1,31.23
2024-10-22 05:00:00,3.58407433974781,2.60650228586124,1,36.02
2024-10-22 06:00:00,3.54500908369423,2.75156423065535,1,34.64
2024-10-22 07:00:00,3.62912944970816,2.78595920394563,1,37.68
2024-10-22 08:00:00,3.92986292355648,2.93518379567324,1,50.9
2024-10-22 12:00:00,3.78418963391826,2.87831393420416,1,44
2024-10-22 13:00:00,3.66561082717458,2.62400204775952,1,39.08
2024-10-22 14:00:00,3.55047908437791,2.78031793439036,1,34.83
2024-10-22 15:00:00,3.80019719024589,2.65858031752862,1,44.71
2024-10-22 16:00:00,4.02105676645227,2.77381834530086,1,55.76
2024-10-22 17:00:00,4.09184143200398,NA,1,59.85
2024-10-22 18:00:00,3.96480519086712,NA,1,52.71
2024-10-22 19:00:00,3.57346860260261,NA,1,35.64
2024-10-22 20:00:00,2.74919214443339,NA,1,15.63
2024-10-22 21:00:00,2.484906649788,NA,1,12
2024-10-22 22:00:00,2.40604380136228,2.9420254043843,1,11.09
2024-10-22 23:00:00,1.87946504964716,2.87069352442159,1,6.55
2024-10-23,2.09309786812732,2.8285878154785,1,8.11
2024-10-23 01:00:00,1.7263316639056,2.76199468508385,1,5.62
2024-10-23 02:00:00,1.44926916028128,2.65529172975026,1,4.26
2024-10-23 03:00:00,1.63315443905142,2.89818198703595,1,5.12
2024-10-23 04:00:00,2.02154756326093,2.83380693469179,1,7.55
2024-10-23 05:00:00,2.15986879079245,2.82082193057566,1,8.67
2024-10-23 06:00:00,1.95302761682418,2.95640599196313,1,7.05
2024-10-23 07:00:00,2.14124194258528,3.03581397133424,1,8.51
2024-10-23 08:00:00,2.49568172295596,3.14860137256924,1,12.13
2024-10-23 09:00:00,2.73501664933202,3.16452951439115,1,15.41
2024-10-23 10:00:00,2.94285878394692,2.86281981661076,1,18.97
2024-10-23 11:00:00,2.82672173081971,2.56405800109904,1,16.89
2024-10-23 12:00:00,2.11625551480255,2.27822908710405,1,8.3
2024-10-23 13:00:00,1.57277392806251,2.19144648514555,1,4.82
2024-10-23 14:00:00,1.61541998411165,1.94800611924448,1,5.03
2024-10-23 15:00:00,1.63510565918268,1.39624919701021,1,5.13
2024-10-23 16:00:00,1.6094379124341,1.89935847765939,1,5
2024-10-23 17:00:00,3.58435192476,2.49404804981727,1,36.03
2024-10-23 18:00:00,2.96836107675786,3.09067448997023,1,19.46
2024-10-23 19:00:00,2.60638654732571,3.15193789839432,1,13.55
2024-10-23 20:00:00,2.97654945413722,2.89181265350452,1,19.62
2024-10-23 21:00:00,2.55334381134123,3.07676848569039,1,12.85
2024-10-23 22:00:00,2.4518667957098,3.08918418872199,1,11.61
2024-10-23 23:00:00,2.40604380136228,3.06585334442226,1,11.09
2024-10-24,2.38139627341834,3.12636770429719,1,10.82
2024-10-24 01:00:00,2.72785282839839,3.00485323034676,1,15.3
2024-10-24 02:00:00,2.88591740754678,3.08375345221979,1,17.92
2024-10-24 03:00:00,3.14888245304767,2.93162495891066,1,23.31
2024-10-24 04:00:00,3.4323729991306,2.84473605517211,1,30.95
2024-10-24 05:00:00,3.53572827461976,2.99050702449337,1,34.32
2024-10-24 06:00:00,3.33398863196871,2.89069047926792,1,28.05
2024-10-24 07:00:00,3.27676730328398,2.94467634565715,1,26.49
2024-10-24 08:00:00,3.54269694393586,3.02469555701004,1,34.56
2024-10-24 09:00:00,3.24921102466427,2.79168136083448,1,25.77
2024-10-24 10:00:00,3.02626147858881,2.40897020180557,1,20.62
2024-10-24 11:00:00,2.59301339111385,2.18303458455868,1,13.37
2024-10-24 12:00:00,2.18605127673809,2.14129175322494,1,8.9
2024-10-24 13:00:00,2.484906649788,2.33888420533921,1,12
2024-10-24 14:00:00,2.55256529826182,2.35534330736611,1,12.84
2024-10-24 15:00:00,2.598235335095,2.42861565521089,1,13.44
2024-10-24 16:00:00,2.80336038090653,2.4463888767372,1,16.5
2024-10-24 17:00:00,3.31636544614546,2.67377014559707,1,27.56
2024-10-24 18:00:00,3.2511493854185,2.90170556640886,1,25.82
2024-10-24 19:00:00,3.37485340632255,2.72001616633462,1,29.22
2024-10-24 20:00:00,3.55019193434004,2.79800131607968,1,34.82
2024-10-24 21:00:00,3.24921102466427,2.93290628466505,1,25.77
2024-10-24 22:00:00,3.43881424523346,2.90170830782313,1,31.15
2024-10-24 23:00:00,3.33719205168624,2.94978089168752,1,28.14
2024-10-25,3.69535842021165,3.04706666021941,1,40.26
2024-10-25 01:00:00,3.69486152579148,3.04458734192584,1,40.24
2024-10-25 02:00:00,3.3779287547228,3.01459356463524,1,29.31
2024-10-25 03:00:00,3.3541057741283,2.97674126250874,1,28.62
2024-10-25 04:00:00,3.39350117502768,2.92466051016707,1,29.77
2024-10-25 05:00:00,3.65738878702257,2.85599959534283,1,38.76
2024-10-25 06:00:00,3.59209318542624,2.81565379741534,1,36.31
2024-10-25 07:00:00,3.49408037580887,2.8221819204471,1,32.92
2024-10-25 08:00:00,3.23828621838802,2.87343597904077,1,25.49
2024-10-25 09:00:00,3.31454957493648,3.04591755415334,1,27.51
2024-10-25 10:00:00,3.55763116750398,2.66410693452697,1,35.08
2024-10-25 11:00:00,3.2511493854185,2.23268829443708,1,25.82
2024-10-25 12:00:00,3.47413800606387,2.0391180593133,1,32.27
2024-10-25 13:00:00,3.06805293513362,2.01266479488462,1,21.5
2024-10-25 14:00:00,3.22286784613774,1.96206041662436,1,25.1
2024-10-25 15:00:00,3.47537677983641,2.06401104202075,1,32.31
2024-10-25 16:00:00,3.26918863874179,2.2842950478393,1,26.29
2024-10-25 17:00:00,3.28914787785353,2.50245988335405,1,26.82
2024-10-25 18:00:00,3.21567069391925,2.79450743251994,1,24.92
2024-10-25 19:00:00,3.28278915061185,2.55562159606734,1,26.65
2024-10-25 20:00:00,3.38099467434464,2.64558308771098,1,29.4
2024-10-25 21:00:00,3.45030495576918,2.85780222774473,1,31.51
2024-10-25 22:00:00,3.55820113047182,2.93694825338177,1,35.1
2024-10-25 23:00:00,3.75630443042873,2.87977302124382,1,42.79
2024-10-26,3.5055573969864,2.89547650096873,1,33.3
2024-10-26 01:00:00,3.76120011569356,2.85034516974525,1,43
2024-10-26 03:00:00,3.1730412885244,2.71621375226734,1,23.88
2024-10-26 04:00:00,3.08967788639652,2.70039608492787,1,21.97
2024-10-26 05:00:00,3.09467222140889,2.7483346591487,1,22.08
2024-10-26 06:00:00,3.17387845893747,2.53372500189915,1,23.9
2024-10-26 07:00:00,3.49983535155915,2.69702381188734,1,33.11
2024-10-26 11:00:00,2.56186769092413,2.70205216468823,1,12.96
2024-10-26 12:00:00,2.82197394742052,2.55733767124877,1,16.81
2024-10-26 13:00:00,2.80154054418955,2.54829254797238,1,16.47
2024-10-26 14:00:00,2.89037175789616,2.50153839810448,1,18
2024-10-26 15:00:00,2.97960289162411,2.42164205113981,1,19.68
2024-10-26 16:00:00,2.52172062291072,2.25761709701356,1,12.45
2024-10-26 17:00:00,2.98467132619457,2.34113029989241,1,19.78
2024-10-26 18:00:00,3.54269694393586,2.82101827073338,1,34.56
2024-10-26 19:00:00,3.46823278299831,2.93103118487322,1,32.08
2024-10-26 20:00:00,3.56331623113859,2.96689010779875,1,35.28
2024-10-26 21:00:00,3.2699490950522,2.93933942625285,1,26.31
2024-10-26 22:00:00,3.44553319548221,2.7895468027429,1,31.36
2024-10-26 23:00:00,3.80354652909206,2.78489199599356,1,44.86
2024-10-27,3.54472035841433,2.64102403813765,1,34.63
2024-10-27 01:00:00,2.88926002904347,1.97948100145302,1,17.98
2024-10-27 02:00:00,2.82078347108945,1.89750067904952,1,16.79
2024-10-27 02:00:00,2.63905732961526,1.93944294945439,1,14
2024-10-27 03:00:00,2.65112705370259,2.21379076385874,1,14.17
2024-10-27 04:00:00,2.58475198475772,2.0782100802464,1,13.26
2024-10-27 05:00:00,2.41769790009455,2.07358709478115,1,11.22
2024-10-27 06:00:00,2.3664984187377,2.4314041518152,1,10.66
2024-10-27 07:00:00,2.41143949790613,2.64504356127543,1,11.15
2024-10-27 08:00:00,2.57108434602905,2.561303136055,1,13.08
2024-10-27 09:00:00,2.12584791449399,2.40552294421075,1,8.38
2024-10-27 10:00:00,2.12584791449399,2.38476394696055,1,8.38
2024-10-27 11:00:00,2.26384426467762,2.42030629810337,1,9.62
2024-10-27 12:00:00,2.23430625224075,2.12200588271201,1,9.34
2024-10-27 13:00:00,2.12465388450138,1.95062657963761,1,8.37
2024-10-27 14:00:00,2.18380155700408,2.03042841103345,1,8.88
2024-10-27 15:00:00,2.18829594659192,2.30024215381829,1,8.92
2024-10-27 16:00:00,2.33311429802887,2.36378157535015,1,10.31
2024-10-27 17:00:00,2.67000213346468,2.78026630619082,1,14.44
2024-10-27 18:00:00,2.75366071235426,2.68736139023763,1,15.7
2024-10-27 19:00:00,2.94021956362373,2.87007350843766,1,18.92
2024-10-27 20:00:00,3.0174937653355,2.81666758657564,1,20.44
2024-10-27 21:00:00,3.53834721980939,2.95635427095035,1,34.41
2024-10-27 22:00:00,2.64617479738412,2.70046884898832,1,14.1
2024-10-27 23:00:00,2.64971462408925,2.45011574123805,1,14.15
2024-10-28,2.66653352089928,2.39274149110776,1,14.39
2024-10-28 01:00:00,2.77258872223978,2.18324496061529,1,16
2024-10-28 02:00:00,2.88870370079547,2.21865988076771,1,17.97
2024-10-28 03:00:00,2.93119375241642,2.40330895040973,1,18.75
2024-10-28 04:00:00,3.00864849882054,2.29225119460645,1,20.26
2024-10-28 05:00:00,2.81959157583512,2.3585642393123,1,16.77
2024-10-28 06:00:00,2.64262239577975,2.38430869957792,1,14.05
2024-10-28 07:00:00,2.59376105470008,2.34347005170373,1,13.38
2024-10-28 08:00:00,2.53923699433305,2.74963874660915,1,12.67
2024-10-28 09:00:00,2.40243042796376,2.69824988071159,1,11.05
2024-10-28 10:00:00,2.21375387928743,2.28815383209902,1,9.15
2024-10-28 11:00:00,2.11142458753289,2.33647871708754,1,8.26
2024-10-28 12:00:00,1.76130026174335,1.99672689534871,1,5.82
2024-10-28 13:00:00,1.69009581545155,2.04830812014736,1,5.42
2024-10-28 14:00:00,1.98650354602057,2.16721402896311,1,7.29
2024-10-28 15:00:00,2.46300181439995,2.33288349542925,1,11.74
2024-10-28 16:00:00,2.61153930072137,2.4412123256276,1,13.62
2024-10-28 17:00:00,2.0360119837525,2.27524554989376,1,7.66
2024-10-28 18:00:00,2.25444471766611,2.6235914333105,1,9.53
2024-10-28 19:00:00,2.57337529777561,2.49069421279472,1,13.11
2024-10-28 20:00:00,2.67345875633259,2.05009804977618,1,14.49
2024-10-28 21:00:00,2.53051716104005,2.15448548913534,1,12.56
2024-10-28 22:00:00,2.7434173449395,2.35245635539867,1,15.54
2024-10-28 23:00:00,2.63905732961526,2.46161711439561,1,14
2024-10-29,3.05447276857659,2.73182078387256,1,21.21
2024-10-29 01:00:00,3.02042488614436,2.51797583832647,1,20.5
2024-10-29 02:00:00,3.01258939062041,2.57995566682154,1,20.34
2024-10-29 03:00:00,3.06572464537403,2.69346897242225,1,21.45
2024-10-29 04:00:00,3.0643250650196,2.77268270624251,1,21.42
2024-10-29 05:00:00,3.17345996133772,2.79461518418395,1,23.89
2024-10-29 06:00:00,3.38099467434464,2.73981343937842,1,29.4
2024-10-29 07:00:00,3.66022274486413,2.90059468273361,1,38.87
2024-10-29 08:00:00,3.52871070196111,2.97457468921359,1,34.08
2024-10-29 09:00:00,3.49103808566194,2.66899589424968,1,32.82
2024-10-29 10:00:00,3.14544454678232,2.73696026810794,1,23.23
2024-10-29 11:00:00,3.10413814739778,2.46033417659089,1,22.29
2024-10-29 12:00:00,3.33041719960111,2.53571370109327,1,27.95
2024-10-29 13:00:00,3.26804686887465,2.44307573167959,1,26.26
2024-10-29 14:00:00,3.14974008603334,2.40428343121252,1,23.33
2024-10-29 15:00:00,3.18552584518665,2.81400893370336,1,24.18
2024-10-29 16:00:00,3.35025490292458,2.79468836148673,1,28.51
2024-10-29 17:00:00,3.56784112573688,3.10632815529921,1,35.44
2024-10-29 18:00:00,3.47444784340175,3.03183472771672,1,32.28
2024-10-29 19:00:00,3.42263266238222,3.00179692805644,1,30.65
2024-10-29 20:00:00,3.52929738428947,3.12160200714047,1,34.1
2024-10-29 21:00:00,3.28391422104742,2.95823246696709,1,26.68
2024-10-29 22:00:00,3.2260500286162,2.83452830618511,1,25.18
2024-10-29 23:00:00,3.11662159082944,2.94319747571531,1,22.57
2024-10-30,3.30725293548561,2.88317680273872,1,27.31
2024-10-30 01:00:00,3.24804620216798,2.8502575754181,1,25.74
2024-10-30 02:00:00,3.41477150168927,2.77838553703814,1,30.41
2024-10-30 03:00:00,3.33683662250177,2.73898820290963,1,28.13
2024-10-30 04:00:00,3.17052556392715,2.8100548999541,1,23.82
2024-10-30 05:00:00,3.48951346271072,2.80581069411108,1,32.77
2024-10-30 06:00:00,3.13549421592915,2.89432325136603,1,23
2024-10-30 07:00:00,2.96630346286318,2.67467410782585,1,19.42
2024-10-30 08:00:00,3.26001776819938,2.65521693756843,1,26.05
2024-10-30 09:00:00,2.78809290877575,2.76661101296588,1,16.25
2024-10-30 10:00:00,2.28949985344539,2.64774432282497,1,9.87
2024-10-30 11:00:00,1.41098697371026,2.54106744730794,1,4.1
2024-10-30 12:00:00,1.21491274436427,2.61274001995588,1,3.37
2024-10-30 13:00:00,2.12584791449399,2.87031659908538,1,8.38
2024-10-30 14:00:00,0.932164081030445,2.49777656628771,1,2.54
2024-10-30 15:00:00,1.37371557891303,2.40265400548446,1,3.95
2024-10-30 16:00:00,1.59330853050422,2.66617126085844,1,4.92
2024-10-30 17:00:00,2.507971922719,2.78114983006416,1,12.28
2024-10-30 18:00:00,2.68716699018579,2.84482980375901,1,14.69
2024-10-30 19:00:00,2.80578168959555,2.79670912093179,1,16.54
2024-10-30 20:00:00,2.89314568477889,2.89781066746734,1,18.05
2024-10-30 21:00:00,3.01357219168232,2.69757134655619,1,20.36
2024-10-30 22:00:00,2.87130219517581,2.79625471324327,1,17.66
2024-10-30 23:00:00,3.12938865836666,2.74759020768498,1,22.86
2024-10-31,2.3174737054878,2.85764266414801,1,10.15
2024-10-31 01:00:00,2.07317192866624,2.7399365603824,1,7.95
2024-10-31 02:00:00,1.9643112344262,2.60657905579091,1,7.13
2024-10-31 03:00:00,1.23547147138531,2.51310216159821,1,3.44
2024-10-31 04:00:00,1.39871688111845,2.46226443780148,1,4.05
2024-10-31 05:00:00,1.37371557891303,2.63940563786336,1,3.95
2024-10-31 06:00:00,1.87333945622048,2.67730523103488,1,6.51
2024-10-31 07:00:00,0.89199803930511,2.51641121138012,1,2.44
2024-10-31 08:00:00,1.90359895098359,2.49277177867512,1,6.71
2024-10-31 09:00:00,0.982078472412158,2.48041445562131,1,2.67
2024-10-31 10:00:00,4.02838280654434,2.61611556835996,1,56.17
2024-10-31 11:00:00,0.883767540168595,2.44248690896952,1,2.42
2024-10-31 12:00:00,2.47232786758114,2.63476882532812,1,11.85
2024-10-31 13:00:00,2.80880010420235,2.43743345270079,1,16.59
2024-10-31 14:00:00,1.6094379124341,2.37940446365001,1,5
2024-10-31 15:00:00,2.5564518169511,2.56717689598188,1,12.89
2024-10-31 16:00:00,2.07568449280212,2.64113079405084,1,7.97
2024-10-31 17:00:00,2.4748563139345,2.98984906998618,1,11.88
2024-10-31 18:00:00,2.93066027681028,2.8702708935245,1,18.74
2024-10-31 19:00:00,3.01455402779458,3.02817699100219,1,20.38
2024-10-31 20:00:00,2.80699014895711,2.95267912567911,1,16.56
2024-10-31 21:00:00,2.91017438519234,2.96156295161653,1,18.36
2024-10-31 22:00:00,3.19867311755068,3.10818889904849,1,24.5
2024-10-31 23:00:00,3.12938865836666,3.10451509607671,1,22.86
2024-11-01,3.13331793650655,3.07588465843847,1,22.95
2024-11-01 01:00:00,3.22326617316949,2.91013460007964,1,25.11
2024-11-01 02:00:00,3.07361881221106,2.93431503649548,1,21.62
2024-11-01 03:00:00,3.02965049175745,2.74350320804273,1,20.69
2024-11-01 04:00:00,3.52871070196111,2.83536495697256,1,34.08
2024-11-01 05:00:00,4.0384794293807,2.41277909664496,1,56.74
2024-11-01 06:00:00,2.68239045432163,2.94132127350471,1,14.62
2024-11-01 07:00:00,2.69799986524871,2.67938154178242,1,14.85
2024-11-01 08:00:00,2.49568172295596,2.93432255874373,1,12.13
2024-11-01 09:00:00,2.6440448711263,2.9644427839004,1,14.07
2024-11-01 10:00:00,3.07223024452672,2.8629501294055,1,21.59
2024-11-01 11:00:00,3.20030443928277,2.70023291458252,1,24.54
2024-11-01 12:00:00,3.19212108755938,2.46559200452228,1,24.34
2024-11-01 13:00:00,3.1561489949599,2.39415771648083,1,23.48
2024-11-01 14:00:00,3.17596832385692,2.32479334434709,1,23.95
2024-11-01 15:00:00,3.08876713952118,2.52678751313711,1,21.95
2024-11-01 16:00:00,3.2699490950522,2.96830360370167,1,26.31
2024-11-01 17:00:00,3.2051824977362,2.88290229743337,1,24.66
2024-11-01 18:00:00,3.23080439573347,2.93364583631096,1,25.3
2024-11-01 19:00:00,3.41739876100016,3.11288178835023,1,30.49
2024-11-01 20:00:00,3.02723094061336,2.96840397073227,1,20.64
2024-11-01 21:00:00,2.51446545202954,2.22208009470062,1,12.36
2024-11-01 22:00:00,2.27521389619791,2.04781690787106,1,9.73
2024-11-01 23:00:00,2.15524450509534,1.52132470685236,1,8.63
2024-11-02,2.1540850846756,1.78095022739224,1,8.62
2024-11-02 01:00:00,1.8961194845523,2.17020369709498,1,6.66
2024-11-02 02:00:00,1.89009536994892,1.95177619652541,1,6.62
2024-11-02 03:00:00,1.51512723296286,2.01664897892588,1,4.55
2024-11-02 04:00:00,1.14740245283754,1.93898345015901,1,3.15
2024-11-02 05:00:00,0.879626747502564,2.12764439817618,1,2.41
2024-11-02 06:00:00,1.09192330051731,2.40120636029286,1,2.98
2024-11-02 07:00:00,0.717839793150317,2.52278065140643,1,2.05
2024-11-02 08:00:00,0.609765571620894,2.76105780149432,1,1.84
2024-11-02 09:00:00,0.378436435720245,1.91636045047288,1,1.46
2024-11-02 10:00:00,0.815364813284194,1.50938272307771,1,2.26
2024-11-02 11:00:00,1.06471073699243,1.96700830854626,1,2.9
2024-11-02 12:00:00,0.978326122793608,1.74633146444037,1,2.66
2024-11-02 13:00:00,0.500775287912489,1.50438603502383,1,1.65
2024-11-02 14:00:00,1.02604159583327,1.79010928182494,1,2.79
2024-11-02 15:00:00,1.14740245283754,2.0756122118385,1,3.15
2024-11-02 16:00:00,1.47932922708708,2.39590369351354,1,4.39
2024-11-02 17:00:00,1.93441576962958,2.85090551456778,1,6.92
2024-11-02 18:00:00,2.41769790009455,2.85010263717884,1,11.22
2024-11-02 19:00:00,2.52091708731103,2.73721315548789,1,12.44
2024-11-02 20:00:00,2.59525470695687,3.11668013409068,1,13.4
2024-11-02 21:00:00,2.63188884013665,3.06169486775851,1,13.9
2024-11-02 22:00:00,2.75047091698616,3.05982793981729,1,15.65
2024-11-02 23:00:00,2.87863650167774,2.99821775226762,1,17.79
2024-11-03,2.72523502585631,2.94952767545664,1,15.26
2024-11-03 01:00:00,2.97654945413722,2.92211332645599,1,19.62
2024-11-03 02:00:00,2.60712428251225,2.94042187130704,1,13.56
2024-11-03 03:00:00,2.2523438765573,2.87758618608331,1,9.51
2024-11-03 04:00:00,2.37769256548085,3.07784409794212,1,10.78
2024-11-03 05:00:00,3.10772077550204,3.04503600642044,1,22.37
2024-11-03 06:00:00,3.12763734443393,2.94836765719842,1,22.82
2024-11-03 07:00:00,3.08648663682246,3.05840411974784,1,21.9
2024-11-03 08:00:00,3.24337329646859,3.31201179172851,1,25.62
2024-11-03 09:00:00,3.63151513672437,3.1254096168527,1,37.77
2024-11-03 10:00:00,3.41772668361337,2.93925162985784,1,30.5
2024-11-03 11:00:00,3.26690379387878,2.70929557840438,1,26.23
2024-11-03 12:00:00,3.12632184325759,2.51672152501424,1,22.79
2024-11-03 13:00:00,2.88368276974537,2.43070906619661,1,17.88
2024-11-03 14:00:00,2.1621729392773,2.2059666094269,1,8.69
2024-11-03 15:00:00,2.33020026002702,2.53953807509943,1,10.28
2024-11-03 16:00:00,2.62611681833952,3.01726604450027,1,13.82
2024-11-03 17:00:00,3.07361881221106,3.0961828405305,1,21.62
2024-11-03 18:00:00,3.19458313229916,3.10009566457555,1,24.4
2024-11-03 19:00:00,3.2260500286162,3.13740470127213,1,25.18
2024-11-03 20:00:00,3.16589690007731,3.2216183045317,1,23.71
2024-11-03 21:00:00,3.4307561839037,3.11136522009025,1,30.9
2024-11-03 22:00:00,3.3506055955461,3.06924645723513,1,28.52
2024-11-03 23:00:00,3.44233932499333,3.20661867283492,1,31.26
2024-11-04,3.38844980883965,3.1883870592856,1,29.62
2024-11-04 01:00:00,3.64935869595165,3.12220013970095,1,38.45
2024-11-04 02:00:00,3.66816641251639,3.05779642683463,1,39.18
2024-11-04 03:00:00,3.33398863196871,2.63142993032154,1,28.05
2024-11-04 04:00:00,3.2519236789144,2.7397515529028,1,25.84
2024-11-04 05:00:00,3.23159459727598,2.98679720236304,1,25.32
2024-11-04 06:00:00,3.32071013074947,3.06856316478754,1,27.68
2024-11-04 07:00:00,3.48890296208126,2.73437310554279,1,32.75
2024-11-04 08:00:00,3.36106959057138,3.27789805733196,1,28.82
2024-11-04 09:00:00,3.49286457018798,3.27371613479977,1,32.88
2024-11-04 10:00:00,3.581294243434,3.21527452399276,1,35.92
2024-11-04 11:00:00,3.60277675506052,2.82950619538033,1,36.7
2024-11-04 12:00:00,3.07269331469012,2.56806421571726,1,21.6
2024-11-04 13:00:00,2.507971922719,2.59194125966577,1,12.28
2024-11-04 14:00:00,2.33795223683134,2.81172461530672,1,10.36
2024-11-04 15:00:00,2.25444471766611,2.59032044402299,1,9.53
2024-11-04 16:00:00,1.73165554515835,2.35171818897014,1,5.65
2024-11-04 17:00:00,1.9387416595767,2.61985953442817,1,6.95
2024-11-04 18:00:00,2.87073578337931,2.53876825386958,1,17.65
2024-11-04 19:00:00,2.40243042796376,2.90200908582221,1,11.05
2024-11-04 20:00:00,2.40333499609419,2.49141626362406,1,11.06
2024-11-04 21:00:00,2.88032142204266,2.68211652255408,1,17.82
2024-11-04 22:00:00,2.86903462050803,2.29990329464712,1,17.62
2024-11-04 23:00:00,2.9263821954192,2.36981467964377,1,18.66
2024-11-05,2.74791173452734,2.65319164557837,1,15.61
2024-11-05 01:00:00,2.52172062291072,2.66765274043101,1,12.45
2024-11-05 02:00:00,2.61447185414264,2.72758575425432,1,13.66
2024-11-05 03:00:00,3.05163990549229,2.78055032723252,1,21.15
2024-11-05 04:00:00,3.15955035878339,2.8340470905255,1,23.56
2024-11-05 05:00:00,3.39852715310628,2.52097728473614,1,29.92
2024-11-05 06:00:00,3.53456209372958,2.59310571355089,1,34.28
2024-11-05 07:00:00,3.62300670996323,2.73298601394791,1,37.45
2024-11-05 08:00:00,3.40386049908164,2.76949890980981,1,30.08
2024-11-05 09:00:00,3.01160562271028,2.88254387863065,1,20.32
2024-11-05 10:00:00,2.6447553507299,2.11846751573118,1,14.08
2024-11-05 11:00:00,2.62611681833952,2.24998966373313,1,13.82
2024-11-05 12:00:00,2.99822915375258,2.04799797546846,1,20.05
2024-11-05 13:00:00,3.02042488614436,2.10719921712132,1,20.5
2024-11-05 14:00:00,3.09013294897548,2.49156337902499,1,21.98
2024-11-05 15:00:00,3.04213864636815,2.92563494642092,1,20.95
2024-11-05 16:00:00,3.22326617316949,2.90541863666604,1,25.11
2024-11-05 17:00:00,3.1117359493103,3.05372188889891,1,22.46
2024-11-05 18:00:00,3.28391422104742,3.0440380574801,1,26.68
2024-11-05 19:00:00,3.39249294103201,3.07893174709644,1,29.74
2024-11-05 20:00:00,3.49559805708364,3.00549391088992,1,32.97
2024-11-05 21:00:00,3.40386049908164,2.79472353681627,1,30.08
2024-11-05 22:00:00,3.53950899745967,2.66811669689446,1,34.45
2024-11-05 23:00:00,3.15742586255198,2.97294313974291,1,23.51
2024-11-06,3.27070897350822,2.74569446318641,1,26.33
2024-11-06 01:00:00,3.3357695763397,2.72078709472839,1,28.1
2024-11-06 02:00:00,3.19867311755068,2.70620400680878,1,24.5
2024-11-06 03:00:00,3.29879544804407,2.60787067654639,1,27.08
2024-11-06 04:00:00,3.32934327789417,2.40296041043287,1,27.92
2024-11-06 05:00:00,3.3257551864953,2.5235217424364,1,27.82
2024-11-06 06:00:00,3.31998732623661,2.59858257573679,1,27.66
2024-11-06 07:00:00,3.48000856208645,2.60030241858815,1,32.46
2024-11-06 08:00:00,3.60522606911668,2.59357886073692,1,36.79
2024-11-06 09:00:00,3.51779452924597,2.6059248442634,1,33.71
2024-11-06 10:00:00,3.54529772563591,2.83736929684363,1,34.65
2024-11-06 11:00:00,3.65816248145188,2.79286633688216,1,38.79
2024-11-06 12:00:00,3.68059523452624,2.73575202759645,1,39.67
2024-11-06 13:00:00,3.51035069555868,2.90254321956895,1,33.46
2024-11-06 14:00:00,3.64414356027254,2.59075720161376,1,38.25
2024-11-06 15:00:00,3.59840755094986,2.75409505013977,1,36.54
2024-11-06 16:00:00,3.7000666435045,2.55738460045016,1,40.45
2024-11-06 17:00:00,3.67020618884832,2.47981304097333,1,39.26
2024-11-06 18:00:00,3.71552138506036,2.4070091599093,1,41.08
2024-11-06 19:00:00,3.71479083589844,2.469773505823,1,41.05
2024-11-06 20:00:00,3.72713816623103,2.80826406818064,1,41.56
2024-11-06 21:00:00,4.05906274807746,2.51082351908105,1,57.92
2024-11-06 22:00:00,3.73456958003105,2.72508156555236,1,41.87
2024-11-06 23:00:00,3.70721041079866,2.80018679449466,1,40.74
2024-11-07,3.71673778224233,2.44010579654872,1,41.13
2024-11-07 01:00:00,3.68937932915559,2.69413531395804,1,40.02
2024-11-07 02:00:00,3.78168650370014,2.47278840122289,1,43.89
2024-11-07 03:00:00,3.76468241752944,2.49900874587806,1,43.15
2024-11-07 04:00:00,3.7000666435045,2.71670206812151,1,40.45
2024-11-07 05:00:00,3.76999850539873,2.76400886322017,1,43.38
2024-11-07 06:00:00,3.75653810258775,2.74995416536683,1,42.8
2024-11-07 07:00:00,3.70622809244855,2.76443582095214,1,40.7
2024-11-07 08:00:00,3.65454677503343,2.89174342612277,1,38.65
2024-11-07 09:00:00,3.69783919548541,2.73220295294465,1,40.36
2024-11-07 10:00:00,3.57374914686031,2.86589231268873,1,35.65
2024-11-07 11:00:00,3.47475758477018,2.81161343895824,1,32.29
2024-11-07 12:00:00,3.24804620216798,2.74961530965813,1,25.74
2024-11-07 13:00:00,3.32287541488669,2.74256673623509,1,27.74
2024-11-07 14:00:00,3.29879544804407,2.6544200885905,1,27.08
2024-11-07 15:00:00,3.22007510544368,2.69498308639282,1,25.03
2024-11-07 16:00:00,3.15316328150282,2.79134757446264,1,23.41
2024-11-07 17:00:00,3.07037581654976,2.74689854931245,1,21.55
2024-11-07 18:00:00,3.15059698411491,2.41939631395729,1,23.35
2024-11-07 19:00:00,3.37073817417745,2.00459235985146,1,29.1
2024-11-07 20:00:00,3.41838220641626,2.38012250492906,1,30.52
2024-11-07 21:00:00,3.55763116750398,2.81340296020551,1,35.08
2024-11-07 22:00:00,3.6122683517421,2.78862082545026,1,37.05
2024-11-07 23:00:00,3.61550198430916,2.87846225225872,1,37.17
2024-11-08,3.56953269648137,2.83420913252881,1,35.5
2024-11-08 01:00:00,3.63679637424371,2.79326227288571,1,37.97
2024-11-08 02:00:00,3.61738345240887,2.78947283865139,1,37.24
2024-11-08 03:00:00,3.68687745144326,2.84334797027679,1,39.92
2024-11-08 04:00:00,3.76189754685051,2.86462590089252,1,43.03
2024-11-08 05:00:00,4.01367665915465,2.62182212637012,1,55.35
2024-11-08 06:00:00,4.13660552093661,2.16640086666021,1,62.59
2024-11-08 07:00:00,4.08731994728514,2.28913759023483,1,59.58
2024-11-08 08:00:00,3.98452969621489,2.12595589277369,1,53.76
2024-11-08 09:00:00,3.94584455390366,2.05954333510092,1,51.72
2024-11-08 10:00:00,3.88135759111726,2.29925195891322,1,48.49
2024-11-08 11:00:00,3.92018956809454,2.3613054703316,1,50.41
2024-11-08 12:00:00,3.92474177783592,2.15424235079809,1,50.64
2024-11-08 13:00:00,3.98564514529876,2.55297164623212,1,53.82
2024-11-08 14:00:00,4.01204931949527,2.78933729764889,1,55.26
2024-11-08 15:00:00,4.04707823642101,2.85829034760809,1,57.23
2024-11-08 16:00:00,4.04480411666196,3.05377160428701,1,57.1
2024-11-08 17:00:00,4.14138716855541,2.917483483101,1,62.89
2024-11-08 18:00:00,4.30162969760185,2.64590582420856,1,73.82
2024-11-08 19:00:00,4.25646341169854,2.82276795869497,1,70.56
2024-11-08 20:00:00,4.23236586011947,2.9715254216636,1,68.88
2024-11-08 21:00:00,4.2581626474515,2.82198521525054,1,70.68
2024-11-08 22:00:00,4.27777661330008,2.8856507519804,1,72.08
2024-11-08 23:00:00,4.60406958054406,3.01293843212507,1,99.89
2024-11-09,4.13035499974513,3.08061268226223,1,62.2
2024-11-09 01:00:00,4.01060056878914,2.74400773162167,1,55.18
2024-11-09 02:00:00,4.04217368989319,2.80192171749723,1,56.95
2024-11-09 03:00:00,3.91720953211545,2.94834182955224,1,50.26
2024-11-09 04:00:00,3.75863869852879,2.85475993278557,1,42.89
2024-11-09 05:00:00,3.89018631081897,3.05158117411405,1,48.92
2024-11-09 06:00:00,4.14392806241093,3.05382852104153,1,63.05
2024-11-09 07:00:00,4.10016094754354,3.07698390331455,1,60.35
2024-11-09 08:00:00,3.90982058187295,3.04331477262034,1,49.89
2024-11-09 09:00:00,3.88629485685541,2.86188846990762,1,48.73
2024-11-09 10:00:00,3.89406268005115,2.62802587055925,1,49.11
2024-11-09 11:00:00,3.90439397826365,2.28752988161382,1,49.62
2024-11-09 12:00:00,3.62193804836005,2.08224443092542,1,37.41
2024-11-09 13:00:00,3.51333488159901,2.2792912056808,1,33.56
2024-11-09 14:00:00,3.54587475969693,2.43725702253292,1,34.67
2024-11-09 15:00:00,3.72689752130146,2.72891965300134,1,41.55
2024-11-09 16:00:00,3.90640726664251,2.83599832035303,1,49.72
2024-11-09 17:00:00,3.85566427175876,2.63189048121662,1,47.26
2024-11-09 18:00:00,3.66304869407941,2.5524174111252,1,38.98
2024-11-09 19:00:00,3.78713982328146,3.02313949798912,1,44.13
2024-11-09 20:00:00,3.9231607498386,3.2608236009685,1,50.56
2024-11-09 21:00:00,3.86325284105872,3.20405789900633,1,47.62
2024-11-09 22:00:00,3.85184828239208,3.26846995179836,1,47.08
2024-11-09 23:00:00,3.73766961828337,3.27570024839323,1,42
2024-11-10,3.81352775867905,3.22645907774046,1,45.31
2024-11-10 01:00:00,3.82056539493931,3.15710465286126,1,45.63
2024-11-10 02:00:00,3.73265707645982,3.12238361786228,1,41.79
2024-11-10 03:00:00,3.89141205152402,3.06863108129921,1,48.98
2024-11-10 04:00:00,4.02213222810818,3.11938179413333,1,55.82
2024-11-10 05:00:00,4.05421677113132,3.13987125817953,1,57.64
2024-11-10 06:00:00,4.05369616374429,3.17716203251437,1,57.61
2024-11-10 07:00:00,4.02535169073515,3.2601423877974,1,56
2024-11-10 08:00:00,4.04637905792722,3.36791375470574,1,57.19
2024-11-10 09:00:00,4.11577984294217,3.416676212349,1,61.3
2024-11-10 10:00:00,4.19464228353746,3.4800169890581,1,66.33
2024-11-10 11:00:00,4.18965474202643,3.36074148879538,1,66
2024-11-10 12:00:00,4.1293899039649,3.11783737912042,1,62.14
2024-11-10 13:00:00,4.26521188008205,3.09995821501947,1,71.18
2024-11-10 14:00:00,4.33716001333377,3.2361931313873,1,76.49
2024-11-10 15:00:00,4.3329676843847,3.3561144291659,1,76.17
2024-11-10 16:00:00,4.38564508019659,3.34578083114377,1,80.29
2024-11-10 17:00:00,4.71456256275929,3.17421447941266,1,111.56
2024-11-10 18:00:00,4.47619980469113,3.27218985592905,1,87.9
2024-11-10 19:00:00,4.41630728115071,2.88138595418311,1,82.79
2024-11-10 20:00:00,4.0069694827371,2.61516662557759,1,54.98
2024-11-10 21:00:00,3.87991295150991,3.02357947220589,1,48.42
2024-11-10 22:00:00,3.68762867221228,3.11770561664384,1,39.95
2024-11-10 23:00:00,3.76120011569356,3.07252732657445,1,43
2024-11-11,3.42165339022954,2.9927802222216,1,30.62
2024-11-11 01:00:00,3.49559805708364,2.81223076716546,1,32.97
2024-11-11 02:00:00,3.33113250721387,2.81762771712683,1,27.97
2024-11-11 03:00:00,3.3098128198603,2.74298839503198,1,27.38
2024-11-11 04:00:00,3.50375396998725,2.81429311090332,1,33.24
2024-11-11 05:00:00,3.45378983178133,2.84533580524217,1,31.62
2024-11-11 06:00:00,3.5019472847623,2.8137097145319,1,33.18
2024-11-11 07:00:00,3.48951346271072,2.93591499216745,1,32.77
2024-11-11 08:00:00,3.33790253128984,2.90188552763795,1,28.16
2024-11-11 09:00:00,3.26461371654205,3.18134217728675,1,26.17
2024-11-11 10:00:00,3.25308399619794,3.21378187220398,1,25.87
2024-11-11 11:00:00,3.05305734017326,3.12764711973849,1,21.18
2024-11-11 12:00:00,3.00864849882054,3.39402127167259,1,20.26
2024-11-11 13:00:00,3.04832472367316,3.27093452424684,1,21.08
2024-11-11 14:00:00,3.22286784613774,3.07504413072542,1,25.1
2024-11-11 15:00:00,3.37622139559198,3.1028344287858,1,29.26
2024-11-11 16:00:00,3.46323277258161,3.14465933271365,1,31.92
2024-11-11 17:00:00,3.64152575773047,3.27407105420904,1,38.15
2024-11-11 18:00:00,3.63968920992316,3.18321263881128,1,38.08
2024-11-11 19:00:00,3.62167070442049,3.03874607530686,1,37.4
2024-11-11 20:00:00,3.53485376647483,3.19241889633973,1,34.29
2024-11-11 21:00:00,3.5004392163118,3.11214453395981,1,33.13
2024-11-11 22:00:00,3.39350117502768,2.83509043843384,1,29.77
2024-11-11 23:00:00,3.44903471107632,2.86217676823332,1,31.47
2024-11-12,3.38743646641212,2.93432959787872,1,29.59
2024-11-12 01:00:00,3.52046080248897,2.62419610658366,1,33.8
2024-11-12 02:00:00,3.31382230217715,2.68620759892884,1,27.49
2024-11-12 03:00:00,3.27260614728917,2.79813078733118,1,26.38
2024-11-12 04:00:00,3.39852715310628,2.84181838444596,1,29.92
2024-11-12 05:00:00,3.36626081178126,2.62703001210623,1,28.97
2024-11-12 06:00:00,3.10906095886099,2.18827251270531,1,22.4
2024-11-12 07:00:00,2.7948393311746,2.13537429873715,1,16.36
2024-11-12 08:00:00,2.78377591163035,2.6662155162114,1,16.18
2024-11-12 09:00:00,2.90471287516682,2.72839498932797,1,18.26
2024-11-12 10:00:00,2.9882040071332,2.69200140450683,1,19.85
2024-11-12 11:00:00,2.96990151351947,2.57228942037078,1,19.49
2024-11-12 12:00:00,2.8106067894273,2.82670256443213,1,16.62
2024-11-12 13:00:00,2.73501664933202,2.73041099494823,1,15.41
2024-11-12 14:00:00,2.57489968831471,2.80666420319783,1,13.13
2024-11-12 15:00:00,2.52332575969195,2.75287045335958,1,12.47
2024-11-12 16:00:00,2.98669152890184,3.09044756756386,1,19.82
2024-11-12 17:00:00,3.39417276672519,3.16662080387356,1,29.79
2024-11-12 18:00:00,3.34286180464919,3.1307493182667,1,28.3
2024-11-12 19:00:00,3.28053520525493,3.30110315801361,1,26.59
2024-11-12 20:00:00,3.37005065266532,3.18933266100259,1,29.08
2024-11-12 21:00:00,3.3724549127965,2.88351507395449,1,29.15
2024-11-12 22:00:00,3.58629286533884,2.89650574407343,1,36.1
2024-11-12 23:00:00,3.64257370123742,2.7698694654263,1,38.19
2024-11-13,3.5530597309714,2.94637412374944,1,34.92
2024-11-13 01:00:00,3.40618492317319,2.63574766149102,1,30.15
2024-11-13 02:00:00,3.15188095604392,2.73789947046395,1,23.38
2024-11-13 03:00:00,2.99573227355399,2.60647225052605,1,20
2024-11-13 04:00:00,2.87299950817169,2.69056861258038,1,17.69
2024-11-13 05:00:00,3.00568260440716,2.75759566251427,1,20.2
2024-11-13 06:00:00,2.86162928903051,2.91232583076846,1,17.49
2024-11-13 07:00:00,2.90032208874933,2.83558310472214,1,18.18
2024-11-13 08:00:00,2.95803040636998,2.90667805133963,1,19.26
2024-11-13 09:00:00,3.02868337369368,2.98177361721556,1,20.67
2024-11-13 10:00:00,2.71336936257981,3.15236513780632,1,15.08
2024-11-13 11:00:00,2.61153930072137,2.92865024464586,1,13.62
2024-11-13 12:00:00,2.34660197841082,2.75549128224228,1,10.45
2024-11-13 13:00:00,2.34755845863678,2.86581664834531,1,10.46
2024-11-13 14:00:00,1.99333884262642,3.00873360280987,1,7.34
2024-11-13 15:00:00,2.1938856760707,3.10778757651172,1,8.97
2024-11-13 16:00:00,2.32042501112238,3.09656892964083,1,10.18
2024-11-13 17:00:00,2.53051716104005,3.15344962442594,1,12.56
2024-11-13 18:00:00,2.58625914404829,3.29241680169879,1,13.28
2024-11-13 19:00:00,2.75238601492226,3.26039365297217,1,15.68
2024-11-13 20:00:00,2.76631910922619,3.25049769057297,1,15.9
2024-11-13 21:00:00,3.01258939062041,3.11304014623065,1,20.34
2024-11-13 22:00:00,2.93757335938046,2.90365166970759,1,18.87
2024-11-13 23:00:00,2.72981169288372,3.0184790043187,1,15.33
2024-11-14,2.8501282996952,2.98229063479502,1,17.29
2024-11-14 01:00:00,2.76631910922619,2.79463397585454,1,15.9
2024-11-14 02:00:00,3.13331793650655,2.75940448674846,1,22.95
2024-11-14 03:00:00,2.79850010402428,2.60790494449983,1,16.42
2024-11-14 04:00:00,2.67138621673062,2.67148478849613,1,14.46
2024-11-14 05:00:00,2.60194867021966,2.72216767802665,1,13.49
2024-11-14 06:00:00,2.85876641848083,2.86535715667438,1,17.44
2024-11-14 07:00:00,3.29990266351057,2.8700669306519,1,27.11
2024-11-14 08:00:00,3.17471492908243,2.88199144046732,1,23.92
2024-11-14 09:00:00,2.42745407503992,2.98649088140086,1,11.33
2024-11-14 10:00:00,2.21156569460688,2.91286515194269,1,9.13
2024-11-14 11:00:00,2.54317555791198,3.08251658486817,1,12.72
2024-11-14 12:00:00,3.03447210186992,2.99091904002629,1,20.79
2024-11-14 13:00:00,2.90690105984738,3.17070703512308,1,18.3
2024-11-14 14:00:00,2.53449014997683,2.87653847437458,1,12.61
2024-11-14 15:00:00,2.13179677201376,2.84489503261755,1,8.43
2024-11-14 16:00:00,2.05027016437956,2.57589314747784,1,7.77
2024-11-14 17:00:00,1.72097928716701,2.51624613738908,1,5.59
2024-11-14 18:00:00,1.70474809223843,2.75332562096296,1,5.5
2024-11-14 19:00:00,2.01089499914473,2.36600644458223,1,7.47
2024-11-14 20:00:00,1.53471436623816,2.27114792116039,1,4.64
2024-11-14 21:00:00,1.46787434811231,2.40320441405869,1,4.34
2024-11-14 22:00:00,1.43031124653666,2.25741737381085,1,4.18
2024-11-14 23:00:00,0.912282710476616,2.23962277804383,1,2.49
2024-11-15,0.683096844706444,2.31203246307336,1,1.98
2024-11-15 01:00:00,0.65232518603969,2.36140082746149,1,1.92
2024-11-15 02:00:00,1.13783300182139,2.51154826504242,1,3.12
2024-11-15 03:00:00,1.66392609771817,2.20449423419402,1,5.28
2024-11-15 04:00:00,1.45861502269952,2.17597656125638,1,4.3
2024-11-15 05:00:00,1.96009478404727,2.30244969180962,1,7.1
2024-11-15 06:00:00,1.8213182714696,2.26816612255937,1,6.18
2024-11-15 07:00:00,1.60341984010854,2.76394570662446,1,4.97
2024-11-15 08:00:00,2.05923883436232,2.77368371401339,1,7.84
2024-11-15 09:00:00,2.598235335095,2.89963364587522,1,13.44
2024-11-15 10:00:00,2.48240351956988,2.39352774178026,1,11.97
2024-11-15 11:00:00,2.42303124606991,2.07063785930651,1,11.28
2024-11-15 12:00:00,2.53528285711307,2.29352217152448,1,12.62
2024-11-15 13:00:00,2.46385324059017,2.35327942460905,1,11.75
2024-11-15 14:00:00,2.43536620422786,2.3697906122127,1,11.42
2024-11-15 15:00:00,2.31550131826059,2.72385058840154,1,10.13
2024-11-15 16:00:00,2.33408376005342,2.82909968816282,1,10.32
2024-11-15 17:00:00,3.02723094061336,2.98964236757306,1,20.64
2024-11-15 18:00:00,2.91614779421115,2.65171111104637,1,18.47
2024-11-15 19:00:00,2.8320361808832,2.55222947265628,1,16.98
2024-11-15 20:00:00,2.97858611471902,2.63994177294719,1,19.66
2024-11-15 21:00:00,2.96578839718092,2.62062604874083,1,19.41
2024-11-15 22:00:00,2.94021956362373,2.74408705680261,1,18.92
2024-11-15 23:00:00,3.32647383546622,3.1489869038729,1,27.84
2024-11-16,3.20599319903719,3.09013191521632,1,24.68
2024-11-16 01:00:00,3.51660723317298,2.97967356387827,1,33.67
2024-11-16 02:00:00,3.29583686600433,2.95892950295879,1,27
2024-11-16 03:00:00,3.60059453924636,2.80506110928337,1,36.62
2024-11-16 04:00:00,3.58351893845611,2.84524429875369,1,36
2024-11-16 05:00:00,3.63837532194017,2.69814382241211,1,38.03
2024-11-16 06:00:00,3.58296322852239,2.90325655163037,1,35.98
2024-11-16 07:00:00,3.65273400747758,2.96011716924403,1,38.58
2024-11-16 08:00:00,3.71916614671881,3.10147419436788,1,41.23
2024-11-16 09:00:00,3.3826939100976,3.04594453591078,1,29.45
2024-11-16 10:00:00,2.23857976301813,2.71067474074491,1,9.38
2024-11-16 11:00:00,1.96009478404727,1.88768599597863,1,7.1
2024-11-16 12:00:00,2.35422832614588,1.91426273877035,1,10.53
2024-11-16 13:00:00,2.41680623708407,1.84744316681155,1,11.21
2024-11-16 14:00:00,2.43449016387398,1.81603653486027,1,11.41
2024-11-16 15:00:00,2.58324255050886,1.99459638138934,1,13.24
2024-11-16 16:00:00,3.49347265777133,2.86188267307263,1,32.9
2024-11-16 17:00:00,3.11706455872152,2.93877200314277,1,22.58
2024-11-16 18:00:00,3.31817802594206,3.15801916949057,1,27.61
2024-11-16 19:00:00,3.37622139559198,3.01552440420234,1,29.26
2024-11-16 20:00:00,3.569814346955,3.11901282840404,1,35.51
2024-11-16 21:00:00,3.65428800934432,3.11387575670016,1,38.64
2024-11-16 22:00:00,3.71552138506036,2.95785241243624,1,41.08
2024-11-16 23:00:00,3.54095932403731,2.96272802195306,1,34.5
2024-11-17,3.41279651750551,2.84094043373861,1,30.35
2024-11-17 01:00:00,3.02286094094224,2.62976245017968,1,20.55
2024-11-17 02:00:00,2.89148225218019,2.14708163541989,1,18.02
2024-11-17 03:00:00,2.73501664933202,2.15373372444498,1,15.41
2024-11-17 04:00:00,3.20842136696434,2.04829016730165,1,24.74
2024-11-17 05:00:00,2.75302356674494,1.82123187893243,1,15.69
2024-11-17 06:00:00,2.53369681395743,1.5191067641405,1,12.6
2024-11-17 07:00:00,2.54474665014402,1.53155050401133,1,12.74
2024-11-17 08:00:00,2.51930807650533,1.35075157142019,1,12.42
2024-11-17 09:00:00,2.22245904851476,1.43983322978123,1,9.23
2024-11-17 10:00:00,2.48740352998659,1.21615216386447,1,12.03
2024-11-17 11:00:00,2.40964416528745,1.23653512826599,1,11.13
2024-11-17 12:00:00,2.07944154167984,1.39292304543948,1,8
2024-11-17 13:00:00,1.92424865227413,1.75070029181349,1,6.85
2024-11-17 14:00:00,1.66013102674962,1.64246259980024,1,5.26
2024-11-17 15:00:00,1.39871688111845,1.72530390816573,1,4.05
2024-11-17 16:00:00,1.34547236659964,1.77924469886941,1,3.84
2024-11-17 17:00:00,1.19694818938897,1.88653972731201,1,3.31
2024-11-17 18:00:00,0.867100487683383,1.92678484924231,1,2.38
2024-11-17 19:00:00,1.04380405217311,1.88229064086889,1,2.84
2024-11-17 20:00:00,1.67335123817775,2.23128312519101,1,5.33
2024-11-17 21:00:00,1.73165554515835,2.14919836109879,1,5.65
2024-11-17 22:00:00,1.30291275218084,2.20911299626769,1,3.68
2024-11-17 23:00:00,1.12492959698548,2.05896015875238,1,3.08
2024-11-18,1.1999647829284,2.00053048132566,1,3.32
2024-11-18 01:00:00,1.1314021114911,2.23764105975952,1,3.1
2024-11-18 02:00:00,1.56024766824333,2.05304685209578,1,4.76
2024-11-18 03:00:00,1.67147330335355,1.93558042930904,1,5.32
2024-11-18 04:00:00,2.36837283353205,1.63337803375752,1,10.68
2024-11-18 05:00:00,1.39376637595859,1.86447521982962,1,4.03
2024-11-18 06:00:00,1.2947271675944,0.635413686551313,1,3.65
2024-11-18 07:00:00,1.31372366828506,1.80124182003192,1,3.72
2024-11-18 08:00:00,1.49290409617815,2.24456730632704,1,4.45
2024-11-18 09:00:00,0.598836501088704,1.78142715418234,1,1.82
2024-11-18 10:00:00,-0.261364764134408,1.5129157114977,1,0.77
2024-11-18 11:00:00,1.21787570949493,1.57530936874747,1,3.38
2024-11-18 12:00:00,0.215111379616945,1.83179550685458,1,1.24
2024-11-18 13:00:00,0.615185639090233,1.8767770630193,1,1.85
2024-11-18 14:00:00,0.22314355131421,1.75049805400028,1,1.25
2024-11-18 15:00:00,0.482426149244293,1.66411616362199,1,1.62
2024-11-18 16:00:00,0.457424847038875,1.84198189744218,1,1.58
2024-11-18 17:00:00,1.10856261952128,2.2479481682041,1,3.03
2024-11-18 18:00:00,2.278292400425,2.50305676844169,1,9.76
2024-11-18 19:00:00,2.24707238306379,2.83784434791547,1,9.46
2024-11-18 20:00:00,1.8531680973567,2.91577903499465,1,6.38
2024-11-18 21:00:00,2.16561923792089,2.93031857578582,1,8.72
2024-11-18 22:00:00,2.16791018966744,2.85525790992984,1,8.74
2024-11-18 23:00:00,2.85819285953193,2.86377469159413,1,17.43
2024-11-19,2.44321622273379,2.92696756062065,1,11.51
2024-11-19 01:00:00,2.69799986524871,2.74251831544687,1,14.85
2024-11-19 02:00:00,2.34660197841082,2.59698159333743,1,10.45
2024-11-19 03:00:00,2.72326716690707,2.51428859201224,1,15.23
2024-11-19 04:00:00,2.78747733473353,2.64448759078821,1,16.24
2024-11-19 05:00:00,2.88312332917134,2.21066725816785,1,17.87
2024-11-19 06:00:00,2.87638551592142,2.10495735873239,1,17.75
2024-11-19 07:00:00,2.77258872223978,2.40060390507667,1,16
2024-11-19 08:00:00,3.06619073720255,2.80511176153746,1,21.46
2024-11-19 09:00:00,2.94285878394692,2.92236052639835,1,18.97
2024-11-19 10:00:00,3.1888289035159,2.95943292278621,1,24.26
2024-11-19 11:00:00,3.54472035841433,2.91670133301697,1,34.63
2024-11-19 12:00:00,3.44839898314645,3.02247805872332,1,31.45
2024-11-19 13:00:00,2.23857976301813,2.52901144160764,1,9.38
2024-11-19 14:00:00,0.444685821261446,1.03702996684391,1,1.56
2024-11-19 15:00:00,0.963174317773006,1.0030951624395,1,2.62
2024-11-19 16:00:00,1.42069578783722,0.932221043620996,1,4.14
2024-11-19 17:00:00,1.27536280041261,0.369689508245573,1,3.58
2024-11-19 18:00:00,0.524728528934982,-0.831834523023007,1,1.69
2024-11-19 19:00:00,0.732367893713227,0.446889926936216,1,2.08
2024-11-19 20:00:00,0.932164081030445,0.743407870605533,1,2.54
2024-11-19 21:00:00,0.717839793150317,0.983892744287629,1,2.05
2024-11-19 22:00:00,0.732367893713227,1.3406827380784,1,2.08
2024-11-19 23:00:00,-0.150822889734584,0.783390851583386,1,0.86
2024-11-20,-1.13943428318836,0.94904138417181,1,0.32
2024-11-20 01:00:00,-1.89711998488588,1.34904080218394,1,0.15
2024-11-20 02:00:00,-0.371063681390832,0.75128581832803,1,0.69
2024-11-20 03:00:00,0.746687947487975,0.630816668753504,1,2.11
2024-11-20 04:00:00,1.02245092770255,0.890600639161393,1,2.78
2024-11-20 05:00:00,0.879626747502564,1.06626111454377,1,2.41
2024-11-20 06:00:00,0.482426149244293,1.18770057031261,1,1.62
2024-11-20 07:00:00,0.512823626428664,0.960885875894001,1,1.67
2024-11-20 08:00:00,0.678033542749897,1.63578784834053,1,1.97
2024-11-20 09:00:00,0.765467842139571,1.6004960178429,1,2.15
2024-11-20 10:00:00,0.693147180559945,1.65150915448571,1,2
2024-11-20 11:00:00,0.559615787935423,1.43060158347627,1,1.75
2024-11-20 12:00:00,0.246860077931526,1.08887428780024,1,1.28
2024-11-20 13:00:00,0.254642218373581,1.17982036267698,1,1.29
2024-11-20 14:00:00,1.21787570949493,1.77248223243801,1,3.38
2024-11-20 15:00:00,1.2947271675944,1.94161381802228,1,3.65
2024-11-20 16:00:00,1.03673688495002,1.53702109790837,1,2.82
2024-11-20 17:00:00,1.50407739677627,1.49103959219919,1,4.5
2024-11-20 18:00:00,0.625938430866495,1.5881848562036,1,1.87
2024-11-20 19:00:00,0.598836501088704,0.803318532908305,1,1.82
2024-11-20 20:00:00,0.678033542749897,1.75798314101958,1,1.97
2024-11-20 21:00:00,0.815364813284194,1.64642367769181,1,2.26
2024-11-20 22:00:00,1.47017584510059,1.63398291588098,1,4.35
2024-11-20 23:00:00,1.80170980008122,1.91360611602641,1,6.06
2024-11-21,1.56234630490025,1.97447516118863,1,4.77
2024-11-21 01:00:00,0.65232518603969,1.62618616067441,1,1.92
2024-11-21 02:00:00,0.431782416425538,1.65582072296022,1,1.54
2024-11-21 03:00:00,0.741937344729377,1.53665085442377,1,2.1
2024-11-21 04:00:00,0.746687947487975,1.65502922613894,1,2.11
2024-11-21 05:00:00,0.924258901523332,1.48012652078012,1,2.52
2024-11-21 06:00:00,0.693147180559945,1.3860441511561,1,2
2024-11-21 07:00:00,0.845868267577609,1.72147156195441,1,2.33
2024-11-21 08:00:00,1.05431202977153,1.72588881399369,1,2.87
2024-11-21 09:00:00,1.82776990675109,1.8197530416656,1,6.22
2024-11-21 10:00:00,1.3787660946991,1.5783871306435,1,3.97
2024-11-21 11:00:00,1.60341984010854,1.59647822427021,1,4.97
2024-11-21 12:00:00,0.858661619037519,1.43720541318041,1,2.36
2024-11-21 13:00:00,0.928219302739429,1.40848534303448,1,2.53
2024-11-21 14:00:00,0.824175442966349,1.69486648656106,1,2.28
2024-11-21 15:00:00,1.32707500145992,1.99091098374857,1,3.77
2024-11-21 16:00:00,1.3787660946991,2.04705716993543,1,3.97
2024-11-21 17:00:00,2.53528285711307,2.26869863505004,1,12.62
2024-11-21 18:00:00,1.97546895129686,2.45576414370058,1,7.21
2024-11-21 19:00:00,2.12465388450138,2.34648655133884,1,8.37
2024-11-21 20:00:00,2.40694510831829,2.77513599076187,1,11.1
2024-11-21 21:00:00,2.507971922719,2.76841949048441,1,12.28
2024-11-21 22:00:00,2.78068089213712,2.74606784620679,1,16.13
2024-11-21 23:00:00,2.68988623047454,2.7322865994454,1,14.73
2024-11-22,2.90032208874933,2.61392343521454,1,18.18
2024-11-22 01:00:00,2.38600670113312,2.4289166350495,1,10.87
2024-11-22 02:00:00,2.09801792725277,2.48569552988365,1,8.15
2024-11-22 03:00:00,1.95018670582257,2.39998635632164,1,7.03
2024-11-22 04:00:00,1.81319474994812,2.13475624757472,1,6.13
2024-11-22 05:00:00,1.75267208052001,1.75005803114886,1,5.77
2024-11-22 06:00:00,1.48613969608961,2.01581336555155,1,4.42
2024-11-22 07:00:00,1.33236601909433,1.86504323817706,1,3.79
2024-11-22 08:00:00,1.57897870494939,1.8328607041597,1,4.85
2024-11-22 09:00:00,2.03992078351755,1.91764000151168,1,7.69
2024-11-22 10:00:00,2.10900034392138,1.86627891137258,1,8.24
2024-11-22 11:00:00,1.72097928716701,1.75290799842181,1,5.59
2024-11-22 12:00:00,1.71379792775834,1.75139763777918,1,5.55
2024-11-22 13:00:00,1.63119940421561,1.94372337009186,1,5.11
2024-11-22 14:00:00,1.83736998048011,2.02786575521649,1,6.28
2024-11-22 15:00:00,1.82616089594539,2.10432861885018,1,6.21
2024-11-22 16:00:00,1.15688119679209,1.35981983210808,1,3.18
2024-11-22 17:00:00,1.53039470509365,1.96817993140135,1,4.62
2024-11-22 18:00:00,2.01089499914473,2.193822863318,1,7.47
2024-11-22 19:00:00,1.69561560867515,1.79034204336072,1,5.45
2024-11-22 20:00:00,1.46093790411566,1.93281347801249,1,4.31
2024-11-22 21:00:00,1.9387416595767,1.39475768276754,1,6.95
2024-11-22 22:00:00,1.30019166206648,1.44218473448283,1,3.67
2024-11-22 23:00:00,2.28645571106416,1.49239230897658,1,9.84
2024-11-23,1.34025042261848,1.58818231422033,1,3.82
2024-11-23 01:00:00,0.431782416425538,1.61527520711767,1,1.54
2024-11-23 02:00:00,0.792992515529661,1.21230501273508,1,2.21
2024-11-23 03:00:00,1.25561603747777,1.46621229840819,1,3.51
2024-11-23 04:00:00,0.207014169384326,1.33278716063454,1,1.23
2024-11-23 05:00:00,0.570979546585738,1.74921769099698,1,1.77
2024-11-23 06:00:00,1.09192330051731,1.74342849993902,1,2.98
2024-11-23 07:00:00,1.69193913394584,2.13380626444173,1,5.43
2024-11-23 08:00:00,2.78377591163035,1.86134081330379,1,16.18
2024-11-23 09:00:00,1.34025042261848,1.60765868173103,1,3.82
2024-11-23 10:00:00,1.68824909285839,1.53044416759942,1,5.41
2024-11-23 11:00:00,1.76644166124377,1.42974670340641,1,5.85
2024-11-23 12:00:00,1.12492959698548,1.20511449069389,1,3.08
2024-11-23 13:00:00,1.25276296849537,0.99945959328343,1,3.5
2024-11-23 14:00:00,1.69377906086785,0.902317066013638,1,5.44
2024-11-23 15:00:00,1.63899671467564,1.52083685391943,1,5.15
2024-11-23 16:00:00,1.93152141160321,2.26672494116273,1,6.9
2024-11-23 17:00:00,2.8570447537801,2.77656838951005,1,17.41
2024-11-23 18:00:00,1.72097928716701,2.68505235585517,1,5.59
2024-11-23 19:00:00,2.42568729012803,2.57121798203614,1,11.31
2024-11-23 20:00:00,2.02551319965428,1.08435360543016,1,7.58
2024-11-23 21:00:00,2.11142458753289,0.870503918994936,1,8.26
2024-11-23 22:00:00,2.00955541421567,1.91825926639192,1,7.46
2024-11-23 23:00:00,2.30558060197384,2.35830627975023,1,10.03
2024-11-24,2.91126311692754,2.44265467104042,1,18.38
2024-11-24 01:00:00,3.00121720378456,2.29299632235738,1,20.11
2024-11-24 02:00:00,3.02529107579554,2.25864581074976,1,20.6
2024-11-24 03:00:00,2.94601668130806,2.28084806697823,1,19.03
2024-11-24 04:00:00,2.90799335924598,2.4864141579203,1,18.32
2024-11-24 05:00:00,2.73890266458497,2.57022025911376,1,15.47
2024-11-24 06:00:00,2.85589532836619,2.60177247903892,1,17.39
2024-11-24 07:00:00,2.88200350822565,2.89712983602754,1,17.85
2024-11-24 08:00:00,3.13331793650655,2.92914341232045,1,22.95
2024-11-24 09:00:00,3.03254624667671,2.80237871139038,1,20.75
2024-11-24 10:00:00,3.08876713952118,3.02094243147516,1,21.95
2024-11-24 11:00:00,3.07269331469012,2.99916718180159,1,21.6
2024-11-24 12:00:00,2.78377591163035,2.87058624336615,1,16.18
2024-11-24 13:00:00,2.56725439113675,2.9250318312156,1,13.03
2024-11-24 14:00:00,2.58097411853423,2.81758773145489,1,13.21
2024-11-24 15:00:00,2.84258109405982,3.06831573929248,1,17.16
2024-11-24 16:00:00,3.09557760852371,3.04234025895831,1,22.1
2024-11-24 17:00:00,3.09331260189286,3.14818594753315,1,22.05
2024-11-24 18:00:00,3.20558793054127,3.03406354523671,1,24.67
2024-11-24 19:00:00,3.34603697048488,3.09176457129982,1,28.39
2024-11-24 20:00:00,3.47103434125094,3.20613686856372,1,32.17
2024-11-24 21:00:00,3.39182021984956,3.10305019906518,1,29.72
2024-11-24 22:00:00,3.17596832385692,2.9547101893439,1,23.95
2024-11-24 23:00:00,3.35620001573142,2.81711942896562,1,28.68
2024-11-25,3.34392131384243,2.8809576871034,1,28.33
2024-11-25 01:00:00,3.2846635654062,2.84653528968573,1,26.7
2024-11-25 02:00:00,3.21567069391925,2.86190828259061,1,24.92
2024-11-25 03:00:00,3.15444396470881,2.87378694913779,1,23.44
2024-11-25 04:00:00,3.33113250721387,2.91788270458498,1,27.97
2024-11-25 05:00:00,3.30064012667084,2.95394254636874,1,27.13
2024-11-25 06:00:00,3.45125658153489,2.984032604422,1,31.54
2024-11-25 07:00:00,3.64047671488577,2.97495035262883,1,38.11
2024-11-25 08:00:00,3.62300670996323,3.10292101382153,1,37.45
2024-11-25 09:00:00,3.755135249891,2.99339395888385,1,42.74
2024-11-25 10:00:00,3.64909858410209,3.13636905208305,1,38.44
2024-11-25 11:00:00,3.66944176022146,3.03943329750399,1,39.23
2024-11-25 12:00:00,3.44871689763013,2.74476584130894,1,31.46
2024-11-25 13:00:00,3.40552135314221,2.41545095245649,1,30.13
2024-11-25 14:00:00,3.54356462294908,2.62340677689595,1,34.59
2024-11-25 15:00:00,3.59703825044836,2.79929900466616,1,36.49
2024-11-25 16:00:00,3.76861442213279,2.5009043612428,1,43.32
2024-11-25 17:00:00,3.89893776587949,2.82490182495035,1,49.35
2024-11-25 18:00:00,4.06611654076555,2.95484067319077,1,58.33
2024-11-25 19:00:00,3.97217692824789,2.99366179628755,1,53.1
2024-11-25 20:00:00,3.91860132078827,3.12656082864228,1,50.33
2024-11-25 21:00:00,3.755135249891,3.04028571498737,1,42.74
2024-11-25 22:00:00,3.78350758319272,2.8422753541505,1,43.97
2024-11-25 23:00:00,3.8177123259569,2.95671262094548,1,45.5
2024-11-26,3.72110460140867,2.79916880169273,1,41.31
2024-11-26 01:00:00,3.54356462294908,2.81229481995976,1,34.59
2024-11-26 02:00:00,3.63151513672437,2.7415094945954,1,37.77
2024-11-26 03:00:00,3.51601305609074,2.73391255369601,1,33.65
2024-11-26 04:00:00,3.61496377116377,2.65322887009987,1,37.15
2024-11-26 05:00:00,3.72641605764266,2.57233569669197,1,41.53
2024-11-26 06:00:00,3.63811233706028,2.65472048926938,1,38.02
2024-11-26 07:00:00,3.63890108430769,2.44317306481336,1,38.05
2024-11-26 08:00:00,3.73145990164905,2.74286935597005,1,41.74
2024-11-26 09:00:00,3.82972776270132,3.07675259060455,1,46.05
2024-11-26 10:00:00,3.78713982328146,2.4413221486291,1,44.13
2024-11-26 11:00:00,3.60549784517489,2.77170944880879,1,36.8
2024-11-26 12:00:00,3.6312503412773,2.49699375607343,1,37.76
2024-11-26 13:00:00,3.87660306019689,2.63575306874023,1,48.26
2024-11-26 14:00:00,3.8458832029236,2.7716271542133,1,46.8
2024-11-26 15:00:00,4.03317812698461,3.00113868206503,1,56.44
2024-11-26 16:00:00,4.01204931949527,3.20764876915569,1,55.26
2024-11-26 17:00:00,4.03671544938546,3.14256543909128,1,56.64
2024-11-26 18:00:00,4.16324854086931,3.12412735931522,1,64.28
2024-11-26 19:00:00,4.0187226240872,3.08024639501806,1,55.63
2024-11-26 20:00:00,3.96688990686899,2.74043911741184,1,52.82
2024-11-26 21:00:00,3.69659957712907,2.44801039894423,1,40.31
2024-11-26 22:00:00,3.7220724214697,2.88121910141564,1,41.35
2024-11-26 23:00:00,3.87991295150991,2.8532259487158,1,48.42
2024-11-27,3.89487684659318,2.83019483673057,1,49.15
2024-11-27 01:00:00,3.74384101218791,2.8254227996118,1,42.26
2024-11-27 02:00:00,3.5034530823665,2.50981023121841,1,33.23
2024-11-27 03:00:00,3.27108869631514,2.42429881066236,1,26.34
2024-11-27 04:00:00,3.07685132483878,2.15203488725628,1,21.69
2024-11-27 05:00:00,3.00716665117965,2.12273900421569,1,20.23
2024-11-27 06:00:00,2.83026783382646,2.41131929172121,1,16.95
2024-11-27 07:00:00,3.16758253048065,2.52192689913976,1,23.75
2024-11-27 08:00:00,3.17345996133772,2.40679649739267,1,23.89
2024-11-27 09:00:00,3.02626147858881,2.99388777603381,1,20.62
2024-11-27 10:00:00,2.90471287516682,2.59421397053205,1,18.26
2024-11-27 11:00:00,2.76443053453832,3.15430303033539,1,15.87
2024-11-27 12:00:00,3.28541234866844,3.18027699810681,1,26.72
2024-11-27 13:00:00,3.3403852422654,3.13537532549477,1,28.23
2024-11-27 14:00:00,3.25385679376345,3.10873132947586,1,25.89
2024-11-27 15:00:00,3.47568623365289,3.01188074805118,1,32.32
2024-11-27 16:00:00,3.44744463282748,2.98459218166133,1,31.42
2024-11-27 17:00:00,3.45473814859019,3.1465529568577,1,31.65
2024-11-27 18:00:00,3.66944176022146,3.07894839652294,1,39.23
2024-11-27 19:00:00,3.76305885228819,2.98378233355995,1,43.08
2024-11-27 20:00:00,3.59621576925052,3.0571931861316,1,36.46
2024-11-27 21:00:00,3.50855589998265,2.98591232012006,1,33.4
2024-11-27 22:00:00,3.41641434746702,2.83054055927671,1,30.46
2024-11-27 23:00:00,3.30761903470259,2.86742468668352,1,27.32
2024-11-28,3.41378449716763,2.88257650276867,1,30.38
2024-11-28 01:00:00,3.55820113047182,2.77061161100188,1,35.1
2024-11-28 02:00:00,3.58351893845611,2.59224328407604,1,36
2024-11-28 03:00:00,3.45536986055055,2.5403604261708,1,31.67
2024-11-28 04:00:00,3.40552135314221,2.4720148990828,1,30.13
2024-11-28 05:00:00,3.62434093297637,2.28466222804331,1,37.5
2024-11-28 06:00:00,3.00370044320317,1.77680294217996,1,20.16
2024-11-28 07:00:00,0.470003629245736,1.31165812368083,1,1.6
2024-11-28 08:00:00,0.920282753143692,1.33627233663185,1,2.51
2024-11-28 09:00:00,0.398776119957368,1.12663932665998,1,1.49
2024-11-28 10:00:00,-0.116533816255952,0.629241384832066,1,0.89
2024-11-28 11:00:00,-0.127833371509885,0.765071313833553,1,0.88
2024-11-28 12:00:00,-0.0304592074847086,0.90052835455309,1,0.97
2024-11-28 13:00:00,0,1.00534482340972,1,1
2024-11-28 14:00:00,0.182321556793955,0.920037448867207,1,1.2
2024-11-28 15:00:00,0.553885113226438,1.06312019802462,1,1.74
2024-11-28 16:00:00,0.27763173659828,1.02280801088154,1,1.32
2024-11-28 17:00:00,-0.139262067333508,1.33447991639636,1,0.87
2024-11-28 18:00:00,0.0953101798043249,1.52010925866617,1,1.1
2024-11-28 19:00:00,0.122217632724249,1.39289435404263,1,1.13
2024-11-28 20:00:00,0.231111720963387,1.59003459528122,1,1.26
2024-11-28 21:00:00,0.678033542749897,2.11688239923609,1,1.97
2024-11-28 22:00:00,0.336472236621213,2.13255428982723,1,1.4
2024-11-28 23:00:00,0.322083499169113,2.16753061588977,1,1.38
2024-11-29,0.524728528934982,2.25134596399497,1,1.69
2024-11-29 01:00:00,0.322083499169113,2.2970879619772,1,1.38
2024-11-29 02:00:00,0.048790164169432,2.22966114358748,1,1.05
2024-11-29 03:00:00,-0.198450938723838,1.78389316518335,1,0.82
2024-11-29 04:00:00,0.0769610411361284,2.09297170729884,1,1.08
2024-11-29 05:00:00,0.779324876800998,1.40767831362601,1,2.18
2024-11-29 06:00:00,0.756121979721334,1.71519339378201,1,2.13
2024-11-29 07:00:00,0.741937344729377,1.29761963080134,1,2.1
2024-11-29 08:00:00,0.667829372575655,1.90783307893933,1,1.95
2024-11-29 09:00:00,0.512823626428664,1.98750984733893,1,1.67
2024-11-29 10:00:00,0.56531380905006,2.36987329570612,1,1.76
2024-11-29 11:00:00,0.165514438477573,1.84405573797599,1,1.18
2024-11-29 12:00:00,0.231111720963387,1.59049832462646,1,1.26
2024-11-29 13:00:00,0.378436435720245,2.01349278686094,1,1.46
2024-11-29 14:00:00,0.46373401623214,2.07735142906185,1,1.59
2024-11-29 15:00:00,0.815364813284194,2.02863195299786,1,2.26
2024-11-29 16:00:00,1.08180517035173,2.48943540259248,1,2.95
2024-11-29 17:00:00,1.11514159061932,2.56186345379977,1,3.05
2024-11-29 18:00:00,1.69561560867515,2.90795516250571,1,5.45
2024-11-29 19:00:00,2.35232718488886,3.00614946329634,1,10.51
2024-11-29 20:00:00,2.17475172148416,2.77330641275594,1,8.8
2024-11-29 21:00:00,2.55100645149252,3.06115840953282,1,12.82
2024-11-29 22:00:00,2.18041745901984,2.79498714694032,1,8.85
2024-11-29 23:00:00,2.33311429802887,3.04653671465201,1,10.31
2024-11-30,2.46129678414887,3.04607921262171,1,11.72
2024-11-30 01:00:00,2.27418561847235,2.69008325445271,1,9.72
2024-11-30 02:00:00,2.08318452795867,2.74109853401815,1,8.03
2024-11-30 03:00:00,2.12704052047911,2.67685022612699,1,8.39
2024-11-30 04:00:00,1.89009536994892,2.70098374804718,1,6.62
2024-11-30 05:00:00,1.82616089594539,2.7966049157575,1,6.21
2024-11-30 06:00:00,2.04769284336526,2.99486670206828,1,7.75
2024-11-30 07:00:00,2.34084380511114,3.25665832386506,1,10.39
2024-11-30 08:00:00,3.25501487148407,3.34703288514155,1,25.92
2024-11-30 09:00:00,3.34744492566291,3.37565887920415,1,28.43
2024-11-30 10:00:00,3.34849959266171,3.38081618821873,1,28.46
2024-11-30 11:00:00,3.54875494601977,3.31949466990779,1,34.77
2024-11-30 12:00:00,3.29694736028836,3.15689951928987,1,27.03
2024-11-30 13:00:00,3.41147769106971,2.678719104559,1,30.31
2024-11-30 14:00:00,3.7912103852114,2.73470856181572,1,44.31
2024-11-30 15:00:00,3.3813347525659,3.14355395972696,1,29.41
2024-11-30 16:00:00,3.44201937618241,3.1921393923266,1,31.25
2024-11-30 17:00:00,3.3357695763397,3.35059710697431,1,28.1
2024-11-30 18:00:00,3.14026542428629,3.35495698378229,1,23.11
2024-11-30 19:00:00,3.20274644293832,3.24232682996394,1,24.6
2024-11-30 20:00:00,3.29694736028836,3.20162427380233,1,27.03
2024-11-30 21:00:00,3.29694736028836,3.28561749006615,1,27.03
2024-11-30 22:00:00,3.84202963360761,3.25494099871871,1,46.62
2024-11-30 23:00:00,3.80666248977032,3.17369262347585,1,45
2024-12-01,3.97556102623213,3.09954811036304,1,53.28
2024-12-01 01:00:00,4.3391191336626,3.12313562518601,1,76.64
2024-12-01 02:00:00,4.4468776069935,2.99120580525526,1,85.36
2024-12-01 03:00:00,4.37260741275739,2.91013412123407,1,79.25
2024-12-01 04:00:00,4.34549230994591,3.00810194045113,1,77.13
2024-12-01 05:00:00,3.70376806660769,2.93784685919464,1,40.6
2024-12-01 06:00:00,3.26728496407589,2.85098051966001,1,26.24
2024-12-01 07:00:00,3.0248055210397,2.63310258203246,1,20.59
2024-12-01 08:00:00,2.86733055874947,2.25424106797512,1,17.59
2024-12-01 09:00:00,2.79606107842492,2.91088033409462,1,16.38
2024-12-01 10:00:00,2.78870810411966,2.96232545571076,1,16.26
2024-12-01 11:00:00,2.92423627184892,3.09282925173001,1,18.62
2024-12-01 12:00:00,3.302481408723,3.23120975924885,1,27.18
2024-12-01 13:00:00,3.05305734017326,3.30259294543627,1,21.18
2024-12-01 14:00:00,3.07223024452672,3.124839500025,1,21.59
2024-12-01 15:00:00,3.02091257208429,2.89107524913367,1,20.51
2024-12-01 16:00:00,3.01455402779458,2.89826560055439,1,20.38
2024-12-01 17:00:00,3.01455402779458,3.04416776096421,1,20.38
2024-12-01 18:00:00,3.13070013396448,2.97552432914104,1,22.89
2024-12-01 19:00:00,3.26193531432865,3.11599829866931,1,26.1
2024-12-01 20:00:00,3.33648106694246,2.90005925556385,1,28.12
2024-12-01 21:00:00,3.35095616522541,2.94524460333336,1,28.53
2024-12-01 22:00:00,3.11351530921037,2.31868305108183,1,22.5
2024-12-01 23:00:00,3.14845336057165,2.56665927649571,1,23.3
2024-12-02,2.94180393152844,2.57390830579317,1,18.95
2024-12-02 01:00:00,3.0174937653355,2.2926568032281,1,20.44
2024-12-02 02:00:00,2.98315349134713,2.09457326321747,1,19.75
2024-12-02 03:00:00,2.85761897142436,2.28664857162479,1,17.42
2024-12-02 04:00:00,2.84374591655611,2.50048353812883,1,17.18
2024-12-02 05:00:00,2.80457176809283,2.48212201369218,1,16.52
2024-12-02 06:00:00,2.64688376586472,2.5180191518692,1,14.11
2024-12-02 07:00:00,2.72523502585631,2.66519994801804,1,15.26
2024-12-02 08:00:00,2.78192004966867,2.8137506078571,1,16.15
2024-12-02 09:00:00,2.77570884957602,2.88926815133303,1,16.05
2024-12-02 10:00:00,2.83026783382646,3.04473707172873,1,16.95
2024-12-02 11:00:00,2.88870370079547,2.68507456077245,1,17.97
2024-12-02 12:00:00,3.04070563919672,2.7480776493944,1,20.92
2024-12-02 13:00:00,3.06058324587361,3.04707083063857,1,21.34
2024-12-02 14:00:00,3.13766576944266,3.26682109943396,1,23.05
2024-12-02 15:00:00,3.14931136148229,3.20760937615392,1,23.32
2024-12-02 16:00:00,3.26766598903763,3.24775440411384,1,26.25
2024-12-02 17:00:00,3.35759374418002,3.18466615741989,1,28.72
2024-12-02 18:00:00,3.32034879379883,3.20411199878989,1,27.67
2024-12-02 19:00:00,3.33113250721387,3.16511699303001,1,27.97
2024-12-02 20:00:00,3.37656310070379,3.12438258668914,1,29.27
2024-12-02 21:00:00,3.42556473811045,2.98952988408732,1,30.74
2024-12-02 22:00:00,3.48737507790321,3.0202793651061,1,32.7
2024-12-02 23:00:00,3.59594145845467,3.01530615967212,1,36.45
2024-12-03,3.80220813942094,2.96945285926626,1,44.8
2024-12-03 01:00:00,3.58546149491545,2.68116287261166,1,36.07
2024-12-03 02:00:00,3.57934356704563,2.57807701780429,1,35.85
2024-12-03 03:00:00,3.45157358898722,2.78917995891937,1,31.55
2024-12-03 04:00:00,3.46009502290964,2.62537961980291,1,31.82
2024-12-03 05:00:00,3.40286266098122,2.74169773473719,1,30.05
2024-12-03 06:00:00,3.48247010179089,2.7702223452292,1,32.54
2024-12-03 07:00:00,3.43398720448515,2.86017887785946,1,31
2024-12-03 08:00:00,3.45663208855026,3.06090417747773,1,31.71
2024-12-03 09:00:00,3.39618483983861,3.07940630391428,1,29.85
2024-12-03 10:00:00,3.36729582998647,3.17572994409397,1,29
2024-12-03 11:00:00,3.45600117370283,2.900708485821,1,31.69
2024-12-03 12:00:00,3.30137704637994,3.09791847955257,1,27.15
2024-12-03 13:00:00,3.23198946401358,2.8859281831163,1,25.33
2024-12-03 14:00:00,3.39047341829918,2.97554239329038,1,29.68
2024-12-03 15:00:00,3.79930213536403,3.02003919303378,1,44.67
2024-12-03 16:00:00,3.98304049266343,3.11483270860161,1,53.68
2024-12-03 17:00:00,3.97874663747105,3.17726853669081,1,53.45
2024-12-03 18:00:00,4.06645935873256,3.10973730930116,1,58.35
2024-12-03 19:00:00,4.14361080352502,3.15468894915801,1,63.03
2024-12-03 20:00:00,4.26661578316255,3.11225015969674,1,71.28
2024-12-03 21:00:00,4.36360804914986,3.05437163236118,1,78.54
2024-12-03 22:00:00,4.40268673737018,3.02428638631299,1,81.67
2024-12-03 23:00:00,4.19132002134549,2.66369426846113,1,66.11
2024-12-04,3.30321697330195,2.86574634069798,1,27.2
2024-12-04 01:00:00,2.63905732961526,2.72216801992948,1,14
2024-12-04 02:00:00,1.94161522477243,2.75396223765348,1,6.97
2024-12-04 03:00:00,1.9643112344262,2.52438114043145,1,7.13
2024-12-04 04:00:00,2.22786154679811,2.62988782613051,1,9.28
2024-12-04 05:00:00,2.19165353228676,2.72125801302311,1,8.95
2024-12-04 06:00:00,2.01490302054226,2.66422924802325,1,7.5
2024-12-04 07:00:00,1.96711235670592,2.37569669922869,1,7.15
2024-12-04 08:00:00,2.05412373369555,2.56761335213434,1,7.8
2024-12-04 09:00:00,2.01089499914473,2.47779732083842,1,7.47
2024-12-04 10:00:00,2.00012773496011,2.39600206935903,1,7.39
2024-12-04 11:00:00,2.05284085988266,2.47111122138296,1,7.79
2024-12-04 12:00:00,1.87333945622048,2.64596648692848,1,6.51
2024-12-04 13:00:00,2.33020026002702,2.79766964958743,1,10.28
2024-12-04 14:00:00,2.05668455455722,2.90727865531419,1,7.82
2024-12-04 15:00:00,2.18605127673809,3.01405754307852,1,8.9
2024-12-04 16:00:00,2.06051353179432,2.91665421261318,1,7.85
2024-12-04 17:00:00,2.09186406167839,2.77061255306546,1,8.1
2024-12-04 18:00:00,1.81645208181843,2.833021054987,1,6.15
2024-12-04 19:00:00,2.10900034392138,2.61646354756051,1,8.24
2024-12-04 20:00:00,2.37490575457367,2.57483265055317,1,10.75
2024-12-04 21:00:00,2.09801792725277,2.66395490052322,1,8.15
2024-12-04 22:00:00,2.21920348405499,2.55464823430113,1,9.2
2024-12-04 23:00:00,2.2690283094652,2.75937436086425,1,9.67
2024-12-05,2.13298230860787,2.70374655094313,1,8.44
2024-12-05 01:00:00,2.14710019015365,2.41582605168841,1,8.56
2024-12-05 02:00:00,2.11745960886736,2.05126144159945,1,8.31
2024-12-05 03:00:00,2.02022218201986,2.22042977998278,1,7.54
2024-12-05 04:00:00,1.96711235670592,2.26986555527206,1,7.15
2024-12-05 05:00:00,2.24495598015741,2.19058025797164,1,9.44
2024-12-05 06:00:00,2.287471455184,2.2222288937365,1,9.85
2024-12-05 07:00:00,2.30558060197384,2.6919151358366,1,10.03
2024-12-05 08:00:00,2.25863320546486,2.47159082236549,1,9.57
2024-12-05 09:00:00,2.16102152867226,2.23333888307076,1,8.68
2024-12-05 10:00:00,2.7047112998367,2.0138432775787,1,14.95
2024-12-05 11:00:00,2.52572864430826,1.84347184697995,1,12.5
2024-12-05 12:00:00,2.41680623708407,1.75098672846712,1,11.21
2024-12-05 13:00:00,1.92716410623426,1.83878134997553,1,6.87
2024-12-05 14:00:00,2.26384426467762,1.79112559784292,1,9.62
2024-12-05 15:00:00,2.40694510831829,1.83204861294128,1,11.1
2024-12-05 16:00:00,2.29958058397375,2.37192519171058,1,9.97
2024-12-05 17:00:00,2.45100509811232,2.58747430619953,1,11.6
2024-12-05 18:00:00,2.64830019669644,2.26358535802903,1,14.13
2024-12-05 19:00:00,2.35517754311322,1.57310207019658,1,10.54
2024-12-05 20:00:00,2.36368019235386,0.920925784613399,1,10.63
2024-12-05 21:00:00,2.32238772029023,1.26235673616828,1,10.2
2024-12-05 22:00:00,2.27109442590267,1.04676217802746,1,9.69
2024-12-05 23:00:00,2.07944154167984,1.45086241043571,1,8
2024-12-06,2.12584791449399,1.35914578574317,1,8.38
2024-12-06 01:00:00,1.99877363861238,1.13336213987161,1,7.38
2024-12-06 02:00:00,2.07568449280212,1.04925201846432,1,7.97
2024-12-06 03:00:00,1.880990602956,0.971377775830373,1,6.56
2024-12-06 04:00:00,2.52091708731103,1.97465574161699,1,12.44
2024-12-06 05:00:00,2.48240351956988,2.23774626441519,1,11.97
2024-12-06 06:00:00,2.37861977927004,2.40349218649881,1,10.79
2024-12-06 07:00:00,2.00821403239147,2.31512325033802,1,7.45
2024-12-06 08:00:00,2.17133680638409,2.79354011150371,1,8.77
2024-12-06 09:00:00,2.287471455184,3.07581100674476,1,9.85
2024-12-06 10:00:00,2.58851563240702,3.1714664108069,1,13.31
2024-12-06 11:00:00,2.56263899832835,3.14738379326017,1,12.97
2024-12-06 12:00:00,2.23857976301813,3.13694469970497,1,9.38
2024-12-06 13:00:00,2.33988087773774,2.84848968180995,1,10.38
2024-12-06 14:00:00,2.76443053453832,2.1400344176535,1,15.87
2024-12-06 15:00:00,3.19908119754002,2.50816501980053,1,24.51
2024-12-06 16:00:00,3.21285775254264,2.70799517797055,1,24.85
2024-12-06 17:00:00,3.32071013074947,2.56969429951856,1,27.68
2024-12-06 18:00:00,3.72424659795123,2.61342512864383,1,41.44
2024-12-06 19:00:00,1.68082790852077,2.61630730487634,1,5.37
2024-12-06 20:00:00,2.002830439308,1.9303910196308,1,7.41
2024-12-06 21:00:00,1.81319474994812,1.74270418400725,1,6.13
2024-12-06 22:00:00,1.98924327376169,2.21518594188986,1,7.31
2024-12-06 23:00:00,1.48839958405704,2.06023034766931,1,4.43
2024-12-07,1.89160480419777,2.43269126377269,1,6.63
2024-12-07 01:00:00,0.53062825106217,2.47659425574742,1,1.7
2024-12-07 02:00:00,0.56531380905006,2.33441585973277,1,1.76
2024-12-07 03:00:00,1.16627093714192,2.50703536382095,1,3.21
2024-12-07 04:00:00,1.35325450704169,2.42515413857509,1,3.87
2024-12-07 05:00:00,1.03673688495002,2.49186382352058,1,2.82
2024-12-07 06:00:00,0.959350221334602,2.28734574861341,1,2.61
2024-12-07 07:00:00,1.68639895357023,2.10381130165317,1,5.4
2024-12-07 08:00:00,1.68824909285839,1.99682256526216,1,5.41
2024-12-07 09:00:00,1.86717610851281,2.03659898488534,1,6.47
2024-12-07 10:00:00,1.98513086220859,1.95146740479455,1,7.28
2024-12-07 11:00:00,2.23108909128898,1.58790093055895,1,9.31
2024-12-07 12:00:00,2.30258509299405,1.92678531642241,1,10
2024-12-07 13:00:00,2.60046499042227,1.93291045605804,1,13.47
2024-12-07 14:00:00,2.36837283353205,2.16321949348116,1,10.68
2024-12-07 15:00:00,2.38784493694487,2.26447235404695,1,10.89
2024-12-07 16:00:00,2.6748380668961,2.51265267265771,1,14.51
2024-12-07 17:00:00,3.05163990549229,2.71756697169613,1,21.15
2024-12-07 18:00:00,2.96938829821439,2.60302480408634,1,19.48
2024-12-07 19:00:00,3.26728496407589,2.41192406443415,1,26.24
2024-12-07 20:00:00,3.3332753651767,2.40049620251334,1,28.03
2024-12-07 21:00:00,3.15529684322533,2.69144003842727,1,23.46
2024-12-07 22:00:00,3.00469201492546,2.58567225344388,1,20.18
2024-12-07 23:00:00,2.79361608943186,2.73081103123181,1,16.34
2024-12-08,2.89037175789616,2.81800668334209,1,18
2024-12-08 01:00:00,2.95803040636998,2.74024812121377,1,19.26
2024-12-08 02:00:00,2.9391619220656,2.5906986175342,1,18.9
2024-12-08 03:00:00,3.04213864636815,2.59526129674847,1,20.95
2024-12-08 04:00:00,3.12280535611747,2.56564333179476,1,22.71
2024-12-08 05:00:00,3.13983261752775,2.37193387244505,1,23.1
2024-12-08 06:00:00,3.23828621838802,2.69905741162092,1,25.49
2024-12-08 07:00:00,3.13679771383259,2.67491446127427,1,23.03
2024-12-08 08:00:00,3.05447276857659,2.69928226236313,1,21.21
2024-12-08 09:00:00,3.02723094061336,2.53799756870453,1,20.64
2024-12-08 10:00:00,2.598235335095,2.93689793344573,1,13.44
2024-12-08 11:00:00,2.22570404865809,2.88026984898225,1,9.26
2024-12-08 12:00:00,2.29253475714054,2.82015422762037,1,9.9
2024-12-08 13:00:00,2.23857976301813,2.35421360211044,1,9.38
2024-12-08 14:00:00,2.59600069729359,2.96595035223576,1,13.41
2024-12-08 15:00:00,1.67335123817775,2.52203862142288,1,5.33
2024-12-08 16:00:00,2.02946317187359,2.72930422415909,1,7.61
2024-12-08 17:00:00,2.27726728500976,2.26905404102855,1,9.75
2024-12-08 18:00:00,2.12465388450138,2.71017435910068,1,8.37
2024-12-08 19:00:00,2.46979301197795,2.9740600575169,1,11.82
2024-12-08 20:00:00,2.52892353520477,3.09863214888789,1,12.54
2024-12-08 21:00:00,2.49815187653802,3.02970518321728,1,12.16
2024-12-08 22:00:00,2.598235335095,2.93433035237586,1,13.44
2024-12-08 23:00:00,2.84839168565528,2.64168643531245,1,17.26
2024-12-09,2.82435065679837,1.8393550829528,1,16.85
2024-12-09 01:00:00,3.03206420280138,1.07914381693328,1,20.74
2024-12-09 02:00:00,3.10682632105958,1.60812229499449,1,22.35
2024-12-09 03:00:00,3.05305734017326,1.07307851987128,1,21.18
2024-12-09 04:00:00,2.68580459215489,0.891519772176472,1,14.67
2024-12-09 05:00:00,2.37211115564266,1.07109643094483,1,10.72
2024-12-09 06:00:00,2.69597761986794,0.884289655809513,1,14.82
2024-12-09 07:00:00,2.91017438519234,1.55048105015176,1,18.36
2024-12-09 08:00:00,2.66930937278578,1.66440453386789,1,14.43
2024-12-09 09:00:00,2.55334381134123,1.71030055216918,1,12.85
2024-12-09 10:00:00,2.42480272571829,2.31327510055399,1,11.3
2024-12-09 11:00:00,2.42125662271154,1.60106418145006,1,11.26
2024-12-09 12:00:00,2.35612585992208,2.00721318100617,1,10.55
2024-12-09 13:00:00,2.56494935746154,2.23482091498618,1,13
2024-12-09 14:00:00,2.33988087773774,2.30843429150039,1,10.38
2024-12-09 15:00:00,1.95018670582257,1.94196340759552,1,7.03
2024-12-09 16:00:00,1.67896397508271,2.01639143471538,1,5.36
2024-12-09 17:00:00,1.20896034583698,1.80029690719207,1,3.35
2024-12-09 18:00:00,1.04380405217311,1.99670032877538,1,2.84
2024-12-09 19:00:00,0.78845736036427,1.96018037192556,1,2.2
2024-12-09 20:00:00,0.641853886172395,2.2145752525166,1,1.9
2024-12-09 21:00:00,0.559615787935423,2.24321842282731,1,1.75
2024-12-09 22:00:00,0.828551817566148,1.54311068080871,1,2.29
2024-12-09 23:00:00,0.678033542749897,1.69402088095647,1,1.97
2024-12-10,0.412109650826833,2.03964712120558,1,1.51
2024-12-10 01:00:00,0.29266961396282,1.79375084292969,1,1.34
2024-12-10 02:00:00,0.207014169384326,0.7553634651424,1,1.23
2024-12-10 03:00:00,0.56531380905006,1.00089150037835,1,1.76
2024-12-10 04:00:00,0.774727167552368,1.36114985445841,1,2.17
2024-12-10 05:00:00,1.33236601909433,1.52160445097036,1,3.79
2024-12-10 06:00:00,1.78339121955754,1.24821413036153,1,5.95
2024-12-10 07:00:00,1.95302761682418,0.699216135805816,1,7.05
2024-12-10 08:00:00,1.69009581545155,1.38441369377516,1,5.42
2024-12-10 09:00:00,1.12492959698548,1.3191981876685,1,3.08
2024-12-10 10:00:00,1.30562645805244,1.68940309057591,1,3.69
2024-12-10 11:00:00,1.16627093714192,2.24985787425178,1,3.21
2024-12-10 12:00:00,1.26412672714568,1.72023590906093,1,3.54
2024-12-10 13:00:00,1.47247205736094,1.78969779151361,1,4.36
2024-12-10 14:00:00,1.54115907168081,1.53391282553694,1,4.67
2024-12-10 15:00:00,1.44220199305819,1.90949427020747,1,4.23
2024-12-10 16:00:00,1.30562645805244,1.64210982517502,1,3.69
2024-12-10 17:00:00,1.3787660946991,1.72631089997699,1,3.97
2024-12-10 18:00:00,1.31372366828506,0.929781350294291,1,3.72
2024-12-10 19:00:00,1.40609698841607,1.38144411621093,1,4.08
2024-12-10 20:00:00,1.54329810992956,1.72702077851632,1,4.68
2024-12-10 21:00:00,1.76985463384001,1.73205369446656,1,5.87
2024-12-10 22:00:00,1.97962120639763,1.81974914110682,1,7.24
2024-12-10 23:00:00,1.97685495290473,1.85196265740444,1,7.22
2024-12-11,2.06939120582633,2.59171958576815,1,7.92
2024-12-11 01:00:00,2.13060982825424,2.74106728850389,1,8.42
2024-12-11 02:00:00,2.12345842709661,2.78817159410571,1,8.36
2024-12-11 03:00:00,2.18941639488841,2.66630283184741,1,8.93
2024-12-11 04:00:00,2.1150499691472,2.53685932162711,1,8.29
2024-12-11 05:00:00,2.1621729392773,2.55068772897779,1,8.69
2024-12-11 06:00:00,2.26384426467762,2.68889264107498,1,9.62
2024-12-11 07:00:00,2.45787797740008,2.78025822959455,1,11.68
2024-12-11 08:00:00,2.73631366637507,2.86784250015726,1,15.43
2024-12-11 09:00:00,2.36085400111802,2.85099270520578,1,10.6
2024-12-11 10:00:00,1.76985463384001,2.71613844785245,1,5.87
2024-12-11 11:00:00,1.56653041142282,2.65769152948205,1,4.79
2024-12-11 12:00:00,1.54543258245819,2.66481242850523,1,4.69
2024-12-11 13:00:00,1.83418018511201,2.6918932609088,1,6.26
2024-12-11 14:00:00,2.09433015417359,2.33060489489262,1,8.12
2024-12-11 15:00:00,1.74745921033147,2.41100506713143,1,5.74
2024-12-11 16:00:00,2.49979526228175,2.96727904065755,1,12.18
2024-12-11 17:00:00,3.39517930933659,3.0155064470732,1,29.82
2024-12-11 18:00:00,2.77944019718888,3.015724427885,1,16.11
2024-12-11 19:00:00,2.58173083442354,3.20474281870602,1,13.22
2024-12-11 20:00:00,3.08739946207981,3.24144028553456,1,21.92
2024-12-11 21:00:00,2.77570884957602,3.0750386846742,1,16.05
2024-12-11 22:00:00,2.84199817361195,3.10889771516098,1,17.15
2024-12-11 23:00:00,2.84954976337591,3.19210897328139,1,17.28
2024-12-12,2.79606107842492,3.17826383966556,1,16.38
2024-12-12 01:00:00,2.95125778345216,3.06418359185774,1,19.13
2024-12-12 02:00:00,2.65605490598383,3.03568356861873,1,14.24
2024-12-12 03:00:00,2.53210825127229,2.94674698575501,1,12.58
2024-12-12 04:00:00,2.63332665490627,2.9448205236292,1,13.92
2024-12-12 05:00:00,2.61227324570844,3.0312363018647,1,13.63
2024-12-12 06:00:00,2.70805020110221,3.09918255012749,1,15
2024-12-12 07:00:00,3.64753649057955,3.1432970598424,1,38.38
2024-12-12 08:00:00,3.16209381076922,3.27779490636649,1,23.62
2024-12-12 09:00:00,3.08053287524646,3.25574303684798,1,21.77
2024-12-12 10:00:00,3.15912582046243,3.31288642892312,1,23.55
2024-12-12 11:00:00,3.01357219168232,3.19398391912473,1,20.36
2024-12-12 12:00:00,2.58475198475772,2.99276806835106,1,13.26
2024-12-12 13:00:00,2.58173083442354,2.87554220232527,1,13.22
2024-12-12 14:00:00,2.75302356674494,2.88928915552717,1,15.69
2024-12-12 15:00:00,2.797890905102,3.02095181053347,1,16.41
2024-12-12 16:00:00,2.66095859356836,2.77856682980692,1,14.31
2024-12-12 17:00:00,2.7330679640775,2.72404804183826,1,15.38
2024-12-12 18:00:00,2.7127060126384,2.65458536054958,1,15.07
2024-12-12 19:00:00,2.68580459215489,2.7012407478459,1,14.67
2024-12-12 20:00:00,2.68307421503203,2.72171382181369,1,14.63
2024-12-12 21:00:00,2.82849635417808,2.67605101512869,1,16.92
2024-12-12 22:00:00,2.92423627184892,2.7622731449997,1,18.62
2024-12-12 23:00:00,2.8094026953625,2.50480300825588,1,16.6
2024-12-13,2.78377591163035,2.46025397360977,1,16.18
2024-12-13 01:00:00,2.92530980925744,2.54213040361623,1,18.64
2024-12-13 02:00:00,3.13070013396448,2.27862072236055,1,22.89
2024-12-13 03:00:00,3.04213864636815,2.14674987734112,1,20.95
2024-12-13 04:00:00,3.0174937653355,2.51653728998947,1,20.44
2024-12-13 05:00:00,2.96630346286318,2.3180249875195,1,19.42
2024-12-13 06:00:00,2.93863268151342,2.43511907145185,1,18.89
2024-12-13 07:00:00,3.03591406318682,2.49528674395657,1,20.82
2024-12-13 08:00:00,3.10413814739778,2.50763754037825,1,22.29
2024-12-13 09:00:00,3.14199478053224,2.46865029800544,1,23.15
2024-12-13 10:00:00,3.13766576944266,2.2833158745306,1,23.05
2024-12-13 11:00:00,3.22922211692235,2.30957480825384,1,25.26
2024-12-13 12:00:00,3.08282698040492,2.36398741256549,1,21.82
2024-12-13 13:00:00,3.10503500844444,2.57635364541875,1,22.31
2024-12-13 14:00:00,3.03254624667671,2.42812868299726,1,20.75
2024-12-13 15:00:00,3.16251709119882,2.68486178670895,1,23.63
2024-12-13 16:00:00,3.10772077550204,2.555934230778,1,22.37
2024-12-13 17:00:00,3.02091257208429,2.57891129344121,1,20.51
2024-12-13 18:00:00,2.56263899832835,2.22418629600201,1,12.97
2024-12-13 19:00:00,2.54474665014402,2.20411366473284,1,12.74
2024-12-13 20:00:00,2.72589011923054,2.27728298874448,1,15.27
2024-12-13 21:00:00,2.96630346286318,2.40132803628657,1,19.42
2024-12-13 22:00:00,3.12104246451944,1.95369232038404,1,22.67
2024-12-13 23:00:00,3.11662159082944,1.8622011618162,1,22.57
2024-12-14,3.12412548832239,2.44163847893746,1,22.74
2024-12-14 01:00:00,2.95230271562665,2.55729373512977,1,19.15
2024-12-14 02:00:00,3.07592881554827,2.65248693028586,1,21.67
2024-12-14 03:00:00,3.09783749649114,2.66932266030877,1,22.15
2024-12-14 04:00:00,3.37451111639965,2.61425083375343,1,29.21
2024-12-14 05:00:00,3.1389664416399,2.63753888219962,1,23.08
2024-12-14 06:00:00,2.96784707006446,2.4449337989563,1,19.45
2024-12-14 07:00:00,2.6658383522929,2.23115375482457,1,14.38
2024-12-14 08:00:00,2.82137888640921,2.54737024891032,1,16.8
2024-12-14 09:00:00,2.92691795755363,2.65051680004599,1,18.67
2024-12-14 10:00:00,2.93066027681028,2.295180722949,1,18.74
2024-12-14 11:00:00,2.8136106967627,2.24617279633696,1,16.67
2024-12-14 12:00:00,2.76127496233951,2.20455928396263,1,15.82
2024-12-14 13:00:00,2.82078347108945,2.58187855070239,1,16.79
2024-12-14 14:00:00,2.6748380668961,2.83605638342079,1,14.51
2024-12-14 15:00:00,2.60712428251225,2.56528000663986,1,13.56
2024-12-14 16:00:00,2.6658383522929,2.15483754215779,1,14.38
2024-12-14 17:00:00,2.47401420862158,1.82818877958426,1,11.87
2024-12-14 18:00:00,1.83736998048011,1.80568660256497,1,6.28
2024-12-14 19:00:00,1.95018670582257,2.03856460506767,1,7.03
2024-12-14 20:00:00,2.29958058397375,2.29304570851307,1,9.97
2024-12-14 21:00:00,2.34180580614733,2.2331086974953,1,10.4
2024-12-14 22:00:00,2.44581926107995,2.03164808554332,1,11.54
2024-12-14 23:00:00,2.37397508908072,1.93770834990377,1,10.74
2024-12-15,2.01089499914473,1.96171781686775,1,7.47
2024-12-15 01:00:00,1.74221902366792,1.77375766843615,1,5.71
2024-12-15 02:00:00,1.16627093714192,1.89442343243635,1,3.21
2024-12-15 03:00:00,1.26976054486394,1.99701859967275,1,3.56
2024-12-15 04:00:00,1.08180517035173,2.17215509550481,1,2.95
2024-12-15 05:00:00,0.717839793150317,1.70378529112566,1,2.05
2024-12-15 06:00:00,0.970778917158225,1.53410370717078,1,2.64
2024-12-15 07:00:00,1.04731899428056,1.531987758781,1,2.85
2024-12-15 08:00:00,1.02961941718116,1.52634849827598,1,2.8
2024-12-15 09:00:00,1.01523067972906,1.86202709454646,1,2.76
2024-12-15 10:00:00,0.916290731874155,1.68043756192132,1,2.5
2024-12-15 11:00:00,1.02604159583327,1.93516219296939,1,2.79
2024-12-15 12:00:00,1.02604159583327,1.919798555533,1,2.79
2024-12-15 13:00:00,1.14103300455206,1.73593599898163,1,3.13
2024-12-15 14:00:00,1.35325450704169,1.82109387633651,1,3.87
2024-12-15 15:00:00,1.57691472072854,1.96371012512031,1,4.84
2024-12-15 16:00:00,1.5993875765806,1.74204097258472,1,4.95
2024-12-15 17:00:00,1.5830939370945,2.00064522594878,1,4.87
2024-12-15 18:00:00,1.22377543162212,2.02691572960509,1,3.4
2024-12-15 19:00:00,1.28370777234479,1.79940997436559,1,3.61
2024-12-15 20:00:00,1.04731899428056,1.97323212163676,1,2.85
2024-12-15 21:00:00,1.07158361628019,1.8220867951972,1,2.92
2024-12-15 22:00:00,1.05431202977153,1.80976406223204,1,2.87
2024-12-15 23:00:00,0.732367893713227,1.50677423137751,1,2.08
2024-12-16,0.488580014818671,1.5511875961872,1,1.63
2024-12-16 01:00:00,-0.0202027073175195,1.55653323352641,1,0.98
2024-12-16 02:00:00,0.165514438477573,1.33340280755733,1,1.18
2024-12-16 03:00:00,0.048790164169432,1.52401068569979,1,1.05
2024-12-16 04:00:00,0.27763173659828,1.46779077154882,1,1.32
2024-12-16 05:00:00,0.22314355131421,1.28640617889229,1,1.25
2024-12-16 06:00:00,0.207014169384326,1.4642556295632,1,1.23
2024-12-16 07:00:00,-0.23572233352107,1.3398450139841,1,0.79
2024-12-16 08:00:00,1.3787660946991,1.59323892280378,1,3.97
2024-12-16 09:00:00,0.392042087776024,1.89457434475111,1,1.48
2024-12-16 10:00:00,0.457424847038875,1.90915097569342,1,1.58
2024-12-16 11:00:00,0.641853886172395,1.74321721713128,1,1.9
2024-12-16 12:00:00,1.20597080698861,1.70265435974226,1,3.34
2024-12-16 13:00:00,0.182321556793955,1.62354051178024,1,1.2
2024-12-16 14:00:00,0.598836501088704,1.85396774146705,1,1.82
2024-12-16 15:00:00,0.908258560176891,1.77710059320672,1,2.48
2024-12-16 16:00:00,0.741937344729377,1.77315340306278,1,2.1
2024-12-16 17:00:00,0.717839793150317,1.80943537943319,1,2.05
2024-12-16 18:00:00,0.858661619037519,1.91680542557533,1,2.36
2024-12-16 19:00:00,1.05779029414785,1.8941007396898,1,2.88
2024-12-16 20:00:00,1.34025042261848,1.56145211811528,1,3.82
2024-12-16 21:00:00,0.570979546585738,1.87275822478794,1,1.77
2024-12-16 22:00:00,0.824175442966349,1.54276951168928,1,2.28
2024-12-16 23:00:00,0.920282753143692,1.50231686521168,1,2.51
2024-12-17,0.139761942375159,1.4301739118076,1,1.15
2024-12-17 01:00:00,-0.105360515657826,1.18396964364375,1,0.9
2024-12-17 02:00:00,0.139761942375159,1.11218429068228,1,1.15
2024-12-17 03:00:00,0.048790164169432,1.23298279311286,1,1.05
2024-12-17 04:00:00,0.405465108108164,1.25078126119878,1,1.5
2024-12-17 05:00:00,0.598836501088704,1.16235894499942,1,1.82
2024-12-17 06:00:00,0.587786664902119,1.29456255407539,1,1.8
2024-12-17 07:00:00,0.693147180559945,1.47354923755103,1,2
2024-12-17 08:00:00,0.693147180559945,1.44689695755733,1,2
2024-12-17 09:00:00,1.06471073699243,1.81715382472207,1,2.9
2024-12-17 10:00:00,0.703097511413113,1.89643076866963,1,2.02
2024-12-17 11:00:00,0.806475865866949,1.78289792094792,1,2.24
2024-12-17 12:00:00,0.751416088683921,1.82646493505323,1,2.12
2024-12-17 13:00:00,0.828551817566148,2.00374894280358,1,2.29
2024-12-17 14:00:00,0.963174317773006,1.85093572422219,1,2.62
2024-12-17 15:00:00,1.68082790852077,2.14340740115507,1,5.37
2024-12-17 16:00:00,2.45787797740008,2.27970567542777,1,11.68
2024-12-17 17:00:00,2.04381436403668,2.1936245681325,1,7.72
2024-12-17 18:00:00,1.80500469597808,2.11320583037818,1,6.08
2024-12-17 19:00:00,2.09186406167839,1.89832478810595,1,8.1
2024-12-17 20:00:00,2.07568449280212,2.14442851728287,1,7.97
2024-12-17 21:00:00,2.28136145654242,2.19106124416734,1,9.79
2024-12-17 22:00:00,2.09186406167839,2.10468320598617,1,8.1
2024-12-17 23:00:00,1.95302761682418,2.50818332244484,1,7.05
2024-12-18,2.48073127837752,2.53967224940623,1,11.95
2024-12-18 01:00:00,2.2060741926132,2.46314979597503,1,9.08
2024-12-18 02:00:00,2.23108909128898,2.6058437572021,1,9.31
2024-12-18 03:00:00,1.60341984010854,2.66075280569457,1,4.97
2024-12-18 04:00:00,1.3609765531356,2.69658738529573,1,3.9
2024-12-18 05:00:00,2.13534917361813,2.71449537416911,1,8.46
2024-12-18 06:00:00,2.51850259921652,2.77362574703838,1,12.41
2024-12-18 07:00:00,2.65324196460721,2.85242862086596,1,14.2
2024-12-18 08:00:00,2.60564826748413,2.86182204802565,1,13.54
2024-12-18 09:00:00,2.74406063862524,2.84135922972728,1,15.55
2024-12-18 10:00:00,2.50878592357794,2.47775844827442,1,12.29
2024-12-18 11:00:00,2.11866225483312,2.1569431109146,1,8.32
2024-12-18 12:00:00,2.22028985026722,2.49480475338717,1,9.21
2024-12-18 13:00:00,2.22786154679811,2.44588498052381,1,9.28
2024-12-18 14:00:00,2.35991015961332,2.31818758199595,1,10.59
2024-12-18 15:00:00,2.44147709186066,1.85653292613341,1,11.49
2024-12-18 16:00:00,2.10535292346434,1.91191386042082,1,8.21
2024-12-18 17:00:00,1.93441576962958,1.89145667125256,1,6.92
2024-12-18 18:00:00,1.9139771019523,1.7093432241041,1,6.78
2024-12-18 19:00:00,1.78339121955754,1.47726477314972,1,5.95
2024-12-18 20:00:00,1.64865862558738,1.36878077050363,1,5.2
2024-12-18 21:00:00,1.87793716546911,1.56887335352859,1,6.54
2024-12-18 22:00:00,3.02626147858881,2.34566498815635,1,20.62
2024-12-18 23:00:00,3.03302805829769,2.5862056308549,1,20.76
2024-12-19,3.08557297755378,2.1512242389434,1,21.88
2024-12-19 01:00:00,3.13113691056019,2.24348942768268,1,22.9
2024-12-19 02:00:00,3.0174937653355,1.96742764346685,1,20.44
2024-12-19 03:00:00,3.0708397460408,2.09982496075073,1,21.56
2024-12-19 04:00:00,3.28391422104742,2.32596477579573,1,26.68
2024-12-19 05:00:00,3.12148347885955,2.27292674619173,1,22.68
2024-12-19 06:00:00,3.02626147858881,2.30558749931602,1,20.62
2024-12-19 07:00:00,2.006870848845,1.88372640473959,1,7.44
2024-12-19 08:00:00,2.10169215061466,1.88044798431196,1,8.18
2024-12-19 09:00:00,1.54329810992956,2.12143939173116,1,4.68
2024-12-19 10:00:00,1.52169899812609,2.19867082434961,1,4.58
2024-12-19 11:00:00,1.18784342239605,2.26875798150464,1,3.28
2024-12-19 12:00:00,1.10856261952128,1.8222172056155,1,3.03
2024-12-19 13:00:00,1.22377543162212,1.97419732796216,1,3.4
2024-12-19 14:00:00,0.89199803930511,1.93660006222092,1,2.44
2024-12-19 15:00:00,2.00417905717929,1.8911186703386,1,7.42
2024-12-19 16:00:00,1.37371557891303,1.72530799178551,1,3.95
2024-12-19 17:00:00,1.62924053973028,2.04225531540699,1,5.1
2024-12-19 18:00:00,1.62924053973028,1.58144653280908,1,5.1
2024-12-19 19:00:00,1.42310833424261,1.34575664747274,1,4.15
2024-12-19 20:00:00,0.231111720963387,1.66588307415992,1,1.26
2024-12-19 21:00:00,0,1.47470738670675,1,1
2024-12-19 22:00:00,0.0769610411361284,1.19689828497605,1,1.08
2024-12-19 23:00:00,0.231111720963387,0.924763150328887,1,1.26
2024-12-20,0.0295588022415444,1.16876728920678,1,1.03
2024-12-20 01:00:00,0.832909122935104,0.120789220949655,1,2.3
2024-12-20 02:00:00,1.18172719537862,0.233020674706513,1,3.26
2024-12-20 03:00:00,0.837247524533702,0.377753538190102,1,2.31
2024-12-20 04:00:00,0.854415328156068,0.36107389588506,1,2.35
2024-12-20 05:00:00,0.806475865866949,0.667660745668934,1,2.24
2024-12-20 06:00:00,1.00063188030791,0.949337625766576,1,2.72
2024-12-20 07:00:00,1.15688119679209,1.14391992829537,1,3.18
2024-12-20 08:00:00,1.41098697371026,1.46950448802981,1,4.1
2024-12-20 09:00:00,1.77833644889591,1.39433583035728,1,5.92
2024-12-20 10:00:00,1.77833644889591,1.17307692150347,1,5.92
2024-12-20 11:00:00,1.67335123817775,1.53716263210923,1,5.33
2024-12-20 12:00:00,1.85785927093258,1.28287099044584,1,6.41
2024-12-20 13:00:00,1.86252854011626,1.71705585418478,1,6.44
2024-12-20 14:00:00,1.92716410623426,1.43498255786376,1,6.87
2024-12-20 15:00:00,1.99877363861238,1.71849644693091,1,7.38
2024-12-20 16:00:00,1.9643112344262,1.97798361113997,1,7.13
2024-12-20 17:00:00,1.96009478404727,1.7404577746931,1,7.1
2024-12-20 18:00:00,2.04381436403668,2.05351809865312,1,7.72
2024-12-20 19:00:00,2.07317192866624,2.18730307782096,1,7.95
2024-12-20 20:00:00,1.90805992492422,2.16565443710645,1,6.74
2024-12-20 21:00:00,2.21046980408624,2.02905253286596,1,9.12
2024-12-20 22:00:00,1.85785927093258,2.10609926119408,1,6.41
2024-12-20 23:00:00,2.08318452795867,2.25244025079308,1,8.03
2024-12-21,2.21375387928743,2.56780742184952,1,9.15
2024-12-21 01:00:00,1.83736998048011,2.5294467876817,1,6.28
2024-12-21 02:00:00,2.11384296839717,2.48895354975004,1,8.28
2024-12-21 03:00:00,2.11986345617875,2.45685483522926,1,8.33
2024-12-21 04:00:00,1.73871024813824,2.28910773725719,1,5.69
2024-12-21 05:00:00,1.7263316639056,2.04254364315089,1,5.62
2024-12-21 06:00:00,1.69561560867515,2.09866783758889,1,5.45
2024-12-21 07:00:00,1.84371920815877,2.08200261908432,1,6.32
2024-12-21 08:00:00,1.7263316639056,2.20815751863837,1,5.62
2024-12-21 09:00:00,1.74221902366792,2.03338130458786,1,5.71
2024-12-21 10:00:00,1.45395300959371,1.56307934392664,1,4.28
2024-12-21 11:00:00,1.08856195281461,1.53413837354525,1,2.97
2024-12-21 12:00:00,1.62924053973028,1.43600319846164,1,5.1
2024-12-21 13:00:00,1.5993875765806,1.27876675779902,1,4.95
2024-12-21 14:00:00,1.51512723296286,1.4049326565658,1,4.55
2024-12-21 15:00:00,1.19694818938897,1.40836719545181,1,3.31
2024-12-21 16:00:00,1.7263316639056,1.56682210571792,1,5.62
2024-12-21 17:00:00,1.44456326924387,1.6201337173922,1,4.24
2024-12-21 18:00:00,1.38629436111989,1.47648961311482,1,4
2024-12-21 19:00:00,1.41827740697294,1.74285926348552,1,4.13
2024-12-21 20:00:00,1.93441576962958,1.86312093251217,1,6.92
2024-12-21 21:00:00,1.87946504964716,2.28871459802691,1,6.55
2024-12-21 22:00:00,1.34547236659964,1.74843735550349,1,3.84
2024-12-21 23:00:00,1.15688119679209,1.98354919272536,1,3.18
2024-12-22,0.970778917158225,1.37385848301324,1,2.64
2024-12-22 01:00:00,1.4655675420144,1.2120477436573,1,4.33
2024-12-22 02:00:00,1.12492959698548,0.992782228337898,1,3.08
2024-12-22 03:00:00,0.947789398933526,0.838640633046094,1,2.58
2024-12-22 04:00:00,0.636576829071551,0.452899663617854,1,1.89
2024-12-22 05:00:00,0.641853886172395,0.621269636702193,1,1.9
2024-12-22 06:00:00,0.482426149244293,1.25457867949192,1,1.62
2024-12-22 07:00:00,0.974559639998131,0.809234530234993,1,2.65
2024-12-22 08:00:00,1.05431202977153,0.820266018112978,1,2.87
2024-12-22 09:00:00,0.412109650826833,1.53706878436845,1,1.51
2024-12-22 10:00:00,0.667829372575655,1.45649357821007,1,1.95
2024-12-22 11:00:00,0.438254930931155,1.28264484786214,1,1.55
2024-12-22 12:00:00,0.405465108108164,1.538831608865,1,1.5
2024-12-22 13:00:00,0.912282710476616,1.42295021626941,1,2.49
2024-12-22 14:00:00,0.959350221334602,1.43736445132384,1,2.61
2024-12-22 15:00:00,1.31908561142644,1.93897555765562,1,3.74
2024-12-22 16:00:00,1.33236601909433,2.1266092895761,1,3.79
2024-12-22 17:00:00,1.06471073699243,2.18679807027234,1,2.9
2024-12-22 18:00:00,1.20297230399235,2.16873620424096,1,3.33
2024-12-22 19:00:00,1.2947271675944,2.23892264378401,1,3.65
2024-12-22 20:00:00,1.14740245283754,2.03959046384359,1,3.15
2024-12-22 21:00:00,0.920282753143692,1.97762415258975,1,2.51
2024-12-22 22:00:00,0.553885113226438,1.5354580833555,1,1.74
2024-12-22 23:00:00,0.900161349944271,1.41044337282929,1,2.46
2024-12-23,0.86288995514704,1.65575378017496,1,2.37
2024-12-23 01:00:00,0.732367893713227,1.847762592043,1,2.08
2024-12-23 02:00:00,1.09861228866811,2.09966311806309,1,3
2024-12-23 03:00:00,1.34025042261848,2.10077632633833,1,3.82
2024-12-23 04:00:00,1.1314021114911,1.92820049519666,1,3.1
2024-12-23 05:00:00,1.04731899428056,1.87133384075069,1,2.85
2024-12-23 06:00:00,1.22671229129543,2.13628306793554,1,3.41
2024-12-23 07:00:00,1.43031124653666,2.1127837227225,1,4.18
2024-12-23 08:00:00,1.56024766824333,2.1378290386343,1,4.76
2024-12-23 09:00:00,1.62531126159039,1.95536530701474,1,5.08
2024-12-23 10:00:00,1.26412672714568,1.76805442729268,1,3.54
2024-12-23 11:00:00,1.22671229129543,1.67958883551733,1,3.41
2024-12-23 12:00:00,1.53039470509365,1.48353152775547,1,4.62
2024-12-23 13:00:00,1.35325450704169,1.40836754588823,1,3.87
2024-12-23 14:00:00,0.879626747502564,1.62919408844938,1,2.41
2024-12-23 15:00:00,1.15373158788919,2.16445562242702,1,3.17
2024-12-23 16:00:00,1.19694818938897,2.00772358606276,1,3.31
2024-12-23 17:00:00,1.8099267731835,2.49039499910532,1,6.11
2024-12-23 18:00:00,2.49568172295596,2.43923442379412,1,12.13
2024-12-23 19:00:00,2.36555989215543,2.37774761045549,1,10.65
2024-12-23 20:00:00,2.2512917986065,2.3456382373642,1,9.5
2024-12-23 21:00:00,1.880990602956,2.54920037151767,1,6.56
2024-12-23 22:00:00,1.65057985576528,2.37509136821151,1,5.21
2024-12-23 23:00:00,1.87946504964716,2.32186065292756,1,6.55
2024-12-24,1.66959183525385,1.8886834566304,1,5.31
2024-12-24 01:00:00,1.59330853050422,1.19323254209747,1,4.92
2024-12-24 02:00:00,1.51732262352629,1.31741771267065,1,4.56
2024-12-24 03:00:00,1.61541998411165,1.83944768797752,1,5.03
2024-12-24 04:00:00,1.21194097397511,1.34950642416115,1,3.36
2024-12-24 05:00:00,1.12492959698548,1.51112346375459,1,3.08
2024-12-24 06:00:00,0.99694863489161,1.56793598608407,1,2.71
2024-12-24 07:00:00,1.08180517035173,1.7207669565521,1,2.95
2024-12-24 08:00:00,1.25276296849537,2.18147659696138,1,3.5
2024-12-24 09:00:00,1.18784342239605,2.33061803448632,1,3.28
2024-12-24 10:00:00,0.963174317773006,2.1740596805567,1,2.62
2024-12-24 11:00:00,1.24415459395877,2.18927287173147,1,3.47
2024-12-24 12:00:00,1.28647402583768,2.1039206626397,1,3.62
2024-12-24 13:00:00,1.40609698841607,1.86173551307034,1,4.08
2024-12-24 14:00:00,1.22082992139236,1.57953891475069,1,3.39
2024-12-24 15:00:00,1.51292701205326,2.15668812230056,1,4.54
2024-12-24 16:00:00,1.50185270175416,2.41269280997112,1,4.49
2024-12-24 17:00:00,1.99605993274078,2.83174570326682,1,7.36
2024-12-24 18:00:00,2.62828523263335,2.68410860092745,1,13.85
2024-12-24 19:00:00,2.33891702224144,2.95311152098498,1,10.37
2024-12-24 20:00:00,2.69462718077007,2.69498429241569,1,14.8
2024-12-24 21:00:00,2.99822915375258,2.69093700028801,1,20.05
2024-12-24 22:00:00,2.68648602318637,3.02265753334459,1,14.68
2024-12-24 23:00:00,2.53449014997683,2.89664554056991,1,12.61
2024-12-25,2.69597761986794,2.83145572739563,1,14.82
2024-12-25 01:00:00,2.88591740754678,2.93458905910635,1,17.92
2024-12-25 02:00:00,2.86505394991188,2.86283406232833,1,17.55
2024-12-25 03:00:00,2.7047112998367,2.95189201257161,1,14.95
2024-12-25 04:00:00,2.87751164216656,3.00622596762284,1,17.77
2024-12-25 05:00:00,2.7434173449395,3.07347427322587,1,15.54
2024-12-25 06:00:00,2.60933422816305,3.05789860471244,1,13.59
2024-12-25 07:00:00,2.92530980925744,3.21004097242512,1,18.64
2024-12-25 08:00:00,3.05447276857659,3.1991520680087,1,21.21
2024-12-25 09:00:00,3.01357219168232,2.92662060200438,1,20.36
2024-12-25 10:00:00,3.3467411958661,2.64774999582268,1,28.41
2024-12-25 11:00:00,3.53397849289597,2.40343697762692,1,34.26
2024-12-25 12:00:00,3.47537677983641,2.52799674607354,1,32.31
2024-12-25 13:00:00,2.30558060197384,2.37482546564605,1,10.03
2024-12-25 14:00:00,1.96711235670592,2.60805464550366,1,7.15
2024-12-25 15:00:00,2.09309786812732,3.02285996932423,1,8.11
2024-12-25 16:00:00,2.49155119250667,3.11925297273239,1,12.08
2024-12-25 17:00:00,2.93225985059842,3.30407714246303,1,18.77
2024-12-25 18:00:00,3.15657479867082,3.37876125608585,1,23.49
2024-12-25 19:00:00,2.99071973173045,3.06259453165107,1,19.9
2024-12-25 20:00:00,2.797890905102,3.21399817318907,1,16.41
2024-12-25 21:00:00,3.07546724157284,3.3565914365403,1,21.66
2024-12-25 22:00:00,3.10503500844444,3.11982220195595,1,22.31
2024-12-25 23:00:00,2.92369907065416,3.10346141266244,1,18.61
2024-12-26,2.98416563718253,3.14124113194644,1,19.77
2024-12-26 01:00:00,2.97246364661464,3.08140121476499,1,19.54
2024-12-26 02:00:00,3.08602991153477,3.06788912147789,1,21.89
2024-12-26 03:00:00,3.25732701124245,3.03879621012009,1,25.98
2024-12-26 04:00:00,3.56274917696972,3.0889618751492,1,35.26
2024-12-26 05:00:00,3.56388296393925,3.01967254035502,1,35.3
2024-12-26 06:00:00,3.79638766182922,3.15906265622672,1,44.54
2024-12-26 07:00:00,4.01494053943483,2.82877778122553,1,55.42
2024-12-26 08:00:00,3.81859106063559,3.3241896648611,1,45.54
2024-12-26 09:00:00,3.7003138317396,3.45295979555558,1,40.46
2024-12-26 10:00:00,3.44041809481544,3.46062395098035,1,31.2
2024-12-26 11:00:00,3.42197992084468,3.54854861599282,1,30.63
2024-12-26 12:00:00,3.3456846717319,3.506405986233,1,28.38
2024-12-26 13:00:00,3.54587475969693,3.52403060323563,1,34.67
2024-12-26 14:00:00,3.48584485572244,3.40578673770989,1,32.65
2024-12-26 15:00:00,3.30761903470259,3.43483771397736,1,27.32
2024-12-26 16:00:00,3.38912480042789,3.41176229405199,1,29.64
2024-12-26 17:00:00,3.26499576048175,3.35735080141224,1,26.18
2024-12-26 18:00:00,3.26690379387878,3.40176612001272,1,26.23
2024-12-26 19:00:00,3.33648106694246,3.20734625302205,1,28.12
2024-12-26 20:00:00,3.11218108619724,3.33180257718167,1,22.47
2024-12-26 21:00:00,3.07592881554827,3.07385553893561,1,21.67
2024-12-26 22:00:00,2.93332481342537,2.99311099204492,1,18.79
2024-12-26 23:00:00,3.10682632105958,2.95374403213889,1,22.35
2024-12-27,3.06712226964066,2.76327065270786,1,21.48
2024-12-27 01:00:00,2.95125778345216,2.5275035803995,1,19.13
2024-12-27 02:00:00,2.95543097678047,2.56702798922344,1,19.21
2024-12-27 03:00:00,2.93651291389402,2.54732472243365,1,18.85
2024-12-27 04:00:00,2.96424160646262,3.12029721452294,1,19.38
2024-12-27 05:00:00,2.87299950817169,3.12869727180696,1,17.69
2024-12-27 06:00:00,2.6775909936175,3.16697259550004,1,14.55
2024-12-27 07:00:00,2.69056488676119,3.25401451999035,1,14.74
2024-12-27 08:00:00,2.80880010420235,3.37705218652752,1,16.59
2024-12-27 09:00:00,2.94443897916644,3.45206723774675,1,19
2024-12-27 10:00:00,2.95125778345216,3.53667072162355,1,19.13
2024-12-27 11:00:00,2.98416563718253,3.5994465349725,1,19.77
2024-12-27 12:00:00,3.34955314850982,3.65189715647714,1,28.49
2024-12-27 13:00:00,3.75630443042873,3.66505348385832,1,42.79
2024-12-27 14:00:00,3.55105313720653,3.64724169929119,1,34.85
2024-12-27 15:00:00,3.70327533439767,3.59333744649735,1,40.58
2024-12-27 16:00:00,3.79075891793511,3.53083395289077,1,44.29
2024-12-27 17:00:00,3.62886402170395,3.53764306151621,1,37.67
2024-12-27 18:00:00,3.50795691823369,3.53103295580037,1,33.38
2024-12-27 19:00:00,3.11351530921037,3.5007182711869,1,22.5
2024-12-27 20:00:00,3.12412548832239,3.43891519249583,1,22.74
2024-12-27 21:00:00,3.1117359493103,3.3742582266175,1,22.46
2024-12-27 22:00:00,2.83321334405622,3.305225987729,1,17
2024-12-27 23:00:00,2.74791173452734,3.28253738442352,1,15.61
2024-12-28,2.91017438519234,3.21747781277212,1,18.36
2024-12-28 01:00:00,3.00320428839269,3.13559281701186,1,20.15
2024-12-28 02:00:00,3.14113047624335,3.09418742158022,1,23.13
2024-12-28 03:00:00,2.82078347108945,3.0416422739398,1,16.79
2024-12-28 04:00:00,2.89756802476676,3.07574166767796,1,18.13
2024-12-28 05:00:00,3.10458667846607,3.08551118422852,1,22.3
2024-12-28 06:00:00,3.28316431475056,3.12052658208511,1,26.66
2024-12-28 07:00:00,3.18552584518665,2.97241021860463,1,24.18
2024-12-28 08:00:00,3.14199478053224,3.28160197221877,1,23.15
2024-12-28 09:00:00,3.25694202567466,3.39825734288823,1,25.97
2024-12-28 10:00:00,3.48308454113434,3.48410945561331,1,32.56
2024-12-28 11:00:00,3.42361097649906,3.5420887790422,1,30.68
2024-12-28 12:00:00,3.63547867738682,3.41066699596517,1,37.92
2024-12-28 13:00:00,3.60086757679072,3.4095029109851,1,36.63
2024-12-28 14:00:00,3.71600812150219,3.34113126631684,1,41.1
2024-12-28 15:00:00,3.85333400907947,3.28925559627538,1,47.15
2024-12-28 16:00:00,3.96442568422119,3.26668696631385,1,52.69
2024-12-28 17:00:00,3.75232362667047,3.32598512697176,1,42.62
2024-12-28 18:00:00,3.5481795720108,3.29223425758796,1,34.75
2024-12-28 19:00:00,3.3403852422654,3.15808148890037,1,28.23
2024-12-28 20:00:00,3.31998732623661,3.16218925588481,1,27.66
2024-12-28 21:00:00,3.39618483983861,2.95756779631788,1,29.85
2024-12-28 22:00:00,3.34497970166393,3.0572967162503,1,28.36
2024-12-28 23:00:00,3.4867632699918,2.87611212860357,1,32.68
2024-12-29,3.48000856208645,2.95778563687945,1,32.46
2024-12-29 01:00:00,3.31926399889947,2.94946308405158,1,27.64
2024-12-29 02:00:00,3.30798499993998,2.79714863056866,1,27.33
2024-12-29 03:00:00,3.19376312405313,2.87433795570742,1,24.38
2024-12-29 04:00:00,3.20639830335709,2.88722497881537,1,24.69
2024-12-29 05:00:00,3.18221184049661,2.80849053549452,1,24.1
2024-12-29 06:00:00,3.36349551447814,2.90271165109856,1,28.89
2024-12-29 07:00:00,3.38303341103448,3.01022894946842,1,29.46
2024-12-29 08:00:00,3.3257551864953,2.85707612551172,1,27.82
2024-12-29 09:00:00,3.46885603013597,2.80740644645518,1,32.1
2024-12-29 10:00:00,3.44808096756101,3.0692183759653,1,31.44
2024-12-29 11:00:00,3.30468648128131,3.17565656844298,1,27.24
2024-12-29 12:00:00,3.24765762629365,3.27051610440311,1,25.73
2024-12-29 13:00:00,3.35654862999327,3.12582194782008,1,28.69
2024-12-29 14:00:00,3.42556473811045,3.12678427223313,1,30.74
2024-12-29 15:00:00,3.51333488159901,3.31370428167195,1,33.56
2024-12-29 16:00:00,3.60522606911668,3.10391423066392,1,36.79
2024-12-29 17:00:00,3.66816641251639,3.11636486016895,1,39.18
2024-12-29 18:00:00,3.77666136749747,3.22661651084258,1,43.67
2024-12-29 19:00:00,3.76166512383958,3.17457021610098,1,43.02
2024-12-29 20:00:00,3.74832691275736,2.99630197119155,1,42.45
2024-12-29 21:00:00,3.74856245627511,3.04209124201005,1,42.46
2024-12-29 22:00:00,3.68512240523622,2.96745101275798,1,39.85
2024-12-29 23:00:00,3.72255598047332,2.99971711195175,1,41.37
2024-12-30,3.73719331439249,3.00058690771756,1,41.98
2024-12-30 01:00:00,3.76745955423679,2.76152690656781,1,43.27
2024-12-30 02:00:00,3.80488312987024,2.51704612203761,1,44.92
2024-12-30 03:00:00,3.91262282550011,2.7546326100652,1,50.03
2024-12-30 04:00:00,3.72328088083127,2.82963656769918,1,41.4
2024-12-30 05:00:00,3.71795270159964,2.88912618412017,1,41.18
2024-12-30 06:00:00,4.2372898382072,2.82577863583378,1,69.22
2024-12-30 07:00:00,4.35375575270685,3.00039126732499,1,77.77
2024-12-30 08:00:00,4.27736032244553,3.19509227437535,1,72.05
2024-12-30 09:00:00,3.88567903008854,3.17582504663365,1,48.7
2024-12-30 10:00:00,3.63547867738682,3.14229183160982,1,37.92
2024-12-30 11:00:00,3.19867311755068,2.8424300927259,1,24.5
2024-12-30 12:00:00,3.15230858059609,2.63228568034528,1,23.39
2024-12-30 13:00:00,3.44201937618241,2.65704406999137,1,31.25
2024-12-30 14:00:00,3.51986891137965,2.97546993566742,1,33.78
2024-12-30 15:00:00,3.47506723022861,3.14294892284538,1,32.3
2024-12-30 16:00:00,3.5004392163118,3.1973846213927,1,33.13
2024-12-30 17:00:00,3.54645146098166,2.98983854250246,1,34.69
2024-12-30 18:00:00,3.41870980674679,3.01991989441332,1,30.53
2024-12-30 19:00:00,3.04070563919672,3.05644393546493,1,20.92
2024-12-30 20:00:00,3.03735394824481,2.92304844457317,1,20.85
2024-12-30 21:00:00,2.95543097678047,2.68319776316695,1,19.21
2024-12-30 22:00:00,2.84374591655611,2.80157531599302,1,17.18
2024-12-30 23:00:00,2.96681826338935,2.86870250627352,1,19.43
2024-12-31,2.89148225218019,2.84039829924418,1,18.02
2024-12-31 01:00:00,2.8570447537801,2.60806331358613,1,17.41
2024-12-31 02:00:00,2.6616571615325,2.65153462118644,1,14.32
2024-12-31 03:00:00,2.78562833574758,2.66842807498343,1,16.21
2024-12-31 04:00:00,2.84665205053984,2.57460564751795,1,17.23
2024-12-31 05:00:00,2.8541687092322,2.80090962711583,1,17.36
2024-12-31 06:00:00,2.80578168959555,2.51524055821726,1,16.54
2024-12-31 07:00:00,2.89701630061483,2.87503136323468,1,18.12
2024-12-31 08:00:00,2.92959247104945,3.15531228056148,1,18.72
2024-12-31 09:00:00,2.97552956623647,2.98179113858366,1,19.6
2024-12-31 10:00:00,3.02188723103084,2.98554919128678,1,20.53
2024-12-31 11:00:00,3.04690056012839,2.92109861923872,1,21.05
2024-12-31 12:00:00,2.99322914333587,2.68593310677905,1,19.95
2024-12-31 13:00:00,2.91235066461494,3.07402936153774,1,18.4
2024-12-31 14:00:00,2.72915916431245,2.99314132119941,1,15.32
2024-12-31 15:00:00,2.85474458025301,3.05630387837182,1,17.37
2024-12-31 16:00:00,2.93651291389402,3.02733834133805,1,18.85
2024-12-31 17:00:00,3.03735394824481,3.16963304297774,1,20.85
2024-12-31 18:00:00,2.95854948242628,3.04911815540121,1,19.27
2024-12-31 19:00:00,3.23356737361119,3.12260221216965,1,25.37
2024-12-31 20:00:00,3.19826487096408,3.00530934403815,1,24.49
2024-12-31 21:00:00,3.19622113430339,2.77726822644462,1,24.44
2024-12-31 22:00:00,3.17471492908243,2.46931508960388,1,23.92
2024-12-31 23:00:00,3.25501487148407,2.83001886386722,1,25.92
2025-01-01,4.01476008287926,2.67338206969799,1,55.41
2025-01-01 01:00:00,3.72882106120688,2.42948980817936,1,41.63
2025-01-01 02:00:00,3.57318797961774,2.57351711734194,1,35.63
2025-01-01 03:00:00,3.52193899935828,2.2732305896332,1,33.85
2025-01-01 04:00:00,3.51571583510475,2.59274068210095,1,33.64
2025-01-01 05:00:00,3.57065882272651,2.7703939117579,1,35.54
2025-01-01 06:00:00,3.71161894108343,2.48343330376724,1,40.92
2025-01-01 07:00:00,3.72785975375482,2.34012246780994,1,41.59
2025-01-01 08:00:00,3.78713982328146,3.06936674042858,1,44.13
2025-01-01 09:00:00,3.97649902461251,3.12336330272328,1,53.33
2025-01-01 10:00:00,3.86639782740187,2.97604201281104,1,47.77
2025-01-01 11:00:00,3.44073855628269,2.46813019919316,1,31.21
2025-01-01 12:00:00,2.02154756326093,1.54778409136832,1,7.55
2025-01-01 13:00:00,1.75440368268429,1.02093435143122,1,5.78
2025-01-01 14:00:00,1.72455071953461,0.227042057392647,1,5.61
2025-01-01 15:00:00,1.88706964903238,-0.129586535750054,1,6.6
2025-01-01 16:00:00,2.14710019015365,-0.240839478346432,1,8.56
2025-01-01 17:00:00,2.22570404865809,0.123219875052693,1,9.26
2025-01-01 18:00:00,2.13888900032326,0.722274411974554,1,8.49
2025-01-01 19:00:00,2.37397508908072,1.18737856438905,1,10.74
2025-01-01 20:00:00,2.41680623708407,0.591595395396797,1,11.21
2025-01-01 21:00:00,2.35707327827812,1.06409834139164,1,10.56
2025-01-01 22:00:00,2.25023861262184,0.253133210196528,1,9.49
2025-01-01 23:00:00,2.16447179086441,-0.112017045574738,1,8.71
2025-01-02,1.71199450075919,0.246650800994982,1,5.54
2025-01-02 01:00:00,1.87333945622048,0.258050613184196,1,6.51
2025-01-02 02:00:00,1.22671229129543,-0.205306751545878,1,3.41
2025-01-02 03:00:00,0.867100487683383,-0.0989290904478553,1,2.38
2025-01-02 04:00:00,0.779324876800998,-0.127183975310211,1,2.18
2025-01-02 05:00:00,0.920282753143692,-0.0588537462036655,1,2.51
2025-01-02 06:00:00,1.08856195281461,0.247321640548856,1,2.97
2025-01-02 07:00:00,0.943905898907128,0.83805996992329,1,2.57
2025-01-02 08:00:00,0.883767540168595,1.29410595290526,1,2.42
2025-01-02 09:00:00,1.00063188030791,1.80951833003813,1,2.72
2025-01-02 10:00:00,0.231111720963387,1.95414602978152,1,1.26
2025-01-02 11:00:00,0.553885113226438,2.37320908087181,1,1.74
2025-01-02 12:00:00,0.285178942233662,2.25573633675668,1,1.33
2025-01-02 13:00:00,0.940007258491471,2.40583341038452,1,2.56
2025-01-02 14:00:00,0.867100487683383,2.34487644392702,1,2.38
2025-01-02 15:00:00,1.99061032797322,2.43096869120841,1,7.32
2025-01-02 16:00:00,1.96009478404727,2.69473972661549,1,7.1
2025-01-02 17:00:00,2.18605127673809,2.70933480572184,1,8.9
2025-01-02 18:00:00,2.47401420862158,2.83443819602681,1,11.87
2025-01-02 19:00:00,2.73111547403321,2.88738965633848,1,15.35
2025-01-02 20:00:00,2.69799986524871,2.88740397466441,1,14.85
2025-01-02 21:00:00,2.62611681833952,2.86842526778208,1,13.82
2025-01-02 22:00:00,1.96009478404727,2.49999962002105,1,7.1
2025-01-02 23:00:00,1.68824909285839,2.2681939175826,1,5.41
2025-01-03,1.66013102674962,2.05558589410376,1,5.26
2025-01-03 01:00:00,1.97129938306013,1.72859079138057,1,7.18
2025-01-03 02:00:00,1.71199450075919,1.90662539004824,1,5.54
2025-01-03 03:00:00,1.1999647829284,1.45635944314089,1,3.32
2025-01-03 04:00:00,1.06471073699243,1.77057052336594,1,2.9
2025-01-03 05:00:00,1.28647402583768,1.90964519709838,1,3.62
2025-01-03 06:00:00,1.67147330335355,1.79481920555036,1,5.32
2025-01-03 07:00:00,1.36609165380237,2.04552792273292,1,3.92
2025-01-03 08:00:00,1.34025042261848,1.94456461627703,1,3.82
2025-01-03 09:00:00,0.947789398933526,1.58085006064742,1,2.58
2025-01-03 10:00:00,0.815364813284194,1.35737609252916,1,2.26
2025-01-03 11:00:00,0.582215619852664,1.05024341551467,1,1.79
2025-01-03 12:00:00,0.418710334858185,0.943303663673554,1,1.52
2025-01-03 13:00:00,0.936093359170335,1.25087895245707,1,2.55
2025-01-03 14:00:00,0.693147180559945,1.16567920554872,1,2
2025-01-03 15:00:00,0.667829372575655,1.67199595591083,1,1.95
2025-01-03 16:00:00,0.548121408509688,1.08015338011592,1,1.73
2025-01-03 17:00:00,0.56531380905006,0.713863993705704,1,1.76
2025-01-03 18:00:00,0.667829372575655,1.40461209799537,1,1.95
2025-01-03 19:00:00,0.928219302739429,1.79816997369195,1,2.53
2025-01-03 20:00:00,1.25561603747777,2.24755992456063,1,3.51
2025-01-03 21:00:00,0.947789398933526,1.55474880247654,1,2.58
2025-01-03 22:00:00,0.770108221696074,1.50841738328233,1,2.16
2025-01-03 23:00:00,0.951657875711446,2.02325841258318,1,2.59
2025-01-04,0.947789398933526,1.26416283469829,1,2.58
2025-01-04 01:00:00,0.920282753143692,1.01586486687747,1,2.51
2025-01-04 02:00:00,1.01884732019925,0.890921310139848,1,2.77
2025-01-04 03:00:00,0.765467842139571,0.685262520002213,1,2.15
2025-01-04 04:00:00,1.10856261952128,0.952611443752404,1,3.03
2025-01-04 05:00:00,1.06471073699243,1.33166884254274,1,2.9
2025-01-04 06:00:00,1.36609165380237,1.31681884773378,1,3.92
2025-01-04 07:00:00,1.85473426838944,2.33726215640324,1,6.39
2025-01-04 08:00:00,1.7263316639056,2.37791886153584,1,5.62
2025-01-04 09:00:00,1.51732262352629,2.08432369899042,1,4.56
2025-01-04 10:00:00,1.51732262352629,2.02570535350396,1,4.56
2025-01-04 11:00:00,1.56234630490025,1.96144942137449,1,4.77
2025-01-04 12:00:00,1.52388002407245,2.11917605285646,1,4.59
2025-01-04 13:00:00,1.78674692740451,1.97962321212228,1,5.97
2025-01-04 14:00:00,1.66392609771817,1.70475056268041,1,5.28
2025-01-04 15:00:00,1.89761985992753,1.8271889666686,1,6.67
2025-01-04 16:00:00,2.18605127673809,2.6726983232859,1,8.9
2025-01-04 17:00:00,2.41412646772695,2.89224505208096,1,11.18
2025-01-04 18:00:00,2.37583555473364,2.40502656782673,1,10.76
2025-01-04 19:00:00,2.33795223683134,2.50644433905435,1,10.36
2025-01-04 20:00:00,2.87016905057865,2.76548513901394,1,17.64
2025-01-04 21:00:00,2.79728133483015,2.28632644368648,1,16.4
2025-01-04 22:00:00,2.57718192589717,2.73611248833618,1,13.16
2025-01-04 23:00:00,2.7047112998367,2.72844287961829,1,14.95
2025-01-05,2.6658383522929,2.73632449164891,1,14.38
2025-01-05 01:00:00,2.57642175862377,2.60593867622434,1,13.15
2025-01-05 02:00:00,2.65253749117195,2.35654369884733,1,14.19
2025-01-05 03:00:00,2.62972823432674,2.73955899109084,1,13.87
2025-01-05 04:00:00,2.8142103969306,2.80354098809537,1,16.68
2025-01-05 05:00:00,2.92262380173335,2.75469256663708,1,18.59
2025-01-05 06:00:00,3.05305734017326,2.76997735381066,1,21.18
2025-01-05 07:00:00,3.27298515051523,2.73892065450052,1,26.39
2025-01-05 08:00:00,3.38574527710323,2.84462545924585,1,29.54
2025-01-05 09:00:00,3.44393753533831,2.86631670363085,1,31.31
2025-01-05 10:00:00,3.55191359904078,2.82890716439926,1,34.88
2025-01-05 11:00:00,3.40651654313976,2.67741527542809,1,30.16
2025-01-05 12:00:00,3.14587493198371,2.99848867775041,1,23.24
2025-01-05 13:00:00,3.20274644293832,3.00566135524522,1,24.6
2025-01-05 14:00:00,3.0174937653355,3.07451610054718,1,20.44
2025-01-05 15:00:00,3.16039889510922,3.06540403978504,1,23.58
2025-01-05 16:00:00,3.21326008608257,2.91931355663241,1,24.86
2025-01-05 17:00:00,3.14199478053224,2.95725071057766,1,23.15
2025-01-05 18:00:00,3.04213864636815,2.97369317334319,1,20.95
2025-01-05 19:00:00,2.84374591655611,2.68805198942653,1,17.18
2025-01-05 20:00:00,2.797890905102,2.93509593168609,1,16.41
2025-01-05 21:00:00,2.6447553507299,2.96532064294329,1,14.08
2025-01-05 22:00:00,2.59972232421658,2.76349205115285,1,13.46
2025-01-05 23:00:00,2.4518667957098,2.86963747876533,1,11.61
2025-01-06,2.32434658477556,2.79304483239669,1,10.22
2025-01-06 01:00:00,2.43273577745909,2.70043951741224,1,11.39
2025-01-06 02:00:00,2.72326716690707,2.66074290496525,1,15.23
2025-01-06 03:00:00,2.73825604315928,2.61287194078301,1,15.46
2025-01-06 04:00:00,2.82435065679837,2.65024739920008,1,16.85
2025-01-06 05:00:00,3.14242665270479,2.66456399261502,1,23.16
2025-01-06 06:00:00,3.46823278299831,2.70003526255484,1,32.08
2025-01-06 07:00:00,3.68361562443884,2.79288440675948,1,39.79
2025-01-06 08:00:00,3.82056539493931,2.9165958763361,1,45.63
2025-01-06 09:00:00,3.87120101090789,2.98852885879142,1,48
2025-01-06 10:00:00,4.12535861575127,3.07747397302989,1,61.89
2025-01-06 11:00:00,4.08142817028887,3.1453173855984,1,59.23
2025-01-06 12:00:00,4.13452635185493,3.1808319012952,1,62.46
2025-01-06 13:00:00,4.2780540442909,3.19865938109391,1,72.1
2025-01-06 14:00:00,4.24089500470479,3.02166693324761,1,69.47
2025-01-06 15:00:00,4.19147127295282,2.88802457418212,1,66.12
2025-01-06 16:00:00,4.4320065669789,2.84006613782509,1,84.1
2025-01-06 17:00:00,4.4283136686252,3.07556635813531,1,83.79
2025-01-06 18:00:00,4.37563122758502,2.75469093630464,1,79.49
2025-01-06 19:00:00,4.41461482426703,2.96069994247623,1,82.65
2025-01-06 20:00:00,4.3954363215838,2.75272216401292,1,81.08
2025-01-06 21:00:00,4.18067515197312,2.75390533262819,1,65.41
2025-01-06 22:00:00,4.1247120988385,2.58397580967516,1,61.85
2025-01-06 23:00:00,4.20424475792196,2.66023561256242,1,66.97
2025-01-07,4.00878667386045,2.49356215168651,1,55.08
2025-01-07 01:00:00,4.26689632742025,2.52122196314227,1,71.3
2025-01-07 02:00:00,3.75091484503339,2.37045252565879,1,42.56
2025-01-07 03:00:00,3.5530597309714,2.22634191258187,1,34.92
2025-01-07 04:00:00,3.57627050973128,2.38284842854529,1,35.74
2025-01-07 05:00:00,3.8155121050473,2.40674141556758,1,45.4
2025-01-07 06:00:00,3.85078569595696,2.45569218724924,1,47.03
2025-01-07 07:00:00,3.80086795606198,1.82046877680082,1,44.74
2025-01-07 08:00:00,3.75443308485338,2.42805743426569,1,42.71
2025-01-07 09:00:00,3.85693303911019,2.45768297532085,1,47.32
2025-01-07 10:00:00,3.1730412885244,2.41416626723035,1,23.88
2025-01-07 11:00:00,1.63119940421561,2.26640419682545,1,5.11
2025-01-07 12:00:00,1.20896034583698,0.616460904557116,1,3.35
2025-01-07 13:00:00,1.12492959698548,1.49270261577261,1,3.08
2025-01-07 14:00:00,1.07158361628019,1.56359931283588,1,2.92
2025-01-07 15:00:00,1.37371557891303,2.05558034347511,1,3.95
2025-01-07 16:00:00,1.87180217690159,2.16011904301776,1,6.5
2025-01-07 17:00:00,0.99694863489161,1.66323154263049,1,2.71
2025-01-07 18:00:00,1.59330853050422,1.90737205977434,1,4.92
2025-01-07 19:00:00,1.33500106673234,1.81844252773084,1,3.8
2025-01-07 20:00:00,1.42551507427317,1.89843898576787,1,4.16
2025-01-07 21:00:00,2.16561923792089,2.24427217196224,1,8.72
2025-01-07 22:00:00,1.61938824328727,2.04689991828362,1,5.05
2025-01-07 23:00:00,1.3787660946991,1.99201646019769,1,3.97
2025-01-08,1.52169899812609,2.17300930725211,1,4.58
2025-01-08 01:00:00,1.97823903617067,1.83505134210876,1,7.23
2025-01-08 02:00:00,1.28923264827676,2.15590598857036,1,3.63
2025-01-08 03:00:00,1.02604159583327,1.83402792441671,1,2.79
2025-01-08 04:00:00,0.936093359170335,2.01958294598261,1,2.55
2025-01-08 05:00:00,1.39871688111845,2.09353959792529,1,4.05
2025-01-08 06:00:00,1.08856195281461,1.93776056173555,1,2.97
2025-01-08 07:00:00,0.802001585472027,1.52503871488782,1,2.23
2025-01-08 08:00:00,1.18784342239605,1.85512146614961,1,3.28
2025-01-08 09:00:00,1.13462272619114,1.94249911500153,1,3.11
2025-01-08 10:00:00,1.03673688495002,2.23021087376376,1,2.82
2025-01-08 11:00:00,0.832909122935104,2.39689715291257,1,2.3
2025-01-08 12:00:00,1.01884732019925,2.27320512665803,1,2.77
2025-01-08 13:00:00,1.06471073699243,2.18888103720715,1,2.9
2025-01-08 14:00:00,1.54756250871601,2.23405445198886,1,4.7
2025-01-08 15:00:00,1.49514876603197,2.52974785020666,1,4.46
2025-01-08 16:00:00,1.60341984010854,2.32293784262566,1,4.97
2025-01-08 17:00:00,1.71559810826249,2.51619686410809,1,5.56
2025-01-08 18:00:00,1.86562931779451,2.668741226214,1,6.46
2025-01-08 19:00:00,2.03077636969855,2.58473189212234,1,7.62
2025-01-08 20:00:00,1.62531126159039,1.78235003421171,1,5.08
2025-01-08 21:00:00,1.64480505627139,1.17407276550304,1,5.18
2025-01-08 22:00:00,1.61541998411165,1.91295266771257,1,5.03
2025-01-08 23:00:00,2.1701959049483,2.79545975255517,1,8.76
2025-01-09,2.75810940097495,2.64255249098994,1,15.77
2025-01-09 01:00:00,2.54317555791198,2.55162674275615,1,12.72
2025-01-09 02:00:00,2.96062309644042,2.4664567614603,1,19.31
2025-01-09 03:00:00,3.0243197304059,2.50791089218651,1,20.58
2025-01-09 04:00:00,3.11351530921037,2.3587986870661,1,22.5
2025-01-09 05:00:00,2.7868613815265,2.46652951249086,1,16.23
2025-01-09 06:00:00,2.87582197688143,2.25455098680875,1,17.74
2025-01-09 07:00:00,3.20842136696434,2.30859069982389,1,24.74
2025-01-09 08:00:00,3.03591406318682,2.51503022837917,1,20.82
2025-01-09 09:00:00,3.09693415406296,2.74132981148331,1,22.13
2025-01-09 10:00:00,3.19744787745458,2.76222694660683,1,24.47
2025-01-09 11:00:00,3.10503500844444,2.76259130123586,1,22.31
2025-01-09 12:00:00,3.08145114895653,2.60979669524692,1,21.79
2025-01-09 13:00:00,3.11750733047991,2.63875127629266,1,22.59
2025-01-09 14:00:00,3.2801590532851,2.94257921585587,1,26.58
2025-01-09 15:00:00,3.43817198445352,2.68188671804593,1,31.13
2025-01-09 16:00:00,3.5360196074696,2.49585003477159,1,34.33
2025-01-09 17:00:00,3.6423118182976,2.14571309768075,1,38.18
2025-01-09 18:00:00,3.51303686341769,1.96378847335779,1,33.55
2025-01-09 19:00:00,2.36930872503695,0.865253431152963,1,10.69
2025-01-09 20:00:00,-0.478035800943,0.705221276695555,1,0.62
2025-01-09 21:00:00,-0.478035800943,0.714875003418184,1,0.62
2025-01-09 22:00:00,0.0295588022415444,1.13805339662583,1,1.03
2025-01-09 23:00:00,0.19062035960865,1.40706892127801,1,1.21
2025-01-10,0.27002713721306,1.52094319765099,1,1.31
2025-01-10 01:00:00,0.482426149244293,1.55082290468608,1,1.62
2025-01-10 02:00:00,0.254642218373581,0.524200104845858,1,1.29
2025-01-10 03:00:00,0.139761942375159,0.411171706503431,1,1.15
2025-01-10 04:00:00,0.553885113226438,1.34935518117529,1,1.74
2025-01-10 05:00:00,0.570979546585738,1.53384768327553,1,1.77
2025-01-10 06:00:00,0.732367893713227,1.22327164456697,1,2.08
2025-01-10 07:00:00,0.732367893713227,0.997012294854233,1,2.08
2025-01-10 08:00:00,0.940007258491471,0.802681487973724,1,2.56
2025-01-10 09:00:00,1.11514159061932,1.2800542771577,1,3.05
2025-01-10 10:00:00,1.18784342239605,1.57975661894903,1,3.28
2025-01-10 11:00:00,1.18172719537862,1.84592316141392,1,3.26
2025-01-10 12:00:00,1.06471073699243,1.79287924463583,1,2.9
2025-01-10 13:00:00,0.920282753143692,1.50046659305432,1,2.51
2025-01-10 14:00:00,0.920282753143692,1.21678185769452,1,2.51
2025-01-10 15:00:00,0.837247524533702,1.28024421429813,1,2.31
2025-01-10 16:00:00,0.951657875711446,1.28265967252237,1,2.59
2025-01-10 17:00:00,1.19694818938897,1.47477872852903,1,3.31
2025-01-10 18:00:00,1.47932922708708,1.82348517412763,1,4.39
2025-01-10 19:00:00,1.3297240096315,1.91023425340678,1,3.78
2025-01-10 20:00:00,1.70292825552144,1.88289247723281,1,5.49
2025-01-10 21:00:00,1.45395300959371,1.7443239034552,1,4.28
2025-01-10 22:00:00,1.38629436111989,1.85378673121294,1,4
2025-01-10 23:00:00,1.6467336971778,2.14759894500955,1,5.19
2025-01-11,1.51732262352629,1.67825931815314,1,4.56
2025-01-11 01:00:00,1.44456326924387,1.77956600097696,1,4.24
2025-01-11 02:00:00,1.34286480319255,1.70392547244707,1,3.83
2025-01-11 03:00:00,1.37371557891303,1.6608649363226,1,3.95
2025-01-11 04:00:00,1.19694818938897,1.18477324425406,1,3.31
2025-01-11 05:00:00,1.15688119679209,1.3156319336735,1,3.18
2025-01-11 06:00:00,1.00063188030791,1.29558362867236,1,2.72
2025-01-11 07:00:00,0.678033542749897,1.65020897383713,1,1.97
2025-01-11 08:00:00,0.993251773010283,1.38160567468496,1,2.7
2025-01-11 09:00:00,1.04380405217311,1.62232341304277,1,2.84
2025-01-11 10:00:00,0.936093359170335,2.05111863054601,1,2.55
2025-01-11 11:00:00,0.810930216216329,1.05994165762559,1,2.25
2025-01-11 12:00:00,1.00795792039998,1.10611320964958,1,2.74
2025-01-11 13:00:00,0.85015092936961,1.01057450983644,1,2.34
2025-01-11 14:00:00,0.900161349944271,0.700799204591136,1,2.46
2025-01-11 15:00:00,0.815364813284194,0.701163918057911,1,2.26
2025-01-11 16:00:00,0.641853886172395,0.744711444866957,1,1.9
2025-01-11 17:00:00,0.678033542749897,0.520158576172442,1,1.97
2025-01-11 18:00:00,0.792992515529661,0.670706747349056,1,2.21
2025-01-11 19:00:00,1.01884732019925,-0.173659562744038,1,2.77
2025-01-11 20:00:00,0.89199803930511,-0.496237051079193,1,2.44
2025-01-11 21:00:00,0.970778917158225,0.0336469445282568,1,2.64
2025-01-11 22:00:00,0.908258560176891,0.954936310688888,1,2.48
2025-01-11 23:00:00,1.00430160919687,2.29300933437044,1,2.73
2025-01-12,0.625938430866495,1.35943367739608,1,1.87
2025-01-12 01:00:00,0.582215619852664,1.86536132801487,1,1.79
2025-01-12 02:00:00,0.182321556793955,1.86568613665766,1,1.2
2025-01-12 03:00:00,0.482426149244293,1.8491974867115,1,1.62
2025-01-12 04:00:00,0.815364813284194,1.79031702069032,1,2.26
2025-01-12 05:00:00,0.512823626428664,1.72339320792466,1,1.67
2025-01-12 06:00:00,0.615185639090233,1.55115805975067,1,1.85
2025-01-12 07:00:00,1.03673688495002,1.63248295994851,1,2.82
2025-01-12 08:00:00,1.24126858906963,1.56343631754048,1,3.46
2025-01-12 09:00:00,1.18478998490916,1.07709187515582,1,3.27
2025-01-12 10:00:00,1.1999647829284,1.81261835286897,1,3.32
2025-01-12 11:00:00,1.14740245283754,1.92725070849415,1,3.15
2025-01-12 12:00:00,1.24126858906963,1.55552160469826,1,3.46
2025-01-12 13:00:00,1.31103187661934,1.40559450347813,1,3.71
2025-01-12 14:00:00,1.34807314829969,1.27060393210967,1,3.85
2025-01-12 15:00:00,1.43508452528932,1.592203919194,1,4.2
2025-01-12 16:00:00,1.7509374747078,2.44716242189536,1,5.76
2025-01-12 17:00:00,1.67147330335355,2.5902582307164,1,5.32
2025-01-12 18:00:00,2.02946317187359,2.50778890002107,1,7.61
2025-01-12 19:00:00,1.27536280041261,2.04967728062544,1,3.58
2025-01-12 20:00:00,1.52388002407245,2.07309271199188,1,4.59
2025-01-12 21:00:00,1.34286480319255,1.86016425245554,1,3.83
2025-01-12 22:00:00,1.24126858906963,1.85004820265692,1,3.46
2025-01-12 23:00:00,1.70656462316482,1.80082583351763,1,5.51
2025-01-13,1.28647402583768,1.97112521636668,1,3.62
2025-01-13 01:00:00,1.07158361628019,1.90715030379519,1,2.92
2025-01-13 02:00:00,1.17248213723457,1.86267880735367,1,3.23
2025-01-13 03:00:00,1.40609698841607,2.20453723615089,1,4.08
2025-01-13 04:00:00,1.14740245283754,1.49376284403255,1,3.15
2025-01-13 05:00:00,1.33236601909433,2.08752581462585,1,3.79
2025-01-13 06:00:00,1.74919985480926,2.74322751625723,1,5.75
2025-01-13 07:00:00,2.2512917986065,2.64440038586228,1,9.5
2025-01-13 08:00:00,2.32532457996354,2.58536092581166,1,10.23
2025-01-13 09:00:00,1.78674692740451,2.34944957108537,1,5.97
2025-01-13 10:00:00,1.76644166124377,2.15465750083218,1,5.85
2025-01-13 11:00:00,1.51292701205326,1.81162629386066,1,4.54
2025-01-13 12:00:00,0.845868267577609,1.7621484575609,1,2.33
2025-01-13 13:00:00,0.940007258491471,2.21371471052857,1,2.56
2025-01-13 14:00:00,1.24415459395877,2.30977417561581,1,3.47
2025-01-13 15:00:00,1.57277392806251,2.38309541149218,1,4.82
2025-01-13 16:00:00,2.19165353228676,2.89255373948583,1,8.95
2025-01-13 17:00:00,2.4782176616372,3.00489327994121,1,11.92
2025-01-13 18:00:00,2.53131302260216,2.86926488318979,1,12.57
2025-01-13 19:00:00,2.85186190313429,2.77567898681303,1,17.32
2025-01-13 20:00:00,2.66095859356836,2.90925520956402,1,14.31
2025-01-13 21:00:00,2.67827804276854,3.07903856841061,1,14.56
2025-01-13 22:00:00,2.86789890204411,2.97824532340443,1,17.6
2025-01-13 23:00:00,3.03399098567108,3.01386225717948,1,20.78
2025-01-14,3.39952932456146,2.9323733909448,1,29.95
2025-01-14 01:00:00,3.34462703017376,2.55661812057744,1,28.35
2025-01-14 02:00:00,2.76631910922619,2.74252512347253,1,15.9
2025-01-14 03:00:00,2.51446545202954,2.67177428060409,1,12.36
2025-01-14 04:00:00,2.55256529826182,2.96635113947525,1,12.84
2025-01-14 05:00:00,2.70068984669592,2.87844146146906,1,14.89
2025-01-14 06:00:00,2.73566536813518,2.96640596277562,1,15.42
2025-01-14 07:00:00,3.07223024452672,2.96992162567747,1,21.59
2025-01-14 08:00:00,3.25424296870549,3.1672639632108,1,25.9
2025-01-14 09:00:00,3.34462703017376,3.19447327708839,1,28.35
2025-01-14 10:00:00,3.2468800212778,3.1147492356461,1,25.71
2025-01-14 11:00:00,2.84954976337591,2.9141435954331,1,17.28
2025-01-14 12:00:00,2.71004820376488,2.70661439117887,1,15.03
2025-01-14 13:00:00,2.77446196662146,2.78735111901716,1,16.03
2025-01-14 14:00:00,2.7330679640775,2.85540491509305,1,15.38
2025-01-14 15:00:00,3.12763734443393,2.68783441622913,1,22.82
2025-01-14 16:00:00,3.28428896341643,2.86781930387706,1,26.69
2025-01-14 17:00:00,3.2722270003652,2.92740747805806,1,26.37
2025-01-14 18:00:00,3.49195174493062,2.98836339536008,1,32.85
2025-01-14 19:00:00,3.48798651173455,2.82005156289454,1,32.72
2025-01-14 20:00:00,3.52164353473802,2.77743518013576,1,33.84
2025-01-14 21:00:00,3.45946628978613,2.68229118221973,1,31.8
2025-01-14 22:00:00,3.46979017312777,2.31525952277191,1,32.13
2025-01-14 23:00:00,3.54008938052877,2.71016913168406,1,34.47
2025-01-15,3.4291367503514,2.4516135354949,1,30.85
2025-01-15 01:00:00,1.95018670582257,2.13212787697133,1,7.03
2025-01-15 02:00:00,1.26694760348732,2.31026147274198,1,3.55
2025-01-15 03:00:00,0.378436435720245,2.14140651934841,1,1.46
2025-01-15 04:00:00,0.553885113226438,2.24045579025265,1,1.74
2025-01-15 05:00:00,0.779324876800998,1.7674768731291,1,2.18
2025-01-15 06:00:00,1.08856195281461,2.25186929404724,1,2.97
2025-01-15 07:00:00,1.29198368164865,2.58063928037629,1,3.64
2025-01-15 08:00:00,1.01160091167848,2.79254142714024,1,2.75
2025-01-15 09:00:00,1.8213182714696,2.76940293348458,1,6.18
2025-01-15 10:00:00,1.71379792775834,2.85255888988691,1,5.55
2025-01-15 11:00:00,1.44220199305819,2.78468500172938,1,4.23
2025-01-15 12:00:00,1.73342389221509,2.63410287859969,1,5.66
2025-01-15 13:00:00,0.810930216216329,2.2314905409398,1,2.25
2025-01-15 14:00:00,0.815364813284194,2.46520827474164,1,2.26
2025-01-15 15:00:00,0.989541193613748,2.48175231895898,1,2.69
2025-01-15 16:00:00,1.68454538492091,2.34042401913997,1,5.39
2025-01-15 17:00:00,1.73518911773966,2.83847611319314,1,5.67
2025-01-15 18:00:00,2.54317555791198,2.90505037435336,1,12.72
2025-01-15 19:00:00,2.51365606307399,3.10039352663354,1,12.35
2025-01-15 20:00:00,2.38784493694487,3.0403187238892,1,10.89
2025-01-15 21:00:00,2.67690347210537,3.00474514017323,1,14.54
2025-01-15 22:00:00,2.91017438519234,3.05256523745401,1,18.36
2025-01-15 23:00:00,2.81899509505394,3.01826358354144,1,16.76
2025-01-16,3.71357206670431,2.97844599578948,1,41
