"","datum","typ_datumu","skutecne_hodnoty","fitted_hodnoty","predikce","predikce_lower","predikce_upper"
"1",2024-01-01 01:00:00,"historie",51.27,NA,NA,NA,NA
"2",2024-01-01 02:00:00,"historie",50.97,NA,NA,NA,NA
"3",2024-01-01 03:00:00,"historie",51.95,NA,NA,NA,NA
"4",2024-01-01 04:00:00,"historie",53.28,NA,NA,NA,NA
"5",2024-01-01 05:00:00,"historie",48.05,NA,NA,NA,NA
"6",2024-01-01 06:00:00,"historie",50.5,NA,NA,NA,NA
"7",2024-01-01 07:00:00,"historie",49.72,NA,NA,NA,NA
"8",2024-01-01 08:00:00,"historie",47.77,NA,NA,NA,NA
"9",2024-01-01 09:00:00,"historie",41.28,NA,NA,NA,NA
"10",2024-01-01 10:00:00,"historie",41.36,NA,NA,NA,NA
"11",2024-01-01 11:00:00,"historie",44.58,NA,NA,NA,NA
"12",2024-01-01 12:00:00,"historie",9.87,NA,NA,NA,NA
"13",2024-01-01 13:00:00,"historie",5.08,NA,NA,NA,NA
"14",2024-01-01 14:00:00,"historie",6.53,NA,NA,NA,NA
"15",2024-01-01 15:00:00,"historie",5.55,NA,NA,NA,NA
"16",2024-01-01 16:00:00,"historie",6.08,NA,NA,NA,NA
"17",2024-01-01 17:00:00,"historie",5.31,NA,NA,NA,NA
"18",2024-01-01 18:00:00,"historie",5.64,NA,NA,NA,NA
"19",2024-01-01 19:00:00,"historie",4.45,NA,NA,NA,NA
"20",2024-01-01 20:00:00,"historie",5.46,NA,NA,NA,NA
"21",2024-01-01 21:00:00,"historie",4.44,NA,NA,NA,NA
"22",2024-01-01 22:00:00,"historie",3.59,NA,NA,NA,NA
"23",2024-01-01 23:00:00,"historie",6.47,NA,NA,NA,NA
"24",2024-01-02,"historie",6.92,NA,NA,NA,NA
"25",2024-01-02 01:00:00,"historie",10.3,NA,NA,NA,NA
"26",2024-01-02 02:00:00,"historie",7.51,NA,NA,NA,NA
"27",2024-01-02 03:00:00,"historie",11.3,NA,NA,NA,NA
"28",2024-01-02 04:00:00,"historie",12.97,NA,NA,NA,NA
"29",2024-01-02 05:00:00,"historie",13.53,NA,NA,NA,NA
"30",2024-01-02 06:00:00,"historie",16.87,NA,NA,NA,NA
"31",2024-01-02 07:00:00,"historie",18.92,NA,NA,NA,NA
"32",2024-01-02 08:00:00,"historie",11.77,NA,NA,NA,NA
"33",2024-01-02 09:00:00,"historie",4.4,NA,NA,NA,NA
"34",2024-01-02 10:00:00,"historie",4.05,NA,NA,NA,NA
"35",2024-01-02 11:00:00,"historie",1.74,NA,NA,NA,NA
"36",2024-01-02 12:00:00,"historie",2.15,NA,NA,NA,NA
"37",2024-01-02 13:00:00,"historie",1.82,NA,NA,NA,NA
"38",2024-01-02 14:00:00,"historie",2.53,NA,NA,NA,NA
"39",2024-01-02 15:00:00,"historie",4.4,NA,NA,NA,NA
"40",2024-01-02 16:00:00,"historie",8.33,NA,NA,NA,NA
"41",2024-01-02 17:00:00,"historie",18.28,NA,NA,NA,NA
"42",2024-01-02 18:00:00,"historie",22.49,NA,NA,NA,NA
"43",2024-01-02 19:00:00,"historie",19.95,NA,NA,NA,NA
"44",2024-01-02 20:00:00,"historie",27.61,NA,NA,NA,NA
"45",2024-01-02 21:00:00,"historie",32.44,NA,NA,NA,NA
"46",2024-01-02 22:00:00,"historie",34.87,NA,NA,NA,NA
"47",2024-01-02 23:00:00,"historie",34.77,NA,NA,NA,NA
"48",2024-01-03,"historie",29.69,NA,NA,NA,NA
"49",2024-01-03 01:00:00,"historie",7.08,NA,NA,NA,NA
"50",2024-01-03 02:00:00,"historie",16.45,NA,NA,NA,NA
"51",2024-01-03 03:00:00,"historie",4,NA,NA,NA,NA
"52",2024-01-03 04:00:00,"historie",1.67,NA,NA,NA,NA
"53",2024-01-03 05:00:00,"historie",3.1,NA,NA,NA,NA
"54",2024-01-03 06:00:00,"historie",1.12,NA,NA,NA,NA
"55",2024-01-03 07:00:00,"historie",3.15,NA,NA,NA,NA
"56",2024-01-03 08:00:00,"historie",3.44,NA,NA,NA,NA
"57",2024-01-03 09:00:00,"historie",2.54,NA,NA,NA,NA
"58",2024-01-03 10:00:00,"historie",2.33,NA,NA,NA,NA
"59",2024-01-03 11:00:00,"historie",3.59,NA,NA,NA,NA
"60",2024-01-03 12:00:00,"historie",3.05,NA,NA,NA,NA
"61",2024-01-03 13:00:00,"historie",1.52,NA,NA,NA,NA
"62",2024-01-03 14:00:00,"historie",2.54,NA,NA,NA,NA
"63",2024-01-03 15:00:00,"historie",1.87,NA,NA,NA,NA
"64",2024-01-03 16:00:00,"historie",2.85,NA,NA,NA,NA
"65",2024-01-03 17:00:00,"historie",3.85,NA,NA,NA,NA
"66",2024-01-03 18:00:00,"historie",2.67,NA,NA,NA,NA
"67",2024-01-03 19:00:00,"historie",1.59,NA,NA,NA,NA
"68",2024-01-03 20:00:00,"historie",1.55,NA,NA,NA,NA
"69",2024-01-03 21:00:00,"historie",1.97,NA,NA,NA,NA
"70",2024-01-03 22:00:00,"historie",2.52,NA,NA,NA,NA
"71",2024-01-03 23:00:00,"historie",2.36,NA,NA,NA,NA
"72",2024-01-04,"historie",1.18,NA,NA,NA,NA
"73",2024-01-04 01:00:00,"historie",1.39,30.9503059931475,NA,NA,NA
"74",2024-01-04 02:00:00,"historie",0.95,46.4983536055679,NA,NA,NA
"75",2024-01-04 03:00:00,"historie",0.77,46.4290547668474,NA,NA,NA
"76",2024-01-04 04:00:00,"historie",0.76,47.3682710156417,NA,NA,NA
"77",2024-01-04 05:00:00,"historie",0.72,48.5689257150093,NA,NA,NA
"78",2024-01-04 06:00:00,"historie",0.78,44.4252322285399,NA,NA,NA
"79",2024-01-04 07:00:00,"historie",0.88,46.4937833761492,NA,NA,NA
"80",2024-01-04 08:00:00,"historie",0.86,45.925698401653,NA,NA,NA
"81",2024-01-04 09:00:00,"historie",1.02,44.3746533898813,NA,NA,NA
"82",2024-01-04 10:00:00,"historie",0.49,39.0125703441625,NA,NA,NA
"83",2024-01-04 11:00:00,"historie",0.8,39.0632228791989,NA,NA,NA
"84",2024-01-04 12:00:00,"historie",0.71,41.7190713515092,NA,NA,NA
"85",2024-01-04 13:00:00,"historie",0.8,10.9557931338946,NA,NA,NA
"86",2024-01-04 14:00:00,"historie",1.67,6.0126693451191,NA,NA,NA
"87",2024-01-04 15:00:00,"historie",1.41,7.40330759972124,NA,NA,NA
"88",2024-01-04 16:00:00,"historie",1.46,6.3396348312271,NA,NA,NA
"89",2024-01-04 17:00:00,"historie",3.58,6.79992354250282,NA,NA,NA
"90",2024-01-04 18:00:00,"historie",1.38,5.97792087445878,NA,NA,NA
"91",2024-01-04 19:00:00,"historie",2.35,6.251570400422,NA,NA,NA
"92",2024-01-04 20:00:00,"historie",4.85,5.03058210279353,NA,NA,NA
"93",2024-01-04 21:00:00,"historie",4.5,5.98255485968081,NA,NA,NA
"94",2024-01-04 22:00:00,"historie",5.92,4.95276242614496,NA,NA,NA
"95",2024-01-04 23:00:00,"historie",9.33,4.07608004988912,NA,NA,NA
"96",2024-01-05,"historie",11.28,6.82248639197924,NA,NA,NA
"97",2024-01-05 01:00:00,"historie",13.85,7.22777006230031,NA,NA,NA
"98",2024-01-05 02:00:00,"historie",15.21,10.2718372381809,NA,NA,NA
"99",2024-01-05 03:00:00,"historie",16.75,7.77743941143644,NA,NA,NA
"100",2024-01-05 04:00:00,"historie",15,11.1655284138268,NA,NA,NA
"101",2024-01-05 05:00:00,"historie",14.82,12.6481279109458,NA,NA,NA
"102",2024-01-05 06:00:00,"historie",14.69,13.173075364069,NA,NA,NA
"103",2024-01-05 07:00:00,"historie",18.85,16.0692458889959,NA,NA,NA
"104",2024-01-05 08:00:00,"historie",18.39,17.8670971860097,NA,NA,NA
"105",2024-01-05 09:00:00,"historie",19.7,11.7843346226378,NA,NA,NA
"106",2024-01-05 10:00:00,"historie",20.95,4.92784073421722,NA,NA,NA
"107",2024-01-05 11:00:00,"historie",24.3,4.54749377029648,NA,NA,NA
"108",2024-01-05 12:00:00,"historie",24.68,2.13588382059711,NA,NA,NA
"109",2024-01-05 13:00:00,"historie",24.05,2.54567913623636,NA,NA,NA
"110",2024-01-05 14:00:00,"historie",20.72,2.17630153605039,NA,NA,NA
"111",2024-01-05 15:00:00,"historie",20.05,2.8878941479137,NA,NA,NA
"112",2024-01-05 16:00:00,"historie",25.51,4.69090508359811,NA,NA,NA
"113",2024-01-05 17:00:00,"historie",31.3,8.25473629741718,NA,NA,NA
"114",2024-01-05 18:00:00,"historie",38.1,16.638939339381,NA,NA,NA
"115",2024-01-05 19:00:00,"historie",40.22,20.1853278211276,NA,NA,NA
"116",2024-01-05 20:00:00,"historie",35.21,18.3295312281743,NA,NA,NA
"117",2024-01-05 21:00:00,"historie",39.7,24.639532697469,NA,NA,NA
"118",2024-01-05 22:00:00,"historie",35.34,28.6880971707335,NA,NA,NA
"119",2024-01-05 23:00:00,"historie",42.56,30.8700446376663,NA,NA,NA
"120",2024-01-06,"historie",36.31,31.059151126989,NA,NA,NA
"121",2024-01-06 01:00:00,"historie",42.15,27.2053785900804,NA,NA,NA
"122",2024-01-06 02:00:00,"historie",40.76,7.67367661393835,NA,NA,NA
"123",2024-01-06 03:00:00,"historie",42.54,16.1095379904321,NA,NA,NA
"124",2024-01-06 04:00:00,"historie",43.95,4.6031524265058,NA,NA,NA
"125",2024-01-06 05:00:00,"historie",43.41,2.10160077367857,NA,NA,NA
"126",2024-01-06 06:00:00,"historie",52.44,3.58330260295889,NA,NA,NA
"127",2024-01-06 07:00:00,"historie",55.73,1.44071367186421,NA,NA,NA
"128",2024-01-06 08:00:00,"historie",42.71,3.55028895317799,NA,NA,NA
"129",2024-01-06 09:00:00,"historie",46.23,3.81779510527236,NA,NA,NA
"130",2024-01-06 10:00:00,"historie",43,2.90554417505446,NA,NA,NA
"131",2024-01-06 11:00:00,"historie",40.15,2.67576002621226,NA,NA,NA
"132",2024-01-06 12:00:00,"historie",40.28,3.9029626911937,NA,NA,NA
"133",2024-01-06 13:00:00,"historie",46.79,3.37144218697108,NA,NA,NA
"134",2024-01-06 14:00:00,"historie",57.84,1.81301311462835,NA,NA,NA
"135",2024-01-06 15:00:00,"historie",52.21,2.83650384325586,NA,NA,NA
"136",2024-01-06 16:00:00,"historie",50.92,2.15574934897521,NA,NA,NA
"137",2024-01-06 17:00:00,"historie",37.38,3.11718178538303,NA,NA,NA
"138",2024-01-06 18:00:00,"historie",19.79,4.06534408757674,NA,NA,NA
"139",2024-01-06 19:00:00,"historie",16.9,2.94248873254229,NA,NA,NA
"140",2024-01-06 20:00:00,"historie",19.21,1.85529704845298,NA,NA,NA
"141",2024-01-06 21:00:00,"historie",22.82,1.80431300617332,NA,NA,NA
"142",2024-01-06 22:00:00,"historie",19.18,2.22102901532174,NA,NA,NA
"143",2024-01-06 23:00:00,"historie",13.53,2.75620881149461,NA,NA,NA
"144",2024-01-07,"historie",15,2.59968698789914,NA,NA,NA
"145",2024-01-07 01:00:00,"historie",15.3,1.40500819703116,NA,NA,NA
"146",2024-01-07 02:00:00,"historie",14.38,1.61517811889507,NA,NA,NA
"147",2024-01-07 03:00:00,"historie",14.67,1.14808150397922,NA,NA,NA
"148",2024-01-07 04:00:00,"historie",15.28,0.947036623284672,NA,NA,NA
"149",2024-01-07 05:00:00,"historie",14.9,0.929554385768721,NA,NA,NA
"150",2024-01-07 06:00:00,"historie",13.81,0.880502572993542,NA,NA,NA
"151",2024-01-07 07:00:00,"historie",13.1,0.939700292530219,NA,NA,NA
"152",2024-01-07 08:00:00,"historie",11.76,1.04100065759113,NA,NA,NA
"153",2024-01-07 09:00:00,"historie",12.65,1.01681964185528,NA,NA,NA
"154",2024-01-07 10:00:00,"historie",10.46,1.17946666566994,NA,NA,NA
"155",2024-01-07 11:00:00,"historie",7.55,0.614908924662259,NA,NA,NA
"156",2024-01-07 12:00:00,"historie",6.26,0.943450206588738,NA,NA,NA
"157",2024-01-07 13:00:00,"historie",5.74,0.846915946538776,NA,NA,NA
"158",2024-01-07 14:00:00,"historie",3.56,0.938866867074802,NA,NA,NA
"159",2024-01-07 15:00:00,"historie",3.85,1.80030807170685,NA,NA,NA
"160",2024-01-07 16:00:00,"historie",4.03,1.5558944733398,NA,NA,NA
"161",2024-01-07 17:00:00,"historie",3.7,1.60853531157627,NA,NA,NA
"162",2024-01-07 18:00:00,"historie",4.41,3.57135765554822,NA,NA,NA
"163",2024-01-07 19:00:00,"historie",4.31,1.54718216288355,NA,NA,NA
"164",2024-01-07 20:00:00,"historie",4.21,2.48183092860256,NA,NA,NA
"165",2024-01-07 21:00:00,"historie",4.8,4.73935377934816,NA,NA,NA
"166",2024-01-07 22:00:00,"historie",5.21,4.47627446290121,NA,NA,NA
"167",2024-01-07 23:00:00,"historie",4.74,5.75211777952806,NA,NA,NA
"168",2024-01-08,"historie",5.05,8.68519694233981,NA,NA,NA
"169",2024-01-08 01:00:00,"historie",4.03,10.3908925104347,NA,NA,NA
"170",2024-01-08 02:00:00,"historie",4.34,12.6038398805922,NA,NA,NA
"171",2024-01-08 03:00:00,"historie",4.03,13.8501703435477,NA,NA,NA
"172",2024-01-08 04:00:00,"historie",4.28,15.2467899915911,NA,NA,NA
"173",2024-01-08 05:00:00,"historie",5.87,13.9642559293481,NA,NA,NA
"174",2024-01-08 06:00:00,"historie",8.33,13.9254792490776,NA,NA,NA
"175",2024-01-08 07:00:00,"historie",9.6,13.9121932635895,NA,NA,NA
"176",2024-01-08 08:00:00,"historie",10.38,17.4580484280416,NA,NA,NA
"177",2024-01-08 09:00:00,"historie",11.16,17.2009851374811,NA,NA,NA
"178",2024-01-08 10:00:00,"historie",11.65,18.3934849708781,NA,NA,NA
"179",2024-01-08 11:00:00,"historie",11.38,19.5374365057842,NA,NA,NA
"180",2024-01-08 12:00:00,"historie",11.15,22.4074235846859,NA,NA,NA
"181",2024-01-08 13:00:00,"historie",10.32,22.8535612430593,NA,NA,NA
"182",2024-01-08 14:00:00,"historie",9.5,22.4550870353167,NA,NA,NA
"183",2024-01-08 15:00:00,"historie",10.05,19.7639398325728,NA,NA,NA
"184",2024-01-08 16:00:00,"historie",10.65,19.250520101517,NA,NA,NA
"185",2024-01-08 17:00:00,"historie",14.29,23.8865700533149,NA,NA,NA
"186",2024-01-08 18:00:00,"historie",16.05,28.7441129302555,NA,NA,NA
"187",2024-01-08 19:00:00,"historie",16.59,34.3829531774933,NA,NA,NA
"188",2024-01-08 20:00:00,"historie",18.18,36.2796689296789,NA,NA,NA
"189",2024-01-08 21:00:00,"historie",18.49,32.4171010750009,NA,NA,NA
"190",2024-01-08 22:00:00,"historie",19.85,36.191955591911,NA,NA,NA
"191",2024-01-08 23:00:00,"historie",19.77,32.7810591306409,NA,NA,NA
"192",2024-01-09,"historie",21.33,38.7630751645205,NA,NA,NA
"193",2024-01-09 01:00:00,"historie",21.82,33.8003889400235,NA,NA,NA
"194",2024-01-09 02:00:00,"historie",22.68,38.6630291920099,NA,NA,NA
"195",2024-01-09 03:00:00,"historie",22.76,37.6437027019131,NA,NA,NA
"196",2024-01-09 04:00:00,"historie",24.92,39.1914522149247,NA,NA,NA
"197",2024-01-09 05:00:00,"historie",28.21,40.4387189659505,NA,NA,NA
"198",2024-01-09 06:00:00,"historie",30.51,40.0924245913687,NA,NA,NA
"199",2024-01-09 07:00:00,"historie",35.82,47.4999435027775,NA,NA,NA
"200",2024-01-09 08:00:00,"historie",36.95,50.2908599544703,NA,NA,NA
"201",2024-01-09 09:00:00,"historie",38.38,39.8491266247092,NA,NA,NA
"202",2024-01-09 10:00:00,"historie",25.92,42.7834390761891,NA,NA,NA
"203",2024-01-09 11:00:00,"historie",20.38,40.1751084037402,NA,NA,NA
"204",2024-01-09 12:00:00,"historie",25.32,37.8282624856904,NA,NA,NA
"205",2024-01-09 13:00:00,"historie",27.11,37.9378929154355,NA,NA,NA
"206",2024-01-09 14:00:00,"historie",26.55,43.3295318231641,NA,NA,NA
"207",2024-01-09 15:00:00,"historie",29.56,52.3512648314832,NA,NA,NA
"208",2024-01-09 16:00:00,"historie",28.83,47.9313071117677,NA,NA,NA
"209",2024-01-09 17:00:00,"historie",33.74,46.9506383465706,NA,NA,NA
"210",2024-01-09 18:00:00,"historie",45.23,35.735576334286,NA,NA,NA
"211",2024-01-09 19:00:00,"historie",35.92,20.3067641385918,NA,NA,NA
"212",2024-01-09 20:00:00,"historie",46.13,17.5507719473164,NA,NA,NA
"213",2024-01-09 21:00:00,"historie",56.67,19.5379841479756,NA,NA,NA
"214",2024-01-09 22:00:00,"historie",50.73,22.6565611037423,NA,NA,NA
"215",2024-01-09 23:00:00,"historie",56.09,19.367967357875,NA,NA,NA
"216",2024-01-10,"historie",57.65,14.1611159692226,NA,NA,NA
"217",2024-01-10 01:00:00,"historie",59.28,15.4266953243569,NA,NA,NA
"218",2024-01-10 02:00:00,"historie",55.13,15.6315902199164,NA,NA,NA
"219",2024-01-10 03:00:00,"historie",58.97,14.7409251173623,NA,NA,NA
"220",2024-01-10 04:00:00,"historie",56.83,14.9489626537953,NA,NA,NA
"221",2024-01-10 05:00:00,"historie",55.47,15.4510701175674,NA,NA,NA
"222",2024-01-10 06:00:00,"historie",55.7,15.073599992952,NA,NA,NA
"223",2024-01-10 07:00:00,"historie",56.54,14.0593816109419,NA,NA,NA
"224",2024-01-10 08:00:00,"historie",66.69,13.3820039077401,NA,NA,NA
"225",2024-01-10 09:00:00,"historie",70.77,12.1287118859393,NA,NA,NA
"226",2024-01-10 10:00:00,"historie",64.92,12.898714261514,NA,NA,NA
"227",2024-01-10 11:00:00,"historie",51.63,10.8739239340824,NA,NA,NA
"228",2024-01-10 12:00:00,"historie",47.2,8.11693640718178,NA,NA,NA
"229",2024-01-10 13:00:00,"historie",42.44,6.83770692124479,NA,NA,NA
"230",2024-01-10 14:00:00,"historie",29.77,6.29311873185901,NA,NA,NA
"231",2024-01-10 15:00:00,"historie",15.9,4.09553323668522,NA,NA,NA
"232",2024-01-10 16:00:00,"historie",24.2,4.35147889833742,NA,NA,NA
"233",2024-01-10 17:00:00,"historie",24.62,4.49911442296344,NA,NA,NA
"234",2024-01-10 18:00:00,"historie",26.74,4.14622861216155,NA,NA,NA
"235",2024-01-10 19:00:00,"historie",37.54,4.81632103918443,NA,NA,NA
"236",2024-01-10 20:00:00,"historie",28.27,4.70140768189029,NA,NA,NA
"237",2024-01-10 21:00:00,"historie",26.76,4.58841146694266,NA,NA,NA
"238",2024-01-10 22:00:00,"historie",35.3,5.1375054078931,NA,NA,NA
"239",2024-01-10 23:00:00,"historie",35.23,5.51440616159936,NA,NA,NA
"240",2024-01-11,"historie",38.25,5.06572942506817,NA,NA,NA
"241",2024-01-11 01:00:00,"historie",35.21,5.34977825028365,NA,NA,NA
"242",2024-01-11 02:00:00,"historie",33.25,4.37566279680698,NA,NA,NA
"243",2024-01-11 03:00:00,"historie",44.15,4.66112920630564,NA,NA,NA
"244",2024-01-11 04:00:00,"historie",38.85,4.35750235652959,NA,NA,NA
"245",2024-01-11 05:00:00,"historie",36.49,4.58718218839452,NA,NA,NA
"246",2024-01-11 06:00:00,"historie",36.25,6.06213467459827,NA,NA,NA
"247",2024-01-11 07:00:00,"historie",36.89,8.27809960116335,NA,NA,NA
"248",2024-01-11 08:00:00,"historie",47.8,9.42248046468911,NA,NA,NA
"249",2024-01-11 09:00:00,"historie",51.72,10.1414882688244,NA,NA,NA
"250",2024-01-11 10:00:00,"historie",53.5,10.8612949517485,NA,NA,NA
"251",2024-01-11 11:00:00,"historie",41.97,11.332098757362,NA,NA,NA
"252",2024-01-11 12:00:00,"historie",53.08,11.1447342126691,NA,NA,NA
"253",2024-01-11 13:00:00,"historie",61.13,10.9824631414418,NA,NA,NA
"254",2024-01-11 14:00:00,"historie",62.62,10.2838148533529,NA,NA,NA
"255",2024-01-11 15:00:00,"historie",68.79,9.5744059714893,NA,NA,NA
"256",2024-01-11 16:00:00,"historie",74.53,10.0751537110851,NA,NA,NA
"257",2024-01-11 17:00:00,"historie",42,10.6211827167263,NA,NA,NA
"258",2024-01-11 18:00:00,"historie",29.9,13.8067545581224,NA,NA,NA
"259",2024-01-11 19:00:00,"historie",34.41,15.3598841544752,NA,NA,NA
"260",2024-01-11 20:00:00,"historie",34.49,15.8811848057299,NA,NA,NA
"261",2024-01-11 21:00:00,"historie",28.63,17.2889725757761,NA,NA,NA
"262",2024-01-11 22:00:00,"historie",33.33,17.620443174463,NA,NA,NA
"263",2024-01-11 23:00:00,"historie",36.75,18.8332204142289,NA,NA,NA
"264",2024-01-12,"historie",35.77,18.8357087998507,NA,NA,NA
"265",2024-01-12 01:00:00,"historie",30.73,20.2129022383636,NA,NA,NA
"266",2024-01-12 02:00:00,"historie",29.4,20.6941812273637,NA,NA,NA
"267",2024-01-12 03:00:00,"historie",26.32,21.4832139680588,NA,NA,NA
"268",2024-01-12 04:00:00,"historie",16.46,21.6160886304988,NA,NA,NA
"269",2024-01-12 05:00:00,"historie",14.74,23.4887975724438,NA,NA,NA
"270",2024-01-12 06:00:00,"historie",7.32,26.2985477841982,NA,NA,NA
"271",2024-01-12 07:00:00,"historie",4.39,28.2924789026229,NA,NA,NA
"272",2024-01-12 08:00:00,"historie",4.65,32.7398343256452,NA,NA,NA
"273",2024-01-12 09:00:00,"historie",9.08,33.8045623649474,NA,NA,NA
"274",2024-01-12 10:00:00,"historie",9.97,35.1072759527481,NA,NA,NA
"275",2024-01-12 11:00:00,"historie",11.05,24.8855487820063,NA,NA,NA
"276",2024-01-12 12:00:00,"historie",9.66,20.117436697638,NA,NA,NA
"277",2024-01-12 13:00:00,"historie",8.95,24.3537395896976,NA,NA,NA
"278",2024-01-12 14:00:00,"historie",6.36,25.8856518087591,NA,NA,NA
"279",2024-01-12 15:00:00,"historie",7.79,25.4336322646222,NA,NA,NA
"280",2024-01-12 16:00:00,"historie",8.85,27.9920142871514,NA,NA,NA
"281",2024-01-12 17:00:00,"historie",11.1,27.4151281925059,NA,NA,NA
"282",2024-01-12 18:00:00,"historie",8.24,31.5487595884244,NA,NA,NA
"283",2024-01-12 19:00:00,"historie",6.95,40.9945849898622,NA,NA,NA
"284",2024-01-12 20:00:00,"historie",8.41,33.5509800531407,NA,NA,NA
"285",2024-01-12 21:00:00,"historie",9.59,41.9572501267001,NA,NA,NA
"286",2024-01-12 22:00:00,"historie",10.56,50.5278385686431,NA,NA,NA
"287",2024-01-12 23:00:00,"historie",6.19,46.0105236990219,NA,NA,NA
"288",2024-01-13,"historie",5.46,50.4543759570663,NA,NA,NA
"289",2024-01-13 01:00:00,"historie",4.82,51.878056152545,NA,NA,NA
"290",2024-01-13 02:00:00,"historie",2.38,53.3510046778917,NA,NA,NA
"291",2024-01-13 03:00:00,"historie",2.22,50.1801077531265,NA,NA,NA
"292",2024-01-13 04:00:00,"historie",2.42,53.3823820658429,NA,NA,NA
"293",2024-01-13 05:00:00,"historie",1.62,51.7849081938819,NA,NA,NA
"294",2024-01-13 06:00:00,"historie",1.49,50.7770420811123,NA,NA,NA
"295",2024-01-13 07:00:00,"historie",2.28,51.0359435977358,NA,NA,NA
"296",2024-01-13 08:00:00,"historie",2.74,51.7836582055832,NA,NA,NA
"297",2024-01-13 09:00:00,"historie",3.98,60.0211328765416,NA,NA,NA
"298",2024-01-13 10:00:00,"historie",3.37,63.4119505110011,NA,NA,NA
"299",2024-01-13 11:00:00,"historie",3.72,58.8865969728575,NA,NA,NA
"300",2024-01-13 12:00:00,"historie",4.66,48.1362129124284,NA,NA,NA
"301",2024-01-13 13:00:00,"historie",6.18,44.4388663602029,NA,NA,NA
"302",2024-01-13 14:00:00,"historie",6.85,40.4011621674128,NA,NA,NA
"303",2024-01-13 15:00:00,"historie",7.18,29.4526394807954,NA,NA,NA
"304",2024-01-13 16:00:00,"historie",9.45,16.8200583233893,NA,NA,NA
"305",2024-01-13 17:00:00,"historie",10.6,24.2091300485852,NA,NA,NA
"306",2024-01-13 18:00:00,"historie",9.33,24.4800717726358,NA,NA,NA
"307",2024-01-13 19:00:00,"historie",9.92,26.2484884640645,NA,NA,NA
"308",2024-01-13 20:00:00,"historie",9.97,35.3734609390033,NA,NA,NA
"309",2024-01-13 21:00:00,"historie",9.95,27.5190228381562,NA,NA,NA
"310",2024-01-13 22:00:00,"historie",8.47,26.1650874356583,NA,NA,NA
"311",2024-01-13 23:00:00,"historie",9.28,33.3828266452899,NA,NA,NA
"312",2024-01-14,"historie",7.31,33.3352941797512,NA,NA,NA
"313",2024-01-14 01:00:00,"historie",6.49,35.8670797857061,NA,NA,NA
"314",2024-01-14 02:00:00,"historie",6.28,33.3563293055113,NA,NA,NA
"315",2024-01-14 03:00:00,"historie",7.15,31.7088543690944,NA,NA,NA
"316",2024-01-14 04:00:00,"historie",6.71,40.7595566081049,NA,NA,NA
"317",2024-01-14 05:00:00,"historie",8.32,36.4571395463317,NA,NA,NA
"318",2024-01-14 06:00:00,"historie",8.51,34.5092945513819,NA,NA,NA
"319",2024-01-14 07:00:00,"historie",9.08,34.3117486288716,NA,NA,NA
"320",2024-01-14 08:00:00,"historie",11.51,34.8499685200271,NA,NA,NA
"321",2024-01-14 09:00:00,"historie",11.8,43.8575220492994,NA,NA,NA
"322",2024-01-14 10:00:00,"historie",9.61,47.1300895160769,NA,NA,NA
"323",2024-01-14 11:00:00,"historie",8.25,48.6826816833376,NA,NA,NA
"324",2024-01-14 12:00:00,"historie",8.74,39.348917264313,NA,NA,NA
"325",2024-01-14 13:00:00,"historie",11.38,48.4708619794837,NA,NA,NA
"326",2024-01-14 14:00:00,"historie",13.9,55.0445711087827,NA,NA,NA
"327",2024-01-14 15:00:00,"historie",13.07,56.3895282699551,NA,NA,NA
"328",2024-01-14 16:00:00,"historie",10.08,61.4503850394694,NA,NA,NA
"329",2024-01-14 17:00:00,"historie",10.68,66.174163918832,NA,NA,NA
"330",2024-01-14 18:00:00,"historie",10.95,39.924151105043,NA,NA,NA
"331",2024-01-14 19:00:00,"historie",11.1,29.495443357681,NA,NA,NA
"332",2024-01-14 20:00:00,"historie",11.44,33.2815797068169,NA,NA,NA
"333",2024-01-14 21:00:00,"historie",11.9,33.2740429017748,NA,NA,NA
"334",2024-01-14 22:00:00,"historie",9.9,28.1537060213847,NA,NA,NA
"335",2024-01-14 23:00:00,"historie",10.36,32.1150457190526,NA,NA,NA
"336",2024-01-15,"historie",9.42,34.9640781825217,NA,NA,NA
"337",2024-01-15 01:00:00,"historie",9.8,34.1126196983298,NA,NA,NA
"338",2024-01-15 02:00:00,"historie",11.31,29.7908919071953,NA,NA,NA
"339",2024-01-15 03:00:00,"historie",11.47,28.5921863198366,NA,NA,NA
"340",2024-01-15 04:00:00,"historie",12.18,25.8695523469761,NA,NA,NA
"341",2024-01-15 05:00:00,"historie",12.03,17.0191254257699,NA,NA,NA
"342",2024-01-15 06:00:00,"historie",12.36,15.344576350661,NA,NA,NA
"343",2024-01-15 07:00:00,"historie",12.54,8.20133969188123,NA,NA,NA
"344",2024-01-15 08:00:00,"historie",12.56,5.15840498831113,NA,NA,NA
"345",2024-01-15 09:00:00,"historie",11.05,5.35899016481064,NA,NA,NA
"346",2024-01-15 10:00:00,"historie",9.18,9.59541911468563,NA,NA,NA
"347",2024-01-15 11:00:00,"historie",8.47,10.3777076687788,NA,NA,NA
"348",2024-01-15 12:00:00,"historie",7.54,11.3313475494124,NA,NA,NA
"349",2024-01-15 13:00:00,"historie",4.26,10.0368166620337,NA,NA,NA
"350",2024-01-15 14:00:00,"historie",4.79,9.35318860275735,NA,NA,NA
"351",2024-01-15 15:00:00,"historie",5.62,6.88768953509278,NA,NA,NA
"352",2024-01-15 16:00:00,"historie",6.11,8.20155695061558,NA,NA,NA
"353",2024-01-15 17:00:00,"historie",8.35,9.15552981664759,NA,NA,NA
"354",2024-01-15 18:00:00,"historie",7.9,11.1725356559177,NA,NA,NA
"355",2024-01-15 19:00:00,"historie",7.95,8.57994113779221,NA,NA,NA
"356",2024-01-15 20:00:00,"historie",5.56,7.36230074507655,NA,NA,NA
"357",2024-01-15 21:00:00,"historie",6.88,8.69145320067058,NA,NA,NA
"358",2024-01-15 22:00:00,"historie",3.49,9.75186572060551,NA,NA,NA
"359",2024-01-15 23:00:00,"historie",2.8,10.6198835983794,NA,NA,NA
"360",2024-01-16,"historie",3.25,6.61735864139785,NA,NA,NA
"361",2024-01-16 01:00:00,"historie",2.75,5.90000938762517,NA,NA,NA
"362",2024-01-16 02:00:00,"historie",3,5.26153862785453,NA,NA,NA
"363",2024-01-16 03:00:00,"historie",2.55,2.80190322453798,NA,NA,NA
"364",2024-01-16 04:00:00,"historie",2.24,2.61027447790194,NA,NA,NA
"365",2024-01-16 05:00:00,"historie",2.45,2.79381662403345,NA,NA,NA
"366",2024-01-16 06:00:00,"historie",2.55,1.94392932845381,NA,NA,NA
"367",2024-01-16 07:00:00,"historie",2.77,1.78881498349115,NA,NA,NA
"368",2024-01-16 08:00:00,"historie",2.72,2.58632460954047,NA,NA,NA
"369",2024-01-16 09:00:00,"historie",3.15,3.03103123056797,NA,NA,NA
"370",2024-01-16 10:00:00,"historie",3.82,4.21026474733509,NA,NA,NA
"371",2024-01-16 11:00:00,"historie",4.77,3.63530341229553,NA,NA,NA
"372",2024-01-16 12:00:00,"historie",5.97,3.9656231961789,NA,NA,NA
"373",2024-01-16 13:00:00,"historie",2.97,4.84329285313156,NA,NA,NA
"374",2024-01-16 14:00:00,"historie",2.85,6.23222293484855,NA,NA,NA
"375",2024-01-16 15:00:00,"historie",10.87,6.85311946580631,NA,NA,NA
"376",2024-01-16 16:00:00,"historie",5.97,7.1738149083455,NA,NA,NA
"377",2024-01-16 17:00:00,"historie",8.42,9.18792660054983,NA,NA,NA
"378",2024-01-16 18:00:00,"historie",8.35,10.2282604031483,NA,NA,NA
"379",2024-01-16 19:00:00,"historie",6.9,9.18546828454501,NA,NA,NA
"380",2024-01-16 20:00:00,"historie",7.9,9.7373767019867,NA,NA,NA
"381",2024-01-16 21:00:00,"historie",15.62,9.81955348005265,NA,NA,NA
"382",2024-01-16 22:00:00,"historie",14.93,9.83642056414104,NA,NA,NA
"383",2024-01-16 23:00:00,"historie",18.17,8.55358687385249,NA,NA,NA
"384",2024-01-17,"historie",30,9.28876342699591,NA,NA,NA
"385",2024-01-17 01:00:00,"historie",19.21,7.53230703969554,NA,NA,NA
"386",2024-01-17 02:00:00,"historie",14.72,6.77781750396336,NA,NA,NA
"387",2024-01-17 03:00:00,"historie",17.45,6.57687482336722,NA,NA,NA
"388",2024-01-17 04:00:00,"historie",15.57,7.37087677195872,NA,NA,NA
"389",2024-01-17 05:00:00,"historie",16.46,6.96749376895525,NA,NA,NA
"390",2024-01-17 06:00:00,"historie",13.49,8.42751819565171,NA,NA,NA
"391",2024-01-17 07:00:00,"historie",15.56,8.60837172624591,NA,NA,NA
"392",2024-01-17 08:00:00,"historie",29.62,9.12894615054831,NA,NA,NA
"393",2024-01-17 09:00:00,"historie",30.71,11.2827857995311,NA,NA,NA
"394",2024-01-17 10:00:00,"historie",25.54,11.5706977285358,NA,NA,NA
"395",2024-01-17 11:00:00,"historie",32.26,9.67339288335628,NA,NA,NA
"396",2024-01-17 12:00:00,"historie",39.41,8.45808105806894,NA,NA,NA
"397",2024-01-17 13:00:00,"historie",36.76,8.90004264384099,NA,NA,NA
"398",2024-01-17 14:00:00,"historie",30.8,11.2494886564647,NA,NA,NA
"399",2024-01-17 15:00:00,"historie",32.51,13.4617696701308,NA,NA,NA
"400",2024-01-17 16:00:00,"historie",34.13,12.7898657369626,NA,NA,NA
"401",2024-01-17 17:00:00,"historie",35.77,10.1842214738913,NA,NA,NA
"402",2024-01-17 18:00:00,"historie",36.92,10.7228269980415,NA,NA,NA
"403",2024-01-17 19:00:00,"historie",33.08,10.9701402298517,NA,NA,NA
"404",2024-01-17 20:00:00,"historie",33.77,11.1118155232725,NA,NA,NA
"405",2024-01-17 21:00:00,"historie",37.46,11.4219244151701,NA,NA,NA
"406",2024-01-17 22:00:00,"historie",35.77,11.8389151632161,NA,NA,NA
"407",2024-01-17 23:00:00,"historie",36.94,10.0676298054181,NA,NA,NA
"408",2024-01-18,"historie",34.67,10.4769188695016,NA,NA,NA
"409",2024-01-18 01:00:00,"historie",37.55,9.62924778406349,NA,NA,NA
"410",2024-01-18 02:00:00,"historie",35.45,9.96553985017525,NA,NA,NA
"411",2024-01-18 03:00:00,"historie",35.66,11.3117790314646,NA,NA,NA
"412",2024-01-18 04:00:00,"historie",37.98,11.4622308206369,NA,NA,NA
"413",2024-01-18 05:00:00,"historie",41.59,12.0984671832694,NA,NA,NA
"414",2024-01-18 06:00:00,"historie",43.33,11.9796687059198,NA,NA,NA
"415",2024-01-18 07:00:00,"historie",26.05,12.2815044755277,NA,NA,NA
"416",2024-01-18 08:00:00,"historie",6.8,12.4521550484986,NA,NA,NA
"417",2024-01-18 09:00:00,"historie",12.95,12.4818119956821,NA,NA,NA
"418",2024-01-18 10:00:00,"historie",9.07,11.1513374400107,NA,NA,NA
"419",2024-01-18 11:00:00,"historie",6.29,9.45898040234854,NA,NA,NA
"420",2024-01-18 12:00:00,"historie",5.72,8.793653117011,NA,NA,NA
"421",2024-01-18 13:00:00,"historie",7.95,7.91638083938565,NA,NA,NA
"422",2024-01-18 14:00:00,"historie",11.38,4.75926065802218,NA,NA,NA
"423",2024-01-18 15:00:00,"historie",12.33,5.24636610301826,NA,NA,NA
"424",2024-01-18 16:00:00,"historie",10,6.01571098821751,NA,NA,NA
"425",2024-01-18 17:00:00,"historie",7.76,6.4587162973687,NA,NA,NA
"426",2024-01-18 18:00:00,"historie",11.97,8.50201240185466,NA,NA,NA
"427",2024-01-18 19:00:00,"historie",12.92,8.09864265739232,NA,NA,NA
"428",2024-01-18 20:00:00,"historie",11.35,8.14437711347071,NA,NA,NA
"429",2024-01-18 21:00:00,"historie",17.47,5.93196591061676,NA,NA,NA
"430",2024-01-18 22:00:00,"historie",20.1,7.14661661226717,NA,NA,NA
"431",2024-01-18 23:00:00,"historie",14.85,3.91239410184894,NA,NA,NA
"432",2024-01-19,"historie",18,3.20005714842121,NA,NA,NA
"433",2024-01-19 01:00:00,"historie",16.87,3.62809181193799,NA,NA,NA
"434",2024-01-19 02:00:00,"historie",17.98,3.11397509165438,NA,NA,NA
"435",2024-01-19 03:00:00,"historie",7.89,3.34577150641333,NA,NA,NA
"436",2024-01-19 04:00:00,"historie",8.47,2.88507074698105,NA,NA,NA
"437",2024-01-19 05:00:00,"historie",10.62,2.55962527148096,NA,NA,NA
"438",2024-01-19 06:00:00,"historie",12.22,2.75709228719223,NA,NA,NA
"439",2024-01-19 07:00:00,"historie",11.05,2.84569395770865,NA,NA,NA
"440",2024-01-19 08:00:00,"historie",14.4,3.05295913715784,NA,NA,NA
"441",2024-01-19 09:00:00,"historie",15.72,2.99781183533465,NA,NA,NA
"442",2024-01-19 10:00:00,"historie",18.73,3.40778154518757,NA,NA,NA
"443",2024-01-19 11:00:00,"historie",8.71,4.04074659061313,NA,NA,NA
"444",2024-01-19 12:00:00,"historie",10.5,4.9246015795437,NA,NA,NA
"445",2024-01-19 13:00:00,"historie",10.82,6.0233590777128,NA,NA,NA
"446",2024-01-19 14:00:00,"historie",6.9,3.25563507449227,NA,NA,NA
"447",2024-01-19 15:00:00,"historie",6.16,3.13287451925577,NA,NA,NA
"448",2024-01-19 16:00:00,"historie",7.55,10.2469692379676,NA,NA,NA
"449",2024-01-19 17:00:00,"historie",9.13,6.07329339569786,NA,NA,NA
"450",2024-01-19 18:00:00,"historie",17.76,8.26126102360887,NA,NA,NA
"451",2024-01-19 19:00:00,"historie",18.2,8.24144565669672,NA,NA,NA
"452",2024-01-19 20:00:00,"historie",19.54,6.98925255865696,NA,NA,NA
"453",2024-01-19 21:00:00,"historie",13.85,7.89906653393173,NA,NA,NA
"454",2024-01-19 22:00:00,"historie",16.64,14.5016544498209,NA,NA,NA
"455",2024-01-19 23:00:00,"historie",14.44,14.0410398803885,NA,NA,NA
"456",2024-01-20,"historie",10.71,16.8207224337618,NA,NA,NA
"457",2024-01-20 01:00:00,"historie",12.43,26.4263202909791,NA,NA,NA
"458",2024-01-20 02:00:00,"historie",6.36,17.9773959972258,NA,NA,NA
"459",2024-01-20 03:00:00,"historie",6.03,14.2750258013938,NA,NA,NA
"460",2024-01-20 04:00:00,"historie",6.74,16.6457929278646,NA,NA,NA
"461",2024-01-20 05:00:00,"historie",6.97,15.1015759408584,NA,NA,NA
"462",2024-01-20 06:00:00,"historie",5.82,15.9028031259847,NA,NA,NA
"463",2024-01-20 07:00:00,"historie",5.51,13.3642945120521,NA,NA,NA
"464",2024-01-20 08:00:00,"historie",6.36,15.1787140214861,NA,NA,NA
"465",2024-01-20 09:00:00,"historie",6.18,26.9070694649747,NA,NA,NA
"466",2024-01-20 10:00:00,"historie",7,27.9584752399805,NA,NA,NA
"467",2024-01-20 11:00:00,"historie",6.9,23.880238572164,NA,NA,NA
"468",2024-01-20 12:00:00,"historie",6.79,29.4843000867959,NA,NA,NA
"469",2024-01-20 13:00:00,"historie",7.18,35.3869105685111,NA,NA,NA
"470",2024-01-20 14:00:00,"historie",7.49,33.4642743451763,NA,NA,NA
"471",2024-01-20 15:00:00,"historie",10.28,28.7387471265614,NA,NA,NA
"472",2024-01-20 16:00:00,"historie",12.31,30.2315105808901,NA,NA,NA
"473",2024-01-20 17:00:00,"historie",13.38,31.6518671994949,NA,NA,NA
"474",2024-01-20 18:00:00,"historie",15.03,33.0897193917506,NA,NA,NA
"475",2024-01-20 19:00:00,"historie",14.78,34.1271844760428,NA,NA,NA
"476",2024-01-20 20:00:00,"historie",20.15,31.0443873963273,NA,NA,NA
"477",2024-01-20 21:00:00,"historie",26.35,31.666919703269,NA,NA,NA
"478",2024-01-20 22:00:00,"historie",23.37,34.7692448198505,NA,NA,NA
"479",2024-01-20 23:00:00,"historie",24.47,33.4448589075285,NA,NA,NA
"480",2024-01-21,"historie",31.31,34.464508519483,NA,NA,NA
"481",2024-01-21 01:00:00,"historie",40.87,32.6304510504612,NA,NA,NA
"482",2024-01-21 02:00:00,"historie",48.03,35.0538577070697,NA,NA,NA
"483",2024-01-21 03:00:00,"historie",43.85,33.3556318241996,NA,NA,NA
"484",2024-01-21 04:00:00,"historie",32.46,33.5566237649916,NA,NA,NA
"485",2024-01-21 05:00:00,"historie",36.79,35.5109093726027,NA,NA,NA
"486",2024-01-21 06:00:00,"historie",28.77,38.5304356855494,NA,NA,NA
"487",2024-01-21 07:00:00,"historie",33.95,40.0219431413329,NA,NA,NA
"488",2024-01-21 08:00:00,"historie",32.68,25.5338766876454,NA,NA,NA
"489",2024-01-21 09:00:00,"historie",50.08,7.74351981522328,NA,NA,NA
"490",2024-01-21 10:00:00,"historie",35.9,13.5452173347618,NA,NA,NA
"491",2024-01-21 11:00:00,"historie",44.83,9.82126912090281,NA,NA,NA
"492",2024-01-21 12:00:00,"historie",39.42,7.04522448966106,NA,NA,NA
"493",2024-01-21 13:00:00,"historie",37.5,6.41520485211374,NA,NA,NA
"494",2024-01-21 14:00:00,"historie",37.44,8.51278416124402,NA,NA,NA
"495",2024-01-21 15:00:00,"historie",37.48,11.6367431399925,NA,NA,NA
"496",2024-01-21 16:00:00,"historie",41.92,12.4679568510577,NA,NA,NA
"497",2024-01-21 17:00:00,"historie",41.35,10.3419198543997,NA,NA,NA
"498",2024-01-21 18:00:00,"historie",49.36,8.23745856797788,NA,NA,NA
"499",2024-01-21 19:00:00,"historie",45.41,12.046559191988,NA,NA,NA
"500",2024-01-21 20:00:00,"historie",50.59,12.8845446982337,NA,NA,NA
"501",2024-01-21 21:00:00,"historie",56.65,11.4880754605901,NA,NA,NA
"502",2024-01-21 22:00:00,"historie",55.24,16.8251327805208,NA,NA,NA
"503",2024-01-21 23:00:00,"historie",53.35,19.1002462484489,NA,NA,NA
"504",2024-01-22,"historie",65.26,14.6510330178306,NA,NA,NA
"505",2024-01-22 01:00:00,"historie",60.23,17.385757011196,NA,NA,NA
"506",2024-01-22 02:00:00,"historie",54.97,16.4462196613309,NA,NA,NA
"507",2024-01-22 03:00:00,"historie",46.75,17.4232716782252,NA,NA,NA
"508",2024-01-22 04:00:00,"historie",67.72,8.40663607302796,NA,NA,NA
"509",2024-01-22 05:00:00,"historie",66.28,8.90956086724147,NA,NA,NA
"510",2024-01-22 06:00:00,"historie",59.5,10.848459426902,NA,NA,NA
"511",2024-01-22 07:00:00,"historie",55.23,12.267041075519,NA,NA,NA
"512",2024-01-22 08:00:00,"historie",70.95,11.2163660683076,NA,NA,NA
"513",2024-01-22 09:00:00,"historie",72.05,14.1702536051553,NA,NA,NA
"514",2024-01-22 10:00:00,"historie",73.24,15.332735985589,NA,NA,NA
"515",2024-01-22 11:00:00,"historie",77.1,17.9381033525008,NA,NA,NA
"516",2024-01-22 12:00:00,"historie",84.59,9.12254022704905,NA,NA,NA
"517",2024-01-22 13:00:00,"historie",80.59,10.7310104965605,NA,NA,NA
"518",2024-01-22 14:00:00,"historie",77.21,11.0036331809546,NA,NA,NA
"519",2024-01-22 15:00:00,"historie",78.41,7.37587188073098,NA,NA,NA
"520",2024-01-22 16:00:00,"historie",85.97,6.64119026035185,NA,NA,NA
"521",2024-01-22 17:00:00,"historie",92.08,7.91734351268923,NA,NA,NA
"522",2024-01-22 18:00:00,"historie",84.53,9.34628635230733,NA,NA,NA
"523",2024-01-22 19:00:00,"historie",91.47,16.8461958689285,NA,NA,NA
"524",2024-01-22 20:00:00,"historie",87.49,17.2886763476928,NA,NA,NA
"525",2024-01-22 21:00:00,"historie",86.92,18.4844685629171,NA,NA,NA
"526",2024-01-22 22:00:00,"historie",86.92,13.676717987524,NA,NA,NA
"527",2024-01-22 23:00:00,"historie",81.12,16.1078722899203,NA,NA,NA
"528",2024-01-23,"historie",80.68,14.2351713644492,NA,NA,NA
"529",2024-01-23 01:00:00,"historie",21.35,10.930742805831,NA,NA,NA
"530",2024-01-23 02:00:00,"historie",3.79,12.4550937462867,NA,NA,NA
"531",2024-01-23 03:00:00,"historie",4.28,6.8741794985628,NA,NA,NA
"532",2024-01-23 04:00:00,"historie",6.36,6.5231009099541,NA,NA,NA
"533",2024-01-23 05:00:00,"historie",5.97,7.16428443424776,NA,NA,NA
"534",2024-01-23 06:00:00,"historie",3.63,7.35483077401575,NA,NA,NA
"535",2024-01-23 07:00:00,"historie",2.67,6.25045295823522,NA,NA,NA
"536",2024-01-23 08:00:00,"historie",2.33,5.93164339091379,NA,NA,NA
"537",2024-01-23 09:00:00,"historie",3,6.71099972806815,NA,NA,NA
"538",2024-01-23 10:00:00,"historie",5.45,6.52775603772497,NA,NA,NA
"539",2024-01-23 11:00:00,"historie",5.32,7.27443698818043,NA,NA,NA
"540",2024-01-23 12:00:00,"historie",5.46,7.17522028858755,NA,NA,NA
"541",2024-01-23 13:00:00,"historie",6.08,7.06689369666695,NA,NA,NA
"542",2024-01-23 14:00:00,"historie",6.95,7.41848416339977,NA,NA,NA
"543",2024-01-23 15:00:00,"historie",7.72,7.69847372265741,NA,NA,NA
"544",2024-01-23 16:00:00,"historie",7.38,10.1930430383501,NA,NA,NA
"545",2024-01-23 17:00:00,"historie",10.74,11.9866657873306,NA,NA,NA
"546",2024-01-23 18:00:00,"historie",8.65,12.949497840562,NA,NA,NA
"547",2024-01-23 19:00:00,"historie",10.64,14.4072358664656,NA,NA,NA
"548",2024-01-23 20:00:00,"historie",11.15,14.2513172948057,NA,NA,NA
"549",2024-01-23 21:00:00,"historie",10.68,18.822041324596,NA,NA,NA
"550",2024-01-23 22:00:00,"historie",8.85,24.0024680080404,NA,NA,NA
"551",2024-01-23 23:00:00,"historie",9.21,21.7226929930232,NA,NA,NA
"552",2024-01-24,"historie",12.05,22.7381645169768,NA,NA,NA
"553",2024-01-24 01:00:00,"historie",6.45,28.4242532756264,NA,NA,NA
"554",2024-01-24 02:00:00,"historie",4.2,36.2127143427699,NA,NA,NA
"555",2024-01-24 03:00:00,"historie",2.87,42.0856983634122,NA,NA,NA
"556",2024-01-24 04:00:00,"historie",1.64,39.1131087877879,NA,NA,NA
"557",2024-01-24 05:00:00,"historie",1.26,30.1341205371752,NA,NA,NA
"558",2024-01-24 06:00:00,"historie",1.4,33.7709248107818,NA,NA,NA
"559",2024-01-24 07:00:00,"historie",1.59,27.2502269631481,NA,NA,NA
"560",2024-01-24 08:00:00,"historie",0.95,31.5975884553526,NA,NA,NA
"561",2024-01-24 09:00:00,"historie",1.46,30.6178315854686,NA,NA,NA
"562",2024-01-24 10:00:00,"historie",1.95,44.7818692185158,NA,NA,NA
"563",2024-01-24 11:00:00,"historie",0.97,33.4933312635189,NA,NA,NA
"564",2024-01-24 12:00:00,"historie",2.33,40.8519268027447,NA,NA,NA
"565",2024-01-24 13:00:00,"historie",4.29,36.5623056101411,NA,NA,NA
"566",2024-01-24 14:00:00,"historie",5.1,35.0402551938761,NA,NA,NA
"567",2024-01-24 15:00:00,"historie",5.49,35.0313015858869,NA,NA,NA
"568",2024-01-24 16:00:00,"historie",7.62,35.0998383184868,NA,NA,NA
"569",2024-01-24 17:00:00,"historie",9.42,38.7974595809981,NA,NA,NA
"570",2024-01-24 18:00:00,"historie",9.03,38.3912375763867,NA,NA,NA
"571",2024-01-24 19:00:00,"historie",8.79,44.9765877484324,NA,NA,NA
"572",2024-01-24 20:00:00,"historie",8.59,41.8735584219005,NA,NA,NA
"573",2024-01-24 21:00:00,"historie",8.13,46.1536384312616,NA,NA,NA
"574",2024-01-24 22:00:00,"historie",8.38,51.1338835563312,NA,NA,NA
"575",2024-01-24 23:00:00,"historie",7.29,50.1405753717799,NA,NA,NA
"576",2024-01-25,"historie",8.64,48.723851393545,NA,NA,NA
"577",2024-01-25 01:00:00,"historie",7.46,58.3530513693974,NA,NA,NA
"578",2024-01-25 02:00:00,"historie",7.4,54.5087119950946,NA,NA,NA
"579",2024-01-25 03:00:00,"historie",8.5,50.3670562428631,NA,NA,NA
"580",2024-01-25 04:00:00,"historie",8.93,43.675830829266,NA,NA,NA
"581",2024-01-25 05:00:00,"historie",9.46,60.6488688340606,NA,NA,NA
"582",2024-01-25 06:00:00,"historie",10.18,59.6545263777862,NA,NA,NA
"583",2024-01-25 07:00:00,"historie",8.97,54.3226744430964,NA,NA,NA
"584",2024-01-25 08:00:00,"historie",8.47,50.9022557692659,NA,NA,NA
"585",2024-01-25 09:00:00,"historie",7.23,63.5806058877412,NA,NA,NA
"586",2024-01-25 10:00:00,"historie",7.1,64.5921445777041,NA,NA,NA
"587",2024-01-25 11:00:00,"historie",5.95,65.6678957897141,NA,NA,NA
"588",2024-01-25 12:00:00,"historie",5.05,68.8561043963403,NA,NA,NA
"589",2024-01-25 13:00:00,"historie",4.56,74.9067454509057,NA,NA,NA
"590",2024-01-25 14:00:00,"historie",4.59,71.9342342090897,NA,NA,NA
"591",2024-01-25 15:00:00,"historie",4.62,69.377131015767,NA,NA,NA
"592",2024-01-25 16:00:00,"historie",5.55,70.4205745024979,NA,NA,NA
"593",2024-01-25 17:00:00,"historie",5.42,76.5017540500371,NA,NA,NA
"594",2024-01-25 18:00:00,"historie",5.75,81.4459739390428,NA,NA,NA
"595",2024-01-25 19:00:00,"historie",6.15,75.6507163269959,NA,NA,NA
"596",2024-01-25 20:00:00,"historie",6.7,81.2265440559689,NA,NA,NA
"597",2024-01-25 21:00:00,"historie",9,78.2097611411048,NA,NA,NA
"598",2024-01-25 22:00:00,"historie",9.65,77.8408865256374,NA,NA,NA
"599",2024-01-25 23:00:00,"historie",16.51,77.9099214285939,NA,NA,NA
"600",2024-01-26,"historie",15.31,73.3393287395649,NA,NA,NA
"601",2024-01-26 01:00:00,"historie",12.64,72.9985276458929,NA,NA,NA
"602",2024-01-26 02:00:00,"historie",12.47,22.4606683470181,NA,NA,NA
"603",2024-01-26 03:00:00,"historie",14.68,4.8026756081475,NA,NA,NA
"604",2024-01-26 04:00:00,"historie",14.03,5.2356672213743,NA,NA,NA
"605",2024-01-26 05:00:00,"historie",16.03,7.30637108705033,NA,NA,NA
"606",2024-01-26 06:00:00,"historie",17.75,6.81999209892497,NA,NA,NA
"607",2024-01-26 07:00:00,"historie",24.11,4.33641751802487,NA,NA,NA
"608",2024-01-26 08:00:00,"historie",26.98,3.25683519878442,NA,NA,NA
"609",2024-01-26 09:00:00,"historie",29.95,2.8447134527116,NA,NA,NA
"610",2024-01-26 10:00:00,"historie",29.62,3.51069959463753,NA,NA,NA
"611",2024-01-26 11:00:00,"historie",24.68,5.90020907131977,NA,NA,NA
"612",2024-01-26 12:00:00,"historie",23.35,5.74946521240942,NA,NA,NA
"613",2024-01-26 13:00:00,"historie",20.67,5.85932107661794,NA,NA,NA
"614",2024-01-26 14:00:00,"historie",24.03,6.42369397310128,NA,NA,NA
"615",2024-01-26 15:00:00,"historie",33.36,7.21661813382236,NA,NA,NA
"616",2024-01-26 16:00:00,"historie",33.83,7.91395877441702,NA,NA,NA
"617",2024-01-26 17:00:00,"historie",30.28,7.60391781991496,NA,NA,NA
"618",2024-01-26 18:00:00,"historie",2.33,10.601363604609,NA,NA,NA
"619",2024-01-26 19:00:00,"historie",2.31,8.77204261701745,NA,NA,NA
"620",2024-01-26 20:00:00,"historie",2.7,10.5457535682631,NA,NA,NA
"621",2024-01-26 21:00:00,"historie",2.39,11.015101142519,NA,NA,NA
"622",2024-01-26 22:00:00,"historie",2.95,10.6249962665696,NA,NA,NA
"623",2024-01-26 23:00:00,"historie",4.64,9.007869635788,NA,NA,NA
"624",2024-01-27,"historie",5.13,9.33158263649255,NA,NA,NA
"625",2024-01-27 01:00:00,"historie",3.05,11.8458025607686,NA,NA,NA
"626",2024-01-27 02:00:00,"historie",3.4,6.82123812739621,NA,NA,NA
"627",2024-01-27 03:00:00,"historie",4.05,4.65040861972862,NA,NA,NA
"628",2024-01-27 04:00:00,"historie",4.9,3.29947493259364,NA,NA,NA
"629",2024-01-27 05:00:00,"historie",4.97,1.99340503753644,NA,NA,NA
"630",2024-01-27 06:00:00,"historie",5.5,1.56078415762912,NA,NA,NA
"631",2024-01-27 07:00:00,"historie",6.16,1.69392456941771,NA,NA,NA
"632",2024-01-27 08:00:00,"historie",5.97,1.8786135789319,NA,NA,NA
"633",2024-01-27 09:00:00,"historie",6.31,1.18130383758269,NA,NA,NA
"634",2024-01-27 10:00:00,"historie",6.88,1.71163339350408,NA,NA,NA
"635",2024-01-27 11:00:00,"historie",8.1,2.19965554583847,NA,NA,NA
"636",2024-01-27 12:00:00,"historie",7.74,1.18088697898722,NA,NA,NA
"637",2024-01-27 13:00:00,"historie",7.28,2.54861498727763,NA,NA,NA
"638",2024-01-27 14:00:00,"historie",6.95,4.37776940442797,NA,NA,NA
"639",2024-01-27 15:00:00,"historie",8.23,5.12544901022434,NA,NA,NA
"640",2024-01-27 16:00:00,"historie",8.26,5.4993780681818,NA,NA,NA
"641",2024-01-27 17:00:00,"historie",10.12,7.39150126346061,NA,NA,NA
"642",2024-01-27 18:00:00,"historie",7.08,8.98165948055908,NA,NA,NA
"643",2024-01-27 19:00:00,"historie",6.97,8.71685799735423,NA,NA,NA
"644",2024-01-27 20:00:00,"historie",9.26,8.56506069167867,NA,NA,NA
"645",2024-01-27 21:00:00,"historie",12.62,8.43695054782862,NA,NA,NA
"646",2024-01-27 22:00:00,"historie",13.18,8.07140656657671,NA,NA,NA
"647",2024-01-27 23:00:00,"historie",15.69,8.32050803922276,NA,NA,NA
"648",2024-01-28,"historie",18.26,7.37797915116973,NA,NA,NA
"649",2024-01-28 01:00:00,"historie",18.44,8.59365615585146,NA,NA,NA
"650",2024-01-28 02:00:00,"historie",14.95,7.56650830038765,NA,NA,NA
"651",2024-01-28 03:00:00,"historie",12.32,7.52349013116612,NA,NA,NA
"652",2024-01-28 04:00:00,"historie",11.89,8.51754484364276,NA,NA,NA
"653",2024-01-28 05:00:00,"historie",11.3,8.91722044575295,NA,NA,NA
"654",2024-01-28 06:00:00,"historie",12.59,9.40567079047145,NA,NA,NA
"655",2024-01-28 07:00:00,"historie",14.95,10.0614923701217,NA,NA,NA
"656",2024-01-28 08:00:00,"historie",18.23,9.01719901871097,NA,NA,NA
"657",2024-01-28 09:00:00,"historie",21.95,8.58167685410322,NA,NA,NA
"658",2024-01-28 10:00:00,"historie",25,7.46356007423746,NA,NA,NA
"659",2024-01-28 11:00:00,"historie",20.88,7.34064427114834,NA,NA,NA
"660",2024-01-28 12:00:00,"historie",20.97,6.27239228512017,NA,NA,NA
"661",2024-01-28 13:00:00,"historie",16.82,5.41355079207323,NA,NA,NA
"662",2024-01-28 14:00:00,"historie",16.77,4.93115660593124,NA,NA,NA
"663",2024-01-28 15:00:00,"historie",11.62,4.94383797538938,NA,NA,NA
"664",2024-01-28 16:00:00,"historie",18.18,4.95858082042045,NA,NA,NA
"665",2024-01-28 17:00:00,"historie",17.65,5.82017920228626,NA,NA,NA
"666",2024-01-28 18:00:00,"historie",26.29,5.69489042075676,NA,NA,NA
"667",2024-01-28 19:00:00,"historie",27.92,5.99630464260201,NA,NA,NA
"668",2024-01-28 20:00:00,"historie",21.46,6.36289542408085,NA,NA,NA
"669",2024-01-28 21:00:00,"historie",24.45,6.86665216476717,NA,NA,NA
"670",2024-01-28 22:00:00,"historie",29.39,8.92806876835111,NA,NA,NA
"671",2024-01-28 23:00:00,"historie",29,9.52551962574379,NA,NA,NA
"672",2024-01-29,"historie",30.1,15.3824013014789,NA,NA,NA
"673",2024-01-29 01:00:00,"historie",26.67,14.4838288917309,NA,NA,NA
"674",2024-01-29 02:00:00,"historie",28.74,12.2857183725136,NA,NA,NA
"675",2024-01-29 03:00:00,"historie",26.88,12.1785083198477,NA,NA,NA
"676",2024-01-29 04:00:00,"historie",33.23,14.1128029804704,NA,NA,NA
"677",2024-01-29 05:00:00,"historie",33.44,13.606442647537,NA,NA,NA
"678",2024-01-29 06:00:00,"historie",31.62,15.3564793285073,NA,NA,NA
"679",2024-01-29 07:00:00,"historie",41.4,16.8674447311033,NA,NA,NA
"680",2024-01-29 08:00:00,"historie",58.87,22.2140736210537,NA,NA,NA
"681",2024-01-29 09:00:00,"historie",44.73,24.6817954961977,NA,NA,NA
"682",2024-01-29 10:00:00,"historie",51.74,27.2328975766396,NA,NA,NA
"683",2024-01-29 11:00:00,"historie",54.27,27.1243139146399,NA,NA,NA
"684",2024-01-29 12:00:00,"historie",56.79,23.1890087066703,NA,NA,NA
"685",2024-01-29 13:00:00,"historie",51.9,22.1449056579824,NA,NA,NA
"686",2024-01-29 14:00:00,"historie",45.59,19.9208733478547,NA,NA,NA
"687",2024-01-29 15:00:00,"historie",45.49,22.7915217738965,NA,NA,NA
"688",2024-01-29 16:00:00,"historie",44.33,30.5487726560898,NA,NA,NA
"689",2024-01-29 17:00:00,"historie",45.77,31.0617621780298,NA,NA,NA
"690",2024-01-29 18:00:00,"historie",44.46,28.261726299731,NA,NA,NA
"691",2024-01-29 19:00:00,"historie",37.18,2.91555991141112,NA,NA,NA
"692",2024-01-29 20:00:00,"historie",38.49,2.84490118720466,NA,NA,NA
"693",2024-01-29 21:00:00,"historie",30.45,3.21869864838882,NA,NA,NA
"694",2024-01-29 22:00:00,"historie",34.89,2.8546712470888,NA,NA,NA
"695",2024-01-29 23:00:00,"historie",25.3,3.40172081130057,NA,NA,NA
"696",2024-01-30,"historie",26.77,5.04044842788158,NA,NA,NA
"697",2024-01-30 01:00:00,"historie",24.26,5.48789091126217,NA,NA,NA
"698",2024-01-30 02:00:00,"historie",25.87,3.45138633651796,NA,NA,NA
"699",2024-01-30 03:00:00,"historie",20.75,3.77661896204511,NA,NA,NA
"700",2024-01-30 04:00:00,"historie",19.95,4.38967515193981,NA,NA,NA
"701",2024-01-30 05:00:00,"historie",19.9,5.18293835235477,NA,NA,NA
"702",2024-01-30 06:00:00,"historie",16.33,5.24304717255009,NA,NA,NA
"703",2024-01-30 07:00:00,"historie",23.35,5.73125432565099,NA,NA,NA
"704",2024-01-30 08:00:00,"historie",21.82,6.33734549032839,NA,NA,NA
"705",2024-01-30 09:00:00,"historie",21.25,6.16913586207399,NA,NA,NA
"706",2024-01-30 10:00:00,"historie",21.03,6.48314359090245,NA,NA,NA
"707",2024-01-30 11:00:00,"historie",21.6,7.00600695531565,NA,NA,NA
"708",2024-01-30 12:00:00,"historie",22.18,8.10862110857361,NA,NA,NA
"709",2024-01-30 13:00:00,"historie",23.35,7.80740697411578,NA,NA,NA
"710",2024-01-30 14:00:00,"historie",29.44,7.40798570537445,NA,NA,NA
"711",2024-01-30 15:00:00,"historie",29.67,7.11751189363163,NA,NA,NA
"712",2024-01-30 16:00:00,"historie",28.54,8.27377047608651,NA,NA,NA
"713",2024-01-30 17:00:00,"historie",36.05,8.31565776704674,NA,NA,NA
"714",2024-01-30 18:00:00,"historie",45.82,9.97257015231963,NA,NA,NA
"715",2024-01-30 19:00:00,"historie",47.45,7.28647637373398,NA,NA,NA
"716",2024-01-30 20:00:00,"historie",43.67,7.18537527030104,NA,NA,NA
"717",2024-01-30 21:00:00,"historie",38.55,9.24188466713447,NA,NA,NA
"718",2024-01-30 22:00:00,"historie",41.16,12.1847379782232,NA,NA,NA
"719",2024-01-30 23:00:00,"historie",44.25,12.7138310369199,NA,NA,NA
"720",2024-01-31,"historie",49.13,14.8960365406873,NA,NA,NA
"721",2024-01-31 01:00:00,"historie",50.95,17.1201458536343,NA,NA,NA
"722",2024-01-31 02:00:00,"historie",53.44,17.3600251043286,NA,NA,NA
"723",2024-01-31 03:00:00,"historie",61.67,14.4802052744487,NA,NA,NA
"724",2024-01-31 04:00:00,"historie",63.92,12.228044184981,NA,NA,NA
"725",2024-01-31 05:00:00,"historie",74.5,11.8578395714855,NA,NA,NA
"726",2024-01-31 06:00:00,"historie",78.28,11.3391344817149,NA,NA,NA
"727",2024-01-31 07:00:00,"historie",74.9,12.4793785223225,NA,NA,NA
"728",2024-01-31 08:00:00,"historie",73.41,14.5441853524611,NA,NA,NA
"729",2024-01-31 09:00:00,"historie",64.78,17.3749238063304,NA,NA,NA
"730",2024-01-31 10:00:00,"historie",57.26,20.5503015437343,NA,NA,NA
"731",2024-01-31 11:00:00,"historie",59.4,23.1598900084373,NA,NA,NA
"732",2024-01-31 12:00:00,"historie",76.64,19.8336854435426,NA,NA,NA
"733",2024-01-31 13:00:00,"historie",69.82,19.9637256136545,NA,NA,NA
"734",2024-01-31 14:00:00,"historie",64.08,16.4578277592867,NA,NA,NA
"735",2024-01-31 15:00:00,"historie",61.9,16.4222389104114,NA,NA,NA
"736",2024-01-31 16:00:00,"historie",72.1,11.8667616267095,NA,NA,NA
"737",2024-01-31 17:00:00,"historie",69.69,17.6056603369618,NA,NA,NA
"738",2024-01-31 18:00:00,"historie",72.4,17.1710394434281,NA,NA,NA
"739",2024-01-31 19:00:00,"historie",83.41,24.4684370113303,NA,NA,NA
"740",2024-01-31 20:00:00,"historie",80.21,25.9052312534275,NA,NA,NA
"741",2024-01-31 21:00:00,"historie",89.97,20.5904340456424,NA,NA,NA
"742",2024-01-31 22:00:00,"historie",76.51,23.1449419105569,NA,NA,NA
"743",2024-01-31 23:00:00,"historie",56.34,27.3044343316208,NA,NA,NA
"744",2024-02-01,"historie",52.7,27.0697937446672,NA,NA,NA
"745",2024-02-01 01:00:00,"historie",48.08,28.0544143647705,NA,NA,NA
"746",2024-02-01 02:00:00,"historie",37.05,25.2677730506741,NA,NA,NA
"747",2024-02-01 03:00:00,"historie",33.74,27.0378388176548,NA,NA,NA
"748",2024-02-01 04:00:00,"historie",32.03,25.5265794979902,NA,NA,NA
"749",2024-02-01 05:00:00,"historie",35.13,30.8409228669907,NA,NA,NA
"750",2024-02-01 06:00:00,"historie",37.67,31.0922377460898,NA,NA,NA
"751",2024-02-01 07:00:00,"historie",34,29.6541252015158,NA,NA,NA
"752",2024-02-01 08:00:00,"historie",17.62,37.717267404666,NA,NA,NA
"753",2024-02-01 09:00:00,"historie",8.59,51.7100094131383,NA,NA,NA
"754",2024-02-01 10:00:00,"historie",5.21,40.7590873913789,NA,NA,NA
"755",2024-02-01 11:00:00,"historie",2.21,46.507601964367,NA,NA,NA
"756",2024-02-01 12:00:00,"historie",2.46,48.6926141884783,NA,NA,NA
"757",2024-02-01 13:00:00,"historie",2.85,50.8696676979245,NA,NA,NA
"758",2024-02-01 14:00:00,"historie",3.9,47.1262653101507,NA,NA,NA
"759",2024-02-01 15:00:00,"historie",4.74,42.106438504877,NA,NA,NA
"760",2024-02-01 16:00:00,"historie",4.82,42.0690261400604,NA,NA,NA
"761",2024-02-01 17:00:00,"historie",4.56,41.1538771822858,NA,NA,NA
"762",2024-02-01 18:00:00,"historie",4.1,42.3626229229818,NA,NA,NA
"763",2024-02-01 19:00:00,"historie",5.24,41.3174334956193,NA,NA,NA
"764",2024-02-01 20:00:00,"historie",8.05,35.2753595361509,NA,NA,NA
"765",2024-02-01 21:00:00,"historie",7.46,36.3412027380871,NA,NA,NA
"766",2024-02-01 22:00:00,"historie",7.62,29.507065656027,NA,NA,NA
"767",2024-02-01 23:00:00,"historie",7.68,33.2174922795566,NA,NA,NA
"768",2024-02-02,"historie",8.47,24.9569068484209,NA,NA,NA
"769",2024-02-02 01:00:00,"historie",8.59,26.1538321233559,NA,NA,NA
"770",2024-02-02 02:00:00,"historie",8.74,23.9097305223148,NA,NA,NA
"771",2024-02-02 03:00:00,"historie",8.13,25.2393995465954,NA,NA,NA
"772",2024-02-02 04:00:00,"historie",10.45,20.7145740945814,NA,NA,NA
"773",2024-02-02 05:00:00,"historie",10.71,19.9365895519175,NA,NA,NA
"774",2024-02-02 06:00:00,"historie",13.9,19.8268843699038,NA,NA,NA
"775",2024-02-02 07:00:00,"historie",10.33,16.5903640998579,NA,NA,NA
"776",2024-02-02 08:00:00,"historie",10.88,22.6886677309406,NA,NA,NA
"777",2024-02-02 09:00:00,"historie",12.87,21.3469647486495,NA,NA,NA
"778",2024-02-02 10:00:00,"historie",11.38,20.8253964467449,NA,NA,NA
"779",2024-02-02 11:00:00,"historie",8.92,20.6071223978969,NA,NA,NA
"780",2024-02-02 12:00:00,"historie",10.07,21.0757359435998,NA,NA,NA
"781",2024-02-02 13:00:00,"historie",8,21.5578276071278,NA,NA,NA
"782",2024-02-02 14:00:00,"historie",5.21,22.5502241099538,NA,NA,NA
"783",2024-02-02 15:00:00,"historie",6.21,27.6912242454288,NA,NA,NA
"784",2024-02-02 16:00:00,"historie",6.9,27.9281073402563,NA,NA,NA
"785",2024-02-02 17:00:00,"historie",6.61,27.0227561782914,NA,NA,NA
"786",2024-02-02 18:00:00,"historie",7.22,33.2750760319048,NA,NA,NA
"787",2024-02-02 19:00:00,"historie",7.15,41.2669776813131,NA,NA,NA
"788",2024-02-02 20:00:00,"historie",6.82,42.740092627028,NA,NA,NA
"789",2024-02-02 21:00:00,"historie",5.95,39.8597497340476,NA,NA,NA
"790",2024-02-02 22:00:00,"historie",5.7,35.7853545190274,NA,NA,NA
"791",2024-02-02 23:00:00,"historie",5.74,37.9815720790641,NA,NA,NA
"792",2024-02-03,"historie",6.84,40.5715231837549,NA,NA,NA
"793",2024-02-03 01:00:00,"historie",6.9,44.608485042371,NA,NA,NA
"794",2024-02-03 02:00:00,"historie",5.97,46.19146144313,NA,NA,NA
"795",2024-02-03 03:00:00,"historie",5,48.3114000941735,NA,NA,NA
"796",2024-02-03 04:00:00,"historie",3.97,54.9968531692804,NA,NA,NA
"797",2024-02-03 05:00:00,"historie",2.97,56.9627644008536,NA,NA,NA
"798",2024-02-03 06:00:00,"historie",2.4,65.4579398725192,NA,NA,NA
"799",2024-02-03 07:00:00,"historie",2.29,68.6649186951349,NA,NA,NA
"800",2024-02-03 08:00:00,"historie",2.5,66.282770337339,NA,NA,NA
"801",2024-02-03 09:00:00,"historie",2.33,65.3096239993548,NA,NA,NA
"802",2024-02-03 10:00:00,"historie",4.12,58.6009779986397,NA,NA,NA
"803",2024-02-03 11:00:00,"historie",6.16,52.5939708485535,NA,NA,NA
"804",2024-02-03 12:00:00,"historie",2.88,54.343211925488,NA,NA,NA
"805",2024-02-03 13:00:00,"historie",3.41,68.1491932287881,NA,NA,NA
"806",2024-02-03 14:00:00,"historie",5.97,62.8870109940681,NA,NA,NA
"807",2024-02-03 15:00:00,"historie",6.92,58.3567057133579,NA,NA,NA
"808",2024-02-03 16:00:00,"historie",4.65,56.6212529431073,NA,NA,NA
"809",2024-02-03 17:00:00,"historie",9.05,64.8327327822942,NA,NA,NA
"810",2024-02-03 18:00:00,"historie",7.97,62.9888464903574,NA,NA,NA
"811",2024-02-03 19:00:00,"historie",5.87,65.2131563187405,NA,NA,NA
"812",2024-02-03 20:00:00,"historie",5.35,74.0123688527358,NA,NA,NA
"813",2024-02-03 21:00:00,"historie",14.53,71.6305085996717,NA,NA,NA
"814",2024-02-03 22:00:00,"historie",3.95,79.4219729634582,NA,NA,NA
"815",2024-02-03 23:00:00,"historie",11.64,68.9375732519482,NA,NA,NA
"816",2024-02-04,"historie",1.6,52.5892259228198,NA,NA,NA
"817",2024-02-04 01:00:00,"historie",0.89,49.4803867602576,NA,NA,NA
"818",2024-02-04 02:00:00,"historie",0.58,45.5232037544997,NA,NA,NA
"819",2024-02-04 03:00:00,"historie",1.26,36.0431180910128,NA,NA,NA
"820",2024-02-04 04:00:00,"historie",1.64,33.0378403671562,NA,NA,NA
"821",2024-02-04 05:00:00,"historie",1.36,31.4141043198441,NA,NA,NA
"822",2024-02-04 06:00:00,"historie",1.08,33.9547235884961,NA,NA,NA
"823",2024-02-04 07:00:00,"historie",1.1,36.0165979073975,NA,NA,NA
"824",2024-02-04 08:00:00,"historie",0.58,32.8196890898728,NA,NA,NA
"825",2024-02-04 09:00:00,"historie",0.97,18.2765858893091,NA,NA,NA
"826",2024-02-04 10:00:00,"historie",1.27,9.59696502241233,NA,NA,NA
"827",2024-02-04 11:00:00,"historie",1.63,6.08888255150766,NA,NA,NA
"828",2024-02-04 12:00:00,"historie",2.78,2.80707093004096,NA,NA,NA
"829",2024-02-04 13:00:00,"historie",1.57,3.03000629767338,NA,NA,NA
"830",2024-02-04 14:00:00,"historie",1.79,3.39917177968698,NA,NA,NA
"831",2024-02-04 15:00:00,"historie",2.46,4.43325704974562,NA,NA,NA
"832",2024-02-04 16:00:00,"historie",2.08,5.22500578105406,NA,NA,NA
"833",2024-02-04 17:00:00,"historie",1.57,5.27077345307419,NA,NA,NA
"834",2024-02-04 18:00:00,"historie",3.66,4.99165543721134,NA,NA,NA
"835",2024-02-04 19:00:00,"historie",5.6,4.51981515519845,NA,NA,NA
"836",2024-02-04 20:00:00,"historie",7.72,5.58907548217943,NA,NA,NA
"837",2024-02-04 21:00:00,"historie",4.28,8.15624136422533,NA,NA,NA
"838",2024-02-04 22:00:00,"historie",2.37,7.63010541536213,NA,NA,NA
"839",2024-02-04 23:00:00,"historie",0.9,7.77612468395084,NA,NA,NA
"840",2024-02-05,"historie",2.21,7.83258005779529,NA,NA,NA
"841",2024-02-05 01:00:00,"historie",1.82,8.54553334711134,NA,NA,NA
"842",2024-02-05 02:00:00,"historie",0.85,8.66138872923004,NA,NA,NA
"843",2024-02-05 03:00:00,"historie",1.18,8.80392821539578,NA,NA,NA
"844",2024-02-05 04:00:00,"historie",0.74,8.26499178927003,NA,NA,NA
"845",2024-02-05 05:00:00,"historie",0.36,10.3288312076638,NA,NA,NA
"846",2024-02-05 06:00:00,"historie",0.44,10.5790798588659,NA,NA,NA
"847",2024-02-05 07:00:00,"historie",1.4,13.3579128369413,NA,NA,NA
"848",2024-02-05 08:00:00,"historie",1.92,10.3053579475643,NA,NA,NA
"849",2024-02-05 09:00:00,"historie",3.6,10.8020480412015,NA,NA,NA
"850",2024-02-05 10:00:00,"historie",5.08,12.5535225454293,NA,NA,NA
"851",2024-02-05 11:00:00,"historie",6.3,11.28324244679,NA,NA,NA
"852",2024-02-05 12:00:00,"historie",6.5,9.10258750680714,NA,NA,NA
"853",2024-02-05 13:00:00,"historie",6.85,10.128123844679,NA,NA,NA
"854",2024-02-05 14:00:00,"historie",8.26,8.26068139269411,NA,NA,NA
"855",2024-02-05 15:00:00,"historie",8.87,5.63915438175847,NA,NA,NA
"856",2024-02-05 16:00:00,"historie",8.79,6.55936119884117,NA,NA,NA
"857",2024-02-05 17:00:00,"historie",6.68,7.18254018489477,NA,NA,NA
"858",2024-02-05 18:00:00,"historie",8.29,6.90352301311848,NA,NA,NA
"859",2024-02-05 19:00:00,"historie",7.6,7.45301917982451,NA,NA,NA
"860",2024-02-05 20:00:00,"historie",7.69,7.38287543640547,NA,NA,NA
"861",2024-02-05 21:00:00,"historie",7.65,7.07434045753308,NA,NA,NA
"862",2024-02-05 22:00:00,"historie",9.71,6.26152747631912,NA,NA,NA
"863",2024-02-05 23:00:00,"historie",15.26,6.01602552774506,NA,NA,NA
"864",2024-02-06,"historie",10.59,6.04122887110336,NA,NA,NA
"865",2024-02-06 01:00:00,"historie",8.31,7.04519272840145,NA,NA,NA
"866",2024-02-06 02:00:00,"historie",9.44,7.09851020835922,NA,NA,NA
"867",2024-02-06 03:00:00,"historie",10.05,6.24262961386465,NA,NA,NA
"868",2024-02-06 04:00:00,"historie",9.79,5.32815288686944,NA,NA,NA
"869",2024-02-06 05:00:00,"historie",10.13,4.33237257772016,NA,NA,NA
"870",2024-02-06 06:00:00,"historie",10.34,3.33679467391033,NA,NA,NA
"871",2024-02-06 07:00:00,"historie",8.72,2.74719640484681,NA,NA,NA
"872",2024-02-06 08:00:00,"historie",6.21,2.61844659464671,NA,NA,NA
"873",2024-02-06 09:00:00,"historie",4.03,2.81345670715148,NA,NA,NA
"874",2024-02-06 10:00:00,"historie",4.18,2.63108259676167,NA,NA,NA
"875",2024-02-06 11:00:00,"historie",4.1,4.3416102914391,NA,NA,NA
"876",2024-02-06 12:00:00,"historie",3.58,6.20372286164597,NA,NA,NA
"877",2024-02-06 13:00:00,"historie",2.83,3.17164719607747,NA,NA,NA
"878",2024-02-06 14:00:00,"historie",4.31,3.67367531489679,NA,NA,NA
"879",2024-02-06 15:00:00,"historie",3.62,6.0286840145899,NA,NA,NA
"880",2024-02-06 16:00:00,"historie",3.66,6.89332616733156,NA,NA,NA
"881",2024-02-06 17:00:00,"historie",3.83,4.86403092950091,NA,NA,NA
"882",2024-02-06 18:00:00,"historie",6.72,8.78175812686351,NA,NA,NA
"883",2024-02-06 19:00:00,"historie",5.87,7.88756418251692,NA,NA,NA
"884",2024-02-06 20:00:00,"historie",5.23,6.03638973589632,NA,NA,NA
"885",2024-02-06 21:00:00,"historie",6.08,5.56510127126888,NA,NA,NA
"886",2024-02-06 22:00:00,"historie",3.82,13.4981214982893,NA,NA,NA
"887",2024-02-06 23:00:00,"historie",4.59,4.28546417736886,NA,NA,NA
"888",2024-02-07,"historie",6.67,11.1385798837605,NA,NA,NA
"889",2024-02-07 01:00:00,"historie",6.68,1.9274981623797,NA,NA,NA
"890",2024-02-07 02:00:00,"historie",4.61,1.13436141716819,NA,NA,NA
"891",2024-02-07 03:00:00,"historie",4.3,0.765816043167096,NA,NA,NA
"892",2024-02-07 04:00:00,"historie",5.15,1.50128393759414,NA,NA,NA
"893",2024-02-07 05:00:00,"historie",5.4,1.88297169003747,NA,NA,NA
"894",2024-02-07 06:00:00,"historie",4.79,1.58807059824193,NA,NA,NA
"895",2024-02-07 07:00:00,"historie",5.7,1.28778313171966,NA,NA,NA
"896",2024-02-07 08:00:00,"historie",6.08,1.30071506109572,NA,NA,NA
"897",2024-02-07 09:00:00,"historie",5,0.733477167984363,NA,NA,NA
"898",2024-02-07 10:00:00,"historie",4.15,1.14631167483901,NA,NA,NA
"899",2024-02-07 11:00:00,"historie",2.05,1.44918946988713,NA,NA,NA
"900",2024-02-07 12:00:00,"historie",1.67,1.80463915098164,NA,NA,NA
"901",2024-02-07 13:00:00,"historie",1.08,2.89764698933101,NA,NA,NA
"902",2024-02-07 14:00:00,"historie",1.36,1.75312722604711,NA,NA,NA
"903",2024-02-07 15:00:00,"historie",1.73,1.96803898339242,NA,NA,NA
"904",2024-02-07 16:00:00,"historie",3.29,2.61003503001581,NA,NA,NA
"905",2024-02-07 17:00:00,"historie",3,2.25537098029822,NA,NA,NA
"906",2024-02-07 18:00:00,"historie",2.64,1.75952044596714,NA,NA,NA
"907",2024-02-07 19:00:00,"historie",5.28,3.7225625313079,NA,NA,NA
"908",2024-02-07 20:00:00,"historie",8.64,5.45677866123902,NA,NA,NA
"909",2024-02-07 21:00:00,"historie",5.4,7.31095073441437,NA,NA,NA
"910",2024-02-07 22:00:00,"historie",5.05,4.37380707269686,NA,NA,NA
"911",2024-02-07 23:00:00,"historie",7.72,2.59942610436416,NA,NA,NA
"912",2024-02-08,"historie",7.03,1.10036390081914,NA,NA,NA
"913",2024-02-08 01:00:00,"historie",7.62,2.42051419379162,NA,NA,NA
"914",2024-02-08 02:00:00,"historie",3.92,2.03668426133278,NA,NA,NA
"915",2024-02-08 03:00:00,"historie",3.8,1.03495744784171,NA,NA,NA
"916",2024-02-08 04:00:00,"historie",4.72,1.37422083730224,NA,NA,NA
"917",2024-02-08 05:00:00,"historie",8.51,0.904983859195748,NA,NA,NA
"918",2024-02-08 06:00:00,"historie",13.03,0.474402089024909,NA,NA,NA
"919",2024-02-08 07:00:00,"historie",15,0.560315159845354,NA,NA,NA
"920",2024-02-08 08:00:00,"historie",9.45,1.55029837860095,NA,NA,NA
"921",2024-02-08 09:00:00,"historie",9.05,2.05362188315789,NA,NA,NA
"922",2024-02-08 10:00:00,"historie",8.95,3.59768347669086,NA,NA,NA
"923",2024-02-08 11:00:00,"historie",9.82,4.91960607817733,NA,NA,NA
"924",2024-02-08 12:00:00,"historie",4.74,6.00920331796284,NA,NA,NA
"925",2024-02-08 13:00:00,"historie",4.03,6.23817401638006,NA,NA,NA
"926",2024-02-08 14:00:00,"historie",5.28,6.59237353747087,NA,NA,NA
"927",2024-02-08 15:00:00,"historie",10.53,7.84530329357258,NA,NA,NA
"928",2024-02-08 16:00:00,"historie",14.7,8.4277636705043,NA,NA,NA
"929",2024-02-08 17:00:00,"historie",9.39,8.42689723251998,NA,NA,NA
"930",2024-02-08 18:00:00,"historie",11.35,6.65204823557567,NA,NA,NA
"931",2024-02-08 19:00:00,"historie",12.51,8.0879543268096,NA,NA,NA
"932",2024-02-08 20:00:00,"historie",14.54,7.52648587018178,NA,NA,NA
"933",2024-02-08 21:00:00,"historie",15.64,7.63462983238939,NA,NA,NA
"934",2024-02-08 22:00:00,"historie",16.5,7.62561310125983,NA,NA,NA
"935",2024-02-08 23:00:00,"historie",15.5,9.44908631542588,NA,NA,NA
"936",2024-02-09,"historie",17.92,14.1703160245671,NA,NA,NA
"937",2024-02-09 01:00:00,"historie",21.64,10.3236555862245,NA,NA,NA
"938",2024-02-09 02:00:00,"historie",24.6,8.35670518502127,NA,NA,NA
"939",2024-02-09 03:00:00,"historie",32.58,9.36950915943572,NA,NA,NA
"940",2024-02-09 04:00:00,"historie",32.9,9.92554820982403,NA,NA,NA
"941",2024-02-09 05:00:00,"historie",33.85,9.72018389894552,NA,NA,NA
"942",2024-02-09 06:00:00,"historie",32.67,10.0374610109096,NA,NA,NA
"943",2024-02-09 07:00:00,"historie",30.31,10.2409160747831,NA,NA,NA
"944",2024-02-09 08:00:00,"historie",33.23,8.82065032548932,NA,NA,NA
"945",2024-02-09 09:00:00,"historie",30.97,6.5300147742119,NA,NA,NA
"946",2024-02-09 10:00:00,"historie",34.79,4.44042899526618,NA,NA,NA
"947",2024-02-09 11:00:00,"historie",36.62,4.56283467068669,NA,NA,NA
"948",2024-02-09 12:00:00,"historie",36.6,4.46608193198471,NA,NA,NA
"949",2024-02-09 13:00:00,"historie",36.15,3.9445801351537,NA,NA,NA
"950",2024-02-09 14:00:00,"historie",35.87,3.1881896948975,NA,NA,NA
"951",2024-02-09 15:00:00,"historie",42.64,4.60337996968949,NA,NA,NA
"952",2024-02-09 16:00:00,"historie",40.25,3.93643504964969,NA,NA,NA
"953",2024-02-09 17:00:00,"historie",51.29,3.96346664665912,NA,NA,NA
"954",2024-02-09 18:00:00,"historie",35.45,4.11612571199984,NA,NA,NA
"955",2024-02-09 19:00:00,"historie",48.49,6.76387942625142,NA,NA,NA
"956",2024-02-09 20:00:00,"historie",54.08,6.01512176698196,NA,NA,NA
"957",2024-02-09 21:00:00,"historie",40.5,5.43672035734784,NA,NA,NA
"958",2024-02-09 22:00:00,"historie",49.3,6.21487575071477,NA,NA,NA
"959",2024-02-09 23:00:00,"historie",59.69,4.12140490483911,NA,NA,NA
"960",2024-02-10,"historie",59.64,4.83904744072915,NA,NA,NA
"961",2024-02-10 01:00:00,"historie",48.38,6.73592996588591,NA,NA,NA
"962",2024-02-10 02:00:00,"historie",53.08,6.75984306824009,NA,NA,NA
"963",2024-02-10 03:00:00,"historie",49.37,4.87487161806161,NA,NA,NA
"964",2024-02-10 04:00:00,"historie",59.8,4.57824932588626,NA,NA,NA
"965",2024-02-10 05:00:00,"historie",71.67,5.36454703717143,NA,NA,NA
"966",2024-02-10 06:00:00,"historie",51.48,5.59524890640433,NA,NA,NA
"967",2024-02-10 07:00:00,"historie",39.82,5.03317685569275,NA,NA,NA
"968",2024-02-10 08:00:00,"historie",43.65,5.86936606135043,NA,NA,NA
"969",2024-02-10 09:00:00,"historie",33.51,6.22019626951292,NA,NA,NA
"970",2024-02-10 10:00:00,"historie",23.4,5.23624643895941,NA,NA,NA
"971",2024-02-10 11:00:00,"historie",22.87,4.43705687264403,NA,NA,NA
"972",2024-02-10 12:00:00,"historie",18.92,2.37004362428148,NA,NA,NA
"973",2024-02-10 13:00:00,"historie",16.38,1.9627440233968,NA,NA,NA
"974",2024-02-10 14:00:00,"historie",16.18,1.32365859040542,NA,NA,NA
"975",2024-02-10 15:00:00,"historie",15.26,1.60800327500882,NA,NA,NA
"976",2024-02-10 16:00:00,"historie",16.73,1.97679456411085,NA,NA,NA
"977",2024-02-10 17:00:00,"historie",20.82,3.4804277206311,NA,NA,NA
"978",2024-02-10 18:00:00,"historie",26.33,3.21042202405525,NA,NA,NA
"979",2024-02-10 19:00:00,"historie",29.95,2.86709914724484,NA,NA,NA
"980",2024-02-10 20:00:00,"historie",26.08,5.29707709681758,NA,NA,NA
"981",2024-02-10 21:00:00,"historie",25,8.2345076268656,NA,NA,NA
"982",2024-02-10 22:00:00,"historie",24.3,5.46967474571463,NA,NA,NA
"983",2024-02-10 23:00:00,"historie",17.82,5.17058093955453,NA,NA,NA
"984",2024-02-11,"historie",20.51,7.55040504286795,NA,NA,NA
"985",2024-02-11 01:00:00,"historie",18.97,6.98490759014549,NA,NA,NA
"986",2024-02-11 02:00:00,"historie",23.12,7.53109328800597,NA,NA,NA
"987",2024-02-11 03:00:00,"historie",17.46,4.19394361576709,NA,NA,NA
"988",2024-02-11 04:00:00,"historie",30.15,4.07386317954736,NA,NA,NA
"989",2024-02-11 05:00:00,"historie",23.79,4.92978554763015,NA,NA,NA
"990",2024-02-11 06:00:00,"historie",17.98,8.31613699897082,NA,NA,NA
"991",2024-02-11 07:00:00,"historie",20.53,12.1892680321275,NA,NA,NA
"992",2024-02-11 08:00:00,"historie",19.75,13.9102050340966,NA,NA,NA
"993",2024-02-11 09:00:00,"historie",21.95,9.30296495426322,NA,NA,NA
"994",2024-02-11 10:00:00,"historie",23.62,8.98014155640587,NA,NA,NA
"995",2024-02-11 11:00:00,"historie",20.53,8.91287921837768,NA,NA,NA
"996",2024-02-11 12:00:00,"historie",20.27,9.69599982072718,NA,NA,NA
"997",2024-02-11 13:00:00,"historie",28.41,5.09512961568371,NA,NA,NA
"998",2024-02-11 14:00:00,"historie",24.72,4.39773023135036,NA,NA,NA
"999",2024-02-11 15:00:00,"historie",21.23,5.5650913617619,NA,NA,NA
"1000",2024-02-11 16:00:00,"historie",6.68,10.2469963840585,NA,NA,NA
"1001",2024-02-11 17:00:00,"historie",4.28,13.825750137231,NA,NA,NA
"1002",2024-02-11 18:00:00,"historie",3.74,9.34540938427823,NA,NA,NA
"1003",2024-02-11 19:00:00,"historie",3.79,11.0749329268268,NA,NA,NA
"1004",2024-02-11 20:00:00,"historie",4.95,12.1081287379094,NA,NA,NA
"1005",2024-02-11 21:00:00,"historie",3.34,13.8805050362339,NA,NA,NA
"1006",2024-02-11 22:00:00,"historie",4.58,14.8669226697155,NA,NA,NA
"1007",2024-02-11 23:00:00,"historie",3.28,15.6526656427138,NA,NA,NA
"1008",2024-02-12,"historie",2.67,14.8670250221106,NA,NA,NA
"1009",2024-02-12 01:00:00,"historie",3.89,16.9584872660215,NA,NA,NA
"1010",2024-02-12 02:00:00,"historie",4.95,20.1200269840181,NA,NA,NA
"1011",2024-02-12 03:00:00,"historie",4.44,22.6471836821947,NA,NA,NA
"1012",2024-02-12 04:00:00,"historie",5.03,29.200178943399,NA,NA,NA
"1013",2024-02-12 05:00:00,"historie",3.56,29.6463885243603,NA,NA,NA
"1014",2024-02-12 06:00:00,"historie",3.6,30.5801270888442,NA,NA,NA
"1015",2024-02-12 07:00:00,"historie",3.31,29.7895928999758,NA,NA,NA
"1016",2024-02-12 08:00:00,"historie",7.15,27.9951473470944,NA,NA,NA
"1017",2024-02-12 09:00:00,"historie",3.03,30.4729935027142,NA,NA,NA
"1018",2024-02-12 10:00:00,"historie",4.15,28.7296215905814,NA,NA,NA
"1019",2024-02-12 11:00:00,"historie",8.28,31.932862879302,NA,NA,NA
"1020",2024-02-12 12:00:00,"historie",4.38,33.5224373731679,NA,NA,NA
"1021",2024-02-12 13:00:00,"historie",2.33,33.610897131033,NA,NA,NA
"1022",2024-02-12 14:00:00,"historie",1.84,33.3350914279646,NA,NA,NA
"1023",2024-02-12 15:00:00,"historie",1.69,33.1822652865346,NA,NA,NA
"1024",2024-02-12 16:00:00,"historie",4.5,38.7553942511415,NA,NA,NA
"1025",2024-02-12 17:00:00,"historie",8.05,36.9337514518196,NA,NA,NA
"1026",2024-02-12 18:00:00,"historie",14.21,45.8897953673615,NA,NA,NA
"1027",2024-02-12 19:00:00,"historie",6.28,33.1971377294621,NA,NA,NA
"1028",2024-02-12 20:00:00,"historie",12.51,43.84757864746,NA,NA,NA
"1029",2024-02-12 21:00:00,"historie",34.05,48.4362656234161,NA,NA,NA
"1030",2024-02-12 22:00:00,"historie",25.92,37.6040446041075,NA,NA,NA
"1031",2024-02-12 23:00:00,"historie",17.72,44.797348583757,NA,NA,NA
"1032",2024-02-13,"historie",16.59,53.1857979231999,NA,NA,NA
"1033",2024-02-13 01:00:00,"historie",7,53.3188842455366,NA,NA,NA
"1034",2024-02-13 02:00:00,"historie",7.95,44.4159277186097,NA,NA,NA
"1035",2024-02-13 03:00:00,"historie",23.35,48.2661136049548,NA,NA,NA
"1036",2024-02-13 04:00:00,"historie",8,45.3306645518813,NA,NA,NA
"1037",2024-02-13 05:00:00,"historie",3.67,53.7691043758956,NA,NA,NA
"1038",2024-02-13 06:00:00,"historie",3.69,63.2661056850245,NA,NA,NA
"1039",2024-02-13 07:00:00,"historie",6.25,47.330771947482,NA,NA,NA
"1040",2024-02-13 08:00:00,"historie",6.47,37.7042896044161,NA,NA,NA
"1041",2024-02-13 09:00:00,"historie",3.28,40.8364984815998,NA,NA,NA
"1042",2024-02-13 10:00:00,"historie",3.95,32.2795581433117,NA,NA,NA
"1043",2024-02-13 11:00:00,"historie",5.08,23.4155697852132,NA,NA,NA
"1044",2024-02-13 12:00:00,"historie",5.74,22.8308108736789,NA,NA,NA
"1045",2024-02-13 13:00:00,"historie",4.47,19.2104777865463,NA,NA,NA
"1046",2024-02-13 14:00:00,"historie",6.51,16.8145098945745,NA,NA,NA
"1047",2024-02-13 15:00:00,"historie",6.25,16.5360846096197,NA,NA,NA
"1048",2024-02-13 16:00:00,"historie",13.05,15.6184861744158,NA,NA,NA
"1049",2024-02-13 17:00:00,"historie",12.93,16.8612492444425,NA,NA,NA
"1050",2024-02-13 18:00:00,"historie",18.51,20.3943158499943,NA,NA,NA
"1051",2024-02-13 19:00:00,"historie",11.69,25.0741451587071,NA,NA,NA
"1052",2024-02-13 20:00:00,"historie",12.11,28.1176762667583,NA,NA,NA
"1053",2024-02-13 21:00:00,"historie",11.5,24.9026356439236,NA,NA,NA
"1054",2024-02-13 22:00:00,"historie",19.03,23.9877193351558,NA,NA,NA
"1055",2024-02-13 23:00:00,"historie",23.75,23.385210818176,NA,NA,NA
"1056",2024-02-14,"historie",12.28,17.7548561328573,NA,NA,NA
"1057",2024-02-14 01:00:00,"historie",13.82,20.0578311907814,NA,NA,NA
"1058",2024-02-14 02:00:00,"historie",19.38,18.6919226341316,NA,NA,NA
"1059",2024-02-14 03:00:00,"historie",25.23,22.2372537781181,NA,NA,NA
"1060",2024-02-14 04:00:00,"historie",26.24,17.3353818293808,NA,NA,NA
"1061",2024-02-14 05:00:00,"historie",25.77,28.0776007819776,NA,NA,NA
"1062",2024-02-14 06:00:00,"historie",26.87,22.8075524472823,NA,NA,NA
"1063",2024-02-14 07:00:00,"historie",32.02,17.7959663587228,NA,NA,NA
"1064",2024-02-14 08:00:00,"historie",36.92,19.9776614573281,NA,NA,NA
"1065",2024-02-14 09:00:00,"historie",31.48,19.2891609172714,NA,NA,NA
"1066",2024-02-14 10:00:00,"historie",17.61,21.1631124931348,NA,NA,NA
"1067",2024-02-14 11:00:00,"historie",11.62,22.5841243844661,NA,NA,NA
"1068",2024-02-14 12:00:00,"historie",10.53,19.9543792933144,NA,NA,NA
"1069",2024-02-14 13:00:00,"historie",12.65,19.7184753827402,NA,NA,NA
"1070",2024-02-14 14:00:00,"historie",9.72,26.5832139612513,NA,NA,NA
"1071",2024-02-14 15:00:00,"historie",5.7,23.5444855186327,NA,NA,NA
"1072",2024-02-14 16:00:00,"historie",5.55,20.5864711736908,NA,NA,NA
"1073",2024-02-14 17:00:00,"historie",6.7,7.38055162703943,NA,NA,NA
"1074",2024-02-14 18:00:00,"historie",7.92,4.92858823513592,NA,NA,NA
"1075",2024-02-14 19:00:00,"historie",7.54,4.32403323820974,NA,NA,NA
"1076",2024-02-14 20:00:00,"historie",8.33,4.32782603668787,NA,NA,NA
"1077",2024-02-14 21:00:00,"historie",8.03,5.43231907201652,NA,NA,NA
"1078",2024-02-14 22:00:00,"historie",7.32,3.80846735939679,NA,NA,NA
"1079",2024-02-14 23:00:00,"historie",7.9,4.99636281716969,NA,NA,NA
"1080",2024-02-15,"historie",17.85,3.69735681410057,NA,NA,NA
"1081",2024-02-15 01:00:00,"historie",24.42,3.05945194902657,NA,NA,NA
"1082",2024-02-15 02:00:00,"historie",24.61,4.23888553299533,NA,NA,NA
"1083",2024-02-15 03:00:00,"historie",29.82,5.22832749315267,NA,NA,NA
"1084",2024-02-15 04:00:00,"historie",32.46,4.74017338967644,NA,NA,NA
"1085",2024-02-15 05:00:00,"historie",31.77,5.28291815046201,NA,NA,NA
"1086",2024-02-15 06:00:00,"historie",29.21,3.88441277919857,NA,NA,NA
"1087",2024-02-15 07:00:00,"historie",30.35,3.90949050520971,NA,NA,NA
"1088",2024-02-15 08:00:00,"historie",33.18,3.61819838108911,NA,NA,NA
"1089",2024-02-15 09:00:00,"historie",38.31,7.13943156934469,NA,NA,NA
"1090",2024-02-15 10:00:00,"historie",28.82,3.34440248597461,NA,NA,NA
"1091",2024-02-15 11:00:00,"historie",28.3,4.40322695441453,NA,NA,NA
"1092",2024-02-15 12:00:00,"historie",19.59,8.11536100047999,NA,NA,NA
"1093",2024-02-15 13:00:00,"historie",15.18,4.63375844419581,NA,NA,NA
"1094",2024-02-15 14:00:00,"historie",16.53,2.64504396762823,NA,NA,NA
"1095",2024-02-15 15:00:00,"historie",19.55,2.13343652711097,NA,NA,NA
"1096",2024-02-15 16:00:00,"historie",22.74,1.96532114428933,NA,NA,NA
"1097",2024-02-15 17:00:00,"historie",26.65,4.65306017048956,NA,NA,NA
"1098",2024-02-15 18:00:00,"historie",32.92,7.80535784174844,NA,NA,NA
"1099",2024-02-15 19:00:00,"historie",37.54,12.9930945618733,NA,NA,NA
"1100",2024-02-15 20:00:00,"historie",44.97,6.35755311635304,NA,NA,NA
"1101",2024-02-15 21:00:00,"historie",36.25,11.7368765782362,NA,NA,NA
"1102",2024-02-15 22:00:00,"historie",33.18,28.716681194667,NA,NA,NA
"1103",2024-02-15 23:00:00,"historie",33.64,22.853468416001,NA,NA,NA
"1104",2024-02-16,"historie",37.59,16.4727214340024,NA,NA,NA
"1105",2024-02-16 01:00:00,"historie",39.27,15.6278942971722,NA,NA,NA
"1106",2024-02-16 02:00:00,"historie",37.84,7.30479222162761,NA,NA,NA
"1107",2024-02-16 03:00:00,"historie",39.83,8.15759910452361,NA,NA,NA
"1108",2024-02-16 04:00:00,"historie",35.41,21.1808251557035,NA,NA,NA
"1109",2024-02-16 05:00:00,"historie",37.33,8.25093203622317,NA,NA,NA
"1110",2024-02-16 06:00:00,"historie",40.41,4.12694476828816,NA,NA,NA
"1111",2024-02-16 07:00:00,"historie",32.28,4.11618521851157,NA,NA,NA
"1112",2024-02-16 08:00:00,"historie",30.5,6.525299163918,NA,NA,NA
"1113",2024-02-16 09:00:00,"historie",23.68,6.7167592919457,NA,NA,NA
"1114",2024-02-16 10:00:00,"historie",22.1,3.67288418911208,NA,NA,NA
"1115",2024-02-16 11:00:00,"historie",25.92,4.30422249332413,NA,NA,NA
"1116",2024-02-16 12:00:00,"historie",33.33,5.35824036138755,NA,NA,NA
"1117",2024-02-16 13:00:00,"historie",34.87,5.96117295203243,NA,NA,NA
"1118",2024-02-16 14:00:00,"historie",32.3,4.7730092064136,NA,NA,NA
"1119",2024-02-16 15:00:00,"historie",31.69,6.64567642306691,NA,NA,NA
"1120",2024-02-16 16:00:00,"historie",32.33,6.41449690608315,NA,NA,NA
"1121",2024-02-16 17:00:00,"historie",35.45,12.3255139350546,NA,NA,NA
"1122",2024-02-16 18:00:00,"historie",37.8,12.2958097605755,NA,NA,NA
"1123",2024-02-16 19:00:00,"historie",46.38,16.9854576516549,NA,NA,NA
"1124",2024-02-16 20:00:00,"historie",40.13,11.3806494578657,NA,NA,NA
"1125",2024-02-16 21:00:00,"historie",42.03,11.7748890698532,NA,NA,NA
"1126",2024-02-16 22:00:00,"historie",36.45,11.2776237351836,NA,NA,NA
"1127",2024-02-16 23:00:00,"historie",37.47,17.6612310834518,NA,NA,NA
"1128",2024-02-17,"historie",42.97,21.6130735032071,NA,NA,NA
"1129",2024-02-17 01:00:00,"historie",48.74,12.1203450506318,NA,NA,NA
"1130",2024-02-17 02:00:00,"historie",44.58,13.4688114751096,NA,NA,NA
"1131",2024-02-17 03:00:00,"historie",46.92,18.2051687476601,NA,NA,NA
"1132",2024-02-17 04:00:00,"historie",44.45,23.0912799580716,NA,NA,NA
"1133",2024-02-17 05:00:00,"historie",41.54,24.0371170069315,NA,NA,NA
"1134",2024-02-17 06:00:00,"historie",40.64,23.7729258753745,NA,NA,NA
"1135",2024-02-17 07:00:00,"historie",39.74,24.7749826575855,NA,NA,NA
"1136",2024-02-17 08:00:00,"historie",33.12,29.0589443777357,NA,NA,NA
"1137",2024-02-17 09:00:00,"historie",11.38,33.128890940604,NA,NA,NA
"1138",2024-02-17 10:00:00,"historie",7.18,28.9149254061512,NA,NA,NA
"1139",2024-02-17 11:00:00,"historie",3.28,17.3354025810495,NA,NA,NA
"1140",2024-02-17 12:00:00,"historie",2.98,11.9749881472579,NA,NA,NA
"1141",2024-02-17 13:00:00,"historie",2.68,10.9270200575197,NA,NA,NA
"1142",2024-02-17 14:00:00,"historie",3.92,12.7997005475184,NA,NA,NA
"1143",2024-02-17 15:00:00,"historie",5.97,10.107362979285,NA,NA,NA
"1144",2024-02-17 16:00:00,"historie",8.35,6.27036008112999,NA,NA,NA
"1145",2024-02-17 17:00:00,"historie",8.39,6.07711392118004,NA,NA,NA
"1146",2024-02-17 18:00:00,"historie",9.22,7.13193776391223,NA,NA,NA
"1147",2024-02-17 19:00:00,"historie",10.85,8.23378056629189,NA,NA,NA
"1148",2024-02-17 20:00:00,"historie",10.21,7.860131894872,NA,NA,NA
"1149",2024-02-17 21:00:00,"historie",11.31,8.5616190590732,NA,NA,NA
"1150",2024-02-17 22:00:00,"historie",15.57,8.27299583996741,NA,NA,NA
"1151",2024-02-17 23:00:00,"historie",15.61,7.60712980998249,NA,NA,NA
"1152",2024-02-18,"historie",16.85,8.1205857867768,NA,NA,NA
"1153",2024-02-18 01:00:00,"historie",8.97,16.7051764978532,NA,NA,NA
"1154",2024-02-18 02:00:00,"historie",9.68,22.1625355116579,NA,NA,NA
"1155",2024-02-18 03:00:00,"historie",8.79,22.4618704894479,NA,NA,NA
"1156",2024-02-18 04:00:00,"historie",9.25,26.7859484217743,NA,NA,NA
"1157",2024-02-18 05:00:00,"historie",9.82,29.0669551871496,NA,NA,NA
"1158",2024-02-18 06:00:00,"historie",11.62,28.6997398041321,NA,NA,NA
"1159",2024-02-18 07:00:00,"historie",13.56,26.7836677065312,NA,NA,NA
"1160",2024-02-18 08:00:00,"historie",16.3,27.8223968601326,NA,NA,NA
"1161",2024-02-18 09:00:00,"historie",15,30.2280177564695,NA,NA,NA
"1162",2024-02-18 10:00:00,"historie",13.93,34.4774364571036,NA,NA,NA
"1163",2024-02-18 11:00:00,"historie",18.5,26.9115253113622,NA,NA,NA
"1164",2024-02-18 12:00:00,"historie",11.8,26.5319647056151,NA,NA,NA
"1165",2024-02-18 13:00:00,"historie",11,19.1778853981011,NA,NA,NA
"1166",2024-02-18 14:00:00,"historie",9.38,15.2754790632711,NA,NA,NA
"1167",2024-02-18 15:00:00,"historie",13.74,16.4230638328677,NA,NA,NA
"1168",2024-02-18 16:00:00,"historie",13.68,19.0178630205521,NA,NA,NA
"1169",2024-02-18 17:00:00,"historie",16.45,21.7326240057354,NA,NA,NA
"1170",2024-02-18 18:00:00,"historie",18.95,25.0308303592563,NA,NA,NA
"1171",2024-02-18 19:00:00,"historie",15.97,30.240135582215,NA,NA,NA
"1172",2024-02-18 20:00:00,"historie",23.9,34.0792993020476,NA,NA,NA
"1173",2024-02-18 21:00:00,"historie",28.21,40.1445552864685,NA,NA,NA
"1174",2024-02-18 22:00:00,"historie",17.6,33.3122067231812,NA,NA,NA
"1175",2024-02-18 23:00:00,"historie",6.97,30.8721688021639,NA,NA,NA
"1176",2024-02-19,"historie",8.72,31.2963560949253,NA,NA,NA
"1177",2024-02-19 01:00:00,"historie",9.38,34.5809747176302,NA,NA,NA
"1178",2024-02-19 02:00:00,"historie",6.55,36.0205802782167,NA,NA,NA
"1179",2024-02-19 03:00:00,"historie",9.54,34.9281852883822,NA,NA,NA
"1180",2024-02-19 04:00:00,"historie",2.18,36.6091028681184,NA,NA,NA
"1181",2024-02-19 05:00:00,"historie",2.64,33.0409157828165,NA,NA,NA
"1182",2024-02-19 06:00:00,"historie",0.85,34.6472297882106,NA,NA,NA
"1183",2024-02-19 07:00:00,"historie",0.39,37.2062285168516,NA,NA,NA
"1184",2024-02-19 08:00:00,"historie",0.48,30.530815772902,NA,NA,NA
"1185",2024-02-19 09:00:00,"historie",0.41,29.0211352064404,NA,NA,NA
"1186",2024-02-19 10:00:00,"historie",0.98,23.1690918275723,NA,NA,NA
"1187",2024-02-19 11:00:00,"historie",1.26,21.7368557352437,NA,NA,NA
"1188",2024-02-19 12:00:00,"historie",0.5,24.9680445067222,NA,NA,NA
"1189",2024-02-19 13:00:00,"historie",0.85,31.164864057475,NA,NA,NA
"1190",2024-02-19 14:00:00,"historie",0.64,32.463414706448,NA,NA,NA
"1191",2024-02-19 15:00:00,"historie",0.9,30.3635265841195,NA,NA,NA
"1192",2024-02-19 16:00:00,"historie",1.32,29.8639272360242,NA,NA,NA
"1193",2024-02-19 17:00:00,"historie",3.41,30.4020912042671,NA,NA,NA
"1194",2024-02-19 18:00:00,"historie",6.77,32.9984500031784,NA,NA,NA
"1195",2024-02-19 19:00:00,"historie",9.54,34.9628634598671,NA,NA,NA
"1196",2024-02-19 20:00:00,"historie",4.32,41.969405222843,NA,NA,NA
"1197",2024-02-19 21:00:00,"historie",3.63,37.0120054656947,NA,NA,NA
"1198",2024-02-19 22:00:00,"historie",4.03,38.6093890219279,NA,NA,NA
"1199",2024-02-19 23:00:00,"historie",3.54,34.0769916116821,NA,NA,NA
"1200",2024-02-20,"historie",3.1,34.9277365368368,NA,NA,NA
"1201",2024-02-20 01:00:00,"historie",2.79,39.4521695123457,NA,NA,NA
"1202",2024-02-20 02:00:00,"historie",3.52,44.1745340518826,NA,NA,NA
"1203",2024-02-20 03:00:00,"historie",4.28,40.9010760360009,NA,NA,NA
"1204",2024-02-20 04:00:00,"historie",3.95,42.8498676386154,NA,NA,NA
"1205",2024-02-20 05:00:00,"historie",2.69,40.9016492787405,NA,NA,NA
"1206",2024-02-20 06:00:00,"historie",2.08,38.5506901832971,NA,NA,NA
"1207",2024-02-20 07:00:00,"historie",3.44,37.8178421257244,NA,NA,NA
"1208",2024-02-20 08:00:00,"historie",2.44,37.07561684584,NA,NA,NA
"1209",2024-02-20 09:00:00,"historie",1.51,31.5398292763235,NA,NA,NA
"1210",2024-02-20 10:00:00,"historie",1.48,12.2136783533822,NA,NA,NA
"1211",2024-02-20 11:00:00,"historie",1.97,8.04405518233239,NA,NA,NA
"1212",2024-02-20 12:00:00,"historie",3,3.96978711524062,NA,NA,NA
"1213",2024-02-20 13:00:00,"historie",4.1,3.58835525016563,NA,NA,NA
"1214",2024-02-20 14:00:00,"historie",5.26,3.21842762606673,NA,NA,NA
"1215",2024-02-20 15:00:00,"historie",6.87,4.44763428008971,NA,NA,NA
"1216",2024-02-20 16:00:00,"historie",7.74,6.39920379035424,NA,NA,NA
"1217",2024-02-20 17:00:00,"historie",8.95,8.57409291296985,NA,NA,NA
"1218",2024-02-20 18:00:00,"historie",14.18,8.59487386288131,NA,NA,NA
"1219",2024-02-20 19:00:00,"historie",11.57,9.3301415705876,NA,NA,NA
"1220",2024-02-20 20:00:00,"historie",10.74,10.7717246748381,NA,NA,NA
"1221",2024-02-20 21:00:00,"historie",10.7,10.212811706595,NA,NA,NA
"1222",2024-02-20 22:00:00,"historie",15.45,11.183735326916,NA,NA,NA
"1223",2024-02-20 23:00:00,"historie",13.97,14.8609211043224,NA,NA,NA
"1224",2024-02-21,"historie",9.72,14.9412768546668,NA,NA,NA
"1225",2024-02-21 01:00:00,"historie",9.21,16.033087572655,NA,NA,NA
"1226",2024-02-21 02:00:00,"historie",11.62,9.19461704082233,NA,NA,NA
"1227",2024-02-21 03:00:00,"historie",9.88,9.81660004446798,NA,NA,NA
"1228",2024-02-21 04:00:00,"historie",12.79,9.00061907526547,NA,NA,NA
"1229",2024-02-21 05:00:00,"historie",11.36,9.39983346452716,NA,NA,NA
"1230",2024-02-21 06:00:00,"historie",12.77,9.89952100156976,NA,NA,NA
"1231",2024-02-21 07:00:00,"historie",13.6,11.485518609808,NA,NA,NA
"1232",2024-02-21 08:00:00,"historie",11.42,13.1797742862445,NA,NA,NA
"1233",2024-02-21 09:00:00,"historie",10.12,15.54325428125,NA,NA,NA
"1234",2024-02-21 10:00:00,"historie",10.18,14.4810775984061,NA,NA,NA
"1235",2024-02-21 11:00:00,"historie",7.62,13.5875790362358,NA,NA,NA
"1236",2024-02-21 12:00:00,"historie",7.95,17.4941802662248,NA,NA,NA
"1237",2024-02-21 13:00:00,"historie",7.32,11.7784184674843,NA,NA,NA
"1238",2024-02-21 14:00:00,"historie",5.13,11.0606847173387,NA,NA,NA
"1239",2024-02-21 15:00:00,"historie",4.31,9.593291333854,NA,NA,NA
"1240",2024-02-21 16:00:00,"historie",4.08,13.4288489689234,NA,NA,NA
"1241",2024-02-21 17:00:00,"historie",4.8,13.3898821680387,NA,NA,NA
"1242",2024-02-21 18:00:00,"historie",5.18,15.7810988239228,NA,NA,NA
"1243",2024-02-21 19:00:00,"historie",7.53,17.9277198274618,NA,NA,NA
"1244",2024-02-21 20:00:00,"historie",11.15,15.4487834710335,NA,NA,NA
"1245",2024-02-21 21:00:00,"historie",8.22,22.1150691499941,NA,NA,NA
"1246",2024-02-21 22:00:00,"historie",7.55,25.7225330108188,NA,NA,NA
"1247",2024-02-21 23:00:00,"historie",5.85,17.0113916687198,NA,NA,NA
"1248",2024-02-22,"historie",5,7.48791164166123,NA,NA,NA
"1249",2024-02-22 01:00:00,"historie",4.18,9.07599754350527,NA,NA,NA
"1250",2024-02-22 02:00:00,"historie",3.64,9.64548390523712,NA,NA,NA
"1251",2024-02-22 03:00:00,"historie",2.6,6.9953871051998,NA,NA,NA
"1252",2024-02-22 04:00:00,"historie",2.77,9.71346172030285,NA,NA,NA
"1253",2024-02-22 05:00:00,"historie",2.41,2.61932574073865,NA,NA,NA
"1254",2024-02-22 06:00:00,"historie",2.62,3.06536727846271,NA,NA,NA
"1255",2024-02-22 07:00:00,"historie",2.22,1.11155681791907,NA,NA,NA
"1256",2024-02-22 08:00:00,"historie",4,0.547798395281383,NA,NA,NA
"1257",2024-02-22 09:00:00,"historie",7.97,0.645139431084,NA,NA,NA
"1258",2024-02-22 10:00:00,"historie",3.82,0.551822978216958,NA,NA,NA
"1259",2024-02-22 11:00:00,"historie",5.1,1.17643861736599,NA,NA,NA
"1260",2024-02-22 12:00:00,"historie",10.74,1.45953253718532,NA,NA,NA
"1261",2024-02-22 13:00:00,"historie",4.72,0.640280110963458,NA,NA,NA
"1262",2024-02-22 14:00:00,"historie",3.64,1.01394894055231,NA,NA,NA
"1263",2024-02-22 15:00:00,"historie",3.38,0.784061183266524,NA,NA,NA
"1264",2024-02-22 16:00:00,"historie",2.84,1.05345227645028,NA,NA,NA
"1265",2024-02-22 17:00:00,"historie",2.52,1.47418491913948,NA,NA,NA
"1266",2024-02-22 18:00:00,"historie",3.41,3.41904494377371,NA,NA,NA
"1267",2024-02-22 19:00:00,"historie",3.44,6.32345052673126,NA,NA,NA
"1268",2024-02-22 20:00:00,"historie",4.23,8.66668325415121,NA,NA,NA
"1269",2024-02-22 21:00:00,"historie",2.88,4.34626404531439,NA,NA,NA
"1270",2024-02-22 22:00:00,"historie",3.36,3.74298787574526,NA,NA,NA
"1271",2024-02-22 23:00:00,"historie",1.51,4.11871724250946,NA,NA,NA
"1272",2024-02-23,"historie",1.36,3.68391165950687,NA,NA,NA
"1273",2024-02-23 01:00:00,"historie",1.3,3.28146106160773,NA,NA,NA
"1274",2024-02-23 02:00:00,"historie",0.79,2.99106187464524,NA,NA,NA
"1275",2024-02-23 03:00:00,"historie",0.82,3.67512582259998,NA,NA,NA
"1276",2024-02-23 04:00:00,"historie",0.82,4.3778070330497,NA,NA,NA
"1277",2024-02-23 05:00:00,"historie",0.9,4.08892119815649,NA,NA,NA
"1278",2024-02-23 06:00:00,"historie",1.03,2.91411952087076,NA,NA,NA
"1279",2024-02-23 07:00:00,"historie",1.5,2.31720438084999,NA,NA,NA
"1280",2024-02-23 08:00:00,"historie",1.97,3.60924349888106,NA,NA,NA
"1281",2024-02-23 09:00:00,"historie",2.13,2.66474413474363,NA,NA,NA
"1282",2024-02-23 10:00:00,"historie",2.69,1.73856295565735,NA,NA,NA
"1283",2024-02-23 11:00:00,"historie",4.03,1.69949792307042,NA,NA,NA
"1284",2024-02-23 12:00:00,"historie",2.69,2.18024308884125,NA,NA,NA
"1285",2024-02-23 13:00:00,"historie",3.41,3.15994384648052,NA,NA,NA
"1286",2024-02-23 14:00:00,"historie",4.38,4.17486886078276,NA,NA,NA
"1287",2024-02-23 15:00:00,"historie",3.72,5.22617808456365,NA,NA,NA
"1288",2024-02-23 16:00:00,"historie",6.32,6.65613452542044,NA,NA,NA
"1289",2024-02-23 17:00:00,"historie",9.7,7.44626134626,NA,NA,NA
"1290",2024-02-23 18:00:00,"historie",12.9,8.52534389454533,NA,NA,NA
"1291",2024-02-23 19:00:00,"historie",9.5,12.9085022917115,NA,NA,NA
"1292",2024-02-23 20:00:00,"historie",6.63,10.8799751991805,NA,NA,NA
"1293",2024-02-23 21:00:00,"historie",8.18,10.2537780171471,NA,NA,NA
"1294",2024-02-23 22:00:00,"historie",6.36,10.2746445647696,NA,NA,NA
"1295",2024-02-23 23:00:00,"historie",14.87,14.2972223048463,NA,NA,NA
"1296",2024-02-24,"historie",11.28,13.1654425256875,NA,NA,NA
"1297",2024-02-24 01:00:00,"historie",8.53,9.59459115961274,NA,NA,NA
"1298",2024-02-24 02:00:00,"historie",8.42,9.16404320219264,NA,NA,NA
"1299",2024-02-24 03:00:00,"historie",6.95,11.2754149201571,NA,NA,NA
"1300",2024-02-24 04:00:00,"historie",9.28,9.79243914122708,NA,NA,NA
"1301",2024-02-24 05:00:00,"historie",10.3,12.3266770881613,NA,NA,NA
"1302",2024-02-24 06:00:00,"historie",12.92,11.1302096518787,NA,NA,NA
"1303",2024-02-24 07:00:00,"historie",12.7,12.3687280700701,NA,NA,NA
"1304",2024-02-24 08:00:00,"historie",16.92,13.1106556424293,NA,NA,NA
"1305",2024-02-24 09:00:00,"historie",6.87,11.2583347436302,NA,NA,NA
"1306",2024-02-24 10:00:00,"historie",3.24,10.1240911531738,NA,NA,NA
"1307",2024-02-24 11:00:00,"historie",6.65,10.1767266679882,NA,NA,NA
"1308",2024-02-24 12:00:00,"historie",8.23,7.87169066506682,NA,NA,NA
"1309",2024-02-24 13:00:00,"historie",4.23,8.1555389741894,NA,NA,NA
"1310",2024-02-24 14:00:00,"historie",4.22,7.56782788828496,NA,NA,NA
"1311",2024-02-24 15:00:00,"historie",7.05,5.51064589428333,NA,NA,NA
"1312",2024-02-24 16:00:00,"historie",8.22,4.70130648989155,NA,NA,NA
"1313",2024-02-24 17:00:00,"historie",9.55,4.4550852808946,NA,NA,NA
"1314",2024-02-24 18:00:00,"historie",13.12,5.12025556195141,NA,NA,NA
"1315",2024-02-24 19:00:00,"historie",14.62,5.46100783337821,NA,NA,NA
"1316",2024-02-24 20:00:00,"historie",21.08,7.59243873888745,NA,NA,NA
"1317",2024-02-24 21:00:00,"historie",14.95,10.7627156072512,NA,NA,NA
"1318",2024-02-24 22:00:00,"historie",21.65,8.24378766458087,NA,NA,NA
"1319",2024-02-24 23:00:00,"historie",19.32,7.65252550861841,NA,NA,NA
"1320",2024-02-25,"historie",21.8,6.10464041399761,NA,NA,NA
"1321",2024-02-25 01:00:00,"historie",18.5,5.30218284252621,NA,NA,NA
"1322",2024-02-25 02:00:00,"historie",13.49,4.51142019293295,NA,NA,NA
"1323",2024-02-25 03:00:00,"historie",16.44,3.97599105127346,NA,NA,NA
"1324",2024-02-25 04:00:00,"historie",14.69,2.93782021504296,NA,NA,NA
"1325",2024-02-25 05:00:00,"historie",14.74,3.08816355628489,NA,NA,NA
"1326",2024-02-25 06:00:00,"historie",16.59,2.71589955133319,NA,NA,NA
"1327",2024-02-25 07:00:00,"historie",22.28,2.90888414516154,NA,NA,NA
"1328",2024-02-25 08:00:00,"historie",26.3,2.50110661737682,NA,NA,NA
"1329",2024-02-25 09:00:00,"historie",18.79,4.19512927355957,NA,NA,NA
"1330",2024-02-25 10:00:00,"historie",15.57,7.73148223532562,NA,NA,NA
"1331",2024-02-25 11:00:00,"historie",20.49,4.04889906139264,NA,NA,NA
"1332",2024-02-25 12:00:00,"historie",18.52,5.22676213971843,NA,NA,NA
"1333",2024-02-25 13:00:00,"historie",9,10.1299387088164,NA,NA,NA
"1334",2024-02-25 14:00:00,"historie",11.44,4.91970707627536,NA,NA,NA
"1335",2024-02-25 15:00:00,"historie",12.59,3.90655884646741,NA,NA,NA
"1336",2024-02-25 16:00:00,"historie",13.25,3.65035034328939,NA,NA,NA
"1337",2024-02-25 17:00:00,"historie",13.21,3.12071315883824,NA,NA,NA
"1338",2024-02-25 18:00:00,"historie",13.95,2.7972745415514,NA,NA,NA
"1339",2024-02-25 19:00:00,"historie",13.97,3.64345296031726,NA,NA,NA
"1340",2024-02-25 20:00:00,"historie",23.5,3.66760072300494,NA,NA,NA
"1341",2024-02-25 21:00:00,"historie",26.95,4.40123422677733,NA,NA,NA
"1342",2024-02-25 22:00:00,"historie",27.7,3.13220890287727,NA,NA,NA
"1343",2024-02-25 23:00:00,"historie",26.46,3.5828825834136,NA,NA,NA
"1344",2024-02-26,"historie",26.12,1.76147436116805,NA,NA,NA
"1345",2024-02-26 01:00:00,"historie",25.54,1.59471599462254,NA,NA,NA
"1346",2024-02-26 02:00:00,"historie",25.31,1.52202669772666,NA,NA,NA
"1347",2024-02-26 03:00:00,"historie",26.21,0.97261923879314,NA,NA,NA
"1348",2024-02-26 04:00:00,"historie",28.18,0.996172441549833,NA,NA,NA
"1349",2024-02-26 05:00:00,"historie",48.95,0.988510075727493,NA,NA,NA
"1350",2024-02-26 06:00:00,"historie",35.1,1.06631747504779,NA,NA,NA
"1351",2024-02-26 07:00:00,"historie",33.97,1.19553322970576,NA,NA,NA
"1352",2024-02-26 08:00:00,"historie",40.02,1.66246073748316,NA,NA,NA
"1353",2024-02-26 09:00:00,"historie",39.89,2.11619554618288,NA,NA,NA
"1354",2024-02-26 10:00:00,"historie",38.02,2.27180194144363,NA,NA,NA
"1355",2024-02-26 11:00:00,"historie",37.28,2.80000848452734,NA,NA,NA
"1356",2024-02-26 12:00:00,"historie",28.73,4.02128120190197,NA,NA,NA
"1357",2024-02-26 13:00:00,"historie",22.97,2.82729043131333,NA,NA,NA
"1358",2024-02-26 14:00:00,"historie",18.49,3.49724717932393,NA,NA,NA
"1359",2024-02-26 15:00:00,"historie",20.67,4.38320512567395,NA,NA,NA
"1360",2024-02-26 16:00:00,"historie",19.35,3.81214626351984,NA,NA,NA
"1361",2024-02-26 17:00:00,"historie",24.05,6.11955614398652,NA,NA,NA
"1362",2024-02-26 18:00:00,"historie",35.08,9.00916595480131,NA,NA,NA
"1363",2024-02-26 19:00:00,"historie",59.08,11.707980534732,NA,NA,NA
"1364",2024-02-26 20:00:00,"historie",30.25,9.01804298134988,NA,NA,NA
"1365",2024-02-26 21:00:00,"historie",32.32,6.59943468068076,NA,NA,NA
"1366",2024-02-26 22:00:00,"historie",40.25,7.97601505698436,NA,NA,NA
"1367",2024-02-26 23:00:00,"historie",34.44,6.40861872898107,NA,NA,NA
"1368",2024-02-27,"historie",35.59,13.6350688262138,NA,NA,NA
"1369",2024-02-27 01:00:00,"historie",37.49,10.7581846016082,NA,NA,NA
"1370",2024-02-27 02:00:00,"historie",34.25,8.43902681922495,NA,NA,NA
"1371",2024-02-27 03:00:00,"historie",28.89,8.36147877034412,NA,NA,NA
"1372",2024-02-27 04:00:00,"historie",32.6,7.06680634687654,NA,NA,NA
"1373",2024-02-27 05:00:00,"historie",33.79,9.13392243281575,NA,NA,NA
"1374",2024-02-27 06:00:00,"historie",44.13,10.0423836423589,NA,NA,NA
"1375",2024-02-27 07:00:00,"historie",44.41,12.3123504365274,NA,NA,NA
"1376",2024-02-27 08:00:00,"historie",52.85,12.1770213656172,NA,NA,NA
"1377",2024-02-27 09:00:00,"historie",51.33,15.7598145663915,NA,NA,NA
"1378",2024-02-27 10:00:00,"historie",28.58,7.1242818506491,NA,NA,NA
"1379",2024-02-27 11:00:00,"historie",21.71,3.65086724658206,NA,NA,NA
"1380",2024-02-27 12:00:00,"historie",18.7,6.85550026436534,NA,NA,NA
"1381",2024-02-27 13:00:00,"historie",16.74,8.27192578631223,NA,NA,NA
"1382",2024-02-27 14:00:00,"historie",15.51,4.58711141087584,NA,NA,NA
"1383",2024-02-27 15:00:00,"historie",16.67,4.55699115484758,NA,NA,NA
"1384",2024-02-27 16:00:00,"historie",16.75,7.1544847727578,NA,NA,NA
"1385",2024-02-27 17:00:00,"historie",21.56,8.20080884661147,NA,NA,NA
"1386",2024-02-27 18:00:00,"historie",20.82,9.38072937139934,NA,NA,NA
"1387",2024-02-27 19:00:00,"historie",18.21,12.4615464288639,NA,NA,NA
"1388",2024-02-27 20:00:00,"historie",15.1,13.7782076211565,NA,NA,NA
"1389",2024-02-27 21:00:00,"historie",13.92,19.1492435392602,NA,NA,NA
"1390",2024-02-27 22:00:00,"historie",9.05,14.2171061870952,NA,NA,NA
"1391",2024-02-27 23:00:00,"historie",10.69,19.8107368422532,NA,NA,NA
"1392",2024-02-28,"historie",9,18.0121015416068,NA,NA,NA
"1393",2024-02-28 01:00:00,"historie",5.67,20.1326805829915,NA,NA,NA
"1394",2024-02-28 02:00:00,"historie",5.92,17.4860367951984,NA,NA,NA
"1395",2024-02-28 03:00:00,"historie",6.64,13.2523770372574,NA,NA,NA
"1396",2024-02-28 04:00:00,"historie",7.38,15.7941109124736,NA,NA,NA
"1397",2024-02-28 05:00:00,"historie",8.82,14.3163785942612,NA,NA,NA
"1398",2024-02-28 06:00:00,"historie",9.55,14.367176284755,NA,NA,NA
"1399",2024-02-28 07:00:00,"historie",9.55,15.9629262391024,NA,NA,NA
"1400",2024-02-28 08:00:00,"historie",8.32,20.7603389694662,NA,NA,NA
"1401",2024-02-28 09:00:00,"historie",8.57,24.1302022167359,NA,NA,NA
"1402",2024-02-28 10:00:00,"historie",6.44,17.9840892483759,NA,NA,NA
"1403",2024-02-28 11:00:00,"historie",5.67,15.2404567801313,NA,NA,NA
"1404",2024-02-28 12:00:00,"historie",5.48,19.4339954921541,NA,NA,NA
"1405",2024-02-28 13:00:00,"historie",5.27,17.7979804212234,NA,NA,NA
"1406",2024-02-28 14:00:00,"historie",5.95,9.39301399322854,NA,NA,NA
"1407",2024-02-28 15:00:00,"historie",5.5,11.5643897235026,NA,NA,NA
"1408",2024-02-28 16:00:00,"historie",6.03,12.559657164752,NA,NA,NA
"1409",2024-02-28 17:00:00,"historie",13.9,13.1237716601072,NA,NA,NA
"1410",2024-02-28 18:00:00,"historie",17.49,13.0778811166158,NA,NA,NA
"1411",2024-02-28 19:00:00,"historie",20.6,13.7152033911649,NA,NA,NA
"1412",2024-02-28 20:00:00,"historie",28.51,13.7292001585504,NA,NA,NA
"1413",2024-02-28 21:00:00,"historie",30.03,21.7684440158531,NA,NA,NA
"1414",2024-02-28 22:00:00,"historie",30.56,24.6704768855601,NA,NA,NA
"1415",2024-02-28 23:00:00,"historie",27.79,25.3859719047931,NA,NA,NA
"1416",2024-02-29,"historie",49.74,24.4717273876048,NA,NA,NA
"1417",2024-02-29 01:00:00,"historie",NA,24.2678773485105,NA,NA,NA
"1418",2024-02-29 02:00:00,"historie",NA,23.8519143944736,NA,NA,NA
"1419",2024-02-29 03:00:00,"historie",35.13,23.7117915792701,NA,NA,NA
"1420",2024-02-29 04:00:00,"historie",36.33,24.5019120541372,NA,NA,NA
"1421",2024-02-29 05:00:00,"historie",40.62,26.1760093014626,NA,NA,NA
"1422",2024-02-29 06:00:00,"historie",40.92,42.8025348207042,NA,NA,NA
"1423",2024-02-29 07:00:00,"historie",54.12,32.0624122592557,NA,NA,NA
"1424",2024-02-29 08:00:00,"historie",75.11,31.2320243453575,NA,NA,NA
"1425",2024-02-29 09:00:00,"historie",72.05,36.1963231526197,NA,NA,NA
"1426",2024-02-29 10:00:00,"historie",50.79,36.2054136501535,NA,NA,NA
"1427",2024-02-29 11:00:00,"historie",46.38,34.7910382900516,NA,NA,NA
"1428",2024-02-29 12:00:00,"historie",47.16,34.2593599997655,NA,NA,NA
"1429",2024-02-29 13:00:00,"historie",49.3,27.2375807835042,NA,NA,NA
"1430",2024-02-29 14:00:00,"historie",52.38,22.3245673338986,NA,NA,NA
"1431",2024-02-29 15:00:00,"historie",46.89,18.3787624234186,NA,NA,NA
"1432",2024-02-29 16:00:00,"historie",47.29,20.2173297796435,NA,NA,NA
"1433",2024-02-29 17:00:00,"historie",53.85,19.0259876522116,NA,NA,NA
"1434",2024-02-29 18:00:00,"historie",55.44,23.0154007241893,NA,NA,NA
"1435",2024-02-29 19:00:00,"historie",52.95,32.148141048371,NA,NA,NA
"1436",2024-02-29 20:00:00,"historie",55.36,51.1566546255261,NA,NA,NA
"1437",2024-02-29 21:00:00,"historie",52.9,28.4258644855883,NA,NA,NA
"1438",2024-02-29 22:00:00,"historie",52.18,30.150728719843,NA,NA,NA
"1439",2024-02-29 23:00:00,"historie",47.34,36.6513501640638,NA,NA,NA
"1440",2024-03-01,"historie",49.23,31.9911111833055,NA,NA,NA
"1441",2024-03-01 01:00:00,"historie",46.73,32.9626582077513,NA,NA,NA
"1442",2024-03-01 02:00:00,"historie",53.16,34.5507381072197,NA,NA,NA
"1443",2024-03-01 03:00:00,"historie",49.27,31.9282883643723,NA,NA,NA
"1444",2024-03-01 04:00:00,"historie",49.59,27.4666339324452,NA,NA,NA
"1445",2024-03-01 05:00:00,"historie",63.87,30.5438227160578,NA,NA,NA
"1446",2024-03-01 06:00:00,"historie",70.69,31.5328644701798,NA,NA,NA
"1447",2024-03-01 07:00:00,"historie",85.12,39.9681486173393,NA,NA,NA
"1448",2024-03-01 08:00:00,"historie",83,40.2846190532265,NA,NA,NA
"1449",2024-03-01 09:00:00,"historie",75.38,47.1006777307261,NA,NA,NA
"1450",2024-03-01 10:00:00,"historie",78.67,46.0393926058814,NA,NA,NA
"1451",2024-03-02 01:00:00,"historie",58.23,27.4612509259272,NA,NA,NA
"1452",2024-03-02 02:00:00,"historie",59.42,21.4733813307446,NA,NA,NA
"1453",2024-03-02 03:00:00,"historie",61.6,18.7372173461945,NA,NA,NA
"1454",2024-03-02 04:00:00,"historie",64.33,16.9072818890445,NA,NA,NA
"1455",2024-03-02 05:00:00,"historie",61.46,15.7245380059162,NA,NA,NA
"1456",2024-03-02 06:00:00,"historie",64.77,16.6822685109849,NA,NA,NA
"1457",2024-03-02 07:00:00,"historie",65.35,16.6913872491951,NA,NA,NA
"1458",2024-03-02 08:00:00,"historie",60.49,20.8117082506961,NA,NA,NA
"1459",2024-03-02 09:00:00,"historie",53.33,20.1582100896063,NA,NA,NA
"1460",2024-03-02 10:00:00,"historie",36.23,17.8814565710332,NA,NA,NA
"1461",2024-03-02 11:00:00,"historie",28.9,15.1161104678727,NA,NA,NA
"1462",2024-03-02 12:00:00,"historie",33.11,14.0202990859851,NA,NA,NA
"1463",2024-03-02 13:00:00,"historie",35.2,9.53915653451231,NA,NA,NA
"1464",2024-03-02 14:00:00,"historie",31,10.9895119452045,NA,NA,NA
"1465",2024-03-02 15:00:00,"historie",19.03,9.39538986380071,NA,NA,NA
"1466",2024-03-02 16:00:00,"historie",24.79,6.20670730878286,NA,NA,NA
"1467",2024-03-02 17:00:00,"historie",28,6.39895005521958,NA,NA,NA
"1468",2024-03-02 18:00:00,"historie",34.41,7.0386879336019,NA,NA,NA
"1469",2024-03-02 19:00:00,"historie",40.05,7.69275670026044,NA,NA,NA
"1470",2024-03-02 20:00:00,"historie",44.79,8.97889202158964,NA,NA,NA
"1471",2024-03-02 21:00:00,"historie",42.4,9.61845769043925,NA,NA,NA
"1472",2024-03-02 22:00:00,"historie",51.03,9.60979737029846,NA,NA,NA
"1473",2024-03-02 23:00:00,"historie",38.08,8.49720648192639,NA,NA,NA
"1474",2024-03-03,"historie",33.26,8.70818510598089,NA,NA,NA
"1475",2024-03-03 01:00:00,"historie",21.18,6.75047254064836,NA,NA,NA
"1476",2024-03-03 02:00:00,"historie",16.89,6.01008200612004,NA,NA,NA
"1477",2024-03-03 03:00:00,"historie",15.22,5.8089639359507,NA,NA,NA
"1478",2024-03-03 04:00:00,"historie",15.64,5.59097828457037,NA,NA,NA
"1479",2024-03-03 05:00:00,"historie",16.82,6.2047178945137,NA,NA,NA
"1480",2024-03-03 06:00:00,"historie",18.54,5.77451560460135,NA,NA,NA
"1481",2024-03-03 07:00:00,"historie",19.62,6.24996339207602,NA,NA,NA
"1482",2024-03-03 08:00:00,"historie",19.7,13.0868193916628,NA,NA,NA
"1483",2024-03-03 09:00:00,"historie",21,16.1229381886996,NA,NA,NA
"1484",2024-03-03 10:00:00,"historie",20,18.7537171951215,NA,NA,NA
"1485",2024-03-03 11:00:00,"historie",15.47,25.1796644503922,NA,NA,NA
"1486",2024-03-03 12:00:00,"historie",15.25,26.5815590024727,NA,NA,NA
"1487",2024-03-03 13:00:00,"historie",31.71,27.2006155647876,NA,NA,NA
"1488",2024-03-03 14:00:00,"historie",20.65,25.1713023908055,NA,NA,NA
"1489",2024-03-03 15:00:00,"historie",15.03,42.3636870429585,NA,NA,NA
"1490",2024-03-03 16:00:00,"historie",12.75,31.4212841620542,NA,NA,NA
"1491",2024-03-03 17:00:00,"historie",20.87,32.5396746952001,NA,NA,NA
"1492",2024-03-03 18:00:00,"historie",23.35,36.0976803031926,NA,NA,NA
"1493",2024-03-03 19:00:00,"historie",26.9,36.51751732424,NA,NA,NA
"1494",2024-03-03 20:00:00,"historie",23.95,47.0007236028045,NA,NA,NA
"1495",2024-03-03 21:00:00,"historie",29.31,63.2294645846613,NA,NA,NA
"1496",2024-03-03 22:00:00,"historie",26.6,61.4111757665992,NA,NA,NA
"1497",2024-03-03 23:00:00,"historie",25.45,45.3313079621941,NA,NA,NA
"1498",2024-03-04,"historie",29.55,41.9509289914963,NA,NA,NA
"1499",2024-03-04 01:00:00,"historie",27.51,42.6605611686146,NA,NA,NA
"1500",2024-03-04 02:00:00,"historie",31.62,44.4554407763863,NA,NA,NA
"1501",2024-03-04 03:00:00,"historie",30.63,47.0016519745424,NA,NA,NA
"1502",2024-03-04 04:00:00,"historie",22.68,42.6991850253729,NA,NA,NA
"1503",2024-03-04 05:00:00,"historie",29.08,43.0682841582115,NA,NA,NA
"1504",2024-03-04 06:00:00,"historie",46.31,48.3744773609947,NA,NA,NA
"1505",2024-03-04 07:00:00,"historie",41.85,49.730525132703,NA,NA,NA
"1506",2024-03-04 08:00:00,"historie",41.8,47.8325269527409,NA,NA,NA
"1507",2024-03-04 09:00:00,"historie",37.74,49.8208195637055,NA,NA,NA
"1508",2024-03-04 11:00:00,"historie",21.9,47.9215785068902,NA,NA,NA
"1509",2024-03-04 12:00:00,"historie",17.1,47.3862779678547,NA,NA,NA
"1510",2024-03-04 13:00:00,"historie",11.29,43.4982628315448,NA,NA,NA
"1511",2024-03-04 14:00:00,"historie",9.05,45.0295247009826,NA,NA,NA
"1512",2024-03-04 15:00:00,"historie",13,43.0041794524794,NA,NA,NA
"1513",2024-03-04 16:00:00,"historie",8.78,48.2011231494715,NA,NA,NA
"1514",2024-03-04 17:00:00,"historie",14.49,45.0946831973748,NA,NA,NA
"1515",2024-03-04 18:00:00,"historie",29.44,45.3587535494012,NA,NA,NA
"1516",2024-03-04 19:00:00,"historie",28.13,56.7761949862095,NA,NA,NA
"1517",2024-03-04 20:00:00,"historie",36.15,62.2446514817205,NA,NA,NA
"1518",2024-03-04 21:00:00,"historie",39.95,73.573499555341,NA,NA,NA
"1519",2024-03-04 22:00:00,"historie",39.4,72.2043697222453,NA,NA,NA
"1520",2024-03-04 23:00:00,"historie",51.36,66.490762139042,NA,NA,NA
"1521",2024-03-05,"historie",46.38,69.1865465316417,NA,NA,NA
"1522",2024-03-05 01:00:00,"historie",43.92,53.0901951223049,NA,NA,NA
"1523",2024-03-05 02:00:00,"historie",43.27,54.0222879470706,NA,NA,NA
"1524",2024-03-05 03:00:00,"historie",32.97,55.7582362831203,NA,NA,NA
"1525",2024-03-05 04:00:00,"historie",33.9,57.9430690910813,NA,NA,NA
"1526",2024-03-05 05:00:00,"historie",36.82,55.6622372639895,NA,NA,NA
"1527",2024-03-05 06:00:00,"historie",32.08,58.3080988694355,NA,NA,NA
"1528",2024-03-05 07:00:00,"historie",21.36,58.7899302583136,NA,NA,NA
"1529",2024-03-05 08:00:00,"historie",22.44,54.915630539906,NA,NA,NA
"1530",2024-03-05 09:00:00,"historie",24.97,49.0982624054793,NA,NA,NA
"1531",2024-03-05 10:00:00,"historie",24.98,34.8079660348144,NA,NA,NA
"1532",2024-03-05 11:00:00,"historie",25.29,28.3747727713086,NA,NA,NA
"1533",2024-03-05 12:00:00,"historie",25.45,31.8475635871376,NA,NA,NA
"1534",2024-03-05 13:00:00,"historie",29.44,33.5070051939193,NA,NA,NA
"1535",2024-03-05 14:00:00,"historie",33.52,29.8593141650416,NA,NA,NA
"1536",2024-03-05 15:00:00,"historie",33.13,19.3095489410179,NA,NA,NA
"1537",2024-03-05 16:00:00,"historie",32.62,24.2541805886209,NA,NA,NA
"1538",2024-03-05 17:00:00,"historie",36.9,26.9194718472555,NA,NA,NA
"1539",2024-03-05 18:00:00,"historie",41.49,32.242567484688,NA,NA,NA
"1540",2024-03-05 19:00:00,"historie",47.69,36.8680888638319,NA,NA,NA
"1541",2024-03-05 20:00:00,"historie",46.77,40.7394570006364,NA,NA,NA
"1542",2024-03-05 21:00:00,"historie",50.46,38.861116963663,NA,NA,NA
"1543",2024-03-05 22:00:00,"historie",53.33,45.837250900201,NA,NA,NA
"1544",2024-03-05 23:00:00,"historie",53.18,35.43340242434,NA,NA,NA
"1545",2024-03-06,"historie",46.33,31.416205602913,NA,NA,NA
"1546",2024-03-06 01:00:00,"historie",49.13,21.028243652046,NA,NA,NA
"1547",2024-03-06 02:00:00,"historie",51.62,17.1272876790941,NA,NA,NA
"1548",2024-03-06 03:00:00,"historie",49.95,15.529145958549,NA,NA,NA
"1549",2024-03-06 04:00:00,"historie",52.45,15.8177056768581,NA,NA,NA
"1550",2024-03-06 05:00:00,"historie",48.26,16.7903409411562,NA,NA,NA
"1551",2024-03-06 06:00:00,"historie",45.3,18.2368588524449,NA,NA,NA
"1552",2024-03-06 07:00:00,"historie",38.28,19.1276869465686,NA,NA,NA
"1553",2024-03-06 08:00:00,"historie",35.41,19.1626484736492,NA,NA,NA
"1554",2024-03-06 09:00:00,"historie",28.97,20.2486879485176,NA,NA,NA
"1555",2024-03-06 10:00:00,"historie",26.32,19.3744842179027,NA,NA,NA
"1556",2024-03-06 11:00:00,"historie",27.44,15.4113240354588,NA,NA,NA
"1557",2024-03-06 12:00:00,"historie",23.92,15.1726610898123,NA,NA,NA
"1558",2024-03-06 13:00:00,"historie",19.03,28.9603310182268,NA,NA,NA
"1559",2024-03-06 14:00:00,"historie",20.6,19.8606110543955,NA,NA,NA
"1560",2024-03-06 15:00:00,"historie",17.51,14.9784086538775,NA,NA,NA
"1561",2024-03-06 16:00:00,"historie",22.68,12.9094915858792,NA,NA,NA
"1562",2024-03-06 17:00:00,"historie",25.54,19.910303635645,NA,NA,NA
"1563",2024-03-06 18:00:00,"historie",22.12,22.0046799045729,NA,NA,NA
"1564",2024-03-06 19:00:00,"historie",19.89,24.9776447674185,NA,NA,NA
"1565",2024-03-06 20:00:00,"historie",23.3,22.5813167966177,NA,NA,NA
"1566",2024-03-06 21:00:00,"historie",28.51,27.0368382780605,NA,NA,NA
"1567",2024-03-06 22:00:00,"historie",25.69,24.8674748711805,NA,NA,NA
"1568",2024-03-06 23:00:00,"historie",32.54,23.9444898162585,NA,NA,NA
"1569",2024-03-07,"historie",29.55,27.3589372015179,NA,NA,NA
"1570",2024-03-07 01:00:00,"historie",28.24,25.7255406579346,NA,NA,NA
"1571",2024-03-07 02:00:00,"historie",17.23,29.1381292691337,NA,NA,NA
"1572",2024-03-07 03:00:00,"historie",13.87,28.3845366845274,NA,NA,NA
"1573",2024-03-07 04:00:00,"historie",14.55,21.7783993022291,NA,NA,NA
"1574",2024-03-07 05:00:00,"historie",16.79,27.1235991140147,NA,NA,NA
"1575",2024-03-07 06:00:00,"historie",18.38,41.0187226900214,NA,NA,NA
"1576",2024-03-07 07:00:00,"historie",19.95,37.6609241356229,NA,NA,NA
"1577",2024-03-07 08:00:00,"historie",19.92,37.7373590542935,NA,NA,NA
"1578",2024-03-07 09:00:00,"historie",17.68,34.5618342404074,NA,NA,NA
"1579",2024-03-07 10:00:00,"historie",18.03,21.3658379576644,NA,NA,NA
"1580",2024-03-07 11:00:00,"historie",16.03,17.1118216699958,NA,NA,NA
"1581",2024-03-07 12:00:00,"historie",15.1,11.7927517982697,NA,NA,NA
"1582",2024-03-07 13:00:00,"historie",17.42,9.62766612447363,NA,NA,NA
"1583",2024-03-07 14:00:00,"historie",17.18,13.1734955642705,NA,NA,NA
"1584",2024-03-07 15:00:00,"historie",17.55,9.26521854523735,NA,NA,NA
"1585",2024-03-07 16:00:00,"historie",16.87,14.3548664233485,NA,NA,NA
"1586",2024-03-07 17:00:00,"historie",16.02,26.8637369176026,NA,NA,NA
"1587",2024-03-07 18:00:00,"historie",17.28,25.8951950895251,NA,NA,NA
"1588",2024-03-07 19:00:00,"historie",20.21,32.4376603817231,NA,NA,NA
"1589",2024-03-07 20:00:00,"historie",21.95,35.5987099534727,NA,NA,NA
"1590",2024-03-07 21:00:00,"historie",23.73,35.3248657783778,NA,NA,NA
"1591",2024-03-07 22:00:00,"historie",24.13,44.8596824474686,NA,NA,NA
"1592",2024-03-07 23:00:00,"historie",26,41.2025311087995,NA,NA,NA
"1593",2024-03-08,"historie",29.31,39.4149042405192,NA,NA,NA
"1594",2024-03-08 01:00:00,"historie",36.67,39.0168346601011,NA,NA,NA
"1595",2024-03-08 02:00:00,"historie",32.53,30.7386043351214,NA,NA,NA
"1596",2024-03-08 03:00:00,"historie",31.25,31.5135180573645,NA,NA,NA
"1597",2024-03-08 04:00:00,"historie",33.61,33.9228105459911,NA,NA,NA
"1598",2024-03-08 05:00:00,"historie",32.95,30.050168705453,NA,NA,NA
"1599",2024-03-08 06:00:00,"historie",36.97,20.9485641045945,NA,NA,NA
"1600",2024-03-08 07:00:00,"historie",43.92,21.8154230632789,NA,NA,NA
"1601",2024-03-08 08:00:00,"historie",38.97,23.9246613732655,NA,NA,NA
"1602",2024-03-08 09:00:00,"historie",30.52,23.9011555455515,NA,NA,NA
"1603",2024-03-08 10:00:00,"historie",25.89,24.1356451584896,NA,NA,NA
"1604",2024-03-08 11:00:00,"historie",23.08,24.2482068629145,NA,NA,NA
"1605",2024-03-08 12:00:00,"historie",23,27.5691460964869,NA,NA,NA
"1606",2024-03-08 13:00:00,"historie",23.31,30.943901400938,NA,NA,NA
"1607",2024-03-08 14:00:00,"historie",19.03,30.6647460663139,NA,NA,NA
"1608",2024-03-08 15:00:00,"historie",15.88,30.2779905823011,NA,NA,NA
"1609",2024-03-08 16:00:00,"historie",12.47,33.8029860602976,NA,NA,NA
"1610",2024-03-08 17:00:00,"historie",11.62,37.5672596406526,NA,NA,NA
"1611",2024-03-08 18:00:00,"historie",14.82,42.6027533280352,NA,NA,NA
"1612",2024-03-08 19:00:00,"historie",12.75,42.0012054758294,NA,NA,NA
"1613",2024-03-08 20:00:00,"historie",14.21,45.0403806128298,NA,NA,NA
"1614",2024-03-08 21:00:00,"historie",14.93,47.4363333665949,NA,NA,NA
"1615",2024-03-08 22:00:00,"historie",16.79,47.4529315531688,NA,NA,NA
"1616",2024-03-08 23:00:00,"historie",17.37,42.0957116449052,NA,NA,NA
"1617",2024-03-09,"historie",14.15,44.394459820061,NA,NA,NA
"1618",2024-03-09 01:00:00,"historie",12.28,46.450364383322,NA,NA,NA
"1619",2024-03-09 02:00:00,"historie",11.69,45.1886991717738,NA,NA,NA
"1620",2024-03-09 03:00:00,"historie",13.21,47.2439809458403,NA,NA,NA
"1621",2024-03-09 04:00:00,"historie",13.21,43.9430746563623,NA,NA,NA
"1622",2024-03-09 05:00:00,"historie",13.28,41.569624172292,NA,NA,NA
"1623",2024-03-09 06:00:00,"historie",14.92,35.8062395500221,NA,NA,NA
"1624",2024-03-09 07:00:00,"historie",16.4,33.3750157286239,NA,NA,NA
"1625",2024-03-09 08:00:00,"historie",16.82,27.8874228543979,NA,NA,NA
"1626",2024-03-09 09:00:00,"historie",15.9,25.5381537897957,NA,NA,NA
"1627",2024-03-09 10:00:00,"historie",15.72,26.4122078161446,NA,NA,NA
"1628",2024-03-09 11:00:00,"historie",15.1,23.324738452546,NA,NA,NA
"1629",2024-03-09 12:00:00,"historie",15.15,18.9810971728061,NA,NA,NA
"1630",2024-03-09 13:00:00,"historie",15.25,20.2700045142526,NA,NA,NA
"1631",2024-03-09 14:00:00,"historie",18.05,17.4895370912187,NA,NA,NA
"1632",2024-03-09 15:00:00,"historie",20.6,21.9061309854478,NA,NA,NA
"1633",2024-03-09 16:00:00,"historie",24.28,24.2953967860723,NA,NA,NA
"1634",2024-03-09 17:00:00,"historie",30.54,21.3731294024389,NA,NA,NA
"1635",2024-03-09 18:00:00,"historie",37.13,19.418793193187,NA,NA,NA
"1636",2024-03-09 19:00:00,"historie",32.15,22.2932860367173,NA,NA,NA
"1637",2024-03-09 20:00:00,"historie",29.08,26.6399606662196,NA,NA,NA
"1638",2024-03-09 21:00:00,"historie",25.68,24.3092693256919,NA,NA,NA
"1639",2024-03-09 22:00:00,"historie",24.56,29.9748124000087,NA,NA,NA
"1640",2024-03-09 23:00:00,"historie",22.33,27.5659499033628,NA,NA,NA
"1641",2024-03-10,"historie",20.9,26.4997248334408,NA,NA,NA
"1642",2024-03-10 01:00:00,"historie",22.68,17.104913310184,NA,NA,NA
"1643",2024-03-10 02:00:00,"historie",26.49,14.0641192185864,NA,NA,NA
"1644",2024-03-10 03:00:00,"historie",25.87,14.6064987136763,NA,NA,NA
"1645",2024-03-10 04:00:00,"historie",24.79,16.522989367267,NA,NA,NA
"1646",2024-03-10 05:00:00,"historie",25.25,17.8645268785099,NA,NA,NA
"1647",2024-03-10 06:00:00,"historie",20.53,19.1877132995421,NA,NA,NA
"1648",2024-03-10 07:00:00,"historie",18.05,19.1532171941013,NA,NA,NA
"1649",2024-03-10 08:00:00,"historie",17.36,17.2235530464915,NA,NA,NA
"1650",2024-03-10 09:00:00,"historie",14.7,17.5034538885339,NA,NA,NA
"1651",2024-03-10 10:00:00,"historie",13.61,15.755435838897,NA,NA,NA
"1652",2024-03-10 11:00:00,"historie",12.65,14.9165184938906,NA,NA,NA
"1653",2024-03-10 12:00:00,"historie",13.87,16.898722759553,NA,NA,NA
"1654",2024-03-10 13:00:00,"historie",14.65,16.6812009743068,NA,NA,NA
"1655",2024-03-10 14:00:00,"historie",12.84,16.987801258026,NA,NA,NA
"1656",2024-03-10 15:00:00,"historie",13.35,16.3956594234091,NA,NA,NA
"1657",2024-03-10 16:00:00,"historie",12.95,15.6503552087801,NA,NA,NA
"1658",2024-03-10 17:00:00,"historie",13.41,16.7205501289092,NA,NA,NA
"1659",2024-03-10 18:00:00,"historie",16.03,19.2057985215823,NA,NA,NA
"1660",2024-03-10 19:00:00,"historie",25.2,20.683578446325,NA,NA,NA
"1661",2024-03-10 20:00:00,"historie",33.15,22.1952111670578,NA,NA,NA
"1662",2024-03-10 21:00:00,"historie",19.69,22.5673453139012,NA,NA,NA
"1663",2024-03-10 22:00:00,"historie",14.51,24.1525816669578,NA,NA,NA
"1664",2024-03-10 23:00:00,"historie",15.49,26.9152256550477,NA,NA,NA
"1665",2024-03-11,"historie",16.21,32.9180219745005,NA,NA,NA
"1666",2024-03-11 01:00:00,"historie",17.46,29.7200747660292,NA,NA,NA
"1667",2024-03-11 02:00:00,"historie",20.6,28.7564129975363,NA,NA,NA
"1668",2024-03-11 03:00:00,"historie",22.11,30.7355698620201,NA,NA,NA
"1669",2024-03-11 04:00:00,"historie",22.38,30.2693258659929,NA,NA,NA
"1670",2024-03-11 05:00:00,"historie",21.84,33.5846851821649,NA,NA,NA
"1671",2024-03-11 06:00:00,"historie",15.03,39.2245117657461,NA,NA,NA
"1672",2024-03-11 07:00:00,"historie",11.03,35.4010193854893,NA,NA,NA
"1673",2024-03-11 08:00:00,"historie",6.7,28.5647677991568,NA,NA,NA
"1674",2024-03-11 09:00:00,"historie",3.21,24.6888402461241,NA,NA,NA
"1675",2024-03-11 10:00:00,"historie",1.36,22.2713980028674,NA,NA,NA
"1676",2024-03-11 11:00:00,"historie",1.15,22.1609788249335,NA,NA,NA
"1677",2024-03-11 12:00:00,"historie",1.1,22.3878172546345,NA,NA,NA
"1678",2024-03-11 13:00:00,"historie",1.13,18.6763750159345,NA,NA,NA
"1679",2024-03-11 14:00:00,"historie",1.13,15.8645112354483,NA,NA,NA
"1680",2024-03-11 15:00:00,"historie",1.1,12.7560319622226,NA,NA,NA
"1681",2024-03-11 16:00:00,"historie",3.85,11.9212571259171,NA,NA,NA
"1682",2024-03-11 17:00:00,"historie",6.59,14.7172387176237,NA,NA,NA
"1683",2024-03-11 18:00:00,"historie",8.77,12.8463545819086,NA,NA,NA
"1684",2024-03-11 19:00:00,"historie",15.69,14.0949644441095,NA,NA,NA
"1685",2024-03-11 20:00:00,"historie",16.95,14.6947785115408,NA,NA,NA
"1686",2024-03-11 21:00:00,"historie",10.29,16.2822725962104,NA,NA,NA
"1687",2024-03-11 22:00:00,"historie",12.9,16.7722944178719,NA,NA,NA
"1688",2024-03-11 23:00:00,"historie",13.68,13.982133098517,NA,NA,NA
"1689",2024-03-12,"historie",10.08,12.3102978800022,NA,NA,NA
"1690",2024-03-12 01:00:00,"historie",8.79,11.7547754834373,NA,NA,NA
"1691",2024-03-12 02:00:00,"historie",13.9,13.0667241671675,NA,NA,NA
"1692",2024-03-12 03:00:00,"historie",10.54,13.0490655689862,NA,NA,NA
"1693",2024-03-12 04:00:00,"historie",10.51,13.0947865865459,NA,NA,NA
"1694",2024-03-12 05:00:00,"historie",15.05,14.5044569568774,NA,NA,NA
"1695",2024-03-12 06:00:00,"historie",9.28,15.7729999651798,NA,NA,NA
"1696",2024-03-12 07:00:00,"historie",11.79,16.141741143122,NA,NA,NA
"1697",2024-03-12 08:00:00,"historie",15,15.3685335395092,NA,NA,NA
"1698",2024-03-12 09:00:00,"historie",6.9,15.2182724362045,NA,NA,NA
"1699",2024-03-12 10:00:00,"historie",4.88,14.6870639659383,NA,NA,NA
"1700",2024-03-12 11:00:00,"historie",4.87,14.7276487721093,NA,NA,NA
"1701",2024-03-12 12:00:00,"historie",4.95,14.8119083266556,NA,NA,NA
"1702",2024-03-12 13:00:00,"historie",5.44,17.1986016141895,NA,NA,NA
"1703",2024-03-12 14:00:00,"historie",4.62,19.3596834950174,NA,NA,NA
"1704",2024-03-12 15:00:00,"historie",3.39,22.4425240123828,NA,NA,NA
"1705",2024-03-12 16:00:00,"historie",4.8,27.5870890864874,NA,NA,NA
"1706",2024-03-12 17:00:00,"historie",5.51,32.9480224721536,NA,NA,NA
"1707",2024-03-12 18:00:00,"historie",6.38,29.1512058131068,NA,NA,NA
"1708",2024-03-12 19:00:00,"historie",9.31,26.7635965692305,NA,NA,NA
"1709",2024-03-12 20:00:00,"historie",13.4,24.0261856971316,NA,NA,NA
"1710",2024-03-12 21:00:00,"historie",9.61,23.1208617409373,NA,NA,NA
"1711",2024-03-12 22:00:00,"historie",10.35,21.2634874346864,NA,NA,NA
"1712",2024-03-12 23:00:00,"historie",12.49,20.0488898616435,NA,NA,NA
"1713",2024-03-13,"historie",12.35,21.5425576726189,NA,NA,NA
"1714",2024-03-13 01:00:00,"historie",11.84,24.7242194059081,NA,NA,NA
"1715",2024-03-13 02:00:00,"historie",11.28,24.2398273125206,NA,NA,NA
"1716",2024-03-13 03:00:00,"historie",11.9,23.3610647411333,NA,NA,NA
"1717",2024-03-13 04:00:00,"historie",12.36,23.7558378035763,NA,NA,NA
"1718",2024-03-13 05:00:00,"historie",13.1,19.7840296612026,NA,NA,NA
"1719",2024-03-13 06:00:00,"historie",15.95,17.6307964035135,NA,NA,NA
"1720",2024-03-13 07:00:00,"historie",21.87,16.9994642073398,NA,NA,NA
"1721",2024-03-13 08:00:00,"historie",17.32,14.6398249953264,NA,NA,NA
"1722",2024-03-13 09:00:00,"historie",14.44,13.6326843857207,NA,NA,NA
"1723",2024-03-13 10:00:00,"historie",15.05,12.7360530479626,NA,NA,NA
"1724",2024-03-13 11:00:00,"historie",12.66,13.7734324465212,NA,NA,NA
"1725",2024-03-13 12:00:00,"historie",11.4,14.4257494943954,NA,NA,NA
"1726",2024-03-13 13:00:00,"historie",9.79,12.8138549625937,NA,NA,NA
"1727",2024-03-13 14:00:00,"historie",7.97,13.2329866821993,NA,NA,NA
"1728",2024-03-13 15:00:00,"historie",6.47,12.8579915159555,NA,NA,NA
"1729",2024-03-13 16:00:00,"historie",6.08,13.2385075644157,NA,NA,NA
"1730",2024-03-13 17:00:00,"historie",5.26,15.4878940877442,NA,NA,NA
"1731",2024-03-13 18:00:00,"historie",7.05,23.1351546186205,NA,NA,NA
"1732",2024-03-13 19:00:00,"historie",12.76,29.6067731490974,NA,NA,NA
"1733",2024-03-13 20:00:00,"historie",20.45,18.7508502640396,NA,NA,NA
"1734",2024-03-13 21:00:00,"historie",13.18,14.3131464752392,NA,NA,NA
"1735",2024-03-13 22:00:00,"historie",12.21,15.1407795421106,NA,NA,NA
"1736",2024-03-13 23:00:00,"historie",14.05,15.7468135126809,NA,NA,NA
"1737",2024-03-14,"historie",17.98,16.8092442048142,NA,NA,NA
"1738",2024-03-14 01:00:00,"historie",27.36,19.4648884787123,NA,NA,NA
"1739",2024-03-14 02:00:00,"historie",22.44,20.7512168891192,NA,NA,NA
"1740",2024-03-14 03:00:00,"historie",24.87,21.0101448694789,NA,NA,NA
"1741",2024-03-14 04:00:00,"historie",28.68,20.5913946769971,NA,NA,NA
"1742",2024-03-14 05:00:00,"historie",29.55,14.8007898842425,NA,NA,NA
"1743",2024-03-14 06:00:00,"historie",29.77,11.2294730689372,NA,NA,NA
"1744",2024-03-14 07:00:00,"historie",34.82,7.18977858703214,NA,NA,NA
"1745",2024-03-14 08:00:00,"historie",31.92,3.71771309970079,NA,NA,NA
"1746",2024-03-14 09:00:00,"historie",21.36,1.71588932979889,NA,NA,NA
"1747",2024-03-14 10:00:00,"historie",19.52,1.4543265254076,NA,NA,NA
"1748",2024-03-14 11:00:00,"historie",19.1,1.37610375961055,NA,NA,NA
"1749",2024-03-14 12:00:00,"historie",20.18,1.38938636746648,NA,NA,NA
"1750",2024-03-14 13:00:00,"historie",18.92,1.3724024691223,NA,NA,NA
"1751",2024-03-14 14:00:00,"historie",18.27,1.32566892489581,NA,NA,NA
"1752",2024-03-14 15:00:00,"historie",18.41,3.98702176783927,NA,NA,NA
"1753",2024-03-14 16:00:00,"historie",19.28,6.42676153224931,NA,NA,NA
"1754",2024-03-14 17:00:00,"historie",22.4,8.31965242447853,NA,NA,NA
"1755",2024-03-14 18:00:00,"historie",22.31,14.0227419408312,NA,NA,NA
"1756",2024-03-14 19:00:00,"historie",24.72,15.1654708236866,NA,NA,NA
"1757",2024-03-14 20:00:00,"historie",29.54,9.83254467838484,NA,NA,NA
"1758",2024-03-14 21:00:00,"historie",33.48,12.0671827739412,NA,NA,NA
"1759",2024-03-14 22:00:00,"historie",30.03,12.782084600794,NA,NA,NA
"1760",2024-03-14 23:00:00,"historie",29.23,9.80143902798156,NA,NA,NA
"1761",2024-03-15,"historie",28.67,8.70103963123279,NA,NA,NA
"1762",2024-03-15 01:00:00,"historie",25.55,13.0763349949553,NA,NA,NA
"1763",2024-03-15 02:00:00,"historie",55.39,10.2754778697465,NA,NA,NA
"1764",2024-03-15 03:00:00,"historie",24.05,10.2671207442722,NA,NA,NA
"1765",2024-03-15 04:00:00,"historie",25.95,14.136861712831,NA,NA,NA
"1766",2024-03-15 05:00:00,"historie",26.59,9.24455001398318,NA,NA,NA
"1767",2024-03-15 06:00:00,"historie",35.03,11.4291851427829,NA,NA,NA
"1768",2024-03-15 07:00:00,"historie",34.55,14.1731737469038,NA,NA,NA
"1769",2024-03-15 08:00:00,"historie",34.79,7.14263498518209,NA,NA,NA
"1770",2024-03-15 09:00:00,"historie",32.92,5.23846225190563,NA,NA,NA
"1771",2024-03-15 10:00:00,"historie",17.13,5.2020632574753,NA,NA,NA
"1772",2024-03-15 11:00:00,"historie",18.58,5.25387160323304,NA,NA,NA
"1773",2024-03-15 12:00:00,"historie",17.76,5.69050925370973,NA,NA,NA
"1774",2024-03-15 13:00:00,"historie",13.56,4.9098699198651,NA,NA,NA
"1775",2024-03-15 14:00:00,"historie",13.26,3.71802162971817,NA,NA,NA
"1776",2024-03-15 15:00:00,"historie",16.97,5.03353011703827,NA,NA,NA
"1777",2024-03-15 16:00:00,"historie",14.15,5.67603528945983,NA,NA,NA
"1778",2024-03-15 17:00:00,"historie",16.74,6.45821060269068,NA,NA,NA
"1779",2024-03-15 18:00:00,"historie",15.39,9.03181575925862,NA,NA,NA
"1780",2024-03-15 19:00:00,"historie",21.4,12.5125582320244,NA,NA,NA
"1781",2024-03-15 20:00:00,"historie",9.24,9.36868592696546,NA,NA,NA
"1782",2024-03-15 21:00:00,"historie",5.08,10.0283560005127,NA,NA,NA
"1783",2024-03-15 22:00:00,"historie",5.38,11.8769381197675,NA,NA,NA
"1784",2024-03-15 23:00:00,"historie",10,11.8015128812938,NA,NA,NA
"1785",2024-03-16,"historie",7.66,11.4035617856241,NA,NA,NA
"1786",2024-03-16 01:00:00,"historie",7.6,10.9502035673222,NA,NA,NA
"1787",2024-03-16 02:00:00,"historie",4.59,11.5021807436142,NA,NA,NA
"1788",2024-03-16 03:00:00,"historie",4.69,11.9183961227225,NA,NA,NA
"1789",2024-03-16 04:00:00,"historie",4.77,12.5736277976376,NA,NA,NA
"1790",2024-03-16 05:00:00,"historie",3.83,15.0036023836584,NA,NA,NA
"1791",2024-03-16 06:00:00,"historie",7.56,19.9160106576336,NA,NA,NA
"1792",2024-03-16 07:00:00,"historie",4.82,16.2808604507221,NA,NA,NA
"1793",2024-03-16 08:00:00,"historie",6.64,13.896471780188,NA,NA,NA
"1794",2024-03-16 09:00:00,"historie",5.6,14.4327882488022,NA,NA,NA
"1795",2024-03-16 10:00:00,"historie",5.53,12.397698824693,NA,NA,NA
"1796",2024-03-16 11:00:00,"historie",6.47,11.2959284528501,NA,NA,NA
"1797",2024-03-16 12:00:00,"historie",3.08,9.86073057709806,NA,NA,NA
"1798",2024-03-16 13:00:00,"historie",1.97,8.20119331550954,NA,NA,NA
"1799",2024-03-16 14:00:00,"historie",3.56,6.79501398323686,NA,NA,NA
"1800",2024-03-16 15:00:00,"historie",2.48,6.40251509506795,NA,NA,NA
"1801",2024-03-16 16:00:00,"historie",1.36,5.60654958355493,NA,NA,NA
"1802",2024-03-16 17:00:00,"historie",1.15,7.23395682938489,NA,NA,NA
"1803",2024-03-16 18:00:00,"historie",2.51,12.2161890268894,NA,NA,NA
"1804",2024-03-16 19:00:00,"historie",3.45,18.6076661690364,NA,NA,NA
"1805",2024-03-16 20:00:00,"historie",3.49,12.6779331269005,NA,NA,NA
"1806",2024-03-16 21:00:00,"historie",4.15,11.8684267710753,NA,NA,NA
"1807",2024-03-16 22:00:00,"historie",4.28,13.4549615364828,NA,NA,NA
"1808",2024-03-16 23:00:00,"historie",5.39,16.776185853414,NA,NA,NA
"1809",2024-03-17,"historie",3.76,24.4279559947308,NA,NA,NA
"1810",2024-03-17 01:00:00,"historie",4.3,20.618145682995,NA,NA,NA
"1811",2024-03-17 02:00:00,"historie",4.85,22.6759855447132,NA,NA,NA
"1812",2024-03-17 03:00:00,"historie",7.92,25.8402923305464,NA,NA,NA
"1813",2024-03-17 04:00:00,"historie",4.24,26.6612972480274,NA,NA,NA
"1814",2024-03-17 05:00:00,"historie",5.22,26.9558946123537,NA,NA,NA
"1815",2024-03-17 06:00:00,"historie",6.74,31.0953035736809,NA,NA,NA
"1816",2024-03-17 07:00:00,"historie",7.97,28.9206493890589,NA,NA,NA
"1817",2024-03-17 08:00:00,"historie",7.79,20.3230237197853,NA,NA,NA
"1818",2024-03-17 09:00:00,"historie",7.25,18.7624270149787,NA,NA,NA
"1819",2024-03-17 10:00:00,"historie",7.68,18.391217611325,NA,NA,NA
"1820",2024-03-17 11:00:00,"historie",5.25,19.2954189533076,NA,NA,NA
"1821",2024-03-17 12:00:00,"historie",4.84,18.21833774341,NA,NA,NA
"1822",2024-03-17 13:00:00,"historie",4.82,17.6495241849856,NA,NA,NA
"1823",2024-03-17 14:00:00,"historie",4.24,17.7534647491473,NA,NA,NA
"1824",2024-03-17 15:00:00,"historie",4.38,18.4818670372428,NA,NA,NA
"1825",2024-03-17 16:00:00,"historie",3.54,21.1044470864964,NA,NA,NA
"1826",2024-03-17 17:00:00,"historie",4.38,21.047151900016,NA,NA,NA
"1827",2024-03-17 18:00:00,"historie",7.71,23.0676600327442,NA,NA,NA
"1828",2024-03-17 19:00:00,"historie",12.72,27.0520875608724,NA,NA,NA
"1829",2024-03-17 20:00:00,"historie",17.26,30.305191165473,NA,NA,NA
"1830",2024-03-17 21:00:00,"historie",13.95,27.6064748731594,NA,NA,NA
"1831",2024-03-17 22:00:00,"historie",17.59,27.0061716756523,NA,NA,NA
"1832",2024-03-17 23:00:00,"historie",13.05,26.5870704178478,NA,NA,NA
"1833",2024-03-18,"historie",9.5,24.0334537237711,NA,NA,NA
"1834",2024-03-18 01:00:00,"historie",10.78,47.736301974486,NA,NA,NA
"1835",2024-03-18 02:00:00,"historie",6.23,22.9171769578813,NA,NA,NA
"1836",2024-03-18 03:00:00,"historie",5.82,24.4902087360243,NA,NA,NA
"1837",2024-03-18 04:00:00,"historie",5.56,25.0164602698386,NA,NA,NA
"1838",2024-03-18 05:00:00,"historie",7.23,31.9394386809011,NA,NA,NA
"1839",2024-03-18 06:00:00,"historie",9.21,31.6125075438988,NA,NA,NA
"1840",2024-03-18 07:00:00,"historie",13.33,31.8580716896506,NA,NA,NA
"1841",2024-03-18 08:00:00,"historie",14.72,30.3790848527255,NA,NA,NA
"1842",2024-03-18 09:00:00,"historie",11.8,17.0371388394785,NA,NA,NA
"1843",2024-03-18 10:00:00,"historie",10,18.2346818260402,NA,NA,NA
"1844",2024-03-18 11:00:00,"historie",10.62,17.4667124170171,NA,NA,NA
"1845",2024-03-18 12:00:00,"historie",9.6,13.709317145854,NA,NA,NA
"1846",2024-03-18 13:00:00,"historie",6.95,13.3780707514443,NA,NA,NA
"1847",2024-03-18 14:00:00,"historie",7.22,16.5789243727744,NA,NA,NA
"1848",2024-03-18 15:00:00,"historie",7.95,14.0852487675371,NA,NA,NA
"1849",2024-03-18 16:00:00,"historie",6.62,16.3001086898414,NA,NA,NA
"1850",2024-03-18 17:00:00,"historie",5.79,15.1082657431374,NA,NA,NA
"1851",2024-03-18 18:00:00,"historie",5.97,20.200723192992,NA,NA,NA
"1852",2024-03-18 19:00:00,"historie",4.46,9.60123589778378,NA,NA,NA
"1853",2024-03-18 20:00:00,"historie",4.3,5.61778880564406,NA,NA,NA
"1854",2024-03-18 21:00:00,"historie",6.71,5.85627410740167,NA,NA,NA
"1855",2024-03-18 22:00:00,"historie",8.35,10.0686753361527,NA,NA,NA
"1856",2024-03-18 23:00:00,"historie",5.33,7.93199061400002,NA,NA,NA
"1857",2024-03-19,"historie",7.12,7.84633739785468,NA,NA,NA
"1858",2024-03-19 01:00:00,"historie",6.34,5.00010445694875,NA,NA,NA
"1859",2024-03-19 02:00:00,"historie",6.88,5.06203621137268,NA,NA,NA
"1860",2024-03-19 03:00:00,"historie",6.62,5.10878124883409,NA,NA,NA
"1861",2024-03-19 04:00:00,"historie",7.54,4.18449488465407,NA,NA,NA
"1862",2024-03-19 05:00:00,"historie",9.26,7.60142353089478,NA,NA,NA
"1863",2024-03-19 06:00:00,"historie",12.35,5.09905441919737,NA,NA,NA
"1864",2024-03-19 07:00:00,"historie",13.53,6.75015716457543,NA,NA,NA
"1865",2024-03-19 08:00:00,"historie",17.68,5.79977418945613,NA,NA,NA
"1866",2024-03-19 09:00:00,"historie",10.9,5.72461105135371,NA,NA,NA
"1867",2024-03-19 10:00:00,"historie",10.95,6.56805042393886,NA,NA,NA
"1868",2024-03-19 11:00:00,"historie",10.87,3.39979846914079,NA,NA,NA
"1869",2024-03-19 12:00:00,"historie",11.9,2.27415295462747,NA,NA,NA
"1870",2024-03-19 13:00:00,"historie",12.87,3.81067512211966,NA,NA,NA
"1871",2024-03-19 14:00:00,"historie",14.08,2.75730049055946,NA,NA,NA
"1872",2024-03-19 15:00:00,"historie",14.95,1.60997444466203,NA,NA,NA
"1873",2024-03-19 16:00:00,"historie",16.75,1.37484147353517,NA,NA,NA
"1874",2024-03-19 17:00:00,"historie",18.46,2.72131646802257,NA,NA,NA
"1875",2024-03-19 18:00:00,"historie",16.98,3.59961100095748,NA,NA,NA
"1876",2024-03-19 19:00:00,"historie",18.34,3.63776116985282,NA,NA,NA
"1877",2024-03-19 20:00:00,"historie",26.9,4.24317146805347,NA,NA,NA
"1878",2024-03-19 21:00:00,"historie",26.54,4.36783700791188,NA,NA,NA
"1879",2024-03-19 22:00:00,"historie",25.62,5.36751293843533,NA,NA,NA
"1880",2024-03-19 23:00:00,"historie",25.41,3.9125966586784,NA,NA,NA
"1881",2024-03-20,"historie",18.08,4.40731737743236,NA,NA,NA
"1882",2024-03-20 01:00:00,"historie",16.21,4.90891977928419,NA,NA,NA
"1883",2024-03-20 02:00:00,"historie",15.43,7.59671889292167,NA,NA,NA
"1884",2024-03-20 03:00:00,"historie",18.82,4.38834590479808,NA,NA,NA
"1885",2024-03-20 04:00:00,"historie",17.38,5.27654014419952,NA,NA,NA
"1886",2024-03-20 05:00:00,"historie",19.33,6.62845855198694,NA,NA,NA
"1887",2024-03-20 06:00:00,"historie",22.05,7.71539870000655,NA,NA,NA
"1888",2024-03-20 07:00:00,"historie",26.77,7.59151445432402,NA,NA,NA
"1889",2024-03-20 08:00:00,"historie",24.8,7.14724620729153,NA,NA,NA
"1890",2024-03-20 09:00:00,"historie",28.59,7.54023742439743,NA,NA,NA
"1891",2024-03-20 10:00:00,"historie",26.97,5.39534082821052,NA,NA,NA
"1892",2024-03-20 11:00:00,"historie",27.72,5.01708803923186,NA,NA,NA
"1893",2024-03-20 12:00:00,"historie",27.68,4.99308653735224,NA,NA,NA
"1894",2024-03-20 13:00:00,"historie",30.84,4.45200433560372,NA,NA,NA
"1895",2024-03-20 14:00:00,"historie",34.55,4.57362865634655,NA,NA,NA
"1896",2024-03-20 15:00:00,"historie",31.82,3.78153795739729,NA,NA,NA
"1897",2024-03-20 16:00:00,"historie",35.28,4.55451968931033,NA,NA,NA
"1898",2024-03-20 17:00:00,"historie",36.33,7.5129780663295,NA,NA,NA
"1899",2024-03-20 18:00:00,"historie",33.9,11.7516578498186,NA,NA,NA
"1900",2024-03-20 19:00:00,"historie",33.97,15.5081792633499,NA,NA,NA
"1901",2024-03-20 20:00:00,"historie",34.58,12.9458000472908,NA,NA,NA
"1902",2024-03-20 21:00:00,"historie",34.08,15.9895815195141,NA,NA,NA
"1903",2024-03-20 22:00:00,"historie",30.12,12.3524514522782,NA,NA,NA
"1904",2024-03-20 23:00:00,"historie",32.34,9.35511366659135,NA,NA,NA
"1905",2024-03-21,"historie",29.68,10.4727170482463,NA,NA,NA
"1906",2024-03-21 01:00:00,"historie",29.95,6.45086929140921,NA,NA,NA
"1907",2024-03-21 02:00:00,"historie",32.41,6.05682015489119,NA,NA,NA
"1908",2024-03-21 03:00:00,"historie",34.21,5.79973398646296,NA,NA,NA
"1909",2024-03-21 04:00:00,"historie",31.92,7.29979356846972,NA,NA,NA
"1910",2024-03-21 05:00:00,"historie",33.36,9.04242442097586,NA,NA,NA
"1911",2024-03-21 06:00:00,"historie",31.76,12.5671034263615,NA,NA,NA
"1912",2024-03-21 07:00:00,"historie",39.56,13.7762777861726,NA,NA,NA
"1913",2024-03-21 08:00:00,"historie",45.98,11.3710290438923,NA,NA,NA
"1914",2024-03-21 09:00:00,"historie",46.03,9.83865413827887,NA,NA,NA
"1915",2024-03-21 10:00:00,"historie",41.15,10.3831046822366,NA,NA,NA
"1916",2024-03-21 11:00:00,"historie",31.9,9.50247724288676,NA,NA,NA
"1917",2024-03-21 12:00:00,"historie",15.64,7.13617688173746,NA,NA,NA
"1918",2024-03-21 13:00:00,"historie",16.18,7.36394591912461,NA,NA,NA
"1919",2024-03-21 14:00:00,"historie",12.97,8.00603735384166,NA,NA,NA
"1920",2024-03-21 15:00:00,"historie",12.92,6.80054124715252,NA,NA,NA
"1921",2024-03-21 16:00:00,"historie",6.65,6.02607516585439,NA,NA,NA
"1922",2024-03-21 17:00:00,"historie",6.32,6.17418565940492,NA,NA,NA
"1923",2024-03-21 18:00:00,"historie",11.85,4.75662824487745,NA,NA,NA
"1924",2024-03-21 19:00:00,"historie",16.1,4.58580650806564,NA,NA,NA
"1925",2024-03-21 20:00:00,"historie",13.87,6.77731409823988,NA,NA,NA
"1926",2024-03-21 21:00:00,"historie",11.33,8.22616942392157,NA,NA,NA
"1927",2024-03-21 22:00:00,"historie",8.05,5.53330764313429,NA,NA,NA
"1928",2024-03-21 23:00:00,"historie",8.42,7.13845886396139,NA,NA,NA
"1929",2024-03-22,"historie",11.54,6.44298083145972,NA,NA,NA
"1930",2024-03-22 01:00:00,"historie",14.54,6.92354966377157,NA,NA,NA
"1931",2024-03-22 02:00:00,"historie",14.53,6.69194493479588,NA,NA,NA
"1932",2024-03-22 03:00:00,"historie",15.42,7.50907040019968,NA,NA,NA
"1933",2024-03-22 04:00:00,"historie",14.1,9.01709290306465,NA,NA,NA
"1934",2024-03-22 05:00:00,"historie",10.07,11.6660623822444,NA,NA,NA
"1935",2024-03-22 06:00:00,"historie",8.5,12.7013097685702,NA,NA,NA
"1936",2024-03-22 07:00:00,"historie",9.07,16.1705574144461,NA,NA,NA
"1937",2024-03-22 08:00:00,"historie",8.15,10.5917790604735,NA,NA,NA
"1938",2024-03-22 09:00:00,"historie",9.15,10.6500717601255,NA,NA,NA
"1939",2024-03-22 10:00:00,"historie",7.47,10.5946654705053,NA,NA,NA
"1940",2024-03-22 11:00:00,"historie",8.88,11.4924765956679,NA,NA,NA
"1941",2024-03-22 12:00:00,"historie",6.09,12.3392203121043,NA,NA,NA
"1942",2024-03-22 13:00:00,"historie",7.85,13.3892050721981,NA,NA,NA
"1943",2024-03-22 14:00:00,"historie",8.21,14.1543817842036,NA,NA,NA
"1944",2024-03-22 15:00:00,"historie",10.36,15.695721524121,NA,NA,NA
"1945",2024-03-22 16:00:00,"historie",7.9,17.1615177940379,NA,NA,NA
"1946",2024-03-22 17:00:00,"historie",16.5,15.9906016243484,NA,NA,NA
"1947",2024-03-22 18:00:00,"historie",14.71,17.1620540450314,NA,NA,NA
"1948",2024-03-22 19:00:00,"historie",12.25,24.1671469598758,NA,NA,NA
"1949",2024-03-22 20:00:00,"historie",9.79,24.0042760585812,NA,NA,NA
"1950",2024-03-22 21:00:00,"historie",9.85,23.3685992295815,NA,NA,NA
"1951",2024-03-22 22:00:00,"historie",13.21,23.2830502921743,NA,NA,NA
"1952",2024-03-22 23:00:00,"historie",21.44,17.2718506078667,NA,NA,NA
"1953",2024-03-23,"historie",13.05,15.6813150918663,NA,NA,NA
"1954",2024-03-23 01:00:00,"historie",14.41,15.0007551974383,NA,NA,NA
"1955",2024-03-23 02:00:00,"historie",23.03,17.8725325172584,NA,NA,NA
"1956",2024-03-23 03:00:00,"historie",17.5,16.6655476768106,NA,NA,NA
"1957",2024-03-23 04:00:00,"historie",16.55,18.3130071210822,NA,NA,NA
"1958",2024-03-23 05:00:00,"historie",19.88,20.5964458049491,NA,NA,NA
"1959",2024-03-23 06:00:00,"historie",21.92,24.5021612640921,NA,NA,NA
"1960",2024-03-23 07:00:00,"historie",26.1,22.9629005193294,NA,NA,NA
"1961",2024-03-23 08:00:00,"historie",25.53,26.1001775419777,NA,NA,NA
"1962",2024-03-23 09:00:00,"historie",22.92,24.8535661654597,NA,NA,NA
"1963",2024-03-23 10:00:00,"historie",10.87,25.516429498418,NA,NA,NA
"1964",2024-03-23 11:00:00,"historie",6.31,25.5336745563933,NA,NA,NA
"1965",2024-03-23 12:00:00,"historie",0.74,28.1501086670475,NA,NA,NA
"1966",2024-03-23 13:00:00,"historie",0.85,31.2046617727667,NA,NA,NA
"1967",2024-03-23 14:00:00,"historie",1.26,29.091297464481,NA,NA,NA
"1968",2024-03-23 15:00:00,"historie",2.05,31.9397280220083,NA,NA,NA
"1969",2024-03-23 16:00:00,"historie",3.72,32.8606725242207,NA,NA,NA
"1970",2024-03-23 17:00:00,"historie",5.22,30.9766236883641,NA,NA,NA
"1971",2024-03-23 18:00:00,"historie",5.36,31.0809421270599,NA,NA,NA
"1972",2024-03-23 19:00:00,"historie",7.05,31.618185355791,NA,NA,NA
"1973",2024-03-23 20:00:00,"historie",10.72,31.2537054276831,NA,NA,NA
"1974",2024-03-23 21:00:00,"historie",9.43,28.0408125563032,NA,NA,NA
"1975",2024-03-23 22:00:00,"historie",7.26,29.8657204204725,NA,NA,NA
"1976",2024-03-23 23:00:00,"historie",4.79,27.6915981930271,NA,NA,NA
"1977",2024-03-24,"historie",3.77,27.9096991247725,NA,NA,NA
"1978",2024-03-24 01:00:00,"historie",6.08,29.9302343035403,NA,NA,NA
"1979",2024-03-24 02:00:00,"historie",3.24,31.4152982580573,NA,NA,NA
"1980",2024-03-24 03:00:00,"historie",4.65,29.5682279314859,NA,NA,NA
"1981",2024-03-24 04:00:00,"historie",3.26,30.7546487699617,NA,NA,NA
"1982",2024-03-24 05:00:00,"historie",3.69,29.4583430586407,NA,NA,NA
"1983",2024-03-24 06:00:00,"historie",4.79,35.7941126573551,NA,NA,NA
"1984",2024-03-24 07:00:00,"historie",4.03,40.9697833635526,NA,NA,NA
"1985",2024-03-24 08:00:00,"historie",4.05,41.1166251292886,NA,NA,NA
"1986",2024-03-24 09:00:00,"historie",3.58,37.312981733631,NA,NA,NA
"1987",2024-03-24 10:00:00,"historie",2.32,29.8073734468408,NA,NA,NA
"1988",2024-03-24 11:00:00,"historie",2.08,15.8297549011319,NA,NA,NA
"1989",2024-03-24 12:00:00,"historie",1.92,16.2146519229957,NA,NA,NA
"1990",2024-03-24 13:00:00,"historie",2.79,13.2601581250425,NA,NA,NA
"1991",2024-03-24 14:00:00,"historie",2.05,13.1344486815892,NA,NA,NA
"1992",2024-03-24 15:00:00,"historie",2.7,7.24974102498629,NA,NA,NA
"1993",2024-03-24 16:00:00,"historie",3.26,6.86315446639645,NA,NA,NA
"1994",2024-03-24 17:00:00,"historie",3.4,11.8778628789756,NA,NA,NA
"1995",2024-03-24 18:00:00,"historie",10.95,15.5388702688798,NA,NA,NA
"1996",2024-03-24 19:00:00,"historie",3.56,13.6088687147408,NA,NA,NA
"1997",2024-03-24 20:00:00,"historie",3.36,11.3575422822168,NA,NA,NA
"1998",2024-03-24 21:00:00,"historie",2.55,8.36468272087411,NA,NA,NA
"1999",2024-03-24 22:00:00,"historie",4.62,8.66113655741763,NA,NA,NA
"2000",2024-03-24 23:00:00,"historie",2.26,11.4074390753946,NA,NA,NA
"2001",2024-03-25,"historie",1.9,13.9843711047029,NA,NA,NA
"2002",2024-03-25 01:00:00,"historie",1.43,13.9849018841129,NA,NA,NA
"2003",2024-03-25 02:00:00,"historie",1.84,14.7501197773331,NA,NA,NA
"2004",2024-03-25 03:00:00,"historie",1.45,13.6376445094699,NA,NA,NA
"2005",2024-03-25 04:00:00,"historie",2.05,10.120014459663,NA,NA,NA
"2006",2024-03-25 05:00:00,"historie",1.49,8.68717533590516,NA,NA,NA
"2007",2024-03-25 06:00:00,"historie",1.21,9.17098608068974,NA,NA,NA
"2008",2024-03-25 07:00:00,"historie",1.35,8.32074419858796,NA,NA,NA
"2009",2024-03-25 08:00:00,"historie",1.56,9.19275019350759,NA,NA,NA
"2010",2024-03-25 09:00:00,"historie",1.56,7.66613847789411,NA,NA,NA
"2011",2024-03-25 10:00:00,"historie",2.13,8.90925779620203,NA,NA,NA
"2012",2024-03-25 11:00:00,"historie",1.75,6.36812443728195,NA,NA,NA
"2013",2024-03-25 12:00:00,"historie",2.56,7.94372711150378,NA,NA,NA
"2014",2024-03-25 13:00:00,"historie",2.38,8.25241496217815,NA,NA,NA
"2015",2024-03-25 14:00:00,"historie",2.31,10.131437538487,NA,NA,NA
"2016",2024-03-25 15:00:00,"historie",2.15,7.97283108177181,NA,NA,NA
"2017",2024-03-25 16:00:00,"historie",4.08,15.2979508765702,NA,NA,NA
"2018",2024-03-25 17:00:00,"historie",2.69,13.8765164683371,NA,NA,NA
"2019",2024-03-25 18:00:00,"historie",6.92,11.8324557495838,NA,NA,NA
"2020",2024-03-25 19:00:00,"historie",9.28,9.71112472207072,NA,NA,NA
"2021",2024-03-25 20:00:00,"historie",11.72,9.75770373545257,NA,NA,NA
"2022",2024-03-25 21:00:00,"historie",14.41,12.6516264110827,NA,NA,NA
"2023",2024-03-25 22:00:00,"historie",18.95,19.4709178660474,NA,NA,NA
"2024",2024-03-25 23:00:00,"historie",26.74,12.6018326784183,NA,NA,NA
"2025",2024-03-26,"historie",31.25,13.7705976066403,NA,NA,NA
"2026",2024-03-26 01:00:00,"historie",14.6,20.8991024040824,NA,NA,NA
"2027",2024-03-26 02:00:00,"historie",20.92,16.4606860292587,NA,NA,NA
"2028",2024-03-26 03:00:00,"historie",16.49,15.699025215878,NA,NA,NA
"2029",2024-03-26 04:00:00,"historie",18.55,18.4965626159458,NA,NA,NA
"2030",2024-03-26 05:00:00,"historie",23.32,20.2229990465228,NA,NA,NA
"2031",2024-03-26 06:00:00,"historie",20.82,23.6792634900582,NA,NA,NA
"2032",2024-03-26 07:00:00,"historie",19.9,23.312028630317,NA,NA,NA
"2033",2024-03-26 08:00:00,"historie",6.6,21.2560587718183,NA,NA,NA
"2034",2024-03-26 09:00:00,"historie",6.05,10.9930699188915,NA,NA,NA
"2035",2024-03-26 10:00:00,"historie",5.68,6.76184791529444,NA,NA,NA
"2036",2024-03-26 11:00:00,"historie",5.9,1.00362291753941,NA,NA,NA
"2037",2024-03-26 12:00:00,"historie",6.38,1.10971266783135,NA,NA,NA
"2038",2024-03-26 13:00:00,"historie",5.64,1.54421237093986,NA,NA,NA
"2039",2024-03-26 14:00:00,"historie",7.03,2.34596014429788,NA,NA,NA
"2040",2024-03-26 15:00:00,"historie",5.84,3.94690864558704,NA,NA,NA
"2041",2024-03-26 16:00:00,"historie",5.68,5.31553686958649,NA,NA,NA
"2042",2024-03-26 17:00:00,"historie",8,5.44268473359678,NA,NA,NA
"2043",2024-03-26 18:00:00,"historie",14.15,6.94222005952446,NA,NA,NA
"2044",2024-03-26 19:00:00,"historie",10.26,10.0900765745477,NA,NA,NA
"2045",2024-03-26 20:00:00,"historie",18.36,9.05249178758814,NA,NA,NA
"2046",2024-03-26 21:00:00,"historie",13.49,7.20473509735123,NA,NA,NA
"2047",2024-03-26 22:00:00,"historie",12.08,4.98883543726569,NA,NA,NA
"2048",2024-03-26 23:00:00,"historie",9.71,4.02620144659355,NA,NA,NA
"2049",2024-03-27,"historie",11.25,6.12878510778931,NA,NA,NA
"2050",2024-03-27 01:00:00,"historie",8.28,3.50890511775398,NA,NA,NA
"2051",2024-03-27 02:00:00,"historie",8.82,4.8129867699305,NA,NA,NA
"2052",2024-03-27 03:00:00,"historie",10.61,3.50893468907408,NA,NA,NA
"2053",2024-03-27 04:00:00,"historie",12.72,3.90222277074218,NA,NA,NA
"2054",2024-03-27 05:00:00,"historie",11.41,4.90681443923249,NA,NA,NA
"2055",2024-03-27 06:00:00,"historie",5.46,4.20974165054058,NA,NA,NA
"2056",2024-03-27 07:00:00,"historie",5.59,4.22266763322784,NA,NA,NA
"2057",2024-03-27 08:00:00,"historie",5,3.78091454720765,NA,NA,NA
"2058",2024-03-27 09:00:00,"historie",5.18,2.56875668871903,NA,NA,NA
"2059",2024-03-27 10:00:00,"historie",5.26,2.32028307542104,NA,NA,NA
"2060",2024-03-27 11:00:00,"historie",5.36,2.15027747376794,NA,NA,NA
"2061",2024-03-27 12:00:00,"historie",6.33,2.9798457251374,NA,NA,NA
"2062",2024-03-27 13:00:00,"historie",6.06,2.26350952243142,NA,NA,NA
"2063",2024-03-27 14:00:00,"historie",5.88,2.87871384942204,NA,NA,NA
"2064",2024-03-27 15:00:00,"historie",4.84,3.39804461506712,NA,NA,NA
"2065",2024-03-27 16:00:00,"historie",5.35,3.52817334126316,NA,NA,NA
"2066",2024-03-27 17:00:00,"historie",11.26,9.95794675611446,NA,NA,NA
"2067",2024-03-27 18:00:00,"historie",8.28,3.711129106317,NA,NA,NA
"2068",2024-03-27 19:00:00,"historie",10.59,3.52462088816248,NA,NA,NA
"2069",2024-03-27 20:00:00,"historie",11.87,2.75796545601651,NA,NA,NA
"2070",2024-03-27 21:00:00,"historie",14.38,4.65889303035306,NA,NA,NA
"2071",2024-03-27 22:00:00,"historie",12.1,2.47655438980748,NA,NA,NA
"2072",2024-03-27 23:00:00,"historie",10.03,2.1159875460065,NA,NA,NA
"2073",2024-03-28,"historie",10.3,1.6375215868196,NA,NA,NA
"2074",2024-03-28 01:00:00,"historie",11.11,2.03553697584844,NA,NA,NA
"2075",2024-03-28 02:00:00,"historie",10.5,1.6424906479705,NA,NA,NA
"2076",2024-03-28 03:00:00,"historie",6.47,2.22229880361221,NA,NA,NA
"2077",2024-03-28 04:00:00,"historie",0.85,1.67211392608262,NA,NA,NA
"2078",2024-03-28 05:00:00,"historie",0.41,1.38511760992423,NA,NA,NA
"2079",2024-03-28 06:00:00,"historie",1,1.51896727693711,NA,NA,NA
"2080",2024-03-28 07:00:00,"historie",1.1,1.72082458328458,NA,NA,NA
"2081",2024-03-28 08:00:00,"historie",1.55,1.71751118974997,NA,NA,NA
"2082",2024-03-28 09:00:00,"historie",1.49,2.25991050231011,NA,NA,NA
"2083",2024-03-28 10:00:00,"historie",1.51,1.90012905951629,NA,NA,NA
"2084",2024-03-28 11:00:00,"historie",1.64,2.66037768452014,NA,NA,NA
"2085",2024-03-28 12:00:00,"historie",1.28,2.4992966520208,NA,NA,NA
"2086",2024-03-28 13:00:00,"historie",1.44,2.43734714420362,NA,NA,NA
"2087",2024-03-28 14:00:00,"historie",2.3,2.28929045964543,NA,NA,NA
"2088",2024-03-28 15:00:00,"historie",2.16,4.04139039248536,NA,NA,NA
"2089",2024-03-28 16:00:00,"historie",2.62,2.8074878004071,NA,NA,NA
"2090",2024-03-28 17:00:00,"historie",4.74,6.49742288157814,NA,NA,NA
"2091",2024-03-28 18:00:00,"historie",4.95,8.4976637305382,NA,NA,NA
"2092",2024-03-28 19:00:00,"historie",4.9,10.5501654608863,NA,NA,NA
"2093",2024-03-28 20:00:00,"historie",4.9,12.7981816972141,NA,NA,NA
"2094",2024-03-28 21:00:00,"historie",3.68,16.4843217841176,NA,NA,NA
"2095",2024-03-28 22:00:00,"historie",3.12,22.6187353011877,NA,NA,NA
"2096",2024-03-28 23:00:00,"historie",3.13,26.290700310398,NA,NA,NA
"2097",2024-03-29,"historie",3.15,13.5495332021034,NA,NA,NA
"2098",2024-03-29 01:00:00,"historie",4.08,18.7281877244629,NA,NA,NA
"2099",2024-03-29 02:00:00,"historie",6.25,15.2700283999144,NA,NA,NA
"2100",2024-03-29 03:00:00,"historie",8.08,17.0218147904563,NA,NA,NA
"2101",2024-03-29 04:00:00,"historie",5.87,20.9467877521422,NA,NA,NA
"2102",2024-03-29 05:00:00,"historie",6.67,19.0517541287713,NA,NA,NA
"2103",2024-03-29 06:00:00,"historie",6.6,18.3798482367292,NA,NA,NA
"2104",2024-03-29 07:00:00,"historie",12.61,6.93093622171883,NA,NA,NA
"2105",2024-03-29 08:00:00,"historie",9.5,6.38228949047043,NA,NA,NA
"2106",2024-03-29 09:00:00,"historie",7.26,6.00299174672657,NA,NA,NA
"2107",2024-03-29 10:00:00,"historie",7.9,6.17692282762085,NA,NA,NA
"2108",2024-03-29 11:00:00,"historie",6.38,6.59262745837015,NA,NA,NA
"2109",2024-03-29 12:00:00,"historie",7.15,5.89154990250036,NA,NA,NA
"2110",2024-03-29 13:00:00,"historie",8.35,7.13632487564677,NA,NA,NA
"2111",2024-03-29 14:00:00,"historie",7.63,6.04475442822247,NA,NA,NA
"2112",2024-03-29 15:00:00,"historie",6.53,5.88142901823506,NA,NA,NA
"2113",2024-03-29 16:00:00,"historie",6.82,7.94741473722922,NA,NA,NA
"2114",2024-03-29 17:00:00,"historie",9.33,13.1804511907894,NA,NA,NA
"2115",2024-03-29 18:00:00,"historie",13.97,9.95587072527585,NA,NA,NA
"2116",2024-03-29 19:00:00,"historie",17.5,16.7039975458967,NA,NA,NA
"2117",2024-03-29 20:00:00,"historie",22.95,12.781661864063,NA,NA,NA
"2118",2024-03-29 21:00:00,"historie",26.33,11.6206991723746,NA,NA,NA
"2119",2024-03-29 22:00:00,"historie",45.62,9.58934918860028,NA,NA,NA
"2120",2024-03-29 23:00:00,"historie",34.29,10.9230553653082,NA,NA,NA
"2121",2024-03-30,"historie",23.13,8.33042286301184,NA,NA,NA
"2122",2024-03-30 01:00:00,"historie",23.4,8.79664974219578,NA,NA,NA
"2123",2024-03-30 02:00:00,"historie",17.79,10.353285195373,NA,NA,NA
"2124",2024-03-30 03:00:00,"historie",14.93,12.1667903467136,NA,NA,NA
"2125",2024-03-30 04:00:00,"historie",16.66,11.0695880725297,NA,NA,NA
"2126",2024-03-30 05:00:00,"historie",14.2,5.76327522773434,NA,NA,NA
"2127",2024-03-30 06:00:00,"historie",12.97,5.85674321445932,NA,NA,NA
"2128",2024-03-30 07:00:00,"historie",15.44,5.28396971982957,NA,NA,NA
"2129",2024-03-30 08:00:00,"historie",16.33,5.42860399043046,NA,NA,NA
"2130",2024-03-30 09:00:00,"historie",12.65,5.48333430536019,NA,NA,NA
"2131",2024-03-30 10:00:00,"historie",18.82,5.5589196264551,NA,NA,NA
"2132",2024-03-30 11:00:00,"historie",38.38,6.42623746201448,NA,NA,NA
"2133",2024-03-30 12:00:00,"historie",64.97,6.17669202705229,NA,NA,NA
"2134",2024-03-30 13:00:00,"historie",87.25,6.00673474708742,NA,NA,NA
"2135",2024-03-30 14:00:00,"historie",98.89,5.0482827108293,NA,NA,NA
"2136",2024-03-30 15:00:00,"historie",91.82,5.50319086040495,NA,NA,NA
"2137",2024-03-30 16:00:00,"historie",82.9,10.6298155421252,NA,NA,NA
"2138",2024-03-30 17:00:00,"historie",79.12,8.12805365491672,NA,NA,NA
"2139",2024-03-30 18:00:00,"historie",72.16,10.124131568061,NA,NA,NA
"2140",2024-03-30 19:00:00,"historie",68.88,11.2365272335297,NA,NA,NA
"2141",2024-03-30 20:00:00,"historie",52.36,13.3671303729898,NA,NA,NA
"2142",2024-03-30 21:00:00,"historie",47.05,11.5220639382776,NA,NA,NA
"2143",2024-03-30 22:00:00,"historie",53.41,9.78243907930541,NA,NA,NA
"2144",2024-03-30 23:00:00,"historie",45.55,10.0251523848531,NA,NA,NA
"2145",2024-03-31,"historie",44.05,10.7322440895712,NA,NA,NA
"2146",2024-03-31 01:00:00,"historie",46.15,10.223090998832,NA,NA,NA
"2147",2024-03-31 03:00:00,"historie",42,6.66044383249464,NA,NA,NA
"2148",2024-03-31 04:00:00,"historie",NA,1.09818549564766,NA,NA,NA
"2149",2024-03-31 05:00:00,"historie",45.81,0.565287725473151,NA,NA,NA
"2150",2024-03-31 06:00:00,"historie",45.52,1.2204808290924,NA,NA,NA
"2151",2024-03-31 07:00:00,"historie",40.21,1.31268652867817,NA,NA,NA
"2152",2024-03-31 08:00:00,"historie",48.03,1.7623049739536,NA,NA,NA
"2153",2024-03-31 09:00:00,"historie",54.97,1.69183050144689,NA,NA,NA
"2154",2024-03-31 10:00:00,"historie",56.67,1.70275058511545,NA,NA,NA
"2155",2024-03-31 11:00:00,"historie",62.54,1.82365666624148,NA,NA,NA
"2156",2024-03-31 12:00:00,"historie",60.15,1.45884965798124,NA,NA,NA
"2157",2024-03-31 13:00:00,"historie",61.08,1.61157556056579,NA,NA,NA
"2158",2024-03-31 14:00:00,"historie",68.03,2.43273051676692,NA,NA,NA
"2159",2024-03-31 15:00:00,"historie",77.47,2.30213777906631,NA,NA,NA
"2160",2024-03-31 16:00:00,"historie",70.59,2.73190456202188,NA,NA,NA
"2161",2024-03-31 17:00:00,"historie",71.67,4.62782548218443,NA,NA,NA
"2162",2024-03-31 18:00:00,"historie",74.83,4.83643563505505,NA,NA,NA
"2163",2024-03-31 19:00:00,"historie",70.05,4.81845632439517,NA,NA,NA
"2164",2024-03-31 20:00:00,"historie",72.74,4.84042661199222,NA,NA,NA
"2165",2024-03-31 21:00:00,"historie",61.79,3.77015136452545,NA,NA,NA
"2166",2024-03-31 22:00:00,"historie",63.77,3.26122632986581,NA,NA,NA
"2167",2024-03-31 23:00:00,"historie",59.82,3.27036108509857,NA,NA,NA
"2168",2024-04-01,"historie",55.35,3.28883642386483,NA,NA,NA
"2169",2024-04-01 01:00:00,"historie",58.26,4.13688586309056,NA,NA,NA
"2170",2024-04-01 02:00:00,"historie",48.03,6.0499374249227,NA,NA,NA
"2171",2024-04-01 03:00:00,"historie",49.85,7.63422484702358,NA,NA,NA
"2172",2024-04-01 04:00:00,"historie",56.52,5.78641174458108,NA,NA,NA
"2173",2024-04-01 05:00:00,"historie",58.72,6.50029615465133,NA,NA,NA
"2174",2024-04-01 06:00:00,"historie",58.26,6.46314675647567,NA,NA,NA
"2175",2024-04-01 07:00:00,"historie",50.56,11.5105221630935,NA,NA,NA
"2176",2024-04-01 08:00:00,"historie",39.95,9.0222393409513,NA,NA,NA
"2177",2024-04-01 09:00:00,"historie",23.29,7.14026983740318,NA,NA,NA
"2178",2024-04-01 10:00:00,"historie",19.12,7.71058743571766,NA,NA,NA
"2179",2024-04-01 11:00:00,"historie",17.06,6.39451678499834,NA,NA,NA
"2180",2024-04-01 12:00:00,"historie",17.02,7.07745774089487,NA,NA,NA
"2181",2024-04-01 13:00:00,"historie",15.97,8.13125714748705,NA,NA,NA
"2182",2024-04-01 14:00:00,"historie",13.56,7.5232373492772,NA,NA,NA
"2183",2024-04-01 15:00:00,"historie",11.26,6.56166497424216,NA,NA,NA
"2184",2024-04-01 16:00:00,"historie",3.7,6.81916744966947,NA,NA,NA
"2185",2024-04-01 17:00:00,"historie",2.69,9.00598062553194,NA,NA,NA
"2186",2024-04-01 18:00:00,"historie",2,12.9151934992884,NA,NA,NA
"2187",2024-04-01 19:00:00,"historie",1.69,15.8541941339737,NA,NA,NA
"2188",2024-04-01 20:00:00,"historie",2.15,20.2899339259675,NA,NA,NA
"2189",2024-04-01 21:00:00,"historie",2.24,23.0919963488926,NA,NA,NA
"2190",2024-04-01 22:00:00,"historie",1.18,37.8816472618941,NA,NA,NA
"2191",2024-04-01 23:00:00,"historie",0.89,29.7287194184377,NA,NA,NA
"2192",2024-04-02,"historie",1.18,21.1224732365488,NA,NA,NA
"2193",2024-04-02 01:00:00,"historie",0.87,21.4155458628326,NA,NA,NA
"2194",2024-04-02 02:00:00,"historie",9.47,16.8478674930879,NA,NA,NA
"2195",2024-04-02 03:00:00,"historie",1.36,14.4332429399282,NA,NA,NA
"2196",2024-04-02 04:00:00,"historie",1.33,15.895921507334,NA,NA,NA
"2197",2024-04-02 05:00:00,"historie",1.4,13.7992472841223,NA,NA,NA
"2198",2024-04-02 06:00:00,"historie",1.87,12.7212458563394,NA,NA,NA
"2199",2024-04-02 07:00:00,"historie",1.72,14.82449759892,NA,NA,NA
"2200",2024-04-02 08:00:00,"historie",1.56,15.5786417617457,NA,NA,NA
"2201",2024-04-02 09:00:00,"historie",1.65,12.4266617919671,NA,NA,NA
"2202",2024-04-02 10:00:00,"historie",2.83,17.6456620669865,NA,NA,NA
"2203",2024-04-02 11:00:00,"historie",2.02,33.2449893286505,NA,NA,NA
"2204",2024-04-02 12:00:00,"historie",2.03,53.3732741542574,NA,NA,NA
"2205",2024-04-02 13:00:00,"historie",1.9,70.0014539272423,NA,NA,NA
"2206",2024-04-02 14:00:00,"historie",1.31,79.0684873430097,NA,NA,NA
"2207",2024-04-02 15:00:00,"historie",2.1,74.8067549552488,NA,NA,NA
"2208",2024-04-02 16:00:00,"historie",2.85,68.9118649225025,NA,NA,NA
"2209",2024-04-02 17:00:00,"historie",3.12,66.5641938972987,NA,NA,NA
"2210",2024-04-02 18:00:00,"historie",2.21,61.6863933312048,NA,NA,NA
"2211",2024-04-02 19:00:00,"historie",5.15,59.4410786894612,NA,NA,NA
"2212",2024-04-02 20:00:00,"historie",4.82,46.7655669708286,NA,NA,NA
"2213",2024-04-02 21:00:00,"historie",4.35,42.5716278986664,NA,NA,NA
"2214",2024-04-02 22:00:00,"historie",4.26,47.6344642959944,NA,NA,NA
"2215",2024-04-02 23:00:00,"historie",5.31,41.4011018451785,NA,NA,NA
"2216",2024-04-03,"historie",6.18,40.1738288922871,NA,NA,NA
"2217",2024-04-03 01:00:00,"historie",3.45,41.8422017484197,NA,NA,NA
"2218",2024-04-03 02:00:00,"historie",2.76,38.4651359742962,NA,NA,NA
"2219",2024-04-03 03:00:00,"historie",9.18,41.5230490028898,NA,NA,NA
"2220",2024-04-03 04:00:00,"historie",9.9,41.285218473781,NA,NA,NA
"2221",2024-04-03 05:00:00,"historie",8,36.9799515262226,NA,NA,NA
"2222",2024-04-03 06:00:00,"historie",5.85,43.2453087364,NA,NA,NA
"2223",2024-04-03 07:00:00,"historie",8.8,48.761901202366,NA,NA,NA
"2224",2024-04-03 08:00:00,"historie",4.51,50.1642681100072,NA,NA,NA
"2225",2024-04-03 09:00:00,"historie",7.9,54.8225044170027,NA,NA,NA
"2226",2024-04-03 10:00:00,"historie",12.26,53.0649307385938,NA,NA,NA
"2227",2024-04-03 11:00:00,"historie",3.9,53.8687318799527,NA,NA,NA
"2228",2024-04-03 12:00:00,"historie",4.38,59.3508834448002,NA,NA,NA
"2229",2024-04-03 13:00:00,"historie",5.79,66.7317030690523,NA,NA,NA
"2230",2024-04-03 14:00:00,"historie",1.67,61.6167835889934,NA,NA,NA
"2231",2024-04-03 15:00:00,"historie",2.55,62.5573588404629,NA,NA,NA
"2232",2024-04-03 16:00:00,"historie",3.39,65.100359846618,NA,NA,NA
"2233",2024-04-03 17:00:00,"historie",3.6,61.5046968780507,NA,NA,NA
"2234",2024-04-03 18:00:00,"historie",7.46,63.6584622959946,NA,NA,NA
"2235",2024-04-03 19:00:00,"historie",12.05,55.148682326736,NA,NA,NA
"2236",2024-04-03 20:00:00,"historie",7.29,56.7014369866308,NA,NA,NA
"2237",2024-04-03 21:00:00,"historie",3.2,53.5791532712833,NA,NA,NA
"2238",2024-04-03 22:00:00,"historie",5.23,49.992291902475,NA,NA,NA
"2239",2024-04-03 23:00:00,"historie",19.97,52.2658593697403,NA,NA,NA
"2240",2024-04-04,"historie",6.82,44.021368444331,NA,NA,NA
"2241",2024-04-04 01:00:00,"historie",2.42,45.4134175862856,NA,NA,NA
"2242",2024-04-04 02:00:00,"historie",1.36,50.6940566310466,NA,NA,NA
"2243",2024-04-04 03:00:00,"historie",2.49,52.4269905362992,NA,NA,NA
"2244",2024-04-04 04:00:00,"historie",2.31,52.066135548766,NA,NA,NA
"2245",2024-04-04 05:00:00,"historie",3.4,45.9163664191945,NA,NA,NA
"2246",2024-04-04 06:00:00,"historie",6.34,37.2227667661091,NA,NA,NA
"2247",2024-04-04 07:00:00,"historie",8.5,23.006580413677,NA,NA,NA
"2248",2024-04-04 08:00:00,"historie",2.85,19.1915430909516,NA,NA,NA
"2249",2024-04-04 09:00:00,"historie",2.49,17.2243457417792,NA,NA,NA
"2250",2024-04-04 10:00:00,"historie",1.77,17.0678034888471,NA,NA,NA
"2251",2024-04-04 11:00:00,"historie",2.02,16.0311260168205,NA,NA,NA
"2252",2024-04-04 12:00:00,"historie",1.44,13.7848358360945,NA,NA,NA
"2253",2024-04-04 13:00:00,"historie",1.69,11.6157026885259,NA,NA,NA
"2254",2024-04-04 14:00:00,"historie",2.77,4.29973556636066,NA,NA,NA
"2255",2024-04-04 15:00:00,"historie",1.98,3.19457061139228,NA,NA,NA
"2256",2024-04-04 16:00:00,"historie",2.23,2.41962164334229,NA,NA,NA
"2257",2024-04-04 17:00:00,"historie",2.08,2.05213882443058,NA,NA,NA
"2258",2024-04-04 18:00:00,"historie",2.46,2.50322831582706,NA,NA,NA
"2259",2024-04-04 19:00:00,"historie",3.33,2.56713809900684,NA,NA,NA
"2260",2024-04-04 20:00:00,"historie",3.61,1.44050643532984,NA,NA,NA
"2261",2024-04-04 21:00:00,"historie",3.3,1.10718949708867,NA,NA,NA
"2262",2024-04-04 22:00:00,"historie",3.18,1.40260432219405,NA,NA,NA
"2263",2024-04-04 23:00:00,"historie",3.03,1.06001817613371,NA,NA,NA
"2264",2024-04-05,"historie",3.28,8.70802529394802,NA,NA,NA
"2265",2024-04-05 01:00:00,"historie",2.98,1.57110430359602,NA,NA,NA
"2266",2024-04-05 02:00:00,"historie",5.11,1.52924379414204,NA,NA,NA
"2267",2024-04-05 03:00:00,"historie",5.21,1.59002100469897,NA,NA,NA
"2268",2024-04-05 04:00:00,"historie",6.64,2.04435610347426,NA,NA,NA
"2269",2024-04-05 05:00:00,"historie",8.62,1.89350239390177,NA,NA,NA
"2270",2024-04-05 06:00:00,"historie",8.47,1.73156015052378,NA,NA,NA
"2271",2024-04-05 07:00:00,"historie",8.97,1.81401436984343,NA,NA,NA
"2272",2024-04-05 08:00:00,"historie",11.67,2.91975689316125,NA,NA,NA
"2273",2024-04-05 09:00:00,"historie",10.64,2.16938281790345,NA,NA,NA
"2274",2024-04-05 10:00:00,"historie",9.15,2.17707282191784,NA,NA,NA
"2275",2024-04-05 11:00:00,"historie",8.3,2.05155287019476,NA,NA,NA
"2276",2024-04-05 12:00:00,"historie",6.03,1.47373034320926,NA,NA,NA
"2277",2024-04-05 13:00:00,"historie",3.25,2.23106411202079,NA,NA,NA
"2278",2024-04-05 14:00:00,"historie",2.21,2.92553888365638,NA,NA,NA
"2279",2024-04-05 15:00:00,"historie",2.08,3.17785382719507,NA,NA,NA
"2280",2024-04-05 16:00:00,"historie",2.31,2.34734330790805,NA,NA,NA
"2281",2024-04-05 17:00:00,"historie",2.49,4.96955146780003,NA,NA,NA
"2282",2024-04-05 18:00:00,"historie",2.72,4.71542504965487,NA,NA,NA
"2283",2024-04-05 19:00:00,"historie",4.28,4.32681947229379,NA,NA,NA
"2284",2024-04-05 20:00:00,"historie",3.22,4.26260957594911,NA,NA,NA
"2285",2024-04-05 21:00:00,"historie",16.08,5.19772810162544,NA,NA,NA
"2286",2024-04-05 22:00:00,"historie",8.85,5.97157270783019,NA,NA,NA
"2287",2024-04-05 23:00:00,"historie",3.35,3.57866851185794,NA,NA,NA
"2288",2024-04-06,"historie",3.54,2.93601205525665,NA,NA,NA
"2289",2024-04-06 01:00:00,"historie",7.92,8.50720237223794,NA,NA,NA
"2290",2024-04-06 02:00:00,"historie",5.18,9.16406486837786,NA,NA,NA
"2291",2024-04-06 03:00:00,"historie",4.39,7.6401540110249,NA,NA,NA
"2292",2024-04-06 04:00:00,"historie",3.42,5.81534596287465,NA,NA,NA
"2293",2024-04-06 05:00:00,"historie",5.41,8.36658519809852,NA,NA,NA
"2294",2024-04-06 06:00:00,"historie",6.05,4.64635574353762,NA,NA,NA
"2295",2024-04-06 07:00:00,"historie",10.5,7.6302221354542,NA,NA,NA
"2296",2024-04-06 08:00:00,"historie",13.47,11.3031770471255,NA,NA,NA
"2297",2024-04-06 09:00:00,"historie",3.18,4.11928443993848,NA,NA,NA
"2298",2024-04-06 10:00:00,"historie",2.12,4.55152547111225,NA,NA,NA
"2299",2024-04-06 11:00:00,"historie",2.26,5.81843355837401,NA,NA,NA
"2300",2024-04-06 12:00:00,"historie",2.42,1.93294753561966,NA,NA,NA
"2301",2024-04-06 13:00:00,"historie",2.51,2.7883559213002,NA,NA,NA
"2302",2024-04-06 14:00:00,"historie",2.28,3.57251794996423,NA,NA,NA
"2303",2024-04-06 15:00:00,"historie",1.9,3.76069864338861,NA,NA,NA
"2304",2024-04-06 16:00:00,"historie",1.93,7.166238208561,NA,NA,NA
"2305",2024-04-06 17:00:00,"historie",1.67,11.0105967831081,NA,NA,NA
"2306",2024-04-06 18:00:00,"historie",2.33,7.10358897049717,NA,NA,NA
"2307",2024-04-06 19:00:00,"historie",5.79,3.43237908392385,NA,NA,NA
"2308",2024-04-06 20:00:00,"historie",5.82,5.28603811402503,NA,NA,NA
"2309",2024-04-06 21:00:00,"historie",7.24,17.3466554425495,NA,NA,NA
"2310",2024-04-06 22:00:00,"historie",7.7,6.76032033081909,NA,NA,NA
"2311",2024-04-06 23:00:00,"historie",12.42,2.70042529224103,NA,NA,NA
"2312",2024-04-07,"historie",9.53,1.60898241966199,NA,NA,NA
"2313",2024-04-07 01:00:00,"historie",8.13,2.72255643130119,NA,NA,NA
"2314",2024-04-07 02:00:00,"historie",6.2,2.53583105585659,NA,NA,NA
"2315",2024-04-07 03:00:00,"historie",5.13,3.55630184659603,NA,NA,NA
"2316",2024-04-07 04:00:00,"historie",5.1,6.17259699395085,NA,NA,NA
"2317",2024-04-07 05:00:00,"historie",5.38,8.03465808407648,NA,NA,NA
"2318",2024-04-07 06:00:00,"historie",5.62,3.06567543607027,NA,NA,NA
"2319",2024-04-07 07:00:00,"historie",6,2.71051010923747,NA,NA,NA
"2320",2024-04-07 08:00:00,"historie",7.92,1.99476142401351,NA,NA,NA
"2321",2024-04-07 09:00:00,"historie",8.03,2.22916487369471,NA,NA,NA
"2322",2024-04-07 10:00:00,"historie",11.6,1.64413087362608,NA,NA,NA
"2323",2024-04-07 11:00:00,"historie",8.37,1.88296085258108,NA,NA,NA
"2324",2024-04-07 12:00:00,"historie",4.15,2.90555338906594,NA,NA,NA
"2325",2024-04-07 13:00:00,"historie",4.46,2.15716244692947,NA,NA,NA
"2326",2024-04-07 14:00:00,"historie",5.58,2.3907460332913,NA,NA,NA
"2327",2024-04-07 15:00:00,"historie",6.13,2.24442861285872,NA,NA,NA
"2328",2024-04-07 16:00:00,"historie",7.85,2.59988938264765,NA,NA,NA
"2329",2024-04-07 17:00:00,"historie",8.49,3.3996316283225,NA,NA,NA
"2330",2024-04-07 18:00:00,"historie",7.95,3.65920824929731,NA,NA,NA
"2331",2024-04-07 19:00:00,"historie",8.13,3.38713289127007,NA,NA,NA
"2332",2024-04-07 20:00:00,"historie",8.18,3.28224252219493,NA,NA,NA
"2333",2024-04-07 21:00:00,"historie",8.64,3.14754038975099,NA,NA,NA
"2334",2024-04-07 22:00:00,"historie",7.85,3.37831304512398,NA,NA,NA
"2335",2024-04-07 23:00:00,"historie",8.03,3.10594284650414,NA,NA,NA
"2336",2024-04-08,"historie",7.4,5.01097026541344,NA,NA,NA
"2337",2024-04-08 01:00:00,"historie",8.05,5.11901047219655,NA,NA,NA
"2338",2024-04-08 02:00:00,"historie",8.85,6.37118865839969,NA,NA,NA
"2339",2024-04-08 03:00:00,"historie",9.41,8.07119037544524,NA,NA,NA
"2340",2024-04-08 04:00:00,"historie",8.78,7.99778503698618,NA,NA,NA
"2341",2024-04-08 05:00:00,"historie",9.58,8.46147575826058,NA,NA,NA
"2342",2024-04-08 06:00:00,"historie",9.3,10.7412273267094,NA,NA,NA
"2343",2024-04-08 07:00:00,"historie",10.87,9.96144165425894,NA,NA,NA
"2344",2024-04-08 08:00:00,"historie",11.62,8.75841878811521,NA,NA,NA
"2345",2024-04-08 09:00:00,"historie",13.69,8.05972207692341,NA,NA,NA
"2346",2024-04-08 10:00:00,"historie",15.79,6.08456761980243,NA,NA,NA
"2347",2024-04-08 11:00:00,"historie",10.51,3.5156898066686,NA,NA,NA
"2348",2024-04-08 12:00:00,"historie",9.25,2.48495779888735,NA,NA,NA
"2349",2024-04-08 13:00:00,"historie",9.62,2.33782339506219,NA,NA,NA
"2350",2024-04-08 14:00:00,"historie",9.69,2.54816922429117,NA,NA,NA
"2351",2024-04-08 15:00:00,"historie",9.54,2.70929510294807,NA,NA,NA
"2352",2024-04-08 16:00:00,"historie",8.9,2.91831330119397,NA,NA,NA
"2353",2024-04-08 17:00:00,"historie",9.92,4.34960021037991,NA,NA,NA
"2354",2024-04-08 18:00:00,"historie",9.5,3.382520090357,NA,NA,NA
"2355",2024-04-08 19:00:00,"historie",9.31,14.0580134701698,NA,NA,NA
"2356",2024-04-08 20:00:00,"historie",8.82,8.36859316093248,NA,NA,NA
"2357",2024-04-08 21:00:00,"historie",9.51,3.5541671201294,NA,NA,NA
"2358",2024-04-08 22:00:00,"historie",10.5,3.7216924060275,NA,NA,NA
"2359",2024-04-08 23:00:00,"historie",10.63,7.58435242900026,NA,NA,NA
"2360",2024-04-09,"historie",10.38,5.22668144476465,NA,NA,NA
"2361",2024-04-09 01:00:00,"historie",12.21,4.51558139106574,NA,NA,NA
"2362",2024-04-09 02:00:00,"historie",10.78,3.61585229748471,NA,NA,NA
"2363",2024-04-09 03:00:00,"historie",10.16,5.41615381419162,NA,NA,NA
"2364",2024-04-09 04:00:00,"historie",10.3,5.98752550354251,NA,NA,NA
"2365",2024-04-09 05:00:00,"historie",10.18,9.7801800602808,NA,NA,NA
"2366",2024-04-09 06:00:00,"historie",8.5,12.267320534497,NA,NA,NA
"2367",2024-04-09 07:00:00,"historie",7.1,3.43433201752668,NA,NA,NA
"2368",2024-04-09 08:00:00,"historie",7.72,2.38589362826934,NA,NA,NA
"2369",2024-04-09 09:00:00,"historie",5.42,2.50703474125936,NA,NA,NA
"2370",2024-04-09 10:00:00,"historie",4.44,2.64834256474671,NA,NA,NA
"2371",2024-04-09 11:00:00,"historie",4.95,2.72295251690349,NA,NA,NA
"2372",2024-04-09 12:00:00,"historie",6.05,2.4911437338113,NA,NA,NA
"2373",2024-04-09 13:00:00,"historie",7.38,2.1108011161336,NA,NA,NA
"2374",2024-04-09 14:00:00,"historie",7.79,2.12990353946688,NA,NA,NA
"2375",2024-04-09 15:00:00,"historie",9.1,1.86565466669771,NA,NA,NA
"2376",2024-04-09 16:00:00,"historie",10.44,2.49472688544151,NA,NA,NA
"2377",2024-04-09 17:00:00,"historie",26.92,5.58236256721784,NA,NA,NA
"2378",2024-04-09 18:00:00,"historie",24.97,5.63786984866879,NA,NA,NA
"2379",2024-04-09 19:00:00,"historie",11.47,6.87422592665696,NA,NA,NA
"2380",2024-04-09 20:00:00,"historie",5.15,7.30191610016489,NA,NA,NA
"2381",2024-04-09 21:00:00,"historie",3.59,11.2181479546242,NA,NA,NA
"2382",2024-04-09 22:00:00,"historie",2.36,8.94467262557925,NA,NA,NA
"2383",2024-04-09 23:00:00,"historie",2,7.81109974419719,NA,NA,NA
"2384",2024-04-10,"historie",1.84,6.16424595684048,NA,NA,NA
"2385",2024-04-10 01:00:00,"historie",2.02,5.21664782191982,NA,NA,NA
"2386",2024-04-10 02:00:00,"historie",2.62,5.18709164070612,NA,NA,NA
"2387",2024-04-10 03:00:00,"historie",1.98,5.43628187511534,NA,NA,NA
"2388",2024-04-10 04:00:00,"historie",1.76,5.65068803494209,NA,NA,NA
"2389",2024-04-10 05:00:00,"historie",2.33,5.99004752965322,NA,NA,NA
"2390",2024-04-10 06:00:00,"historie",2.18,7.66775097728263,NA,NA,NA
"2391",2024-04-10 07:00:00,"historie",3.03,7.78331107328367,NA,NA,NA
"2392",2024-04-10 08:00:00,"historie",2.92,10.8115010689275,NA,NA,NA
"2393",2024-04-10 09:00:00,"historie",2.9,8.13493012935286,NA,NA,NA
"2394",2024-04-10 10:00:00,"historie",5.03,4.37545015634953,NA,NA,NA
"2395",2024-04-10 11:00:00,"historie",4.13,4.64739882051084,NA,NA,NA
"2396",2024-04-10 12:00:00,"historie",3.72,5.65394916821144,NA,NA,NA
"2397",2024-04-10 13:00:00,"historie",2.92,6.14163073151263,NA,NA,NA
"2398",2024-04-10 14:00:00,"historie",3.5,7.64871800521979,NA,NA,NA
"2399",2024-04-10 15:00:00,"historie",3.05,8.21538810547731,NA,NA,NA
"2400",2024-04-10 16:00:00,"historie",3.67,7.76832711446887,NA,NA,NA
"2401",2024-04-10 17:00:00,"historie",3.59,7.93627895964837,NA,NA,NA
"2402",2024-04-10 18:00:00,"historie",3.97,7.99162124092734,NA,NA,NA
"2403",2024-04-10 19:00:00,"historie",3.98,8.40034970139174,NA,NA,NA
"2404",2024-04-10 20:00:00,"historie",11.54,7.7280532394176,NA,NA,NA
"2405",2024-04-10 21:00:00,"historie",9.74,7.89042303583328,NA,NA,NA
"2406",2024-04-10 22:00:00,"historie",8.1,7.34468419097519,NA,NA,NA
"2407",2024-04-10 23:00:00,"historie",10.05,7.91447462093875,NA,NA,NA
"2408",2024-04-11,"historie",7.47,8.61395505815167,NA,NA,NA
"2409",2024-04-11 01:00:00,"historie",6.3,9.10739880966692,NA,NA,NA
"2410",2024-04-11 02:00:00,"historie",5.49,8.57833125024962,NA,NA,NA
"2411",2024-04-11 03:00:00,"historie",4.77,9.2760742807088,NA,NA,NA
"2412",2024-04-11 04:00:00,"historie",5.23,9.04810813313071,NA,NA,NA
"2413",2024-04-11 05:00:00,"historie",6,10.4008768615936,NA,NA,NA
"2414",2024-04-11 06:00:00,"historie",8.97,11.05744598506,NA,NA,NA
"2415",2024-04-11 07:00:00,"historie",12.95,12.8168264480792,NA,NA,NA
"2416",2024-04-11 08:00:00,"historie",11.49,14.5928045260093,NA,NA,NA
"2417",2024-04-11 09:00:00,"historie",11.22,10.2113859868435,NA,NA,NA
"2418",2024-04-11 10:00:00,"historie",8.82,9.12165992663987,NA,NA,NA
"2419",2024-04-11 11:00:00,"historie",3.78,9.43858965941226,NA,NA,NA
"2420",2024-04-11 12:00:00,"historie",3.51,9.49703799427651,NA,NA,NA
"2421",2024-04-11 13:00:00,"historie",4,9.36495647423851,NA,NA,NA
"2422",2024-04-11 14:00:00,"historie",3.73,8.80334897617514,NA,NA,NA
"2423",2024-04-11 15:00:00,"historie",3.15,9.68502433901642,NA,NA,NA
"2424",2024-04-11 16:00:00,"historie",2.97,9.32188134776227,NA,NA,NA
"2425",2024-04-11 17:00:00,"historie",3.64,9.15454920038691,NA,NA,NA
"2426",2024-04-11 18:00:00,"historie",3.69,8.72316555963006,NA,NA,NA
"2427",2024-04-11 19:00:00,"historie",7.22,9.31917670612277,NA,NA,NA
"2428",2024-04-11 20:00:00,"historie",6.45,10.1739723761746,NA,NA,NA
"2429",2024-04-11 21:00:00,"historie",8.35,10.2926961388117,NA,NA,NA
"2430",2024-04-11 22:00:00,"historie",9.08,10.084782389383,NA,NA,NA
"2431",2024-04-11 23:00:00,"historie",7.41,11.6514438114806,NA,NA,NA
"2432",2024-04-12,"historie",9.45,10.449641042926,NA,NA,NA
"2433",2024-04-12 01:00:00,"historie",7.18,9.9195200707981,NA,NA,NA
"2434",2024-04-12 02:00:00,"historie",7.08,10.0401980477422,NA,NA,NA
"2435",2024-04-12 03:00:00,"historie",4.67,9.93703142109517,NA,NA,NA
"2436",2024-04-12 04:00:00,"historie",4.82,8.46816524692919,NA,NA,NA
"2437",2024-04-12 05:00:00,"historie",4.85,7.20922180793963,NA,NA,NA
"2438",2024-04-12 06:00:00,"historie",4.85,7.74495524794626,NA,NA,NA
"2439",2024-04-12 07:00:00,"historie",8,5.65077921000004,NA,NA,NA
"2440",2024-04-12 08:00:00,"historie",7.74,4.7157102653368,NA,NA,NA
"2441",2024-04-12 09:00:00,"historie",19.42,5.16686561264294,NA,NA,NA
"2442",2024-04-12 10:00:00,"historie",17.38,6.15078551502803,NA,NA,NA
"2443",2024-04-12 11:00:00,"historie",5.8,7.32356424114084,NA,NA,NA
"2444",2024-04-12 12:00:00,"historie",4.62,7.6832557184028,NA,NA,NA
"2445",2024-04-12 13:00:00,"historie",4.38,8.8221682354151,NA,NA,NA
"2446",2024-04-12 14:00:00,"historie",4.03,9.9799793706177,NA,NA,NA
"2447",2024-04-12 15:00:00,"historie",3.58,23.1687529778844,NA,NA,NA
"2448",2024-04-12 16:00:00,"historie",2.74,21.872775651857,NA,NA,NA
"2449",2024-04-12 17:00:00,"historie",2.74,11.0550943906519,NA,NA,NA
"2450",2024-04-12 18:00:00,"historie",3.51,5.43909651391904,NA,NA,NA
"2451",2024-04-12 19:00:00,"historie",4.12,3.92874502855149,NA,NA,NA
"2452",2024-04-12 20:00:00,"historie",9.26,2.68852899141118,NA,NA,NA
"2453",2024-04-12 21:00:00,"historie",8.65,2.29938617056436,NA,NA,NA
"2454",2024-04-12 22:00:00,"historie",11.95,2.11501269979906,NA,NA,NA
"2455",2024-04-12 23:00:00,"historie",11.85,2.2767082858101,NA,NA,NA
"2456",2024-04-13,"historie",6.59,2.84641358803717,NA,NA,NA
"2457",2024-04-13 01:00:00,"historie",22.46,2.21063508245261,NA,NA,NA
"2458",2024-04-13 02:00:00,"historie",11.07,1.97953049855094,NA,NA,NA
"2459",2024-04-13 03:00:00,"historie",5.34,2.52310698161643,NA,NA,NA
"2460",2024-04-13 04:00:00,"historie",4.7,2.37074104664203,NA,NA,NA
"2461",2024-04-13 05:00:00,"historie",4.28,3.16371945634191,NA,NA,NA
"2462",2024-04-13 06:00:00,"historie",6.12,3.0600963514338,NA,NA,NA
"2463",2024-04-13 07:00:00,"historie",5.29,3.03928961612263,NA,NA,NA
"2464",2024-04-13 08:00:00,"historie",5.8,4.94921756273487,NA,NA,NA
"2465",2024-04-13 09:00:00,"historie",5.05,4.17002217039157,NA,NA,NA
"2466",2024-04-13 10:00:00,"historie",6,3.80687161118128,NA,NA,NA
"2467",2024-04-13 11:00:00,"historie",6.28,3.07321040431054,NA,NA,NA
"2468",2024-04-13 12:00:00,"historie",5.8,3.60420437014122,NA,NA,NA
"2469",2024-04-13 13:00:00,"historie",4.03,3.19092546120603,NA,NA,NA
"2470",2024-04-13 14:00:00,"historie",3.95,3.75680105683307,NA,NA,NA
"2471",2024-04-13 15:00:00,"historie",2.87,3.6865141259896,NA,NA,NA
"2472",2024-04-13 16:00:00,"historie",2.5,4.03215356576333,NA,NA,NA
"2473",2024-04-13 17:00:00,"historie",3.08,4.04562370616983,NA,NA,NA
"2474",2024-04-13 18:00:00,"historie",3.45,10.407386319234,NA,NA,NA
"2475",2024-04-13 19:00:00,"historie",3.95,9.0335642908473,NA,NA,NA
"2476",2024-04-13 20:00:00,"historie",31.08,7.72072283481092,NA,NA,NA
"2477",2024-04-13 21:00:00,"historie",8.61,9.38811116516723,NA,NA,NA
"2478",2024-04-13 22:00:00,"historie",8.12,7.25535612953501,NA,NA,NA
"2479",2024-04-13 23:00:00,"historie",13.71,6.25373766913978,NA,NA,NA
"2480",2024-04-14,"historie",8.18,5.54034664620995,NA,NA,NA
"2481",2024-04-14 01:00:00,"historie",10.13,4.88989446006049,NA,NA,NA
"2482",2024-04-14 02:00:00,"historie",8.22,5.29914246363529,NA,NA,NA
"2483",2024-04-14 03:00:00,"historie",10.68,5.98291967631629,NA,NA,NA
"2484",2024-04-14 04:00:00,"historie",8.93,8.55157777255558,NA,NA,NA
"2485",2024-04-14 05:00:00,"historie",9.46,11.8849933000107,NA,NA,NA
"2486",2024-04-14 06:00:00,"historie",9.67,10.7518068624337,NA,NA,NA
"2487",2024-04-14 07:00:00,"historie",6.49,10.5722643689259,NA,NA,NA
"2488",2024-04-14 08:00:00,"historie",7.35,8.57092310487848,NA,NA,NA
"2489",2024-04-14 09:00:00,"historie",7.39,4.0487596105956,NA,NA,NA
"2490",2024-04-14 10:00:00,"historie",6.1,3.77173538909006,NA,NA,NA
"2491",2024-04-14 11:00:00,"historie",4.23,4.21360878558548,NA,NA,NA
"2492",2024-04-14 12:00:00,"historie",3,3.9466449954623,NA,NA,NA
"2493",2024-04-14 13:00:00,"historie",3.56,3.38526358796772,NA,NA,NA
"2494",2024-04-14 14:00:00,"historie",4.25,3.1990613580597,NA,NA,NA
"2495",2024-04-14 15:00:00,"historie",6.32,3.81493917050919,NA,NA,NA
"2496",2024-04-14 16:00:00,"historie",5.22,3.85265595908057,NA,NA,NA
"2497",2024-04-14 17:00:00,"historie",3.86,6.97296636510233,NA,NA,NA
"2498",2024-04-14 18:00:00,"historie",4.72,6.33059722800902,NA,NA,NA
"2499",2024-04-14 19:00:00,"historie",5.15,7.97578333529032,NA,NA,NA
"2500",2024-04-14 20:00:00,"historie",4.36,8.62340789677351,NA,NA,NA
"2501",2024-04-14 21:00:00,"historie",15.36,7.22961122819116,NA,NA,NA
"2502",2024-04-14 22:00:00,"historie",16.38,8.98652753671037,NA,NA,NA
"2503",2024-04-14 23:00:00,"historie",11.21,7.06839736893039,NA,NA,NA
"2504",2024-04-15,"historie",4.46,6.98809879862749,NA,NA,NA
"2505",2024-04-15 01:00:00,"historie",3.67,4.83572171282366,NA,NA,NA
"2506",2024-04-15 02:00:00,"historie",5.28,4.96117704001049,NA,NA,NA
"2507",2024-04-15 03:00:00,"historie",5.32,4.97913438872428,NA,NA,NA
"2508",2024-04-15 04:00:00,"historie",4.25,4.97111243977829,NA,NA,NA
"2509",2024-04-15 05:00:00,"historie",4.31,7.73668649628561,NA,NA,NA
"2510",2024-04-15 06:00:00,"historie",3.85,7.53200805144728,NA,NA,NA
"2511",2024-04-15 07:00:00,"historie",3.95,17.06009073401,NA,NA,NA
"2512",2024-04-15 08:00:00,"historie",3.02,15.5938744355463,NA,NA,NA
"2513",2024-04-15 09:00:00,"historie",3.03,5.93252644373388,NA,NA,NA
"2514",2024-04-15 10:00:00,"historie",6.97,4.83764045206834,NA,NA,NA
"2515",2024-04-15 11:00:00,"historie",5.82,4.59688799001396,NA,NA,NA
"2516",2024-04-15 12:00:00,"historie",11.03,4.25395710116571,NA,NA,NA
"2517",2024-04-15 13:00:00,"historie",10.78,3.81526258161202,NA,NA,NA
"2518",2024-04-15 14:00:00,"historie",8.43,2.99709668698247,NA,NA,NA
"2519",2024-04-15 15:00:00,"historie",6.92,2.97995863374468,NA,NA,NA
"2520",2024-04-15 16:00:00,"historie",4.05,3.69311319395833,NA,NA,NA
"2521",2024-04-15 17:00:00,"historie",8.38,4.24600405529733,NA,NA,NA
"2522",2024-04-15 18:00:00,"historie",9.22,8.69709108989704,NA,NA,NA
"2523",2024-04-15 19:00:00,"historie",5.34,8.22901459925606,NA,NA,NA
"2524",2024-04-15 20:00:00,"historie",5.8,11.0030801138849,NA,NA,NA
"2525",2024-04-15 21:00:00,"historie",5.11,10.9857925691804,NA,NA,NA
"2526",2024-04-15 22:00:00,"historie",3.55,6.56279113984005,NA,NA,NA
"2527",2024-04-15 23:00:00,"historie",14.53,19.4671140892935,NA,NA,NA
"2528",2024-04-16,"historie",1.82,10.4920620098943,NA,NA,NA
"2529",2024-04-16 01:00:00,"historie",1.41,5.51254487592627,NA,NA,NA
"2530",2024-04-16 02:00:00,"historie",1.6,4.90794402063266,NA,NA,NA
"2531",2024-04-16 03:00:00,"historie",1.16,4.50096142587619,NA,NA,NA
"2532",2024-04-16 04:00:00,"historie",1.23,6.15674685002715,NA,NA,NA
"2533",2024-04-16 05:00:00,"historie",1.44,5.40664943230334,NA,NA,NA
"2534",2024-04-16 06:00:00,"historie",1.65,5.85644880927203,NA,NA,NA
"2535",2024-04-16 07:00:00,"historie",2.26,5.17563949145288,NA,NA,NA
"2536",2024-04-16 08:00:00,"historie",2.95,6.01984206237328,NA,NA,NA
"2537",2024-04-16 09:00:00,"historie",2.69,6.26676077914364,NA,NA,NA
"2538",2024-04-16 10:00:00,"historie",2.33,5.84088669135298,NA,NA,NA
"2539",2024-04-16 11:00:00,"historie",1.69,4.2273138459528,NA,NA,NA
"2540",2024-04-16 12:00:00,"historie",2.17,4.13979803076384,NA,NA,NA
"2541",2024-04-16 13:00:00,"historie",2.85,3.10972525039221,NA,NA,NA
"2542",2024-04-16 14:00:00,"historie",3.29,2.73798997523229,NA,NA,NA
"2543",2024-04-16 15:00:00,"historie",2.98,3.27678863080147,NA,NA,NA
"2544",2024-04-16 16:00:00,"historie",1.74,3.612169826585,NA,NA,NA
"2545",2024-04-16 17:00:00,"historie",1.12,4.06493698227176,NA,NA,NA
"2546",2024-04-16 18:00:00,"historie",1.72,25.2997875374165,NA,NA,NA
"2547",2024-04-16 19:00:00,"historie",2.13,8.22685668793358,NA,NA,NA
"2548",2024-04-16 20:00:00,"historie",2.59,7.83688182030774,NA,NA,NA
"2549",2024-04-16 21:00:00,"historie",2,12.5010149193311,NA,NA,NA
"2550",2024-04-16 22:00:00,"historie",3.03,7.95678219838087,NA,NA,NA
"2551",2024-04-16 23:00:00,"historie",3.29,9.63229286731188,NA,NA,NA
"2552",2024-04-17,"historie",4.56,8.0268272047041,NA,NA,NA
"2553",2024-04-17 01:00:00,"historie",4.32,10.1342921496546,NA,NA,NA
"2554",2024-04-17 02:00:00,"historie",6.18,8.6717985970844,NA,NA,NA
"2555",2024-04-17 03:00:00,"historie",4.72,9.13708331377253,NA,NA,NA
"2556",2024-04-17 04:00:00,"historie",1.79,9.33002952625928,NA,NA,NA
"2557",2024-04-17 05:00:00,"historie",1.79,6.56057345731356,NA,NA,NA
"2558",2024-04-17 06:00:00,"historie",1.59,7.31319516568435,NA,NA,NA
"2559",2024-04-17 07:00:00,"historie",2.25,7.34409994057544,NA,NA,NA
"2560",2024-04-17 08:00:00,"historie",1.95,6.19235113733825,NA,NA,NA
"2561",2024-04-17 09:00:00,"historie",2.15,4.46763703510275,NA,NA,NA
"2562",2024-04-17 10:00:00,"historie",2.54,3.28002371155919,NA,NA,NA
"2563",2024-04-17 11:00:00,"historie",2.33,3.79323656586813,NA,NA,NA
"2564",2024-04-17 12:00:00,"historie",2.16,4.41927700813762,NA,NA,NA
"2565",2024-04-17 13:00:00,"historie",1.98,6.26721797700218,NA,NA,NA
"2566",2024-04-17 14:00:00,"historie",2.1,5.29395011035471,NA,NA,NA
"2567",2024-04-17 15:00:00,"historie",1.82,4.04790656049201,NA,NA,NA
"2568",2024-04-17 16:00:00,"historie",2.26,4.82420526634735,NA,NA,NA
"2569",2024-04-17 17:00:00,"historie",2.45,5.20648863664294,NA,NA,NA
"2570",2024-04-17 18:00:00,"historie",3.21,4.49057805204601,NA,NA,NA
"2571",2024-04-17 19:00:00,"historie",4.03,13.6956931611449,NA,NA,NA
"2572",2024-04-17 20:00:00,"historie",7.18,14.6167711624476,NA,NA,NA
"2573",2024-04-17 21:00:00,"historie",5.9,10.5218771029562,NA,NA,NA
"2574",2024-04-17 22:00:00,"historie",8.05,4.6648302261157,NA,NA,NA
"2575",2024-04-17 23:00:00,"historie",7.51,3.91045615574376,NA,NA,NA
"2576",2024-04-18,"historie",6.44,5.37421722758085,NA,NA,NA
"2577",2024-04-18 01:00:00,"historie",5.59,5.40334705943175,NA,NA,NA
"2578",2024-04-18 02:00:00,"historie",6,4.42308921311635,NA,NA,NA
"2579",2024-04-18 03:00:00,"historie",5.62,4.46670560658083,NA,NA,NA
"2580",2024-04-18 04:00:00,"historie",7,4.03248924472715,NA,NA,NA
"2581",2024-04-18 05:00:00,"historie",9.1,4.11382676641972,NA,NA,NA
"2582",2024-04-18 06:00:00,"historie",12,3.23516963727462,NA,NA,NA
"2583",2024-04-18 07:00:00,"historie",12.78,3.23182817820545,NA,NA,NA
"2584",2024-04-18 08:00:00,"historie",6.42,6.7412003194597,NA,NA,NA
"2585",2024-04-18 09:00:00,"historie",3.33,5.76342760659174,NA,NA,NA
"2586",2024-04-18 10:00:00,"historie",2.64,10.1740054985674,NA,NA,NA
"2587",2024-04-18 11:00:00,"historie",2.51,10.0294819339219,NA,NA,NA
"2588",2024-04-18 12:00:00,"historie",2.56,8.10601480806232,NA,NA,NA
"2589",2024-04-18 13:00:00,"historie",1.77,6.82257700515465,NA,NA,NA
"2590",2024-04-18 14:00:00,"historie",1.77,4.24648984987789,NA,NA,NA
"2591",2024-04-18 15:00:00,"historie",1.95,8.06526484762401,NA,NA,NA
"2592",2024-04-18 16:00:00,"historie",1.95,8.80068825343759,NA,NA,NA
"2593",2024-04-18 17:00:00,"historie",1.79,5.43864742463821,NA,NA,NA
"2594",2024-04-18 18:00:00,"historie",1.64,5.84343394776681,NA,NA,NA
"2595",2024-04-18 19:00:00,"historie",2.35,5.21912527893705,NA,NA,NA
"2596",2024-04-18 20:00:00,"historie",13.58,3.77277880795365,NA,NA,NA
"2597",2024-04-18 21:00:00,"historie",6.45,13.1089876511135,NA,NA,NA
"2598",2024-04-18 22:00:00,"historie",7.67,2.0923131365884,NA,NA,NA
"2599",2024-04-18 23:00:00,"historie",9.87,1.65292133875669,NA,NA,NA
"2600",2024-04-19,"historie",10.49,1.83030041961918,NA,NA,NA
"2601",2024-04-19 01:00:00,"historie",4.44,1.36530571772414,NA,NA,NA
"2602",2024-04-19 02:00:00,"historie",4.69,1.42468639881732,NA,NA,NA
"2603",2024-04-19 03:00:00,"historie",3.55,1.62567873151575,NA,NA,NA
"2604",2024-04-19 04:00:00,"historie",4.9,1.82388647506282,NA,NA,NA
"2605",2024-04-19 05:00:00,"historie",4.97,2.40116872205972,NA,NA,NA
"2606",2024-04-19 06:00:00,"historie",4.72,3.03762721812964,NA,NA,NA
"2607",2024-04-19 07:00:00,"historie",4.78,2.80180973055476,NA,NA,NA
"2608",2024-04-19 08:00:00,"historie",4.82,2.46713827011963,NA,NA,NA
"2609",2024-04-19 09:00:00,"historie",6.5,1.85410448969165,NA,NA,NA
"2610",2024-04-19 10:00:00,"historie",4.79,2.30683013926216,NA,NA,NA
"2611",2024-04-19 11:00:00,"historie",3.7,2.93478100521345,NA,NA,NA
"2612",2024-04-19 12:00:00,"historie",3.32,3.33720663789301,NA,NA,NA
"2613",2024-04-19 13:00:00,"historie",1.82,3.06334433443768,NA,NA,NA
"2614",2024-04-19 14:00:00,"historie",1.08,1.9032534146981,NA,NA,NA
"2615",2024-04-19 15:00:00,"historie",1.82,1.28390692175387,NA,NA,NA
"2616",2024-04-19 16:00:00,"historie",2.64,1.867024980726,NA,NA,NA
"2617",2024-04-19 17:00:00,"historie",2.74,2.25218222413152,NA,NA,NA
"2618",2024-04-19 18:00:00,"historie",3.51,2.67807731236879,NA,NA,NA
"2619",2024-04-19 19:00:00,"historie",2,2.13226369086135,NA,NA,NA
"2620",2024-04-19 20:00:00,"historie",3.68,3.07939214980432,NA,NA,NA
"2621",2024-04-19 21:00:00,"historie",5.08,3.32054093492192,NA,NA,NA
"2622",2024-04-19 22:00:00,"historie",2.49,4.44724134292188,NA,NA,NA
"2623",2024-04-19 23:00:00,"historie",2.31,4.25951189713402,NA,NA,NA
"2624",2024-04-20,"historie",9.92,5.87350575748691,NA,NA,NA
"2625",2024-04-20 01:00:00,"historie",4.28,4.65291331228146,NA,NA,NA
"2626",2024-04-20 02:00:00,"historie",2.41,1.97593296539056,NA,NA,NA
"2627",2024-04-20 03:00:00,"historie",2.13,1.96731913600955,NA,NA,NA
"2628",2024-04-20 04:00:00,"historie",4.38,1.76435285268399,NA,NA,NA
"2629",2024-04-20 05:00:00,"historie",4.47,2.39022236420703,NA,NA,NA
"2630",2024-04-20 06:00:00,"historie",1.79,2.10299632506491,NA,NA,NA
"2631",2024-04-20 07:00:00,"historie",1.56,2.28843551417473,NA,NA,NA
"2632",2024-04-20 08:00:00,"historie",0.9,2.65006650973487,NA,NA,NA
"2633",2024-04-20 09:00:00,"historie",1.32,2.4555566844283,NA,NA,NA
"2634",2024-04-20 10:00:00,"historie",1.05,2.29511629323388,NA,NA,NA
"2635",2024-04-20 11:00:00,"historie",0.59,2.12276414624662,NA,NA,NA
"2636",2024-04-20 12:00:00,"historie",1.37,2.23320814687798,NA,NA,NA
"2637",2024-04-20 13:00:00,"historie",1.62,1.96544403045353,NA,NA,NA
"2638",2024-04-20 14:00:00,"historie",1.64,2.37715589925156,NA,NA,NA
"2639",2024-04-20 15:00:00,"historie",1.31,2.5536133858526,NA,NA,NA
"2640",2024-04-20 16:00:00,"historie",1.37,3.24689049125305,NA,NA,NA
"2641",2024-04-20 17:00:00,"historie",1.87,3.98273889290611,NA,NA,NA
"2642",2024-04-20 18:00:00,"historie",1.59,6.67245261055188,NA,NA,NA
"2643",2024-04-20 19:00:00,"historie",2.38,5.64992915750221,NA,NA,NA
"2644",2024-04-20 20:00:00,"historie",6.36,7.48185466309916,NA,NA,NA
"2645",2024-04-20 21:00:00,"historie",8.38,7.0844362518197,NA,NA,NA
"2646",2024-04-20 22:00:00,"historie",7.9,6.21657824935237,NA,NA,NA
"2647",2024-04-20 23:00:00,"historie",19.45,5.50403150092641,NA,NA,NA
"2648",2024-04-21,"historie",15.6,5.87371572952438,NA,NA,NA
"2649",2024-04-21 01:00:00,"historie",10.18,5.55651025018961,NA,NA,NA
"2650",2024-04-21 02:00:00,"historie",9.36,6.76229876865659,NA,NA,NA
"2651",2024-04-21 03:00:00,"historie",9.97,8.56014072308918,NA,NA,NA
"2652",2024-04-21 04:00:00,"historie",7.08,10.9911338985364,NA,NA,NA
"2653",2024-04-21 05:00:00,"historie",6.97,11.6942589921888,NA,NA,NA
"2654",2024-04-21 06:00:00,"historie",6.44,6.38872573951406,NA,NA,NA
"2655",2024-04-21 07:00:00,"historie",5.67,3.56978520595272,NA,NA,NA
"2656",2024-04-21 08:00:00,"historie",5.15,2.89143518486348,NA,NA,NA
"2657",2024-04-21 09:00:00,"historie",4.63,2.74827669928263,NA,NA,NA
"2658",2024-04-21 10:00:00,"historie",3.35,2.78102225173246,NA,NA,NA
"2659",2024-04-21 11:00:00,"historie",2.79,1.99532487800461,NA,NA,NA
"2660",2024-04-21 12:00:00,"historie",4.36,1.98147523864671,NA,NA,NA
"2661",2024-04-21 13:00:00,"historie",4,2.14599976575861,NA,NA,NA
"2662",2024-04-21 14:00:00,"historie",3.64,2.13606801783035,NA,NA,NA
"2663",2024-04-21 15:00:00,"historie",2.64,1.97187594827873,NA,NA,NA
"2664",2024-04-21 16:00:00,"historie",2.78,1.81697875934941,NA,NA,NA
"2665",2024-04-21 17:00:00,"historie",2.54,2.48875455393359,NA,NA,NA
"2666",2024-04-21 18:00:00,"historie",3.15,11.7756510300145,NA,NA,NA
"2667",2024-04-21 19:00:00,"historie",3.15,6.15929983692491,NA,NA,NA
"2668",2024-04-21 20:00:00,"historie",7.6,7.218187208757,NA,NA,NA
"2669",2024-04-21 21:00:00,"historie",7.68,9.07853049121918,NA,NA,NA
"2670",2024-04-21 22:00:00,"historie",8.68,9.64856475548148,NA,NA,NA
"2671",2024-04-21 23:00:00,"historie",23.03,4.53107811905848,NA,NA,NA
"2672",2024-04-22,"historie",18.72,4.75314826417176,NA,NA,NA
"2673",2024-04-22 01:00:00,"historie",12.36,3.71230872995263,NA,NA,NA
"2674",2024-04-22 02:00:00,"historie",11.12,4.92901851618923,NA,NA,NA
"2675",2024-04-22 03:00:00,"historie",16.21,4.99340711968797,NA,NA,NA
"2676",2024-04-22 04:00:00,"historie",13.72,4.77222001904771,NA,NA,NA
"2677",2024-04-22 05:00:00,"historie",15.87,4.82602901818021,NA,NA,NA
"2678",2024-04-22 06:00:00,"historie",8.85,4.86231770359703,NA,NA,NA
"2679",2024-04-22 07:00:00,"historie",8.84,6.33952864263934,NA,NA,NA
"2680",2024-04-22 08:00:00,"historie",8.03,4.84760427787869,NA,NA,NA
"2681",2024-04-22 09:00:00,"historie",5.62,3.85487015020546,NA,NA,NA
"2682",2024-04-22 10:00:00,"historie",3.51,3.49432280238839,NA,NA,NA
"2683",2024-04-22 11:00:00,"historie",4.05,2.04515848241549,NA,NA,NA
"2684",2024-04-22 12:00:00,"historie",3.72,1.2788087968649,NA,NA,NA
"2685",2024-04-22 13:00:00,"historie",3.23,2.01132956106786,NA,NA,NA
"2686",2024-04-22 14:00:00,"historie",2.51,2.7838132523067,NA,NA,NA
"2687",2024-04-22 15:00:00,"historie",2,2.87305868963391,NA,NA,NA
"2688",2024-04-22 16:00:00,"historie",1.77,3.57514872280423,NA,NA,NA
"2689",2024-04-22 17:00:00,"historie",5.9,2.17337332344167,NA,NA,NA
"2690",2024-04-22 18:00:00,"historie",1.77,3.71963560499135,NA,NA,NA
"2691",2024-04-22 19:00:00,"historie",2.1,4.95857902482055,NA,NA,NA
"2692",2024-04-22 20:00:00,"historie",2.48,2.64514806654371,NA,NA,NA
"2693",2024-04-22 21:00:00,"historie",3.76,2.47005294758657,NA,NA,NA
"2694",2024-04-22 22:00:00,"historie",10.05,8.97205560721263,NA,NA,NA
"2695",2024-04-22 23:00:00,"historie",13.76,4.29579452283796,NA,NA,NA
"2696",2024-04-23,"historie",9.36,2.5854512341359,NA,NA,NA
"2697",2024-04-23 01:00:00,"historie",8.33,2.31041735840474,NA,NA,NA
"2698",2024-04-23 02:00:00,"historie",7.92,4.36287983898424,NA,NA,NA
"2699",2024-04-23 03:00:00,"historie",8.37,4.45241912355977,NA,NA,NA
"2700",2024-04-23 04:00:00,"historie",7.25,1.98206334214214,NA,NA,NA
"2701",2024-04-23 05:00:00,"historie",8.67,1.7458794591875,NA,NA,NA
"2702",2024-04-23 06:00:00,"historie",12.35,1.06629747816811,NA,NA,NA
"2703",2024-04-23 07:00:00,"historie",13.62,1.48436125073723,NA,NA,NA
"2704",2024-04-23 08:00:00,"historie",15.25,1.20588620684667,NA,NA,NA
"2705",2024-04-23 09:00:00,"historie",7.28,0.719028502139597,NA,NA,NA
"2706",2024-04-23 10:00:00,"historie",3.44,1.50318190055229,NA,NA,NA
"2707",2024-04-23 11:00:00,"historie",4.33,1.74040669482327,NA,NA,NA
"2708",2024-04-23 12:00:00,"historie",3.85,1.75842086098661,NA,NA,NA
"2709",2024-04-23 13:00:00,"historie",4.72,1.44020693591948,NA,NA,NA
"2710",2024-04-23 14:00:00,"historie",3.95,1.4954830606211,NA,NA,NA
"2711",2024-04-23 15:00:00,"historie",6.54,1.96767890632325,NA,NA,NA
"2712",2024-04-23 16:00:00,"historie",7.46,1.70585288425186,NA,NA,NA
"2713",2024-04-23 17:00:00,"historie",6.46,2.43857433614243,NA,NA,NA
"2714",2024-04-23 18:00:00,"historie",8.25,5.84556312772961,NA,NA,NA
"2715",2024-04-23 19:00:00,"historie",10.82,7.53804342344841,NA,NA,NA
"2716",2024-04-23 20:00:00,"historie",13.43,7.2299794230664,NA,NA,NA
"2717",2024-04-23 21:00:00,"historie",16.92,16.2151143435869,NA,NA,NA
"2718",2024-04-23 22:00:00,"historie",14.15,13.5287591153986,NA,NA,NA
"2719",2024-04-23 23:00:00,"historie",15.28,9.36868522306704,NA,NA,NA
"2720",2024-04-24,"historie",13.12,8.75300792648233,NA,NA,NA
"2721",2024-04-24 01:00:00,"historie",11.05,9.30393959477455,NA,NA,NA
"2722",2024-04-24 02:00:00,"historie",10.05,6.90212441243346,NA,NA,NA
"2723",2024-04-24 03:00:00,"historie",7.46,6.81886889736006,NA,NA,NA
"2724",2024-04-24 04:00:00,"historie",10.88,6.36607892799776,NA,NA,NA
"2725",2024-04-24 05:00:00,"historie",6.71,5.69007674841751,NA,NA,NA
"2726",2024-04-24 06:00:00,"historie",6.62,5.22288526598306,NA,NA,NA
"2727",2024-04-24 07:00:00,"historie",8.53,4.74749989447996,NA,NA,NA
"2728",2024-04-24 08:00:00,"historie",9.5,3.55720103408186,NA,NA,NA
"2729",2024-04-24 09:00:00,"historie",7.25,3.01278078387921,NA,NA,NA
"2730",2024-04-24 10:00:00,"historie",6.38,4.45442038241922,NA,NA,NA
"2731",2024-04-24 11:00:00,"historie",7.47,4.12306412302785,NA,NA,NA
"2732",2024-04-24 12:00:00,"historie",7,3.7869084368739,NA,NA,NA
"2733",2024-04-24 13:00:00,"historie",5.5,2.84281001170283,NA,NA,NA
"2734",2024-04-24 14:00:00,"historie",5.44,2.96388400522821,NA,NA,NA
"2735",2024-04-24 15:00:00,"historie",9.15,2.72706406317375,NA,NA,NA
"2736",2024-04-24 16:00:00,"historie",9.66,3.28896416237696,NA,NA,NA
"2737",2024-04-24 17:00:00,"historie",7.7,3.28414314325691,NA,NA,NA
"2738",2024-04-24 18:00:00,"historie",7.15,7.16171594076587,NA,NA,NA
"2739",2024-04-24 19:00:00,"historie",4.92,7.26786932021226,NA,NA,NA
"2740",2024-04-24 20:00:00,"historie",7.08,8.14032096512693,NA,NA,NA
"2741",2024-04-24 21:00:00,"historie",9.8,19.4368927158438,NA,NA,NA
"2742",2024-04-24 22:00:00,"historie",10.77,16.3664371265297,NA,NA,NA
"2743",2024-04-24 23:00:00,"historie",9.71,11.4265222151213,NA,NA,NA
"2744",2024-04-25,"historie",10.33,10.4521433582013,NA,NA,NA
"2745",2024-04-25 01:00:00,"historie",9.12,14.6469205800657,NA,NA,NA
"2746",2024-04-25 02:00:00,"historie",7.47,12.7052198596536,NA,NA,NA
"2747",2024-04-25 03:00:00,"historie",7.2,14.5095347906162,NA,NA,NA
"2748",2024-04-25 04:00:00,"historie",6.1,8.68257093040917,NA,NA,NA
"2749",2024-04-25 05:00:00,"historie",4.31,8.66911980292692,NA,NA,NA
"2750",2024-04-25 06:00:00,"historie",5.18,7.95710039227316,NA,NA,NA
"2751",2024-04-25 07:00:00,"historie",4.68,5.79215265708449,NA,NA,NA
"2752",2024-04-25 08:00:00,"historie",3.92,3.80176338079238,NA,NA,NA
"2753",2024-04-25 09:00:00,"historie",2.74,4.28715069978795,NA,NA,NA
"2754",2024-04-25 10:00:00,"historie",2.36,3.95676560854472,NA,NA,NA
"2755",2024-04-25 11:00:00,"historie",2.38,3.47403706732566,NA,NA,NA
"2756",2024-04-25 12:00:00,"historie",2,2.76314658105836,NA,NA,NA
"2757",2024-04-25 13:00:00,"historie",2,2.24436161955215,NA,NA,NA
"2758",2024-04-25 14:00:00,"historie",2.36,1.99901935787615,NA,NA,NA
"2759",2024-04-25 15:00:00,"historie",4.8,5.77043561130765,NA,NA,NA
"2760",2024-04-25 16:00:00,"historie",1.11,1.98906275127118,NA,NA,NA
"2761",2024-04-25 17:00:00,"historie",1.93,2.29887287644535,NA,NA,NA
"2762",2024-04-25 18:00:00,"historie",4.64,2.65163161402613,NA,NA,NA
"2763",2024-04-25 19:00:00,"historie",10.9,3.82391240858188,NA,NA,NA
"2764",2024-04-25 20:00:00,"historie",10.56,9.14827085913519,NA,NA,NA
"2765",2024-04-25 21:00:00,"historie",9.15,12.1820151137989,NA,NA,NA
"2766",2024-04-25 22:00:00,"historie",6.41,8.73636323715709,NA,NA,NA
"2767",2024-04-25 23:00:00,"historie",9.24,7.91932710927146,NA,NA,NA
"2768",2024-04-26,"historie",6.03,7.600598357619,NA,NA,NA
"2769",2024-04-26 01:00:00,"historie",5.25,8.00502281665346,NA,NA,NA
"2770",2024-04-26 02:00:00,"historie",5.61,7.06814653298409,NA,NA,NA
"2771",2024-04-26 03:00:00,"historie",7.92,8.29511401067395,NA,NA,NA
"2772",2024-04-26 04:00:00,"historie",6.21,11.3814012680794,NA,NA,NA
"2773",2024-04-26 05:00:00,"historie",9.74,12.4746937350145,NA,NA,NA
"2774",2024-04-26 06:00:00,"historie",14.46,13.8596604307815,NA,NA,NA
"2775",2024-04-26 07:00:00,"historie",16.18,7.23263041401482,NA,NA,NA
"2776",2024-04-26 08:00:00,"historie",11.97,3.71734442501808,NA,NA,NA
"2777",2024-04-26 09:00:00,"historie",8.15,4.52972130521932,NA,NA,NA
"2778",2024-04-26 10:00:00,"historie",6.38,4.06579199430997,NA,NA,NA
"2779",2024-04-26 11:00:00,"historie",5.78,4.85001351897445,NA,NA,NA
"2780",2024-04-26 12:00:00,"historie",4.74,4.1323205059828,NA,NA,NA
"2781",2024-04-26 13:00:00,"historie",3.18,6.44066481730791,NA,NA,NA
"2782",2024-04-26 14:00:00,"historie",3.82,7.24423621963155,NA,NA,NA
"2783",2024-04-26 15:00:00,"historie",4.03,6.38744174473691,NA,NA,NA
"2784",2024-04-26 16:00:00,"historie",2.77,7.93793493285183,NA,NA,NA
"2785",2024-04-26 17:00:00,"historie",3.08,10.1180512809735,NA,NA,NA
"2786",2024-04-26 18:00:00,"historie",6.59,12.3035588448126,NA,NA,NA
"2787",2024-04-26 19:00:00,"historie",6.35,15.1772323120563,NA,NA,NA
"2788",2024-04-26 20:00:00,"historie",10.37,13.0325546217402,NA,NA,NA
"2789",2024-04-26 21:00:00,"historie",8.72,14.0083516684161,NA,NA,NA
"2790",2024-04-26 22:00:00,"historie",8.05,12.2885311427595,NA,NA,NA
"2791",2024-04-26 23:00:00,"historie",6.87,10.5794928310437,NA,NA,NA
"2792",2024-04-27,"historie",6.56,9.73492171476836,NA,NA,NA
"2793",2024-04-27 01:00:00,"historie",11.1,7.47500536607132,NA,NA,NA
"2794",2024-04-27 02:00:00,"historie",6.53,10.42309655908,NA,NA,NA
"2795",2024-04-27 03:00:00,"historie",5.53,6.79644518569218,NA,NA,NA
"2796",2024-04-27 04:00:00,"historie",6.62,6.6968502795552,NA,NA,NA
"2797",2024-04-27 05:00:00,"historie",7.72,8.3633125606002,NA,NA,NA
"2798",2024-04-27 06:00:00,"historie",11.78,9.19815131230355,NA,NA,NA
"2799",2024-04-27 07:00:00,"historie",15.6,7.24156833454329,NA,NA,NA
"2800",2024-04-27 08:00:00,"historie",9.03,6.45534715274246,NA,NA,NA
"2801",2024-04-27 09:00:00,"historie",5.61,7.40694610006102,NA,NA,NA
"2802",2024-04-27 10:00:00,"historie",4.74,6.98605825306159,NA,NA,NA
"2803",2024-04-27 11:00:00,"historie",3.21,5.63403220196878,NA,NA,NA
"2804",2024-04-27 12:00:00,"historie",3.44,5.56332547127531,NA,NA,NA
"2805",2024-04-27 13:00:00,"historie",2.67,8.79877999207534,NA,NA,NA
"2806",2024-04-27 14:00:00,"historie",2,9.24674061910532,NA,NA,NA
"2807",2024-04-27 15:00:00,"historie",2.13,7.57589678140651,NA,NA,NA
"2808",2024-04-27 16:00:00,"historie",1.95,7.09312596077443,NA,NA,NA
"2809",2024-04-27 17:00:00,"historie",2.58,5.08864168133779,NA,NA,NA
"2810",2024-04-27 18:00:00,"historie",4.89,7.00308488587186,NA,NA,NA
"2811",2024-04-27 19:00:00,"historie",5.3,9.34052349849543,NA,NA,NA
"2812",2024-04-27 20:00:00,"historie",3.82,10.1781782645725,NA,NA,NA
"2813",2024-04-27 21:00:00,"historie",4.75,9.30924015723343,NA,NA,NA
"2814",2024-04-27 22:00:00,"historie",3.21,9.84948338859613,NA,NA,NA
"2815",2024-04-27 23:00:00,"historie",2.46,8.83530515635439,NA,NA,NA
"2816",2024-04-28,"historie",3.64,7.40715557093572,NA,NA,NA
"2817",2024-04-28 01:00:00,"historie",4.22,7.16267713192545,NA,NA,NA
"2818",2024-04-28 02:00:00,"historie",4.1,6.17677592776393,NA,NA,NA
"2819",2024-04-28 03:00:00,"historie",5.87,4.52954782817333,NA,NA,NA
"2820",2024-04-28 04:00:00,"historie",4.5,5.30761833352541,NA,NA,NA
"2821",2024-04-28 05:00:00,"historie",6.05,4.83825289873822,NA,NA,NA
"2822",2024-04-28 06:00:00,"historie",5.28,4.1222675093191,NA,NA,NA
"2823",2024-04-28 07:00:00,"historie",6.47,2.98882409880892,NA,NA,NA
"2824",2024-04-28 08:00:00,"historie",4.78,2.60217111839356,NA,NA,NA
"2825",2024-04-28 09:00:00,"historie",4.11,2.60469376017845,NA,NA,NA
"2826",2024-04-28 10:00:00,"historie",4.65,2.21981659038005,NA,NA,NA
"2827",2024-04-28 11:00:00,"historie",3.33,2.20597826428529,NA,NA,NA
"2828",2024-04-28 12:00:00,"historie",3.67,2.54070650737944,NA,NA,NA
"2829",2024-04-28 13:00:00,"historie",4.74,4.75101855317404,NA,NA,NA
"2830",2024-04-28 14:00:00,"historie",4.03,1.29977637255884,NA,NA,NA
"2831",2024-04-28 15:00:00,"historie",2.84,2.10357037065045,NA,NA,NA
"2832",2024-04-28 16:00:00,"historie",5.31,4.56136667147543,NA,NA,NA
"2833",2024-04-28 17:00:00,"historie",3.11,9.75798421260492,NA,NA,NA
"2834",2024-04-28 18:00:00,"historie",3.33,9.57500715091662,NA,NA,NA
"2835",2024-04-28 19:00:00,"historie",3.54,8.49841984359684,NA,NA,NA
"2836",2024-04-28 20:00:00,"historie",4.23,6.2344420834354,NA,NA,NA
"2837",2024-04-28 21:00:00,"historie",4.66,8.642880550279,NA,NA,NA
"2838",2024-04-28 22:00:00,"historie",6.1,5.94851057152986,NA,NA,NA
"2839",2024-04-28 23:00:00,"historie",7.08,5.26654784618474,NA,NA,NA
"2840",2024-04-29,"historie",5.15,5.5849326306365,NA,NA,NA
"2841",2024-04-29 01:00:00,"historie",5.37,7.5854260051151,NA,NA,NA
"2842",2024-04-29 02:00:00,"historie",8.95,6.13173181959343,NA,NA,NA
"2843",2024-04-29 03:00:00,"historie",8.23,9.14576985912018,NA,NA,NA
"2844",2024-04-29 04:00:00,"historie",6.44,13.0352307270458,NA,NA,NA
"2845",2024-04-29 05:00:00,"historie",6.79,14.4943314353936,NA,NA,NA
"2846",2024-04-29 06:00:00,"historie",7.58,11.1677388401423,NA,NA,NA
"2847",2024-04-29 07:00:00,"historie",7.79,7.96971361698581,NA,NA,NA
"2848",2024-04-29 08:00:00,"historie",5.38,6.41539420470973,NA,NA,NA
"2849",2024-04-29 09:00:00,"historie",1.72,5.86754803830593,NA,NA,NA
"2850",2024-04-29 10:00:00,"historie",2.21,4.91027042950269,NA,NA,NA
"2851",2024-04-29 11:00:00,"historie",1.72,3.43487420275713,NA,NA,NA
"2852",2024-04-29 12:00:00,"historie",2.9,4.01720511938856,NA,NA,NA
"2853",2024-04-29 13:00:00,"historie",2.82,4.19610038251557,NA,NA,NA
"2854",2024-04-29 14:00:00,"historie",2.9,3.00031669808785,NA,NA,NA
"2855",2024-04-29 15:00:00,"historie",3,3.2783666845822,NA,NA,NA
"2856",2024-04-29 16:00:00,"historie",5.58,6.40957683780081,NA,NA,NA
"2857",2024-04-29 17:00:00,"historie",8,6.21569150777561,NA,NA,NA
"2858",2024-04-29 18:00:00,"historie",8.2,9.61752651380108,NA,NA,NA
"2859",2024-04-29 19:00:00,"historie",9.11,8.28967372914359,NA,NA,NA
"2860",2024-04-29 20:00:00,"historie",11.91,7.7468506226322,NA,NA,NA
"2861",2024-04-29 21:00:00,"historie",9.84,6.74577999837272,NA,NA,NA
"2862",2024-04-29 22:00:00,"historie",11,6.47987123675577,NA,NA,NA
"2863",2024-04-29 23:00:00,"historie",8.59,10.3329569116685,NA,NA,NA
"2864",2024-04-30,"historie",10.22,6.48242306485117,NA,NA,NA
"2865",2024-04-30 01:00:00,"historie",8.84,5.59242821954402,NA,NA,NA
"2866",2024-04-30 02:00:00,"historie",7.42,6.54976886990964,NA,NA,NA
"2867",2024-04-30 03:00:00,"historie",5.87,7.50634214961001,NA,NA,NA
"2868",2024-04-30 04:00:00,"historie",5.28,10.9310404615874,NA,NA,NA
"2869",2024-04-30 05:00:00,"historie",7.46,14.0807357278908,NA,NA,NA
"2870",2024-04-30 06:00:00,"historie",8.6,8.72147733663312,NA,NA,NA
"2871",2024-04-30 07:00:00,"historie",10.26,5.72412764799474,NA,NA,NA
"2872",2024-04-30 08:00:00,"historie",4.35,4.91634895194388,NA,NA,NA
"2873",2024-04-30 09:00:00,"historie",3.74,3.46717236153101,NA,NA,NA
"2874",2024-04-30 10:00:00,"historie",3.67,3.66418773405467,NA,NA,NA
"2875",2024-04-30 11:00:00,"historie",4.47,2.91276426692527,NA,NA,NA
"2876",2024-04-30 12:00:00,"historie",4.55,2.24070821047797,NA,NA,NA
"2877",2024-04-30 13:00:00,"historie",4.74,2.3516231804127,NA,NA,NA
"2878",2024-04-30 14:00:00,"historie",5.18,2.16125346657675,NA,NA,NA
"2879",2024-04-30 15:00:00,"historie",4.08,2.75353350490504,NA,NA,NA
"2880",2024-04-30 16:00:00,"historie",3.92,4.83855495225794,NA,NA,NA
"2881",2024-04-30 17:00:00,"historie",4.79,5.20673477927212,NA,NA,NA
"2882",2024-04-30 18:00:00,"historie",4.85,3.90364683356918,NA,NA,NA
"2883",2024-04-30 19:00:00,"historie",6.13,4.73362322887089,NA,NA,NA
"2884",2024-04-30 20:00:00,"historie",4.78,3.34838920035654,NA,NA,NA
"2885",2024-04-30 21:00:00,"historie",4.97,2.63980088951918,NA,NA,NA
"2886",2024-04-30 22:00:00,"historie",4.72,3.72302734769367,NA,NA,NA
"2887",2024-04-30 23:00:00,"historie",4.57,4.24357766496157,NA,NA,NA
"2888",2024-05-01,"historie",4.95,4.14013628417763,NA,NA,NA
"2889",2024-05-01 01:00:00,"historie",5,5.6944913946665,NA,NA,NA
"2890",2024-05-01 02:00:00,"historie",5.95,4.51324080439867,NA,NA,NA
"2891",2024-05-01 03:00:00,"historie",5.71,5.87234327625727,NA,NA,NA
"2892",2024-05-01 04:00:00,"historie",5.95,5.21977182184928,NA,NA,NA
"2893",2024-05-01 05:00:00,"historie",5.72,6.26012511053715,NA,NA,NA
"2894",2024-05-01 06:00:00,"historie",5.54,4.80005273308676,NA,NA,NA
"2895",2024-05-01 07:00:00,"historie",6.03,4.19951366091654,NA,NA,NA
"2896",2024-05-01 08:00:00,"historie",3.9,4.68099420763095,NA,NA,NA
"2897",2024-05-01 09:00:00,"historie",3.95,3.48187977749723,NA,NA,NA
"2898",2024-05-01 10:00:00,"historie",4.85,3.78629070765877,NA,NA,NA
"2899",2024-05-01 11:00:00,"historie",5.33,4.74393321605562,NA,NA,NA
"2900",2024-05-01 12:00:00,"historie",5.62,4.11108497943073,NA,NA,NA
"2901",2024-05-01 13:00:00,"historie",4.7,3.01255630982504,NA,NA,NA
"2902",2024-05-01 14:00:00,"historie",5.15,5.23059561497167,NA,NA,NA
"2903",2024-05-01 15:00:00,"historie",5.35,3.26120325115033,NA,NA,NA
"2904",2024-05-01 16:00:00,"historie",5.82,3.45696040695684,NA,NA,NA
"2905",2024-05-01 17:00:00,"historie",5.56,3.64404675483971,NA,NA,NA
"2906",2024-05-01 18:00:00,"historie",5.08,4.26358627399577,NA,NA,NA
"2907",2024-05-01 19:00:00,"historie",5.62,4.64832274234679,NA,NA,NA
"2908",2024-05-01 20:00:00,"historie",5.68,5.90895097956414,NA,NA,NA
"2909",2024-05-01 21:00:00,"historie",5,6.7641015547024,NA,NA,NA
"2910",2024-05-01 22:00:00,"historie",4.77,5.12029995846594,NA,NA,NA
"2911",2024-05-01 23:00:00,"historie",4.79,5.31883550353916,NA,NA,NA
"2912",2024-05-02,"historie",4.08,8.37567959208421,NA,NA,NA
"2913",2024-05-02 01:00:00,"historie",4.78,7.81288975558208,NA,NA,NA
"2914",2024-05-02 02:00:00,"historie",4.79,6.30850571005346,NA,NA,NA
"2915",2024-05-02 03:00:00,"historie",4.9,6.62029160788619,NA,NA,NA
"2916",2024-05-02 04:00:00,"historie",5.28,7.31022666574867,NA,NA,NA
"2917",2024-05-02 05:00:00,"historie",4.35,7.50581491622378,NA,NA,NA
"2918",2024-05-02 06:00:00,"historie",3.92,5.4172107448055,NA,NA,NA
"2919",2024-05-02 07:00:00,"historie",4.46,1.96902758618468,NA,NA,NA
"2920",2024-05-02 08:00:00,"historie",5.24,2.43635321189368,NA,NA,NA
"2921",2024-05-02 09:00:00,"historie",5.03,1.9385765289935,NA,NA,NA
"2922",2024-05-02 10:00:00,"historie",7.39,3.05798423691782,NA,NA,NA
"2923",2024-05-02 11:00:00,"historie",9.72,2.97536732403198,NA,NA,NA
"2924",2024-05-02 12:00:00,"historie",11.18,3.04254369744512,NA,NA,NA
"2925",2024-05-02 13:00:00,"historie",9.15,3.12923133679079,NA,NA,NA
"2926",2024-05-02 14:00:00,"historie",10.18,5.41710448749085,NA,NA,NA
"2927",2024-05-02 15:00:00,"historie",10.51,7.48062370599695,NA,NA,NA
"2928",2024-05-02 16:00:00,"historie",11.62,7.68915459009015,NA,NA,NA
"2929",2024-05-02 17:00:00,"historie",7.82,8.48428342622308,NA,NA,NA
"2930",2024-05-02 18:00:00,"historie",7.42,10.8167491071492,NA,NA,NA
"2931",2024-05-02 19:00:00,"historie",6,9.19266136057373,NA,NA,NA
"2932",2024-05-02 20:00:00,"historie",5.92,10.1917093193774,NA,NA,NA
"2933",2024-05-02 21:00:00,"historie",6.11,8.22315289398307,NA,NA,NA
"2934",2024-05-02 22:00:00,"historie",5.03,9.6142262319394,NA,NA,NA
"2935",2024-05-02 23:00:00,"historie",6.29,8.48138366317859,NA,NA,NA
"2936",2024-05-03,"historie",5.89,7.27451666668112,NA,NA,NA
"2937",2024-05-03 01:00:00,"historie",7,5.91121319671409,NA,NA,NA
"2938",2024-05-03 02:00:00,"historie",8.33,5.37303011671817,NA,NA,NA
"2939",2024-05-03 03:00:00,"historie",7.77,7.28424817252743,NA,NA,NA
"2940",2024-05-03 04:00:00,"historie",7.15,8.26891458944818,NA,NA,NA
"2941",2024-05-03 05:00:00,"historie",7.4,9.6858106417407,NA,NA,NA
"2942",2024-05-03 06:00:00,"historie",8.26,4.53854148180062,NA,NA,NA
"2943",2024-05-03 07:00:00,"historie",7.68,3.95380347922332,NA,NA,NA
"2944",2024-05-03 08:00:00,"historie",7.74,3.87027222865467,NA,NA,NA
"2945",2024-05-03 09:00:00,"historie",8.88,4.59053546410117,NA,NA,NA
"2946",2024-05-03 10:00:00,"historie",10.67,4.65308001111999,NA,NA,NA
"2947",2024-05-03 11:00:00,"historie",8.25,4.81630716644353,NA,NA,NA
"2948",2024-05-03 12:00:00,"historie",4.51,5.20408337408913,NA,NA,NA
"2949",2024-05-03 13:00:00,"historie",4.32,4.20944831956469,NA,NA,NA
"2950",2024-05-03 14:00:00,"historie",3.8,4.05389982792319,NA,NA,NA
"2951",2024-05-03 15:00:00,"historie",2.65,4.83166114627289,NA,NA,NA
"2952",2024-05-03 16:00:00,"historie",3.41,4.88309325721615,NA,NA,NA
"2953",2024-05-03 17:00:00,"historie",3.72,6.00833971574633,NA,NA,NA
"2954",2024-05-03 18:00:00,"historie",4.13,4.82621181802988,NA,NA,NA
"2955",2024-05-03 19:00:00,"historie",5.12,4.993131196761,NA,NA,NA
"2956",2024-05-03 20:00:00,"historie",3.18,4.76881489117304,NA,NA,NA
"2957",2024-05-03 21:00:00,"historie",4.26,4.63157604719398,NA,NA,NA
"2958",2024-05-03 22:00:00,"historie",4.21,4.96782090137693,NA,NA,NA
"2959",2024-05-03 23:00:00,"historie",2.92,5.01201532466934,NA,NA,NA
"2960",2024-05-04,"historie",3.69,5.84801575399592,NA,NA,NA
"2961",2024-05-04 01:00:00,"historie",3.64,5.64579852392645,NA,NA,NA
"2962",2024-05-04 02:00:00,"historie",3.46,5.86066103752882,NA,NA,NA
"2963",2024-05-04 03:00:00,"historie",3.48,5.66525947610779,NA,NA,NA
"2964",2024-05-04 04:00:00,"historie",3.74,5.51031850334315,NA,NA,NA
"2965",2024-05-04 05:00:00,"historie",3.97,5.94216602447597,NA,NA,NA
"2966",2024-05-04 06:00:00,"historie",4.26,4.04136983751396,NA,NA,NA
"2967",2024-05-04 07:00:00,"historie",4.35,4.07722062806408,NA,NA,NA
"2968",2024-05-04 08:00:00,"historie",4.34,4.88099503717137,NA,NA,NA
"2969",2024-05-04 09:00:00,"historie",3.48,5.30548200009382,NA,NA,NA
"2970",2024-05-04 10:00:00,"historie",3.51,5.5631638615708,NA,NA,NA
"2971",2024-05-04 11:00:00,"historie",3.41,4.7514249467947,NA,NA,NA
"2972",2024-05-04 12:00:00,"historie",2.82,5.14936248906002,NA,NA,NA
"2973",2024-05-04 13:00:00,"historie",2.58,5.32689983624442,NA,NA,NA
"2974",2024-05-04 14:00:00,"historie",2.26,5.74202799510878,NA,NA,NA
"2975",2024-05-04 15:00:00,"historie",2.65,5.51929248402868,NA,NA,NA
"2976",2024-05-04 16:00:00,"historie",2.9,5.09721344959726,NA,NA,NA
"2977",2024-05-04 17:00:00,"historie",3.12,5.57353110898425,NA,NA,NA
"2978",2024-05-04 18:00:00,"historie",3.55,5.62931239607473,NA,NA,NA
"2979",2024-05-04 19:00:00,"historie",4.18,5.0302886344211,NA,NA,NA
"2980",2024-05-04 20:00:00,"historie",11.05,4.8223188440808,NA,NA,NA
"2981",2024-05-04 21:00:00,"historie",8.9,4.83655031368081,NA,NA,NA
"2982",2024-05-04 22:00:00,"historie",10.42,4.19255247947674,NA,NA,NA
"2983",2024-05-04 23:00:00,"historie",10.32,4.81602909787809,NA,NA,NA
"2984",2024-05-05,"historie",10.49,4.82320190652022,NA,NA,NA
"2985",2024-05-05 01:00:00,"historie",11.46,4.91977706576795,NA,NA,NA
"2986",2024-05-05 02:00:00,"historie",12.45,5.25609171777577,NA,NA,NA
"2987",2024-05-05 03:00:00,"historie",12.49,4.42849499465464,NA,NA,NA
"2988",2024-05-05 04:00:00,"historie",12.38,4.03389888221203,NA,NA,NA
"2989",2024-05-05 05:00:00,"historie",13.23,4.51532415757738,NA,NA,NA
"2990",2024-05-05 06:00:00,"historie",13.07,5.206270051729,NA,NA,NA
"2991",2024-05-05 07:00:00,"historie",13.31,5.02456783786827,NA,NA,NA
"2992",2024-05-05 08:00:00,"historie",17.15,7.06952102048723,NA,NA,NA
"2993",2024-05-05 09:00:00,"historie",18.54,9.04269628492573,NA,NA,NA
"2994",2024-05-05 10:00:00,"historie",16.68,10.2867227924572,NA,NA,NA
"2995",2024-05-05 11:00:00,"historie",7.51,8.65772293924173,NA,NA,NA
"2996",2024-05-05 12:00:00,"historie",2.83,9.54629965472571,NA,NA,NA
"2997",2024-05-05 13:00:00,"historie",2.41,9.85489532131012,NA,NA,NA
"2998",2024-05-05 14:00:00,"historie",4.8,10.8083578532887,NA,NA,NA
"2999",2024-05-05 15:00:00,"historie",1.61,7.63562077956368,NA,NA,NA
"3000",2024-05-05 16:00:00,"historie",1,7.29019344596304,NA,NA,NA
"3001",2024-05-05 17:00:00,"historie",2.23,6.03767564345109,NA,NA,NA
"3002",2024-05-05 18:00:00,"historie",0.89,5.9559360558,NA,NA,NA
"3003",2024-05-05 19:00:00,"historie",1.13,6.11521799608675,NA,NA,NA
"3004",2024-05-05 20:00:00,"historie",1.28,5.14040009189377,NA,NA,NA
"3005",2024-05-05 21:00:00,"historie",1.26,6.25166294255841,NA,NA,NA
"3006",2024-05-05 22:00:00,"historie",8.35,5.89478190574378,NA,NA,NA
"3007",2024-05-05 23:00:00,"historie",2.46,6.86342438356846,NA,NA,NA
"3008",2024-05-06,"historie",1.77,8.01166229924093,NA,NA,NA
"3009",2024-05-06 01:00:00,"historie",2.18,7.5449780214514,NA,NA,NA
"3010",2024-05-06 02:00:00,"historie",2.3,7.01541625931028,NA,NA,NA
"3011",2024-05-06 03:00:00,"historie",3.13,7.23408839427007,NA,NA,NA
"3012",2024-05-06 04:00:00,"historie",3.83,7.97839451163293,NA,NA,NA
"3013",2024-05-06 05:00:00,"historie",4.82,7.48868207341089,NA,NA,NA
"3014",2024-05-06 06:00:00,"historie",5.6,7.54442827784765,NA,NA,NA
"3015",2024-05-06 07:00:00,"historie",8.58,8.52622274121032,NA,NA,NA
"3016",2024-05-06 08:00:00,"historie",9.43,10.0486405713695,NA,NA,NA
"3017",2024-05-06 09:00:00,"historie",7.92,8.02063535272195,NA,NA,NA
"3018",2024-05-06 10:00:00,"historie",10.49,4.69712096775672,NA,NA,NA
"3019",2024-05-06 11:00:00,"historie",13.56,4.50254109511696,NA,NA,NA
"3020",2024-05-06 12:00:00,"historie",8.78,4.0026871156285,NA,NA,NA
"3021",2024-05-06 13:00:00,"historie",5.21,2.89488579708172,NA,NA,NA
"3022",2024-05-06 14:00:00,"historie",5.97,3.59647091908531,NA,NA,NA
"3023",2024-05-06 15:00:00,"historie",4.79,3.86986479005231,NA,NA,NA
"3024",2024-05-06 16:00:00,"historie",7.75,4.23407423738653,NA,NA,NA
"3025",2024-05-06 17:00:00,"historie",4.29,5.1143329223606,NA,NA,NA
"3026",2024-05-06 18:00:00,"historie",5.65,3.35317175120479,NA,NA,NA
"3027",2024-05-06 19:00:00,"historie",7.67,4.3307768664915,NA,NA,NA
"3028",2024-05-06 20:00:00,"historie",8.46,4.28218209600782,NA,NA,NA
"3029",2024-05-06 21:00:00,"historie",9.54,3.09331294796999,NA,NA,NA
"3030",2024-05-06 22:00:00,"historie",5.5,3.79364674942163,NA,NA,NA
"3031",2024-05-06 23:00:00,"historie",4.63,3.74327636515968,NA,NA,NA
"3032",2024-05-07,"historie",4.25,3.57432502769838,NA,NA,NA
"3033",2024-05-07 01:00:00,"historie",4.87,3.58744240969391,NA,NA,NA
"3034",2024-05-07 02:00:00,"historie",4.95,3.81942102408434,NA,NA,NA
"3035",2024-05-07 03:00:00,"historie",5.33,4.02479272673276,NA,NA,NA
"3036",2024-05-07 04:00:00,"historie",6.32,4.28428347815906,NA,NA,NA
"3037",2024-05-07 05:00:00,"historie",5.82,4.36660010207409,NA,NA,NA
"3038",2024-05-07 06:00:00,"historie",3.74,4.36025619907724,NA,NA,NA
"3039",2024-05-07 07:00:00,"historie",3.51,3.58662492411983,NA,NA,NA
"3040",2024-05-07 08:00:00,"historie",3.15,3.60964520099015,NA,NA,NA
"3041",2024-05-07 09:00:00,"historie",3.42,3.51478874568815,NA,NA,NA
"3042",2024-05-07 10:00:00,"historie",4.28,2.96666239646999,NA,NA,NA
"3043",2024-05-07 11:00:00,"historie",4.82,2.73516516049038,NA,NA,NA
"3044",2024-05-07 12:00:00,"historie",5.05,2.42546742655879,NA,NA,NA
"3045",2024-05-07 13:00:00,"historie",4.89,2.78369009633755,NA,NA,NA
"3046",2024-05-07 14:00:00,"historie",6.65,3.00992149243121,NA,NA,NA
"3047",2024-05-07 15:00:00,"historie",10.56,3.20862483625628,NA,NA,NA
"3048",2024-05-07 16:00:00,"historie",10.13,3.59689881269844,NA,NA,NA
"3049",2024-05-07 17:00:00,"historie",7.46,4.16060360972338,NA,NA,NA
"3050",2024-05-07 18:00:00,"historie",6.82,9.86973624506278,NA,NA,NA
"3051",2024-05-07 19:00:00,"historie",6.74,8.21933054984271,NA,NA,NA
"3052",2024-05-07 20:00:00,"historie",6.38,9.51112080401228,NA,NA,NA
"3053",2024-05-07 21:00:00,"historie",6.72,9.49239431422586,NA,NA,NA
"3054",2024-05-07 22:00:00,"historie",7,9.68592091292019,NA,NA,NA
"3055",2024-05-07 23:00:00,"historie",6.71,10.5297510054592,NA,NA,NA
"3056",2024-05-08,"historie",5.36,11.3908833685107,NA,NA,NA
"3057",2024-05-08 01:00:00,"historie",4.77,11.4819994481775,NA,NA,NA
"3058",2024-05-08 02:00:00,"historie",5.22,11.443833274107,NA,NA,NA
"3059",2024-05-08 03:00:00,"historie",5.74,12.1851790443685,NA,NA,NA
"3060",2024-05-08 04:00:00,"historie",6.6,12.1015751313909,NA,NA,NA
"3061",2024-05-08 05:00:00,"historie",6.49,12.3394313926017,NA,NA,NA
"3062",2024-05-08 06:00:00,"historie",6.15,15.4964274821766,NA,NA,NA
"3063",2024-05-08 07:00:00,"historie",5.5,16.6810608076971,NA,NA,NA
"3064",2024-05-08 08:00:00,"historie",5.28,15.2581749738402,NA,NA,NA
"3065",2024-05-08 09:00:00,"historie",5.79,7.5443601600003,NA,NA,NA
"3066",2024-05-08 10:00:00,"historie",6.26,3.16555264641836,NA,NA,NA
"3067",2024-05-08 11:00:00,"historie",6.23,2.71794857792568,NA,NA,NA
"3068",2024-05-08 12:00:00,"historie",5.03,4.95705331052184,NA,NA,NA
"3069",2024-05-08 13:00:00,"historie",3.97,1.87500778191134,NA,NA,NA
"3070",2024-05-08 14:00:00,"historie",3.98,1.21535926414878,NA,NA,NA
"3071",2024-05-08 15:00:00,"historie",3.83,2.44167667115938,NA,NA,NA
"3072",2024-05-08 16:00:00,"historie",5.49,1.0750953080295,NA,NA,NA
"3073",2024-05-08 17:00:00,"historie",4.42,1.31277201730427,NA,NA,NA
"3074",2024-05-08 18:00:00,"historie",3.46,1.45345701199861,NA,NA,NA
"3075",2024-05-08 19:00:00,"historie",3.9,1.42371197463364,NA,NA,NA
"3076",2024-05-08 20:00:00,"historie",4.85,7.56922348791543,NA,NA,NA
"3077",2024-05-08 21:00:00,"historie",12.57,2.58392210695267,NA,NA,NA
"3078",2024-05-08 22:00:00,"historie",6.64,1.92718321665432,NA,NA,NA
"3079",2024-05-08 23:00:00,"historie",9.26,2.30974070294327,NA,NA,NA
"3080",2024-05-09,"historie",5.51,2.41811729325445,NA,NA,NA
"3081",2024-05-09 01:00:00,"historie",5.42,3.174460238353,NA,NA,NA
"3082",2024-05-09 02:00:00,"historie",4.68,3.80175668642844,NA,NA,NA
"3083",2024-05-09 03:00:00,"historie",4.35,4.67401042868181,NA,NA,NA
"3084",2024-05-09 04:00:00,"historie",11.69,5.36067682500647,NA,NA,NA
"3085",2024-05-09 05:00:00,"historie",4.9,7.86243070235318,NA,NA,NA
"3086",2024-05-09 06:00:00,"historie",6.13,8.61188537945192,NA,NA,NA
"3087",2024-05-09 07:00:00,"historie",10.38,7.42987585911972,NA,NA,NA
"3088",2024-05-09 08:00:00,"historie",10.84,9.57935666401574,NA,NA,NA
"3089",2024-05-09 09:00:00,"historie",8.89,12.105083393998,NA,NA,NA
"3090",2024-05-09 10:00:00,"historie",5.41,8.2959035010516,NA,NA,NA
"3091",2024-05-09 11:00:00,"historie",4.26,5.24025607370715,NA,NA,NA
"3092",2024-05-09 12:00:00,"historie",3.29,5.90713902037369,NA,NA,NA
"3093",2024-05-09 13:00:00,"historie",3.12,4.86023207920642,NA,NA,NA
"3094",2024-05-09 14:00:00,"historie",3.44,7.43529615059616,NA,NA,NA
"3095",2024-05-09 15:00:00,"historie",3.35,4.41116631705172,NA,NA,NA
"3096",2024-05-09 16:00:00,"historie",3.39,5.61755000867424,NA,NA,NA
"3097",2024-05-09 17:00:00,"historie",3,7.36586866346008,NA,NA,NA
"3098",2024-05-09 18:00:00,"historie",3.2,8.05265947740989,NA,NA,NA
"3099",2024-05-09 19:00:00,"historie",3.27,8.98187161396219,NA,NA,NA
"3100",2024-05-09 20:00:00,"historie",3.59,5.52961637870157,NA,NA,NA
"3101",2024-05-09 21:00:00,"historie",5.15,4.74066719521381,NA,NA,NA
"3102",2024-05-09 22:00:00,"historie",11.31,4.38352172127216,NA,NA,NA
"3103",2024-05-09 23:00:00,"historie",5.69,4.93255344616457,NA,NA,NA
"3104",2024-05-10,"historie",4.77,4.99738777344585,NA,NA,NA
"3105",2024-05-10 01:00:00,"historie",5,5.33025224895092,NA,NA,NA
"3106",2024-05-10 02:00:00,"historie",7.03,6.1968740901686,NA,NA,NA
"3107",2024-05-10 03:00:00,"historie",5.92,5.76537675824701,NA,NA,NA
"3108",2024-05-10 04:00:00,"historie",5.9,3.89599030443141,NA,NA,NA
"3109",2024-05-10 05:00:00,"historie",5.67,3.67124065722895,NA,NA,NA
"3110",2024-05-10 06:00:00,"historie",6.51,3.32460242900005,NA,NA,NA
"3111",2024-05-10 07:00:00,"historie",7.15,3.56308995522942,NA,NA,NA
"3112",2024-05-10 08:00:00,"historie",8.79,4.33593967219701,NA,NA,NA
"3113",2024-05-10 09:00:00,"historie",8.49,4.81482202457873,NA,NA,NA
"3114",2024-05-10 10:00:00,"historie",4.51,5.01981258062902,NA,NA,NA
"3115",2024-05-10 11:00:00,"historie",3.17,4.88177040763624,NA,NA,NA
"3116",2024-05-10 12:00:00,"historie",3.21,6.41367067497329,NA,NA,NA
"3117",2024-05-10 13:00:00,"historie",2.8,9.68970959843197,NA,NA,NA
"3118",2024-05-10 14:00:00,"historie",2.69,9.39252526782677,NA,NA,NA
"3119",2024-05-10 15:00:00,"historie",2.46,7.19463852491144,NA,NA,NA
"3120",2024-05-10 16:00:00,"historie",2.95,6.65681614674878,NA,NA,NA
"3121",2024-05-10 17:00:00,"historie",3.05,6.59372697003623,NA,NA,NA
"3122",2024-05-10 18:00:00,"historie",3.46,6.28510027789732,NA,NA,NA
"3123",2024-05-10 19:00:00,"historie",3.41,6.58273685831073,NA,NA,NA
"3124",2024-05-10 20:00:00,"historie",4.72,6.82938866744912,NA,NA,NA
"3125",2024-05-10 21:00:00,"historie",5.1,6.58330861716729,NA,NA,NA
"3126",2024-05-10 22:00:00,"historie",4.9,5.3965526242948,NA,NA,NA
"3127",2024-05-10 23:00:00,"historie",4.88,4.85998000164693,NA,NA,NA
"3128",2024-05-11,"historie",6.05,5.2537211763725,NA,NA,NA
"3129",2024-05-11 01:00:00,"historie",5.05,5.708887970038,NA,NA,NA
"3130",2024-05-11 02:00:00,"historie",4.69,6.45944219643562,NA,NA,NA
"3131",2024-05-11 03:00:00,"historie",4.6,6.36899651589799,NA,NA,NA
"3132",2024-05-11 04:00:00,"historie",4.68,6.07574834521638,NA,NA,NA
"3133",2024-05-11 05:00:00,"historie",4.58,5.50337794786455,NA,NA,NA
"3134",2024-05-11 06:00:00,"historie",4.9,5.3037883062969,NA,NA,NA
"3135",2024-05-11 07:00:00,"historie",6.75,5.7501075707376,NA,NA,NA
"3136",2024-05-11 08:00:00,"historie",8.58,6.16115994765412,NA,NA,NA
"3137",2024-05-11 09:00:00,"historie",11.49,6.1376868512248,NA,NA,NA
"3138",2024-05-11 10:00:00,"historie",13.13,5.07887055687948,NA,NA,NA
"3139",2024-05-11 11:00:00,"historie",7.72,4.11223033498436,NA,NA,NA
"3140",2024-05-11 12:00:00,"historie",9.19,4.10949776334659,NA,NA,NA
"3141",2024-05-11 13:00:00,"historie",7.74,3.9618672124111,NA,NA,NA
"3142",2024-05-11 14:00:00,"historie",4.15,5.43833974650711,NA,NA,NA
"3143",2024-05-11 15:00:00,"historie",4.35,4.48950278058807,NA,NA,NA
"3144",2024-05-11 16:00:00,"historie",4.58,3.60900781107994,NA,NA,NA
"3145",2024-05-11 17:00:00,"historie",5.55,4.00164670623427,NA,NA,NA
"3146",2024-05-11 18:00:00,"historie",7.72,4.84708133204661,NA,NA,NA
"3147",2024-05-11 19:00:00,"historie",5.55,11.2794385881642,NA,NA,NA
"3148",2024-05-11 20:00:00,"historie",5.97,6.45188112313598,NA,NA,NA
"3149",2024-05-11 21:00:00,"historie",5.95,8.6788229732544,NA,NA,NA
"3150",2024-05-11 22:00:00,"historie",8.21,5.49847467193773,NA,NA,NA
"3151",2024-05-11 23:00:00,"historie",12.15,5.41628849675079,NA,NA,NA
"3152",2024-05-12,"historie",7.51,4.75275075861414,NA,NA,NA
"3153",2024-05-12 01:00:00,"historie",5.92,4.44745217999797,NA,NA,NA
"3154",2024-05-12 02:00:00,"historie",5.39,10.6647740043323,NA,NA,NA
"3155",2024-05-12 03:00:00,"historie",5.92,4.96132318033941,NA,NA,NA
"3156",2024-05-12 04:00:00,"historie",6.67,6.04213594445946,NA,NA,NA
"3157",2024-05-12 05:00:00,"historie",8.53,9.64184260030956,NA,NA,NA
"3158",2024-05-12 06:00:00,"historie",8.51,10.0622910804964,NA,NA,NA
"3159",2024-05-12 07:00:00,"historie",9.72,8.47387598528925,NA,NA,NA
"3160",2024-05-12 08:00:00,"historie",10.32,5.4665941504718,NA,NA,NA
"3161",2024-05-12 09:00:00,"historie",7.91,4.41435420602059,NA,NA,NA
"3162",2024-05-12 10:00:00,"historie",7.18,3.49843489022752,NA,NA,NA
"3163",2024-05-12 11:00:00,"historie",6.05,3.32119610089249,NA,NA,NA
"3164",2024-05-12 12:00:00,"historie",5.95,3.60442290857382,NA,NA,NA
"3165",2024-05-12 13:00:00,"historie",5,3.50863491319943,NA,NA,NA
"3166",2024-05-12 14:00:00,"historie",3.88,3.53440906505441,NA,NA,NA
"3167",2024-05-12 15:00:00,"historie",3.53,3.16279129935458,NA,NA,NA
"3168",2024-05-12 16:00:00,"historie",2.95,3.33802126445412,NA,NA,NA
"3169",2024-05-12 17:00:00,"historie",2.72,3.39447499212728,NA,NA,NA
"3170",2024-05-12 18:00:00,"historie",2.49,3.68021636010811,NA,NA,NA
"3171",2024-05-12 19:00:00,"historie",2.31,5.06268931569363,NA,NA,NA
"3172",2024-05-12 20:00:00,"historie",3.42,10.1881193311946,NA,NA,NA
"3173",2024-05-12 21:00:00,"historie",9.79,5.58188011489795,NA,NA,NA
"3174",2024-05-12 22:00:00,"historie",9.68,4.78048033746542,NA,NA,NA
"3175",2024-05-12 23:00:00,"historie",4.18,4.9838409703045,NA,NA,NA
"3176",2024-05-13,"historie",2.62,6.74363334708716,NA,NA,NA
"3177",2024-05-13 01:00:00,"historie",2.95,5.80659027702761,NA,NA,NA
"3178",2024-05-13 02:00:00,"historie",2.98,5.79583284639152,NA,NA,NA
"3179",2024-05-13 03:00:00,"historie",4.36,5.60052408241233,NA,NA,NA
"3180",2024-05-13 04:00:00,"historie",10.1,6.33388340506915,NA,NA,NA
"3181",2024-05-13 05:00:00,"historie",6.33,6.89348698734442,NA,NA,NA
"3182",2024-05-13 06:00:00,"historie",6.75,8.29542674978884,NA,NA,NA
"3183",2024-05-13 07:00:00,"historie",7.03,8.07060426534963,NA,NA,NA
"3184",2024-05-13 08:00:00,"historie",4.45,4.61804979654098,NA,NA,NA
"3185",2024-05-13 09:00:00,"historie",2.97,3.37018499922449,NA,NA,NA
"3186",2024-05-13 10:00:00,"historie",2.55,3.39178869833774,NA,NA,NA
"3187",2024-05-13 11:00:00,"historie",2.58,2.99258496145896,NA,NA,NA
"3188",2024-05-13 12:00:00,"historie",2.72,2.87492273243942,NA,NA,NA
"3189",2024-05-13 13:00:00,"historie",2.41,2.64444854295161,NA,NA,NA
"3190",2024-05-13 14:00:00,"historie",2.74,3.09278379105141,NA,NA,NA
"3191",2024-05-13 15:00:00,"historie",2.74,3.17745247302076,NA,NA,NA
"3192",2024-05-13 16:00:00,"historie",2.88,3.54636514917948,NA,NA,NA
"3193",2024-05-13 17:00:00,"historie",2.64,3.49806293395513,NA,NA,NA
"3194",2024-05-13 18:00:00,"historie",3.05,4.66293541381834,NA,NA,NA
"3195",2024-05-13 19:00:00,"historie",2.79,5.00283277342767,NA,NA,NA
"3196",2024-05-13 20:00:00,"historie",3.2,4.838479766461,NA,NA,NA
"3197",2024-05-13 21:00:00,"historie",3.66,4.82826594780727,NA,NA,NA
"3198",2024-05-13 22:00:00,"historie",3.38,5.8494012599644,NA,NA,NA
"3199",2024-05-13 23:00:00,"historie",3.51,4.99720407109719,NA,NA,NA
"3200",2024-05-14,"historie",4.12,4.68494366667828,NA,NA,NA
"3201",2024-05-14 01:00:00,"historie",4.45,4.6068350301509,NA,NA,NA
"3202",2024-05-14 02:00:00,"historie",3.95,4.67862822669178,NA,NA,NA
"3203",2024-05-14 03:00:00,"historie",4.1,4.59116831734651,NA,NA,NA
"3204",2024-05-14 04:00:00,"historie",5.1,4.87490425574623,NA,NA,NA
"3205",2024-05-14 05:00:00,"historie",5.65,6.47975282913441,NA,NA,NA
"3206",2024-05-14 06:00:00,"historie",6.67,8.03876414515939,NA,NA,NA
"3207",2024-05-14 07:00:00,"historie",8.97,10.4598016766066,NA,NA,NA
"3208",2024-05-14 08:00:00,"historie",4.35,11.843762480769,NA,NA,NA
"3209",2024-05-14 09:00:00,"historie",3.08,7.44186090978912,NA,NA,NA
"3210",2024-05-14 10:00:00,"historie",3.2,8.69860966763154,NA,NA,NA
"3211",2024-05-14 11:00:00,"historie",3.24,7.48960172340321,NA,NA,NA
"3212",2024-05-14 12:00:00,"historie",3.2,4.31399080510363,NA,NA,NA
"3213",2024-05-14 13:00:00,"historie",2.77,4.48093757805921,NA,NA,NA
"3214",2024-05-14 14:00:00,"historie",2.62,4.67656637140016,NA,NA,NA
"3215",2024-05-14 15:00:00,"historie",2.36,5.53275596321225,NA,NA,NA
"3216",2024-05-14 16:00:00,"historie",2.1,7.40974829947536,NA,NA,NA
"3217",2024-05-14 17:00:00,"historie",2.38,5.54110116391308,NA,NA,NA
"3218",2024-05-14 18:00:00,"historie",2.13,5.90724638911365,NA,NA,NA
"3219",2024-05-14 19:00:00,"historie",1.87,5.88929490799379,NA,NA,NA
"3220",2024-05-14 20:00:00,"historie",1.9,7.83439816669337,NA,NA,NA
"3221",2024-05-14 21:00:00,"historie",11.13,11.1161511426199,NA,NA,NA
"3222",2024-05-14 22:00:00,"historie",3.48,7.29201624098828,NA,NA,NA
"3223",2024-05-14 23:00:00,"historie",3.24,5.90972367403425,NA,NA,NA
"3224",2024-05-15,"historie",3.8,5.4321069110202,NA,NA,NA
"3225",2024-05-15 01:00:00,"historie",7.36,5.89329306727199,NA,NA,NA
"3226",2024-05-15 10:00:00,"historie",3.52,6.5457050382869,NA,NA,NA
"3227",2024-05-15 11:00:00,"historie",5,8.14263625564219,NA,NA,NA
"3228",2024-05-15 12:00:00,"historie",3.9,8.14209770506698,NA,NA,NA
"3229",2024-05-15 13:00:00,"historie",3.92,9.17674904414961,NA,NA,NA
"3230",2024-05-15 14:00:00,"historie",3.38,9.70172853876452,NA,NA,NA
"3231",2024-05-15 15:00:00,"historie",3.29,7.68402398570256,NA,NA,NA
"3232",2024-05-15 16:00:00,"historie",2.85,7.05427068055548,NA,NA,NA
"3233",2024-05-15 17:00:00,"historie",2.59,6.057987663223,NA,NA,NA
"3234",2024-05-15 18:00:00,"historie",2.48,5.95929889174147,NA,NA,NA
"3235",2024-05-15 19:00:00,"historie",2.58,5.09950462761849,NA,NA,NA
"3236",2024-05-15 20:00:00,"historie",2.75,4.06172002649714,NA,NA,NA
"3237",2024-05-15 21:00:00,"historie",2.75,3.71934165428212,NA,NA,NA
"3238",2024-05-15 22:00:00,"historie",2.9,3.15811298786754,NA,NA,NA
"3239",2024-05-15 23:00:00,"historie",3.16,2.92351026952011,NA,NA,NA
"3240",2024-05-16,"historie",2.82,2.68926611219418,NA,NA,NA
"3241",2024-05-16 01:00:00,"historie",3.2,2.50311140910532,NA,NA,NA
"3242",2024-05-16 02:00:00,"historie",2.85,3.52660572326194,NA,NA,NA
"3243",2024-05-16 03:00:00,"historie",2.79,8.9468083219502,NA,NA,NA
"3244",2024-05-16 04:00:00,"historie",3.67,8.91499030635733,NA,NA,NA
"3245",2024-05-16 05:00:00,"historie",3.45,4.25768735525077,NA,NA,NA
"3246",2024-05-16 06:00:00,"historie",3,2.80993076602769,NA,NA,NA
"3247",2024-05-16 07:00:00,"historie",3.05,3.10701976825746,NA,NA,NA
"3248",2024-05-16 08:00:00,"historie",2.97,3.12492863067515,NA,NA,NA
"3249",2024-05-16 09:00:00,"historie",3.6,4.36701549876037,NA,NA,NA
"3250",2024-05-16 10:00:00,"historie",3.58,9.20143201186088,NA,NA,NA
"3251",2024-05-16 11:00:00,"historie",3.52,6.12083472277158,NA,NA,NA
"3252",2024-05-16 12:00:00,"historie",4.28,6.49469498359374,NA,NA,NA
"3253",2024-05-16 13:00:00,"historie",2.77,6.74998017302305,NA,NA,NA
"3254",2024-05-16 14:00:00,"historie",2.59,4.51130695400348,NA,NA,NA
"3255",2024-05-16 15:00:00,"historie",2.42,3.14828489018897,NA,NA,NA
"3256",2024-05-16 16:00:00,"historie",3.05,2.73899981567081,NA,NA,NA
"3257",2024-05-16 17:00:00,"historie",3.15,2.7545444553198,NA,NA,NA
"3258",2024-05-16 18:00:00,"historie",3.26,2.87502140806312,NA,NA,NA
"3259",2024-05-16 19:00:00,"historie",3.5,2.57438937589625,NA,NA,NA
"3260",2024-05-16 20:00:00,"historie",4.38,2.87407071314801,NA,NA,NA
"3261",2024-05-16 21:00:00,"historie",4.38,2.86756989770991,NA,NA,NA
"3262",2024-05-16 22:00:00,"historie",3.38,2.99116352201101,NA,NA,NA
"3263",2024-05-16 23:00:00,"historie",3.26,2.76527080148906,NA,NA,NA
"3264",2024-05-17,"historie",3.03,3.13706170688531,NA,NA,NA
"3265",2024-05-17 01:00:00,"historie",2.85,2.89716250398901,NA,NA,NA
"3266",2024-05-17 02:00:00,"historie",2.66,3.2679169523241,NA,NA,NA
"3267",2024-05-17 03:00:00,"historie",2.67,3.68125973541993,NA,NA,NA
"3268",2024-05-17 04:00:00,"historie",2.92,3.43389687447608,NA,NA,NA
"3269",2024-05-17 05:00:00,"historie",3.51,3.55177948074759,NA,NA,NA
"3270",2024-05-17 06:00:00,"historie",3.03,4.09620066841613,NA,NA,NA
"3271",2024-05-17 09:00:00,"historie",3.9,4.3931143729011,NA,NA,NA
"3272",2024-05-17 10:00:00,"historie",4.63,3.96055734130755,NA,NA,NA
"3273",2024-05-17 11:00:00,"historie",3.55,4.09726762147683,NA,NA,NA
"3274",2024-05-17 12:00:00,"historie",3.26,4.97733288323146,NA,NA,NA
"3275",2024-05-17 13:00:00,"historie",3.45,5.46438478291767,NA,NA,NA
"3276",2024-05-17 14:00:00,"historie",3.79,6.34967484023583,NA,NA,NA
"3277",2024-05-17 15:00:00,"historie",3.62,8.28922123889085,NA,NA,NA
"3278",2024-05-17 16:00:00,"historie",2.54,4.38791646937739,NA,NA,NA
"3279",2024-05-17 17:00:00,"historie",3.92,3.2292313754769,NA,NA,NA
"3280",2024-05-17 18:00:00,"historie",4.51,3.33052554857785,NA,NA,NA
"3281",2024-05-17 19:00:00,"historie",3.5,3.35950582786874,NA,NA,NA
"3282",2024-05-17 20:00:00,"historie",4.74,3.31616326364831,NA,NA,NA
"3283",2024-05-17 21:00:00,"historie",5.08,2.91257102478492,NA,NA,NA
"3284",2024-05-17 22:00:00,"historie",4.72,2.76488114125523,NA,NA,NA
"3285",2024-05-17 23:00:00,"historie",5.64,2.51322578071241,NA,NA,NA
"3286",2024-05-18,"historie",4.42,2.25887878435441,NA,NA,NA
"3287",2024-05-18 01:00:00,"historie",2.52,2.51473583277855,NA,NA,NA
"3288",2024-05-18 02:00:00,"historie",1.13,2.27384102156178,NA,NA,NA
"3289",2024-05-18 03:00:00,"historie",1.1,2.02020447999772,NA,NA,NA
"3290",2024-05-18 04:00:00,"historie",1.13,2.04183132824963,NA,NA,NA
"3291",2024-05-18 05:00:00,"historie",1.1,9.76082487498265,NA,NA,NA
"3292",2024-05-18 06:00:00,"historie",1.46,3.51883170330474,NA,NA,NA
"3293",2024-05-18 07:00:00,"historie",1.28,3.30490117991415,NA,NA,NA
"3294",2024-05-18 08:00:00,"historie",1.67,3.80681213968195,NA,NA,NA
"3295",2024-05-18 09:00:00,"historie",1.6,6.84927432434445,NA,NA,NA
"3296",2024-05-18 10:00:00,"historie",1.41,3.58270084635341,NA,NA,NA
"3297",2024-05-18 11:00:00,"historie",1.13,4.8893891449334,NA,NA,NA
"3298",2024-05-18 12:00:00,"historie",0.97,3.93203291010869,NA,NA,NA
"3299",2024-05-18 13:00:00,"historie",1.45,3.95087652418417,NA,NA,NA
"3300",2024-05-18 14:00:00,"historie",1.03,3.46519917905332,NA,NA,NA
"3301",2024-05-18 15:00:00,"historie",0.88,3.38026836713023,NA,NA,NA
"3302",2024-05-18 16:00:00,"historie",1.92,2.97331557619379,NA,NA,NA
"3303",2024-05-18 17:00:00,"historie",1.69,2.72625175208498,NA,NA,NA
"3304",2024-05-18 18:00:00,"historie",2.51,2.61702963691864,NA,NA,NA
"3305",2024-05-18 19:00:00,"historie",4.26,2.70379220205461,NA,NA,NA
"3306",2024-05-18 20:00:00,"historie",3,2.85591496796243,NA,NA,NA
"3307",2024-05-18 21:00:00,"historie",6.3,2.85265429775229,NA,NA,NA
"3308",2024-05-18 22:00:00,"historie",5.87,2.98720269619178,NA,NA,NA
"3309",2024-05-18 23:00:00,"historie",10.55,3.22193514361716,NA,NA,NA
"3310",2024-05-19,"historie",5.79,2.91322125654205,NA,NA,NA
"3311",2024-05-19 01:00:00,"historie",4.68,3.25659741352664,NA,NA,NA
"3312",2024-05-19 02:00:00,"historie",5.37,2.93978275734182,NA,NA,NA
"3313",2024-05-19 03:00:00,"historie",5.75,2.88325100540754,NA,NA,NA
"3314",2024-05-19 04:00:00,"historie",6.38,3.67427593975968,NA,NA,NA
"3315",2024-05-19 05:00:00,"historie",6.92,3.48344108662616,NA,NA,NA
"3316",2024-05-19 06:00:00,"historie",9.05,3.08000085889624,NA,NA,NA
"3317",2024-05-19 07:00:00,"historie",8.12,3.12449522502408,NA,NA,NA
"3318",2024-05-19 08:00:00,"historie",6.15,3.05125222461662,NA,NA,NA
"3319",2024-05-19 09:00:00,"historie",4.42,3.6175198708652,NA,NA,NA
"3320",2024-05-19 10:00:00,"historie",4.32,3.60379468095978,NA,NA,NA
"3321",2024-05-19 11:00:00,"historie",3.95,3.55358149258524,NA,NA,NA
"3322",2024-05-19 12:00:00,"historie",2.44,4.22915815155685,NA,NA,NA
"3323",2024-05-19 13:00:00,"historie",2.31,2.88142200570794,NA,NA,NA
"3324",2024-05-19 14:00:00,"historie",1.31,2.71091691602339,NA,NA,NA
"3325",2024-05-19 15:00:00,"historie",1.08,2.5480828565553,NA,NA,NA
"3326",2024-05-19 16:00:00,"historie",2.17,3.12193429213583,NA,NA,NA
"3327",2024-05-19 17:00:00,"historie",1.43,3.2123075527521,NA,NA,NA
"3328",2024-05-19 18:00:00,"historie",1.64,3.31216902537442,NA,NA,NA
"3329",2024-05-19 19:00:00,"historie",1.16,3.52894718028276,NA,NA,NA
"3330",2024-05-19 20:00:00,"historie",3.1,4.30921268655802,NA,NA,NA
"3331",2024-05-19 21:00:00,"historie",5.08,4.319772888763,NA,NA,NA
"3332",2024-05-19 22:00:00,"historie",5.47,3.44025603390934,NA,NA,NA
"3333",2024-05-19 23:00:00,"historie",7.55,3.33156421991799,NA,NA,NA
"3334",2024-05-20,"historie",7.92,3.12130829600532,NA,NA,NA
"3335",2024-05-20 01:00:00,"historie",4.59,2.9538952440369,NA,NA,NA
"3336",2024-05-20 02:00:00,"historie",2.95,2.77533011384233,NA,NA,NA
"3337",2024-05-20 03:00:00,"historie",3.47,2.78026298412496,NA,NA,NA
"3338",2024-05-20 04:00:00,"historie",4.38,3.0058884334878,NA,NA,NA
"3339",2024-05-20 05:00:00,"historie",4.46,3.53687953345025,NA,NA,NA
"3340",2024-05-20 06:00:00,"historie",8.85,3.10739095330002,NA,NA,NA
"3341",2024-05-20 07:00:00,"historie",10.11,3.88571563286575,NA,NA,NA
"3342",2024-05-20 08:00:00,"historie",9.18,4.53158500393413,NA,NA,NA
"3343",2024-05-20 09:00:00,"historie",6.62,3.59041782558653,NA,NA,NA
"3344",2024-05-20 10:00:00,"historie",3.74,3.3304171700735,NA,NA,NA
"3345",2024-05-20 11:00:00,"historie",1.74,3.50094045188902,NA,NA,NA
"3346",2024-05-20 12:00:00,"historie",1.45,3.8058320735266,NA,NA,NA
"3347",2024-05-20 13:00:00,"historie",1.53,3.65715333589111,NA,NA,NA
"3348",2024-05-20 14:00:00,"historie",1.73,2.67225512460215,NA,NA,NA
"3349",2024-05-20 15:00:00,"historie",1.59,3.91720594019787,NA,NA,NA
"3350",2024-05-20 16:00:00,"historie",1.73,4.44114870446719,NA,NA,NA
"3351",2024-05-20 17:00:00,"historie",1.58,3.55452837021369,NA,NA,NA
"3352",2024-05-20 18:00:00,"historie",1.3,4.65102493016216,NA,NA,NA
"3353",2024-05-20 19:00:00,"historie",1.62,4.95666968090543,NA,NA,NA
"3354",2024-05-20 20:00:00,"historie",2.28,4.65538779742877,NA,NA,NA
"3355",2024-05-20 21:00:00,"historie",3.44,5.46044676075276,NA,NA,NA
"3356",2024-05-20 22:00:00,"historie",7.62,4.41120084788766,NA,NA,NA
"3357",2024-05-20 23:00:00,"historie",10.26,2.68190138564924,NA,NA,NA
"3358",2024-05-21,"historie",7.59,1.31219605300784,NA,NA,NA
"3359",2024-05-21 01:00:00,"historie",7.85,1.26952582674925,NA,NA,NA
"3360",2024-05-21 02:00:00,"historie",7.35,1.28947055499808,NA,NA,NA
"3361",2024-05-21 03:00:00,"historie",5.87,1.25022161966972,NA,NA,NA
"3362",2024-05-21 04:00:00,"historie",7.5,1.5967565288872,NA,NA,NA
"3363",2024-05-21 05:00:00,"historie",7.79,1.41597276624515,NA,NA,NA
"3364",2024-05-21 06:00:00,"historie",7.35,1.78531473148815,NA,NA,NA
"3365",2024-05-21 07:00:00,"historie",6.03,1.71611100841013,NA,NA,NA
"3366",2024-05-21 08:00:00,"historie",3.7,1.53154724897101,NA,NA,NA
"3367",2024-05-21 09:00:00,"historie",4.79,1.25553877485319,NA,NA,NA
"3368",2024-05-21 10:00:00,"historie",6,1.09243532722036,NA,NA,NA
"3369",2024-05-21 11:00:00,"historie",8,1.55335504336963,NA,NA,NA
"3370",2024-05-21 12:00:00,"historie",10.43,1.14597793643726,NA,NA,NA
"3371",2024-05-21 13:00:00,"historie",10.41,0.99337524538235,NA,NA,NA
"3372",2024-05-21 14:00:00,"historie",7.22,1.97582531889334,NA,NA,NA
"3373",2024-05-21 15:00:00,"historie",9.17,1.76836399639186,NA,NA,NA
"3374",2024-05-21 16:00:00,"historie",8.38,2.51371788918726,NA,NA,NA
"3375",2024-05-21 17:00:00,"historie",6.51,4.03338453676746,NA,NA,NA
"3376",2024-05-21 18:00:00,"historie",5.05,2.97714406856291,NA,NA,NA
"3377",2024-05-21 19:00:00,"historie",5.26,5.7695018615538,NA,NA,NA
"3378",2024-05-21 20:00:00,"historie",5.54,5.46700357574872,NA,NA,NA
"3379",2024-05-21 21:00:00,"historie",6.84,9.2606453854737,NA,NA,NA
"3380",2024-05-21 22:00:00,"historie",6.4,5.49845422610944,NA,NA,NA
"3381",2024-05-21 23:00:00,"historie",7.22,4.57522427817736,NA,NA,NA
"3382",2024-05-22,"historie",7.5,5.18262352999675,NA,NA,NA
"3383",2024-05-22 01:00:00,"historie",6.82,5.52529016138614,NA,NA,NA
"3384",2024-05-22 02:00:00,"historie",8.67,6.08004024712437,NA,NA,NA
"3385",2024-05-22 03:00:00,"historie",9.28,6.55930311790185,NA,NA,NA
"3386",2024-05-22 04:00:00,"historie",7.92,8.35438511141147,NA,NA,NA
"3387",2024-05-22 05:00:00,"historie",7.31,7.63020471932825,NA,NA,NA
"3388",2024-05-22 06:00:00,"historie",5.88,5.98776683336578,NA,NA,NA
"3389",2024-05-22 07:00:00,"historie",3.53,4.47392984138115,NA,NA,NA
"3390",2024-05-22 08:00:00,"historie",1.58,4.37875966545123,NA,NA,NA
"3391",2024-05-22 09:00:00,"historie",1.92,4.03957382608211,NA,NA,NA
"3392",2024-05-22 10:00:00,"historie",1.17,2.63073467450588,NA,NA,NA
"3393",2024-05-22 11:00:00,"historie",1.26,2.49326214358643,NA,NA,NA
"3394",2024-05-22 12:00:00,"historie",1.45,1.50042693195088,NA,NA,NA
"3395",2024-05-22 13:00:00,"historie",1.47,1.2536207768744,NA,NA,NA
"3396",2024-05-22 14:00:00,"historie",0.95,2.30667760559524,NA,NA,NA
"3397",2024-05-22 15:00:00,"historie",0.87,1.58946351384077,NA,NA,NA
"3398",2024-05-22 16:00:00,"historie",1.31,1.7851126071556,NA,NA,NA
"3399",2024-05-22 17:00:00,"historie",1.51,1.30829500718884,NA,NA,NA
"3400",2024-05-22 18:00:00,"historie",1.5,3.10949763047147,NA,NA,NA
"3401",2024-05-22 19:00:00,"historie",5.5,4.82876940970356,NA,NA,NA
"3402",2024-05-22 20:00:00,"historie",2.95,5.18504844615683,NA,NA,NA
"3403",2024-05-22 21:00:00,"historie",3.17,6.93782489991767,NA,NA,NA
"3404",2024-05-22 22:00:00,"historie",4.13,7.29069507206164,NA,NA,NA
"3405",2024-05-22 23:00:00,"historie",4.71,4.52477581323595,NA,NA,NA
"3406",2024-05-23,"historie",4.42,3.06291100349843,NA,NA,NA
"3407",2024-05-23 01:00:00,"historie",4.2,3.5309826166091,NA,NA,NA
"3408",2024-05-23 02:00:00,"historie",4.05,4.33949841611724,NA,NA,NA
"3409",2024-05-23 03:00:00,"historie",3.62,4.41612248125588,NA,NA,NA
"3410",2024-05-23 04:00:00,"historie",3.67,8.11958591626513,NA,NA,NA
"3411",2024-05-23 05:00:00,"historie",3.98,9.194823167517,NA,NA,NA
"3412",2024-05-23 06:00:00,"historie",3.85,8.49626763072306,NA,NA,NA
"3413",2024-05-23 07:00:00,"historie",3.38,6.39021007035553,NA,NA,NA
"3414",2024-05-23 08:00:00,"historie",3.21,3.85910300819573,NA,NA,NA
"3415",2024-05-23 09:00:00,"historie",3.22,1.9531067424934,NA,NA,NA
"3416",2024-05-23 10:00:00,"historie",3.55,1.64845699263584,NA,NA,NA
"3417",2024-05-23 11:00:00,"historie",3.22,1.71455070204398,NA,NA,NA
"3418",2024-05-23 12:00:00,"historie",3.26,1.89875164010441,NA,NA,NA
"3419",2024-05-23 13:00:00,"historie",2.85,1.75286014563538,NA,NA,NA
"3420",2024-05-23 14:00:00,"historie",2.92,1.87939421991407,NA,NA,NA
"3421",2024-05-23 15:00:00,"historie",2.65,1.727484088618,NA,NA,NA
"3422",2024-05-23 16:00:00,"historie",2.69,1.44722025947631,NA,NA,NA
"3423",2024-05-23 17:00:00,"historie",3.36,1.75022899617189,NA,NA,NA
"3424",2024-05-23 18:00:00,"historie",3.21,2.3631641622533,NA,NA,NA
"3425",2024-05-23 19:00:00,"historie",3.75,3.40350659504351,NA,NA,NA
"3426",2024-05-23 20:00:00,"historie",4.18,6.91123696959875,NA,NA,NA
"3427",2024-05-23 21:00:00,"historie",4.74,9.07582063382824,NA,NA,NA
"3428",2024-05-23 22:00:00,"historie",5,7.0160219785127,NA,NA,NA
"3429",2024-05-23 23:00:00,"historie",5.66,7.27501791561196,NA,NA,NA
"3430",2024-05-24,"historie",5.89,6.90288710629105,NA,NA,NA
"3431",2024-05-24 01:00:00,"historie",6.1,5.68147920431608,NA,NA,NA
"3432",2024-05-24 02:00:00,"historie",6.33,7.07719647591369,NA,NA,NA
"3433",2024-05-24 03:00:00,"historie",6.38,7.34804913032686,NA,NA,NA
"3434",2024-05-24 04:00:00,"historie",7.1,7.00483346346211,NA,NA,NA
"3435",2024-05-24 05:00:00,"historie",7.1,5.89382683370924,NA,NA,NA
"3436",2024-05-24 06:00:00,"historie",9.24,3.82608840952549,NA,NA,NA
"3437",2024-05-24 07:00:00,"historie",11.4,4.7971248193626,NA,NA,NA
"3438",2024-05-24 08:00:00,"historie",8.54,5.85455732553396,NA,NA,NA
"3439",2024-05-24 09:00:00,"historie",5.2,7.56503799765932,NA,NA,NA
"3440",2024-05-24 10:00:00,"historie",5.32,9.60178537916664,NA,NA,NA
"3441",2024-05-24 11:00:00,"historie",6.58,9.63161586665284,NA,NA,NA
"3442",2024-05-24 12:00:00,"historie",6,6.99225865347169,NA,NA,NA
"3443",2024-05-24 13:00:00,"historie",3.27,8.65159240433739,NA,NA,NA
"3444",2024-05-24 14:00:00,"historie",3.13,8.00829748442004,NA,NA,NA
"3445",2024-05-24 15:00:00,"historie",5.1,6.41222227754355,NA,NA,NA
"3446",2024-05-24 16:00:00,"historie",5.97,5.11701975210184,NA,NA,NA
"3447",2024-05-24 17:00:00,"historie",6.31,5.29307218481467,NA,NA,NA
"3448",2024-05-24 18:00:00,"historie",4.36,5.53267214622033,NA,NA,NA
"3449",2024-05-24 19:00:00,"historie",2.42,6.66225078026419,NA,NA,NA
"3450",2024-05-24 20:00:00,"historie",3.54,6.28453166442802,NA,NA,NA
"3451",2024-05-24 21:00:00,"historie",3.08,6.99366657933537,NA,NA,NA
"3452",2024-05-24 22:00:00,"historie",5.05,7.2402411505075,NA,NA,NA
"3453",2024-05-24 23:00:00,"historie",5.97,6.66230089617077,NA,NA,NA
"3454",2024-05-25,"historie",7.67,8.24423627506164,NA,NA,NA
"3455",2024-05-25 01:00:00,"historie",5.67,8.77404950016201,NA,NA,NA
"3456",2024-05-25 02:00:00,"historie",5.1,7.64111259947998,NA,NA,NA
"3457",2024-05-25 03:00:00,"historie",5.22,7.12261100072418,NA,NA,NA
"3458",2024-05-25 04:00:00,"historie",6.05,5.87295125232967,NA,NA,NA
"3459",2024-05-25 05:00:00,"historie",5.75,3.72992809162992,NA,NA,NA
"3460",2024-05-25 06:00:00,"historie",6.92,1.8193284892498,NA,NA,NA
"3461",2024-05-25 07:00:00,"historie",9.35,2.13993207881145,NA,NA,NA
"3462",2024-05-25 08:00:00,"historie",12.11,1.36864954431994,NA,NA,NA
"3463",2024-05-25 09:00:00,"historie",15.5,1.44633986745072,NA,NA,NA
"3464",2024-05-25 10:00:00,"historie",10.83,1.62403885752698,NA,NA,NA
"3465",2024-05-25 11:00:00,"historie",9.78,1.63316257350679,NA,NA,NA
"3466",2024-05-25 12:00:00,"historie",7.82,1.10274092401157,NA,NA,NA
"3467",2024-05-25 13:00:00,"historie",5.64,1.01166947618,NA,NA,NA
"3468",2024-05-25 14:00:00,"historie",3.87,1.44291036556229,NA,NA,NA
"3469",2024-05-25 15:00:00,"historie",4.3,1.63037710043877,NA,NA,NA
"3470",2024-05-25 16:00:00,"historie",6.03,1.61707207692219,NA,NA,NA
"3471",2024-05-25 17:00:00,"historie",6.82,5.1068599899318,NA,NA,NA
"3472",2024-05-25 18:00:00,"historie",4.15,2.9627013740612,NA,NA,NA
"3473",2024-05-25 19:00:00,"historie",3.55,3.16492335758965,NA,NA,NA
"3474",2024-05-25 20:00:00,"historie",4.08,4.01165319521815,NA,NA,NA
"3475",2024-05-25 21:00:00,"historie",4.75,4.52623749976894,NA,NA,NA
"3476",2024-05-25 22:00:00,"historie",6.87,4.29812240888006,NA,NA,NA
"3477",2024-05-25 23:00:00,"historie",5.85,4.12265462365496,NA,NA,NA
"3478",2024-05-26,"historie",7.03,4.00288609584121,NA,NA,NA
"3479",2024-05-26 01:00:00,"historie",6.28,3.63149610578427,NA,NA,NA
"3480",2024-05-26 02:00:00,"historie",5.13,3.6797940864041,NA,NA,NA
"3481",2024-05-26 03:00:00,"historie",4.78,3.95815387761035,NA,NA,NA
"3482",2024-05-26 04:00:00,"historie",6.72,3.84906415177336,NA,NA,NA
"3483",2024-05-26 05:00:00,"historie",8.72,3.43305952772654,NA,NA,NA
"3484",2024-05-26 06:00:00,"historie",8.64,3.27938887573865,NA,NA,NA
"3485",2024-05-26 07:00:00,"historie",9.41,3.28706645941806,NA,NA,NA
"3486",2024-05-26 08:00:00,"historie",11.82,3.58285008247622,NA,NA,NA
"3487",2024-05-26 09:00:00,"historie",16.08,3.28731516519169,NA,NA,NA
"3488",2024-05-26 10:00:00,"historie",13.57,3.32230698492667,NA,NA,NA
"3489",2024-05-26 11:00:00,"historie",13.36,2.94839101715679,NA,NA,NA
"3490",2024-05-26 12:00:00,"historie",8.65,3.00890214418668,NA,NA,NA
"3491",2024-05-26 13:00:00,"historie",4,2.75846587884436,NA,NA,NA
"3492",2024-05-26 14:00:00,"historie",3.65,2.79119365964676,NA,NA,NA
"3493",2024-05-26 15:00:00,"historie",3.72,3.39556235416373,NA,NA,NA
"3494",2024-05-26 16:00:00,"historie",4.03,3.26278801024541,NA,NA,NA
"3495",2024-05-26 17:00:00,"historie",3.68,3.74580552070574,NA,NA,NA
"3496",2024-05-26 18:00:00,"historie",4.5,4.12973674836203,NA,NA,NA
"3497",2024-05-26 19:00:00,"historie",4.69,4.62584684648586,NA,NA,NA
"3498",2024-05-26 20:00:00,"historie",3.67,4.86306758212045,NA,NA,NA
"3499",2024-05-26 21:00:00,"historie",15.26,5.44301983259639,NA,NA,NA
"3500",2024-05-26 22:00:00,"historie",4.75,5.65741933200407,NA,NA,NA
"3501",2024-05-26 23:00:00,"historie",6.82,5.85463245753512,NA,NA,NA
"3502",2024-05-27,"historie",4.51,6.06854098235207,NA,NA,NA
"3503",2024-05-27 01:00:00,"historie",5.36,6.12916723734362,NA,NA,NA
"3504",2024-05-27 02:00:00,"historie",5.25,6.75663091909668,NA,NA,NA
"3505",2024-05-27 03:00:00,"historie",6.63,6.77777584306333,NA,NA,NA
"3506",2024-05-27 04:00:00,"historie",4.58,8.5846744111376,NA,NA,NA
"3507",2024-05-27 05:00:00,"historie",6.67,10.3875239626293,NA,NA,NA
"3508",2024-05-27 06:00:00,"historie",11.79,8.08392104158883,NA,NA,NA
"3509",2024-05-27 07:00:00,"historie",10.72,5.22037330048482,NA,NA,NA
"3510",2024-05-27 08:00:00,"historie",12.58,5.31937563532139,NA,NA,NA
"3511",2024-05-27 09:00:00,"historie",10.41,6.41559769802288,NA,NA,NA
"3512",2024-05-27 10:00:00,"historie",8.95,5.91525911999421,NA,NA,NA
"3513",2024-05-27 11:00:00,"historie",9.74,3.45287835872268,NA,NA,NA
"3514",2024-05-27 12:00:00,"historie",9.08,3.30607028363051,NA,NA,NA
"3515",2024-05-27 13:00:00,"historie",8.13,5.07453771661408,NA,NA,NA
"3516",2024-05-27 14:00:00,"historie",7.58,5.83378015156582,NA,NA,NA
"3517",2024-05-27 15:00:00,"historie",5.38,6.13340451088121,NA,NA,NA
"3518",2024-05-27 16:00:00,"historie",3.38,4.42488440732188,NA,NA,NA
"3519",2024-05-27 17:00:00,"historie",4.71,2.62114129287175,NA,NA,NA
"3520",2024-05-27 18:00:00,"historie",4.82,3.65111500268354,NA,NA,NA
"3521",2024-05-27 19:00:00,"historie",5.79,3.21983319566409,NA,NA,NA
"3522",2024-05-27 20:00:00,"historie",6.92,4.97643462826461,NA,NA,NA
"3523",2024-05-27 21:00:00,"historie",8.03,5.77838274336614,NA,NA,NA
"3524",2024-05-27 22:00:00,"historie",14.7,7.23141610376092,NA,NA,NA
"3525",2024-05-27 23:00:00,"historie",6.39,5.55271441959809,NA,NA,NA
"3526",2024-05-28,"historie",7.05,5.06003041696434,NA,NA,NA
"3527",2024-05-28 01:00:00,"historie",6.05,5.16602594990761,NA,NA,NA
"3528",2024-05-28 02:00:00,"historie",6.88,5.8897296929941,NA,NA,NA
"3529",2024-05-28 03:00:00,"historie",6.29,5.63754413533031,NA,NA,NA
"3530",2024-05-28 04:00:00,"historie",9.25,6.64897680928536,NA,NA,NA
"3531",2024-05-28 05:00:00,"historie",7.54,8.70055021830465,NA,NA,NA
"3532",2024-05-28 06:00:00,"historie",4.36,10.9877872045086,NA,NA,NA
"3533",2024-05-28 07:00:00,"historie",4.23,13.7509030006878,NA,NA,NA
"3534",2024-05-28 08:00:00,"historie",3.31,10.0730058136919,NA,NA,NA
"3535",2024-05-28 09:00:00,"historie",2.72,9.23120532226052,NA,NA,NA
"3536",2024-05-28 10:00:00,"historie",2.8,7.5858554555142,NA,NA,NA
"3537",2024-05-28 11:00:00,"historie",1.76,5.6780648462794,NA,NA,NA
"3538",2024-05-28 12:00:00,"historie",1.91,4.05644280323429,NA,NA,NA
"3539",2024-05-28 13:00:00,"historie",2.21,4.43200661169479,NA,NA,NA
"3540",2024-05-28 14:00:00,"historie",3,5.96061736441215,NA,NA,NA
"3541",2024-05-28 15:00:00,"historie",2.92,6.64451256585487,NA,NA,NA
"3542",2024-05-28 16:00:00,"historie",3.36,4.27924081916865,NA,NA,NA
"3543",2024-05-28 17:00:00,"historie",2.7,3.7135770797227,NA,NA,NA
"3544",2024-05-28 18:00:00,"historie",1.92,4.18414487255799,NA,NA,NA
"3545",2024-05-28 19:00:00,"historie",4.44,4.77589983683472,NA,NA,NA
"3546",2024-05-28 20:00:00,"historie",3.61,6.61731003988561,NA,NA,NA
"3547",2024-05-28 21:00:00,"historie",6.87,5.74868137853223,NA,NA,NA
"3548",2024-05-28 22:00:00,"historie",3.95,6.76838558320847,NA,NA,NA
"3549",2024-05-28 23:00:00,"historie",3.72,6.13446922316658,NA,NA,NA
"3550",2024-05-29,"historie",4.78,5.1306051303214,NA,NA,NA
"3551",2024-05-29 01:00:00,"historie",5.92,4.81444940693639,NA,NA,NA
"3552",2024-05-29 02:00:00,"historie",4.97,6.5032870565609,NA,NA,NA
"3553",2024-05-29 03:00:00,"historie",4.85,8.20431454887118,NA,NA,NA
"3554",2024-05-29 04:00:00,"historie",3.9,8.16297410218712,NA,NA,NA
"3555",2024-05-29 05:00:00,"historie",4.53,8.82836959145259,NA,NA,NA
"3556",2024-05-29 06:00:00,"historie",6.69,10.8386876544647,NA,NA,NA
"3557",2024-05-29 07:00:00,"historie",9,14.3009877063007,NA,NA,NA
"3558",2024-05-29 08:00:00,"historie",17.18,12.3779023645745,NA,NA,NA
"3559",2024-05-29 09:00:00,"historie",16.62,12.2574874876744,NA,NA,NA
"3560",2024-05-29 10:00:00,"historie",4.9,8.36563187526619,NA,NA,NA
"3561",2024-05-29 11:00:00,"historie",1.74,4.22089107102115,NA,NA,NA
"3562",2024-05-29 12:00:00,"historie",2.4,3.86866806067695,NA,NA,NA
"3563",2024-05-29 13:00:00,"historie",2.72,3.9112484348259,NA,NA,NA
"3564",2024-05-29 14:00:00,"historie",2.72,4.17785189508488,NA,NA,NA
"3565",2024-05-29 15:00:00,"historie",1.65,3.839811426456,NA,NA,NA
"3566",2024-05-29 16:00:00,"historie",1.49,4.57115282003616,NA,NA,NA
"3567",2024-05-29 17:00:00,"historie",1.85,4.73225544464329,NA,NA,NA
"3568",2024-05-29 18:00:00,"historie",2.03,3.80181522032875,NA,NA,NA
"3569",2024-05-29 19:00:00,"historie",2.33,13.4086868116915,NA,NA,NA
"3570",2024-05-29 20:00:00,"historie",3.64,4.8016236788426,NA,NA,NA
"3571",2024-05-29 21:00:00,"historie",4.77,6.60540434889161,NA,NA,NA
"3572",2024-05-29 22:00:00,"historie",12.18,4.58284176603106,NA,NA,NA
"3573",2024-05-29 23:00:00,"historie",12.51,5.32984644685927,NA,NA,NA
"3574",2024-05-30,"historie",5.11,5.22985661824678,NA,NA,NA
"3575",2024-05-30 01:00:00,"historie",6.4,6.42805526351049,NA,NA,NA
"3576",2024-05-30 02:00:00,"historie",4.74,4.63604991338356,NA,NA,NA
"3577",2024-05-30 03:00:00,"historie",10.55,6.45887420606729,NA,NA,NA
"3578",2024-05-30 04:00:00,"historie",4.34,10.7168495894789,NA,NA,NA
"3579",2024-05-30 05:00:00,"historie",3.05,9.90290802718654,NA,NA,NA
"3580",2024-05-30 06:00:00,"historie",5,11.4580412120274,NA,NA,NA
"3581",2024-05-30 07:00:00,"historie",5.31,9.73283078718381,NA,NA,NA
"3582",2024-05-30 08:00:00,"historie",6.86,8.53540923594774,NA,NA,NA
"3583",2024-05-30 09:00:00,"historie",4.97,9.21166724381877,NA,NA,NA
"3584",2024-05-30 10:00:00,"historie",3.49,8.67094117957096,NA,NA,NA
"3585",2024-05-30 11:00:00,"historie",2.28,7.86933702305846,NA,NA,NA
"3586",2024-05-30 12:00:00,"historie",1.71,7.39573865978155,NA,NA,NA
"3587",2024-05-30 13:00:00,"historie",1.62,5.45450738028298,NA,NA,NA
"3588",2024-05-30 14:00:00,"historie",1.23,3.60139863297632,NA,NA,NA
"3589",2024-05-30 15:00:00,"historie",1.23,4.80400721349278,NA,NA,NA
"3590",2024-05-30 16:00:00,"historie",1.08,4.88934835345407,NA,NA,NA
"3591",2024-05-30 17:00:00,"historie",1.05,5.73908395156513,NA,NA,NA
"3592",2024-05-30 18:00:00,"historie",1.82,6.7173450993004,NA,NA,NA
"3593",2024-05-30 19:00:00,"historie",1.02,7.67008589234167,NA,NA,NA
"3594",2024-05-30 20:00:00,"historie",2.13,13.1340599144435,NA,NA,NA
"3595",2024-05-30 21:00:00,"historie",2.29,6.31256958503629,NA,NA,NA
"3596",2024-05-30 22:00:00,"historie",5,6.88109776497658,NA,NA,NA
"3597",2024-05-30 23:00:00,"historie",3.76,6.00786880907116,NA,NA,NA
"3598",2024-05-31,"historie",3.79,6.72515331097337,NA,NA,NA
"3599",2024-05-31 01:00:00,"historie",3.35,6.21059442170512,NA,NA,NA
"3600",2024-05-31 02:00:00,"historie",2.95,8.73601970985272,NA,NA,NA
"3601",2024-05-31 03:00:00,"historie",5.13,7.30401994077697,NA,NA,NA
"3602",2024-05-31 04:00:00,"historie",4.87,4.49588055173211,NA,NA,NA
"3603",2024-05-31 05:00:00,"historie",4.28,4.36056063725415,NA,NA,NA
"3604",2024-05-31 06:00:00,"historie",4.85,3.4961105829908,NA,NA,NA
"3605",2024-05-31 07:00:00,"historie",6.82,2.92324515611919,NA,NA,NA
"3606",2024-05-31 08:00:00,"historie",8.08,2.98215538683381,NA,NA,NA
"3607",2024-05-31 09:00:00,"historie",3.02,1.9662572128175,NA,NA,NA
"3608",2024-05-31 10:00:00,"historie",1.71,2.09794571376937,NA,NA,NA
"3609",2024-05-31 11:00:00,"historie",1.15,2.37305062202505,NA,NA,NA
"3610",2024-05-31 12:00:00,"historie",1.13,3.09833203541309,NA,NA,NA
"3611",2024-05-31 13:00:00,"historie",1.02,3.02045085540663,NA,NA,NA
"3612",2024-05-31 14:00:00,"historie",1.41,3.41557515001008,NA,NA,NA
"3613",2024-05-31 15:00:00,"historie",1.72,2.81274147645843,NA,NA,NA
"3614",2024-05-31 16:00:00,"historie",2.1,2.07506601885974,NA,NA,NA
"3615",2024-05-31 17:00:00,"historie",2.75,4.34544957057319,NA,NA,NA
"3616",2024-05-31 18:00:00,"historie",2.87,3.62628416370157,NA,NA,NA
"3617",2024-05-31 19:00:00,"historie",1.25,6.42024523173491,NA,NA,NA
"3618",2024-05-31 20:00:00,"historie",1.97,3.95170377155567,NA,NA,NA
"3619",2024-05-31 21:00:00,"historie",2.83,3.74934050552686,NA,NA,NA
"3620",2024-05-31 22:00:00,"historie",2.63,4.68321359266188,NA,NA,NA
"3621",2024-05-31 23:00:00,"historie",2.02,5.67230242745675,NA,NA,NA
"3622",2024-06-01,"historie",2.82,4.87347896054946,NA,NA,NA
"3623",2024-06-01 01:00:00,"historie",2.74,4.77661364047158,NA,NA,NA
"3624",2024-06-01 02:00:00,"historie",3.64,3.94185251584491,NA,NA,NA
"3625",2024-06-01 03:00:00,"historie",3.92,4.49904952172399,NA,NA,NA
"3626",2024-06-01 04:00:00,"historie",4.11,6.36106590457766,NA,NA,NA
"3627",2024-06-01 05:00:00,"historie",5.75,8.3032127882901,NA,NA,NA
"3628",2024-06-01 06:00:00,"historie",6.56,14.8074236625964,NA,NA,NA
"3629",2024-06-01 07:00:00,"historie",7.62,14.5145232166568,NA,NA,NA
"3630",2024-06-01 08:00:00,"historie",6.87,4.95398533872594,NA,NA,NA
"3631",2024-06-01 09:00:00,"historie",6.86,1.974055089675,NA,NA,NA
"3632",2024-06-01 10:00:00,"historie",6.28,2.60045074089972,NA,NA,NA
"3633",2024-06-01 11:00:00,"historie",4.72,2.88836014399809,NA,NA,NA
"3634",2024-06-01 12:00:00,"historie",3.28,2.87594482588287,NA,NA,NA
"3635",2024-06-01 13:00:00,"historie",4.31,1.83931636486092,NA,NA,NA
"3636",2024-06-01 14:00:00,"historie",5.31,1.66848463707244,NA,NA,NA
"3637",2024-06-01 15:00:00,"historie",3.88,2.00745393699654,NA,NA,NA
"3638",2024-06-01 16:00:00,"historie",1.92,2.16999887317129,NA,NA,NA
"3639",2024-06-01 17:00:00,"historie",1.41,2.44418393361508,NA,NA,NA
"3640",2024-06-01 18:00:00,"historie",1.77,3.62358831499199,NA,NA,NA
"3641",2024-06-01 19:00:00,"historie",2.8,4.61322727249693,NA,NA,NA
"3642",2024-06-01 20:00:00,"historie",4.59,10.6299551310822,NA,NA,NA
"3643",2024-06-01 21:00:00,"historie",5.45,10.9952680843502,NA,NA,NA
"3644",2024-06-01 22:00:00,"historie",6.1,5.01605450213208,NA,NA,NA
"3645",2024-06-01 23:00:00,"historie",6.26,6.13180588677771,NA,NA,NA
"3646",2024-06-02,"historie",6.56,4.71163243471575,NA,NA,NA
"3647",2024-06-02 01:00:00,"historie",6.95,9.57972079289585,NA,NA,NA
"3648",2024-06-02 02:00:00,"historie",7.72,4.38501736091916,NA,NA,NA
"3649",2024-06-02 03:00:00,"historie",7.97,3.20334136370938,NA,NA,NA
"3650",2024-06-02 04:00:00,"historie",8.75,4.94687445138909,NA,NA,NA
"3651",2024-06-02 05:00:00,"historie",8.47,5.22008939061943,NA,NA,NA
"3652",2024-06-02 06:00:00,"historie",8.79,6.55626980503276,NA,NA,NA
"3653",2024-06-02 07:00:00,"historie",8.16,4.93958577112576,NA,NA,NA
"3654",2024-06-02 08:00:00,"historie",8.24,3.61006126407223,NA,NA,NA
"3655",2024-06-02 09:00:00,"historie",7.74,2.46827800807904,NA,NA,NA
"3656",2024-06-02 10:00:00,"historie",7.88,1.90194934717837,NA,NA,NA
"3657",2024-06-02 11:00:00,"historie",8.64,1.80023656003303,NA,NA,NA
"3658",2024-06-02 12:00:00,"historie",8.15,1.40095927617374,NA,NA,NA
"3659",2024-06-02 13:00:00,"historie",7.08,1.39006601943007,NA,NA,NA
"3660",2024-06-02 14:00:00,"historie",5.88,1.23021726060043,NA,NA,NA
"3661",2024-06-02 15:00:00,"historie",5.46,1.19153136995293,NA,NA,NA
"3662",2024-06-02 16:00:00,"historie",4.51,1.92827227393122,NA,NA,NA
"3663",2024-06-02 17:00:00,"historie",5.62,1.15230147404936,NA,NA,NA
"3664",2024-06-02 18:00:00,"historie",3.67,2.20130073765787,NA,NA,NA
"3665",2024-06-02 19:00:00,"historie",3.54,2.34868505910309,NA,NA,NA
"3666",2024-06-02 20:00:00,"historie",5.49,4.69875399562894,NA,NA,NA
"3667",2024-06-02 21:00:00,"historie",9.61,3.6741353817987,NA,NA,NA
"3668",2024-06-02 22:00:00,"historie",11.95,3.71414591578957,NA,NA,NA
"3669",2024-06-02 23:00:00,"historie",11.24,3.34044797610216,NA,NA,NA
"3670",2024-06-03,"historie",8.47,2.99037927376745,NA,NA,NA
"3671",2024-06-03 01:00:00,"historie",6.92,4.88826175261034,NA,NA,NA
"3672",2024-06-03 02:00:00,"historie",6.4,4.69067890910162,NA,NA,NA
"3673",2024-06-03 03:00:00,"historie",6.95,4.19940469303295,NA,NA,NA
"3674",2024-06-03 04:00:00,"historie",8.25,4.70314164663783,NA,NA,NA
"3675",2024-06-03 05:00:00,"historie",6.46,6.38238720371289,NA,NA,NA
"3676",2024-06-03 06:00:00,"historie",2.55,7.45649306509158,NA,NA,NA
"3677",2024-06-03 07:00:00,"historie",2.61,3.13403831192793,NA,NA,NA
"3678",2024-06-03 08:00:00,"historie",3.6,1.88854304461509,NA,NA,NA
"3679",2024-06-03 09:00:00,"historie",5.44,1.32029958524174,NA,NA,NA
"3680",2024-06-03 10:00:00,"historie",5,1.28908155356983,NA,NA,NA
"3681",2024-06-03 11:00:00,"historie",4.34,1.16841475399508,NA,NA,NA
"3682",2024-06-03 12:00:00,"historie",4.9,1.54561726009936,NA,NA,NA
"3683",2024-06-03 13:00:00,"historie",6.62,1.83607525417513,NA,NA,NA
"3684",2024-06-03 14:00:00,"historie",7,2.18712677684628,NA,NA,NA
"3685",2024-06-03 15:00:00,"historie",7.09,2.77706664627044,NA,NA,NA
"3686",2024-06-03 16:00:00,"historie",6.28,2.88929832057651,NA,NA,NA
"3687",2024-06-03 17:00:00,"historie",6.72,1.38526229211297,NA,NA,NA
"3688",2024-06-03 18:00:00,"historie",7.92,2.06402148465801,NA,NA,NA
"3689",2024-06-03 19:00:00,"historie",7.74,2.8440420263813,NA,NA,NA
"3690",2024-06-03 20:00:00,"historie",10.13,2.67083916950251,NA,NA,NA
"3691",2024-06-03 21:00:00,"historie",15.05,2.11647715816681,NA,NA,NA
"3692",2024-06-03 22:00:00,"historie",14.9,2.84280248276697,NA,NA,NA
"3693",2024-06-03 23:00:00,"historie",14.24,2.77614542878314,NA,NA,NA
"3694",2024-06-04,"historie",12.62,3.57603861195608,NA,NA,NA
"3695",2024-06-04 01:00:00,"historie",11.85,3.83154343338493,NA,NA,NA
"3696",2024-06-04 02:00:00,"historie",10.87,4.00956201946549,NA,NA,NA
"3697",2024-06-04 03:00:00,"historie",10.82,5.41828778624086,NA,NA,NA
"3698",2024-06-04 04:00:00,"historie",9.62,6.12325553894047,NA,NA,NA
"3699",2024-06-04 05:00:00,"historie",9.49,7.03341363029793,NA,NA,NA
"3700",2024-06-04 06:00:00,"historie",8.41,6.45576884610782,NA,NA,NA
"3701",2024-06-04 07:00:00,"historie",8.7,6.47741551717959,NA,NA,NA
"3702",2024-06-04 08:00:00,"historie",6.06,6.01376560600186,NA,NA,NA
"3703",2024-06-04 09:00:00,"historie",6.59,4.6821119023407,NA,NA,NA
"3704",2024-06-04 10:00:00,"historie",6.36,3.39208025398193,NA,NA,NA
"3705",2024-06-04 11:00:00,"historie",6.92,4.31129026397857,NA,NA,NA
"3706",2024-06-04 12:00:00,"historie",7.15,5.18731579646708,NA,NA,NA
"3707",2024-06-04 13:00:00,"historie",6.84,3.93356266349268,NA,NA,NA
"3708",2024-06-04 14:00:00,"historie",5.9,2.1059457872614,NA,NA,NA
"3709",2024-06-04 15:00:00,"historie",6.77,1.5918549955937,NA,NA,NA
"3710",2024-06-04 16:00:00,"historie",6.95,1.93257770329982,NA,NA,NA
"3711",2024-06-04 17:00:00,"historie",6.56,2.88778306039297,NA,NA,NA
"3712",2024-06-04 18:00:00,"historie",6.32,4.47158214195583,NA,NA,NA
"3713",2024-06-04 19:00:00,"historie",6.79,5.22171062279402,NA,NA,NA
"3714",2024-06-04 20:00:00,"historie",6.71,5.79196248553652,NA,NA,NA
"3715",2024-06-04 21:00:00,"historie",7.29,5.95093238235633,NA,NA,NA
"3716",2024-06-04 22:00:00,"historie",7.35,6.22676840127454,NA,NA,NA
"3717",2024-06-04 23:00:00,"historie",7.95,6.57810721649019,NA,NA,NA
"3718",2024-06-05,"historie",8.26,7.2468797730811,NA,NA,NA
"3719",2024-06-05 01:00:00,"historie",8.21,7.48438944387384,NA,NA,NA
"3720",2024-06-05 02:00:00,"historie",7.8,8.16080182649056,NA,NA,NA
"3721",2024-06-05 03:00:00,"historie",7.79,7.96036415615969,NA,NA,NA
"3722",2024-06-05 04:00:00,"historie",7.42,8.25314064859957,NA,NA,NA
"3723",2024-06-05 05:00:00,"historie",8.45,7.75056413232708,NA,NA,NA
"3724",2024-06-05 06:00:00,"historie",8.79,7.83492789954933,NA,NA,NA
"3725",2024-06-05 07:00:00,"historie",12.31,7.42658735078007,NA,NA,NA
"3726",2024-06-05 08:00:00,"historie",8.78,7.55514829537001,NA,NA,NA
"3727",2024-06-05 09:00:00,"historie",7.89,8.20803611696126,NA,NA,NA
"3728",2024-06-05 10:00:00,"historie",8.6,7.80778824759274,NA,NA,NA
"3729",2024-06-05 11:00:00,"historie",5.51,6.89950253451937,NA,NA,NA
"3730",2024-06-05 12:00:00,"historie",5,5.85158648196286,NA,NA,NA
"3731",2024-06-05 13:00:00,"historie",4.22,5.47154249462361,NA,NA,NA
"3732",2024-06-05 14:00:00,"historie",4.1,4.61011811823196,NA,NA,NA
"3733",2024-06-05 15:00:00,"historie",5.78,5.58638485562611,NA,NA,NA
"3734",2024-06-05 16:00:00,"historie",6.58,3.82468618369466,NA,NA,NA
"3735",2024-06-05 17:00:00,"historie",5.86,3.68930332636205,NA,NA,NA
"3736",2024-06-05 18:00:00,"historie",5.34,5.4231667112749,NA,NA,NA
"3737",2024-06-05 19:00:00,"historie",4.33,8.90858234058584,NA,NA,NA
"3738",2024-06-05 20:00:00,"historie",3.82,10.8518437967809,NA,NA,NA
"3739",2024-06-05 21:00:00,"historie",7.18,10.3318683033426,NA,NA,NA
"3740",2024-06-05 22:00:00,"historie",6.77,8.07248180017158,NA,NA,NA
"3741",2024-06-05 23:00:00,"historie",5.58,6.7581326456194,NA,NA,NA
"3742",2024-06-06,"historie",6.34,6.30464087886549,NA,NA,NA
"3743",2024-06-06 01:00:00,"historie",8.44,6.77765937728069,NA,NA,NA
"3744",2024-06-06 02:00:00,"historie",6.76,7.89020574553111,NA,NA,NA
"3745",2024-06-06 03:00:00,"historie",5.05,6.35975802557088,NA,NA,NA
"3746",2024-06-06 04:00:00,"historie",4.82,2.78725044513953,NA,NA,NA
"3747",2024-06-06 05:00:00,"historie",4.54,2.82384891895987,NA,NA,NA
"3748",2024-06-06 06:00:00,"historie",4.26,3.73134609763615,NA,NA,NA
"3749",2024-06-06 07:00:00,"historie",3.02,5.36313058201319,NA,NA,NA
"3750",2024-06-06 08:00:00,"historie",3.68,4.97767996927992,NA,NA,NA
"3751",2024-06-06 09:00:00,"historie",2.75,4.38850483158471,NA,NA,NA
"3752",2024-06-06 10:00:00,"historie",2.21,4.87998087982669,NA,NA,NA
"3753",2024-06-06 11:00:00,"historie",2.64,6.36957791436154,NA,NA,NA
"3754",2024-06-06 12:00:00,"historie",2.37,6.70555602882725,NA,NA,NA
"3755",2024-06-06 13:00:00,"historie",2.51,6.79615367383799,NA,NA,NA
"3756",2024-06-06 14:00:00,"historie",3.58,6.11484428757713,NA,NA,NA
"3757",2024-06-06 15:00:00,"historie",3.33,6.49836196795197,NA,NA,NA
"3758",2024-06-06 16:00:00,"historie",4.95,7.52647372671265,NA,NA,NA
"3759",2024-06-06 17:00:00,"historie",4.18,7.39136273210229,NA,NA,NA
"3760",2024-06-06 18:00:00,"historie",3.89,9.40022003774786,NA,NA,NA
"3761",2024-06-06 19:00:00,"historie",4.35,13.4011914903163,NA,NA,NA
"3762",2024-06-06 20:00:00,"historie",5,13.3640068861465,NA,NA,NA
"3763",2024-06-06 21:00:00,"historie",6.55,12.9057005774363,NA,NA,NA
"3764",2024-06-06 22:00:00,"historie",5.89,11.6449391737365,NA,NA,NA
"3765",2024-06-06 23:00:00,"historie",6.62,11.0442541191525,NA,NA,NA
"3766",2024-06-07,"historie",6.51,10.2513432287523,NA,NA,NA
"3767",2024-06-07 01:00:00,"historie",5.65,10.2211887748504,NA,NA,NA
"3768",2024-06-07 02:00:00,"historie",5.95,9.21837657175222,NA,NA,NA
"3769",2024-06-07 03:00:00,"historie",6,9.10756694866118,NA,NA,NA
"3770",2024-06-07 04:00:00,"historie",7.1,8.18130871308843,NA,NA,NA
"3771",2024-06-07 05:00:00,"historie",7.51,8.42242758650611,NA,NA,NA
"3772",2024-06-07 06:00:00,"historie",8.67,6.10817842029848,NA,NA,NA
"3773",2024-06-07 07:00:00,"historie",9.17,6.55820277212417,NA,NA,NA
"3774",2024-06-07 08:00:00,"historie",5.36,6.34069351909335,NA,NA,NA
"3775",2024-06-07 09:00:00,"historie",3.85,6.81817264246157,NA,NA,NA
"3776",2024-06-07 10:00:00,"historie",4.45,7.0094775204871,NA,NA,NA
"3777",2024-06-07 11:00:00,"historie",3.88,6.73317874455327,NA,NA,NA
"3778",2024-06-07 12:00:00,"historie",4.21,5.89929506746864,NA,NA,NA
"3779",2024-06-07 13:00:00,"historie",3.98,6.65053711672156,NA,NA,NA
"3780",2024-06-07 14:00:00,"historie",4.53,6.8015488585317,NA,NA,NA
"3781",2024-06-07 15:00:00,"historie",4.28,6.45867910071037,NA,NA,NA
"3782",2024-06-07 16:00:00,"historie",4.72,6.24318677837576,NA,NA,NA
"3783",2024-06-07 17:00:00,"historie",5,6.64614652728688,NA,NA,NA
"3784",2024-06-07 18:00:00,"historie",5.56,6.57408754258179,NA,NA,NA
"3785",2024-06-07 19:00:00,"historie",6.18,7.0724817364143,NA,NA,NA
"3786",2024-06-07 20:00:00,"historie",6.82,7.12575580876301,NA,NA,NA
"3787",2024-06-07 21:00:00,"historie",7.05,7.64125505670358,NA,NA,NA
"3788",2024-06-07 22:00:00,"historie",8.49,7.91134346691222,NA,NA,NA
"3789",2024-06-07 23:00:00,"historie",9.33,7.87675088931854,NA,NA,NA
"3790",2024-06-08,"historie",8.79,7.53323046774942,NA,NA,NA
"3791",2024-06-08 01:00:00,"historie",8.25,7.52727713775416,NA,NA,NA
"3792",2024-06-08 02:00:00,"historie",7.21,7.21152175214145,NA,NA,NA
"3793",2024-06-08 03:00:00,"historie",7.92,8.0916298858787,NA,NA,NA
"3794",2024-06-08 04:00:00,"historie",8.11,8.38699560168554,NA,NA,NA
"3795",2024-06-08 05:00:00,"historie",7.9,11.3177327641931,NA,NA,NA
"3796",2024-06-08 06:00:00,"historie",8.1,8.41629949358663,NA,NA,NA
"3797",2024-06-08 07:00:00,"historie",25.85,7.65912803404584,NA,NA,NA
"3798",2024-06-08 08:00:00,"historie",25.82,8.26423023934429,NA,NA,NA
"3799",2024-06-08 09:00:00,"historie",9,5.57067062255504,NA,NA,NA
"3800",2024-06-08 10:00:00,"historie",8.74,5.09551924233658,NA,NA,NA
"3801",2024-06-08 11:00:00,"historie",5.64,4.3692628058317,NA,NA,NA
"3802",2024-06-08 12:00:00,"historie",5.62,4.24092994777698,NA,NA,NA
"3803",2024-06-08 13:00:00,"historie",4.62,5.72792299406823,NA,NA,NA
"3804",2024-06-08 14:00:00,"historie",3.97,6.41992700913672,NA,NA,NA
"3805",2024-06-08 15:00:00,"historie",3.95,5.7941114819952,NA,NA,NA
"3806",2024-06-08 16:00:00,"historie",3.64,5.33212169483182,NA,NA,NA
"3807",2024-06-08 17:00:00,"historie",3.17,4.42178906915769,NA,NA,NA
"3808",2024-06-08 18:00:00,"historie",2.71,3.94607094324853,NA,NA,NA
"3809",2024-06-08 19:00:00,"historie",3.38,6.88223849485381,NA,NA,NA
"3810",2024-06-08 20:00:00,"historie",5.21,6.54438352552779,NA,NA,NA
"3811",2024-06-08 21:00:00,"historie",4.59,5.51979262253074,NA,NA,NA
"3812",2024-06-08 22:00:00,"historie",5.31,6.17874973415269,NA,NA,NA
"3813",2024-06-08 23:00:00,"historie",6.03,7.96739347113766,NA,NA,NA
"3814",2024-06-09,"historie",6.65,6.56121027567345,NA,NA,NA
"3815",2024-06-09 01:00:00,"historie",6.1,5.06946987531437,NA,NA,NA
"3816",2024-06-09 02:00:00,"historie",6.44,4.85639813895825,NA,NA,NA
"3817",2024-06-09 03:00:00,"historie",5.59,4.59732501017234,NA,NA,NA
"3818",2024-06-09 04:00:00,"historie",5.68,4.33639267809568,NA,NA,NA
"3819",2024-06-09 05:00:00,"historie",6.29,3.18928974870756,NA,NA,NA
"3820",2024-06-09 06:00:00,"historie",7.75,3.78310497460584,NA,NA,NA
"3821",2024-06-09 07:00:00,"historie",6.59,2.9146938383234,NA,NA,NA
"3822",2024-06-09 08:00:00,"historie",5.95,2.39069252098244,NA,NA,NA
"3823",2024-06-09 09:00:00,"historie",5.82,2.78369546665754,NA,NA,NA
"3824",2024-06-09 10:00:00,"historie",5.1,2.52103354828478,NA,NA,NA
"3825",2024-06-09 11:00:00,"historie",5.13,2.64250990740066,NA,NA,NA
"3826",2024-06-09 12:00:00,"historie",5.58,3.60974958506722,NA,NA,NA
"3827",2024-06-09 13:00:00,"historie",5.41,3.38558499830122,NA,NA,NA
"3828",2024-06-09 14:00:00,"historie",5.12,4.8092565462222,NA,NA,NA
"3829",2024-06-09 15:00:00,"historie",5.39,4.15022920777867,NA,NA,NA
"3830",2024-06-09 16:00:00,"historie",5.75,3.89764882598984,NA,NA,NA
"3831",2024-06-09 17:00:00,"historie",5.08,4.30502182229124,NA,NA,NA
"3832",2024-06-09 18:00:00,"historie",6.64,4.87618956206195,NA,NA,NA
"3833",2024-06-09 19:00:00,"historie",8.38,6.20771316987394,NA,NA,NA
"3834",2024-06-09 20:00:00,"historie",5.82,5.67112303077864,NA,NA,NA
"3835",2024-06-09 21:00:00,"historie",6.55,6.30596834297692,NA,NA,NA
"3836",2024-06-09 22:00:00,"historie",7,6.2320858663615,NA,NA,NA
"3837",2024-06-09 23:00:00,"historie",6.43,5.51047914595899,NA,NA,NA
"3838",2024-06-10,"historie",6.95,5.77604519378446,NA,NA,NA
"3839",2024-06-10 01:00:00,"historie",6.03,5.82740387429632,NA,NA,NA
"3840",2024-06-10 02:00:00,"historie",4.88,6.77437667789922,NA,NA,NA
"3841",2024-06-10 03:00:00,"historie",4.15,7.13729795777094,NA,NA,NA
"3842",2024-06-10 04:00:00,"historie",4.15,8.12722268753045,NA,NA,NA
"3843",2024-06-10 05:00:00,"historie",3.9,8.5695969962079,NA,NA,NA
"3844",2024-06-10 06:00:00,"historie",3.88,5.34093508545258,NA,NA,NA
"3845",2024-06-10 07:00:00,"historie",4.42,3.97848406639136,NA,NA,NA
"3846",2024-06-10 08:00:00,"historie",3.12,4.50812179631508,NA,NA,NA
"3847",2024-06-10 09:00:00,"historie",2.97,3.98448897461889,NA,NA,NA
"3848",2024-06-10 10:00:00,"historie",3,4.27193091952569,NA,NA,NA
"3849",2024-06-10 11:00:00,"historie",2.64,4.05712338659758,NA,NA,NA
"3850",2024-06-10 12:00:00,"historie",2.08,4.54154312779668,NA,NA,NA
"3851",2024-06-10 13:00:00,"historie",2.38,4.31527139501431,NA,NA,NA
"3852",2024-06-10 14:00:00,"historie",2.9,4.70123938335807,NA,NA,NA
"3853",2024-06-10 15:00:00,"historie",2.33,4.94653769614614,NA,NA,NA
"3854",2024-06-10 16:00:00,"historie",2.26,5.43597187890473,NA,NA,NA
"3855",2024-06-10 17:00:00,"historie",2.18,5.97605952351555,NA,NA,NA
"3856",2024-06-10 18:00:00,"historie",3.18,6.53246728616107,NA,NA,NA
"3857",2024-06-10 19:00:00,"historie",3.69,6.7421153528588,NA,NA,NA
"3858",2024-06-10 20:00:00,"historie",3.89,7.96717051797417,NA,NA,NA
"3859",2024-06-10 21:00:00,"historie",3.28,8.69074905002093,NA,NA,NA
"3860",2024-06-10 22:00:00,"historie",3.28,8.27277437931753,NA,NA,NA
"3861",2024-06-10 23:00:00,"historie",3.16,7.84160013186909,NA,NA,NA
"3862",2024-06-11,"historie",2.87,6.97166440938385,NA,NA,NA
"3863",2024-06-11 01:00:00,"historie",3.18,7.58202623727537,NA,NA,NA
"3864",2024-06-11 02:00:00,"historie",3.1,7.75290670454373,NA,NA,NA
"3865",2024-06-11 03:00:00,"historie",2.9,7.58439586752433,NA,NA,NA
"3866",2024-06-11 04:00:00,"historie",2.42,7.76163671688469,NA,NA,NA
"3867",2024-06-11 05:00:00,"historie",2.05,21.7395140986345,NA,NA,NA
"3868",2024-06-11 06:00:00,"historie",1.23,21.9249605229739,NA,NA,NA
"3869",2024-06-11 07:00:00,"historie",1.49,8.68399690258785,NA,NA,NA
"3870",2024-06-11 08:00:00,"historie",1.28,8.45663876916638,NA,NA,NA
"3871",2024-06-11 09:00:00,"historie",1.26,5.73091662856185,NA,NA,NA
"3872",2024-06-11 10:00:00,"historie",1.4,5.69082851729123,NA,NA,NA
"3873",2024-06-11 11:00:00,"historie",2.54,4.76693454377945,NA,NA,NA
"3874",2024-06-11 12:00:00,"historie",1.47,4.14871513487702,NA,NA,NA
"3875",2024-06-11 13:00:00,"historie",1.92,4.10940944583907,NA,NA,NA
"3876",2024-06-11 14:00:00,"historie",2.2,3.80513341502192,NA,NA,NA
"3877",2024-06-11 15:00:00,"historie",2.18,3.35096123622925,NA,NA,NA
"3878",2024-06-11 16:00:00,"historie",2.8,2.90153055002882,NA,NA,NA
"3879",2024-06-11 17:00:00,"historie",2.46,3.50987512845358,NA,NA,NA
"3880",2024-06-11 18:00:00,"historie",2.61,5.13473128042771,NA,NA,NA
"3881",2024-06-11 19:00:00,"historie",2.97,4.59094550188819,NA,NA,NA
"3882",2024-06-11 20:00:00,"historie",3.7,5.22100716991785,NA,NA,NA
"3883",2024-06-11 21:00:00,"historie",3.34,5.84741057624611,NA,NA,NA
"3884",2024-06-11 22:00:00,"historie",6.18,6.38670279365022,NA,NA,NA
"3885",2024-06-11 23:00:00,"historie",3.53,5.92787116335613,NA,NA,NA
"3886",2024-06-12,"historie",2.88,6.22678765951132,NA,NA,NA
"3887",2024-06-12 01:00:00,"historie",3.03,5.49986150159956,NA,NA,NA
"3888",2024-06-12 02:00:00,"historie",3.28,5.5791189079086,NA,NA,NA
"3889",2024-06-12 03:00:00,"historie",2.9,6.10877596079135,NA,NA,NA
"3890",2024-06-12 04:00:00,"historie",2.15,7.35792654965701,NA,NA,NA
"3891",2024-06-12 05:00:00,"historie",2.18,6.38801113323432,NA,NA,NA
"3892",2024-06-12 06:00:00,"historie",2.38,5.84006928752504,NA,NA,NA
"3893",2024-06-12 07:00:00,"historie",2.67,5.72696677811973,NA,NA,NA
"3894",2024-06-12 08:00:00,"historie",2.65,5.09344313311239,NA,NA,NA
"3895",2024-06-12 09:00:00,"historie",2.55,5.11434118968559,NA,NA,NA
"3896",2024-06-12 10:00:00,"historie",1.8,5.50510547857523,NA,NA,NA
"3897",2024-06-12 11:00:00,"historie",1.92,5.35513302946297,NA,NA,NA
"3898",2024-06-12 12:00:00,"historie",1.97,5.0978016523212,NA,NA,NA
"3899",2024-06-12 13:00:00,"historie",2.86,5.33142470311956,NA,NA,NA
"3900",2024-06-12 14:00:00,"historie",2.26,5.64439719123662,NA,NA,NA
"3901",2024-06-12 15:00:00,"historie",6.72,5.05838951714988,NA,NA,NA
"3902",2024-06-12 16:00:00,"historie",2.71,6.40949423811766,NA,NA,NA
"3903",2024-06-12 17:00:00,"historie",3.3,7.8892772338969,NA,NA,NA
"3904",2024-06-12 18:00:00,"historie",2.31,5.7270426340447,NA,NA,NA
"3905",2024-06-12 19:00:00,"historie",2.28,6.35870262479861,NA,NA,NA
"3906",2024-06-12 20:00:00,"historie",2.46,6.7496380959363,NA,NA,NA
"3907",2024-06-12 21:00:00,"historie",3.18,6.26720423465698,NA,NA,NA
"3908",2024-06-12 22:00:00,"historie",3.1,6.71712667889385,NA,NA,NA
"3909",2024-06-12 23:00:00,"historie",4.03,5.92787804373816,NA,NA,NA
"3910",2024-06-13,"historie",4.51,4.91250011465943,NA,NA,NA
"3911",2024-06-13 01:00:00,"historie",6.9,4.24738119962855,NA,NA,NA
"3912",2024-06-13 02:00:00,"historie",7.03,4.23553797627384,NA,NA,NA
"3913",2024-06-13 03:00:00,"historie",3.67,3.99870545122671,NA,NA,NA
"3914",2024-06-13 04:00:00,"historie",3.89,3.9701374873259,NA,NA,NA
"3915",2024-06-13 05:00:00,"historie",3.78,4.44602029231957,NA,NA,NA
"3916",2024-06-13 06:00:00,"historie",6.79,3.26122749823648,NA,NA,NA
"3917",2024-06-13 07:00:00,"historie",11.05,3.11080291649559,NA,NA,NA
"3918",2024-06-13 08:00:00,"historie",3.63,3.12778230645781,NA,NA,NA
"3919",2024-06-13 09:00:00,"historie",2.49,2.78434078494861,NA,NA,NA
"3920",2024-06-13 10:00:00,"historie",2.18,2.24580539704591,NA,NA,NA
"3921",2024-06-13 11:00:00,"historie",2.5,2.51842590106855,NA,NA,NA
"3922",2024-06-13 12:00:00,"historie",2.97,2.99086118244103,NA,NA,NA
"3923",2024-06-13 13:00:00,"historie",1.67,2.45986894346505,NA,NA,NA
"3924",2024-06-13 14:00:00,"historie",1.23,2.38737030857722,NA,NA,NA
"3925",2024-06-13 15:00:00,"historie",2.64,2.30595091399563,NA,NA,NA
"3926",2024-06-13 16:00:00,"historie",3.49,3.21422611625885,NA,NA,NA
"3927",2024-06-13 17:00:00,"historie",2.17,3.66908088732951,NA,NA,NA
"3928",2024-06-13 18:00:00,"historie",2.05,3.85071353573509,NA,NA,NA
"3929",2024-06-13 19:00:00,"historie",3.35,3.3159520224658,NA,NA,NA
"3930",2024-06-13 20:00:00,"historie",2.74,3.31674364782511,NA,NA,NA
"3931",2024-06-13 21:00:00,"historie",3.41,3.20959443837515,NA,NA,NA
"3932",2024-06-13 22:00:00,"historie",3.18,2.94673597935165,NA,NA,NA
"3933",2024-06-13 23:00:00,"historie",25.53,3.22470605242447,NA,NA,NA
"3934",2024-06-14,"historie",5.58,3.15286267150839,NA,NA,NA
"3935",2024-06-14 01:00:00,"historie",4.03,2.97142043334755,NA,NA,NA
"3936",2024-06-14 02:00:00,"historie",5.03,2.52940695892729,NA,NA,NA
"3937",2024-06-14 03:00:00,"historie",4.59,2.1792282954709,NA,NA,NA
"3938",2024-06-14 04:00:00,"historie",3.77,1.38146077695866,NA,NA,NA
"3939",2024-06-14 05:00:00,"historie",3.98,1.62714498385768,NA,NA,NA
"3940",2024-06-14 06:00:00,"historie",5.53,1.41622077455553,NA,NA,NA
"3941",2024-06-14 07:00:00,"historie",8.32,1.38995263882025,NA,NA,NA
"3942",2024-06-14 08:00:00,"historie",6.53,1.51952716983965,NA,NA,NA
"3943",2024-06-14 09:00:00,"historie",7.47,2.56922508243169,NA,NA,NA
"3944",2024-06-14 10:00:00,"historie",6.77,1.58487844930834,NA,NA,NA
"3945",2024-06-14 11:00:00,"historie",5.15,2.00336987521886,NA,NA,NA
"3946",2024-06-14 12:00:00,"historie",4.97,2.25997723310992,NA,NA,NA
"3947",2024-06-14 13:00:00,"historie",4.62,2.24366887096467,NA,NA,NA
"3948",2024-06-14 14:00:00,"historie",4.42,2.8030910093573,NA,NA,NA
"3949",2024-06-14 15:00:00,"historie",3.83,2.50527176700836,NA,NA,NA
"3950",2024-06-14 16:00:00,"historie",1.75,2.64341452886195,NA,NA,NA
"3951",2024-06-14 17:00:00,"historie",1.56,2.96870665220303,NA,NA,NA
"3952",2024-06-14 18:00:00,"historie",2.21,3.61559512240467,NA,NA,NA
"3953",2024-06-14 19:00:00,"historie",2.19,3.31387446018063,NA,NA,NA
"3954",2024-06-14 20:00:00,"historie",2.92,5.73245038889705,NA,NA,NA
"3955",2024-06-14 21:00:00,"historie",5.2,3.51236240441082,NA,NA,NA
"3956",2024-06-14 22:00:00,"historie",3.66,2.93746456371816,NA,NA,NA
"3957",2024-06-14 23:00:00,"historie",9.45,3.07265264187899,NA,NA,NA
"3958",2024-06-15,"historie",3.36,3.29759654288128,NA,NA,NA
"3959",2024-06-15 01:00:00,"historie",3.87,2.95919789313068,NA,NA,NA
"3960",2024-06-15 02:00:00,"historie",5.13,2.26927756439728,NA,NA,NA
"3961",2024-06-15 03:00:00,"historie",4.8,2.2919599428542,NA,NA,NA
"3962",2024-06-15 04:00:00,"historie",4.16,2.47263767247525,NA,NA,NA
"3963",2024-06-15 05:00:00,"historie",4.58,2.73512345749719,NA,NA,NA
"3964",2024-06-15 06:00:00,"historie",5.92,2.71675794604571,NA,NA,NA
"3965",2024-06-15 07:00:00,"historie",7.32,2.62534866217316,NA,NA,NA
"3966",2024-06-15 08:00:00,"historie",5.86,1.92704701826784,NA,NA,NA
"3967",2024-06-15 09:00:00,"historie",7.12,2.03455030151562,NA,NA,NA
"3968",2024-06-15 10:00:00,"historie",7.13,2.07710108221772,NA,NA,NA
"3969",2024-06-15 11:00:00,"historie",5.62,2.88598565569943,NA,NA,NA
"3970",2024-06-15 12:00:00,"historie",2.54,2.34532869085046,NA,NA,NA
"3971",2024-06-15 13:00:00,"historie",1.15,6.1599328855953,NA,NA,NA
"3972",2024-06-15 14:00:00,"historie",1.26,2.77443537996375,NA,NA,NA
"3973",2024-06-15 15:00:00,"historie",0.95,3.30355535439697,NA,NA,NA
"3974",2024-06-15 16:00:00,"historie",0.79,2.411202247598,NA,NA,NA
"3975",2024-06-15 17:00:00,"historie",1.1,2.37996788593015,NA,NA,NA
"3976",2024-06-15 18:00:00,"historie",1.1,2.54236308830787,NA,NA,NA
"3977",2024-06-15 19:00:00,"historie",1.4,3.19020944778122,NA,NA,NA
"3978",2024-06-15 20:00:00,"historie",1.69,3.12317848808957,NA,NA,NA
"3979",2024-06-15 21:00:00,"historie",2.75,3.94512672988761,NA,NA,NA
"3980",2024-06-15 22:00:00,"historie",2.87,4.37142381009714,NA,NA,NA
"3981",2024-06-15 23:00:00,"historie",2.64,6.39452583438313,NA,NA,NA
"3982",2024-06-16,"historie",3.08,6.54086858870637,NA,NA,NA
"3983",2024-06-16 01:00:00,"historie",4.5,3.69583094882057,NA,NA,NA
"3984",2024-06-16 02:00:00,"historie",3.75,3.89143033829242,NA,NA,NA
"3985",2024-06-16 03:00:00,"historie",3.85,3.7951848061507,NA,NA,NA
"3986",2024-06-16 04:00:00,"historie",2.87,6.38026072996059,NA,NA,NA
"3987",2024-06-16 05:00:00,"historie",2.85,9.86975907038421,NA,NA,NA
"3988",2024-06-16 06:00:00,"historie",2.8,3.70612171952322,NA,NA,NA
"3989",2024-06-16 07:00:00,"historie",3.05,2.64873760568976,NA,NA,NA
"3990",2024-06-16 08:00:00,"historie",2.1,2.34413935222671,NA,NA,NA
"3991",2024-06-16 09:00:00,"historie",2.15,2.63431320319315,NA,NA,NA
"3992",2024-06-16 10:00:00,"historie",1.85,3.05944751614256,NA,NA,NA
"3993",2024-06-16 11:00:00,"historie",1.42,1.833590605148,NA,NA,NA
"3994",2024-06-16 12:00:00,"historie",1.38,1.39033836507836,NA,NA,NA
"3995",2024-06-16 13:00:00,"historie",1.18,2.71716040496673,NA,NA,NA
"3996",2024-06-16 14:00:00,"historie",1.49,3.47808288738341,NA,NA,NA
"3997",2024-06-16 15:00:00,"historie",1.38,2.28579326563021,NA,NA,NA
"3998",2024-06-16 16:00:00,"historie",1.52,2.16863161378775,NA,NA,NA
"3999",2024-06-16 17:00:00,"historie",1.92,3.34419650590744,NA,NA,NA
"4000",2024-06-16 18:00:00,"historie",1.73,2.802791781612,NA,NA,NA
"4001",2024-06-16 19:00:00,"historie",1.51,3.40244906547025,NA,NA,NA
"4002",2024-06-16 20:00:00,"historie",2.65,3.203147160573,NA,NA,NA
"4003",2024-06-16 21:00:00,"historie",1.74,20.3257945918771,NA,NA,NA
"4004",2024-06-16 22:00:00,"historie",1.6,5.36456969517434,NA,NA,NA
"4005",2024-06-16 23:00:00,"historie",2.45,4.03174379146777,NA,NA,NA
"4006",2024-06-17,"historie",2.23,4.90803457267986,NA,NA,NA
"4007",2024-06-17 01:00:00,"historie",1.64,4.53344278667369,NA,NA,NA
"4008",2024-06-17 02:00:00,"historie",1.9,3.81085358983093,NA,NA,NA
"4009",2024-06-17 03:00:00,"historie",2.05,3.99568761632815,NA,NA,NA
"4010",2024-06-17 04:00:00,"historie",2.85,5.34753566007907,NA,NA,NA
"4011",2024-06-17 05:00:00,"historie",3.21,7.69894180583785,NA,NA,NA
"4012",2024-06-17 06:00:00,"historie",4.3,6.24205778773812,NA,NA,NA
"4013",2024-06-17 07:00:00,"historie",4.87,7.05093516077578,NA,NA,NA
"4014",2024-06-17 08:00:00,"historie",2.46,6.48311760311337,NA,NA,NA
"4015",2024-06-17 09:00:00,"historie",2.34,5.09795389316181,NA,NA,NA
"4016",2024-06-17 10:00:00,"historie",2.46,4.93887832547955,NA,NA,NA
"4017",2024-06-17 11:00:00,"historie",1.64,4.62736012681347,NA,NA,NA
"4018",2024-06-17 12:00:00,"historie",1.48,4.44530941351569,NA,NA,NA
"4019",2024-06-17 13:00:00,"historie",1.29,3.91061454352745,NA,NA,NA
"4020",2024-06-17 14:00:00,"historie",1.5,1.94869936445823,NA,NA,NA
"4021",2024-06-17 15:00:00,"historie",1.46,1.74652129603951,NA,NA,NA
"4022",2024-06-17 16:00:00,"historie",1.54,2.36059004622781,NA,NA,NA
"4023",2024-06-17 17:00:00,"historie",1.44,2.3322337334557,NA,NA,NA
"4024",2024-06-17 18:00:00,"historie",1.25,2.99909020751919,NA,NA,NA
"4025",2024-06-17 19:00:00,"historie",1.24,4.99767920293021,NA,NA,NA
"4026",2024-06-17 20:00:00,"historie",1.3,3.67293150106866,NA,NA,NA
"4027",2024-06-17 21:00:00,"historie",1.36,8.52002136130035,NA,NA,NA
"4028",2024-06-17 22:00:00,"historie",1.11,3.4312660665997,NA,NA,NA
"4029",2024-06-17 23:00:00,"historie",1.26,3.88455303485554,NA,NA,NA
"4030",2024-06-18,"historie",1.2,4.98732552255726,NA,NA,NA
"4031",2024-06-18 01:00:00,"historie",1.41,4.7116068271504,NA,NA,NA
"4032",2024-06-18 02:00:00,"historie",1.18,4.15568329747615,NA,NA,NA
"4033",2024-06-18 03:00:00,"historie",1.32,4.52610294280954,NA,NA,NA
"4034",2024-06-18 04:00:00,"historie",1.52,5.68720542707275,NA,NA,NA
"4035",2024-06-18 05:00:00,"historie",1.76,6.88298975274104,NA,NA,NA
"4036",2024-06-18 06:00:00,"historie",2.1,5.67277819666029,NA,NA,NA
"4037",2024-06-18 07:00:00,"historie",2.44,6.75380515862767,NA,NA,NA
"4038",2024-06-18 08:00:00,"historie",1.82,6.78237392753317,NA,NA,NA
"4039",2024-06-18 09:00:00,"historie",1.62,5.50654549058711,NA,NA,NA
"4040",2024-06-18 10:00:00,"historie",1.38,2.72452869964469,NA,NA,NA
"4041",2024-06-18 11:00:00,"historie",1.46,1.34210240659214,NA,NA,NA
"4042",2024-06-18 12:00:00,"historie",1.32,1.43985932598886,NA,NA,NA
"4043",2024-06-18 13:00:00,"historie",1.14,1.11121259628362,NA,NA,NA
"4044",2024-06-18 14:00:00,"historie",1.25,0.934444384430217,NA,NA,NA
"4045",2024-06-18 15:00:00,"historie",1.38,1.24086700270022,NA,NA,NA
"4046",2024-06-18 16:00:00,"historie",1.62,1.23317448551841,NA,NA,NA
"4047",2024-06-18 17:00:00,"historie",1.51,1.51887506079524,NA,NA,NA
"4048",2024-06-18 18:00:00,"historie",1.72,1.78944548604749,NA,NA,NA
"4049",2024-06-18 19:00:00,"historie",2.08,2.75215916435567,NA,NA,NA
"4050",2024-06-18 20:00:00,"historie",2.72,2.86571192818272,NA,NA,NA
"4051",2024-06-18 21:00:00,"historie",3.05,2.66795729894447,NA,NA,NA
"4052",2024-06-18 22:00:00,"historie",4.1,3.06368561248294,NA,NA,NA
"4053",2024-06-18 23:00:00,"historie",4.17,4.29894954039583,NA,NA,NA
"4054",2024-06-19,"historie",4.05,3.67587447499552,NA,NA,NA
"4055",2024-06-19 01:00:00,"historie",4.18,3.77432448495116,NA,NA,NA
"4056",2024-06-19 02:00:00,"historie",4.36,2.91730918729364,NA,NA,NA
"4057",2024-06-19 03:00:00,"historie",4.05,2.90032815831495,NA,NA,NA
"4058",2024-06-19 04:00:00,"historie",3.72,2.85592472963014,NA,NA,NA
"4059",2024-06-19 05:00:00,"historie",4.32,3.08122211081688,NA,NA,NA
"4060",2024-06-19 06:00:00,"historie",3.92,2.21475413452274,NA,NA,NA
"4061",2024-06-19 07:00:00,"historie",4.42,2.25660171413244,NA,NA,NA
"4062",2024-06-19 08:00:00,"historie",4.97,1.97171315576074,NA,NA,NA
"4063",2024-06-19 09:00:00,"historie",6.18,1.55540567695259,NA,NA,NA
"4064",2024-06-19 10:00:00,"historie",7.03,1.51003979745364,NA,NA,NA
"4065",2024-06-19 11:00:00,"historie",6.1,1.3091228064992,NA,NA,NA
"4066",2024-06-19 12:00:00,"historie",7.85,1.60247686889344,NA,NA,NA
"4067",2024-06-19 13:00:00,"historie",6.13,1.49365139879656,NA,NA,NA
"4068",2024-06-19 14:00:00,"historie",5.56,1.62302067733937,NA,NA,NA
"4069",2024-06-19 15:00:00,"historie",5.4,1.99343378934903,NA,NA,NA
"4070",2024-06-19 16:00:00,"historie",12.15,1.81816422555958,NA,NA,NA
"4071",2024-06-19 17:00:00,"historie",6.56,1.61086495384845,NA,NA,NA
"4072",2024-06-19 18:00:00,"historie",3.06,2.64868781977623,NA,NA,NA
"4073",2024-06-19 19:00:00,"historie",1.85,1.82944491546539,NA,NA,NA
"4074",2024-06-19 20:00:00,"historie",1.16,1.6973841191472,NA,NA,NA
"4075",2024-06-19 21:00:00,"historie",1.57,2.47385758478291,NA,NA,NA
"4076",2024-06-19 22:00:00,"historie",1.18,2.28087320723438,NA,NA,NA
"4077",2024-06-19 23:00:00,"historie",1.55,1.73899980696263,NA,NA,NA
"4078",2024-06-20,"historie",1.54,1.9789771202939,NA,NA,NA
"4079",2024-06-20 01:00:00,"historie",1.55,2.11697684488294,NA,NA,NA
"4080",2024-06-20 02:00:00,"historie",2.26,2.8369366456275,NA,NA,NA
"4081",2024-06-20 03:00:00,"historie",3.02,3.16189898269731,NA,NA,NA
"4082",2024-06-20 04:00:00,"historie",3.64,4.1118866086778,NA,NA,NA
"4083",2024-06-20 05:00:00,"historie",3.52,4.61585376893851,NA,NA,NA
"4084",2024-06-20 06:00:00,"historie",4.08,2.53320177746151,NA,NA,NA
"4085",2024-06-20 07:00:00,"historie",5.28,2.42273514541851,NA,NA,NA
"4086",2024-06-20 08:00:00,"historie",5.67,2.53109742890806,NA,NA,NA
"4087",2024-06-20 09:00:00,"historie",3.46,1.76649244956159,NA,NA,NA
"4088",2024-06-20 10:00:00,"historie",2.82,1.6077397423562,NA,NA,NA
"4089",2024-06-20 11:00:00,"historie",2.46,1.41832538238447,NA,NA,NA
"4090",2024-06-20 12:00:00,"historie",2.03,1.61460983481723,NA,NA,NA
"4091",2024-06-20 13:00:00,"historie",2.02,1.57246366081564,NA,NA,NA
"4092",2024-06-20 14:00:00,"historie",2.26,1.64470976771692,NA,NA,NA
"4093",2024-06-20 15:00:00,"historie",1.82,1.54704002544987,NA,NA,NA
"4094",2024-06-20 16:00:00,"historie",1.76,1.36192251982021,NA,NA,NA
"4095",2024-06-20 17:00:00,"historie",2,1.34848607846472,NA,NA,NA
"4096",2024-06-20 18:00:00,"historie",2.11,1.40266098340459,NA,NA,NA
"4097",2024-06-20 19:00:00,"historie",2.15,1.45721860734324,NA,NA,NA
"4098",2024-06-20 20:00:00,"historie",2.95,1.21548039322677,NA,NA,NA
"4099",2024-06-20 21:00:00,"historie",2.83,1.35647030229786,NA,NA,NA
"4100",2024-06-20 22:00:00,"historie",3.51,1.29725895198143,NA,NA,NA
"4101",2024-06-20 23:00:00,"historie",11,1.49433150085867,NA,NA,NA
"4102",2024-06-21,"historie",3.64,1.27584924620731,NA,NA,NA
"4103",2024-06-21 01:00:00,"historie",3.31,1.40711984270355,NA,NA,NA
"4104",2024-06-21 02:00:00,"historie",6.51,1.59388424989807,NA,NA,NA
"4105",2024-06-21 03:00:00,"historie",14.85,1.81631403491307,NA,NA,NA
"4106",2024-06-21 04:00:00,"historie",3.46,2.12777031823523,NA,NA,NA
"4107",2024-06-21 05:00:00,"historie",4.38,2.43731937721265,NA,NA,NA
"4108",2024-06-21 06:00:00,"historie",4.16,1.8860917956623,NA,NA,NA
"4109",2024-06-21 07:00:00,"historie",5.45,1.70269823138547,NA,NA,NA
"4110",2024-06-21 08:00:00,"historie",6.03,1.47696081850546,NA,NA,NA
"4111",2024-06-21 09:00:00,"historie",4.95,1.55070351465871,NA,NA,NA
"4112",2024-06-21 10:00:00,"historie",4.5,1.41716212239913,NA,NA,NA
"4113",2024-06-21 11:00:00,"historie",3.98,1.24275029713736,NA,NA,NA
"4114",2024-06-21 12:00:00,"historie",4.92,1.34545893233488,NA,NA,NA
"4115",2024-06-21 13:00:00,"historie",5.38,1.46691242346866,NA,NA,NA
"4116",2024-06-21 14:00:00,"historie",6.62,1.69033312217091,NA,NA,NA
"4117",2024-06-21 15:00:00,"historie",7.85,1.5894953552514,NA,NA,NA
"4118",2024-06-21 16:00:00,"historie",6.46,1.78440568859545,NA,NA,NA
"4119",2024-06-21 17:00:00,"historie",13.32,2.11434833341641,NA,NA,NA
"4120",2024-06-21 18:00:00,"historie",14.5,2.68864395434783,NA,NA,NA
"4121",2024-06-21 19:00:00,"historie",13.45,2.98827676928666,NA,NA,NA
"4122",2024-06-21 20:00:00,"historie",14.46,3.90198971840027,NA,NA,NA
"4123",2024-06-21 21:00:00,"historie",12.11,3.98533791487952,NA,NA,NA
"4124",2024-06-21 22:00:00,"historie",12.34,3.90488613968849,NA,NA,NA
"4125",2024-06-21 23:00:00,"historie",10.16,4.03434675354713,NA,NA,NA
"4126",2024-06-22,"historie",9.17,4.20593885818628,NA,NA,NA
"4127",2024-06-22 01:00:00,"historie",8.69,3.95570640469614,NA,NA,NA
"4128",2024-06-22 02:00:00,"historie",7.54,3.6796105183087,NA,NA,NA
"4129",2024-06-22 03:00:00,"historie",5.74,4.20972497381898,NA,NA,NA
"4130",2024-06-22 04:00:00,"historie",5.25,3.87333771395041,NA,NA,NA
"4131",2024-06-22 05:00:00,"historie",5.28,4.31610640258732,NA,NA,NA
"4132",2024-06-22 06:00:00,"historie",3.59,4.80093041750113,NA,NA,NA
"4133",2024-06-22 07:00:00,"historie",2.75,5.84186925887092,NA,NA,NA
"4134",2024-06-22 08:00:00,"historie",1.82,6.57714403059321,NA,NA,NA
"4135",2024-06-22 09:00:00,"historie",1.32,5.82699543180684,NA,NA,NA
"4136",2024-06-22 10:00:00,"historie",0.74,7.30984143148645,NA,NA,NA
"4137",2024-06-22 11:00:00,"historie",1.38,5.89739067269958,NA,NA,NA
"4138",2024-06-22 12:00:00,"historie",1.46,5.42027312303599,NA,NA,NA
"4139",2024-06-22 13:00:00,"historie",1.95,5.28796600414986,NA,NA,NA
"4140",2024-06-22 14:00:00,"historie",1.47,10.8620757577699,NA,NA,NA
"4141",2024-06-22 15:00:00,"historie",1.62,6.33153546254923,NA,NA,NA
"4142",2024-06-22 16:00:00,"historie",1.54,3.22431339743427,NA,NA,NA
"4143",2024-06-22 17:00:00,"historie",1.54,2.05444779027717,NA,NA,NA
"4144",2024-06-22 18:00:00,"historie",2.13,1.34774380702654,NA,NA,NA
"4145",2024-06-22 19:00:00,"historie",2.35,1.74464718517872,NA,NA,NA
"4146",2024-06-22 20:00:00,"historie",4.87,1.34532047720407,NA,NA,NA
"4147",2024-06-22 21:00:00,"historie",14.83,1.6996841879256,NA,NA,NA
"4148",2024-06-22 22:00:00,"historie",5.59,1.68152578566363,NA,NA,NA
"4149",2024-06-22 23:00:00,"historie",4.37,1.68372077608032,NA,NA,NA
"4150",2024-06-23,"historie",4.38,2.34324870945836,NA,NA,NA
"4151",2024-06-23 01:00:00,"historie",4.82,3.02835303489825,NA,NA,NA
"4152",2024-06-23 02:00:00,"historie",4.49,3.57961062512284,NA,NA,NA
"4153",2024-06-23 03:00:00,"historie",5.15,3.48471162273147,NA,NA,NA
"4154",2024-06-23 04:00:00,"historie",5.62,3.98104099019911,NA,NA,NA
"4155",2024-06-23 05:00:00,"historie",5.26,5.01898974218735,NA,NA,NA
"4156",2024-06-23 06:00:00,"historie",4.95,5.37110103377795,NA,NA,NA
"4157",2024-06-23 07:00:00,"historie",5.28,3.48220912830534,NA,NA,NA
"4158",2024-06-23 08:00:00,"historie",4.55,2.90562942980083,NA,NA,NA
"4159",2024-06-23 09:00:00,"historie",6.05,2.57107134155395,NA,NA,NA
"4160",2024-06-23 10:00:00,"historie",6.72,2.16381821197711,NA,NA,NA
"4161",2024-06-23 11:00:00,"historie",5.64,2.14733220908355,NA,NA,NA
"4162",2024-06-23 12:00:00,"historie",4.41,2.36520938591207,NA,NA,NA
"4163",2024-06-23 13:00:00,"historie",3.41,1.94870826307609,NA,NA,NA
"4164",2024-06-23 14:00:00,"historie",3.55,1.88575837772194,NA,NA,NA
"4165",2024-06-23 15:00:00,"historie",2.89,2.10580246148425,NA,NA,NA
"4166",2024-06-23 16:00:00,"historie",3.38,2.20451820772199,NA,NA,NA
"4167",2024-06-23 17:00:00,"historie",3.36,2.23916489775599,NA,NA,NA
"4168",2024-06-23 18:00:00,"historie",3.85,2.96181627530599,NA,NA,NA
"4169",2024-06-23 19:00:00,"historie",3.71,2.85949854455,NA,NA,NA
"4170",2024-06-23 20:00:00,"historie",4.3,3.46506915688541,NA,NA,NA
"4171",2024-06-23 21:00:00,"historie",4.51,9.56559471161835,NA,NA,NA
"4172",2024-06-23 22:00:00,"historie",5.22,3.62695386451641,NA,NA,NA
"4173",2024-06-23 23:00:00,"historie",4.44,3.33796004031445,NA,NA,NA
"4174",2024-06-24,"historie",4.05,6.08282405311099,NA,NA,NA
"4175",2024-06-24 01:00:00,"historie",3.44,12.7055303177213,NA,NA,NA
"4176",2024-06-24 02:00:00,"historie",3.33,3.52980457441974,NA,NA,NA
"4177",2024-06-24 03:00:00,"historie",3.46,4.34472115916393,NA,NA,NA
"4178",2024-06-24 04:00:00,"historie",3.9,4.15307475506061,NA,NA,NA
"4179",2024-06-24 05:00:00,"historie",4.63,5.27756430485529,NA,NA,NA
"4180",2024-06-24 06:00:00,"historie",3.92,5.78493316190018,NA,NA,NA
"4181",2024-06-24 07:00:00,"historie",3.89,4.86894574590505,NA,NA,NA
"4182",2024-06-24 08:00:00,"historie",3.4,4.47806002599299,NA,NA,NA
"4183",2024-06-24 09:00:00,"historie",4.08,4.01613695665911,NA,NA,NA
"4184",2024-06-24 10:00:00,"historie",2.67,4.84240895398903,NA,NA,NA
"4185",2024-06-24 11:00:00,"historie",2.28,5.24590393194569,NA,NA,NA
"4186",2024-06-24 12:00:00,"historie",2.52,6.31358226314334,NA,NA,NA
"4187",2024-06-24 13:00:00,"historie",2.13,7.36353556986918,NA,NA,NA
"4188",2024-06-24 14:00:00,"historie",1.97,6.2177419163178,NA,NA,NA
"4189",2024-06-24 15:00:00,"historie",2.26,11.8318771705395,NA,NA,NA
"4190",2024-06-24 16:00:00,"historie",2.17,12.845522968487,NA,NA,NA
"4191",2024-06-24 17:00:00,"historie",2.26,12.0982199747408,NA,NA,NA
"4192",2024-06-24 18:00:00,"historie",2.22,12.9693194755683,NA,NA,NA
"4193",2024-06-24 19:00:00,"historie",2.28,11.1399896770627,NA,NA,NA
"4194",2024-06-24 20:00:00,"historie",2.59,11.3642304054134,NA,NA,NA
"4195",2024-06-24 21:00:00,"historie",3.51,9.59363693106197,NA,NA,NA
"4196",2024-06-24 22:00:00,"historie",4.72,8.77027856446548,NA,NA,NA
"4197",2024-06-24 23:00:00,"historie",5.2,8.36419597356712,NA,NA,NA
"4198",2024-06-25,"historie",4.82,7.37374957352624,NA,NA,NA
"4199",2024-06-25 01:00:00,"historie",4.92,5.78268552529083,NA,NA,NA
"4200",2024-06-25 02:00:00,"historie",5.87,5.3263114134268,NA,NA,NA
"4201",2024-06-25 03:00:00,"historie",6.97,5.33525310224087,NA,NA,NA
"4202",2024-06-25 04:00:00,"historie",6.03,3.77864081435706,NA,NA,NA
"4203",2024-06-25 05:00:00,"historie",5.36,2.96711112070729,NA,NA,NA
"4204",2024-06-25 06:00:00,"historie",6.62,2.04388631718618,NA,NA,NA
"4205",2024-06-25 07:00:00,"historie",5.64,1.52357034569335,NA,NA,NA
"4206",2024-06-25 08:00:00,"historie",3.85,0.902693448688391,NA,NA,NA
"4207",2024-06-25 09:00:00,"historie",2.87,1.54784938452125,NA,NA,NA
"4208",2024-06-25 10:00:00,"historie",4.9,1.61573700535269,NA,NA,NA
"4209",2024-06-25 11:00:00,"historie",3.15,2.07639388734866,NA,NA,NA
"4210",2024-06-25 12:00:00,"historie",3.1,1.61155215932114,NA,NA,NA
"4211",2024-06-25 13:00:00,"historie",2.26,1.74841584170385,NA,NA,NA
"4212",2024-06-25 14:00:00,"historie",3.55,1.66605871938046,NA,NA,NA
"4213",2024-06-25 15:00:00,"historie",2.72,1.66055226057681,NA,NA,NA
"4214",2024-06-25 16:00:00,"historie",2.72,2.20743219507009,NA,NA,NA
"4215",2024-06-25 17:00:00,"historie",2.64,2.40813938170728,NA,NA,NA
"4216",2024-06-25 18:00:00,"historie",2.98,4.59777204447323,NA,NA,NA
"4217",2024-06-25 19:00:00,"historie",3.32,12.4149758778628,NA,NA,NA
"4218",2024-06-25 20:00:00,"historie",3.42,5.29801974779295,NA,NA,NA
"4219",2024-06-25 21:00:00,"historie",4.77,4.27856002804529,NA,NA,NA
"4220",2024-06-25 22:00:00,"historie",5.56,4.29666547957143,NA,NA,NA
"4221",2024-06-25 23:00:00,"historie",7.12,4.68637164965289,NA,NA,NA
"4222",2024-06-26,"historie",5.91,4.41139581313085,NA,NA,NA
"4223",2024-06-26 01:00:00,"historie",5.89,4.98973716589625,NA,NA,NA
"4224",2024-06-26 02:00:00,"historie",5.1,5.40452613658392,NA,NA,NA
"4225",2024-06-26 03:00:00,"historie",5,5.11055306717574,NA,NA,NA
"4226",2024-06-26 04:00:00,"historie",5,4.85196094123307,NA,NA,NA
"4227",2024-06-26 05:00:00,"historie",5.51,5.14410480019244,NA,NA,NA
"4228",2024-06-26 06:00:00,"historie",5.75,4.51536950964875,NA,NA,NA
"4229",2024-06-26 07:00:00,"historie",5.61,5.814743409046,NA,NA,NA
"4230",2024-06-26 08:00:00,"historie",5.1,6.39734086277115,NA,NA,NA
"4231",2024-06-26 09:00:00,"historie",4.59,5.49250528348998,NA,NA,NA
"4232",2024-06-26 10:00:00,"historie",4.78,4.42136793205034,NA,NA,NA
"4233",2024-06-26 11:00:00,"historie",4.82,3.51712820757039,NA,NA,NA
"4234",2024-06-26 12:00:00,"historie",4.85,3.63538663268471,NA,NA,NA
"4235",2024-06-26 13:00:00,"historie",5.36,3.02330457736994,NA,NA,NA
"4236",2024-06-26 14:00:00,"historie",3.69,3.46235052013608,NA,NA,NA
"4237",2024-06-26 15:00:00,"historie",3.44,3.43831857627391,NA,NA,NA
"4238",2024-06-26 16:00:00,"historie",4,3.87346532498494,NA,NA,NA
"4239",2024-06-26 17:00:00,"historie",3.97,3.74706127320524,NA,NA,NA
"4240",2024-06-26 18:00:00,"historie",4,4.26849192794019,NA,NA,NA
"4241",2024-06-26 19:00:00,"historie",5.22,4.45550017721537,NA,NA,NA
"4242",2024-06-26 20:00:00,"historie",5.37,5.07665471392069,NA,NA,NA
"4243",2024-06-26 21:00:00,"historie",6.03,4.40620129527458,NA,NA,NA
"4244",2024-06-26 22:00:00,"historie",6.79,4.06299964411767,NA,NA,NA
"4245",2024-06-26 23:00:00,"historie",6.74,3.51438943958135,NA,NA,NA
"4246",2024-06-27,"historie",10.95,3.40948449025712,NA,NA,NA
"4247",2024-06-27 01:00:00,"historie",8.62,3.52179156673336,NA,NA,NA
"4248",2024-06-27 02:00:00,"historie",8.32,3.91196483627346,NA,NA,NA
"4249",2024-06-27 03:00:00,"historie",9.15,4.55455187867139,NA,NA,NA
"4250",2024-06-27 04:00:00,"historie",10,3.93441868119057,NA,NA,NA
"4251",2024-06-27 05:00:00,"historie",11.6,3.90709797220547,NA,NA,NA
"4252",2024-06-27 06:00:00,"historie",10.92,3.46677406774371,NA,NA,NA
"4253",2024-06-27 07:00:00,"historie",11.95,4.07027396646968,NA,NA,NA
"4254",2024-06-27 08:00:00,"historie",13.97,2.79567650179048,NA,NA,NA
"4255",2024-06-27 09:00:00,"historie",12.22,2.42345829435518,NA,NA,NA
"4256",2024-06-27 10:00:00,"historie",11.45,2.63858658963914,NA,NA,NA
"4257",2024-06-27 11:00:00,"historie",11,2.26747765049776,NA,NA,NA
"4258",2024-06-27 12:00:00,"historie",11.56,2.10852883581773,NA,NA,NA
"4259",2024-06-27 13:00:00,"historie",10.3,2.37301452720998,NA,NA,NA
"4260",2024-06-27 14:00:00,"historie",12.13,2.28415841554909,NA,NA,NA
"4261",2024-06-27 15:00:00,"historie",11.35,2.36282591369177,NA,NA,NA
"4262",2024-06-27 16:00:00,"historie",9.51,2.32198626434408,NA,NA,NA
"4263",2024-06-27 17:00:00,"historie",4.69,2.37389376482381,NA,NA,NA
"4264",2024-06-28 09:00:00,"historie",7,2.6549269814101,NA,NA,NA
"4265",2024-06-28 10:00:00,"historie",6.28,3.4759577117703,NA,NA,NA
"4266",2024-06-28 11:00:00,"historie",6.53,4.52994203424665,NA,NA,NA
"4267",2024-06-28 12:00:00,"historie",6.49,4.95665187344553,NA,NA,NA
"4268",2024-06-28 13:00:00,"historie",9.13,4.6543570857881,NA,NA,NA
"4269",2024-06-28 14:00:00,"historie",8.26,4.75533609447098,NA,NA,NA
"4270",2024-06-28 15:00:00,"historie",4.8,5.57790904787399,NA,NA,NA
"4271",2024-06-28 16:00:00,"historie",6.95,6.52122486698543,NA,NA,NA
"4272",2024-06-28 17:00:00,"historie",7.68,5.76241937570291,NA,NA,NA
"4273",2024-06-28 18:00:00,"historie",6.36,5.20700398451539,NA,NA,NA
"4274",2024-06-28 19:00:00,"historie",7.12,6.29045897012136,NA,NA,NA
"4275",2024-06-28 20:00:00,"historie",7.18,5.47478186546077,NA,NA,NA
"4276",2024-06-28 21:00:00,"historie",7.41,3.90868251637911,NA,NA,NA
"4277",2024-06-28 22:00:00,"historie",8.13,3.00801218495431,NA,NA,NA
"4278",2024-06-28 23:00:00,"historie",8.72,4.81684816081709,NA,NA,NA
"4279",2024-06-29,"historie",8.71,3.25863812245679,NA,NA,NA
"4280",2024-06-29 01:00:00,"historie",8.21,3.20484559130629,NA,NA,NA
"4281",2024-06-29 02:00:00,"historie",8.64,2.41613126302074,NA,NA,NA
"4282",2024-06-29 03:00:00,"historie",7.28,3.59025822166789,NA,NA,NA
"4283",2024-06-29 04:00:00,"historie",5.5,2.83386058848607,NA,NA,NA
"4284",2024-06-29 05:00:00,"historie",5.58,2.82712911726378,NA,NA,NA
"4285",2024-06-29 06:00:00,"historie",6.69,2.74754170110979,NA,NA,NA
"4286",2024-06-29 07:00:00,"historie",6.64,3.05283566985762,NA,NA,NA
"4287",2024-06-29 08:00:00,"historie",5.03,3.35674669029786,NA,NA,NA
"4288",2024-06-29 09:00:00,"historie",5.22,3.44631023429367,NA,NA,NA
"4289",2024-06-29 10:00:00,"historie",5.87,4.62993554210801,NA,NA,NA
"4290",2024-06-29 11:00:00,"historie",6.2,5.31809027692646,NA,NA,NA
"4291",2024-06-29 12:00:00,"historie",6.41,6.64520027949027,NA,NA,NA
"4292",2024-06-29 13:00:00,"historie",6,5.66128795034291,NA,NA,NA
"4293",2024-06-29 14:00:00,"historie",7.13,5.66078940263406,NA,NA,NA
"4294",2024-06-29 15:00:00,"historie",7.18,4.99482310727927,NA,NA,NA
"4295",2024-06-29 16:00:00,"historie",6.97,4.913526309908,NA,NA,NA
"4296",2024-06-29 17:00:00,"historie",6.78,4.91775079242117,NA,NA,NA
"4297",2024-06-29 18:00:00,"historie",6.11,5.36407733608622,NA,NA,NA
"4298",2024-06-29 19:00:00,"historie",6.45,5.57845711238144,NA,NA,NA
"4299",2024-06-29 20:00:00,"historie",7.1,5.46622422101359,NA,NA,NA
"4300",2024-06-29 21:00:00,"historie",6.54,5.0290877980068,NA,NA,NA
"4301",2024-06-29 22:00:00,"historie",7.05,4.58195144135349,NA,NA,NA
"4302",2024-06-29 23:00:00,"historie",8.06,4.74728458751292,NA,NA,NA
"4303",2024-06-30,"historie",8.62,4.78177313743581,NA,NA,NA
"4304",2024-06-30 01:00:00,"historie",8.33,4.80781783016169,NA,NA,NA
"4305",2024-06-30 02:00:00,"historie",7.1,5.25343711677381,NA,NA,NA
"4306",2024-06-30 03:00:00,"historie",6.2,3.77570270937902,NA,NA,NA
"4307",2024-06-30 04:00:00,"historie",6.51,3.54040987816891,NA,NA,NA
"4308",2024-06-30 05:00:00,"historie",7.9,4.03729212849058,NA,NA,NA
"4309",2024-06-30 06:00:00,"historie",9.55,4.00650535358983,NA,NA,NA
"4310",2024-06-30 07:00:00,"historie",10.64,4.02964927404564,NA,NA,NA
"4311",2024-06-30 08:00:00,"historie",8.26,5.09860904801598,NA,NA,NA
"4312",2024-06-30 09:00:00,"historie",8.23,5.23525949025285,NA,NA,NA
"4313",2024-06-30 10:00:00,"historie",9.9,5.80996698314881,NA,NA,NA
"4314",2024-06-30 11:00:00,"historie",10.29,6.46819285586375,NA,NA,NA
"4315",2024-06-30 12:00:00,"historie",6.2,6.44331539298782,NA,NA,NA
"4316",2024-06-30 13:00:00,"historie",4.05,9.93078336165425,NA,NA,NA
"4317",2024-06-30 14:00:00,"historie",3.84,8.07798320945676,NA,NA,NA
"4318",2024-06-30 15:00:00,"historie",2.51,7.85303138842845,NA,NA,NA
"4319",2024-06-30 16:00:00,"historie",2.33,8.565365898729,NA,NA,NA
"4320",2024-06-30 17:00:00,"historie",2.26,9.29430921600811,NA,NA,NA
"4321",2024-06-30 18:00:00,"historie",2.49,10.6357059099206,NA,NA,NA
"4322",2024-06-30 19:00:00,"historie",1.59,10.1206547587074,NA,NA,NA
"4323",2024-06-30 20:00:00,"historie",1,10.9955450954651,NA,NA,NA
"4324",2024-06-30 21:00:00,"historie",0.71,12.6703678806338,NA,NA,NA
"4325",2024-06-30 22:00:00,"historie",1.65,11.2982515114581,NA,NA,NA
"4326",2024-06-30 23:00:00,"historie",2.83,10.6920038856708,NA,NA,NA
"4327",2024-07-01,"historie",3.38,10.3367186829758,NA,NA,NA
"4328",2024-07-01 01:00:00,"historie",2.94,10.8154176263369,NA,NA,NA
"4329",2024-07-01 02:00:00,"historie",3.37,9.77769343543758,NA,NA,NA
"4330",2024-07-01 03:00:00,"historie",3.92,11.3081953337989,NA,NA,NA
"4331",2024-07-01 04:00:00,"historie",5.42,10.6779664549158,NA,NA,NA
"4332",2024-07-01 05:00:00,"historie",8.03,9.13624387493021,NA,NA,NA
"4333",2024-07-01 06:00:00,"historie",8.07,4.87889641593987,NA,NA,NA
"4334",2024-07-01 07:00:00,"historie",7.95,6.91905031336529,NA,NA,NA
"4335",2024-07-01 08:00:00,"historie",6.05,6.27137567988738,NA,NA,NA
"4336",2024-07-01 09:00:00,"historie",3.79,6.47538789879587,NA,NA,NA
"4337",2024-07-01 10:00:00,"historie",3.41,6.42740773744058,NA,NA,NA
"4338",2024-07-01 11:00:00,"historie",3.66,8.68333213601451,NA,NA,NA
"4339",2024-07-01 12:00:00,"historie",3.2,7.95329487215942,NA,NA,NA
"4340",2024-07-01 13:00:00,"historie",3.16,4.91553484428948,NA,NA,NA
"4341",2024-07-01 14:00:00,"historie",2.92,6.79801828920635,NA,NA,NA
"4342",2024-07-01 15:00:00,"historie",2.86,7.42226549301448,NA,NA,NA
"4343",2024-07-01 16:00:00,"historie",1.38,6.28013318827084,NA,NA,NA
"4344",2024-07-01 17:00:00,"historie",0.86,6.93224121981134,NA,NA,NA
"4345",2024-07-01 18:00:00,"historie",1.18,6.98195763313707,NA,NA,NA
"4346",2024-07-01 19:00:00,"historie",1.38,7.17850717790464,NA,NA,NA
"4347",2024-07-01 20:00:00,"historie",2.08,7.79417345030503,NA,NA,NA
"4348",2024-07-01 21:00:00,"historie",1.71,8.29988632674255,NA,NA,NA
"4349",2024-07-01 22:00:00,"historie",1.6,8.30120872255405,NA,NA,NA
"4350",2024-07-01 23:00:00,"historie",1.34,7.8853411957529,NA,NA,NA
"4351",2024-07-02,"historie",1.26,8.25423878778598,NA,NA,NA
"4352",2024-07-02 01:00:00,"historie",1.36,7.09681618733568,NA,NA,NA
"4353",2024-07-02 02:00:00,"historie",1.95,5.53143860884647,NA,NA,NA
"4354",2024-07-02 03:00:00,"historie",3.39,5.58813344372889,NA,NA,NA
"4355",2024-07-02 04:00:00,"historie",5.25,6.54912714154907,NA,NA,NA
"4356",2024-07-02 05:00:00,"historie",3.59,6.50207837219666,NA,NA,NA
"4357",2024-07-02 06:00:00,"historie",3.51,5.08022216181723,NA,NA,NA
"4358",2024-07-02 07:00:00,"historie",3.03,5.23665943337744,NA,NA,NA
"4359",2024-07-02 08:00:00,"historie",2.5,5.79957337929819,NA,NA,NA
"4360",2024-07-02 09:00:00,"historie",1.69,6.08264213224085,NA,NA,NA
"4361",2024-07-02 10:00:00,"historie",1.25,6.26290401924986,NA,NA,NA
"4362",2024-07-02 11:00:00,"historie",1.57,5.9061482476701,NA,NA,NA
"4363",2024-07-02 12:00:00,"historie",2.1,6.87892378407389,NA,NA,NA
"4364",2024-07-02 13:00:00,"historie",4.44,6.92737279186228,NA,NA,NA
"4365",2024-07-02 14:00:00,"historie",4.09,6.75264117477823,NA,NA,NA
"4366",2024-07-02 15:00:00,"historie",3.37,6.59218430825505,NA,NA,NA
"4367",2024-07-02 16:00:00,"historie",2.79,6.01238320284952,NA,NA,NA
"4368",2024-07-02 17:00:00,"historie",2.57,6.30430927793856,NA,NA,NA
"4369",2024-07-02 18:00:00,"historie",3.24,6.86365990410384,NA,NA,NA
"4370",2024-07-02 19:00:00,"historie",3.38,6.38530234926071,NA,NA,NA
"4371",2024-07-02 20:00:00,"historie",3.46,6.82435564714853,NA,NA,NA
"4372",2024-07-02 21:00:00,"historie",3.37,7.68829409607269,NA,NA,NA
"4373",2024-07-02 22:00:00,"historie",4.18,8.17175438271185,NA,NA,NA
"4374",2024-07-02 23:00:00,"historie",6.18,7.94141044596723,NA,NA,NA
"4375",2024-07-03,"historie",5.04,6.90129306725238,NA,NA,NA
"4376",2024-07-03 01:00:00,"historie",3.43,6.11935665462664,NA,NA,NA
"4377",2024-07-03 02:00:00,"historie",3.32,6.38306930738667,NA,NA,NA
"4378",2024-07-03 03:00:00,"historie",4.29,7.57359014994061,NA,NA,NA
"4379",2024-07-03 04:00:00,"historie",3.62,8.96913022812314,NA,NA,NA
"4380",2024-07-03 05:00:00,"historie",1.5,9.89328488553952,NA,NA,NA
"4381",2024-07-03 06:00:00,"historie",2.23,7.92578301524204,NA,NA,NA
"4382",2024-07-03 07:00:00,"historie",3.13,7.90451976357295,NA,NA,NA
"4383",2024-07-03 08:00:00,"historie",3.89,9.3156209170149,NA,NA,NA
"4384",2024-07-03 09:00:00,"historie",4.28,9.65735395234284,NA,NA,NA
"4385",2024-07-03 10:00:00,"historie",3.9,6.17401529591499,NA,NA,NA
"4386",2024-07-03 11:00:00,"historie",3.93,4.22328658664537,NA,NA,NA
"4387",2024-07-03 12:00:00,"historie",3.36,4.00817130276078,NA,NA,NA
"4388",2024-07-03 13:00:00,"historie",3.79,2.73598321079567,NA,NA,NA
"4389",2024-07-03 14:00:00,"historie",3.29,2.54237244110405,NA,NA,NA
"4390",2024-07-03 15:00:00,"historie",3.17,2.45713889485043,NA,NA,NA
"4391",2024-07-03 16:00:00,"historie",2.08,2.66051563233767,NA,NA,NA
"4392",2024-07-03 17:00:00,"historie",2.54,1.77873799128435,NA,NA,NA
"4393",2024-07-03 18:00:00,"historie",2.16,1.1700960430122,NA,NA,NA
"4394",2024-07-03 19:00:00,"historie",2.15,0.854923655515308,NA,NA,NA
"4395",2024-07-03 20:00:00,"historie",2.82,1.78515129840501,NA,NA,NA
"4396",2024-07-03 21:00:00,"historie",3.15,2.86940019631407,NA,NA,NA
"4397",2024-07-03 22:00:00,"historie",3.43,3.36119530187846,NA,NA,NA
"4398",2024-07-03 23:00:00,"historie",3.68,2.97603536250622,NA,NA,NA
"4399",2024-07-04,"historie",5.54,3.36121298126457,NA,NA,NA
"4400",2024-07-04 01:00:00,"historie",4.2,3.84955770415763,NA,NA,NA
"4401",2024-07-04 02:00:00,"historie",3.92,5.14374855602707,NA,NA,NA
"4402",2024-07-04 03:00:00,"historie",3.38,7.32257998307132,NA,NA,NA
"4403",2024-07-04 04:00:00,"historie",3.62,7.40655794619717,NA,NA,NA
"4404",2024-07-04 05:00:00,"historie",3.33,7.35407816741244,NA,NA,NA
"4405",2024-07-04 06:00:00,"historie",3.64,5.80311159011413,NA,NA,NA
"4406",2024-07-04 07:00:00,"historie",2.4,3.84325209696871,NA,NA,NA
"4407",2024-07-04 08:00:00,"historie",2.45,3.4953972556269,NA,NA,NA
"4408",2024-07-04 09:00:00,"historie",1.75,3.71488602863119,NA,NA,NA
"4409",2024-07-04 10:00:00,"historie",1.38,3.29424846953417,NA,NA,NA
"4410",2024-07-04 11:00:00,"historie",1.59,3.25137608664294,NA,NA,NA
"4411",2024-07-04 12:00:00,"historie",1.56,3.02599879857272,NA,NA,NA
"4412",2024-07-04 13:00:00,"historie",2.26,2.96437228431583,NA,NA,NA
"4413",2024-07-04 14:00:00,"historie",1.51,1.55031665260675,NA,NA,NA
"4414",2024-07-04 15:00:00,"historie",1.9,1.01198739529811,NA,NA,NA
"4415",2024-07-04 16:00:00,"historie",1.49,1.32649573423453,NA,NA,NA
"4416",2024-07-04 17:00:00,"historie",1.32,1.51448363671272,NA,NA,NA
"4417",2024-07-04 18:00:00,"historie",1.21,2.16953317874233,NA,NA,NA
"4418",2024-07-04 19:00:00,"historie",1.85,1.82226068070919,NA,NA,NA
"4419",2024-07-04 20:00:00,"historie",2.4,1.71429147738885,NA,NA,NA
"4420",2024-07-04 21:00:00,"historie",3.35,1.46141584977761,NA,NA,NA
"4421",2024-07-04 22:00:00,"historie",4.23,1.37910727158454,NA,NA,NA
"4422",2024-07-04 23:00:00,"historie",7.88,1.47068055717251,NA,NA,NA
"4423",2024-07-05,"historie",2.97,2.01938959052562,NA,NA,NA
"4424",2024-07-05 01:00:00,"historie",3.15,3.29917609821707,NA,NA,NA
"4425",2024-07-05 02:00:00,"historie",3.44,4.88466888296115,NA,NA,NA
"4426",2024-07-05 03:00:00,"historie",3.62,3.51272252658506,NA,NA,NA
"4427",2024-07-05 04:00:00,"historie",3.92,3.4555184359625,NA,NA,NA
"4428",2024-07-05 05:00:00,"historie",4.28,3.04207936923189,NA,NA,NA
"4429",2024-07-05 06:00:00,"historie",5.26,2.56910289884167,NA,NA,NA
"4430",2024-07-05 07:00:00,"historie",NA,1.81529974728726,NA,NA,NA
"4431",2024-07-05 08:00:00,"historie",4.53,1.38516954016517,NA,NA,NA
"4432",2024-07-05 09:00:00,"historie",4.86,1.68712832917962,NA,NA,NA
"4433",2024-07-05 10:00:00,"historie",10.47,2.17783725795616,NA,NA,NA
"4434",2024-07-05 11:00:00,"historie",15.9,4.2295296474707,NA,NA,NA
"4435",2024-07-05 12:00:00,"historie",13.28,3.95416807090834,NA,NA,NA
"4436",2024-07-05 13:00:00,"historie",22.82,3.34437188577379,NA,NA,NA
"4437",2024-07-05 14:00:00,"historie",14.95,2.83502301619095,NA,NA,NA
"4438",2024-07-05 15:00:00,"historie",20.82,2.63735943402906,NA,NA,NA
"4439",2024-07-05 16:00:00,"historie",17.15,3.23835908300081,NA,NA,NA
"4440",2024-07-05 17:00:00,"historie",19.54,3.36757238643957,NA,NA,NA
"4441",2024-07-05 18:00:00,"historie",16.85,3.44411614642495,NA,NA,NA
"4442",2024-07-05 19:00:00,"historie",23.88,3.3702699112743,NA,NA,NA
"4443",2024-07-05 20:00:00,"historie",NA,4.08479051078123,NA,NA,NA
"4444",2024-07-05 21:00:00,"historie",NA,5.79329591320443,NA,NA,NA
"4445",2024-07-05 22:00:00,"historie",22.95,4.86083635306851,NA,NA,NA
"4446",2024-07-05 23:00:00,"historie",19.74,3.46640470427047,NA,NA,NA
"4447",2024-07-06,"historie",1.56,3.36727077547549,NA,NA,NA
"4448",2024-07-06 01:00:00,"historie",1.33,4.22506070775282,NA,NA,NA
"4449",2024-07-06 02:00:00,"historie",NA,3.64033279533616,NA,NA,NA
"4450",2024-07-06 03:00:00,"historie",NA,1.66705051734311,NA,NA,NA
"4451",2024-07-06 04:00:00,"historie",NA,2.35424284867274,NA,NA,NA
"4452",2024-07-06 05:00:00,"historie",NA,3.17129827187031,NA,NA,NA
"4453",2024-07-06 06:00:00,"historie",NA,3.84606917636188,NA,NA,NA
"4454",2024-07-06 07:00:00,"historie",NA,4.19350053761107,NA,NA,NA
"4455",2024-07-06 08:00:00,"historie",NA,3.87040351533776,NA,NA,NA
"4456",2024-07-06 09:00:00,"historie",NA,3.90182672921793,NA,NA,NA
"4457",2024-07-06 10:00:00,"historie",NA,3.39972553739173,NA,NA,NA
"4458",2024-07-06 11:00:00,"historie",NA,3.78236171891599,NA,NA,NA
"4459",2024-07-06 12:00:00,"historie",7.14,3.33907135959989,NA,NA,NA
"4460",2024-07-06 13:00:00,"historie",2.02,3.22968895891487,NA,NA,NA
"4461",2024-07-06 14:00:00,"historie",1.34,2.22149592909958,NA,NA,NA
"4462",2024-07-06 15:00:00,"historie",16.02,2.642367056249,NA,NA,NA
"4463",2024-07-06 16:00:00,"historie",1.54,2.2847686440095,NA,NA,NA
"4464",2024-07-06 17:00:00,"historie",NA,2.26921763262026,NA,NA,NA
"4465",2024-07-06 18:00:00,"historie",NA,2.87929849228369,NA,NA,NA
"4466",2024-07-06 19:00:00,"historie",NA,3.17584676481281,NA,NA,NA
"4467",2024-07-06 20:00:00,"historie",NA,3.42746715664974,NA,NA,NA
"4468",2024-07-06 21:00:00,"historie",NA,3.65276699378156,NA,NA,NA
"4469",2024-07-06 22:00:00,"historie",NA,5.25855603603556,NA,NA,NA
"4470",2024-07-06 23:00:00,"historie",NA,4.13225454595029,NA,NA,NA
"4471",2024-07-07,"historie",NA,3.89435481969829,NA,NA,NA
"4472",2024-07-07 01:00:00,"historie",NA,3.41864074416351,NA,NA,NA
"4473",2024-07-07 02:00:00,"historie",NA,3.63263285891829,NA,NA,NA
"4474",2024-07-07 03:00:00,"historie",NA,3.37479442992876,NA,NA,NA
"4475",2024-07-07 04:00:00,"historie",NA,3.65099885858558,NA,NA,NA
"4476",2024-07-07 05:00:00,"historie",NA,2.52471041383086,NA,NA,NA
"4477",2024-07-07 06:00:00,"historie",NA,2.56431163460164,NA,NA,NA
"4478",2024-07-07 07:00:00,"historie",NA,1.8986051850344,NA,NA,NA
"4479",2024-07-07 08:00:00,"historie",NA,1.53118889070255,NA,NA,NA
"4480",2024-07-07 09:00:00,"historie",NA,1.72626545499861,NA,NA,NA
"4481",2024-07-07 10:00:00,"historie",NA,1.69070308771223,NA,NA,NA
"4482",2024-07-07 11:00:00,"historie",NA,2.34018652404305,NA,NA,NA
"4483",2024-07-07 12:00:00,"historie",NA,1.63606566700631,NA,NA,NA
"4484",2024-07-07 13:00:00,"historie",NA,1.99903390005436,NA,NA,NA
"4485",2024-07-07 14:00:00,"historie",NA,1.60949205222361,NA,NA,NA
"4486",2024-07-07 15:00:00,"historie",NA,1.44141786912612,NA,NA,NA
"4487",2024-07-07 16:00:00,"historie",NA,1.32983206261605,NA,NA,NA
"4488",2024-07-07 17:00:00,"historie",NA,1.93064179795728,NA,NA,NA
"4489",2024-07-07 18:00:00,"historie",NA,2.43172459654062,NA,NA,NA
"4490",2024-07-07 19:00:00,"historie",NA,3.27463022291751,NA,NA,NA
"4491",2024-07-07 20:00:00,"historie",NA,4.04374185150025,NA,NA,NA
"4492",2024-07-07 21:00:00,"historie",1.68,7.05809312484599,NA,NA,NA
"4493",2024-07-07 22:00:00,"historie",1.46,2.99920094175553,NA,NA,NA
"4494",2024-07-07 23:00:00,"historie",NA,3.16278350320701,NA,NA,NA
"4495",2024-07-08,"historie",NA,3.42396383304055,NA,NA,NA
"4496",2024-07-08 01:00:00,"historie",NA,3.58866797293811,NA,NA,NA
"4497",2024-07-08 02:00:00,"historie",NA,3.85857972725376,NA,NA,NA
"4498",2024-07-08 03:00:00,"historie",NA,4.18071984139298,NA,NA,NA
"4499",2024-07-08 04:00:00,"historie",NA,5.03292833415183,NA,NA,NA
"4500",2024-07-08 05:00:00,"historie",NA,4.42532271824693,NA,NA,NA
"4501",2024-07-08 06:00:00,"historie",NA,4.72074181175403,NA,NA,NA
"4502",2024-07-08 07:00:00,"historie",2.53,9.34633419018736,NA,NA,NA
"4503",2024-07-08 08:00:00,"historie",NA,13.6449195455784,NA,NA,NA
"4504",2024-07-08 09:00:00,"historie",NA,11.7491055957403,NA,NA,NA
"4505",2024-07-08 10:00:00,"historie",NA,19.1305347768136,NA,NA,NA
"4506",2024-07-08 11:00:00,"historie",NA,13.2883140545498,NA,NA,NA
"4507",2024-07-08 12:00:00,"historie",2.35,17.9339235979541,NA,NA,NA
"4508",2024-07-08 13:00:00,"historie",2.15,15.2199478617902,NA,NA,NA
"4509",2024-07-08 14:00:00,"historie",NA,17.1797004141455,NA,NA,NA
"4510",2024-07-08 15:00:00,"historie",NA,15.1521842319053,NA,NA,NA
"4511",2024-07-08 16:00:00,"historie",NA,20.7254942900795,NA,NA,NA
"4512",2024-07-08 17:00:00,"historie",NA,20.1275915913042,NA,NA,NA
"4513",2024-07-08 18:00:00,"historie",NA,17.698898919143,NA,NA,NA
"4514",2024-07-08 19:00:00,"historie",2.33,1.87092230124548,NA,NA,NA
"4515",2024-07-08 20:00:00,"historie",NA,1.5992742609485,NA,NA,NA
"4516",2024-07-08 21:00:00,"historie",NA,6.98564750956824,NA,NA,NA
"4517",2024-07-08 22:00:00,"historie",NA,2.27839784679575,NA,NA,NA
"4518",2024-07-08 23:00:00,"historie",1.24,1.56736818784985,NA,NA,NA
"4519",2024-07-09,"historie",1.71,13.9770157624065,NA,NA,NA
"4520",2024-07-09 01:00:00,"historie",3.03,1.76937102500011,NA,NA,NA
"4521",2024-07-09 02:00:00,"historie",3.23,1.88834581094508,NA,NA,NA
"4522",2024-07-09 03:00:00,"historie",2.69,1.65418588704538,NA,NA,NA
"4523",2024-07-09 04:00:00,"historie",3.13,2.66994880184561,NA,NA,NA
"4524",2024-07-09 05:00:00,"historie",2.72,2.49174645258925,NA,NA,NA
"4525",2024-07-09 06:00:00,"historie",3.1,2.29558446530527,NA,NA,NA
"4526",2024-07-09 07:00:00,"historie",5.53,2.45575331127787,NA,NA,NA
"4527",2024-07-09 08:00:00,"historie",4.35,1.39971891527037,NA,NA,NA
"4528",2024-07-09 09:00:00,"historie",3.62,1.84813999904325,NA,NA,NA
"4529",2024-07-09 10:00:00,"historie",2.41,3.05759460171701,NA,NA,NA
"4530",2024-07-09 11:00:00,"historie",2.41,3.23893379135487,NA,NA,NA
"4531",2024-07-09 12:00:00,"historie",2.34,2.75753360937562,NA,NA,NA
"4532",2024-07-09 13:00:00,"historie",3.1,3.15326601778842,NA,NA,NA
"4533",2024-07-09 14:00:00,"historie",3,2.7867722192333,NA,NA,NA
"4534",2024-07-09 15:00:00,"historie",3.5,3.1286725102498,NA,NA,NA
"4535",2024-07-09 16:00:00,"historie",3.9,5.2308766870676,NA,NA,NA
"4536",2024-07-09 17:00:00,"historie",3.64,4.24932811766193,NA,NA,NA
"4537",2024-07-09 18:00:00,"historie",4,3.61998229288435,NA,NA,NA
"4538",2024-07-09 19:00:00,"historie",4,2.52599116019857,NA,NA,NA
"4539",2024-07-09 20:00:00,"historie",4.78,2.5203461110095,NA,NA,NA
"4540",2024-07-09 21:00:00,"historie",5.61,2.45051853708417,NA,NA,NA
"4541",2024-07-09 22:00:00,"historie",6.35,3.13847954089352,NA,NA,NA
"4542",2024-07-09 23:00:00,"historie",6.29,3.04975280026969,NA,NA,NA
"4543",2024-07-10,"historie",6.23,3.49678888838232,NA,NA,NA
"4544",2024-07-10 01:00:00,"historie",6.54,3.85370403824134,NA,NA,NA
"4545",2024-07-10 02:00:00,"historie",6.22,3.63189521518266,NA,NA,NA
"4546",2024-07-10 03:00:00,"historie",6.58,3.95319670741957,NA,NA,NA
"4547",2024-07-10 04:00:00,"historie",7.85,3.95995949245941,NA,NA,NA
"4548",2024-07-10 05:00:00,"historie",8.52,4.64453109235028,NA,NA,NA
"4549",2024-07-10 06:00:00,"historie",10.5,5.36715608612675,NA,NA,NA
"4550",2024-07-10 07:00:00,"historie",13.77,6.01148049208036,NA,NA,NA
"4551",2024-07-10 08:00:00,"historie",13.38,5.98499348419068,NA,NA,NA
"4552",2024-07-10 09:00:00,"historie",12.18,5.9547896688319,NA,NA,NA
"4553",2024-07-10 10:00:00,"historie",14.68,6.23512302850594,NA,NA,NA
"4554",2024-07-10 11:00:00,"historie",13.34,5.98143857723329,NA,NA,NA
"4555",2024-07-10 12:00:00,"historie",11.93,6.30131632880274,NA,NA,NA
"4556",2024-07-10 13:00:00,"historie",7.33,7.38605772519304,NA,NA,NA
"4557",2024-07-10 14:00:00,"historie",9.36,7.96930295813206,NA,NA,NA
"4558",2024-07-10 15:00:00,"historie",9.08,9.62584225734801,NA,NA,NA
"4559",2024-07-10 16:00:00,"historie",7.65,12.2992293511874,NA,NA,NA
"4560",2024-07-10 17:00:00,"historie",5.71,12.0636558223867,NA,NA,NA
"4561",2024-07-10 18:00:00,"historie",5.28,11.15678024073,NA,NA,NA
"4562",2024-07-10 19:00:00,"historie",4.78,13.2157884352675,NA,NA,NA
"4563",2024-07-10 20:00:00,"historie",5.21,12.1982430914263,NA,NA,NA
"4564",2024-07-10 21:00:00,"historie",5.74,11.0861292020294,NA,NA,NA
"4565",2024-07-10 22:00:00,"historie",5.45,7.2139069824407,NA,NA,NA
"4566",2024-07-10 23:00:00,"historie",5.82,8.94480942182953,NA,NA,NA
"4567",2024-07-11,"historie",6.58,8.71001848242493,NA,NA,NA
"4568",2024-07-11 01:00:00,"historie",8.07,7.48267040754853,NA,NA,NA
"4569",2024-07-11 02:00:00,"historie",8.72,5.76629476845962,NA,NA,NA
"4570",2024-07-11 03:00:00,"historie",9.46,5.36212938417236,NA,NA,NA
"4571",2024-07-11 04:00:00,"historie",9.14,4.89257661447618,NA,NA,NA
"4572",2024-07-11 05:00:00,"historie",11.35,5.26113778839277,NA,NA,NA
"4573",2024-07-11 06:00:00,"historie",15.46,5.71790488355667,NA,NA,NA
"4574",2024-07-11 07:00:00,"historie",16.4,5.45229832008789,NA,NA,NA
"4575",2024-07-11 08:00:00,"historie",16.36,5.76896146698353,NA,NA,NA
"4576",2024-07-11 09:00:00,"historie",8.03,6.4252870901368,NA,NA,NA
"4577",2024-07-11 10:00:00,"historie",5.03,7.69983726835603,NA,NA,NA
"4578",2024-07-11 11:00:00,"historie",3.58,8.25965048095949,NA,NA,NA
"4579",2024-07-11 12:00:00,"historie",4.86,8.8950450888984,NA,NA,NA
"4580",2024-07-11 13:00:00,"historie",4.42,8.64729821234551,NA,NA,NA
"4581",2024-07-11 14:00:00,"historie",3.77,10.4959807700993,NA,NA,NA
"4582",2024-07-11 15:00:00,"historie",2.58,13.847976149546,NA,NA,NA
"4583",2024-07-11 16:00:00,"historie",2.64,14.6658802004158,NA,NA,NA
"4584",2024-07-11 17:00:00,"historie",1.95,14.7055621930683,NA,NA,NA
"4585",2024-07-11 18:00:00,"historie",2.79,7.85752750495078,NA,NA,NA
"4586",2024-07-11 19:00:00,"historie",2.92,5.18175808055634,NA,NA,NA
"4587",2024-07-11 20:00:00,"historie",3.18,3.81431475519427,NA,NA,NA
"4588",2024-07-11 21:00:00,"historie",2.67,4.96789922157069,NA,NA,NA
"4589",2024-07-11 22:00:00,"historie",3.21,4.5501946764529,NA,NA,NA
"4590",2024-07-11 23:00:00,"historie",2.66,3.93612222088497,NA,NA,NA
"4591",2024-07-12,"historie",3.09,2.79899004260701,NA,NA,NA
"4592",2024-07-12 01:00:00,"historie",3.3,2.83701704623339,NA,NA,NA
"4593",2024-07-12 02:00:00,"historie",3.11,2.15602654210744,NA,NA,NA
"4594",2024-07-12 03:00:00,"historie",3.05,2.94020937294085,NA,NA,NA
"4595",2024-07-12 04:00:00,"historie",3.26,3.049688958614,NA,NA,NA
"4596",2024-07-12 05:00:00,"historie",3.64,3.27939564540151,NA,NA,NA
"4597",2024-07-12 06:00:00,"historie",7.89,2.80292083086971,NA,NA,NA
"4598",2024-07-12 07:00:00,"historie",6.45,3.29011038245753,NA,NA,NA
"4599",2024-07-12 08:00:00,"historie",5.18,2.7814326485092,NA,NA,NA
"4600",2024-07-12 09:00:00,"historie",4.67,3.16857407277463,NA,NA,NA
"4601",2024-07-12 10:00:00,"historie",4.28,3.35504280288817,NA,NA,NA
"4602",2024-07-12 11:00:00,"historie",4.28,3.18163804628165,NA,NA,NA
"4603",2024-07-12 12:00:00,"historie",3.89,3.12443355645793,NA,NA,NA
"4604",2024-07-15 06:00:00,"historie",3.25,3.31144776448306,NA,NA,NA
"4605",2024-07-15 07:00:00,"historie",3.79,3.6504417178179,NA,NA,NA
"4606",2024-07-15 08:00:00,"historie",5.72,7.25251907314498,NA,NA,NA
"4607",2024-07-15 09:00:00,"historie",5,6.10388591385965,NA,NA,NA
"4608",2024-07-15 10:00:00,"historie",5.36,5.04544121927286,NA,NA,NA
"4609",2024-07-15 11:00:00,"historie",6.1,4.6110067269242,NA,NA,NA
"4610",2024-07-15 12:00:00,"historie",8,4.27157904983436,NA,NA,NA
"4611",2024-07-15 13:00:00,"historie",NA,4.27203022541742,NA,NA,NA
"4612",2024-07-15 14:00:00,"historie",4.18,3.92539300847537,NA,NA,NA
"4613",2024-07-15 15:00:00,"historie",2.61,3.34495858738003,NA,NA,NA
"4614",2024-07-15 16:00:00,"historie",2.75,3.82613604613905,NA,NA,NA
"4615",2024-07-15 17:00:00,"historie",3.15,5.5085450380813,NA,NA,NA
"4616",2024-07-15 18:00:00,"historie",3.59,4.9019562382048,NA,NA,NA
"4617",2024-07-15 19:00:00,"historie",3.33,5.22040942595068,NA,NA,NA
"4618",2024-07-15 20:00:00,"historie",3.72,5.86438993738206,NA,NA,NA
"4619",2024-07-15 21:00:00,"historie",3.89,7.47707740429039,NA,NA,NA
"4620",2024-07-15 22:00:00,"historie",4.92,4.22205163134757,NA,NA,NA
"4621",2024-07-15 23:00:00,"historie",6.56,2.77742940435913,NA,NA,NA
"4622",2024-07-16,"historie",4.8,2.89587824552295,NA,NA,NA
"4623",2024-07-16 01:00:00,"historie",4.45,3.25465259862989,NA,NA,NA
"4624",2024-07-16 02:00:00,"historie",4.16,3.64683937499098,NA,NA,NA
"4625",2024-07-16 03:00:00,"historie",3.97,3.4085417530819,NA,NA,NA
"4626",2024-07-16 04:00:00,"historie",4.32,3.75512586359762,NA,NA,NA
"4627",2024-07-16 05:00:00,"historie",5.5,3.90545367084767,NA,NA,NA
"4628",2024-07-16 06:00:00,"historie",5.22,4.80983385534247,NA,NA,NA
"4629",2024-07-16 07:00:00,"historie",3.46,6.21833128122012,NA,NA,NA
"4630",2024-07-16 08:00:00,"historie",3.33,4.73136853038137,NA,NA,NA
"4631",2024-07-16 09:00:00,"historie",2.82,4.42818313354636,NA,NA,NA
"4632",2024-07-16 10:00:00,"historie",2.12,4.17230636899221,NA,NA,NA
"4633",2024-07-16 11:00:00,"historie",2.32,4.00170187080064,NA,NA,NA
"4634",2024-07-16 12:00:00,"historie",2.35,4.31037555463299,NA,NA,NA
"4635",2024-07-16 13:00:00,"historie",2.69,5.34010878708338,NA,NA,NA
"4636",2024-07-16 14:00:00,"historie",2.92,5.10796475495322,NA,NA,NA
"4637",2024-07-16 15:00:00,"historie",2.79,3.55174755357477,NA,NA,NA
"4638",2024-07-16 16:00:00,"historie",2.9,3.42646403622453,NA,NA,NA
"4639",2024-07-16 17:00:00,"historie",2.38,2.95097036248341,NA,NA,NA
"4640",2024-07-16 18:00:00,"historie",2.9,2.28452481932527,NA,NA,NA
"4641",2024-07-16 19:00:00,"historie",2.76,2.46291541987123,NA,NA,NA
"4642",2024-07-16 20:00:00,"historie",2.72,2.48245509639614,NA,NA,NA
"4643",2024-07-16 21:00:00,"historie",2.46,2.79015380514182,NA,NA,NA
"4644",2024-07-16 22:00:00,"historie",2.61,2.99591651309587,NA,NA,NA
"4645",2024-07-16 23:00:00,"historie",3.32,2.87509601782824,NA,NA,NA
"4646",2024-07-17,"historie",2.84,2.97233423635939,NA,NA,NA
"4647",2024-07-17 01:00:00,"historie",2.92,2.49308756780412,NA,NA,NA
"4648",2024-07-17 02:00:00,"historie",3.17,2.96456692064468,NA,NA,NA
"4649",2024-07-17 03:00:00,"historie",3.33,2.83650308602054,NA,NA,NA
"4650",2024-07-17 04:00:00,"historie",2.49,2.79829050899488,NA,NA,NA
"4651",2024-07-17 05:00:00,"historie",3,2.55812257967624,NA,NA,NA
"4652",2024-07-17 06:00:00,"historie",2.55,2.69240942922361,NA,NA,NA
"4653",2024-07-17 07:00:00,"historie",3.13,3.33032036266837,NA,NA,NA
"4654",2024-07-17 08:00:00,"historie",3.05,2.90308020369995,NA,NA,NA
"4655",2024-07-17 09:00:00,"historie",2.95,2.97506099758677,NA,NA,NA
"4656",2024-07-17 10:00:00,"historie",2.21,3.20012098672291,NA,NA,NA
"4657",2024-07-17 11:00:00,"historie",1.79,3.34523520507444,NA,NA,NA
"4658",2024-07-17 12:00:00,"historie",1.58,2.58767990096569,NA,NA,NA
"4659",2024-07-17 13:00:00,"historie",1.76,3.04853615629459,NA,NA,NA
"4660",2024-07-17 14:00:00,"historie",1.85,2.64005004596082,NA,NA,NA
"4661",2024-07-17 15:00:00,"historie",1.54,3.1629662676867,NA,NA,NA
"4662",2024-07-17 16:00:00,"historie",2,3.09318786778264,NA,NA,NA
"4663",2024-07-17 17:00:00,"historie",2.05,3.00422887717631,NA,NA,NA
"4664",2024-07-17 18:00:00,"historie",2.39,2.32570229363014,NA,NA,NA
"4665",2024-07-17 19:00:00,"historie",2.07,1.9252470136989,NA,NA,NA
"4666",2024-07-17 20:00:00,"historie",2.08,1.71774846828574,NA,NA,NA
"4667",2024-07-17 21:00:00,"historie",1.6,1.88282604728101,NA,NA,NA
"4668",2024-07-17 22:00:00,"historie",2.41,1.96280840018829,NA,NA,NA
"4669",2024-07-17 23:00:00,"historie",4.79,1.66501642711716,NA,NA,NA
"4670",2024-07-18,"historie",2.44,2.09285304639818,NA,NA,NA
"4671",2024-07-18 01:00:00,"historie",1.55,2.13762338698308,NA,NA,NA
"4672",2024-07-18 02:00:00,"historie",2.62,2.44808041424149,NA,NA,NA
"4673",2024-07-18 03:00:00,"historie",1.9,2.15673663016683,NA,NA,NA
"4674",2024-07-18 04:00:00,"historie",2.23,2.16507267689355,NA,NA,NA
"4675",2024-07-18 05:00:00,"historie",2.5,1.71514112453106,NA,NA,NA
"4676",2024-07-18 06:00:00,"historie",3.11,2.46072431397342,NA,NA,NA
"4677",2024-07-18 07:00:00,"historie",4.12,4.52945408360454,NA,NA,NA
"4678",2024-07-18 08:00:00,"historie",2.82,2.50574053861439,NA,NA,NA
"4679",2024-07-18 09:00:00,"historie",2.54,1.67625627800328,NA,NA,NA
"4680",2024-07-18 10:00:00,"historie",2.29,2.66146744770313,NA,NA,NA
"4681",2024-07-18 11:00:00,"historie",2.3,2.00401066177139,NA,NA,NA
"4682",2024-07-18 12:00:00,"historie",2.21,2.30663458425499,NA,NA,NA
"4683",2024-07-18 13:00:00,"historie",2.03,2.55264093968375,NA,NA,NA
"4684",2024-07-18 14:00:00,"historie",2.41,3.10052466484074,NA,NA,NA
"4685",2024-07-18 15:00:00,"historie",1.9,3.98806738804245,NA,NA,NA
"4686",2024-07-18 16:00:00,"historie",1.95,2.86146773688468,NA,NA,NA
"4687",2024-07-18 17:00:00,"historie",1.98,2.61027210756107,NA,NA,NA
"4688",2024-07-18 18:00:00,"historie",2.11,2.38105613691574,NA,NA,NA
"4689",2024-07-18 19:00:00,"historie",2.42,2.38834662820835,NA,NA,NA
"4690",2024-07-18 20:00:00,"historie",2.71,2.30374192720988,NA,NA,NA
"4691",2024-07-18 21:00:00,"historie",4.41,2.13468430730435,NA,NA,NA
"4692",2024-07-18 22:00:00,"historie",4.46,2.48197260028449,NA,NA,NA
"4693",2024-07-18 23:00:00,"historie",3.76,2.0102718555951,NA,NA,NA
"4694",2024-07-19,"historie",3.49,2.05354747051634,NA,NA,NA
"4695",2024-07-19 01:00:00,"historie",3,2.07877934176644,NA,NA,NA
"4696",2024-07-19 02:00:00,"historie",2.67,2.19705531313737,NA,NA,NA
"4697",2024-07-19 03:00:00,"historie",2.92,2.47990153393885,NA,NA,NA
"4698",2024-07-19 04:00:00,"historie",2.95,2.74342290639952,NA,NA,NA
"4699",2024-07-19 05:00:00,"historie",3.23,4.2306227113269,NA,NA,NA
"4700",2024-07-19 06:00:00,"historie",3.49,4.29392368765746,NA,NA,NA
"4701",2024-07-19 07:00:00,"historie",7.87,3.706774089876,NA,NA,NA
"4702",2024-07-19 08:00:00,"historie",5.9,3.47858757168969,NA,NA,NA
"4703",2024-07-19 09:00:00,"historie",4.25,3.04698428977978,NA,NA,NA
"4704",2024-07-19 10:00:00,"historie",3.05,2.748797020754,NA,NA,NA
"4705",2024-07-19 11:00:00,"historie",2.62,2.97413858961471,NA,NA,NA
"4706",2024-07-19 12:00:00,"historie",2.42,3.00171853706113,NA,NA,NA
"4707",2024-07-19 13:00:00,"historie",2.45,3.25375432081007,NA,NA,NA
"4708",2024-07-19 14:00:00,"historie",2.53,3.48799821776309,NA,NA,NA
"4709",2024-07-19 15:00:00,"historie",2.7,7.18268882213841,NA,NA,NA
"4710",2024-07-19 16:00:00,"historie",2.76,5.60385622149982,NA,NA,NA
"4711",2024-07-19 17:00:00,"historie",3.2,4.207198367642,NA,NA,NA
"4712",2024-07-19 18:00:00,"historie",2.82,3.13885847017767,NA,NA,NA
"4713",2024-07-19 19:00:00,"historie",3.03,2.73937709599696,NA,NA,NA
"4714",2024-07-19 20:00:00,"historie",3.26,2.54715849766959,NA,NA,NA
"4715",2024-07-19 21:00:00,"historie",4.51,2.56833107347026,NA,NA,NA
"4716",2024-07-19 22:00:00,"historie",4.74,2.63667437682327,NA,NA,NA
"4717",2024-07-19 23:00:00,"historie",4.29,2.78839932992204,NA,NA,NA
"4718",2024-07-20,"historie",4.9,2.84038324764173,NA,NA,NA
"4719",2024-07-20 01:00:00,"historie",5.18,3.23609930708139,NA,NA,NA
"4720",2024-07-20 02:00:00,"historie",4.36,2.89430935431317,NA,NA,NA
"4721",2024-07-20 03:00:00,"historie",4.58,3.08298949005734,NA,NA,NA
"4722",2024-07-20 04:00:00,"historie",4.24,3.28984909266322,NA,NA,NA
"4723",2024-07-20 05:00:00,"historie",5.62,4.38958749741606,NA,NA,NA
"4724",2024-07-20 06:00:00,"historie",5.03,4.60107087928601,NA,NA,NA
"4725",2024-07-20 07:00:00,"historie",4.53,4.22408277448045,NA,NA,NA
"4726",2024-07-20 08:00:00,"historie",6.21,4.76137383807141,NA,NA,NA
"4727",2024-07-20 09:00:00,"historie",4.5,5.01495382564124,NA,NA,NA
"4728",2024-07-20 10:00:00,"historie",3.55,4.31600406337545,NA,NA,NA
"4729",2024-07-20 11:00:00,"historie",3.5,4.5134883342539,NA,NA,NA
"4730",2024-07-20 12:00:00,"historie",3.53,4.22070271376026,NA,NA,NA
"4731",2024-07-20 13:00:00,"historie",3.58,5.42179131215156,NA,NA,NA
"4732",2024-07-20 14:00:00,"historie",3.36,4.92685145980747,NA,NA,NA
"4733",2024-07-20 15:00:00,"historie",3.56,4.49666504330471,NA,NA,NA
"4734",2024-07-20 16:00:00,"historie",3.9,5.95085982388144,NA,NA,NA
"4735",2024-07-20 17:00:00,"historie",4.23,4.48505364477904,NA,NA,NA
"4736",2024-07-20 18:00:00,"historie",4.26,3.63477907813526,NA,NA,NA
"4737",2024-07-20 19:00:00,"historie",5,3.58318878845942,NA,NA,NA
"4738",2024-07-20 20:00:00,"historie",6.67,3.60459544967688,NA,NA,NA
"4739",2024-07-20 21:00:00,"historie",6.87,3.64491204443753,NA,NA,NA
"4740",2024-07-20 22:00:00,"historie",5.82,3.44189216620269,NA,NA,NA
"4741",2024-07-20 23:00:00,"historie",7.23,3.61782453730469,NA,NA,NA
"4742",2024-07-21,"historie",7.1,3.91941382427514,NA,NA,NA
"4743",2024-07-21 01:00:00,"historie",7.07,4.21198136122171,NA,NA,NA
"4744",2024-07-21 02:00:00,"historie",6.58,4.24091851993367,NA,NA,NA
"4745",2024-07-21 03:00:00,"historie",6.23,4.89081826630523,NA,NA,NA
"4746",2024-07-21 04:00:00,"historie",6.36,6.3253794414197,NA,NA,NA
"4747",2024-07-21 05:00:00,"historie",6.46,6.51686711168645,NA,NA,NA
"4748",2024-07-21 06:00:00,"historie",5.95,5.64476764468954,NA,NA,NA
"4749",2024-07-21 07:00:00,"historie",6.1,6.85399070725806,NA,NA,NA
"4750",2024-07-21 08:00:00,"historie",7.03,6.76588753871504,NA,NA,NA
"4751",2024-07-21 09:00:00,"historie",10.79,6.75827245806657,NA,NA,NA
"4752",2024-07-21 10:00:00,"historie",7.41,6.35572235030999,NA,NA,NA
"4753",2024-07-21 11:00:00,"historie",6.23,6.06388994578365,NA,NA,NA
"4754",2024-07-21 12:00:00,"historie",5.56,6.18135269904659,NA,NA,NA
"4755",2024-07-21 13:00:00,"historie",4.56,6.27322970636792,NA,NA,NA
"4756",2024-07-21 14:00:00,"historie",4.9,5.83747410726022,NA,NA,NA
"4757",2024-07-21 15:00:00,"historie",4.9,5.96896566723846,NA,NA,NA
"4758",2024-07-21 16:00:00,"historie",4.94,6.77169893911839,NA,NA,NA
"4759",2024-07-21 17:00:00,"historie",5.37,9.91458239409097,NA,NA,NA
"4760",2024-07-21 18:00:00,"historie",5.4,7.13636347240955,NA,NA,NA
"4761",2024-07-21 19:00:00,"historie",5.47,6.12552714212345,NA,NA,NA
"4762",2024-07-21 20:00:00,"historie",7.28,5.53569829814309,NA,NA,NA
"4763",2024-07-21 21:00:00,"historie",8.5,4.63783365230173,NA,NA,NA
"4764",2024-07-21 22:00:00,"historie",8.45,4.93085567784266,NA,NA,NA
"4765",2024-07-21 23:00:00,"historie",8,4.92270976762078,NA,NA,NA
"4766",2024-07-22,"historie",6.15,4.95114623603202,NA,NA,NA
"4767",2024-07-22 01:00:00,"historie",5.95,5.32500810099226,NA,NA,NA
"4768",2024-07-22 02:00:00,"historie",6,5.34903822377538,NA,NA,NA
"4769",2024-07-22 03:00:00,"historie",6.41,5.40863104377595,NA,NA,NA
"4770",2024-07-22 04:00:00,"historie",6.38,6.96746411254581,NA,NA,NA
"4771",2024-07-22 05:00:00,"historie",6.72,8.00912657159877,NA,NA,NA
"4772",2024-07-22 06:00:00,"historie",7.85,7.99022510427189,NA,NA,NA
"4773",2024-07-22 07:00:00,"historie",6.36,7.63061268373487,NA,NA,NA
"4774",2024-07-22 08:00:00,"historie",6.31,6.05414977274502,NA,NA,NA
"4775",2024-07-22 09:00:00,"historie",5.79,5.87682077965172,NA,NA,NA
"4776",2024-07-22 10:00:00,"historie",4.95,5.91698866132887,NA,NA,NA
"4777",2024-07-22 11:00:00,"historie",4.84,6.27119282180062,NA,NA,NA
"4778",2024-07-22 12:00:00,"historie",4.05,6.24567036608576,NA,NA,NA
"4779",2024-07-22 13:00:00,"historie",1.84,6.54016270925663,NA,NA,NA
"4780",2024-07-22 14:00:00,"historie",1.87,7.50968930703267,NA,NA,NA
"4781",2024-07-22 15:00:00,"historie",1.74,6.24068966743216,NA,NA,NA
"4782",2024-07-22 16:00:00,"historie",1.59,6.19575994019654,NA,NA,NA
"4783",2024-07-22 17:00:00,"historie",2.08,5.73938089272462,NA,NA,NA
"4784",2024-07-22 18:00:00,"historie",2.18,4.99034555208794,NA,NA,NA
"4785",2024-07-22 19:00:00,"historie",2.3,4.88248297108507,NA,NA,NA
"4786",2024-07-22 20:00:00,"historie",2.6,4.16117031279448,NA,NA,NA
"4787",2024-07-22 21:00:00,"historie",3.35,2.06122968150768,NA,NA,NA
"4788",2024-07-22 22:00:00,"historie",2.6,2.07337380022462,NA,NA,NA
"4789",2024-07-22 23:00:00,"historie",3.13,1.93090304564139,NA,NA,NA
"4790",2024-07-23,"historie",3.12,1.77023976957862,NA,NA,NA
"4791",2024-07-23 01:00:00,"historie",2,2.23122451782265,NA,NA,NA
"4792",2024-07-23 02:00:00,"historie",1.86,2.31698199051674,NA,NA,NA
"4793",2024-07-23 03:00:00,"historie",2.13,2.42223396353036,NA,NA,NA
"4794",2024-07-23 04:00:00,"historie",1.7,2.69417424937088,NA,NA,NA
"4795",2024-07-23 05:00:00,"historie",2.23,3.36931584518421,NA,NA,NA
"4796",2024-07-23 06:00:00,"historie",2.36,2.69366117883107,NA,NA,NA
"4797",2024-07-23 07:00:00,"historie",6.95,3.1718518517836,NA,NA,NA
"4798",2024-07-23 08:00:00,"historie",10.23,3.16423798755797,NA,NA,NA
"4799",2024-07-23 09:00:00,"historie",6.13,2.13396053659369,NA,NA,NA
"4800",2024-07-23 10:00:00,"historie",2.41,1.99498245966234,NA,NA,NA
"4801",2024-07-23 11:00:00,"historie",2.49,2.24263434680149,NA,NA,NA
"4802",2024-07-23 12:00:00,"historie",2.44,1.83298331814887,NA,NA,NA
"4803",2024-07-23 13:00:00,"historie",2.79,2.3241058671276,NA,NA,NA
"4804",2024-07-23 14:00:00,"historie",3.9,2.44187452537962,NA,NA,NA
"4805",2024-07-23 15:00:00,"historie",2.5,6.36081865937022,NA,NA,NA
"4806",2024-07-23 16:00:00,"historie",2.9,9.03157243482393,NA,NA,NA
"4807",2024-07-23 17:00:00,"historie",4.13,5.79128124097491,NA,NA,NA
"4808",2024-07-23 18:00:00,"historie",3.38,2.54286757976931,NA,NA,NA
"4809",2024-07-23 19:00:00,"historie",4.24,2.61018586167719,NA,NA,NA
"4810",2024-07-23 20:00:00,"historie",4.55,2.55793896302005,NA,NA,NA
"4811",2024-07-23 21:00:00,"historie",5.71,2.87469271321257,NA,NA,NA
"4812",2024-07-23 22:00:00,"historie",3.08,3.86543356982407,NA,NA,NA
"4813",2024-07-23 23:00:00,"historie",2.18,2.61048229650409,NA,NA,NA
"4814",2024-07-24,"historie",2.92,2.9723681400174,NA,NA,NA
"4815",2024-07-24 01:00:00,"historie",2.26,4.06496955984145,NA,NA,NA
"4816",2024-07-24 02:00:00,"historie",3.78,3.41083089793593,NA,NA,NA
"4817",2024-07-24 03:00:00,"historie",2.49,4.17212688935923,NA,NA,NA
"4818",2024-07-24 04:00:00,"historie",2.89,4.45085982454223,NA,NA,NA
"4819",2024-07-24 05:00:00,"historie",4.47,5.45659615487919,NA,NA,NA
"4820",2024-07-24 06:00:00,"historie",4.44,3.1685206976877,NA,NA,NA
"4821",2024-07-24 07:00:00,"historie",2.69,2.32922943967146,NA,NA,NA
"4822",2024-07-24 08:00:00,"historie",2.62,3.00708435673802,NA,NA,NA
"4823",2024-07-24 09:00:00,"historie",3.5,2.39341041027296,NA,NA,NA
"4824",2024-07-24 10:00:00,"historie",3.02,3.76572927483515,NA,NA,NA
"4825",2024-07-24 11:00:00,"historie",3.56,2.60425301680462,NA,NA,NA
"4826",2024-07-24 12:00:00,"historie",3.72,2.96625761353717,NA,NA,NA
"4827",2024-07-24 13:00:00,"historie",3.23,4.36413782599017,NA,NA,NA
"4828",2024-07-24 14:00:00,"historie",4.38,4.35004364981344,NA,NA,NA
"4829",2024-07-24 15:00:00,"historie",2.67,2.79606500511353,NA,NA,NA
"4830",2024-07-24 16:00:00,"historie",1.45,2.72689339013851,NA,NA,NA
"4831",2024-07-24 17:00:00,"historie",1.55,3.51933598997609,NA,NA,NA
"4832",2024-07-24 18:00:00,"historie",1.95,3.09004305345446,NA,NA,NA
"4833",2024-07-24 19:00:00,"historie",2.12,3.57356557784587,NA,NA,NA
"4834",2024-07-24 20:00:00,"historie",2.26,3.71860561606751,NA,NA,NA
"4835",2024-07-24 21:00:00,"historie",2.56,3.28428039203532,NA,NA,NA
"4836",2024-07-24 22:00:00,"historie",2.74,4.30188606240577,NA,NA,NA
"4837",2024-07-24 23:00:00,"historie",2.68,2.77963775092425,NA,NA,NA
"4838",2024-07-25,"historie",2.77,1.61476147905746,NA,NA,NA
"4839",2024-07-25 01:00:00,"historie",2.72,1.7026554691956,NA,NA,NA
"4840",2024-07-25 02:00:00,"historie",2.85,2.07688196549604,NA,NA,NA
"4841",2024-07-25 03:00:00,"historie",2.83,2.23092277822949,NA,NA,NA
"4842",2024-07-25 04:00:00,"historie",2.53,2.35723732581921,NA,NA,NA
"4843",2024-07-25 05:00:00,"historie",3,2.6301965586799,NA,NA,NA
"4844",2024-07-25 06:00:00,"historie",2.76,2.79381036695015,NA,NA,NA
"4845",2024-07-25 07:00:00,"historie",3.11,2.74112295779263,NA,NA,NA
"4846",2024-07-25 08:00:00,"historie",3.28,2.82359612204261,NA,NA,NA
"4847",2024-07-25 09:00:00,"historie",3.12,2.77991378235122,NA,NA,NA
"4848",2024-07-25 10:00:00,"historie",3.55,2.89843910294473,NA,NA,NA
"4849",2024-07-25 11:00:00,"historie",2.35,2.88230280182696,NA,NA,NA
"4850",2024-07-25 12:00:00,"historie",2,2.61106993419896,NA,NA,NA
"4851",2024-07-25 13:00:00,"historie",1.85,3.03579303041652,NA,NA,NA
"4852",2024-07-25 14:00:00,"historie",2.13,2.8221151102376,NA,NA,NA
"4853",2024-07-25 15:00:00,"historie",2.45,3.13791261961192,NA,NA,NA
"4854",2024-07-25 16:00:00,"historie",1.82,3.29307416577437,NA,NA,NA
"4855",2024-07-25 17:00:00,"historie",2.08,3.15446366759895,NA,NA,NA
"4856",2024-07-25 18:00:00,"historie",1.97,3.53992031327697,NA,NA,NA
"4857",2024-07-25 19:00:00,"historie",2.28,2.45958102813498,NA,NA,NA
"4858",2024-07-25 20:00:00,"historie",3.46,2.12843977777246,NA,NA,NA
"4859",2024-07-25 21:00:00,"historie",3.47,1.98109756784304,NA,NA,NA
"4860",2024-07-25 22:00:00,"historie",3.03,2.23836439568618,NA,NA,NA
"4861",2024-07-25 23:00:00,"historie",3.31,2.53041674233365,NA,NA,NA
"4862",2024-07-26,"historie",3.5,1.94367093944378,NA,NA,NA
"4863",2024-07-26 01:00:00,"historie",3.38,2.18267749155588,NA,NA,NA
"4864",2024-07-26 02:00:00,"historie",3.78,2.07766672867549,NA,NA,NA
"4865",2024-07-26 03:00:00,"historie",4.34,2.36181618490857,NA,NA,NA
"4866",2024-07-26 04:00:00,"historie",4.24,3.41822973342766,NA,NA,NA
"4867",2024-07-26 05:00:00,"historie",4.32,3.43725682329526,NA,NA,NA
"4868",2024-07-26 06:00:00,"historie",4.13,3.05596190885757,NA,NA,NA
"4869",2024-07-26 07:00:00,"historie",13.5,3.30942651603848,NA,NA,NA
"4870",2024-07-26 08:00:00,"historie",9.5,3.48362704046633,NA,NA,NA
"4871",2024-07-26 09:00:00,"historie",8.58,3.38429068322423,NA,NA,NA
"4872",2024-07-26 10:00:00,"historie",7.81,3.74273091130177,NA,NA,NA
"4873",2024-07-26 11:00:00,"historie",4.1,4.23955357932104,NA,NA,NA
"4874",2024-07-26 12:00:00,"historie",4.05,4.16494468942708,NA,NA,NA
"4875",2024-07-26 13:00:00,"historie",5.73,4.24465182403865,NA,NA,NA
"4876",2024-07-26 14:00:00,"historie",5.46,4.08780901552319,NA,NA,NA
"4877",2024-07-26 15:00:00,"historie",2.31,11.7026561982359,NA,NA,NA
"4878",2024-07-26 16:00:00,"historie",4.76,8.65803764174374,NA,NA,NA
"4879",2024-07-26 17:00:00,"historie",4.72,7.96090036930248,NA,NA,NA
"4880",2024-07-26 18:00:00,"historie",4.51,7.35952979872087,NA,NA,NA
"4881",2024-07-26 19:00:00,"historie",4.31,4.17094188859258,NA,NA,NA
"4882",2024-07-26 20:00:00,"historie",6.54,4.11879587394062,NA,NA,NA
"4883",2024-07-26 21:00:00,"historie",8.72,5.59376541308174,NA,NA,NA
"4884",2024-07-26 22:00:00,"historie",5.3,5.36585046499111,NA,NA,NA
"4885",2024-07-26 23:00:00,"historie",4.26,2.50435595587185,NA,NA,NA
"4886",2024-07-27,"historie",4.22,4.7270249920094,NA,NA,NA
"4887",2024-07-27 01:00:00,"historie",4.33,4.69320468467675,NA,NA,NA
"4888",2024-07-27 02:00:00,"historie",4.47,4.50850243509761,NA,NA,NA
"4889",2024-07-27 03:00:00,"historie",4.7,4.33008303270042,NA,NA,NA
"4890",2024-07-27 04:00:00,"historie",4.97,6.2642048701077,NA,NA,NA
"4891",2024-07-27 05:00:00,"historie",5.35,8.10613524433218,NA,NA,NA
"4892",2024-07-27 06:00:00,"historie",5.74,5.23642715119793,NA,NA,NA
"4893",2024-07-27 07:00:00,"historie",11.26,4.31543200492245,NA,NA,NA
"4894",2024-07-27 08:00:00,"historie",11.74,4.27343260408206,NA,NA,NA
"4895",2024-07-27 09:00:00,"historie",14.12,4.36633362118839,NA,NA,NA
"4896",2024-07-27 10:00:00,"historie",8.74,4.48699250055065,NA,NA,NA
"4897",2024-07-27 11:00:00,"historie",5.88,4.68830416105131,NA,NA,NA
"4898",2024-07-27 12:00:00,"historie",5.84,4.92560572562827,NA,NA,NA
"4899",2024-07-27 13:00:00,"historie",4.32,5.25962374740076,NA,NA,NA
"4900",2024-07-27 14:00:00,"historie",4.76,5.60269800131881,NA,NA,NA
"4901",2024-07-27 15:00:00,"historie",5.2,10.1951551555302,NA,NA,NA
"4902",2024-07-27 16:00:00,"historie",4.21,10.6442932664044,NA,NA,NA
"4903",2024-07-27 17:00:00,"historie",3.33,12.6082778491518,NA,NA,NA
"4904",2024-07-27 18:00:00,"historie",2.33,8.29266351381644,NA,NA,NA
"4905",2024-07-27 19:00:00,"historie",2.55,5.8469564249275,NA,NA,NA
"4906",2024-07-27 20:00:00,"historie",2.74,5.80464450374405,NA,NA,NA
"4907",2024-07-27 21:00:00,"historie",3.45,4.43814984865072,NA,NA,NA
"4908",2024-07-27 22:00:00,"historie",3.76,4.8211814264275,NA,NA,NA
"4909",2024-07-27 23:00:00,"historie",4.71,5.20339774215046,NA,NA,NA
"4910",2024-07-28,"historie",5.18,4.3097070508261,NA,NA,NA
"4911",2024-07-28 01:00:00,"historie",9.46,3.49155367060266,NA,NA,NA
"4912",2024-07-28 02:00:00,"historie",10.18,2.5337006872133,NA,NA,NA
"4913",2024-07-28 03:00:00,"historie",9.92,2.7277759440348,NA,NA,NA
"4914",2024-07-28 04:00:00,"historie",9.4,2.89344739562107,NA,NA,NA
"4915",2024-07-28 05:00:00,"historie",10.69,3.53642615430681,NA,NA,NA
"4916",2024-07-28 06:00:00,"historie",1.92,3.81118418029721,NA,NA,NA
"4917",2024-07-28 07:00:00,"historie",2.15,4.65076994435043,NA,NA,NA
"4918",2024-07-28 08:00:00,"historie",2.2,5.06565189701761,NA,NA,NA
"4919",2024-07-28 09:00:00,"historie",2.22,8.65538476354178,NA,NA,NA
"4920",2024-07-28 10:00:00,"historie",1.49,9.29231066078941,NA,NA,NA
"4921",2024-07-28 11:00:00,"historie",1,9.13420594305833,NA,NA,NA
"4922",2024-07-28 12:00:00,"historie",1.31,8.75093911552002,NA,NA,NA
"4923",2024-07-28 13:00:00,"historie",1.66,9.8459676941789,NA,NA,NA
"4924",2024-07-28 14:00:00,"historie",2.47,2.15764828316037,NA,NA,NA
"4925",2024-07-28 15:00:00,"historie",2.34,2.36403668868813,NA,NA,NA
"4926",2024-07-28 16:00:00,"historie",1.92,2.39584177081173,NA,NA,NA
"4927",2024-07-28 17:00:00,"historie",1.82,2.40073684372194,NA,NA,NA
"4928",2024-07-28 18:00:00,"historie",2,1.67708026228933,NA,NA,NA
"4929",2024-07-28 19:00:00,"historie",2.29,1.16878107533892,NA,NA,NA
"4930",2024-07-28 20:00:00,"historie",3.18,1.47083845318424,NA,NA,NA
"4931",2024-07-28 21:00:00,"historie",3.86,1.80294821903577,NA,NA,NA
"4932",2024-07-28 22:00:00,"historie",4.08,2.55479342570254,NA,NA,NA
"4933",2024-07-28 23:00:00,"historie",3.67,2.43427133921112,NA,NA,NA
"4934",2024-07-29,"historie",3.49,2.04112827728411,NA,NA,NA
"4935",2024-07-29 01:00:00,"historie",3.35,1.94246163483868,NA,NA,NA
"4936",2024-07-29 02:00:00,"historie",3.85,2.1071214325838,NA,NA,NA
"4937",2024-07-29 03:00:00,"historie",3.29,2.37288861711632,NA,NA,NA
"4938",2024-07-29 04:00:00,"historie",3.18,3.1744082306036,NA,NA,NA
"4939",2024-07-29 05:00:00,"historie",3.21,3.77839427159882,NA,NA,NA
"4940",2024-07-29 06:00:00,"historie",3.47,3.98268304425109,NA,NA,NA
"4941",2024-07-29 07:00:00,"historie",3.45,3.63839722377074,NA,NA,NA
"4942",2024-07-29 08:00:00,"historie",2.98,3.48764225756914,NA,NA,NA
"4943",2024-07-29 09:00:00,"historie",4.71,3.36875910818632,NA,NA,NA
"4944",2024-07-29 10:00:00,"historie",3.13,3.81526002304904,NA,NA,NA
"4945",2024-07-29 11:00:00,"historie",2.32,3.32561263263197,NA,NA,NA
"4946",2024-07-29 12:00:00,"historie",2,3.22876755062771,NA,NA,NA
"4947",2024-07-29 13:00:00,"historie",1.62,3.25665123255402,NA,NA,NA
"4948",2024-07-29 14:00:00,"historie",1.67,3.49057908463416,NA,NA,NA
"4949",2024-07-29 15:00:00,"historie",1.49,3.47570245835509,NA,NA,NA
"4950",2024-07-29 16:00:00,"historie",1.31,3.05460418374227,NA,NA,NA
"4951",2024-07-29 17:00:00,"historie",1.78,4.58168847510392,NA,NA,NA
"4952",2024-07-29 18:00:00,"historie",1.51,3.1986369558878,NA,NA,NA
"4953",2024-07-29 19:00:00,"historie",2.05,2.45170663573709,NA,NA,NA
"4954",2024-07-29 20:00:00,"historie",2.24,2.14382840985297,NA,NA,NA
"4955",2024-07-29 21:00:00,"historie",4.34,1.77247379127937,NA,NA,NA
"4956",2024-07-29 22:00:00,"historie",2.26,1.81266740087557,NA,NA,NA
"4957",2024-07-29 23:00:00,"historie",2.03,1.63220675976755,NA,NA,NA
"4958",2024-07-30,"historie",1.61,1.45011625656878,NA,NA,NA
"4959",2024-07-30 01:00:00,"historie",1.47,1.89440515669947,NA,NA,NA
"4960",2024-07-30 02:00:00,"historie",1.82,1.63446117289985,NA,NA,NA
"4961",2024-07-30 03:00:00,"historie",1.7,2.13753566048344,NA,NA,NA
"4962",2024-07-30 04:00:00,"historie",1.62,2.31201500138343,NA,NA,NA
"4963",2024-07-30 05:00:00,"historie",1.78,4.15833492372658,NA,NA,NA
"4964",2024-07-30 06:00:00,"historie",1.82,2.34424986130843,NA,NA,NA
"4965",2024-07-30 07:00:00,"historie",2.55,2.13120220217833,NA,NA,NA
"4966",2024-07-30 08:00:00,"historie",3.98,1.73369753191345,NA,NA,NA
"4967",2024-07-30 09:00:00,"historie",3.61,1.5953314443186,NA,NA,NA
"4968",2024-07-30 10:00:00,"historie",2.78,1.92239524419312,NA,NA,NA
"4969",2024-07-30 11:00:00,"historie",2.18,1.80789090109928,NA,NA,NA
"4970",2024-07-30 12:00:00,"historie",2.33,1.72995755466036,NA,NA,NA
"4971",2024-07-30 13:00:00,"historie",2.66,1.87778110836235,NA,NA,NA
"4972",2024-07-30 14:00:00,"historie",2.92,1.91394463586253,NA,NA,NA
"4973",2024-07-30 15:00:00,"historie",3,2.58007346058809,NA,NA,NA
"4974",2024-07-30 16:00:00,"historie",2.77,3.83715256351178,NA,NA,NA
"4975",2024-07-30 17:00:00,"historie",2.59,3.5375733072545,NA,NA,NA
"4976",2024-07-30 18:00:00,"historie",2.58,2.81693491387379,NA,NA,NA
"4977",2024-07-30 19:00:00,"historie",2.92,2.27393982164596,NA,NA,NA
"4978",2024-07-30 20:00:00,"historie",3.47,2.41081966083826,NA,NA,NA
"4979",2024-07-30 21:00:00,"historie",4,2.7113019382043,NA,NA,NA
"4980",2024-07-30 22:00:00,"historie",3.76,2.94797798967428,NA,NA,NA
"4981",2024-07-30 23:00:00,"historie",3.91,3.02423948327055,NA,NA,NA
"4982",2024-07-31,"historie",4.05,2.82220290498356,NA,NA,NA
"4983",2024-07-31 01:00:00,"historie",3.97,2.66109690901813,NA,NA,NA
"4984",2024-07-31 02:00:00,"historie",4.18,2.65251135715446,NA,NA,NA
"4985",2024-07-31 03:00:00,"historie",4.25,2.960678315501,NA,NA,NA
"4986",2024-07-31 04:00:00,"historie",5.44,3.45383260735004,NA,NA,NA
"4987",2024-07-31 05:00:00,"historie",5.19,3.92641031573642,NA,NA,NA
"4988",2024-07-31 06:00:00,"historie",4.77,3.72795720079097,NA,NA,NA
"4989",2024-07-31 07:00:00,"historie",6.46,3.86791234626436,NA,NA,NA
"4990",2024-07-31 08:00:00,"historie",7.85,3.99923314861762,NA,NA,NA
"4991",2024-07-31 09:00:00,"historie",11.32,3.93771688339649,NA,NA,NA
"4992",2024-07-31 10:00:00,"historie",12.5,4.12916960928929,NA,NA,NA
"4993",2024-07-31 11:00:00,"historie",8.13,4.19855670375099,NA,NA,NA
"4994",2024-07-31 12:00:00,"historie",6.79,5.23543543233852,NA,NA,NA
"4995",2024-07-31 13:00:00,"historie",5.5,5.03884688198566,NA,NA,NA
"4996",2024-07-31 14:00:00,"historie",5.16,4.68807299532053,NA,NA,NA
"4997",2024-07-31 15:00:00,"historie",4.82,6.14504854335794,NA,NA,NA
"4998",2024-07-31 16:00:00,"historie",5.03,7.33170050082858,NA,NA,NA
"4999",2024-07-31 17:00:00,"historie",5.38,10.1912847096845,NA,NA,NA
"5000",2024-07-31 18:00:00,"historie",7.56,11.2048753071115,NA,NA,NA
"5001",2024-07-31 19:00:00,"historie",5.67,7.70383479533711,NA,NA,NA
"5002",2024-07-31 20:00:00,"historie",5.73,6.58482471965729,NA,NA,NA
"5003",2024-07-31 21:00:00,"historie",5.9,5.46854535267568,NA,NA,NA
"5004",2024-07-31 22:00:00,"historie",6.54,5.16446789682934,NA,NA,NA
"5005",2024-07-31 23:00:00,"historie",5.09,4.85659308923919,NA,NA,NA
"5006",2024-08-01,"historie",8.31,5.03666092396088,NA,NA,NA
"5007",2024-08-01 01:00:00,"historie",7.54,5.34132542280879,NA,NA,NA
"5008",2024-08-01 02:00:00,"historie",6.17,7.21963975052719,NA,NA,NA
"5009",2024-08-01 03:00:00,"historie",8.85,5.60690428268623,NA,NA,NA
"5010",2024-08-01 04:00:00,"historie",11.05,5.65864159001012,NA,NA,NA
"5011",2024-08-01 05:00:00,"historie",9,5.80695947617907,NA,NA,NA
"5012",2024-08-01 06:00:00,"historie",8.73,6.36329341098989,NA,NA,NA
"5013",2024-08-01 07:00:00,"historie",8.21,5.09987388810845,NA,NA,NA
"5014",2024-08-01 08:00:00,"historie",7.78,7.86788322263525,NA,NA,NA
"5015",2024-08-01 09:00:00,"historie",8.92,7.23765759707963,NA,NA,NA
"5016",2024-08-01 10:00:00,"historie",7.54,6.06883598154293,NA,NA,NA
"5017",2024-08-01 11:00:00,"historie",6.72,8.35596586370214,NA,NA,NA
"5018",2024-08-01 12:00:00,"historie",6.51,10.2010511753856,NA,NA,NA
"5019",2024-08-01 13:00:00,"historie",5.87,8.53803145886553,NA,NA,NA
"5020",2024-08-01 14:00:00,"historie",8.03,8.32692743054356,NA,NA,NA
"5021",2024-08-01 15:00:00,"historie",6.72,7.89749037610838,NA,NA,NA
"5022",2024-08-01 16:00:00,"historie",5.56,7.53611781958577,NA,NA,NA
"5023",2024-08-01 17:00:00,"historie",5.69,8.51055318098227,NA,NA,NA
"5024",2024-08-01 18:00:00,"historie",5.27,7.34201639128328,NA,NA,NA
"5025",2024-08-01 19:00:00,"historie",6.03,6.62894387752951,NA,NA,NA
"5026",2024-08-01 20:00:00,"historie",5.92,6.43895804008585,NA,NA,NA
"5027",2024-08-01 21:00:00,"historie",6.53,5.86827538929634,NA,NA,NA
"5028",2024-08-01 22:00:00,"historie",6.55,7.73451224349893,NA,NA,NA
"5029",2024-08-01 23:00:00,"historie",6.3,6.61033233674519,NA,NA,NA
"5030",2024-08-02,"historie",5.31,5.58476553588814,NA,NA,NA
"5031",2024-08-02 01:00:00,"historie",5.79,5.689486985969,NA,NA,NA
"5032",2024-08-02 02:00:00,"historie",6.03,5.3075186314716,NA,NA,NA
"5033",2024-08-02 03:00:00,"historie",6.92,5.96962296702759,NA,NA,NA
"5034",2024-08-02 04:00:00,"historie",8.11,5.86913559051929,NA,NA,NA
"5035",2024-08-02 05:00:00,"historie",7.77,6.39781219175258,NA,NA,NA
"5036",2024-08-02 06:00:00,"historie",8.56,6.41589964936778,NA,NA,NA
"5037",2024-08-02 07:00:00,"historie",15.13,6.19905066997872,NA,NA,NA
"5038",2024-08-02 08:00:00,"historie",15.16,5.32616445757988,NA,NA,NA
"5039",2024-08-02 09:00:00,"historie",10.62,5.74272160045183,NA,NA,NA
"5040",2024-08-02 10:00:00,"historie",8.59,5.94967437085061,NA,NA,NA
"5041",2024-08-02 11:00:00,"historie",5.79,6.72057589308063,NA,NA,NA
"5042",2024-08-02 12:00:00,"historie",3.37,7.74229798494197,NA,NA,NA
"5043",2024-08-02 13:00:00,"historie",1.06,7.46803672248958,NA,NA,NA
"5044",2024-08-02 14:00:00,"historie",2.85,8.14858158905941,NA,NA,NA
"5045",2024-08-02 15:00:00,"historie",3.31,13.5283183170673,NA,NA,NA
"5046",2024-08-02 16:00:00,"historie",2.81,13.6325762867926,NA,NA,NA
"5047",2024-08-02 17:00:00,"historie",5.64,9.99499776686556,NA,NA,NA
"5048",2024-08-02 18:00:00,"historie",5.74,8.29707108622295,NA,NA,NA
"5049",2024-08-02 19:00:00,"historie",5.87,5.84883212296713,NA,NA,NA
"5050",2024-08-02 20:00:00,"historie",6.51,3.60928554667732,NA,NA,NA
"5051",2024-08-02 21:00:00,"historie",10.47,1.28584800575979,NA,NA,NA
"5052",2024-08-02 22:00:00,"historie",6.66,3.04664802219611,NA,NA,NA
"5053",2024-08-02 23:00:00,"historie",6.89,3.46083554122049,NA,NA,NA
"5054",2024-08-03,"historie",7.41,2.98278801456464,NA,NA,NA
"5055",2024-08-03 01:00:00,"historie",9.18,5.50888026485802,NA,NA,NA
"5056",2024-08-03 02:00:00,"historie",12.13,5.60364801516913,NA,NA,NA
"5057",2024-08-03 03:00:00,"historie",8.54,5.72418016372548,NA,NA,NA
"5058",2024-08-03 04:00:00,"historie",8.38,6.28316330058708,NA,NA,NA
"5059",2024-08-03 05:00:00,"historie",9.82,9.59471697365761,NA,NA,NA
"5060",2024-08-03 06:00:00,"historie",10.59,6.45849052300814,NA,NA,NA
"5061",2024-08-03 07:00:00,"historie",10.56,6.66443836892483,NA,NA,NA
"5062",2024-08-03 08:00:00,"historie",11.26,7.11839013387265,NA,NA,NA
"5063",2024-08-03 09:00:00,"historie",11.08,8.62236554606041,NA,NA,NA
"5064",2024-08-03 10:00:00,"historie",8.79,11.0736823430341,NA,NA,NA
"5065",2024-08-03 11:00:00,"historie",7.15,8.15187344954318,NA,NA,NA
"5066",2024-08-03 12:00:00,"historie",6.26,8.02931157545116,NA,NA,NA
"5067",2024-08-03 13:00:00,"historie",7.62,9.25332559140989,NA,NA,NA
"5068",2024-08-03 14:00:00,"historie",8.39,9.91673656137733,NA,NA,NA
"5069",2024-08-03 15:00:00,"historie",8.12,9.91744435314208,NA,NA,NA
"5070",2024-08-03 16:00:00,"historie",8,10.5218441073374,NA,NA,NA
"5071",2024-08-03 17:00:00,"historie",6.85,10.3980293720666,NA,NA,NA
"5072",2024-08-03 18:00:00,"historie",6.74,8.48550123456361,NA,NA,NA
"5073",2024-08-03 19:00:00,"historie",6.03,7.06615770635824,NA,NA,NA
"5074",2024-08-03 20:00:00,"historie",6.03,6.27117293181497,NA,NA,NA
"5075",2024-08-03 21:00:00,"historie",6.53,7.44831410656882,NA,NA,NA
"5076",2024-08-03 22:00:00,"historie",6.32,8.1075750195575,NA,NA,NA
"5077",2024-08-03 23:00:00,"historie",6.28,7.87771180178668,NA,NA,NA
"5078",2024-08-04,"historie",6.18,7.77416664473734,NA,NA,NA
"5079",2024-08-04 01:00:00,"historie",6.41,6.77382228277476,NA,NA,NA
"5080",2024-08-04 02:00:00,"historie",9.54,6.66878672650042,NA,NA,NA
"5081",2024-08-04 03:00:00,"historie",9.36,6.03456751692461,NA,NA,NA
"5082",2024-08-04 04:00:00,"historie",14.89,6.02304486952593,NA,NA,NA
"5083",2024-08-04 05:00:00,"historie",13.31,6.45303644087038,NA,NA,NA
"5084",2024-08-04 06:00:00,"historie",7.79,6.26321930722883,NA,NA,NA
"5085",2024-08-04 07:00:00,"historie",3.57,6.22178617968081,NA,NA,NA
"5086",2024-08-04 08:00:00,"historie",2.66,6.12816383346731,NA,NA,NA
"5087",2024-08-04 09:00:00,"historie",2.95,6.32406496029956,NA,NA,NA
"5088",2024-08-04 10:00:00,"historie",3.84,8.99248375462973,NA,NA,NA
"5089",2024-08-04 11:00:00,"historie",5.79,8.86389523680355,NA,NA,NA
"5090",2024-08-04 12:00:00,"historie",6.9,13.4054201953127,NA,NA,NA
"5091",2024-08-04 13:00:00,"historie",3.73,12.2001290000599,NA,NA,NA
"5092",2024-08-04 14:00:00,"historie",2.82,7.61597071558505,NA,NA,NA
"5093",2024-08-04 15:00:00,"historie",2.89,3.81032628201974,NA,NA,NA
"5094",2024-08-04 16:00:00,"historie",2.62,2.91657326690871,NA,NA,NA
"5095",2024-08-04 17:00:00,"historie",3.92,3.17195714666699,NA,NA,NA
"5096",2024-08-04 18:00:00,"historie",3.69,3.98308638974023,NA,NA,NA
"5097",2024-08-04 19:00:00,"historie",3.83,5.71339716449243,NA,NA,NA
"5098",2024-08-04 20:00:00,"historie",2.69,6.67545744868977,NA,NA,NA
"5099",2024-08-04 21:00:00,"historie",3,3.87459058433042,NA,NA,NA
"5100",2024-08-04 22:00:00,"historie",3.05,3.01353886629782,NA,NA,NA
"5101",2024-08-04 23:00:00,"historie",3.11,3.06435807309296,NA,NA,NA
"5102",2024-08-05,"historie",12.56,2.7973028141575,NA,NA,NA
"5103",2024-08-05 01:00:00,"historie",3.54,3.98081041685497,NA,NA,NA
"5104",2024-08-05 02:00:00,"historie",5.31,3.76969888321412,NA,NA,NA
"5105",2024-08-05 03:00:00,"historie",4.69,3.89150125313438,NA,NA,NA
"5106",2024-08-05 04:00:00,"historie",5.05,2.84261276266653,NA,NA,NA
"5107",2024-08-05 05:00:00,"historie",5.26,3.12086807006082,NA,NA,NA
"5108",2024-08-05 06:00:00,"historie",5.92,3.1603028393931,NA,NA,NA
"5109",2024-08-05 07:00:00,"historie",5.37,3.2098528190205,NA,NA,NA
"5110",2024-08-05 08:00:00,"historie",4.9,11.0515133398943,NA,NA,NA
"5111",2024-08-05 09:00:00,"historie",4.13,3.62880913118289,NA,NA,NA
"5112",2024-08-05 10:00:00,"historie",4.2,5.19170500881022,NA,NA,NA
"5113",2024-08-05 11:00:00,"historie",3.95,4.6590245586697,NA,NA,NA
"5114",2024-08-05 12:00:00,"historie",2.83,4.97817813567754,NA,NA,NA
"5115",2024-08-05 13:00:00,"historie",3.49,5.16725380316566,NA,NA,NA
"5116",2024-08-05 14:00:00,"historie",2.38,5.74578193009671,NA,NA,NA
"5117",2024-08-05 15:00:00,"historie",2.42,5.28061955832729,NA,NA,NA
"5118",2024-08-05 16:00:00,"historie",2.1,4.87388238436859,NA,NA,NA
"5119",2024-08-05 17:00:00,"historie",2.03,4.18939427482341,NA,NA,NA
"5120",2024-08-05 18:00:00,"historie",1.87,4.24781505694543,NA,NA,NA
"5121",2024-08-05 19:00:00,"historie",2.49,4.01964427291422,NA,NA,NA
"5122",2024-08-05 20:00:00,"historie",3.9,2.98735361519654,NA,NA,NA
"5123",2024-08-05 21:00:00,"historie",3.21,3.58501136274699,NA,NA,NA
"5124",2024-08-05 22:00:00,"historie",2.58,2.54935727719567,NA,NA,NA
"5125",2024-08-05 23:00:00,"historie",2.76,2.57655413221487,NA,NA,NA
"5126",2024-08-06,"historie",2.39,2.26407955796322,NA,NA,NA
"5127",2024-08-06 01:00:00,"historie",2.57,2.18793985058158,NA,NA,NA
"5128",2024-08-06 02:00:00,"historie",2.28,2.02643579387608,NA,NA,NA
"5129",2024-08-06 03:00:00,"historie",2.16,2.60166661425753,NA,NA,NA
"5130",2024-08-06 04:00:00,"historie",2.33,3.86749349296285,NA,NA,NA
"5131",2024-08-06 05:00:00,"historie",2.35,3.26119033403432,NA,NA,NA
"5132",2024-08-06 06:00:00,"historie",2.54,2.68796886749658,NA,NA,NA
"5133",2024-08-06 07:00:00,"historie",4.51,2.8500086664052,NA,NA,NA
"5134",2024-08-06 08:00:00,"historie",5.67,2.50701862509786,NA,NA,NA
"5135",2024-08-06 09:00:00,"historie",4.89,2.6694665612722,NA,NA,NA
"5136",2024-08-06 10:00:00,"historie",3.97,2.39853336824785,NA,NA,NA
"5137",2024-08-06 11:00:00,"historie",3.16,2.28250496199312,NA,NA,NA
"5138",2024-08-06 12:00:00,"historie",2.95,2.43660346452056,NA,NA,NA
"5139",2024-08-06 13:00:00,"historie",3.05,2.45256319785388,NA,NA,NA
"5140",2024-08-06 14:00:00,"historie",2.64,2.62535495322968,NA,NA,NA
"5141",2024-08-06 15:00:00,"historie",2.76,4.36716800719754,NA,NA,NA
"5142",2024-08-06 16:00:00,"historie",2.61,5.37198499609947,NA,NA,NA
"5143",2024-08-06 17:00:00,"historie",2.89,4.7365157861253,NA,NA,NA
"5144",2024-08-06 18:00:00,"historie",2.66,3.95139236897561,NA,NA,NA
"5145",2024-08-06 19:00:00,"historie",3.32,3.23269363811328,NA,NA,NA
"5146",2024-08-06 20:00:00,"historie",3.36,3.04052458305818,NA,NA,NA
"5147",2024-08-06 21:00:00,"historie",4.43,3.12928417650702,NA,NA,NA
"5148",2024-08-06 22:00:00,"historie",4.63,2.75210010232262,NA,NA,NA
"5149",2024-08-06 23:00:00,"historie",4.65,2.85856811446567,NA,NA,NA
"5150",2024-08-07,"historie",4.85,2.71781413862475,NA,NA,NA
"5151",2024-08-07 01:00:00,"historie",4.68,2.97112853088207,NA,NA,NA
"5152",2024-08-07 02:00:00,"historie",4.03,2.75958495305959,NA,NA,NA
"5153",2024-08-07 03:00:00,"historie",3.5,3.35581937072853,NA,NA,NA
"5154",2024-08-07 04:00:00,"historie",3.68,3.39455990988378,NA,NA,NA
"5155",2024-08-07 05:00:00,"historie",4.37,4.34118139159854,NA,NA,NA
"5156",2024-08-07 06:00:00,"historie",3.95,4.52718875072888,NA,NA,NA
"5157",2024-08-07 07:00:00,"historie",5.63,4.55720880248546,NA,NA,NA
"5158",2024-08-07 08:00:00,"historie",9.66,4.74232393862894,NA,NA,NA
"5159",2024-08-07 09:00:00,"historie",12.87,4.60608621294681,NA,NA,NA
"5160",2024-08-07 10:00:00,"historie",8.49,4.04188283072768,NA,NA,NA
"5161",2024-08-07 11:00:00,"historie",6.22,3.56889540989126,NA,NA,NA
"5162",2024-08-07 12:00:00,"historie",4.51,3.72912249923601,NA,NA,NA
"5163",2024-08-07 13:00:00,"historie",3.81,4.34246052537452,NA,NA,NA
"5164",2024-08-07 14:00:00,"historie",21.21,3.97503550176314,NA,NA,NA
"5165",2024-08-07 15:00:00,"historie",5.7,5.44422709483884,NA,NA,NA
"5166",2024-08-07 16:00:00,"historie",4.72,8.81234030552974,NA,NA,NA
"5167",2024-08-07 17:00:00,"historie",5.36,11.4399099962799,NA,NA,NA
"5168",2024-08-07 18:00:00,"historie",4.11,7.97362099267715,NA,NA,NA
"5169",2024-08-07 19:00:00,"historie",5.54,6.07452329045273,NA,NA,NA
"5170",2024-08-07 20:00:00,"historie",5.86,4.57268655236906,NA,NA,NA
"5171",2024-08-07 21:00:00,"historie",7.38,3.93167258726247,NA,NA,NA
"5172",2024-08-07 22:00:00,"historie",8.92,17.9714935740696,NA,NA,NA
"5173",2024-08-07 23:00:00,"historie",6.24,5.66465266124907,NA,NA,NA
"5174",2024-08-08,"historie",5.94,4.78953434260792,NA,NA,NA
"5175",2024-08-08 01:00:00,"historie",5.89,5.35111557679396,NA,NA,NA
"5176",2024-08-08 02:00:00,"historie",6.34,4.22561131000964,NA,NA,NA
"5177",2024-08-08 03:00:00,"historie",6.57,5.49211981505788,NA,NA,NA
"5178",2024-08-08 04:00:00,"historie",7.79,5.77226852385889,NA,NA,NA
"5179",2024-08-08 05:00:00,"historie",7.2,7.08470154991173,NA,NA,NA
"5180",2024-08-08 06:00:00,"historie",9.06,8.39838188654098,NA,NA,NA
"5181",2024-08-08 07:00:00,"historie",8,6.1376058400711,NA,NA,NA
"5182",2024-08-08 08:00:00,"historie",7.45,5.87619005525359,NA,NA,NA
"5183",2024-08-08 09:00:00,"historie",7.42,5.83100509061192,NA,NA,NA
"5184",2024-08-08 10:00:00,"historie",7.95,6.2227436333267,NA,NA,NA
"5185",2024-08-08 11:00:00,"historie",7.3,6.42458308469902,NA,NA,NA
"5186",2024-08-08 12:00:00,"historie",4.31,7.47607135259423,NA,NA,NA
"5187",2024-08-08 13:00:00,"historie",3.7,6.98403998419191,NA,NA,NA
"5188",2024-08-08 14:00:00,"historie",5.5,8.57051146887044,NA,NA,NA
"5189",2024-08-08 15:00:00,"historie",5.92,7.69484365340687,NA,NA,NA
"5190",2024-08-08 16:00:00,"historie",5.76,7.23337214620541,NA,NA,NA
"5191",2024-08-08 17:00:00,"historie",5.25,7.21201018340795,NA,NA,NA
"5192",2024-08-08 18:00:00,"historie",5.19,7.67092466019336,NA,NA,NA
"5193",2024-08-08 19:00:00,"historie",4.74,7.11904697861085,NA,NA,NA
"5194",2024-08-08 20:00:00,"historie",4.7,4.4627667747479,NA,NA,NA
"5195",2024-08-08 21:00:00,"historie",15.3,3.88344548428549,NA,NA,NA
"5196",2024-08-08 22:00:00,"historie",17.71,5.49480090409704,NA,NA,NA
"5197",2024-08-08 23:00:00,"historie",5.15,5.85993473044502,NA,NA,NA
"5198",2024-08-09,"historie",5.84,5.71785816520718,NA,NA,NA
"5199",2024-08-09 01:00:00,"historie",5.26,5.26441295281592,NA,NA,NA
"5200",2024-08-09 02:00:00,"historie",5.89,5.2055172990159,NA,NA,NA
"5201",2024-08-09 03:00:00,"historie",5.51,4.79842945313729,NA,NA,NA
"5202",2024-08-09 04:00:00,"historie",4.59,4.75507683272872,NA,NA,NA
"5203",2024-08-09 05:00:00,"historie",4.46,13.5219247688968,NA,NA,NA
"5204",2024-08-09 06:00:00,"historie",5.62,15.511040090047,NA,NA,NA
"5205",2024-08-09 07:00:00,"historie",7.13,5.22836093675776,NA,NA,NA
"5206",2024-08-09 08:00:00,"historie",8.76,5.83070353265435,NA,NA,NA
"5207",2024-08-09 09:00:00,"historie",7.51,5.30784794927941,NA,NA,NA
"5208",2024-08-09 10:00:00,"historie",6.66,5.85711187419771,NA,NA,NA
"5209",2024-08-09 11:00:00,"historie",3.86,5.51658553509739,NA,NA,NA
"5210",2024-08-09 12:00:00,"historie",3.03,4.68615615922469,NA,NA,NA
"5211",2024-08-09 13:00:00,"historie",2.84,4.55741956202879,NA,NA,NA
"5212",2024-08-09 14:00:00,"historie",2.5,5.58140175968125,NA,NA,NA
"5213",2024-08-09 15:00:00,"historie",2.58,6.8905920343393,NA,NA,NA
"5214",2024-08-09 16:00:00,"historie",3.05,8.28318162224723,NA,NA,NA
"5215",2024-08-09 17:00:00,"historie",3.13,7.246955248097,NA,NA,NA
"5216",2024-08-09 18:00:00,"historie",3.24,6.52373081667165,NA,NA,NA
"5217",2024-08-09 19:00:00,"historie",2.92,4.02335483121558,NA,NA,NA
"5218",2024-08-09 20:00:00,"historie",3.57,3.23379415395205,NA,NA,NA
"5219",2024-08-09 21:00:00,"historie",4.28,3.03772525599769,NA,NA,NA
"5220",2024-08-09 22:00:00,"historie",4.16,2.69950828319741,NA,NA,NA
"5221",2024-08-09 23:00:00,"historie",3.28,2.76125808233526,NA,NA,NA
"5222",2024-08-10,"historie",4.51,3.18882086287219,NA,NA,NA
"5223",2024-08-10 01:00:00,"historie",4.54,3.2543081658688,NA,NA,NA
"5224",2024-08-10 02:00:00,"historie",2.87,3.34844244765503,NA,NA,NA
"5225",2024-08-10 03:00:00,"historie",3.05,3.04865085090834,NA,NA,NA
"5226",2024-08-10 04:00:00,"historie",2.47,3.63546076597749,NA,NA,NA
"5227",2024-08-10 05:00:00,"historie",2.56,4.26808263943147,NA,NA,NA
"5228",2024-08-10 06:00:00,"historie",2.78,4.16597327217973,NA,NA,NA
"5229",2024-08-10 07:00:00,"historie",2.83,3.37663705219964,NA,NA,NA
"5230",2024-08-10 08:00:00,"historie",2.45,4.47300469359593,NA,NA,NA
"5231",2024-08-10 09:00:00,"historie",2.42,4.50539256416105,NA,NA,NA
"5232",2024-08-10 10:00:00,"historie",2.45,3.00373591022062,NA,NA,NA
"5233",2024-08-10 11:00:00,"historie",2.28,3.16277592631501,NA,NA,NA
"5234",2024-08-10 12:00:00,"historie",1.89,2.61910078590248,NA,NA,NA
"5235",2024-08-10 13:00:00,"historie",1.69,2.69552350323215,NA,NA,NA
"5236",2024-08-10 14:00:00,"historie",1.95,2.89317773829245,NA,NA,NA
"5237",2024-08-10 15:00:00,"historie",1.77,2.9350586539617,NA,NA,NA
"5238",2024-08-10 16:00:00,"historie",1.97,2.57991606454143,NA,NA,NA
"5239",2024-08-10 17:00:00,"historie",1.85,2.54664284381168,NA,NA,NA
"5240",2024-08-10 18:00:00,"historie",2.61,2.56974525928197,NA,NA,NA
"5241",2024-08-10 19:00:00,"historie",3.89,2.40723124822965,NA,NA,NA
"5242",2024-08-10 20:00:00,"historie",5.11,2.03446137978827,NA,NA,NA
"5243",2024-08-10 21:00:00,"historie",5.24,1.83673544864122,NA,NA,NA
"5244",2024-08-10 22:00:00,"historie",3.94,2.07788614446889,NA,NA,NA
"5245",2024-08-10 23:00:00,"historie",3.54,1.90304738627349,NA,NA,NA
"5246",2024-08-11,"historie",3.61,2.08733214398455,NA,NA,NA
"5247",2024-08-11 01:00:00,"historie",3.08,1.97146305948571,NA,NA,NA
"5248",2024-08-11 02:00:00,"historie",3.08,2.67047361010004,NA,NA,NA
"5249",2024-08-11 03:00:00,"historie",3.03,3.8082959478028,NA,NA,NA
"5250",2024-08-11 04:00:00,"historie",3.24,4.86949030572345,NA,NA,NA
"5251",2024-08-11 05:00:00,"historie",3.13,5.00654595303385,NA,NA,NA
"5252",2024-08-11 06:00:00,"historie",3.18,3.90757055793211,NA,NA,NA
"5253",2024-08-11 07:00:00,"historie",2.97,3.56175140177063,NA,NA,NA
"5254",2024-08-11 08:00:00,"historie",4.32,3.62842581976713,NA,NA,NA
"5255",2024-08-11 09:00:00,"historie",4.21,3.15567097461349,NA,NA,NA
"5256",2024-08-11 10:00:00,"historie",5.08,3.15522690187427,NA,NA,NA
"5257",2024-08-11 11:00:00,"historie",4.32,3.10939042633205,NA,NA,NA
"5258",2024-08-11 12:00:00,"historie",6.45,3.29899052203313,NA,NA,NA
"5259",2024-08-11 13:00:00,"historie",4.05,3.20045458354513,NA,NA,NA
"5260",2024-08-11 14:00:00,"historie",3.79,3.24577637885793,NA,NA,NA
"5261",2024-08-11 15:00:00,"historie",3.76,3.05538656713542,NA,NA,NA
"5262",2024-08-11 16:00:00,"historie",3.79,4.25775339503071,NA,NA,NA
"5263",2024-08-11 17:00:00,"historie",3.46,4.17168138347446,NA,NA,NA
"5264",2024-08-11 18:00:00,"historie",3.92,4.9373800696417,NA,NA,NA
"5265",2024-08-11 19:00:00,"historie",4.27,4.28988767747245,NA,NA,NA
"5266",2024-08-11 20:00:00,"historie",4.33,6.12995573259073,NA,NA,NA
"5267",2024-08-11 21:00:00,"historie",4.68,4.07507799723859,NA,NA,NA
"5268",2024-08-11 22:00:00,"historie",5.33,3.84351571486548,NA,NA,NA
"5269",2024-08-11 23:00:00,"historie",6,3.81574965468688,NA,NA,NA
"5270",2024-08-12,"historie",4.54,3.84182465740126,NA,NA,NA
"5271",2024-08-12 01:00:00,"historie",3.56,3.54319148741836,NA,NA,NA
"5272",2024-08-12 02:00:00,"historie",2.9,3.9546817291429,NA,NA,NA
"5273",2024-08-12 03:00:00,"historie",2.76,4.26719310140009,NA,NA,NA
"5274",2024-08-12 04:00:00,"historie",3.08,4.32393473515642,NA,NA,NA
"5275",2024-08-12 05:00:00,"historie",3.11,4.63634911761299,NA,NA,NA
"5276",2024-08-12 06:00:00,"historie",2.97,5.20989196890615,NA,NA,NA
"5277",2024-08-12 07:00:00,"historie",5.36,5.79893531110381,NA,NA,NA
"5278",2024-08-12 08:00:00,"historie",7.77,4.54119233700368,NA,NA,NA
"5279",2024-08-12 09:00:00,"historie",5.21,3.66165460592282,NA,NA,NA
"5280",2024-08-12 10:00:00,"historie",5.36,3.04830818629604,NA,NA,NA
"5281",2024-08-12 11:00:00,"historie",5.19,2.90914344604717,NA,NA,NA
"5282",2024-08-12 12:00:00,"historie",4.36,3.19713471609633,NA,NA,NA
"5283",2024-08-12 13:00:00,"historie",3.43,3.2192601971637,NA,NA,NA
"5284",2024-08-12 14:00:00,"historie",3.9,3.08606218014075,NA,NA,NA
"5285",2024-08-12 15:00:00,"historie",4.32,5.20077082090161,NA,NA,NA
"5286",2024-08-12 16:00:00,"historie",3.51,7.25032836013599,NA,NA,NA
"5287",2024-08-12 17:00:00,"historie",3.38,5.11441377079697,NA,NA,NA
"5288",2024-08-12 18:00:00,"historie",3.85,5.25404601481556,NA,NA,NA
"5289",2024-08-12 19:00:00,"historie",4.57,5.11503704490551,NA,NA,NA
"5290",2024-08-12 20:00:00,"historie",5.79,4.38846802703698,NA,NA,NA
"5291",2024-08-12 21:00:00,"historie",7.24,3.54702117958725,NA,NA,NA
"5292",2024-08-12 22:00:00,"historie",5.46,3.9671786812962,NA,NA,NA
"5293",2024-08-12 23:00:00,"historie",4.65,4.34063817273483,NA,NA,NA
"5294",2024-08-13,"historie",4.34,3.61121581920327,NA,NA,NA
"5295",2024-08-13 01:00:00,"historie",3.92,3.48738158594057,NA,NA,NA
"5296",2024-08-13 02:00:00,"historie",4.71,3.90813542671542,NA,NA,NA
"5297",2024-08-13 03:00:00,"historie",4.41,4.54805143325426,NA,NA,NA
"5298",2024-08-13 04:00:00,"historie",5.72,5.61507403615905,NA,NA,NA
"5299",2024-08-13 05:00:00,"historie",5.86,6.86348901595852,NA,NA,NA
"5300",2024-08-13 06:00:00,"historie",5.95,5.36538483139451,NA,NA,NA
"5301",2024-08-13 07:00:00,"historie",6.13,4.65967304957047,NA,NA,NA
"5302",2024-08-13 08:00:00,"historie",20.82,4.38315890714927,NA,NA,NA
"5303",2024-08-13 09:00:00,"historie",11.03,4.00285700307459,NA,NA,NA
"5304",2024-08-13 10:00:00,"historie",6.6,4.70483823163361,NA,NA,NA
"5305",2024-08-13 11:00:00,"historie",6,4.43952901363705,NA,NA,NA
"5306",2024-08-13 12:00:00,"historie",5.97,5.58984358151802,NA,NA,NA
"5307",2024-08-13 13:00:00,"historie",5.36,5.72099458686294,NA,NA,NA
"5308",2024-08-13 14:00:00,"historie",3.82,5.80880208542725,NA,NA,NA
"5309",2024-08-13 15:00:00,"historie",3.92,5.97402975165388,NA,NA,NA
"5310",2024-08-13 16:00:00,"historie",3.53,17.6938698761962,NA,NA,NA
"5311",2024-08-13 17:00:00,"historie",4.18,10.1804974308936,NA,NA,NA
"5312",2024-08-13 18:00:00,"historie",4.41,6.48601168467611,NA,NA,NA
"5313",2024-08-13 19:00:00,"historie",5.13,5.96125819380635,NA,NA,NA
"5314",2024-08-13 20:00:00,"historie",5.88,5.93136282522428,NA,NA,NA
"5315",2024-08-13 21:00:00,"historie",6.32,5.3878109907146,NA,NA,NA
"5316",2024-08-13 22:00:00,"historie",5.4,3.98497460841048,NA,NA,NA
"5317",2024-08-13 23:00:00,"historie",4.53,4.06250344610735,NA,NA,NA
"5318",2024-08-14,"historie",4.82,3.69093793067018,NA,NA,NA
"5319",2024-08-14 01:00:00,"historie",4.53,4.27305779649426,NA,NA,NA
"5320",2024-08-14 02:00:00,"historie",4.29,4.47315294028659,NA,NA,NA
"5321",2024-08-14 03:00:00,"historie",4.82,5.10934034881968,NA,NA,NA
"5322",2024-08-14 04:00:00,"historie",4.89,5.76732361863721,NA,NA,NA
"5323",2024-08-14 05:00:00,"historie",5.16,6.15548128299528,NA,NA,NA
"5324",2024-08-14 06:00:00,"historie",6.42,5.36233646128206,NA,NA,NA
"5325",2024-08-14 07:00:00,"historie",8.76,4.58972207592786,NA,NA,NA
"5326",2024-08-14 08:00:00,"historie",7.55,4.8437869925295,NA,NA,NA
"5327",2024-08-14 09:00:00,"historie",6.16,4.58201837589278,NA,NA,NA
"5328",2024-08-14 10:00:00,"historie",5.26,4.36204839391546,NA,NA,NA
"5329",2024-08-14 11:00:00,"historie",5.05,4.83077610355081,NA,NA,NA
"5330",2024-08-14 12:00:00,"historie",5,4.89195001272491,NA,NA,NA
"5331",2024-08-14 13:00:00,"historie",6.65,5.13037150166146,NA,NA,NA
"5332",2024-08-14 14:00:00,"historie",8.26,6.2291728991222,NA,NA,NA
"5333",2024-08-14 15:00:00,"historie",5.24,8.22133645762197,NA,NA,NA
"5334",2024-08-14 16:00:00,"historie",5.16,7.23507810801537,NA,NA,NA
"5335",2024-08-14 17:00:00,"historie",5.08,6.05534105432763,NA,NA,NA
"5336",2024-08-14 18:00:00,"historie",5.37,5.26718052536016,NA,NA,NA
"5337",2024-08-14 19:00:00,"historie",6.92,5.07700554335607,NA,NA,NA
"5338",2024-08-14 20:00:00,"historie",8.05,5.02803406068162,NA,NA,NA
"5339",2024-08-14 21:00:00,"historie",6.42,6.46921174056894,NA,NA,NA
"5340",2024-08-14 22:00:00,"historie",6.37,7.85135358300592,NA,NA,NA
"5341",2024-08-14 23:00:00,"historie",5.82,5.25930364830822,NA,NA,NA
"5342",2024-08-15,"historie",6.11,5.1833879564818,NA,NA,NA
"5343",2024-08-15 01:00:00,"historie",6.05,5.10746883370342,NA,NA,NA
"5344",2024-08-15 02:00:00,"historie",6.51,5.36032712013193,NA,NA,NA
"5345",2024-08-15 03:00:00,"historie",8.62,6.70931662432647,NA,NA,NA
"5346",2024-08-15 04:00:00,"historie",8.3,7.68424625854756,NA,NA,NA
"5347",2024-08-15 05:00:00,"historie",7.23,6.30319324922844,NA,NA,NA
"5348",2024-08-15 06:00:00,"historie",7.15,6.26281546589154,NA,NA,NA
"5349",2024-08-15 07:00:00,"historie",8.97,5.78316735568527,NA,NA,NA
"5350",2024-08-15 08:00:00,"historie",8.03,6.03596817953216,NA,NA,NA
"5351",2024-08-15 09:00:00,"historie",5.21,5.98382574906126,NA,NA,NA
"5352",2024-08-15 10:00:00,"historie",4.45,6.38550004557373,NA,NA,NA
"5353",2024-08-15 11:00:00,"historie",4.16,8.19481064353932,NA,NA,NA
"5354",2024-08-15 12:00:00,"historie",4.97,7.94487826774286,NA,NA,NA
"5355",2024-08-15 13:00:00,"historie",4.85,7.04363787853621,NA,NA,NA
"5356",2024-08-15 14:00:00,"historie",2.89,6.9793973816861,NA,NA,NA
"5357",2024-08-15 15:00:00,"historie",3.14,8.5383866974127,NA,NA,NA
"5358",2024-08-15 16:00:00,"historie",3.89,7.75686194023522,NA,NA,NA
"5359",2024-08-15 17:00:00,"historie",3.86,5.29134236838358,NA,NA,NA
"5360",2024-08-15 18:00:00,"historie",4.49,4.5904813419774,NA,NA,NA
"5361",2024-08-15 19:00:00,"historie",5.31,4.3105289434269,NA,NA,NA
"5362",2024-08-15 20:00:00,"historie",6.62,5.03051325769133,NA,NA,NA
"5363",2024-08-15 21:00:00,"historie",5.76,4.91504262597423,NA,NA,NA
"5364",2024-08-15 22:00:00,"historie",5.24,3.10095820377257,NA,NA,NA
"5365",2024-08-15 23:00:00,"historie",5.29,3.32034966729681,NA,NA,NA
"5366",2024-08-16,"historie",5.71,3.99897925506839,NA,NA,NA
"5367",2024-08-16 01:00:00,"historie",5.92,3.96423875026905,NA,NA,NA
"5368",2024-08-16 02:00:00,"historie",5.69,4.5252757387262,NA,NA,NA
"5369",2024-08-16 03:00:00,"historie",5.78,5.24910122074994,NA,NA,NA
"5370",2024-08-16 04:00:00,"historie",4.89,6.38859778781147,NA,NA,NA
"5371",2024-08-16 05:00:00,"historie",5.53,5.66099450007791,NA,NA,NA
"5372",2024-08-16 06:00:00,"historie",5.82,5.21135194822603,NA,NA,NA
"5373",2024-08-16 07:00:00,"historie",5.95,5.25694717823321,NA,NA,NA
"5374",2024-08-16 08:00:00,"historie",7,5.62724801733534,NA,NA,NA
"5375",2024-08-16 09:00:00,"historie",7.03,5.81536338529423,NA,NA,NA
"5376",2024-08-16 10:00:00,"historie",7.46,5.62033716876319,NA,NA,NA
"5377",2024-08-16 11:00:00,"historie",4.47,5.70253681496338,NA,NA,NA
"5378",2024-08-16 12:00:00,"historie",2.97,4.9199507644823,NA,NA,NA
"5379",2024-08-16 13:00:00,"historie",3.2,5.4831546298636,NA,NA,NA
"5380",2024-08-16 14:00:00,"historie",2.87,5.73924315001946,NA,NA,NA
"5381",2024-08-16 15:00:00,"historie",2.92,5.85668712822193,NA,NA,NA
"5382",2024-08-16 16:00:00,"historie",3.05,6.76957679388896,NA,NA,NA
"5383",2024-08-16 17:00:00,"historie",3.33,6.8080378305167,NA,NA,NA
"5384",2024-08-16 18:00:00,"historie",4.05,7.18805897556228,NA,NA,NA
"5385",2024-08-16 19:00:00,"historie",6.25,4.57319273140966,NA,NA,NA
"5386",2024-08-16 20:00:00,"historie",4.97,3.17587080405582,NA,NA,NA
"5387",2024-08-16 21:00:00,"historie",4.89,3.37637308913434,NA,NA,NA
"5388",2024-08-16 22:00:00,"historie",4.85,3.05428379503675,NA,NA,NA
"5389",2024-08-16 23:00:00,"historie",4.97,3.08872981662851,NA,NA,NA
"5390",2024-08-17,"historie",5.66,3.19925386549719,NA,NA,NA
"5391",2024-08-17 01:00:00,"historie",4.53,3.44899789376996,NA,NA,NA
"5392",2024-08-17 02:00:00,"historie",5.34,4.09564481654302,NA,NA,NA
"5393",2024-08-17 03:00:00,"historie",4.41,6.01689358343323,NA,NA,NA
"5394",2024-08-17 04:00:00,"historie",4.97,4.92621814891023,NA,NA,NA
"5395",2024-08-17 05:00:00,"historie",4.26,4.86115730910771,NA,NA,NA
"5396",2024-08-17 06:00:00,"historie",4.21,4.82993844037942,NA,NA,NA
"5397",2024-08-17 07:00:00,"historie",6.51,4.93909617369719,NA,NA,NA
"5398",2024-08-17 08:00:00,"historie",5.72,5.5468564702966,NA,NA,NA
"5399",2024-08-17 09:00:00,"historie",5.87,4.56044684208789,NA,NA,NA
"5400",2024-08-17 10:00:00,"historie",3.54,5.27550104221579,NA,NA,NA
"5401",2024-08-17 11:00:00,"historie",3.2,4.45690023809452,NA,NA,NA
"5402",2024-08-17 12:00:00,"historie",2.76,4.95275499966923,NA,NA,NA
"5403",2024-08-17 13:00:00,"historie",2.64,4.32196906535055,NA,NA,NA
"5404",2024-08-17 14:00:00,"historie",2.53,4.27373962761901,NA,NA,NA
"5405",2024-08-17 15:00:00,"historie",2.51,6.2853557085562,NA,NA,NA
"5406",2024-08-17 16:00:00,"historie",2.38,5.61874192670332,NA,NA,NA
"5407",2024-08-17 17:00:00,"historie",2.64,5.7567521196853,NA,NA,NA
"5408",2024-08-17 18:00:00,"historie",2.84,3.68144490347857,NA,NA,NA
"5409",2024-08-17 19:00:00,"historie",3,3.35747102834168,NA,NA,NA
"5410",2024-08-17 20:00:00,"historie",3.49,2.93590181187312,NA,NA,NA
"5411",2024-08-17 21:00:00,"historie",2.86,2.81188568635985,NA,NA,NA
"5412",2024-08-17 22:00:00,"historie",3.61,2.69798643111517,NA,NA,NA
"5413",2024-08-17 23:00:00,"historie",4.94,2.6697512775957,NA,NA,NA
"5414",2024-08-18,"historie",4.68,2.53886877806767,NA,NA,NA
"5415",2024-08-18 01:00:00,"historie",5.85,2.77465069676982,NA,NA,NA
"5416",2024-08-18 02:00:00,"historie",6.22,2.95444440721988,NA,NA,NA
"5417",2024-08-18 03:00:00,"historie",6.26,3.09792277388479,NA,NA,NA
"5418",2024-08-18 04:00:00,"historie",6.25,3.54045528147443,NA,NA,NA
"5419",2024-08-18 05:00:00,"historie",6.86,2.969286109456,NA,NA,NA
"5420",2024-08-18 06:00:00,"historie",7.06,3.64678894067307,NA,NA,NA
"5421",2024-08-18 07:00:00,"historie",8.03,4.82034980118284,NA,NA,NA
"5422",2024-08-18 08:00:00,"historie",8.97,4.60906096613822,NA,NA,NA
"5423",2024-08-18 09:00:00,"historie",8.24,5.6305785070289,NA,NA,NA
"5424",2024-08-18 10:00:00,"historie",6.56,5.96733454613813,NA,NA,NA
"5425",2024-08-18 11:00:00,"historie",6.2,6.02366823688124,NA,NA,NA
"5426",2024-08-18 12:00:00,"historie",5.28,6.03504825494139,NA,NA,NA
"5427",2024-08-18 13:00:00,"historie",4.59,6.57348560913914,NA,NA,NA
"5428",2024-08-18 14:00:00,"historie",4.64,6.76494047847082,NA,NA,NA
"5429",2024-08-18 15:00:00,"historie",5.67,7.60609720624993,NA,NA,NA
"5430",2024-08-18 16:00:00,"historie",5.62,8.42108612907506,NA,NA,NA
"5431",2024-08-18 17:00:00,"historie",3.82,7.84193678938552,NA,NA,NA
"5432",2024-08-18 18:00:00,"historie",3.49,6.42504804119455,NA,NA,NA
"5433",2024-08-18 19:00:00,"historie",4.84,6.11653093464913,NA,NA,NA
"5434",2024-08-18 20:00:00,"historie",6.32,5.30627244196297,NA,NA,NA
"5435",2024-08-18 21:00:00,"historie",7.05,4.68233061023713,NA,NA,NA
"5436",2024-08-18 22:00:00,"historie",7.92,4.71880532009181,NA,NA,NA
"5437",2024-08-18 23:00:00,"historie",8.62,5.6281137707507,NA,NA,NA
"5438",2024-08-19,"historie",3.84,5.58491305344819,NA,NA,NA
"5439",2024-08-19 01:00:00,"historie",1.84,3.96619616366604,NA,NA,NA
"5440",2024-08-19 02:00:00,"historie",2.16,3.65056358043548,NA,NA,NA
"5441",2024-08-19 03:00:00,"historie",1.17,4.86318839523722,NA,NA,NA
"5442",2024-08-19 04:00:00,"historie",0.86,6.15919929598175,NA,NA,NA
"5443",2024-08-19 05:00:00,"historie",2.13,6.79767436071352,NA,NA,NA
"5444",2024-08-19 06:00:00,"historie",3.33,7.55398645616382,NA,NA,NA
"5445",2024-08-19 07:00:00,"historie",3.14,8.16676744771224,NA,NA,NA
"5446",2024-08-19 08:00:00,"historie",3.7,3.99992959113519,NA,NA,NA
"5447",2024-08-19 09:00:00,"historie",2.64,2.07655594766822,NA,NA,NA
"5448",2024-08-19 10:00:00,"historie",2.69,2.37397584975102,NA,NA,NA
"5449",2024-08-19 11:00:00,"historie",3.36,1.37005140233608,NA,NA,NA
"5450",2024-08-19 12:00:00,"historie",3.44,1.03251414420112,NA,NA,NA
"5451",2024-08-19 13:00:00,"historie",3.67,2.28228718340519,NA,NA,NA
"5452",2024-08-19 14:00:00,"historie",3.36,3.38216953786324,NA,NA,NA
"5453",2024-08-19 15:00:00,"historie",3.32,3.21311222789422,NA,NA,NA
"5454",2024-08-19 16:00:00,"historie",2.88,3.71742079452009,NA,NA,NA
"5455",2024-08-19 17:00:00,"historie",2.95,2.75991338966669,NA,NA,NA
"5456",2024-08-19 18:00:00,"historie",3.25,2.80277659738174,NA,NA,NA
"5457",2024-08-19 19:00:00,"historie",3.66,3.41055205796582,NA,NA,NA
"5458",2024-08-19 20:00:00,"historie",4.53,3.48538910056283,NA,NA,NA
"5459",2024-08-19 21:00:00,"historie",4.45,3.69463111682443,NA,NA,NA
"5460",2024-08-19 22:00:00,"historie",4.45,3.42095006122316,NA,NA,NA
"5461",2024-08-19 23:00:00,"historie",3.94,3.3864173608104,NA,NA,NA
"5462",2024-08-20,"historie",3.92,2.98630912445242,NA,NA,NA
"5463",2024-08-20 01:00:00,"historie",4.21,3.04823247818017,NA,NA,NA
"5464",2024-08-20 02:00:00,"historie",4.63,3.31992464620937,NA,NA,NA
"5465",2024-08-20 03:00:00,"historie",4.72,3.68981578723474,NA,NA,NA
"5466",2024-08-20 04:00:00,"historie",4.59,4.46294629923257,NA,NA,NA
"5467",2024-08-20 05:00:00,"historie",4.59,4.40439478888481,NA,NA,NA
"5468",2024-08-20 06:00:00,"historie",4.68,4.41384119813716,NA,NA,NA
"5469",2024-08-20 07:00:00,"historie",6.22,3.96972737651215,NA,NA,NA
"5470",2024-08-20 08:00:00,"historie",6.54,3.95479823939493,NA,NA,NA
"5471",2024-08-20 09:00:00,"historie",11.37,4.21575744731571,NA,NA,NA
"5472",2024-08-20 10:00:00,"historie",10.33,4.59156782680495,NA,NA,NA
"5473",2024-08-20 11:00:00,"historie",6.28,4.67834674198636,NA,NA,NA
"5474",2024-08-20 12:00:00,"historie",5,4.57120217583699,NA,NA,NA
"5475",2024-08-20 13:00:00,"historie",3.77,4.57665775674393,NA,NA,NA
"5476",2024-08-20 14:00:00,"historie",3.56,4.66102077083027,NA,NA,NA
"5477",2024-08-20 15:00:00,"historie",2.88,6.00464532371473,NA,NA,NA
"5478",2024-08-20 16:00:00,"historie",3.07,6.29698681623668,NA,NA,NA
"5479",2024-08-20 17:00:00,"historie",2.82,10.3139032640216,NA,NA,NA
"5480",2024-08-20 18:00:00,"historie",3.12,9.53757661965436,NA,NA,NA
"5481",2024-08-20 19:00:00,"historie",3.84,6.16698495261708,NA,NA,NA
"5482",2024-08-20 20:00:00,"historie",4.42,5.0430369637024,NA,NA,NA
"5483",2024-08-20 21:00:00,"historie",4.58,3.92253417960146,NA,NA,NA
"5484",2024-08-20 22:00:00,"historie",5,3.71738993963578,NA,NA,NA
"5485",2024-08-20 23:00:00,"historie",4.82,3.07132352101009,NA,NA,NA
"5486",2024-08-21,"historie",5.15,3.23677859393222,NA,NA,NA
"5487",2024-08-21 01:00:00,"historie",5.95,2.99241102768675,NA,NA,NA
"5488",2024-08-21 02:00:00,"historie",7.15,3.26185270831946,NA,NA,NA
"5489",2024-08-21 03:00:00,"historie",6.77,3.91242337941319,NA,NA,NA
"5490",2024-08-21 04:00:00,"historie",6.97,4.43027652240634,NA,NA,NA
"5491",2024-08-21 05:00:00,"historie",6.97,4.5753015253155,NA,NA,NA
"5492",2024-08-21 06:00:00,"historie",6.43,4.94972781400646,NA,NA,NA
"5493",2024-08-21 07:00:00,"historie",7.09,4.79818336332168,NA,NA,NA
"5494",2024-08-21 08:00:00,"historie",7.83,5.09328964281411,NA,NA,NA
"5495",2024-08-21 09:00:00,"historie",5.72,5.79676122157795,NA,NA,NA
"5496",2024-08-21 10:00:00,"historie",5.05,6.83773736442046,NA,NA,NA
"5497",2024-08-21 11:00:00,"historie",5.05,6.53638780431072,NA,NA,NA
"5498",2024-08-21 12:00:00,"historie",5.1,6.72432985734298,NA,NA,NA
"5499",2024-08-21 13:00:00,"historie",3.87,6.74075771360795,NA,NA,NA
"5500",2024-08-21 14:00:00,"historie",3.15,6.28906420274827,NA,NA,NA
"5501",2024-08-21 15:00:00,"historie",2.63,6.86701256920385,NA,NA,NA
"5502",2024-08-21 16:00:00,"historie",2.12,7.512794059249,NA,NA,NA
"5503",2024-08-21 17:00:00,"historie",2.39,5.70055633533917,NA,NA,NA
"5504",2024-08-21 18:00:00,"historie",2.42,5.10305341338173,NA,NA,NA
"5505",2024-08-21 19:00:00,"historie",3.29,5.09715652260617,NA,NA,NA
"5506",2024-08-21 20:00:00,"historie",5.38,5.1366796918442,NA,NA,NA
"5507",2024-08-21 21:00:00,"historie",4.92,4.0184098768508,NA,NA,NA
"5508",2024-08-21 22:00:00,"historie",3.13,3.33875341423028,NA,NA,NA
"5509",2024-08-21 23:00:00,"historie",2.91,2.83394288057067,NA,NA,NA
"5510",2024-08-22,"historie",3.21,2.32965439650155,NA,NA,NA
"5511",2024-08-22 01:00:00,"historie",3.74,2.57587474574522,NA,NA,NA
"5512",2024-08-22 02:00:00,"historie",3.82,2.5935803706185,NA,NA,NA
"5513",2024-08-22 03:00:00,"historie",3.92,3.3931447754497,NA,NA,NA
"5514",2024-08-22 04:00:00,"historie",3.82,5.24334330887649,NA,NA,NA
"5515",2024-08-22 05:00:00,"historie",3.72,4.85795388482867,NA,NA,NA
"5516",2024-08-22 06:00:00,"historie",4.26,3.25920762359246,NA,NA,NA
"5517",2024-08-22 07:00:00,"historie",4.5,3.05002795591508,NA,NA,NA
"5518",2024-08-22 08:00:00,"historie",5.66,3.32047040564103,NA,NA,NA
"5519",2024-08-22 09:00:00,"historie",7.15,3.79826717558979,NA,NA,NA
"5520",2024-08-22 10:00:00,"historie",5.16,3.87104353329664,NA,NA,NA
"5521",2024-08-22 11:00:00,"historie",4.18,3.96213637794949,NA,NA,NA
"5522",2024-08-22 12:00:00,"historie",3.58,3.87431649217381,NA,NA,NA
"5523",2024-08-22 13:00:00,"historie",3.2,3.7851881387921,NA,NA,NA
"5524",2024-08-22 14:00:00,"historie",3.05,4.26866444417057,NA,NA,NA
"5525",2024-08-22 15:00:00,"historie",2.88,4.48585157468441,NA,NA,NA
"5526",2024-08-22 16:00:00,"historie",3.47,5.50467368734999,NA,NA,NA
"5527",2024-08-22 17:00:00,"historie",2.6,6.79145721003112,NA,NA,NA
"5528",2024-08-22 18:00:00,"historie",2.29,5.10749098271976,NA,NA,NA
"5529",2024-08-22 19:00:00,"historie",3.65,4.24293324491443,NA,NA,NA
"5530",2024-08-22 20:00:00,"historie",5.68,3.69670264087908,NA,NA,NA
"5531",2024-08-22 21:00:00,"historie",4.53,3.3415042046255,NA,NA,NA
"5532",2024-08-22 22:00:00,"historie",4.31,3.19530223976248,NA,NA,NA
"5533",2024-08-22 23:00:00,"historie",4.06,3.03002473827383,NA,NA,NA
"5534",2024-08-23,"historie",3.92,3.56587249646507,NA,NA,NA
"5535",2024-08-23 01:00:00,"historie",3.6,2.75869523111039,NA,NA,NA
"5536",2024-08-23 02:00:00,"historie",5.18,2.4581462759507,NA,NA,NA
"5537",2024-08-23 03:00:00,"historie",6.75,3.70384643079808,NA,NA,NA
"5538",2024-08-23 04:00:00,"historie",4.89,5.48485481569841,NA,NA,NA
"5539",2024-08-23 05:00:00,"historie",3.85,4.50480390196168,NA,NA,NA
"5540",2024-08-23 06:00:00,"historie",3.89,4.31718194757409,NA,NA,NA
"5541",2024-08-23 07:00:00,"historie",7.42,4.09863785050659,NA,NA,NA
"5542",2024-08-23 08:00:00,"historie",11.16,3.97492015170588,NA,NA,NA
"5543",2024-08-23 09:00:00,"historie",11.7,3.68638269050426,NA,NA,NA
"5544",2024-08-23 10:00:00,"historie",6.89,5.08745483728709,NA,NA,NA
"5545",2024-08-23 11:00:00,"historie",5.25,6.44809934705591,NA,NA,NA
"5546",2024-08-23 12:00:00,"historie",5.89,4.86435284302054,NA,NA,NA
"5547",2024-08-23 13:00:00,"historie",5.58,3.93925985084968,NA,NA,NA
"5548",2024-08-23 14:00:00,"historie",5.84,3.97221868338223,NA,NA,NA
"5549",2024-08-23 15:00:00,"historie",10.38,7.03754845306804,NA,NA,NA
"5550",2024-08-23 16:00:00,"historie",13.95,10.1492870071628,NA,NA,NA
"5551",2024-08-23 17:00:00,"historie",13.46,10.6553717875809,NA,NA,NA
"5552",2024-08-23 18:00:00,"historie",14.08,6.70490975420861,NA,NA,NA
"5553",2024-08-23 19:00:00,"historie",10.87,5.2770777451556,NA,NA,NA
"5554",2024-08-23 20:00:00,"historie",12.54,5.83991625889918,NA,NA,NA
"5555",2024-08-23 21:00:00,"historie",11.82,5.56817568987776,NA,NA,NA
"5556",2024-08-23 22:00:00,"historie",10.13,5.7967813260083,NA,NA,NA
"5557",2024-08-23 23:00:00,"historie",9.57,9.65509902873903,NA,NA,NA
"5558",2024-08-24,"historie",9.61,12.6045742898828,NA,NA,NA
"5559",2024-08-24 01:00:00,"historie",9.15,12.2862769459274,NA,NA,NA
"5560",2024-08-24 02:00:00,"historie",10.5,12.852287340598,NA,NA,NA
"5561",2024-08-24 03:00:00,"historie",8.65,10.2667916559717,NA,NA,NA
"5562",2024-08-24 04:00:00,"historie",7.34,11.6806566920801,NA,NA,NA
"5563",2024-08-24 05:00:00,"historie",8.07,11.1182503907016,NA,NA,NA
"5564",2024-08-24 06:00:00,"historie",7.24,9.71865299763344,NA,NA,NA
"5565",2024-08-24 07:00:00,"historie",6.1,9.24851255321511,NA,NA,NA
"5566",2024-08-24 08:00:00,"historie",8.79,9.28569811422726,NA,NA,NA
"5567",2024-08-24 09:00:00,"historie",8.62,8.8932516243223,NA,NA,NA
"5568",2024-08-24 10:00:00,"historie",11.76,10.0465115008196,NA,NA,NA
"5569",2024-08-24 11:00:00,"historie",11.85,8.46822465598877,NA,NA,NA
"5570",2024-08-24 12:00:00,"historie",8.1,7.31626204845678,NA,NA,NA
"5571",2024-08-24 13:00:00,"historie",7.49,7.94395694014466,NA,NA,NA
"5572",2024-08-24 14:00:00,"historie",7.69,7.20911695973764,NA,NA,NA
"5573",2024-08-24 15:00:00,"historie",6.23,6.18356207853358,NA,NA,NA
"5574",2024-08-24 16:00:00,"historie",6.85,8.52665747330687,NA,NA,NA
"5575",2024-08-24 17:00:00,"historie",7.15,8.38384287428054,NA,NA,NA
"5576",2024-08-24 18:00:00,"historie",7.38,11.0447269008147,NA,NA,NA
"5577",2024-08-24 19:00:00,"historie",10.72,11.1476729628521,NA,NA,NA
"5578",2024-08-24 20:00:00,"historie",9.26,7.97371876299941,NA,NA,NA
"5579",2024-08-24 21:00:00,"historie",10.28,7.43266348832239,NA,NA,NA
"5580",2024-08-24 22:00:00,"historie",11.47,7.59832846931557,NA,NA,NA
"5581",2024-08-24 23:00:00,"historie",13.31,6.29832783827706,NA,NA,NA
"5582",2024-08-25,"historie",12.13,6.83459008883491,NA,NA,NA
"5583",2024-08-25 01:00:00,"historie",11.33,7.08939364616846,NA,NA,NA
"5584",2024-08-25 02:00:00,"historie",10.66,7.28461479241745,NA,NA,NA
"5585",2024-08-25 03:00:00,"historie",10.76,10.137424887878,NA,NA,NA
"5586",2024-08-25 04:00:00,"historie",11.16,8.92371943424684,NA,NA,NA
"5587",2024-08-25 05:00:00,"historie",11.67,9.79909152281912,NA,NA,NA
"5588",2024-08-25 06:00:00,"historie",12.38,10.815724817229,NA,NA,NA
"5589",2024-08-25 07:00:00,"historie",14.92,12.3682575669224,NA,NA,NA
"5590",2024-08-25 08:00:00,"historie",13.15,11.4257649763686,NA,NA,NA
"5591",2024-08-25 09:00:00,"historie",7.03,10.7764280261491,NA,NA,NA
"5592",2024-08-25 10:00:00,"historie",4.13,10.2220664151886,NA,NA,NA
"5593",2024-08-25 11:00:00,"historie",2.49,10.3135550325777,NA,NA,NA
"5594",2024-08-25 12:00:00,"historie",2.62,10.6594662054518,NA,NA,NA
"5595",2024-08-25 13:00:00,"historie",2.81,11.0994138660034,NA,NA,NA
"5596",2024-08-25 14:00:00,"historie",2.7,11.7085148913067,NA,NA,NA
"5597",2024-08-25 15:00:00,"historie",2.97,13.8343689461737,NA,NA,NA
"5598",2024-08-25 16:00:00,"historie",3.58,12.4010236927872,NA,NA,NA
"5599",2024-08-25 17:00:00,"historie",3.79,7.12670463002799,NA,NA,NA
"5600",2024-08-25 18:00:00,"historie",3.44,4.43145238790639,NA,NA,NA
"5601",2024-08-25 19:00:00,"historie",3.63,2.80963118802199,NA,NA,NA
"5602",2024-08-25 20:00:00,"historie",4.22,2.91028762891765,NA,NA,NA
"5603",2024-08-25 21:00:00,"historie",4.21,3.07100860313974,NA,NA,NA
"5604",2024-08-25 22:00:00,"historie",4.32,2.94416556634753,NA,NA,NA
"5605",2024-08-25 23:00:00,"historie",3.66,3.18387720845492,NA,NA,NA
"5606",2024-08-26,"historie",2.97,3.739590711844,NA,NA,NA
"5607",2024-08-26 01:00:00,"historie",2.9,3.92255837315607,NA,NA,NA
"5608",2024-08-26 02:00:00,"historie",3,3.59241199726797,NA,NA,NA
"5609",2024-08-26 03:00:00,"historie",3.08,3.75847502362254,NA,NA,NA
"5610",2024-08-26 04:00:00,"historie",3.44,4.28781491666706,NA,NA,NA
"5611",2024-08-26 05:00:00,"historie",3.51,4.27697055365311,NA,NA,NA
"5612",2024-08-26 06:00:00,"historie",3.75,4.37419869614208,NA,NA,NA
"5613",2024-08-26 07:00:00,"historie",4.13,3.77564536479867,NA,NA,NA
"5614",2024-08-26 08:00:00,"historie",9.33,3.13296951045673,NA,NA,NA
"5615",2024-08-26 09:00:00,"historie",6.21,3.05898666885449,NA,NA,NA
"5616",2024-08-26 10:00:00,"historie",3.55,3.1441922575477,NA,NA,NA
"5617",2024-08-26 11:00:00,"historie",2.71,3.21195216031794,NA,NA,NA
"5618",2024-08-26 12:00:00,"historie",2.72,3.53716848409701,NA,NA,NA
"5619",2024-08-26 13:00:00,"historie",2.81,3.59894288847368,NA,NA,NA
"5620",2024-08-26 14:00:00,"historie",3,3.8150596653579,NA,NA,NA
"5621",2024-08-26 15:00:00,"historie",3.14,4.15680412275443,NA,NA,NA
"5622",2024-08-26 16:00:00,"historie",2.9,8.56984525859485,NA,NA,NA
"5623",2024-08-26 17:00:00,"historie",3,6.01450491277916,NA,NA,NA
"5624",2024-08-26 18:00:00,"historie",3.08,3.67416226055007,NA,NA,NA
"5625",2024-08-26 19:00:00,"historie",3.28,2.88747543170968,NA,NA,NA
"5626",2024-08-26 20:00:00,"historie",4.97,2.88719959370809,NA,NA,NA
"5627",2024-08-26 21:00:00,"historie",4.5,2.96309039613042,NA,NA,NA
"5628",2024-08-26 22:00:00,"historie",3.28,3.13281548274073,NA,NA,NA
"5629",2024-08-26 23:00:00,"historie",3.31,3.25709153821292,NA,NA,NA
"5630",2024-08-27,"historie",3.36,3.03231415292194,NA,NA,NA
"5631",2024-08-27 01:00:00,"historie",3.69,3.12024705104795,NA,NA,NA
"5632",2024-08-27 02:00:00,"historie",4.05,3.19060274689475,NA,NA,NA
"5633",2024-08-27 03:00:00,"historie",3.44,3.37124694836637,NA,NA,NA
"5634",2024-08-27 04:00:00,"historie",3.26,4.87251441063901,NA,NA,NA
"5635",2024-08-27 05:00:00,"historie",3.31,4.4749291593964,NA,NA,NA
"5636",2024-08-27 06:00:00,"historie",3.75,3.38704037964695,NA,NA,NA
"5637",2024-08-27 07:00:00,"historie",3.84,3.41203319854496,NA,NA,NA
"5638",2024-08-27 08:00:00,"historie",8.78,3.45575131599818,NA,NA,NA
"5639",2024-08-27 09:00:00,"historie",7.31,3.7536520796274,NA,NA,NA
"5640",2024-08-27 10:00:00,"historie",4.65,4.07812738657367,NA,NA,NA
"5641",2024-08-27 11:00:00,"historie",4.37,3.53216606204478,NA,NA,NA
"5642",2024-08-27 12:00:00,"historie",4.47,3.36671339234034,NA,NA,NA
"5643",2024-08-27 13:00:00,"historie",7.18,3.41014127392168,NA,NA,NA
"5644",2024-08-27 14:00:00,"historie",11.35,3.80736440834147,NA,NA,NA
"5645",2024-08-27 15:00:00,"historie",4.18,3.89026479593915,NA,NA,NA
"5646",2024-08-27 16:00:00,"historie",4.18,8.10422706938777,NA,NA,NA
"5647",2024-08-27 17:00:00,"historie",3.95,6.93535040539894,NA,NA,NA
"5648",2024-08-27 18:00:00,"historie",4.13,4.66480731202545,NA,NA,NA
"5649",2024-08-27 19:00:00,"historie",4.63,4.41752541945305,NA,NA,NA
"5650",2024-08-27 20:00:00,"historie",5.15,4.50733499912739,NA,NA,NA
"5651",2024-08-27 21:00:00,"historie",5,6.86295130869119,NA,NA,NA
"5652",2024-08-27 22:00:00,"historie",5.45,10.3386955323835,NA,NA,NA
"5653",2024-08-27 23:00:00,"historie",5.5,4.29253858066537,NA,NA,NA
"5654",2024-08-28,"historie",5.75,4.28577954622796,NA,NA,NA
"5655",2024-08-28 01:00:00,"historie",5.9,4.07039967090548,NA,NA,NA
"5656",2024-08-28 02:00:00,"historie",6.1,4.22755576852442,NA,NA,NA
"5657",2024-08-28 03:00:00,"historie",6.13,4.67326673489426,NA,NA,NA
"5658",2024-08-28 04:00:00,"historie",6.5,5.13525722664533,NA,NA,NA
"5659",2024-08-28 05:00:00,"historie",6.95,5.00593220176104,NA,NA,NA
"5660",2024-08-28 06:00:00,"historie",7.23,5.40558819787929,NA,NA,NA
"5661",2024-08-28 07:00:00,"historie",7.92,5.45495501514088,NA,NA,NA
"5662",2024-08-28 08:00:00,"historie",7.81,5.6795960878798,NA,NA,NA
"5663",2024-08-28 09:00:00,"historie",9.05,5.81751564811651,NA,NA,NA
"5664",2024-08-28 10:00:00,"historie",8.05,5.99929766673626,NA,NA,NA
"5665",2024-08-28 11:00:00,"historie",22.59,6.03336355587425,NA,NA,NA
"5666",2024-08-28 12:00:00,"historie",11.82,6.36274435074389,NA,NA,NA
"5667",2024-08-28 13:00:00,"historie",8.23,6.76184106279996,NA,NA,NA
"5668",2024-08-28 14:00:00,"historie",7.82,7.01546511908337,NA,NA,NA
"5669",2024-08-28 15:00:00,"historie",8.51,7.62029107803902,NA,NA,NA
"5670",2024-08-28 16:00:00,"historie",8.05,7.54390031779736,NA,NA,NA
"5671",2024-08-28 17:00:00,"historie",8.44,8.61355257113009,NA,NA,NA
"5672",2024-08-28 18:00:00,"historie",8.82,7.78589179831688,NA,NA,NA
"5673",2024-08-28 19:00:00,"historie",10.36,19.4684907858393,NA,NA,NA
"5674",2024-08-28 20:00:00,"historie",11.62,11.0625564816859,NA,NA,NA
"5675",2024-08-28 21:00:00,"historie",12.53,8.0504070004205,NA,NA,NA
"5676",2024-08-28 22:00:00,"historie",13.32,7.69422040427037,NA,NA,NA
"5677",2024-08-28 23:00:00,"historie",13.06,8.29054551176162,NA,NA,NA
"5678",2024-08-29,"historie",13.07,7.89467062796914,NA,NA,NA
"5679",2024-08-29 01:00:00,"historie",12.66,8.23198282457225,NA,NA,NA
"5680",2024-08-29 02:00:00,"historie",12.5,8.56200344072229,NA,NA,NA
"5681",2024-08-29 03:00:00,"historie",12.45,9.88070530782655,NA,NA,NA
"5682",2024-08-29 04:00:00,"historie",12.59,10.9576958361446,NA,NA,NA
"5683",2024-08-29 05:00:00,"historie",11.53,11.7427329259981,NA,NA,NA
"5684",2024-08-29 06:00:00,"historie",15.31,12.4293643500416,NA,NA,NA
"5685",2024-08-29 07:00:00,"historie",21.73,12.2476528547419,NA,NA,NA
"5686",2024-08-29 08:00:00,"historie",13.36,12.2837940961187,NA,NA,NA
"5687",2024-08-29 09:00:00,"historie",14,11.9653792523219,NA,NA,NA
"5688",2024-08-29 10:00:00,"historie",15.92,11.8491458815287,NA,NA,NA
"5689",2024-08-29 11:00:00,"historie",12.9,11.8217222745796,NA,NA,NA
"5690",2024-08-29 12:00:00,"historie",10.74,11.9521433632686,NA,NA,NA
"5691",2024-08-29 13:00:00,"historie",7.28,11.0666917088489,NA,NA,NA
"5692",2024-08-29 14:00:00,"historie",8.56,14.2334390796306,NA,NA,NA
"5693",2024-08-29 15:00:00,"historie",7.28,19.4610763889413,NA,NA,NA
"5694",2024-08-29 16:00:00,"historie",6.92,12.7020078445419,NA,NA,NA
"5695",2024-08-29 17:00:00,"historie",7.33,13.2460857916462,NA,NA,NA
"5696",2024-08-29 18:00:00,"historie",7.03,14.856004039066,NA,NA,NA
"5697",2024-08-29 19:00:00,"historie",7.54,12.3481880128798,NA,NA,NA
"5698",2024-08-29 20:00:00,"historie",10.23,10.4947671360076,NA,NA,NA
"5699",2024-08-29 21:00:00,"historie",9.72,7.4231754854428,NA,NA,NA
"5700",2024-08-29 22:00:00,"historie",9.21,8.53365121657128,NA,NA,NA
"5701",2024-08-29 23:00:00,"historie",9.76,7.37375424836101,NA,NA,NA
"5702",2024-08-30,"historie",9.74,7.02575946176229,NA,NA,NA
"5703",2024-08-30 01:00:00,"historie",10.03,7.36901588964759,NA,NA,NA
"5704",2024-08-30 02:00:00,"historie",10.17,7.08328207853139,NA,NA,NA
"5705",2024-08-30 03:00:00,"historie",10.67,7.51830077970422,NA,NA,NA
"5706",2024-08-30 04:00:00,"historie",10.97,9.83749990759967,NA,NA,NA
"5707",2024-08-30 05:00:00,"historie",10.85,9.4090701157079,NA,NA,NA
"5708",2024-08-30 06:00:00,"historie",11.43,8.97302809730118,NA,NA,NA
"5709",2024-08-30 07:00:00,"historie",10.68,9.44559734609227,NA,NA,NA
"5710",2024-08-30 08:00:00,"historie",12,9.43167309627996,NA,NA,NA
"5711",2024-08-30 09:00:00,"historie",15.68,9.68304456493562,NA,NA,NA
"5712",2024-08-30 10:00:00,"historie",15.51,9.80743623792545,NA,NA,NA
"5713",2024-08-30 11:00:00,"historie",12.32,10.2391318748342,NA,NA,NA
"5714",2024-08-30 12:00:00,"historie",11.66,10.5025655654053,NA,NA,NA
"5715",2024-08-30 13:00:00,"historie",9.7,10.4102632323042,NA,NA,NA
"5716",2024-08-30 14:00:00,"historie",8.63,10.9102055752916,NA,NA,NA
"5717",2024-08-30 15:00:00,"historie",7.82,10.2836315699551,NA,NA,NA
"5718",2024-08-30 16:00:00,"historie",8.03,11.4076304290544,NA,NA,NA
"5719",2024-08-30 17:00:00,"historie",8.07,14.478600575932,NA,NA,NA
"5720",2024-08-30 18:00:00,"historie",8.87,14.3833809068346,NA,NA,NA
"5721",2024-08-30 19:00:00,"historie",9.55,11.7578170484101,NA,NA,NA
"5722",2024-08-30 20:00:00,"historie",12.1,11.2040429032097,NA,NA,NA
"5723",2024-08-30 21:00:00,"historie",12.21,9.51805656782544,NA,NA,NA
"5724",2024-08-30 22:00:00,"historie",11.82,8.57003788888447,NA,NA,NA
"5725",2024-08-30 23:00:00,"historie",10.54,7.8372527122327,NA,NA,NA
"5726",2024-08-31,"historie",9.1,8.00371069553889,NA,NA,NA
"5727",2024-08-31 01:00:00,"historie",8.64,8.02319248624483,NA,NA,NA
"5728",2024-08-31 02:00:00,"historie",8.18,8.70984218699226,NA,NA,NA
"5729",2024-08-31 03:00:00,"historie",8.82,9.29216613510068,NA,NA,NA
"5730",2024-08-31 04:00:00,"historie",11.11,11.4602722965793,NA,NA,NA
"5731",2024-08-31 05:00:00,"historie",12.61,11.5717094930887,NA,NA,NA
"5732",2024-08-31 06:00:00,"historie",13.33,11.2604750526405,NA,NA,NA
"5733",2024-08-31 07:00:00,"historie",8.18,10.1834611792099,NA,NA,NA
"5734",2024-08-31 08:00:00,"historie",5.13,8.94072381432337,NA,NA,NA
"5735",2024-08-31 09:00:00,"historie",5.67,8.53030073672301,NA,NA,NA
"5736",2024-08-31 10:00:00,"historie",5.03,8.11614030569486,NA,NA,NA
"5737",2024-08-31 11:00:00,"historie",5.23,8.66366360833662,NA,NA,NA
"5738",2024-08-31 12:00:00,"historie",5.82,10.6232217586475,NA,NA,NA
"5739",2024-08-31 13:00:00,"historie",5.92,11.8982325487984,NA,NA,NA
"5740",2024-08-31 14:00:00,"historie",6.79,12.5221039138237,NA,NA,NA
"5741",2024-08-31 15:00:00,"historie",7.35,8.13819434661755,NA,NA,NA
"5742",2024-08-31 16:00:00,"historie",6.26,5.371071111893,NA,NA,NA
"5743",2024-08-31 17:00:00,"historie",6.15,5.83975390693199,NA,NA,NA
"5744",2024-08-31 18:00:00,"historie",5.95,5.23196205445667,NA,NA,NA
"5745",2024-08-31 19:00:00,"historie",5.82,5.39363199643876,NA,NA,NA
"5746",2024-08-31 20:00:00,"historie",5.79,5.91006748116843,NA,NA,NA
"5747",2024-08-31 21:00:00,"historie",7.03,5.98726786632111,NA,NA,NA
"5748",2024-08-31 22:00:00,"historie",6.47,6.74954099081881,NA,NA,NA
"5749",2024-08-31 23:00:00,"historie",7.19,7.23727045452892,NA,NA,NA
"5750",2024-09-01,"historie",8.11,6.27812318124421,NA,NA,NA
"5751",2024-09-01 01:00:00,"historie",8,6.17368010755615,NA,NA,NA
"5752",2024-09-01 02:00:00,"historie",8,5.98900035425788,NA,NA,NA
"5753",2024-09-01 03:00:00,"historie",8.32,5.86596395921559,NA,NA,NA
"5754",2024-09-01 04:00:00,"historie",8.84,5.83221128455436,NA,NA,NA
"5755",2024-09-01 05:00:00,"historie",8.2,6.91975768717999,NA,NA,NA
"5756",2024-09-01 06:00:00,"historie",8.24,6.43196680915009,NA,NA,NA
"5757",2024-09-01 07:00:00,"historie",8.45,7.06153533804162,NA,NA,NA
"5758",2024-09-01 08:00:00,"historie",10.18,7.86213879930664,NA,NA,NA
"5759",2024-09-01 09:00:00,"historie",10,7.77883209462776,NA,NA,NA
"5760",2024-09-01 10:00:00,"historie",9.84,7.78799782349966,NA,NA,NA
"5761",2024-09-01 11:00:00,"historie",8.45,8.07194720097906,NA,NA,NA
"5762",2024-09-01 12:00:00,"historie",7.67,8.52796784888565,NA,NA,NA
"5763",2024-09-01 13:00:00,"historie",6.84,7.99026196105454,NA,NA,NA
"5764",2024-09-01 14:00:00,"historie",6.3,8.03095425075339,NA,NA,NA
"5765",2024-09-01 15:00:00,"historie",7.47,8.21800110871074,NA,NA,NA
"5766",2024-09-01 16:00:00,"historie",8.12,9.70158595276913,NA,NA,NA
"5767",2024-09-01 17:00:00,"historie",7,9.56942753750619,NA,NA,NA
"5768",2024-09-01 18:00:00,"historie",7.64,9.44971679412979,NA,NA,NA
"5769",2024-09-01 19:00:00,"historie",10.95,8.26755138985841,NA,NA,NA
"5770",2024-09-01 20:00:00,"historie",10,7.58783304920534,NA,NA,NA
"5771",2024-09-01 21:00:00,"historie",11.22,6.85068780145006,NA,NA,NA
"5772",2024-09-01 22:00:00,"historie",13.12,6.35989794339676,NA,NA,NA
"5773",2024-09-01 23:00:00,"historie",13.88,7.38313767706718,NA,NA,NA
"5774",2024-09-02,"historie",13.97,7.94723469132427,NA,NA,NA
"5775",2024-09-02 01:00:00,"historie",13.87,6.96945858853409,NA,NA,NA
"5776",2024-09-02 02:00:00,"historie",13.43,7.52538313112953,NA,NA,NA
"5777",2024-09-02 03:00:00,"historie",13.29,10.3538641010123,NA,NA,NA
"5778",2024-09-02 04:00:00,"historie",13.45,9.57840469649303,NA,NA,NA
"5779",2024-09-02 05:00:00,"historie",13.18,10.6249245234837,NA,NA,NA
"5780",2024-09-02 06:00:00,"historie",13.66,12.2337405368997,NA,NA,NA
"5781",2024-09-02 07:00:00,"historie",14.11,12.9009147054462,NA,NA,NA
"5782",2024-09-02 08:00:00,"historie",17.02,13.0166775126095,NA,NA,NA
"5783",2024-09-02 09:00:00,"historie",15.49,12.9710552227527,NA,NA,NA
"5784",2024-09-02 10:00:00,"historie",13.85,12.6365344247026,NA,NA,NA
"5785",2024-09-02 11:00:00,"historie",12.61,12.5436705753594,NA,NA,NA
"5786",2024-09-02 12:00:00,"historie",16.98,12.6978325171606,NA,NA,NA
"5787",2024-09-02 13:00:00,"historie",11.53,12.4902589872898,NA,NA,NA
"5788",2024-09-02 14:00:00,"historie",11.88,12.9077975374495,NA,NA,NA
"5789",2024-09-02 15:00:00,"historie",12.21,13.3012884732905,NA,NA,NA
"5790",2024-09-02 16:00:00,"historie",12.1,15.7287813033857,NA,NA,NA
"5791",2024-09-02 17:00:00,"historie",11.82,14.5062300490557,NA,NA,NA
"5792",2024-09-02 18:00:00,"historie",11.6,13.1567737038433,NA,NA,NA
"5793",2024-09-02 19:00:00,"historie",13.31,12.1136178374003,NA,NA,NA
"5794",2024-09-02 20:00:00,"historie",13.56,15.7674837014203,NA,NA,NA
"5795",2024-09-02 21:00:00,"historie",13.76,11.2096143584049,NA,NA,NA
"5796",2024-09-02 22:00:00,"historie",13.15,11.4982285223907,NA,NA,NA
"5797",2024-09-02 23:00:00,"historie",13.58,11.7723427255955,NA,NA,NA
"5798",2024-09-03,"historie",13.36,11.6731545443072,NA,NA,NA
"5799",2024-09-03 01:00:00,"historie",13.62,11.4282051101668,NA,NA,NA
"5800",2024-09-03 02:00:00,"historie",13.89,11.2330553792509,NA,NA,NA
"5801",2024-09-03 03:00:00,"historie",14.43,12.6816323683704,NA,NA,NA
"5802",2024-09-03 04:00:00,"historie",14.65,12.8986984958568,NA,NA,NA
"5803",2024-09-03 05:00:00,"historie",14.47,13.0744980782138,NA,NA,NA
"5804",2024-09-03 06:00:00,"historie",15.15,12.5667755971136,NA,NA,NA
"5805",2024-09-03 07:00:00,"historie",13.95,12.9329139200939,NA,NA,NA
"5806",2024-09-03 08:00:00,"historie",21.85,12.7521721274284,NA,NA,NA
"5807",2024-09-03 09:00:00,"historie",22.54,12.9750730834297,NA,NA,NA
"5808",2024-09-03 10:00:00,"historie",23.32,13.207575865914,NA,NA,NA
"5809",2024-09-03 11:00:00,"historie",16.65,13.6681554532756,NA,NA,NA
"5810",2024-09-03 12:00:00,"historie",15.88,13.8623302002573,NA,NA,NA
"5811",2024-09-03 13:00:00,"historie",14.36,13.7210859537884,NA,NA,NA
"5812",2024-09-03 14:00:00,"historie",11.85,14.2990696345392,NA,NA,NA
"5813",2024-09-03 15:00:00,"historie",10.55,13.3010812440727,NA,NA,NA
"5814",2024-09-03 16:00:00,"historie",11.22,19.8027471664735,NA,NA,NA
"5815",2024-09-03 17:00:00,"historie",11.79,20.4263709324486,NA,NA,NA
"5816",2024-09-03 18:00:00,"historie",12.05,21.1204296255334,NA,NA,NA
"5817",2024-09-03 19:00:00,"historie",14.77,15.715153064669,NA,NA,NA
"5818",2024-09-03 20:00:00,"historie",8.77,15.0722806168164,NA,NA,NA
"5819",2024-09-03 21:00:00,"historie",7.36,13.7836710277506,NA,NA,NA
"5820",2024-09-03 22:00:00,"historie",7.85,11.6144493684733,NA,NA,NA
"5821",2024-09-03 23:00:00,"historie",8.76,10.4542552099704,NA,NA,NA
"5822",2024-09-04,"historie",10,11.0100019021726,NA,NA,NA
"5823",2024-09-04 01:00:00,"historie",9.97,11.4816347813708,NA,NA,NA
"5824",2024-09-04 02:00:00,"historie",10.55,11.6897628302795,NA,NA,NA
"5825",2024-09-04 03:00:00,"historie",11.47,13.9871505465839,NA,NA,NA
"5826",2024-09-04 04:00:00,"historie",12.1,8.81589753626375,NA,NA,NA
"5827",2024-09-04 05:00:00,"historie",12.32,7.52170964310126,NA,NA,NA
"5828",2024-09-04 06:00:00,"historie",11.88,7.9303863880461,NA,NA,NA
"5829",2024-09-04 07:00:00,"historie",12.58,8.71214465265118,NA,NA,NA
"5830",2024-09-04 08:00:00,"historie",20.87,9.77751910566345,NA,NA,NA
"5831",2024-09-04 09:00:00,"historie",18.31,9.74389598006543,NA,NA,NA
"5832",2024-09-04 10:00:00,"historie",15.07,10.2376658684019,NA,NA,NA
"5833",2024-09-04 11:00:00,"historie",12.24,11.0233248130357,NA,NA,NA
"5834",2024-09-04 12:00:00,"historie",10.9,11.5638000289338,NA,NA,NA
"5835",2024-09-04 13:00:00,"historie",9.56,11.7594371118765,NA,NA,NA
"5836",2024-09-04 14:00:00,"historie",8.6,11.3958376519029,NA,NA,NA
"5837",2024-09-04 15:00:00,"historie",9.03,11.9948628413943,NA,NA,NA
"5838",2024-09-04 16:00:00,"historie",9.2,18.8055852413412,NA,NA,NA
"5839",2024-09-04 17:00:00,"historie",9.33,16.8209964240855,NA,NA,NA
"5840",2024-09-04 18:00:00,"historie",9.62,14.1956736908441,NA,NA,NA
"5841",2024-09-04 19:00:00,"historie",12.3,11.8186413863959,NA,NA,NA
"5842",2024-09-04 20:00:00,"historie",13.03,10.6583824284337,NA,NA,NA
"5843",2024-09-04 21:00:00,"historie",10.85,9.47556009715751,NA,NA,NA
"5844",2024-09-04 22:00:00,"historie",9.5,8.60849727608751,NA,NA,NA
"5845",2024-09-04 23:00:00,"historie",9.81,8.96523114263273,NA,NA,NA
"5846",2024-09-05,"historie",10.78,9.09684520260081,NA,NA,NA
"5847",2024-09-05 01:00:00,"historie",10.66,9.19618417474007,NA,NA,NA
"5848",2024-09-05 02:00:00,"historie",11.15,9.43711413580211,NA,NA,NA
"5849",2024-09-05 03:00:00,"historie",12.21,11.7242987789585,NA,NA,NA
"5850",2024-09-05 04:00:00,"historie",11.88,12.3522341293328,NA,NA,NA
"5851",2024-09-05 05:00:00,"historie",12.38,10.5155122155336,NA,NA,NA
"5852",2024-09-05 06:00:00,"historie",12.56,9.34520093368872,NA,NA,NA
"5853",2024-09-05 07:00:00,"historie",13.18,9.60414538496221,NA,NA,NA
"5854",2024-09-05 08:00:00,"historie",11.41,10.4337091830685,NA,NA,NA
"5855",2024-09-05 09:00:00,"historie",11.42,10.3310817401503,NA,NA,NA
"5856",2024-09-05 10:00:00,"historie",12.92,10.7505809078909,NA,NA,NA
"5857",2024-09-05 11:00:00,"historie",12.59,11.6555362874388,NA,NA,NA
"5858",2024-09-05 12:00:00,"historie",13.59,11.3864891660865,NA,NA,NA
"5859",2024-09-05 13:00:00,"historie",13.15,11.817767632269,NA,NA,NA
"5860",2024-09-05 14:00:00,"historie",12.41,11.9802427029201,NA,NA,NA
"5861",2024-09-05 15:00:00,"historie",11.33,12.5139257511797,NA,NA,NA
"5862",2024-09-05 16:00:00,"historie",11.85,11.0241765794275,NA,NA,NA
"5863",2024-09-05 17:00:00,"historie",11.13,11.031713607837,NA,NA,NA
"5864",2024-09-05 18:00:00,"historie",11.37,12.3064786189505,NA,NA,NA
"5865",2024-09-05 19:00:00,"historie",11.74,12.0376891584845,NA,NA,NA
"5866",2024-09-05 20:00:00,"historie",10.78,12.8890001045287,NA,NA,NA
"5867",2024-09-05 21:00:00,"historie",10.55,12.5316390843456,NA,NA,NA
"5868",2024-09-05 22:00:00,"historie",9.62,11.9125489502844,NA,NA,NA
"5869",2024-09-05 23:00:00,"historie",9.15,10.9905876655889,NA,NA,NA
"5870",2024-09-06,"historie",10,11.4307492128649,NA,NA,NA
"5871",2024-09-06 01:00:00,"historie",10.74,10.8114690443475,NA,NA,NA
"5872",2024-09-06 02:00:00,"historie",10.44,11.0116581506298,NA,NA,NA
"5873",2024-09-06 03:00:00,"historie",10.85,11.3249821135068,NA,NA,NA
"5874",2024-09-06 04:00:00,"historie",11,10.4993638537098,NA,NA,NA
"5875",2024-09-06 05:00:00,"historie",11.09,10.2934805324914,NA,NA,NA
"5876",2024-09-06 06:00:00,"historie",11.05,9.47760500207135,NA,NA,NA
"5877",2024-09-06 07:00:00,"historie",12.61,9.05367175843785,NA,NA,NA
"5878",2024-09-06 08:00:00,"historie",13.34,9.78041876197118,NA,NA,NA
"5879",2024-09-06 09:00:00,"historie",11.68,10.4122709262491,NA,NA,NA
"5880",2024-09-06 10:00:00,"historie",10.59,10.1531958399282,NA,NA,NA
"5881",2024-09-06 11:00:00,"historie",10.8,10.503072558688,NA,NA,NA
"5882",2024-09-06 12:00:00,"historie",12.26,10.632227792346,NA,NA,NA
"5883",2024-09-06 13:00:00,"historie",11.18,10.7108954527826,NA,NA,NA
"5884",2024-09-06 14:00:00,"historie",10.31,10.678682474301,NA,NA,NA
"5885",2024-09-06 15:00:00,"historie",9.64,12.0069655807251,NA,NA,NA
"5886",2024-09-06 16:00:00,"historie",10.23,12.6353516626327,NA,NA,NA
"5887",2024-09-06 17:00:00,"historie",10.13,11.2466113433316,NA,NA,NA
"5888",2024-09-06 18:00:00,"historie",10.95,10.3133516174956,NA,NA,NA
"5889",2024-09-06 19:00:00,"historie",10.33,10.4890428855108,NA,NA,NA
"5890",2024-09-06 20:00:00,"historie",11.41,11.7335391276975,NA,NA,NA
"5891",2024-09-06 21:00:00,"historie",12.21,10.8196637773246,NA,NA,NA
"5892",2024-09-06 22:00:00,"historie",12.03,10.068831682643,NA,NA,NA
"5893",2024-09-06 23:00:00,"historie",12.97,9.48002607229015,NA,NA,NA
"5894",2024-09-07,"historie",13.03,9.98181318363558,NA,NA,NA
"5895",2024-09-07 01:00:00,"historie",14.61,9.89016472233912,NA,NA,NA
"5896",2024-09-07 02:00:00,"historie",13.58,10.5913368313158,NA,NA,NA
"5897",2024-09-07 03:00:00,"historie",14.03,10.0591241378419,NA,NA,NA
"5898",2024-09-07 04:00:00,"historie",13.97,10.9827631896875,NA,NA,NA
"5899",2024-09-07 05:00:00,"historie",15.3,11.6682753237493,NA,NA,NA
"5900",2024-09-07 06:00:00,"historie",14.89,11.5261315740508,NA,NA,NA
"5901",2024-09-07 07:00:00,"historie",15.13,12.3297782861879,NA,NA,NA
"5902",2024-09-07 08:00:00,"historie",18.08,12.3948240776659,NA,NA,NA
"5903",2024-09-07 09:00:00,"historie",16.12,13.733285005707,NA,NA,NA
"5904",2024-09-07 10:00:00,"historie",12.45,12.8943108927999,NA,NA,NA
"5905",2024-09-07 11:00:00,"historie",9.36,13.2860692124905,NA,NA,NA
"5906",2024-09-07 12:00:00,"historie",8.54,13.2508254023158,NA,NA,NA
"5907",2024-09-07 13:00:00,"historie",6.36,14.3775500264463,NA,NA,NA
"5908",2024-09-07 14:00:00,"historie",7.82,14.0569519083992,NA,NA,NA
"5909",2024-09-07 15:00:00,"historie",5.95,14.2740009433954,NA,NA,NA
"5910",2024-09-07 16:00:00,"historie",3.68,16.7350544580035,NA,NA,NA
"5911",2024-09-07 17:00:00,"historie",2.87,15.1512130379972,NA,NA,NA
"5912",2024-09-07 18:00:00,"historie",3.49,12.0636506088695,NA,NA,NA
"5913",2024-09-07 19:00:00,"historie",8.33,9.35923126262786,NA,NA,NA
"5914",2024-09-07 20:00:00,"historie",10.13,8.60348923130674,NA,NA,NA
"5915",2024-09-07 21:00:00,"historie",6.79,6.60358075906578,NA,NA,NA
"5916",2024-09-07 22:00:00,"historie",5.49,7.8918256469318,NA,NA,NA
"5917",2024-09-07 23:00:00,"historie",4.4,6.17584385852419,NA,NA,NA
"5918",2024-09-08,"historie",4.74,4.015159576166,NA,NA,NA
"5919",2024-09-08 01:00:00,"historie",4.4,3.19660851236882,NA,NA,NA
"5920",2024-09-08 02:00:00,"historie",5.39,3.76985375465515,NA,NA,NA
"5921",2024-09-08 03:00:00,"historie",5.81,8.10460422380259,NA,NA,NA
"5922",2024-09-08 04:00:00,"historie",7.54,9.65179324780536,NA,NA,NA
"5923",2024-09-08 05:00:00,"historie",8.12,6.78681572053088,NA,NA,NA
"5924",2024-09-08 06:00:00,"historie",8.15,5.61703303958835,NA,NA,NA
"5925",2024-09-08 07:00:00,"historie",8.54,4.60587266822432,NA,NA,NA
"5926",2024-09-08 08:00:00,"historie",8.56,4.90241444034476,NA,NA,NA
"5927",2024-09-08 09:00:00,"historie",7.97,4.57739226534271,NA,NA,NA
"5928",2024-09-08 10:00:00,"historie",6.59,5.46431436258826,NA,NA,NA
"5929",2024-09-08 11:00:00,"historie",5.79,5.83457098813083,NA,NA,NA
"5930",2024-09-08 12:00:00,"historie",4.82,7.34937863291924,NA,NA,NA
"5931",2024-09-08 13:00:00,"historie",31,7.86180721739839,NA,NA,NA
"5932",2024-09-08 14:00:00,"historie",3.82,7.90364496081259,NA,NA,NA
"5933",2024-09-08 15:00:00,"historie",3.92,8.25308147445799,NA,NA,NA
"5934",2024-09-08 16:00:00,"historie",3.05,8.2863090779456,NA,NA,NA
"5935",2024-09-08 17:00:00,"historie",3.13,7.79129358243395,NA,NA,NA
"5936",2024-09-08 18:00:00,"historie",3.92,6.58902702333523,NA,NA,NA
"5937",2024-09-08 19:00:00,"historie",6.49,5.87143766904311,NA,NA,NA
"5938",2024-09-08 20:00:00,"historie",4.92,4.98321388567114,NA,NA,NA
"5939",2024-09-08 21:00:00,"historie",5.08,25.8867017140679,NA,NA,NA
"5940",2024-09-08 22:00:00,"historie",4.08,4.09117813476134,NA,NA,NA
"5941",2024-09-08 23:00:00,"historie",5.14,4.16321580255849,NA,NA,NA
"5942",2024-09-09,"historie",5.85,3.31741771128403,NA,NA,NA
"5943",2024-09-09 01:00:00,"historie",8.08,3.37451432312675,NA,NA,NA
"5944",2024-09-09 02:00:00,"historie",9.2,4.0993693095429,NA,NA,NA
"5945",2024-09-09 03:00:00,"historie",8.11,6.39289491758526,NA,NA,NA
"5946",2024-09-09 04:00:00,"historie",8.55,5.00795863949002,NA,NA,NA
"5947",2024-09-09 05:00:00,"historie",9.32,5.14784752480466,NA,NA,NA
"5948",2024-09-09 06:00:00,"historie",7.55,4.23644535699213,NA,NA,NA
"5949",2024-09-09 07:00:00,"historie",3.26,5.18854228402412,NA,NA,NA
"5950",2024-09-09 08:00:00,"historie",0.95,5.81883486944614,NA,NA,NA
"5951",2024-09-09 09:00:00,"historie",1.13,7.7550874419414,NA,NA,NA
"5952",2024-09-09 10:00:00,"historie",1.23,8.72895319197372,NA,NA,NA
"5953",2024-09-09 11:00:00,"historie",1.21,7.83501931866457,NA,NA,NA
"5954",2024-09-09 12:00:00,"historie",1.26,8.23028032136263,NA,NA,NA
"5955",2024-09-09 13:00:00,"historie",1.08,8.90625710509115,NA,NA,NA
"5956",2024-09-09 14:00:00,"historie",1.26,7.40994439090202,NA,NA,NA
"5957",2024-09-09 15:00:00,"historie",1.18,3.52217958958813,NA,NA,NA
"5958",2024-09-09 16:00:00,"historie",1.08,1.17390112632592,NA,NA,NA
"5959",2024-09-09 17:00:00,"historie",1.59,1.35013727694519,NA,NA,NA
"5960",2024-09-09 18:00:00,"historie",1.56,1.43970075030024,NA,NA,NA
"5961",2024-09-09 19:00:00,"historie",1.23,1.40624803321241,NA,NA,NA
"5962",2024-09-09 20:00:00,"historie",1.15,1.44605481404864,NA,NA,NA
"5963",2024-09-09 21:00:00,"historie",1.13,1.25289533524268,NA,NA,NA
"5964",2024-09-09 22:00:00,"historie",1.28,1.42634705164127,NA,NA,NA
"5965",2024-09-09 23:00:00,"historie",1.29,1.33903259289744,NA,NA,NA
"5966",2024-09-10,"historie",1.18,1.23189532073163,NA,NA,NA
"5967",2024-09-10 01:00:00,"historie",1.61,1.72730458307967,NA,NA,NA
"5968",2024-09-10 02:00:00,"historie",1.46,1.69593042251408,NA,NA,NA
"5969",2024-09-10 03:00:00,"historie",1.49,1.37175607848035,NA,NA,NA
"5970",2024-09-10 04:00:00,"historie",1.46,1.28847942066106,NA,NA,NA
"5971",2024-09-10 05:00:00,"historie",1.55,1.26462950282097,NA,NA,NA
"5972",2024-09-10 06:00:00,"historie",2.08,1.40835956566044,NA,NA,NA
"5973",2024-09-10 07:00:00,"historie",3.03,1.41586388942889,NA,NA,NA
"5974",2024-09-10 08:00:00,"historie",2.97,1.30654033490944,NA,NA,NA
"5975",2024-09-10 09:00:00,"historie",2.8,1.71782924922064,NA,NA,NA
"5976",2024-09-10 10:00:00,"historie",2.15,1.57627058652218,NA,NA,NA
"5977",2024-09-10 11:00:00,"historie",1.15,1.60479664995398,NA,NA,NA
"5978",2024-09-10 12:00:00,"historie",1.67,1.57621991533111,NA,NA,NA
"5979",2024-09-10 13:00:00,"historie",2.08,1.66192871399877,NA,NA,NA
"5980",2024-09-10 14:00:00,"historie",2.97,2.15788750865386,NA,NA,NA
"5981",2024-09-10 15:00:00,"historie",2.87,3.01985405035676,NA,NA,NA
"5982",2024-09-10 16:00:00,"historie",3.26,2.98168078865651,NA,NA,NA
"5983",2024-09-10 17:00:00,"historie",3.1,2.84190198826418,NA,NA,NA
"5984",2024-09-10 18:00:00,"historie",2.23,2.25589574528814,NA,NA,NA
"5985",2024-09-10 19:00:00,"historie",1.95,1.29650257919182,NA,NA,NA
"5986",2024-09-10 20:00:00,"historie",1.82,1.7978664835849,NA,NA,NA
"5987",2024-09-10 21:00:00,"historie",2,2.18292939756387,NA,NA,NA
"5988",2024-09-10 22:00:00,"historie",2.45,2.99699456171968,NA,NA,NA
"5989",2024-09-10 23:00:00,"historie",2.26,2.91793278844459,NA,NA,NA
"5990",2024-09-11,"historie",3.05,3.27652939550459,NA,NA,NA
"5991",2024-09-11 01:00:00,"historie",3.1,3.14460213897199,NA,NA,NA
"5992",2024-09-11 02:00:00,"historie",4.29,2.35451641591591,NA,NA,NA
"5993",2024-09-11 03:00:00,"historie",4.31,2.09028564348014,NA,NA,NA
"5994",2024-09-11 04:00:00,"historie",3.03,1.96417082229066,NA,NA,NA
"5995",2024-09-11 05:00:00,"historie",3.3,2.13241472907204,NA,NA,NA
"5996",2024-09-11 06:00:00,"historie",3.85,2.55139789836944,NA,NA,NA
"5997",2024-09-11 07:00:00,"historie",4.21,2.37760515119231,NA,NA,NA
"5998",2024-09-11 08:00:00,"historie",3.9,3.10247277001943,NA,NA,NA
"5999",2024-09-11 09:00:00,"historie",3.74,3.15540858776467,NA,NA,NA
"6000",2024-09-11 10:00:00,"historie",3.25,4.21858880509255,NA,NA,NA
"6001",2024-09-11 11:00:00,"historie",3.24,4.25493313120378,NA,NA,NA
"6002",2024-09-11 12:00:00,"historie",2.62,3.12545818898964,NA,NA,NA
"6003",2024-09-11 13:00:00,"historie",2.21,3.37401058960897,NA,NA,NA
"6004",2024-09-11 14:00:00,"historie",2.41,3.87348244550351,NA,NA,NA
"6005",2024-09-11 15:00:00,"historie",2.03,4.20286361802991,NA,NA,NA
"6006",2024-09-11 16:00:00,"historie",1.94,3.93802705493128,NA,NA,NA
"6007",2024-09-11 17:00:00,"historie",1.1,3.80138157274614,NA,NA,NA
"6008",2024-09-11 18:00:00,"historie",6.31,3.36067669272146,NA,NA,NA
"6009",2024-09-11 19:00:00,"historie",1.54,3.35181072495295,NA,NA,NA
"6010",2024-09-11 20:00:00,"historie",2.74,2.77661273667408,NA,NA,NA
"6011",2024-09-11 21:00:00,"historie",6.31,2.38406868218589,NA,NA,NA
"6012",2024-09-11 22:00:00,"historie",1.64,2.567723814289,NA,NA,NA
"6013",2024-09-11 23:00:00,"historie",1.63,2.20171995805476,NA,NA,NA
"6014",2024-09-12,"historie",1.63,2.10922347060579,NA,NA,NA
"6015",2024-09-12 01:00:00,"historie",1.68,1.27192316196862,NA,NA,NA
"6016",2024-09-12 02:00:00,"historie",1.95,5.94641749884646,NA,NA,NA
"6017",2024-09-12 03:00:00,"historie",2.17,1.71514100181137,NA,NA,NA
"6018",2024-09-12 04:00:00,"historie",2.64,2.84683171375684,NA,NA,NA
"6019",2024-09-12 05:00:00,"historie",3.23,5.96846405939047,NA,NA,NA
"6020",2024-09-12 06:00:00,"historie",3.18,1.81944604148769,NA,NA,NA
"6021",2024-09-12 07:00:00,"historie",2.54,1.8022173928454,NA,NA,NA
"6022",2024-09-12 08:00:00,"historie",2.62,1.79568649422601,NA,NA,NA
"6023",2024-09-12 09:00:00,"historie",2.67,1.83858516795783,NA,NA,NA
"6024",2024-09-12 10:00:00,"historie",2.49,2.09296266780001,NA,NA,NA
"6025",2024-09-12 11:00:00,"historie",2.85,2.29844034992942,NA,NA,NA
"6026",2024-09-12 12:00:00,"historie",2.46,2.73428447894979,NA,NA,NA
"6027",2024-09-12 13:00:00,"historie",2.24,3.27398182809704,NA,NA,NA
"6028",2024-09-12 14:00:00,"historie",1.76,3.23753652738944,NA,NA,NA
"6029",2024-09-12 15:00:00,"historie",1.73,2.65850130661203,NA,NA,NA
"6030",2024-09-12 16:00:00,"historie",3.29,2.73331795340597,NA,NA,NA
"6031",2024-09-12 17:00:00,"historie",2.33,2.78079738205733,NA,NA,NA
"6032",2024-09-12 18:00:00,"historie",2.28,2.61535102216566,NA,NA,NA
"6033",2024-09-12 19:00:00,"historie",6.15,2.94790017018323,NA,NA,NA
"6034",2024-09-12 20:00:00,"historie",5.59,2.58981848231203,NA,NA,NA
"6035",2024-09-12 21:00:00,"historie",5.69,2.38281120773893,NA,NA,NA
"6036",2024-09-12 22:00:00,"historie",5.21,1.92234322229521,NA,NA,NA
"6037",2024-09-12 23:00:00,"historie",23.53,1.88836947005286,NA,NA,NA
"6038",2024-09-13,"historie",3.77,3.3308996348226,NA,NA,NA
"6039",2024-09-13 01:00:00,"historie",3.79,2.45964107510159,NA,NA,NA
"6040",2024-09-13 02:00:00,"historie",16.08,2.41228338345129,NA,NA,NA
"6041",2024-09-13 03:00:00,"historie",3.46,5.81276793763736,NA,NA,NA
"6042",2024-09-13 04:00:00,"historie",3.62,5.37898679121451,NA,NA,NA
"6043",2024-09-13 05:00:00,"historie",3.33,5.49443293527581,NA,NA,NA
"6044",2024-09-13 06:00:00,"historie",11.69,5.10674522864794,NA,NA,NA
"6045",2024-09-13 07:00:00,"historie",3.54,19.5133340781071,NA,NA,NA
"6046",2024-09-13 08:00:00,"historie",3.26,3.90362604302115,NA,NA,NA
"6047",2024-09-13 09:00:00,"historie",2.45,3.91829631476912,NA,NA,NA
"6048",2024-09-13 10:00:00,"historie",2.34,14.1017905488225,NA,NA,NA
"6049",2024-09-13 11:00:00,"historie",1.35,3.64801815692039,NA,NA,NA
"6050",2024-09-13 12:00:00,"historie",1.21,3.78734541478713,NA,NA,NA
"6051",2024-09-13 13:00:00,"historie",1.4,3.51024320383347,NA,NA,NA
"6052",2024-09-13 14:00:00,"historie",1.26,10.6633427490094,NA,NA,NA
"6053",2024-09-13 15:00:00,"historie",1.25,3.72441365113327,NA,NA,NA
"6054",2024-09-13 16:00:00,"historie",1.21,3.45344219421142,NA,NA,NA
"6055",2024-09-13 17:00:00,"historie",0.68,2.67331787752464,NA,NA,NA
"6056",2024-09-13 18:00:00,"historie",0.69,2.5549269972119,NA,NA,NA
"6057",2024-09-13 19:00:00,"historie",0.97,1.56200464070912,NA,NA,NA
"6058",2024-09-13 20:00:00,"historie",0.87,1.40633925421355,NA,NA,NA
"6059",2024-09-13 21:00:00,"historie",0.64,1.58814963748506,NA,NA,NA
"6060",2024-09-13 22:00:00,"historie",0.74,1.43828121623028,NA,NA,NA
"6061",2024-09-13 23:00:00,"historie",1.18,1.41992308697219,NA,NA,NA
"6062",2024-09-14,"historie",0.77,1.37250763244501,NA,NA,NA
"6063",2024-09-14 01:00:00,"historie",0.21,0.819493590773042,NA,NA,NA
"6064",2024-09-14 02:00:00,"historie",0.31,0.82319155267528,NA,NA,NA
"6065",2024-09-14 03:00:00,"historie",0.5,1.10533332016118,NA,NA,NA
"6066",2024-09-14 04:00:00,"historie",0.33,0.999821255099081,NA,NA,NA
"6067",2024-09-14 05:00:00,"historie",0.21,0.7583608419561,NA,NA,NA
"6068",2024-09-14 06:00:00,"historie",0.46,0.857423756290775,NA,NA,NA
"6069",2024-09-14 07:00:00,"historie",0.33,1.29146486796553,NA,NA,NA
"6070",2024-09-14 08:00:00,"historie",0.46,0.884374649281678,NA,NA,NA
"6071",2024-09-14 09:00:00,"historie",0.4,0.278532327541927,NA,NA,NA
"6072",2024-09-14 10:00:00,"historie",1.21,0.388496145010002,NA,NA,NA
"6073",2024-09-14 11:00:00,"historie",1.75,0.588760045545236,NA,NA,NA
"6074",2024-09-14 12:00:00,"historie",1.58,0.405869561517038,NA,NA,NA
"6075",2024-09-14 13:00:00,"historie",1.75,0.270170675978415,NA,NA,NA
"6076",2024-09-14 14:00:00,"historie",2.5,0.53673014553344,NA,NA,NA
"6077",2024-09-14 15:00:00,"historie",2.64,0.399061924869628,NA,NA,NA
"6078",2024-09-14 16:00:00,"historie",2.38,0.533514182115049,NA,NA,NA
"6079",2024-09-14 17:00:00,"historie",2.74,0.470795047194522,NA,NA,NA
"6080",2024-09-14 18:00:00,"historie",2.54,1.25369666894377,NA,NA,NA
"6081",2024-09-14 19:00:00,"historie",2.69,1.75021094941401,NA,NA,NA
"6082",2024-09-14 20:00:00,"historie",3.16,1.61211078162984,NA,NA,NA
"6083",2024-09-14 21:00:00,"historie",3,1.77673412625495,NA,NA,NA
"6084",2024-09-14 22:00:00,"historie",21.56,2.45371152882797,NA,NA,NA
"6085",2024-09-14 23:00:00,"historie",2.54,2.59694787892701,NA,NA,NA
"6086",2024-09-15,"historie",2.41,2.38739216248954,NA,NA,NA
"6087",2024-09-15 01:00:00,"historie",2.08,2.72143714899336,NA,NA,NA
"6088",2024-09-15 02:00:00,"historie",1.92,2.56081438127299,NA,NA,NA
"6089",2024-09-15 03:00:00,"historie",1.87,2.70803480067721,NA,NA,NA
"6090",2024-09-15 04:00:00,"historie",1.56,3.13879674202706,NA,NA,NA
"6091",2024-09-15 05:00:00,"historie",1.35,3.01382514202066,NA,NA,NA
"6092",2024-09-15 06:00:00,"historie",1.29,17.3973182995531,NA,NA,NA
"6093",2024-09-15 07:00:00,"historie",1.62,2.66060899072979,NA,NA,NA
"6094",2024-09-15 08:00:00,"historie",1.53,2.54034749363017,NA,NA,NA
"6095",2024-09-15 09:00:00,"historie",1.55,2.22917270373261,NA,NA,NA
"6096",2024-09-15 10:00:00,"historie",1.42,2.07399514525479,NA,NA,NA
"6097",2024-09-15 11:00:00,"historie",1.38,2.02273415776535,NA,NA,NA
"6098",2024-09-15 12:00:00,"historie",1.54,1.71964026363563,NA,NA,NA
"6099",2024-09-15 13:00:00,"historie",1.95,1.508548342534,NA,NA,NA
"6100",2024-09-15 14:00:00,"historie",1.82,1.44387894037414,NA,NA,NA
"6101",2024-09-15 15:00:00,"historie",1.92,1.76102120415258,NA,NA,NA
"6102",2024-09-15 16:00:00,"historie",1.77,1.67183785958391,NA,NA,NA
"6103",2024-09-15 17:00:00,"historie",1.24,1.68857498069565,NA,NA,NA
"6104",2024-09-15 18:00:00,"historie",1.23,1.56041378099175,NA,NA,NA
"6105",2024-09-15 19:00:00,"historie",1.05,1.51870535370403,NA,NA,NA
"6106",2024-09-15 20:00:00,"historie",1.25,1.6709190326314,NA,NA,NA
"6107",2024-09-15 21:00:00,"historie",0.55,2.05845184517491,NA,NA,NA
"6108",2024-09-15 22:00:00,"historie",0.7,1.93849833901403,NA,NA,NA
"6109",2024-09-15 23:00:00,"historie",3,2.03363154907513,NA,NA,NA
"6110",2024-09-16,"historie",2.69,1.89367723482906,NA,NA,NA
"6111",2024-09-16 01:00:00,"historie",1.13,1.38140587645178,NA,NA,NA
"6112",2024-09-16 02:00:00,"historie",0.74,1.36803911943629,NA,NA,NA
"6113",2024-09-16 03:00:00,"historie",0.95,1.18625044000755,NA,NA,NA
"6114",2024-09-16 04:00:00,"historie",1.44,1.38017342703549,NA,NA,NA
"6115",2024-09-16 05:00:00,"historie",6.05,0.665497555536625,NA,NA,NA
"6116",2024-09-16 06:00:00,"historie",1.64,0.818069516085891,NA,NA,NA
"6117",2024-09-16 07:00:00,"historie",0.73,2.95898975282974,NA,NA,NA
"6118",2024-09-16 08:00:00,"historie",1,2.70433241309091,NA,NA,NA
"6119",2024-09-16 09:00:00,"historie",0.83,1.25973838964011,NA,NA,NA
"6120",2024-09-16 10:00:00,"historie",1.93,0.863770460845799,NA,NA,NA
"6121",2024-09-16 11:00:00,"historie",0.66,1.07266336253206,NA,NA,NA
"6122",2024-09-16 12:00:00,"historie",1.03,1.54728794803779,NA,NA,NA
"6123",2024-09-16 13:00:00,"historie",1.37,5.53010975206544,NA,NA,NA
"6124",2024-09-16 14:00:00,"historie",3.55,1.75825074302196,NA,NA,NA
"6125",2024-09-16 15:00:00,"historie",6.41,0.85816197248953,NA,NA,NA
"6126",2024-09-16 16:00:00,"historie",4.6,1.1279515647404,NA,NA,NA
"6127",2024-09-16 17:00:00,"historie",3.92,0.953664849316285,NA,NA,NA
"6128",2024-09-16 18:00:00,"historie",3.52,2.00788210709122,NA,NA,NA
"6129",2024-09-16 19:00:00,"historie",4.18,0.77778898008221,NA,NA,NA
"6130",2024-09-16 20:00:00,"historie",3.67,1.14799602492871,NA,NA,NA
"6131",2024-09-16 21:00:00,"historie",4.39,1.47638841975475,NA,NA,NA
"6132",2024-09-16 22:00:00,"historie",6.62,3.43762637918767,NA,NA,NA
"6133",2024-09-16 23:00:00,"historie",10.32,5.85124494210373,NA,NA,NA
"6134",2024-09-17,"historie",10.03,4.40971992886062,NA,NA,NA
"6135",2024-09-17 01:00:00,"historie",14.68,3.85536039114374,NA,NA,NA
"6136",2024-09-17 02:00:00,"historie",14.15,3.52334085099403,NA,NA,NA
"6137",2024-09-17 03:00:00,"historie",13.28,4.1193743403964,NA,NA,NA
"6138",2024-09-17 04:00:00,"historie",15.15,3.68785658024253,NA,NA,NA
"6139",2024-09-17 05:00:00,"historie",16.46,4.3364307271462,NA,NA,NA
"6140",2024-09-17 06:00:00,"historie",17.9,6.26753565898186,NA,NA,NA
"6141",2024-09-17 07:00:00,"historie",19.77,9.35328893423376,NA,NA,NA
"6142",2024-09-17 08:00:00,"historie",17.74,9.20380113198207,NA,NA,NA
"6143",2024-09-17 09:00:00,"historie",16.97,13.0029785068787,NA,NA,NA
"6144",2024-09-17 10:00:00,"historie",15.64,12.7085507596754,NA,NA,NA
"6145",2024-09-17 11:00:00,"historie",14.62,12.1125960453751,NA,NA,NA
"6146",2024-09-17 12:00:00,"historie",14.97,13.7056518346046,NA,NA,NA
"6147",2024-09-17 13:00:00,"historie",16.64,14.8536589265241,NA,NA,NA
"6148",2024-09-17 14:00:00,"historie",16.46,16.107475943652,NA,NA,NA
"6149",2024-09-17 15:00:00,"historie",15.87,17.7053627141912,NA,NA,NA
"6150",2024-09-17 16:00:00,"historie",13.95,16.1873053979566,NA,NA,NA
"6151",2024-09-17 17:00:00,"historie",12.73,15.6381083918141,NA,NA,NA
"6152",2024-09-17 18:00:00,"historie",12.35,14.6033597978794,NA,NA,NA
"6153",2024-09-17 19:00:00,"historie",13.83,13.7945531081804,NA,NA,NA
"6154",2024-09-17 20:00:00,"historie",16.44,14.1148002255802,NA,NA,NA
"6155",2024-09-17 21:00:00,"historie",30.9,15.5320992527881,NA,NA,NA
"6156",2024-09-17 22:00:00,"historie",45,15.4209967739545,NA,NA,NA
"6157",2024-09-17 23:00:00,"historie",18.71,14.9610048634222,NA,NA,NA
"6158",2024-09-18,"historie",16.38,13.3653717215293,NA,NA,NA
"6159",2024-09-18 01:00:00,"historie",20.05,12.328679030888,NA,NA,NA
"6160",2024-09-18 02:00:00,"historie",21.4,11.9979465919194,NA,NA,NA
"6161",2024-09-18 03:00:00,"historie",20.16,13.2578182872983,NA,NA,NA
"6162",2024-09-18 04:00:00,"historie",19.26,15.4603040106565,NA,NA,NA
"6163",2024-09-18 05:00:00,"historie",21.05,27.0975669830081,NA,NA,NA
"6164",2024-09-18 06:00:00,"historie",20.95,38.0497611097259,NA,NA,NA
"6165",2024-09-18 07:00:00,"historie",24.05,17.61832310139,NA,NA,NA
"6166",2024-09-18 08:00:00,"historie",24.73,15.6686583149076,NA,NA,NA
"6167",2024-09-18 09:00:00,"historie",22.72,18.7369787647155,NA,NA,NA
"6168",2024-09-18 10:00:00,"historie",18.59,19.8740837843558,NA,NA,NA
"6169",2024-09-18 11:00:00,"historie",18.53,18.8776523983672,NA,NA,NA
"6170",2024-09-18 12:00:00,"historie",16.45,18.1441348007684,NA,NA,NA
"6171",2024-09-18 13:00:00,"historie",12.55,19.6399373816916,NA,NA,NA
"6172",2024-09-18 14:00:00,"historie",11.25,19.5773856027507,NA,NA,NA
"6173",2024-09-18 15:00:00,"historie",12.15,22.1448496250987,NA,NA,NA
"6174",2024-09-18 16:00:00,"historie",11.2,22.7399409926295,NA,NA,NA
"6175",2024-09-18 17:00:00,"historie",12.68,21.1310470594582,NA,NA,NA
"6176",2024-09-18 18:00:00,"historie",13.8,17.7040606338269,NA,NA,NA
"6177",2024-09-18 19:00:00,"historie",14.92,17.6415473979714,NA,NA,NA
"6178",2024-09-18 20:00:00,"historie",36.75,15.8643590831349,NA,NA,NA
"6179",2024-09-18 21:00:00,"historie",23.03,12.4624288084652,NA,NA,NA
"6180",2024-09-18 22:00:00,"historie",17.6,11.2740216761415,NA,NA,NA
"6181",2024-09-18 23:00:00,"historie",17.76,12.0260116696512,NA,NA,NA
"6182",2024-09-19,"historie",17.42,11.1589578518331,NA,NA,NA
"6183",2024-09-19 01:00:00,"historie",15.3,12.4207692785191,NA,NA,NA
"6184",2024-09-19 02:00:00,"historie",14.18,13.3669829455493,NA,NA,NA
"6185",2024-09-19 03:00:00,"historie",24.9,14.313168572973,NA,NA,NA
"6186",2024-09-19 04:00:00,"historie",19.21,31.8278501985059,NA,NA,NA
"6187",2024-09-19 05:00:00,"historie",33.65,21.1699051195042,NA,NA,NA
"6188",2024-09-19 06:00:00,"historie",17.45,16.7178756061658,NA,NA,NA
"6189",2024-09-19 07:00:00,"historie",17.9,16.8531762533661,NA,NA,NA
"6190",2024-09-19 08:00:00,"historie",18.59,16.5684780809979,NA,NA,NA
"6191",2024-09-19 09:00:00,"historie",14.22,14.766928431976,NA,NA,NA
"6192",2024-09-19 10:00:00,"historie",10.92,13.7904388147869,NA,NA,NA
"6193",2024-09-19 11:00:00,"historie",8.1,22.6861409262629,NA,NA,NA
"6194",2024-09-19 12:00:00,"historie",8.08,18.0770942277797,NA,NA,NA
"6195",2024-09-19 13:00:00,"historie",9.03,29.7352829286445,NA,NA,NA
"6196",2024-09-19 14:00:00,"historie",9.33,16.6901275365014,NA,NA,NA
"6197",2024-09-19 15:00:00,"historie",10.55,17.0586466720825,NA,NA,NA
"6198",2024-09-19 16:00:00,"historie",11.3,17.6324521853832,NA,NA,NA
"6199",2024-09-19 17:00:00,"historie",12.26,13.9018670342158,NA,NA,NA
"6200",2024-09-19 18:00:00,"historie",14.87,10.9769978254476,NA,NA,NA
"6201",2024-09-19 19:00:00,"historie",13.8,8.39071352449584,NA,NA,NA
"6202",2024-09-19 20:00:00,"historie",12.82,8.32596796295746,NA,NA,NA
"6203",2024-09-19 21:00:00,"historie",12.55,9.14361780584911,NA,NA,NA
"6204",2024-09-19 22:00:00,"historie",11.87,9.38001449522147,NA,NA,NA
"6205",2024-09-19 23:00:00,"historie",13.94,10.430800217363,NA,NA,NA
"6206",2024-09-20,"historie",16.08,11.0688565554129,NA,NA,NA
"6207",2024-09-20 01:00:00,"historie",12.53,11.8890076581076,NA,NA,NA
"6208",2024-09-20 02:00:00,"historie",16.45,14.106514134856,NA,NA,NA
"6209",2024-09-20 03:00:00,"historie",10.93,13.2204891406476,NA,NA,NA
"6210",2024-09-20 04:00:00,"historie",10.16,12.3923543064865,NA,NA,NA
"6211",2024-09-20 05:00:00,"historie",10.25,12.1606951478966,NA,NA,NA
"6212",2024-09-20 06:00:00,"historie",10.69,11.5728555711791,NA,NA,NA
"6213",2024-09-20 07:00:00,"historie",13.31,13.3383912344048,NA,NA,NA
"6214",2024-09-20 08:00:00,"historie",14.64,15.1499352986648,NA,NA,NA
"6215",2024-09-20 09:00:00,"historie",14.72,12.1644066369841,NA,NA,NA
"6216",2024-09-20 10:00:00,"historie",11.47,15.479241721914,NA,NA,NA
"6217",2024-09-20 11:00:00,"historie",10.88,10.7911389219721,NA,NA,NA
"6218",2024-09-20 12:00:00,"historie",8.95,10.0987079839153,NA,NA,NA
"6219",2024-09-20 13:00:00,"historie",6.1,10.1587148450498,NA,NA,NA
"6220",2024-09-20 14:00:00,"historie",6.16,10.5276602531648,NA,NA,NA
"6221",2024-09-20 15:00:00,"historie",6.35,12.7724332005168,NA,NA,NA
"6222",2024-09-20 16:00:00,"historie",5.59,13.9074533138484,NA,NA,NA
"6223",2024-09-20 17:00:00,"historie",4.95,13.9932061406599,NA,NA,NA
"6224",2024-09-20 18:00:00,"historie",5.46,11.2297708322092,NA,NA,NA
"6225",2024-09-20 19:00:00,"historie",11.35,10.7074272298053,NA,NA,NA
"6226",2024-09-20 20:00:00,"historie",9.97,8.99525021512064,NA,NA,NA
"6227",2024-09-20 21:00:00,"historie",15.9,6.38762775080961,NA,NA,NA
"6228",2024-09-20 22:00:00,"historie",10.92,6.41135593563151,NA,NA,NA
"6229",2024-09-20 23:00:00,"historie",9.22,6.55824416889319,NA,NA,NA
"6230",2024-09-21,"historie",9.03,5.83670913759848,NA,NA,NA
"6231",2024-09-21 01:00:00,"historie",12.93,5.21905139390423,NA,NA,NA
"6232",2024-09-21 02:00:00,"historie",12.13,5.66789907610426,NA,NA,NA
"6233",2024-09-21 03:00:00,"historie",16.02,10.8102290853708,NA,NA,NA
"6234",2024-09-21 04:00:00,"historie",17,9.66224952407532,NA,NA,NA
"6235",2024-09-21 05:00:00,"historie",11.85,14.6355975083618,NA,NA,NA
"6236",2024-09-21 06:00:00,"historie",11.64,10.5382243710562,NA,NA,NA
"6237",2024-09-21 07:00:00,"historie",24.72,9.08192834633991,NA,NA,NA
"6238",2024-09-21 08:00:00,"historie",13.82,8.91489950420886,NA,NA,NA
"6239",2024-09-21 09:00:00,"historie",11.15,12.2533262823864,NA,NA,NA
"6240",2024-09-21 10:00:00,"historie",8.49,11.6072969888822,NA,NA,NA
"6241",2024-09-21 11:00:00,"historie",6,14.879096318877,NA,NA,NA
"6242",2024-09-21 12:00:00,"historie",5.33,15.7392985755249,NA,NA,NA
"6243",2024-09-21 13:00:00,"historie",6.32,11.4700309711161,NA,NA,NA
"6244",2024-09-21 14:00:00,"historie",5.22,11.2945786916275,NA,NA,NA
"6245",2024-09-21 15:00:00,"historie",4.53,22.0296211868701,NA,NA,NA
"6246",2024-09-21 16:00:00,"historie",4.9,13.2318790475386,NA,NA,NA
"6247",2024-09-21 17:00:00,"historie",5.25,10.9470454801362,NA,NA,NA
"6248",2024-09-21 18:00:00,"historie",4.95,8.58916847109099,NA,NA,NA
"6249",2024-09-21 19:00:00,"historie",7.78,6.2958505638439,NA,NA,NA
"6250",2024-09-21 20:00:00,"historie",12.05,5.63977619502149,NA,NA,NA
"6251",2024-09-21 21:00:00,"historie",11.65,6.52467412957544,NA,NA,NA
"6252",2024-09-21 22:00:00,"historie",21.37,5.48848561469723,NA,NA,NA
"6253",2024-09-21 23:00:00,"historie",15.78,4.81892886001385,NA,NA,NA
"6254",2024-09-22,"historie",8.28,5.14107470163514,NA,NA,NA
"6255",2024-09-22 01:00:00,"historie",8.36,5.4451360037418,NA,NA,NA
"6256",2024-09-22 02:00:00,"historie",8.74,5.15419530607138,NA,NA,NA
"6257",2024-09-22 03:00:00,"historie",8.72,7.67446443394437,NA,NA,NA
"6258",2024-09-22 04:00:00,"historie",7.55,11.3215473339805,NA,NA,NA
"6259",2024-09-22 05:00:00,"historie",7.65,11.032123605755,NA,NA,NA
"6260",2024-09-22 06:00:00,"historie",7,18.9542777278085,NA,NA,NA
"6261",2024-09-22 07:00:00,"historie",7.38,14.5932457704005,NA,NA,NA
"6262",2024-09-22 08:00:00,"historie",7.92,8.27288250223064,NA,NA,NA
"6263",2024-09-22 09:00:00,"historie",9.82,8.33467294531867,NA,NA,NA
"6264",2024-09-22 10:00:00,"historie",8.08,8.66214002533288,NA,NA,NA
"6265",2024-09-22 11:00:00,"historie",7.15,8.64080455211948,NA,NA,NA
"6266",2024-09-22 12:00:00,"historie",7.05,7.60157745768109,NA,NA,NA
"6267",2024-09-22 13:00:00,"historie",6.41,7.67988976721365,NA,NA,NA
"6268",2024-09-22 14:00:00,"historie",6.21,7.09032019829047,NA,NA,NA
"6269",2024-09-22 15:00:00,"historie",6.21,7.41824640798705,NA,NA,NA
"6270",2024-09-22 16:00:00,"historie",8.53,7.88922510377848,NA,NA,NA
"6271",2024-09-22 17:00:00,"historie",10.95,9.54253108675668,NA,NA,NA
"6272",2024-09-22 18:00:00,"historie",7.15,8.03723884250475,NA,NA,NA
"6273",2024-09-22 19:00:00,"historie",7.58,7.20887543710545,NA,NA,NA
"6274",2024-09-22 20:00:00,"historie",8.32,7.11075587444304,NA,NA,NA
"6275",2024-09-22 21:00:00,"historie",11.55,6.52771575986659,NA,NA,NA
"6276",2024-09-22 22:00:00,"historie",8.9,6.33582622468667,NA,NA,NA
"6277",2024-09-22 23:00:00,"historie",8.77,6.32474121735241,NA,NA,NA
"6278",2024-09-23,"historie",8.15,8.36780201120284,NA,NA,NA
"6279",2024-09-23 01:00:00,"historie",11.97,10.4527083323934,NA,NA,NA
"6280",2024-09-23 02:00:00,"historie",7.6,7.18286477789053,NA,NA,NA
"6281",2024-09-23 03:00:00,"historie",7.05,7.55892438326259,NA,NA,NA
"6282",2024-09-23 04:00:00,"historie",8.97,8.20792487098499,NA,NA,NA
"6283",2024-09-23 05:00:00,"historie",7.97,10.9841309210301,NA,NA,NA
"6284",2024-09-23 06:00:00,"historie",9.75,8.74289775660204,NA,NA,NA
"6285",2024-09-23 07:00:00,"historie",8.41,8.63468645659366,NA,NA,NA
"6286",2024-09-23 08:00:00,"historie",10.21,8.09454484051305,NA,NA,NA
"6287",2024-09-23 09:00:00,"historie",15.97,11.3797185084708,NA,NA,NA
"6288",2024-09-23 10:00:00,"historie",13.9,7.62753275557964,NA,NA,NA
"6289",2024-09-23 11:00:00,"historie",13.56,7.12884656298425,NA,NA,NA
"6290",2024-09-23 12:00:00,"historie",14.55,8.81338019470412,NA,NA,NA
"6291",2024-09-23 13:00:00,"historie",11.46,7.94068341102222,NA,NA,NA
"6292",2024-09-23 14:00:00,"historie",5.92,9.49084355874135,NA,NA,NA
"6293",2024-09-23 15:00:00,"historie",6.24,8.33432102232909,NA,NA,NA
"6294",2024-09-23 16:00:00,"historie",5.78,9.89722297266951,NA,NA,NA
"6295",2024-09-23 17:00:00,"historie",6.54,14.7356043935765,NA,NA,NA
"6296",2024-09-23 18:00:00,"historie",7.42,13.0881622441975,NA,NA,NA
"6297",2024-09-23 19:00:00,"historie",11.18,12.841636024135,NA,NA,NA
"6298",2024-09-23 20:00:00,"historie",10.97,13.7024141543864,NA,NA,NA
"6299",2024-09-23 21:00:00,"historie",17.85,11.1175974262323,NA,NA,NA
"6300",2024-09-23 22:00:00,"historie",13.46,6.19281808613907,NA,NA,NA
"6301",2024-09-23 23:00:00,"historie",22.89,6.45991121131191,NA,NA,NA
"6302",2024-09-24,"historie",12.97,6.01470970460196,NA,NA,NA
"6303",2024-09-24 01:00:00,"historie",13.13,6.68654188957178,NA,NA,NA
"6304",2024-09-24 02:00:00,"historie",23.5,7.46151803273965,NA,NA,NA
"6305",2024-09-24 03:00:00,"historie",10.49,10.7209282492785,NA,NA,NA
"6306",2024-09-24 04:00:00,"historie",11.45,10.5647244571709,NA,NA,NA
"6307",2024-09-24 05:00:00,"historie",12.24,16.2960338012532,NA,NA,NA
"6308",2024-09-24 06:00:00,"historie",12.75,12.7531909287335,NA,NA,NA
"6309",2024-09-24 07:00:00,"historie",16.15,20.4708257455946,NA,NA,NA
"6310",2024-09-24 08:00:00,"historie",18.95,12.4459335824651,NA,NA,NA
"6311",2024-09-24 09:00:00,"historie",18.15,12.5958158534142,NA,NA,NA
"6312",2024-09-24 10:00:00,"historie",16.8,21.1270720368163,NA,NA,NA
"6313",2024-09-24 11:00:00,"historie",14.18,10.3880115428195,NA,NA,NA
"6314",2024-09-24 12:00:00,"historie",8.08,11.2111446528302,NA,NA,NA
"6315",2024-09-24 13:00:00,"historie",1.95,11.8877099846776,NA,NA,NA
"6316",2024-09-24 14:00:00,"historie",2.89,12.3259665066443,NA,NA,NA
"6317",2024-09-24 15:00:00,"historie",6.87,15.2049448058852,NA,NA,NA
"6318",2024-09-24 16:00:00,"historie",4.2,17.5564907009507,NA,NA,NA
"6319",2024-09-24 17:00:00,"historie",2.46,16.9481705503006,NA,NA,NA
"6320",2024-09-24 18:00:00,"historie",2.08,15.8619499046799,NA,NA,NA
"6321",2024-09-24 19:00:00,"historie",19.49,13.6676403009029,NA,NA,NA
"6322",2024-09-24 20:00:00,"historie",6.21,8.30064223355603,NA,NA,NA
"6323",2024-09-24 21:00:00,"historie",2.62,2.34359925545303,NA,NA,NA
"6324",2024-09-24 22:00:00,"historie",4.87,3.27484595313722,NA,NA,NA
"6325",2024-09-24 23:00:00,"historie",24.71,6.98998370460122,NA,NA,NA
"6326",2024-09-25,"historie",4.49,4.50968968517208,NA,NA,NA
"6327",2024-09-25 01:00:00,"historie",9.37,2.79146212878588,NA,NA,NA
"6328",2024-09-25 02:00:00,"historie",8.53,2.38477332649867,NA,NA,NA
"6329",2024-09-25 03:00:00,"historie",4.84,17.1878115651754,NA,NA,NA
"6330",2024-09-25 04:00:00,"historie",3.8,6.29011453798014,NA,NA,NA
"6331",2024-09-25 05:00:00,"historie",2.89,2.92437484993913,NA,NA,NA
"6332",2024-09-25 06:00:00,"historie",6.47,5.03138238561186,NA,NA,NA
"6333",2024-09-25 07:00:00,"historie",3.13,21.2039846275723,NA,NA,NA
"6334",2024-09-25 08:00:00,"historie",3.79,4.72482714986096,NA,NA,NA
"6335",2024-09-25 09:00:00,"historie",5.08,9.04153926049716,NA,NA,NA
"6336",2024-09-25 10:00:00,"historie",4.54,8.34070266905612,NA,NA,NA
"6337",2024-09-25 11:00:00,"historie",2.46,5.05447361424812,NA,NA,NA
"6338",2024-09-25 12:00:00,"historie",4.22,4.06715135361723,NA,NA,NA
"6339",2024-09-25 13:00:00,"historie",2,3.17700110088417,NA,NA,NA
"6340",2024-09-25 14:00:00,"historie",6.08,6.45420108986785,NA,NA,NA
"6341",2024-09-25 15:00:00,"historie",4.06,3.39331671232065,NA,NA,NA
"6342",2024-09-25 16:00:00,"historie",2.75,4.00227749828026,NA,NA,NA
"6343",2024-09-25 17:00:00,"historie",6.47,5.1758822686023,NA,NA,NA
"6344",2024-09-25 18:00:00,"historie",8.78,4.68453687228719,NA,NA,NA
"6345",2024-09-25 19:00:00,"historie",2.94,2.71835607155545,NA,NA,NA
"6346",2024-09-25 20:00:00,"historie",4.59,4.36306125348596,NA,NA,NA
"6347",2024-09-25 21:00:00,"historie",6.95,2.24886089112506,NA,NA,NA
"6348",2024-09-25 22:00:00,"historie",7.03,5.99015825877362,NA,NA,NA
"6349",2024-09-25 23:00:00,"historie",3.71,4.19941787115949,NA,NA,NA
"6350",2024-09-26,"historie",26.95,2.97141692327329,NA,NA,NA
"6351",2024-09-26 01:00:00,"historie",15.85,6.32390454477327,NA,NA,NA
"6352",2024-09-26 02:00:00,"historie",8.49,8.31870397093375,NA,NA,NA
"6353",2024-09-26 03:00:00,"historie",4.87,3.17004790269033,NA,NA,NA
"6354",2024-09-26 04:00:00,"historie",5.42,4.68913702655277,NA,NA,NA
"6355",2024-09-26 05:00:00,"historie",6.77,6.77582347060271,NA,NA,NA
"6356",2024-09-26 06:00:00,"historie",7.26,6.8677442876044,NA,NA,NA
"6357",2024-09-26 07:00:00,"historie",7.18,3.90836935036527,NA,NA,NA
"6358",2024-09-26 08:00:00,"historie",7.47,22.6288083122746,NA,NA,NA
"6359",2024-09-26 09:00:00,"historie",9.45,14.3174536101691,NA,NA,NA
"6360",2024-09-26 10:00:00,"historie",9.12,8.29222862653219,NA,NA,NA
"6361",2024-09-26 11:00:00,"historie",4.31,5.07500030364437,NA,NA,NA
"6362",2024-09-26 12:00:00,"historie",2.62,5.56588715295074,NA,NA,NA
"6363",2024-09-26 13:00:00,"historie",7.05,6.76948138820731,NA,NA,NA
"6364",2024-09-26 14:00:00,"historie",3.92,7.20508896036056,NA,NA,NA
"6365",2024-09-26 15:00:00,"historie",7.51,7.14090885579936,NA,NA,NA
"6366",2024-09-26 16:00:00,"historie",9.03,7.40116745270682,NA,NA,NA
"6367",2024-09-26 17:00:00,"historie",8.89,9.12496462045155,NA,NA,NA
"6368",2024-09-26 18:00:00,"historie",5.78,8.86439576402329,NA,NA,NA
"6369",2024-09-26 19:00:00,"historie",8.21,4.56959166350295,NA,NA,NA
"6370",2024-09-26 20:00:00,"historie",4.53,2.9276997873231,NA,NA,NA
"6371",2024-09-26 21:00:00,"historie",5.03,6.99228463070615,NA,NA,NA
"6372",2024-09-26 22:00:00,"historie",1.95,4.16015471083662,NA,NA,NA
"6373",2024-09-26 23:00:00,"historie",3.06,7.37921897487834,NA,NA,NA
"6374",2024-09-27,"historie",0.79,8.70594614828988,NA,NA,NA
"6375",2024-09-27 01:00:00,"historie",1.51,8.61239349360739,NA,NA,NA
"6376",2024-09-27 02:00:00,"historie",2.85,5.89456384107003,NA,NA,NA
"6377",2024-09-27 03:00:00,"historie",4.03,8.03854936138801,NA,NA,NA
"6378",2024-09-27 04:00:00,"historie",1.8,4.75303148066918,NA,NA,NA
"6379",2024-09-27 05:00:00,"historie",1.55,5.20045466846637,NA,NA,NA
"6380",2024-09-27 06:00:00,"historie",1.23,2.24075022320835,NA,NA,NA
"6381",2024-09-27 07:00:00,"historie",3.16,3.31267377094436,NA,NA,NA
"6382",2024-09-27 08:00:00,"historie",4.47,0.992944159960105,NA,NA,NA
"6383",2024-09-27 09:00:00,"historie",2.39,1.73950303292907,NA,NA,NA
"6384",2024-09-27 10:00:00,"historie",1.55,3.03316831121916,NA,NA,NA
"6385",2024-09-27 11:00:00,"historie",2.69,4.11731846030433,NA,NA,NA
"6386",2024-09-27 12:00:00,"historie",1.87,2.01728254347407,NA,NA,NA
"6387",2024-09-27 13:00:00,"historie",1.51,1.75805212752065,NA,NA,NA
"6388",2024-09-27 14:00:00,"historie",1.35,1.4243447037901,NA,NA,NA
"6389",2024-09-27 15:00:00,"historie",3.08,3.26686393918604,NA,NA,NA
"6390",2024-09-27 16:00:00,"historie",3.31,4.44895226459158,NA,NA,NA
"6391",2024-09-27 17:00:00,"historie",0.87,2.56325197187628,NA,NA,NA
"6392",2024-09-27 18:00:00,"historie",1.2,1.74357836876058,NA,NA,NA
"6393",2024-09-27 19:00:00,"historie",3.85,2.83012598649837,NA,NA,NA
"6394",2024-09-27 20:00:00,"historie",1.97,2.05063917284586,NA,NA,NA
"6395",2024-09-27 21:00:00,"historie",6.68,1.69223180419922,NA,NA,NA
"6396",2024-09-27 22:00:00,"historie",1.9,1.52645440134352,NA,NA,NA
"6397",2024-09-27 23:00:00,"historie",1.44,3.15864393749625,NA,NA,NA
"6398",2024-09-28,"historie",2.3,3.37536918786517,NA,NA,NA
"6399",2024-09-28 01:00:00,"historie",2.72,1.03506110495802,NA,NA,NA
"6400",2024-09-28 02:00:00,"historie",2.42,1.36621855447027,NA,NA,NA
"6401",2024-09-28 03:00:00,"historie",1.97,3.8246292339001,NA,NA,NA
"6402",2024-09-28 04:00:00,"historie",2.85,2.12195837238929,NA,NA,NA
"6403",2024-09-28 05:00:00,"historie",2.18,6.26150967809078,NA,NA,NA
"6404",2024-09-28 06:00:00,"historie",5.03,2.07134282159033,NA,NA,NA
"6405",2024-09-28 07:00:00,"historie",2.62,1.6169494767298,NA,NA,NA
"6406",2024-09-28 08:00:00,"historie",1.15,2.44011592861177,NA,NA,NA
"6407",2024-09-28 09:00:00,"historie",1.87,2.83208338336453,NA,NA,NA
"6408",2024-09-28 10:00:00,"historie",1.88,2.5570788082393,NA,NA,NA
"6409",2024-09-28 11:00:00,"historie",2.53,2.131595779421,NA,NA,NA
"6410",2024-09-28 12:00:00,"historie",2.72,2.95396311335163,NA,NA,NA
"6411",2024-09-28 13:00:00,"historie",3.03,2.33325219583973,NA,NA,NA
"6412",2024-09-28 14:00:00,"historie",2.62,4.89461465792379,NA,NA,NA
"6413",2024-09-28 15:00:00,"historie",2.74,2.76109521379823,NA,NA,NA
"6414",2024-09-28 16:00:00,"historie",2.75,1.33079639674663,NA,NA,NA
"6415",2024-09-28 17:00:00,"historie",2.97,2.03590692012627,NA,NA,NA
"6416",2024-09-28 18:00:00,"historie",4.29,2.04236434260727,NA,NA,NA
"6417",2024-09-28 19:00:00,"historie",3.23,2.654020853664,NA,NA,NA
"6418",2024-09-28 20:00:00,"historie",2.78,2.83299093165141,NA,NA,NA
"6419",2024-09-28 21:00:00,"historie",2.49,3.12206918905069,NA,NA,NA
"6420",2024-09-28 22:00:00,"historie",2.82,2.75020273496235,NA,NA,NA
"6421",2024-09-28 23:00:00,"historie",3.46,2.86376038027567,NA,NA,NA
"6422",2024-09-29,"historie",3.85,2.87588944889117,NA,NA,NA
"6423",2024-09-29 01:00:00,"historie",18.16,3.08177174226593,NA,NA,NA
"6424",2024-09-29 02:00:00,"historie",5.92,4.27559903980353,NA,NA,NA
"6425",2024-09-29 03:00:00,"historie",3.34,3.33750900847844,NA,NA,NA
"6426",2024-09-29 04:00:00,"historie",3.4,2.92572221478813,NA,NA,NA
"6427",2024-09-29 05:00:00,"historie",2.47,2.65361480655587,NA,NA,NA
"6428",2024-09-29 06:00:00,"historie",3.12,2.96095351374349,NA,NA,NA
"6429",2024-09-29 07:00:00,"historie",11.64,3.55063359292126,NA,NA,NA
"6430",2024-09-29 08:00:00,"historie",5.54,3.91017858500356,NA,NA,NA
"6431",2024-09-29 09:00:00,"historie",4.08,15.5068386426579,NA,NA,NA
"6432",2024-09-29 10:00:00,"historie",3.5,5.8184454911597,NA,NA,NA
"6433",2024-09-29 11:00:00,"historie",2.95,3.51527701338919,NA,NA,NA
"6434",2024-09-29 12:00:00,"historie",2.28,3.56722538952321,NA,NA,NA
"6435",2024-09-29 13:00:00,"historie",2.92,2.68478714779668,NA,NA,NA
"6436",2024-09-29 14:00:00,"historie",2.33,3.29242050906964,NA,NA,NA
"6437",2024-09-29 15:00:00,"historie",2.13,10.5701813781413,NA,NA,NA
"6438",2024-09-29 16:00:00,"historie",2.22,5.52159673309883,NA,NA,NA
"6439",2024-09-29 17:00:00,"historie",2.46,4.21963703643687,NA,NA,NA
"6440",2024-09-29 18:00:00,"historie",2.79,3.68232360775236,NA,NA,NA
"6441",2024-09-29 19:00:00,"historie",4.9,3.16009876632111,NA,NA,NA
"6442",2024-09-29 20:00:00,"historie",7.82,2.50856094978646,NA,NA,NA
"6443",2024-09-29 21:00:00,"historie",8.28,3.11118786726064,NA,NA,NA
"6444",2024-09-29 22:00:00,"historie",12.84,2.54248564376603,NA,NA,NA
"6445",2024-09-29 23:00:00,"historie",9.23,2.34052102849341,NA,NA,NA
"6446",2024-09-30,"historie",9.26,2.4196014950267,NA,NA,NA
"6447",2024-09-30 01:00:00,"historie",11.62,2.64294912044278,NA,NA,NA
"6448",2024-09-30 02:00:00,"historie",12.79,2.95023619366997,NA,NA,NA
"6449",2024-09-30 03:00:00,"historie",13.68,4.85869128962467,NA,NA,NA
"6450",2024-09-30 04:00:00,"historie",8.62,7.3817985647602,NA,NA,NA
"6451",2024-09-30 05:00:00,"historie",9.64,7.81849860210104,NA,NA,NA
"6452",2024-09-30 06:00:00,"historie",8.61,11.6101732140402,NA,NA,NA
"6453",2024-09-30 07:00:00,"historie",10.38,8.74128301075164,NA,NA,NA
"6454",2024-09-30 08:00:00,"historie",11.87,8.81325277525633,NA,NA,NA
"6455",2024-09-30 09:00:00,"historie",5.77,10.8291983962484,NA,NA,NA
"6456",2024-09-30 10:00:00,"historie",4.13,11.8593863865675,NA,NA,NA
"6457",2024-09-30 11:00:00,"historie",4.03,12.6616691391287,NA,NA,NA
"6458",2024-09-30 12:00:00,"historie",4.76,8.45425836960151,NA,NA,NA
"6459",2024-09-30 13:00:00,"historie",3.2,9.34933147976885,NA,NA,NA
"6460",2024-09-30 14:00:00,"historie",3.44,8.47602030067058,NA,NA,NA
"6461",2024-09-30 15:00:00,"historie",3,10.0145238297058,NA,NA,NA
"6462",2024-09-30 16:00:00,"historie",6.89,11.3052147849493,NA,NA,NA
"6463",2024-09-30 17:00:00,"historie",4.45,5.98158209478385,NA,NA,NA
"6464",2024-09-30 18:00:00,"historie",4.82,4.43469628919777,NA,NA,NA
"6465",2024-09-30 19:00:00,"historie",5.45,4.31823032732123,NA,NA,NA
"6466",2024-09-30 20:00:00,"historie",8.77,4.98284378793074,NA,NA,NA
"6467",2024-09-30 21:00:00,"historie",9.26,3.49467021399354,NA,NA,NA
"6468",2024-09-30 22:00:00,"historie",8.55,3.7064309110811,NA,NA,NA
"6469",2024-09-30 23:00:00,"historie",9.4,3.26944187509036,NA,NA,NA
"6470",2024-10-01,"historie",9.76,6.80214245468114,NA,NA,NA
"6471",2024-10-01 01:00:00,"historie",11.45,4.62634018195915,NA,NA,NA
"6472",2024-10-01 02:00:00,"historie",10.95,4.9590663274666,NA,NA,NA
"6473",2024-10-01 03:00:00,"historie",10.62,5.52640139462902,NA,NA,NA
"6474",2024-10-01 04:00:00,"historie",9.84,8.42949164084118,NA,NA,NA
"6475",2024-10-01 05:00:00,"historie",8.8,8.8802703952535,NA,NA,NA
"6476",2024-10-01 06:00:00,"historie",7.79,8.30550204722466,NA,NA,NA
"6477",2024-10-01 07:00:00,"historie",7.87,9.05857895707413,NA,NA,NA
"6478",2024-10-01 08:00:00,"historie",7.56,9.39485208781325,NA,NA,NA
"6479",2024-10-01 09:00:00,"historie",7.5,10.8567272982741,NA,NA,NA
"6480",2024-10-01 10:00:00,"historie",7.76,10.4754956371263,NA,NA,NA
"6481",2024-10-01 11:00:00,"historie",8.5,10.226138199084,NA,NA,NA
"6482",2024-10-01 12:00:00,"historie",9.97,9.58069247339109,NA,NA,NA
"6483",2024-10-01 13:00:00,"historie",11.1,8.69093089709732,NA,NA,NA
"6484",2024-10-01 14:00:00,"historie",12.26,7.804782697302,NA,NA,NA
"6485",2024-10-01 15:00:00,"historie",12,7.8724883907014,NA,NA,NA
"6486",2024-10-01 16:00:00,"historie",10.7,7.59469967523431,NA,NA,NA
"6487",2024-10-01 17:00:00,"historie",14.32,7.53707051445432,NA,NA,NA
"6488",2024-10-01 18:00:00,"historie",14.95,7.76409737543779,NA,NA,NA
"6489",2024-10-01 19:00:00,"historie",17.6,8.41532381781142,NA,NA,NA
"6490",2024-10-01 20:00:00,"historie",14.89,9.69860389831892,NA,NA,NA
"6491",2024-10-01 21:00:00,"historie",15.65,10.6845674902689,NA,NA,NA
"6492",2024-10-01 22:00:00,"historie",12,11.694949417125,NA,NA,NA
"6493",2024-10-01 23:00:00,"historie",11,11.5057239898858,NA,NA,NA
"6494",2024-10-02,"historie",6.21,10.4163977648081,NA,NA,NA
"6495",2024-10-02 01:00:00,"historie",5.1,13.5021828671155,NA,NA,NA
"6496",2024-10-02 02:00:00,"historie",9.68,14.0714617098651,NA,NA,NA
"6497",2024-10-02 03:00:00,"historie",11.95,16.3120501597455,NA,NA,NA
"6498",2024-10-02 04:00:00,"historie",17.05,14.119368633765,NA,NA,NA
"6499",2024-10-02 05:00:00,"historie",13.3,14.7887452491048,NA,NA,NA
"6500",2024-10-02 06:00:00,"historie",11.89,11.7128055387321,NA,NA,NA
"6501",2024-10-02 07:00:00,"historie",7.1,10.8434352947214,NA,NA,NA
"6502",2024-10-02 08:00:00,"historie",7.37,6.52732886961638,NA,NA,NA
"6503",2024-10-02 09:00:00,"historie",8.7,5.45532767492813,NA,NA,NA
"6504",2024-10-02 10:00:00,"historie",7.21,9.57462630824712,NA,NA,NA
"6505",2024-10-02 11:00:00,"historie",4.97,11.5387636066355,NA,NA,NA
"6506",2024-10-02 12:00:00,"historie",2.97,15.8354290254009,NA,NA,NA
"6507",2024-10-02 13:00:00,"historie",6.56,12.7545601989367,NA,NA,NA
"6508",2024-10-02 14:00:00,"historie",2.59,11.5660484663519,NA,NA,NA
"6509",2024-10-02 15:00:00,"historie",2.17,7.32601207165493,NA,NA,NA
"6510",2024-10-02 16:00:00,"historie",2.24,7.54699164514899,NA,NA,NA
"6511",2024-10-02 17:00:00,"historie",2.88,8.7196015344501,NA,NA,NA
"6512",2024-10-02 18:00:00,"historie",3.92,7.3735414643567,NA,NA,NA
"6513",2024-10-02 19:00:00,"historie",16,5.28906824748843,NA,NA,NA
"6514",2024-10-02 20:00:00,"historie",10.62,3.33437226746224,NA,NA,NA
"6515",2024-10-02 21:00:00,"historie",5.4,6.67804323630808,NA,NA,NA
"6516",2024-10-02 22:00:00,"historie",4.05,2.92598073032294,NA,NA,NA
"6517",2024-10-02 23:00:00,"historie",5.44,2.48132579607337,NA,NA,NA
"6518",2024-10-03,"historie",5.74,2.53109209557135,NA,NA,NA
"6519",2024-10-03 01:00:00,"historie",1.5,3.14071926703222,NA,NA,NA
"6520",2024-10-03 02:00:00,"historie",1.37,4.11040853147528,NA,NA,NA
"6521",2024-10-03 03:00:00,"historie",2.25,14.2842887823766,NA,NA,NA
"6522",2024-10-03 04:00:00,"historie",2.89,10.0237329727395,NA,NA,NA
"6523",2024-10-03 05:00:00,"historie",5.59,5.53050033173085,NA,NA,NA
"6524",2024-10-03 06:00:00,"historie",4.57,4.28259766930843,NA,NA,NA
"6525",2024-10-03 07:00:00,"historie",6.5,5.54824900554106,NA,NA,NA
"6526",2024-10-03 08:00:00,"historie",7.38,5.81773950936787,NA,NA,NA
"6527",2024-10-03 09:00:00,"historie",5.18,1.77049517378553,NA,NA,NA
"6528",2024-10-03 10:00:00,"historie",5.32,1.61786609265855,NA,NA,NA
"6529",2024-10-03 11:00:00,"historie",3.5,2.48870660603046,NA,NA,NA
"6530",2024-10-03 12:00:00,"historie",2.08,3.09354228496133,NA,NA,NA
"6531",2024-10-03 13:00:00,"historie",2.15,5.54158570806587,NA,NA,NA
"6532",2024-10-03 14:00:00,"historie",1.51,4.64976028607383,NA,NA,NA
"6533",2024-10-03 15:00:00,"historie",1.72,6.36275386636005,NA,NA,NA
"6534",2024-10-03 16:00:00,"historie",2.1,7.14772199544728,NA,NA,NA
"6535",2024-10-03 17:00:00,"historie",1.51,5.24448449948282,NA,NA,NA
"6536",2024-10-03 18:00:00,"historie",2.33,5.37578251743494,NA,NA,NA
"6537",2024-10-03 19:00:00,"historie",5.88,3.71283201541676,NA,NA,NA
"6538",2024-10-03 20:00:00,"historie",1.15,2.33559472303101,NA,NA,NA
"6539",2024-10-03 21:00:00,"historie",3.16,2.39143154257203,NA,NA,NA
"6540",2024-10-03 22:00:00,"historie",2.5,1.73986964977734,NA,NA,NA
"6541",2024-10-03 23:00:00,"historie",2.41,1.93955033349841,NA,NA,NA
"6542",2024-10-04,"historie",1.4,2.30354048601732,NA,NA,NA
"6543",2024-10-04 01:00:00,"historie",5.21,1.71446941355956,NA,NA,NA
"6544",2024-10-04 02:00:00,"historie",3.05,2.5060618195057,NA,NA,NA
"6545",2024-10-04 03:00:00,"historie",3.37,5.6879546792982,NA,NA,NA
"6546",2024-10-04 04:00:00,"historie",3.15,1.34632698708144,NA,NA,NA
"6547",2024-10-04 05:00:00,"historie",3.5,3.27609820294519,NA,NA,NA
"6548",2024-10-04 06:00:00,"historie",3.56,2.66534009020631,NA,NA,NA
"6549",2024-10-04 07:00:00,"historie",3.79,2.57877825723607,NA,NA,NA
"6550",2024-10-04 08:00:00,"historie",4.08,1.59201562964719,NA,NA,NA
"6551",2024-10-04 09:00:00,"historie",4.12,5.08102262732309,NA,NA,NA
"6552",2024-10-04 10:00:00,"historie",3.75,3.17863408061112,NA,NA,NA
"6553",2024-10-04 11:00:00,"historie",4.65,3.47614952331897,NA,NA,NA
"6554",2024-10-04 12:00:00,"historie",4.92,3.27951921871796,NA,NA,NA
"6555",2024-10-04 13:00:00,"historie",4.21,3.60400982878859,NA,NA,NA
"6556",2024-10-04 14:00:00,"historie",4.28,3.66460843747824,NA,NA,NA
"6557",2024-10-04 15:00:00,"historie",4.28,3.87973598845251,NA,NA,NA
"6558",2024-10-04 16:00:00,"historie",3.64,4.14937403790068,NA,NA,NA
"6559",2024-10-04 17:00:00,"historie",2.82,4.19440591729555,NA,NA,NA
"6560",2024-10-04 18:00:00,"historie",3.97,3.86620498276446,NA,NA,NA
"6561",2024-10-04 19:00:00,"historie",4.15,4.68339242704319,NA,NA,NA
"6562",2024-10-04 20:00:00,"historie",4.66,4.93604257158481,NA,NA,NA
"6563",2024-10-04 21:00:00,"historie",4.7,4.31023245401635,NA,NA,NA
"6564",2024-10-04 22:00:00,"historie",4.92,4.37867217621754,NA,NA,NA
"6565",2024-10-04 23:00:00,"historie",5.24,4.38357162874424,NA,NA,NA
"6566",2024-10-05,"historie",5.67,3.80088337383153,NA,NA,NA
"6567",2024-10-05 01:00:00,"historie",6.64,3.03002737871025,NA,NA,NA
"6568",2024-10-05 02:00:00,"historie",6.2,4.09448477369886,NA,NA,NA
"6569",2024-10-05 03:00:00,"historie",5.54,4.26132839387183,NA,NA,NA
"6570",2024-10-05 04:00:00,"historie",5.7,4.72672181358302,NA,NA,NA
"6571",2024-10-05 05:00:00,"historie",4.65,4.77048341331306,NA,NA,NA
"6572",2024-10-05 06:00:00,"historie",4.5,4.97542825664303,NA,NA,NA
"6573",2024-10-05 07:00:00,"historie",4.32,5.27007150748992,NA,NA,NA
"6574",2024-10-05 08:00:00,"historie",3.28,5.66270652591576,NA,NA,NA
"6575",2024-10-05 09:00:00,"historie",2.6,6.52870673016935,NA,NA,NA
"6576",2024-10-05 10:00:00,"historie",2.81,6.16319785761852,NA,NA,NA
"6577",2024-10-05 11:00:00,"historie",3.55,5.59054364900904,NA,NA,NA
"6578",2024-10-05 12:00:00,"historie",2.82,5.74014783705501,NA,NA,NA
"6579",2024-10-05 13:00:00,"historie",2.5,4.79797743016148,NA,NA,NA
"6580",2024-10-05 14:00:00,"historie",2.05,4.6584812232803,NA,NA,NA
"6581",2024-10-05 15:00:00,"historie",2.92,4.49009614951791,NA,NA,NA
"6582",2024-10-05 16:00:00,"historie",3.92,3.51426111914496,NA,NA,NA
"6583",2024-10-05 17:00:00,"historie",3.22,2.85204775062578,NA,NA,NA
"6584",2024-10-05 18:00:00,"historie",3.49,3.04266359360148,NA,NA,NA
"6585",2024-10-05 19:00:00,"historie",3.51,3.73192968404729,NA,NA,NA
"6586",2024-10-05 20:00:00,"historie",3.67,3.03997212544236,NA,NA,NA
"6587",2024-10-05 21:00:00,"historie",19.54,2.72509081956097,NA,NA,NA
"6588",2024-10-05 22:00:00,"historie",37.67,2.27825533268481,NA,NA,NA
"6589",2024-10-05 23:00:00,"historie",16.97,3.10447155363001,NA,NA,NA
"6590",2024-10-06,"historie",16.21,4.02655905082196,NA,NA,NA
"6591",2024-10-06 01:00:00,"historie",5.31,3.38637165195453,NA,NA,NA
"6592",2024-10-06 02:00:00,"historie",16.3,3.63569434697375,NA,NA,NA
"6593",2024-10-06 03:00:00,"historie",8.13,3.65522960366077,NA,NA,NA
"6594",2024-10-06 04:00:00,"historie",5.79,3.80373800730909,NA,NA,NA
"6595",2024-10-06 05:00:00,"historie",5.79,16.7657806867814,NA,NA,NA
"6596",2024-10-06 06:00:00,"historie",6.95,30.3968189993667,NA,NA,NA
"6597",2024-10-06 07:00:00,"historie",7.15,15.2346251765568,NA,NA,NA
"6598",2024-10-06 08:00:00,"historie",9.33,14.7505760335948,NA,NA,NA
"6599",2024-10-06 09:00:00,"historie",9.74,5.52175749978974,NA,NA,NA
"6600",2024-10-06 10:00:00,"historie",10.53,14.8941103629501,NA,NA,NA
"6601",2024-10-06 11:00:00,"historie",8.36,8.08996356718238,NA,NA,NA
"6602",2024-10-06 12:00:00,"historie",7.47,5.99018402737856,NA,NA,NA
"6603",2024-10-06 13:00:00,"historie",7.1,5.97748117539609,NA,NA,NA
"6604",2024-10-06 14:00:00,"historie",6.45,7.01503078558599,NA,NA,NA
"6605",2024-10-06 15:00:00,"historie",7.21,7.19181685696601,NA,NA,NA
"6606",2024-10-06 16:00:00,"historie",6.88,9.10558042529146,NA,NA,NA
"6607",2024-10-06 17:00:00,"historie",5.61,9.47813565833346,NA,NA,NA
"6608",2024-10-06 18:00:00,"historie",7.41,10.1775607156064,NA,NA,NA
"6609",2024-10-06 19:00:00,"historie",46.56,8.31406193730137,NA,NA,NA
"6610",2024-10-06 20:00:00,"historie",37.45,7.52711627848484,NA,NA,NA
"6611",2024-10-06 21:00:00,"historie",13.74,7.19191817307742,NA,NA,NA
"6612",2024-10-06 22:00:00,"historie",16.53,6.59954447436438,NA,NA,NA
"6613",2024-10-06 23:00:00,"historie",19.94,7.2741794153794,NA,NA,NA
"6614",2024-10-07,"historie",40.08,6.9752239710082,NA,NA,NA
"6615",2024-10-07 01:00:00,"historie",28.75,5.81652788752362,NA,NA,NA
"6616",2024-10-07 02:00:00,"historie",11.66,7.42830504237219,NA,NA,NA
"6617",2024-10-07 03:00:00,"historie",15.44,37.906170006588,NA,NA,NA
"6618",2024-10-07 04:00:00,"historie",11.95,31.6873457247056,NA,NA,NA
"6619",2024-10-07 05:00:00,"historie",13.53,13.1627685627539,NA,NA,NA
"6620",2024-10-07 06:00:00,"historie",13.21,15.5347510386372,NA,NA,NA
"6621",2024-10-07 07:00:00,"historie",17.54,18.3992407305061,NA,NA,NA
"6622",2024-10-07 08:00:00,"historie",21.84,34.3057033305031,NA,NA,NA
"6623",2024-10-07 09:00:00,"historie",27.56,25.7751593060842,NA,NA,NA
"6624",2024-10-07 10:00:00,"historie",28.95,11.638962658364,NA,NA,NA
"6625",2024-10-07 11:00:00,"historie",29.18,14.8964719770548,NA,NA,NA
"6626",2024-10-07 12:00:00,"historie",23.65,11.8708971343781,NA,NA,NA
"6627",2024-10-07 13:00:00,"historie",19.84,13.2292071948322,NA,NA,NA
"6628",2024-10-07 14:00:00,"historie",21.27,12.9433450411569,NA,NA,NA
"6629",2024-10-07 15:00:00,"historie",21.14,16.6305359113313,NA,NA,NA
"6630",2024-10-07 16:00:00,"historie",23.3,20.2293320232087,NA,NA,NA
"6631",2024-10-07 17:00:00,"historie",24.84,24.9364131205151,NA,NA,NA
"6632",2024-10-07 18:00:00,"historie",23.68,26.1609443549584,NA,NA,NA
"6633",2024-10-07 19:00:00,"historie",23.75,26.4546717449776,NA,NA,NA
"6634",2024-10-07 20:00:00,"historie",25.16,22.0392361116058,NA,NA,NA
"6635",2024-10-07 21:00:00,"historie",27.5,18.8922184362985,NA,NA,NA
"6636",2024-10-07 22:00:00,"historie",23.58,20.0981656944356,NA,NA,NA
"6637",2024-10-07 23:00:00,"historie",21.29,20.0025829960204,NA,NA,NA
"6638",2024-10-08,"historie",28.63,21.816486270747,NA,NA,NA
"6639",2024-10-08 01:00:00,"historie",21.55,23.1181632148992,NA,NA,NA
"6640",2024-10-08 02:00:00,"historie",24.21,22.1923854790071,NA,NA,NA
"6641",2024-10-08 03:00:00,"historie",25.72,22.2726406618145,NA,NA,NA
"6642",2024-10-08 04:00:00,"historie",25.25,23.4622105158976,NA,NA,NA
"6643",2024-10-08 05:00:00,"historie",28.3,25.4180745642522,NA,NA,NA
"6644",2024-10-08 06:00:00,"historie",40.45,22.2164801412093,NA,NA,NA
"6645",2024-10-08 07:00:00,"historie",43.14,20.3001226425384,NA,NA,NA
"6646",2024-10-08 08:00:00,"historie",29.48,26.3863357569891,NA,NA,NA
"6647",2024-10-08 09:00:00,"historie",24.84,20.5486428595034,NA,NA,NA
"6648",2024-10-08 10:00:00,"historie",8.25,22.7710249579933,NA,NA,NA
"6649",2024-10-08 11:00:00,"historie",7.44,24.0362152491525,NA,NA,NA
"6650",2024-10-08 12:00:00,"historie",7.46,23.6659257595052,NA,NA,NA
"6651",2024-10-08 13:00:00,"historie",9.63,26.1994705937543,NA,NA,NA
"6652",2024-10-08 14:00:00,"historie",11.51,36.0113052912541,NA,NA,NA
"6653",2024-10-08 15:00:00,"historie",12.03,38.2745712190303,NA,NA,NA
"6654",2024-10-08 16:00:00,"historie",11.18,27.4143685617278,NA,NA,NA
"6655",2024-10-08 17:00:00,"historie",17.08,23.5654089448465,NA,NA,NA
"6656",2024-10-08 18:00:00,"historie",5.15,8.86110815705482,NA,NA,NA
"6657",2024-10-08 19:00:00,"historie",4.65,8.01365809109906,NA,NA,NA
"6658",2024-10-08 20:00:00,"historie",7.39,7.96424261082306,NA,NA,NA
"6659",2024-10-08 21:00:00,"historie",10.57,9.91318242703908,NA,NA,NA
"6660",2024-10-08 22:00:00,"historie",12.33,11.5574098698244,NA,NA,NA
"6661",2024-10-08 23:00:00,"historie",10.56,11.9861298784538,NA,NA,NA
"6662",2024-10-09,"historie",12.77,11.2087240080122,NA,NA,NA
"6663",2024-10-09 01:00:00,"historie",11.15,16.2822612025212,NA,NA,NA
"6664",2024-10-09 02:00:00,"historie",13.38,5.63003372270656,NA,NA,NA
"6665",2024-10-09 03:00:00,"historie",11.5,5.10172294634708,NA,NA,NA
"6666",2024-10-09 04:00:00,"historie",8.67,7.6337658120709,NA,NA,NA
"6667",2024-10-09 05:00:00,"historie",12.79,10.4496246330159,NA,NA,NA
"6668",2024-10-09 06:00:00,"historie",7.08,11.975470344305,NA,NA,NA
"6669",2024-10-09 07:00:00,"historie",3.16,10.4476388596603,NA,NA,NA
"6670",2024-10-09 08:00:00,"historie",2.74,12.3606457822522,NA,NA,NA
"6671",2024-10-09 09:00:00,"historie",4.74,10.9719860115273,NA,NA,NA
"6672",2024-10-09 10:00:00,"historie",9.36,12.8967133825901,NA,NA,NA
"6673",2024-10-09 11:00:00,"historie",2.08,11.2915049649333,NA,NA,NA
"6674",2024-10-09 12:00:00,"historie",1.59,8.79012068099891,NA,NA,NA
"6675",2024-10-09 13:00:00,"historie",2.26,12.3826724395582,NA,NA,NA
"6676",2024-10-09 14:00:00,"historie",8.59,7.33765247637487,NA,NA,NA
"6677",2024-10-09 15:00:00,"historie",4.75,3.57616614945587,NA,NA,NA
"6678",2024-10-09 16:00:00,"historie",7.87,3.1230466787034,NA,NA,NA
"6679",2024-10-09 17:00:00,"historie",5.05,5.03189796864737,NA,NA,NA
"6680",2024-10-09 18:00:00,"historie",6.21,9.16424150104089,NA,NA,NA
"6681",2024-10-09 19:00:00,"historie",7.24,2.41920009730178,NA,NA,NA
"6682",2024-10-09 20:00:00,"historie",2.54,1.88811642016965,NA,NA,NA
"6683",2024-10-09 21:00:00,"historie",3.46,2.552020726887,NA,NA,NA
"6684",2024-10-09 22:00:00,"historie",5.55,8.28326023590158,NA,NA,NA
"6685",2024-10-09 23:00:00,"historie",4.55,4.91906812667937,NA,NA,NA
"6686",2024-10-10,"historie",5.11,7.69121690453744,NA,NA,NA
"6687",2024-10-10 01:00:00,"historie",23.59,5.20599699223923,NA,NA,NA
"6688",2024-10-10 02:00:00,"historie",11.05,6.25002533074361,NA,NA,NA
"6689",2024-10-10 03:00:00,"historie",14.69,7.16853961832893,NA,NA,NA
"6690",2024-10-10 04:00:00,"historie",11.08,2.83776167610496,NA,NA,NA
"6691",2024-10-10 05:00:00,"historie",8.49,3.71025048786327,NA,NA,NA
"6692",2024-10-10 06:00:00,"historie",7.63,5.62449110847867,NA,NA,NA
"6693",2024-10-10 07:00:00,"historie",13.2,4.72049290864285,NA,NA,NA
"6694",2024-10-10 08:00:00,"historie",8.64,5.22877320616943,NA,NA,NA
"6695",2024-10-10 09:00:00,"historie",7.89,20.3025069073415,NA,NA,NA
"6696",2024-10-10 10:00:00,"historie",2.42,10.4850940150583,NA,NA,NA
"6697",2024-10-10 11:00:00,"historie",2.7,13.5582562958481,NA,NA,NA
"6698",2024-10-10 12:00:00,"historie",0.37,10.6234703513773,NA,NA,NA
"6699",2024-10-10 13:00:00,"historie",0.47,8.4171162265319,NA,NA,NA
"6700",2024-10-10 14:00:00,"historie",1,7.66347262669204,NA,NA,NA
"6701",2024-10-10 15:00:00,"historie",1.63,12.4593093565434,NA,NA,NA
"6702",2024-10-10 16:00:00,"historie",2,8.5914137062358,NA,NA,NA
"6703",2024-10-10 17:00:00,"historie",3.28,7.93013598755151,NA,NA,NA
"6704",2024-10-10 18:00:00,"historie",4.18,2.78006010128177,NA,NA,NA
"6705",2024-10-10 19:00:00,"historie",5.82,3.0358191100339,NA,NA,NA
"6706",2024-10-10 20:00:00,"historie",11.35,0.517412039599145,NA,NA,NA
"6707",2024-10-10 21:00:00,"historie",2.92,0.62634358739035,NA,NA,NA
"6708",2024-10-10 22:00:00,"historie",4.08,1.20312254864627,NA,NA,NA
"6709",2024-10-10 23:00:00,"historie",8.88,1.8388329068717,NA,NA,NA
"6710",2024-10-11,"historie",5.51,2.19518490596711,NA,NA,NA
"6711",2024-10-11 01:00:00,"historie",14.31,3.3963475743992,NA,NA,NA
"6712",2024-10-11 02:00:00,"historie",24.84,4.21837482465331,NA,NA,NA
"6713",2024-10-11 03:00:00,"historie",10.61,5.67619349829019,NA,NA,NA
"6714",2024-10-11 04:00:00,"historie",5.08,10.3182327044688,NA,NA,NA
"6715",2024-10-11 05:00:00,"historie",4.88,3.12632162528071,NA,NA,NA
"6716",2024-10-11 06:00:00,"historie",7,4.19911140544242,NA,NA,NA
"6717",2024-10-11 07:00:00,"historie",7.63,8.3774552080013,NA,NA,NA
"6718",2024-10-11 08:00:00,"historie",7.28,5.52429038369862,NA,NA,NA
"6719",2024-10-11 09:00:00,"historie",5.81,12.9069621672874,NA,NA,NA
"6720",2024-10-11 10:00:00,"historie",6.19,21.2415936035534,NA,NA,NA
"6721",2024-10-11 11:00:00,"historie",3.92,10.1136184247148,NA,NA,NA
"6722",2024-10-11 12:00:00,"historie",3.92,5.28675291727946,NA,NA,NA
"6723",2024-10-11 13:00:00,"historie",3.24,5.09323872401257,NA,NA,NA
"6724",2024-10-11 14:00:00,"historie",2.35,7.00082259198695,NA,NA,NA
"6725",2024-10-11 15:00:00,"historie",2,7.56536369749017,NA,NA,NA
"6726",2024-10-11 16:00:00,"historie",6.46,7.26879510758985,NA,NA,NA
"6727",2024-10-11 17:00:00,"historie",7,5.95777575458775,NA,NA,NA
"6728",2024-10-11 18:00:00,"historie",5.08,6.29751482634215,NA,NA,NA
"6729",2024-10-11 19:00:00,"historie",12.53,4.19935503865147,NA,NA,NA
"6730",2024-10-11 20:00:00,"historie",10.63,4.18453356207666,NA,NA,NA
"6731",2024-10-11 21:00:00,"historie",13.39,3.52320225450143,NA,NA,NA
"6732",2024-10-11 22:00:00,"historie",12,2.63919932758498,NA,NA,NA
"6733",2024-10-11 23:00:00,"historie",12.24,2.27383918848605,NA,NA,NA
"6734",2024-10-12,"historie",10.88,6.38917029369013,NA,NA,NA
"6735",2024-10-12 01:00:00,"historie",5.77,6.88158759425905,NA,NA,NA
"6736",2024-10-12 02:00:00,"historie",4.81,5.19589686895818,NA,NA,NA
"6737",2024-10-12 03:00:00,"historie",4.31,11.5752020111042,NA,NA,NA
"6738",2024-10-12 04:00:00,"historie",8,10.076629369007,NA,NA,NA
"6739",2024-10-12 05:00:00,"historie",8.82,12.4279267868372,NA,NA,NA
"6740",2024-10-12 06:00:00,"historie",7.03,11.3466614513984,NA,NA,NA
"6741",2024-10-12 07:00:00,"historie",8.82,11.6007287489892,NA,NA,NA
"6742",2024-10-12 08:00:00,"historie",8.65,10.4940082970013,NA,NA,NA
"6743",2024-10-12 09:00:00,"historie",14.49,5.99671673598271,NA,NA,NA
"6744",2024-10-12 10:00:00,"historie",14.2,5.09152738032617,NA,NA,NA
"6745",2024-10-12 11:00:00,"historie",18.92,4.60389790074213,NA,NA,NA
"6746",2024-10-12 12:00:00,"historie",21.75,7.93717101495382,NA,NA,NA
"6747",2024-10-12 13:00:00,"historie",13.9,8.66589658542311,NA,NA,NA
"6748",2024-10-12 14:00:00,"historie",8.92,7.10040088531666,NA,NA,NA
"6749",2024-10-12 15:00:00,"historie",9.95,8.68193639726057,NA,NA,NA
"6750",2024-10-12 16:00:00,"historie",9.88,8.5475913880184,NA,NA,NA
"6751",2024-10-12 17:00:00,"historie",13.46,13.5230812310762,NA,NA,NA
"6752",2024-10-12 18:00:00,"historie",22.03,13.3493981166932,NA,NA,NA
"6753",2024-10-12 19:00:00,"historie",21.51,17.2905791425077,NA,NA,NA
"6754",2024-10-12 20:00:00,"historie",23.23,19.6802049902183,NA,NA,NA
"6755",2024-10-12 21:00:00,"historie",23.05,13.3138259051795,NA,NA,NA
"6756",2024-10-12 22:00:00,"historie",20,9.00304954737349,NA,NA,NA
"6757",2024-10-12 23:00:00,"historie",21.8,9.90440049581659,NA,NA,NA
"6758",2024-10-13,"historie",21.34,9.83788834515683,NA,NA,NA
"6759",2024-10-13 01:00:00,"historie",23.82,12.9350352926616,NA,NA,NA
"6760",2024-10-13 02:00:00,"historie",24.05,20.0590891112452,NA,NA,NA
"6761",2024-10-13 03:00:00,"historie",23.97,19.743746611474,NA,NA,NA
"6762",2024-10-13 04:00:00,"historie",25.53,21.2328153598683,NA,NA,NA
"6763",2024-10-13 05:00:00,"historie",24.18,21.1824798756135,NA,NA,NA
"6764",2024-10-13 06:00:00,"historie",24.08,18.7508187855945,NA,NA,NA
"6765",2024-10-13 07:00:00,"historie",25.82,20.2878837322372,NA,NA,NA
"6766",2024-10-13 08:00:00,"historie",25.32,19.9622170412974,NA,NA,NA
"6767",2024-10-13 09:00:00,"historie",6.41,22.0554415211125,NA,NA,NA
"6768",2024-10-13 10:00:00,"historie",2.05,22.3061291233974,NA,NA,NA
"6769",2024-10-13 11:00:00,"historie",1.87,22.2962964382432,NA,NA,NA
"6770",2024-10-13 12:00:00,"historie",1.77,23.6297870506731,NA,NA,NA
"6771",2024-10-13 13:00:00,"historie",1.79,22.5722692807922,NA,NA,NA
"6772",2024-10-13 14:00:00,"historie",1.72,22.5275102775662,NA,NA,NA
"6773",2024-10-13 15:00:00,"historie",1.66,23.9999502048416,NA,NA,NA
"6774",2024-10-13 16:00:00,"historie",1.9,23.6298304806165,NA,NA,NA
"6775",2024-10-13 17:00:00,"historie",2.15,6.99985862357007,NA,NA,NA
"6776",2024-10-13 18:00:00,"historie",2.54,2.52462202059409,NA,NA,NA
"6777",2024-10-13 19:00:00,"historie",4.03,2.28929619692907,NA,NA,NA
"6778",2024-10-13 20:00:00,"historie",3.16,2.14788974772006,NA,NA,NA
"6779",2024-10-13 21:00:00,"historie",2.74,2.14012470193542,NA,NA,NA
"6780",2024-10-13 22:00:00,"historie",4.44,2.04146591558275,NA,NA,NA
"6781",2024-10-13 23:00:00,"historie",4.6,1.95721284512404,NA,NA,NA
"6782",2024-10-14,"historie",3.35,2.18505629090168,NA,NA,NA
"6783",2024-10-14 01:00:00,"historie",2.92,2.42014183669001,NA,NA,NA
"6784",2024-10-14 02:00:00,"historie",3.47,2.79001729015811,NA,NA,NA
"6785",2024-10-14 03:00:00,"historie",3.02,4.18575178337279,NA,NA,NA
"6786",2024-10-14 04:00:00,"historie",4.15,3.37465323292417,NA,NA,NA
"6787",2024-10-14 05:00:00,"historie",4.23,2.96904939356593,NA,NA,NA
"6788",2024-10-14 06:00:00,"historie",4.49,4.54384442831214,NA,NA,NA
"6789",2024-10-14 07:00:00,"historie",4.97,4.69549410618654,NA,NA,NA
"6790",2024-10-14 08:00:00,"historie",5.95,3.55008783432266,NA,NA,NA
"6791",2024-10-14 09:00:00,"historie",5.18,3.13975686641369,NA,NA,NA
"6792",2024-10-14 10:00:00,"historie",4.62,3.65189044352112,NA,NA,NA
"6793",2024-10-14 11:00:00,"historie",4.19,3.22746805807388,NA,NA,NA
"6794",2024-10-14 12:00:00,"historie",3.05,4.27230540835289,NA,NA,NA
"6795",2024-10-14 13:00:00,"historie",2.67,4.35031761695004,NA,NA,NA
"6796",2024-10-14 14:00:00,"historie",2.65,4.59195700587841,NA,NA,NA
"6797",2024-10-14 15:00:00,"historie",2.68,5.03207892542005,NA,NA,NA
"6798",2024-10-14 16:00:00,"historie",3.33,5.91479724497357,NA,NA,NA
"6799",2024-10-14 17:00:00,"historie",5.97,5.24731426233489,NA,NA,NA
"6800",2024-10-14 18:00:00,"historie",3.33,4.74929005170919,NA,NA,NA
"6801",2024-10-14 19:00:00,"historie",3.47,4.35809032149994,NA,NA,NA
"6802",2024-10-14 20:00:00,"historie",4.2,3.28812633654651,NA,NA,NA
"6803",2024-10-14 21:00:00,"historie",4.63,2.91492480248297,NA,NA,NA
"6804",2024-10-14 22:00:00,"historie",7,2.88638462693415,NA,NA,NA
"6805",2024-10-14 23:00:00,"historie",9.47,2.90708488319497,NA,NA,NA
"6806",2024-10-15,"historie",5.83,3.51590446987198,NA,NA,NA
"6807",2024-10-15 01:00:00,"historie",5.45,5.89691629719453,NA,NA,NA
"6808",2024-10-15 02:00:00,"historie",5.42,3.52803276354508,NA,NA,NA
"6809",2024-10-15 03:00:00,"historie",5.25,3.65593920141122,NA,NA,NA
"6810",2024-10-15 04:00:00,"historie",3.79,4.32824960776942,NA,NA,NA
"6811",2024-10-15 05:00:00,"historie",3.05,4.72369608988735,NA,NA,NA
"6812",2024-10-15 06:00:00,"historie",2.79,6.82578959590256,NA,NA,NA
"6813",2024-10-15 07:00:00,"historie",2.85,8.96357123645142,NA,NA,NA
"6814",2024-10-15 08:00:00,"historie",1.95,5.86631383666453,NA,NA,NA
"6815",2024-10-15 09:00:00,"historie",4.56,5.53605671639734,NA,NA,NA
"6816",2024-10-15 10:00:00,"historie",5.1,5.51506619896017,NA,NA,NA
"6817",2024-10-15 11:00:00,"historie",3.53,5.36635808634881,NA,NA,NA
"6818",2024-10-15 12:00:00,"historie",3,4.0220450046606,NA,NA,NA
"6819",2024-10-15 13:00:00,"historie",3.05,3.31103807202589,NA,NA,NA
"6820",2024-10-15 14:00:00,"historie",2.95,3.04944114372081,NA,NA,NA
"6821",2024-10-15 15:00:00,"historie",2.89,3.09648855619906,NA,NA,NA
"6822",2024-10-15 16:00:00,"historie",4.07,2.20522431922711,NA,NA,NA
"6823",2024-10-15 17:00:00,"historie",4.75,4.65822207243894,NA,NA,NA
"6824",2024-10-15 18:00:00,"historie",6.65,5.1523317911184,NA,NA,NA
"6825",2024-10-15 19:00:00,"historie",12.21,3.72634455240233,NA,NA,NA
"6826",2024-10-15 20:00:00,"historie",13.62,3.22324811115517,NA,NA,NA
"6827",2024-10-15 21:00:00,"historie",10.36,3.26462223928334,NA,NA,NA
"6828",2024-10-15 22:00:00,"historie",14.38,3.16465453078637,NA,NA,NA
"6829",2024-10-15 23:00:00,"historie",12.94,3.10255625444508,NA,NA,NA
"6830",2024-10-16,"historie",11.37,4.19653632935446,NA,NA,NA
"6831",2024-10-16 01:00:00,"historie",15.47,4.81841366840959,NA,NA,NA
"6832",2024-10-16 02:00:00,"historie",13.82,6.50769280668016,NA,NA,NA
"6833",2024-10-16 03:00:00,"historie",15.64,11.2031959754837,NA,NA,NA
"6834",2024-10-16 04:00:00,"historie",14.22,12.4474937679372,NA,NA,NA
"6835",2024-10-16 05:00:00,"historie",15.49,9.84671932546594,NA,NA,NA
"6836",2024-10-16 06:00:00,"historie",23.95,13.2370718662928,NA,NA,NA
"6837",2024-10-16 07:00:00,"historie",20.39,12.1390830634566,NA,NA,NA
"6838",2024-10-16 08:00:00,"historie",24.72,10.8815490443977,NA,NA,NA
"6839",2024-10-16 09:00:00,"historie",23.49,14.3507863860786,NA,NA,NA
"6840",2024-10-16 10:00:00,"historie",14.38,13.057320855465,NA,NA,NA
"6841",2024-10-16 11:00:00,"historie",7.21,14.6299524993353,NA,NA,NA
"6842",2024-10-16 12:00:00,"historie",8.03,13.5059633015332,NA,NA,NA
"6843",2024-10-16 13:00:00,"historie",7.84,14.6169607867688,NA,NA,NA
"6844",2024-10-16 14:00:00,"historie",7.89,21.585403277615,NA,NA,NA
"6845",2024-10-16 15:00:00,"historie",6.42,18.8328359043639,NA,NA,NA
"6846",2024-10-16 16:00:00,"historie",4.59,22.4356085573122,NA,NA,NA
"6847",2024-10-16 17:00:00,"historie",4.38,21.5549547641691,NA,NA,NA
"6848",2024-10-16 18:00:00,"historie",4.87,14.0086429460934,NA,NA,NA
"6849",2024-10-16 19:00:00,"historie",4.47,7.59556843623425,NA,NA,NA
"6850",2024-10-16 20:00:00,"historie",5.33,8.3140908004249,NA,NA,NA
"6851",2024-10-16 21:00:00,"historie",5.87,8.10948118389346,NA,NA,NA
"6852",2024-10-16 22:00:00,"historie",5.5,8.1275773902313,NA,NA,NA
"6853",2024-10-16 23:00:00,"historie",5,6.74979661271757,NA,NA,NA
"6854",2024-10-17,"historie",4.97,4.99226790095666,NA,NA,NA
"6855",2024-10-17 01:00:00,"historie",5.69,4.7600842006567,NA,NA,NA
"6856",2024-10-17 02:00:00,"historie",5.05,5.19967775775567,NA,NA,NA
"6857",2024-10-17 03:00:00,"historie",4.46,4.79897298131204,NA,NA,NA
"6858",2024-10-17 04:00:00,"historie",4.62,5.58510200595682,NA,NA,NA
"6859",2024-10-17 05:00:00,"historie",4.41,6.0690039776211,NA,NA,NA
"6860",2024-10-17 06:00:00,"historie",4.83,5.72027914351799,NA,NA,NA
"6861",2024-10-17 07:00:00,"historie",4.97,5.24752185580145,NA,NA,NA
"6862",2024-10-17 08:00:00,"historie",6.56,5.20789344114044,NA,NA,NA
"6863",2024-10-17 09:00:00,"historie",5.03,5.85984604220204,NA,NA,NA
"6864",2024-10-17 10:00:00,"historie",6.08,5.26758269634652,NA,NA,NA
"6865",2024-10-17 11:00:00,"historie",7.31,4.71083844630135,NA,NA,NA
"6866",2024-10-17 12:00:00,"historie",8.56,4.8493218470508,NA,NA,NA
"6867",2024-10-17 13:00:00,"historie",7.49,4.64530948115496,NA,NA,NA
"6868",2024-10-17 14:00:00,"historie",6.62,5.02616178985098,NA,NA,NA
"6869",2024-10-17 15:00:00,"historie",8.18,5.15021324274004,NA,NA,NA
"6870",2024-10-17 16:00:00,"historie",9,6.58326940699245,NA,NA,NA
"6871",2024-10-17 17:00:00,"historie",9.05,5.21001929422178,NA,NA,NA
"6872",2024-10-17 18:00:00,"historie",9.65,6.15980600693307,NA,NA,NA
"6873",2024-10-17 19:00:00,"historie",15.83,7.25913180868588,NA,NA,NA
"6874",2024-10-17 20:00:00,"historie",13.5,8.36748263042639,NA,NA,NA
"6875",2024-10-17 21:00:00,"historie",19.97,7.45583518840591,NA,NA,NA
"6876",2024-10-17 22:00:00,"historie",15.69,6.6938698396191,NA,NA,NA
"6877",2024-10-17 23:00:00,"historie",59.06,8.0797512769851,NA,NA,NA
"6878",2024-10-18,"historie",56.18,8.8121372448653,NA,NA,NA
"6879",2024-10-18 01:00:00,"historie",26.3,8.87790486972513,NA,NA,NA
"6880",2024-10-18 02:00:00,"historie",23.47,9.41910704665741,NA,NA,NA
"6881",2024-10-18 03:00:00,"historie",23.74,14.6443857340533,NA,NA,NA
"6882",2024-10-18 04:00:00,"historie",26.95,12.7908503137101,NA,NA,NA
"6883",2024-10-18 05:00:00,"historie",25.62,18.1712728362194,NA,NA,NA
"6884",2024-10-18 06:00:00,"historie",25.18,14.7662913864328,NA,NA,NA
"6885",2024-10-18 07:00:00,"historie",30.67,48.0121879729642,NA,NA,NA
"6886",2024-10-18 08:00:00,"historie",12.85,46.5410595450278,NA,NA,NA
"6887",2024-10-18 09:00:00,"historie",10.08,24.0123792053608,NA,NA,NA
"6888",2024-10-18 10:00:00,"historie",12.72,21.7977026637129,NA,NA,NA
"6889",2024-10-18 11:00:00,"historie",18.31,22.0820621026058,NA,NA,NA
"6890",2024-10-18 12:00:00,"historie",12.32,24.7735032204182,NA,NA,NA
"6891",2024-10-18 13:00:00,"historie",13.46,23.7621039863064,NA,NA,NA
"6892",2024-10-18 14:00:00,"historie",13,23.4567043644561,NA,NA,NA
"6893",2024-10-18 15:00:00,"historie",12.42,27.995349715212,NA,NA,NA
"6894",2024-10-18 16:00:00,"historie",14.2,12.9865104065302,NA,NA,NA
"6895",2024-10-18 17:00:00,"historie",16.68,10.4331187479492,NA,NA,NA
"6896",2024-10-18 18:00:00,"historie",15.2,12.7590117336461,NA,NA,NA
"6897",2024-10-18 19:00:00,"historie",15.21,17.5766695989653,NA,NA,NA
"6898",2024-10-18 20:00:00,"historie",15.78,12.3745329696039,NA,NA,NA
"6899",2024-10-18 21:00:00,"historie",18.1,13.3497922481907,NA,NA,NA
"6900",2024-10-18 22:00:00,"historie",34.42,12.9234429049356,NA,NA,NA
"6901",2024-10-18 23:00:00,"historie",33.56,12.3900300049643,NA,NA,NA
"6902",2024-10-19,"historie",38.08,13.9270807836739,NA,NA,NA
"6903",2024-10-19 01:00:00,"historie",31.41,16.0542333084034,NA,NA,NA
"6904",2024-10-19 02:00:00,"historie",22.54,14.7947579674546,NA,NA,NA
"6905",2024-10-19 03:00:00,"historie",18.58,14.8020765935629,NA,NA,NA
"6906",2024-10-19 04:00:00,"historie",19.82,15.2918210012152,NA,NA,NA
"6907",2024-10-19 05:00:00,"historie",30.1,17.2732101192717,NA,NA,NA
"6908",2024-10-19 06:00:00,"historie",15.82,30.5772650688082,NA,NA,NA
"6909",2024-10-19 07:00:00,"historie",17.87,30.0744465926264,NA,NA,NA
"6910",2024-10-19 08:00:00,"historie",21.75,33.80667826845,NA,NA,NA
"6911",2024-10-19 09:00:00,"historie",23.61,28.6513510848976,NA,NA,NA
"6912",2024-10-19 10:00:00,"historie",16.25,21.4167198634454,NA,NA,NA
"6913",2024-10-19 11:00:00,"historie",12.41,18.0509466331744,NA,NA,NA
"6914",2024-10-19 12:00:00,"historie",10.79,19.0933556570943,NA,NA,NA
"6915",2024-10-19 13:00:00,"historie",12.79,27.6411153961774,NA,NA,NA
"6916",2024-10-19 14:00:00,"historie",12.87,15.6679015948892,NA,NA,NA
"6917",2024-10-19 15:00:00,"historie",14.11,17.4126686136482,NA,NA,NA
"6918",2024-10-19 16:00:00,"historie",15.36,20.7009089067504,NA,NA,NA
"6919",2024-10-19 17:00:00,"historie",17.88,22.2715785320686,NA,NA,NA
"6920",2024-10-19 18:00:00,"historie",22.16,16.0068175040151,NA,NA,NA
"6921",2024-10-19 19:00:00,"historie",22,12.5789373537135,NA,NA,NA
"6922",2024-10-19 20:00:00,"historie",25.08,11.0704058265743,NA,NA,NA
"6923",2024-10-19 21:00:00,"historie",27.82,12.8166943457497,NA,NA,NA
"6924",2024-10-19 22:00:00,"historie",20.58,12.8555575141326,NA,NA,NA
"6925",2024-10-19 23:00:00,"historie",19.57,13.9181306388185,NA,NA,NA
"6926",2024-10-20,"historie",19.18,14.9882023849649,NA,NA,NA
"6927",2024-10-20 01:00:00,"historie",23.18,17.1423582993186,NA,NA,NA
"6928",2024-10-20 02:00:00,"historie",22.39,20.7513638567125,NA,NA,NA
"6929",2024-10-20 03:00:00,"historie",23.32,20.6655295285298,NA,NA,NA
"6930",2024-10-20 04:00:00,"historie",20,23.2567224799095,NA,NA,NA
"6931",2024-10-20 05:00:00,"historie",16.55,25.5647701910615,NA,NA,NA
"6932",2024-10-20 06:00:00,"historie",13.97,19.630253753902,NA,NA,NA
"6933",2024-10-20 07:00:00,"historie",14.97,18.7830578541101,NA,NA,NA
"6934",2024-10-20 08:00:00,"historie",38.36,18.4520419185321,NA,NA,NA
"6935",2024-10-20 09:00:00,"historie",31.43,21.8247006420287,NA,NA,NA
"6936",2024-10-20 10:00:00,"historie",20.34,21.1922079659901,NA,NA,NA
"6937",2024-10-20 11:00:00,"historie",10.36,21.9910353321726,NA,NA,NA
"6938",2024-10-20 12:00:00,"historie",10.67,19.2126708197814,NA,NA,NA
"6939",2024-10-20 13:00:00,"historie",10.92,16.2405832069135,NA,NA,NA
"6940",2024-10-20 14:00:00,"historie",11.19,13.952927969335,NA,NA,NA
"6941",2024-10-20 15:00:00,"historie",12.12,14.7961326136038,NA,NA,NA
"6942",2024-10-20 16:00:00,"historie",14.16,34.0187258021047,NA,NA,NA
"6943",2024-10-20 17:00:00,"historie",14.67,28.6653230328819,NA,NA,NA
"6944",2024-10-20 18:00:00,"historie",18.77,19.5529821802581,NA,NA,NA
"6945",2024-10-20 19:00:00,"historie",21.92,10.7466761015548,NA,NA,NA
"6946",2024-10-20 20:00:00,"historie",18.16,10.9726860918519,NA,NA,NA
"6947",2024-10-20 21:00:00,"historie",25.64,11.1505956261036,NA,NA,NA
"6948",2024-10-20 22:00:00,"historie",28.16,11.3523099226244,NA,NA,NA
"6949",2024-10-20 23:00:00,"historie",28.56,12.1475232907884,NA,NA,NA
"6950",2024-10-21,"historie",34.08,13.9147868314048,NA,NA,NA
"6951",2024-10-21 01:00:00,"historie",27.72,14.3484088556977,NA,NA,NA
"6952",2024-10-21 02:00:00,"historie",26.59,17.8468693465472,NA,NA,NA
"6953",2024-10-21 03:00:00,"historie",24.11,20.5103593628867,NA,NA,NA
"6954",2024-10-21 04:00:00,"historie",29.95,17.402086331963,NA,NA,NA
"6955",2024-10-21 05:00:00,"historie",29.36,23.6469791921722,NA,NA,NA
"6956",2024-10-21 06:00:00,"historie",29.35,25.7809724221781,NA,NA,NA
"6957",2024-10-21 07:00:00,"historie",39.9,26.1988932885501,NA,NA,NA
"6958",2024-10-21 08:00:00,"historie",43.87,30.7422229735262,NA,NA,NA
"6959",2024-10-21 09:00:00,"historie",35.56,25.704106339828,NA,NA,NA
"6960",2024-10-21 10:00:00,"historie",27.28,24.8252493782464,NA,NA,NA
"6961",2024-10-21 11:00:00,"historie",25.87,22.7961966070257,NA,NA,NA
"6962",2024-10-21 12:00:00,"historie",23.33,27.647718695978,NA,NA,NA
"6963",2024-10-21 13:00:00,"historie",24.6,27.2232399954687,NA,NA,NA
"6964",2024-10-21 14:00:00,"historie",23.61,27.2628594563584,NA,NA,NA
"6965",2024-10-21 15:00:00,"historie",22.73,35.8501571057568,NA,NA,NA
"6966",2024-10-21 16:00:00,"historie",24,39.1379810008729,NA,NA,NA
"6967",2024-10-21 17:00:00,"historie",24.79,32.6154343380743,NA,NA,NA
"6968",2024-10-21 18:00:00,"historie",38.35,25.8320718693413,NA,NA,NA
"6969",2024-10-21 19:00:00,"historie",29.63,24.6362597286467,NA,NA,NA
"6970",2024-10-21 20:00:00,"historie",29.82,22.4635613072669,NA,NA,NA
"6971",2024-10-21 21:00:00,"historie",26.62,23.5121890525732,NA,NA,NA
"6972",2024-10-21 22:00:00,"historie",26.2,22.6529449731426,NA,NA,NA
"6973",2024-10-21 23:00:00,"historie",26.8,21.8805432406841,NA,NA,NA
"6974",2024-10-22,"historie",23.54,22.9343693157708,NA,NA,NA
"6975",2024-10-22 01:00:00,"historie",24.66,23.5879568453852,NA,NA,NA
"6976",2024-10-22 02:00:00,"historie",23.76,34.7196897159865,NA,NA,NA
"6977",2024-10-22 03:00:00,"historie",26.88,27.7037397783062,NA,NA,NA
"6978",2024-10-22 04:00:00,"historie",31.23,27.8808444065903,NA,NA,NA
"6979",2024-10-22 05:00:00,"historie",36.02,25.228043697125,NA,NA,NA
"6980",2024-10-22 06:00:00,"historie",34.64,24.8683996388798,NA,NA,NA
"6981",2024-10-22 07:00:00,"historie",37.68,25.3640507320163,NA,NA,NA
"6982",2024-10-22 08:00:00,"historie",50.9,22.6057102462769,NA,NA,NA
"6983",2024-10-22 09:00:00,"historie",NA,23.5315029621734,NA,NA,NA
"6984",2024-10-22 10:00:00,"historie",NA,22.7548791490384,NA,NA,NA
"6985",2024-10-22 11:00:00,"historie",NA,25.3652512938034,NA,NA,NA
"6986",2024-10-22 12:00:00,"historie",44,28.9798734303515,NA,NA,NA
"6987",2024-10-22 13:00:00,"historie",39.08,32.9318861836522,NA,NA,NA
"6988",2024-10-22 14:00:00,"historie",34.83,31.8814023799739,NA,NA,NA
"6989",2024-10-22 15:00:00,"historie",44.71,34.4072646434007,NA,NA,NA
"6990",2024-10-22 16:00:00,"historie",55.76,45.0678537362531,NA,NA,NA
"6991",2024-10-22 17:00:00,"historie",59.85,39.727322733974,NA,NA,NA
"6992",2024-10-22 18:00:00,"historie",52.71,35.8511420728291,NA,NA,NA
"6993",2024-10-22 19:00:00,"historie",35.64,32.4137339728288,NA,NA,NA
"6994",2024-10-22 20:00:00,"historie",15.63,40.4585084324693,NA,NA,NA
"6995",2024-10-22 21:00:00,"historie",12,49.3142190970254,NA,NA,NA
"6996",2024-10-22 22:00:00,"historie",11.09,52.6923016831825,NA,NA,NA
"6997",2024-10-22 23:00:00,"historie",6.55,47.2486287427685,NA,NA,NA
"6998",2024-10-23,"historie",8.11,33.4698086322453,NA,NA,NA
"6999",2024-10-23 01:00:00,"historie",5.62,16.099748322515,NA,NA,NA
"7000",2024-10-23 02:00:00,"historie",4.26,12.6476802864245,NA,NA,NA
"7001",2024-10-23 03:00:00,"historie",5.12,11.6983521955843,NA,NA,NA
"7002",2024-10-23 04:00:00,"historie",7.55,7.27800970464201,NA,NA,NA
"7003",2024-10-23 05:00:00,"historie",8.67,8.70256536559337,NA,NA,NA
"7004",2024-10-23 06:00:00,"historie",7.05,6.2380123066513,NA,NA,NA
"7005",2024-10-23 07:00:00,"historie",8.51,4.83300336039825,NA,NA,NA
"7006",2024-10-23 08:00:00,"historie",12.13,5.62992363977143,NA,NA,NA
"7007",2024-10-23 09:00:00,"historie",15.41,7.88301336737828,NA,NA,NA
"7008",2024-10-23 10:00:00,"historie",18.97,8.87683164241813,NA,NA,NA
"7009",2024-10-23 11:00:00,"historie",16.89,7.37169665339532,NA,NA,NA
"7010",2024-10-23 12:00:00,"historie",8.3,8.67887866506043,NA,NA,NA
"7011",2024-10-23 13:00:00,"historie",4.82,11.8624395180364,NA,NA,NA
"7012",2024-10-23 14:00:00,"historie",5.03,14.6826219982685,NA,NA,NA
"7013",2024-10-23 15:00:00,"historie",5.13,17.7020669215508,NA,NA,NA
"7014",2024-10-23 16:00:00,"historie",5,16.0330114248889,NA,NA,NA
"7015",2024-10-23 17:00:00,"historie",36.03,8.56166692511831,NA,NA,NA
"7016",2024-10-23 18:00:00,"historie",19.46,5.2718987259528,NA,NA,NA
"7017",2024-10-23 19:00:00,"historie",13.55,5.43855809596393,NA,NA,NA
"7018",2024-10-23 20:00:00,"historie",19.62,5.50371282467852,NA,NA,NA
"7019",2024-10-23 21:00:00,"historie",12.85,5.35456927291655,NA,NA,NA
"7020",2024-10-23 22:00:00,"historie",11.61,30.7143178581083,NA,NA,NA
"7021",2024-10-23 23:00:00,"historie",11.09,17.9838216908154,NA,NA,NA
"7022",2024-10-24,"historie",10.82,13.1118118343325,NA,NA,NA
"7023",2024-10-24 01:00:00,"historie",15.3,18.236244453712,NA,NA,NA
"7024",2024-10-24 02:00:00,"historie",17.92,12.5837181084415,NA,NA,NA
"7025",2024-10-24 03:00:00,"historie",23.31,11.5074207102768,NA,NA,NA
"7026",2024-10-24 04:00:00,"historie",30.95,11.0463957676764,NA,NA,NA
"7027",2024-10-24 05:00:00,"historie",34.32,10.8014981664818,NA,NA,NA
"7028",2024-10-24 06:00:00,"historie",28.05,14.6758235599856,NA,NA,NA
"7029",2024-10-24 07:00:00,"historie",26.49,16.9174071272988,NA,NA,NA
"7030",2024-10-24 08:00:00,"historie",34.56,21.4222904437204,NA,NA,NA
"7031",2024-10-24 09:00:00,"historie",25.77,27.6692478959135,NA,NA,NA
"7032",2024-10-24 10:00:00,"historie",20.62,30.5097844803071,NA,NA,NA
"7033",2024-10-24 11:00:00,"historie",13.37,25.6688331090353,NA,NA,NA
"7034",2024-10-24 12:00:00,"historie",8.9,24.4932003336686,NA,NA,NA
"7035",2024-10-24 13:00:00,"historie",12,31.0980150949771,NA,NA,NA
"7036",2024-10-24 14:00:00,"historie",12.84,24.0827063536186,NA,NA,NA
"7037",2024-10-24 15:00:00,"historie",13.44,19.7991548498195,NA,NA,NA
"7038",2024-10-24 16:00:00,"historie",16.5,13.4830734926041,NA,NA,NA
"7039",2024-10-24 17:00:00,"historie",27.56,9.36818685088531,NA,NA,NA
"7040",2024-10-24 18:00:00,"historie",25.82,12.1387926722633,NA,NA,NA
"7041",2024-10-24 19:00:00,"historie",29.22,12.8514006683237,NA,NA,NA
"7042",2024-10-24 20:00:00,"historie",34.82,13.3547439507167,NA,NA,NA
"7043",2024-10-24 21:00:00,"historie",25.77,15.9949503494015,NA,NA,NA
"7044",2024-10-24 22:00:00,"historie",31.15,25.2133984106236,NA,NA,NA
"7045",2024-10-24 23:00:00,"historie",28.14,23.8928890558424,NA,NA,NA
"7046",2024-10-25,"historie",40.26,26.7441746270311,NA,NA,NA
"7047",2024-10-25 01:00:00,"historie",40.24,31.3553125817182,NA,NA,NA
"7048",2024-10-25 02:00:00,"historie",29.31,24.1184523478513,NA,NA,NA
"7049",2024-10-25 03:00:00,"historie",28.62,28.5817468500554,NA,NA,NA
"7050",2024-10-25 04:00:00,"historie",29.77,26.1944272142672,NA,NA,NA
"7051",2024-10-25 05:00:00,"historie",38.76,36.049642997339,NA,NA,NA
"7052",2024-10-25 06:00:00,"historie",36.31,36.186382777755,NA,NA,NA
"7053",2024-10-25 07:00:00,"historie",32.92,27.4227328743197,NA,NA,NA
"7054",2024-10-25 08:00:00,"historie",25.49,26.8734596235661,NA,NA,NA
"7055",2024-10-25 09:00:00,"historie",27.51,27.8456106927378,NA,NA,NA
"7056",2024-10-25 10:00:00,"historie",35.08,35.2154132890203,NA,NA,NA
"7057",2024-10-25 11:00:00,"historie",25.82,33.3241196090596,NA,NA,NA
"7058",2024-10-25 12:00:00,"historie",32.27,30.6077721458348,NA,NA,NA
"7059",2024-10-25 13:00:00,"historie",21.5,24.419140160828,NA,NA,NA
"7060",2024-10-25 14:00:00,"historie",25.1,26.0988250618761,NA,NA,NA
"7061",2024-10-25 15:00:00,"historie",32.31,32.3635282431783,NA,NA,NA
"7062",2024-10-25 16:00:00,"historie",26.29,24.6987626239904,NA,NA,NA
"7063",2024-10-25 17:00:00,"historie",26.82,30.0685242672931,NA,NA,NA
"7064",2024-10-25 18:00:00,"historie",24.92,20.9934092705036,NA,NA,NA
"7065",2024-10-25 19:00:00,"historie",26.65,24.0263666256418,NA,NA,NA
"7066",2024-10-25 20:00:00,"historie",29.4,30.0288912809361,NA,NA,NA
"7067",2024-10-25 21:00:00,"historie",31.51,25.0393046956347,NA,NA,NA
"7068",2024-10-25 22:00:00,"historie",35.1,25.4720571074869,NA,NA,NA
"7069",2024-10-25 23:00:00,"historie",42.79,23.8572989882911,NA,NA,NA
"7070",2024-10-26,"historie",33.3,25.298818178,NA,NA,NA
"7071",2024-10-26 01:00:00,"historie",43,27.5939249925619,NA,NA,NA
"7072",2024-10-26 02:00:00,"historie",NA,29.3583314492543,NA,NA,NA
"7073",2024-10-26 03:00:00,"historie",23.88,32.3373931467093,NA,NA,NA
"7074",2024-10-26 04:00:00,"historie",21.97,38.6111808983839,NA,NA,NA
"7075",2024-10-26 05:00:00,"historie",22.08,31.0050417133766,NA,NA,NA
"7076",2024-10-26 06:00:00,"historie",23.9,38.9356440996143,NA,NA,NA
"7077",2024-10-26 07:00:00,"historie",33.11,23.1640392158094,NA,NA,NA
"7078",2024-10-26 08:00:00,"historie",NA,21.4671031261586,NA,NA,NA
"7079",2024-10-26 09:00:00,"historie",NA,21.5082029207571,NA,NA,NA
"7080",2024-10-26 10:00:00,"historie",NA,23.0231010466612,NA,NA,NA
"7081",2024-10-26 11:00:00,"historie",12.96,30.7330853640125,NA,NA,NA
"7082",2024-10-26 12:00:00,"historie",16.81,13.3825406245952,NA,NA,NA
"7083",2024-10-26 13:00:00,"historie",16.47,16.7552651012978,NA,NA,NA
"7084",2024-10-26 14:00:00,"historie",18,16.4017847881457,NA,NA,NA
"7085",2024-10-26 15:00:00,"historie",19.68,17.6934484113976,NA,NA,NA
"7086",2024-10-26 16:00:00,"historie",12.45,19.1132525053409,NA,NA,NA
"7087",2024-10-26 17:00:00,"historie",19.78,12.722401646524,NA,NA,NA
"7088",2024-10-26 18:00:00,"historie",34.56,19.0971879617495,NA,NA,NA
"7089",2024-10-26 19:00:00,"historie",32.08,31.3119548721868,NA,NA,NA
"7090",2024-10-26 20:00:00,"historie",35.28,29.4250924482553,NA,NA,NA
"7091",2024-10-26 21:00:00,"historie",26.31,32.1046053506012,NA,NA,NA
"7092",2024-10-26 22:00:00,"historie",31.36,24.8307689170409,NA,NA,NA
"7093",2024-10-26 23:00:00,"historie",44.86,29.0319174031346,NA,NA,NA
"7094",2024-10-27,"historie",34.63,39.9527008774199,NA,NA,NA
"7095",2024-10-27 01:00:00,"historie",17.98,31.8967141245997,NA,NA,NA
"7096",2024-10-27 02:00:00,"historie",16.79,17.8708340773956,NA,NA,NA
"7097",2024-10-27 02:00:00,"historie",14,16.7632858443375,NA,NA,NA
"7098",2024-10-27 03:00:00,"historie",14.17,14.2205916116282,NA,NA,NA
"7099",2024-10-27 04:00:00,"historie",13.26,14.3118466334507,NA,NA,NA
"7100",2024-10-27 05:00:00,"historie",11.22,13.4442549886436,NA,NA,NA
"7101",2024-10-27 06:00:00,"historie",10.66,11.5502636010548,NA,NA,NA
"7102",2024-10-27 07:00:00,"historie",11.15,10.9880219165867,NA,NA,NA
"7103",2024-10-27 08:00:00,"historie",13.08,11.3853122220976,NA,NA,NA
"7104",2024-10-27 09:00:00,"historie",8.38,13.0712794252527,NA,NA,NA
"7105",2024-10-27 10:00:00,"historie",8.38,8.79160377143695,NA,NA,NA
"7106",2024-10-27 11:00:00,"historie",9.62,8.74837288757306,NA,NA,NA
"7107",2024-10-27 12:00:00,"historie",9.34,9.84442354344116,NA,NA,NA
"7108",2024-10-27 13:00:00,"historie",8.37,9.56353053262046,NA,NA,NA
"7109",2024-10-27 14:00:00,"historie",8.88,8.65463932625924,NA,NA,NA
"7110",2024-10-27 15:00:00,"historie",8.92,9.09217695760915,NA,NA,NA
"7111",2024-10-27 16:00:00,"historie",10.31,9.10753054845549,NA,NA,NA
"7112",2024-10-27 17:00:00,"historie",14.44,10.3349252886326,NA,NA,NA
"7113",2024-10-27 18:00:00,"historie",15.7,13.9235811669141,NA,NA,NA
"7114",2024-10-27 19:00:00,"historie",18.92,15.0247711181567,NA,NA,NA
"7115",2024-10-27 20:00:00,"historie",20.44,17.7687681125056,NA,NA,NA
"7116",2024-10-27 21:00:00,"historie",34.41,19.0943148074973,NA,NA,NA
"7117",2024-10-27 22:00:00,"historie",14.1,30.4109814330602,NA,NA,NA
"7118",2024-10-27 23:00:00,"historie",14.15,13.8844231134751,NA,NA,NA
"7119",2024-10-28,"historie",14.39,13.9213649393121,NA,NA,NA
"7120",2024-10-28 01:00:00,"historie",16,14.12496880055,NA,NA,NA
"7121",2024-10-28 02:00:00,"historie",17.97,15.5143110203838,NA,NA,NA
"7122",2024-10-28 03:00:00,"historie",18.75,17.2070757223706,NA,NA,NA
"7123",2024-10-28 04:00:00,"historie",20.26,17.892660968637,NA,NA,NA
"7124",2024-10-28 05:00:00,"historie",16.77,19.1942340359624,NA,NA,NA
"7125",2024-10-28 06:00:00,"historie",14.05,16.2632881843405,NA,NA,NA
"7126",2024-10-28 07:00:00,"historie",13.38,13.9055023921107,NA,NA,NA
"7127",2024-10-28 08:00:00,"historie",12.67,13.3017696051996,NA,NA,NA
"7128",2024-10-28 09:00:00,"historie",11.05,12.6576008606758,NA,NA,NA
"7129",2024-10-28 10:00:00,"historie",9.15,11.194433682689,NA,NA,NA
"7130",2024-10-28 11:00:00,"historie",8.26,9.44755919019453,NA,NA,NA
"7131",2024-10-28 12:00:00,"historie",5.82,8.59814051978061,NA,NA,NA
"7132",2024-10-28 13:00:00,"historie",5.42,6.27950329772271,NA,NA,NA
"7133",2024-10-28 14:00:00,"historie",7.29,5.86034989474249,NA,NA,NA
"7134",2024-10-28 15:00:00,"historie",11.74,7.57825715835806,NA,NA,NA
"7135",2024-10-28 16:00:00,"historie",13.62,11.5300428888026,NA,NA,NA
"7136",2024-10-28 17:00:00,"historie",7.66,13.1672843787985,NA,NA,NA
"7137",2024-10-28 18:00:00,"historie",9.53,7.92072848772948,NA,NA,NA
"7138",2024-10-28 19:00:00,"historie",13.11,9.58956247583804,NA,NA,NA
"7139",2024-10-28 20:00:00,"historie",14.49,12.7166447384729,NA,NA,NA
"7140",2024-10-28 21:00:00,"historie",12.56,13.9230919177865,NA,NA,NA
"7141",2024-10-28 22:00:00,"historie",15.54,12.2952967530798,NA,NA,NA
"7142",2024-10-28 23:00:00,"historie",14,14.8654608834583,NA,NA,NA
"7143",2024-10-29,"historie",21.21,13.585695440541,NA,NA,NA
"7144",2024-10-29 01:00:00,"historie",20.5,19.6638225332339,NA,NA,NA
"7145",2024-10-29 02:00:00,"historie",20.34,19.1621830954492,NA,NA,NA
"7146",2024-10-29 03:00:00,"historie",21.45,19.0973975525439,NA,NA,NA
"7147",2024-10-29 04:00:00,"historie",21.42,20.080155164112,NA,NA,NA
"7148",2024-10-29 05:00:00,"historie",23.89,20.1172590666408,NA,NA,NA
"7149",2024-10-29 06:00:00,"historie",29.4,22.2211342009346,NA,NA,NA
"7150",2024-10-29 07:00:00,"historie",38.87,26.7956881662156,NA,NA,NA
"7151",2024-10-29 08:00:00,"historie",34.08,34.4725479902786,NA,NA,NA
"7152",2024-10-29 09:00:00,"historie",32.82,30.8594257864401,NA,NA,NA
"7153",2024-10-29 10:00:00,"historie",23.23,29.9708038656666,NA,NA,NA
"7154",2024-10-29 11:00:00,"historie",22.29,22.1355909809956,NA,NA,NA
"7155",2024-10-29 12:00:00,"historie",27.95,21.3481023759001,NA,NA,NA
"7156",2024-10-29 13:00:00,"historie",26.26,26.0924149430046,NA,NA,NA
"7157",2024-10-29 14:00:00,"historie",23.33,24.7313466532099,NA,NA,NA
"7158",2024-10-29 15:00:00,"historie",24.18,22.291957186429,NA,NA,NA
"7159",2024-10-29 16:00:00,"historie",28.51,23.0116618771025,NA,NA,NA
"7160",2024-10-29 17:00:00,"historie",35.44,26.6388350606872,NA,NA,NA
"7161",2024-10-29 18:00:00,"historie",32.28,32.3559412296027,NA,NA,NA
"7162",2024-10-29 19:00:00,"historie",30.65,29.8721633979628,NA,NA,NA
"7163",2024-10-29 20:00:00,"historie",34.1,28.5845777666165,NA,NA,NA
"7164",2024-10-29 21:00:00,"historie",26.68,31.4598370456356,NA,NA,NA
"7165",2024-10-29 22:00:00,"historie",25.18,25.3567765154451,NA,NA,NA
"7166",2024-10-29 23:00:00,"historie",22.57,24.084954828833,NA,NA,NA
"7167",2024-10-30,"historie",27.31,21.845569599246,NA,NA,NA
"7168",2024-10-30 01:00:00,"historie",25.74,25.8347326485834,NA,NA,NA
"7169",2024-10-30 02:00:00,"historie",30.41,24.5202764627328,NA,NA,NA
"7170",2024-10-30 03:00:00,"historie",28.13,28.4212080702159,NA,NA,NA
"7171",2024-10-30 04:00:00,"historie",23.82,26.5520257693488,NA,NA,NA
"7172",2024-10-30 05:00:00,"historie",32.77,22.9198967255902,NA,NA,NA
"7173",2024-10-30 06:00:00,"historie",23,30.38424933723,NA,NA,NA
"7174",2024-10-30 07:00:00,"historie",19.42,22.2334668965549,NA,NA,NA
"7175",2024-10-30 08:00:00,"historie",26.05,19.1121916196028,NA,NA,NA
"7176",2024-10-30 09:00:00,"historie",16.25,24.7393623103565,NA,NA,NA
"7177",2024-10-30 10:00:00,"historie",9.87,16.282240072092,NA,NA,NA
"7178",2024-10-30 11:00:00,"historie",4.1,10.4288906978335,NA,NA,NA
"7179",2024-10-30 12:00:00,"historie",3.37,4.75372232663243,NA,NA,NA
"7180",2024-10-30 13:00:00,"historie",8.38,3.94582316974904,NA,NA,NA
"7181",2024-10-30 14:00:00,"historie",2.54,8.74088868070488,NA,NA,NA
"7182",2024-10-30 15:00:00,"historie",3.95,3.02094134495201,NA,NA,NA
"7183",2024-10-30 16:00:00,"historie",4.92,4.41341605244279,NA,NA,NA
"7184",2024-10-30 17:00:00,"historie",12.28,5.32145924147237,NA,NA,NA
"7185",2024-10-30 18:00:00,"historie",14.69,11.9140769086895,NA,NA,NA
"7186",2024-10-30 19:00:00,"historie",16.54,13.9993487159001,NA,NA,NA
"7187",2024-10-30 20:00:00,"historie",18.05,15.6055636782226,NA,NA,NA
"7188",2024-10-30 21:00:00,"historie",20.36,16.9284720303455,NA,NA,NA
"7189",2024-10-30 22:00:00,"historie",17.66,18.9130880802911,NA,NA,NA
"7190",2024-10-30 23:00:00,"historie",22.86,16.7463964152565,NA,NA,NA
"7191",2024-10-31,"historie",10.15,21.1129831312882,NA,NA,NA
"7192",2024-10-31 01:00:00,"historie",7.95,10.3235226392874,NA,NA,NA
"7193",2024-10-31 02:00:00,"historie",7.13,8.29502254223954,NA,NA,NA
"7194",2024-10-31 03:00:00,"historie",3.44,7.50391997865901,NA,NA,NA
"7195",2024-10-31 04:00:00,"historie",4.05,3.91621299530334,NA,NA,NA
"7196",2024-10-31 05:00:00,"historie",3.95,4.48565191484408,NA,NA,NA
"7197",2024-10-31 06:00:00,"historie",6.51,4.35817968169786,NA,NA,NA
"7198",2024-10-31 07:00:00,"historie",2.44,6.74655350113842,NA,NA,NA
"7199",2024-10-31 08:00:00,"historie",6.71,2.82171569151501,NA,NA,NA
"7200",2024-10-31 09:00:00,"historie",2.67,6.85945348338068,NA,NA,NA
"7201",2024-10-31 10:00:00,"historie",56.17,3.02972796137385,NA,NA,NA
"7202",2024-10-31 11:00:00,"historie",2.42,44.8185552944814,NA,NA,NA
"7203",2024-10-31 12:00:00,"historie",11.85,2.80388646933635,NA,NA,NA
"7204",2024-10-31 13:00:00,"historie",16.59,11.3667526480215,NA,NA,NA
"7205",2024-10-31 14:00:00,"historie",5,15.3807012158792,NA,NA,NA
"7206",2024-10-31 15:00:00,"historie",12.89,5.34285289462078,NA,NA,NA
"7207",2024-10-31 16:00:00,"historie",7.97,12.3277776198038,NA,NA,NA
"7208",2024-10-31 17:00:00,"historie",11.88,8.08068772479572,NA,NA,NA
"7209",2024-10-31 18:00:00,"historie",18.74,11.5104586135849,NA,NA,NA
"7210",2024-10-31 19:00:00,"historie",20.38,17.2920089770239,NA,NA,NA
"7211",2024-10-31 20:00:00,"historie",16.56,18.7373502818954,NA,NA,NA
"7212",2024-10-31 21:00:00,"historie",18.36,15.6781534869644,NA,NA,NA
"7213",2024-10-31 22:00:00,"historie",24.5,17.2410338038174,NA,NA,NA
"7214",2024-10-31 23:00:00,"historie",22.86,22.3531063651333,NA,NA,NA
"7215",2024-11-01,"historie",22.95,21.138102080149,NA,NA,NA
"7216",2024-11-01 01:00:00,"historie",25.11,21.3043034679403,NA,NA,NA
"7217",2024-11-01 02:00:00,"historie",21.62,23.1618790121422,NA,NA,NA
"7218",2024-11-01 03:00:00,"historie",20.69,20.3659185722631,NA,NA,NA
"7219",2024-11-01 04:00:00,"historie",34.08,19.6349303141735,NA,NA,NA
"7220",2024-11-01 05:00:00,"historie",56.74,30.619000701669,NA,NA,NA
"7221",2024-11-01 06:00:00,"historie",14.62,48.3721346878019,NA,NA,NA
"7222",2024-11-01 07:00:00,"historie",14.85,14.6577644669121,NA,NA,NA
"7223",2024-11-01 08:00:00,"historie",12.13,14.8221360673536,NA,NA,NA
"7224",2024-11-01 09:00:00,"historie",14.07,12.3603369016655,NA,NA,NA
"7225",2024-11-01 10:00:00,"historie",21.59,14.0493155168823,NA,NA,NA
"7226",2024-11-01 11:00:00,"historie",24.54,20.4974357717852,NA,NA,NA
"7227",2024-11-01 12:00:00,"historie",24.34,22.9968230976813,NA,NA,NA
"7228",2024-11-01 13:00:00,"historie",23.48,22.8824164978021,NA,NA,NA
"7229",2024-11-01 14:00:00,"historie",23.95,22.2069199345801,NA,NA,NA
"7230",2024-11-01 15:00:00,"historie",21.95,22.6328949385944,NA,NA,NA
"7231",2024-11-01 16:00:00,"historie",26.31,20.9782652984162,NA,NA,NA
"7232",2024-11-01 17:00:00,"historie",24.66,24.6485315879552,NA,NA,NA
"7233",2024-11-01 18:00:00,"historie",25.3,23.3162962779481,NA,NA,NA
"7234",2024-11-01 19:00:00,"historie",30.49,23.8795674144953,NA,NA,NA
"7235",2024-11-01 20:00:00,"historie",20.64,28.2099523109127,NA,NA,NA
"7236",2024-11-01 21:00:00,"historie",12.36,20.008793092269,NA,NA,NA
"7237",2024-11-01 22:00:00,"historie",9.73,12.6892995194318,NA,NA,NA
"7238",2024-11-01 23:00:00,"historie",8.63,10.2178788168388,NA,NA,NA
"7239",2024-11-02,"historie",8.62,9.13446739395817,NA,NA,NA
"7240",2024-11-02 01:00:00,"historie",6.66,9.07141159206217,NA,NA,NA
"7241",2024-11-02 02:00:00,"historie",6.62,7.17941593265065,NA,NA,NA
"7242",2024-11-02 03:00:00,"historie",4.55,7.09518060592319,NA,NA,NA
"7243",2024-11-02 04:00:00,"historie",3.15,5.05933024484325,NA,NA,NA
"7244",2024-11-02 05:00:00,"historie",2.41,3.62330487350087,NA,NA,NA
"7245",2024-11-02 06:00:00,"historie",2.98,2.83030297707544,NA,NA,NA
"7246",2024-11-02 07:00:00,"historie",2.05,3.38121031444115,NA,NA,NA
"7247",2024-11-02 08:00:00,"historie",1.84,2.40853773880445,NA,NA,NA
"7248",2024-11-02 09:00:00,"historie",1.46,2.16801229568008,NA,NA,NA
"7249",2024-11-02 10:00:00,"historie",2.26,1.75009039137418,NA,NA,NA
"7250",2024-11-02 11:00:00,"historie",2.9,2.55343643594031,NA,NA,NA
"7251",2024-11-02 12:00:00,"historie",2.66,3.16873625582186,NA,NA,NA
"7252",2024-11-02 13:00:00,"historie",1.65,2.92718829298323,NA,NA,NA
"7253",2024-11-02 14:00:00,"historie",2.79,1.91096116078561,NA,NA,NA
"7254",2024-11-02 15:00:00,"historie",3.15,3.025737035672,NA,NA,NA
"7255",2024-11-02 16:00:00,"historie",4.39,3.36439825665937,NA,NA,NA
"7256",2024-11-02 17:00:00,"historie",6.92,4.51379863547057,NA,NA,NA
"7257",2024-11-02 18:00:00,"historie",11.22,6.77174033529459,NA,NA,NA
"7258",2024-11-02 19:00:00,"historie",12.44,10.449045159056,NA,NA,NA
"7259",2024-11-02 20:00:00,"historie",13.4,11.5447340123365,NA,NA,NA
"7260",2024-11-02 21:00:00,"historie",13.9,12.4298595613181,NA,NA,NA
"7261",2024-11-02 22:00:00,"historie",15.65,12.9373596239895,NA,NA,NA
"7262",2024-11-02 23:00:00,"historie",17.79,14.4709779359137,NA,NA,NA
"7263",2024-11-03,"historie",15.26,16.3251467022195,NA,NA,NA
"7264",2024-11-03 01:00:00,"historie",19.62,14.3495057465395,NA,NA,NA
"7265",2024-11-03 02:00:00,"historie",13.56,18.0215615073134,NA,NA,NA
"7266",2024-11-03 03:00:00,"historie",9.51,13.0695660481141,NA,NA,NA
"7267",2024-11-03 04:00:00,"historie",10.78,9.56840093242185,NA,NA,NA
"7268",2024-11-03 05:00:00,"historie",22.37,10.6907936637196,NA,NA,NA
"7269",2024-11-03 06:00:00,"historie",22.82,20.4384126861023,NA,NA,NA
"7270",2024-11-03 07:00:00,"historie",21.9,20.9295749036204,NA,NA,NA
"7271",2024-11-03 08:00:00,"historie",25.62,20.2907422324695,NA,NA,NA
"7272",2024-11-03 09:00:00,"historie",37.77,23.4244476177752,NA,NA,NA
"7273",2024-11-03 10:00:00,"historie",30.5,33.2169107825989,NA,NA,NA
"7274",2024-11-03 11:00:00,"historie",26.23,27.6848726120761,NA,NA,NA
"7275",2024-11-03 12:00:00,"historie",22.79,24.3380973383625,NA,NA,NA
"7276",2024-11-03 13:00:00,"historie",17.88,21.5539022976245,NA,NA,NA
"7277",2024-11-03 14:00:00,"historie",8.69,17.4117450046686,NA,NA,NA
"7278",2024-11-03 15:00:00,"historie",10.28,9.18079207257221,NA,NA,NA
"7279",2024-11-03 16:00:00,"historie",13.82,10.5959540817191,NA,NA,NA
"7280",2024-11-03 17:00:00,"historie",21.62,13.7243766279197,NA,NA,NA
"7281",2024-11-03 18:00:00,"historie",24.4,20.387893614149,NA,NA,NA
"7282",2024-11-03 19:00:00,"historie",25.18,22.7516759881277,NA,NA,NA
"7283",2024-11-03 20:00:00,"historie",23.71,23.4667426936683,NA,NA,NA
"7284",2024-11-03 21:00:00,"historie",30.9,22.3126653512378,NA,NA,NA
"7285",2024-11-03 22:00:00,"historie",28.52,28.2784582285874,NA,NA,NA
"7286",2024-11-03 23:00:00,"historie",31.26,26.4393148667831,NA,NA,NA
"7287",2024-11-04,"historie",29.62,28.7587978902177,NA,NA,NA
"7288",2024-11-04 01:00:00,"historie",38.45,27.5020857914993,NA,NA,NA
"7289",2024-11-04 02:00:00,"historie",39.18,34.7410451045543,NA,NA,NA
"7290",2024-11-04 03:00:00,"historie",28.05,35.4661204649995,NA,NA,NA
"7291",2024-11-04 04:00:00,"historie",25.84,26.4671382234091,NA,NA,NA
"7292",2024-11-04 05:00:00,"historie",25.32,24.626834231953,NA,NA,NA
"7293",2024-11-04 06:00:00,"historie",27.68,24.1869652035467,NA,NA,NA
"7294",2024-11-04 07:00:00,"historie",32.75,26.1718124876384,NA,NA,NA
"7295",2024-11-04 08:00:00,"historie",28.82,30.3972432435074,NA,NA,NA
"7296",2024-11-04 09:00:00,"historie",32.88,27.186807500741,NA,NA,NA
"7297",2024-11-04 10:00:00,"historie",35.92,30.5741301161405,NA,NA,NA
"7298",2024-11-04 11:00:00,"historie",36.7,33.1167930668945,NA,NA,NA
"7299",2024-11-04 12:00:00,"historie",21.6,33.8197711642436,NA,NA,NA
"7300",2024-11-04 13:00:00,"historie",12.28,21.176961652952,NA,NA,NA
"7301",2024-11-04 14:00:00,"historie",10.36,12.8057146449876,NA,NA,NA
"7302",2024-11-04 15:00:00,"historie",9.53,10.9453899201765,NA,NA,NA
"7303",2024-11-04 16:00:00,"historie",5.65,10.0961556047736,NA,NA,NA
"7304",2024-11-04 17:00:00,"historie",6.95,6.30977409352012,NA,NA,NA
"7305",2024-11-04 18:00:00,"historie",17.65,7.50909006801197,NA,NA,NA
"7306",2024-11-04 19:00:00,"historie",11.05,17.0408204737967,NA,NA,NA
"7307",2024-11-04 20:00:00,"historie",11.06,11.260430635147,NA,NA,NA
"7308",2024-11-04 21:00:00,"historie",17.82,11.239269540653,NA,NA,NA
"7309",2024-11-04 22:00:00,"historie",17.62,17.1157748889717,NA,NA,NA
"7310",2024-11-04 23:00:00,"historie",18.66,16.9707852278366,NA,NA,NA
"7311",2024-11-05,"historie",15.61,17.8780851227535,NA,NA,NA
"7312",2024-11-05 01:00:00,"historie",12.45,15.2845459647194,NA,NA,NA
"7313",2024-11-05 02:00:00,"historie",13.66,12.5069286131378,NA,NA,NA
"7314",2024-11-05 03:00:00,"historie",21.15,13.5561168897215,NA,NA,NA
"7315",2024-11-05 04:00:00,"historie",23.56,19.9589628781672,NA,NA,NA
"7316",2024-11-05 05:00:00,"historie",29.92,22.0195537351637,NA,NA,NA
"7317",2024-11-05 06:00:00,"historie",34.28,27.2999737705365,NA,NA,NA
"7318",2024-11-05 07:00:00,"historie",37.45,30.9375483682589,NA,NA,NA
"7319",2024-11-05 08:00:00,"historie",30.08,33.6268251261333,NA,NA,NA
"7320",2024-11-05 09:00:00,"historie",20.32,27.8267908057053,NA,NA,NA
"7321",2024-11-05 10:00:00,"historie",14.08,19.7063208755235,NA,NA,NA
"7322",2024-11-05 11:00:00,"historie",13.82,14.2270847572712,NA,NA,NA
"7323",2024-11-05 12:00:00,"historie",20.05,13.9494196299051,NA,NA,NA
"7324",2024-11-05 13:00:00,"historie",20.5,19.3453365266665,NA,NA,NA
"7325",2024-11-05 14:00:00,"historie",21.98,19.7339112127121,NA,NA,NA
"7326",2024-11-05 15:00:00,"historie",20.95,20.999436303895,NA,NA,NA
"7327",2024-11-05 16:00:00,"historie",25.11,20.1412065806223,NA,NA,NA
"7328",2024-11-05 17:00:00,"historie",22.46,23.6588823350873,NA,NA,NA
"7329",2024-11-05 18:00:00,"historie",26.68,21.4671530466807,NA,NA,NA
"7330",2024-11-05 19:00:00,"historie",29.74,25.0238815981335,NA,NA,NA
"7331",2024-11-05 20:00:00,"historie",32.97,27.6037399448952,NA,NA,NA
"7332",2024-11-05 21:00:00,"historie",30.08,30.3198391571923,NA,NA,NA
"7333",2024-11-05 22:00:00,"historie",34.45,28.0324485549602,NA,NA,NA
"7334",2024-11-05 23:00:00,"historie",23.51,31.6741678399978,NA,NA,NA
"7335",2024-11-06,"historie",26.33,22.6320132742057,NA,NA,NA
"7336",2024-11-06 01:00:00,"historie",28.1,25.0102703877751,NA,NA,NA
"7337",2024-11-06 02:00:00,"historie",24.5,26.5057249226153,NA,NA,NA
"7338",2024-11-06 03:00:00,"historie",27.08,23.491230142427,NA,NA,NA
"7339",2024-11-06 04:00:00,"historie",27.92,25.6644795424454,NA,NA,NA
"7340",2024-11-06 05:00:00,"historie",27.82,26.3820346574854,NA,NA,NA
"7341",2024-11-06 06:00:00,"historie",27.66,26.3155685912606,NA,NA,NA
"7342",2024-11-06 07:00:00,"historie",32.46,26.1958164897951,NA,NA,NA
"7343",2024-11-06 08:00:00,"historie",36.79,30.2026694526206,NA,NA,NA
"7344",2024-11-06 09:00:00,"historie",33.71,33.8027106622649,NA,NA,NA
"7345",2024-11-06 10:00:00,"historie",34.65,31.3539959777453,NA,NA,NA
"7346",2024-11-06 11:00:00,"historie",38.79,32.1726432957103,NA,NA,NA
"7347",2024-11-06 12:00:00,"historie",39.67,35.6095925658819,NA,NA,NA
"7348",2024-11-06 13:00:00,"historie",33.46,36.4010511963746,NA,NA,NA
"7349",2024-11-06 14:00:00,"historie",38.25,31.3636746596547,NA,NA,NA
"7350",2024-11-06 15:00:00,"historie",36.54,35.3313832676647,NA,NA,NA
"7351",2024-11-06 16:00:00,"historie",40.45,33.975785739711,NA,NA,NA
"7352",2024-11-06 17:00:00,"historie",39.26,37.2145968007581,NA,NA,NA
"7353",2024-11-06 18:00:00,"historie",41.08,36.2988557479888,NA,NA,NA
"7354",2024-11-06 19:00:00,"historie",41.05,37.8304714639027,NA,NA,NA
"7355",2024-11-06 20:00:00,"historie",41.56,37.856941752197,NA,NA,NA
"7356",2024-11-06 21:00:00,"historie",57.92,38.3187916425596,NA,NA,NA
"7357",2024-11-06 22:00:00,"historie",41.87,51.4893869977562,NA,NA,NA
"7358",2024-11-06 23:00:00,"historie",40.74,38.7495818379672,NA,NA,NA
"7359",2024-11-07,"historie",41.13,37.8443937341016,NA,NA,NA
"7360",2024-11-07 01:00:00,"historie",40.02,38.1785475080444,NA,NA,NA
"7361",2024-11-07 02:00:00,"historie",43.89,37.27749925657,NA,NA,NA
"7362",2024-11-07 03:00:00,"historie",43.15,40.4619664430601,NA,NA,NA
"7363",2024-11-07 04:00:00,"historie",40.45,39.8884167582425,NA,NA,NA
"7364",2024-11-07 05:00:00,"historie",43.38,37.6890814439553,NA,NA,NA
"7365",2024-11-07 06:00:00,"historie",42.8,40.1011151226127,NA,NA,NA
"7366",2024-11-07 07:00:00,"historie",40.7,39.6470298725808,NA,NA,NA
"7367",2024-11-07 08:00:00,"historie",38.65,37.9317663159866,NA,NA,NA
"7368",2024-11-07 09:00:00,"historie",40.36,36.2314042437653,NA,NA,NA
"7369",2024-11-07 10:00:00,"historie",35.65,37.6335507003559,NA,NA,NA
"7370",2024-11-07 11:00:00,"historie",32.29,33.7111363234881,NA,NA,NA
"7371",2024-11-07 12:00:00,"historie",25.74,30.8487826652827,NA,NA,NA
"7372",2024-11-07 13:00:00,"historie",27.74,25.1914171950307,NA,NA,NA
"7373",2024-11-07 14:00:00,"historie",27.08,26.8370686959888,NA,NA,NA
"7374",2024-11-07 15:00:00,"historie",25.03,26.2142252842422,NA,NA,NA
"7375",2024-11-07 16:00:00,"historie",23.41,24.3969307484756,NA,NA,NA
"7376",2024-11-07 17:00:00,"historie",21.55,22.9369760839928,NA,NA,NA
"7377",2024-11-07 18:00:00,"historie",23.35,21.2586357319081,NA,NA,NA
"7378",2024-11-07 19:00:00,"historie",29.1,22.7602258625591,NA,NA,NA
"7379",2024-11-07 20:00:00,"historie",30.52,27.612903832345,NA,NA,NA
"7380",2024-11-07 21:00:00,"historie",35.08,28.8030862283834,NA,NA,NA
"7381",2024-11-07 22:00:00,"historie",37.05,32.5985570032447,NA,NA,NA
"7382",2024-11-07 23:00:00,"historie",37.17,34.2617999858811,NA,NA,NA
"7383",2024-11-08,"historie",35.5,34.413978473826,NA,NA,NA
"7384",2024-11-08 01:00:00,"historie",37.97,33.0857050848316,NA,NA,NA
"7385",2024-11-08 02:00:00,"historie",37.24,35.150110617732,NA,NA,NA
"7386",2024-11-08 03:00:00,"historie",39.92,34.5944981309663,NA,NA,NA
"7387",2024-11-08 04:00:00,"historie",43.03,36.8292623662306,NA,NA,NA
"7388",2024-11-08 05:00:00,"historie",55.35,39.4167072004075,NA,NA,NA
"7389",2024-11-08 06:00:00,"historie",62.59,49.3632038988781,NA,NA,NA
"7390",2024-11-08 07:00:00,"historie",59.58,55.236986289218,NA,NA,NA
"7391",2024-11-08 08:00:00,"historie",53.76,53.08307368746,NA,NA,NA
"7392",2024-11-08 09:00:00,"historie",51.72,48.6082820892594,NA,NA,NA
"7393",2024-11-08 10:00:00,"historie",48.49,47.0601877941532,NA,NA,NA
"7394",2024-11-08 11:00:00,"historie",50.41,44.5075464489264,NA,NA,NA
"7395",2024-11-08 12:00:00,"historie",50.64,46.1016236782196,NA,NA,NA
"7396",2024-11-08 13:00:00,"historie",53.82,46.332362576708,NA,NA,NA
"7397",2024-11-08 14:00:00,"historie",55.26,48.9459416391468,NA,NA,NA
"7398",2024-11-08 15:00:00,"historie",57.23,50.1666710683784,NA,NA,NA
"7399",2024-11-08 16:00:00,"historie",57.1,51.8150616321307,NA,NA,NA
"7400",2024-11-08 17:00:00,"historie",62.89,51.7819619336628,NA,NA,NA
"7401",2024-11-08 18:00:00,"historie",73.82,56.4791907004272,NA,NA,NA
"7402",2024-11-08 19:00:00,"historie",70.56,65.2171488421267,NA,NA,NA
"7403",2024-11-08 20:00:00,"historie",68.88,62.8292433503343,NA,NA,NA
"7404",2024-11-08 21:00:00,"historie",70.68,61.6286793579857,NA,NA,NA
"7405",2024-11-08 22:00:00,"historie",72.08,63.1581065619146,NA,NA,NA
"7406",2024-11-08 23:00:00,"historie",99.89,64.3711269711862,NA,NA,NA
"7407",2024-11-09,"historie",62.2,86.104352994205,NA,NA,NA
"7408",2024-11-09 01:00:00,"historie",55.18,56.7893544502675,NA,NA,NA
"7409",2024-11-09 02:00:00,"historie",56.95,51.059270292673,NA,NA,NA
"7410",2024-11-09 03:00:00,"historie",50.26,52.4539255469965,NA,NA,NA
"7411",2024-11-09 04:00:00,"historie",42.89,46.9203841514036,NA,NA,NA
"7412",2024-11-09 05:00:00,"historie",48.92,40.7039877040215,NA,NA,NA
"7413",2024-11-09 06:00:00,"historie",63.05,45.6246618293809,NA,NA,NA
"7414",2024-11-09 07:00:00,"historie",60.35,57.0660212688345,NA,NA,NA
"7415",2024-11-09 08:00:00,"historie",49.89,54.9388000495633,NA,NA,NA
"7416",2024-11-09 09:00:00,"historie",48.73,46.4252595246124,NA,NA,NA
"7417",2024-11-09 10:00:00,"historie",49.11,45.4182053345639,NA,NA,NA
"7418",2024-11-09 11:00:00,"historie",49.62,45.6812591639345,NA,NA,NA
"7419",2024-11-09 12:00:00,"historie",37.41,46.0594562536429,NA,NA,NA
"7420",2024-11-09 13:00:00,"historie",33.56,35.8292135815362,NA,NA,NA
"7421",2024-11-09 14:00:00,"historie",34.67,32.4510026749665,NA,NA,NA
"7422",2024-11-09 15:00:00,"historie",41.55,33.2939811159964,NA,NA,NA
"7423",2024-11-09 16:00:00,"historie",49.72,38.9904544924617,NA,NA,NA
"7424",2024-11-09 17:00:00,"historie",47.26,45.6764261524439,NA,NA,NA
"7425",2024-11-09 18:00:00,"historie",38.98,43.6908823186186,NA,NA,NA
"7426",2024-11-09 19:00:00,"historie",44.13,36.8353679081747,NA,NA,NA
"7427",2024-11-09 20:00:00,"historie",50.56,41.0646019059072,NA,NA,NA
"7428",2024-11-09 21:00:00,"historie",47.62,46.3167573155291,NA,NA,NA
"7429",2024-11-09 22:00:00,"historie",47.08,43.9557109780515,NA,NA,NA
"7430",2024-11-09 23:00:00,"historie",42,43.5245608448023,NA,NA,NA
"7431",2024-11-10,"historie",45.31,39.3394173727118,NA,NA,NA
"7432",2024-11-10 01:00:00,"historie",45.63,42.0459474742567,NA,NA,NA
"7433",2024-11-10 02:00:00,"historie",41.79,42.3062265648473,NA,NA,NA
"7434",2024-11-10 03:00:00,"historie",48.98,39.1336442943745,NA,NA,NA
"7435",2024-11-10 04:00:00,"historie",55.82,45.0191571915217,NA,NA,NA
"7436",2024-11-10 05:00:00,"historie",57.64,50.5823020284329,NA,NA,NA
"7437",2024-11-10 06:00:00,"historie",57.61,52.1205336742975,NA,NA,NA
"7438",2024-11-10 07:00:00,"historie",56,52.1780252438335,NA,NA,NA
"7439",2024-11-10 08:00:00,"historie",57.19,50.9527533882892,NA,NA,NA
"7440",2024-11-10 09:00:00,"historie",61.3,51.9631600400152,NA,NA,NA
"7441",2024-11-10 10:00:00,"historie",66.33,55.3180420418084,NA,NA,NA
"7442",2024-11-10 11:00:00,"historie",66,59.4089581465112,NA,NA,NA
"7443",2024-11-10 12:00:00,"historie",62.14,59.2554704751229,NA,NA,NA
"7444",2024-11-10 13:00:00,"historie",71.18,56.260755124529,NA,NA,NA
"7445",2024-11-10 14:00:00,"historie",76.49,63.5203435912784,NA,NA,NA
"7446",2024-11-10 15:00:00,"historie",76.17,67.828809126342,NA,NA,NA
"7447",2024-11-10 16:00:00,"historie",80.29,67.72223728747,NA,NA,NA
"7448",2024-11-10 17:00:00,"historie",111.56,71.0919170936583,NA,NA,NA
"7449",2024-11-10 18:00:00,"historie",87.9,95.3575489841927,NA,NA,NA
"7450",2024-11-10 19:00:00,"historie",82.79,77.5176638564872,NA,NA,NA
"7451",2024-11-10 20:00:00,"historie",54.98,73.6503647297489,NA,NA,NA
"7452",2024-11-10 21:00:00,"historie",48.42,51.2967519098584,NA,NA,NA
"7453",2024-11-10 22:00:00,"historie",39.95,45.7419413448636,NA,NA,NA
"7454",2024-11-10 23:00:00,"historie",43,38.4694455888377,NA,NA,NA
"7455",2024-11-11,"historie",30.62,40.9084483887358,NA,NA,NA
"7456",2024-11-11 01:00:00,"historie",32.97,30.1903361077271,NA,NA,NA
"7457",2024-11-11 02:00:00,"historie",27.97,32.0773174211067,NA,NA,NA
"7458",2024-11-11 03:00:00,"historie",27.38,27.620151133568,NA,NA,NA
"7459",2024-11-11 04:00:00,"historie",33.24,26.9803077701793,NA,NA,NA
"7460",2024-11-11 05:00:00,"historie",31.62,31.9105340195479,NA,NA,NA
"7461",2024-11-11 06:00:00,"historie",33.18,30.4612958656675,NA,NA,NA
"7462",2024-11-11 07:00:00,"historie",32.77,31.7177717366133,NA,NA,NA
"7463",2024-11-11 08:00:00,"historie",28.16,31.3186658040415,NA,NA,NA
"7464",2024-11-11 09:00:00,"historie",26.17,27.3374629791043,NA,NA,NA
"7465",2024-11-11 10:00:00,"historie",25.87,25.5543703238113,NA,NA,NA
"7466",2024-11-11 11:00:00,"historie",21.18,25.226081276665,NA,NA,NA
"7467",2024-11-11 12:00:00,"historie",20.26,21.0744827511325,NA,NA,NA
"7468",2024-11-11 13:00:00,"historie",21.08,20.1871009936393,NA,NA,NA
"7469",2024-11-11 14:00:00,"historie",25.1,20.8363757706726,NA,NA,NA
"7470",2024-11-11 15:00:00,"historie",29.26,24.2561656983969,NA,NA,NA
"7471",2024-11-11 16:00:00,"historie",31.92,27.7573110980645,NA,NA,NA
"7472",2024-11-11 17:00:00,"historie",38.15,29.9877657957056,NA,NA,NA
"7473",2024-11-11 18:00:00,"historie",38.08,35.1508766030702,NA,NA,NA
"7474",2024-11-11 19:00:00,"historie",37.4,35.1642141685208,NA,NA,NA
"7475",2024-11-11 20:00:00,"historie",34.29,34.6674523869855,NA,NA,NA
"7476",2024-11-11 21:00:00,"historie",33.13,32.143954473691,NA,NA,NA
"7477",2024-11-11 22:00:00,"historie",29.77,31.1961251653887,NA,NA,NA
"7478",2024-11-11 23:00:00,"historie",31.47,28.3813586321293,NA,NA,NA
"7479",2024-11-12,"historie",29.59,29.7968818848315,NA,NA,NA
"7480",2024-11-12 01:00:00,"historie",33.8,28.2107533677069,NA,NA,NA
"7481",2024-11-12 02:00:00,"historie",27.49,31.7255510330458,NA,NA,NA
"7482",2024-11-12 03:00:00,"historie",26.38,26.4281638721302,NA,NA,NA
"7483",2024-11-12 04:00:00,"historie",29.92,25.4524229493809,NA,NA,NA
"7484",2024-11-12 05:00:00,"historie",28.97,28.4234531832837,NA,NA,NA
"7485",2024-11-12 06:00:00,"historie",22.4,27.6175549000459,NA,NA,NA
"7486",2024-11-12 07:00:00,"historie",16.36,21.9776681024506,NA,NA,NA
"7487",2024-11-12 08:00:00,"historie",16.18,16.5962081777564,NA,NA,NA
"7488",2024-11-12 09:00:00,"historie",18.26,16.3636188101108,NA,NA,NA
"7489",2024-11-12 10:00:00,"historie",19.85,18.1457668651411,NA,NA,NA
"7490",2024-11-12 11:00:00,"historie",19.49,19.4917144901855,NA,NA,NA
"7491",2024-11-12 12:00:00,"historie",16.62,19.1482831854416,NA,NA,NA
"7492",2024-11-12 13:00:00,"historie",15.41,16.60126698041,NA,NA,NA
"7493",2024-11-12 14:00:00,"historie",13.13,15.4864027871573,NA,NA,NA
"7494",2024-11-12 15:00:00,"historie",12.47,13.3998565186129,NA,NA,NA
"7495",2024-11-12 16:00:00,"historie",19.82,12.7548937176157,NA,NA,NA
"7496",2024-11-12 17:00:00,"historie",29.79,19.1677577182923,NA,NA,NA
"7497",2024-11-12 18:00:00,"historie",28.3,27.5191632359402,NA,NA,NA
"7498",2024-11-12 19:00:00,"historie",26.59,26.3833176960538,NA,NA,NA
"7499",2024-11-12 20:00:00,"historie",29.08,25.0286638414614,NA,NA,NA
"7500",2024-11-12 21:00:00,"historie",29.15,27.1443486472744,NA,NA,NA
"7501",2024-11-12 22:00:00,"historie",36.1,27.2629075189145,NA,NA,NA
"7502",2024-11-12 23:00:00,"historie",38.19,33.0196656408414,NA,NA,NA
"7503",2024-11-13,"historie",34.92,34.8248165102481,NA,NA,NA
"7504",2024-11-13 01:00:00,"historie",30.15,32.2751288007067,NA,NA,NA
"7505",2024-11-13 02:00:00,"historie",23.38,28.3982532720706,NA,NA,NA
"7506",2024-11-13 03:00:00,"historie",20,22.6856673899862,NA,NA,NA
"7507",2024-11-13 04:00:00,"historie",17.69,19.7305537910214,NA,NA,NA
"7508",2024-11-13 05:00:00,"historie",20.2,17.6583365861533,NA,NA,NA
"7509",2024-11-13 06:00:00,"historie",17.49,19.807652640723,NA,NA,NA
"7510",2024-11-13 07:00:00,"historie",18.18,17.40726702761,NA,NA,NA
"7511",2024-11-13 08:00:00,"historie",19.26,17.9726403179455,NA,NA,NA
"7512",2024-11-13 09:00:00,"historie",20.67,18.8828276652599,NA,NA,NA
"7513",2024-11-13 10:00:00,"historie",15.08,20.0811623056784,NA,NA,NA
"7514",2024-11-13 11:00:00,"historie",13.62,15.1765449629022,NA,NA,NA
"7515",2024-11-13 12:00:00,"historie",10.45,13.8283208580369,NA,NA,NA
"7516",2024-11-13 13:00:00,"historie",10.46,10.8987126484013,NA,NA,NA
"7517",2024-11-13 14:00:00,"historie",7.34,10.8563335715654,NA,NA,NA
"7518",2024-11-13 15:00:00,"historie",8.97,7.89730170692167,NA,NA,NA
"7519",2024-11-13 16:00:00,"historie",10.18,9.37515962624166,NA,NA,NA
"7520",2024-11-13 17:00:00,"historie",12.56,10.446369623544,NA,NA,NA
"7521",2024-11-13 18:00:00,"historie",13.28,12.5530979316688,NA,NA,NA
"7522",2024-11-13 19:00:00,"historie",15.68,13.180072017684,NA,NA,NA
"7523",2024-11-13 20:00:00,"historie",15.9,15.268950302646,NA,NA,NA
"7524",2024-11-13 21:00:00,"historie",20.34,15.4754218607593,NA,NA,NA
"7525",2024-11-13 22:00:00,"historie",18.87,19.2722195896472,NA,NA,NA
"7526",2024-11-13 23:00:00,"historie",15.33,18.0818363001112,NA,NA,NA
"7527",2024-11-14,"historie",17.29,15.067691431609,NA,NA,NA
"7528",2024-11-14 01:00:00,"historie",15.9,16.7654532226873,NA,NA,NA
"7529",2024-11-14 02:00:00,"historie",22.95,15.5799219639577,NA,NA,NA
"7530",2024-11-14 03:00:00,"historie",16.42,21.5768735872592,NA,NA,NA
"7531",2024-11-14 04:00:00,"historie",14.46,16.0817886248697,NA,NA,NA
"7532",2024-11-14 05:00:00,"historie",13.49,14.3688666383122,NA,NA,NA
"7533",2024-11-14 06:00:00,"historie",17.44,13.4991219891156,NA,NA,NA
"7534",2024-11-14 07:00:00,"historie",27.11,16.9295174405448,NA,NA,NA
"7535",2024-11-14 08:00:00,"historie",23.92,25.0530459715729,NA,NA,NA
"7536",2024-11-14 09:00:00,"historie",11.33,22.5104390760265,NA,NA,NA
"7537",2024-11-14 10:00:00,"historie",9.13,11.6344069639404,NA,NA,NA
"7538",2024-11-14 11:00:00,"historie",12.72,9.57568291332218,NA,NA,NA
"7539",2024-11-14 12:00:00,"historie",20.79,12.7909804300212,NA,NA,NA
"7540",2024-11-14 13:00:00,"historie",18.3,19.7444362404606,NA,NA,NA
"7541",2024-11-14 14:00:00,"historie",12.61,17.6743747736265,NA,NA,NA
"7542",2024-11-14 15:00:00,"historie",8.43,12.7181293422354,NA,NA,NA
"7543",2024-11-14 16:00:00,"historie",7.77,8.8833630359442,NA,NA,NA
"7544",2024-11-14 17:00:00,"historie",5.59,8.22619783958615,NA,NA,NA
"7545",2024-11-14 18:00:00,"historie",5.5,6.11496539886207,NA,NA,NA
"7546",2024-11-14 19:00:00,"historie",7.47,5.9885666299155,NA,NA,NA
"7547",2024-11-14 20:00:00,"historie",4.64,7.81065948727775,NA,NA,NA
"7548",2024-11-14 21:00:00,"historie",4.34,5.10620999260386,NA,NA,NA
"7549",2024-11-14 22:00:00,"historie",4.18,4.78352360876415,NA,NA,NA
"7550",2024-11-14 23:00:00,"historie",2.49,4.60020549303018,NA,NA,NA
"7551",2024-11-15,"historie",1.98,2.89053570343146,NA,NA,NA
"7552",2024-11-15 01:00:00,"historie",1.92,2.3389246503588,NA,NA,NA
"7553",2024-11-15 02:00:00,"historie",3.12,2.25514606052912,NA,NA,NA
"7554",2024-11-15 03:00:00,"historie",5.28,3.4397994900915,NA,NA,NA
"7555",2024-11-15 04:00:00,"historie",4.3,5.46430401589066,NA,NA,NA
"7556",2024-11-15 05:00:00,"historie",7.1,4.55814266212193,NA,NA,NA
"7557",2024-11-15 06:00:00,"historie",6.18,7.10407593010632,NA,NA,NA
"7558",2024-11-15 07:00:00,"historie",4.97,6.30014643318409,NA,NA,NA
"7559",2024-11-15 08:00:00,"historie",7.84,5.20139162841745,NA,NA,NA
"7560",2024-11-15 09:00:00,"historie",13.44,7.78993561053854,NA,NA,NA
"7561",2024-11-15 10:00:00,"historie",11.97,12.6028029984124,NA,NA,NA
"7562",2024-11-15 11:00:00,"historie",11.28,11.4502844867426,NA,NA,NA
"7563",2024-11-15 12:00:00,"historie",12.62,10.9186529257859,NA,NA,NA
"7564",2024-11-15 13:00:00,"historie",11.75,12.1100545463926,NA,NA,NA
"7565",2024-11-15 14:00:00,"historie",11.42,11.4166868690968,NA,NA,NA
"7566",2024-11-15 15:00:00,"historie",10.13,11.1687875868247,NA,NA,NA
"7567",2024-11-15 16:00:00,"historie",10.32,10.0696958700506,NA,NA,NA
"7568",2024-11-15 17:00:00,"historie",20.64,10.2520035970616,NA,NA,NA
"7569",2024-11-15 18:00:00,"historie",18.47,18.9820382067946,NA,NA,NA
"7570",2024-11-15 19:00:00,"historie",16.98,17.312259375997,NA,NA,NA
"7571",2024-11-15 20:00:00,"historie",19.66,16.1454095691831,NA,NA,NA
"7572",2024-11-15 21:00:00,"historie",19.41,18.4518000251551,NA,NA,NA
"7573",2024-11-15 22:00:00,"historie",18.92,18.3210607640418,NA,NA,NA
"7574",2024-11-15 23:00:00,"historie",27.84,17.9753545391277,NA,NA,NA
"7575",2024-11-16,"historie",24.68,25.3928947965363,NA,NA,NA
"7576",2024-11-16 01:00:00,"historie",33.67,22.9459434091849,NA,NA,NA
"7577",2024-11-16 02:00:00,"historie",27,30.3403855846795,NA,NA,NA
"7578",2024-11-16 03:00:00,"historie",36.62,25.0904441815673,NA,NA,NA
"7579",2024-11-16 04:00:00,"historie",36,32.9869983017057,NA,NA,NA
"7580",2024-11-16 05:00:00,"historie",38.03,32.6626494445907,NA,NA,NA
"7581",2024-11-16 06:00:00,"historie",35.98,34.4447998732165,NA,NA,NA
"7582",2024-11-16 07:00:00,"historie",38.58,32.9361229581367,NA,NA,NA
"7583",2024-11-16 08:00:00,"historie",41.23,35.15729806554,NA,NA,NA
"7584",2024-11-16 09:00:00,"historie",29.45,37.4211969370622,NA,NA,NA
"7585",2024-11-16 10:00:00,"historie",9.38,27.8675792738644,NA,NA,NA
"7586",2024-11-16 11:00:00,"historie",7.1,10.1110933850487,NA,NA,NA
"7587",2024-11-16 12:00:00,"historie",10.53,7.83603549337937,NA,NA,NA
"7588",2024-11-16 13:00:00,"historie",11.21,11.0136342367777,NA,NA,NA
"7589",2024-11-16 14:00:00,"historie",11.41,11.583807992163,NA,NA,NA
"7590",2024-11-16 15:00:00,"historie",13.24,11.7207576105197,NA,NA,NA
"7591",2024-11-16 16:00:00,"historie",32.9,13.3290566444086,NA,NA,NA
"7592",2024-11-16 17:00:00,"historie",22.58,29.8215032705615,NA,NA,NA
"7593",2024-11-16 18:00:00,"historie",27.61,21.4707318683843,NA,NA,NA
"7594",2024-11-16 19:00:00,"historie",29.26,25.7074221498272,NA,NA,NA
"7595",2024-11-16 20:00:00,"historie",35.51,27.1477731077207,NA,NA,NA
"7596",2024-11-16 21:00:00,"historie",38.64,32.3319850614663,NA,NA,NA
"7597",2024-11-16 22:00:00,"historie",41.08,34.9922721265394,NA,NA,NA
"7598",2024-11-16 23:00:00,"historie",34.5,37.1034021762089,NA,NA,NA
"7599",2024-11-17,"historie",30.35,31.9172610593384,NA,NA,NA
"7600",2024-11-17 01:00:00,"historie",20.55,28.5571742765763,NA,NA,NA
"7601",2024-11-17 02:00:00,"historie",18.02,20.2329891551646,NA,NA,NA
"7602",2024-11-17 03:00:00,"historie",15.41,17.9740817905378,NA,NA,NA
"7603",2024-11-17 04:00:00,"historie",24.74,15.6045041966674,NA,NA,NA
"7604",2024-11-17 05:00:00,"historie",15.69,23.6612246098959,NA,NA,NA
"7605",2024-11-17 06:00:00,"historie",12.6,15.8082066058875,NA,NA,NA
"7606",2024-11-17 07:00:00,"historie",12.74,12.9758300323374,NA,NA,NA
"7607",2024-11-17 08:00:00,"historie",12.42,13.0481917497204,NA,NA,NA
"7608",2024-11-17 09:00:00,"historie",9.23,12.7109422590115,NA,NA,NA
"7609",2024-11-17 10:00:00,"historie",12.03,9.73652395252593,NA,NA,NA
"7610",2024-11-17 11:00:00,"historie",11.13,12.2513613410176,NA,NA,NA
"7611",2024-11-17 12:00:00,"historie",8,11.405956883414,NA,NA,NA
"7612",2024-11-17 13:00:00,"historie",6.85,8.48701282509507,NA,NA,NA
"7613",2024-11-17 14:00:00,"historie",5.26,7.35958357892767,NA,NA,NA
"7614",2024-11-17 15:00:00,"historie",4.05,5.7912119031977,NA,NA,NA
"7615",2024-11-17 16:00:00,"historie",3.84,4.56211037316513,NA,NA,NA
"7616",2024-11-17 17:00:00,"historie",3.31,4.31757889817436,NA,NA,NA
"7617",2024-11-17 18:00:00,"historie",2.38,3.7572897497202,NA,NA,NA
"7618",2024-11-17 19:00:00,"historie",2.84,2.78353364099664,NA,NA,NA
"7619",2024-11-17 20:00:00,"historie",5.33,3.22637262354549,NA,NA,NA
"7620",2024-11-17 21:00:00,"historie",5.65,5.60103195251367,NA,NA,NA
"7621",2024-11-17 22:00:00,"historie",3.68,5.89169578763992,NA,NA,NA
"7622",2024-11-17 23:00:00,"historie",3.08,4.02634062289364,NA,NA,NA
"7623",2024-11-18,"historie",3.32,3.4259769747999,NA,NA,NA
"7624",2024-11-18 01:00:00,"historie",3.1,3.64510795258984,NA,NA,NA
"7625",2024-11-18 02:00:00,"historie",4.76,3.4184250354706,NA,NA,NA
"7626",2024-11-18 03:00:00,"historie",5.32,4.98245658605244,NA,NA,NA
"7627",2024-11-18 04:00:00,"historie",10.68,5.49956699698099,NA,NA,NA
"7628",2024-11-18 05:00:00,"historie",4.03,10.2116697177685,NA,NA,NA
"7629",2024-11-18 06:00:00,"historie",3.65,4.32924563133387,NA,NA,NA
"7630",2024-11-18 07:00:00,"historie",3.72,3.95743607176978,NA,NA,NA
"7631",2024-11-18 08:00:00,"historie",4.45,4.01471469866976,NA,NA,NA
"7632",2024-11-18 09:00:00,"historie",1.82,4.6964864677013,NA,NA,NA
"7633",2024-11-18 10:00:00,"historie",0.77,2.12469922247107,NA,NA,NA
"7634",2024-11-18 11:00:00,"historie",3.38,0.983998765770942,NA,NA,NA
"7635",2024-11-18 12:00:00,"historie",1.24,3.60703646194293,NA,NA,NA
"7636",2024-11-18 13:00:00,"historie",1.85,1.48253148054058,NA,NA,NA
"7637",2024-11-18 14:00:00,"historie",1.25,2.09804517146972,NA,NA,NA
"7638",2024-11-18 15:00:00,"historie",1.62,1.47671039214936,NA,NA,NA
"7639",2024-11-18 16:00:00,"historie",1.58,1.84718067897764,NA,NA,NA
"7640",2024-11-18 17:00:00,"historie",3.03,1.80059380914467,NA,NA,NA
"7641",2024-11-18 18:00:00,"historie",9.76,3.19733353864809,NA,NA,NA
"7642",2024-11-18 19:00:00,"historie",9.46,9.03927265967556,NA,NA,NA
"7643",2024-11-18 20:00:00,"historie",6.38,8.88575918841496,NA,NA,NA
"7644",2024-11-18 21:00:00,"historie",8.72,6.32309546550302,NA,NA,NA
"7645",2024-11-18 22:00:00,"historie",8.74,8.3831988583377,NA,NA,NA
"7646",2024-11-18 23:00:00,"historie",17.43,8.45667702184204,NA,NA,NA
"7647",2024-11-19,"historie",11.51,15.6880670723124,NA,NA,NA
"7648",2024-11-19 01:00:00,"historie",14.85,10.9710619189986,NA,NA,NA
"7649",2024-11-19 02:00:00,"historie",10.45,13.8338746437946,NA,NA,NA
"7650",2024-11-19 03:00:00,"historie",15.23,10.2028038680199,NA,NA,NA
"7651",2024-11-19 04:00:00,"historie",16.24,14.3000850899106,NA,NA,NA
"7652",2024-11-19 05:00:00,"historie",17.87,15.2287465173315,NA,NA,NA
"7653",2024-11-19 06:00:00,"historie",17.75,16.6718306908847,NA,NA,NA
"7654",2024-11-19 07:00:00,"historie",16,16.6678908040188,NA,NA,NA
"7655",2024-11-19 08:00:00,"historie",21.46,15.2782974383748,NA,NA,NA
"7656",2024-11-19 09:00:00,"historie",18.97,19.8928386151942,NA,NA,NA
"7657",2024-11-19 10:00:00,"historie",24.26,17.9277289975752,NA,NA,NA
"7658",2024-11-19 11:00:00,"historie",34.63,22.3809943721289,NA,NA,NA
"7659",2024-11-19 12:00:00,"historie",31.45,30.8430030294207,NA,NA,NA
"7660",2024-11-19 13:00:00,"historie",9.38,28.5216542894951,NA,NA,NA
"7661",2024-11-19 14:00:00,"historie",1.56,9.81108269306334,NA,NA,NA
"7662",2024-11-19 15:00:00,"historie",2.62,1.99129045974626,NA,NA,NA
"7663",2024-11-19 16:00:00,"historie",4.14,3.10037850878258,NA,NA,NA
"7664",2024-11-19 17:00:00,"historie",3.58,4.6004948378037,NA,NA,NA
"7665",2024-11-19 18:00:00,"historie",1.69,4.01901947035052,NA,NA,NA
"7666",2024-11-19 19:00:00,"historie",2.08,2.05217168508498,NA,NA,NA
"7667",2024-11-19 20:00:00,"historie",2.54,2.43915690443168,NA,NA,NA
"7668",2024-11-19 21:00:00,"historie",2.05,2.88752176263543,NA,NA,NA
"7669",2024-11-19 22:00:00,"historie",2.08,2.37377416292763,NA,NA,NA
"7670",2024-11-19 23:00:00,"historie",0.86,2.38836724961912,NA,NA,NA
"7671",2024-11-20,"historie",0.32,1.08512813781944,NA,NA,NA
"7672",2024-11-20 01:00:00,"historie",0.15,0.446395606562141,NA,NA,NA
"7673",2024-11-20 02:00:00,"historie",0.69,0.224031613419928,NA,NA,NA
"7674",2024-11-20 03:00:00,"historie",2.11,0.848799298132492,NA,NA,NA
"7675",2024-11-20 04:00:00,"historie",2.78,2.27058264318227,NA,NA,NA
"7676",2024-11-20 05:00:00,"historie",2.41,2.90560616678254,NA,NA,NA
"7677",2024-11-20 06:00:00,"historie",1.62,2.56997541185521,NA,NA,NA
"7678",2024-11-20 07:00:00,"historie",1.67,1.81132854901259,NA,NA,NA
"7679",2024-11-20 08:00:00,"historie",1.97,1.85914583446114,NA,NA,NA
"7680",2024-11-20 09:00:00,"historie",2.15,2.15124467376746,NA,NA,NA
"7681",2024-11-20 10:00:00,"historie",2,2.32638532491982,NA,NA,NA
"7682",2024-11-20 11:00:00,"historie",1.75,2.18473833454871,NA,NA,NA
"7683",2024-11-20 12:00:00,"historie",1.28,1.94197364114147,NA,NA,NA
"7684",2024-11-20 13:00:00,"historie",1.29,1.4709853281365,NA,NA,NA
"7685",2024-11-20 14:00:00,"historie",3.38,1.47712915438325,NA,NA,NA
"7686",2024-11-20 15:00:00,"historie",3.65,3.46196504410999,NA,NA,NA
"7687",2024-11-20 16:00:00,"historie",2.82,3.72515149126526,NA,NA,NA
"7688",2024-11-20 17:00:00,"historie",4.5,2.97852008140094,NA,NA,NA
"7689",2024-11-20 18:00:00,"historie",1.87,4.51918296070238,NA,NA,NA
"7690",2024-11-20 19:00:00,"historie",1.82,2.08633547020617,NA,NA,NA
"7691",2024-11-20 20:00:00,"historie",1.97,2.03365698506101,NA,NA,NA
"7692",2024-11-20 21:00:00,"historie",2.26,2.17821161469899,NA,NA,NA
"7693",2024-11-20 22:00:00,"historie",4.35,2.45837761357077,NA,NA,NA
"7694",2024-11-20 23:00:00,"historie",6.06,4.39493811048125,NA,NA,NA
"7695",2024-11-21,"historie",4.77,5.92749372508296,NA,NA,NA
"7696",2024-11-21 01:00:00,"historie",1.92,4.82776554580411,NA,NA,NA
"7697",2024-11-21 02:00:00,"historie",1.54,2.16380203521925,NA,NA,NA
"7698",2024-11-21 03:00:00,"historie",2.1,1.77424452517382,NA,NA,NA
"7699",2024-11-21 04:00:00,"historie",2.11,2.32601919981588,NA,NA,NA
"7700",2024-11-21 05:00:00,"historie",2.52,2.33259317545877,NA,NA,NA
"7701",2024-11-21 06:00:00,"historie",2,2.72711977104931,NA,NA,NA
"7702",2024-11-21 07:00:00,"historie",2.33,2.22245854761694,NA,NA,NA
"7703",2024-11-21 08:00:00,"historie",2.87,2.54100637181263,NA,NA,NA
"7704",2024-11-21 09:00:00,"historie",6.22,3.05638909731322,NA,NA,NA
"7705",2024-11-21 10:00:00,"historie",3.97,6.07670710463505,NA,NA,NA
"7706",2024-11-21 11:00:00,"historie",4.97,4.10973100999239,NA,NA,NA
"7707",2024-11-21 12:00:00,"historie",2.36,5.02969047289575,NA,NA,NA
"7708",2024-11-21 13:00:00,"historie",2.53,2.6094478347591,NA,NA,NA
"7709",2024-11-21 14:00:00,"historie",2.28,2.77012884543494,NA,NA,NA
"7710",2024-11-21 15:00:00,"historie",3.77,2.52307302155622,NA,NA,NA
"7711",2024-11-21 16:00:00,"historie",3.97,3.93374084713407,NA,NA,NA
"7712",2024-11-21 17:00:00,"historie",12.62,4.12720007552898,NA,NA,NA
"7713",2024-11-21 18:00:00,"historie",7.21,11.5345210270154,NA,NA,NA
"7714",2024-11-21 19:00:00,"historie",8.37,7.09650465478005,NA,NA,NA
"7715",2024-11-21 20:00:00,"historie",11.1,8.14196862343147,NA,NA,NA
"7716",2024-11-21 21:00:00,"historie",12.28,10.5166735815429,NA,NA,NA
"7717",2024-11-21 22:00:00,"historie",16.13,11.5834951775024,NA,NA,NA
"7718",2024-11-21 23:00:00,"historie",14.73,14.8546583140824,NA,NA,NA
"7719",2024-11-22,"historie",18.18,13.8172444285662,NA,NA,NA
"7720",2024-11-22 01:00:00,"historie",10.87,16.7590882014919,NA,NA,NA
"7721",2024-11-22 02:00:00,"historie",8.15,10.6987220722807,NA,NA,NA
"7722",2024-11-22 03:00:00,"historie",7.03,8.30840202096917,NA,NA,NA
"7723",2024-11-22 04:00:00,"historie",6.13,7.28802818023221,NA,NA,NA
"7724",2024-11-22 05:00:00,"historie",5.77,6.44757801117632,NA,NA,NA
"7725",2024-11-22 06:00:00,"historie",4.42,6.09879373513826,NA,NA,NA
"7726",2024-11-22 07:00:00,"historie",3.79,4.80475101731446,NA,NA,NA
"7727",2024-11-22 08:00:00,"historie",4.85,4.17611435866324,NA,NA,NA
"7728",2024-11-22 09:00:00,"historie",7.69,5.17325455467945,NA,NA,NA
"7729",2024-11-22 10:00:00,"historie",8.24,7.76837441425398,NA,NA,NA
"7730",2024-11-22 11:00:00,"historie",5.59,8.27191555412359,NA,NA,NA
"7731",2024-11-22 12:00:00,"historie",5.55,5.87495186324192,NA,NA,NA
"7732",2024-11-22 13:00:00,"historie",5.11,5.83041974418006,NA,NA,NA
"7733",2024-11-22 14:00:00,"historie",6.28,5.41249835226116,NA,NA,NA
"7734",2024-11-22 15:00:00,"historie",6.21,6.48766510473223,NA,NA,NA
"7735",2024-11-22 16:00:00,"historie",3.18,6.42429186414897,NA,NA,NA
"7736",2024-11-22 17:00:00,"historie",4.62,3.54905153773181,NA,NA,NA
"7737",2024-11-22 18:00:00,"historie",7.47,4.91800138059524,NA,NA,NA
"7738",2024-11-22 19:00:00,"historie",5.45,7.51861118403802,NA,NA,NA
"7739",2024-11-22 20:00:00,"historie",4.31,5.6975676074751,NA,NA,NA
"7740",2024-11-22 21:00:00,"historie",6.95,4.62531980715792,NA,NA,NA
"7741",2024-11-22 22:00:00,"historie",3.67,7.05046052006521,NA,NA,NA
"7742",2024-11-22 23:00:00,"historie",9.84,4.00931953438811,NA,NA,NA
"7743",2024-11-23,"historie",3.82,9.58175384820609,NA,NA,NA
"7744",2024-11-23 01:00:00,"historie",1.54,4.15945152521333,NA,NA,NA
"7745",2024-11-23 02:00:00,"historie",2.21,1.85292453583921,NA,NA,NA
"7746",2024-11-23 03:00:00,"historie",3.51,2.52830987414502,NA,NA,NA
"7747",2024-11-23 04:00:00,"historie",1.23,3.78906103647949,NA,NA,NA
"7748",2024-11-23 05:00:00,"historie",1.77,1.4931162637315,NA,NA,NA
"7749",2024-11-23 06:00:00,"historie",2.98,2.0431013985844,NA,NA,NA
"7750",2024-11-23 07:00:00,"historie",5.43,3.22552634143319,NA,NA,NA
"7751",2024-11-23 08:00:00,"historie",16.18,5.48691887992636,NA,NA,NA
"7752",2024-11-23 09:00:00,"historie",3.82,14.5019763514495,NA,NA,NA
"7753",2024-11-23 10:00:00,"historie",5.41,4.07892764321311,NA,NA,NA
"7754",2024-11-23 11:00:00,"historie",5.85,5.54951784581531,NA,NA,NA
"7755",2024-11-23 12:00:00,"historie",3.08,5.95979915073567,NA,NA,NA
"7756",2024-11-23 13:00:00,"historie",3.5,3.38231072598369,NA,NA,NA
"7757",2024-11-23 14:00:00,"historie",5.44,3.77791983237321,NA,NA,NA
"7758",2024-11-23 15:00:00,"historie",5.15,5.57765573471544,NA,NA,NA
"7759",2024-11-23 16:00:00,"historie",6.9,5.32396119387703,NA,NA,NA
"7760",2024-11-23 17:00:00,"historie",17.41,6.9099222703182,NA,NA,NA
"7761",2024-11-23 18:00:00,"historie",5.59,15.7521008542628,NA,NA,NA
"7762",2024-11-23 19:00:00,"historie",11.31,5.80962857961793,NA,NA,NA
"7763",2024-11-23 20:00:00,"historie",7.58,10.8541290300788,NA,NA,NA
"7764",2024-11-23 21:00:00,"historie",8.26,7.65328856325839,NA,NA,NA
"7765",2024-11-23 22:00:00,"historie",7.46,8.27366377782723,NA,NA,NA
"7766",2024-11-23 23:00:00,"historie",10.03,7.57568447818907,NA,NA,NA
"7767",2024-11-24,"historie",18.38,9.86097066239906,NA,NA,NA
"7768",2024-11-24 01:00:00,"historie",20.11,16.926045131364,NA,NA,NA
"7769",2024-11-24 02:00:00,"historie",20.6,18.4664770384134,NA,NA,NA
"7770",2024-11-24 03:00:00,"historie",19.03,18.9995218794659,NA,NA,NA
"7771",2024-11-24 04:00:00,"historie",18.32,17.8238931181245,NA,NA,NA
"7772",2024-11-24 05:00:00,"historie",15.47,17.3200185515135,NA,NA,NA
"7773",2024-11-24 06:00:00,"historie",17.39,14.9703314117608,NA,NA,NA
"7774",2024-11-24 07:00:00,"historie",17.85,16.6460410639387,NA,NA,NA
"7775",2024-11-24 08:00:00,"historie",22.95,17.0862032800005,NA,NA,NA
"7776",2024-11-24 09:00:00,"historie",20.75,21.410621223973,NA,NA,NA
"7777",2024-11-24 10:00:00,"historie",21.95,19.6651738212124,NA,NA,NA
"7778",2024-11-24 11:00:00,"historie",21.6,20.7331100115873,NA,NA,NA
"7779",2024-11-24 12:00:00,"historie",16.18,20.5027662957198,NA,NA,NA
"7780",2024-11-24 13:00:00,"historie",13.03,15.9103124198964,NA,NA,NA
"7781",2024-11-24 14:00:00,"historie",13.21,13.1325995729946,NA,NA,NA
"7782",2024-11-24 15:00:00,"historie",17.16,13.2732500476428,NA,NA,NA
"7783",2024-11-24 16:00:00,"historie",22.1,16.7180395918609,NA,NA,NA
"7784",2024-11-24 17:00:00,"historie",22.05,20.9406495823106,NA,NA,NA
"7785",2024-11-24 18:00:00,"historie",24.67,20.9542388372198,NA,NA,NA
"7786",2024-11-24 19:00:00,"historie",28.39,23.201266257364,NA,NA,NA
"7787",2024-11-24 20:00:00,"historie",32.17,26.3536438764595,NA,NA,NA
"7788",2024-11-24 21:00:00,"historie",29.72,29.5475387004129,NA,NA,NA
"7789",2024-11-24 22:00:00,"historie",23.95,27.655367934585,NA,NA,NA
"7790",2024-11-24 23:00:00,"historie",28.68,22.9059861343698,NA,NA,NA
"7791",2024-11-25,"historie",28.33,26.9020058804462,NA,NA,NA
"7792",2024-11-25 01:00:00,"historie",26.7,26.6697885104104,NA,NA,NA
"7793",2024-11-25 02:00:00,"historie",24.92,25.3516525245216,NA,NA,NA
"7794",2024-11-25 03:00:00,"historie",23.44,23.8755811921296,NA,NA,NA
"7795",2024-11-25 04:00:00,"historie",27.97,22.6259164107407,NA,NA,NA
"7796",2024-11-25 05:00:00,"historie",27.13,26.4635660560295,NA,NA,NA
"7797",2024-11-25 06:00:00,"historie",31.54,25.7918136348664,NA,NA,NA
"7798",2024-11-25 07:00:00,"historie",38.11,29.5044370382669,NA,NA,NA
"7799",2024-11-25 08:00:00,"historie",37.45,34.9619830447076,NA,NA,NA
"7800",2024-11-25 09:00:00,"historie",42.74,34.5320293222835,NA,NA,NA
"7801",2024-11-25 10:00:00,"historie",38.44,38.9253517179424,NA,NA,NA
"7802",2024-11-25 11:00:00,"historie",39.23,35.5483963718465,NA,NA,NA
"7803",2024-11-25 12:00:00,"historie",31.46,36.270719805265,NA,NA,NA
"7804",2024-11-25 13:00:00,"historie",30.13,29.8825727466556,NA,NA,NA
"7805",2024-11-25 14:00:00,"historie",34.59,28.7622647917845,NA,NA,NA
"7806",2024-11-25 15:00:00,"historie",36.49,32.4993850575421,NA,NA,NA
"7807",2024-11-25 16:00:00,"historie",43.32,34.1052808434831,NA,NA,NA
"7808",2024-11-25 17:00:00,"historie",49.35,39.7536117368685,NA,NA,NA
"7809",2024-11-25 18:00:00,"historie",58.33,44.724150354531,NA,NA,NA
"7810",2024-11-25 19:00:00,"historie",53.1,52.0237042980202,NA,NA,NA
"7811",2024-11-25 20:00:00,"historie",50.33,48.0500066388899,NA,NA,NA
"7812",2024-11-25 21:00:00,"historie",42.74,45.9431129854442,NA,NA,NA
"7813",2024-11-25 22:00:00,"historie",43.97,39.8213404832421,NA,NA,NA
"7814",2024-11-25 23:00:00,"historie",45.5,40.8556248175997,NA,NA,NA
"7815",2024-11-26,"historie",41.31,42.1405579860222,NA,NA,NA
"7816",2024-11-26 01:00:00,"historie",34.59,38.712665002663,NA,NA,NA
"7817",2024-11-26 02:00:00,"historie",37.77,33.0738830386113,NA,NA,NA
"7818",2024-11-26 03:00:00,"historie",33.65,35.7090167763729,NA,NA,NA
"7819",2024-11-26 04:00:00,"historie",37.15,32.2167503361513,NA,NA,NA
"7820",2024-11-26 05:00:00,"historie",41.53,35.1253165334339,NA,NA,NA
"7821",2024-11-26 06:00:00,"historie",38.02,38.7581632364076,NA,NA,NA
"7822",2024-11-26 07:00:00,"historie",38.05,35.856466087274,NA,NA,NA
"7823",2024-11-26 08:00:00,"historie",41.74,35.8730690175081,NA,NA,NA
"7824",2024-11-26 09:00:00,"historie",46.05,38.9335426507944,NA,NA,NA
"7825",2024-11-26 10:00:00,"historie",44.13,42.4999602646503,NA,NA,NA
"7826",2024-11-26 11:00:00,"historie",36.8,40.9735722955408,NA,NA,NA
"7827",2024-11-26 12:00:00,"historie",37.76,34.9037504573463,NA,NA,NA
"7828",2024-11-26 13:00:00,"historie",48.26,35.6843154773989,NA,NA,NA
"7829",2024-11-26 14:00:00,"historie",46.8,44.3371597539445,NA,NA,NA
"7830",2024-11-26 15:00:00,"historie",56.44,43.2082802581151,NA,NA,NA
"7831",2024-11-26 16:00:00,"historie",55.26,51.0672345033249,NA,NA,NA
"7832",2024-11-26 17:00:00,"historie",56.64,50.2353539639618,NA,NA,NA
"7833",2024-11-26 18:00:00,"historie",64.28,51.4422407018101,NA,NA,NA
"7834",2024-11-26 19:00:00,"historie",55.63,57.6550457025061,NA,NA,NA
"7835",2024-11-26 20:00:00,"historie",52.82,50.8497335631137,NA,NA,NA
"7836",2024-11-26 21:00:00,"historie",40.31,48.6217963804885,NA,NA,NA
"7837",2024-11-26 22:00:00,"historie",41.35,38.284369410187,NA,NA,NA
"7838",2024-11-26 23:00:00,"historie",48.42,39.1017327137571,NA,NA,NA
"7839",2024-11-27,"historie",49.15,44.9265822287996,NA,NA,NA
"7840",2024-11-27 01:00:00,"historie",42.26,45.5367338231852,NA,NA,NA
"7841",2024-11-27 02:00:00,"historie",33.23,39.8414304337771,NA,NA,NA
"7842",2024-11-27 03:00:00,"historie",26.34,32.1659272866807,NA,NA,NA
"7843",2024-11-27 04:00:00,"historie",21.69,26.1105158214578,NA,NA,NA
"7844",2024-11-27 05:00:00,"historie",20.23,21.8927954522036,NA,NA,NA
"7845",2024-11-27 06:00:00,"historie",16.95,20.4801453105845,NA,NA,NA
"7846",2024-11-27 07:00:00,"historie",23.75,17.4227667014247,NA,NA,NA
"7847",2024-11-27 08:00:00,"historie",23.89,23.366800278711,NA,NA,NA
"7848",2024-11-27 09:00:00,"historie",20.62,23.4337237299702,NA,NA,NA
"7849",2024-11-27 10:00:00,"historie",18.26,20.5249809615711,NA,NA,NA
"7850",2024-11-27 11:00:00,"historie",15.87,18.3752642092664,NA,NA,NA
"7851",2024-11-27 12:00:00,"historie",26.72,16.1707801138236,NA,NA,NA
"7852",2024-11-27 13:00:00,"historie",28.23,25.5620180480341,NA,NA,NA
"7853",2024-11-27 14:00:00,"historie",25.89,26.8480209530362,NA,NA,NA
"7854",2024-11-27 15:00:00,"historie",32.32,24.8828858824656,NA,NA,NA
"7855",2024-11-27 16:00:00,"historie",31.42,30.2909794473684,NA,NA,NA
"7856",2024-11-27 17:00:00,"historie",31.65,29.5902580534637,NA,NA,NA
"7857",2024-11-27 18:00:00,"historie",39.23,29.8187659816345,NA,NA,NA
"7858",2024-11-27 19:00:00,"historie",43.08,36.1125397236848,NA,NA,NA
"7859",2024-11-27 20:00:00,"historie",36.46,39.339932048316,NA,NA,NA
"7860",2024-11-27 21:00:00,"historie",33.4,34.0311717049459,NA,NA,NA
"7861",2024-11-27 22:00:00,"historie",30.46,31.5292528359124,NA,NA,NA
"7862",2024-11-27 23:00:00,"historie",27.32,29.0715833552833,NA,NA,NA
"7863",2024-11-28,"historie",30.38,26.3927151054051,NA,NA,NA
"7864",2024-11-28 01:00:00,"historie",35.1,28.9691353902843,NA,NA,NA
"7865",2024-11-28 02:00:00,"historie",36,32.9240852259048,NA,NA,NA
"7866",2024-11-28 03:00:00,"historie",31.67,33.7055692457896,NA,NA,NA
"7867",2024-11-28 04:00:00,"historie",30.13,30.1176853052099,NA,NA,NA
"7868",2024-11-28 05:00:00,"historie",37.5,28.8152041016484,NA,NA,NA
"7869",2024-11-28 06:00:00,"historie",20.16,34.9719210366472,NA,NA,NA
"7870",2024-11-28 07:00:00,"historie",1.6,20.1971263891647,NA,NA,NA
"7871",2024-11-28 08:00:00,"historie",2.51,2.12867468797044,NA,NA,NA
"7872",2024-11-28 09:00:00,"historie",1.49,3.10440152962447,NA,NA,NA
"7873",2024-11-28 10:00:00,"historie",0.89,1.92426324633798,NA,NA,NA
"7874",2024-11-28 11:00:00,"historie",0.88,1.1970143536182,NA,NA,NA
"7875",2024-11-28 12:00:00,"historie",0.97,1.16225705410468,NA,NA,NA
"7876",2024-11-28 13:00:00,"historie",1,1.2455372937662,NA,NA,NA
"7877",2024-11-28 14:00:00,"historie",1.2,1.26146691902349,NA,NA,NA
"7878",2024-11-28 15:00:00,"historie",1.74,1.464662065687,NA,NA,NA
"7879",2024-11-28 16:00:00,"historie",1.32,2.01706760257553,NA,NA,NA
"7880",2024-11-28 17:00:00,"historie",0.87,1.57018758805958,NA,NA,NA
"7881",2024-11-28 18:00:00,"historie",1.1,1.07752253704256,NA,NA,NA
"7882",2024-11-28 19:00:00,"historie",1.13,1.31457507413875,NA,NA,NA
"7883",2024-11-28 20:00:00,"historie",1.26,1.33790666992172,NA,NA,NA
"7884",2024-11-28 21:00:00,"historie",1.97,1.46575057056062,NA,NA,NA
"7885",2024-11-28 22:00:00,"historie",1.4,2.17018538621616,NA,NA,NA
"7886",2024-11-28 23:00:00,"historie",1.38,1.60309172273619,NA,NA,NA
"7887",2024-11-29,"historie",1.69,1.57871342790815,NA,NA,NA
"7888",2024-11-29 01:00:00,"historie",1.38,1.88501199441472,NA,NA,NA
"7889",2024-11-29 02:00:00,"historie",1.05,1.57412554307914,NA,NA,NA
"7890",2024-11-29 03:00:00,"historie",0.82,1.23291799201514,NA,NA,NA
"7891",2024-11-29 04:00:00,"historie",1.08,0.98647059365113,NA,NA,NA
"7892",2024-11-29 05:00:00,"historie",2.18,1.25284865536382,NA,NA,NA
"7893",2024-11-29 06:00:00,"historie",2.13,2.32964529862386,NA,NA,NA
"7894",2024-11-29 07:00:00,"historie",2.1,2.28921858473775,NA,NA,NA
"7895",2024-11-29 08:00:00,"historie",1.95,2.26630782072318,NA,NA,NA
"7896",2024-11-29 09:00:00,"historie",1.67,2.12664721213335,NA,NA,NA
"7897",2024-11-29 10:00:00,"historie",1.76,1.85595926909413,NA,NA,NA
"7898",2024-11-29 11:00:00,"historie",1.18,1.94434413145764,NA,NA,NA
"7899",2024-11-29 12:00:00,"historie",1.26,1.36452986278814,NA,NA,NA
"7900",2024-11-29 13:00:00,"historie",1.46,1.44242521304299,NA,NA,NA
"7901",2024-11-29 14:00:00,"historie",1.59,1.64070035601037,NA,NA,NA
"7902",2024-11-29 15:00:00,"historie",2.26,1.76870416585998,NA,NA,NA
"7903",2024-11-29 16:00:00,"historie",2.95,2.41625910576791,NA,NA,NA
"7904",2024-11-29 17:00:00,"historie",3.05,3.06870348373729,NA,NA,NA
"7905",2024-11-29 18:00:00,"historie",5.45,3.17480390071374,NA,NA,NA
"7906",2024-11-29 19:00:00,"historie",10.51,5.33384321643836,NA,NA,NA
"7907",2024-11-29 20:00:00,"historie",8.8,9.62450428641468,NA,NA,NA
"7908",2024-11-29 21:00:00,"historie",12.82,8.32054991669676,NA,NA,NA
"7909",2024-11-29 22:00:00,"historie",8.85,11.7215282237755,NA,NA,NA
"7910",2024-11-29 23:00:00,"historie",10.31,8.53014564108238,NA,NA,NA
"7911",2024-11-30,"historie",11.72,9.83239819035172,NA,NA,NA
"7912",2024-11-30 01:00:00,"historie",9.72,11.0932734422208,NA,NA,NA
"7913",2024-11-30 02:00:00,"historie",8.03,9.46430407326507,NA,NA,NA
"7914",2024-11-30 03:00:00,"historie",8.39,8.02852061262863,NA,NA,NA
"7915",2024-11-30 04:00:00,"historie",6.62,8.37037195328317,NA,NA,NA
"7916",2024-11-30 05:00:00,"historie",6.21,6.80324449584454,NA,NA,NA
"7917",2024-11-30 06:00:00,"historie",7.75,6.43271510848362,NA,NA,NA
"7918",2024-11-30 07:00:00,"historie",10.39,7.82989701612455,NA,NA,NA
"7919",2024-11-30 08:00:00,"historie",25.92,10.1720185839839,NA,NA,NA
"7920",2024-11-30 09:00:00,"historie",28.43,22.9643098822008,NA,NA,NA
"7921",2024-11-30 10:00:00,"historie",28.46,25.1782255687836,NA,NA,NA
"7922",2024-11-30 11:00:00,"historie",34.77,25.4431405989816,NA,NA,NA
"7923",2024-11-30 12:00:00,"historie",27.03,30.6420723102409,NA,NA,NA
"7924",2024-11-30 13:00:00,"historie",30.31,24.7279252423755,NA,NA,NA
"7925",2024-11-30 14:00:00,"historie",44.31,27.5320844172089,NA,NA,NA
"7926",2024-11-30 15:00:00,"historie",29.41,38.7856503367828,NA,NA,NA
"7927",2024-11-30 16:00:00,"historie",31.25,27.1863926957619,NA,NA,NA
"7928",2024-11-30 17:00:00,"historie",28.1,28.8055137563698,NA,NA,NA
"7929",2024-11-30 18:00:00,"historie",23.11,26.3207223749138,NA,NA,NA
"7930",2024-11-30 19:00:00,"historie",24.6,22.1918331714481,NA,NA,NA
"7931",2024-11-30 20:00:00,"historie",27.03,23.4776927375693,NA,NA,NA
"7932",2024-11-30 21:00:00,"historie",27.03,25.5555609358031,NA,NA,NA
"7933",2024-11-30 22:00:00,"historie",46.62,25.6022292224681,NA,NA,NA
"7934",2024-11-30 23:00:00,"historie",45,41.5787683683217,NA,NA,NA
"7935",2024-12-01,"historie",53.28,40.5159860655519,NA,NA,NA
"7936",2024-12-01 01:00:00,"historie",76.64,47.2751576428776,NA,NA,NA
"7937",2024-12-01 02:00:00,"historie",85.36,65.5998960367543,NA,NA,NA
"7938",2024-12-01 03:00:00,"historie",79.25,72.7055970346624,NA,NA,NA
"7939",2024-12-01 04:00:00,"historie",77.13,68.5640517603957,NA,NA,NA
"7940",2024-12-01 05:00:00,"historie",40.6,67.3222279843745,NA,NA,NA
"7941",2024-12-01 06:00:00,"historie",26.24,38.295997241914,NA,NA,NA
"7942",2024-12-01 07:00:00,"historie",20.59,25.9924128220421,NA,NA,NA
"7943",2024-12-01 08:00:00,"historie",17.59,20.8863434801368,NA,NA,NA
"7944",2024-12-01 09:00:00,"historie",16.38,18.0728172722709,NA,NA,NA
"7945",2024-12-01 10:00:00,"historie",16.26,16.8712217546074,NA,NA,NA
"7946",2024-12-01 11:00:00,"historie",18.62,16.6705433826774,NA,NA,NA
"7947",2024-12-01 12:00:00,"historie",27.18,18.7085949049393,NA,NA,NA
"7948",2024-12-01 13:00:00,"historie",21.18,26.0792151207557,NA,NA,NA
"7949",2024-12-01 14:00:00,"historie",21.59,20.9046923595893,NA,NA,NA
"7950",2024-12-01 15:00:00,"historie",20.51,21.2235209744898,NA,NA,NA
"7951",2024-12-01 16:00:00,"historie",20.38,20.2492544259776,NA,NA,NA
"7952",2024-12-01 17:00:00,"historie",20.38,20.1014569905939,NA,NA,NA
"7953",2024-12-01 18:00:00,"historie",22.89,20.0708043117664,NA,NA,NA
"7954",2024-12-01 19:00:00,"historie",26.1,22.2182227502896,NA,NA,NA
"7955",2024-12-01 20:00:00,"historie",28.12,24.9523880442374,NA,NA,NA
"7956",2024-12-01 21:00:00,"historie",28.53,26.6763633547057,NA,NA,NA
"7957",2024-12-01 22:00:00,"historie",22.5,27.0528505717299,NA,NA,NA
"7958",2024-12-01 23:00:00,"historie",23.3,21.9420270822757,NA,NA,NA
"7959",2024-12-02,"historie",18.95,22.6150933306611,NA,NA,NA
"7960",2024-12-02 01:00:00,"historie",20.44,18.821090347673,NA,NA,NA
"7961",2024-12-02 02:00:00,"historie",19.75,20.0894135693035,NA,NA,NA
"7962",2024-12-02 03:00:00,"historie",17.42,19.4655452126225,NA,NA,NA
"7963",2024-12-02 04:00:00,"historie",17.18,17.3939118098113,NA,NA,NA
"7964",2024-12-02 05:00:00,"historie",16.52,17.1469023133138,NA,NA,NA
"7965",2024-12-02 06:00:00,"historie",14.11,16.5308014788279,NA,NA,NA
"7966",2024-12-02 07:00:00,"historie",15.26,14.346247879569,NA,NA,NA
"7967",2024-12-02 08:00:00,"historie",16.15,15.3344763339773,NA,NA,NA
"7968",2024-12-02 09:00:00,"historie",16.05,16.093970023803,NA,NA,NA
"7969",2024-12-02 10:00:00,"historie",16.95,15.985423611531,NA,NA,NA
"7970",2024-12-02 11:00:00,"historie",17.97,16.758459800354,NA,NA,NA
"7971",2024-12-02 12:00:00,"historie",20.92,17.639062152029,NA,NA,NA
"7972",2024-12-02 13:00:00,"historie",21.34,20.1822092471224,NA,NA,NA
"7973",2024-12-02 14:00:00,"historie",23.05,20.5627432092315,NA,NA,NA
"7974",2024-12-02 15:00:00,"historie",23.32,22.0409405983843,NA,NA,NA
"7975",2024-12-02 16:00:00,"historie",26.25,22.3035217101391,NA,NA,NA
"7976",2024-12-02 17:00:00,"historie",28.72,24.8064715051962,NA,NA,NA
"7977",2024-12-02 18:00:00,"historie",27.67,26.9226386117811,NA,NA,NA
"7978",2024-12-02 19:00:00,"historie",27.97,26.1142017186358,NA,NA,NA
"7979",2024-12-02 20:00:00,"historie",29.27,26.4164840287231,NA,NA,NA
"7980",2024-12-02 21:00:00,"historie",30.74,27.5515635534139,NA,NA,NA
"7981",2024-12-02 22:00:00,"historie",32.7,28.8299867700131,NA,NA,NA
"7982",2024-12-02 23:00:00,"historie",36.45,30.5163066827182,NA,NA,NA
"7983",2024-12-03,"historie",44.8,33.6756188382621,NA,NA,NA
"7984",2024-12-03 01:00:00,"historie",36.07,40.5464422597499,NA,NA,NA
"7985",2024-12-03 02:00:00,"historie",35.85,33.5904936132281,NA,NA,NA
"7986",2024-12-03 03:00:00,"historie",31.55,33.471466049359,NA,NA,NA
"7987",2024-12-03 04:00:00,"historie",31.82,29.9342353717198,NA,NA,NA
"7988",2024-12-03 05:00:00,"historie",30.05,30.1748994145857,NA,NA,NA
"7989",2024-12-03 06:00:00,"historie",32.54,28.6950607431297,NA,NA,NA
"7990",2024-12-03 07:00:00,"historie",31,30.7930689298522,NA,NA,NA
"7991",2024-12-03 08:00:00,"historie",31.71,29.5143612491828,NA,NA,NA
"7992",2024-12-03 09:00:00,"historie",29.85,30.1173188543607,NA,NA,NA
"7993",2024-12-03 10:00:00,"historie",29,28.5540952164226,NA,NA,NA
"7994",2024-12-03 11:00:00,"historie",31.69,27.8267122346183,NA,NA,NA
"7995",2024-12-03 12:00:00,"historie",27.15,30.0922991082277,NA,NA,NA
"7996",2024-12-03 13:00:00,"historie",25.33,26.2455775104941,NA,NA,NA
"7997",2024-12-03 14:00:00,"historie",29.68,24.6582431802179,NA,NA,NA
"7998",2024-12-03 15:00:00,"historie",44.67,28.3425068013741,NA,NA,NA
"7999",2024-12-03 16:00:00,"historie",53.68,40.7284237293487,NA,NA,NA
"8000",2024-12-03 17:00:00,"historie",53.45,48.0838867211228,NA,NA,NA
"8001",2024-12-03 18:00:00,"historie",58.35,48.0976234358374,NA,NA,NA
"8002",2024-12-03 19:00:00,"historie",63.03,52.1729023204639,NA,NA,NA
"8003",2024-12-03 20:00:00,"historie",71.28,56.0781256937165,NA,NA,NA
"8004",2024-12-03 21:00:00,"historie",78.54,62.78376846991,NA,NA,NA
"8005",2024-12-03 22:00:00,"historie",81.67,68.7187197992257,NA,NA,NA
"8006",2024-12-03 23:00:00,"historie",66.11,71.4635537008602,NA,NA,NA
"8007",2024-12-04,"historie",27.2,59.5030052394458,NA,NA,NA
"8008",2024-12-04 01:00:00,"historie",14,27.1323261651544,NA,NA,NA
"8009",2024-12-04 02:00:00,"historie",6.97,14.9858848919574,NA,NA,NA
"8010",2024-12-04 03:00:00,"historie",7.13,8.0013964270575,NA,NA,NA
"8011",2024-12-04 04:00:00,"historie",9.28,8.05726539179629,NA,NA,NA
"8012",2024-12-04 05:00:00,"historie",8.95,10.063171984006,NA,NA,NA
"8013",2024-12-04 06:00:00,"historie",7.5,9.66748724926649,NA,NA,NA
"8014",2024-12-04 07:00:00,"historie",7.15,8.20510828776055,NA,NA,NA
"8015",2024-12-04 08:00:00,"historie",7.8,7.80428302035303,NA,NA,NA
"8016",2024-12-04 09:00:00,"historie",7.47,8.37045303910104,NA,NA,NA
"8017",2024-12-04 10:00:00,"historie",7.39,8.01078313902731,NA,NA,NA
"8018",2024-12-04 11:00:00,"historie",7.79,7.89333756132125,NA,NA,NA
"8019",2024-12-04 12:00:00,"historie",6.51,8.23258290944587,NA,NA,NA
"8020",2024-12-04 13:00:00,"historie",10.28,6.99537962722608,NA,NA,NA
"8021",2024-12-04 14:00:00,"historie",7.82,10.4412339815519,NA,NA,NA
"8022",2024-12-04 15:00:00,"historie",8.9,8.1877492580981,NA,NA,NA
"8023",2024-12-04 16:00:00,"historie",7.85,9.15937359302159,NA,NA,NA
"8024",2024-12-04 17:00:00,"historie",8.1,8.1839986630113,NA,NA,NA
"8025",2024-12-04 18:00:00,"historie",6.15,8.39735343000095,NA,NA,NA
"8026",2024-12-04 19:00:00,"historie",8.24,6.5675650889992,NA,NA,NA
"8027",2024-12-04 20:00:00,"historie",10.75,8.48336470449832,NA,NA,NA
"8028",2024-12-04 21:00:00,"historie",8.15,10.7300756465512,NA,NA,NA
"8029",2024-12-04 22:00:00,"historie",9.2,8.40476225111714,NA,NA,NA
"8030",2024-12-04 23:00:00,"historie",9.67,9.34919678127164,NA,NA,NA
"8031",2024-12-05,"historie",8.44,9.77209553433238,NA,NA,NA
"8032",2024-12-05 01:00:00,"historie",8.56,8.66532648163958,NA,NA,NA
"8033",2024-12-05 02:00:00,"historie",8.31,8.76888246503688,NA,NA,NA
"8034",2024-12-05 03:00:00,"historie",7.54,8.53755425856681,NA,NA,NA
"8035",2024-12-05 04:00:00,"historie",7.15,7.8274723907738,NA,NA,NA
"8036",2024-12-05 05:00:00,"historie",9.44,7.45797622450001,NA,NA,NA
"8037",2024-12-05 06:00:00,"historie",9.85,9.52706591090079,NA,NA,NA
"8038",2024-12-05 07:00:00,"historie",10.03,9.90051452149655,NA,NA,NA
"8039",2024-12-05 08:00:00,"historie",9.57,10.0706111342619,NA,NA,NA
"8040",2024-12-05 09:00:00,"historie",8.68,9.66960864676339,NA,NA,NA
"8041",2024-12-05 10:00:00,"historie",14.95,8.87253625288073,NA,NA,NA
"8042",2024-12-05 11:00:00,"historie",12.5,14.3646033112207,NA,NA,NA
"8043",2024-12-05 12:00:00,"historie",11.21,12.3035103941747,NA,NA,NA
"8044",2024-12-05 13:00:00,"historie",6.87,11.1933557133558,NA,NA,NA
"8045",2024-12-05 14:00:00,"historie",9.62,7.25814451334556,NA,NA,NA
"8046",2024-12-05 15:00:00,"historie",11.1,9.75558987425874,NA,NA,NA
"8047",2024-12-05 16:00:00,"historie",9.97,11.0758873747303,NA,NA,NA
"8048",2024-12-05 17:00:00,"historie",11.6,10.0812901382644,NA,NA,NA
"8049",2024-12-05 18:00:00,"historie",14.13,11.5319080787113,NA,NA,NA
"8050",2024-12-05 19:00:00,"historie",10.54,13.7540649951394,NA,NA,NA
"8051",2024-12-05 20:00:00,"historie",10.63,10.6336614504039,NA,NA,NA
"8052",2024-12-05 21:00:00,"historie",10.2,10.715115110282,NA,NA,NA
"8053",2024-12-05 22:00:00,"historie",9.69,10.3313951181175,NA,NA,NA
"8054",2024-12-05 23:00:00,"historie",8,9.87027217809199,NA,NA,NA
"8055",2024-12-06,"historie",8.38,8.32327372344336,NA,NA,NA
"8056",2024-12-06 01:00:00,"historie",7.38,8.65644301089455,NA,NA,NA
"8057",2024-12-06 02:00:00,"historie",7.97,7.72384515775571,NA,NA,NA
"8058",2024-12-06 03:00:00,"historie",6.56,8.25158503754711,NA,NA,NA
"8059",2024-12-06 04:00:00,"historie",12.44,6.93448508262327,NA,NA,NA
"8060",2024-12-06 05:00:00,"historie",11.97,12.1989461820197,NA,NA,NA
"8061",2024-12-06 06:00:00,"historie",10.79,11.8191663478877,NA,NA,NA
"8062",2024-12-06 07:00:00,"historie",7.45,10.8008600239936,NA,NA,NA
"8063",2024-12-06 08:00:00,"historie",8.77,7.78433655194334,NA,NA,NA
"8064",2024-12-06 09:00:00,"historie",9.85,8.97815937349424,NA,NA,NA
"8065",2024-12-06 10:00:00,"historie",13.31,9.94699161631174,NA,NA,NA
"8066",2024-12-06 11:00:00,"historie",12.97,12.9958106294841,NA,NA,NA
"8067",2024-12-06 12:00:00,"historie",9.38,12.7343532578366,NA,NA,NA
"8068",2024-12-06 13:00:00,"historie",10.38,9.57422948662644,NA,NA,NA
"8069",2024-12-06 14:00:00,"historie",15.87,10.468066976803,NA,NA,NA
"8070",2024-12-06 15:00:00,"historie",24.51,15.2567886984184,NA,NA,NA
"8071",2024-12-06 16:00:00,"historie",24.85,22.506586564358,NA,NA,NA
"8072",2024-12-06 17:00:00,"historie",27.68,22.9251778460942,NA,NA,NA
"8073",2024-12-06 18:00:00,"historie",41.44,25.3661760800505,NA,NA,NA
"8074",2024-12-06 19:00:00,"historie",5.37,36.4847092289471,NA,NA,NA
"8075",2024-12-06 20:00:00,"historie",7.41,6.00764214257808,NA,NA,NA
"8076",2024-12-06 21:00:00,"historie",6.13,7.92735213659986,NA,NA,NA
"8077",2024-12-06 22:00:00,"historie",7.31,6.66828739184647,NA,NA,NA
"8078",2024-12-06 23:00:00,"historie",4.43,7.75106027624088,NA,NA,NA
"8079",2024-12-07,"historie",6.63,4.95363063776348,NA,NA,NA
"8080",2024-12-07 01:00:00,"historie",1.7,7.03376958735816,NA,NA,NA
"8081",2024-12-07 02:00:00,"historie",1.76,2.09788537318655,NA,NA,NA
"8082",2024-12-07 03:00:00,"historie",3.21,2.13585960981426,NA,NA,NA
"8083",2024-12-07 04:00:00,"historie",3.87,3.59931294537222,NA,NA,NA
"8084",2024-12-07 05:00:00,"historie",2.82,4.22655746799886,NA,NA,NA
"8085",2024-12-07 06:00:00,"historie",2.61,3.18235093453554,NA,NA,NA
"8086",2024-12-07 07:00:00,"historie",5.4,2.95621721771229,NA,NA,NA
"8087",2024-12-07 08:00:00,"historie",5.41,5.60423530336916,NA,NA,NA
"8088",2024-12-07 09:00:00,"historie",6.47,5.61903369857722,NA,NA,NA
"8089",2024-12-07 10:00:00,"historie",7.28,6.59095297277001,NA,NA,NA
"8090",2024-12-07 11:00:00,"historie",9.31,7.33309992544086,NA,NA,NA
"8091",2024-12-07 12:00:00,"historie",10,9.14507366156611,NA,NA,NA
"8092",2024-12-07 13:00:00,"historie",13.47,9.78488093777844,NA,NA,NA
"8093",2024-12-07 14:00:00,"historie",10.68,12.7968953256866,NA,NA,NA
"8094",2024-12-07 15:00:00,"historie",10.89,10.4787896692954,NA,NA,NA
"8095",2024-12-07 16:00:00,"historie",14.51,10.6984538771268,NA,NA,NA
"8096",2024-12-07 17:00:00,"historie",21.15,13.8428121571347,NA,NA,NA
"8097",2024-12-07 18:00:00,"historie",19.48,19.4298221261625,NA,NA,NA
"8098",2024-12-07 19:00:00,"historie",26.24,18.1927236385255,NA,NA,NA
"8099",2024-12-07 20:00:00,"historie",28.03,23.8267718603597,NA,NA,NA
"8100",2024-12-07 21:00:00,"historie",23.46,25.4444471359305,NA,NA,NA
"8101",2024-12-07 22:00:00,"historie",20.18,21.8778315572611,NA,NA,NA
"8102",2024-12-07 23:00:00,"historie",16.34,19.2317257609095,NA,NA,NA
"8103",2024-12-08,"historie",18,15.9960250974964,NA,NA,NA
"8104",2024-12-08 01:00:00,"historie",19.26,17.4463776520012,NA,NA,NA
"8105",2024-12-08 02:00:00,"historie",18.9,18.55469401296,NA,NA,NA
"8106",2024-12-08 03:00:00,"historie",20.95,18.2816972921068,NA,NA,NA
"8107",2024-12-08 04:00:00,"historie",22.71,20.0602495378061,NA,NA,NA
"8108",2024-12-08 05:00:00,"historie",23.1,21.5931836619934,NA,NA,NA
"8109",2024-12-08 06:00:00,"historie",25.49,21.9755316565843,NA,NA,NA
"8110",2024-12-08 07:00:00,"historie",23.03,24.0348682290612,NA,NA,NA
"8111",2024-12-08 08:00:00,"historie",21.21,22.0266312570492,NA,NA,NA
"8112",2024-12-08 09:00:00,"historie",20.64,20.5097197762942,NA,NA,NA
"8113",2024-12-08 10:00:00,"historie",13.44,20.0368223939499,NA,NA,NA
"8114",2024-12-08 11:00:00,"historie",9.26,13.7043982433228,NA,NA,NA
"8115",2024-12-08 12:00:00,"historie",9.9,9.82242252042317,NA,NA,NA
"8116",2024-12-08 13:00:00,"historie",9.38,10.3682805402378,NA,NA,NA
"8117",2024-12-08 14:00:00,"historie",13.41,9.84410849094398,NA,NA,NA
"8118",2024-12-08 15:00:00,"historie",5.33,13.4616745323928,NA,NA,NA
"8119",2024-12-08 16:00:00,"historie",7.61,5.93559237606389,NA,NA,NA
"8120",2024-12-08 17:00:00,"historie",9.75,8.0780752823942,NA,NA,NA
"8121",2024-12-08 18:00:00,"historie",8.37,10.0231023680825,NA,NA,NA
"8122",2024-12-08 19:00:00,"historie",11.82,8.74017371257484,NA,NA,NA
"8123",2024-12-08 20:00:00,"historie",12.54,11.8387389899133,NA,NA,NA
"8124",2024-12-08 21:00:00,"historie",12.16,12.4798830186984,NA,NA,NA
"8125",2024-12-08 22:00:00,"historie",13.44,12.1526614975578,NA,NA,NA
"8126",2024-12-08 23:00:00,"historie",17.26,13.2856917888364,NA,NA,NA
"8127",2024-12-09,"historie",16.85,16.6031096505134,NA,NA,NA
"8128",2024-12-09 01:00:00,"historie",20.74,16.2989204334244,NA,NA,NA
"8129",2024-12-09 02:00:00,"historie",22.35,19.6400712664092,NA,NA,NA
"8130",2024-12-09 03:00:00,"historie",21.18,21.0610619007901,NA,NA,NA
"8131",2024-12-09 04:00:00,"historie",14.67,20.1546288583182,NA,NA,NA
"8132",2024-12-09 05:00:00,"historie",10.72,14.5943076634292,NA,NA,NA
"8133",2024-12-09 06:00:00,"historie",14.82,11.0478419417208,NA,NA,NA
"8134",2024-12-09 07:00:00,"historie",18.36,14.6852005302941,NA,NA,NA
"8135",2024-12-09 08:00:00,"historie",14.43,17.7597195553465,NA,NA,NA
"8136",2024-12-09 09:00:00,"historie",12.85,14.369541975597,NA,NA,NA
"8137",2024-12-09 10:00:00,"historie",11.3,12.9620391500202,NA,NA,NA
"8138",2024-12-09 11:00:00,"historie",11.26,11.5531499887822,NA,NA,NA
"8139",2024-12-09 12:00:00,"historie",10.55,11.4948446882023,NA,NA,NA
"8140",2024-12-09 13:00:00,"historie",13,10.8313432039521,NA,NA,NA
"8141",2024-12-09 14:00:00,"historie",10.38,13.0087559355767,NA,NA,NA
"8142",2024-12-09 15:00:00,"historie",7.03,10.6534281973725,NA,NA,NA
"8143",2024-12-09 16:00:00,"historie",5.36,7.52716163685249,NA,NA,NA
"8144",2024-12-09 17:00:00,"historie",3.35,5.89157291891899,NA,NA,NA
"8145",2024-12-09 18:00:00,"historie",2.84,3.86055174346335,NA,NA,NA
"8146",2024-12-09 19:00:00,"historie",2.2,3.30564549685184,NA,NA,NA
"8147",2024-12-09 20:00:00,"historie",1.9,2.61256013916849,NA,NA,NA
"8148",2024-12-09 21:00:00,"historie",1.75,2.27195926262008,NA,NA,NA
"8149",2024-12-09 22:00:00,"historie",2.29,2.09201644132153,NA,NA,NA
"8150",2024-12-09 23:00:00,"historie",1.97,2.6315163599861,NA,NA,NA
"8151",2024-12-10,"historie",1.51,2.28917054852111,NA,NA,NA
"8152",2024-12-10 01:00:00,"historie",1.34,1.79696513726642,NA,NA,NA
"8153",2024-12-10 02:00:00,"historie",1.23,1.60430053988486,NA,NA,NA
"8154",2024-12-10 03:00:00,"historie",1.76,1.47589972541632,NA,NA,NA
"8155",2024-12-10 04:00:00,"historie",2.17,2.01329556906395,NA,NA,NA
"8156",2024-12-10 05:00:00,"historie",3.79,2.41529203645367,NA,NA,NA
"8157",2024-12-10 06:00:00,"historie",5.95,3.95364363369763,NA,NA,NA
"8158",2024-12-10 07:00:00,"historie",7.05,5.91374306318169,NA,NA,NA
"8159",2024-12-10 08:00:00,"historie",5.42,6.91328967631347,NA,NA,NA
"8160",2024-12-10 09:00:00,"historie",3.08,5.51031716621647,NA,NA,NA
"8161",2024-12-10 10:00:00,"historie",3.69,3.35040416415734,NA,NA,NA
"8162",2024-12-10 11:00:00,"historie",3.21,3.92837464627372,NA,NA,NA
"8163",2024-12-10 12:00:00,"historie",3.54,3.47317219792579,NA,NA,NA
"8164",2024-12-10 13:00:00,"historie",4.36,3.78540287344505,NA,NA,NA
"8165",2024-12-10 14:00:00,"historie",4.67,4.5540552220108,NA,NA,NA
"8166",2024-12-10 15:00:00,"historie",4.23,4.84811281740833,NA,NA,NA
"8167",2024-12-10 16:00:00,"historie",3.69,4.44963795366087,NA,NA,NA
"8168",2024-12-10 17:00:00,"historie",3.97,3.94607365973366,NA,NA,NA
"8169",2024-12-10 18:00:00,"historie",3.72,4.20985704096434,NA,NA,NA
"8170",2024-12-10 19:00:00,"historie",4.08,3.97560726230858,NA,NA,NA
"8171",2024-12-10 20:00:00,"historie",4.68,4.314437646919,NA,NA,NA
"8172",2024-12-10 21:00:00,"historie",5.87,4.87542475991432,NA,NA,NA
"8173",2024-12-10 22:00:00,"historie",7.24,5.96928391695708,NA,NA,NA
"8174",2024-12-10 23:00:00,"historie",7.22,7.21136860734629,NA,NA,NA
"8175",2024-12-11,"historie",7.92,7.22417600529662,NA,NA,NA
"8176",2024-12-11 01:00:00,"historie",8.42,7.87087610981982,NA,NA,NA
"8177",2024-12-11 02:00:00,"historie",8.36,8.34258690363076,NA,NA,NA
"8178",2024-12-11 03:00:00,"historie",8.93,8.32222269934512,NA,NA,NA
"8179",2024-12-11 04:00:00,"historie",8.29,8.8531835705047,NA,NA,NA
"8180",2024-12-11 05:00:00,"historie",8.69,8.31682915572584,NA,NA,NA
"8181",2024-12-11 06:00:00,"historie",9.62,8.69309613996369,NA,NA,NA
"8182",2024-12-11 07:00:00,"historie",11.68,9.53712470479157,NA,NA,NA
"8183",2024-12-11 08:00:00,"historie",15.43,11.3611403319553,NA,NA,NA
"8184",2024-12-11 09:00:00,"historie",10.6,14.6014954935212,NA,NA,NA
"8185",2024-12-11 10:00:00,"historie",5.87,10.525865903014,NA,NA,NA
"8186",2024-12-11 11:00:00,"historie",4.79,6.24602880553996,NA,NA,NA
"8187",2024-12-11 12:00:00,"historie",4.69,5.202462530993,NA,NA,NA
"8188",2024-12-11 13:00:00,"historie",6.26,5.08701455292555,NA,NA,NA
"8189",2024-12-11 14:00:00,"historie",8.12,6.54881962308187,NA,NA,NA
"8190",2024-12-11 15:00:00,"historie",5.74,8.24078954360115,NA,NA,NA
"8191",2024-12-11 16:00:00,"historie",12.18,6.06614567323681,NA,NA,NA
"8192",2024-12-11 17:00:00,"historie",29.82,11.8018585635858,NA,NA,NA
"8193",2024-12-11 18:00:00,"historie",16.11,26.2173836935548,NA,NA,NA
"8194",2024-12-11 19:00:00,"historie",13.22,15.3461621398552,NA,NA,NA
"8195",2024-12-11 20:00:00,"historie",21.92,12.9370626940575,NA,NA,NA
"8196",2024-12-11 21:00:00,"historie",16.05,20.3069298719628,NA,NA,NA
"8197",2024-12-11 22:00:00,"historie",17.15,15.4956341691432,NA,NA,NA
"8198",2024-12-11 23:00:00,"historie",17.28,16.4815746618676,NA,NA,NA
"8199",2024-12-12,"historie",16.38,16.6428933932491,NA,NA,NA
"8200",2024-12-12 01:00:00,"historie",19.13,15.915333392895,NA,NA,NA
"8201",2024-12-12 02:00:00,"historie",14.24,18.2997015338808,NA,NA,NA
"8202",2024-12-12 03:00:00,"historie",12.58,14.1263434373822,NA,NA,NA
"8203",2024-12-12 04:00:00,"historie",13.92,12.6605389140653,NA,NA,NA
"8204",2024-12-12 05:00:00,"historie",13.63,13.8407975602511,NA,NA,NA
"8205",2024-12-12 06:00:00,"historie",15,13.5877273223121,NA,NA,NA
"8206",2024-12-12 07:00:00,"historie",38.38,14.7925130811514,NA,NA,NA
"8207",2024-12-12 08:00:00,"historie",23.62,34.0516728574961,NA,NA,NA
"8208",2024-12-12 09:00:00,"historie",21.77,22.3114751266392,NA,NA,NA
"8209",2024-12-12 10:00:00,"historie",23.55,20.8192068377938,NA,NA,NA
"8210",2024-12-12 11:00:00,"historie",20.36,22.3687992331698,NA,NA,NA
"8211",2024-12-12 12:00:00,"historie",13.26,19.7083190797175,NA,NA,NA
"8212",2024-12-12 13:00:00,"historie",13.22,13.488898247044,NA,NA,NA
"8213",2024-12-12 14:00:00,"historie",15.69,13.4222550129092,NA,NA,NA
"8214",2024-12-12 15:00:00,"historie",16.41,15.5923246738024,NA,NA,NA
"8215",2024-12-12 16:00:00,"historie",14.31,16.2171714076448,NA,NA,NA
"8216",2024-12-12 17:00:00,"historie",15.38,14.3616476050394,NA,NA,NA
"8217",2024-12-12 18:00:00,"historie",15.07,15.2930072790993,NA,NA,NA
"8218",2024-12-12 19:00:00,"historie",14.67,15.0129342154362,NA,NA,NA
"8219",2024-12-12 20:00:00,"historie",14.63,14.6513440005922,NA,NA,NA
"8220",2024-12-12 21:00:00,"historie",16.92,14.6062435146733,NA,NA,NA
"8221",2024-12-12 22:00:00,"historie",18.62,16.6064416337991,NA,NA,NA
"8222",2024-12-12 23:00:00,"historie",16.6,18.0878138691296,NA,NA,NA
"8223",2024-12-13,"historie",16.18,16.3564433977432,NA,NA,NA
"8224",2024-12-13 01:00:00,"historie",18.64,15.9921763627448,NA,NA,NA
"8225",2024-12-13 02:00:00,"historie",22.89,18.1302021870748,NA,NA,NA
"8226",2024-12-13 03:00:00,"historie",20.95,21.7744086199543,NA,NA,NA
"8227",2024-12-13 04:00:00,"historie",20.44,20.179258113341,NA,NA,NA
"8228",2024-12-13 05:00:00,"historie",19.42,19.7724214820746,NA,NA,NA
"8229",2024-12-13 06:00:00,"historie",18.89,18.9161904805577,NA,NA,NA
"8230",2024-12-13 07:00:00,"historie",20.82,18.4688206978951,NA,NA,NA
"8231",2024-12-13 08:00:00,"historie",22.29,20.1390734618015,NA,NA,NA
"8232",2024-12-13 09:00:00,"historie",23.15,21.4164951290258,NA,NA,NA
"8233",2024-12-13 10:00:00,"historie",23.05,22.1784249808311,NA,NA,NA
"8234",2024-12-13 11:00:00,"historie",25.26,22.1266997765236,NA,NA,NA
"8235",2024-12-13 12:00:00,"historie",21.82,24.02877939808,NA,NA,NA
"8236",2024-12-13 13:00:00,"historie",22.31,21.1419442568503,NA,NA,NA
"8237",2024-12-13 14:00:00,"historie",20.75,21.5731266784255,NA,NA,NA
"8238",2024-12-13 15:00:00,"historie",23.63,20.2423650426224,NA,NA,NA
"8239",2024-12-13 16:00:00,"historie",22.37,22.7146169809985,NA,NA,NA
"8240",2024-12-13 17:00:00,"historie",20.51,21.6581538627377,NA,NA,NA
"8241",2024-12-13 18:00:00,"historie",12.97,20.0623642928215,NA,NA,NA
"8242",2024-12-13 19:00:00,"historie",12.74,13.359689231971,NA,NA,NA
"8243",2024-12-13 20:00:00,"historie",15.27,13.1015577770818,NA,NA,NA
"8244",2024-12-13 21:00:00,"historie",19.42,15.3331352273729,NA,NA,NA
"8245",2024-12-13 22:00:00,"historie",22.67,18.9464079649292,NA,NA,NA
"8246",2024-12-13 23:00:00,"historie",22.57,21.741709385623,NA,NA,NA
"8247",2024-12-14,"historie",22.74,21.6895459162487,NA,NA,NA
"8248",2024-12-14 01:00:00,"historie",19.15,21.8627112568855,NA,NA,NA
"8249",2024-12-14 02:00:00,"historie",21.67,18.7956861964864,NA,NA,NA
"8250",2024-12-14 03:00:00,"historie",22.15,20.9683033046126,NA,NA,NA
"8251",2024-12-14 04:00:00,"historie",29.21,21.3949872450702,NA,NA,NA
"8252",2024-12-14 05:00:00,"historie",23.08,27.3651325589679,NA,NA,NA
"8253",2024-12-14 06:00:00,"historie",19.45,22.2685901641275,NA,NA,NA
"8254",2024-12-14 07:00:00,"historie",14.38,19.1464064152487,NA,NA,NA
"8255",2024-12-14 08:00:00,"historie",16.8,14.6382948675237,NA,NA,NA
"8256",2024-12-14 09:00:00,"historie",18.67,16.7550375330761,NA,NA,NA
"8257",2024-12-14 10:00:00,"historie",18.74,18.373933966789,NA,NA,NA
"8258",2024-12-14 11:00:00,"historie",16.67,18.4277787765919,NA,NA,NA
"8259",2024-12-14 12:00:00,"historie",15.82,16.6059237986438,NA,NA,NA
"8260",2024-12-14 13:00:00,"historie",16.79,15.8347540903881,NA,NA,NA
"8261",2024-12-14 14:00:00,"historie",14.51,16.6694224537484,NA,NA,NA
"8262",2024-12-14 15:00:00,"historie",13.56,14.6346290766399,NA,NA,NA
"8263",2024-12-14 16:00:00,"historie",14.38,13.7574470323537,NA,NA,NA
"8264",2024-12-14 17:00:00,"historie",11.87,14.4628631185872,NA,NA,NA
"8265",2024-12-14 18:00:00,"historie",6.28,12.1841286504687,NA,NA,NA
"8266",2024-12-14 19:00:00,"historie",7.03,6.91030884262898,NA,NA,NA
"8267",2024-12-14 20:00:00,"historie",9.97,7.5837018374656,NA,NA,NA
"8268",2024-12-14 21:00:00,"historie",10.4,10.2827051917229,NA,NA,NA
"8269",2024-12-14 22:00:00,"historie",11.54,10.6528565681333,NA,NA,NA
"8270",2024-12-14 23:00:00,"historie",10.74,11.6644926833892,NA,NA,NA
"8271",2024-12-15,"historie",7.47,10.9386622789503,NA,NA,NA
"8272",2024-12-15 01:00:00,"historie",5.71,7.9197469966512,NA,NA,NA
"8273",2024-12-15 02:00:00,"historie",3.21,6.21857482025095,NA,NA,NA
"8274",2024-12-15 03:00:00,"historie",3.56,3.71253118100714,NA,NA,NA
"8275",2024-12-15 04:00:00,"historie",2.95,4.03364072586216,NA,NA,NA
"8276",2024-12-15 05:00:00,"historie",2.05,3.39079586109392,NA,NA,NA
"8277",2024-12-15 06:00:00,"historie",2.64,2.43720762678035,NA,NA,NA
"8278",2024-12-15 07:00:00,"historie",2.85,3.02177686317759,NA,NA,NA
"8279",2024-12-15 08:00:00,"historie",2.8,3.21380917161057,NA,NA,NA
"8280",2024-12-15 09:00:00,"historie",2.76,3.14826030790134,NA,NA,NA
"8281",2024-12-15 10:00:00,"historie",2.5,3.09458094498111,NA,NA,NA
"8282",2024-12-15 11:00:00,"historie",2.79,2.82335490397753,NA,NA,NA
"8283",2024-12-15 12:00:00,"historie",2.79,3.09873969538833,NA,NA,NA
"8284",2024-12-15 13:00:00,"historie",3.13,3.08975819340608,NA,NA,NA
"8285",2024-12-15 14:00:00,"historie",3.87,3.41271398054452,NA,NA,NA
"8286",2024-12-15 15:00:00,"historie",4.84,4.11362525302215,NA,NA,NA
"8287",2024-12-15 16:00:00,"historie",4.95,5.01781577817417,NA,NA,NA
"8288",2024-12-15 17:00:00,"historie",4.87,5.1290376636286,NA,NA,NA
"8289",2024-12-15 18:00:00,"historie",3.4,5.06518322093637,NA,NA,NA
"8290",2024-12-15 19:00:00,"historie",3.61,3.68899825946643,NA,NA,NA
"8291",2024-12-15 20:00:00,"historie",2.85,3.88525607776783,NA,NA,NA
"8292",2024-12-15 21:00:00,"historie",2.92,3.14838990930201,NA,NA,NA
"8293",2024-12-15 22:00:00,"historie",2.87,3.20923647212806,NA,NA,NA
"8294",2024-12-15 23:00:00,"historie",2.08,3.15446678065464,NA,NA,NA
"8295",2024-12-16,"historie",1.63,2.36686691513837,NA,NA,NA
"8296",2024-12-16 01:00:00,"historie",0.98,1.89920748553447,NA,NA,NA
"8297",2024-12-16 02:00:00,"historie",1.18,1.2032377998483,NA,NA,NA
"8298",2024-12-16 03:00:00,"historie",1.05,1.40670697969564,NA,NA,NA
"8299",2024-12-16 04:00:00,"historie",1.32,1.26079608790266,NA,NA,NA
"8300",2024-12-16 05:00:00,"historie",1.25,1.53496868603169,NA,NA,NA
"8301",2024-12-16 06:00:00,"historie",1.23,1.4572012348775,NA,NA,NA
"8302",2024-12-16 07:00:00,"historie",0.79,1.43130217169758,NA,NA,NA
"8303",2024-12-16 08:00:00,"historie",3.97,0.963405063299221,NA,NA,NA
"8304",2024-12-16 09:00:00,"historie",1.48,4.00700999378539,NA,NA,NA
"8305",2024-12-16 10:00:00,"historie",1.58,1.68159220926356,NA,NA,NA
"8306",2024-12-16 11:00:00,"historie",1.9,1.77917143812921,NA,NA,NA
"8307",2024-12-16 12:00:00,"historie",3.34,2.09340093721391,NA,NA,NA
"8308",2024-12-16 13:00:00,"historie",1.2,3.45414307012653,NA,NA,NA
"8309",2024-12-16 14:00:00,"historie",1.82,1.40026390395774,NA,NA,NA
"8310",2024-12-16 15:00:00,"historie",2.48,2.01877845562588,NA,NA,NA
"8311",2024-12-16 16:00:00,"historie",2.1,2.65621003713316,NA,NA,NA
"8312",2024-12-16 17:00:00,"historie",2.05,2.29740253991403,NA,NA,NA
"8313",2024-12-16 18:00:00,"historie",2.36,2.25068747615068,NA,NA,NA
"8314",2024-12-16 19:00:00,"historie",2.88,2.55139771768216,NA,NA,NA
"8315",2024-12-16 20:00:00,"historie",3.82,3.04874131186001,NA,NA,NA
"8316",2024-12-16 21:00:00,"historie",1.77,3.92748845073393,NA,NA,NA
"8317",2024-12-16 22:00:00,"historie",2.28,1.99468976932608,NA,NA,NA
"8318",2024-12-16 23:00:00,"historie",2.51,2.49247256410419,NA,NA,NA
"8319",2024-12-17,"historie",1.15,2.71522239130778,NA,NA,NA
"8320",2024-12-17 01:00:00,"historie",0.9,1.3605109946735,NA,NA,NA
"8321",2024-12-17 02:00:00,"historie",1.15,1.08939851645396,NA,NA,NA
"8322",2024-12-17 03:00:00,"historie",1.05,1.34561907564857,NA,NA,NA
"8323",2024-12-17 04:00:00,"historie",1.5,1.23696020487303,NA,NA,NA
"8324",2024-12-17 05:00:00,"historie",1.82,1.69068459446094,NA,NA,NA
"8325",2024-12-17 06:00:00,"historie",1.8,2.0055859621132,NA,NA,NA
"8326",2024-12-17 07:00:00,"historie",2,1.98775554219956,NA,NA,NA
"8327",2024-12-17 08:00:00,"historie",2,2.18388455454863,NA,NA,NA
"8328",2024-12-17 09:00:00,"historie",2.9,2.18690197954644,NA,NA,NA
"8329",2024-12-17 10:00:00,"historie",2.02,3.04393819805183,NA,NA,NA
"8330",2024-12-17 11:00:00,"historie",2.24,2.21743381659388,NA,NA,NA
"8331",2024-12-17 12:00:00,"historie",2.12,2.43191469068213,NA,NA,NA
"8332",2024-12-17 13:00:00,"historie",2.29,2.319179057357,NA,NA,NA
"8333",2024-12-17 14:00:00,"historie",2.62,2.48527985123642,NA,NA,NA
"8334",2024-12-17 15:00:00,"historie",5.37,2.80389231922534,NA,NA,NA
"8335",2024-12-17 16:00:00,"historie",11.68,5.30918203873903,NA,NA,NA
"8336",2024-12-17 17:00:00,"historie",7.72,10.6506383648632,NA,NA,NA
"8337",2024-12-17 18:00:00,"historie",6.08,7.467636353296,NA,NA,NA
"8338",2024-12-17 19:00:00,"historie",8.1,6.08822284984537,NA,NA,NA
"8339",2024-12-17 20:00:00,"historie",7.97,7.88943811726814,NA,NA,NA
"8340",2024-12-17 21:00:00,"historie",9.79,7.82670627410472,NA,NA,NA
"8341",2024-12-17 22:00:00,"historie",8.1,9.44390052272392,NA,NA,NA
"8342",2024-12-17 23:00:00,"historie",7.05,8.03387491003963,NA,NA,NA
"8343",2024-12-18,"historie",11.95,7.13273739084014,NA,NA,NA
"8344",2024-12-18 01:00:00,"historie",9.08,11.4179102128147,NA,NA,NA
"8345",2024-12-18 02:00:00,"historie",9.31,9.0056640811673,NA,NA,NA
"8346",2024-12-18 03:00:00,"historie",4.97,9.23892700221453,NA,NA,NA
"8347",2024-12-18 04:00:00,"historie",3.9,5.31243489388533,NA,NA,NA
"8348",2024-12-18 05:00:00,"historie",8.46,4.27668869320003,NA,NA,NA
"8349",2024-12-18 06:00:00,"historie",12.41,8.46820546212557,NA,NA,NA
"8350",2024-12-18 07:00:00,"historie",14.2,11.926615039393,NA,NA,NA
"8351",2024-12-18 08:00:00,"historie",13.54,13.5107309313846,NA,NA,NA
"8352",2024-12-18 09:00:00,"historie",15.55,13.0251909506944,NA,NA,NA
"8353",2024-12-18 10:00:00,"historie",12.29,14.7932184490288,NA,NA,NA
"8354",2024-12-18 11:00:00,"historie",8.32,12.0683356930137,NA,NA,NA
"8355",2024-12-18 12:00:00,"historie",9.21,8.56196602132653,NA,NA,NA
"8356",2024-12-18 13:00:00,"historie",9.28,9.36391616142333,NA,NA,NA
"8357",2024-12-18 14:00:00,"historie",10.59,9.42936935312482,NA,NA,NA
"8358",2024-12-18 15:00:00,"historie",11.49,10.6035715194007,NA,NA,NA
"8359",2024-12-18 16:00:00,"historie",8.21,11.412872243905,NA,NA,NA
"8360",2024-12-18 17:00:00,"historie",6.92,8.48580551571923,NA,NA,NA
"8361",2024-12-18 18:00:00,"historie",6.78,7.28489782660837,NA,NA,NA
"8362",2024-12-18 19:00:00,"historie",5.95,7.13853913515861,NA,NA,NA
"8363",2024-12-18 20:00:00,"historie",5.2,6.34498159421021,NA,NA,NA
"8364",2024-12-18 21:00:00,"historie",6.54,5.61490342577307,NA,NA,NA
"8365",2024-12-18 22:00:00,"historie",20.62,6.85707924058532,NA,NA,NA
"8366",2024-12-18 23:00:00,"historie",20.76,18.956799685839,NA,NA,NA
"8367",2024-12-19,"historie",21.88,19.2127234817095,NA,NA,NA
"8368",2024-12-19 01:00:00,"historie",22.9,20.2612782503834,NA,NA,NA
"8369",2024-12-19 02:00:00,"historie",20.44,21.2264097528012,NA,NA,NA
"8370",2024-12-19 03:00:00,"historie",21.56,19.3018480227352,NA,NA,NA
"8371",2024-12-19 04:00:00,"historie",26.68,20.3213032993934,NA,NA,NA
"8372",2024-12-19 05:00:00,"historie",22.68,24.6468730912499,NA,NA,NA
"8373",2024-12-19 06:00:00,"historie",20.62,21.4509547564653,NA,NA,NA
"8374",2024-12-19 07:00:00,"historie",7.44,19.7793330200661,NA,NA,NA
"8375",2024-12-19 08:00:00,"historie",8.18,8.02816932979185,NA,NA,NA
"8376",2024-12-19 09:00:00,"historie",4.68,8.68287814523117,NA,NA,NA
"8377",2024-12-19 10:00:00,"historie",4.58,5.26967129976518,NA,NA,NA
"8378",2024-12-19 11:00:00,"historie",3.28,5.12899886150462,NA,NA,NA
"8379",2024-12-19 12:00:00,"historie",3.03,3.7878439262206,NA,NA,NA
"8380",2024-12-19 13:00:00,"historie",3.4,3.50011000619391,NA,NA,NA
"8381",2024-12-19 14:00:00,"historie",2.44,3.84481578979563,NA,NA,NA
"8382",2024-12-19 15:00:00,"historie",7.42,2.84679783229486,NA,NA,NA
"8383",2024-12-19 16:00:00,"historie",3.95,7.57075094047552,NA,NA,NA
"8384",2024-12-19 17:00:00,"historie",5.1,4.33409183190888,NA,NA,NA
"8385",2024-12-19 18:00:00,"historie",5.1,5.41657977363085,NA,NA,NA
"8386",2024-12-19 19:00:00,"historie",4.15,5.40973088900682,NA,NA,NA
"8387",2024-12-19 20:00:00,"historie",1.26,4.50108596810802,NA,NA,NA
"8388",2024-12-19 21:00:00,"historie",1,1.56033583901034,NA,NA,NA
"8389",2024-12-19 22:00:00,"historie",1.08,1.25721891797355,NA,NA,NA
"8390",2024-12-19 23:00:00,"historie",1.26,1.33070028046618,NA,NA,NA
"8391",2024-12-20,"historie",1.03,1.51124279415378,NA,NA,NA
"8392",2024-12-20 01:00:00,"historie",2.3,1.25493012560635,NA,NA,NA
"8393",2024-12-20 02:00:00,"historie",3.26,2.53863128055814,NA,NA,NA
"8394",2024-12-20 03:00:00,"historie",2.31,3.45592587718859,NA,NA,NA
"8395",2024-12-20 04:00:00,"historie",2.35,2.55110948632069,NA,NA,NA
"8396",2024-12-20 05:00:00,"historie",2.24,2.58786122325149,NA,NA,NA
"8397",2024-12-20 06:00:00,"historie",2.72,2.47848577378704,NA,NA,NA
"8398",2024-12-20 07:00:00,"historie",3.18,2.94129443281804,NA,NA,NA
"8399",2024-12-20 08:00:00,"historie",4.1,3.38043646337553,NA,NA,NA
"8400",2024-12-20 09:00:00,"historie",5.92,4.24191748649159,NA,NA,NA
"8401",2024-12-20 10:00:00,"historie",5.92,5.89509029174367,NA,NA,NA
"8402",2024-12-20 11:00:00,"historie",5.33,5.92882481896453,NA,NA,NA
"8403",2024-12-20 12:00:00,"historie",6.41,5.4289325614008,NA,NA,NA
"8404",2024-12-20 13:00:00,"historie",6.44,6.41697418116605,NA,NA,NA
"8405",2024-12-20 14:00:00,"historie",6.87,6.47289726267553,NA,NA,NA
"8406",2024-12-20 15:00:00,"historie",7.38,6.88226543605301,NA,NA,NA
"8407",2024-12-20 16:00:00,"historie",7.13,7.3628220155518,NA,NA,NA
"8408",2024-12-20 17:00:00,"historie",7.1,7.17016648314277,NA,NA,NA
"8409",2024-12-20 18:00:00,"historie",7.72,7.16693859795336,NA,NA,NA
"8410",2024-12-20 19:00:00,"historie",7.95,7.74124698856787,NA,NA,NA
"8411",2024-12-20 20:00:00,"historie",6.74,7.97027155889629,NA,NA,NA
"8412",2024-12-20 21:00:00,"historie",9.12,6.90522181798626,NA,NA,NA
"8413",2024-12-20 22:00:00,"historie",6.41,9.04110747585074,NA,NA,NA
"8414",2024-12-20 23:00:00,"historie",8.03,6.63648463993832,NA,NA,NA
"8415",2024-12-21,"historie",9.15,8.10735072750413,NA,NA,NA
"8416",2024-12-21 01:00:00,"historie",6.28,9.12093530723591,NA,NA,NA
"8417",2024-12-21 02:00:00,"historie",8.28,6.55085521817732,NA,NA,NA
"8418",2024-12-21 03:00:00,"historie",8.33,8.36742492408451,NA,NA,NA
"8419",2024-12-21 04:00:00,"historie",5.69,8.42667460791608,NA,NA,NA
"8420",2024-12-21 05:00:00,"historie",5.62,6.01945013181165,NA,NA,NA
"8421",2024-12-21 06:00:00,"historie",5.45,5.94494617548874,NA,NA,NA
"8422",2024-12-21 07:00:00,"historie",6.32,5.77719300934834,NA,NA,NA
"8423",2024-12-21 08:00:00,"historie",5.62,6.57839785071853,NA,NA,NA
"8424",2024-12-21 09:00:00,"historie",5.71,5.92714556462663,NA,NA,NA
"8425",2024-12-21 10:00:00,"historie",4.28,6.00511388027208,NA,NA,NA
"8426",2024-12-21 11:00:00,"historie",2.97,4.64708398115983,NA,NA,NA
"8427",2024-12-21 12:00:00,"historie",5.1,3.35158018857073,NA,NA,NA
"8428",2024-12-21 13:00:00,"historie",4.95,5.38510407145725,NA,NA,NA
"8429",2024-12-21 14:00:00,"historie",4.55,5.24164630667701,NA,NA,NA
"8430",2024-12-21 15:00:00,"historie",3.31,4.86096255501651,NA,NA,NA
"8431",2024-12-21 16:00:00,"historie",5.62,3.66154608823276,NA,NA,NA
"8432",2024-12-21 17:00:00,"historie",4.24,5.83471741532544,NA,NA,NA
"8433",2024-12-21 18:00:00,"historie",4,4.54900930791043,NA,NA,NA
"8434",2024-12-21 19:00:00,"historie",4.13,4.31437198157783,NA,NA,NA
"8435",2024-12-21 20:00:00,"historie",6.92,4.43152289869947,NA,NA,NA
"8436",2024-12-21 21:00:00,"historie",6.55,6.99540337734618,NA,NA,NA
"8437",2024-12-21 22:00:00,"historie",3.84,6.68174981080332,NA,NA,NA
"8438",2024-12-21 23:00:00,"historie",3.18,4.17032310141323,NA,NA,NA
"8439",2024-12-22,"historie",2.64,3.52059410628755,NA,NA,NA
"8440",2024-12-22 01:00:00,"historie",4.33,2.97526262537732,NA,NA,NA
"8441",2024-12-22 02:00:00,"historie",3.08,4.59413351602481,NA,NA,NA
"8442",2024-12-22 03:00:00,"historie",2.58,3.39631363889592,NA,NA,NA
"8443",2024-12-22 04:00:00,"historie",1.89,2.89515706166303,NA,NA,NA
"8444",2024-12-22 05:00:00,"historie",1.9,2.18914040517568,NA,NA,NA
"8445",2024-12-22 06:00:00,"historie",1.62,2.18742378064052,NA,NA,NA
"8446",2024-12-22 07:00:00,"historie",2.65,1.89006886421474,NA,NA,NA
"8447",2024-12-22 08:00:00,"historie",2.87,2.90845110042824,NA,NA,NA
"8448",2024-12-22 09:00:00,"historie",1.51,3.11835981897015,NA,NA,NA
"8449",2024-12-22 10:00:00,"historie",1.95,1.76398884807825,NA,NA,NA
"8450",2024-12-22 11:00:00,"historie",1.55,2.20177564818768,NA,NA,NA
"8451",2024-12-22 12:00:00,"historie",1.5,1.79172978745559,NA,NA,NA
"8452",2024-12-22 13:00:00,"historie",2.49,1.73357062876361,NA,NA,NA
"8453",2024-12-22 14:00:00,"historie",2.61,2.7071026390964,NA,NA,NA
"8454",2024-12-22 15:00:00,"historie",3.74,2.82400734226711,NA,NA,NA
"8455",2024-12-22 16:00:00,"historie",3.79,3.88822448935813,NA,NA,NA
"8456",2024-12-22 17:00:00,"historie",2.9,3.94770616963196,NA,NA,NA
"8457",2024-12-22 18:00:00,"historie",3.33,3.12332685016478,NA,NA,NA
"8458",2024-12-22 19:00:00,"historie",3.65,3.53320038225416,NA,NA,NA
"8459",2024-12-22 20:00:00,"historie",3.15,3.83901493639674,NA,NA,NA
"8460",2024-12-22 21:00:00,"historie",2.51,3.37610410159822,NA,NA,NA
"8461",2024-12-22 22:00:00,"historie",1.74,2.76244692189993,NA,NA,NA
"8462",2024-12-22 23:00:00,"historie",2.46,1.99417470096906,NA,NA,NA
"8463",2024-12-23,"historie",2.37,2.70106702929628,NA,NA,NA
"8464",2024-12-23 01:00:00,"historie",2.08,2.61171715524684,NA,NA,NA
"8465",2024-12-23 02:00:00,"historie",3,2.32444577083391,NA,NA,NA
"8466",2024-12-23 03:00:00,"historie",3.82,3.21089630462789,NA,NA,NA
"8467",2024-12-23 04:00:00,"historie",3.1,3.98313072598951,NA,NA,NA
"8468",2024-12-23 05:00:00,"historie",2.85,3.31944374510222,NA,NA,NA
"8469",2024-12-23 06:00:00,"historie",3.41,3.0840334120338,NA,NA,NA
"8470",2024-12-23 07:00:00,"historie",4.18,3.6166486273224,NA,NA,NA
"8471",2024-12-23 08:00:00,"historie",4.76,4.33892298604967,NA,NA,NA
"8472",2024-12-23 09:00:00,"historie",5.08,4.88278546256751,NA,NA,NA
"8473",2024-12-23 10:00:00,"historie",3.54,5.19085503992207,NA,NA,NA
"8474",2024-12-23 11:00:00,"historie",3.41,3.78177586199473,NA,NA,NA
"8475",2024-12-23 12:00:00,"historie",4.62,3.65991344304552,NA,NA,NA
"8476",2024-12-23 13:00:00,"historie",3.87,4.79127268331204,NA,NA,NA
"8477",2024-12-23 14:00:00,"historie",2.41,4.10445232207235,NA,NA,NA
"8478",2024-12-23 15:00:00,"historie",3.17,2.69892523686783,NA,NA,NA
"8479",2024-12-23 16:00:00,"historie",3.31,3.43154250333609,NA,NA,NA
"8480",2024-12-23 17:00:00,"historie",6.11,3.56385024700995,NA,NA,NA
"8481",2024-12-23 18:00:00,"historie",12.13,6.13645527186039,NA,NA,NA
"8482",2024-12-23 19:00:00,"historie",10.65,11.3221567579963,NA,NA,NA
"8483",2024-12-23 20:00:00,"historie",9.5,10.1799381531572,NA,NA,NA
"8484",2024-12-23 21:00:00,"historie",6.56,9.26322247133888,NA,NA,NA
"8485",2024-12-23 22:00:00,"historie",5.21,6.70571870140184,NA,NA,NA
"8486",2024-12-23 23:00:00,"historie",6.55,5.47669671069979,NA,NA,NA
"8487",2024-12-24,"historie",5.31,6.70829943661172,NA,NA,NA
"8488",2024-12-24 01:00:00,"historie",4.92,5.57823333287509,NA,NA,NA
"8489",2024-12-24 02:00:00,"historie",4.56,5.21264276248056,NA,NA,NA
"8490",2024-12-24 03:00:00,"historie",5.03,4.86961818140784,NA,NA,NA
"8491",2024-12-24 04:00:00,"historie",3.36,5.30589662437304,NA,NA,NA
"8492",2024-12-24 05:00:00,"historie",3.08,3.70900736500244,NA,NA,NA
"8493",2024-12-24 06:00:00,"historie",2.71,3.42240720265877,NA,NA,NA
"8494",2024-12-24 07:00:00,"historie",2.95,3.04454675142049,NA,NA,NA
"8495",2024-12-24 08:00:00,"historie",3.5,3.26923666417646,NA,NA,NA
"8496",2024-12-24 09:00:00,"historie",3.28,3.79329047289042,NA,NA,NA
"8497",2024-12-24 10:00:00,"historie",2.62,3.57654412707049,NA,NA,NA
"8498",2024-12-24 11:00:00,"historie",3.47,2.9258593138507,NA,NA,NA
"8499",2024-12-24 12:00:00,"historie",3.62,3.74210435666383,NA,NA,NA
"8500",2024-12-24 13:00:00,"historie",4.08,3.88283882253431,NA,NA,NA
"8501",2024-12-24 14:00:00,"historie",3.39,4.31638311151152,NA,NA,NA
"8502",2024-12-24 15:00:00,"historie",4.54,3.6650775931907,NA,NA,NA
"8503",2024-12-24 16:00:00,"historie",4.49,4.74494592560449,NA,NA,NA
"8504",2024-12-24 17:00:00,"historie",7.36,4.70566604661887,NA,NA,NA
"8505",2024-12-24 18:00:00,"historie",13.85,7.30241960816079,NA,NA,NA
"8506",2024-12-24 19:00:00,"historie",10.37,12.8526543871565,NA,NA,NA
"8507",2024-12-24 20:00:00,"historie",14.8,10.0328726552841,NA,NA,NA
"8508",2024-12-24 21:00:00,"historie",20.05,13.8309119492764,NA,NA,NA
"8509",2024-12-24 22:00:00,"historie",14.68,18.2414767844094,NA,NA,NA
"8510",2024-12-24 23:00:00,"historie",12.61,13.9601550320951,NA,NA,NA
"8511",2024-12-25,"historie",14.82,12.2673208355661,NA,NA,NA
"8512",2024-12-25 01:00:00,"historie",17.92,14.2081789649446,NA,NA,NA
"8513",2024-12-25 02:00:00,"historie",17.55,16.8891791384602,NA,NA,NA
"8514",2024-12-25 03:00:00,"historie",14.95,16.6678802549021,NA,NA,NA
"8515",2024-12-25 04:00:00,"historie",17.77,14.5241478582067,NA,NA,NA
"8516",2024-12-25 05:00:00,"historie",15.54,16.9756805985538,NA,NA,NA
"8517",2024-12-25 06:00:00,"historie",13.59,15.1285654343289,NA,NA,NA
"8518",2024-12-25 07:00:00,"historie",18.64,13.4629717751538,NA,NA,NA
"8519",2024-12-25 08:00:00,"historie",21.21,17.8335330597969,NA,NA,NA
"8520",2024-12-25 09:00:00,"historie",20.36,20.0616723389369,NA,NA,NA
"8521",2024-12-25 10:00:00,"historie",28.41,19.420299605183,NA,NA,NA
"8522",2024-12-25 11:00:00,"historie",34.26,26.1731608065684,NA,NA,NA
"8523",2024-12-25 12:00:00,"historie",32.31,31.0583869106794,NA,NA,NA
"8524",2024-12-25 13:00:00,"historie",10.03,29.6597171449072,NA,NA,NA
"8525",2024-12-25 14:00:00,"historie",7.15,10.5622380879123,NA,NA,NA
"8526",2024-12-25 15:00:00,"historie",8.11,7.78812200892077,NA,NA,NA
"8527",2024-12-25 16:00:00,"historie",12.08,8.65186026292078,NA,NA,NA
"8528",2024-12-25 17:00:00,"historie",18.77,12.2592613668859,NA,NA,NA
"8529",2024-12-25 18:00:00,"historie",23.49,18.0982273980946,NA,NA,NA
"8530",2024-12-25 19:00:00,"historie",19.9,22.1294902516481,NA,NA,NA
"8531",2024-12-25 20:00:00,"historie",16.41,19.1720867571157,NA,NA,NA
"8532",2024-12-25 21:00:00,"historie",21.66,16.190160459988,NA,NA,NA
"8533",2024-12-25 22:00:00,"historie",22.31,20.7132513178161,NA,NA,NA
"8534",2024-12-25 23:00:00,"historie",18.61,21.3121761702858,NA,NA,NA
"8535",2024-12-26,"historie",19.77,18.1872311375811,NA,NA,NA
"8536",2024-12-26 01:00:00,"historie",19.54,19.2004838511971,NA,NA,NA
"8537",2024-12-26 02:00:00,"historie",21.89,19.0208904694354,NA,NA,NA
"8538",2024-12-26 03:00:00,"historie",25.98,21.0521903926447,NA,NA,NA
"8539",2024-12-26 04:00:00,"historie",35.26,24.5426136599947,NA,NA,NA
"8540",2024-12-26 05:00:00,"historie",35.3,32.2600962720709,NA,NA,NA
"8541",2024-12-26 06:00:00,"historie",44.54,32.4402915985308,NA,NA,NA
"8542",2024-12-26 07:00:00,"historie",55.42,40.0275495847829,NA,NA,NA
"8543",2024-12-26 08:00:00,"historie",45.54,48.8425732603676,NA,NA,NA
"8544",2024-12-26 09:00:00,"historie",40.46,41.2947907327107,NA,NA,NA
"8545",2024-12-26 10:00:00,"historie",31.2,37.3325233917442,NA,NA,NA
"8546",2024-12-26 11:00:00,"historie",30.63,29.7268447255346,NA,NA,NA
"8547",2024-12-26 12:00:00,"historie",28.38,29.2555734106762,NA,NA,NA
"8548",2024-12-26 13:00:00,"historie",34.67,27.3470008240941,NA,NA,NA
"8549",2024-12-26 14:00:00,"historie",32.65,32.6454102161692,NA,NA,NA
"8550",2024-12-26 15:00:00,"historie",27.32,30.9884126364257,NA,NA,NA
"8551",2024-12-26 16:00:00,"historie",29.64,26.4732410054846,NA,NA,NA
"8552",2024-12-26 17:00:00,"historie",26.18,28.4331865100377,NA,NA,NA
"8553",2024-12-26 18:00:00,"historie",26.23,25.466413441846,NA,NA,NA
"8554",2024-12-26 19:00:00,"historie",28.12,25.4829450801314,NA,NA,NA
"8555",2024-12-26 20:00:00,"historie",22.47,27.0801634329251,NA,NA,NA
"8556",2024-12-26 21:00:00,"historie",21.67,22.1901860874085,NA,NA,NA
"8557",2024-12-26 22:00:00,"historie",18.79,21.447279788488,NA,NA,NA
"8558",2024-12-26 23:00:00,"historie",22.35,18.8631715820877,NA,NA,NA
"8559",2024-12-27,"historie",21.48,21.9393957008078,NA,NA,NA
"8560",2024-12-27 01:00:00,"historie",19.13,21.1564811970314,NA,NA,NA
"8561",2024-12-27 02:00:00,"historie",19.21,19.0663153790929,NA,NA,NA
"8562",2024-12-27 03:00:00,"historie",18.85,19.0988814852758,NA,NA,NA
"8563",2024-12-27 04:00:00,"historie",19.38,18.7489667145917,NA,NA,NA
"8564",2024-12-27 05:00:00,"historie",17.69,19.1840352911174,NA,NA,NA
"8565",2024-12-27 06:00:00,"historie",14.55,17.6712593788565,NA,NA,NA
"8566",2024-12-27 07:00:00,"historie",14.74,14.8338523903151,NA,NA,NA
"8567",2024-12-27 08:00:00,"historie",16.59,14.9604883171582,NA,NA,NA
"8568",2024-12-27 09:00:00,"historie",19,16.5719592147868,NA,NA,NA
"8569",2024-12-27 10:00:00,"historie",19.13,18.6647377371734,NA,NA,NA
"8570",2024-12-27 11:00:00,"historie",19.77,18.7747872713425,NA,NA,NA
"8571",2024-12-27 12:00:00,"historie",28.49,19.3288259686847,NA,NA,NA
"8572",2024-12-27 13:00:00,"historie",42.79,26.7286929365061,NA,NA,NA
"8573",2024-12-27 14:00:00,"historie",34.85,38.4460552771983,NA,NA,NA
"8574",2024-12-27 15:00:00,"historie",40.58,32.2270701628212,NA,NA,NA
"8575",2024-12-27 16:00:00,"historie",44.29,37.0070279662937,NA,NA,NA
"8576",2024-12-27 17:00:00,"historie",37.67,40.1543611939093,NA,NA,NA
"8577",2024-12-27 18:00:00,"historie",33.38,34.9315350601291,NA,NA,NA
"8578",2024-12-27 19:00:00,"historie",22.5,31.4584512124851,NA,NA,NA
"8579",2024-12-27 20:00:00,"historie",22.74,22.2024709379342,NA,NA,NA
"8580",2024-12-27 21:00:00,"historie",22.46,22.3715913685627,NA,NA,NA
"8581",2024-12-27 22:00:00,"historie",17,22.0936480511009,NA,NA,NA
"8582",2024-12-27 23:00:00,"historie",15.61,17.2344470797572,NA,NA,NA
"8583",2024-12-28,"historie",18.36,15.9260140025735,NA,NA,NA
"8584",2024-12-28 01:00:00,"historie",20.15,18.3252421057958,NA,NA,NA
"8585",2024-12-28 02:00:00,"historie",23.13,19.8631066415211,NA,NA,NA
"8586",2024-12-28 03:00:00,"historie",16.79,22.4251769851051,NA,NA,NA
"8587",2024-12-28 04:00:00,"historie",18.13,16.8831179474673,NA,NA,NA
"8588",2024-12-28 05:00:00,"historie",22.3,18.032247838691,NA,NA,NA
"8589",2024-12-28 06:00:00,"historie",26.66,21.6354121023301,NA,NA,NA
"8590",2024-12-28 07:00:00,"historie",24.18,25.3555204086418,NA,NA,NA
"8591",2024-12-28 08:00:00,"historie",23.15,23.2903431717396,NA,NA,NA
"8592",2024-12-28 09:00:00,"historie",25.97,22.4239676782548,NA,NA,NA
"8593",2024-12-28 10:00:00,"historie",32.56,24.8369144849087,NA,NA,NA
"8594",2024-12-28 11:00:00,"historie",30.68,30.3849457875623,NA,NA,NA
"8595",2024-12-28 12:00:00,"historie",37.92,28.9006715029683,NA,NA,NA
"8596",2024-12-28 13:00:00,"historie",36.63,34.9389960040149,NA,NA,NA
"8597",2024-12-28 14:00:00,"historie",41.1,33.9926116544272,NA,NA,NA
"8598",2024-12-28 15:00:00,"historie",47.15,37.7433030468469,NA,NA,NA
"8599",2024-12-28 16:00:00,"historie",52.69,42.7635034871726,NA,NA,NA
"8600",2024-12-28 17:00:00,"historie",42.62,47.3676961271619,NA,NA,NA
"8601",2024-12-28 18:00:00,"historie",34.75,39.4090143120442,NA,NA,NA
"8602",2024-12-28 19:00:00,"historie",28.23,32.9508647461564,NA,NA,NA
"8603",2024-12-28 20:00:00,"historie",27.66,27.413423939977,NA,NA,NA
"8604",2024-12-28 21:00:00,"historie",29.85,26.8865758514911,NA,NA,NA
"8605",2024-12-28 22:00:00,"historie",28.36,28.7282333712514,NA,NA,NA
"8606",2024-12-28 23:00:00,"historie",32.68,27.4371549035919,NA,NA,NA
"8607",2024-12-29,"historie",32.46,31.0849401175389,NA,NA,NA
"8608",2024-12-29 01:00:00,"historie",27.64,30.90784267354,NA,NA,NA
"8609",2024-12-29 02:00:00,"historie",27.33,26.8072855341823,NA,NA,NA
"8610",2024-12-29 03:00:00,"historie",24.38,26.5132138432518,NA,NA,NA
"8611",2024-12-29 04:00:00,"historie",24.69,23.9358892937314,NA,NA,NA
"8612",2024-12-29 05:00:00,"historie",24.1,24.1640469085134,NA,NA,NA
"8613",2024-12-29 06:00:00,"historie",28.89,23.6180083123198,NA,NA,NA
"8614",2024-12-29 07:00:00,"historie",29.46,27.697197267759,NA,NA,NA
"8615",2024-12-29 08:00:00,"historie",27.82,28.1842292425872,NA,NA,NA
"8616",2024-12-29 09:00:00,"historie",32.1,26.7950053470487,NA,NA,NA
"8617",2024-12-29 10:00:00,"historie",31.44,30.4133798153879,NA,NA,NA
"8618",2024-12-29 11:00:00,"historie",27.24,29.8844508107127,NA,NA,NA
"8619",2024-12-29 12:00:00,"historie",25.73,26.3326093245892,NA,NA,NA
"8620",2024-12-29 13:00:00,"historie",28.69,25.0209119329708,NA,NA,NA
"8621",2024-12-29 14:00:00,"historie",30.74,27.5326537472911,NA,NA,NA
"8622",2024-12-29 15:00:00,"historie",33.56,29.2710294517984,NA,NA,NA
"8623",2024-12-29 16:00:00,"historie",36.79,31.6571118163891,NA,NA,NA
"8624",2024-12-29 17:00:00,"historie",39.18,34.3832176854635,NA,NA,NA
"8625",2024-12-29 18:00:00,"historie",43.67,36.4175222947676,NA,NA,NA
"8626",2024-12-29 19:00:00,"historie",43.02,40.172642053609,NA,NA,NA
"8627",2024-12-29 20:00:00,"historie",42.45,39.7414996416942,NA,NA,NA
"8628",2024-12-29 21:00:00,"historie",42.46,39.3562763141469,NA,NA,NA
"8629",2024-12-29 22:00:00,"historie",39.85,39.4326492934997,NA,NA,NA
"8630",2024-12-29 23:00:00,"historie",41.37,37.3324214117593,NA,NA,NA
"8631",2024-12-30,"historie",41.98,38.6254866371278,NA,NA,NA
"8632",2024-12-30 01:00:00,"historie",43.27,39.1704560575063,NA,NA,NA
"8633",2024-12-30 02:00:00,"historie",44.92,40.2766897354901,NA,NA,NA
"8634",2024-12-30 03:00:00,"historie",50.03,41.682016030016,NA,NA,NA
"8635",2024-12-30 04:00:00,"historie",41.4,45.9179217131344,NA,NA,NA
"8636",2024-12-30 05:00:00,"historie",41.18,38.8953695660003,NA,NA,NA
"8637",2024-12-30 06:00:00,"historie",69.22,38.7220689243074,NA,NA,NA
"8638",2024-12-30 07:00:00,"historie",77.77,61.3796620423533,NA,NA,NA
"8639",2024-12-30 08:00:00,"historie",72.05,68.3320339422265,NA,NA,NA
"8640",2024-12-30 09:00:00,"historie",48.7,64.1385160558824,NA,NA,NA
"8641",2024-12-30 10:00:00,"historie",37.92,45.4696393923353,NA,NA,NA
"8642",2024-12-30 11:00:00,"historie",24.5,36.4218299924093,NA,NA,NA
"8643",2024-12-30 12:00:00,"historie",23.39,24.6795254958593,NA,NA,NA
"8644",2024-12-30 13:00:00,"historie",31.25,23.5694490573182,NA,NA,NA
"8645",2024-12-30 14:00:00,"historie",33.78,30.3311930702727,NA,NA,NA
"8646",2024-12-30 15:00:00,"historie",32.3,32.4364150457897,NA,NA,NA
"8647",2024-12-30 16:00:00,"historie",33.13,31.1387154592345,NA,NA,NA
"8648",2024-12-30 17:00:00,"historie",34.69,31.8056959683105,NA,NA,NA
"8649",2024-12-30 18:00:00,"historie",30.53,33.098547330033,NA,NA,NA
"8650",2024-12-30 19:00:00,"historie",20.92,29.5395731502397,NA,NA,NA
"8651",2024-12-30 20:00:00,"historie",20.85,21.0980485120556,NA,NA,NA
"8652",2024-12-30 21:00:00,"historie",19.21,20.9508329536113,NA,NA,NA
"8653",2024-12-30 22:00:00,"historie",17.18,19.4137290960723,NA,NA,NA
"8654",2024-12-30 23:00:00,"historie",19.43,17.5178648899132,NA,NA,NA
"8655",2024-12-31,"historie",18.02,19.4576832005417,NA,NA,NA
"8656",2024-12-31 01:00:00,"historie",17.41,18.1516560904404,NA,NA,NA
"8657",2024-12-31 02:00:00,"historie",14.32,17.5545649044296,NA,NA,NA
"8658",2024-12-31 03:00:00,"historie",16.21,14.7207541026843,NA,NA,NA
"8659",2024-12-31 04:00:00,"historie",17.23,16.3668754762896,NA,NA,NA
"8660",2024-12-31 05:00:00,"historie",17.36,17.2334649289573,NA,NA,NA
"8661",2024-12-31 06:00:00,"historie",16.54,17.3183677135635,NA,NA,NA
"8662",2024-12-31 07:00:00,"historie",18.12,16.5665459775196,NA,NA,NA
"8663",2024-12-31 08:00:00,"historie",18.72,17.9326512494868,NA,NA,NA
"8664",2024-12-31 09:00:00,"historie",19.6,18.4439015986015,NA,NA,NA
"8665",2024-12-31 10:00:00,"historie",20.53,19.2022797877012,NA,NA,NA
"8666",2024-12-31 11:00:00,"historie",21.05,20.0072143492271,NA,NA,NA
"8667",2024-12-31 12:00:00,"historie",19.95,20.462247298446,NA,NA,NA
"8668",2024-12-31 13:00:00,"historie",18.4,19.5202180098097,NA,NA,NA
"8669",2024-12-31 14:00:00,"historie",15.32,18.1694168720604,NA,NA,NA
"8670",2024-12-31 15:00:00,"historie",17.37,15.4360837680156,NA,NA,NA
"8671",2024-12-31 16:00:00,"historie",18.85,17.2216774104453,NA,NA,NA
"8672",2024-12-31 17:00:00,"historie",20.85,18.5032610956384,NA,NA,NA
"8673",2024-12-31 18:00:00,"historie",19.27,20.2333944936429,NA,NA,NA
"8674",2024-12-31 19:00:00,"historie",25.37,18.881630258203,NA,NA,NA
"8675",2024-12-31 20:00:00,"historie",24.49,24.0971111533964,NA,NA,NA
"8676",2024-12-31 21:00:00,"historie",24.44,23.4034716779927,NA,NA,NA
"8677",2024-12-31 22:00:00,"historie",23.92,23.3978795083881,NA,NA,NA
"8678",2024-12-31 23:00:00,"historie",25.92,22.9872686363072,NA,NA,NA
"8679",2025-01-01,"historie",55.41,24.7092082086912,NA,NA,NA
"8680",2025-01-01 01:00:00,"historie",41.63,48.5370295376902,NA,NA,NA
"8681",2025-01-01 02:00:00,"historie",35.63,37.9311843177292,NA,NA,NA
"8682",2025-01-01 03:00:00,"historie",33.85,33.1740807439755,NA,NA,NA
"8683",2025-01-01 04:00:00,"historie",33.64,31.7746124881234,NA,NA,NA
"8684",2025-01-01 05:00:00,"historie",35.54,31.6525730621107,NA,NA,NA
"8685",2025-01-01 06:00:00,"historie",40.92,33.2798948335654,NA,NA,NA
"8686",2025-01-01 07:00:00,"historie",41.59,37.772867266333,NA,NA,NA
"8687",2025-01-01 08:00:00,"historie",44.13,38.416615745856,NA,NA,NA
"8688",2025-01-01 09:00:00,"historie",53.33,40.5835958113556,NA,NA,NA
"8689",2025-01-01 10:00:00,"historie",47.77,48.1216471734755,NA,NA,NA
"8690",2025-01-01 11:00:00,"historie",31.21,43.8021865931196,NA,NA,NA
"8691",2025-01-01 12:00:00,"historie",7.55,30.1015973844805,NA,NA,NA
"8692",2025-01-01 13:00:00,"historie",5.78,8.54272283220346,NA,NA,NA
"8693",2025-01-01 14:00:00,"historie",5.61,6.66344590270256,NA,NA,NA
"8694",2025-01-01 15:00:00,"historie",6.6,6.41107951706781,NA,NA,NA
"8695",2025-01-01 16:00:00,"historie",8.56,7.32476798989425,NA,NA,NA
"8696",2025-01-01 17:00:00,"historie",9.26,9.14772074169993,NA,NA,NA
"8697",2025-01-01 18:00:00,"historie",8.49,9.75561828284997,NA,NA,NA
"8698",2025-01-01 19:00:00,"historie",10.74,8.99577214053542,NA,NA,NA
"8699",2025-01-01 20:00:00,"historie",11.21,11.0336107951482,NA,NA,NA
"8700",2025-01-01 21:00:00,"historie",10.56,11.4380480494914,NA,NA,NA
"8701",2025-01-01 22:00:00,"historie",9.49,10.8326669323292,NA,NA,NA
"8702",2025-01-01 23:00:00,"historie",8.71,9.83701746669174,NA,NA,NA
"8703",2025-01-02,"historie",5.54,9.09596270582412,NA,NA,NA
"8704",2025-01-02 01:00:00,"historie",6.51,6.07388138841319,NA,NA,NA
"8705",2025-01-02 02:00:00,"historie",3.41,6.96834103262543,NA,NA,NA
"8706",2025-01-02 03:00:00,"historie",2.38,3.91279366503504,NA,NA,NA
"8707",2025-01-02 04:00:00,"historie",2.18,2.82148225598493,NA,NA,NA
"8708",2025-01-02 05:00:00,"historie",2.51,2.58473922514512,NA,NA,NA
"8709",2025-01-02 06:00:00,"historie",2.97,2.90186076221116,NA,NA,NA
"8710",2025-01-02 07:00:00,"historie",2.57,3.34509256235094,NA,NA,NA
"8711",2025-01-02 08:00:00,"historie",2.42,2.92791094741043,NA,NA,NA
"8712",2025-01-02 09:00:00,"historie",2.72,2.76089301830087,NA,NA,NA
"8713",2025-01-02 10:00:00,"historie",1.26,3.04646120619336,NA,NA,NA
"8714",2025-01-02 11:00:00,"historie",1.74,1.53416280251927,NA,NA,NA
"8715",2025-01-02 12:00:00,"historie",1.33,2.02428299530263,NA,NA,NA
"8716",2025-01-02 13:00:00,"historie",2.56,1.58646148223926,NA,NA,NA
"8717",2025-01-02 14:00:00,"historie",2.38,2.81605873991436,NA,NA,NA
"8718",2025-01-02 15:00:00,"historie",7.32,2.63694742699617,NA,NA,NA
"8719",2025-01-02 16:00:00,"historie",7.1,7.13008574098692,NA,NA,NA
"8720",2025-01-02 17:00:00,"historie",8.9,6.9889832221124,NA,NA,NA
"8721",2025-01-02 18:00:00,"historie",11.87,8.59048732049452,NA,NA,NA
"8722",2025-01-02 19:00:00,"historie",15.35,11.1663311365284,NA,NA,NA
"8723",2025-01-02 20:00:00,"historie",14.85,14.1410183580473,NA,NA,NA
"8724",2025-01-02 21:00:00,"historie",13.82,13.8575896938481,NA,NA,NA
"8725",2025-01-02 22:00:00,"historie",7.1,13.1030241784024,NA,NA,NA
"8726",2025-01-02 23:00:00,"historie",5.41,7.30498561133092,NA,NA,NA
"8727",2025-01-03,"historie",5.26,5.7433560923567,NA,NA,NA
"8728",2025-01-03 01:00:00,"historie",7.18,5.59317306663517,NA,NA,NA
"8729",2025-01-03 02:00:00,"historie",5.54,7.35859169348451,NA,NA,NA
"8730",2025-01-03 03:00:00,"historie",3.32,5.85256804874446,NA,NA,NA
"8731",2025-01-03 04:00:00,"historie",2.9,3.71270946113251,NA,NA,NA
"8732",2025-01-03 05:00:00,"historie",3.62,3.27737349891212,NA,NA,NA
"8733",2025-01-03 06:00:00,"historie",5.32,3.96879435989782,NA,NA,NA
"8734",2025-01-03 07:00:00,"historie",3.92,5.5673137659381,NA,NA,NA
"8735",2025-01-03 08:00:00,"historie",3.82,4.24800222374919,NA,NA,NA
"8736",2025-01-03 09:00:00,"historie",2.58,4.14346403699639,NA,NA,NA
"8737",2025-01-03 10:00:00,"historie",2.26,2.9200420562307,NA,NA,NA
"8738",2025-01-03 11:00:00,"historie",1.79,2.58453842905969,NA,NA,NA
"8739",2025-01-03 12:00:00,"historie",1.52,2.09126665660171,NA,NA,NA
"8740",2025-01-03 13:00:00,"historie",2.55,1.79791717587652,NA,NA,NA
"8741",2025-01-03 14:00:00,"historie",2,2.82569158483704,NA,NA,NA
"8742",2025-01-03 15:00:00,"historie",1.95,2.2736460867516,NA,NA,NA
"8743",2025-01-03 16:00:00,"historie",1.73,2.21535314994151,NA,NA,NA
"8744",2025-01-03 17:00:00,"historie",1.76,1.98573846972424,NA,NA,NA
"8745",2025-01-03 18:00:00,"historie",1.95,2.00865895831839,NA,NA,NA
"8746",2025-01-03 19:00:00,"historie",2.53,2.19282160483951,NA,NA,NA
"8747",2025-01-03 20:00:00,"historie",3.51,2.75673824036068,NA,NA,NA
"8748",2025-01-03 21:00:00,"historie",2.58,3.68587808681778,NA,NA,NA
"8749",2025-01-03 22:00:00,"historie",2.16,2.81272247766588,NA,NA,NA
"8750",2025-01-03 23:00:00,"historie",2.59,2.40267184326415,NA,NA,NA
"8751",2025-01-04,"historie",2.58,2.81851196055797,NA,NA,NA
"8752",2025-01-04 01:00:00,"historie",2.51,2.80934071771829,NA,NA,NA
"8753",2025-01-04 02:00:00,"historie",2.77,2.7419823718048,NA,NA,NA
"8754",2025-01-04 03:00:00,"historie",2.15,2.99210213562262,NA,NA,NA
"8755",2025-01-04 04:00:00,"historie",3.03,2.39159038298037,NA,NA,NA
"8756",2025-01-04 05:00:00,"historie",2.9,3.23765833823729,NA,NA,NA
"8757",2025-01-04 06:00:00,"historie",3.92,3.11854234252015,NA,NA,NA
"8758",2025-01-04 07:00:00,"historie",6.39,4.07752505701373,NA,NA,NA
"8759",2025-01-04 08:00:00,"historie",5.62,6.30781098954605,NA,NA,NA
"8760",2025-01-04 09:00:00,"historie",4.56,5.66460481892484,NA,NA,NA
"8761",2025-01-04 10:00:00,"historie",4.56,4.72790201578255,NA,NA,NA
"8762",2025-01-04 11:00:00,"historie",4.77,4.73948603285816,NA,NA,NA
"8763",2025-01-04 12:00:00,"historie",4.59,4.94311373195177,NA,NA,NA
"8764",2025-01-04 13:00:00,"historie",5.97,4.78796228913834,NA,NA,NA
"8765",2025-01-04 14:00:00,"historie",5.28,6.05472072258983,NA,NA,NA
"8766",2025-01-04 15:00:00,"historie",6.67,5.448537039114,NA,NA,NA
"8767",2025-01-04 16:00:00,"historie",8.9,6.71693682786371,NA,NA,NA
"8768",2025-01-04 17:00:00,"historie",11.18,8.70534119197743,NA,NA,NA
"8769",2025-01-04 18:00:00,"historie",10.76,10.7127560841333,NA,NA,NA
"8770",2025-01-04 19:00:00,"historie",10.36,10.4208030962115,NA,NA,NA
"8771",2025-01-04 20:00:00,"historie",17.64,10.1296888245994,NA,NA,NA
"8772",2025-01-04 21:00:00,"historie",16.4,16.3087057904541,NA,NA,NA
"8773",2025-01-04 22:00:00,"historie",13.16,15.4071270400999,NA,NA,NA
"8774",2025-01-04 23:00:00,"historie",14.95,12.7551382900951,NA,NA,NA
"8775",2025-01-05,"historie",14.38,14.3372353320243,NA,NA,NA
"8776",2025-01-05 01:00:00,"historie",13.15,13.9115215151817,NA,NA,NA
"8777",2025-01-05 02:00:00,"historie",14.19,12.8962509301722,NA,NA,NA
"8778",2025-01-05 03:00:00,"historie",13.87,13.8298738615758,NA,NA,NA
"8779",2025-01-05 04:00:00,"historie",16.68,13.589290428679,NA,NA,NA
"8780",2025-01-05 05:00:00,"historie",18.59,16.0391530077753,NA,NA,NA
"8781",2025-01-05 06:00:00,"historie",21.18,17.7155304633022,NA,NA,NA
"8782",2025-01-05 07:00:00,"historie",26.39,19.9609613326896,NA,NA,NA
"8783",2025-01-05 08:00:00,"historie",29.54,24.3610334410649,NA,NA,NA
"8784",2025-01-05 09:00:00,"historie",31.31,27.0662978738576,NA,NA,NA
"8785",2025-01-05 10:00:00,"historie",34.88,28.6568997744487,NA,NA,NA
"8786",2025-01-05 11:00:00,"historie",30.16,31.7025172032606,NA,NA,NA
"8787",2025-01-05 12:00:00,"historie",23.24,28.0193451859429,NA,NA,NA
"8788",2025-01-05 13:00:00,"historie",24.6,22.3194702528095,NA,NA,NA
"8789",2025-01-05 14:00:00,"historie",20.44,23.5037472876531,NA,NA,NA
"8790",2025-01-05 15:00:00,"historie",23.58,19.9742123025001,NA,NA,NA
"8791",2025-01-05 16:00:00,"historie",24.86,22.6718120255143,NA,NA,NA
"8792",2025-01-05 17:00:00,"historie",23.15,23.784430872809,NA,NA,NA
"8793",2025-01-05 18:00:00,"historie",20.95,22.3571488504186,NA,NA,NA
"8794",2025-01-05 19:00:00,"historie",17.18,20.475284712807,NA,NA,NA
"8795",2025-01-05 20:00:00,"historie",16.41,17.1689352288014,NA,NA,NA
"8796",2025-01-05 21:00:00,"historie",14.08,16.4575260061568,NA,NA,NA
"8797",2025-01-05 22:00:00,"historie",13.46,14.3421666659715,NA,NA,NA
"8798",2025-01-05 23:00:00,"historie",11.61,13.7433709043992,NA,NA,NA
"8799",2025-01-06,"historie",10.22,12.0219989508271,NA,NA,NA
"8800",2025-01-06 01:00:00,"historie",11.39,10.69935549802,NA,NA,NA
"8801",2025-01-06 02:00:00,"historie",15.23,11.7315511281637,NA,NA,NA
"8802",2025-01-06 03:00:00,"historie",15.46,15.1375916104213,NA,NA,NA
"8803",2025-01-06 04:00:00,"historie",16.85,15.336903904038,NA,NA,NA
"8804",2025-01-06 05:00:00,"historie",23.16,16.5523361440733,NA,NA,NA
"8805",2025-01-06 06:00:00,"historie",32.08,21.9580505505094,NA,NA,NA
"8806",2025-01-06 07:00:00,"historie",39.79,29.3970004164382,NA,NA,NA
"8807",2025-01-06 08:00:00,"historie",45.63,35.7594636610726,NA,NA,NA
"8808",2025-01-06 09:00:00,"historie",48,40.617042152352,NA,NA,NA
"8809",2025-01-06 10:00:00,"historie",61.89,42.7477362466533,NA,NA,NA
"8810",2025-01-06 11:00:00,"historie",59.23,53.8666491318955,NA,NA,NA
"8811",2025-01-06 12:00:00,"historie",62.46,52.1734824339927,NA,NA,NA
"8812",2025-01-06 13:00:00,"historie",72.1,55.0079843693319,NA,NA,NA
"8813",2025-01-06 14:00:00,"historie",69.47,62.8180068750453,NA,NA,NA
"8814",2025-01-06 15:00:00,"historie",66.12,61.141251845371,NA,NA,NA
"8815",2025-01-06 16:00:00,"historie",84.1,58.8066072328778,NA,NA,NA
"8816",2025-01-06 17:00:00,"historie",83.79,73.0723050328338,NA,NA,NA
"8817",2025-01-06 18:00:00,"historie",79.49,73.2152196932325,NA,NA,NA
"8818",2025-01-06 19:00:00,"historie",82.65,70.1929488208768,NA,NA,NA
"8819",2025-01-06 20:00:00,"historie",81.08,72.9238795038743,NA,NA,NA
"8820",2025-01-06 21:00:00,"historie",65.41,71.9419932401899,NA,NA,NA
"8821",2025-01-06 22:00:00,"historie",61.85,59.6395233512763,NA,NA,NA
"8822",2025-01-06 23:00:00,"historie",66.97,56.8049552770306,NA,NA,NA
"8823",2025-01-07,"historie",55.08,60.9794859900619,NA,NA,NA
"8824",2025-01-07 01:00:00,"historie",71.3,51.3245086210491,NA,NA,NA
"8825",2025-01-07 02:00:00,"historie",42.56,64.4824414391095,NA,NA,NA
"8826",2025-01-07 03:00:00,"historie",34.92,40.8641514219287,NA,NA,NA
"8827",2025-01-07 04:00:00,"historie",35.74,34.1982485228866,NA,NA,NA
"8828",2025-01-07 05:00:00,"historie",45.4,34.7771299378885,NA,NA,NA
"8829",2025-01-07 06:00:00,"historie",47.03,42.8597745781649,NA,NA,NA
"8830",2025-01-07 07:00:00,"historie",44.74,44.1779210369612,NA,NA,NA
"8831",2025-01-07 08:00:00,"historie",42.71,42.2398199360436,NA,NA,NA
"8832",2025-01-07 09:00:00,"historie",47.32,40.4995742968048,NA,NA,NA
"8833",2025-01-07 10:00:00,"historie",23.88,44.3024614973259,NA,NA,NA
"8834",2025-01-07 11:00:00,"historie",5.11,24.1532876661244,NA,NA,NA
"8835",2025-01-07 12:00:00,"historie",3.35,6.12276451527967,NA,NA,NA
"8836",2025-01-07 13:00:00,"historie",3.08,4.14330081817344,NA,NA,NA
"8837",2025-01-07 14:00:00,"historie",2.92,3.77987929015264,NA,NA,NA
"8838",2025-01-07 15:00:00,"historie",3.95,3.54877165608991,NA,NA,NA
"8839",2025-01-07 16:00:00,"historie",6.5,4.57336689625432,NA,NA,NA
"8840",2025-01-07 17:00:00,"historie",2.71,7.04029111163287,NA,NA,NA
"8841",2025-01-07 18:00:00,"historie",4.92,3.22416157987645,NA,NA,NA
"8842",2025-01-07 19:00:00,"historie",3.8,5.41033325593556,NA,NA,NA
"8843",2025-01-07 20:00:00,"historie",4.16,4.27999847714721,NA,NA,NA
"8844",2025-01-07 21:00:00,"historie",8.72,4.60717811278307,NA,NA,NA
"8845",2025-01-07 22:00:00,"historie",5.05,8.83514461510071,NA,NA,NA
"8846",2025-01-07 23:00:00,"historie",3.97,5.44906630315483,NA,NA,NA
"8847",2025-01-08,"historie",4.58,4.38824180787047,NA,NA,NA
"8848",2025-01-08 01:00:00,"historie",7.23,4.95846818573883,NA,NA,NA
"8849",2025-01-08 02:00:00,"historie",3.63,7.41094769221885,NA,NA,NA
"8850",2025-01-08 03:00:00,"historie",2.79,4.02634339167233,NA,NA,NA
"8851",2025-01-08 04:00:00,"historie",2.55,3.17428555923155,NA,NA,NA
"8852",2025-01-08 05:00:00,"historie",4.05,2.91391667527331,NA,NA,NA
"8853",2025-01-08 06:00:00,"historie",2.97,4.36627720076412,NA,NA,NA
"8854",2025-01-08 07:00:00,"historie",2.23,3.31110000243566,NA,NA,NA
"8855",2025-01-08 08:00:00,"historie",3.28,2.55859875111376,NA,NA,NA
"8856",2025-01-08 09:00:00,"historie",3.11,3.582868812636,NA,NA,NA
"8857",2025-01-08 10:00:00,"historie",2.82,3.41133508364147,NA,NA,NA
"8858",2025-01-08 11:00:00,"historie",2.3,3.12137523682064,NA,NA,NA
"8859",2025-01-08 12:00:00,"historie",2.77,2.59874606673277,NA,NA,NA
"8860",2025-01-08 13:00:00,"historie",2.9,3.05313757953706,NA,NA,NA
"8861",2025-01-08 14:00:00,"historie",4.7,3.17387603974313,NA,NA,NA
"8862",2025-01-08 15:00:00,"historie",4.46,4.86358374582915,NA,NA,NA
"8863",2025-01-08 16:00:00,"historie",4.97,4.65410923321673,NA,NA,NA
"8864",2025-01-08 17:00:00,"historie",5.56,5.13206298245722,NA,NA,NA
"8865",2025-01-08 18:00:00,"historie",6.46,5.6820901453842,NA,NA,NA
"8866",2025-01-08 19:00:00,"historie",7.62,6.50935284165051,NA,NA,NA
"8867",2025-01-08 20:00:00,"historie",5.08,7.5634299136545,NA,NA,NA
"8868",2025-01-08 21:00:00,"historie",5.18,5.30284621213891,NA,NA,NA
"8869",2025-01-08 22:00:00,"historie",5.03,5.39997682066675,NA,NA,NA
"8870",2025-01-08 23:00:00,"historie",8.76,5.26585822378652,NA,NA,NA
"8871",2025-01-09,"historie",15.77,8.61687044838198,NA,NA,NA
"8872",2025-01-09 01:00:00,"historie",12.72,14.5798990668862,NA,NA,NA
"8873",2025-01-09 02:00:00,"historie",19.31,12.1522222323726,NA,NA,NA
"8874",2025-01-09 03:00:00,"historie",20.58,17.6980351761841,NA,NA,NA
"8875",2025-01-09 04:00:00,"historie",22.5,18.8804904603187,NA,NA,NA
"8876",2025-01-09 05:00:00,"historie",16.23,20.591502350019,NA,NA,NA
"8877",2025-01-09 06:00:00,"historie",17.74,15.5277115692794,NA,NA,NA
"8878",2025-01-09 07:00:00,"historie",24.74,16.8701313356908,NA,NA,NA
"8879",2025-01-09 08:00:00,"historie",20.82,22.7520575440788,NA,NA,NA
"8880",2025-01-09 09:00:00,"historie",22.13,19.6457723223971,NA,NA,NA
"8881",2025-01-09 10:00:00,"historie",24.47,20.8235853819703,NA,NA,NA
"8882",2025-01-09 11:00:00,"historie",22.31,22.8574037422224,NA,NA,NA
"8883",2025-01-09 12:00:00,"historie",21.79,21.1501906015693,NA,NA,NA
"8884",2025-01-09 13:00:00,"historie",22.59,20.7766828184374,NA,NA,NA
"8885",2025-01-09 14:00:00,"historie",26.58,21.5061244346932,NA,NA,NA
"8886",2025-01-09 15:00:00,"historie",31.13,24.9045029472791,NA,NA,NA
"8887",2025-01-09 16:00:00,"historie",34.33,28.7474980630705,NA,NA,NA
"8888",2025-01-09 17:00:00,"historie",38.18,31.4835243622596,NA,NA,NA
"8889",2025-01-09 18:00:00,"historie",33.55,34.7466229431843,NA,NA,NA
"8890",2025-01-09 19:00:00,"historie",10.69,31.1272183814904,NA,NA,NA
"8891",2025-01-09 20:00:00,"historie",0.62,11.3255658922252,NA,NA,NA
"8892",2025-01-09 21:00:00,"historie",0.62,0.901758971719795,NA,NA,NA
"8893",2025-01-09 22:00:00,"historie",1.03,0.878345056365547,NA,NA,NA
"8894",2025-01-09 23:00:00,"historie",1.21,1.34619904784475,NA,NA,NA
"8895",2025-01-10,"historie",1.31,1.52752122503351,NA,NA,NA
"8896",2025-01-10 01:00:00,"historie",1.62,1.61741797953065,NA,NA,NA
"8897",2025-01-10 02:00:00,"historie",1.29,1.93122672940777,NA,NA,NA
"8898",2025-01-10 03:00:00,"historie",1.15,1.56536437947071,NA,NA,NA
"8899",2025-01-10 04:00:00,"historie",1.74,1.40142016249945,NA,NA,NA
"8900",2025-01-10 05:00:00,"historie",1.77,2.00597399719389,NA,NA,NA
"8901",2025-01-10 06:00:00,"historie",2.08,2.02764736264755,NA,NA,NA
"8902",2025-01-10 07:00:00,"historie",2.08,2.33085200960664,NA,NA,NA
"8903",2025-01-10 08:00:00,"historie",2.56,2.32601241947162,NA,NA,NA
"8904",2025-01-10 09:00:00,"historie",3.05,2.79111246563934,NA,NA,NA
"8905",2025-01-10 10:00:00,"historie",3.28,3.25982851892417,NA,NA,NA
"8906",2025-01-10 11:00:00,"historie",3.26,3.481264193443,NA,NA,NA
"8907",2025-01-10 12:00:00,"historie",2.9,3.46813419824317,NA,NA,NA
"8908",2025-01-10 13:00:00,"historie",2.51,3.13070200156659,NA,NA,NA
"8909",2025-01-10 14:00:00,"historie",2.51,2.75536117186756,NA,NA,NA
"8910",2025-01-10 15:00:00,"historie",2.31,2.75324492653108,NA,NA,NA
"8911",2025-01-10 16:00:00,"historie",2.59,2.55609538135853,NA,NA,NA
"8912",2025-01-10 17:00:00,"historie",3.31,2.82558322406567,NA,NA,NA
"8913",2025-01-10 18:00:00,"historie",4.39,3.51133783442392,NA,NA,NA
"8914",2025-01-10 19:00:00,"historie",3.78,4.51777374571562,NA,NA,NA
"8915",2025-01-10 20:00:00,"historie",5.49,3.97058045035204,NA,NA,NA
"8916",2025-01-10 21:00:00,"historie",4.28,5.5390013665986,NA,NA,NA
"8917",2025-01-10 22:00:00,"historie",4,4.46193038683163,NA,NA,NA
"8918",2025-01-10 23:00:00,"historie",5.19,4.21101740831345,NA,NA,NA
"8919",2025-01-11,"historie",4.56,5.31204774721617,NA,NA,NA
"8920",2025-01-11 01:00:00,"historie",4.24,4.75099775358489,NA,NA,NA
"8921",2025-01-11 02:00:00,"historie",3.83,4.46207635127506,NA,NA,NA
"8922",2025-01-11 03:00:00,"historie",3.95,4.08145385157649,NA,NA,NA
"8923",2025-01-11 04:00:00,"historie",3.31,4.19518360350435,NA,NA,NA
"8924",2025-01-11 05:00:00,"historie",3.18,3.58782096374885,NA,NA,NA
"8925",2025-01-11 06:00:00,"historie",2.72,3.4590766116617,NA,NA,NA
"8926",2025-01-11 07:00:00,"historie",1.97,3.00798020223992,NA,NA,NA
"8927",2025-01-11 08:00:00,"historie",2.7,2.25470906413652,NA,NA,NA
"8928",2025-01-11 09:00:00,"historie",2.84,2.96885141810242,NA,NA,NA
"8929",2025-01-11 10:00:00,"historie",2.55,3.1004265536355,NA,NA,NA
"8930",2025-01-11 11:00:00,"historie",2.25,2.81547928592743,NA,NA,NA
"8931",2025-01-11 12:00:00,"historie",2.74,2.51571953077037,NA,NA,NA
"8932",2025-01-11 13:00:00,"historie",2.34,2.98896175780167,NA,NA,NA
"8933",2025-01-11 14:00:00,"historie",2.46,2.59717849198003,NA,NA,NA
"8934",2025-01-11 15:00:00,"historie",2.26,2.71037202780603,NA,NA,NA
"8935",2025-01-11 16:00:00,"historie",1.9,2.51128786490507,NA,NA,NA
"8936",2025-01-11 17:00:00,"historie",1.97,2.14974336854864,NA,NA,NA
"8937",2025-01-11 18:00:00,"historie",2.21,2.21384694870682,NA,NA,NA
"8938",2025-01-11 19:00:00,"historie",2.77,2.446276857402,NA,NA,NA
"8939",2025-01-11 20:00:00,"historie",2.44,2.98573138896612,NA,NA,NA
"8940",2025-01-11 21:00:00,"historie",2.64,2.67030381732112,NA,NA,NA
"8941",2025-01-11 22:00:00,"historie",2.48,2.86285527510113,NA,NA,NA
"8942",2025-01-11 23:00:00,"historie",2.73,2.70952375943731,NA,NA,NA
"8943",2025-01-12,"historie",1.87,2.95000172384394,NA,NA,NA
"8944",2025-01-12 01:00:00,"historie",1.79,2.11050295951821,NA,NA,NA
"8945",2025-01-12 02:00:00,"historie",1.2,2.02560653127279,NA,NA,NA
"8946",2025-01-12 03:00:00,"historie",1.62,1.41759321637482,NA,NA,NA
"8947",2025-01-12 04:00:00,"historie",2.26,1.84048391993577,NA,NA,NA
"8948",2025-01-12 05:00:00,"historie",1.67,2.46714984070997,NA,NA,NA
"8949",2025-01-12 06:00:00,"historie",1.85,1.88774621930401,NA,NA,NA
"8950",2025-01-12 07:00:00,"historie",2.82,2.06348160174693,NA,NA,NA
"8951",2025-01-12 08:00:00,"historie",3.46,2.99636307904963,NA,NA,NA
"8952",2025-01-12 09:00:00,"historie",3.27,3.6010077011294,NA,NA,NA
"8953",2025-01-12 10:00:00,"historie",3.32,3.43775144123439,NA,NA,NA
"8954",2025-01-12 11:00:00,"historie",3.15,3.49411371934301,NA,NA,NA
"8955",2025-01-12 12:00:00,"historie",3.46,3.34359986642269,NA,NA,NA
"8956",2025-01-12 13:00:00,"historie",3.71,3.64057315281242,NA,NA,NA
"8957",2025-01-12 14:00:00,"historie",3.85,3.8819279319826,NA,NA,NA
"8958",2025-01-12 15:00:00,"historie",4.2,4.02184485173051,NA,NA,NA
"8959",2025-01-12 16:00:00,"historie",5.76,4.35539798157586,NA,NA,NA
"8960",2025-01-12 17:00:00,"historie",5.32,5.77960488056759,NA,NA,NA
"8961",2025-01-12 18:00:00,"historie",7.61,5.41264623411139,NA,NA,NA
"8962",2025-01-12 19:00:00,"historie",3.58,7.46203244289648,NA,NA,NA
"8963",2025-01-12 20:00:00,"historie",4.59,3.8461503285734,NA,NA,NA
"8964",2025-01-12 21:00:00,"historie",3.83,4.79209305780507,NA,NA,NA
"8965",2025-01-12 22:00:00,"historie",3.46,4.08742291092313,NA,NA,NA
"8966",2025-01-12 23:00:00,"historie",5.51,3.73501963517792,NA,NA,NA
"8967",2025-01-13,"historie",3.62,5.63778389468277,NA,NA,NA
"8968",2025-01-13 01:00:00,"historie",2.92,3.89521589901621,NA,NA,NA
"8969",2025-01-13 02:00:00,"historie",3.23,3.21711377571358,NA,NA,NA
"8970",2025-01-13 03:00:00,"historie",4.08,3.51032708619577,NA,NA,NA
"8971",2025-01-13 04:00:00,"historie",3.15,4.31301140467872,NA,NA,NA
"8972",2025-01-13 05:00:00,"historie",3.79,3.43128763814941,NA,NA,NA
"8973",2025-01-13 06:00:00,"historie",5.75,4.03740742680404,NA,NA,NA
"8974",2025-01-13 07:00:00,"historie",9.5,5.8439350307062,NA,NA,NA
"8975",2025-01-13 08:00:00,"historie",10.23,9.15116455294625,NA,NA,NA
"8976",2025-01-13 09:00:00,"historie",5.97,9.83694384851974,NA,NA,NA
"8977",2025-01-13 10:00:00,"historie",5.85,6.14083111149744,NA,NA,NA
"8978",2025-01-13 11:00:00,"historie",4.54,6.04068192162994,NA,NA,NA
"8979",2025-01-13 12:00:00,"historie",2.33,4.83049677755581,NA,NA,NA
"8980",2025-01-13 13:00:00,"historie",2.56,2.67156540143184,NA,NA,NA
"8981",2025-01-13 14:00:00,"historie",3.47,2.88765154224291,NA,NA,NA
"8982",2025-01-13 15:00:00,"historie",4.82,3.76531831467923,NA,NA,NA
"8983",2025-01-13 16:00:00,"historie",8.95,5.0314753343865,NA,NA,NA
"8984",2025-01-13 17:00:00,"historie",11.92,8.71975765999399,NA,NA,NA
"8985",2025-01-13 18:00:00,"historie",12.57,11.3054501998614,NA,NA,NA
"8986",2025-01-13 19:00:00,"historie",17.32,11.9342471038057,NA,NA,NA
"8987",2025-01-13 20:00:00,"historie",14.31,15.9619824081614,NA,NA,NA
"8988",2025-01-13 21:00:00,"historie",14.56,13.5867456230668,NA,NA,NA
"8989",2025-01-13 22:00:00,"historie",17.6,13.8762401029094,NA,NA,NA
"8990",2025-01-13 23:00:00,"historie",20.78,16.5016323786963,NA,NA,NA
"8991",2025-01-14,"historie",29.95,19.2335487186063,NA,NA,NA
"8992",2025-01-14 01:00:00,"historie",28.35,26.7678889109074,NA,NA,NA
"8993",2025-01-14 02:00:00,"historie",15.9,25.710184628305,NA,NA,NA
"8994",2025-01-14 03:00:00,"historie",12.36,15.5031408926001,NA,NA,NA
"8995",2025-01-14 04:00:00,"historie",12.84,12.422311441056,NA,NA,NA
"8996",2025-01-14 05:00:00,"historie",14.89,12.8448787074356,NA,NA,NA
"8997",2025-01-14 06:00:00,"historie",15.42,14.647590670082,NA,NA,NA
"8998",2025-01-14 07:00:00,"historie",21.59,15.1255309508141,NA,NA,NA
"8999",2025-01-14 08:00:00,"historie",25.9,20.4100607907883,NA,NA,NA
"9000",2025-01-14 09:00:00,"historie",28.35,24.0705952363982,NA,NA,NA
"9001",2025-01-14 10:00:00,"historie",25.71,26.1964564993147,NA,NA,NA
"9002",2025-01-14 11:00:00,"historie",17.28,24.1326632927367,NA,NA,NA
"9003",2025-01-14 12:00:00,"historie",15.03,17.0232401736377,NA,NA,NA
"9004",2025-01-14 13:00:00,"historie",16.03,15.0418029098316,NA,NA,NA
"9005",2025-01-14 14:00:00,"historie",15.38,15.9085946336174,NA,NA,NA
"9006",2025-01-14 15:00:00,"historie",22.82,15.32801288947,NA,NA,NA
"9007",2025-01-14 16:00:00,"historie",26.69,21.7325334318637,NA,NA,NA
"9008",2025-01-14 17:00:00,"historie",26.37,25.0284131719228,NA,NA,NA
"9009",2025-01-14 18:00:00,"historie",32.85,24.8411650407412,NA,NA,NA
"9010",2025-01-14 19:00:00,"historie",32.72,30.2661067684129,NA,NA,NA
"9011",2025-01-14 20:00:00,"historie",33.84,30.2809433480268,NA,NA,NA
"9012",2025-01-14 21:00:00,"historie",31.8,31.3070614906988,NA,NA,NA
"9013",2025-01-14 22:00:00,"historie",32.13,29.7258306197905,NA,NA,NA
"9014",2025-01-14 23:00:00,"historie",34.47,30.0722564700727,NA,NA,NA
"9015",2025-01-15,"historie",30.85,32.0771740665094,NA,NA,NA
"9016",2025-01-15 01:00:00,"historie",7.03,29.1433372374912,NA,NA,NA
"9017",2025-01-15 02:00:00,"historie",3.55,7.8633502879274,NA,NA,NA
"9018",2025-01-15 03:00:00,"historie",1.46,4.24843719454222,NA,NA,NA
"9019",2025-01-15 04:00:00,"historie",1.74,1.90599270173974,NA,NA,NA
"9020",2025-01-15 05:00:00,"historie",2.18,2.18563977702943,NA,NA,NA
"9021",2025-01-15 06:00:00,"historie",2.97,2.62936865191553,NA,NA,NA
"9022",2025-01-15 07:00:00,"historie",3.64,3.41921912458243,NA,NA,NA
"9023",2025-01-15 08:00:00,"historie",2.75,4.06323313936387,NA,NA,NA
"9024",2025-01-15 09:00:00,"historie",6.18,3.15202531235103,NA,NA,NA
"9025",2025-01-15 10:00:00,"historie",5.55,6.41884868865884,NA,NA,NA
"9026",2025-01-15 11:00:00,"historie",4.23,5.83577622115349,NA,NA,NA
"9027",2025-01-15 12:00:00,"historie",5.66,4.58357826989444,NA,NA,NA
"9028",2025-01-15 13:00:00,"historie",2.25,5.91830906167137,NA,NA,NA
"9029",2025-01-15 14:00:00,"historie",2.26,2.6115627751178,NA,NA,NA
"9030",2025-01-15 15:00:00,"historie",2.69,2.60354406416009,NA,NA,NA
"9031",2025-01-15 16:00:00,"historie",5.39,3.01982451015093,NA,NA,NA
"9032",2025-01-15 17:00:00,"historie",5.67,5.5698970978309,NA,NA,NA
"9033",2025-01-15 18:00:00,"historie",12.72,5.83512243898633,NA,NA,NA
"9034",2025-01-15 19:00:00,"historie",12.35,11.9664405601636,NA,NA,NA
"9035",2025-01-15 20:00:00,"historie",10.89,11.7461074818758,NA,NA,NA
"9036",2025-01-15 21:00:00,"historie",14.54,10.5740545425563,NA,NA,NA
"9037",2025-01-15 22:00:00,"historie",18.36,13.727588771391,NA,NA,NA
"9038",2025-01-15 23:00:00,"historie",16.76,16.9882159062354,NA,NA,NA
"9039",2025-01-16,"historie",41,15.7827159234024,NA,NA,NA
"9040",2025-01-16 01:00:00,"predikce",NA,NA,35.0852742903538,18.1418310583343,67.8529343631967
"9041",2025-01-16 02:00:00,"predikce",NA,NA,30.9162436553716,12.8044073046555,74.6472756619341
"9042",2025-01-16 03:00:00,"predikce",NA,NA,27.8869582510546,10.0037620269511,77.7389984288822
"9043",2025-01-16 04:00:00,"predikce",NA,NA,25.6285744246741,8.28743830622683,79.2553504196282
"9044",2025-01-16 05:00:00,"predikce",NA,NA,23.9072786620215,7.14094609986315,80.039530481052
"9045",2025-01-16 06:00:00,"predikce",NA,NA,22.5695861985187,6.32927021597894,80.4810355365084
"9046",2025-01-16 07:00:00,"predikce",NA,NA,21.5116705890743,5.72931045653956,80.7692260775726
"9047",2025-01-16 08:00:00,"predikce",NA,NA,20.6614629427378,5.27054685022601,80.9965385120937
"9048",2025-01-16 09:00:00,"predikce",NA,NA,19.9678224657986,4.90988645608114,81.2063451145237
"9049",2025-01-16 10:00:00,"predikce",NA,NA,19.3937699807649,4.61966545233782,81.4167861173754
"9050",2025-01-16 11:00:00,"predikce",NA,NA,18.9121349384602,4.38141683347943,81.6331477976471
"9051",2025-01-16 12:00:00,"predikce",NA,NA,18.5026801790459,4.18241392655208,81.8544457387759
"9052",2025-01-16 13:00:00,"predikce",NA,NA,18.1501569610747,4.01365030152088,82.0769556298464
"9053",2025-01-16 14:00:00,"predikce",NA,NA,17.8429607726228,3.86860718398855,82.2960910714939
"9054",2025-01-16 15:00:00,"predikce",NA,NA,17.5721844001592,3.74247370742093,82.5073704541771
"9055",2025-01-16 16:00:00,"predikce",NA,NA,17.3309394529233,3.63163825658904,82.7068780256226
"9056",2025-01-16 17:00:00,"predikce",NA,NA,17.1138629574574,3.53334779653179,82.8914452220406
"9057",2025-01-16 18:00:00,"predikce",NA,NA,16.9167538757912,3.44547445707571,83.0586803818548
"9058",2025-01-16 19:00:00,"predikce",NA,NA,16.736302338999,3.36635241087156,83.2069200710521
"9059",2025-01-16 20:00:00,"predikce",NA,NA,16.5698860171203,3.29466188928667,83.3351438923534
"9060",2025-01-16 21:00:00,"predikce",NA,NA,16.4154157335549,3.22934545288672,83.4428764703894
"9061",2025-01-16 22:00:00,"predikce",NA,NA,16.2712176084261,3.16954672905535,83.5300896603799
"9062",2025-01-16 23:00:00,"predikce",NA,NA,16.1359425630425,3.11456504757226,83.5971117703124
"9063",2025-01-17,"predikce",NA,NA,16.0084964896647,3.06382148379809,83.6445469211599
"9064",2025-01-17 01:00:00,"predikce",NA,NA,15.8879861402492,3.01683318961167,83.6732055527552
"9065",2025-01-17 02:00:00,"predikce",NA,NA,15.7736770436632,2.97319381263004,83.6840458973295
"9066",2025-01-17 03:00:00,"predikce",NA,NA,15.6649606740654,2.93255843277701,83.6781256179922
"9067",2025-01-17 04:00:00,"predikce",NA,NA,15.561328764916,2.89463188103733,83.6565625204897
"9068",2025-01-17 05:00:00,"predikce",NA,NA,15.4623531623189,2.85915961150925,83.6205031554955
"9069",2025-01-17 06:00:00,"predikce",NA,NA,15.3676699857438,2.82592051579145,83.5710981505041
"9070",2025-01-17 07:00:00,"predikce",NA,NA,15.2769671470327,2.79472122552312,83.5094831928476
"9071",2025-01-17 08:00:00,"predikce",NA,NA,15.1899744937455,2.76539156282096,83.436764696449
"9072",2025-01-17 09:00:00,"predikce",NA,NA,15.1064560074581,2.7377808818874,83.3540093055019
"9073",2025-01-17 10:00:00,"predikce",NA,NA,15.0262036141014,2.71175510680864,83.2622365070993
"9074",2025-01-17 11:00:00,"predikce",NA,NA,14.9490322610107,2.68719431654151,83.1624137358088
"9075",2025-01-17 12:00:00,"predikce",NA,NA,14.8747759909094,2.66399076255938,83.0554534532859
"9076",2025-01-17 13:00:00,"predikce",NA,NA,14.8032848017093,2.64204723063388,82.9422117741405
"9077",2025-01-17 14:00:00,"predikce",NA,NA,14.7344221266636,2.62127567796128,82.823488285508
"9078",2025-01-17 15:00:00,"predikce",NA,NA,14.6680628050139,2.60159609189655,82.7000267727909
"9079",2025-01-17 16:00:00,"predikce",NA,NA,14.6040914410877,2.58293552810074,82.5725166189019
"9080",2025-01-17 17:00:00,"predikce",NA,NA,14.5424010715672,2.56522729480272,82.4415946901829
"9081",2025-01-17 18:00:00,"predikce",NA,NA,14.4828920777028,2.5484102567617,82.3078475601974
"9082",2025-01-17 19:00:00,"predikce",NA,NA,14.4254712926157,2.53242823787308,82.1718139538881
"9083",2025-01-17 20:00:00,"predikce",NA,NA,14.3700512643415,2.51722950554366,82.0339873202004
"9084",2025-01-17 21:00:00,"predikce",NA,NA,14.3165496435148,2.50276632324564,81.8948184620862
"9085",2025-01-17 22:00:00,"predikce",NA,NA,14.2648886710932,2.48899456024632,81.7547181696313
"9086",2025-01-17 23:00:00,"predikce",NA,NA,14.214994746628,2.47587334955882,81.614059815567
"9087",2025-01-18,"predikce",NA,NA,14.1667980616208,2.46336478678825,81.4731818832298
"9088",2025-01-18 01:00:00,"predikce",NA,NA,14.1202322856794,2.45143366384835,81.332390405599
"9089",2025-01-18 02:00:00,"predikce",NA,NA,14.0752342956975,2.44004723256796,81.191961300799
"9090",2025-01-18 03:00:00,"predikce",NA,NA,14.0317439402622,2.42917499404737,81.0521425947321
"9091",2025-01-18 04:00:00,"predikce",NA,NA,13.9897038330608,2.4187885103065,80.9131565256014
"9092",2025-01-18 05:00:00,"predikce",NA,NA,13.949059170299,2.40886123532024,80.7752015282166
"9093",2025-01-18 06:00:00,"predikce",NA,NA,13.9097575681249,2.39936836299008,80.6384540983499
"9094",2025-01-18 07:00:00,"predikce",NA,NA,13.8717489168338,2.39028668997228,80.5030705391714
"9095",2025-01-18 08:00:00,"predikce",NA,NA,13.8349852492459,2.38159449159037,80.3691885930738
"9096",2025-01-18 09:00:00,"predikce",NA,NA,13.7994206211449,2.37327140931395,80.2369289630993
"9097",2025-01-18 10:00:00,"predikce",NA,NA,13.7650110020552,2.36529834849765,80.1063967287886
"9098",2025-01-18 11:00:00,"predikce",NA,NA,13.7317141749509,2.35765738525177,79.977682661644
"9099",2025-01-18 12:00:00,"predikce",NA,NA,13.6994896437373,2.35033168146501,79.8508644456019
