"hour","data_pm10","data_pm25","data_pm40","data_pm100","data_no2"
2024-01-01,32.95,45.675,49.4,51.275,14.81083
2024-01-01 01:00:00,32.3333333333333,45.1025641025641,49.0769230769231,50.974358974359,19.3363736842105
2024-01-01 02:00:00,33.2820512820513,46.2564102564103,50.0512820512821,51.9487179487179,18.215285
2024-01-01 03:00:00,33.7179487179487,47.4871794871795,51.5128205128205,53.2820512820513,15.4929947368421
2024-01-01 04:00:00,29.2,41.175,44.975,48.05,15.35317
2024-01-01 05:00:00,24.8157894736842,35.3157894736842,42,50.5,16.8941105263158
2024-01-01 06:00:00,25.1282051282051,36.2564102564103,41.6923076923077,49.7179487179487,12.137451
2024-01-01 07:00:00,28.1794871794872,40.6153846153846,44.7692307692308,47.7692307692308,13.3016421052632
2024-01-01 08:00:00,25.1282051282051,35.6666666666667,38.6923076923077,41.2820512820513,11.664706
2024-01-01 09:00:00,26.3076923076923,36.9230769230769,39.7435897435897,41.3589743589744,11.7374694736842
2024-01-01 10:00:00,27.5,39.6578947368421,42.8947368421053,44.5789473684211,11.48165
2024-01-01 11:00:00,5.94871794871795,8.87179487179487,9.2051282051282,9.87179487179487,4.04181210526316
2024-01-01 12:00:00,2.675,4.375,4.575,5.075,3.604588
2024-01-01 13:00:00,3.78947368421053,5.78947368421053,6.15789473684211,6.52631578947368,4.40847421052632
2024-01-01 14:00:00,2.325,4.275,4.725,5.55,4.174064
2024-01-01 15:00:00,2.79487179487179,5.02564102564103,5.53846153846154,6.07692307692308,5.01705842105263
2024-01-01 16:00:00,2.35897435897436,4.43589743589744,4.94871794871795,5.30769230769231,6.416828
2024-01-01 17:00:00,2.25641025641026,4.20512820512821,4.94871794871795,5.64102564102564,9.71972947368421
2024-01-01 18:00:00,2,3.675,4,4.45,11.50699
2024-01-01 19:00:00,2.87179487179487,4.82051282051282,5.1025641025641,5.46153846153846,9.12712947368421
2024-01-01 20:00:00,2.07692307692308,3.76923076923077,4.02564102564103,4.43589743589744,6.885886
2024-01-01 21:00:00,1.28205128205128,2.71794871794872,3.07692307692308,3.58974358974359,9.08765684210526
2024-01-01 22:00:00,2.66666666666667,4.88888888888889,5.63888888888889,6.47222222222222,9.47408611111111
2024-01-01 23:00:00,2.68421052631579,4.97368421052632,5.94736842105263,6.92105263157895,9.72676210526316
2024-01-02,4.775,7.875,8.875,10.3,10.0399525
2024-01-02 01:00:00,3.43589743589744,5.82051282051282,6.74358974358974,7.51282051282051,12.0016652631579
2024-01-02 02:00:00,5.85,9.075,10.2,11.3,14.3964
2024-01-02 03:00:00,7.15789473684211,10.6578947368421,11.5,12.9736842105263,19.9193210526316
2024-01-02 04:00:00,7.85,11.6,12.775,13.525,29.138385
2024-01-02 05:00:00,9.94871794871795,14.1538461538462,15.7948717948718,16.8717948717949,31.4833526315789
2024-01-02 06:00:00,11.1578947368421,16.1315789473684,17.7105263157895,18.9210526315789,32.534275
2024-01-02 07:00:00,6.35897435897436,9.64102564102564,10.5128205128205,11.7692307692308,11.3118473684211
2024-01-02 08:00:00,1.95,3.675,4,4.4,9.311553
2024-01-02 09:00:00,2.02564102564103,3.66666666666667,3.79487179487179,4.05128205128205,8.93972526315789
2024-01-02 10:00:00,0.564102564102564,1.56410256410256,1.64102564102564,1.74358974358974,8.208439
2024-01-02 11:00:00,1.15384615384615,2.1025641025641,2.12820512820513,2.15384615384615,8.69164578947368
2024-01-02 12:00:00,0.85,1.725,1.75,1.825,9.025342
2024-01-02 13:00:00,1.26315789473684,2.31578947368421,2.31578947368421,2.52631578947368,10.0616052631579
2024-01-02 14:00:00,2.65,4.225,4.3,4.4,14.66043
2024-01-02 15:00:00,5.46153846153846,7.69230769230769,8.02564102564103,8.33333333333333,26.1026842105263
2024-01-02 16:00:00,12.5384615384615,16.6410256410256,17.3076923076923,18.2820512820513,22.552595
2024-01-02 17:00:00,15.4871794871795,20.5384615384615,21.4871794871795,22.4871794871795,43.1913052631579
2024-01-02 18:00:00,13.55,18.325,19.175,19.95,26.050165
2024-01-02 19:00:00,17.1315789473684,24.5789473684211,26.5263157894737,27.6052631578947,30.4396526315789
2024-01-02 20:00:00,19.25,27.9166666666667,30.9166666666667,32.4444444444444,25.24
2024-01-02 21:00:00,21.4358974358974,30.4102564102564,33.3333333333333,34.8717948717949,32.2345473684211
2024-01-02 22:00:00,22.8285714285714,31.3142857142857,33.5142857142857,34.7714285714286,32.2715
2024-01-02 23:00:00,19.4358974358974,26.6923076923077,28.3846153846154,29.6923076923077,26.1262073684211
2024-01-03,4.075,6.375,6.85,7.075,17.8928585
2024-01-03 01:00:00,10.7105263157895,14.8947368421053,15.7894736842105,16.4473684210526,16.7066494736842
2024-01-03 02:00:00,2.225,3.725,3.9,4,5.6351655
2024-01-03 03:00:00,0.743589743589744,1.53846153846154,1.53846153846154,1.66666666666667,4.21602
2024-01-03 04:00:00,1.925,2.95,2.975,3.1,4.2695485
2024-01-03 05:00:00,0.25,1,1,1.125,3.162015
2024-01-03 06:00:00,1.41176470588235,2.52941176470588,2.76470588235294,3.14705882352941,4.56205941176471
2024-01-03 07:00:00,1.79487179487179,3.1025641025641,3.25641025641026,3.43589743589744,4.76700789473684
2024-01-03 08:00:00,0.769230769230769,2.05128205128205,2.17948717948718,2.53846153846154,4.3620195
2024-01-03 09:00:00,0.564102564102564,1.87179487179487,1.97435897435897,2.33333333333333,4.29747210526316
2024-01-03 10:00:00,1.20512820512821,2.82051282051282,3.1025641025641,3.58974358974359,4.171191
2024-01-03 11:00:00,0.974358974358974,2.53846153846154,2.71794871794872,3.05128205128205,6.55783105263158
2024-01-03 12:00:00,0.35,1.275,1.325,1.525,5.4737555
2024-01-03 13:00:00,1,2.17948717948718,2.33333333333333,2.53846153846154,7.56801947368421
2024-01-03 14:00:00,0.710526315789474,1.71052631578947,1.71052631578947,1.86842105263158,7.00492526315789
2024-01-03 15:00:00,1.025,2.4,2.475,2.85,8.045697
2024-01-03 16:00:00,1.87179487179487,3.46153846153846,3.61538461538462,3.84615384615385,7.09910631578947
2024-01-03 17:00:00,1.02564102564103,2.30769230769231,2.43589743589744,2.66666666666667,7.0807555
2024-01-03 18:00:00,0.435897435897436,1.38461538461538,1.41025641025641,1.58974358974359,6.00913947368421
2024-01-03 19:00:00,0.625,1.5,1.5,1.55,6.7981735
2024-01-03 20:00:00,0.921052631578947,1.92105263157895,1.92105263157895,1.97368421052632,8.51532894736842
2024-01-03 21:00:00,1.025,2.275,2.3,2.525,8.708612
2024-01-03 22:00:00,1,2.19444444444444,2.25,2.36111111111111,6.63833666666667
2024-01-03 23:00:00,0.225,1.075,1.075,1.175,8.3230065
2024-01-04,0.578947368421053,1.28947368421053,1.31578947368421,1.39473684210526,6.09079894736842
2024-01-04 01:00:00,0.2,0.775,0.8,0.95,6.574739
2024-01-04 02:00:00,0,0.58974358974359,0.641025641025641,0.769230769230769,7.10233263157895
2024-01-04 03:00:00,0.157894736842105,0.578947368421053,0.631578947368421,0.763157894736842,6.67273789473684
2024-01-04 04:00:00,0.128205128205128,0.615384615384615,0.641025641025641,0.717948717948718,7.52016105263158
2024-01-04 05:00:00,0.125,0.65,0.7,0.775,8.0976905
2024-01-04 06:00:00,0.175,0.825,0.85,0.875,6.8426115
2024-01-04 07:00:00,0.0540540540540541,0.621621621621622,0.621621621621622,0.864864864864865,6.26288611111111
2024-01-04 08:00:00,0.225,0.875,0.975,1.025,4.932235
2024-01-04 09:00:00,0.102564102564103,0.487179487179487,0.487179487179487,0.487179487179487,4.22292105263158
2024-01-04 10:00:00,0.175,0.75,0.75,0.8,4.1707225
2024-01-04 11:00:00,0.0789473684210526,0.578947368421053,0.578947368421053,0.710526315789474,4.66440052631579
2024-01-04 12:00:00,0.175,0.675,0.75,0.8,7.6219155
2024-01-04 13:00:00,0.58974358974359,1.46153846153846,1.48717948717949,1.66666666666667,12.7444810526316
2024-01-04 14:00:00,0.435897435897436,1.30769230769231,1.35897435897436,1.41025641025641,17.42879
2024-01-04 15:00:00,0.487179487179487,1.17948717948718,1.20512820512821,1.46153846153846,12.8776284210526
2024-01-04 16:00:00,1.925,3.275,3.35,3.575,11.786855
2024-01-04 17:00:00,0.75,1.375,1.375,1.375,12.92013
2024-01-04 18:00:00,0.911764705882353,2.02941176470588,2.11764705882353,2.35294117647059,16.6782882352941
2024-01-04 19:00:00,2.38461538461538,4.15384615384615,4.38461538461539,4.84615384615385,25.9322947368421
2024-01-04 20:00:00,2.35,3.775,3.9,4.5,20.617955
2024-01-04 21:00:00,3.47368421052632,5.28947368421053,5.5,5.92105263157895,18.7279947368421
2024-01-04 22:00:00,6.13888888888889,8.55555555555556,8.83333333333333,9.33333333333333,18.3355388888889
2024-01-04 23:00:00,7.53846153846154,10.1794871794872,10.6153846153846,11.2820512820513,14.2857473684211
2024-01-05,8.66666666666667,11.7179487179487,12.5897435897436,13.8461538461538,14.95202
2024-01-05 01:00:00,7.79487179487179,11.4615384615385,12.8717948717949,15.2051282051282,12.9000957894737
2024-01-05 02:00:00,7.9,11.725,13.775,16.75,14.35063
2024-01-05 03:00:00,6.76923076923077,10.3333333333333,12.1538461538462,15,13.5506421052632
2024-01-05 04:00:00,7.74358974358974,11.4615384615385,13.0512820512821,14.8205128205128,14.50489
2024-01-05 05:00:00,9.1025641025641,13.0512820512821,13.8205128205128,14.6923076923077,16.1875263157895
2024-01-05 06:00:00,11.8717948717949,16.8717948717949,18.0769230769231,18.8461538461538,21.4728105263158
2024-01-05 07:00:00,12.4210526315789,17.1315789473684,17.7894736842105,18.3947368421053,23.0261157894737
2024-01-05 08:00:00,13.05,17.825,18.825,19.7,20.240355
2024-01-05 09:00:00,14.3076923076923,19.3589743589744,20.1538461538462,20.9487179487179,21.5072947368421
2024-01-05 10:00:00,16.45,22.075,23.3,24.3,24.113605
2024-01-05 11:00:00,15.8157894736842,21.5526315789474,23,24.6842105263158,25.5484631578947
2024-01-05 12:00:00,15.075,20.65,22.375,24.05,21.145345
2024-01-05 13:00:00,12.9487179487179,17.974358974359,19.5128205128205,20.7179487179487,15.5440431578947
2024-01-05 14:00:00,12.974358974359,17.8974358974359,18.974358974359,20.0512820512821,25.66172
2024-01-05 15:00:00,15.4102564102564,21.7179487179487,23.7948717948718,25.5128205128205,25.4759210526316
2024-01-05 16:00:00,19.675,27.275,29.475,31.3,27.952645
2024-01-05 17:00:00,24.2564102564103,33.4358974358974,35.8205128205128,38.1025641025641,29.8677578947368
2024-01-05 18:00:00,25.375,35.125,38.40625,40.21875,26.0936647058824
2024-01-05 19:00:00,22.6923076923077,31.1282051282051,33.5128205128205,35.2051282051282,24.7032
2024-01-05 20:00:00,25.2,35.2,37.6,39.7,24.106325
2024-01-05 21:00:00,21.6578947368421,30.7631578947368,33.5263157894737,35.3421052631579,19.0706
2024-01-05 22:00:00,26.4444444444444,37.1666666666667,40.4444444444444,42.5555555555556,21.3585333333333
2024-01-05 23:00:00,22.0512820512821,31.7435897435897,34.7435897435897,36.3076923076923,19.3307210526316
2024-01-06,25.35,36.275,39.85,42.15,18.32994
2024-01-06 01:00:00,24.2105263157895,35.2631578947368,38.4736842105263,40.7631578947368,17.5344684210526
2024-01-06 02:00:00,24.5641025641026,36.0769230769231,39.8717948717949,42.5384615384615,20.3134105263158
2024-01-06 03:00:00,24.5128205128205,37.1025641025641,41.5641025641026,43.9487179487179,19.9414842105263
2024-01-06 04:00:00,24.5897435897436,36.5897435897436,40.8717948717949,43.4102564102564,18.583095
2024-01-06 05:00:00,28.5897435897436,43.4102564102564,48.6153846153846,52.4358974358974,19.0203263157895
2024-01-06 06:00:00,28.95,44.575,51.125,55.725,18.88004
2024-01-06 07:00:00,24.6315789473684,36.5526315789474,40.4736842105263,42.7105263157895,22.4248421052632
2024-01-06 08:00:00,25.975,38.875,43.5,46.225,24.31348
2024-01-06 09:00:00,24.7435897435897,36.4102564102564,40.3846153846154,43,25.9548842105263
2024-01-06 10:00:00,23.65,34.525,38.2,40.15,22.741805
2024-01-06 11:00:00,24.2051282051282,34.8974358974359,38.5897435897436,40.2820512820513,22.8147368421053
2024-01-06 12:00:00,27.2820512820513,39.6153846153846,44.1282051282051,46.7948717948718,21.94732
2024-01-06 13:00:00,32.5526315789474,47.7894736842105,52.9210526315789,57.8421052631579,26.5094578947368
2024-01-06 14:00:00,30.2051282051282,44.2564102564103,49.2051282051282,52.2051282051282,29.60451
2024-01-06 15:00:00,29.1282051282051,42.5641025641026,47.6153846153846,50.9230769230769,24.8415736842105
2024-01-06 16:00:00,23.6666666666667,33.2564102564103,35.7435897435897,37.3846153846154,13.540967
2024-01-06 17:00:00,13.3846153846154,18.0512820512821,18.9230769230769,19.7948717948718,9.98539789473684
2024-01-06 18:00:00,11.6,15.85,16.5,16.9,7.431593
2024-01-06 19:00:00,13.0769230769231,17.6410256410256,18.5641025641026,19.2051282051282,7.34952210526316
2024-01-06 20:00:00,15.5128205128205,21.025641025641,22.1538461538462,22.8205128205128,7.388006
2024-01-06 21:00:00,13.4615384615385,18.0512820512821,18.8461538461538,19.1794871794872,6.10165368421053
2024-01-06 22:00:00,9.08333333333333,12.3333333333333,12.9444444444444,13.5277777777778,5.840765
2024-01-06 23:00:00,10.2631578947368,13.7631578947368,14.3684210526316,15,6.56097947368421
2024-01-07,11.125,14.475,14.975,15.3,6.700049
2024-01-07 01:00:00,10.3076923076923,13.6923076923077,14,14.3846153846154,7.19479
2024-01-07 02:00:00,10.4615384615385,13.8717948717949,14.3076923076923,14.6666666666667,6.2281825
2024-01-07 03:00:00,10.7435897435897,14.3589743589744,14.8974358974359,15.2820512820513,5.99340105263158
2024-01-07 04:00:00,10.25,14.1,14.475,14.9,6.5525525
2024-01-07 05:00:00,9.67567567567568,12.972972972973,13.4864864864865,13.8108108108108,6.38020333333333
2024-01-07 06:00:00,8.9,12,12.725,13.1,6.4519065
2024-01-07 07:00:00,8.02631578947368,10.7894736842105,11.4210526315789,11.7631578947368,7.11108473684211
2024-01-07 08:00:00,8.875,12,12.35,12.65,7.65413
2024-01-07 09:00:00,7.38461538461539,9.8974358974359,10.2051282051282,10.4615384615385,6.85002
2024-01-07 10:00:00,5.05,6.925,7.175,7.55,6.5725795
2024-01-07 11:00:00,4.12820512820513,5.8974358974359,6,6.25641025641026,6.98930263157895
2024-01-07 12:00:00,3.79487179487179,5.38461538461539,5.66666666666667,5.74358974358974,7.1749185
2024-01-07 13:00:00,2.20512820512821,3.41025641025641,3.43589743589744,3.56410256410256,6.08013789473684
2024-01-07 14:00:00,2.325,3.7,3.725,3.85,11.068804
2024-01-07 15:00:00,2.34210526315789,3.73684210526316,3.78947368421053,4.02631578947368,14.0006715789474
2024-01-07 16:00:00,2.25,3.6,3.65,3.7,14.295181
2024-01-07 17:00:00,2.74358974358974,4.25641025641026,4.33333333333333,4.41025641025641,11.1188768421053
2024-01-07 18:00:00,2.51282051282051,3.92307692307692,4.05128205128205,4.30769230769231,11.134382
2024-01-07 19:00:00,2.56410256410256,3.87179487179487,3.94871794871795,4.20512820512821,9.8026
2024-01-07 20:00:00,2.875,4.3,4.475,4.8,9.920095
2024-01-07 21:00:00,3.36842105263158,5,5.10526315789474,5.21052631578947,9.61867157894737
2024-01-07 22:00:00,2.88571428571429,4.31428571428571,4.42857142857143,4.74285714285714,9.45436117647059
2024-01-07 23:00:00,3.28205128205128,4.74358974358974,4.8974358974359,5.05128205128205,11.4805294736842
2024-01-08,2.45,3.825,3.875,4.025,11.697633
2024-01-08 01:00:00,2.71052631578947,3.97368421052632,4.10526315789474,4.34210526315789,13.2741157894737
2024-01-08 02:00:00,2.35,3.7,3.8,4.025,10.052091
2024-01-08 03:00:00,2.71794871794872,4.07692307692308,4.20512820512821,4.28205128205128,8.95696
2024-01-08 04:00:00,3.71794871794872,5.46153846153846,5.58974358974359,5.87179487179487,9.391391
2024-01-08 05:00:00,5.58974358974359,7.74358974358974,7.97435897435897,8.33333333333333,9.48634736842105
2024-01-08 06:00:00,6.875,9.15,9.35,9.6,10.573147
2024-01-08 07:00:00,7.375,9.75,10.15,10.375,11.628
2024-01-08 08:00:00,7.55263157894737,10.3421052631579,10.7105263157895,11.1578947368421,10.5497373684211
2024-01-08 09:00:00,8.4,11.075,11.275,11.65,11.372485
2024-01-08 10:00:00,8.28205128205128,10.8205128205128,11.025641025641,11.3846153846154,7.2482252631579
2024-01-08 11:00:00,8.05,10.35,10.625,11.15,7.3228
2024-01-08 12:00:00,7.18421052631579,9.68421052631579,10,10.3157894736842,6.49201473684211
2024-01-08 13:00:00,6.725,8.95,9.125,9.5,6.0064755
2024-01-08 14:00:00,7.05128205128205,9.46153846153846,9.7948717948718,10.0512820512821,7.59042052631579
2024-01-08 15:00:00,7.425,10.15,10.425,10.65,8.951531
2024-01-08 16:00:00,10.2631578947368,13.5,14.0263157894737,14.2894736842105,10.6523315789474
2024-01-08 17:00:00,10.975,14.675,15.375,16.05,11.37777
2024-01-08 18:00:00,11.5128205128205,15.0769230769231,16.0769230769231,16.5897435897436,12.2742842105263
2024-01-08 19:00:00,12.8461538461538,16.7435897435897,17.6153846153846,18.1794871794872,12.99084
2024-01-08 20:00:00,13.1282051282051,17.3076923076923,17.8461538461538,18.4871794871795,13.6130473684211
2024-01-08 21:00:00,13.825,18.45,19.15,19.85,14.502165
2024-01-08 22:00:00,13.6571428571429,18.4,19.0285714285714,19.7714285714286,13.4854764705882
2024-01-08 23:00:00,15.3611111111111,20.1666666666667,20.9722222222222,21.3333333333333,16.2789666666667
2024-01-09,15.4736842105263,20.3684210526316,21.3157894736842,21.8157894736842,16.4478555555556
2024-01-09 01:00:00,15.65,20.725,21.775,22.675,18.22621
2024-01-09 02:00:00,15.5263157894737,20.5,21.6315789473684,22.7631578947368,18.3574684210526
2024-01-09 03:00:00,17,22.625,23.925,24.925,22.700955
2024-01-09 04:00:00,19.4102564102564,25.6153846153846,27,28.2051282051282,27.5120157894737
2024-01-09 05:00:00,20.9487179487179,27.5384615384615,29.1282051282051,30.5128205128205,29.525005
2024-01-09 06:00:00,24.5641025641026,32.3846153846154,34.2307692307692,35.8205128205128,33.7207578947368
2024-01-09 07:00:00,25.575,33.225,35.275,36.95,41.46424
2024-01-09 08:00:00,26.4871794871795,34.4358974358974,36.6153846153846,38.3846153846154,90.1899421052632
2024-01-09 09:00:00,17.375,23.175,24.65,25.925,30.291645
2024-01-09 10:00:00,13.8108108108108,18.4594594594595,19.2432432432432,20.3783783783784,14.2842561111111
2024-01-09 11:00:00,17.375,23.025,24.25,25.325,14.520132
2024-01-09 12:00:00,16.9736842105263,22.6315789473684,24.6842105263158,27.1052631578947,20.9586210526316
2024-01-09 13:00:00,17.05,22.85,24.55,26.55,24.51135
2024-01-09 14:00:00,19.5128205128205,26.2564102564103,27.8461538461538,29.5641025641026,37.8193578947368
2024-01-09 15:00:00,20.0833333333333,26.25,27.6388888888889,28.8333333333333,59.2230157894737
2024-01-09 16:00:00,23.6571428571429,30.9142857142857,32.5142857142857,33.7428571428571,46.4385647058823
2024-01-09 17:00:00,31.025,41.225,43.95,45.225,36.306155
2024-01-09 18:00:00,25.4358974358974,33.1025641025641,34.8205128205128,35.9230769230769,34.1292315789474
2024-01-09 19:00:00,31.7435897435897,42.2051282051282,44.8974358974359,46.1282051282051,27.990855
2024-01-09 20:00:00,39.2820512820513,51.4615384615385,54.8461538461538,56.6666666666667,23.7861473684211
2024-01-09 21:00:00,35.125,46.225,49,50.725,26.104395
2024-01-09 22:00:00,37.875,50.59375,54.3125,56.09375,26.84654375
2024-01-09 23:00:00,38.45,51.225,55.475,57.65,25.344335
2024-01-10,40.5897435897436,53.6923076923077,57.4358974358974,59.2820512820513,28.1618631578947
2024-01-10 01:00:00,38.2307692307692,49.6666666666667,53.2307692307692,55.1282051282051,30.35869
2024-01-10 02:00:00,40.3846153846154,53.025641025641,57.1025641025641,58.974358974359,31.9249210526316
2024-01-10 03:00:00,38.7,50.7,54.575,56.825,26.31987
2024-01-10 04:00:00,36.9736842105263,49.2105263157895,52.8684210526316,55.4736842105263,40.8691631578947
2024-01-10 05:00:00,38.05,50.4,53.975,55.7,136.87729
2024-01-10 06:00:00,38.4871794871795,50.9230769230769,54.5384615384615,56.5384615384615,68.4493157894737
2024-01-10 07:00:00,45.2820512820513,59.5641025641026,64,66.6923076923077,35.048485
2024-01-10 08:00:00,46.4102564102564,61.8461538461538,66.6923076923077,70.7692307692308,26.9367842105263
2024-01-10 09:00:00,42.1,55.4,60.7,64.925,32.845435
2024-01-10 10:00:00,33.5,44.5526315789474,48.1578947368421,51.6315789473684,24.8891789473684
2024-01-10 11:00:00,31.575,41.7,44.6,47.2,21.96806
2024-01-10 12:00:00,27.5384615384615,36.7179487179487,39.1538461538462,42.4358974358974,26.1172684210526
2024-01-10 13:00:00,19.6666666666667,26.1794871794872,27.5384615384615,29.7692307692308,23.8971045
2024-01-10 14:00:00,10.8205128205128,14.7948717948718,15.5641025641026,15.8974358974359,14.1011042105263
2024-01-10 15:00:00,16.325,21.5,22.95,24.2,48.307305
2024-01-10 16:00:00,16.1538461538462,22.1794871794872,23.7179487179487,24.6153846153846,26.4025421052632
2024-01-10 17:00:00,18.2820512820513,24.2820512820513,25.7948717948718,26.7435897435897,36.455945
2024-01-10 18:00:00,25.4615384615385,34,36.1282051282051,37.5384615384615,35.0236315789474
2024-01-10 19:00:00,19.45,25.7,27.35,28.275,31.04869
2024-01-10 20:00:00,18.7105263157895,24.8421052631579,26.1578947368421,26.7631578947368,24.2323421052632
2024-01-10 21:00:00,24.575,32.25,33.9,35.3,23.460065
2024-01-10 22:00:00,25.4285714285714,33.2285714285714,34.3428571428571,35.2285714285714,19.8794705882353
2024-01-10 23:00:00,26.425,34.95,37.475,38.25,19.463665
2024-01-11,24.4210526315789,32.5526315789474,34.2631578947368,35.2105263157895,21.5910052631579
2024-01-11 01:00:00,23.425,30.7,32.275,33.25,20.182635
2024-01-11 02:00:00,30.6923076923077,40.5641025641026,42.9230769230769,44.1538461538462,15.2498789473684
2024-01-11 03:00:00,26.3076923076923,35.025641025641,37.4871794871795,38.8461538461538,17.60619
2024-01-11 04:00:00,25.2564102564103,33.4102564102564,35.5641025641026,36.4871794871795,31.1710736842105
2024-01-11 05:00:00,24.925,32.95,35.025,36.25,29.322405
2024-01-11 06:00:00,24.7631578947368,32.9736842105263,35.1578947368421,36.8947368421053,28.2856842105263
2024-01-11 07:00:00,32.525,43.325,46.25,47.8,24.58901
2024-01-11 08:00:00,32.4871794871795,44.2564102564103,48.8461538461538,51.7179487179487,27.7962578947368
2024-01-11 09:00:00,33.125,44.8,49.025,53.5,26.687885
2024-01-11 10:00:00,27.2105263157895,36.5,39.3684210526316,41.9736842105263,31.1524736842105
2024-01-11 11:00:00,33.05,44.2,48.325,53.075,33.05194
2024-01-11 12:00:00,36.5897435897436,49.0769230769231,54.4358974358974,61.1282051282051,40.7696
2024-01-11 13:00:00,37.85,50.025,54.9,62.625,42.869255
2024-01-11 14:00:00,43.6578947368421,58.0263157894737,62.9736842105263,68.7894736842105,48.5726789473684
2024-01-11 15:00:00,47.025,63.05,68.225,74.525,55.70288
2024-01-11 16:00:00,27.9230769230769,37.2820512820513,39.7692307692308,42,40.3767473684211
2024-01-11 17:00:00,19.4358974358974,26.6923076923077,28.8205128205128,29.8974358974359,38.95684
2024-01-11 18:00:00,22.3333333333333,30.5897435897436,33.1538461538462,34.4102564102564,23.8495473684211
2024-01-11 19:00:00,24.3076923076923,31.6410256410256,33.2820512820513,34.4871794871795,20.9053947368421
2024-01-11 20:00:00,20.1578947368421,26.4473684210526,27.8421052631579,28.6315789473684,20.1618105263158
2024-01-11 21:00:00,23.275,30.85,32.575,33.325,21.711185
2024-01-11 22:00:00,25.2222222222222,33.4444444444444,35.6111111111111,36.75,22.2630555555556
2024-01-11 23:00:00,23.575,32.3,34.825,35.775,19.4681
2024-01-12,20.5,27.7272727272727,29.6363636363636,30.7272727272727,14.2910727272727
2024-01-12 01:00:00,19.6,26.6,28.55,29.4,16.89122
2024-01-12 02:00:00,17.1315789473684,23.2368421052632,24.9473684210526,26.3157894736842,14.6077
2024-01-12 03:00:00,10.8108108108108,15.027027027027,15.8108108108108,16.4594594594595,17.44028
2024-01-12 04:00:00,9.39473684210526,13.5526315789474,14.1315789473684,14.7368421052632,19.8392277777778
2024-01-12 05:00:00,4.675,6.8,7.125,7.325,14.376275
2024-01-12 06:00:00,2.92105263157895,4.34210526315789,4.34210526315789,4.39473684210526,15.8184526315789
2024-01-12 07:00:00,3.15,4.475,4.55,4.65,11.484733
2024-01-12 08:00:00,5.53846153846154,7.64102564102564,8.15384615384615,9.07692307692308,19.8341263157895
2024-01-12 09:00:00,6.475,8.75,9.125,9.975,17.203445
2024-01-12 10:00:00,6.475,9.025,9.7,11.05,14.317345
2024-01-12 11:00:00,6.10526315789474,8.39473684210526,8.81578947368421,9.6578947368421,12.1992442105263
2024-01-12 12:00:00,6.05,8.175,8.45,8.95,12.69938
2024-01-12 13:00:00,4.35897435897436,5.97435897435897,6.07692307692308,6.35897435897436,14.5874052631579
2024-01-12 14:00:00,5.17948717948718,7.05128205128205,7.25641025641026,7.79487179487179,18.076065
2024-01-12 15:00:00,6.23076923076923,8.28205128205128,8.51282051282051,8.84615384615385,16.5451210526316
2024-01-12 16:00:00,7.525,10.55,10.825,11.1,16.926805
2024-01-12 17:00:00,5.78947368421053,7.73684210526316,7.78947368421053,8.23684210526316,15.8227210526316
2024-01-12 18:00:00,4.625,6.525,6.6,6.95,14.572935
2024-01-12 19:00:00,5.8974358974359,8.02564102564103,8.2051282051282,8.41025641025641,14.0764315789474
2024-01-12 20:00:00,6.61538461538461,9.02564102564103,9.2051282051282,9.58974358974359,11.121083
2024-01-12 21:00:00,7.20512820512821,9.94871794871795,10.2564102564103,10.5641025641026,10.0738421052632
2024-01-12 22:00:00,4.25,5.83333333333333,5.86111111111111,6.19444444444444,10.3533922222222
2024-01-12 23:00:00,3.41025641025641,5.02564102564103,5.15384615384615,5.46153846153846,9.30840210526316
2024-01-13,2.87179487179487,4.46153846153846,4.56410256410256,4.82051282051282,7.9284155
2024-01-13 01:00:00,0.923076923076923,2.1025641025641,2.20512820512821,2.38461538461538,7.35441789473684
2024-01-13 02:00:00,0.85,1.9,2.025,2.225,8.462372
2024-01-13 03:00:00,1.10526315789474,2,2.10526315789474,2.42105263157895,8.95694315789474
2024-01-13 04:00:00,0.525,1.4,1.425,1.625,9.314527
2024-01-13 05:00:00,0.538461538461538,1.43589743589744,1.46153846153846,1.48717948717949,10.1632452631579
2024-01-13 06:00:00,1.25641025641026,2.20512820512821,2.23076923076923,2.28205128205128,10.597694
2024-01-13 07:00:00,1.61538461538462,2.71794871794872,2.71794871794872,2.74358974358974,10.1185568421053
2024-01-13 08:00:00,2.225,3.575,3.625,3.975,10.783038
2024-01-13 09:00:00,2.07894736842105,3.31578947368421,3.31578947368421,3.36842105263158,10.7008663157895
2024-01-13 10:00:00,2.375,3.5,3.525,3.725,9.053422
2024-01-13 11:00:00,3.10526315789474,4.44736842105263,4.52631578947368,4.65789473684211,9.40893157894737
2024-01-13 12:00:00,4.075,5.65,5.8,6.175,9.074994
2024-01-13 13:00:00,4.66666666666667,6.30769230769231,6.51282051282051,6.84615384615385,11.2233789473684
2024-01-13 14:00:00,5.05,6.75,6.825,7.175,19.145851
2024-01-13 15:00:00,6.86842105263158,9.10526315789474,9.28947368421053,9.44736842105263,13.0854210526316
2024-01-13 16:00:00,7.725,10.125,10.4,10.6,13.57877
2024-01-13 17:00:00,6.79487179487179,8.92307692307692,9.05128205128205,9.33333333333333,12.6394736842105
2024-01-13 18:00:00,7.28205128205128,9.53846153846154,9.69230769230769,9.92307692307692,12.81409
2024-01-13 19:00:00,7.41025641025641,9.53846153846154,9.66666666666667,9.97435897435897,12.9871052631579
2024-01-13 20:00:00,7.3,9.55,9.825,9.95,13.87487
2024-01-13 21:00:00,6.28947368421053,8.1578947368421,8.28947368421053,8.47368421052632,13.8315421052632
2024-01-13 22:00:00,6.75,8.69444444444444,8.97222222222222,9.27777777777778,13.5092611111111
2024-01-13 23:00:00,5.43589743589744,7.05128205128205,7.1025641025641,7.30769230769231,10.9518578947368
2024-01-14,4.82051282051282,6.30769230769231,6.33333333333333,6.48717948717949,10.713659
2024-01-14 01:00:00,4.53846153846154,6.07692307692308,6.17948717948718,6.28205128205128,10.3907410526316
2024-01-14 02:00:00,5.3,6.825,6.95,7.15,12.08105
2024-01-14 03:00:00,5.13157894736842,6.55263157894737,6.60526315789474,6.71052631578947,9.66491789473684
2024-01-14 04:00:00,6.225,8.025,8.2,8.325,11.181531
2024-01-14 05:00:00,6.46153846153846,8.17948717948718,8.28205128205128,8.51282051282051,12.6754736842105
2024-01-14 06:00:00,6.69230769230769,8.64102564102564,8.71794871794872,9.07692307692308,11.838113
2024-01-14 07:00:00,8.46153846153846,11,11.2820512820513,11.5128205128205,10.7761168421053
2024-01-14 08:00:00,8.675,11.25,11.375,11.8,11.145561
2024-01-14 09:00:00,7.05263157894737,9.31578947368421,9.42105263157895,9.60526315789474,9.77204421052632
2024-01-14 10:00:00,6.05,7.975,8.125,8.25,9.351443
2024-01-14 11:00:00,6.23076923076923,8.33333333333333,8.46153846153846,8.74358974358974,9.61197157894737
2024-01-14 12:00:00,8.41025641025641,10.9230769230769,11.1025641025641,11.3846153846154,10.175421
2024-01-14 13:00:00,10.1025641025641,13.1538461538462,13.5128205128205,13.8974358974359,12.7003842105263
2024-01-14 14:00:00,9.225,12.275,12.65,13.075,11.70485
2024-01-14 15:00:00,7.36842105263158,9.71052631578947,9.97368421052632,10.0789473684211,11.0160421052632
2024-01-14 16:00:00,7.575,10.025,10.475,10.675,12.00999
2024-01-14 17:00:00,7.74358974358974,10.4871794871795,10.7692307692308,10.9487179487179,13.6549842105263
2024-01-14 18:00:00,7.51282051282051,10.3333333333333,10.7692307692308,11.1025641025641,11.69036
2024-01-14 19:00:00,7.94871794871795,10.7948717948718,11.0512820512821,11.4358974358974,10.4354789473684
2024-01-14 20:00:00,8.38461538461539,11.1794871794872,11.4871794871795,11.8974358974359,10.816851
2024-01-14 21:00:00,7.02564102564103,9.56410256410256,9.66666666666667,9.8974358974359,13.2181684210526
2024-01-14 22:00:00,7.44444444444444,9.91666666666667,10.1388888888889,10.3611111111111,12.0998222222222
2024-01-14 23:00:00,6.34210526315789,8.86842105263158,9.07894736842105,9.42105263157895,12.1294842105263
2024-01-15,6.5,9.325,9.575,9.8,10.870793
2024-01-15 01:00:00,7.61538461538461,10.7179487179487,10.974358974359,11.3076923076923,11.3634221052632
2024-01-15 02:00:00,7.725,10.775,11.25,11.475,13.298625
2024-01-15 03:00:00,8.52631578947368,11.5526315789474,11.8684210526316,12.1842105263158,12.8563052631579
2024-01-15 04:00:00,8.28205128205128,11.3076923076923,11.7179487179487,12.025641025641,14.420105
2024-01-15 05:00:00,8.38461538461539,11.5384615384615,11.7435897435897,12.3589743589744,13.9479368421053
2024-01-15 06:00:00,8.35897435897436,11.5384615384615,11.8974358974359,12.5384615384615,14.54972
2024-01-15 07:00:00,8.25641025641026,11.6666666666667,12.1538461538462,12.5641025641026,11.1825
2024-01-15 08:00:00,7.35897435897436,10.3333333333333,10.6923076923077,11.0512820512821,10.226012
2024-01-15 09:00:00,5.63157894736842,7.92105263157895,8.28947368421053,9.18421052631579,9.45520947368421
2024-01-15 10:00:00,5.1,7.2,7.6,8.475,9.063564
2024-01-15 11:00:00,4.1025641025641,6.15384615384615,6.66666666666667,7.53846153846154,8.54493263157895
2024-01-15 12:00:00,1.94871794871795,3.51282051282051,3.79487179487179,4.25641025641026,6.00037
2024-01-15 13:00:00,2.82051282051282,4.38461538461539,4.48717948717949,4.79487179487179,10.3023952631579
2024-01-15 14:00:00,3.325,5.125,5.3,5.625,9.583392
2024-01-15 15:00:00,3.73684210526316,5.55263157894737,5.78947368421053,6.10526315789474,10.7745515789474
2024-01-15 16:00:00,5.625,7.7,7.95,8.35,14.66311
2024-01-15 17:00:00,5.48717948717949,7.61538461538461,7.74358974358974,7.8974358974359,19.5235789473684
2024-01-15 18:00:00,5.69230769230769,7.74358974358974,7.82051282051282,7.94871794871795,20.13328
2024-01-15 19:00:00,3.76923076923077,5.41025641025641,5.48717948717949,5.56410256410256,16.5662789473684
2024-01-15 20:00:00,4.375,6.425,6.75,6.875,13.231875
2024-01-15 21:00:00,2,3.38461538461538,3.41025641025641,3.48717948717949,15.1014473684211
2024-01-15 22:00:00,1.34285714285714,2.48571428571429,2.6,2.8,15.1441344444444
2024-01-15 23:00:00,1.325,2.7,2.85,3.25,12.567748
2024-01-16,1.5,2.5,2.5,2.75,6.59844
2024-01-16 01:00:00,2,2,2,3,11.9452
2024-01-16 02:00:00,0.939393939393939,2,2.18181818181818,2.54545454545455,9.52321666666667
2024-01-16 03:00:00,0.734177215189873,1.86075949367089,1.93670886075949,2.24050632911392,14.1992574358974
2024-01-16 04:00:00,0.894736842105263,2.15789473684211,2.26315789473684,2.44736842105263,17.4877421052632
2024-01-16 05:00:00,0.95,2.15,2.375,2.55,13.768098
2024-01-16 06:00:00,1.17948717948718,2.46153846153846,2.51282051282051,2.76923076923077,18.9664473684211
2024-01-16 07:00:00,1.15384615384615,2.38461538461538,2.53846153846154,2.71794871794872,15.328717
2024-01-16 08:00:00,1.25641025641026,2.66666666666667,2.82051282051282,3.15384615384615,9.83222947368421
2024-01-16 09:00:00,1.74358974358974,3.28205128205128,3.53846153846154,3.82051282051282,9.1412085
2024-01-16 10:00:00,2.33333333333333,3.97435897435897,4.28205128205128,4.76923076923077,13.2706863157895
2024-01-16 11:00:00,2.75,4.75,5.2,5.975,15.487266
2024-01-16 12:00:00,1.46153846153846,2.79487179487179,2.8974358974359,2.97435897435897,6.26302473684211
2024-01-16 13:00:00,1.35897435897436,2.58974358974359,2.69230769230769,2.84615384615385,6.9507425
2024-01-16 14:00:00,6.94871794871795,9.97435897435897,10.5128205128205,10.8717948717949,10.9143042105263
2024-01-16 15:00:00,3.125,5.075,5.5,5.975,14.902935
2024-01-16 16:00:00,5.05263157894737,7.36842105263158,7.76315789473684,8.42105263157895,18.8068894736842
2024-01-16 17:00:00,5.125,7.45,7.825,8.35,18.293105
2024-01-16 18:00:00,4.20512820512821,6.25641025641026,6.53846153846154,6.8974358974359,14.0657052631579
2024-01-16 19:00:00,4.84615384615385,7.07692307692308,7.58974358974359,7.8974358974359,13.475405
2024-01-16 20:00:00,10.2307692307692,14.1025641025641,15.0769230769231,15.6153846153846,14.3694421052632
2024-01-16 21:00:00,10.125,13.65,14.525,14.925,16.9981
2024-01-16 22:00:00,11.6666666666667,16.1666666666667,17.0694444444444,18.1666666666667,17.3556111111111
2024-01-16 23:00:00,18.6,26.3,28.85,30,18.968825
2024-01-17,12.0512820512821,17.0769230769231,18.5897435897436,19.2051282051282,15.1291
2024-01-17 01:00:00,10.025,13.4,14.15,14.725,20.35625
2024-01-17 02:00:00,11.7894736842105,15.8421052631579,16.6578947368421,17.4473684210526,20.2406421052632
2024-01-17 03:00:00,10.65,14.4,15.05,15.575,65.801925
2024-01-17 04:00:00,10.8974358974359,14.7435897435897,15.6666666666667,16.4615384615385,33.9841736842105
2024-01-17 05:00:00,8.94871794871795,12.1025641025641,12.6153846153846,13.4871794871795,28.938585
2024-01-17 06:00:00,10.5641025641026,14.2564102564103,15.1538461538462,15.5641025641026,40.2509894736842
2024-01-17 07:00:00,20.225,26.9,28.45,29.625,46.131225
2024-01-17 08:00:00,20.1315789473684,27.3157894736842,29.5,30.7105263157895,45.1168684210526
2024-01-17 09:00:00,16.8048780487805,22.7073170731707,24.609756097561,25.5365853658537,27.09775
2024-01-17 10:00:00,20.3684210526316,27.6578947368421,30.3947368421053,32.2631578947368,35.2184
2024-01-17 11:00:00,24.6923076923077,33.3846153846154,36.4102564102564,39.4102564102564,46.11968
2024-01-17 12:00:00,23.9736842105263,31.6578947368421,34.4210526315789,36.7631578947368,49.6387631578947
2024-01-17 13:00:00,20.55,27.55,29.425,30.8,50.502085
2024-01-17 14:00:00,22.0769230769231,29.0512820512821,31.025641025641,32.5128205128205,62.4336947368421
2024-01-17 15:00:00,23.0512820512821,30.2564102564103,32.4102564102564,34.1282051282051,64.860155
2024-01-17 16:00:00,23.8717948717949,31.5384615384615,34.0769230769231,35.7692307692308,69.1859736842105
2024-01-17 17:00:00,25.325,33.075,35.65,36.925,65.176165
2024-01-17 18:00:00,23.4210526315789,30.3947368421053,32.0526315789474,33.0789473684211,61.250647368421
2024-01-17 19:00:00,23.825,31.025,32.85,33.775,59.361445
2024-01-17 20:00:00,26.8205128205128,34.8205128205128,36.6153846153846,37.4615384615385,60.1085947368421
2024-01-17 21:00:00,25.8205128205128,33.3846153846154,34.7948717948718,35.7692307692308,57.0856
2024-01-17 22:00:00,27.0857142857143,34.4,36.1428571428571,36.9428571428571,49.5492764705882
2024-01-17 23:00:00,24.875,32.075,33.525,34.675,48.751685
2024-01-18,25.9210526315789,33.9736842105263,35.9473684210526,37.5526315789474,41.2299578947368
2024-01-18 01:00:00,24.8,32.225,34.3,35.45,42.710805
2024-01-18 02:00:00,25.3947368421053,32.9210526315789,34.3947368421053,35.6578947368421,42.6347789473684
2024-01-18 03:00:00,26.275,34.6,36.475,37.975,41.836795
2024-01-18 04:00:00,28.8205128205128,38.1794871794872,40.2051282051282,41.5897435897436,52.8728736842105
2024-01-18 05:00:00,29.4102564102564,38.8461538461538,41.6410256410256,43.3333333333333,44.93217
2024-01-18 06:00:00,17.974358974359,23.7692307692308,25.0512820512821,26.0512820512821,23.4614157894737
2024-01-18 07:00:00,5.1,6.6,6.625,6.8,11.66296
2024-01-18 08:00:00,9.92105263157895,12.5263157894737,12.7894736842105,12.9473684210526,10.2454694736842
2024-01-18 09:00:00,7.17241379310345,9,9.03448275862069,9.06896551724138,10.3097133333333
2024-01-18 10:00:00,4.14705882352941,5.94117647058824,6.11764705882353,6.29411764705882,12.1784317647059
2024-01-18 11:00:00,3.76923076923077,5.30769230769231,5.48717948717949,5.71794871794872,11.802115
2024-01-18 12:00:00,5.58974358974359,7.43589743589744,7.64102564102564,7.94871794871795,13.9726378947368
2024-01-18 13:00:00,8.35897435897436,10.8205128205128,11.1538461538462,11.3846153846154,20.992865
2024-01-18 14:00:00,8.97435897435897,11.7179487179487,11.974358974359,12.3333333333333,22.4311368421053
2024-01-18 15:00:00,7.20512820512821,9.43589743589744,9.64102564102564,10,22.87523
2024-01-18 16:00:00,5.44736842105263,7.34210526315789,7.42105263157895,7.76315789473684,15.3115894736842
2024-01-18 17:00:00,8.02564102564103,11.0769230769231,11.6923076923077,11.974358974359,16.573795
2024-01-18 18:00:00,8.05128205128205,11.2820512820513,12.1794871794872,12.9230769230769,21.9850536842105
2024-01-18 19:00:00,6.2,9.175,10.05,11.35,11.004817
2024-01-18 20:00:00,10.3947368421053,14.7631578947368,16.0526315789474,17.4736842105263,21.3916578947368
2024-01-18 21:00:00,13.3,18.025,19.125,20.1,20.636235
2024-01-18 22:00:00,9.63636363636364,13.2121212121212,13.9090909090909,14.8484848484848,17.29276875
2024-01-18 23:00:00,12.0769230769231,16.3333333333333,17.1025641025641,18,17.474945
2024-01-19,11.4615384615385,15.2051282051282,16,16.8717948717949,13.5464263157895
2024-01-19 01:00:00,12.35,16.2,17.225,17.975,15.024554
2024-01-19 02:00:00,5.28947368421053,7.28947368421053,7.57894736842105,7.89473684210526,10.9140157894737
2024-01-19 03:00:00,5.525,7.75,8.2,8.475,14.604067
2024-01-19 04:00:00,6.97435897435897,9.56410256410256,10.1282051282051,10.6153846153846,31.4048842105263
2024-01-19 05:00:00,7.525,10.6,11.55,12.225,51.65503
2024-01-19 06:00:00,7.52631578947368,10.1315789473684,10.7105263157895,11.0526315789474,33.4744736842105
2024-01-19 07:00:00,9.35,12.975,13.625,14.4,24.444065
2024-01-19 08:00:00,10.3846153846154,14.1794871794872,15.0769230769231,15.7179487179487,23.0553910526316
2024-01-19 09:00:00,12.375,16.75,18,18.725,14.2205665
2024-01-19 10:00:00,5.73684210526316,8.05263157894737,8.3421052631579,8.71052631578947,10.3658821052632
2024-01-19 11:00:00,7.275,9.625,10.025,10.5,10.662978
2024-01-19 12:00:00,7.48717948717949,10.0769230769231,10.4871794871795,10.8205128205128,14.7124794736842
2024-01-19 13:00:00,4.3,6.175,6.575,6.9,15.219055
2024-01-19 14:00:00,3.5,5.23684210526316,5.5,6.15789473684211,16.4272210526316
2024-01-19 15:00:00,4.5,6.55,7.05,7.55,14.986375
2024-01-19 16:00:00,5.84615384615385,8.05128205128205,8.41025641025641,9.12820512820513,15.3135789473684
2024-01-19 17:00:00,12.0263157894737,16.0526315789474,17.0789473684211,17.7631578947368,23.4187947368421
2024-01-19 18:00:00,11.925,16.45,17.525,18.2,20.97409
2024-01-19 19:00:00,12.2820512820513,17.0512820512821,18.5641025641026,19.5384615384615,15.9026315789474
2024-01-19 20:00:00,9.05128205128205,12.4358974358974,13.1282051282051,13.8461538461538,13.43299
2024-01-19 21:00:00,11.4102564102564,15.1794871794872,16.025641025641,16.6410256410256,14.6083157894737
2024-01-19 22:00:00,9.85294117647059,13.3235294117647,13.8823529411765,14.4411764705882,14.7169058823529
2024-01-19 23:00:00,6.86842105263158,9.6578947368421,10.1842105263158,10.7105263157895,13.8798105263158
2024-01-20,8.225,11.325,12,12.425,12.76491
2024-01-20 01:00:00,3.94871794871795,5.74358974358974,6.02564102564103,6.35897435897436,12.5315263157895
2024-01-20 02:00:00,3.675,5.325,5.575,6.025,11.677062
2024-01-20 03:00:00,4.10526315789474,6.07894736842105,6.42105263157895,6.73684210526316,12.3314368421053
2024-01-20 04:00:00,4.325,6.2,6.525,6.975,13.732295
2024-01-20 05:00:00,3.58974358974359,5.30769230769231,5.56410256410256,5.82051282051282,15.2490894736842
2024-01-20 06:00:00,3.33333333333333,4.97435897435897,5.17948717948718,5.51282051282051,12.581266
2024-01-20 07:00:00,3.71794871794872,5.53846153846154,5.82051282051282,6.35897435897436,14.6000326315789
2024-01-20 08:00:00,3.65789473684211,5.55263157894737,5.71052631578947,6.18421052631579,15.1637666666667
2024-01-20 09:00:00,4.48717948717949,6.35897435897436,6.71794871794872,7,11.3783673684211
2024-01-20 10:00:00,4.65,6.5,6.7,6.9,8.479684
2024-01-20 11:00:00,4.52631578947368,6.34210526315789,6.42105263157895,6.78947368421053,7.25387947368421
2024-01-20 12:00:00,4.95,6.775,6.925,7.175,7.1642515
2024-01-20 13:00:00,5.15384615384615,7.1025641025641,7.35897435897436,7.48717948717949,13.1713210526316
2024-01-20 14:00:00,6.84615384615385,9.35897435897436,9.82051282051282,10.2820512820513,12.8013755
2024-01-20 15:00:00,8.71794871794872,11.4102564102564,11.974358974359,12.3076923076923,14.0407
2024-01-20 16:00:00,9.025,12.225,12.875,13.375,22.27022
2024-01-20 17:00:00,10.7368421052632,14.1315789473684,14.6578947368421,15.0263157894737,22.1215894736842
2024-01-20 18:00:00,10.175,13.375,14,14.775,18.35634
2024-01-20 19:00:00,14.1794871794872,18.7435897435897,19.5384615384615,20.1538461538462,16.6805536842105
2024-01-20 20:00:00,17.225,23.05,24.725,26.35,45.99543
2024-01-20 21:00:00,15.6842105263158,20.9210526315789,22.1052631578947,23.3684210526316,34.7357578947368
2024-01-20 22:00:00,17.2647058823529,22.4117647058824,23.7647058823529,24.4705882352941,25.6342058823529
2024-01-20 23:00:00,21.6410256410256,28.2307692307692,29.7948717948718,31.3076923076923,26.6441894736842
2024-01-21,27.5641025641026,36.5384615384615,38.8205128205128,40.8717948717949,62.474415
2024-01-21 01:00:00,31.2307692307692,41.9487179487179,45.8461538461538,48.025641025641,56.7781578947368
2024-01-21 02:00:00,29.025,38.775,41.775,43.85,45.28722
2024-01-21 03:00:00,21.5384615384615,28.4871794871795,30.7692307692308,32.4615384615385,36.9725157894737
2024-01-21 04:00:00,24.7435897435897,32.5897435897436,34.9230769230769,36.7948717948718,51.616725
2024-01-21 05:00:00,19.1538461538462,25.3589743589744,27,28.7692307692308,41.5698421052632
2024-01-21 06:00:00,23.325,30.475,32.55,33.95,52.593255
2024-01-21 07:00:00,22.6842105263158,30.0263157894737,31.7368421052632,32.6842105263158,32.4594210526316
2024-01-21 08:00:00,32.55,44.15,47.475,50.075,33.800735
2024-01-21 09:00:00,25.3589743589744,32.9230769230769,34.6923076923077,35.8974358974359,51.8100368421053
2024-01-21 10:00:00,27.175,36.6,40.175,44.825,39.705945
2024-01-21 11:00:00,25.3947368421053,33.5263157894737,36.1052631578947,39.4210526315789,38.0662
2024-01-21 12:00:00,25.6,32.95,35.2,37.5,52.02734
2024-01-21 13:00:00,26.2564102564103,33.7692307692308,35.8717948717949,37.4358974358974,54.1167842105263
2024-01-21 14:00:00,27.075,34.15,36.175,37.475,44.33531
2024-01-21 15:00:00,30.7027027027027,38.5945945945946,40.5945945945946,41.9189189189189,36.2638
2024-01-21 16:00:00,29.575,37.65,39.875,41.35,30.249515
2024-01-21 17:00:00,34.4102564102564,44.9230769230769,47.7692307692308,49.3589743589744,39.3227421052632
2024-01-21 18:00:00,32.9487179487179,42.0769230769231,44.5128205128205,45.4102564102564,41.949825
2024-01-21 19:00:00,36.7179487179487,46.5641025641026,48.7435897435897,50.5897435897436,47.8487368421053
2024-01-21 20:00:00,41.8,52.25,55,56.65,43.96236
2024-01-21 21:00:00,39.0526315789474,50.3157894736842,53.8421052631579,55.2368421052632,41.3111
2024-01-21 22:00:00,38.6176470588235,49.1470588235294,51.7058823529412,53.3529411764706,27.9724764705882
2024-01-21 23:00:00,45.9487179487179,58.7179487179487,62.8205128205128,65.2564102564103,48.4320789473684
2024-01-22,42.8974358974359,55.1282051282051,58.3589743589744,60.2307692307692,42.6880368421053
2024-01-22 01:00:00,39.9210526315789,50.4210526315789,53.3157894736842,54.9736842105263,45.2564526315789
2024-01-22 02:00:00,32.675,41.95,44.95,46.75,43.671175
2024-01-22 03:00:00,41.7692307692308,54.6410256410256,59.6923076923077,67.7179487179487,52.3997578947368
2024-01-22 04:00:00,41.8205128205128,54.4102564102564,59.3076923076923,66.2820512820513,51.71156
2024-01-22 05:00:00,40.1578947368421,51.6052631578947,55.5,59.5,47.6094611111111
2024-01-22 06:00:00,37.625,48.625,52.15,55.225,60.87523
2024-01-22 07:00:00,42.3076923076923,55.7692307692308,62,70.9487179487179,65.7974947368421
2024-01-22 08:00:00,42.5128205128205,56.3333333333333,62.4871794871795,72.0512820512821,49.76476
2024-01-22 09:00:00,44.7297297297297,58.7837837837838,64.4594594594595,73.2432432432432,50.3264666666667
2024-01-22 10:00:00,49.55,64.325,70.075,77.1,65.24772
2024-01-22 11:00:00,57.6410256410256,73.1282051282051,78.6410256410256,84.5897435897436,95.2565789473684
2024-01-22 12:00:00,51.6410256410256,66.3076923076923,72.3333333333333,80.5897435897436,77.794275
2024-01-22 13:00:00,48.6923076923077,62.6153846153846,68.7692307692308,77.2051282051282,75.1072052631579
2024-01-22 14:00:00,49.3076923076923,63.2820512820513,69.5384615384615,78.4102564102564,86.441935
2024-01-22 15:00:00,52.5897435897436,68.2051282051282,74.8205128205128,85.974358974359,88.2598894736842
2024-01-22 16:00:00,57.25,73.925,81.375,92.075,87.88475
2024-01-22 17:00:00,53.7368421052632,69.4473684210526,76.3157894736842,84.5263157894737,83.4529842105263
2024-01-22 18:00:00,60.125,77.925,84.525,91.475,79.11878
2024-01-22 19:00:00,55.3076923076923,71.8974358974359,78.7435897435897,87.4871794871795,73.2601
2024-01-22 20:00:00,57.5128205128205,74.4358974358974,80.8974358974359,86.9230769230769,67.26104
2024-01-22 21:00:00,57.5526315789474,74.2105263157895,80.8947368421053,86.9210526315789,64.2407111111111
2024-01-22 22:00:00,52.775,69.625,75.875,81.125,55.832465
2024-01-22 23:00:00,51.1315789473684,68.4473684210526,74.8947368421053,80.6842105263158,32.0264263157895
2024-01-23,13.175,18.35,20.025,21.35,8.1974915
2024-01-23 01:00:00,1.20512820512821,2.74358974358974,3.07692307692308,3.79487179487179,5.64593368421053
2024-01-23 02:00:00,1.28205128205128,2.94871794871795,3.58974358974359,4.28205128205128,5.2377935
2024-01-23 03:00:00,2.58974358974359,4.64102564102564,5.17948717948718,6.35897435897436,5.57546789473684
2024-01-23 04:00:00,2.48717948717949,4.69230769230769,5.51282051282051,5.97435897435897,6.17234631578947
2024-01-23 05:00:00,1.05263157894737,2.60526315789474,3.07894736842105,3.63157894736842,9.84893526315789
2024-01-23 06:00:00,0.95,2.2,2.4,2.675,13.4094405
2024-01-23 07:00:00,0.794871794871795,1.97435897435897,2.12820512820513,2.33333333333333,137.671623684211
2024-01-23 08:00:00,0.714285714285714,2.14285714285714,2.57142857142857,3,4.595735
2024-01-23 09:00:00,1.68965517241379,3.68965517241379,4.55172413793103,5.44827586206897,4.18399928571429
2024-01-23 10:00:00,1.8,3.9,4.65,5.325,4.1936055
2024-01-23 11:00:00,1.92307692307692,4.05128205128205,4.69230769230769,5.46153846153846,4.34461894736842
2024-01-23 12:00:00,2.58974358974359,4.76923076923077,5.12820512820513,6.07692307692308,4.934113
2024-01-23 13:00:00,2.76923076923077,5.02564102564103,5.76923076923077,6.94871794871795,4.94184157894737
2024-01-23 14:00:00,3.175,5.875,6.725,7.725,6.0558655
2024-01-23 15:00:00,3.25641025641026,5.76923076923077,6.58974358974359,7.38461538461539,10.481404
2024-01-23 16:00:00,4.38461538461539,7.87179487179487,9.17948717948718,10.7435897435897,14.3119315789474
2024-01-23 17:00:00,3.575,6.55,7.5,8.65,12.85577
2024-01-23 18:00:00,4.61538461538461,7.8974358974359,9.35897435897436,10.6410256410256,13.6165157894737
2024-01-23 19:00:00,5.28205128205128,8.76923076923077,10.0769230769231,11.1538461538462,12.86823
2024-01-23 20:00:00,4.65789473684211,7.92105263157895,9.39473684210526,10.6842105263158,13.3014894736842
2024-01-23 21:00:00,3.45,6.5,7.55,8.85,12.34452
2024-01-23 22:00:00,3.58974358974359,6.53846153846154,7.84615384615385,9.2051282051282,11.7421578947368
2024-01-23 23:00:00,6.075,9.725,11.025,12.05,10.543722
2024-01-24,2.47368421052632,4.71052631578947,5.60526315789474,6.44736842105263,11.6939157894737
2024-01-24 01:00:00,1.775,3.4,3.825,4.2,14.049935
2024-01-24 02:00:00,0.871794871794872,2.35897435897436,2.53846153846154,2.87179487179487,14.0800473684211
2024-01-24 03:00:00,0.307692307692308,1.30769230769231,1.41025641025641,1.64102564102564,11.281284
2024-01-24 04:00:00,0.179487179487179,1.17948717948718,1.20512820512821,1.25641025641026,9.19967368421053
2024-01-24 05:00:00,0.225,1.15,1.225,1.4,8.008329
2024-01-24 06:00:00,0.230769230769231,1.30769230769231,1.43589743589744,1.58974358974359,7.88390842105263
2024-01-24 07:00:00,0.102564102564103,0.897435897435897,0.897435897435897,0.948717948717949,7.2173815
2024-01-24 08:00:00,0.461538461538462,1.33333333333333,1.38461538461538,1.46153846153846,7.53592157894737
2024-01-24 09:00:00,0.717948717948718,1.74358974358974,1.74358974358974,1.94871794871795,5.0514925
2024-01-24 10:00:00,0.153846153846154,0.82051282051282,0.846153846153846,0.974358974358974,6.09008473684211
2024-01-24 11:00:00,0.425,1.725,1.975,2.325,3.6403235
2024-01-24 12:00:00,1.05263157894737,2.94736842105263,3.47368421052632,4.28947368421053,3.22975157894737
2024-01-24 13:00:00,1.4,3.775,4.375,5.1,7.7826865
2024-01-24 14:00:00,1.61538461538462,4.02564102564103,4.76923076923077,5.48717948717949,4.63003052631579
2024-01-24 15:00:00,2.1,4.925,6.15,7.625,6.0467245
2024-01-24 16:00:00,3.5,6.66666666666667,7.75,9.41666666666667,10.7216283333333
2024-01-24 17:00:00,2.93333333333333,6.33333333333333,7.9,9.03333333333333,7.035092
2024-01-24 18:00:00,2.61538461538462,5.8974358974359,7.20512820512821,8.7948717948718,5.7460852631579
2024-01-24 19:00:00,2.64102564102564,5.66666666666667,6.97435897435897,8.58974358974359,4.8937585
2024-01-24 20:00:00,2.1025641025641,5.30769230769231,6.53846153846154,8.12820512820513,5.16303368421053
2024-01-24 21:00:00,2.5,5.35,7.05,8.375,6.206946
2024-01-24 22:00:00,2.15789473684211,4.81578947368421,6.31578947368421,7.28947368421053,5.62372368421053
2024-01-24 23:00:00,2.41025641025641,5.46153846153846,7.12820512820513,8.64102564102564,6.574739
2024-01-25,2.17948717948718,4.87179487179487,6.28205128205128,7.46153846153846,6.31214894736842
2024-01-25 01:00:00,2,4.75,6.35,7.4,5.9450605
2024-01-25 02:00:00,2.52631578947368,5.71052631578947,7.44736842105263,8.5,8.81536105263158
2024-01-25 03:00:00,2.375,5.825,7.55,8.925,8.6617585
2024-01-25 04:00:00,2.53846153846154,5.97435897435897,7.66666666666667,9.46153846153846,13.3446663157895
2024-01-25 05:00:00,2.8,6.275,8.15,10.175,9.0732895
2024-01-25 06:00:00,2.60526315789474,5.73684210526316,7.39473684210526,8.97368421052632,8.63659315789474
2024-01-25 07:00:00,2.375,5.375,7.125,8.475,8.1234055
2024-01-25 08:00:00,1.8974358974359,4.66666666666667,6.15384615384615,7.23076923076923,6.84780157894737
2024-01-25 09:00:00,2.1,4.775,6.075,7.1,6.6724405
2024-01-25 10:00:00,1.78947368421053,4.10526315789474,4.97368421052632,5.94736842105263,5.33981578947368
2024-01-25 11:00:00,1.4,3.525,4.2,5.05,4.130692
2024-01-25 12:00:00,1.15384615384615,3.17948717948718,3.61538461538462,4.56410256410256,5.05094315789474
2024-01-25 13:00:00,1.17948717948718,3.23076923076923,3.82051282051282,4.58974358974359,8.4252745
2024-01-25 14:00:00,1.33333333333333,3.20512820512821,3.82051282051282,4.61538461538461,12.0752021052632
2024-01-25 15:00:00,1.875,4.125,5,5.55,16.205135
2024-01-25 16:00:00,1.5,3.60526315789474,4.34210526315789,5.42105263157895,15.4360105263158
2024-01-25 17:00:00,1.8,3.9,4.675,5.75,15.88496
2024-01-25 18:00:00,1.94871794871795,4.28205128205128,4.87179487179487,6.15384615384615,15.8883578947368
2024-01-25 19:00:00,2.325,4.85,5.8,6.7,16.0242
2024-01-25 20:00:00,3.42105263157895,6.39473684210526,7.76315789473684,9,15.7952052631579
2024-01-25 21:00:00,3.8,6.875,8.125,9.65,16.998655
2024-01-25 22:00:00,7.87179487179487,12.4358974358974,14.2820512820513,16.5128205128205,20.5798947368421
2024-01-25 23:00:00,7.71794871794872,11.9487179487179,13.6410256410256,15.3076923076923,15.3256
2024-01-26,5.38461538461539,9.07692307692308,11.1282051282051,12.6410256410256,12.2540105263158
2024-01-26 01:00:00,5.825,9.45,11.3,12.475,13.133645
2024-01-26 02:00:00,7.34210526315789,11.6052631578947,13.1578947368421,14.6842105263158,12.8325421052632
2024-01-26 03:00:00,6.675,10.775,12.7,14.025,20.113445
2024-01-26 04:00:00,7.56410256410256,12.1025641025641,14.2307692307692,16.025641025641,25.4320684210526
2024-01-26 05:00:00,7.9,12.8,14.975,17.75,32.32994
2024-01-26 06:00:00,12.0789473684211,17.8157894736842,20.1315789473684,24.1052631578947,33.9546368421053
2024-01-26 07:00:00,14.125,20.925,23.65,26.975,42.598275
2024-01-26 08:00:00,14.4615384615385,21.5128205128205,24.8461538461538,29.9487179487179,49.6284789473684
2024-01-26 09:00:00,12.85,19.525,23.55,29.625,44.456285
2024-01-26 10:00:00,10.3947368421053,16.3421052631579,20.2105263157895,24.6842105263158,31.2747263157895
2024-01-26 11:00:00,10.8,16.775,19.3,23.35,25.31621
2024-01-26 12:00:00,9.84615384615385,15.1794871794872,17.4102564102564,20.6666666666667,23.2134526315789
2024-01-26 13:00:00,12,18,20.8461538461538,24.025641025641,50.513485
2024-01-26 14:00:00,17.2564102564103,25.2820512820513,29.2820512820513,33.3589743589744,62.3067578947368
2024-01-26 15:00:00,17.3,25.15,29.1,33.825,68.07123
2024-01-26 16:00:00,15.8717948717949,22.9230769230769,26.6410256410256,30.2820512820513,60.3794947368421
2024-01-26 17:00:00,0.743589743589744,1.84615384615385,1.97435897435897,2.33333333333333,6.7317625
2024-01-26 18:00:00,0.435897435897436,1.69230769230769,1.76923076923077,2.30769230769231,3.86210684210526
2024-01-26 19:00:00,0.75,2.05,2.275,2.7,4.346673
2024-01-26 20:00:00,0.447368421052632,1.65789473684211,1.86842105263158,2.39473684210526,5.12365894736842
2024-01-26 21:00:00,0.9,2.45,2.65,2.95,5.4685605
2024-01-26 22:00:00,1.35897435897436,3.15384615384615,3.92307692307692,4.64102564102564,4.60490421052632
2024-01-26 23:00:00,2.23076923076923,4.15384615384615,4.76923076923077,5.12820512820513,5.0575505
2024-01-27,0.743589743589744,2.20512820512821,2.43589743589744,3.05128205128205,6.66628263157895
2024-01-27 01:00:00,0.75,2.225,2.725,3.4,6.157919
2024-01-27 02:00:00,1.1025641025641,2.92307692307692,3.33333333333333,4.05128205128205,6.88184684210526
2024-01-27 03:00:00,1.23076923076923,3.07692307692308,4.07692307692308,4.8974358974359,7.9126785
2024-01-27 04:00:00,1.1025641025641,3.20512820512821,3.94871794871795,4.97435897435897,8.75430894736842
2024-01-27 05:00:00,1.375,3.55,4.375,5.5,9.358513
2024-01-27 06:00:00,1.42105263157895,3.89473684210526,5.02631578947368,6.15789473684211,9.83027789473684
2024-01-27 07:00:00,1.45,3.675,4.675,5.975,9.335289
2024-01-27 08:00:00,1.58974358974359,3.8974358974359,5.1025641025641,6.30769230769231,10.1076926315789
2024-01-27 09:00:00,1.85,4.4,5.45,6.875,10.415928
2024-01-27 10:00:00,2.30769230769231,5.02564102564103,6.53846153846154,8.1025641025641,10.156137
2024-01-27 11:00:00,2.25641025641026,4.82051282051282,6.05128205128205,7.74358974358974,6.52183947368421
2024-01-27 12:00:00,2.425,5.05,6.275,7.275,5.4133635
2024-01-27 13:00:00,2.02564102564103,4.46153846153846,5.61538461538461,6.94871794871795,5.71262684210526
2024-01-27 14:00:00,3.15384615384615,5.79487179487179,6.82051282051282,8.23076923076923,7.8864375
2024-01-27 15:00:00,3.23076923076923,5.8974358974359,6.79487179487179,8.25641025641026,14.5073268421053
2024-01-27 16:00:00,4.875,8.025,9.1,10.125,15.3941015
2024-01-27 17:00:00,2.57894736842105,5.15789473684211,6.21052631578947,7.07894736842105,12.7904336842105
2024-01-27 18:00:00,2.7,5.025,5.925,6.975,11.606248
2024-01-27 19:00:00,4.58974358974359,7.48717948717949,8.33333333333333,9.25641025641026,13.2722536842105
2024-01-27 20:00:00,6.825,10.5,11.55,12.625,17.046265
2024-01-27 21:00:00,6.63157894736842,10.4473684210526,11.8421052631579,13.1842105263158,17.0385210526316
2024-01-27 22:00:00,8.46153846153846,12.9487179487179,14.5128205128205,15.6923076923077,18.8645684210526
2024-01-27 23:00:00,10.8205128205128,15.0512820512821,16.7435897435897,18.2564102564103,15.7326947368421
2024-01-28,9.38461538461539,14.5128205128205,17.025641025641,18.4358974358974,18.673675
2024-01-28 01:00:00,7.48717948717949,12,13.5128205128205,14.9487179487179,15.9441473684211
2024-01-28 02:00:00,6.325,9.775,11.125,12.325,22.325975
2024-01-28 03:00:00,5.60526315789474,9.10526315789474,10.7105263157895,11.8947368421053,13.3641894736842
2024-01-28 04:00:00,6.025,9.3,10.35,11.3,18.128106
2024-01-28 05:00:00,6.51282051282051,9.92307692307692,11.0512820512821,12.5897435897436,24.1960842105263
2024-01-28 06:00:00,7.92307692307692,12.1794871794872,13.6153846153846,14.9487179487179,19.992645
2024-01-28 07:00:00,10.2051282051282,14.974358974359,16.6666666666667,18.2307692307692,22.4605894736842
2024-01-28 08:00:00,13.1,18.6,20.6,21.95,19.0533935
2024-01-28 09:00:00,14.3076923076923,20.4102564102564,23.1538461538462,25,24.6451915789474
2024-01-28 10:00:00,10.925,15.95,18.425,20.875,17.666378
2024-01-28 11:00:00,10.6052631578947,15.5263157894737,17.8947368421053,20.9736842105263,13.3068852631579
2024-01-28 12:00:00,8.225,12.55,14.675,16.825,10.089946
2024-01-28 13:00:00,8.05128205128205,12.2307692307692,14.3333333333333,16.7692307692308,14.9969957894737
2024-01-28 14:00:00,5.66666666666667,8.92307692307692,10.2564102564103,11.6153846153846,11.626104
2024-01-28 15:00:00,9.76923076923077,14.3846153846154,16.0769230769231,18.1794871794872,33.9818368421053
2024-01-28 16:00:00,9.725,14.25,16,17.65,32.0735
2024-01-28 17:00:00,17.0263157894737,23.1842105263158,24.7631578947368,26.2894736842105,48.7681210526316
2024-01-28 18:00:00,16.825,23.575,25.675,27.925,37.74411
2024-01-28 19:00:00,12.9487179487179,18.3589743589744,20.1025641025641,21.4615384615385,24.7520052631579
2024-01-28 20:00:00,15.575,21.2,23.075,24.45,29.21493
2024-01-28 21:00:00,17.8947368421053,24.9210526315789,27.7105263157895,29.3947368421053,20.2380263157895
2024-01-28 22:00:00,18.125,25.025,27.075,29,18.91522
2024-01-28 23:00:00,18.7179487179487,25.7692307692308,28.1282051282051,30.1025641025641,18.1554263157895
2024-01-29,16.8461538461538,23.1025641025641,24.9487179487179,26.6666666666667,14.66093
2024-01-29 01:00:00,18.4358974358974,24.974358974359,27.1538461538462,28.7435897435897,14.1258631578947
2024-01-29 02:00:00,16.75,23.125,25.45,26.875,12.868802
2024-01-29 03:00:00,20.7179487179487,28.6923076923077,31.3076923076923,33.2307692307692,14.7598263157895
2024-01-29 04:00:00,19.8717948717949,28.2564102564103,31,33.4358974358974,23.2771
2024-01-29 05:00:00,18.4871794871795,26.1282051282051,29.0769230769231,31.6153846153846,31.7211684210526
2024-01-29 06:00:00,23,33,37.975,41.4,25.642105
2024-01-29 07:00:00,30.3421052631579,44.0526315789474,51.5263157894737,58.8684210526316,27.1618
2024-01-29 08:00:00,26.425,37.025,41.025,44.725,26.623815
2024-01-29 09:00:00,28.8717948717949,41.4358974358974,46.9487179487179,51.7435897435897,29.6718315789474
2024-01-29 10:00:00,31.1,45.25,50.675,54.275,32.17545
2024-01-29 11:00:00,32.0526315789474,47.0526315789474,52.6315789473684,56.7894736842105,32.6061526315789
2024-01-29 12:00:00,29.325,43.175,48.7,51.9,26.643375
2024-01-29 13:00:00,27.1025641025641,39.1794871794872,43.2051282051282,45.5897435897436,24.1729684210526
2024-01-29 14:00:00,26.8205128205128,38.6410256410256,42.5384615384615,45.4871794871795,23.29229
2024-01-29 15:00:00,26.8205128205128,37.974358974359,41.6410256410256,44.3333333333333,27.7419263157895
2024-01-29 16:00:00,28.2,39.975,43.775,45.775,21.217335
2024-01-29 17:00:00,27.6410256410256,38.5897435897436,42.2820512820513,44.4615384615385,15.3052263157895
2024-01-29 18:00:00,23.6410256410256,33.2820512820513,36.0769230769231,37.1794871794872,15.28678
2024-01-29 19:00:00,24.5128205128205,34.3589743589744,36.6923076923077,38.4871794871795,15.8273894736842
2024-01-29 20:00:00,17.475,24.925,27.425,30.45,15.150825
2024-01-29 21:00:00,19.1842105263158,26.7631578947368,29.6315789473684,34.8947368421053,14.9724894736842
2024-01-29 22:00:00,15.875,22.35,24.05,25.3,15.142315
2024-01-29 23:00:00,17.8461538461538,24.6153846153846,25.7435897435897,26.7692307692308,14.2231526315789
2024-01-30,15.4102564102564,21.7179487179487,23.5641025641026,24.2564102564103,17.17324
2024-01-30 01:00:00,16.4871794871795,23.2564102564103,24.974358974359,25.8717948717949,16.9238894736842
2024-01-30 02:00:00,13.2,18.675,19.975,20.75,15.286715
2024-01-30 03:00:00,13.1052631578947,18.3947368421053,19.3684210526316,19.9473684210526,15.6647157894737
2024-01-30 04:00:00,12.8,18.2,19.225,19.9,20.165315
2024-01-30 05:00:00,10.5641025641026,14.7692307692308,15.6410256410256,16.3333333333333,31.8974684210526
2024-01-30 06:00:00,15.025,20.875,22.425,23.35,35.82636
2024-01-30 07:00:00,14.2631578947368,19.9210526315789,21.2368421052632,21.8157894736842,32.2229157894737
2024-01-30 08:00:00,13.875,19.45,20.25,21.25,23.17082
2024-01-30 09:00:00,13.9210526315789,19.4473684210526,20.5789473684211,21.0263157894737,19.6365684210526
2024-01-30 10:00:00,14.65,20.05,21.025,21.6,24.181
2024-01-30 11:00:00,15.2105263157895,20.6315789473684,21.6052631578947,22.1842105263158,15.8482368421053
2024-01-30 12:00:00,16,21.75,22.775,23.35,17.89237
2024-01-30 13:00:00,19.8205128205128,27,28.5384615384615,29.4358974358974,20.0342842105263
2024-01-30 14:00:00,19.9487179487179,27.0512820512821,28.7692307692308,29.6666666666667,20.34413
2024-01-30 15:00:00,18.974358974359,25.8974358974359,27.5384615384615,28.5384615384615,21.8937631578947
2024-01-30 16:00:00,22.55,31.95,34.825,36.05,22.631835
2024-01-30 17:00:00,27.2105263157895,39.6578947368421,43.8421052631579,45.8157894736842,25.7138842105263
2024-01-30 18:00:00,27.8,41.2,45.55,47.45,20.841415
2024-01-30 19:00:00,25.6923076923077,38.0512820512821,41.7435897435897,43.6666666666667,21.1095315789474
2024-01-30 20:00:00,24.325,34.75,37.125,38.55,22.70016
2024-01-30 21:00:00,25.1052631578947,36.4210526315789,39.7894736842105,41.1578947368421,19.9988210526316
2024-01-30 22:00:00,26.7,38.975,42.9,44.25,20.67094
2024-01-30 23:00:00,28.2051282051282,42.4358974358974,46.9230769230769,49.1282051282051,20.5371578947368
2024-01-31,29.1025641025641,43.7179487179487,48.2820512820513,50.9487179487179,24.201195
2024-01-31 01:00:00,30.0512820512821,44.9487179487179,50.2820512820513,53.4358974358974,24.1387210526316
2024-01-31 02:00:00,32.3,50.1,57.5,61.675,25.6958
2024-01-31 03:00:00,32.5789473684211,52.4736842105263,60.3157894736842,63.9210526315789,25.5479578947368
2024-01-31 04:00:00,36.275,58.425,68.825,74.5,25.715945
2024-01-31 05:00:00,38.3846153846154,62.1025641025641,73,78.2820512820513,26.1203105263158
2024-01-31 06:00:00,38.5128205128205,60.5641025641026,69.5384615384615,74.8974358974359,25.16332
2024-01-31 07:00:00,38.2820512820513,59.7179487179487,68.8974358974359,73.4102564102564,19.0983263157895
2024-01-31 08:00:00,36.375,54.325,60.875,64.775,17.80678
2024-01-31 09:00:00,33.7105263157895,49.2105263157895,54.2368421052632,57.2631578947368,15.8003842105263
2024-01-31 10:00:00,33.95,49.05,54.875,59.4,13.496076
2024-01-31 11:00:00,39.4358974358974,59.3076923076923,67.9230769230769,76.6410256410256,20.1603526315789
2024-01-31 12:00:00,38.3846153846154,57.0769230769231,64.3846153846154,69.8205128205128,18.69032
2024-01-31 13:00:00,36.175,52.925,58.825,64.075,21.04216
2024-01-31 14:00:00,36.7179487179487,52.0769230769231,58.1282051282051,61.8974358974359,21.5358210526316
2024-01-31 15:00:00,40.8974358974359,59.4358974358974,67.2051282051282,72.1025641025641,23.407375
2024-01-31 16:00:00,42.3333333333333,60.1538461538462,66.4615384615385,69.6923076923077,24.1999105263158
2024-01-31 17:00:00,44.4,62.5,68.925,72.4,23.293515
2024-01-31 18:00:00,52.2307692307692,72.9230769230769,79.974358974359,83.4102564102564,22.7518526315789
2024-01-31 19:00:00,48.6923076923077,69.5128205128205,76.9230769230769,80.2051282051282,26.962495
2024-01-31 20:00:00,46.6666666666667,70.2820512820513,80.8205128205128,89.974358974359,31.1698578947368
2024-01-31 21:00:00,33.6923076923077,50.0512820512821,60.1025641025641,76.5128205128205,36.01169
2024-01-31 22:00:00,24.7368421052632,36.1842105263158,44.3421052631579,56.3421052631579,34.0429894736842
2024-01-31 23:00:00,22.875,33.6,40.875,52.7,33.854955
2024-02-01,21.7631578947368,31.6315789473684,37.8947368421053,48.0789473684211,33.2047210526316
2024-02-01 01:00:00,20.45,28.55,32.125,37.05,29.89843
2024-02-01 02:00:00,20.1538461538462,28.0769230769231,30.9230769230769,33.7435897435897,31.9773736842105
2024-02-01 03:00:00,21,29.2307692307692,30.9230769230769,32.025641025641,33.01664
2024-02-01 04:00:00,23.3589743589744,32.0769230769231,33.9487179487179,35.1282051282051,33.7073263157895
2024-02-01 05:00:00,25.225,34.2,36.1,37.675,35.98861
2024-02-01 06:00:00,22.1315789473684,30.8157894736842,32.7894736842105,34,31.3110842105263
2024-02-01 07:00:00,11.175,15.975,16.825,17.625,15.200683
2024-02-01 08:00:00,5.53846153846154,7.82051282051282,8.15384615384615,8.58974358974359,8.61761157894737
2024-02-01 09:00:00,2.8974358974359,4.61538461538461,4.94871794871795,5.20512820512821,7.459858
2024-02-01 10:00:00,0.948717948717949,2.05128205128205,2.12820512820513,2.20512820512821,7.40441736842105
2024-02-01 11:00:00,1.1025641025641,2.15384615384615,2.25641025641026,2.46153846153846,3.856217
2024-02-01 12:00:00,1.30769230769231,2.51282051282051,2.58974358974359,2.84615384615385,3.97010947368421
2024-02-01 13:00:00,1.6,2.975,3.2,3.9,4.2349155
2024-02-01 14:00:00,2.15384615384615,3.79487179487179,4.05128205128205,4.74358974358974,5.51262421052632
2024-02-01 15:00:00,2.23076923076923,3.76923076923077,4.12820512820513,4.82051282051282,8.5281995
2024-02-01 16:00:00,1.84615384615385,3.35897435897436,3.79487179487179,4.56410256410256,7.45291052631579
2024-02-01 17:00:00,1.375,3.025,3.325,4.1,7.704005
2024-02-01 18:00:00,1.78947368421053,3.73684210526316,4.36842105263158,5.23684210526316,8.62453684210526
2024-02-01 19:00:00,2.7,5.275,6.65,8.05,8.070902
2024-02-01 20:00:00,2.41025641025641,5.20512820512821,6.20512820512821,7.46153846153846,9.36938842105263
2024-02-01 21:00:00,2.55,5.325,6.35,7.625,8.928618
2024-02-01 22:00:00,2.21052631578947,5.10526315789474,6.34210526315789,7.68421052631579,8.73937263157895
2024-02-01 23:00:00,2.425,5.5,6.975,8.475,10.234576
2024-02-02,2.33333333333333,5.48717948717949,6.97435897435897,8.58974358974359,10.6540052631579
2024-02-02 01:00:00,2.41025641025641,5.46153846153846,7.33333333333333,8.74358974358974,10.703973
2024-02-02 02:00:00,2.28205128205128,5.25641025641026,6.79487179487179,8.12820512820513,11.7956105263158
2024-02-02 03:00:00,3.475,6.9,8.65,10.45,13.54871
2024-02-02 04:00:00,4.05263157894737,7.5,9.42105263157895,10.7105263157895,13.2715631578947
2024-02-02 05:00:00,5.65,9.875,11.8,13.9,16.95484
2024-02-02 06:00:00,4.33333333333333,7.66666666666667,9.05128205128205,10.3333333333333,10.1494747368421
2024-02-02 07:00:00,4.425,7.925,9.525,10.875,11.147357
2024-02-02 08:00:00,5.57894736842105,9.44736842105263,11.2631578947368,12.8684210526316,9.06125263157895
2024-02-02 09:00:00,5.375,8.55,9.85,11.375,7.76692315789474
2024-02-02 10:00:00,3.94736842105263,6.84210526315789,7.89473684210526,8.92105263157895,8.65732315789474
2024-02-02 11:00:00,4.825,7.85,8.925,10.075,10.446452
2024-02-02 12:00:00,3.38461538461538,5.94871794871795,6.8974358974359,8,10.1748989473684
2024-02-02 13:00:00,2.05128205128205,4.1025641025641,4.71794871794872,5.20512820512821,8.459932
2024-02-02 14:00:00,3.1025641025641,5.07692307692308,5.46153846153846,6.20512820512821,7.34460947368421
2024-02-02 15:00:00,3.075,5.4,6.125,6.9,10.22428
2024-02-02 16:00:00,2.86842105263158,5.23684210526316,5.73684210526316,6.60526315789474,13.0889631578947
2024-02-02 17:00:00,3.85,6.05,6.625,7.225,12.72072
2024-02-02 18:00:00,3.74358974358974,5.82051282051282,6.17948717948718,7.15384615384615,13.7455263157895
2024-02-02 19:00:00,3.7,5.8,6.25,6.825,14.789575
2024-02-02 20:00:00,3.28947368421053,5.18421052631579,5.44736842105263,5.94736842105263,11.1653831578947
2024-02-02 21:00:00,2.9,4.675,5.2,5.7,9.732088
2024-02-02 22:00:00,2.97368421052632,4.89473684210526,5.34210526315789,5.73684210526316,7.70181166666667
2024-02-02 23:00:00,4.05263157894737,5.84210526315789,6.31578947368421,6.84210526315789,8.631466
2024-02-03,4.23076923076923,5.97435897435897,6.33333333333333,6.8974358974359,9.32621894736842
2024-02-03 01:00:00,3.95,5.5,5.65,5.975,9.664863
2024-02-03 02:00:00,3.25641025641026,4.61538461538461,4.66666666666667,5,8.51509842105263
2024-02-03 03:00:00,2.71794871794872,3.84615384615385,3.87179487179487,3.97435897435897,7.785964
2024-02-03 04:00:00,1.71794871794872,2.76923076923077,2.79487179487179,2.97435897435897,8.02229263157895
2024-02-03 05:00:00,1.25,2.275,2.275,2.4,7.4428935
2024-02-03 06:00:00,1.05263157894737,2.05263157894737,2.13157894736842,2.28947368421053,7.08095157894737
2024-02-03 07:00:00,1.25,2.3,2.375,2.5,8.647356
2024-02-03 08:00:00,1.25641025641026,2.25641025641026,2.25641025641026,2.33333333333333,10.5110410526316
2024-02-03 09:00:00,2.4,3.9,4.05,4.125,9.872737
2024-02-03 10:00:00,3.73684210526316,5.73684210526316,5.94736842105263,6.15789473684211,11.4359231578947
2024-02-03 11:00:00,1.5,2.7,2.775,2.875,9.569994
2024-02-03 12:00:00,1.8974358974359,3.17948717948718,3.20512820512821,3.41025641025641,8.01086684210526
2024-02-03 13:00:00,3.79487179487179,5.66666666666667,5.84615384615385,5.97435897435897,7.1549425
2024-02-03 14:00:00,4.51282051282051,6.64102564102564,6.76923076923077,6.92307692307692,7.80300368421053
2024-02-03 15:00:00,3.125,4.475,4.5,4.65,8.545586
2024-02-03 16:00:00,5.23076923076923,8.17948717948718,8.71794871794872,9.05128205128205,10.5698105263158
2024-02-03 17:00:00,5.38461538461539,7.56410256410256,7.74358974358974,7.97435897435897,12.028001
2024-02-03 18:00:00,3.69230769230769,5.48717948717949,5.64102564102564,5.87179487179487,14.4266473684211
2024-02-03 19:00:00,3.425,5.125,5.225,5.35,12.577165
2024-02-03 20:00:00,7.23684210526316,12.0526315789474,14,14.5263157894737,11.3124810526316
2024-02-03 21:00:00,2.3,3.675,3.825,3.95,9.8851085
2024-02-03 22:00:00,6.15384615384615,10,11.0769230769231,11.6410256410256,5.66292
2024-02-03 23:00:00,0.6,1.475,1.5,1.6,4.747681
2024-02-04,0.157894736842105,0.842105263157895,0.842105263157895,0.894736842105263,4.66758736842105
2024-02-04 01:00:00,0.075,0.475,0.525,0.575,5.5798365
2024-02-04 02:00:00,0.230769230769231,1.1025641025641,1.17948717948718,1.25641025641026,4.76577842105263
2024-02-04 03:00:00,0.564102564102564,1.48717948717949,1.51282051282051,1.64102564102564,4.63301
2024-02-04 04:00:00,0.41025641025641,1.25641025641026,1.28205128205128,1.35897435897436,5.30583947368421
2024-02-04 05:00:00,0.179487179487179,0.897435897435897,0.923076923076923,1.07692307692308,5.93633842105263
2024-02-04 06:00:00,0.0769230769230769,1,1.02564102564103,1.1025641025641,8.65569315789474
2024-02-04 07:00:00,0.0526315789473684,0.5,0.5,0.578947368421053,6.640459
2024-02-04 08:00:00,0.230769230769231,0.846153846153846,0.871794871794872,0.974358974358974,6.67279473684211
2024-02-04 09:00:00,0.475,1.125,1.125,1.275,6.3590785
2024-02-04 10:00:00,0.736842105263158,1.60526315789474,1.63157894736842,1.63157894736842,5.75696631578947
2024-02-04 11:00:00,1.475,2.65,2.675,2.775,5.489677
2024-02-04 12:00:00,0.575,1.45,1.5,1.575,4.954724
2024-02-04 13:00:00,0.743589743589744,1.66666666666667,1.71794871794872,1.79487179487179,7.79611157894737
2024-02-04 14:00:00,1.30769230769231,2.28205128205128,2.35897435897436,2.46153846153846,10.63855
2024-02-04 15:00:00,0.948717948717949,2.05128205128205,2.05128205128205,2.07692307692308,16.0694368421053
2024-02-04 16:00:00,0.575,1.5,1.525,1.575,11.303758
2024-02-04 17:00:00,1.92105263157895,3.26315789473684,3.36842105263158,3.65789473684211,13.5590873684211
2024-02-04 18:00:00,2.9,4.9,5.175,5.6,19.996415
2024-02-04 19:00:00,4.71794871794872,6.94871794871795,7.28205128205128,7.71794871794872,18.9201894736842
2024-02-04 20:00:00,2.425,3.95,4.05,4.275,13.137286
2024-02-04 21:00:00,1.26315789473684,2.21052631578947,2.26315789473684,2.36842105263158,9.64814315789474
2024-02-04 22:00:00,0.179487179487179,0.794871794871795,0.794871794871795,0.897435897435897,7.46841157894737
2024-02-04 23:00:00,1.23076923076923,2.05128205128205,2.07692307692308,2.20512820512821,5.63470473684211
2024-02-05,0.923076923076923,1.71794871794872,1.74358974358974,1.82051282051282,4.7792405
2024-02-05 01:00:00,0.41025641025641,0.82051282051282,0.82051282051282,0.846153846153846,4.07445473684211
2024-02-05 02:00:00,0.625,1.1,1.15,1.175,3.947046
2024-02-05 03:00:00,0.358974358974359,0.615384615384615,0.641025641025641,0.743589743589744,4.34613105263158
2024-02-05 04:00:00,0.0256410256410256,0.358974358974359,0.358974358974359,0.358974358974359,4.466224
2024-02-05 05:00:00,0.0256410256410256,0.384615384615385,0.384615384615385,0.435897435897436,4.79158368421053
2024-02-05 06:00:00,0.45,1.125,1.2,1.4,5.215551
2024-02-05 07:00:00,0.27027027027027,1.35135135135135,1.51351351351351,1.91891891891892,6.75248578947368
2024-02-05 08:00:00,0.825,2.25,2.6,3.6,5.467649
2024-02-05 09:00:00,0.974358974358974,2.76923076923077,3.48717948717949,5.07692307692308,4.24263842105263
2024-02-05 10:00:00,1.525,3.65,4.6,6.3,3.77056
2024-02-05 11:00:00,1.44736842105263,3.60526315789474,4.31578947368421,6.5,3.59089210526316
2024-02-05 12:00:00,1.375,3.625,4.925,6.85,3.643148
2024-02-05 13:00:00,1.69230769230769,4.1025641025641,5.71794871794872,8.25641025641026,3.86508578947368
2024-02-05 14:00:00,2.23076923076923,4.71794871794872,5.87179487179487,8.87179487179487,5.000243
2024-02-05 15:00:00,3.23684210526316,5.73684210526316,6.68421052631579,8.78947368421053,7.14959263157895
2024-02-05 16:00:00,2.25,4.325,4.95,6.675,13.55637
2024-02-05 17:00:00,3.18421052631579,5.31578947368421,6.39473684210526,8.28947368421053,14.7507736842105
2024-02-05 18:00:00,2.6,4.9,5.625,7.6,12.64721
2024-02-05 19:00:00,2.74358974358974,4.97435897435897,6.12820512820513,7.69230769230769,11.6044
2024-02-05 20:00:00,2.4,4.55,5.625,7.65,10.396435
2024-02-05 21:00:00,3.42105263157895,6.13157894736842,7.42105263157895,9.71052631578947,13.7267315789474
2024-02-05 22:00:00,7.66666666666667,11.6410256410256,13.1538461538462,15.2564102564103,12.874681
2024-02-05 23:00:00,3.61538461538462,6.58974358974359,8.15384615384615,10.5897435897436,11.50636
2024-02-06,3.05128205128205,5.56410256410256,6.58974358974359,8.30769230769231,10.209889
2024-02-06 01:00:00,2.71794871794872,5.46153846153846,6.82051282051282,9.43589743589744,10.2129947368421
2024-02-06 02:00:00,3.3,6.225,7.875,10.05,7.666771
2024-02-06 03:00:00,2.97435897435897,5.71794871794872,7.35897435897436,9.7948717948718,5.93103
2024-02-06 04:00:00,3.30769230769231,6.12820512820513,7.71794871794872,10.1282051282051,5.810276
2024-02-06 05:00:00,3.42105263157895,6.10526315789474,7.92105263157895,10.3421052631579,5.84469789473684
2024-02-06 06:00:00,2.825,5.35,6.525,8.725,8.5939545
2024-02-06 07:00:00,2.05263157894737,3.86842105263158,4.68421052631579,6.21052631578947,6.66321052631579
2024-02-06 08:00:00,1.61538461538462,3.02564102564103,3.23076923076923,4.02564102564103,6.3469625
2024-02-06 09:00:00,1.87179487179487,3.38461538461538,3.66666666666667,4.17948717948718,6.93906421052632
2024-02-06 10:00:00,2.05,3.475,3.65,4.1,7.9175645
2024-02-06 11:00:00,1.26315789473684,2.5,2.65789473684211,3.57894736842105,9.81434157894737
2024-02-06 12:00:00,0.75,2,2.175,2.825,5.800647
2024-02-06 13:00:00,2.02564102564103,3.53846153846154,3.82051282051282,4.30769230769231,7.97592105263158
2024-02-06 14:00:00,1.475,2.75,3,3.625,8.1930265
2024-02-06 15:00:00,1.57894736842105,2.84210526315789,3.02631578947368,3.65789473684211,8.69477789473684
2024-02-06 16:00:00,1.55,2.925,3.05,3.825,10.793825
2024-02-06 17:00:00,3.48717948717949,5.35897435897436,5.92307692307692,6.71794871794872,9.35645789473684
2024-02-06 18:00:00,2.74358974358974,4.51282051282051,5.1025641025641,5.87179487179487,7.251792
2024-02-06 19:00:00,2.05128205128205,3.66666666666667,4.12820512820513,5.23076923076923,8.88614105263158
2024-02-06 20:00:00,2.45,4.3,4.875,6.075,9.164026
2024-02-06 21:00:00,1.43589743589744,2.8974358974359,3.23076923076923,3.82051282051282,9.01022315789474
2024-02-06 22:00:00,1.84615384615385,3.33333333333333,3.84615384615385,4.58974358974359,7.7341795
2024-02-06 23:00:00,3.53846153846154,5.53846153846154,5.87179487179487,6.66666666666667,7.60033578947368
2024-02-07,3.275,5.2,5.7,6.675,7.7593055
2024-02-07 01:00:00,1.97368421052632,3.47368421052632,3.89473684210526,4.60526315789474,6.77739
2024-02-07 02:00:00,1.55,3.25,3.525,4.3,6.7282935
2024-02-07 03:00:00,2.05128205128205,3.66666666666667,4.12820512820513,5.15384615384615,6.84655
2024-02-07 04:00:00,1.975,3.575,4.175,5.4,8.9329785
2024-02-07 05:00:00,1.81578947368421,3.57894736842105,4,4.78947368421053,10.2838294736842
2024-02-07 06:00:00,2.2,3.975,4.55,5.7,12.723844
2024-02-07 07:00:00,2.69230769230769,4.46153846153846,5.15384615384615,6.07692307692308,13.8187421052632
2024-02-07 08:00:00,2.1,3.5,3.8,5,13.5297
2024-02-07 09:00:00,1.71794871794872,3.20512820512821,3.51282051282051,4.15384615384615,12.0452568421053
2024-02-07 10:00:00,0.6,1.65,1.675,2.05,13.0686155
2024-02-07 11:00:00,0.564102564102564,1.35897435897436,1.43589743589744,1.66666666666667,12.6586110526316
2024-02-07 12:00:00,0.333333333333333,1,1.02564102564103,1.07692307692308,12.027636
2024-02-07 13:00:00,0.487179487179487,1.23076923076923,1.23076923076923,1.35897435897436,10.5160294736842
2024-02-07 14:00:00,0.325,1.225,1.325,1.725,16.9683165
2024-02-07 15:00:00,1.86842105263158,3.10526315789474,3.23684210526316,3.28947368421053,16.39468
2024-02-07 16:00:00,1.35,2.65,2.75,3,14.2602875
2024-02-07 17:00:00,1.07692307692308,2.30769230769231,2.38461538461538,2.64102564102564,13.0105221052632
2024-02-07 18:00:00,3.25641025641026,4.94871794871795,5.1025641025641,5.28205128205128,10.720181
2024-02-07 19:00:00,5.48717948717949,8.02564102564103,8.33333333333333,8.64102564102564,12.4207894736842
2024-02-07 20:00:00,3.225,4.9,5.075,5.4,13.346945
2024-02-07 21:00:00,2.69230769230769,4.33333333333333,4.56410256410256,5.05128205128205,15.4332578947368
2024-02-07 22:00:00,5.12820512820513,7.17948717948718,7.35897435897436,7.71794871794872,14.95543
2024-02-07 23:00:00,4.48717948717949,6.41025641025641,6.64102564102564,7.02564102564103,13.6024578947368
2024-02-08,4.425,6.6,7.15,7.625,12.994825
2024-02-08 01:00:00,2.42105263157895,3.65789473684211,3.76315789473684,3.92105263157895,9.98950421052632
2024-02-08 02:00:00,2.075,3.45,3.625,3.8,10.870773
2024-02-08 03:00:00,2.71794871794872,4.28205128205128,4.41025641025641,4.71794871794872,11.3859178947368
2024-02-08 04:00:00,5.61538461538461,7.8974358974359,8.12820512820513,8.51282051282051,17.796476
2024-02-08 05:00:00,8.97435897435897,11.9487179487179,12.4358974358974,13.025641025641,25.4818789473684
2024-02-08 06:00:00,10.6,13.925,14.45,15,25.6175
2024-02-08 07:00:00,6.23684210526316,8.39473684210526,8.89473684210526,9.44736842105263,23.2438263157895
2024-02-08 08:00:00,6.6,8.725,8.85,9.05,24.444695
2024-02-08 09:00:00,6.17948717948718,8.2051282051282,8.61538461538461,8.94871794871795,21.2242473684211
2024-02-08 10:00:00,7.175,9.375,9.5,9.825,17.961451
2024-02-08 11:00:00,3.20512820512821,4.61538461538461,4.66666666666667,4.74358974358974,14.8903494736842
2024-02-08 12:00:00,2.82051282051282,3.92307692307692,3.94871794871795,4.02564102564103,11.742323
2024-02-08 13:00:00,3.74358974358974,5.15384615384615,5.17948717948718,5.28205128205128,19.0836284210526
2024-02-08 14:00:00,7.225,9.75,10.125,10.525,15.319125
2024-02-08 15:00:00,10.475,13.825,14.475,14.7,21.78708
2024-02-08 16:00:00,6.73684210526316,9,9.10526315789474,9.39473684210526,19.4590578947368
2024-02-08 17:00:00,8.275,10.875,11.075,11.35,26.395455
2024-02-08 18:00:00,9.53846153846154,12.1282051282051,12.2051282051282,12.5128205128205,26.2509105263158
2024-02-08 19:00:00,10.7692307692308,13.7179487179487,14.0512820512821,14.5384615384615,26.50465
2024-02-08 20:00:00,11.4358974358974,14.9230769230769,15.2051282051282,15.6410256410256,16.3583736842105
2024-02-08 21:00:00,12.05,15.825,16.1,16.5,18.080895
2024-02-08 22:00:00,11.1842105263158,14.8421052631579,15.1578947368421,15.5,15.3894210526316
2024-02-08 23:00:00,12.1538461538462,16.5128205128205,17.4102564102564,17.9230769230769,12.814155
2024-02-09,14.4615384615385,19.7435897435897,20.7692307692308,21.6410256410256,13.3498157894737
2024-02-09 01:00:00,15.75,21.6,23.075,24.6,18.368145
2024-02-09 02:00:00,20.6578947368421,28.9210526315789,31.0263157894737,32.5789473684211,23.1929526315789
2024-02-09 03:00:00,19.525,28.3,31.1,32.9,21.25275
2024-02-09 04:00:00,20.3589743589744,29.6410256410256,32.6410256410256,33.8461538461538,26.3027315789474
2024-02-09 05:00:00,19.4615384615385,28.2051282051282,30.6666666666667,32.6666666666667,33.98811
2024-02-09 06:00:00,18.6666666666667,26.3076923076923,28.4102564102564,30.3076923076923,31.4523052631579
2024-02-09 07:00:00,20.5,29.125,31.5,33.225,37.505915
2024-02-09 08:00:00,19.3076923076923,27.2051282051282,29.7179487179487,30.974358974359,30.7941684210526
2024-02-09 09:00:00,21.7948717948718,30.6153846153846,33.2051282051282,34.7948717948718,35.029905
2024-02-09 10:00:00,22.7948717948718,32.2051282051282,34.8717948717949,36.6153846153846,28.7287789473684
2024-02-09 11:00:00,22.8,31.875,34.8,36.6,26.69627
2024-02-09 12:00:00,22.2307692307692,31.1282051282051,33.8717948717949,36.1538461538462,29.6287263157895
2024-02-09 13:00:00,21.6923076923077,30.4102564102564,33.2820512820513,35.8717948717949,25.51889
2024-02-09 14:00:00,24.5384615384615,34.5897435897436,37.8974358974359,42.6410256410256,27.2790894736842
2024-02-09 15:00:00,23.225,32.725,36.075,40.25,36.84865
2024-02-09 16:00:00,28,40.8157894736842,46.0526315789474,51.2894736842105,32.5175578947368
2024-02-09 17:00:00,20.05,28.65,31.825,35.45,29.307605
2024-02-09 18:00:00,27.8461538461538,39.1282051282051,43.6153846153846,48.4871794871795,34.007
2024-02-09 19:00:00,32.35,45.35,49.825,54.075,25.571315
2024-02-09 20:00:00,25,34.8684210526316,38.0263157894737,40.5,30.8438421052632
2024-02-09 21:00:00,30.725,42.4,46.2,49.3,27.120205
2024-02-09 22:00:00,37.21875,50.90625,55.8125,59.6875,26.31905625
2024-02-09 23:00:00,36.6153846153846,50.0769230769231,55.4102564102564,59.6410256410256,26.38602
2024-02-10,29.3846153846154,41.5897435897436,45.7435897435897,48.3846153846154,23.3771473684211
2024-02-10 01:00:00,33.125,45.975,50.1,53.075,23.5834
2024-02-10 02:00:00,30.9210526315789,42.9210526315789,46.5789473684211,49.3684210526316,21.4808631578947
2024-02-10 03:00:00,35.65,50.55,55.8,59.8,23.49657
2024-02-10 04:00:00,35.4871794871795,52.1282051282051,59.6666666666667,71.6666666666667,22.0618526315789
2024-02-10 05:00:00,26.9,39.4,45.55,51.475,15.5121075
2024-02-10 06:00:00,23.8157894736842,33.8421052631579,37.1842105263158,39.8157894736842,22.9942894736842
2024-02-10 07:00:00,26.3,37.8,41.325,43.65,22.64138
2024-02-10 08:00:00,21.0512820512821,29.3589743589744,31.3846153846154,33.5128205128205,11.6228742105263
2024-02-10 09:00:00,16.55,21.1,22.3,23.4,5.145421
2024-02-10 10:00:00,16.7631578947368,21.0263157894737,21.8947368421053,22.8684210526316,4.52612947368421
2024-02-10 11:00:00,14.1,17.725,18.325,18.925,4.100365
2024-02-10 12:00:00,12.1538461538462,15.2564102564103,15.6410256410256,16.3846153846154,4.94197473684211
2024-02-10 13:00:00,11.7948717948718,14.9230769230769,15.3333333333333,16.1794871794872,4.3900655
2024-02-10 14:00:00,11.2820512820513,14.1282051282051,14.4358974358974,15.2564102564103,6.13847789473684
2024-02-10 15:00:00,12.825,15.775,16.225,16.725,9.8436515
2024-02-10 16:00:00,15.974358974359,19.5641025641026,20.0512820512821,20.8205128205128,16.5551631578947
2024-02-10 17:00:00,19.4871794871795,24.5128205128205,25.5641025641026,26.3333333333333,19.90849
2024-02-10 18:00:00,21.5384615384615,27.2051282051282,28.6666666666667,29.9487179487179,18.6499315789474
2024-02-10 19:00:00,18.55,23.775,25.175,26.075,14.640685
2024-02-10 20:00:00,17.3684210526316,22.5526315789474,23.8421052631579,25,16.3149894736842
2024-02-10 21:00:00,16.775,21.875,23.2,24.3,21.508215
2024-02-10 22:00:00,12.3589743589744,16.1794871794872,17.025641025641,17.8205128205128,12.0199978947368
2024-02-10 23:00:00,13.7692307692308,18.2564102564103,19.1538461538462,20.5128205128205,12.919506
2024-02-11,12.3076923076923,16.5128205128205,17.7948717948718,18.974358974359,10.17694
2024-02-11 01:00:00,15.15,20.375,21.55,23.125,9.669311
2024-02-11 02:00:00,10.2051282051282,14.5128205128205,15.7948717948718,17.4615384615385,9.55612789473684
2024-02-11 03:00:00,18.3846153846154,25.3076923076923,27.4871794871795,30.1538461538462,12.9362855
2024-02-11 04:00:00,13.4871794871795,19.4358974358974,21.7179487179487,23.7948717948718,12.4502147368421
2024-02-11 05:00:00,8.85,13.075,14.85,17.975,13.984331
2024-02-11 06:00:00,11.2894736842105,16.4210526315789,18.4736842105263,20.5263157894737,10.0874315789474
2024-02-11 07:00:00,10.9,15.575,17.275,19.75,20.34045
2024-02-11 08:00:00,10.8461538461538,16.2564102564103,18.6666666666667,21.9487179487179,23.6022631578947
2024-02-11 09:00:00,11.075,16.6,19.925,23.625,9.669333
2024-02-11 10:00:00,11.2894736842105,15.8684210526316,17.7631578947368,20.5263157894737,9.50982947368421
2024-02-11 11:00:00,12.425,16.925,18.25,20.275,7.7938215
2024-02-11 12:00:00,17.4358974358974,23.7435897435897,26.1025641025641,28.4102564102564,10.2136647368421
2024-02-11 13:00:00,16.974358974359,21.9230769230769,23.2307692307692,24.7179487179487,9.7880935
2024-02-11 14:00:00,14.6923076923077,19.3333333333333,20.1794871794872,21.2307692307692,12.4551157894737
2024-02-11 15:00:00,4.225,5.975,6.275,6.675,10.342065
2024-02-11 16:00:00,2.64102564102564,4,4.07692307692308,4.28205128205128,7.81637736842105
2024-02-11 17:00:00,2.23076923076923,3.51282051282051,3.53846153846154,3.74358974358974,7.93088
2024-02-11 18:00:00,2.25641025641026,3.58974358974359,3.61538461538462,3.79487179487179,5.95432736842105
2024-02-11 19:00:00,2.9,4.55,4.675,4.95,6.150403
2024-02-11 20:00:00,1.84210526315789,3.13157894736842,3.23684210526316,3.34210526315789,6.37913947368421
2024-02-11 21:00:00,2.8,4.425,4.45,4.575,7.7498855
2024-02-11 22:00:00,1.76923076923077,3.20512820512821,3.28205128205128,3.28205128205128,6.8481252631579
2024-02-11 23:00:00,1.225,2.375,2.475,2.675,7.0385575
2024-02-12,2.21052631578947,3.60526315789474,3.73684210526316,3.89473684210526,6.75246052631579
2024-02-12 01:00:00,2.9,4.5,4.75,4.95,6.5495055
2024-02-12 02:00:00,2.56410256410256,4,4.25641025641026,4.43589743589744,6.24573473684211
2024-02-12 03:00:00,3.25641025641026,4.76923076923077,4.84615384615385,5.02564102564103,6.770543
2024-02-12 04:00:00,1.76923076923077,3.1025641025641,3.23076923076923,3.56410256410256,7.63793894736842
2024-02-12 05:00:00,1.85,3.175,3.35,3.6,9.2347245
2024-02-12 06:00:00,1.84615384615385,3.05128205128205,3.23076923076923,3.30769230769231,10.1449610526316
2024-02-12 07:00:00,3.84615384615385,6.1025641025641,6.56410256410256,7.15384615384615,9.1285475
2024-02-12 08:00:00,1.51282051282051,2.79487179487179,2.82051282051282,3.02564102564103,7.88465
2024-02-12 09:00:00,2.15,3.65,3.775,4.15,5.0240715
2024-02-12 10:00:00,4.8974358974359,7.25641025641026,7.69230769230769,8.28205128205128,4.902774
2024-02-12 11:00:00,2.30769230769231,3.92307692307692,4.12820512820513,4.38461538461539,4.79710684210526
2024-02-12 12:00:00,0.975,2.075,2.125,2.325,4.5254835
2024-02-12 13:00:00,0.72,1.68,1.68,1.84,10.623475
2024-02-12 14:00:00,0.472222222222222,1.47222222222222,1.52777777777778,1.69444444444444,9.76056722222222
2024-02-12 15:00:00,2.5,3.97368421052632,4.21052631578947,4.5,20.9778105263158
2024-02-12 16:00:00,4.55,6.95,7.6,8.05,16.99871
2024-02-12 17:00:00,9.60526315789474,13.1578947368421,13.6578947368421,14.2105263157895,13.1244147368421
2024-02-12 18:00:00,4.3,5.775,5.975,6.275,14.848821
2024-02-12 19:00:00,8.30769230769231,11.4102564102564,11.8717948717949,12.5128205128205,13.6649105263158
2024-02-12 20:00:00,14.025,21.95,27.3,34.05,15.264015
2024-02-12 21:00:00,17.4736842105263,23.2368421052632,24.8684210526316,25.9210526315789,15.4048
2024-02-12 22:00:00,12.1282051282051,16.2564102564103,17.025641025641,17.7179487179487,13.2570631578947
2024-02-12 23:00:00,10.7179487179487,14.8974358974359,15.8461538461538,16.5897435897436,11.4564126315789
2024-02-13,4.81481481481481,6.40740740740741,6.66666666666667,7,7.68647384615385
2024-02-13 01:00:00,5.17948717948718,7.25641025641026,7.56410256410256,7.94871794871795,8.42796684210526
2024-02-13 02:00:00,14.4,19.925,21.9,23.35,9.3560105
2024-02-13 03:00:00,5.10526315789474,7.13157894736842,7.5,8,7.77088315789474
2024-02-13 04:00:00,2.15,3.325,3.4,3.675,7.848894
2024-02-13 05:00:00,2.1025641025641,3.30769230769231,3.46153846153846,3.69230769230769,9.92010842105263
2024-02-13 06:00:00,3.55,5.4,5.75,6.25,12.152546
2024-02-13 07:00:00,3.55263157894737,5.52631578947368,5.78947368421053,6.47368421052632,13.7576078947368
2024-02-13 08:00:00,1.275,2.675,2.825,3.275,5.991528
2024-02-13 09:00:00,1.74358974358974,3.25641025641026,3.48717948717949,3.94871794871795,5.11195789473684
2024-02-13 10:00:00,2.05,3.85,4.375,5.075,4.330497
2024-02-13 11:00:00,2.23684210526316,4.26315789473684,4.84210526315789,5.73684210526316,3.95854315789474
2024-02-13 12:00:00,1.575,3.35,3.7,4.475,4.074296
2024-02-13 13:00:00,3.71794871794872,5.76923076923077,6.15384615384615,6.51282051282051,6.59027210526316
2024-02-13 14:00:00,2.425,4.6,5.325,6.25,9.215363
2024-02-13 15:00:00,6.84210526315789,10.9736842105263,12.2105263157895,13.0526315789474,9.67101105263158
2024-02-13 16:00:00,8.325,11.475,12.075,12.925,18.98471
2024-02-13 17:00:00,12.7179487179487,16.8974358974359,17.9487179487179,18.5128205128205,27.3377
2024-02-13 18:00:00,7.43589743589744,10.4615384615385,11.2051282051282,11.6923076923077,30.005725
2024-02-13 19:00:00,7.84210526315789,10.8684210526316,11.6578947368421,12.1052631578947,22.9654210526316
2024-02-13 20:00:00,7.15,10.1,10.9,11.5,28.894855
2024-02-13 21:00:00,12.6052631578947,16.8947368421053,18.1315789473684,19.0263157894737,15.8873157894737
2024-02-13 22:00:00,15.6944444444444,21.4444444444444,22.6944444444444,23.75,14.0284333333333
2024-02-13 23:00:00,7.79487179487179,11.0512820512821,11.7435897435897,12.2820512820513,12.6324526315789
2024-02-14,8.56410256410256,11.6666666666667,12.5641025641026,13.8205128205128,14.29588
2024-02-14 01:00:00,11.3333333333333,15.4358974358974,17.2307692307692,19.3846153846154,22.3067947368421
2024-02-14 02:00:00,14.925,20.65,22.6,25.225,28.77428
2024-02-14 03:00:00,16,21.7631578947368,23.9473684210526,26.2368421052632,29.7358263157895
2024-02-14 04:00:00,15.2,20.6,22.375,25.775,29.03573
2024-02-14 05:00:00,15.7692307692308,21.1794871794872,23.4871794871795,26.8717948717949,32.2825631578947
2024-02-14 06:00:00,19.875,26.55,28.85,32.025,34.85464
2024-02-14 07:00:00,20.7297297297297,28,30.8918918918919,36.9189189189189,30.9553111111111
2024-02-14 08:00:00,17.975,25,27.85,31.475,20.864021
2024-02-14 09:00:00,11.0789473684211,15.1842105263158,16.3157894736842,17.6052631578947,16.10971
2024-02-14 10:00:00,7.175,10.075,10.85,11.625,9.5810265
2024-02-14 11:00:00,6.39473684210526,9.07894736842105,9.76315789473684,10.5263157894737,9.57545421052632
2024-02-14 12:00:00,6.575,9.575,10.6,12.65,16.434621
2024-02-14 13:00:00,4.71794871794872,7.38461538461539,8.23076923076923,9.71794871794872,15.3501010526316
2024-02-14 14:00:00,3.35,5.1,5.325,5.7,10.166789
2024-02-14 15:00:00,3.10526315789474,4.86842105263158,5.05263157894737,5.55263157894737,12.7237368421053
2024-02-14 16:00:00,3.975,6.075,6.2,6.7,13.04909
2024-02-14 17:00:00,5.1025641025641,7.28205128205128,7.53846153846154,7.92307692307692,15.5957789473684
2024-02-14 18:00:00,4.94871794871795,6.87179487179487,7.20512820512821,7.53846153846154,14.01594
2024-02-14 19:00:00,5.25641025641026,7.53846153846154,7.76923076923077,8.33333333333333,17.3637421052632
2024-02-14 20:00:00,5.3,7.4,7.675,8.025,19.607935
2024-02-14 21:00:00,4.92105263157895,6.81578947368421,7.02631578947368,7.31578947368421,13.2192736842105
2024-02-14 22:00:00,5.1,7.15,7.475,7.9,11.91585
2024-02-14 23:00:00,9.58974358974359,14.2564102564103,15.6153846153846,17.8461538461538,15.4278684210526
2024-02-15,15.1,20.8,22.225,24.425,27.16034
2024-02-15 01:00:00,15.7631578947368,21.6315789473684,23.1578947368421,24.6052631578947,25.6549421052632
2024-02-15 02:00:00,18.65,25.675,27.95,29.825,20.87673
2024-02-15 03:00:00,20.0769230769231,27.6923076923077,29.8461538461538,32.4615384615385,19.9471157894737
2024-02-15 04:00:00,18.4358974358974,25.3589743589744,27.9230769230769,31.7692307692308,20.411075
2024-02-15 05:00:00,17.8974358974359,24.0769230769231,26.3333333333333,29.2051282051282,22.5860842105263
2024-02-15 06:00:00,18.95,25.3,27.225,30.35,21.33713
2024-02-15 07:00:00,20.7179487179487,28.1794871794872,30.4358974358974,33.1794871794872,22.1040526315789
2024-02-15 08:00:00,21.7692307692308,29.5641025641026,33,38.3076923076923,22.19026
2024-02-15 09:00:00,17.1282051282051,22.8974358974359,25.3846153846154,28.8205128205128,18.1370789473684
2024-02-15 10:00:00,18.3,24.2,25.9,28.3,13.845796
2024-02-15 11:00:00,13.3333333333333,17.5384615384615,18.4871794871795,19.5897435897436,6.85168894736842
2024-02-15 12:00:00,10.4358974358974,13.7179487179487,14.3846153846154,15.1794871794872,6.068805
2024-02-15 13:00:00,11.0263157894737,14.7631578947368,15.3947368421053,16.5263157894737,6.04601111111111
2024-02-15 14:00:00,13.25,17.625,18.55,19.55,15.315914
2024-02-15 15:00:00,15.8947368421053,21.0789473684211,21.9210526315789,22.7368421052632,18.5102421052632
2024-02-15 16:00:00,18.625,24.125,25.425,26.65,27.860205
2024-02-15 17:00:00,22.2564102564103,29.4358974358974,31.2564102564103,32.9230769230769,33.4289947368421
2024-02-15 18:00:00,25.5128205128205,33.6923076923077,35.5641025641026,37.5384615384615,32.72424
2024-02-15 19:00:00,30.4358974358974,40.5897435897436,43.1538461538462,44.974358974359,27.7861263157895
2024-02-15 20:00:00,26.175,33.45,35.05,36.25,23.19021
2024-02-15 21:00:00,23.7179487179487,30.6923076923077,32.1282051282051,33.1794871794872,20.1862526315789
2024-02-15 22:00:00,22.974358974359,30.1538461538462,32.1025641025641,33.6410256410256,21.6501
2024-02-15 23:00:00,24.7179487179487,33.3846153846154,35.8205128205128,37.5897435897436,17.8857315789474
2024-02-16,25.05,34.3,37.225,39.275,13.6707
2024-02-16 01:00:00,21.5526315789474,29.8157894736842,33.2368421052632,37.8421052631579,12.8220210526316
2024-02-16 02:00:00,16.475,23.825,29.1,39.825,14.479705
2024-02-16 03:00:00,16,23.4358974358974,28.3076923076923,35.4102564102564,14.5395421052632
2024-02-16 04:00:00,18.725,27.725,31.375,37.325,13.935605
2024-02-16 05:00:00,23.7948717948718,33.6410256410256,36.8974358974359,40.4102564102564,7.69458
2024-02-16 06:00:00,23.7179487179487,30.1025641025641,31.3076923076923,32.2820512820513,6.27955315789474
2024-02-16 07:00:00,21.375,27.975,29.325,30.5,5.368764
2024-02-16 08:00:00,17.7105263157895,22.0789473684211,22.9473684210526,23.6842105263158,4.22664789473684
2024-02-16 09:00:00,16.8,20.825,21.425,22.1,4.3838175
2024-02-16 10:00:00,18.8684210526316,24,24.9473684210526,25.9210526315789,4.38207473684211
2024-02-16 11:00:00,22.95,29.5,30.95,33.325,5.379696
2024-02-16 12:00:00,23.7894736842105,30.6842105263158,32.7894736842105,34.8684210526316,11.7838131578947
2024-02-16 13:00:00,23.575,29.625,31,32.3,10.849806
2024-02-16 14:00:00,23.2564102564103,29.4102564102564,30.8717948717949,31.6923076923077,13.0685536842105
2024-02-16 15:00:00,24.15,30.2,31.225,32.325,17.10093
2024-02-16 16:00:00,25.6052631578947,32.3947368421053,33.9736842105263,35.4473684210526,27.0855526315789
2024-02-16 17:00:00,27.975,35.275,36.775,37.8,25.865255
2024-02-16 18:00:00,33.3333333333333,42.5641025641026,44.7435897435897,46.3846153846154,22.1661947368421
2024-02-16 19:00:00,28.7179487179487,37.2307692307692,39,40.1282051282051,16.53775
2024-02-16 20:00:00,29.4102564102564,38.5384615384615,40.8717948717949,42.025641025641,14.4341263157895
2024-02-16 21:00:00,25.35,33.375,35.25,36.45,13.41735
2024-02-16 22:00:00,25.2105263157895,33.7368421052632,36.3157894736842,37.4736842105263,15.0815473684211
2024-02-16 23:00:00,29.1025641025641,38.974358974359,41.6923076923077,42.974358974359,16.064955
2024-02-17,31.8205128205128,43.4102564102564,46.6153846153846,48.7435897435897,15.2994526315789
2024-02-17 01:00:00,28.675,39.475,42.575,44.575,20.567065
2024-02-17 02:00:00,29.6052631578947,40.9473684210526,44.3684210526316,46.9210526315789,19.6769947368421
2024-02-17 03:00:00,28.125,39.075,42.775,44.45,19.05908
2024-02-17 04:00:00,26.5641025641026,36.7435897435897,39.5897435897436,41.5384615384615,16.4296157894737
2024-02-17 05:00:00,26.6666666666667,36.3846153846154,39.025641025641,40.6410256410256,17.301475
2024-02-17 06:00:00,24.7692307692308,34.8205128205128,37.5384615384615,39.7435897435897,12.6463642105263
2024-02-17 07:00:00,21.5,29.725,31.725,33.125,14.17464
2024-02-17 08:00:00,7.48717948717949,10.2307692307692,10.7692307692308,11.3846153846154,8.36872947368421
2024-02-17 09:00:00,3.56410256410256,5.48717948717949,6.05128205128205,7.17948717948718,4.1227795
2024-02-17 10:00:00,1.12820512820513,2.25641025641026,2.46153846153846,3.28205128205128,3.24292526315789
2024-02-17 11:00:00,1.275,2.5,2.6,2.975,3.2650085
2024-02-17 12:00:00,1.18421052631579,2.34210526315789,2.39473684210526,2.68421052631579,3.61744210526316
2024-02-17 13:00:00,1.85,3.15,3.4,3.925,4.831904
2024-02-17 14:00:00,3.51282051282051,5.12820512820513,5.38461538461539,5.97435897435897,8.10731315789474
2024-02-17 15:00:00,5.15,7.175,7.5,8.35,14.231942
2024-02-17 16:00:00,4.92105263157895,6.92105263157895,7.36842105263158,8.39473684210526,13.2021263157895
2024-02-17 17:00:00,5.675,7.85,8.2,9.225,20.878506
2024-02-17 18:00:00,7.23076923076923,9.76923076923077,10.1282051282051,10.8461538461538,14.0684968421053
2024-02-17 19:00:00,7.02564102564103,9.35897435897436,9.64102564102564,10.2051282051282,17.555382
2024-02-17 20:00:00,7.8974358974359,10.3589743589744,10.8461538461538,11.3076923076923,16.7302284210526
2024-02-17 21:00:00,11,14.175,14.6,15.575,18.714705
2024-02-17 22:00:00,10.4210526315789,13.8157894736842,14.7105263157895,15.6052631578947,21.0928
2024-02-17 23:00:00,11.3076923076923,15.0512820512821,15.7692307692308,16.8461538461538,13.95614
2024-02-18,6.05128205128205,8.1025641025641,8.43589743589744,8.97435897435897,13.6107210526316
2024-02-18 01:00:00,5.825,7.975,8.5,9.675,17.456195
2024-02-18 02:00:00,5.52631578947368,7.65789473684211,7.97368421052632,8.78947368421053,12.5530873684211
2024-02-18 03:00:00,5.6,7.925,8.55,9.25,11.669828
2024-02-18 04:00:00,6.38461538461539,8.66666666666667,9.33333333333333,9.82051282051282,10.5611189473684
2024-02-18 05:00:00,8.02564102564103,10.4615384615385,11.0769230769231,11.6153846153846,11.820614
2024-02-18 06:00:00,9.2051282051282,12.2820512820513,12.7435897435897,13.5641025641026,12.1342547368421
2024-02-18 07:00:00,11.45,14.9,15.625,16.3,19.298905
2024-02-18 08:00:00,9.97435897435897,13.4871794871795,14.2307692307692,15,12.7665315789474
2024-02-18 09:00:00,9.575,12.475,13.025,13.925,5.991668
2024-02-18 10:00:00,12.4210526315789,15.9210526315789,16.9736842105263,18.5,5.89019736842105
2024-02-18 11:00:00,8.075,10.55,10.9,11.8,4.2431145
2024-02-18 12:00:00,7.23076923076923,9.58974358974359,10.025641025641,11,4.25230421052632
2024-02-18 13:00:00,6.56756756756757,8.81081081081081,8.97297297297297,9.37837837837838,3.89382722222222
2024-02-18 14:00:00,9.71794871794872,12.5384615384615,13.025641025641,13.7435897435897,5.10650421052632
2024-02-18 15:00:00,9.25,12.175,13,13.675,12.212964
2024-02-18 16:00:00,10.5789473684211,14.4210526315789,15.5789473684211,16.4473684210526,10.6944784210526
2024-02-18 17:00:00,12.175,16.825,18.05,18.95,10.967195
2024-02-18 18:00:00,11.025641025641,14.7435897435897,15.1538461538462,15.974358974359,14.9094894736842
2024-02-18 19:00:00,14.025,18.75,20.45,23.9,23.622983
2024-02-18 20:00:00,19.4736842105263,25.4210526315789,26.6842105263158,28.2105263157895,27.1640368421053
2024-02-18 21:00:00,12.25,16.05,16.625,17.6,20.977125
2024-02-18 22:00:00,4.66666666666667,6.43589743589744,6.56410256410256,6.97435897435897,13.8617368421053
2024-02-18 23:00:00,6.1025641025641,8.15384615384615,8.35897435897436,8.71794871794872,13.480375
2024-02-19,6.61538461538461,8.8974358974359,9.1025641025641,9.38461538461539,10.8227631578947
2024-02-19 01:00:00,3.875,5.775,6.15,6.55,8.4092215
2024-02-19 02:00:00,6.23076923076923,8.71794871794872,9.1025641025641,9.53846153846154,7.05086
2024-02-19 03:00:00,0.897435897435897,1.8974358974359,1.92307692307692,2.17948717948718,6.9318675
2024-02-19 04:00:00,1.46153846153846,2.51282051282051,2.53846153846154,2.64102564102564,7.36946368421053
2024-02-19 05:00:00,0.25,0.725,0.725,0.85,6.811927
2024-02-19 06:00:00,0.0263157894736842,0.342105263157895,0.368421052631579,0.394736842105263,10.1002568421053
2024-02-19 07:00:00,0,0.425,0.45,0.475,11.5453505
2024-02-19 08:00:00,0.0256410256410256,0.358974358974359,0.384615384615385,0.41025641025641,8.98320421052632
2024-02-19 09:00:00,0.075,0.7,0.725,0.975,5.1129125
2024-02-19 10:00:00,0.105263157894737,0.894736842105263,0.894736842105263,1.26315789473684,4.55628684210526
2024-02-19 11:00:00,0.1,0.4,0.425,0.5,5.452962
2024-02-19 12:00:00,0.0256410256410256,0.461538461538462,0.487179487179487,0.846153846153846,4.60645789473684
2024-02-19 13:00:00,0.0512820512820513,0.58974358974359,0.58974358974359,0.641025641025641,6.0603125
2024-02-19 14:00:00,0.153846153846154,0.666666666666667,0.666666666666667,0.897435897435897,6.32136473684211
2024-02-19 15:00:00,0.35,1.075,1.1,1.325,9.861714
2024-02-19 16:00:00,1.76923076923077,3.05128205128205,3.15384615384615,3.41025641025641,17.3799968421053
2024-02-19 17:00:00,4.56410256410256,6.46153846153846,6.64102564102564,6.76923076923077,14.06452
2024-02-19 18:00:00,6.1025641025641,8.64102564102564,9.12820512820513,9.53846153846154,11.7595263157895
2024-02-19 19:00:00,2.425,4,4.175,4.325,22.095682
2024-02-19 20:00:00,2.13157894736842,3.47368421052632,3.47368421052632,3.63157894736842,9.53743684210526
2024-02-19 21:00:00,2.25,3.65,3.875,4.025,9.306467
2024-02-19 22:00:00,1.92307692307692,3.1025641025641,3.17948717948718,3.53846153846154,9.37760210526316
2024-02-19 23:00:00,1.775,2.975,3,3.1,9.425499
2024-02-20,1.52631578947368,2.65789473684211,2.68421052631579,2.78947368421053,8.81849105263158
2024-02-20 01:00:00,1.95,3.25,3.325,3.525,8.742723
2024-02-20 02:00:00,2.25641025641026,3.64102564102564,3.87179487179487,4.28205128205128,8.67180631578947
2024-02-20 03:00:00,2.07692307692308,3.33333333333333,3.51282051282051,3.94871794871795,9.584331
2024-02-20 04:00:00,1.53846153846154,2.56410256410256,2.56410256410256,2.69230769230769,11.45948
2024-02-20 05:00:00,1.025,1.925,1.95,2.075,13.1553155
2024-02-20 06:00:00,1.53846153846154,2.74358974358974,2.87179487179487,3.43589743589744,14.4441652631579
2024-02-20 07:00:00,0.769230769230769,1.84615384615385,1.94871794871795,2.43589743589744,9.738799
2024-02-20 08:00:00,0.358974358974359,1.25641025641026,1.25641025641026,1.51282051282051,5.99056157894737
2024-02-20 09:00:00,0.375,1.3,1.325,1.475,5.7480345
2024-02-20 10:00:00,0.666666666666667,1.66666666666667,1.76923076923077,1.97435897435897,6.49126368421053
2024-02-20 11:00:00,1.20512820512821,2.46153846153846,2.58974358974359,3,5.508885
2024-02-20 12:00:00,1.375,3.025,3.375,4.1,5.7667605
2024-02-20 13:00:00,1.56410256410256,3.61538461538462,4.28205128205128,5.25641025641026,7.10816315789474
2024-02-20 14:00:00,2.02564102564103,4.56410256410256,5.76923076923077,6.87179487179487,8.042116
2024-02-20 15:00:00,2.20512820512821,5.05128205128205,6.1025641025641,7.74358974358974,8.87898631578947
2024-02-20 16:00:00,3.075,6.05,7.475,8.95,13.995163
2024-02-20 17:00:00,5.44736842105263,9.94736842105263,12.7368421052632,14.1842105263158,12.0279631578947
2024-02-20 18:00:00,4.975,8.6,10.15,11.575,10.5056825
2024-02-20 19:00:00,4.43589743589744,7.92307692307692,9.33333333333333,10.7435897435897,10.7728684210526
2024-02-20 20:00:00,5.125,8.575,9.525,10.7,10.551874
2024-02-20 21:00:00,7.73684210526316,12,14.1052631578947,15.4473684210526,9.22249157894737
2024-02-20 22:00:00,6.87179487179487,10.8974358974359,12.3589743589744,13.974358974359,8.65520105263158
2024-02-20 23:00:00,3.87179487179487,7.23076923076923,8.48717948717949,9.71794871794872,9.10698105263158
2024-02-21,3.58974358974359,6.61538461538461,7.76923076923077,9.2051282051282,9.72373
2024-02-21 01:00:00,5.35897435897436,8.69230769230769,10.3589743589744,11.6153846153846,10.0738189473684
2024-02-21 02:00:00,4,7.1,8.65,9.875,10.04803
2024-02-21 03:00:00,5.76923076923077,9.64102564102564,11.2307692307692,12.7948717948718,10.35626
2024-02-21 04:00:00,5.66666666666667,8.87179487179487,10.1538461538462,11.3589743589744,10.87121
2024-02-21 05:00:00,6.02564102564103,9.69230769230769,11.1282051282051,12.7692307692308,10.6147821052632
2024-02-21 06:00:00,6.625,10.35,12.05,13.6,10.607353
2024-02-21 07:00:00,5.39473684210526,9,10.2368421052632,11.4210526315789,9.95790789473684
2024-02-21 08:00:00,4.45,7.525,8.95,10.125,8.134972
2024-02-21 09:00:00,4.48717948717949,7.46153846153846,8.71794871794872,10.1794871794872,5.66345842105263
2024-02-21 10:00:00,3.4,5.925,6.625,7.625,4.232022
2024-02-21 11:00:00,3.65789473684211,6.23684210526316,6.97368421052632,7.94736842105263,3.31670421052632
2024-02-21 12:00:00,3.575,5.875,6.375,7.325,3.3042435
2024-02-21 13:00:00,2.28205128205128,4.23076923076923,4.71794871794872,5.12820512820513,4.53121631578947
2024-02-21 14:00:00,1.76923076923077,3.58974358974359,3.94871794871795,4.30769230769231,4.1053625
2024-02-21 15:00:00,1.87179487179487,3.35897435897436,3.56410256410256,4.07692307692308,4.56244
2024-02-21 16:00:00,2.125,3.875,4.25,4.8,7.593881
2024-02-21 17:00:00,2.60526315789474,4.36842105263158,4.84210526315789,5.18421052631579,14.9795684210526
2024-02-21 18:00:00,4.075,6.475,6.9,7.525,18.289265
2024-02-21 19:00:00,6.28205128205128,9.28205128205128,10.2564102564103,11.1538461538462,26.5122736842105
2024-02-21 20:00:00,4.1,6.75,7.45,8.225,16.06557
2024-02-21 21:00:00,4.18421052631579,6.52631578947368,7,7.55263157894737,11.3998547368421
2024-02-21 22:00:00,2.75,4.55,5,5.85,8.1633165
2024-02-21 23:00:00,2.53846153846154,4.20512820512821,4.64102564102564,5,7.81790473684211
2024-02-22,2.02564102564103,3.56410256410256,3.84615384615385,4.17948717948718,6.4631135
2024-02-22 01:00:00,1.56410256410256,3.05128205128205,3.25641025641026,3.64102564102564,5.62840631578947
2024-02-22 02:00:00,0.95,2.025,2.2,2.6,9.241711
2024-02-22 03:00:00,1.1025641025641,2.25641025641026,2.30769230769231,2.76923076923077,12.6943526315789
2024-02-22 04:00:00,1.1025641025641,2.20512820512821,2.28205128205128,2.41025641025641,20.055815
2024-02-22 05:00:00,0.923076923076923,2.1025641025641,2.28205128205128,2.61538461538462,20.4669894736842
2024-02-22 06:00:00,1,2,2.075,2.225,17.804785
2024-02-22 07:00:00,2.36842105263158,3.73684210526316,3.78947368421053,4,14.7788526315789
2024-02-22 08:00:00,5.4,7.475,7.7,7.975,15.74762
2024-02-22 09:00:00,2.17948717948718,3.61538461538462,3.71794871794872,3.82051282051282,12.3920010526316
2024-02-22 10:00:00,2.475,4.35,4.7,5.1,15.438765
2024-02-22 11:00:00,5,8.44736842105263,9.92105263157895,10.7368421052632,11.7724263157895
2024-02-22 12:00:00,2.8,4.45,4.6,4.725,9.885766
2024-02-22 13:00:00,2.1025641025641,3.43589743589744,3.48717948717949,3.64102564102564,7.71218105263158
2024-02-22 14:00:00,1.925,3.3,3.325,3.375,7.6223845
2024-02-22 15:00:00,1.44736842105263,2.73684210526316,2.76315789473684,2.84210526315789,7.54582368421053
2024-02-22 16:00:00,1.25,2.4,2.45,2.525,7.608956
2024-02-22 17:00:00,1.94871794871795,3.20512820512821,3.23076923076923,3.41025641025641,8.18407894736842
2024-02-22 18:00:00,1.97435897435897,3.28205128205128,3.33333333333333,3.43589743589744,13.54827
2024-02-22 19:00:00,2.30769230769231,3.87179487179487,3.97435897435897,4.23076923076923,10.2412121052632
2024-02-22 20:00:00,1.35,2.55,2.625,2.875,7.7329445
2024-02-22 21:00:00,2.02564102564103,3.12820512820513,3.23076923076923,3.35897435897436,7.54755368421053
2024-02-22 22:00:00,0.717948717948718,1.43589743589744,1.46153846153846,1.51282051282051,5.880772
2024-02-22 23:00:00,0.282051282051282,1.1025641025641,1.20512820512821,1.35897435897436,6.12664
2024-02-23,0.275,1.125,1.125,1.3,4.6433555
2024-02-23 01:00:00,0,0.710526315789474,0.736842105263158,0.789473684210526,3.56878736842105
2024-02-23 02:00:00,0.075,0.75,0.75,0.825,3.76773
2024-02-23 03:00:00,0.102564102564103,0.641025641025641,0.692307692307692,0.82051282051282,3.86210684210526
2024-02-23 04:00:00,0.075,0.7,0.7,0.9,4.2305855
2024-02-23 05:00:00,0.0526315789473684,0.815789473684211,0.842105263157895,1.02631578947368,4.37741210526316
2024-02-23 06:00:00,0.3,1.125,1.175,1.5,5.7679195
2024-02-23 07:00:00,0.717948717948718,1.74358974358974,1.84615384615385,1.97435897435897,8.73621842105263
2024-02-23 08:00:00,0.615384615384615,1.74358974358974,1.76923076923077,2.12820512820513,8.40762
2024-02-23 09:00:00,1.28205128205128,2.41025641025641,2.51282051282051,2.69230769230769,6.24225210526316
2024-02-23 10:00:00,1.8,3.4,3.675,4.025,4.712038
2024-02-23 11:00:00,1.05128205128205,2.33333333333333,2.41025641025641,2.69230769230769,5.02347684210526
2024-02-23 12:00:00,1.41025641025641,2.82051282051282,3.02564102564103,3.41025641025641,4.7909535
2024-02-23 13:00:00,2.17948717948718,3.82051282051282,4.12820512820513,4.38461538461539,6.43165157894737
2024-02-23 14:00:00,1.75,3.225,3.325,3.725,6.9619335
2024-02-23 15:00:00,3.65789473684211,5.57894736842105,5.89473684210526,6.31578947368421,9.42330473684211
2024-02-23 16:00:00,6.275,8.925,9.275,9.7,10.54185
2024-02-23 17:00:00,8.51282051282051,11.8205128205128,12.2307692307692,12.8974358974359,13.5877010526316
2024-02-23 18:00:00,6.65,8.925,9.1,9.5,13.35122
2024-02-23 19:00:00,4.07894736842105,6,6.39473684210526,6.63157894736842,13.1760210526316
2024-02-23 20:00:00,5.3,7.575,7.85,8.175,15.782025
2024-02-23 21:00:00,3.84615384615385,5.82051282051282,6,6.35897435897436,15.7208473684211
2024-02-23 22:00:00,9.61538461538461,13.2820512820513,14.2820512820513,14.8717948717949,23.225785
2024-02-23 23:00:00,6.8974358974359,10.1538461538462,10.8205128205128,11.2820512820513,13.8007526315789
2024-02-24,5.425,7.875,8.225,8.525,14.607155
2024-02-24 01:00:00,4.86842105263158,7.34210526315789,7.81578947368421,8.42105263157895,15.8152210526316
2024-02-24 02:00:00,4.05,6.075,6.35,6.95,12.65554
2024-02-24 03:00:00,5.64102564102564,8.43589743589744,8.97435897435897,9.28205128205128,12.0555684210526
2024-02-24 04:00:00,6.225,8.975,9.575,10.3,16.896425
2024-02-24 05:00:00,8.18421052631579,11.5263157894737,12.2105263157895,12.9210526315789,14.6234526315789
2024-02-24 06:00:00,7.825,11.2,12.075,12.7,22.41525
2024-02-24 07:00:00,10.1794871794872,14.5897435897436,15.5641025641026,16.9230769230769,28.6042052631579
2024-02-24 08:00:00,4.35897435897436,6.23076923076923,6.43589743589744,6.87179487179487,12.7252155
2024-02-24 09:00:00,1.78947368421053,3.07894736842105,3.13157894736842,3.23684210526316,6.05095736842105
2024-02-24 10:00:00,4.425,6.425,6.55,6.65,4.7639385
2024-02-24 11:00:00,5.64102564102564,7.82051282051282,8.07692307692308,8.23076923076923,4.64865842105263
2024-02-24 12:00:00,2.30769230769231,3.82051282051282,3.92307692307692,4.23076923076923,4.126903
2024-02-24 13:00:00,2.2,3.8,3.975,4.225,3.8378035
2024-02-24 14:00:00,4,6.48717948717949,6.66666666666667,7.05128205128205,4.03026789473684
2024-02-24 15:00:00,4.55,7.275,7.775,8.225,5.6941805
2024-02-24 16:00:00,6.52631578947368,9,9.21052631578947,9.55263157894737,10.5957626315789
2024-02-24 17:00:00,8.9,12.175,12.65,13.125,20.95964
2024-02-24 18:00:00,10.2051282051282,13.5641025641026,14.2307692307692,14.6153846153846,33.1913052631579
2024-02-24 19:00:00,13.6923076923077,18.974358974359,20.1025641025641,21.0769230769231,36.7597
2024-02-24 20:00:00,9.71794871794872,13.4615384615385,14.3076923076923,14.9487179487179,37.0157421052632
2024-02-24 21:00:00,14.1,19.225,20.525,21.65,38.40922
2024-02-24 22:00:00,12.5789473684211,17.2105263157895,18.3421052631579,19.3157894736842,29.0905210526316
2024-02-24 23:00:00,14,19.3,20.425,21.8,38.639575
2024-02-25,11.8684210526316,16.3947368421053,17.4210526315789,18.5,25.9301052631579
2024-02-25 01:00:00,8.74358974358974,11.9487179487179,12.7179487179487,13.4871794871795,16.695
2024-02-25 02:00:00,9.82051282051282,14.0512820512821,15.2820512820513,16.4358974358974,15.8975315789474
2024-02-25 03:00:00,9.25641025641026,12.9230769230769,13.8974358974359,14.6923076923077,14.4895
2024-02-25 04:00:00,9.51282051282051,13.1025641025641,13.8717948717949,14.7435897435897,18.7882105263158
2024-02-25 05:00:00,10.5897435897436,14.7948717948718,15.7179487179487,16.5897435897436,18.87303
2024-02-25 06:00:00,14.3333333333333,19.4358974358974,20.9487179487179,22.2820512820513,22.8454
2024-02-25 07:00:00,16.925,22.975,24.4,26.3,20.09959
2024-02-25 08:00:00,12.7105263157895,16.7894736842105,17.8947368421053,18.7894736842105,12.8711789473684
2024-02-25 09:00:00,10.925,14.375,14.8,15.575,6.558441
2024-02-25 10:00:00,12.4615384615385,16.6666666666667,17.8974358974359,20.4871794871795,14.8878273684211
2024-02-25 11:00:00,13.95,17.525,17.925,18.525,5.29389
2024-02-25 12:00:00,6.30769230769231,8.25641025641026,8.53846153846154,9,3.07472052631579
2024-02-25 13:00:00,8.46153846153846,10.974358974359,11.1282051282051,11.4358974358974,5.730079
2024-02-25 14:00:00,9.46153846153846,12.0512820512821,12.2051282051282,12.5897435897436,9.30320947368421
2024-02-25 15:00:00,9.9,12.5,12.825,13.25,13.904
2024-02-25 16:00:00,9.86842105263158,12.5,12.7631578947368,13.2105263157895,17.1898789473684
2024-02-25 17:00:00,10.25,12.975,13.375,13.95,19.381065
2024-02-25 18:00:00,10.5641025641026,13.2820512820513,13.5897435897436,13.974358974359,16.6225315789474
2024-02-25 19:00:00,17.075,21.925,22.7,23.5,27.49486
2024-02-25 20:00:00,19.2631578947368,24.7368421052632,25.6052631578947,26.9473684210526,26.1528315789474
2024-02-25 21:00:00,20.175,25.575,26.775,27.7,23.62992
2024-02-25 22:00:00,19.6486486486486,24.5945945945946,25.4324324324324,26.4594594594595,18.8494473684211
2024-02-25 23:00:00,19.55,24.175,25.225,26.125,15.395575
2024-02-26,19.1282051282051,23.9230769230769,24.7435897435897,25.5384615384615,11.9350852631579
2024-02-26 01:00:00,18.7435897435897,23.5128205128205,24.4358974358974,25.3076923076923,10.826633
2024-02-26 02:00:00,19.6666666666667,24.2307692307692,25.4871794871795,26.2051282051282,10.5559810526316
2024-02-26 03:00:00,20.175,25.95,27.1,28.175,12.952395
2024-02-26 04:00:00,24.5128205128205,34.4615384615385,40.0769230769231,48.9487179487179,24.8844263157895
2024-02-26 05:00:00,20.3589743589744,27.2307692307692,31,35.1025641025641,22.281185
2024-02-26 06:00:00,20.5641025641026,27.5897435897436,30.4615384615385,33.974358974359,21.4436631578947
2024-02-26 07:00:00,25.65,34.4,37.675,40.025,23.138795
2024-02-26 08:00:00,25,34.2631578947368,38,39.8947368421053,27.0083789473684
2024-02-26 09:00:00,23.775,32.625,36.1,38.025,26.971605
2024-02-26 10:00:00,22.53125,31.125,34.375,37.28125,25.17046875
2024-02-26 11:00:00,17.975,24.275,26.225,28.725,26.679325
2024-02-26 12:00:00,14.8974358974359,19.5384615384615,21.0512820512821,22.974358974359,12.9122736842105
2024-02-26 13:00:00,12.1538461538462,15.6666666666667,16.8205128205128,18.4871794871795,12.384924
2024-02-26 14:00:00,13.3846153846154,17.3589743589744,18.4615384615385,20.6666666666667,15.2751610526316
2024-02-26 15:00:00,12.8,16.35,17.6,19.35,13.95294
2024-02-26 16:00:00,16.6666666666667,21.3846153846154,22.5897435897436,24.0512820512821,23.9826210526316
2024-02-26 17:00:00,24.4358974358974,31.4358974358974,33.2820512820513,35.0769230769231,23.83724
2024-02-26 18:00:00,41.1025641025641,52.7948717948718,56.3076923076923,59.0769230769231,21.8136263157895
2024-02-26 19:00:00,21.475,27.625,29.05,30.25,15.03752
2024-02-26 20:00:00,22.5,29.4210526315789,31,32.3157894736842,16.1067684210526
2024-02-26 21:00:00,27.025,35.575,38.325,40.25,13.889665
2024-02-26 22:00:00,23.8717948717949,31.2820512820513,33.2307692307692,34.4358974358974,13.3113221052632
2024-02-26 23:00:00,24.7179487179487,32.4615384615385,34.1794871794872,35.5897435897436,14.721795
2024-02-27,25.5128205128205,33.4358974358974,35.9487179487179,37.4871794871795,13.6721
2024-02-27 01:00:00,23.4,30.8,32.7,34.25,11.019322
2024-02-27 02:00:00,19.9736842105263,26.2894736842105,27.6315789473684,28.8947368421053,12.8511631578947
2024-02-27 03:00:00,22.2,29.075,31.15,32.6,15.94495
2024-02-27 04:00:00,23.4102564102564,30.7179487179487,32.4871794871795,33.7948717948718,19.7402684210526
2024-02-27 05:00:00,28.3846153846154,36.9230769230769,40.1025641025641,44.1282051282051,21.108785
2024-02-27 06:00:00,28.7692307692308,38.2564102564103,41.4871794871795,44.4102564102564,23.4094947368421
2024-02-27 07:00:00,34.075,45.175,49.1,52.85,26.357155
2024-02-27 08:00:00,32.3589743589744,43.1282051282051,46.7692307692308,51.3333333333333,26.0848484210526
2024-02-27 09:00:00,18.45,25.025,26.65,28.575,7.940066
2024-02-27 10:00:00,14.7368421052632,19.5789473684211,20.6842105263158,21.7105263157895,4.34553315789474
2024-02-27 11:00:00,13.25,17.45,18.225,18.7,4.0481305
2024-02-27 12:00:00,11.8974358974359,15.5641025641026,16.1538461538462,16.7435897435897,4.45268947368421
2024-02-27 13:00:00,11,14.3333333333333,14.8974358974359,15.5128205128205,6.771823
2024-02-27 14:00:00,11.4871794871795,15.4871794871795,16.1282051282051,16.6666666666667,10.39171
2024-02-27 15:00:00,11.8,15.75,16.275,16.75,12.292676
2024-02-27 16:00:00,14.4871794871795,19.6153846153846,20.9230769230769,21.5641025641026,19.8027105263158
2024-02-27 17:00:00,13.5128205128205,18.8717948717949,19.974358974359,20.8205128205128,21.45186
2024-02-27 18:00:00,11.9487179487179,16.5897435897436,17.5384615384615,18.2051282051282,17.8529789473684
2024-02-27 19:00:00,9.725,14.05,14.725,15.1,17.577685
2024-02-27 20:00:00,8.89473684210526,12.7631578947368,13.5263157894737,13.9210526315789,15.5540315789474
2024-02-27 21:00:00,6.25,8.725,8.875,9.05,12.08602
2024-02-27 22:00:00,7.12820512820513,9.97435897435897,10.2051282051282,10.6923076923077,11.6870105263158
2024-02-27 23:00:00,5.76923076923077,8.23076923076923,8.46153846153846,9,11.17663
2024-02-28,3.93877551020408,5.38775510204082,5.51020408163265,5.6734693877551,10.6958096
2024-02-28 01:00:00,4.025,5.65,5.75,5.925,9.601235
2024-02-28 02:00:00,4.82051282051282,6.38461538461539,6.41025641025641,6.64102564102564,9.32620315789474
2024-02-28 03:00:00,5.25641025641026,7.05128205128205,7.1025641025641,7.38461538461539,8.4733935
2024-02-28 04:00:00,5.92105263157895,8.3421052631579,8.44736842105263,8.81578947368421,15.57278
2024-02-28 05:00:00,6.65,9.025,9.175,9.55,22.29973
2024-02-28 06:00:00,6.26315789473684,8.71052631578947,9.07894736842105,9.55263157894737,17.3760473684211
2024-02-28 07:00:00,5,7.125,7.4,8.325,10.6001525
2024-02-28 08:00:00,5.575,7.9,8.25,8.575,6.010446
2024-02-28 09:00:00,4.05128205128205,5.84615384615385,6.02564102564103,6.43589743589744,6.30109947368421
2024-02-28 10:00:00,3.17948717948718,4.74358974358974,4.8974358974359,5.66666666666667,5.7426115
2024-02-28 11:00:00,3.16666666666667,4.60606060606061,4.71212121212121,5.48484848484848,6.1843865625
2024-02-28 12:00:00,3.19642857142857,4.67857142857143,4.98214285714286,5.26785714285714,4.50657714285714
2024-02-28 13:00:00,3.39473684210526,4.73684210526316,4.86842105263158,5.94736842105263,4.63367105263158
2024-02-28 14:00:00,3.75,5.15,5.3,5.5,6.943741
2024-02-28 15:00:00,4.14084507042254,5.77464788732394,5.88732394366197,6.02816901408451,11.6824297142857
2024-02-28 16:00:00,9.97435897435897,13.025641025641,13.4102564102564,13.8974358974359,20.97237
2024-02-28 17:00:00,11.8717948717949,15.9230769230769,16.7435897435897,17.4871794871795,26.6552947368421
2024-02-28 18:00:00,14.3,18.75,19.775,20.6,22.492495
2024-02-28 19:00:00,19.7179487179487,26.1794871794872,27.7435897435897,28.5128205128205,20.1839105263158
2024-02-28 20:00:00,20.8717948717949,27.5897435897436,29,30.025641025641,22.11202
2024-02-28 21:00:00,21.7179487179487,28.2307692307692,29.5897435897436,30.5641025641026,20.0972631578947
2024-02-28 22:00:00,19.3529411764706,25.3823529411765,26.7647058823529,27.7941176470588,17.2621294117647
2024-02-28 23:00:00,32.5925925925926,44.4444444444444,47.6666666666667,49.7407407407407,12.5570461538462
2024-02-29 02:00:00,23.1333333333333,30.9333333333333,33.4666666666667,35.1333333333333,20.5983875
2024-02-29 03:00:00,24.1282051282051,32.4358974358974,34.5384615384615,36.3333333333333,18.58
2024-02-29 04:00:00,25.6410256410256,34.6666666666667,37.6410256410256,40.6153846153846,23.95437
2024-02-29 05:00:00,25.5128205128205,34.5128205128205,37.8461538461538,40.9230769230769,22.9753263157895
2024-02-29 06:00:00,31.025,44.275,50.2,54.125,25.63615
2024-02-29 07:00:00,37.8684210526316,57.6315789473684,67.6578947368421,75.1052631578947,29.3803684210526
2024-02-29 08:00:00,37.025,57.675,66.9,72.05,23.572865
2024-02-29 09:00:00,29.2307692307692,42.974358974359,48.1538461538462,50.7948717948718,21.0324105263158
2024-02-29 10:00:00,26.8,38.625,43.2,46.375,19.286295
2024-02-29 11:00:00,28.1052631578947,40.4210526315789,44.4736842105263,47.1578947368421,17.5271210526316
2024-02-29 12:00:00,28.175,41.05,45.525,49.3,19.34755
2024-02-29 13:00:00,30.025641025641,43,47.8717948717949,52.3846153846154,20.8449105263158
2024-02-29 14:00:00,27.8214285714286,39.3928571428571,43.1071428571429,46.8928571428571,24.6532
2024-02-29 15:00:00,27.5,39,42.8571428571429,47.2857142857143,28.9456428571429
2024-02-29 16:00:00,30.05,42.9,48.1,53.85,33.20506
2024-02-29 17:00:00,31.7435897435897,45.2564102564103,50.1538461538462,55.4358974358974,35.7606157894737
2024-02-29 18:00:00,31.0769230769231,43.6153846153846,47.8205128205128,52.9487179487179,35.61091
2024-02-29 19:00:00,33.2307692307692,46.7435897435897,51.3589743589744,55.3589743589744,33.0538368421053
2024-02-29 20:00:00,32.675,45.425,50.05,52.9,33.03144
2024-02-29 21:00:00,32.2105263157895,44.6315789473684,48.8684210526316,52.1842105263158,30.1206947368421
2024-02-29 22:00:00,30.6285714285714,41.9714285714286,45.2571428571429,47.3428571428571,25.4709647058824
2024-02-29 23:00:00,31.4615384615385,43.3076923076923,46.2820512820513,49.2307692307692,24.3714736842105
2024-03-01,30.875,41.625,44.725,46.725,17.96406
2024-03-01 01:00:00,33.9210526315789,46.2894736842105,50.3421052631579,53.1578947368421,14.0246421052632
2024-03-01 02:00:00,31.3,42.825,46.575,49.275,14.085355
2024-03-01 03:00:00,31.6153846153846,43.4871794871795,47.4871794871795,49.5897435897436,17.4661210526316
2024-03-01 04:00:00,36.8461538461538,53.5384615384615,60.0769230769231,63.8717948717949,20.163325
2024-03-01 05:00:00,38.6666666666667,58.3076923076923,66.8717948717949,70.6923076923077,18.2578684210526
2024-03-01 06:00:00,42.625,67.675,79.45,85.125,17.072675
2024-03-01 07:00:00,43.4736842105263,68.0789473684211,78.2894736842105,83,14.9858684210526
2024-03-01 08:00:00,41.5625,62.546875,70.375,75.375,16.17224375
2024-03-01 09:00:00,45.1538461538462,65.4615384615385,73.7179487179487,78.6666666666667,17.0030947368421
2024-03-01 10:00:00,40.675,57.85,64.025,69,14.763075
2024-03-01 11:00:00,38.0789473684211,53.7105263157895,58.9473684210526,62,10.2990247368421
2024-03-01 12:00:00,38.575,53.825,59.275,62.7,8.41259
2024-03-01 13:00:00,35.2564102564103,48.3076923076923,53.3589743589744,56.6410256410256,9.61609368421053
2024-03-01 14:00:00,34.275,47.15,52,55.15,10.78346
2024-03-01 15:00:00,37.5789473684211,52.5263157894737,57.6578947368421,61.9473684210526,17.1550789473684
2024-03-01 16:00:00,37.625,53.05,58.8,62.075,16.111075
2024-03-01 17:00:00,35.2820512820513,49.025641025641,54.5128205128205,57.3076923076923,15.9015894736842
2024-03-01 18:00:00,40.5641025641026,55.9487179487179,61.2307692307692,64.1538461538462,17.811305
2024-03-01 19:00:00,35.8461538461538,50.2051282051282,54.9487179487179,58.1282051282051,20.7083947368421
2024-03-01 20:00:00,38.4,53.975,59.425,62.6,20.92869
2024-03-01 21:00:00,35.5897435897436,49.4871794871795,54.3333333333333,57.1025641025641,25.4157842105263
2024-03-01 22:00:00,35.9722222222222,50.4027777777778,54.8888888888889,57.8611111111111,20.6588416666667
2024-03-01 23:00:00,38.1794871794872,53.3333333333333,58.1282051282051,61.4358974358974,17.1480894736842
2024-03-02,36.75,51,55.95,58.225,15.20694
2024-03-02 01:00:00,37.2368421052632,52.1052631578947,56.5263157894737,59.4210526315789,13.4067631578947
2024-03-02 02:00:00,38.075,53.725,59,61.6,13.23026
2024-03-02 03:00:00,38.6153846153846,55.5384615384615,61.3589743589744,64.3333333333333,13.1354421052632
2024-03-02 04:00:00,37.4615384615385,53.6666666666667,58.6666666666667,61.4615384615385,14.794605
2024-03-02 05:00:00,38.1538461538462,55.1025641025641,61.2051282051282,64.7692307692308,15.8900210526316
2024-03-02 06:00:00,37.825,54.8,61.4,65.35,15.33742
2024-03-02 07:00:00,35.7179487179487,51.4871794871795,57.0512820512821,60.4871794871795,14.9767
2024-03-02 08:00:00,32.5384615384615,46.1025641025641,50.3589743589744,53.3333333333333,14.403113
2024-03-02 09:00:00,23.3846153846154,32.025641025641,34.2820512820513,36.2307692307692,6.38740736842105
2024-03-02 10:00:00,18.3,24.775,26.825,28.9,4.974662
2024-03-02 11:00:00,20.7027027027027,27.5405405405405,30.1891891891892,33.1081081081081,8.18547578947368
2024-03-02 12:00:00,22.575,30.2,32.675,35.2,7.2831465
2024-03-02 13:00:00,20.1794871794872,26.6153846153846,28.7948717948718,31,5.10881736842105
2024-03-02 14:00:00,11.2307692307692,15.2564102564103,16.8205128205128,19.025641025641,4.25727
2024-03-02 15:00:00,15.4358974358974,20.4102564102564,22.2820512820513,24.7948717948718,7.88312736842105
2024-03-02 16:00:00,18.45,23.925,25.975,28,19.781973
2024-03-02 17:00:00,23.2051282051282,30.0769230769231,32.2564102564103,34.4102564102564,28.3206421052632
2024-03-02 18:00:00,26.6666666666667,34.9230769230769,37.5897435897436,40.0512820512821,27.58402
2024-03-02 19:00:00,30,39.2820512820513,42.0512820512821,44.7948717948718,25.6361736842105
2024-03-02 20:00:00,28.875,37.5,40.1,42.4,23.968475
2024-03-02 21:00:00,35.6842105263158,46.0526315789474,49,51.0263157894737,22.3002978947368
2024-03-02 22:00:00,27.225,34.425,36.45,38.075,5.9017875
2024-03-02 23:00:00,24.4358974358974,30.5384615384615,31.8717948717949,33.2564102564103,4.81195105263158
2024-03-03,14.85,19.1,19.925,21.175,4.9564155
2024-03-03 01:00:00,11.7894736842105,15.2631578947368,16.0263157894737,16.8947368421053,5.26180210526316
2024-03-03 02:00:00,10.975,14.15,14.575,15.225,5.4461805
2024-03-03 03:00:00,11.3076923076923,14.4871794871795,15,15.6410256410256,5.97620105263158
2024-03-03 04:00:00,11.8461538461538,15.4102564102564,15.974358974359,16.8205128205128,6.7109925
2024-03-03 05:00:00,13.3076923076923,17.2564102564103,17.7435897435897,18.5384615384615,6.88121473684211
2024-03-03 06:00:00,14.225,18.35,19.1,19.625,7.1624245
2024-03-03 07:00:00,14.1891891891892,18.4324324324324,19.1081081081081,19.7027027027027,6.06587555555556
2024-03-03 08:00:00,14.8,19.45,20.125,21,5.4750255
2024-03-03 09:00:00,14.3589743589744,18.6153846153846,19.2820512820513,20,4.69578368421053
2024-03-03 10:00:00,11.2,14.55,14.95,15.475,4.0089825
2024-03-03 11:00:00,10.825,14.1,14.55,15.25,3.927483
2024-03-03 12:00:00,22.6842105263158,29.2105263157895,30.8421052631579,31.7105263157895,4.21384105263158
2024-03-03 13:00:00,15.125,19.375,20.075,20.65,4.3006025
2024-03-03 14:00:00,10.8974358974359,14.1538461538462,14.5128205128205,15.025641025641,5.86497631578947
2024-03-03 15:00:00,9.125,12.05,12.4,12.75,7.2185165
2024-03-03 16:00:00,14.5526315789474,19.2105263157895,20.1578947368421,20.8684210526316,35.6156684210526
2024-03-03 17:00:00,16.275,21.55,22.4,23.35,37.427795
2024-03-03 18:00:00,18.6923076923077,24.5641025641026,26.0512820512821,26.8974358974359,31.4723526315789
2024-03-03 19:00:00,16.5897435897436,22.0769230769231,23.0512820512821,23.9487179487179,17.61903
2024-03-03 20:00:00,20.5897435897436,27.1025641025641,28.3076923076923,29.3076923076923,17.3702157894737
2024-03-03 21:00:00,18.5,24.75,25.9,26.6,17.153375
2024-03-03 22:00:00,17.5526315789474,23.5263157894737,24.5789473684211,25.4473684210526,17.9464894736842
2024-03-03 23:00:00,21.125,27.325,28.675,29.55,13.541445
2024-03-04,19.2051282051282,25.4615384615385,26.7435897435897,27.5128205128205,14.4537789473684
2024-03-04 01:00:00,21.525,28.85,30.4,31.625,12.99586
2024-03-04 02:00:00,20.1315789473684,27.5263157894737,29.3157894736842,30.6315789473684,10.9568494736842
2024-03-04 03:00:00,15.775,21.2,22.15,22.675,13.126727
2024-03-04 04:00:00,18.8461538461538,25.2307692307692,27.3589743589744,29.0769230769231,16.5018747368421
2024-03-04 05:00:00,24.8974358974359,34.7948717948718,40.1282051282051,46.3076923076923,17.405685
2024-03-04 06:00:00,22.9230769230769,32.4358974358974,36.9487179487179,41.8461538461538,14.4263473684211
2024-03-04 07:00:00,25.4,35.55,38.975,41.8,16.15503
2024-03-04 08:00:00,23.3684210526316,32.5526315789474,35.6052631578947,37.7368421052632,15.5906642105263
2024-03-04 09:00:00,24.425,33.475,36.775,39.125,8.995
2024-03-04 10:00:00,14.1794871794872,19.0512820512821,20.2820512820513,21.8974358974359,3.35195684210526
2024-03-04 11:00:00,10.525,14.325,15.475,17.1,2.7618255
2024-03-04 12:00:00,6.83870967741935,9.45161290322581,9.90322580645161,11.2903225806452,2.45429578947368
2024-03-04 13:00:00,5.025,7.35,7.9,9.05,5.9355945
2024-03-04 14:00:00,7.31578947368421,10.1578947368421,11.4736842105263,13,13.8639457894737
2024-03-04 15:00:00,5.4,7.525,7.875,8.775,10.038769
2024-03-04 16:00:00,9.76923076923077,12.7179487179487,13.4871794871795,14.4871794871795,24.2305684210526
2024-03-04 17:00:00,20.4871794871795,26.7435897435897,28.4102564102564,29.4358974358974,47.011245
2024-03-04 18:00:00,20.7435897435897,26.2051282051282,27.0769230769231,28.1282051282051,36.4813578947368
2024-03-04 19:00:00,25.8,33.225,34.875,36.15,24.172505
2024-03-04 20:00:00,28.1052631578947,36.2105263157895,37.9473684210526,39.9473684210526,19.6361684210526
2024-03-04 21:00:00,27.475,36.075,38.5,39.4,15.77101
2024-03-04 22:00:00,35.1538461538462,46.6410256410256,49.4871794871795,51.3589743589744,17.6666631578947
2024-03-04 23:00:00,32.2,42.45,44.9,46.375,17.138545
2024-03-05,29.5,38.5,41.6111111111111,43.9166666666667,19.0930722222222
2024-03-05 01:00:00,29.1,38.65,41.2,43.275,9.3534225
2024-03-05 02:00:00,22.7692307692308,30.2051282051282,31.9487179487179,32.974358974359,6.71948421052632
2024-03-05 03:00:00,23.025641025641,30.7435897435897,32.4615384615385,33.8974358974359,8.0751825
2024-03-05 04:00:00,23.9487179487179,32.5897435897436,34.9487179487179,36.8205128205128,9.63158526315789
2024-03-05 05:00:00,20.7,28.475,30.8,32.075,7.548898
2024-03-05 06:00:00,14.3589743589744,19.3333333333333,20.6923076923077,21.3589743589744,7.91914947368421
2024-03-05 07:00:00,14.8717948717949,19.9487179487179,21.3333333333333,22.4358974358974,5.829876
2024-03-05 08:00:00,17.0512820512821,22.5897435897436,23.6923076923077,24.974358974359,6.36685263157895
2024-03-05 09:00:00,16.775,22.05,23.5,24.975,6.9064905
2024-03-05 10:00:00,17.0526315789474,22.7368421052632,23.9736842105263,25.2894736842105,7.57821684210526
2024-03-05 11:00:00,17.425,22.675,23.875,25.45,9.0138735
2024-03-05 12:00:00,19.2820512820513,25.4615384615385,27.1794871794872,29.4358974358974,21.9378336842105
2024-03-05 13:00:00,22.7,30.2,32.05,33.525,25.28888
2024-03-05 14:00:00,22.3157894736842,29.2894736842105,31.2368421052632,33.1315789473684,19.8473736842105
2024-03-05 15:00:00,21.85,28.675,30.625,32.625,34.136965
2024-03-05 16:00:00,24.7692307692308,32.6666666666667,34.7692307692308,36.8974358974359,29.6930736842105
2024-03-05 17:00:00,27.8205128205128,36.6153846153846,39.3846153846154,41.4871794871795,24.968555
2024-03-05 18:00:00,32.1538461538462,42.3333333333333,44.9487179487179,47.6923076923077,22.3691473684211
2024-03-05 19:00:00,31.8,41.65,44.55,46.775,18.61142
2024-03-05 20:00:00,34.1538461538462,44.7948717948718,48.4871794871795,50.4615384615385,19.3341157894737
2024-03-05 21:00:00,36.1282051282051,47.9230769230769,51.3846153846154,53.3333333333333,21.05372
2024-03-05 22:00:00,35.1025641025641,47.1282051282051,50.6923076923077,53.1794871794872,16.1977578947368
2024-03-05 23:00:00,31.6,41.45,44.6,46.325,15.235855
2024-03-06,32.8157894736842,43.6578947368421,47.1578947368421,49.1315789473684,13.7451473684211
2024-03-06 01:00:00,35.175,45.975,49.025,51.625,18.308955
2024-03-06 02:00:00,33.6923076923077,44.1538461538462,47.3589743589744,49.9487179487179,15.9025
2024-03-06 03:00:00,36.3,47.225,50.175,52.45,14.54922
2024-03-06 04:00:00,33.6315789473684,43.4210526315789,46.5526315789474,48.2631578947368,17.2800473684211
2024-03-06 05:00:00,32.325,41.225,43.5,45.3,18.371185
2024-03-06 06:00:00,27,34.1794871794872,36.6410256410256,38.2820512820513,16.8418110526316
2024-03-06 07:00:00,25.0769230769231,32.0769230769231,33.8974358974359,35.4102564102564,8.041756
2024-03-06 08:00:00,20.0512820512821,25.9487179487179,27.5641025641026,28.974358974359,4.17790315789474
2024-03-06 09:00:00,18.125,23.675,25.025,26.325,4.19832
2024-03-06 10:00:00,19.0512820512821,24.5897435897436,26.0512820512821,27.4358974358974,3.40083
2024-03-06 11:00:00,16.7948717948718,21.4615384615385,22.4358974358974,23.9230769230769,3.009948
2024-03-06 12:00:00,12.9487179487179,16.6153846153846,17.7179487179487,19.025641025641,3.57751842105263
2024-03-06 13:00:00,14.5,18.55,19.425,20.6,5.455299
2024-03-06 14:00:00,12.5945945945946,15.8648648648649,16.5675675675676,17.5135135135135,6.23546947368421
2024-03-06 15:00:00,16.75,20.75,21.65,22.675,12.0527755
2024-03-06 16:00:00,19.4102564102564,23.6153846153846,24.3333333333333,25.5384615384615,14.4717526315789
2024-03-06 17:00:00,16.95,20.7,21.3,22.125,15.42094
2024-03-06 18:00:00,14.7368421052632,18.2368421052632,19.1052631578947,19.8947368421053,15.0780105263158
2024-03-06 19:00:00,17.475,21.6,22.3,23.3,16.413365
2024-03-06 20:00:00,20.6666666666667,25.9230769230769,27.4615384615385,28.5128205128205,21.1056842105263
2024-03-06 21:00:00,18.8205128205128,23.7435897435897,24.8974358974359,25.6923076923077,19.44583
2024-03-06 22:00:00,23.3846153846154,30.3333333333333,31.6410256410256,32.5384615384615,24.9168789473684
2024-03-06 23:00:00,20.85,26.95,28.4,29.55,19.270695
2024-03-07,19.4210526315789,25.4210526315789,27.1578947368421,28.2368421052632,16.2247157894737
2024-03-07 01:00:00,12.275,15.95,16.575,17.225,15.23088
2024-03-07 02:00:00,10.2051282051282,13.1538461538462,13.5384615384615,13.8717948717949,12.7254526315789
2024-03-07 03:00:00,10.55,13.75,14.025,14.55,11.984651
2024-03-07 04:00:00,11.9230769230769,15.4615384615385,16.1025641025641,16.7948717948718,12.214372
2024-03-07 05:00:00,13.3076923076923,17.1794871794872,17.8461538461538,18.3846153846154,9.11444263157895
2024-03-07 06:00:00,14.4,18.175,19.125,19.95,7.615858
2024-03-07 07:00:00,14.3157894736842,18.1842105263158,18.9736842105263,19.9210526315789,6.78456894736842
2024-03-07 08:00:00,12.65,16.325,16.9,17.675,4.9130845
2024-03-07 09:00:00,12.6410256410256,16.1282051282051,16.8974358974359,18.025641025641,5.30873789473684
2024-03-07 10:00:00,11.4615384615385,14.6923076923077,15.3076923076923,16.025641025641,4.4598115
2024-03-07 11:00:00,10.5897435897436,13.9230769230769,14.3846153846154,15.1025641025641,4.53729210526316
2024-03-07 12:00:00,12.925,16.35,16.9,17.425,5.4491005
2024-03-07 13:00:00,12.974358974359,16.1282051282051,16.5384615384615,17.1794871794872,5.85736684210526
2024-03-07 14:00:00,13.05,16.35,17.025,17.55,7.3517865
2024-03-07 15:00:00,12.4473684210526,15.5,16.1052631578947,16.8684210526316,8.21692263157895
2024-03-07 16:00:00,12.025,15.075,15.425,16.025,8.543934
2024-03-07 17:00:00,12.7948717948718,16.1794871794872,16.5897435897436,17.2820512820513,9.15498105263158
2024-03-07 18:00:00,15.1025641025641,19.2051282051282,19.7692307692308,20.2051282051282,10.168941
2024-03-07 19:00:00,16.3076923076923,20.4871794871795,21.0769230769231,21.9487179487179,13.9186631578947
2024-03-07 20:00:00,17.85,22.2,22.95,23.725,14.001935
2024-03-07 21:00:00,18.4102564102564,23,23.6410256410256,24.1282051282051,10.9692778947368
2024-03-07 22:00:00,19.0789473684211,23.7894736842105,25,26,15.1338263157895
2024-03-07 23:00:00,21.974358974359,27.4102564102564,28.5128205128205,29.3076923076923,16.9252526315789
2024-03-08,25.6,32.85,35.175,36.675,17.606105
2024-03-08 01:00:00,23.8947368421053,30.1578947368421,31.6052631578947,32.5263157894737,17.3606
2024-03-08 02:00:00,23.075,29,30.35,31.25,17.16111
2024-03-08 03:00:00,24.3947368421053,30.9736842105263,32.4736842105263,33.6052631578947,16.9434052631579
2024-03-08 04:00:00,23.925,30.525,31.8,32.95,36.397595
2024-03-08 05:00:00,26.6410256410256,33.974358974359,35.8205128205128,36.974358974359,34.5822263157895
2024-03-08 06:00:00,31.2564102564103,39.4871794871795,41.8461538461538,43.9230769230769,44.60723
2024-03-08 07:00:00,26.8461538461538,33.7435897435897,35.8717948717949,38.974358974359,29.4190842105263
2024-03-08 08:00:00,22,27.525,28.8,30.525,8.075933
2024-03-08 09:00:00,19,23.9210526315789,24.9210526315789,25.8947368421053,3.86080684210526
2024-03-08 10:00:00,17.025,21.35,22.15,23.075,3.6711785
2024-03-08 11:00:00,17.025641025641,21.3846153846154,22.1025641025641,23,3.9183
2024-03-08 12:00:00,17.3589743589744,21.5641025641026,22.4102564102564,23.3076923076923,4.0163705
2024-03-08 13:00:00,14.2222222222222,17.7777777777778,18.3888888888889,19.0277777777778,5.64893444444444
2024-03-08 14:00:00,11.775,14.975,15.4,15.875,8.078432
2024-03-08 15:00:00,9.21052631578947,11.7631578947368,12.0526315789474,12.4736842105263,9.11323473684211
2024-03-08 16:00:00,8.6,11,11.225,11.625,12.969977
2024-03-08 17:00:00,11.1794871794872,14.2307692307692,14.5641025641026,14.8205128205128,22.7598157894737
2024-03-08 18:00:00,9.275,12.025,12.4,12.75,14.296265
2024-03-08 19:00:00,9.89473684210526,13.1315789473684,13.6052631578947,14.2105263157895,15.2832473684211
2024-03-08 20:00:00,10.6,13.825,14.425,14.925,13.15645
2024-03-08 21:00:00,12.0512820512821,15.4358974358974,16.0512820512821,16.7948717948718,11.2342757894737
2024-03-08 22:00:00,12.4210526315789,15.9473684210526,16.5263157894737,17.3684210526316,10.6386452631579
2024-03-08 23:00:00,10.3846153846154,13.3846153846154,13.7435897435897,14.1538461538462,9.84965789473684
2024-03-09,8.9,11.6,11.975,12.275,9.689321
2024-03-09 01:00:00,8.69230769230769,11.1025641025641,11.3846153846154,11.6923076923077,9.68106736842105
2024-03-09 02:00:00,9.7948717948718,12.7435897435897,13.0512820512821,13.2051282051282,9.217613
2024-03-09 03:00:00,9.64102564102564,12.4871794871795,12.7948717948718,13.2051282051282,8.98988421052632
2024-03-09 04:00:00,9.575,12.575,12.775,13.275,9.127981
2024-03-09 05:00:00,10.7894736842105,13.9736842105263,14.3684210526316,14.9210526315789,9.44504736842105
2024-03-09 06:00:00,12,15.525,15.95,16.4,9.569957
2024-03-09 07:00:00,12.4615384615385,15.8205128205128,16.3589743589744,16.8205128205128,9.01498263157895
2024-03-09 08:00:00,11.8461538461538,14.974358974359,15.5641025641026,15.8974358974359,7.6124925
2024-03-09 09:00:00,11.7435897435897,14.8974358974359,15.2307692307692,15.7179487179487,6.83789789473684
2024-03-09 10:00:00,11.375,14.4,14.675,15.1,6.632749
2024-03-09 11:00:00,11.4358974358974,14.3589743589744,14.7179487179487,15.1538461538462,6.47565263157895
2024-03-09 12:00:00,11.45,14.4,14.7,15.25,5.802823
2024-03-09 13:00:00,14.1052631578947,17.2631578947368,17.7368421052632,18.0526315789474,6.75085052631579
2024-03-09 14:00:00,16.15,19.625,20,20.6,7.1477965
2024-03-09 15:00:00,19.1794871794872,23.1025641025641,23.7435897435897,24.2820512820513,7.89329157894737
2024-03-09 16:00:00,23.7692307692308,28.7948717948718,29.8205128205128,30.5384615384615,11.741236
2024-03-09 17:00:00,28.2564102564103,34.9230769230769,36.2820512820513,37.1282051282051,23.5582315789474
2024-03-09 18:00:00,25.075,30.525,31.55,32.15,18.28759
2024-03-09 19:00:00,22.3157894736842,27.3421052631579,28.0526315789474,29.0789473684211,12.9321736842105
2024-03-09 20:00:00,19.75,24.325,24.9,25.675,11.204383
2024-03-09 21:00:00,18.9230769230769,23.4358974358974,24.025641025641,24.5641025641026,11.9573684210526
2024-03-09 22:00:00,17.5641025641026,21.4358974358974,21.8205128205128,22.3333333333333,12.143535
2024-03-09 23:00:00,16.2820512820513,19.8717948717949,20.3846153846154,20.8974358974359,10.9794336842105
2024-03-10,17.675,21.575,22.075,22.675,11.957086
2024-03-10 01:00:00,20.2051282051282,24.7948717948718,25.7435897435897,26.4871794871795,13.9989368421053
2024-03-10 02:00:00,19.6410256410256,24.2307692307692,25.0512820512821,25.8717948717949,12.45046
2024-03-10 03:00:00,18.6923076923077,23.1025641025641,24.0512820512821,24.7948717948718,10.3625042105263
2024-03-10 04:00:00,18.725,23.175,24.075,25.25,8.941781
2024-03-10 05:00:00,16.0263157894737,19.4473684210526,20.0263157894737,20.5263157894737,7.28849684210526
2024-03-10 06:00:00,14.15,17.25,17.65,18.05,7.019706
2024-03-10 07:00:00,13.6923076923077,16.7179487179487,17,17.3589743589744,7.06399157894737
2024-03-10 08:00:00,11.175,14.025,14.3,14.7,5.00383
2024-03-10 09:00:00,10.2894736842105,13,13.2368421052632,13.6052631578947,4.54025631578947
2024-03-10 10:00:00,9.7,12.125,12.325,12.65,4.561628
2024-03-10 11:00:00,10.5897435897436,13.3076923076923,13.5641025641026,13.8717948717949,4.8290452631579
2024-03-10 12:00:00,11.4,14.05,14.325,14.65,4.830328
2024-03-10 13:00:00,9.8421052631579,12.2631578947368,12.4210526315789,12.8421052631579,5.25871578947368
2024-03-10 14:00:00,9.925,12.5,12.875,13.35,7.0520905
2024-03-10 15:00:00,9.43589743589744,12,12.1794871794872,12.9487179487179,9.01846631578947
2024-03-10 16:00:00,9.82051282051282,12.5641025641026,12.8974358974359,13.4102564102564,11.500646
2024-03-10 17:00:00,11.8461538461538,15,15.5897435897436,16.025641025641,15.4255473684211
2024-03-10 18:00:00,18.15,23.4,24.475,25.2,18.106385
2024-03-10 19:00:00,23.8205128205128,30.3333333333333,31.9230769230769,33.1538461538462,25.4139631578947
2024-03-10 20:00:00,13.7692307692308,17.7692307692308,18.7435897435897,19.6923076923077,17.641006
2024-03-10 21:00:00,9.12820512820513,12.3589743589744,13.0512820512821,14.5128205128205,15.0375952631579
2024-03-10 22:00:00,10.7179487179487,13.9230769230769,14.5128205128205,15.4871794871795,13.337958
2024-03-10 23:00:00,11.2307692307692,14.3846153846154,15.0512820512821,16.2051282051282,10.480184
2024-03-11,11.5384615384615,14.974358974359,16,17.4615384615385,8.10293315789474
2024-03-11 01:00:00,13.2,17.65,19.05,20.6,10.461766
2024-03-11 02:00:00,14.6315789473684,19.1315789473684,20.6052631578947,22.1052631578947,12.7534263157895
2024-03-11 03:00:00,15.95,20.05,21.35,22.375,11.21753
2024-03-11 04:00:00,16,20.2368421052632,21.0526315789474,21.8421052631579,9.50411611111111
2024-03-11 05:00:00,11.675,14.4,14.7,15.025,7.947786
2024-03-11 06:00:00,8.31578947368421,10.4736842105263,10.7631578947368,11.0263157894737,10.7822768421053
2024-03-11 07:00:00,4.925,6.5,6.55,6.7,4.89232
2024-03-11 08:00:00,1.97435897435897,3.05128205128205,3.07692307692308,3.20512820512821,4.02726631578947
2024-03-11 09:00:00,0.333333333333333,1.23076923076923,1.25641025641026,1.35897435897436,3.432624
2024-03-11 10:00:00,0.205128205128205,1.02564102564103,1.02564102564103,1.15384615384615,2.87406
2024-03-11 11:00:00,0.205128205128205,1.05128205128205,1.05128205128205,1.1025641025641,2.656379
2024-03-11 12:00:00,0.205128205128205,0.974358974358974,0.974358974358974,1.12820512820513,2.72954473684211
2024-03-11 13:00:00,0.282051282051282,1,1.02564102564103,1.12820512820513,3.367198
2024-03-11 14:00:00,0.102564102564103,0.974358974358974,1,1.1025641025641,4.94811842105263
2024-03-11 15:00:00,2.15,3.675,3.775,3.85,15.9316325
2024-03-11 16:00:00,3.07692307692308,5.43589743589744,5.76923076923077,6.58974358974359,18.7720431578947
2024-03-11 17:00:00,5.15384615384615,7.56410256410256,8.02564102564103,8.76923076923077,45.52464
2024-03-11 18:00:00,10.025641025641,14.2051282051282,15,15.6923076923077,47.2548
2024-03-11 19:00:00,10.7,15,15.85,16.95,25.229355
2024-03-11 20:00:00,6.34210526315789,9.26315789473684,9.6578947368421,10.2894736842105,18.4323578947368
2024-03-11 21:00:00,7.65,11.15,12.075,12.9,22.02535
2024-03-11 22:00:00,8.31578947368421,11.6578947368421,12.6315789473684,13.6842105263158,19.4476473684211
2024-03-11 23:00:00,6.66666666666667,9.25641025641026,9.71794871794872,10.0769230769231,16.60083
2024-03-12,5.64102564102564,8.2051282051282,8.48717948717949,8.7948717948718,14.5269957894737
2024-03-12 01:00:00,8.3,12.3,13.2,13.9,12.636371
2024-03-12 02:00:00,6.79487179487179,9.38461538461539,9.92307692307692,10.5384615384615,11.4291652631579
2024-03-12 03:00:00,6.33333333333333,9.05128205128205,9.66666666666667,10.5128205128205,13.576868
2024-03-12 04:00:00,9.53846153846154,13.4102564102564,14.2051282051282,15.0512820512821,15.3142378947368
2024-03-12 05:00:00,5.65,8.225,8.625,9.275,21.593635
2024-03-12 06:00:00,6.84210526315789,10,10.8684210526316,11.7894736842105,21.5185684210526
2024-03-12 07:00:00,8.425,11.7,12.7,15,23.343306
2024-03-12 08:00:00,4.33333333333333,6.1025641025641,6.30769230769231,6.8974358974359,8.16525157894737
2024-03-12 09:00:00,2.275,3.9,4.2,4.875,4.1487765
2024-03-12 10:00:00,2.10526315789474,3.55263157894737,3.86842105263158,4.86842105263158,4.17950105263158
2024-03-12 11:00:00,2.625,4.125,4.425,4.95,4.8746705
2024-03-12 12:00:00,2.71794871794872,4.12820512820513,4.51282051282051,5.43589743589744,4.69731736842105
2024-03-12 13:00:00,2.2,3.5,3.725,4.625,4.902628
2024-03-12 14:00:00,1.68421052631579,2.84210526315789,2.89473684210526,3.39473684210526,4.14305842105263
2024-03-12 15:00:00,1.925,3.15,3.4,4.8,4.163342
2024-03-12 16:00:00,2.61538461538462,3.87179487179487,4.1025641025641,5.51282051282051,9.33680368421053
2024-03-12 17:00:00,4.38461538461539,5.79487179487179,5.8974358974359,6.38461538461539,21.318305
2024-03-12 18:00:00,6.61538461538461,8.84615384615385,8.8974358974359,9.30769230769231,26.6508631578947
2024-03-12 19:00:00,9.425,12.525,12.85,13.4,22.408405
2024-03-12 20:00:00,7,9.10526315789474,9.23684210526316,9.60526315789474,20.0104947368421
2024-03-12 21:00:00,7.3,9.65,9.85,10.35,16.61914
2024-03-12 22:00:00,8.94871794871795,11.6666666666667,12,12.4871794871795,15.5861736842105
2024-03-12 23:00:00,8.5,11.325,11.8,12.35,15.50293
2024-03-13,8.1578947368421,10.7894736842105,11.2105263157895,11.8421052631579,13.8255789473684
2024-03-13 01:00:00,7.725,10.3,10.675,11.275,12.82915
2024-03-13 02:00:00,7.92307692307692,10.8461538461538,11.1794871794872,11.8974358974359,12.8133526315789
2024-03-13 03:00:00,8.64102564102564,11.4358974358974,11.7435897435897,12.3589743589744,16.04927
2024-03-13 04:00:00,8.92307692307692,12.0512820512821,12.4358974358974,13.1025641025641,15.5585052631579
2024-03-13 05:00:00,10.925,14.6,15.25,15.95,20.706585
2024-03-13 06:00:00,15.5526315789474,20.2105263157895,20.9210526315789,21.8684210526316,28.6021473684211
2024-03-13 07:00:00,12.15,15.6,16.45,17.325,19.36304
2024-03-13 08:00:00,10.2564102564103,13.3333333333333,13.6666666666667,14.4358974358974,6.42482263157895
2024-03-13 09:00:00,10.9,14.05,14.375,15.05,3.317793
2024-03-13 10:00:00,9.21052631578947,11.8421052631579,12.1578947368421,12.6578947368421,2.51618157894737
2024-03-13 11:00:00,7.875,10.475,10.85,11.4,2.5564625
2024-03-13 12:00:00,6.82051282051282,9.07692307692308,9.35897435897436,9.7948717948718,2.75160052631579
2024-03-13 13:00:00,5.45,7.35,7.7,7.975,3.9938455
2024-03-13 14:00:00,4.07894736842105,5.78947368421053,5.94736842105263,6.47368421052632,5.44527578947368
2024-03-13 15:00:00,4.15,5.775,5.85,6.075,9.449814
2024-03-13 16:00:00,3.41025641025641,4.8974358974359,4.97435897435897,5.25641025641026,13.0551863157895
2024-03-13 17:00:00,4.875,6.675,6.75,7.05,20.674325
2024-03-13 18:00:00,8.86842105263158,11.8947368421053,12.3157894736842,12.7631578947368,24.7566421052632
2024-03-13 19:00:00,14.5,19.175,19.875,20.45,25.693355
2024-03-13 20:00:00,9.17948717948718,12.2307692307692,12.5128205128205,13.1794871794872,26.2009315789474
2024-03-13 21:00:00,8.07692307692308,10.8461538461538,11.4358974358974,12.2051282051282,19.99756
2024-03-13 22:00:00,9.23076923076923,12.6410256410256,13.2307692307692,14.0512820512821,15.3840368421053
2024-03-13 23:00:00,10.725,14.475,15.775,17.975,18.502785
2024-03-14,14.4102564102564,19.7179487179487,22.4102564102564,27.3589743589744,24.7781315789474
2024-03-14 01:00:00,12.9487179487179,17.6666666666667,19.3333333333333,22.4358974358974,23.909115
2024-03-14 02:00:00,13.6410256410256,18.8974358974359,21,24.8717948717949,22.7808105263158
2024-03-14 03:00:00,14.425,20.175,22.4,28.675,23.26416
2024-03-14 04:00:00,13.5526315789474,19.2894736842105,22.4210526315789,29.5526315789474,28.1011315789474
2024-03-14 05:00:00,14.425,20.175,23.4,29.775,29.827055
2024-03-14 06:00:00,15.5897435897436,22.1794871794872,26.1025641025641,34.8205128205128,32.6522
2024-03-14 07:00:00,15.1538461538462,21.3333333333333,25.025641025641,31.9230769230769,26.836535
2024-03-14 08:00:00,11.9487179487179,16.3076923076923,18.2564102564103,21.3589743589744,17.1483421052632
2024-03-14 09:00:00,12.2,16.15,17.45,19.525,9.2660845
2024-03-14 10:00:00,11.1538461538462,14.7692307692308,16,19.1025641025641,4.97166894736842
2024-03-14 11:00:00,10.2307692307692,14.1538461538462,16,20.1794871794872,9.8786965
2024-03-14 12:00:00,9.94871794871795,13.7435897435897,15.4871794871795,18.9230769230769,15.8511315789474
2024-03-14 13:00:00,10.2,13.675,15.15,18.275,15.47935
2024-03-14 14:00:00,11.0512820512821,14.7179487179487,15.8717948717949,18.4102564102564,15.6401157894737
2024-03-14 15:00:00,11.974358974359,15.7435897435897,16.7948717948718,19.2820512820513,19.23664
2024-03-14 16:00:00,15.625,19.8,20.8,22.4,18.31629
2024-03-14 17:00:00,15.7435897435897,20.2051282051282,21.3076923076923,22.3076923076923,29.4729631578947
2024-03-14 18:00:00,17.4615384615385,22.2051282051282,23.1282051282051,24.7179487179487,35.491975
2024-03-14 19:00:00,20.5128205128205,25.974358974359,27.7179487179487,29.5384615384615,36.6952263157895
2024-03-14 20:00:00,22.6,29.675,31.475,33.475,40.81031
2024-03-14 21:00:00,20.5526315789474,26.6052631578947,28,30.0263157894737,38.5439
2024-03-14 22:00:00,20.6666666666667,26.7692307692308,27.8974358974359,29.2307692307692,36.7959526315789
2024-03-14 23:00:00,18.7948717948718,24.8205128205128,26.6923076923077,28.6666666666667,22.1255526315789
2024-03-15,17.3,22.7,24.25,25.55,15.68951
2024-03-15 01:00:00,31.9473684210526,45.7631578947368,51,55.3947368421053,13.5624263157895
2024-03-15 02:00:00,15.625,21.15,22.825,24.05,11.762181
2024-03-15 03:00:00,16.5384615384615,22.6666666666667,24.5641025641026,25.9487179487179,11.3221378947368
2024-03-15 04:00:00,16.6410256410256,23.2051282051282,25.1025641025641,26.5897435897436,15.18938
2024-03-15 05:00:00,20.2820512820513,29.3846153846154,33.1538461538462,35.025641025641,15.0996157894737
2024-03-15 06:00:00,21.325,30.125,33.225,34.55,14.326535
2024-03-15 07:00:00,22.2564102564103,30.5641025641026,33.3846153846154,34.7948717948718,14.3263157894737
2024-03-15 08:00:00,21.2051282051282,28.6153846153846,30.6666666666667,32.9230769230769,12.0008155
2024-03-15 09:00:00,11.5897435897436,15.2051282051282,15.974358974359,17.1282051282051,3.80023789473684
2024-03-15 10:00:00,13.025,17,17.775,18.575,3.5381285
2024-03-15 11:00:00,12.6842105263158,16.3421052631579,16.7368421052632,17.7631578947368,3.48625684210526
2024-03-15 12:00:00,9.46153846153846,12.2307692307692,12.6923076923077,13.5641025641026,3.354705
2024-03-15 13:00:00,8.37142857142857,11.1428571428571,11.7714285714286,13.2571428571429,2.97001315789474
2024-03-15 14:00:00,9.1875,12.59375,13.75,16.96875,11.394415
2024-03-15 15:00:00,7.51282051282051,10.7692307692308,12.1025641025641,14.1538461538462,43.3941431578947
2024-03-15 16:00:00,8.43589743589744,12.8461538461538,14.4102564102564,16.7435897435897,24.36316
2024-03-15 17:00:00,6.23684210526316,9.52631578947368,11.4736842105263,15.3947368421053,31.5533126315789
2024-03-15 18:00:00,10.375,15.05,17.15,21.4,35.540055
2024-03-15 19:00:00,5.84210526315789,8.26315789473684,8.52631578947368,9.23684210526316,9.96448105263158
2024-03-15 20:00:00,2.875,4.55,4.75,5.075,9.2598925
2024-03-15 21:00:00,3.07692307692308,4.8974358974359,5.07692307692308,5.38461538461539,10.4903947368421
2024-03-15 22:00:00,5.26315789473684,8.44736842105263,9.26315789473684,10,13.3841052631579
2024-03-15 23:00:00,4.84210526315789,6.89473684210526,7.31578947368421,7.65789473684211,12.283
2024-03-16,4.975,7,7.35,7.6,10.397718
2024-03-16 01:00:00,2.69230769230769,4.15384615384615,4.23076923076923,4.58974358974359,10.0908789473684
2024-03-16 02:00:00,2.74358974358974,4.28205128205128,4.35897435897436,4.69230769230769,8.960502
2024-03-16 03:00:00,2.79487179487179,4.28205128205128,4.46153846153846,4.76923076923077,8.50378421052632
2024-03-16 04:00:00,2.2,3.5,3.675,3.825,7.724588
2024-03-16 05:00:00,4.64102564102564,6.69230769230769,7,7.56410256410256,8.65232684210526
2024-03-16 06:00:00,2.76923076923077,4.30769230769231,4.51282051282051,4.82051282051282,12.7189035
2024-03-16 07:00:00,4,5.8974358974359,6.15384615384615,6.64102564102564,9.85159210526316
2024-03-16 08:00:00,3.1,4.825,5.075,5.6,5.562829
2024-03-16 09:00:00,2.42105263157895,3.94736842105263,4.39473684210526,5.52631578947368,8.38780368421053
2024-03-16 10:00:00,2.625,4.325,5.1,6.475,12.821791
2024-03-16 11:00:00,1.53846153846154,2.74358974358974,2.79487179487179,3.07692307692308,3.43529736842105
2024-03-16 12:00:00,0.605263157894737,1.71052631578947,1.78947368421053,1.97368421052632,2.864382
2024-03-16 13:00:00,1.71794871794872,3,3.15384615384615,3.56410256410256,14.5444215789474
2024-03-16 14:00:00,1.075,2.25,2.35,2.475,11.961337
2024-03-16 15:00:00,0.179487179487179,0.974358974358974,1.05128205128205,1.35897435897436,11.3309831578947
2024-03-16 16:00:00,0.307692307692308,1.05128205128205,1.1025641025641,1.15384615384615,10.9020845
2024-03-16 17:00:00,1.30769230769231,2.38461538461538,2.43589743589744,2.51282051282051,7.09706263157895
2024-03-16 18:00:00,1.55,2.85,3.05,3.45,6.0847515
2024-03-16 19:00:00,1.48717948717949,2.8974358974359,3.12820512820513,3.48717948717949,5.21483789473684
2024-03-16 20:00:00,1.43589743589744,2.92307692307692,3.35897435897436,4.15384615384615,7.055266
2024-03-16 21:00:00,1.53846153846154,3.02564102564103,3.33333333333333,4.28205128205128,10.0512621052632
2024-03-16 22:00:00,2.42105263157895,4.36842105263158,4.86842105263158,5.39473684210526,9.59574947368421
2024-03-16 23:00:00,1.5,3.15789473684211,3.36842105263158,3.76315789473684,8.29426105263158
2024-03-17,2.025,3.625,3.8,4.3,8.246413
2024-03-17 01:00:00,2.17948717948718,3.84615384615385,4.28205128205128,4.84615384615385,9.36501578947368
2024-03-17 02:00:00,4.5,6.825,7.1,7.925,10.150611
2024-03-17 03:00:00,2.13157894736842,3.60526315789474,3.76315789473684,4.23684210526316,9.46849789473684
2024-03-17 04:00:00,2.75,4.525,4.825,5.225,11.837413
2024-03-17 05:00:00,4.20512820512821,6,6.33333333333333,6.74358974358974,12.8151421052632
2024-03-17 06:00:00,4.23076923076923,6.58974358974359,7.17948717948718,7.97435897435897,11.330557
2024-03-17 07:00:00,4.25641025641026,6.56410256410256,7.05128205128205,7.79487179487179,10.0706157894737
2024-03-17 08:00:00,4.125,6.1,6.5,7.25,5.371272
2024-03-17 09:00:00,3.76315789473684,6.36842105263158,7,7.68421052631579,3.50376421052632
2024-03-17 10:00:00,2.375,4.275,4.525,5.25,3.4405175
2024-03-17 11:00:00,2.31578947368421,3.92105263157895,4.18421052631579,4.84210526315789,4.03474421052632
2024-03-17 12:00:00,2.125,3.825,4.125,4.825,3.51315
2024-03-17 13:00:00,1.84210526315789,3.55263157894737,3.84210526315789,4.23684210526316,4.08117631578947
2024-03-17 14:00:00,1.85,3.375,3.75,4.375,5.088501
2024-03-17 15:00:00,1.66666666666667,3.05128205128205,3.20512820512821,3.53846153846154,6.01348947368421
2024-03-17 16:00:00,1.975,3.575,3.725,4.375,13.426533
2024-03-17 17:00:00,4.68421052631579,6.73684210526316,7,7.71052631578947,20.9699210526316
2024-03-17 18:00:00,7.9,11.2,11.775,12.725,28.759025
2024-03-17 19:00:00,12.0512820512821,16,16.6923076923077,17.2564102564103,43.8528684210526
2024-03-17 20:00:00,8.84615384615385,12.3846153846154,13.1794871794872,13.9487179487179,24.96752
2024-03-17 21:00:00,11.2307692307692,15.2564102564103,16.5384615384615,17.5897435897436,24.4892631578947
2024-03-17 22:00:00,8.41025641025641,11.3589743589744,12.3076923076923,13.0512820512821,24.27301
2024-03-17 23:00:00,5.23684210526316,7.94736842105263,8.76315789473684,9.5,18.0986368421053
2024-03-18,6.6,9.4,10.15,10.775,16.54399
2024-03-18 01:00:00,3.17948717948718,5.20512820512821,5.69230769230769,6.23076923076923,13.9852105263158
2024-03-18 02:00:00,2.69230769230769,4.69230769230769,5.1025641025641,5.82051282051282,12.014061
2024-03-18 03:00:00,2.56410256410256,4.48717948717949,5.07692307692308,5.56410256410256,12.1038105263158
2024-03-18 04:00:00,3,5.48717948717949,6.30769230769231,7.23076923076923,17.2840842105263
2024-03-18 05:00:00,4.1025641025641,7.23076923076923,8.35897435897436,9.2051282051282,23.7254473684211
2024-03-18 06:00:00,7.58974358974359,11.3589743589744,12.3076923076923,13.3333333333333,38.608685
2024-03-18 07:00:00,7.92307692307692,11.7948717948718,13.1794871794872,14.7179487179487,33.5101315789474
2024-03-18 08:00:00,5.6,9.05,10.3,11.8,17.5582895
2024-03-18 09:00:00,4.63157894736842,7.5,8.73684210526316,10,5.441572
2024-03-18 10:00:00,4.51282051282051,7.41025641025641,8.58974358974359,10.6153846153846,3.65094631578947
2024-03-18 11:00:00,4.125,6.875,7.825,9.6,2.9870555
2024-03-18 12:00:00,3.21052631578947,5.36842105263158,5.84210526315789,6.94736842105263,2.87999736842105
2024-03-18 13:00:00,3.5,5.775,6.2,7.225,4.79867
2024-03-18 14:00:00,3.48717948717949,5.8974358974359,6.61538461538461,7.94871794871795,9.01775368421053
2024-03-18 15:00:00,3.25,5.475,5.95,6.625,12.830373
2024-03-18 16:00:00,3.23076923076923,4.8974358974359,5.12820512820513,5.79487179487179,13.2852336842105
2024-03-18 17:00:00,3.92307692307692,5.66666666666667,5.76923076923077,5.97435897435897,21.32327
2024-03-18 18:00:00,2.61538461538462,3.97435897435897,4.15384615384615,4.46153846153846,16.0092526315789
2024-03-18 19:00:00,2.85,4.175,4.25,4.3,17.514015
2024-03-18 20:00:00,4.26315789473684,6.18421052631579,6.42105263157895,6.71052631578947,18.6296263157895
2024-03-18 21:00:00,4.875,7.375,7.85,8.35,18.773435
2024-03-18 22:00:00,3.12820512820513,4.87179487179487,4.97435897435897,5.33333333333333,20.6762473684211
2024-03-18 23:00:00,4.575,6.575,6.75,7.125,19.859405
2024-03-19,4.13157894736842,5.92105263157895,6.05263157894737,6.34210526315789,16.5481578947368
2024-03-19 01:00:00,4.5,6.4,6.625,6.875,16.21788
2024-03-19 02:00:00,4.51282051282051,6.20512820512821,6.43589743589744,6.61538461538461,14.5218315789474
2024-03-19 03:00:00,4.74358974358974,6.79487179487179,7.23076923076923,7.53846153846154,18.280325
2024-03-19 04:00:00,5.66666666666667,7.92307692307692,8.25641025641026,9.25641025641026,31.4456526315789
2024-03-19 05:00:00,8.3,10.95,11.3,12.35,42.14716
2024-03-19 06:00:00,8.42105263157895,11.3684210526316,12.1052631578947,13.5263157894737,34.6545789473684
2024-03-19 07:00:00,10.225,14.125,15.35,17.675,31.777825
2024-03-19 08:00:00,7,9.48717948717949,9.97435897435897,10.8974358974359,10.66458
2024-03-19 09:00:00,7.30769230769231,9.84615384615385,10.3076923076923,10.9487179487179,4.3511275
2024-03-19 10:00:00,7.56410256410256,9.97435897435897,10.1538461538462,10.8717948717949,3.17074578947368
2024-03-19 11:00:00,8.45,11,11.3,11.9,3.157203
2024-03-19 12:00:00,9,11.7179487179487,12.0769230769231,12.8717948717949,3.38306473684211
2024-03-19 13:00:00,9.7948717948718,12.7435897435897,13.3333333333333,14.0769230769231,5.41583
2024-03-19 14:00:00,10.4871794871795,13.5128205128205,14.1794871794872,14.9487179487179,6.72760263157895
2024-03-19 15:00:00,11.925,15.4,15.925,16.75,10.2870275
2024-03-19 16:00:00,12.974358974359,16.6153846153846,17.5384615384615,18.4615384615385,9.95098631578947
2024-03-19 17:00:00,12.65,15.925,16.35,16.975,16.22669
2024-03-19 18:00:00,13.4210526315789,16.9210526315789,17.4736842105263,18.3421052631579,21.9876684210526
2024-03-19 19:00:00,19.475,24.8,25.875,26.9,31.669445
2024-03-19 20:00:00,19.5641025641026,24.7435897435897,25.7435897435897,26.5384615384615,27.8508
2024-03-19 21:00:00,18.2307692307692,23.3846153846154,24.4358974358974,25.6153846153846,23.56214
2024-03-19 22:00:00,17.6923076923077,22.9230769230769,24.3846153846154,25.4102564102564,18.4115631578947
2024-03-19 23:00:00,12.8,16.675,17.475,18.075,18.255315
2024-03-20,11.8947368421053,15.2368421052632,15.7631578947368,16.2105263157895,16.6580684210526
2024-03-20 01:00:00,11.525,14.6,15,15.425,16.38131
2024-03-20 02:00:00,13.1842105263158,16.8421052631579,18.1315789473684,18.8157894736842,15.8255631578947
2024-03-20 03:00:00,12.325,15.9,16.7,17.375,15.81126
2024-03-20 04:00:00,13.2564102564103,17.3076923076923,18.3333333333333,19.3333333333333,18.2668105263158
2024-03-20 05:00:00,15.974358974359,20.3333333333333,21.3333333333333,22.0512820512821,35.8041
2024-03-20 06:00:00,18.2820512820513,23.5897435897436,25.1282051282051,26.7692307692308,42.4297105263158
2024-03-20 07:00:00,18.05,22.75,23.675,24.8,23.894296
2024-03-20 08:00:00,20.5897435897436,26.1282051282051,27.3333333333333,28.5897435897436,11.1251794736842
2024-03-20 09:00:00,19.2564102564103,24.0512820512821,25.0769230769231,26.974358974359,4.7284985
2024-03-20 10:00:00,19.9487179487179,24.7948717948718,26.1025641025641,27.7179487179487,3.88458157894737
2024-03-20 11:00:00,20.325,25.425,26.4,27.675,6.6673975
2024-03-20 12:00:00,21.9459459459459,27.3243243243243,28.7567567567568,30.8378378378378,10.7363489473684
2024-03-20 13:00:00,23.45,29.7,31.575,34.55,22.80063
2024-03-20 14:00:00,22.8717948717949,28.5897435897436,30.1025641025641,31.8205128205128,21.6804052631579
2024-03-20 15:00:00,23.9230769230769,29.974358974359,32,35.2820512820513,33.839925
2024-03-20 16:00:00,24,30.7435897435897,33.0512820512821,36.3333333333333,58.9574105263158
2024-03-20 17:00:00,23.55,29.625,31.55,33.9,62.748745
2024-03-20 18:00:00,24.2368421052632,30.6842105263158,32.4736842105263,33.9736842105263,42.2209947368421
2024-03-20 19:00:00,24.625,31.275,33.025,34.575,33.58554
2024-03-20 20:00:00,25,31.4871794871795,33.1025641025641,34.0769230769231,26.4207526315789
2024-03-20 21:00:00,21.875,27.775,29,30.125,24.055815
2024-03-20 22:00:00,22.6315789473684,29.2105263157895,30.9210526315789,32.3421052631579,19.9637210526316
2024-03-20 23:00:00,21.25,27.25,28.375,29.675,23.619755
2024-03-21,21.3846153846154,27.7692307692308,28.974358974359,29.9487179487179,18.5558894736842
2024-03-21 01:00:00,22,29.025641025641,31.1282051282051,32.4102564102564,16.307895
2024-03-21 02:00:00,23.2307692307692,30.7948717948718,32.6410256410256,34.2051282051282,14.9617684210526
2024-03-21 03:00:00,22.225,29.025,30.6,31.925,15.74142
2024-03-21 04:00:00,22.9230769230769,30.2564102564103,32.2051282051282,33.3589743589744,22.0690473684211
2024-03-21 05:00:00,22.2162162162162,29.0540540540541,30.4864864864865,31.7567567567568,34.6723105263158
2024-03-21 06:00:00,27.4615384615385,35.3846153846154,37.5641025641026,39.5641025641026,28.7732631578947
2024-03-21 07:00:00,29.575,38.375,41.4,45.975,21.343935
2024-03-21 08:00:00,28.3421052631579,36.7368421052632,40.2105263157895,46.0263157894737,18.3986
2024-03-21 09:00:00,24.925,32.125,35.525,41.15,10.201084
2024-03-21 10:00:00,18.7692307692308,24.4615384615385,26.7692307692308,31.8974358974359,7.04477421052632
2024-03-21 11:00:00,11.0833333333333,14.3611111111111,14.75,15.6388888888889,3.4611175
2024-03-21 12:00:00,10.5128205128205,13.6666666666667,14.4358974358974,16.1794871794872,8.04105105263158
2024-03-21 13:00:00,8.8974358974359,11.4615384615385,12.025641025641,12.974358974359,17.291501
2024-03-21 14:00:00,8.94871794871795,11.6410256410256,12.0769230769231,12.9230769230769,25.80564
2024-03-21 15:00:00,4.3,6,6.15,6.65,9.7627895
2024-03-21 16:00:00,4.02631578947368,5.68421052631579,5.84210526315789,6.31578947368421,10.3989542105263
2024-03-21 17:00:00,7.525,9.75,10.475,11.85,26.490185
2024-03-21 18:00:00,10.5641025641026,13.4615384615385,14.3076923076923,16.1025641025641,31.1390894736842
2024-03-21 19:00:00,9.66666666666667,12.1794871794872,12.7435897435897,13.8717948717949,20.263985
2024-03-21 20:00:00,8.69230769230769,10.8205128205128,11.0512820512821,11.3333333333333,12.9565210526316
2024-03-21 21:00:00,5.725,7.425,7.65,8.05,13.390985
2024-03-21 22:00:00,5.86842105263158,7.63157894736842,7.92105263157895,8.42105263157895,9.05882210526316
2024-03-21 23:00:00,8.38461538461539,10.4871794871795,10.8974358974359,11.5384615384615,8.987013
2024-03-22,10.6153846153846,13.2307692307692,13.7948717948718,14.5384615384615,9.07575578947368
2024-03-22 01:00:00,10.525,13.05,13.55,14.525,11.38435
2024-03-22 02:00:00,11.0789473684211,13.8684210526316,14.6052631578947,15.4210526315789,12.8633052631579
2024-03-22 03:00:00,10.175,13.025,13.5,14.1,15.0379
2024-03-22 04:00:00,6.9,9.075,9.525,10.075,11.283082
2024-03-22 05:00:00,5.68421052631579,7.60526315789474,8.10526315789474,8.5,10.5784694736842
2024-03-22 06:00:00,6.325,8.4,8.575,9.075,12.371461
2024-03-22 07:00:00,5.71794871794872,7.43589743589744,7.76923076923077,8.15384615384615,6.54739263157895
2024-03-22 08:00:00,6.625,8.475,8.675,9.15,4.825311
2024-03-22 09:00:00,5,6.84210526315789,6.97368421052632,7.47368421052632,3.88719052631579
2024-03-22 10:00:00,5.925,8.15,8.5,8.875,3.438747
2024-03-22 11:00:00,3.66666666666667,5.3030303030303,5.51515151515152,6.09090909090909,2.53074444444444
2024-03-22 12:00:00,4.875,7.075,7.4,7.85,2.795579
2024-03-22 13:00:00,4.76923076923077,7.41025641025641,7.64102564102564,8.2051282051282,2.94507368421053
2024-03-22 14:00:00,6.20512820512821,8.97435897435897,9.43589743589744,10.3589743589744,4.944136
2024-03-22 15:00:00,5.07692307692308,6.97435897435897,7.41025641025641,7.8974358974359,13.5032736842105
2024-03-22 16:00:00,10.375,14.4,15.2,16.5,16.346525
2024-03-22 17:00:00,9.3421052631579,12.6842105263158,13.3684210526316,14.7105263157895,16.8659157894737
2024-03-22 18:00:00,8.05,10.975,11.4,12.25,18.47709
2024-03-22 19:00:00,6.38461538461539,8.74358974358974,9.1025641025641,9.7948717948718,17.1810684210526
2024-03-22 20:00:00,6.82051282051282,9.02564102564103,9.23076923076923,9.84615384615385,19.068515
2024-03-22 21:00:00,9.66666666666667,12.4102564102564,12.7435897435897,13.2051282051282,17.0787315789474
2024-03-22 22:00:00,15.8205128205128,20.2051282051282,20.7948717948718,21.4358974358974,17.5033947368421
2024-03-22 23:00:00,9.43589743589744,12.2051282051282,12.4615384615385,13.0512820512821,18.5461210526316
2024-03-23,10.1282051282051,13.0512820512821,13.6923076923077,14.4102564102564,13.815065
2024-03-23 01:00:00,10.6410256410256,15.1282051282051,17.4358974358974,23.025641025641,19.6899526315789
2024-03-23 02:00:00,10.75,14.4,15.7,17.5,21.506665
2024-03-23 03:00:00,11.1052631578947,14.5,15.1842105263158,16.5526315789474,20.5681210526316
2024-03-23 04:00:00,13.325,17.475,18.6,19.875,22.586985
2024-03-23 05:00:00,14.4871794871795,19.1025641025641,20.5641025641026,21.9230769230769,23.8018947368421
2024-03-23 06:00:00,15.625,20.875,22.7,26.1,27.738915
2024-03-23 07:00:00,13.9473684210526,18.9736842105263,20.9473684210526,25.5263157894737,31.6775947368421
2024-03-23 08:00:00,12.575,16.95,19,22.925,25.517685
2024-03-23 09:00:00,7.07692307692308,9.48717948717949,9.92307692307692,10.8717948717949,4.73636736842105
2024-03-23 10:00:00,3.71794871794872,5.25641025641026,5.64102564102564,6.30769230769231,4.1964645
2024-03-23 11:00:00,0.0769230769230769,0.435897435897436,0.512820512820513,0.743589743589744,2.96946631578947
2024-03-23 12:00:00,0.05,0.425,0.525,0.85,3.3826915
2024-03-23 13:00:00,0.230769230769231,0.897435897435897,0.974358974358974,1.25641025641026,6.83628631578947
2024-03-23 14:00:00,0.384615384615385,1.46153846153846,1.69230769230769,2.05128205128205,5.1274755
2024-03-23 15:00:00,1.61538461538462,3.07692307692308,3.23076923076923,3.71794871794872,4.29747210526316
2024-03-23 16:00:00,2.575,4.3,4.55,5.225,5.0232915
2024-03-23 17:00:00,2.56410256410256,4.28205128205128,4.61538461538461,5.35897435897436,7.80159894736842
2024-03-23 18:00:00,3.74358974358974,5.94871794871795,6.35897435897436,7.05128205128205,19.983105
2024-03-23 19:00:00,6.92307692307692,9.61538461538461,10.3333333333333,10.7179487179487,20.9259789473684
2024-03-23 20:00:00,5.575,8.05,8.65,9.425,20.17043
2024-03-23 21:00:00,4.21052631578947,6.15789473684211,6.73684210526316,7.26315789473684,16.6152631578947
2024-03-23 22:00:00,2.64102564102564,4.23076923076923,4.48717948717949,4.79487179487179,14.2839684210526
2024-03-23 23:00:00,2.1025641025641,3.43589743589744,3.46153846153846,3.76923076923077,12.4033473684211
2024-03-24,3.675,5.475,5.775,6.075,11.58715
2024-03-24 01:00:00,1.63157894736842,2.81578947368421,2.86842105263158,3.23684210526316,10.6731263157895
2024-03-24 02:00:00,3.05,4.35,4.425,4.65,11.404071
2024-03-24 03:00:00,2.15384615384615,3.17948717948718,3.20512820512821,3.25641025641026,10.4439021052632
2024-03-24 04:00:00,2.33333333333333,3.48717948717949,3.58974358974359,3.69230769230769,11.985123
2024-03-24 05:00:00,3.15384615384615,4.48717948717949,4.61538461538461,4.79487179487179,9.38269315789474
2024-03-24 06:00:00,2.58974358974359,3.8974358974359,3.92307692307692,4.02564102564103,8.116329
2024-03-24 07:00:00,2.17948717948718,3.51282051282051,3.76923076923077,4.05128205128205,6.03605315789474
2024-03-24 08:00:00,1.775,3,3.075,3.575,4.8457215
2024-03-24 09:00:00,0.921052631578947,1.97368421052632,2.02631578947368,2.31578947368421,4.53548210526316
2024-03-24 10:00:00,0.95,1.95,2,2.075,4.7351775
2024-03-24 11:00:00,0.82051282051282,1.87179487179487,1.87179487179487,1.92307692307692,10.3212968421053
2024-03-24 12:00:00,1.58974358974359,2.69230769230769,2.71794871794872,2.79487179487179,10.6528675
2024-03-24 13:00:00,0.974358974358974,1.97435897435897,2,2.05128205128205,10.9445
2024-03-24 14:00:00,1.325,2.45,2.55,2.7,7.5534135
2024-03-24 15:00:00,1.84210526315789,3.07894736842105,3.15789473684211,3.26315789473684,6.77377315789474
2024-03-24 16:00:00,1.9,3.225,3.325,3.4,8.756045
2024-03-24 17:00:00,7.23076923076923,10.1538461538462,10.6153846153846,10.9487179487179,12.0161968421053
2024-03-24 18:00:00,2.20512820512821,3.46153846153846,3.46153846153846,3.56410256410256,11.79156
2024-03-24 19:00:00,1.82051282051282,3.1025641025641,3.12820512820513,3.35897435897436,11.4856326315789
2024-03-24 20:00:00,1.3,2.4,2.4,2.55,13.0419
2024-03-24 21:00:00,2.92307692307692,4.43589743589744,4.48717948717949,4.61538461538461,15.7845736842105
2024-03-24 22:00:00,1.23076923076923,2.23076923076923,2.23076923076923,2.25641025641026,13.901585
2024-03-24 23:00:00,0.897435897435897,1.84615384615385,1.87179487179487,1.8974358974359,11.2342757894737
2024-03-25,0.4,1.4,1.4,1.425,7.7980295
2024-03-25 01:00:00,0.763157894736842,1.73684210526316,1.73684210526316,1.84210526315789,13.4567642105263
2024-03-25 02:00:00,0.45,1.325,1.375,1.45,11.965082
2024-03-25 03:00:00,0.692307692307692,1.76923076923077,1.82051282051282,2.05128205128205,7.99873052631579
2024-03-25 04:00:00,0.333333333333333,1.25641025641026,1.30769230769231,1.48717948717949,7.1600715
2024-03-25 05:00:00,0.282051282051282,1.1025641025641,1.1025641025641,1.20512820512821,9.66248
2024-03-25 06:00:00,0.325,1.25,1.3,1.35,9.8666335
2024-03-25 07:00:00,0.435897435897436,1.38461538461538,1.38461538461538,1.56410256410256,22.0691526315789
2024-03-25 08:00:00,0.41025641025641,1.46153846153846,1.51282051282051,1.56410256410256,9.3024415
2024-03-25 09:00:00,0.794871794871795,1.92307692307692,2.02564102564103,2.12820512820513,6.82893684210526
2024-03-25 10:00:00,0.5,1.575,1.575,1.75,7.0068535
2024-03-25 11:00:00,0.948717948717949,2.17948717948718,2.23076923076923,2.56410256410256,7.86507421052632
2024-03-25 12:00:00,0.974358974358974,2.02564102564103,2.17948717948718,2.38461538461538,6.73761
2024-03-25 13:00:00,0.794871794871795,1.92307692307692,2.07692307692308,2.30769230769231,4.77260157894737
2024-03-25 14:00:00,0.95,2.05,2.1,2.15,4.090868
2024-03-25 15:00:00,2.20512820512821,3.64102564102564,3.76923076923077,4.07692307692308,5.58886894736842
2024-03-25 16:00:00,1.07692307692308,2.23076923076923,2.38461538461538,2.69230769230769,8.860772
2024-03-25 17:00:00,4.33333333333333,6.38461538461539,6.56410256410256,6.92307692307692,21.6871789473684
2024-03-25 18:00:00,6.15,8.55,8.825,9.275,20.64088
2024-03-25 19:00:00,7.82051282051282,10.5384615384615,11.2307692307692,11.7179487179487,42.209985
2024-03-25 20:00:00,10.0769230769231,13.3333333333333,13.9230769230769,14.4102564102564,30.6717105263158
2024-03-25 21:00:00,13.025,17.4,18.275,18.95,25.521985
2024-03-25 22:00:00,15.5789473684211,22.4473684210526,25,26.7368421052632,23.0336473684211
2024-03-25 23:00:00,17.625,26.05,29.6,31.25,24.291655
2024-03-26,9.68,13.16,14,14.6,25.7873
2024-03-26 01:00:00,14.4324324324324,18.972972972973,20,20.9189189189189,23.6352052631579
2024-03-26 02:00:00,11.5128205128205,15.2564102564103,16,16.4871794871795,19.7199526315789
2024-03-26 03:00:00,13.15,17.275,17.95,18.55,22.09459
2024-03-26 04:00:00,16.027027027027,21.1081081081081,22.3783783783784,23.3243243243243,34.7416333333333
2024-03-26 05:00:00,14.125,18.4,19.625,20.825,29.34722
2024-03-26 06:00:00,13.0769230769231,17.2564102564103,18.5128205128205,19.8974358974359,23.6487689473684
2024-03-26 07:00:00,4.775,6.275,6.4,6.6,8.1695565
2024-03-26 08:00:00,4.10526315789474,5.57894736842105,5.68421052631579,6.05263157894737,7.49678894736842
2024-03-26 09:00:00,3.925,5.375,5.4,5.675,3.5269895
2024-03-26 10:00:00,3.97435897435897,5.46153846153846,5.58974358974359,5.8974358974359,3.35651473684211
2024-03-26 11:00:00,4.375,5.925,6.05,6.375,3.400927
2024-03-26 12:00:00,3.82051282051282,5.30769230769231,5.33333333333333,5.64102564102564,3.33296684210526
2024-03-26 13:00:00,4.82051282051282,6.41025641025641,6.56410256410256,7.02564102564103,3.3756825
2024-03-26 14:00:00,3.63157894736842,5.21052631578947,5.39473684210526,5.84210526315789,3.74860421052632
2024-03-26 15:00:00,3.675,5.15,5.35,5.675,4.0657465
2024-03-26 16:00:00,5.05263157894737,7.07894736842105,7.31578947368421,8,6.48013842105263
2024-03-26 17:00:00,9.175,12.5,13.275,14.15,25.502119
2024-03-26 18:00:00,6.66666666666667,9.33333333333333,9.66666666666667,10.2564102564103,40.7910684210526
2024-03-26 19:00:00,12.2051282051282,16.4871794871795,17.3589743589744,18.3589743589744,55.518055
2024-03-26 20:00:00,8.07692307692308,11.6666666666667,12.5641025641026,13.4871794871795,9.82098578947368
2024-03-26 21:00:00,7.33333333333333,10.5384615384615,11.1282051282051,12.0769230769231,11.112116
2024-03-26 22:00:00,5.71052631578947,8.55263157894737,9.02631578947368,9.71052631578947,9.80331789473684
2024-03-26 23:00:00,7.25,10.2,10.75,11.25,10.744591
2024-03-27,5.12820512820513,7.46153846153846,7.74358974358974,8.28205128205128,12.8159421052632
2024-03-27 01:00:00,5.675,8.15,8.45,8.825,15.016505
2024-03-27 02:00:00,6.84210526315789,9.52631578947368,10.1315789473684,10.6052631578947,18.6890789473684
2024-03-27 03:00:00,7.675,10.925,11.725,12.725,22.2246
2024-03-27 04:00:00,7,9.8974358974359,10.5641025641026,11.4102564102564,31.7733578947368
2024-03-27 05:00:00,2.94871794871795,4.46153846153846,4.82051282051282,5.46153846153846,17.5626355
2024-03-27 06:00:00,3.20512820512821,4.71794871794872,4.92307692307692,5.58974358974359,9.24141368421053
2024-03-27 07:00:00,3.025,4.375,4.525,5,6.823629
2024-03-27 08:00:00,3.15384615384615,4.56410256410256,4.71794871794872,5.17948717948718,9.1854452631579
2024-03-27 09:00:00,2.76923076923077,4.33333333333333,4.56410256410256,5.25641025641026,3.844878
2024-03-27 10:00:00,2.94871794871795,4.46153846153846,4.66666666666667,5.35897435897436,3.99343526315789
2024-03-27 11:00:00,3.1025641025641,4.82051282051282,5.33333333333333,6.33333333333333,4.5356745
2024-03-27 12:00:00,3.12121212121212,4.78787878787879,5.09090909090909,6.06060606060606,3.86871578947368
2024-03-27 13:00:00,2.725,4.4,4.875,5.875,4.606187
2024-03-27 14:00:00,2.15789473684211,3.71052631578947,3.92105263157895,4.84210526315789,3.66616578947368
2024-03-27 15:00:00,2.24324324324324,3.91891891891892,4.37837837837838,5.35135135135135,7.838829
2024-03-27 16:00:00,6.13157894736842,8.89473684210526,9.6578947368421,11.2631578947368,18.1394421052632
2024-03-27 17:00:00,4.5,6.375,6.8,8.275,23.487485
2024-03-27 18:00:00,6.07692307692308,8.30769230769231,9,10.5897435897436,24.1750052631579
2024-03-27 19:00:00,7.79487179487179,10.2307692307692,10.8717948717949,11.8717948717949,24.51138
2024-03-27 20:00:00,9.69230769230769,12.2820512820513,13.025641025641,14.3846153846154,24.2609315789474
2024-03-27 21:00:00,7.175,9.6,10.55,12.1,24.335265
2024-03-27 22:00:00,5.36842105263158,7.86842105263158,8.76315789473684,10.0263157894737,19.6929578947368
2024-03-27 23:00:00,5.175,7.8,8.675,10.3,12.43451
2024-03-28,5.42105263157895,8.3421052631579,9.39473684210526,11.1052631578947,10.8503352631579
2024-03-28 01:00:00,5.8,8.2,8.85,10.5,9.067058
2024-03-28 02:00:00,4.10526315789474,5.63157894736842,5.89473684210526,6.47368421052632,13.2741336842105
2024-03-28 03:00:00,0.128205128205128,0.615384615384615,0.717948717948718,0.846153846153846,9.23927368421053
2024-03-28 04:00:00,0,0.41025641025641,0.41025641025641,0.41025641025641,8.09762315789474
2024-03-28 05:00:00,0.0769230769230769,0.82051282051282,0.871794871794872,1,8.378508
2024-03-28 06:00:00,0.358974358974359,1,1.05128205128205,1.1025641025641,7.67392368421053
2024-03-28 07:00:00,0.6,1.525,1.525,1.55,5.821056
2024-03-28 08:00:00,0.435897435897436,1.41025641025641,1.43589743589744,1.48717948717949,3.91229684210526
2024-03-28 09:00:00,0.384615384615385,1.35897435897436,1.41025641025641,1.51282051282051,2.762723
2024-03-28 10:00:00,0.435897435897436,1.38461538461538,1.41025641025641,1.64102564102564,2.29700105263158
2024-03-28 11:00:00,0.153846153846154,1.05128205128205,1.1025641025641,1.28205128205128,2.4550585
2024-03-28 12:00:00,0.256410256410256,1.05128205128205,1.07692307692308,1.43589743589744,3.24999421052632
2024-03-28 13:00:00,0.15,1.125,1.175,2.3,7.7068185
2024-03-28 14:00:00,0.421052631578947,1.42105263157895,1.55263157894737,2.15789473684211,13.4675
2024-03-28 15:00:00,0.975,2.05,2.1,2.625,16.38996
2024-03-28 16:00:00,2.21052631578947,4.23684210526316,4.55263157894737,4.73684210526316,14.7418157894737
2024-03-28 17:00:00,2.275,4.3,4.55,4.95,19.65689
2024-03-28 18:00:00,2.92307692307692,4.53846153846154,4.64102564102564,4.8974358974359,21.6954684210526
2024-03-28 19:00:00,2.825,4.45,4.625,4.9,19.180395
2024-03-28 20:00:00,2.21052631578947,3.47368421052632,3.52631578947368,3.68421052631579,20.2005315789474
2024-03-28 21:00:00,1.6,2.85,2.95,3.125,16.615655
2024-03-28 22:00:00,1.89473684210526,3.05263157894737,3.07894736842105,3.13157894736842,15.0511947368421
2024-03-28 23:00:00,1.76923076923077,2.97435897435897,3.05128205128205,3.15384615384615,15.049055
2024-03-29,2.33333333333333,3.69230769230769,3.79487179487179,4.07692307692308,17.6899631578947
2024-03-29 01:00:00,3.5,5.375,5.775,6.25,15.44139
2024-03-29 02:00:00,4.53846153846154,6.76923076923077,7.30769230769231,8.07692307692308,14.2139578947368
2024-03-29 03:00:00,3.43589743589744,5.23076923076923,5.51282051282051,5.87179487179487,15.472775
2024-03-29 04:00:00,4.20512820512821,6.1025641025641,6.38461538461539,6.66666666666667,21.9033315789474
2024-03-29 05:00:00,4.1,5.95,6.2,6.6,17.586565
2024-03-29 06:00:00,7.97368421052632,11.5,12.2105263157895,12.6052631578947,19.3868263157895
2024-03-29 07:00:00,5.975,8.6,8.95,9.5,14.312772
2024-03-29 08:00:00,4.74358974358974,6.69230769230769,6.87179487179487,7.25641025641026,10.2591931578947
2024-03-29 09:00:00,4.15384615384615,6.48717948717949,7.12820512820513,7.8974358974359,6.604452
2024-03-29 10:00:00,3.46153846153846,5.53846153846154,5.87179487179487,6.38461538461539,3.83479368421053
2024-03-29 11:00:00,3.825,6.025,6.575,7.15,4.856499
2024-03-29 12:00:00,3.9,6.35,7.175,8.35,8.7222935
2024-03-29 13:00:00,3.86842105263158,6.21052631578947,6.78947368421053,7.63157894736842,7.85531842105263
2024-03-29 14:00:00,3.125,5.125,5.575,6.525,3.4120245
2024-03-29 15:00:00,3.17948717948718,5.15384615384615,5.66666666666667,6.82051282051282,9.35165736842105
2024-03-29 16:00:00,5,7.46153846153846,8.12820512820513,9.33333333333333,24.0211
2024-03-29 17:00:00,8.05263157894737,11.5789473684211,12.3421052631579,13.9736842105263,28.5046684210526
2024-03-29 18:00:00,11.125,15.35,16.45,17.5,33.66875
2024-03-29 19:00:00,14.7179487179487,20.2307692307692,21.8974358974359,22.9487179487179,48.6164736842105
2024-03-29 20:00:00,17.3333333333333,23.2564102564103,25.0512820512821,26.3333333333333,40.68198
2024-03-29 21:00:00,31.4871794871795,41.2564102564103,43.974358974359,45.6153846153846,52.0097052631579
2024-03-29 22:00:00,22.8421052631579,30.4210526315789,32.7105263157895,34.2894736842105,39.8025263157895
2024-03-29 23:00:00,15.5,20.8947368421053,22.1578947368421,23.1315789473684,32.2885263157895
2024-03-30,14.9,20.575,21.875,23.4,28.365315
2024-03-30 01:00:00,10.4358974358974,15.0769230769231,16.6410256410256,17.7948717948718,23.1511684210526
2024-03-30 02:00:00,8.775,12.625,13.8,14.925,18.67103
2024-03-30 03:00:00,9.81578947368421,14.0526315789474,15.2105263157895,16.6578947368421,19.2595894736842
2024-03-30 04:00:00,8.05,11.725,13.15,14.2,24.85682
2024-03-30 05:00:00,7.41025641025641,11.0512820512821,12.0769230769231,12.974358974359,20.0886421052632
2024-03-30 06:00:00,9.12820512820513,13.1538461538462,14.3333333333333,15.4358974358974,18.983485
2024-03-30 07:00:00,9.66666666666667,13.7948717948718,14.8974358974359,16.3333333333333,16.5160421052632
2024-03-30 08:00:00,6.55,10.05,11,12.65,5.6385315
2024-03-30 09:00:00,5.20512820512821,9.84615384615385,12.8974358974359,18.8205128205128,2.62069052631579
2024-03-30 10:00:00,6.53846153846154,14.5641025641026,23.2564102564103,38.3846153846154,2.338452
2024-03-30 11:00:00,8.17948717948718,20.3846153846154,35.0512820512821,64.974358974359,2.26149789473684
2024-03-30 12:00:00,9.9,25.025,43.425,87.25,2.0160425
2024-03-30 13:00:00,10.2894736842105,26.8684210526316,48.7105263157895,98.8947368421053,2.27020105263158
2024-03-30 14:00:00,9.82051282051282,25.3076923076923,45.1025641025641,91.8205128205128,2.6787495
2024-03-30 15:00:00,9.46153846153846,24.6153846153846,42.5128205128205,82.8974358974359,4.04091894736842
2024-03-30 16:00:00,9.7,23.75,40.325,79.125,26.441907
2024-03-30 17:00:00,12,24.7368421052632,39.8684210526316,72.1578947368421,32.6765942105263
2024-03-30 18:00:00,18.975,32.175,44.575,68.875,37.558045
2024-03-30 19:00:00,9.8974358974359,19.8717948717949,30.2307692307692,52.3589743589744,22.37274
2024-03-30 20:00:00,8.51282051282051,17.6153846153846,27.2820512820513,47.0512820512821,9.4439385
2024-03-30 21:00:00,14.7692307692308,25.2307692307692,34.2051282051282,53.4102564102564,29.4749421052632
2024-03-30 22:00:00,11.8157894736842,21.1842105263158,29.0263157894737,45.5526315789474,32.2103210526316
2024-03-30 23:00:00,10.1578947368421,19.0526315789474,26.9473684210526,44.0526315789474,32.0700421052632
2024-03-31,11.075,20.725,30.125,46.15,25.447315
2024-03-31 01:00:00,8.55263157894737,16.9210526315789,25.8157894736842,42,21.0649894736842
2024-03-31 03:00:00,10.4871794871795,19.4615384615385,27.6794871794872,45.8076923076923,19.342541025641
2024-03-31 04:00:00,11.725,20.525,28.7,45.525,28.19396
2024-03-31 05:00:00,9.94871794871795,18.3333333333333,26.025641025641,40.2051282051282,26.8012684210526
2024-03-31 06:00:00,10.6153846153846,20.0769230769231,29.025641025641,48.025641025641,17.0817
2024-03-31 07:00:00,9.69230769230769,19.6923076923077,30.3333333333333,54.974358974359,9.01242947368421
2024-03-31 08:00:00,7.9,18.125,29.25,56.675,3.2074695
2024-03-31 09:00:00,7.56410256410256,18.9230769230769,31.7435897435897,62.5384615384615,2.08142789473684
2024-03-31 10:00:00,7.12820512820513,17.6153846153846,30.5897435897436,60.1538461538462,2.8485145
2024-03-31 11:00:00,7.28205128205128,17.9230769230769,31.5384615384615,61.0769230769231,3.31390526315789
2024-03-31 12:00:00,7.65,19.1,33.225,68.025,2.218641
2024-03-31 13:00:00,8.52631578947368,21.2631578947368,37.9473684210526,77.4736842105263,2.55954421052632
2024-03-31 14:00:00,8.13513513513514,20.5405405405405,36.027027027027,70.5945945945946,3.67203157894737
2024-03-31 15:00:00,7.76923076923077,19.8205128205128,34.9230769230769,71.6666666666667,7.57278631578947
2024-03-31 16:00:00,8.95,21.45,36.525,74.825,7.187367
2024-03-31 17:00:00,9.05128205128205,21.1025641025641,34.8205128205128,70.0512820512821,41.1924368421053
2024-03-31 18:00:00,16.6923076923077,29.8974358974359,43.6410256410256,72.7435897435897,61.56287
2024-03-31 19:00:00,13.4358974358974,25.1025641025641,37.1538461538462,61.7948717948718,52.7544421052632
2024-03-31 20:00:00,15.425,27.65,39.525,63.775,37.743625
2024-03-31 21:00:00,12.4210526315789,23.3947368421053,34.8421052631579,59.8157894736842,38.163
2024-03-31 22:00:00,11.35,22.125,33,55.35,25.723445
2024-03-31 23:00:00,14.5526315789474,25.7105263157895,36.7105263157895,58.2631578947368,23.6457055555556
2024-04-01,10.3333333333333,19.7179487179487,29.3076923076923,48.025641025641,20.1368
2024-04-01 01:00:00,11.5897435897436,21.5384615384615,30.974358974359,49.8461538461538,20.0839684210526
2024-04-01 02:00:00,16.725,28.425,38.4,56.525,20.461975
2024-04-01 03:00:00,16.7692307692308,28.2564102564103,38.9230769230769,58.7179487179487,25.8597
2024-04-01 04:00:00,17.5384615384615,29.4358974358974,39.3076923076923,58.2564102564103,23.21954
2024-04-01 05:00:00,14.6410256410256,25.025641025641,34.2820512820513,50.5641025641026,17.5352894736842
2024-04-01 06:00:00,10.025,18.6,26.475,39.95,10.566107
2024-04-01 07:00:00,4.68421052631579,10.1315789473684,14.7894736842105,23.2894736842105,4.84520526315789
2024-04-01 08:00:00,3.75,8.375,12.05,19.125,3.7594215
2024-04-01 09:00:00,2.71428571428571,6.65714285714286,10.1428571428571,17.0571428571429,2.83559473684211
2024-04-01 10:00:00,3.1,7.4,11.4,17.025,4.3192455
2024-04-01 11:00:00,2.94871794871795,7.23076923076923,10.2564102564103,15.974358974359,3.66463052631579
2024-04-01 12:00:00,2.66666666666667,6.07692307692308,8.17948717948718,13.5641025641026,3.277672
2024-04-01 13:00:00,2.15384615384615,4.56410256410256,6.20512820512821,11.2564102564103,3.86657526315789
2024-04-01 14:00:00,0.975,2.3,2.475,3.7,7.201314
2024-04-01 15:00:00,0.923076923076923,2.15384615384615,2.30769230769231,2.69230769230769,14.5386157894737
2024-04-01 16:00:00,0.641025641025641,1.71794871794872,1.76923076923077,2,7.2395915
2024-04-01 17:00:00,0.692307692307692,1.58974358974359,1.58974358974359,1.69230769230769,8.92786526315789
2024-04-01 18:00:00,1.125,2.05,2.075,2.15,11.55283
2024-04-01 19:00:00,1.10526315789474,2.10526315789474,2.15789473684211,2.23684210526316,14.5131589473684
2024-04-01 20:00:00,0.35,1.05,1.075,1.175,8.045858
2024-04-01 21:00:00,0.184210526315789,0.789473684210526,0.789473684210526,0.894736842105263,8.62247210526316
2024-04-01 22:00:00,0.05,0.825,0.975,1.175,5.4031025
2024-04-01 23:00:00,0.0789473684210526,0.763157894736842,0.789473684210526,0.868421052631579,6.31404210526316
2024-04-02,4.9,8.2,9.075,9.475,9.903199
2024-04-02 01:00:00,0.435897435897436,1.28205128205128,1.30769230769231,1.35897435897436,13.9869789473684
2024-04-02 02:00:00,0.307692307692308,1.25641025641026,1.25641025641026,1.33333333333333,16.50156
2024-04-02 03:00:00,0.3,1.3,1.3,1.4,16.756685
2024-04-02 04:00:00,0.615384615384615,1.66666666666667,1.74358974358974,1.87179487179487,18.5393105263158
2024-04-02 05:00:00,0.512820512820513,1.51282051282051,1.56410256410256,1.71794871794872,12.331008
2024-04-02 06:00:00,0.358974358974359,1.35897435897436,1.41025641025641,1.56410256410256,4.96155736842105
2024-04-02 07:00:00,0.225,1.2,1.225,1.65,4.258593
2024-04-02 08:00:00,0.8,2,2.2,2.82857142857143,3.05405631578947
2024-04-02 09:00:00,0.175,1.175,1.325,2.025,2.900296
2024-04-02 10:00:00,0.263157894736842,1.15789473684211,1.34210526315789,2.02631578947368,2.49446789473684
2024-04-02 11:00:00,0.05,0.925,1.15,1.9,3.95624
2024-04-02 12:00:00,0.128205128205128,0.897435897435897,0.948717948717949,1.30769230769231,5.95868052631579
2024-04-02 13:00:00,0.179487179487179,1.17948717948718,1.30769230769231,2.1025641025641,9.183457
2024-04-02 14:00:00,0.641025641025641,1.82051282051282,2.05128205128205,2.84615384615385,4.97011789473684
2024-04-02 15:00:00,1.4,2.675,2.775,3.125,4.424945
2024-04-02 16:00:00,0.538461538461538,1.66666666666667,1.76923076923077,2.20512820512821,6.05395789473684
2024-04-02 17:00:00,2.82051282051282,4.48717948717949,4.82051282051282,5.15384615384615,15.42307
2024-04-02 18:00:00,2.23076923076923,3.79487179487179,4.12820512820513,4.82051282051282,18.3171789473684
2024-04-02 19:00:00,2.125,3.75,4.075,4.35,24.93855
2024-04-02 20:00:00,2.26315789473684,3.76315789473684,4,4.26315789473684,26.2003210526316
2024-04-02 21:00:00,2.71794871794872,4.61538461538461,4.82051282051282,5.30769230769231,20.3227315789474
2024-04-02 22:00:00,3.48717948717949,5.51282051282051,5.82051282051282,6.17948717948718,16.7673263157895
2024-04-02 23:00:00,1.8,3.225,3.25,3.45,13.862705
2024-04-03,1.02631578947368,2.21052631578947,2.34210526315789,2.76315789473684,11.0948631578947
2024-04-03 01:00:00,4.975,7.975,8.65,9.175,11.835691
2024-04-03 02:00:00,5.71794871794872,8.46153846153846,9.15384615384615,9.8974358974359,11.6543063157895
2024-04-03 03:00:00,4.84615384615385,6.94871794871795,7.30769230769231,8,12.265961
2024-04-03 04:00:00,2.97435897435897,4.87179487179487,5.33333333333333,5.84615384615385,14.1477736842105
2024-04-03 05:00:00,4.95,7.725,8.25,8.8,12.1731035
2024-04-03 06:00:00,2.43589743589744,4,4.17948717948718,4.51282051282051,5.75199421052632
2024-04-03 07:00:00,4.23076923076923,6.71794871794872,7.17948717948718,7.8974358974359,6.3645135
2024-04-03 08:00:00,7.53846153846154,10.5128205128205,11.2051282051282,12.2564102564103,5.52193947368421
2024-04-03 09:00:00,1.225,2.65,3.1,3.9,4.674611
2024-04-03 10:00:00,1.43589743589744,3.17948717948718,3.58974358974359,4.38461538461539,4.45426473684211
2024-04-03 11:00:00,2.1025641025641,4.17948717948718,4.8974358974359,5.79487179487179,9.419057
2024-04-03 12:00:00,0.512820512820513,1.43589743589744,1.53846153846154,1.66666666666667,12.65897
2024-04-03 13:00:00,0.75,1.95,2.125,2.55,10.0460165
2024-04-03 14:00:00,1.23684210526316,2.63157894736842,2.89473684210526,3.39473684210526,5.66328052631579
2024-04-03 15:00:00,1.425,2.9,3.25,3.6,8.2343355
2024-04-03 16:00:00,3.46153846153846,5.97435897435897,6.82051282051282,7.46153846153846,6.58913
2024-04-03 17:00:00,6.9,10.225,11.125,12.05,9.8869115
2024-04-03 18:00:00,4.36842105263158,6.44736842105263,6.81578947368421,7.28947368421053,12.4763578947368
2024-04-03 19:00:00,1.8,3.125,3.175,3.2,22.70483
2024-04-03 20:00:00,2.97435897435897,4.64102564102564,4.79487179487179,5.23076923076923,25.0337473684211
2024-04-03 21:00:00,9.02631578947368,15.1315789473684,18.0526315789474,19.9736842105263,14.1262421052632
2024-04-03 22:00:00,3.87179487179487,6.1025641025641,6.38461538461539,6.82051282051282,12.7790578947368
2024-04-03 23:00:00,1.225,2.3,2.325,2.425,12.29039
2024-04-04,0.307692307692308,1.28205128205128,1.30769230769231,1.35897435897436,12.2725263157895
2024-04-04 01:00:00,1.23076923076923,2.33333333333333,2.38461538461538,2.48717948717949,12.39371
2024-04-04 02:00:00,1.23076923076923,2.23076923076923,2.25641025641026,2.30769230769231,18.5537631578947
2024-04-04 03:00:00,1.925,3.175,3.25,3.4,18.900255
2024-04-04 04:00:00,3.68421052631579,5.23684210526316,5.63157894736842,6.34210526315789,31.9829368421053
2024-04-04 05:00:00,5.325,7.5,7.9,8.5,24.604214
2024-04-04 06:00:00,1.15384615384615,2.38461538461538,2.56410256410256,2.84615384615385,4.42541684210526
2024-04-04 07:00:00,0.692307692307692,1.79487179487179,1.94871794871795,2.48717948717949,3.735592
2024-04-04 08:00:00,0.307692307692308,1.38461538461538,1.51282051282051,1.76923076923077,3.61746526315789
2024-04-04 09:00:00,0.475,1.5,1.6,2.025,3.903632
2024-04-04 10:00:00,0.153846153846154,1.15384615384615,1.23076923076923,1.43589743589744,4.95099578947368
2024-04-04 11:00:00,0.333333333333333,1.38461538461538,1.41025641025641,1.69230769230769,9.8615015
2024-04-04 12:00:00,0.948717948717949,2.17948717948718,2.30769230769231,2.76923076923077,12.9948678947368
2024-04-04 13:00:00,0.425,1.55,1.725,1.975,5.7219275
2024-04-04 14:00:00,0.615384615384615,1.74358974358974,1.97435897435897,2.23076923076923,4.14674947368421
2024-04-04 15:00:00,0.538461538461538,1.69230769230769,1.8974358974359,2.07692307692308,4.935228
2024-04-04 16:00:00,0.923076923076923,2.25641025641026,2.38461538461538,2.46153846153846,10.8838363157895
2024-04-04 17:00:00,1.675,2.975,3.2,3.325,31.31111
2024-04-04 18:00:00,2,3.36842105263158,3.44736842105263,3.60526315789474,17.5716484210526
2024-04-04 19:00:00,1.8,3.075,3.175,3.3,10.787167
2024-04-04 20:00:00,1.64102564102564,2.92307692307692,2.97435897435897,3.17948717948718,12.1364315789474
2024-04-04 21:00:00,1.58974358974359,2.87179487179487,2.94871794871795,3.02564102564103,11.785247
2024-04-04 22:00:00,1.38461538461538,2.74358974358974,2.94871794871795,3.28205128205128,10.0030231578947
2024-04-04 23:00:00,1.25,2.575,2.675,2.975,9.887133
2024-04-05,2.63157894736842,4.44736842105263,4.71052631578947,5.10526315789474,11.4304473684211
2024-04-05 01:00:00,2.51282051282051,4.25641025641026,4.58974358974359,5.20512820512821,13.727561
2024-04-05 02:00:00,3.82051282051282,5.84615384615385,6.30769230769231,6.64102564102564,14.5364852631579
2024-04-05 03:00:00,5.175,7.45,7.925,8.625,22.925325
2024-04-05 04:00:00,4.36842105263158,6.44736842105263,7,8.47368421052632,32.0627
2024-04-05 05:00:00,5,7.43589743589744,8.1025641025641,8.97435897435897,19.7243915789474
2024-04-05 06:00:00,6.02564102564103,9.1025641025641,10,11.6666666666667,14.7643173684211
2024-04-05 07:00:00,5.46153846153846,8.35897435897436,9.30769230769231,10.6410256410256,21.606835
2024-04-05 08:00:00,4.25,6.7,7.6,9.15,12.7334442105263
2024-04-05 09:00:00,3.62162162162162,5.97297297297297,6.75675675675676,8.2972972972973,5.65813736842105
2024-04-05 10:00:00,2.17948717948718,4.33333333333333,5,6.02564102564103,2.70444052631579
2024-04-05 11:00:00,1.025,2.45,2.6,3.25,2.201406
2024-04-05 12:00:00,0.605263157894737,1.76315789473684,1.89473684210526,2.21052631578947,2.16034631578947
2024-04-05 13:00:00,0.4,1.675,1.9,2.075,2.3610645
2024-04-05 14:00:00,0.846153846153846,2.1025641025641,2.20512820512821,2.30769230769231,3.58164315789474
2024-04-05 15:00:00,0.82051282051282,1.94871794871795,2.12820512820513,2.48717948717949,8.8286195
2024-04-05 16:00:00,0.925,2.225,2.4,2.725,11.2317145
2024-04-05 17:00:00,2.20512820512821,3.76923076923077,3.94871794871795,4.28205128205128,23.7017
2024-04-05 18:00:00,1.6,2.85,2.925,3.225,22.38728
2024-04-05 19:00:00,7.86842105263158,12.4210526315789,14.1315789473684,16.0789473684211,14.7190378947368
2024-04-05 20:00:00,5.02564102564103,7.69230769230769,8.28205128205128,8.84615384615385,5.1006915
2024-04-05 21:00:00,1.59459459459459,2.91891891891892,3.05405405405405,3.35135135135135,4.47323789473684
2024-04-05 22:00:00,1.66666666666667,3.02564102564103,3.1025641025641,3.53846153846154,4.698845
2024-04-05 23:00:00,5.05128205128205,7.20512820512821,7.46153846153846,7.92307692307692,5.61783105263158
2024-04-06,3,4.7,4.9,5.175,5.714241
2024-04-06 01:00:00,2.13157894736842,3.81578947368421,3.89473684210526,4.39473684210526,6.92659789473684
2024-04-06 02:00:00,1.4,2.825,2.875,3.425,8.847216
2024-04-06 03:00:00,2.87179487179487,4.69230769230769,4.97435897435897,5.41025641025641,16.8203536842105
2024-04-06 04:00:00,2.8,4.875,5.4,6.05,12.706475
2024-04-06 05:00:00,5.34210526315789,8.44736842105263,9.76315789473684,10.5,14.3031157894737
2024-04-06 06:00:00,7.375,11.35,12.45,13.475,20.167275
2024-04-06 07:00:00,1.35897435897436,2.64102564102564,2.74358974358974,3.17948717948718,8.55654894736842
2024-04-06 08:00:00,0.625,1.775,1.85,2.125,3.3225905
2024-04-06 09:00:00,0.815789473684211,1.84210526315789,1.92105263157895,2.26315789473684,1.27984536842105
2024-04-06 10:00:00,0.9,2,2.225,2.425,1.3642928
2024-04-06 11:00:00,0.871794871794872,2,2.12820512820513,2.51282051282051,1.29788505263158
2024-04-06 12:00:00,0.641025641025641,1.66666666666667,1.79487179487179,2.28205128205128,1.51844055
2024-04-06 13:00:00,0.538461538461538,1.58974358974359,1.66666666666667,1.8974358974359,1.56621063157895
2024-04-06 14:00:00,0.5,1.55,1.65,1.925,2.306432
2024-04-06 15:00:00,0.358974358974359,1.33333333333333,1.35897435897436,1.66666666666667,2.46926421052632
2024-04-06 16:00:00,0.769230769230769,1.84615384615385,1.92307692307692,2.33333333333333,4.8710415
2024-04-06 17:00:00,3.28205128205128,5.05128205128205,5.15384615384615,5.79487179487179,26.0729684210526
2024-04-06 18:00:00,3.25,5.2,5.4,5.825,37.27951
2024-04-06 19:00:00,4.47368421052632,6.52631578947368,6.73684210526316,7.23684210526316,48.8866526315789
2024-04-06 20:00:00,4.45,6.55,6.925,7.7,41.549415
2024-04-06 21:00:00,7.84210526315789,10.8421052631579,11.5,12.4210526315789,40.3990473684211
2024-04-06 22:00:00,6.05,8.475,8.8,9.525,32.290965
2024-04-06 23:00:00,4.86842105263158,7,7.44736842105263,8.13157894736842,32.4246105263158
2024-04-07,3.475,5.225,5.45,6.2,22.78864
2024-04-07 01:00:00,3.28205128205128,4.74358974358974,4.82051282051282,5.12820512820513,20.4683263157895
2024-04-07 02:00:00,3.05128205128205,4.71794871794872,4.82051282051282,5.1025641025641,17.00213
2024-04-07 03:00:00,3.20512820512821,4.87179487179487,5.1025641025641,5.38461538461539,19.0926368421053
2024-04-07 04:00:00,3.325,5.025,5.175,5.625,17.291075
2024-04-07 05:00:00,3.28947368421053,5.18421052631579,5.5,6,16.0606689473684
2024-04-07 06:00:00,4.475,6.45,7,7.925,9.49273
2024-04-07 07:00:00,4.74358974358974,6.92307692307692,7.28205128205128,8.02564102564103,6.93265105263158
2024-04-07 08:00:00,5.5,8.075,9.075,11.6,4.2877275
2024-04-07 09:00:00,4.68421052631579,6.94736842105263,7.31578947368421,8.36842105263158,2.56409578947368
2024-04-07 10:00:00,2.2,3.425,3.525,4.15,1.16082975
2024-04-07 11:00:00,2.12820512820513,3.56410256410256,3.69230769230769,4.46153846153846,1.06386157894737
2024-04-07 12:00:00,2.45,4.075,4.475,5.575,1.751133
2024-04-07 13:00:00,2.21052631578947,3.94736842105263,4.60526315789474,6.13157894736842,2.43651789473684
2024-04-07 14:00:00,1.675,3.825,4.925,7.85,1.6674739
2024-04-07 15:00:00,2.07692307692308,4.41025641025641,5.53846153846154,8.48717948717949,4.75610421052632
2024-04-07 16:00:00,2.15384615384615,4.46153846153846,5.61538461538461,7.94871794871795,18.762396
2024-04-07 17:00:00,2.74358974358974,5.07692307692308,6.05128205128205,8.12820512820513,29.7740894736842
2024-04-07 18:00:00,3.33333333333333,5.51515151515152,6.27272727272727,8.18181818181818,37.295775
2024-04-07 19:00:00,3.43589743589744,5.94871794871795,6.87179487179487,8.64102564102564,47.1865105263158
2024-04-07 20:00:00,3.15384615384615,5.25641025641026,6.05128205128205,7.84615384615385,42.58887
2024-04-07 21:00:00,3.07692307692308,5.28205128205128,6.23076923076923,8.02564102564103,28.9390631578947
2024-04-07 22:00:00,2.95,5.05,5.9,7.4,24.51965
2024-04-07 23:00:00,2.97368421052632,5.10526315789474,6,8.05263157894737,23.0686736842105
2024-04-08,3.825,6.025,6.95,8.85,23.179005
2024-04-08 01:00:00,4.23076923076923,6.71794871794872,7.58974358974359,9.41025641025641,19.4716157894737
2024-04-08 02:00:00,3.85,6.325,7.225,8.775,18.03401
2024-04-08 03:00:00,4.47368421052632,7,7.71052631578947,9.57894736842105,26.5163894736842
2024-04-08 04:00:00,4.075,6.4,7.45,9.3,30.130435
2024-04-08 05:00:00,5.12820512820513,7.74358974358974,8.84615384615385,10.8717948717949,23.1497789473684
2024-04-08 06:00:00,5.35897435897436,8.28205128205128,9.58974358974359,11.6153846153846,23.093405
2024-04-08 07:00:00,6.11111111111111,9.22222222222222,10.75,13.6944444444444,13.8449526315789
2024-04-08 08:00:00,6.23076923076923,9.64102564102564,11.4358974358974,15.7948717948718,4.839045
2024-04-08 09:00:00,4.76923076923077,7.28205128205128,8.35897435897436,10.5128205128205,2.75106105263158
2024-04-08 10:00:00,4,6.4,7.15,9.25,1.852136
2024-04-08 11:00:00,3.79487179487179,6.12820512820513,6.8974358974359,9.61538461538461,1.93079526315789
2024-04-08 12:00:00,2.84615384615385,5.38461538461539,6.79487179487179,9.69230769230769,1.2502988
2024-04-08 13:00:00,2.51282051282051,5.1025641025641,6.51282051282051,9.53846153846154,1.87747578947368
2024-04-08 14:00:00,2.625,5.025,6.175,8.9,3.1754385
2024-04-08 15:00:00,2.65789473684211,5.21052631578947,6.47368421052632,9.92105263157895,6.09819789473684
2024-04-08 16:00:00,3.275,5.85,7.125,9.5,22.175175
2024-04-08 17:00:00,3.8974358974359,6.30769230769231,7.15384615384615,9.30769230769231,53.9919789473684
2024-04-08 18:00:00,4.20512820512821,6.41025641025641,7.15384615384615,8.82051282051282,53.25263
2024-04-08 19:00:00,4.87179487179487,7.46153846153846,8.38461538461539,9.51282051282051,45.2139631578947
2024-04-08 20:00:00,5.225,7.675,8.9,10.5,43.76709
2024-04-08 21:00:00,6.02631578947368,8.60526315789474,9.10526315789474,10.6315789473684,31.9933526315789
2024-04-08 22:00:00,6.12820512820513,8.58974358974359,9.02564102564103,10.3846153846154,29.743215
2024-04-08 23:00:00,6.92307692307692,9.87179487179487,10.7692307692308,12.2051282051282,22.0115
2024-04-09,5.875,8.525,9.6,10.775,18.701795
2024-04-09 01:00:00,6.10526315789474,8.63157894736842,9.3421052631579,10.1578947368421,15.3374157894737
2024-04-09 02:00:00,6.325,8.775,9.475,10.3,17.259805
2024-04-09 03:00:00,5.84615384615385,8.35897435897436,9.2051282051282,10.1794871794872,23.9867157894737
2024-04-09 04:00:00,4.925,7.075,7.525,8.5,20.95252
2024-04-09 05:00:00,4.07692307692308,5.97435897435897,6.30769230769231,7.1025641025641,13.4676995
2024-04-09 06:00:00,3.94871794871795,6.1025641025641,6.66666666666667,7.71794871794872,4.13784052631579
2024-04-09 07:00:00,2.375,3.875,4.25,5.425,3.1444955
2024-04-09 08:00:00,2.02564102564103,3.38461538461538,3.56410256410256,4.43589743589744,2.69736631578947
2024-04-09 09:00:00,2.23076923076923,3.66666666666667,4.12820512820513,4.94871794871795,1.3052627
2024-04-09 10:00:00,2.79487179487179,4.46153846153846,4.84615384615385,6.05128205128205,1.58722621052632
2024-04-09 11:00:00,2.95,5.05,5.9,7.375,2.0897455
2024-04-09 12:00:00,3.07894736842105,5.23684210526316,6.07894736842105,7.78947368421053,2.51605578947368
2024-04-09 13:00:00,3.475,5.75,7.05,9.1,4.191942
2024-04-09 14:00:00,3.69230769230769,6.15384615384615,7.15384615384615,10.4358974358974,4.16504157894737
2024-04-09 15:00:00,4.425,10.125,15.8,26.925,3.356081
2024-04-09 16:00:00,3.89473684210526,9.6578947368421,14.2631578947368,24.9736842105263,6.29342052631579
2024-04-09 17:00:00,1.825,4.775,6.725,11.475,27.66944
2024-04-09 18:00:00,0.641025641025641,2.1025641025641,2.82051282051282,5.15384615384615,23.2998894736842
2024-04-09 19:00:00,0.230769230769231,1.38461538461538,1.61538461538462,3.58974358974359,13.722996
2024-04-09 20:00:00,0.153846153846154,1.20512820512821,1.58974358974359,2.35897435897436,17.3597105263158
2024-04-09 21:00:00,0.157894736842105,1.18421052631579,1.44736842105263,2,32.4988421052632
2024-04-09 22:00:00,0.263157894736842,1.36842105263158,1.47368421052632,1.84210526315789,29.0597578947368
2024-04-09 23:00:00,0.225,1.4,1.475,2.025,20.23896
2024-04-10,0.461538461538462,1.71794871794872,2.05128205128205,2.61538461538462,21.1446052631579
2024-04-10 01:00:00,0.4,1.575,1.675,1.975,20.83294
2024-04-10 02:00:00,0.394736842105263,1.47368421052632,1.63157894736842,1.76315789473684,18.6037526315789
2024-04-10 03:00:00,0.641025641025641,1.66666666666667,1.92307692307692,2.33333333333333,18.4995210526316
2024-04-10 04:00:00,0.692307692307692,1.82051282051282,1.97435897435897,2.17948717948718,14.7865631578947
2024-04-10 05:00:00,1.28205128205128,2.46153846153846,2.61538461538462,3.02564102564103,17.558385
2024-04-10 06:00:00,1.20512820512821,2.46153846153846,2.66666666666667,2.92307692307692,13.8329284210526
2024-04-10 07:00:00,1.2,2.55,2.7,2.9,12.174984
2024-04-10 08:00:00,2.64102564102564,4.38461538461539,4.61538461538461,5.02564102564103,7.15052473684211
2024-04-10 09:00:00,1.51282051282051,3.20512820512821,3.43589743589744,4.12820512820513,3.3584225
2024-04-10 10:00:00,1.23076923076923,2.76923076923077,3,3.71794871794872,2.93602157894737
2024-04-10 11:00:00,1.1,2.35,2.45,2.925,3.0882955
2024-04-10 12:00:00,1.34210526315789,2.68421052631579,2.89473684210526,3.5,2.14889526315789
2024-04-10 13:00:00,1.15,2.35,2.55,3.05,3.072805
2024-04-10 14:00:00,1.23076923076923,2.56410256410256,3,3.66666666666667,4.48142842105263
2024-04-10 15:00:00,1.23076923076923,2.64102564102564,3.12820512820513,3.58974358974359,6.1072175
2024-04-10 16:00:00,1.25641025641026,2.69230769230769,3.1025641025641,3.97435897435897,10.0665657894737
2024-04-10 17:00:00,1.575,3.225,3.45,3.975,20.140886
2024-04-10 18:00:00,6.30769230769231,9.46153846153846,10.4102564102564,11.5384615384615,25.8222263157895
2024-04-10 19:00:00,6.05128205128205,8.61538461538461,9.15384615384615,9.74358974358974,28.908015
2024-04-10 20:00:00,4.48717948717949,6.82051282051282,7.41025641025641,8.1025641025641,23.8441736842105
2024-04-10 21:00:00,6.52631578947368,9,9.47368421052632,10.0526315789474,21.0023421052632
2024-04-10 22:00:00,4.60526315789474,6.71052631578947,7,7.47368421052632,17.6046842105263
2024-04-10 23:00:00,3.65,5.5,5.7,6.3,14.21972
2024-04-11,3.05128205128205,4.66666666666667,4.97435897435897,5.48717948717949,12.0532263157895
2024-04-11 01:00:00,2.79487179487179,4.23076923076923,4.33333333333333,4.76923076923077,11.030962
2024-04-11 02:00:00,3.15384615384615,4.76923076923077,4.8974358974359,5.23076923076923,10.4095157894737
2024-04-11 03:00:00,3.575,5.25,5.55,6,11.933923
2024-04-11 04:00:00,4.92307692307692,7.30769230769231,8.1025641025641,8.97435897435897,16.0015578947368
2024-04-11 05:00:00,6.25641025641026,10,11.5897435897436,12.9487179487179,17.523545
2024-04-11 06:00:00,6.07692307692308,9.05128205128205,9.97435897435897,11.4871794871795,12.7334273684211
2024-04-11 07:00:00,5.9,8.725,9.45,11.225,17.718625
2024-04-11 08:00:00,4.69230769230769,7.02564102564103,7.82051282051282,8.82051282051282,8.52442789473684
2024-04-11 09:00:00,1.36111111111111,2.91666666666667,3.30555555555556,3.77777777777778,1.474875
2024-04-11 10:00:00,1.41025641025641,2.8974358974359,3.12820512820513,3.51282051282051,1.61981368421053
2024-04-11 11:00:00,1.625,3.075,3.4,4,2.3392595
2024-04-11 12:00:00,1.37837837837838,3,3.27027027027027,3.72972972972973,2.45715631578947
2024-04-11 13:00:00,1.15,2.525,2.6,3.15,3.0856735
2024-04-11 14:00:00,1.05128205128205,2.43589743589744,2.61538461538462,2.97435897435897,3.18554210526316
2024-04-11 15:00:00,1.25641025641026,2.61538461538462,3.05128205128205,3.64102564102564,3.9151615
2024-04-11 16:00:00,1.51282051282051,3.12820512820513,3.25641025641026,3.69230769230769,10.3467242105263
2024-04-11 17:00:00,3.75,5.825,6.35,7.225,52.64506
2024-04-11 18:00:00,3.47368421052632,5.36842105263158,5.78947368421053,6.44736842105263,46.4145789473684
2024-04-11 19:00:00,4.875,7.3,7.75,8.35,30.832255
2024-04-11 20:00:00,5.35897435897436,7.84615384615385,8.51282051282051,9.07692307692308,25.1826
2024-04-11 21:00:00,4.02564102564103,6.17948717948718,6.71794871794872,7.41025641025641,26.99539
2024-04-11 22:00:00,5.97368421052632,8.31578947368421,8.73684210526316,9.44736842105263,18.0285894736842
2024-04-11 23:00:00,3.6,5.9,6.375,7.175,16.65672
2024-04-12,3.56410256410256,5.69230769230769,6.28205128205128,7.07692307692308,15.3965315789474
2024-04-12 01:00:00,2.46153846153846,4.05128205128205,4.25641025641026,4.66666666666667,14.76006
2024-04-12 02:00:00,2.79487179487179,4.35897435897436,4.48717948717949,4.82051282051282,15.9672947368421
2024-04-12 03:00:00,2.4,3.95,4.225,4.85,17.12693
2024-04-12 04:00:00,2.56410256410256,4.20512820512821,4.46153846153846,4.84615384615385,25.2966105263158
2024-04-12 05:00:00,4.43589743589744,6.76923076923077,7.20512820512821,8,19.548685
2024-04-12 06:00:00,4.02564102564103,6.05128205128205,6.71794871794872,7.74358974358974,12.37707
2024-04-12 07:00:00,5.825,9.6,12.425,19.425,27.67553
2024-04-12 08:00:00,6.37837837837838,9.97297297297297,12.4864864864865,17.3783783783784,17.3423857894737
2024-04-12 09:00:00,2.225,4.15,4.65,5.8,1.28338615
2024-04-12 10:00:00,1.8974358974359,3.48717948717949,3.94871794871795,4.61538461538461,1.146571
2024-04-12 11:00:00,1.6,3.275,3.55,4.375,2.105312
2024-04-12 12:00:00,1.34210526315789,2.89473684210526,3.39473684210526,4.02631578947368,2.34103631578947
2024-04-12 13:00:00,1.025,2.325,2.45,3.575,2.1377675
2024-04-12 14:00:00,0.692307692307692,1.84615384615385,2,2.74358974358974,1.98416947368421
2024-04-12 15:00:00,0.743589743589744,1.8974358974359,2.02564102564103,2.74358974358974,3.40504
2024-04-12 16:00:00,1.20512820512821,2.33333333333333,2.76923076923077,3.51282051282051,14.5447184210526
2024-04-12 17:00:00,1.05,2.45,2.825,4.125,48.835095
2024-04-12 18:00:00,4.94736842105263,7.26315789473684,7.76315789473684,9.26315789473684,59.8536578947368
2024-04-12 19:00:00,5.025,7.45,7.875,8.65,48.23439
2024-04-12 20:00:00,7.46153846153846,10.5128205128205,11.0512820512821,11.9487179487179,57.7839421052632
2024-04-12 21:00:00,6.97435897435897,10.2820512820513,11.1538461538462,11.8461538461538,44.53569
2024-04-12 22:00:00,4.1025641025641,5.94871794871795,6.15384615384615,6.58974358974359,35.8286
2024-04-12 23:00:00,12.027027027027,17.8108108108108,20.3783783783784,22.4594594594595,36.2608111111111
2024-04-13,6.725,9.7,10.425,11.075,24.351785
2024-04-13 01:00:00,2.94736842105263,4.68421052631579,4.94736842105263,5.34210526315789,24.1946894736842
2024-04-13 02:00:00,2.6,4,4.125,4.7,20.29257
2024-04-13 03:00:00,2.48717948717949,3.87179487179487,4,4.28205128205128,16.7531210526316
2024-04-13 04:00:00,3.275,5.125,5.575,6.125,13.63828
2024-04-13 05:00:00,3,4.60526315789474,4.78947368421053,5.28947368421053,8.55953894736842
2024-04-13 06:00:00,3.125,4.875,5.175,5.8,7.1745915
2024-04-13 07:00:00,2.66666666666667,4.1025641025641,4.51282051282051,5.05128205128205,6.03371
2024-04-13 08:00:00,3.07692307692308,4.79487179487179,5,6,5.719622
2024-04-13 09:00:00,3.05128205128205,4.74358974358974,5.33333333333333,6.28205128205128,2.05242473684211
2024-04-13 10:00:00,2.85,4.6,4.925,5.8,1.8633374
2024-04-13 11:00:00,1.71794871794872,3.05128205128205,3.15384615384615,4.02564102564103,1.51591631578947
2024-04-13 12:00:00,1.6,3.05,3.4,3.95,1.8702955
2024-04-13 13:00:00,1.26315789473684,2.42105263157895,2.57894736842105,2.86842105263158,2.36398894736842
2024-04-13 14:00:00,0.925,2.025,2.175,2.5,3.0955975
2024-04-13 15:00:00,1.17948717948718,2.35897435897436,2.53846153846154,3.07692307692308,3.59678052631579
2024-04-13 16:00:00,1.28947368421053,2.60526315789474,2.81578947368421,3.44736842105263,4.71925421052632
2024-04-13 17:00:00,1.74358974358974,3,3.12820512820513,3.94871794871795,17.2322742105263
2024-04-13 18:00:00,21.875,28.7,30.05,31.075,31.087305
2024-04-13 19:00:00,4.86842105263158,7.23684210526316,7.84210526315789,8.60526315789474,25.2124842105263
2024-04-13 20:00:00,4.475,6.925,7.45,8.125,23.476255
2024-04-13 21:00:00,7.60526315789474,11.5263157894737,12.6842105263158,13.7105263157895,24.5562157894737
2024-04-13 22:00:00,4.95,7.075,7.425,8.175,17.55386
2024-04-13 23:00:00,6.30769230769231,8.87179487179487,9.33333333333333,10.1282051282051,14.0818578947368
2024-04-14,4.55,6.825,7.475,8.225,14.95358
2024-04-14 01:00:00,6.05263157894737,8.78947368421053,9.44736842105263,10.6842105263158,16.3767526315789
2024-04-14 02:00:00,4.95,7.25,7.775,8.925,17.492136
2024-04-14 03:00:00,4.97435897435897,7.33333333333333,8.17948717948718,9.46153846153846,11.4198410526316
2024-04-14 04:00:00,5.46153846153846,8.05128205128205,8.43589743589744,9.66666666666667,7.82799
2024-04-14 05:00:00,3.58974358974359,5.33333333333333,5.53846153846154,6.48717948717949,5.90903263157895
2024-04-14 06:00:00,3.825,5.7,6.1,7.35,6.3752695
2024-04-14 07:00:00,4.18421052631579,6.21052631578947,6.52631578947368,7.39473684210526,4.48529894736842
2024-04-14 08:00:00,3.125,4.9,5.275,6.1,3.1399625
2024-04-14 09:00:00,1.33333333333333,2.66666666666667,3.05128205128205,4.23076923076923,1.66138989473684
2024-04-14 10:00:00,1.1025641025641,2.12820512820513,2.25641025641026,3,1.6736483
2024-04-14 11:00:00,1.46153846153846,2.69230769230769,2.94871794871795,3.56410256410256,3.83054210526316
2024-04-14 12:00:00,1.85,3.075,3.55,4.25,2.774038
2024-04-14 13:00:00,2.39473684210526,4.13157894736842,4.73684210526316,6.31578947368421,3.91233210526316
2024-04-14 14:00:00,1.475,3.075,3.575,5.225,5.1657255
2024-04-14 15:00:00,1.34285714285714,2.71428571428571,3.05714285714286,3.85714285714286,15.0789810526316
2024-04-14 16:00:00,1.525,3.125,3.625,4.725,9.930689
2024-04-14 17:00:00,1.82051282051282,3.46153846153846,4,5.15384615384615,13.6289505263158
2024-04-14 18:00:00,1.35897435897436,2.82051282051282,3.33333333333333,4.35897435897436,15.842865
2024-04-14 19:00:00,8.12820512820513,12.3589743589744,13.7179487179487,15.3589743589744,25.4233105263158
2024-04-14 20:00:00,9.75,14,15.35,16.375,26.21418
2024-04-14 21:00:00,6.42105263157895,9.36842105263158,10.1842105263158,11.2105263157895,17.06982
2024-04-14 22:00:00,1.8974358974359,3.38461538461538,3.79487179487179,4.46153846153846,6.5644865
2024-04-14 23:00:00,1.02564102564103,2.46153846153846,2.66666666666667,3.66666666666667,4.97336473684211
2024-04-15,2.175,3.875,4.3,5.275,8.7508865
2024-04-15 01:00:00,2.42105263157895,4.15789473684211,4.65789473684211,5.31578947368421,13.3160084210526
2024-04-15 02:00:00,1.525,3.025,3.425,4.25,9.7942825
2024-04-15 03:00:00,1.43589743589744,3,3.35897435897436,4.30769230769231,11.7849994736842
2024-04-15 04:00:00,1.20512820512821,2.61538461538462,2.94871794871795,3.84615384615385,8.6729185
2024-04-15 05:00:00,1.25641025641026,2.69230769230769,3.30769230769231,3.94871794871795,15.8110047368421
2024-04-15 06:00:00,0.825,2.35,2.575,3.025,10.191566
2024-04-15 07:00:00,0.82051282051282,2.17948717948718,2.41025641025641,3.02564102564103,10.5109073684211
2024-04-15 08:00:00,3.71794871794872,5.76923076923077,6.25641025641026,6.97435897435897,11.661556
2024-04-15 09:00:00,2.61538461538462,4.53846153846154,5.1025641025641,5.82051282051282,7.89275842105263
2024-04-15 10:00:00,5.37837837837838,8.32432432432432,9.37837837837838,11.027027027027,4.938001
2024-04-15 11:00:00,5.59459459459459,8.67567567567568,9.59459459459459,10.7837837837838,3.48330631578947
2024-04-15 12:00:00,4.675,6.775,7.475,8.425,4.6180475
2024-04-15 13:00:00,3.21052631578947,5.44736842105263,5.94736842105263,6.92105263157895,3.47637894736842
2024-04-15 14:00:00,1.325,2.675,3.075,4.05,2.4326845
2024-04-15 15:00:00,3.71794871794872,5.97435897435897,6.8974358974359,8.38461538461539,3.45829157894737
2024-04-15 16:00:00,4.725,7.275,7.9,9.225,7.584298
2024-04-15 17:00:00,1.84210526315789,3.52631578947368,4.10526315789474,5.34210526315789,10.7343747368421
2024-04-15 18:00:00,2.475,4,4.525,5.8,10.805664
2024-04-15 19:00:00,1.26315789473684,2.84210526315789,3.34210526315789,5.10526315789474,2.99833
2024-04-15 20:00:00,0.225,1.5,1.875,3.55,3.4149175
2024-04-15 21:00:00,0.394736842105263,1.92105263157895,3.52631578947368,14.5263157894737,13.9544747368421
2024-04-15 22:00:00,0.128205128205128,0.82051282051282,0.974358974358974,1.82051282051282,16.24529
2024-04-15 23:00:00,0.0769230769230769,0.82051282051282,0.974358974358974,1.41025641025641,14.2293105263158
2024-04-16,0.25,1.275,1.375,1.6,11.74114
2024-04-16 01:00:00,0.0789473684210526,0.894736842105263,0.973684210526316,1.15789473684211,10.1201684210526
2024-04-16 02:00:00,0.025,0.95,0.975,1.225,10.479785
2024-04-16 03:00:00,0.179487179487179,1.1025641025641,1.23076923076923,1.43589743589744,13.6555105263158
2024-04-16 04:00:00,0.325,1.3,1.475,1.65,16.136605
2024-04-16 05:00:00,0.763157894736842,1.92105263157895,1.97368421052632,2.26315789473684,16.2466578947368
2024-04-16 06:00:00,0.725,2.15,2.375,2.95,9.573806
2024-04-16 07:00:00,0.615384615384615,1.82051282051282,2,2.69230769230769,8.06897421052632
2024-04-16 08:00:00,0.58974358974359,1.66666666666667,1.82051282051282,2.33333333333333,4.058179
2024-04-16 09:00:00,0.0769230769230769,1.17948717948718,1.30769230769231,1.69230769230769,3.73988105263158
2024-04-16 10:00:00,0.25,1.375,1.5,2.175,3.603957
2024-04-16 11:00:00,0.948717948717949,2.07692307692308,2.28205128205128,2.84615384615385,4.328743
2024-04-16 12:00:00,1.39473684210526,2.68421052631579,2.78947368421053,3.28947368421053,7.3938952631579
2024-04-16 13:00:00,0.625,1.525,1.725,2.975,21.2536325
2024-04-16 14:00:00,0.263157894736842,1.23684210526316,1.34210526315789,1.73684210526316,19.1113836842105
2024-04-16 15:00:00,0.225,1.075,1.1,1.125,37.86941
2024-04-16 16:00:00,0.743589743589744,1.53846153846154,1.61538461538462,1.71794871794872,33.290852631579
2024-04-16 17:00:00,0.948717948717949,1.94871794871795,1.97435897435897,2.12820512820513,31.219165
2024-04-16 18:00:00,1.25641025641026,2.38461538461538,2.43589743589744,2.58974358974359,30.3112368421053
2024-04-16 19:00:00,0.7,1.75,1.8,2,24.454815
2024-04-16 20:00:00,1.56410256410256,2.71794871794872,2.76923076923077,3.02564102564103,19.7736315789474
2024-04-16 21:00:00,1.86842105263158,3.13157894736842,3.21052631578947,3.28947368421053,13.2225894736842
2024-04-16 22:00:00,2.48717948717949,4.02564102564103,4.23076923076923,4.56410256410256,11.6769852631579
2024-04-16 23:00:00,2.85,4.15,4.25,4.325,11.518511
2024-04-17,4.52631578947368,5.92105263157895,6.07894736842105,6.18421052631579,11.2289663157895
2024-04-17 01:00:00,3.1,4.325,4.375,4.725,11.3471165
2024-04-17 02:00:00,0.794871794871795,1.71794871794872,1.74358974358974,1.79487179487179,5.81517368421053
2024-04-17 03:00:00,0.461538461538462,1.41025641025641,1.48717948717949,1.79487179487179,6.0005125
2024-04-17 04:00:00,0.487179487179487,1.48717948717949,1.51282051282051,1.58974358974359,10.1523668421053
2024-04-17 05:00:00,0.625,1.675,1.875,2.25,8.1155475
2024-04-17 06:00:00,0.538461538461538,1.61538461538462,1.66666666666667,1.94871794871795,3.83601842105263
2024-04-17 07:00:00,0.717948717948718,1.71794871794872,1.87179487179487,2.15384615384615,5.3527615
2024-04-17 08:00:00,0.871794871794872,1.97435897435897,2.23076923076923,2.53846153846154,6.17794
2024-04-17 09:00:00,0.717948717948718,1.87179487179487,1.8974358974359,2.33333333333333,4.407099
2024-04-17 10:00:00,0.842105263157895,1.92105263157895,2.02631578947368,2.15789473684211,5.36614315789474
2024-04-17 11:00:00,0.775,1.8,1.85,1.975,9.7692315
2024-04-17 12:00:00,0.717948717948718,1.69230769230769,1.76923076923077,2.1025641025641,8.13750105263158
2024-04-17 13:00:00,0.45,1.45,1.55,1.825,9.0390515
2024-04-17 14:00:00,0.684210526315789,1.76315789473684,1.81578947368421,2.26315789473684,7.32745947368421
2024-04-17 15:00:00,0.9,1.975,2.2,2.45,7.4841055
2024-04-17 16:00:00,1.56410256410256,2.76923076923077,2.87179487179487,3.20512820512821,9.27414684210526
2024-04-17 17:00:00,2.07692307692308,3.51282051282051,3.58974358974359,4.02564102564103,15.443145
2024-04-17 18:00:00,4.35897435897436,6.33333333333333,6.61538461538461,7.17948717948718,20.9900157894737
2024-04-17 19:00:00,3.65,5.425,5.5,5.9,19.4441
2024-04-17 20:00:00,5.44736842105263,7.55263157894737,7.63157894736842,8.05263157894737,20.7553473684211
2024-04-17 21:00:00,4.74358974358974,7,7.33333333333333,7.51282051282051,15.3641473684211
2024-04-17 22:00:00,3.84615384615385,5.82051282051282,6.05128205128205,6.43589743589744,15.1710263157895
2024-04-17 23:00:00,3.30769230769231,5,5.25641025641026,5.58974358974359,13.51709
2024-04-18,3.53846153846154,5.28205128205128,5.48717948717949,6,13.4893263157895
2024-04-18 01:00:00,3.65,5.2,5.325,5.625,14.46278
2024-04-18 02:00:00,5.07692307692308,6.56410256410256,6.69230769230769,7,13.4753052631579
2024-04-18 03:00:00,6.69230769230769,8.64102564102564,8.76923076923077,9.1025641025641,22.65709
2024-04-18 04:00:00,8.69230769230769,11.3333333333333,11.5897435897436,12,22.3252736842105
2024-04-18 05:00:00,9.025,11.475,11.875,12.775,11.1543685
2024-04-18 06:00:00,4.39473684210526,5.86842105263158,6.05263157894737,6.42105263157895,3.99957473684211
2024-04-18 07:00:00,1.75,2.925,3.05,3.325,5.0934835
2024-04-18 08:00:00,1.23076923076923,2.25641025641026,2.30769230769231,2.64102564102564,5.04194157894737
2024-04-18 09:00:00,1.07692307692308,2.07692307692308,2.20512820512821,2.51282051282051,5.3306175
2024-04-18 10:00:00,1,2,2.05128205128205,2.56410256410256,4.23679842105263
2024-04-18 11:00:00,0.384615384615385,1.41025641025641,1.46153846153846,1.76923076923077,5.692461
2024-04-18 12:00:00,0.461538461538462,1.41025641025641,1.51282051282051,1.76923076923077,4.86940315789474
2024-04-18 13:00:00,0.625,1.725,1.875,1.95,6.966575
2024-04-18 14:00:00,0.384615384615385,1.38461538461538,1.43589743589744,1.94871794871795,5.23986473684211
2024-04-18 15:00:00,0.615384615384615,1.61538461538462,1.66666666666667,1.79487179487179,6.1531305
2024-04-18 16:00:00,0.538461538461538,1.51282051282051,1.51282051282051,1.64102564102564,7.60314210526316
2024-04-18 17:00:00,0.975,2.125,2.2,2.35,11.8909225
2024-04-18 18:00:00,9.10526315789474,12.3421052631579,12.9473684210526,13.5789473684211,24.4561842105263
2024-04-18 19:00:00,3.875,5.725,6.025,6.45,26.435245
2024-04-18 20:00:00,4.53846153846154,6.79487179487179,7.41025641025641,7.66666666666667,22.0076263157895
2024-04-18 21:00:00,6.53846153846154,8.97435897435897,9.48717948717949,9.87179487179487,18.7148
2024-04-18 22:00:00,6.69230769230769,9.30769230769231,9.87179487179487,10.4871794871795,17.9088105263158
2024-04-18 23:00:00,2.71794871794872,4.07692307692308,4.12820512820513,4.43589743589744,16.74702
2024-04-19,2.82051282051282,4.33333333333333,4.43589743589744,4.69230769230769,14.6591842105263
2024-04-19 01:00:00,1.95,3.225,3.275,3.55,13.773431
2024-04-19 02:00:00,3.07692307692308,4.53846153846154,4.61538461538461,4.8974358974359,11.7490631578947
2024-04-19 03:00:00,3.02564102564103,4.51282051282051,4.69230769230769,4.97435897435897,13.027735
2024-04-19 04:00:00,2.8974358974359,4.25641025641026,4.41025641025641,4.71794871794872,14.8510789473684
2024-04-19 05:00:00,3.025,4.4,4.475,4.775,16.097665
2024-04-19 06:00:00,3.02631578947368,4.47368421052632,4.5,4.81578947368421,13.3455052631579
2024-04-19 07:00:00,4.375,5.9,6.1,6.5,9.0482545
2024-04-19 08:00:00,3,4.25641025641026,4.41025641025641,4.79487179487179,5.90148789473684
2024-04-19 09:00:00,2.275,3.4,3.425,3.7,5.8319745
2024-04-19 10:00:00,1.92105263157895,3.02631578947368,3.07894736842105,3.31578947368421,7.14274894736842
2024-04-19 11:00:00,0.641025641025641,1.64102564102564,1.69230769230769,1.82051282051282,8.6215195
2024-04-19 12:00:00,0.153846153846154,1,1,1.07692307692308,17.8340263157895
2024-04-19 13:00:00,0.675,1.525,1.525,1.825,20.749065
2024-04-19 14:00:00,1.48717948717949,2.46153846153846,2.48717948717949,2.64102564102564,14.3476421052632
2024-04-19 15:00:00,1.43589743589744,2.58974358974359,2.64102564102564,2.74358974358974,10.854449
2024-04-19 16:00:00,1.94871794871795,3.28205128205128,3.35897435897436,3.51282051282051,10.0167326315789
2024-04-19 17:00:00,0.95,1.925,1.925,2,10.018366
2024-04-19 18:00:00,2.28947368421053,3.55263157894737,3.60526315789474,3.68421052631579,12.0420284210526
2024-04-19 19:00:00,3.3,4.925,4.975,5.075,15.235745
2024-04-19 20:00:00,1.35897435897436,2.43589743589744,2.46153846153846,2.48717948717949,16.8719631578947
2024-04-19 21:00:00,1.33333333333333,2.20512820512821,2.20512820512821,2.30769230769231,14.11261
2024-04-19 22:00:00,5.97435897435897,8.84615384615385,9.61538461538461,9.92307692307692,12.1952368421053
2024-04-19 23:00:00,2.575,3.975,4.025,4.275,11.59544
2024-04-20,1.07692307692308,2.1025641025641,2.20512820512821,2.41025641025641,9.92554315789474
2024-04-20 01:00:00,0.769230769230769,1.84615384615385,1.94871794871795,2.12820512820513,12.68977
2024-04-20 02:00:00,2.23076923076923,3.69230769230769,3.94871794871795,4.38461538461539,12.1662105263158
2024-04-20 03:00:00,2.8,4.275,4.325,4.475,11.29766
2024-04-20 04:00:00,0.794871794871795,1.71794871794872,1.71794871794872,1.79487179487179,10.365067
2024-04-20 05:00:00,0.666666666666667,1.41025641025641,1.46153846153846,1.56410256410256,7.75488052631579
2024-04-20 06:00:00,0.205128205128205,0.82051282051282,0.82051282051282,0.897435897435897,7.9258985
2024-04-20 07:00:00,0.236842105263158,1.02631578947368,1.13157894736842,1.31578947368421,9.06305263157895
2024-04-20 08:00:00,0.4,0.975,0.975,1.05,6.668727
2024-04-20 09:00:00,0.128205128205128,0.487179487179487,0.487179487179487,0.58974358974359,5.14566578947368
2024-04-20 10:00:00,0.552631578947368,1.18421052631579,1.23684210526316,1.36842105263158,4.369048
2024-04-20 11:00:00,0.425,1.325,1.325,1.625,5.99019578947368
2024-04-20 12:00:00,0.564102564102564,1.51282051282051,1.53846153846154,1.64102564102564,4.9079915
2024-04-20 13:00:00,0.205128205128205,1.15384615384615,1.17948717948718,1.30769230769231,4.36742473684211
2024-04-20 14:00:00,0.263157894736842,1.18421052631579,1.23684210526316,1.36842105263158,6.142423
2024-04-20 15:00:00,0.789473684210526,1.71052631578947,1.73684210526316,1.86842105263158,5.70394
2024-04-20 16:00:00,0.384615384615385,1.41025641025641,1.41025641025641,1.58974358974359,8.01451684210526
2024-04-20 17:00:00,1.25641025641026,2.28205128205128,2.33333333333333,2.38461538461538,19.9173631578947
2024-04-20 18:00:00,4.07692307692308,5.97435897435897,6.07692307692308,6.35897435897436,22.901635
2024-04-20 19:00:00,5.76923076923077,7.97435897435897,8.15384615384615,8.38461538461539,20.5021526315789
2024-04-20 20:00:00,5.35,7.525,7.7,7.9,20.82299
2024-04-20 21:00:00,13.0789473684211,17.7105263157895,18.6578947368421,19.4473684210526,15.3970684210526
2024-04-20 22:00:00,9.425,13.65,14.675,15.6,12.950071
2024-04-20 23:00:00,6.05128205128205,8.97435897435897,9.46153846153846,10.1794871794872,14.6197842105263
2024-04-21,5.92307692307692,8.30769230769231,8.71794871794872,9.35897435897436,15.555065
2024-04-21 01:00:00,6.92307692307692,9.23076923076923,9.53846153846154,9.97435897435897,14.4322684210526
2024-04-21 02:00:00,4.975,6.8,6.875,7.075,15.249505
2024-04-21 03:00:00,4.76923076923077,6.56410256410256,6.66666666666667,6.97435897435897,16.0957947368421
2024-04-21 04:00:00,4.51282051282051,6.25641025641026,6.35897435897436,6.43589743589744,14.19405
2024-04-21 05:00:00,3.92307692307692,5.53846153846154,5.58974358974359,5.66666666666667,13.5736473684211
2024-04-21 06:00:00,3.425,4.825,4.9,5.15,10.2623135
2024-04-21 07:00:00,2.94736842105263,4.28947368421053,4.36842105263158,4.63157894736842,5.62707210526316
2024-04-21 08:00:00,2.025,3.1,3.175,3.35,3.7986125
2024-04-21 09:00:00,1.38461538461538,2.51282051282051,2.58974358974359,2.79487179487179,3.23633947368421
2024-04-21 10:00:00,2.84615384615385,4.07692307692308,4.12820512820513,4.35897435897436,3.759465
2024-04-21 11:00:00,2.41025641025641,3.69230769230769,3.74358974358974,4,3.44200105263158
2024-04-21 12:00:00,2,3.23076923076923,3.30769230769231,3.64102564102564,3.826772
2024-04-21 13:00:00,1.17948717948718,2.28205128205128,2.33333333333333,2.64102564102564,4.32811
2024-04-21 14:00:00,1.175,2.225,2.275,2.775,6.5159995
2024-04-21 15:00:00,1.02564102564103,2.12820512820513,2.17948717948718,2.53846153846154,7.47825
2024-04-21 16:00:00,1.66666666666667,2.71794871794872,2.79487179487179,3.15384615384615,9.866324
2024-04-21 17:00:00,1.61538461538462,2.74358974358974,2.84615384615385,3.15384615384615,9.52024736842105
2024-04-21 18:00:00,4.55,6.7,7.1,7.6,15.252766
2024-04-21 19:00:00,4.78947368421053,7,7.28947368421053,7.68421052631579,25.7006736842105
2024-04-21 20:00:00,5.475,7.85,8.175,8.675,20.150675
2024-04-21 21:00:00,12.8421052631579,19.1315789473684,21.2631578947368,23.0263157894737,19.3125684210526
2024-04-21 22:00:00,11.9230769230769,16.6666666666667,17.7948717948718,18.7179487179487,18.512915
2024-04-21 23:00:00,7.53846153846154,11.0512820512821,11.8205128205128,12.3589743589744,18.0248210526316
2024-04-22,7.4,10.075,10.65,11.125,17.987415
2024-04-22 01:00:00,10.5263157894737,14.8684210526316,15.5789473684211,16.2105263157895,16.9402
2024-04-22 02:00:00,8.35897435897436,11.9487179487179,12.8717948717949,13.7179487179487,16.8847736842105
2024-04-22 03:00:00,9.64102564102564,14.1025641025641,15.1282051282051,15.8717948717949,19.7204684210526
2024-04-22 04:00:00,5.9,8.025,8.225,8.85,32.626345
2024-04-22 05:00:00,5.92105263157895,8.21052631578947,8.55263157894737,8.8421052631579,28.3972315789474
2024-04-22 06:00:00,5.425,7.225,7.425,8.025,15.431302
2024-04-22 07:00:00,3.76923076923077,5.17948717948718,5.30769230769231,5.61538461538461,11.15606
2024-04-22 08:00:00,2.20512820512821,3.35897435897436,3.35897435897436,3.51282051282051,6.6870895
2024-04-22 09:00:00,2.58974358974359,3.76923076923077,3.82051282051282,4.05128205128205,6.00446263157895
2024-04-22 10:00:00,2.325,3.4,3.475,3.725,4.8956455
2024-04-22 11:00:00,1.76923076923077,2.84615384615385,3,3.23076923076923,5.73900157894737
2024-04-22 12:00:00,1.23076923076923,2.20512820512821,2.20512820512821,2.51282051282051,4.9782335
2024-04-22 13:00:00,0.769230769230769,1.76923076923077,1.82051282051282,2,4.59460210526316
2024-04-22 14:00:00,0.7,1.675,1.675,1.775,6.5253565
2024-04-22 15:00:00,3.58974358974359,5.43589743589744,5.71794871794872,5.8974358974359,8.18049842105263
2024-04-22 16:00:00,0.615384615384615,1.56410256410256,1.56410256410256,1.76923076923077,9.0401485
2024-04-22 17:00:00,0.871794871794872,1.94871794871795,2,2.1025641025641,11.2579163157895
2024-04-22 18:00:00,1.075,2.175,2.25,2.475,14.706385
2024-04-22 19:00:00,2.23684210526316,3.65789473684211,3.71052631578947,3.76315789473684,18.2335789473684
2024-04-22 20:00:00,6.94594594594595,9.48648648648649,9.75675675675676,10.0540540540541,21.1776666666667
2024-04-22 21:00:00,9.44736842105263,12.7631578947368,13.3421052631579,13.7631578947368,22.1737894736842
2024-04-22 22:00:00,6.46153846153846,8.7948717948718,9.1025641025641,9.35897435897436,20.3335
2024-04-22 23:00:00,5.76923076923077,7.79487179487179,8,8.33333333333333,16.9184315789474
2024-04-23,5.425,7.5,7.8,7.925,15.75221
2024-04-23 01:00:00,5.84210526315789,7.92105263157895,8.13157894736842,8.36842105263158,15.5339736842105
2024-04-23 02:00:00,4.8,6.65,6.925,7.25,16.337375
2024-04-23 03:00:00,5.41025641025641,7.79487179487179,8.17948717948718,8.66666666666667,26.9457157894737
2024-04-23 04:00:00,8.5,11.425,11.85,12.35,38.72197
2024-04-23 05:00:00,8.67567567567568,11.8378378378378,12.4594594594595,13.6216216216216,38.8531578947368
2024-04-23 06:00:00,8.525,11.525,12.575,15.25,35.380775
2024-04-23 07:00:00,4.51282051282051,6.25641025641026,6.46153846153846,7.28205128205128,12.8735952631579
2024-04-23 08:00:00,2.12820512820513,3.20512820512821,3.25641025641026,3.43589743589744,4.2080715
2024-04-23 09:00:00,2.64102564102564,3.87179487179487,3.8974358974359,4.33333333333333,4.26368421052632
2024-04-23 10:00:00,2.38461538461538,3.56410256410256,3.69230769230769,3.84615384615385,3.7623585
2024-04-23 11:00:00,2.66666666666667,4.07692307692308,4.28205128205128,4.71794871794872,3.09826578947368
2024-04-23 12:00:00,2.15,3.375,3.5,3.95,6.5006795
2024-04-23 13:00:00,4.20512820512821,5.79487179487179,6.02564102564103,6.53846153846154,5.47431736842105
2024-04-23 14:00:00,4.84615384615385,6.69230769230769,7.05128205128205,7.46153846153846,6.367618
2024-04-23 15:00:00,4.20512820512821,5.94871794871795,6.15384615384615,6.46153846153846,10.6207310526316
2024-04-23 16:00:00,5.425,7.425,7.7,8.25,15.001545
2024-04-23 17:00:00,7.5,10.0526315789474,10.3157894736842,10.8157894736842,18.8704421052632
2024-04-23 18:00:00,8.725,12.025,12.65,13.425,24.199115
2024-04-23 19:00:00,11.5128205128205,15.3589743589744,15.974358974359,16.9230769230769,22.6086578947368
2024-04-23 20:00:00,9.07692307692308,12.3333333333333,13.025641025641,14.1538461538462,23.095385
2024-04-23 21:00:00,10.4871794871795,14.1025641025641,14.5384615384615,15.2820512820513,22.6467421052632
2024-04-23 22:00:00,9.125,11.95,12.45,13.125,24.0816
2024-04-23 23:00:00,7.41025641025641,10.025641025641,10.4871794871795,11.0512820512821,18.3337368421053
2024-04-24,6.41025641025641,9.17948717948718,9.58974358974359,10.0512820512821,13.828032
2024-04-24 01:00:00,4.97435897435897,7.02564102564103,7.20512820512821,7.46153846153846,14.2888210526316
2024-04-24 02:00:00,6.7,9.525,10.35,10.875,16.813815
2024-04-24 03:00:00,4.39473684210526,6.26315789473684,6.44736842105263,6.71052631578947,22.0273052631579
2024-04-24 04:00:00,4.275,6.125,6.275,6.625,21.66609
2024-04-24 05:00:00,5.15,7.35,7.6,8.525,15.391171
2024-04-24 06:00:00,5.63157894736842,8.02631578947368,8.39473684210526,9.5,13.4071494736842
2024-04-24 07:00:00,4.15,5.95,6.375,7.25,8.048207
2024-04-24 08:00:00,3.87179487179487,5.46153846153846,5.61538461538461,6.38461538461539,8.43376210526316
2024-04-24 09:00:00,4.65,6.35,6.6,7.475,5.245086
2024-04-24 10:00:00,4.25641025641026,5.79487179487179,6.25641025641026,7,5.68461578947368
2024-04-24 11:00:00,3.47368421052632,4.86842105263158,4.97368421052632,5.5,5.3303505
2024-04-24 12:00:00,2.94871794871795,4.48717948717949,4.74358974358974,5.43589743589744,5.84976421052632
2024-04-24 13:00:00,6.325,8.175,8.4,9.15,6.051709
2024-04-24 14:00:00,7.07894736842105,9.02631578947368,9.23684210526316,9.6578947368421,9.08040526315789
2024-04-24 15:00:00,5.45,7.25,7.4,7.7,13.674387
2024-04-24 16:00:00,4.76923076923077,6.12820512820513,6.35897435897436,7.15384615384615,17.4837184210526
2024-04-24 17:00:00,2.97435897435897,4.25641025641026,4.41025641025641,4.92307692307692,19.795832
2024-04-24 18:00:00,4.41025641025641,6.17948717948718,6.46153846153846,7.07692307692308,27.9760052631579
2024-04-24 19:00:00,6.85,9.125,9.45,9.8,27.45429
2024-04-24 20:00:00,7.35897435897436,10.025641025641,10.4102564102564,10.7692307692308,23.3741210526316
2024-04-24 21:00:00,6.57894736842105,9.05263157894737,9.26315789473684,9.71052631578947,21.7622368421053
2024-04-24 22:00:00,7.1025641025641,9.71794871794872,9.94871794871795,10.3333333333333,21.0200157894737
2024-04-24 23:00:00,6.65,8.7,8.9,9.125,18.419715
2024-04-25,5.55263157894737,7.18421052631579,7.28947368421053,7.47368421052632,17.0794631578947
2024-04-25 01:00:00,5.35,6.95,7.075,7.2,16.00881
2024-04-25 02:00:00,4.30769230769231,5.71794871794872,5.97435897435897,6.1025641025641,19.1614842105263
2024-04-25 03:00:00,3,4.23076923076923,4.23076923076923,4.30769230769231,18.357685
2024-04-25 04:00:00,3.74358974358974,5.05128205128205,5.1025641025641,5.17948717948718,19.0646421052632
2024-04-25 05:00:00,3.15,4.4,4.475,4.675,18.936425
2024-04-25 06:00:00,2.53846153846154,3.69230769230769,3.74358974358974,3.92307692307692,10.4021589473684
2024-04-25 07:00:00,1.28205128205128,2.43589743589744,2.51282051282051,2.74358974358974,6.6589925
2024-04-25 08:00:00,0.948717948717949,2,2.07692307692308,2.35897435897436,4.86536315789474
2024-04-25 09:00:00,0.923076923076923,1.94871794871795,2,2.38461538461538,4.9728055
2024-04-25 10:00:00,0.564102564102564,1.56410256410256,1.66666666666667,2,10.4300115789474
2024-04-25 11:00:00,0.615384615384615,1.64102564102564,1.69230769230769,2,12.778208
2024-04-25 12:00:00,0.666666666666667,1.71794871794872,1.79487179487179,2.35897435897436,22.0656184210526
2024-04-25 13:00:00,2.65,4.35,4.375,4.8,23.295951
2024-04-25 14:00:00,0.210526315789474,1.02631578947368,1.05263157894737,1.10526315789474,8.86811052631579
2024-04-25 15:00:00,0.65,1.55,1.6,1.925,6.046699
2024-04-25 16:00:00,2.61538461538462,4.25641025641026,4.51282051282051,4.64102564102564,7.12243263157895
2024-04-25 17:00:00,5.82051282051282,9.48717948717949,10.3076923076923,10.8974358974359,11.4757185
2024-04-25 18:00:00,4.61538461538461,7.30769230769231,8.30769230769231,10.5641025641026,36.9143631578947
2024-04-25 19:00:00,5.3,7.825,8.325,9.15,21.445845
2024-04-25 20:00:00,3.66666666666667,5.58974358974359,5.84615384615385,6.41025641025641,19.4569
2024-04-25 21:00:00,4.63157894736842,7.84210526315789,8.55263157894737,9.23684210526316,16.9336578947368
2024-04-25 22:00:00,3.23076923076923,5.07692307692308,5.61538461538461,6.02564102564103,13.8365736842105
2024-04-25 23:00:00,2.975,4.75,4.975,5.25,13.57391
2024-04-26,2.84210526315789,4.94736842105263,5.23684210526316,5.60526315789474,13.9351789473684
2024-04-26 01:00:00,4,6.625,7.45,7.925,13.470385
2024-04-26 02:00:00,3.81578947368421,5.81578947368421,6.02631578947368,6.21052631578947,15.3107
2024-04-26 03:00:00,5.74358974358974,8.53846153846154,9.28205128205128,9.74358974358974,23.34652
2024-04-26 04:00:00,8,12.1538461538462,13.5641025641026,14.4615384615385,25.0242105263158
2024-04-26 05:00:00,9.55,13.6,14.85,16.175,32.48857
2024-04-26 06:00:00,6.46153846153846,9.33333333333333,10.1025641025641,11.974358974359,26.0446421052632
2024-04-26 07:00:00,4.64102564102564,6.76923076923077,7.30769230769231,8.15384615384615,9.913987
2024-04-26 08:00:00,3.69230769230769,5.35897435897436,5.79487179487179,6.38461538461539,4.41274052631579
2024-04-26 09:00:00,3.1,4.8,5.1,5.775,2.0754225
2024-04-26 10:00:00,2.48717948717949,4.12820512820513,4.23076923076923,4.74358974358974,2.46179315789474
2024-04-26 11:00:00,1.35897435897436,2.69230769230769,2.76923076923077,3.17948717948718,2.956515
2024-04-26 12:00:00,1.79487179487179,3.20512820512821,3.53846153846154,3.82051282051282,3.68158368421053
2024-04-26 13:00:00,1.9,3.3,3.6,4.025,3.9191515
2024-04-26 14:00:00,1.17948717948718,2.33333333333333,2.51282051282051,2.76923076923077,3.87253263157895
2024-04-26 15:00:00,1.28205128205128,2.51282051282051,2.64102564102564,3.07692307692308,5.800212
2024-04-26 16:00:00,3.43589743589744,5.38461538461539,5.69230769230769,6.58974358974359,11.6230315789474
2024-04-26 17:00:00,3.675,5.55,5.7,6.35,21.2330595
2024-04-26 18:00:00,5.89473684210526,9.07894736842105,9.63157894736842,10.3684210526316,23.1513315789474
2024-04-26 19:00:00,5.45,7.725,8.15,8.725,19.808415
2024-04-26 20:00:00,5.1025641025641,7.35897435897436,7.58974358974359,8.05128205128205,22.4230684210526
2024-04-26 21:00:00,4.23076923076923,6.33333333333333,6.58974358974359,6.87179487179487,25.80934
2024-04-26 22:00:00,4.23076923076923,6.1025641025641,6.28205128205128,6.56410256410256,24.3141578947368
2024-04-26 23:00:00,7.275,10.1,10.525,11.1,22.307325
2024-04-27,4.21052631578947,6.15789473684211,6.42105263157895,6.52631578947368,18.1838684210526
2024-04-27 01:00:00,3.275,4.925,5.175,5.525,17.006435
2024-04-27 02:00:00,3.74358974358974,5.87179487179487,6.20512820512821,6.61538461538461,18.0389947368421
2024-04-27 03:00:00,4.65,6.875,7.175,7.725,23.20037
2024-04-27 04:00:00,6.75675675675676,9.83783783783784,10.5945945945946,11.7837837837838,32.2213947368421
2024-04-27 05:00:00,9.25,12.625,13.725,15.6,21.612834
2024-04-27 06:00:00,6.02564102564103,8.05128205128205,8.38461538461539,9.02564102564103,5.09391052631579
2024-04-27 07:00:00,3.55555555555556,5.08333333333333,5.22222222222222,5.61111111111111,4.567543
2024-04-27 08:00:00,2.84615384615385,4.17948717948718,4.28205128205128,4.74358974358974,4.19924842105263
2024-04-27 09:00:00,1.82051282051282,2.94871794871795,3.02564102564103,3.20512820512821,1.4967729
2024-04-27 10:00:00,1.84615384615385,3,3.07692307692308,3.43589743589744,2.38635473684211
2024-04-27 11:00:00,1.225,2.325,2.375,2.675,1.9615455
2024-04-27 12:00:00,0.282051282051282,1.15384615384615,1.23076923076923,2,1.80793857894737
2024-04-27 13:00:00,0.692307692307692,1.69230769230769,1.8974358974359,2.12820512820513,2.859902
2024-04-27 14:00:00,0.435897435897436,1.41025641025641,1.48717948717949,1.94871794871795,3.08058315789474
2024-04-27 15:00:00,1.025,2.2,2.325,2.575,4.1403005
2024-04-27 16:00:00,2.55263157894737,4.13157894736842,4.34210526315789,4.89473684210526,4.73006894736842
2024-04-27 17:00:00,3.37837837837838,4.89189189189189,5,5.2972972972973,13.9572345
2024-04-27 18:00:00,2.05263157894737,3.36842105263158,3.44736842105263,3.81578947368421,20.5407263157895
2024-04-27 19:00:00,2.55,4.125,4.25,4.75,24.63242
2024-04-27 20:00:00,1.43589743589744,2.64102564102564,2.69230769230769,3.20512820512821,27.4444052631579
2024-04-27 21:00:00,1.25641025641026,2.28205128205128,2.28205128205128,2.46153846153846,24.65003
2024-04-27 22:00:00,1.97435897435897,3.15384615384615,3.25641025641026,3.64102564102564,25.3328842105263
2024-04-27 23:00:00,2.25,3.65,3.725,4.225,28.2301
2024-04-28,2.425,3.85,3.875,4.1,19.794225
2024-04-28 01:00:00,3.52631578947368,5.07894736842105,5.31578947368421,5.86842105263158,25.6145736842105
2024-04-28 02:00:00,2.7,3.95,4.125,4.5,30.74071
2024-04-28 03:00:00,3.46153846153846,5.23076923076923,5.43589743589744,6.05128205128205,29.2343842105263
2024-04-28 04:00:00,2.8974358974359,4.56410256410256,4.79487179487179,5.28205128205128,26.81963
2024-04-28 05:00:00,3.15789473684211,5.02631578947368,5.68421052631579,6.47368421052632,16.8213311111111
2024-04-28 06:00:00,2.2,3.65,3.925,4.775,3.5806395
2024-04-28 07:00:00,2.25714285714286,3.57142857142857,3.71428571428571,4.11428571428571,6.67581
2024-04-28 08:00:00,2.425,3.9,4.125,4.65,5.4536015
2024-04-28 09:00:00,1.79487179487179,2.92307692307692,3,3.33333333333333,3.06895052631579
2024-04-28 10:00:00,1.82051282051282,3.02564102564103,3.12820512820513,3.66666666666667,4.4882645
2024-04-28 11:00:00,2.71794871794872,4.23076923076923,4.41025641025641,4.74358974358974,2.28303578947368
2024-04-28 12:00:00,2.175,3.45,3.7,4.025,2.2615354
2024-04-28 13:00:00,1.42105263157895,2.5,2.55263157894737,2.84210526315789,3.55573736842105
2024-04-28 14:00:00,3.05128205128205,4.69230769230769,4.82051282051282,5.30769230769231,4.00029736842105
2024-04-28 15:00:00,1.47368421052632,2.68421052631579,2.78947368421053,3.10526315789474,3.06745842105263
2024-04-28 16:00:00,1.6,2.875,2.95,3.325,3.4738715
2024-04-28 17:00:00,1.53846153846154,2.8974358974359,3.02564102564103,3.53846153846154,4.25565105263158
2024-04-28 18:00:00,2.38709677419355,3.80645161290323,3.83870967741935,4.2258064516129,34.5285135
2024-04-28 19:00:00,2.25714285714286,3.82857142857143,4.22857142857143,4.65714285714286,46.1382736842105
2024-04-28 20:00:00,3.2,4.9,5.275,6.1,34.12193
2024-04-28 21:00:00,3.71052631578947,5.63157894736842,5.94736842105263,7.07894736842105,38.7104789473684
2024-04-28 22:00:00,2.79487179487179,4.38461538461539,4.51282051282051,5.15384615384615,40.213025
2024-04-28 23:00:00,2.84210526315789,4.26315789473684,4.60526315789474,5.36842105263158,34.1462473684211
2024-04-29,5.275,7.6,8.15,8.95,29.338535
2024-04-29 01:00:00,5.25641025641026,7.33333333333333,7.66666666666667,8.23076923076923,24.1210789473684
2024-04-29 02:00:00,3.79487179487179,5.56410256410256,5.79487179487179,6.43589743589744,23.097855
2024-04-29 03:00:00,3.69230769230769,5.43589743589744,5.8974358974359,6.79487179487179,33.6761105263158
2024-04-29 04:00:00,4.125,6.2,6.5,7.575,34.655045
2024-04-29 05:00:00,4,6.02631578947368,6.52631578947368,7.78947368421053,23.2533421052632
2024-04-29 06:00:00,2.15,3.675,4.075,5.375,3.3345762
2024-04-29 07:00:00,0.282051282051282,1.23076923076923,1.35897435897436,1.71794871794872,2.93403368421053
2024-04-29 08:00:00,0.0769230769230769,1.02564102564103,1.25641025641026,2.20512820512821,2.7571025
2024-04-29 09:00:00,0.153846153846154,1.15384615384615,1.33333333333333,1.71794871794872,2.56166368421053
2024-04-29 10:00:00,0.675,1.775,2.05,2.9,2.9679
2024-04-29 11:00:00,0.743589743589744,1.8974358974359,2.02564102564103,2.82051282051282,2.49183684210526
2024-04-29 12:00:00,0.692307692307692,1.82051282051282,2.05128205128205,2.8974358974359,2.6759855
2024-04-29 13:00:00,0.846153846153846,2.07692307692308,2.35897435897436,3,3.34178789473684
2024-04-29 14:00:00,1.5,3.25,4.125,5.575,3.4639255
2024-04-29 15:00:00,1.76315789473684,4.07894736842105,5.57894736842105,8,3.59533736842105
2024-04-29 16:00:00,1.975,4.375,5.6,8.2,4.1661935
2024-04-29 17:00:00,2.73684210526316,5.05263157894737,6.52631578947368,9.10526315789474,26.5759215789474
2024-04-29 18:00:00,5.81818181818182,8.90909090909091,9.93939393939394,11.9090909090909,71.749475
2024-04-29 19:00:00,4.44736842105263,7.10526315789474,8.23684210526316,9.8421052631579,63.0160105263158
2024-04-29 20:00:00,5.4,7.95,9.2,11,46.747265
2024-04-29 21:00:00,4.46153846153846,6.58974358974359,7.28205128205128,8.58974358974359,36.9679157894737
2024-04-29 22:00:00,5.3,7.875,8.825,10.225,31.41839
2024-04-29 23:00:00,4.52631578947368,6.76315789473684,7.42105263157895,8.8421052631579,19.1649578947368
2024-04-30,3.675,5.7,6.2,7.425,11.261764
2024-04-30 01:00:00,2.97435897435897,4.69230769230769,5.12820512820513,5.87179487179487,7.87043736842105
2024-04-30 02:00:00,2.82051282051282,4.35897435897436,4.64102564102564,5.28205128205128,9.2532885
2024-04-30 03:00:00,3.94871794871795,5.97435897435897,6.38461538461539,7.46153846153846,26.9917378947368
2024-04-30 04:00:00,4.825,6.925,7.35,8.6,23.86062
2024-04-30 05:00:00,5.28947368421053,7.68421052631579,8.39473684210526,10.2631578947368,13.7874242105263
2024-04-30 06:00:00,2.175,3.35,3.55,4.35,1.9768615
2024-04-30 07:00:00,1.8974358974359,2.94871794871795,3.1025641025641,3.74358974358974,3.01842631578947
2024-04-30 08:00:00,1.7,2.8,2.925,3.675,2.5765215
2024-04-30 09:00:00,1.94736842105263,3.10526315789474,3.42105263157895,4.47368421052632,1.53867136842105
2024-04-30 10:00:00,1.675,2.925,3.35,4.55,2.0457045
2024-04-30 11:00:00,1.64102564102564,2.8974358974359,3.20512820512821,4.74358974358974,1.22106905263158
2024-04-30 12:00:00,1.33333333333333,2.79487179487179,3.12820512820513,5.17948717948718,1.2759953
2024-04-30 13:00:00,1.33333333333333,2.58333333333333,2.77777777777778,4.08333333333333,1.83069833333333
2024-04-30 14:00:00,1.225,2.45,2.8,3.925,2.119582
2024-04-30 15:00:00,1.42105263157895,2.60526315789474,2.94736842105263,4.78947368421053,2.65619526315789
2024-04-30 16:00:00,1.53846153846154,2.76923076923077,3.15384615384615,4.84615384615385,4.390804
2024-04-30 17:00:00,1.82051282051282,3.28205128205128,3.74358974358974,6.12820512820513,8.26598789473684
2024-04-30 18:00:00,1.9,3.1,3.55,4.775,12.290935
2024-04-30 19:00:00,2.1025641025641,3.35897435897436,3.64102564102564,4.97435897435897,13.2364894736842
2024-04-30 20:00:00,1.97435897435897,3.35897435897436,3.64102564102564,4.71794871794872,17.345285
2024-04-30 21:00:00,2.25714285714286,3.54285714285714,3.71428571428571,4.57142857142857,19.3125263157895
2024-04-30 22:00:00,2.48717948717949,3.71794871794872,3.94871794871795,4.94871794871795,22.285035
2024-04-30 23:00:00,2.58974358974359,3.84615384615385,4.05128205128205,5,18.3942631578947
2024-05-01,3.375,4.85,5.125,5.95,21.351855
2024-05-01 01:00:00,3.26315789473684,4.78947368421053,5.05263157894737,5.71052631578947,20.5639526315789
2024-05-01 02:00:00,3.45,4.95,5.075,5.95,17.219725
2024-05-01 03:00:00,3.28205128205128,4.71794871794872,5,5.71794871794872,26.6815894736842
2024-05-01 04:00:00,3.30769230769231,4.69230769230769,4.92307692307692,5.53846153846154,24.480215
2024-05-01 05:00:00,2.97435897435897,4.61538461538461,4.8974358974359,6.02564102564103,8.14602052631579
2024-05-01 06:00:00,1.575,2.8,3.075,3.9,2.8640345
2024-05-01 07:00:00,1.25641025641026,2.56410256410256,2.94871794871795,3.94871794871795,3.87849
2024-05-01 08:00:00,1.25641025641026,2.58974358974359,2.92307692307692,4.84615384615385,3.7781575
2024-05-01 09:00:00,0.948717948717949,2.33333333333333,2.82051282051282,5.33333333333333,2.63637736842105
2024-05-01 10:00:00,0.85,2.275,2.775,5.625,3.161338
2024-05-01 11:00:00,1.08108108108108,2.37837837837838,2.59459459459459,4.7027027027027,3.19431684210526
2024-05-01 12:00:00,1.1,2.5,3.1,5.15,2.732229
2024-05-01 13:00:00,1.1,2.55,3.125,5.35,2.871263
2024-05-01 14:00:00,1.23076923076923,2.64102564102564,3.35897435897436,5.82051282051282,3.89561105263158
2024-05-01 15:00:00,1.46153846153846,2.94871794871795,3.56410256410256,5.56410256410256,5.3404595
2024-05-01 16:00:00,1.33333333333333,2.87179487179487,3.38461538461538,5.07692307692308,6.53163578947368
2024-05-01 17:00:00,1.4,2.9,3.475,5.625,7.8408695
2024-05-01 18:00:00,1.68421052631579,3.02631578947368,3.47368421052632,5.68421052631579,15.0600210526316
2024-05-01 19:00:00,1.72727272727273,2.96969696969697,3.42424242424242,5,16.11595
2024-05-01 20:00:00,1.58974358974359,2.94871794871795,3.41025641025641,4.76923076923077,14.4699684210526
2024-05-01 21:00:00,1.57894736842105,2.92105263157895,3.02631578947368,4.78947368421053,17.2905263157895
2024-05-01 22:00:00,1.31578947368421,2.57894736842105,2.97368421052632,4.07894736842105,17.8974
2024-05-01 23:00:00,1.625,2.925,3.375,4.775,13.920165
2024-05-02,1.41025641025641,2.84615384615385,3.33333333333333,4.79487179487179,12.2637894736842
2024-05-02 01:00:00,1.46153846153846,2.8974358974359,3.46153846153846,4.8974358974359,10.908393
2024-05-02 02:00:00,1.30769230769231,2.71794871794872,3.28205128205128,5.28205128205128,7.42842
2024-05-02 03:00:00,1.15,2.45,2.8,4.35,5.3226375
2024-05-02 04:00:00,1.13157894736842,2.36842105263158,2.86842105263158,3.92105263157895,5.78414052631579
2024-05-02 05:00:00,1.18918918918919,2.45945945945946,2.81081081081081,4.45945945945946,4.675859
2024-05-02 06:00:00,1.21052631578947,2.55263157894737,2.97368421052632,5.23684210526316,3.31670421052632
2024-05-02 07:00:00,1.35,2.75,3.275,5.025,6.3931965
2024-05-02 08:00:00,1.60526315789474,3.36842105263158,4.36842105263158,7.39473684210526,5.58054315789474
2024-05-02 09:00:00,2,3.925,5.475,9.725,3.197853
2024-05-02 10:00:00,2.10526315789474,4.36842105263158,6.02631578947368,11.1842105263158,3.22975157894737
2024-05-02 11:00:00,2.05,4.275,5.35,9.15,5.078579
2024-05-02 12:00:00,2.25641025641026,4.58974358974359,6.43589743589744,10.1794871794872,4.53806
2024-05-02 13:00:00,2.17948717948718,4.41025641025641,6.58974358974359,10.5128205128205,3.805919
2024-05-02 14:00:00,1.82051282051282,4.53846153846154,6.17948717948718,11.6153846153846,4.20249736842105
2024-05-02 15:00:00,1.575,3.65,5.1,7.825,4.3195885
2024-05-02 16:00:00,1.36842105263158,3.23684210526316,4.23684210526316,7.42105263157895,4.43224578947368
2024-05-02 17:00:00,1.45,3.25,4.125,6,8.7694685
2024-05-02 18:00:00,1.58974358974359,3.43589743589744,4.33333333333333,5.92307692307692,16.9140789473684
2024-05-02 19:00:00,1.66666666666667,3.44444444444444,4.19444444444444,6.11111111111111,16.46934
2024-05-02 20:00:00,1.53846153846154,3.1025641025641,3.66666666666667,5.02564102564103,13.6580852631579
2024-05-02 21:00:00,1.94736842105263,3.76315789473684,4.47368421052632,6.28947368421053,18.0952210526316
2024-05-02 22:00:00,2,3.81578947368421,4.60526315789474,5.89473684210526,17.4088842105263
2024-05-02 23:00:00,2.4,4.35,5.025,7,16.647665
2024-05-03,2.92307692307692,5.07692307692308,6.23076923076923,8.33333333333333,18.1730789473684
2024-05-03 01:00:00,2.84615384615385,4.84615384615385,5.74358974358974,7.76923076923077,19.23862
2024-05-03 02:00:00,2.87179487179487,4.82051282051282,5.79487179487179,7.15384615384615,21.5162105263158
2024-05-03 03:00:00,2.975,4.875,5.8,7.4,21.126255
2024-05-03 04:00:00,3.47368421052632,5.5,6.42105263157895,8.26315789473684,15.8347905263158
2024-05-03 05:00:00,3.15,5.225,6.225,7.675,13.3941585
2024-05-03 06:00:00,3.5,5.39473684210526,6.34210526315789,7.73684210526316,8.50825736842105
2024-05-03 07:00:00,4.65,6.775,7.525,8.875,5.2585225
2024-05-03 08:00:00,6.05128205128205,8.15384615384615,8.82051282051282,10.6666666666667,4.92130368421053
2024-05-03 09:00:00,4.91666666666667,6.58333333333333,7.08333333333333,8.25,4.457056
2024-05-03 10:00:00,2.45714285714286,3.57142857142857,3.62857142857143,4.51428571428571,4.15515894736842
2024-05-03 11:00:00,2.275,3.55,3.7,4.325,2.946969
2024-05-03 12:00:00,1.85714285714286,2.97142857142857,3.2,3.8,3.529
2024-05-03 13:00:00,1.225,2.275,2.375,2.65,3.8673995
2024-05-03 14:00:00,1.59375,2.71875,2.84375,3.40625,7.64654947368421
2024-05-03 15:00:00,1.8,2.975,3.3,3.725,58.64097
2024-05-03 16:00:00,2.36842105263158,3.47368421052632,3.71052631578947,4.13157894736842,92.6654526315789
2024-05-03 17:00:00,3.15,4.675,4.8,5.125,36.571495
2024-05-03 18:00:00,1.82051282051282,3,3.02564102564103,3.17948717948718,16.8990957894737
2024-05-03 19:00:00,2.84615384615385,4.1025641025641,4.15384615384615,4.25641025641026,25.711195
2024-05-03 20:00:00,2.71794871794872,3.92307692307692,4,4.20512820512821,16.6763631578947
2024-05-03 21:00:00,1.75,2.825,2.825,2.925,9.911897
2024-05-03 22:00:00,2.17948717948718,3.33333333333333,3.41025641025641,3.69230769230769,9.5697752631579
2024-05-03 23:00:00,2.28205128205128,3.41025641025641,3.43589743589744,3.64102564102564,9.902087
2024-05-04,2.17948717948718,3.25641025641026,3.33333333333333,3.46153846153846,7.20775210526316
2024-05-04 01:00:00,2.275,3.275,3.325,3.475,5.9388655
2024-05-04 02:00:00,2.34210526315789,3.47368421052632,3.55263157894737,3.73684210526316,7.76147526315789
2024-05-04 03:00:00,2.66666666666667,3.74358974358974,3.76923076923077,3.97435897435897,7.4754825
2024-05-04 04:00:00,3,4.02564102564103,4.12820512820513,4.25641025641026,7.42706
2024-05-04 05:00:00,2.9,4.125,4.2,4.35,6.9520135
2024-05-04 06:00:00,2.86842105263158,3.97368421052632,3.97368421052632,4.34210526315789,4.09583421052632
2024-05-04 07:00:00,2.3,3.35,3.375,3.475,3.9767565
2024-05-04 08:00:00,2.30769230769231,3.38461538461538,3.38461538461538,3.51282051282051,3.88462315789474
2024-05-04 09:00:00,2.43589743589744,3.38461538461538,3.38461538461538,3.41025641025641,3.3308805
2024-05-04 10:00:00,1.82051282051282,2.79487179487179,2.79487179487179,2.82051282051282,3.21788789473684
2024-05-04 11:00:00,1.475,2.5,2.5,2.575,2.035708
2024-05-04 12:00:00,1.28947368421053,2.18421052631579,2.18421052631579,2.26315789473684,1.79546368421053
2024-05-04 13:00:00,1.5,2.525,2.525,2.65,3.1317635
2024-05-04 14:00:00,1.58974358974359,2.61538461538462,2.71794871794872,2.8974358974359,4.36695526315789
2024-05-04 15:00:00,1.675,2.75,2.8,3.125,5.748977
2024-05-04 16:00:00,2.07894736842105,3.15789473684211,3.26315789473684,3.55263157894737,5.66379578947368
2024-05-04 17:00:00,2.525,3.625,3.725,4.175,7.9009735
2024-05-04 18:00:00,6.94871794871795,9.69230769230769,10.1538461538462,11.0512820512821,23.6417115789474
2024-05-04 19:00:00,6.275,8.175,8.325,8.9,46.107375
2024-05-04 20:00:00,7.15789473684211,9.02631578947368,9.5,10.4210526315789,41.7329157894737
2024-05-04 21:00:00,7.075,9.15,9.65,10.325,36.32508
2024-05-04 22:00:00,7.53846153846154,9.46153846153846,9.66666666666667,10.4871794871795,33.4890736842105
2024-05-04 23:00:00,8.28205128205128,10.3589743589744,10.5641025641026,11.4615384615385,25.15894
2024-05-05,9.25,11.45,11.85,12.45,20.8938
2024-05-05 01:00:00,9.35897435897436,11.4871794871795,11.9230769230769,12.4871794871795,14.6522947368421
2024-05-05 02:00:00,9.23076923076923,11.3846153846154,11.6410256410256,12.3846153846154,14.196277
2024-05-05 03:00:00,10,12.3589743589744,12.6666666666667,13.2307692307692,10.4913805263158
2024-05-05 04:00:00,10.225,12.4,12.675,13.075,11.444806
2024-05-05 05:00:00,10.1282051282051,12.4102564102564,12.6410256410256,13.3076923076923,12.7364557894737
2024-05-05 06:00:00,12.9230769230769,15.7435897435897,16.3589743589744,17.1538461538462,11.81819
2024-05-05 07:00:00,14.6666666666667,17.3333333333333,17.5897435897436,18.5384615384615,7.49541947368421
2024-05-05 08:00:00,13.325,15.8,16.025,16.675,5.3444575
2024-05-05 09:00:00,5.48571428571429,6.94285714285714,7.17142857142857,7.51428571428571,3.11315736842105
2024-05-05 10:00:00,1.75,2.75,2.77777777777778,2.83333333333333,3.686931
2024-05-05 11:00:00,0.871794871794872,1.94871794871795,2.1025641025641,2.41025641025641,4.0792852631579
2024-05-05 12:00:00,2.1,3.45,3.825,4.8,5.5180315
2024-05-05 13:00:00,0.289473684210526,0.973684210526316,1.05263157894737,1.60526315789474,2.83417736842105
2024-05-05 14:00:00,0.275,0.9,0.925,1,3.738356
2024-05-05 15:00:00,0.974358974358974,2.02564102564103,2.05128205128205,2.23076923076923,4.24193578947368
2024-05-05 16:00:00,0.111111111111111,0.694444444444444,0.75,0.888888888888889,4.7980645
2024-05-05 17:00:00,0.128205128205128,0.871794871794872,0.871794871794872,1.12820512820513,18.4674757894737
2024-05-05 18:00:00,0.128205128205128,1,1.1025641025641,1.28205128205128,24.034125
2024-05-05 19:00:00,0.333333333333333,1.17948717948718,1.17948717948718,1.25641025641026,24.4554684210526
2024-05-05 20:00:00,5.725,7.975,8.175,8.35,21.175885
2024-05-05 21:00:00,1.16216216216216,2.24324324324324,2.37837837837838,2.45945945945946,17.6841333333333
2024-05-05 22:00:00,0.666666666666667,1.66666666666667,1.69230769230769,1.76923076923077,16.53587
2024-05-05 23:00:00,1.02564102564103,2,2.07692307692308,2.17948717948718,16.2102526315789
2024-05-06,1.05,2.125,2.125,2.3,13.96955
2024-05-06 01:00:00,1.71052631578947,2.86842105263158,2.89473684210526,3.13157894736842,12.0368326315789
2024-05-06 02:00:00,2.3,3.65,3.725,3.825,12.59924
2024-05-06 03:00:00,2.8974358974359,4.41025641025641,4.58974358974359,4.82051282051282,14.1492631578947
2024-05-06 04:00:00,3.2,4.825,5.025,5.6,15.55013
2024-05-06 05:00:00,4.28947368421053,6.47368421052632,6.97368421052632,8.57894736842105,18.3055473684211
2024-05-06 06:00:00,4.475,6.6,7.3,9.425,19.464125
2024-05-06 07:00:00,4.51282051282051,6.33333333333333,6.74358974358974,7.92307692307692,18.0713757894737
2024-05-06 08:00:00,4.43589743589744,6.74358974358974,7.53846153846154,10.4871794871795,21.443905
2024-05-06 09:00:00,7.28205128205128,10.1025641025641,11.3846153846154,13.5641025641026,28.9570052631579
2024-05-06 10:00:00,5.45,7.35,7.875,8.775,13.6939735
2024-05-06 11:00:00,3.42105263157895,4.76315789473684,4.97368421052632,5.21052631578947,8.14082157894737
2024-05-06 12:00:00,3.66666666666667,5.03333333333333,5.26666666666667,5.96666666666667,6.3798245
2024-05-06 13:00:00,2.92307692307692,4.23076923076923,4.41025641025641,4.79487179487179,3.70884
2024-05-06 14:00:00,4.52777777777778,6.66666666666667,7.13888888888889,7.75,4.373252
2024-05-06 15:00:00,2.68571428571429,4,4.05714285714286,4.28571428571429,7.10693578947368
2024-05-06 16:00:00,3.425,4.9,5.075,5.65,17.840503
2024-05-06 17:00:00,5.15384615384615,7,7.12820512820513,7.66666666666667,27.8844473684211
2024-05-06 18:00:00,6.15384615384615,7.92307692307692,8.12820512820513,8.46153846153846,20.35103
2024-05-06 19:00:00,6.64102564102564,8.69230769230769,8.94871794871795,9.53846153846154,17.5537631578947
2024-05-06 20:00:00,3.7,5.125,5.3,5.5,11.012994
2024-05-06 21:00:00,3.13157894736842,4.26315789473684,4.28947368421053,4.63157894736842,6.98502105263158
2024-05-06 22:00:00,3.05,4.05,4.05,4.25,8.914669
2024-05-06 23:00:00,3.43589743589744,4.66666666666667,4.69230769230769,4.87179487179487,13.3691578947368
2024-05-07,3.41025641025641,4.71794871794872,4.74358974358974,4.94871794871795,14.950365
2024-05-07 01:00:00,3.69230769230769,4.94871794871795,5.07692307692308,5.33333333333333,13.2442894736842
2024-05-07 02:00:00,4.3,5.725,5.9,6.325,11.1375
2024-05-07 03:00:00,4.1025641025641,5.41025641025641,5.51282051282051,5.82051282051282,9.29315315789474
2024-05-07 04:00:00,2.30769230769231,3.48717948717949,3.53846153846154,3.74358974358974,9.6679835
2024-05-07 05:00:00,2.02564102564103,3.15384615384615,3.25641025641026,3.51282051282051,12.5753484210526
2024-05-07 06:00:00,1.8974358974359,2.94871794871795,3.02564102564103,3.15384615384615,14.108937
2024-05-07 07:00:00,1.97368421052632,3.07894736842105,3.13157894736842,3.42105263157895,13.2011905263158
2024-05-07 08:00:00,2.35,3.65,3.75,4.275,11.82237
2024-05-07 09:00:00,3.17948717948718,4.53846153846154,4.64102564102564,4.82051282051282,13.2920494736842
2024-05-07 10:00:00,3.45,4.65,4.8,5.05,9.4088435
2024-05-07 11:00:00,3.31578947368421,4.57894736842105,4.65789473684211,4.89473684210526,8.08502315789474
2024-05-07 12:00:00,4.875,6.3,6.35,6.65,6.424297
2024-05-07 13:00:00,8.41025641025641,10.0769230769231,10.2564102564103,10.5641025641026,5.68977789473684
2024-05-07 14:00:00,7.94871794871795,9.61538461538461,9.71794871794872,10.1282051282051,5.444558
2024-05-07 15:00:00,5.64102564102564,7,7.12820512820513,7.46153846153846,4.23135210526316
2024-05-07 16:00:00,5.025,6.45,6.5,6.825,5.5280165
2024-05-07 17:00:00,5.05128205128205,6.51282051282051,6.56410256410256,6.74358974358974,6.40221421052632
2024-05-07 18:00:00,4.94871794871795,6.20512820512821,6.20512820512821,6.38461538461539,7.757746
2024-05-07 19:00:00,5.07692307692308,6.46153846153846,6.48717948717949,6.71794871794872,8.81233421052632
2024-05-07 20:00:00,5.2,6.725,6.75,7,9.25178
2024-05-07 21:00:00,4.97368421052632,6.52631578947368,6.55263157894737,6.71052631578947,8.77876684210526
2024-05-07 22:00:00,4,5.25641025641026,5.25641025641026,5.35897435897436,6.2873545
2024-05-07 23:00:00,3.61538461538462,4.69230769230769,4.69230769230769,4.76923076923077,6.57544105263158
2024-05-08,3.7,4.925,4.975,5.225,7.1936985
2024-05-08 01:00:00,4.34210526315789,5.55263157894737,5.57894736842105,5.73684210526316,8.58931894736842
2024-05-08 02:00:00,4.825,6.225,6.325,6.6,7.901792
2024-05-08 03:00:00,4.84615384615385,6.20512820512821,6.28205128205128,6.48717948717949,10.7859852631579
2024-05-08 04:00:00,4.575,5.925,6,6.15,9.8949185
2024-05-08 05:00:00,3.97368421052632,5.23684210526316,5.28947368421053,5.5,7.65122578947368
2024-05-08 06:00:00,3.7,5.05,5.125,5.275,5.800801
2024-05-08 07:00:00,4.12820512820513,5.35897435897436,5.41025641025641,5.79487179487179,5.47030157894737
2024-05-08 08:00:00,4.56410256410256,5.84615384615385,6,6.25641025641026,4.8723865
2024-05-08 09:00:00,4.48717948717949,5.84615384615385,5.94871794871795,6.23076923076923,4.85454315789474
2024-05-08 10:00:00,3.23076923076923,4.41025641025641,4.46153846153846,5.02564102564103,3.18512315789474
2024-05-08 11:00:00,2.34210526315789,3.39473684210526,3.42105263157895,3.97368421052632,3.53337578947368
2024-05-08 12:00:00,1.925,3,3.175,3.975,3.3385265
2024-05-08 13:00:00,1.5,2.65,2.775,3.825,2.836897
2024-05-08 14:00:00,2.37142857142857,3.97142857142857,4.48571428571429,5.48571428571429,3.50987894736842
2024-05-08 15:00:00,2.03030303030303,3.21212121212121,3.45454545454545,4.42424242424242,3.444297
2024-05-08 16:00:00,1.51282051282051,2.76923076923077,2.84615384615385,3.46153846153846,4.47719684210526
2024-05-08 17:00:00,1.66666666666667,2.8974358974359,3.07692307692308,3.8974358974359,7.924142
2024-05-08 18:00:00,2.48717948717949,4,4.15384615384615,4.84615384615385,22.0792168421053
2024-05-08 19:00:00,7.825,10.725,11.5,12.575,34.659575
2024-05-08 20:00:00,4.07692307692308,5.84615384615385,6.02564102564103,6.64102564102564,32.3997105263158
2024-05-08 21:00:00,6,8.18421052631579,8.47368421052632,9.26315789473684,25.6549894736842
2024-05-08 22:00:00,3.38461538461538,4.97435897435897,5.12820512820513,5.51282051282051,21.3572526315789
2024-05-08 23:00:00,3.2,4.7,4.9,5.425,18.90458
2024-05-09,2.78947368421053,4.26315789473684,4.42105263157895,4.68421052631579,15.4
2024-05-09 01:00:00,2.575,3.85,3.925,4.35,14.11095
2024-05-09 02:00:00,7.25641025641026,10.3333333333333,11.025641025641,11.6923076923077,13.9762263157895
2024-05-09 03:00:00,3.07692307692308,4.48717948717949,4.51282051282051,4.8974358974359,16.82723
2024-05-09 04:00:00,3.51282051282051,5.25641025641026,5.46153846153846,6.12820512820513,24.1729052631579
2024-05-09 05:00:00,4.9,7.275,8.125,10.375,20.8937625
2024-05-09 06:00:00,4.76315789473684,6.94736842105263,7.97368421052632,10.8421052631579,8.31231157894737
2024-05-09 07:00:00,4.16216216216216,6.05405405405405,6.7027027027027,8.89189189189189,6.2093845
2024-05-09 08:00:00,2.89189189189189,4.16216216216216,4.2972972972973,5.40540540540541,2.93380610526316
2024-05-09 09:00:00,2.31578947368421,3.47368421052632,3.60526315789474,4.26315789473684,1.9125549
2024-05-09 10:00:00,1.63157894736842,2.71052631578947,2.81578947368421,3.28947368421053,2.42177842105263
2024-05-09 11:00:00,1.4,2.5,2.5,3.125,2.49311
2024-05-09 12:00:00,1.41025641025641,2.58974358974359,2.69230769230769,3.43589743589744,2.95080631578947
2024-05-09 13:00:00,1.4,2.5,2.65,3.35,3.925925
2024-05-09 14:00:00,1.55263157894737,2.71052631578947,2.76315789473684,3.39473684210526,5.64022263157895
2024-05-09 15:00:00,1.4,2.525,2.675,3,5.011256
2024-05-09 16:00:00,1.37142857142857,2.45714285714286,2.54285714285714,3.2,7.91689157894737
2024-05-09 17:00:00,1.3030303030303,2.48484848484848,2.63636363636364,3.27272727272727,10.48101
2024-05-09 18:00:00,1.69230769230769,2.82051282051282,2.97435897435897,3.58974358974359,35.3474052631579
2024-05-09 19:00:00,3.05,4.475,4.725,5.15,31.365385
2024-05-09 20:00:00,7.05555555555556,10.0555555555556,10.5833333333333,11.3055555555556,28.2949947368421
2024-05-09 21:00:00,3.56410256410256,5.33333333333333,5.38461538461539,5.69230769230769,25.8379526315789
2024-05-09 22:00:00,2.71794871794872,4.25641025641026,4.41025641025641,4.76923076923077,23.0248631578947
2024-05-09 23:00:00,3.225,4.675,4.725,5,21.265245
2024-05-10,4.21052631578947,6.07894736842105,6.44736842105263,7.02631578947368,19.9027421052632
2024-05-10 01:00:00,3.825,5.25,5.425,5.925,17.435175
2024-05-10 02:00:00,3.61538461538462,5.20512820512821,5.41025641025641,5.8974358974359,17.3624526315789
2024-05-10 03:00:00,3.64102564102564,5,5.05128205128205,5.66666666666667,24.244825
2024-05-10 04:00:00,3.8974358974359,5.51282051282051,5.71794871794872,6.51282051282051,30.7999263157895
2024-05-10 05:00:00,4,5.775,6.125,7.15,21.320621
2024-05-10 06:00:00,4.58974358974359,6.64102564102564,7.17948717948718,8.7948717948718,13.1925784210526
2024-05-10 07:00:00,4.61538461538461,6.53846153846154,7.05128205128205,8.48717948717949,12.0965805
2024-05-10 08:00:00,1.8974358974359,3.23076923076923,3.53846153846154,4.51282051282051,1.81293568421053
2024-05-10 09:00:00,1.275,2.325,2.5,3.175,1.7241754
2024-05-10 10:00:00,1.34210526315789,2.39473684210526,2.52631578947368,3.21052631578947,1.46548978947368
2024-05-10 11:00:00,1.1,2.1,2.275,2.8,2.188595
2024-05-10 12:00:00,1,2.05128205128205,2.12820512820513,2.69230769230769,2.72328368421053
2024-05-10 13:00:00,0.974358974358974,1.94871794871795,2.05128205128205,2.46153846153846,2.7360045
2024-05-10 14:00:00,1.20512820512821,2.25641025641026,2.38461538461538,2.94871794871795,4.24667684210526
2024-05-10 15:00:00,1.125,2.275,2.325,3.05,3.858961
2024-05-10 16:00:00,1.43589743589744,2.58974358974359,2.76923076923077,3.46153846153846,5.57614052631579
2024-05-10 17:00:00,1.56410256410256,2.71794871794872,2.79487179487179,3.41025641025641,17.2277095
2024-05-10 18:00:00,2.36111111111111,3.75,3.94444444444444,4.72222222222222,27.7616578947368
2024-05-10 19:00:00,2.58974358974359,4.1025641025641,4.33333333333333,5.1025641025641,49.417965
2024-05-10 20:00:00,3.02564102564103,4.41025641025641,4.51282051282051,4.8974358974359,40.8683368421053
2024-05-10 21:00:00,3.05,4.525,4.65,4.875,37.750475
2024-05-10 22:00:00,3.51282051282051,5.25641025641026,5.53846153846154,6.05128205128205,29.6089631578947
2024-05-10 23:00:00,3,4.53846153846154,4.74358974358974,5.05128205128205,23.90403
2024-05-11,2.84615384615385,4.20512820512821,4.33333333333333,4.69230769230769,20.4375263157895
2024-05-11 01:00:00,2.825,4.15,4.275,4.6,17.76023
2024-05-11 02:00:00,3,4.21052631578947,4.31578947368421,4.68421052631579,17.9931157894737
2024-05-11 03:00:00,2.925,4.2,4.25,4.575,18.794355
2024-05-11 04:00:00,3,4.43589743589744,4.61538461538461,4.8974358974359,18.8419894736842
2024-05-11 05:00:00,4.15,5.725,5.975,6.75,15.9027755
2024-05-11 06:00:00,4.39473684210526,6.47368421052632,7.18421052631579,8.57894736842105,9.69436473684211
2024-05-11 07:00:00,4.43589743589744,6.82051282051282,8.07692307692308,11.4871794871795,7.5833825
2024-05-11 08:00:00,4.64102564102564,7.38461538461539,8.76923076923077,13.1282051282051,6.59016052631579
2024-05-11 09:00:00,3.05128205128205,4.82051282051282,5.53846153846154,7.71794871794872,2.3959265
2024-05-11 10:00:00,3.47222222222222,5.61111111111111,6.5,9.19444444444444,10.6886563157895
2024-05-11 11:00:00,3.58974358974359,5.48717948717949,6.15384615384615,7.74358974358974,10.6113485
2024-05-11 12:00:00,2.1025641025641,3.23076923076923,3.51282051282051,4.15384615384615,2.58027894736842
2024-05-11 13:00:00,2.3,3.475,3.725,4.35,3.0533155
2024-05-11 14:00:00,2.28947368421053,3.57894736842105,3.81578947368421,4.57894736842105,3.63952631578947
2024-05-11 15:00:00,2.075,3.475,4.075,5.55,3.9084955
2024-05-11 16:00:00,4.79487179487179,6.79487179487179,7,7.71794871794872,6.79025526315789
2024-05-11 17:00:00,3.15,4.55,4.775,5.55,19.19822
2024-05-11 18:00:00,3.89473684210526,5.15789473684211,5.34210526315789,5.97368421052632,24.8757473684211
2024-05-11 19:00:00,4,5.475,5.675,5.95,38.601465
2024-05-11 20:00:00,5.46153846153846,7.33333333333333,7.64102564102564,8.2051282051282,33.6767315789474
2024-05-11 21:00:00,7.94871794871795,10.7948717948718,11.6666666666667,12.1538461538462,34.602665
2024-05-11 22:00:00,5.28205128205128,6.79487179487179,7.05128205128205,7.51282051282051,28.6658473684211
2024-05-11 23:00:00,3.95,5.475,5.525,5.925,21.76323
2024-05-12,3.71052631578947,5.13157894736842,5.23684210526316,5.39473684210526,17.5434052631579
2024-05-12 01:00:00,4.275,5.6,5.8,5.925,16.271785
2024-05-12 02:00:00,4.66666666666667,6.15384615384615,6.23076923076923,6.66666666666667,14.8523631578947
2024-05-12 03:00:00,6.05,7.875,8.125,8.525,14.084985
2024-05-12 04:00:00,5.97435897435897,7.8974358974359,8.05128205128205,8.51282051282051,13.024495
2024-05-12 05:00:00,6.66666666666667,8.61538461538461,8.8974358974359,9.71794871794872,8.40147789473684
2024-05-12 06:00:00,7.175,9.1,9.55,10.325,4.8725615
2024-05-12 07:00:00,5.8,7.45714285714286,7.6,7.91428571428571,3.47148368421053
2024-05-12 08:00:00,5.175,6.7,6.875,7.175,3.553405
2024-05-12 09:00:00,4.28947368421053,5.57894736842105,5.71052631578947,6.05263157894737,2.34447684210526
2024-05-12 10:00:00,4.07692307692308,5.51282051282051,5.56410256410256,5.94871794871795,3.240541
2024-05-12 11:00:00,3.48571428571429,4.65714285714286,4.71428571428571,5,4.13035789473684
2024-05-12 12:00:00,2.475,3.575,3.6,3.875,2.889391
2024-05-12 13:00:00,1.94736842105263,3.02631578947368,3.13157894736842,3.52631578947368,2.14547526315789
2024-05-12 14:00:00,1.5,2.55,2.6,2.95,3.2986495
2024-05-12 15:00:00,1.33333333333333,2.35897435897436,2.46153846153846,2.71794871794872,3.72077578947368
2024-05-12 16:00:00,1.25641025641026,2.20512820512821,2.28205128205128,2.48717948717949,3.434524
2024-05-12 17:00:00,0.971428571428571,2,2.05714285714286,2.31428571428571,4.18985684210526
2024-05-12 18:00:00,1.725,2.925,3.05,3.425,15.804539
2024-05-12 19:00:00,6.05263157894737,8.92105263157895,9.31578947368421,9.78947368421053,12.4836368421053
2024-05-12 20:00:00,4.825,7.775,8.6,9.675,12.783642
2024-05-12 21:00:00,2.02631578947368,3.60526315789474,3.71052631578947,4.18421052631579,5.64012526315789
2024-05-12 22:00:00,1,2.17948717948718,2.25641025641026,2.61538461538462,7.1727685
2024-05-12 23:00:00,1.20512820512821,2.38461538461538,2.48717948717949,2.94871794871795,13.4732057894737
2024-05-13,1.075,2.275,2.5,2.975,6.733162
2024-05-13 01:00:00,2.1025641025641,3.69230769230769,3.84615384615385,4.35897435897436,12.7434221052632
2024-05-13 02:00:00,5.23076923076923,8.28205128205128,9.15384615384615,10.1025641025641,28.236465
2024-05-13 03:00:00,3.17948717948718,5.38461538461539,5.76923076923077,6.33333333333333,36.6676842105263
2024-05-13 04:00:00,3.4,5.425,5.9,6.75,68.387985
2024-05-13 05:00:00,2.39473684210526,4.18421052631579,4.86842105263158,7.02631578947368,31.8799473684211
2024-05-13 06:00:00,1.325,2.625,3.125,4.45,3.2691655
2024-05-13 07:00:00,0.974358974358974,2.20512820512821,2.33333333333333,2.97435897435897,3.44678842105263
2024-05-13 08:00:00,0.725,1.875,2,2.55,2.951792
2024-05-13 09:00:00,0.894736842105263,2.05263157894737,2.18421052631579,2.57894736842105,2.28624052631579
2024-05-13 10:00:00,0.8,1.925,2.1,2.725,2.628474
2024-05-13 11:00:00,0.717948717948718,1.84615384615385,1.97435897435897,2.41025641025641,2.53153789473684
2024-05-13 12:00:00,0.948717948717949,2,2.07692307692308,2.74358974358974,2.867647
2024-05-13 13:00:00,1,2.15384615384615,2.33333333333333,2.74358974358974,5.43982368421053
2024-05-13 14:00:00,1.175,2.225,2.4,2.875,5.4480375
2024-05-13 15:00:00,1.07692307692308,2.1025641025641,2.17948717948718,2.64102564102564,4.82151631578947
2024-05-13 16:00:00,1.20512820512821,2.35897435897436,2.53846153846154,3.05128205128205,4.5323925
2024-05-13 17:00:00,1.1025641025641,2.12820512820513,2.20512820512821,2.79487179487179,6.72644789473684
2024-05-13 18:00:00,1.45,2.6,2.725,3.2,26.622041
2024-05-13 19:00:00,1.68421052631579,2.86842105263158,3.10526315789474,3.65789473684211,79.1171684210526
2024-05-13 20:00:00,1.875,3.1,3.125,3.375,47.163715
2024-05-13 21:00:00,1.8974358974359,3.07692307692308,3.15384615384615,3.51282051282051,26.1793105263158
2024-05-13 22:00:00,2.325,3.525,3.675,4.125,27.71884
2024-05-13 23:00:00,2.47368421052632,3.81578947368421,4,4.44736842105263,28.8835052631579
2024-05-14,2.175,3.425,3.5,3.95,26.496975
2024-05-14 01:00:00,2.56410256410256,3.71794871794872,3.82051282051282,4.1025641025641,23.3415473684211
2024-05-14 02:00:00,3.05128205128205,4.43589743589744,4.69230769230769,5.1025641025641,22.07386
2024-05-14 03:00:00,3.43243243243243,4.83783783783784,5.02702702702703,5.64864864864865,26.8747
2024-05-14 04:00:00,3.53846153846154,5.20512820512821,5.46153846153846,6.66666666666667,29.259225
2024-05-14 05:00:00,3.63157894736842,5.78947368421053,6.73684210526316,8.97368421052632,13.0606773684211
2024-05-14 06:00:00,1.875,3.075,3.325,4.35,2.1973875
2024-05-14 07:00:00,1.25641025641026,2.41025641025641,2.66666666666667,3.07692307692308,2.85759947368421
2024-05-14 08:00:00,1.175,2.275,2.4,3.2,2.751172
2024-05-14 09:00:00,1.10526315789474,2.23684210526316,2.44736842105263,3.23684210526316,2.03463578947368
2024-05-14 10:00:00,0.825,1.95,2.225,3.2,1.8114714
2024-05-14 11:00:00,0.794871794871795,1.74358974358974,1.84615384615385,2.76923076923077,2.03751315789474
2024-05-14 12:00:00,0.615384615384615,1.66666666666667,1.76923076923077,2.61538461538462,2.0377685
2024-05-14 13:00:00,0.538461538461538,1.58974358974359,1.69230769230769,2.35897435897436,2.71313315789474
2024-05-14 14:00:00,0.425,1.425,1.5,2.1,3.109415
2024-05-14 15:00:00,0.41025641025641,1.46153846153846,1.53846153846154,2.38461538461538,3.33883210526316
2024-05-14 16:00:00,0.538461538461538,1.53846153846154,1.61538461538462,2.12820512820513,4.034558
2024-05-14 17:00:00,0.435897435897436,1.41025641025641,1.53846153846154,1.87179487179487,6.29943789473684
2024-05-14 18:00:00,0.575,1.575,1.575,1.9,10.29414
2024-05-14 19:00:00,6.2258064516129,9.61290322580645,10.2258064516129,11.1290322580645,15.321325
2024-05-14 20:00:00,1.325,2.75,2.925,3.475,18.522955
2024-05-14 21:00:00,1.13157894736842,2.34210526315789,2.55263157894737,3.23684210526316,19.2221473684211
2024-05-14 22:00:00,1.45,2.95,3.4,3.8,12.466401
2024-05-14 23:00:00,3.1025641025641,5.69230769230769,6.51282051282051,7.35897435897436,19.8846842105263
2024-05-15,4.125,7.075,8.175,8.95,16.52904
2024-05-15 01:00:00,3.02631578947368,5.05263157894737,5.52631578947368,6.10526315789474,12.8052473684211
2024-05-15 02:00:00,1.3,2.3,2.575,3.125,10.514185
2024-05-15 03:00:00,1.07692307692308,2.25641025641026,2.35897435897436,2.84615384615385,9.67191263157895
2024-05-15 04:00:00,1.17948717948718,2.25641025641026,2.41025641025641,3.17948717948718,6.394815
2024-05-15 05:00:00,2.97222222222222,4.75,4.94444444444444,5.91666666666667,4.21061315789474
2024-05-15 06:00:00,1.74358974358974,3.15384615384615,3.69230769230769,4.64102564102564,3.2538645
2024-05-15 07:00:00,1.07692307692308,2.23076923076923,2.53846153846154,4.28205128205128,3.93319210526316
2024-05-15 08:00:00,0.95,2.075,2.275,3.525,3.451262
2024-05-15 09:00:00,1.07692307692308,2.30769230769231,2.74358974358974,5,2.81916
2024-05-15 10:00:00,0.923076923076923,2.07692307692308,2.38461538461538,3.8974358974359,2.3014675
2024-05-15 11:00:00,0.717948717948718,1.76923076923077,2.02564102564103,3.92307692307692,2.11672789473684
2024-05-15 12:00:00,0.5,1.65,1.925,3.375,2.4158215
2024-05-15 13:00:00,0.394736842105263,1.57894736842105,2.05263157894737,3.28947368421053,3.02906789473684
2024-05-15 14:00:00,0.575,1.625,1.925,2.85,3.4177035
2024-05-15 15:00:00,0.58974358974359,1.61538461538462,1.71794871794872,2.58974358974359,3.68673526315789
2024-05-15 16:00:00,0.6,1.6,1.775,2.475,3.991875
2024-05-15 17:00:00,0.789473684210526,1.89473684210526,1.97368421052632,2.57894736842105,6.43786210526316
2024-05-15 18:00:00,0.8,1.825,1.975,2.75,13.506975
2024-05-15 19:00:00,0.972222222222222,2,2.19444444444444,2.75,17.90454
2024-05-15 20:00:00,1,2.05128205128205,2.15384615384615,2.8974358974359,17.5159421052632
2024-05-15 21:00:00,1.15789473684211,2.15789473684211,2.28947368421053,3.15789473684211,16.3497368421053
2024-05-15 22:00:00,1,2,2.10526315789474,2.81578947368421,14.9582157894737
2024-05-15 23:00:00,1.325,2.375,2.45,3.2,15.281645
2024-05-16,1.20512820512821,2.25641025641026,2.41025641025641,2.84615384615385,15.2228789473684
2024-05-16 01:00:00,1.33333333333333,2.35897435897436,2.51282051282051,2.79487179487179,14.05163
2024-05-16 02:00:00,1.41025641025641,2.51282051282051,2.92307692307692,3.66666666666667,13.5489105263158
2024-05-16 03:00:00,1.35,2.5,2.775,3.45,14.240205
2024-05-16 04:00:00,1.34210526315789,2.47368421052632,2.52631578947368,3,14.7671421052632
2024-05-16 05:00:00,1.35,2.425,2.475,3.05,7.960325
2024-05-16 06:00:00,1.05128205128205,2.15384615384615,2.35897435897436,2.97435897435897,3.79877157894737
2024-05-16 07:00:00,1.05,2.075,2.2,3.6,3.8224635
2024-05-16 08:00:00,0.789473684210526,1.81578947368421,2.07894736842105,3.57894736842105,3.86451526315789
2024-05-16 09:00:00,0.85,1.925,2.225,3.525,2.5461135
2024-05-16 10:00:00,1.20512820512821,2.69230769230769,3.07692307692308,4.28205128205128,4.11127052631579
2024-05-16 11:00:00,0.435897435897436,1.48717948717949,1.61538461538462,2.76923076923077,3.9953495
2024-05-16 12:00:00,0.769230769230769,1.74358974358974,2.02564102564103,2.58974358974359,10.9094068421053
2024-05-16 13:00:00,0.805555555555556,1.80555555555556,1.86111111111111,2.41666666666667,8.217213
2024-05-16 14:00:00,0.948717948717949,1.94871794871795,2.07692307692308,3.05128205128205,7.28617
2024-05-16 15:00:00,1.2,2.225,2.375,3.15,5.530049
2024-05-16 16:00:00,1.31428571428571,2.42857142857143,2.51428571428571,3.25714285714286,6.50532736842105
2024-05-16 17:00:00,1.47222222222222,2.52777777777778,2.69444444444444,3.5,7.7182455
2024-05-16 18:00:00,1.69230769230769,2.8974358974359,3.17948717948718,4.38461538461539,9.62584210526316
2024-05-16 19:00:00,1.9,3.125,3.35,4.375,9.574791
2024-05-16 20:00:00,1.64102564102564,2.84615384615385,3,3.38461538461538,10.8899810526316
2024-05-16 21:00:00,1.57894736842105,2.65789473684211,2.71052631578947,3.26315789473684,11.4167905263158
2024-05-16 22:00:00,1.53846153846154,2.61538461538462,2.71794871794872,3.02564102564103,11.8145915789474
2024-05-16 23:00:00,1.15,2.2,2.3,2.85,7.834031
2024-05-17,1.10526315789474,2.13157894736842,2.23684210526316,2.65789473684211,4.39483157894737
2024-05-17 01:00:00,1.15,2.2,2.225,2.675,4.1936055
2024-05-17 02:00:00,1.30769230769231,2.41025641025641,2.48717948717949,2.92307692307692,4.19242578947368
2024-05-17 03:00:00,1.53846153846154,2.71794871794872,2.79487179487179,3.51282051282051,4.2413075
2024-05-17 04:00:00,1.41025641025641,2.48717948717949,2.58974358974359,3.02564102564103,4.14523736842105
2024-05-17 05:00:00,1.325,2.4,2.6,3.075,3.9555355
2024-05-17 06:00:00,1.45714285714286,2.68571428571429,3.08571428571429,4.34285714285714,5.66809157894737
2024-05-17 07:00:00,1.425,2.625,2.9,3.9,38.115695
2024-05-17 08:00:00,2.02631578947368,3.31578947368421,3.55263157894737,4.63157894736842,55.4049526315789
2024-05-17 09:00:00,1.825,3,3.075,3.55,33.10427
2024-05-17 10:00:00,1.69230769230769,2.79487179487179,2.84615384615385,3.25641025641026,27.3233894736842
2024-05-17 11:00:00,1.9,3.025,3.15,3.45,20.224151
2024-05-17 12:00:00,2.13157894736842,3.31578947368421,3.5,3.78947368421053,12.2192126315789
2024-05-17 13:00:00,2.02564102564103,3.20512820512821,3.33333333333333,3.61538461538462,17.984705
2024-05-17 14:00:00,1.41025641025641,2.46153846153846,2.48717948717949,2.53846153846154,14.9557157894737
2024-05-17 15:00:00,2.41025641025641,3.51282051282051,3.56410256410256,3.92307692307692,7.606568
2024-05-17 16:00:00,2.92307692307692,4.20512820512821,4.30769230769231,4.51282051282051,8.77586210526316
2024-05-17 17:00:00,2.3,3.375,3.425,3.5,11.702858
2024-05-17 18:00:00,2.94871794871795,4.43589743589744,4.53846153846154,4.74358974358974,10.6110789473684
2024-05-17 19:00:00,3.38461538461538,4.66666666666667,4.84615384615385,5.07692307692308,10.935057
2024-05-17 20:00:00,3.33333333333333,4.58974358974359,4.58974358974359,4.71794871794872,10.7643084210526
2024-05-17 21:00:00,4.20512820512821,5.48717948717949,5.48717948717949,5.64102564102564,9.074994
2024-05-17 22:00:00,3.28947368421053,4.39473684210526,4.39473684210526,4.42105263157895,5.94366473684211
2024-05-17 23:00:00,1.4,2.425,2.425,2.525,6.142869
2024-05-18,0.282051282051282,1.1025641025641,1.1025641025641,1.12820512820513,5.69422105263158
2024-05-18 01:00:00,0.15,0.95,1,1.1,10.6173635
2024-05-18 02:00:00,0.0263157894736842,0.973684210526316,0.973684210526316,1.13157894736842,12.2832084210526
2024-05-18 03:00:00,0.15,0.975,1,1.1,8.604923
2024-05-18 04:00:00,0.358974358974359,1.23076923076923,1.28205128205128,1.46153846153846,8.51545052631579
2024-05-18 05:00:00,0.282051282051282,1.20512820512821,1.23076923076923,1.28205128205128,7.226666
2024-05-18 06:00:00,0.487179487179487,1.38461538461538,1.43589743589744,1.66666666666667,6.95043368421053
2024-05-18 07:00:00,0.575,1.425,1.45,1.6,8.5106315
2024-05-18 08:00:00,0.307692307692308,1.30769230769231,1.30769230769231,1.41025641025641,6.21843368421053
2024-05-18 09:00:00,0.205128205128205,1.02564102564103,1.02564102564103,1.12820512820513,4.3132485
2024-05-18 10:00:00,0.102564102564103,0.897435897435897,0.897435897435897,0.974358974358974,4.40468210526316
2024-05-18 11:00:00,0.3,1.25,1.3,1.45,15.198675
2024-05-18 12:00:00,0.236842105263158,0.973684210526316,1,1.02631578947368,7.9075752631579
2024-05-18 13:00:00,0.15,0.775,0.825,0.875,3.6977935
2024-05-18 14:00:00,0.384615384615385,1.33333333333333,1.53846153846154,1.92307692307692,21.0579936842105
2024-05-18 15:00:00,0.472222222222222,1.44444444444444,1.44444444444444,1.69444444444444,17.5869015
2024-05-18 16:00:00,1.1025641025641,2.25641025641026,2.35897435897436,2.51282051282051,17.2166484210526
2024-05-18 17:00:00,2.56410256410256,4.02564102564103,4.17948717948718,4.25641025641026,11.77277
2024-05-18 18:00:00,1.61538461538462,2.74358974358974,2.84615384615385,3,15.3465842105263
2024-05-18 19:00:00,3.625,5.6,5.9,6.3,9.4258485
2024-05-18 20:00:00,3.55263157894737,5.42105263157895,5.55263157894737,5.86842105263158,6.09802473684211
2024-05-18 21:00:00,6.825,9.65,10.075,10.55,5.5987345
2024-05-18 22:00:00,3.33333333333333,5.05128205128205,5.25641025641026,5.79487179487179,7.83221421052632
2024-05-18 23:00:00,2.65,4.2,4.35,4.675,9.163922
2024-05-19,2.97368421052632,4.81578947368421,5.05263157894737,5.36842105263158,7.34792736842105
2024-05-19 01:00:00,3.325,5.25,5.425,5.75,7.33537
2024-05-19 02:00:00,3.84615384615385,5.79487179487179,6.07692307692308,6.38461538461539,7.66088263157895
2024-05-19 03:00:00,4.38461538461539,6.30769230769231,6.38461538461539,6.92307692307692,10.1408165
2024-05-19 04:00:00,5.53846153846154,8.07692307692308,8.51282051282051,9.05128205128205,12.6313631578947
2024-05-19 05:00:00,5.55,7.5,7.775,8.125,12.17252
2024-05-19 06:00:00,4.275,5.825,5.825,6.15,6.7687965
2024-05-19 07:00:00,2.97368421052632,4.13157894736842,4.18421052631579,4.42105263157895,4.65202947368421
2024-05-19 08:00:00,2.925,4.075,4.1,4.325,5.9261625
2024-05-19 09:00:00,2.66666666666667,3.74358974358974,3.76923076923077,3.94871794871795,4.01656052631579
2024-05-19 10:00:00,1.33333333333333,2.35897435897436,2.41025641025641,2.43589743589744,3.684439
2024-05-19 11:00:00,1.11428571428571,2.14285714285714,2.2,2.31428571428571,3.97681684210526
2024-05-19 12:00:00,0.282051282051282,1.15384615384615,1.15384615384615,1.30769230769231,1.8131345
2024-05-19 13:00:00,0.128205128205128,0.923076923076923,0.923076923076923,1.07692307692308,1.92361515789474
2024-05-19 14:00:00,0.485714285714286,1.51428571428571,1.65714285714286,2.17142857142857,6.3564065
2024-05-19 15:00:00,0.243243243243243,1.21621621621622,1.24324324324324,1.43243243243243,6.38062684210526
2024-05-19 16:00:00,0.564102564102564,1.46153846153846,1.48717948717949,1.64102564102564,3.405106
2024-05-19 17:00:00,0.0967741935483871,0.903225806451613,0.903225806451613,1.16129032258065,8.25297631578947
2024-05-19 18:00:00,1.51282051282051,2.69230769230769,2.79487179487179,3.1025641025641,27.04814
2024-05-19 19:00:00,2.82051282051282,4.46153846153846,4.58974358974359,5.07692307692308,45.8032157894737
2024-05-19 20:00:00,3.175,4.875,5.1,5.475,36.72386
2024-05-19 21:00:00,4.94736842105263,6.84210526315789,7.21052631578947,7.55263157894737,21.3058263157895
2024-05-19 22:00:00,5.12820512820513,7.38461538461539,7.64102564102564,7.92307692307692,18.951745
2024-05-19 23:00:00,2.35897435897436,4.05128205128205,4.23076923076923,4.58974358974359,15.8614
2024-05-20,1.35,2.5,2.575,2.95,13.132317
2024-05-20 01:00:00,1.63157894736842,3.07894736842105,3.23684210526316,3.47368421052632,11.4358147368421
2024-05-20 02:00:00,2.375,3.9,4.05,4.375,10.7373225
2024-05-20 03:00:00,2.17948717948718,3.76923076923077,4.07692307692308,4.46153846153846,10.9020973684211
2024-05-20 04:00:00,4.95,7.8,8.225,8.85,18.26988
2024-05-20 05:00:00,5.31578947368421,8.42105263157895,9.23684210526316,10.1052631578947,14.6625910526316
2024-05-20 06:00:00,4.025,6.25,7.025,9.175,4.4377055
2024-05-20 07:00:00,2.8974358974359,4.66666666666667,5.25641025641026,6.61538461538461,4.89089052631579
2024-05-20 08:00:00,1.74358974358974,2.97435897435897,3.17948717948718,3.74358974358974,3.3233015
2024-05-20 09:00:00,0.487179487179487,1.51282051282051,1.53846153846154,1.74358974358974,1.82271947368421
2024-05-20 10:00:00,0.25,1.25,1.275,1.45,1.89748
2024-05-20 11:00:00,0.447368421052632,1.36842105263158,1.36842105263158,1.52631578947368,1.92945684210526
2024-05-20 12:00:00,0.575,1.5,1.55,1.725,1.939225
2024-05-20 13:00:00,0.256410256410256,1.25641025641026,1.28205128205128,1.58974358974359,2.87831263157895
2024-05-20 14:00:00,0.575,1.525,1.6,1.725,3.2819165
2024-05-20 15:00:00,0.368421052631579,1.34210526315789,1.36842105263158,1.57894736842105,4.04310736842105
2024-05-20 16:00:00,0.25,1.1,1.15,1.3,4.110287
2024-05-20 17:00:00,0.58974358974359,1.58974358974359,1.61538461538462,1.61538461538462,24.3509868421053
2024-05-20 18:00:00,1.11111111111111,2.08333333333333,2.11111111111111,2.27777777777778,41.57433
2024-05-20 19:00:00,2.03125,3.125,3.21875,3.4375,60.7841105263158
2024-05-20 20:00:00,5.15,7,7.175,7.625,45.615215
2024-05-20 21:00:00,6.76315789473684,9.31578947368421,9.73684210526316,10.2631578947368,38.0233052631579
2024-05-20 22:00:00,4.84615384615385,6.87179487179487,7.15384615384615,7.58974358974359,27.303595
2024-05-20 23:00:00,5.17948717948718,7.17948717948718,7.46153846153846,7.84615384615385,22.9600947368421
2024-05-21,4.75,6.525,6.675,7.35,17.83267
2024-05-21 01:00:00,3.44736842105263,4.92105263157895,5.15789473684211,5.86842105263158,19.3455473684211
2024-05-21 02:00:00,4.675,6.6,6.95,7.5,19.14184
2024-05-21 03:00:00,5.17948717948718,7,7.15384615384615,7.79487179487179,23.0164105263158
2024-05-21 04:00:00,4.275,6.25,6.525,7.35,22.03359
2024-05-21 05:00:00,3.10526315789474,4.68421052631579,5.10526315789474,6.02631578947368,14.1953610526316
2024-05-21 06:00:00,1.75,2.975,3.125,3.7,2.8178785
2024-05-21 07:00:00,1.97435897435897,3.35897435897436,3.71794871794872,4.79487179487179,3.37861947368421
2024-05-21 08:00:00,2.33333333333333,4.25641025641026,5,6,2.360214
2024-05-21 09:00:00,2.38461538461538,4.71794871794872,5.84615384615385,8,2.44218789473684
2024-05-21 10:00:00,2.675,5.475,7.175,10.425,3.065689
2024-05-21 11:00:00,2.94871794871795,5.66666666666667,7.15384615384615,10.4102564102564,23.5874136842105
2024-05-21 12:00:00,3.58333333333333,5.55555555555556,6.05555555555556,7.22222222222222,59.17079
2024-05-21 13:00:00,4.45714285714286,6.71428571428571,7.74285714285714,9.17142857142857,52.8389421052632
2024-05-21 14:00:00,3.875,6,6.85,8.375,12.269332
2024-05-21 15:00:00,2.41025641025641,4.48717948717949,5.28205128205128,6.51282051282051,5.82440947368421
2024-05-21 16:00:00,1.76923076923077,3.58974358974359,3.97435897435897,5.05128205128205,8.020966
2024-05-21 17:00:00,1.79487179487179,3.43589743589744,4.1025641025641,5.25641025641026,9.74406526315789
2024-05-21 18:00:00,1.89189189189189,3.45945945945946,4.16216216216216,5.54054054054054,4.4200375
2024-05-21 19:00:00,2.36842105263158,4.36842105263158,5.10526315789474,6.84210526315789,15.9132731578947
2024-05-21 20:00:00,2.65,4.6,5.325,6.4,29.553945
2024-05-21 21:00:00,2.89189189189189,4.89189189189189,5.83783783783784,7.21621621621622,23.0000777777778
2024-05-21 22:00:00,3.2,5.25,5.975,7.5,15.42475
2024-05-21 23:00:00,3.17948717948718,5.23076923076923,5.79487179487179,6.82051282051282,11.6665336842105
2024-05-22,4.43589743589744,6.48717948717949,7.41025641025641,8.66666666666667,11.408753
2024-05-22 01:00:00,5.1025641025641,7.43589743589744,8.25641025641026,9.28205128205128,10.3866578947368
2024-05-22 02:00:00,4.15384615384615,6.30769230769231,6.8974358974359,7.92307692307692,11.46051
2024-05-22 03:00:00,3.53846153846154,5.56410256410256,6.30769230769231,7.30769230769231,8.70568473684211
2024-05-22 04:00:00,2.575,4.275,4.625,5.875,4.2284815
2024-05-22 05:00:00,1.2,2.56666666666667,2.9,3.53333333333333,3.81938684210526
2024-05-22 06:00:00,0.222222222222222,1.11111111111111,1.30555555555556,1.58333333333333,3.1344345
2024-05-22 07:00:00,0.538461538461538,1.53846153846154,1.56410256410256,1.92307692307692,3.72691105263158
2024-05-22 08:00:00,0.194444444444444,0.916666666666667,0.916666666666667,1.16666666666667,15.9627155
2024-05-22 09:00:00,0.102564102564103,0.923076923076923,1.05128205128205,1.25641025641026,24.7623631578947
2024-05-22 10:00:00,0.4,1.275,1.325,1.45,13.6772385
2024-05-22 11:00:00,0.447368421052632,1.39473684210526,1.42105263157895,1.47368421052632,8.62102473684211
2024-05-22 12:00:00,0.125,0.8,0.875,0.95,4.5001845
2024-05-22 13:00:00,0.0256410256410256,0.794871794871795,0.82051282051282,0.871794871794872,3.68375631578947
2024-05-22 14:00:00,0.153846153846154,1.05128205128205,1.1025641025641,1.30769230769231,4.650322
2024-05-22 15:00:00,0.142857142857143,1.11428571428571,1.14285714285714,1.51428571428571,3.96165315789474
2024-05-22 16:00:00,0.325,1.225,1.275,1.5,9.0076805
2024-05-22 17:00:00,1.95,3.925,4.525,5.5,5.571932
2024-05-22 18:00:00,1.21052631578947,2.52631578947368,2.57894736842105,2.94736842105263,6.47316736842105
2024-05-22 19:00:00,1.575,2.7,2.725,3.175,14.63775
2024-05-22 20:00:00,2.33333333333333,3.69230769230769,3.76923076923077,4.12820512820513,17.2797
2024-05-22 21:00:00,2.97368421052632,4.36842105263158,4.44736842105263,4.71052631578947,18.9171157894737
2024-05-22 22:00:00,2.52631578947368,3.97368421052632,4.15789473684211,4.42105263157895,15.7899210526316
2024-05-22 23:00:00,2.35,3.7,3.875,4.2,12.990085
2024-05-23,1.94871794871795,3.41025641025641,3.58974358974359,4.05128205128205,11.0293936842105
2024-05-23 01:00:00,2.05128205128205,3.23076923076923,3.30769230769231,3.61538461538462,9.327287
2024-05-23 02:00:00,1.94871794871795,3.07692307692308,3.28205128205128,3.66666666666667,8.90458947368421
2024-05-23 03:00:00,2.15,3.475,3.55,3.975,12.480576
2024-05-23 04:00:00,2.23076923076923,3.46153846153846,3.51282051282051,3.84615384615385,9.95045684210526
2024-05-23 05:00:00,1.84615384615385,3,3.02564102564103,3.38461538461538,7.890448
2024-05-23 06:00:00,1.30769230769231,2.35897435897436,2.48717948717949,3.20512820512821,3.36822210526316
2024-05-23 07:00:00,1.375,2.5,2.675,3.225,2.349538
2024-05-23 08:00:00,1.73684210526316,2.84210526315789,2.97368421052632,3.55263157894737,2.07169210526316
2024-05-23 09:00:00,1.55,2.7,2.825,3.225,2.147134
2024-05-23 10:00:00,1.53846153846154,2.56410256410256,2.66666666666667,3.25641025641026,3.00076947368421
2024-05-23 11:00:00,1.35897435897436,2.38461538461538,2.41025641025641,2.84615384615385,2.496374
2024-05-23 12:00:00,1.33333333333333,2.38461538461538,2.41025641025641,2.92307692307692,2.85145947368421
2024-05-23 13:00:00,1.325,2.35,2.4,2.65,4.196052
2024-05-23 14:00:00,1.43589743589744,2.46153846153846,2.56410256410256,2.69230769230769,3.69260052631579
2024-05-23 15:00:00,1.82051282051282,2.84615384615385,2.87179487179487,3.35897435897436,6.822148
2024-05-23 16:00:00,1.84615384615385,2.92307692307692,2.97435897435897,3.20512820512821,7.21603894736842
2024-05-23 17:00:00,2.225,3.3,3.45,3.75,6.625418
2024-05-23 18:00:00,2.48717948717949,3.71794871794872,3.79487179487179,4.17948717948718,21.9046010526316
2024-05-23 19:00:00,2.69230769230769,4.02564102564103,4.17948717948718,4.74358974358974,34.952595
2024-05-23 20:00:00,3.23076923076923,4.58974358974359,4.69230769230769,5,37.4733315789474
2024-05-23 21:00:00,3.44736842105263,4.92105263157895,5.10526315789474,5.65789473684211,34.4758631578947
2024-05-23 22:00:00,4,5.44736842105263,5.5,5.89473684210526,32.2416052631579
2024-05-23 23:00:00,4.05,5.5,5.65,6.1,24.05799
2024-05-24,4.30769230769231,5.76923076923077,5.8974358974359,6.33333333333333,21.0798684210526
2024-05-24 01:00:00,4.30769230769231,5.94871794871795,6,6.38461538461539,16.780975
2024-05-24 02:00:00,5.12820512820513,6.64102564102564,6.74358974358974,7.1025641025641,16.6695105263158
2024-05-24 03:00:00,4.75,6.4,6.65,7.1,18.3766
2024-05-24 04:00:00,5.52631578947368,7.44736842105263,8.02631578947368,9.23684210526316,21.8666315789474
2024-05-24 05:00:00,5.55,7.875,9.025,11.4,24.947436
2024-05-24 06:00:00,4.79487179487179,6.66666666666667,7.02564102564103,8.53846153846154,7.68115315789474
2024-05-24 07:00:00,3.425,4.6,4.65,5.2,3.2116265
2024-05-24 08:00:00,3.81578947368421,5,5.02631578947368,5.31578947368421,2.75587894736842
2024-05-24 09:00:00,4.5,6,6.175,6.575,3.688199
2024-05-24 10:00:00,3.97142857142857,5.34285714285714,5.51428571428571,6,14.6257715789474
2024-05-24 11:00:00,1.94594594594595,2.97297297297297,3.02702702702703,3.27027027027027,13.0930375
2024-05-24 12:00:00,1.94736842105263,3,3,3.13157894736842,6.58309684210526
2024-05-24 13:00:00,3.775,4.95,4.975,5.1,9.959095
2024-05-24 14:00:00,4.61538461538461,5.84615384615385,5.87179487179487,5.97435897435897,8.68095105263158
2024-05-24 15:00:00,4.71794871794872,6.02564102564103,6.05128205128205,6.30769230769231,5.597443
2024-05-24 16:00:00,3.23076923076923,4.33333333333333,4.33333333333333,4.35897435897436,5.01849947368421
2024-05-24 17:00:00,1.38888888888889,2.36111111111111,2.38888888888889,2.41666666666667,6.193242
2024-05-24 18:00:00,2.28205128205128,3.41025641025641,3.43589743589744,3.53846153846154,9.56994263157895
2024-05-24 19:00:00,1.92307692307692,2.97435897435897,3.05128205128205,3.07692307692308,17.981795
2024-05-24 20:00:00,3.28205128205128,4.66666666666667,4.76923076923077,5.05128205128205,25.3125947368421
2024-05-24 21:00:00,4.075,5.625,5.675,5.975,21.273195
2024-05-24 22:00:00,5.25641025641026,7.23076923076923,7.41025641025641,7.66666666666667,19.1571631578947
2024-05-24 23:00:00,3.82051282051282,5.28205128205128,5.35897435897436,5.66666666666667,14.303226
2024-05-25,3.41025641025641,4.84615384615385,4.92307692307692,5.1025641025641,13.3234168421053
2024-05-25 01:00:00,3.425,4.775,4.85,5.225,11.207341
2024-05-25 02:00:00,3.97368421052632,5.34210526315789,5.57894736842105,6.05263157894737,11.43572
2024-05-25 03:00:00,4.125,5.5,5.55,5.75,11.806452
2024-05-25 04:00:00,4.84615384615385,6.23076923076923,6.38461538461539,6.92307692307692,10.7091421052632
2024-05-25 05:00:00,6.625,8.5,8.8,9.35,10.31233
2024-05-25 06:00:00,8.57894736842105,10.9473684210526,11.3684210526316,12.1052631578947,7.20976263157895
2024-05-25 07:00:00,10.625,13.475,14.175,15.5,5.866407
2024-05-25 08:00:00,7.82857142857143,9.82857142857143,10.1142857142857,10.8285714285714,3.38919631578947
2024-05-25 09:00:00,6.725,8.675,9.075,9.775,2.681491
2024-05-25 10:00:00,5.1025641025641,6.74358974358974,6.94871794871795,7.82051282051282,2.50013473684211
2024-05-25 11:00:00,4.02564102564103,5.35897435897436,5.38461538461539,5.64102564102564,3.1770915
2024-05-25 12:00:00,2.51282051282051,3.51282051282051,3.53846153846154,3.87179487179487,2.84470736842105
2024-05-25 13:00:00,2.95,4.1,4.1,4.3,6.637158
2024-05-25 14:00:00,4.34210526315789,5.63157894736842,5.76315789473684,6.02631578947368,17.3620894736842
2024-05-25 15:00:00,4.825,6.25,6.325,6.825,15.964367
2024-05-25 16:00:00,2.1025641025641,3.48717948717949,3.71794871794872,4.15384615384615,43.4287010526316
2024-05-25 17:00:00,1.95,3.075,3.175,3.55,42.76006
2024-05-25 18:00:00,2.34210526315789,3.71052631578947,3.78947368421053,4.07894736842105,26.0832526315789
2024-05-25 19:00:00,3.1,4.45,4.475,4.75,21.342915
2024-05-25 20:00:00,4.53846153846154,6.28205128205128,6.43589743589744,6.87179487179487,16.4499315789474
2024-05-25 21:00:00,4.02564102564103,5.46153846153846,5.51282051282051,5.84615384615385,13.334256
2024-05-25 22:00:00,4.74358974358974,6.33333333333333,6.48717948717949,7.02564102564103,10.9162326315789
2024-05-25 23:00:00,3.875,5.45,5.65,6.275,7.61667
2024-05-26,3.10526315789474,4.47368421052632,4.57894736842105,5.13157894736842,7.06052052631579
2024-05-26 01:00:00,2.9,4.225,4.425,4.775,7.7999345
2024-05-26 02:00:00,3.82051282051282,5.71794871794872,6.05128205128205,6.71794871794872,9.42061789473684
2024-05-26 03:00:00,5,7.275,7.625,8.725,8.880039
2024-05-26 04:00:00,5.30769230769231,7.48717948717949,7.8974358974359,8.64102564102564,13.600693
2024-05-26 05:00:00,6.64102564102564,8.8974358974359,9.07692307692308,9.41025641025641,11.8566673684211
2024-05-26 06:00:00,8.475,11.075,11.35,11.825,11.635649
2024-05-26 07:00:00,11.2894736842105,14.6842105263158,15.1315789473684,16.0789473684211,9.59093684210526
2024-05-26 08:00:00,10.075,12.675,13,13.575,6.007567
2024-05-26 09:00:00,9.43589743589744,12.3846153846154,12.9487179487179,13.3589743589744,3.13195473684211
2024-05-26 10:00:00,5.95,8.15,8.325,8.65,2.4586699
2024-05-26 11:00:00,2.55263157894737,3.68421052631579,3.68421052631579,4,2.12489252631579
2024-05-26 12:00:00,2.375,3.375,3.375,3.65,2.3885795
2024-05-26 13:00:00,2.38461538461538,3.43589743589744,3.51282051282051,3.71794871794872,2.70821157894737
2024-05-26 14:00:00,2.61538461538462,3.74358974358974,3.76923076923077,4.02564102564103,4.2753315
2024-05-26 15:00:00,2.23684210526316,3.36842105263158,3.44736842105263,3.68421052631579,5.01051526315789
2024-05-26 16:00:00,1.85,3.275,3.55,4.5,38.1543715
2024-05-26 17:00:00,2.25641025641026,3.71794871794872,3.87179487179487,4.69230769230769,78.3679631578947
2024-05-26 18:00:00,1.94871794871795,3.1025641025641,3.28205128205128,3.66666666666667,43.88723
2024-05-26 19:00:00,8.51282051282051,13.3076923076923,14.2820512820513,15.2564102564103,28.5573052631579
2024-05-26 20:00:00,2.675,4.1,4.375,4.75,20.79405
2024-05-26 21:00:00,4,5.81578947368421,6.02631578947368,6.81578947368421,18.4838842105263
2024-05-26 22:00:00,2.12820512820513,3.41025641025641,3.71794871794872,4.51282051282051,16.022575
2024-05-26 23:00:00,3.05128205128205,4.48717948717949,4.66666666666667,5.35897435897436,13.6184
2024-05-27,2.85,4.4,4.675,5.25,10.845257
2024-05-27 01:00:00,3.73684210526316,5.71052631578947,6,6.63157894736842,8.27448947368421
2024-05-27 02:00:00,2.975,4.225,4.3,4.575,7.0778675
2024-05-27 03:00:00,4.33333333333333,6.07692307692308,6.23076923076923,6.66666666666667,9.38382894736842
2024-05-27 04:00:00,7.64102564102564,10.5641025641026,11.0769230769231,11.7948717948718,11.890188
2024-05-27 05:00:00,6.87179487179487,9.30769230769231,9.69230769230769,10.7179487179487,13.0363021052632
2024-05-27 06:00:00,7.75,10.5555555555556,11.3055555555556,12.5833333333333,14.584835
2024-05-27 07:00:00,6.35897435897436,8.48717948717949,8.94871794871795,10.4102564102564,5.33460842105263
2024-05-27 08:00:00,5.85,7.625,7.95,8.95,3.3308805
2024-05-27 09:00:00,6.35897435897436,8.25641025641026,8.41025641025641,9.74358974358974,3.17074578947368
2024-05-27 10:00:00,6,7.74358974358974,8.07692307692308,9.07692307692308,3.319317
2024-05-27 11:00:00,5.48717948717949,7.07692307692308,7.33333333333333,8.12820512820513,6.08354368421053
2024-05-27 12:00:00,3.6,5.625,6.225,7.575,24.377272
2024-05-27 13:00:00,3.26470588235294,4.67647058823529,4.94117647058824,5.38235294117647,35.9816094736842
2024-05-27 14:00:00,1.875,2.975,3.05,3.375,3.88192
2024-05-27 15:00:00,2.78947368421053,3.92105263157895,4.05263157894737,4.71052631578947,2.79081526315789
2024-05-27 16:00:00,3.3,4.375,4.425,4.825,4.830057
2024-05-27 17:00:00,3.82051282051282,5.23076923076923,5.33333333333333,5.79487179487179,6.03295210526316
2024-05-27 18:00:00,4.65,6.175,6.375,6.925,14.3704135
2024-05-27 19:00:00,5.26315789473684,7.07894736842105,7.26315789473684,8.02631578947368,11.9587936842105
2024-05-27 20:00:00,10.85,13.625,14.1,14.7,17.411565
2024-05-27 21:00:00,3.73684210526316,5.42105263157895,5.73684210526316,6.39473684210526,17.4184210526316
2024-05-27 22:00:00,3.97435897435897,5.71794871794872,6.12820512820513,7.05128205128205,14.496525
2024-05-27 23:00:00,3.35897435897436,4.92307692307692,5.28205128205128,6.05128205128205,13.9924263157895
2024-05-28,3.9,5.475,5.775,6.875,11.299274
2024-05-28 01:00:00,3.57894736842105,4.97368421052632,5.28947368421053,6.28947368421053,10.0579863157895
2024-05-28 02:00:00,4.225,6.05,6.875,9.25,10.7280345
2024-05-28 03:00:00,4.05128205128205,5.66666666666667,6.02564102564103,7.53846153846154,13.9774631578947
2024-05-28 04:00:00,2.48717948717949,3.71794871794872,3.97435897435897,4.35897435897436,17.55204
2024-05-28 05:00:00,2.30769230769231,3.66666666666667,3.82051282051282,4.23076923076923,16.6721073684211
2024-05-28 06:00:00,1.71794871794872,2.84615384615385,2.94871794871795,3.30769230769231,8.4822245
2024-05-28 07:00:00,1.23076923076923,2.35897435897436,2.48717948717949,2.71794871794872,13.1549231578947
2024-05-28 08:00:00,1.225,2.55,2.65,2.8,9.0312195
2024-05-28 09:00:00,0.657894736842105,1.57894736842105,1.65789473684211,1.76315789473684,6.36884210526316
2024-05-28 10:00:00,0.628571428571429,1.54285714285714,1.57142857142857,1.91428571428571,3.190783
2024-05-28 11:00:00,1,2.02941176470588,2.05882352941176,2.20588235294118,3.58065631578947
2024-05-28 12:00:00,0.973684210526316,2.07894736842105,2.21052631578947,3,3.3403805
2024-05-28 13:00:00,1.02564102564103,2.17948717948718,2.35897435897436,2.92307692307692,2.75595315789474
2024-05-28 14:00:00,1.41666666666667,2.61111111111111,2.80555555555556,3.36111111111111,3.269163
2024-05-28 15:00:00,0.891891891891892,1.97297297297297,2.21621621621622,2.7027027027027,3.70961
2024-05-28 16:00:00,0.552631578947368,1.57894736842105,1.68421052631579,1.92105263157895,6.3217215
2024-05-28 17:00:00,2.11764705882353,3.76470588235294,3.91176470588235,4.44117647058824,5.86563684210526
2024-05-28 18:00:00,1.60526315789474,2.89473684210526,3.02631578947368,3.60526315789474,12.6383175
2024-05-28 19:00:00,3.53846153846154,5.53846153846154,6.02564102564103,6.87179487179487,24.7525894736842
2024-05-28 20:00:00,1.92307692307692,3.15384615384615,3.28205128205128,3.94871794871795,14.807592
2024-05-28 21:00:00,1.94871794871795,3.12820512820513,3.20512820512821,3.71794871794872,13.3746894736842
2024-05-28 22:00:00,2.15,3.5,3.75,4.775,15.33781
2024-05-28 23:00:00,2.48648648648649,4.05405405405405,4.67567567567568,5.91891891891892,14.8681273684211
2024-05-29,2.325,3.725,4.1,4.975,11.525101
2024-05-29 01:00:00,2.53846153846154,3.84615384615385,3.94871794871795,4.84615384615385,9.20296263157895
2024-05-29 02:00:00,2.225,3.525,3.65,3.9,8.008229
2024-05-29 03:00:00,2.42105263157895,3.68421052631579,3.78947368421053,4.52631578947368,8.81238
2024-05-29 04:00:00,3.97435897435897,5.69230769230769,6.02564102564103,6.69230769230769,11.155378
2024-05-29 05:00:00,5.58974358974359,7.58974358974359,7.94871794871795,9,14.2873947368421
2024-05-29 06:00:00,9.58974358974359,13.8461538461538,15,17.1794871794872,11.5316925
2024-05-29 07:00:00,9.51282051282051,13.3846153846154,14.6153846153846,16.6153846153846,6.6472752631579
2024-05-29 08:00:00,2.25,3.725,3.95,4.9,2.5095939
2024-05-29 09:00:00,0.473684210526316,1.44736842105263,1.44736842105263,1.73684210526316,1.32534905263158
2024-05-29 10:00:00,0.9,1.925,2,2.4,1.8274939
2024-05-29 11:00:00,0.948717948717949,2.12820512820513,2.15384615384615,2.71794871794872,2.44123157894737
2024-05-29 12:00:00,0.769230769230769,1.87179487179487,2.20512820512821,2.71794871794872,2.915345
2024-05-29 13:00:00,0.45,1.45,1.525,1.65,3.5017455
2024-05-29 14:00:00,0.358974358974359,1.35897435897436,1.38461538461538,1.48717948717949,3.90650578947368
2024-05-29 15:00:00,0.475,1.475,1.6,1.85,5.811631
2024-05-29 16:00:00,0.842105263157895,1.89473684210526,1.89473684210526,2.02631578947368,8.82782842105263
2024-05-29 17:00:00,0.7,1.725,1.825,2.325,14.080513
2024-05-29 18:00:00,1.71794871794872,3.12820512820513,3.38461538461538,3.64102564102564,18.0963484210526
2024-05-29 19:00:00,2.02564102564103,3.8974358974359,4.30769230769231,4.76923076923077,26.1260263157895
2024-05-29 20:00:00,7.05263157894737,10.4473684210526,11.2894736842105,12.1842105263158,27.5294368421053
2024-05-29 21:00:00,8.38461538461539,11.4102564102564,11.7948717948718,12.5128205128205,24.2816052631579
2024-05-29 22:00:00,2.57894736842105,4.13157894736842,4.36842105263158,5.10526315789474,33.7170789473684
2024-05-29 23:00:00,2.725,4.5,5.1,6.4,36.187525
2024-05-30,2.25641025641026,3.64102564102564,3.92307692307692,4.74358974358974,25.3752842105263
2024-05-30 01:00:00,6.35,9.225,9.775,10.55,17.991935
2024-05-30 02:00:00,2.31578947368421,3.71052631578947,3.84210526315789,4.34210526315789,18.5697894736842
2024-05-30 03:00:00,1.525,2.75,2.875,3.05,15.041021
2024-05-30 04:00:00,2.8974358974359,4.25641025641026,4.38461538461539,5,20.5143789473684
2024-05-30 05:00:00,3.20512820512821,4.74358974358974,4.94871794871795,5.30769230769231,13.900912
2024-05-30 06:00:00,3.88888888888889,5.52777777777778,5.80555555555556,6.86111111111111,10.3623305263158
2024-05-30 07:00:00,2.66666666666667,4.15384615384615,4.30769230769231,4.97435897435897,3.6028205
2024-05-30 08:00:00,1.82051282051282,2.94871794871795,3.15384615384615,3.48717948717949,3.11311105263158
2024-05-30 09:00:00,1.075,2.075,2.1,2.275,9.2178295
2024-05-30 10:00:00,0.514285714285714,1.57142857142857,1.57142857142857,1.71428571428571,10.3772052631579
2024-05-30 11:00:00,0.475,1.45,1.475,1.625,5.924867
2024-05-30 12:00:00,0.228571428571429,1.11428571428571,1.14285714285714,1.22857142857143,4.81358052631579
2024-05-30 13:00:00,0.2,0.9,0.95,1.225,2.4190055
2024-05-30 14:00:00,0.131578947368421,0.894736842105263,0.947368421052632,1.07894736842105,2.69875368421053
2024-05-30 15:00:00,0.162162162162162,0.837837837837838,0.864864864864865,1.05405405405405,4.796517
2024-05-30 16:00:00,0.342105263157895,1.28947368421053,1.36842105263158,1.81578947368421,46.5941157894737
2024-05-30 17:00:00,0.125,0.825,0.875,1.025,15.9881015
2024-05-30 18:00:00,0.58974358974359,1.56410256410256,1.66666666666667,2.12820512820513,22.9994684210526
2024-05-30 19:00:00,0.789473684210526,1.86842105263158,1.94736842105263,2.28947368421053,22.87816
2024-05-30 20:00:00,2.53846153846154,4.17948717948718,4.41025641025641,5,16.4346473684211
2024-05-30 21:00:00,1.76315789473684,3.07894736842105,3.18421052631579,3.76315789473684,10.8567652631579
2024-05-30 22:00:00,1.47368421052632,2.78947368421053,3.05263157894737,3.78947368421053,10.4331652631579
2024-05-30 23:00:00,0.95,2.175,2.275,3.35,7.70562
2024-05-31,0.974358974358974,2.05128205128205,2.25641025641026,2.94871794871795,7.16788947368421
2024-05-31 01:00:00,2.38461538461538,3.92307692307692,4.28205128205128,5.12820512820513,9.868834
2024-05-31 02:00:00,2.48717948717949,3.87179487179487,4,4.87179487179487,8.11474421052632
2024-05-31 03:00:00,2.45,3.675,3.75,4.275,10.595615
2024-05-31 04:00:00,3.15384615384615,4.43589743589744,4.46153846153846,4.84615384615385,13.4381010526316
2024-05-31 05:00:00,4.66666666666667,6.30769230769231,6.46153846153846,6.82051282051282,13.52838
2024-05-31 06:00:00,5.66666666666667,7.66666666666667,7.74358974358974,8.07692307692308,8.6150052631579
2024-05-31 07:00:00,1.725,2.85,2.85,3.025,3.264426
2024-05-31 08:00:00,0.552631578947368,1.52631578947368,1.55263157894737,1.71052631578947,2.28114894736842
2024-05-31 09:00:00,0.275,1.05,1.05,1.15,1.9359528
2024-05-31 10:00:00,0.157894736842105,0.868421052631579,0.921052631578947,1.13157894736842,2.03196210526316
2024-05-31 11:00:00,0.225,0.875,0.875,1.025,2.1314015
2024-05-31 12:00:00,0.205128205128205,1.12820512820513,1.17948717948718,1.41025641025641,2.83318894736842
2024-05-31 13:00:00,0.666666666666667,1.53846153846154,1.53846153846154,1.71794871794872,5.1470165
2024-05-31 14:00:00,0.769230769230769,1.71794871794872,1.76923076923077,2.1025641025641,8.95462789473684
2024-05-31 15:00:00,1.325,2.35,2.425,2.75,50.055125
2024-05-31 16:00:00,1.47368421052632,2.57894736842105,2.60526315789474,2.86842105263158,78.9566684210526
2024-05-31 17:00:00,0.275,1.15,1.175,1.25,43.834675
2024-05-31 18:00:00,0.692307692307692,1.71794871794872,1.76923076923077,1.97435897435897,30.2654473684211
2024-05-31 19:00:00,1.45,2.55,2.65,2.825,30.22009
2024-05-31 20:00:00,1.34210526315789,2.42105263157895,2.5,2.63157894736842,20.1004421052632
2024-05-31 21:00:00,0.875,1.975,2,2.025,14.553195
2024-05-31 22:00:00,1.56410256410256,2.71794871794872,2.71794871794872,2.82051282051282,10.2181778947368
2024-05-31 23:00:00,1.43589743589744,2.48717948717949,2.56410256410256,2.74358974358974,10.304523
2024-06-01,2.17948717948718,3.35897435897436,3.38461538461538,3.64102564102564,9.63122263157895
2024-06-01 01:00:00,2.375,3.575,3.625,3.925,7.831414
2024-06-01 02:00:00,2.76315789473684,3.89473684210526,3.94736842105263,4.10526315789474,7.92334473684211
2024-06-01 03:00:00,4.175,5.425,5.55,5.75,7.3753805
2024-06-01 04:00:00,4.74358974358974,6.15384615384615,6.25641025641026,6.56410256410256,6.63096789473684
2024-06-01 05:00:00,5.43589743589744,7.07692307692308,7.23076923076923,7.61538461538461,11.712127
2024-06-01 06:00:00,4.71794871794872,6.23076923076923,6.28205128205128,6.87179487179487,8.37585842105263
2024-06-01 07:00:00,4.83783783783784,6.27027027027027,6.40540540540541,6.86486486486486,6.447577
2024-06-01 08:00:00,4.51282051282051,5.84615384615385,5.97435897435897,6.28205128205128,7.66836210526316
2024-06-01 09:00:00,3.16666666666667,4.33333333333333,4.47222222222222,4.72222222222222,5.16236
2024-06-01 10:00:00,2.19444444444444,3.16666666666667,3.22222222222222,3.27777777777778,4.53949052631579
2024-06-01 11:00:00,2.76923076923077,3.82051282051282,3.92307692307692,4.30769230769231,8.931031
2024-06-01 12:00:00,3.79487179487179,4.97435897435897,5,5.30769230769231,4.01919894736842
2024-06-01 13:00:00,2.475,3.55,3.725,3.875,4.3275845
2024-06-01 14:00:00,0.769230769230769,1.79487179487179,1.84615384615385,1.92307692307692,19.3090842105263
2024-06-01 15:00:00,0.384615384615385,1.33333333333333,1.35897435897436,1.41025641025641,14.277547
2024-06-01 16:00:00,0.58974358974359,1.61538461538462,1.61538461538462,1.76923076923077,12.7976205263158
2024-06-01 17:00:00,1.475,2.5,2.625,2.8,13.9400635
2024-06-01 18:00:00,2.56756756756757,3.89189189189189,3.97297297297297,4.59459459459459,9.39666842105263
2024-06-01 19:00:00,3.4,4.775,4.95,5.45,8.33284
2024-06-01 20:00:00,3.97435897435897,5.38461538461539,5.48717948717949,6.1025641025641,7.74698315789474
2024-06-01 21:00:00,3.92307692307692,5.20512820512821,5.38461538461539,6.25641025641026,8.856072
2024-06-01 22:00:00,4.15384615384615,5.64102564102564,5.82051282051282,6.56410256410256,7.45321
2024-06-01 23:00:00,4.525,6,6.15,6.95,7.332085
2024-06-02,5.02564102564103,6.38461538461539,6.66666666666667,7.71794871794872,6.9805535
2024-06-02 01:00:00,5.12820512820513,6.76923076923077,6.94871794871795,7.97435897435897,6.72593684210526
2024-06-02 02:00:00,5.725,7.3,7.725,8.75,7.1937345
2024-06-02 03:00:00,6.02631578947368,7.55263157894737,7.68421052631579,8.47368421052632,9.91922789473684
2024-06-02 04:00:00,5.97368421052632,7.60526315789474,8.18421052631579,8.78947368421053,9.7063425
2024-06-02 05:00:00,5.08108108108108,6.75675675675676,7.21621621621622,8.16216216216216,3.87924473684211
2024-06-02 06:00:00,5.27027027027027,6.91891891891892,7.21621621621622,8.24324324324324,3.479331
2024-06-02 07:00:00,5.39473684210526,6.84210526315789,6.97368421052632,7.73684210526316,2.94616052631579
2024-06-02 08:00:00,5.175,6.625,6.95,7.875,2.45878
2024-06-02 09:00:00,5.71794871794872,7.38461538461539,7.64102564102564,8.64102564102564,3.10963157894737
2024-06-02 10:00:00,5.41025641025641,6.94871794871795,7.28205128205128,8.15384615384615,3.80014
2024-06-02 11:00:00,4.33333333333333,5.71794871794872,6.1025641025641,7.07692307692308,2.81135
2024-06-02 12:00:00,3.175,4.475,4.675,5.875,2.254285
2024-06-02 13:00:00,3.28205128205128,4.61538461538461,4.79487179487179,5.46153846153846,15.0847110526316
2024-06-02 14:00:00,2.71794871794872,3.92307692307692,4.1025641025641,4.51282051282051,16.034181
2024-06-02 15:00:00,3.58974358974359,4.8974358974359,5.07692307692308,5.61538461538461,20.8525526315789
2024-06-02 16:00:00,2.22222222222222,3.33333333333333,3.36111111111111,3.66666666666667,42.33769
2024-06-02 17:00:00,2.12820512820513,3.25641025641026,3.30769230769231,3.53846153846154,36.6354157894737
2024-06-02 18:00:00,3.56410256410256,4.94871794871795,5.12820512820513,5.48717948717949,25.413435
2024-06-02 19:00:00,6.73684210526316,8.8421052631579,9.26315789473684,9.60526315789474,10.0354952631579
2024-06-02 20:00:00,7.94871794871795,10.7948717948718,11.1282051282051,11.9487179487179,8.063201
2024-06-02 21:00:00,7.28947368421053,9.81578947368421,10.3157894736842,11.2368421052632,8.84881263157895
2024-06-02 22:00:00,5.1,7.075,7.525,8.475,6.2340715
2024-06-02 23:00:00,4.28947368421053,6.13157894736842,6.47368421052632,6.92105263157895,5.07643
2024-06-03,4.075,5.6,5.925,6.4,6.8014055
2024-06-03 01:00:00,4.05263157894737,5.81578947368421,6.26315789473684,6.94736842105263,5.22085421052632
2024-06-03 02:00:00,5.025,7.125,7.55,8.25,4.21602
2024-06-03 03:00:00,4,5.71794871794872,5.8974358974359,6.46153846153846,5.22578894736842
2024-06-03 04:00:00,1.375,2.425,2.475,2.55,4.5422065
2024-06-03 05:00:00,1.31578947368421,2.39473684210526,2.5,2.60526315789474,6.45728578947368
2024-06-03 06:00:00,1.825,3,3.15,3.6,4.302885
2024-06-03 07:00:00,3.17647058823529,4.82352941176471,4.94117647058824,5.44117647058824,4.61316789473684
2024-06-03 08:00:00,3.075,4.375,4.55,5,4.3138695
2024-06-03 09:00:00,2.63157894736842,3.81578947368421,3.92105263157895,4.34210526315789,4.50126947368421
2024-06-03 10:00:00,3.15,4.45,4.6,4.9,4.806845
2024-06-03 11:00:00,4.15384615384615,5.71794871794872,6.05128205128205,6.61538461538461,6.24665947368421
2024-06-03 12:00:00,4.325,6.05,6.325,7,7.095372
2024-06-03 13:00:00,4.54285714285714,6.34285714285714,6.54285714285714,7.08571428571429,6.00029368421053
2024-06-03 14:00:00,4.15,5.8,6.025,6.275,4.410021
2024-06-03 15:00:00,4.125,5.78125,6.03125,6.71875,7.42925052631579
2024-06-03 16:00:00,4.94871794871795,6.92307692307692,7.23076923076923,7.92307692307692,8.7442815
2024-06-03 17:00:00,5.02564102564103,6.82051282051282,7.23076923076923,7.74358974358974,11.9194463157895
2024-06-03 18:00:00,6.76923076923077,8.92307692307692,9.30769230769231,10.1282051282051,10.3759105
2024-06-03 19:00:00,10.8461538461538,13.6666666666667,14.3076923076923,15.0512820512821,12.1252747368421
2024-06-03 20:00:00,10.725,13.675,14.325,14.9,13.759746
2024-06-03 21:00:00,10.0526315789474,12.8947368421053,13.5,14.2368421052632,13.6595789473684
2024-06-03 22:00:00,9.025,11.4,11.875,12.625,12.20533
2024-06-03 23:00:00,8.2051282051282,10.5384615384615,10.974358974359,11.8461538461538,10.7933789473684
2024-06-04,7.56410256410256,9.7948717948718,10.2307692307692,10.8717948717949,11.26332
2024-06-04 01:00:00,7.28205128205128,9.35897435897436,9.76923076923077,10.8205128205128,10.1058515789474
2024-06-04 02:00:00,6.55,8.65,8.975,9.625,9.797463
2024-06-04 03:00:00,6.46153846153846,8.48717948717949,8.82051282051282,9.48717948717949,10.8276715789474
2024-06-04 04:00:00,5.61538461538461,7.46153846153846,7.71794871794872,8.41025641025641,10.22939
2024-06-04 05:00:00,5.48648648648649,7.59459459459459,8.10810810810811,8.7027027027027,7.40984842105263
2024-06-04 06:00:00,3.74285714285714,5.31428571428571,5.6,6.05714285714286,3.3785125
2024-06-04 07:00:00,3.84615384615385,5.48717948717949,5.71794871794872,6.58974358974359,3.38893
2024-06-04 08:00:00,3.66666666666667,5.46153846153846,5.74358974358974,6.35897435897436,3.166795
2024-06-04 09:00:00,3.86842105263158,5.65789473684211,6.13157894736842,6.92105263157895,2.76210473684211
2024-06-04 10:00:00,4.575,6.325,6.6,7.15,3.043228
2024-06-04 11:00:00,4.13157894736842,5.81578947368421,6.15789473684211,6.84210526315789,3.45325947368421
2024-06-04 12:00:00,3.45,5.125,5.4,5.9,2.967405
2024-06-04 13:00:00,4.17948717948718,5.74358974358974,6.20512820512821,6.76923076923077,4.22187421052632
2024-06-04 14:00:00,4.48717948717949,6.12820512820513,6.46153846153846,6.94871794871795,5.047263
2024-06-04 15:00:00,4.46153846153846,5.92307692307692,6.1025641025641,6.56410256410256,4.00855052631579
2024-06-04 16:00:00,4.075,5.725,5.825,6.325,4.889488
2024-06-04 17:00:00,4.34210526315789,5.94736842105263,6.23684210526316,6.78947368421053,6.93301473684211
2024-06-04 18:00:00,4.5,6.11764705882353,6.29411764705882,6.70588235294118,15.367077
2024-06-04 19:00:00,4.68421052631579,6.39473684210526,6.63157894736842,7.28947368421053,24.0104842105263
2024-06-04 20:00:00,5,6.5,6.8,7.35,27.983665
2024-06-04 21:00:00,5.5,7.07894736842105,7.44736842105263,7.94736842105263,27.6011631578947
2024-06-04 22:00:00,5.79487179487179,7.51282051282051,7.79487179487179,8.25641025641026,23.212835
2024-06-04 23:00:00,5.64102564102564,7.33333333333333,7.56410256410256,8.2051282051282,19.1034473684211
2024-06-05,5.575,7.1,7.225,7.8,15.291965
2024-06-05 01:00:00,5.26315789473684,6.97368421052632,7.36842105263158,7.78947368421053,12.2536757894737
2024-06-05 02:00:00,5.175,6.625,6.8,7.425,11.163474
2024-06-05 03:00:00,5.94736842105263,7.71052631578947,7.84210526315789,8.44736842105263,15.1358105263158
2024-06-05 04:00:00,5.71794871794872,7.53846153846154,7.92307692307692,8.7948717948718,20.672005
2024-06-05 05:00:00,6.74358974358974,9.2051282051282,10.0512820512821,12.3076923076923,11.3992563157895
2024-06-05 06:00:00,5.85,7.725,8.025,8.775,4.181837
2024-06-05 07:00:00,5.23684210526316,7,7.31578947368421,7.89473684210526,2.71321
2024-06-05 08:00:00,5.3,7.125,7.6,8.6,2.6048565
2024-06-05 09:00:00,3,4.58974358974359,4.82051282051282,5.51282051282051,1.60816178947368
2024-06-05 10:00:00,2.82051282051282,4.25641025641026,4.53846153846154,5,1.7034509
2024-06-05 11:00:00,2.325,3.575,3.7,4.225,2.550712
2024-06-05 12:00:00,2.23076923076923,3.48717948717949,3.69230769230769,4.1025641025641,3.75009368421053
2024-06-05 13:00:00,2.975,4.375,4.75,5.775,19.62982
2024-06-05 14:00:00,3.60526315789474,5.15789473684211,5.42105263157895,6.57894736842105,31.7269736842105
2024-06-05 15:00:00,3.51351351351351,5.02702702702703,5.2972972972973,5.86486486486486,24.74151
2024-06-05 16:00:00,3.4375,4.875,5,5.34375,14.4772278947368
2024-06-05 17:00:00,2.63888888888889,3.91666666666667,4.02777777777778,4.33333333333333,5.8845585
2024-06-05 18:00:00,2.21052631578947,3.44736842105263,3.55263157894737,3.81578947368421,7.20185263157895
2024-06-05 19:00:00,4.51282051282051,6.46153846153846,6.74358974358974,7.17948717948718,15.920006
2024-06-05 20:00:00,4.02564102564103,5.84615384615385,6.1025641025641,6.76923076923077,23.2842157894737
2024-06-05 21:00:00,3,4.63157894736842,4.84210526315789,5.57894736842105,18.0225894736842
2024-06-05 22:00:00,2.89473684210526,4.63157894736842,4.92105263157895,6.34210526315789,17.5536947368421
2024-06-05 23:00:00,3.53846153846154,5.56410256410256,6.51282051282051,8.43589743589744,33.553135
2024-06-06,3.44736842105263,5.18421052631579,5.78947368421053,6.76315789473684,21.4368105263158
2024-06-06 01:00:00,2.7,4.125,4.375,5.05,18.49328
2024-06-06 02:00:00,2.61538461538462,4.15384615384615,4.38461538461539,4.82051282051282,13.8823326315789
2024-06-06 03:00:00,2.41025641025641,3.69230769230769,3.82051282051282,4.53846153846154,13.049867
2024-06-06 04:00:00,2.17948717948718,3.48717948717949,3.58974358974359,4.25641025641026,10.7388642105263
2024-06-06 05:00:00,1.9,2.925,2.925,3.025,4.213795
2024-06-06 06:00:00,1.84210526315789,2.97368421052632,3.13157894736842,3.68421052631579,3.16927947368421
2024-06-06 07:00:00,1.4,2.4,2.575,2.75,3.4793995
2024-06-06 08:00:00,1.07692307692308,2.07692307692308,2.12820512820513,2.20512820512821,2.89200473684211
2024-06-06 09:00:00,1.20512820512821,2.23076923076923,2.38461538461538,2.64102564102564,2.2683975
2024-06-06 10:00:00,1.21052631578947,2.23684210526316,2.23684210526316,2.36842105263158,2.74488473684211
2024-06-06 11:00:00,1.12820512820513,2.1025641025641,2.12820512820513,2.51282051282051,1.7872945
2024-06-06 12:00:00,1.73684210526316,2.78947368421053,2.94736842105263,3.57894736842105,5.90069473684211
2024-06-06 13:00:00,1.92307692307692,2.97435897435897,3.1025641025641,3.33333333333333,8.5711085
2024-06-06 14:00:00,2.84615384615385,4.23076923076923,4.38461538461539,4.94871794871795,47.1811652631579
2024-06-06 15:00:00,2.725,3.9,3.975,4.175,22.890996
2024-06-06 16:00:00,2.65789473684211,3.76315789473684,3.78947368421053,3.89473684210526,6.91873315789474
2024-06-06 17:00:00,2.8,3.875,3.975,4.35,6.3015765
2024-06-06 18:00:00,3.41176470588235,4.64705882352941,4.73529411764706,5,14.6360415789474
2024-06-06 19:00:00,4.44736842105263,5.86842105263158,6,6.55263157894737,27.43775
2024-06-06 20:00:00,4.02702702702703,5.2972972972973,5.37837837837838,5.89189189189189,21.4171222222222
2024-06-06 21:00:00,4.15384615384615,5.53846153846154,5.79487179487179,6.61538461538461,19.3187
2024-06-06 22:00:00,4.15384615384615,5.58974358974359,5.66666666666667,6.51282051282051,20.2265789473684
2024-06-06 23:00:00,3.725,5.075,5.2,5.65,13.476266
2024-06-07,3.71052631578947,5.05263157894737,5.23684210526316,5.94736842105263,11.1273231578947
2024-06-07 01:00:00,3.75,5.075,5.375,6,9.543519
2024-06-07 02:00:00,4.12820512820513,5.48717948717949,5.76923076923077,7.1025641025641,9.60852631578947
2024-06-07 03:00:00,4.74358974358974,6.17948717948718,6.46153846153846,7.51282051282051,11.248896
2024-06-07 04:00:00,5.05128205128205,6.79487179487179,7.28205128205128,8.66666666666667,11.9145621052632
2024-06-07 05:00:00,5.61111111111111,7.63888888888889,8,9.16666666666667,8.656724
2024-06-07 06:00:00,3.41025641025641,4.74358974358974,4.94871794871795,5.35897435897436,3.37577157894737
2024-06-07 07:00:00,2.2,3.425,3.6,3.85,1.7848733
2024-06-07 08:00:00,2.5,3.76315789473684,4,4.44736842105263,1.95440821052632
2024-06-07 09:00:00,1.65,2.975,3.275,3.875,1.5486372
2024-06-07 10:00:00,1.82051282051282,3.05128205128205,3.25641025641026,4.20512820512821,1.90610526315789
2024-06-07 11:00:00,2.05,3.275,3.375,3.975,2.5720205
2024-06-07 12:00:00,2.28947368421053,3.63157894736842,3.81578947368421,4.52631578947368,2.74088473684211
2024-06-07 13:00:00,2.35,3.725,3.875,4.275,2.766713
2024-06-07 14:00:00,2.74358974358974,4.05128205128205,4.30769230769231,4.71794871794872,3.75741315789474
2024-06-07 15:00:00,2.84615384615385,4.23076923076923,4.41025641025641,5,3.7412295
2024-06-07 16:00:00,3,4.53846153846154,4.84615384615385,5.56410256410256,5.13406157894737
2024-06-07 17:00:00,3.825,5.425,5.625,6.175,21.22565
2024-06-07 18:00:00,4.30769230769231,5.94871794871795,6.23076923076923,6.82051282051282,25.6425263157895
2024-06-07 19:00:00,4.35897435897436,6,6.33333333333333,7.05128205128205,26.77257
2024-06-07 20:00:00,5.46153846153846,7.38461538461539,7.82051282051282,8.48717948717949,44.8816421052632
2024-06-07 21:00:00,6.20512820512821,8.48717948717949,8.74358974358974,9.33333333333333,33.22879
2024-06-07 22:00:00,5.89473684210526,7.86842105263158,8.18421052631579,8.78947368421053,23.9598052631579
2024-06-07 23:00:00,5.575,7.3,7.675,8.25,19.120825
2024-06-08,5.17948717948718,6.76923076923077,6.8974358974359,7.20512820512821,15.8096473684211
2024-06-08 01:00:00,5.425,7.05,7.25,7.925,14.780335
2024-06-08 02:00:00,5.73684210526316,7.36842105263158,7.57894736842105,8.10526315789474,13.7649473684211
2024-06-08 03:00:00,5.5,7.075,7.35,7.9,16.149405
2024-06-08 04:00:00,5.56410256410256,7.30769230769231,7.51282051282051,8.1025641025641,15.3142578947368
2024-06-08 05:00:00,14.2051282051282,21.8717948717949,24.4358974358974,25.8461538461538,6.3390585
2024-06-08 06:00:00,18.0512820512821,23.0769230769231,24.4871794871795,25.8205128205128,3.45704947368421
2024-06-08 07:00:00,5.775,7.85,8.175,9,2.415092
2024-06-08 08:00:00,5.61538461538461,7.56410256410256,8,8.74358974358974,2.34386473684211
2024-06-08 09:00:00,3.35897435897436,4.87179487179487,5.05128205128205,5.64102564102564,1.627261
2024-06-08 10:00:00,3.35897435897436,4.8974358974359,5.05128205128205,5.61538461538461,1.66692526315789
2024-06-08 11:00:00,2.8,3.975,4.05,4.625,1.7988915
2024-06-08 12:00:00,2.39473684210526,3.5,3.57894736842105,3.97368421052632,2.36590157894737
2024-06-08 13:00:00,2.375,3.55,3.625,3.95,3.0715045
2024-06-08 14:00:00,2.05128205128205,3.1025641025641,3.25641025641026,3.64102564102564,3.19287368421053
2024-06-08 15:00:00,1.65,2.725,2.8,3.175,2.5377075
2024-06-08 16:00:00,1.44736842105263,2.47368421052632,2.55263157894737,2.71052631578947,2.73016736842105
2024-06-08 17:00:00,1.8,2.95,3.025,3.375,10.780963
2024-06-08 18:00:00,3.1025641025641,4.58974358974359,4.87179487179487,5.20512820512821,27.2829526315789
2024-06-08 19:00:00,2.69230769230769,3.92307692307692,3.97435897435897,4.58974358974359,32.33893
2024-06-08 20:00:00,3,4.46875,4.65625,5.3125,20.4224436842105
2024-06-08 21:00:00,2.96969696969697,4.48484848484848,4.78787878787879,6.03030303030303,10.9563925
2024-06-08 22:00:00,2.75,4.375,4.875,6.65,6.8448055
2024-06-08 23:00:00,3.30769230769231,4.74358974358974,5.02564102564103,6.1025641025641,8.93401421052632
2024-06-09,4.28205128205128,5.74358974358974,5.8974358974359,6.43589743589744,8.4000685
2024-06-09 01:00:00,3.53846153846154,4.97435897435897,5.20512820512821,5.58974358974359,5.62885578947368
2024-06-09 02:00:00,3.675,5,5.15,5.675,9.6106975
2024-06-09 03:00:00,4.02631578947368,5.52631578947368,5.73684210526316,6.28947368421053,17.6865052631579
2024-06-09 04:00:00,4.725,6.3,6.775,7.75,21.262305
2024-06-09 05:00:00,4.35897435897436,5.87179487179487,6.02564102564103,6.58974358974359,14.3011147368421
2024-06-09 06:00:00,3.79487179487179,5.33333333333333,5.58974358974359,5.94871794871795,4.533608
2024-06-09 07:00:00,3.30769230769231,4.79487179487179,5.12820512820513,5.82051282051282,3.56146105263158
2024-06-09 08:00:00,2.825,4.225,4.5,5.1,3.0080815
2024-06-09 09:00:00,2.89473684210526,4.39473684210526,4.57894736842105,5.13157894736842,3.14386736842105
2024-06-09 10:00:00,3.35,4.7,4.975,5.575,3.4618175
2024-06-09 11:00:00,3.35897435897436,4.66666666666667,4.84615384615385,5.41025641025641,2.75386315789474
2024-06-09 12:00:00,3.275,4.625,4.725,5.125,2.6334695
2024-06-09 13:00:00,3.42105263157895,4.86842105263158,4.89473684210526,5.39473684210526,7.3585647368421
2024-06-09 14:00:00,3.475,5.05,5.15,5.75,10.2807185
2024-06-09 15:00:00,3.20512820512821,4.48717948717949,4.64102564102564,5.07692307692308,7.4045952631579
2024-06-09 16:00:00,4.33333333333333,5.87179487179487,6.02564102564103,6.64102564102564,9.9602645
2024-06-09 17:00:00,5.61538461538461,7.61538461538461,7.76923076923077,8.38461538461539,13.0425442105263
2024-06-09 18:00:00,4.07692307692308,5.38461538461539,5.48717948717949,5.82051282051282,17.964005
2024-06-09 19:00:00,4.45454545454545,5.84848484848485,6.18181818181818,6.54545454545455,24.0456210526316
2024-06-09 20:00:00,4.61111111111111,6.38888888888889,6.52777777777778,7,25.55632
2024-06-09 21:00:00,4.31428571428571,5.8,6,6.42857142857143,17.7494063157895
2024-06-09 22:00:00,4.65,6.15,6.375,6.95,18.058695
2024-06-09 23:00:00,3.97368421052632,5.42105263157895,5.52631578947368,6.02631578947368,8.60496421052632
2024-06-10,3,4.325,4.55,4.875,8.4551095
2024-06-10 01:00:00,2.53846153846154,3.71794871794872,3.76923076923077,4.15384615384615,7.32485736842105
2024-06-10 02:00:00,2.43589743589744,3.69230769230769,3.82051282051282,4.15384615384615,12.457758
2024-06-10 03:00:00,2.48717948717949,3.61538461538462,3.66666666666667,3.8974358974359,13.8338368421053
2024-06-10 04:00:00,2.25,3.4,3.45,3.875,13.0319745
2024-06-10 05:00:00,2.26315789473684,3.65789473684211,3.81578947368421,4.42105263157895,13.5589942105263
2024-06-10 06:00:00,1.3,2.4,2.575,3.125,3.3669755
2024-06-10 07:00:00,1.12820512820513,2.23076923076923,2.46153846153846,2.97435897435897,2.89474473684211
2024-06-10 08:00:00,1.12820512820513,2.23076923076923,2.33333333333333,3,3.166954
2024-06-10 09:00:00,1.20512820512821,2.25641025641026,2.28205128205128,2.64102564102564,2.35293368421053
2024-06-10 10:00:00,0.9,1.9,1.925,2.075,1.7755075
2024-06-10 11:00:00,1.07692307692308,2.12820512820513,2.17948717948718,2.38461538461538,2.01970578947368
2024-06-10 12:00:00,1.23076923076923,2.35897435897436,2.46153846153846,2.8974358974359,2.7233005
2024-06-10 13:00:00,0.948717948717949,1.94871794871795,2.02564102564103,2.33333333333333,4.90590947368421
2024-06-10 14:00:00,1.02631578947368,2,2.05263157894737,2.26315789473684,2.7530405
2024-06-10 15:00:00,0.842105263157895,1.84210526315789,1.86842105263158,2.18421052631579,3.29899842105263
2024-06-10 16:00:00,1.38461538461538,2.33333333333333,2.53846153846154,3.17948717948718,7.768919
2024-06-10 17:00:00,1.33333333333333,2.56410256410256,2.87179487179487,3.69230769230769,13.1006847368421
2024-06-10 18:00:00,1.63888888888889,2.83333333333333,2.97222222222222,3.88888888888889,23.96192
2024-06-10 19:00:00,1.25641025641026,2.48717948717949,2.64102564102564,3.28205128205128,16.1815178947368
2024-06-10 20:00:00,1.51282051282051,2.66666666666667,2.76923076923077,3.28205128205128,20.00756
2024-06-10 21:00:00,1.42105263157895,2.63157894736842,2.81578947368421,3.15789473684211,20.9113210526316
2024-06-10 22:00:00,1.23076923076923,2.30769230769231,2.48717948717949,2.87179487179487,17.605735
2024-06-10 23:00:00,1.46153846153846,2.61538461538462,2.71794871794872,3.17948717948718,16.0929105263158
2024-06-11,1.35897435897436,2.48717948717949,2.66666666666667,3.1025641025641,14.008
2024-06-11 01:00:00,1.1025641025641,2.15384615384615,2.23076923076923,2.8974358974359,7.24764210526316
2024-06-11 02:00:00,0.825,1.9,2.05,2.425,9.5215925
2024-06-11 03:00:00,0.157894736842105,1.15789473684211,1.28947368421053,2.05263157894737,6.44485157894737
2024-06-11 04:00:00,0.075,0.7,0.75,1.225,4.2632535
2024-06-11 05:00:00,0.0256410256410256,0.641025641025641,0.82051282051282,1.48717948717949,5.74793421052632
2024-06-11 06:00:00,0.0512820512820513,0.58974358974359,0.692307692307692,1.28205128205128,6.97130421052632
2024-06-11 07:00:00,0.0526315789473684,0.736842105263158,0.815789473684211,1.26315789473684,5.77779789473684
2024-06-11 08:00:00,0.125,0.85,0.9,1.4,4.2624395
2024-06-11 09:00:00,0.257142857142857,1.28571428571429,1.65714285714286,2.54285714285714,3.5408
2024-06-11 10:00:00,0.0833333333333333,1,1.08333333333333,1.47222222222222,4.1765985
2024-06-11 11:00:00,0.41025641025641,1.41025641025641,1.53846153846154,1.92307692307692,3.63697947368421
2024-06-11 12:00:00,0.65,1.65,1.775,2.2,3.2873545
2024-06-11 13:00:00,0.710526315789474,1.76315789473684,1.81578947368421,2.18421052631579,3.72515315789474
2024-06-11 14:00:00,0.9,2.05,2.3,2.8,13.4194475
2024-06-11 15:00:00,0.794871794871795,1.92307692307692,2.07692307692308,2.46153846153846,3.73690210526316
2024-06-11 16:00:00,0.722222222222222,1.88888888888889,2.11111111111111,2.61111111111111,4.768166
2024-06-11 17:00:00,1.09375,2.21875,2.40625,2.96875,6.13409631578947
2024-06-11 18:00:00,0.925,2.25,2.725,3.7,11.007626
2024-06-11 19:00:00,1.28947368421053,2.57894736842105,2.71052631578947,3.34210526315789,17.6156842105263
2024-06-11 20:00:00,3.675,5.35,5.6,6.175,33.81175
2024-06-11 21:00:00,1.84210526315789,3.10526315789474,3.34210526315789,3.52631578947368,29.1475631578947
2024-06-11 22:00:00,1.325,2.525,2.575,2.875,25.94566
2024-06-11 23:00:00,1.38461538461538,2.53846153846154,2.71794871794872,3.02564102564103,15.3340684210526
2024-06-12,1.28205128205128,2.56410256410256,2.66666666666667,3.28205128205128,13.454115
2024-06-12 01:00:00,1.17948717948718,2.38461538461538,2.48717948717949,2.8974358974359,12.9267368421053
2024-06-12 02:00:00,0.85,1.875,1.9,2.15,13.743145
2024-06-12 03:00:00,0.871794871794872,1.92307692307692,1.97435897435897,2.17948717948718,17.3011736842105
2024-06-12 04:00:00,0.948717948717949,2,2.07692307692308,2.38461538461538,11.6185
2024-06-12 05:00:00,1.1025641025641,2.25641025641026,2.38461538461538,2.66666666666667,13.6054447368421
2024-06-12 06:00:00,1.175,2.2,2.325,2.65,7.574098
2024-06-12 07:00:00,0.947368421052632,2.05263157894737,2.15789473684211,2.55263157894737,2.52185526315789
2024-06-12 08:00:00,0.525,1.525,1.55,1.8,1.9871565
2024-06-12 09:00:00,0.631578947368421,1.65789473684211,1.78947368421053,1.92105263157895,2.932822
2024-06-12 10:00:00,0.611111111111111,1.61111111111111,1.75,1.97222222222222,4.50259421052632
2024-06-12 11:00:00,1.13888888888889,2.22222222222222,2.27777777777778,2.86111111111111,15.4265385
2024-06-12 12:00:00,0.58974358974359,1.69230769230769,1.74358974358974,2.25641025641026,3.59801052631579
2024-06-12 13:00:00,1.625,3.35,4.05,6.725,7.7099265
2024-06-12 14:00:00,0.921052631578947,2,2.15789473684211,2.71052631578947,3.41543368421053
2024-06-12 15:00:00,1.2,2.525,2.75,3.3,6.0728675
2024-06-12 16:00:00,0.948717948717949,2.02564102564103,2.12820512820513,2.30769230769231,5.90488947368421
2024-06-12 17:00:00,0.897435897435897,2,2.05128205128205,2.28205128205128,9.7790395
2024-06-12 18:00:00,0.948717948717949,1.97435897435897,2.02564102564103,2.46153846153846,20.5268052631579
2024-06-12 19:00:00,1.71794871794872,2.8974358974359,2.94871794871795,3.17948717948718,30.58568
2024-06-12 20:00:00,1.61538461538462,2.74358974358974,2.76923076923077,3.1025641025641,27.8961315789474
2024-06-12 21:00:00,1.84615384615385,3.30769230769231,3.46153846153846,4.02564102564103,20.8630052631579
2024-06-12 22:00:00,2.51282051282051,4.02564102564103,4.17948717948718,4.51282051282051,20.1398894736842
2024-06-12 23:00:00,4.23076923076923,5.8974358974359,6.07692307692308,6.8974358974359,21.98621
2024-06-13,3.92307692307692,6,6.35897435897436,7.02564102564103,27.4404315789474
2024-06-13 01:00:00,2.17948717948718,3.30769230769231,3.43589743589744,3.66666666666667,22.9596
2024-06-13 02:00:00,2.13157894736842,3.28947368421053,3.52631578947368,3.89473684210526,16.2531789473684
2024-06-13 03:00:00,2.25,3.45,3.575,3.775,16.693765
2024-06-13 04:00:00,3.55263157894737,5.31578947368421,5.63157894736842,6.78947368421053,19.5806315789474
2024-06-13 05:00:00,3.85,6.375,7.675,11.05,17.8393155
2024-06-13 06:00:00,1.52631578947368,2.78947368421053,2.86842105263158,3.63157894736842,3.13227842105263
2024-06-13 07:00:00,1.05128205128205,2,2.07692307692308,2.48717948717949,2.4216245
2024-06-13 08:00:00,0.897435897435897,1.8974358974359,1.94871794871795,2.17948717948718,3.12478842105263
2024-06-13 09:00:00,1.1,2.125,2.175,2.5,5.1664505
2024-06-13 10:00:00,1.34285714285714,2.42857142857143,2.54285714285714,2.97142857142857,13.3508710526316
2024-06-13 11:00:00,0.512820512820513,1.51282051282051,1.51282051282051,1.66666666666667,14.0037525
2024-06-13 12:00:00,0.256410256410256,1.12820512820513,1.12820512820513,1.23076923076923,3.19108368421053
2024-06-13 13:00:00,1.25641025641026,2.23076923076923,2.35897435897436,2.64102564102564,16.5552155
2024-06-13 14:00:00,1.94871794871795,3.28205128205128,3.35897435897436,3.48717948717949,12.8580763157895
2024-06-13 15:00:00,1,2.05,2.075,2.175,4.791197
2024-06-13 16:00:00,0.842105263157895,1.89473684210526,1.94736842105263,2.05263157894737,3.94744947368421
2024-06-13 17:00:00,1.9,3.15,3.175,3.35,4.603871
2024-06-13 18:00:00,1.47368421052632,2.57894736842105,2.60526315789474,2.73684210526316,9.45208368421053
2024-06-13 19:00:00,1.82051282051282,3.02564102564103,3.15384615384615,3.41025641025641,15.183345
2024-06-13 20:00:00,1.69230769230769,2.8974358974359,2.97435897435897,3.17948717948718,16.7840378947368
2024-06-13 21:00:00,13.5,21.5,24.2631578947368,25.5263157894737,18.7889842105263
2024-06-13 22:00:00,3.71052631578947,5.28947368421053,5.42105263157895,5.57894736842105,18.8166894736842
2024-06-13 23:00:00,2.5,3.825,3.925,4.025,16.903425
2024-06-14,3.30769230769231,4.84615384615385,4.8974358974359,5.02564102564103,14.0153947368421
2024-06-14 01:00:00,3.07692307692308,4.33333333333333,4.46153846153846,4.58974358974359,13.05336
2024-06-14 02:00:00,2.53846153846154,3.64102564102564,3.64102564102564,3.76923076923077,12.5359157894737
2024-06-14 03:00:00,2.65,3.775,3.825,3.975,16.26999
2024-06-14 04:00:00,3.71052631578947,5.05263157894737,5.23684210526316,5.52631578947368,15.3962105263158
2024-06-14 05:00:00,5.225,7.125,7.55,8.325,16.10539
2024-06-14 06:00:00,4.31578947368421,5.84210526315789,6.07894736842105,6.52631578947368,11.2243221052632
2024-06-14 07:00:00,4.55,6.325,6.675,7.475,8.469936
2024-06-14 08:00:00,4.20512820512821,5.79487179487179,6.02564102564103,6.76923076923077,6.79706631578947
2024-06-14 09:00:00,3.28205128205128,4.61538461538461,4.71794871794872,5.15384615384615,4.8163135
2024-06-14 10:00:00,3,4.35,4.475,4.975,4.27990631578947
2024-06-14 11:00:00,2.94871794871795,4.17948717948718,4.30769230769231,4.61538461538461,4.135636
2024-06-14 12:00:00,2.42105263157895,3.73684210526316,3.97368421052632,4.42105263157895,3.63087777777778
2024-06-14 13:00:00,2.33333333333333,3.5,3.55555555555556,3.83333333333333,5.1467605
2024-06-14 14:00:00,0.694444444444444,1.69444444444444,1.69444444444444,1.75,3.91078473684211
2024-06-14 15:00:00,0.461538461538462,1.46153846153846,1.48717948717949,1.56410256410256,3.902217
2024-06-14 16:00:00,0.897435897435897,2.05128205128205,2.05128205128205,2.20512820512821,4.96394315789474
2024-06-14 17:00:00,1,1.91666666666667,1.91666666666667,2.19444444444444,6.0082155
2024-06-14 18:00:00,1.56410256410256,2.69230769230769,2.76923076923077,2.92307692307692,8.58913578947368
2024-06-14 19:00:00,3.125,4.825,4.975,5.2,12.56049
2024-06-14 20:00:00,2.28947368421053,3.55263157894737,3.57894736842105,3.65789473684211,13.5183263157895
2024-06-14 21:00:00,6.2,8.8,9.05,9.45,15.453435
2024-06-14 22:00:00,1.94871794871795,3.1025641025641,3.23076923076923,3.35897435897436,17.6118578947368
2024-06-14 23:00:00,2.02564102564103,3.33333333333333,3.35897435897436,3.87179487179487,19.136655
2024-06-15,2.76923076923077,4.56410256410256,4.87179487179487,5.12820512820513,16.9656473684211
2024-06-15 01:00:00,2.675,4.125,4.325,4.8,17.68061
2024-06-15 02:00:00,2.34210526315789,3.65789473684211,3.73684210526316,4.15789473684211,17.1211842105263
2024-06-15 03:00:00,2.775,4.075,4.2,4.575,18.69499
2024-06-15 04:00:00,3.05128205128205,4.53846153846154,4.87179487179487,5.92307692307692,20.3175526315789
2024-06-15 05:00:00,4.02941176470588,5.76470588235294,6.17647058823529,7.32352941176471,12.7582295
2024-06-15 06:00:00,3.54054054054054,5.08108108108108,5.24324324324324,5.86486486486486,3.99533578947368
2024-06-15 07:00:00,4.05882352941176,5.64705882352941,5.91176470588235,7.11764705882353,10.2023875
2024-06-15 08:00:00,4.42105263157895,6.13157894736842,6.42105263157895,7.13157894736842,13.9695710526316
2024-06-15 09:00:00,3.65,5,5.125,5.625,18.56124
2024-06-15 10:00:00,1.37142857142857,2.4,2.4,2.54285714285714,7.88983368421053
2024-06-15 11:00:00,0.3,1.125,1.125,1.15,3.952364
2024-06-15 12:00:00,0.157894736842105,0.921052631578947,1,1.26315789473684,2.54465368421053
2024-06-15 13:00:00,0.125,0.7,0.7,0.95,2.362437
2024-06-15 14:00:00,0.153846153846154,0.692307692307692,0.692307692307692,0.794871794871795,2.23702210526316
2024-06-15 15:00:00,0.179487179487179,0.846153846153846,0.846153846153846,1.1025641025641,2.723959
2024-06-15 16:00:00,0.153846153846154,0.923076923076923,0.923076923076923,1.1025641025641,3.22390947368421
2024-06-15 17:00:00,0.175,1.025,1.1,1.4,3.434524
2024-06-15 18:00:00,0.375,1.40625,1.46875,1.6875,6.51881052631579
2024-06-15 19:00:00,1.15,2.375,2.525,2.75,19.084431
2024-06-15 20:00:00,1.21052631578947,2.44736842105263,2.63157894736842,2.86842105263158,30.6893421052632
2024-06-15 21:00:00,1.12820512820513,2.28205128205128,2.43589743589744,2.64102564102564,28.035135
2024-06-15 22:00:00,1.225,2.55,2.775,3.075,24.32996
2024-06-15 23:00:00,1.76315789473684,3.57894736842105,4,4.5,20.2764684210526
2024-06-16,1.625,3.175,3.375,3.75,16.093065
2024-06-16 01:00:00,1.61538461538462,3.12820512820513,3.30769230769231,3.84615384615385,14.0046315789474
2024-06-16 02:00:00,1.10526315789474,2.28947368421053,2.5,2.86842105263158,12.9167894736842
2024-06-16 03:00:00,1.07692307692308,2.17948717948718,2.23076923076923,2.84615384615385,14.4287105263158
2024-06-16 04:00:00,0.9,1.9,2.1,2.8,11.8011995
2024-06-16 05:00:00,1.02631578947368,2.13157894736842,2.36842105263158,3.05263157894737,7.52646052631579
2024-06-16 06:00:00,0.6,1.675,1.725,2.1,3.213088
2024-06-16 07:00:00,0.538461538461538,1.56410256410256,1.66666666666667,2.15384615384615,2.38427052631579
2024-06-16 08:00:00,0.3,1.425,1.475,1.85,1.4727752
2024-06-16 09:00:00,0.0526315789473684,1.10526315789474,1.13157894736842,1.42105263157895,1.22731694736842
2024-06-16 10:00:00,0.125,1.15,1.2,1.375,1.677816
2024-06-16 11:00:00,0.179487179487179,1.12820512820513,1.12820512820513,1.17948717948718,2.77157105263158
2024-06-16 12:00:00,0.128205128205128,1.15384615384615,1.23076923076923,1.48717948717949,3.030989
2024-06-16 13:00:00,0.153846153846154,1.15384615384615,1.25641025641026,1.38461538461538,3.62039789473684
2024-06-16 14:00:00,0.125,1.125,1.275,1.525,4.204758
2024-06-16 15:00:00,0.447368421052632,1.36842105263158,1.47368421052632,1.92105263157895,3.29411
2024-06-16 16:00:00,0.55,1.5,1.525,1.725,4.119704
2024-06-16 17:00:00,0.384615384615385,1.23076923076923,1.33333333333333,1.51282051282051,3.72649947368421
2024-06-16 18:00:00,1.2,2.4,2.5,2.65,9.6590265
2024-06-16 19:00:00,0.352941176470588,1.35294117647059,1.38235294117647,1.73529411764706,26.2894444444444
2024-06-16 20:00:00,0.425,1.475,1.475,1.6,35.20768
2024-06-16 21:00:00,1.18421052631579,2.26315789473684,2.34210526315789,2.44736842105263,43.9010105263158
2024-06-16 22:00:00,1.15384615384615,2.12820512820513,2.15384615384615,2.23076923076923,33.50125
2024-06-16 23:00:00,0.641025641025641,1.56410256410256,1.56410256410256,1.64102564102564,25.3618157894737
2024-06-17,0.717948717948718,1.74358974358974,1.79487179487179,1.8974358974359,23.584765
2024-06-17 01:00:00,0.717948717948718,1.74358974358974,1.76923076923077,2.05128205128205,17.2650789473684
2024-06-17 02:00:00,1.1,2.25,2.4,2.85,16.549605
2024-06-17 03:00:00,1.39473684210526,2.60526315789474,2.68421052631579,3.21052631578947,25.1133684210526
2024-06-17 04:00:00,1.65,3.075,3.35,4.3,24.49
2024-06-17 05:00:00,1.73684210526316,3.23684210526316,3.65789473684211,4.86842105263158,13.5006226315789
2024-06-17 06:00:00,1.02702702702703,2.10810810810811,2.10810810810811,2.45945945945946,4.618767
2024-06-17 07:00:00,0.947368421052632,2,2.10526315789474,2.34210526315789,3.20909
2024-06-17 08:00:00,0.846153846153846,1.87179487179487,1.97435897435897,2.46153846153846,3.0969905
2024-06-17 09:00:00,0.282051282051282,1.33333333333333,1.35897435897436,1.64102564102564,3.22830842105263
2024-06-17 10:00:00,0.15,1.1,1.225,1.475,3.1798535
2024-06-17 11:00:00,0.210526315789474,1.10526315789474,1.15789473684211,1.28947368421053,2.36440578947368
2024-06-17 12:00:00,0.225,1.15,1.225,1.5,4.47761
2024-06-17 13:00:00,0.0512820512820513,1.02564102564103,1.12820512820513,1.46153846153846,2.21022894736842
2024-06-17 14:00:00,0.179487179487179,1.07692307692308,1.20512820512821,1.53846153846154,2.810582
2024-06-17 15:00:00,0.0769230769230769,0.923076923076923,1.02564102564103,1.43589743589744,2.97145631578947
2024-06-17 16:00:00,0.05,0.9,0.95,1.25,3.999958
2024-06-17 17:00:00,0.131578947368421,0.947368421052632,1,1.23684210526316,8.12204789473684
2024-06-17 18:00:00,0.125,0.9,0.95,1.3,13.059934
2024-06-17 19:00:00,0.153846153846154,1.07692307692308,1.12820512820513,1.35897435897436,35.6695631578947
2024-06-17 20:00:00,0.138888888888889,0.916666666666667,0.972222222222222,1.11111111111111,28.76605
2024-06-17 21:00:00,0.171428571428571,1.11428571428571,1.14285714285714,1.25714285714286,19.4364894736842
2024-06-17 22:00:00,0.125,0.925,0.95,1.2,15.452075
2024-06-17 23:00:00,0.153846153846154,1.07692307692308,1.12820512820513,1.41025641025641,13.5910631578947
2024-06-18,0.1,0.95,1.025,1.175,15.227345
2024-06-18 01:00:00,0.131578947368421,0.973684210526316,1,1.31578947368421,14.2424842105263
2024-06-18 02:00:00,0.2,1.15,1.2,1.525,13.1912
2024-06-18 03:00:00,0.289473684210526,1.18421052631579,1.28947368421053,1.76315789473684,12.9081222222222
2024-06-18 04:00:00,0.435897435897436,1.35897435897436,1.43589743589744,2.1025641025641,15.3253455
2024-06-18 05:00:00,0.435897435897436,1.53846153846154,1.79487179487179,2.43589743589744,6.87252947368421
2024-06-18 06:00:00,0.325,1.375,1.5,1.825,3.3912225
2024-06-18 07:00:00,0.351351351351351,1.2972972972973,1.35135135135135,1.62162162162162,2.76816666666667
2024-06-18 08:00:00,0.2,1.125,1.125,1.375,1.9714965
2024-06-18 09:00:00,0.128205128205128,1.12820512820513,1.20512820512821,1.46153846153846,1.45241084210526
2024-06-18 10:00:00,0.05,1.025,1.025,1.325,1.687042
2024-06-18 11:00:00,0.108108108108108,0.891891891891892,0.945945945945946,1.13513513513514,2.20313684210526
2024-06-18 12:00:00,0.15,1.025,1.15,1.25,1.688458
2024-06-18 13:00:00,0.128205128205128,1.1025641025641,1.1025641025641,1.38461538461538,2.82507894736842
2024-06-18 14:00:00,0.384615384615385,1.33333333333333,1.51282051282051,1.61538461538462,2.906385
2024-06-18 15:00:00,0.282051282051282,1.25641025641026,1.28205128205128,1.51282051282051,3.00802894736842
2024-06-18 16:00:00,0.461538461538462,1.43589743589744,1.48717948717949,1.71794871794872,3.697288
2024-06-18 17:00:00,0.815789473684211,1.78947368421053,1.84210526315789,2.07894736842105,7.19097894736842
2024-06-18 18:00:00,1.025,2.075,2.125,2.725,28.13846
2024-06-18 19:00:00,1.56410256410256,2.64102564102564,2.69230769230769,3.05128205128205,52.2520315789474
2024-06-18 20:00:00,2,3.33333333333333,3.43589743589744,4.1025641025641,43.49677
2024-06-18 21:00:00,2.33333333333333,3.58333333333333,3.75,4.16666666666667,36.2351263157895
2024-06-18 22:00:00,2,3.35897435897436,3.43589743589744,4.05128205128205,19.24891
2024-06-18 23:00:00,1.84615384615385,3.23076923076923,3.43589743589744,4.17948717948718,12.6296447368421
2024-06-19,2.05555555555556,3.38888888888889,3.61111111111111,4.36111111111111,11.3148475
2024-06-19 01:00:00,1.94871794871795,3.1025641025641,3.28205128205128,4.05128205128205,15.9527526315789
2024-06-19 02:00:00,1.875,2.975,3.225,3.725,14.06315
2024-06-19 03:00:00,2.02631578947368,3.23684210526316,3.36842105263158,4.31578947368421,16.28498
2024-06-19 04:00:00,1.97297297297297,3.16216216216216,3.32432432432432,3.91891891891892,12.808161
2024-06-19 05:00:00,2.27777777777778,3.41666666666667,3.66666666666667,4.41666666666667,13.6803263157895
2024-06-19 06:00:00,2.6,3.97142857142857,4.28571428571429,4.97142857142857,27.82125
2024-06-19 07:00:00,3.12820512820513,4.66666666666667,5.07692307692308,6.17948717948718,23.1067063157895
2024-06-19 08:00:00,3.41025641025641,5.17948717948718,5.66666666666667,7.02564102564103,14.590141
2024-06-19 09:00:00,2.82051282051282,4.48717948717949,5.12820512820513,6.1025641025641,3.21975105263158
2024-06-19 10:00:00,4.55,6.375,6.8,7.85,2.5827075
2024-06-19 11:00:00,3.94871794871795,5.51282051282051,5.61538461538461,6.12820512820513,3.47231
2024-06-19 12:00:00,3.38461538461538,4.82051282051282,5,5.56410256410256,5.19261263157895
2024-06-19 13:00:00,3.525,4.875,5.05,5.4,14.8943745
2024-06-19 14:00:00,8.41025641025641,11.1538461538462,11.6666666666667,12.1538461538462,54.2549631578947
2024-06-19 15:00:00,4.48717948717949,6.07692307692308,6.30769230769231,6.56410256410256,39.17265
2024-06-19 16:00:00,1.875,3,3.03125,3.0625,12.6742494736842
2024-06-19 17:00:00,0.8,1.725,1.725,1.85,7.6605375
2024-06-19 18:00:00,0.263157894736842,1.05263157894737,1.07894736842105,1.15789473684211,4.39791894736842
2024-06-19 19:00:00,0.575,1.475,1.475,1.575,4.820788
2024-06-19 20:00:00,0.157894736842105,1.05263157894737,1.05263157894737,1.18421052631579,4.66617611111111
2024-06-19 21:00:00,0.394736842105263,1.34210526315789,1.36842105263158,1.55263157894737,6.13285789473684
2024-06-19 22:00:00,0.384615384615385,1.30769230769231,1.30769230769231,1.53846153846154,5.96542736842105
2024-06-19 23:00:00,0.2,1.2,1.225,1.55,6.9836005
2024-06-20,0.684210526315789,1.5,1.68421052631579,2.26315789473684,6.81595368421053
2024-06-20 01:00:00,0.7,1.6,1.875,3.025,6.05242
2024-06-20 02:00:00,0.871794871794872,1.92307692307692,2.28205128205128,3.64102564102564,6.02022052631579
2024-06-20 03:00:00,0.975,1.95,2.25,3.525,8.925284
2024-06-20 04:00:00,1.47368421052632,2.63157894736842,3.07894736842105,4.07894736842105,10.9549715789474
2024-06-20 05:00:00,2.325,3.65,4.075,5.275,12.372953
2024-06-20 06:00:00,3.17948717948718,4.71794871794872,4.97435897435897,5.66666666666667,11.6462031578947
2024-06-20 07:00:00,1.76923076923077,2.97435897435897,3.02564102564103,3.46153846153846,4.473154
2024-06-20 08:00:00,1.41025641025641,2.46153846153846,2.51282051282051,2.82051282051282,3.02424263157895
2024-06-20 09:00:00,0.974358974358974,1.92307692307692,2.02564102564103,2.46153846153846,2.190758
2024-06-20 10:00:00,0.82051282051282,1.76923076923077,1.8974358974359,2.02564102564103,2.01414368421053
2024-06-20 11:00:00,0.825,1.75,1.85,2.025,3.1948965
2024-06-20 12:00:00,0.973684210526316,1.86842105263158,1.92105263157895,2.26315789473684,2.82206947368421
2024-06-20 13:00:00,0.575,1.525,1.525,1.825,3.108911
2024-06-20 14:00:00,0.5,1.46296296296296,1.51851851851852,1.75925925925926,3.60231
2024-06-20 15:00:00,0.7,1.725,1.75,2,5.1777855
2024-06-20 16:00:00,0.789473684210526,1.81578947368421,1.89473684210526,2.10526315789474,6.91057947368421
2024-06-20 17:00:00,0.7,1.7,1.775,2.15,13.6012145
2024-06-20 18:00:00,1.28205128205128,2.48717948717949,2.58974358974359,2.94871794871795,26.2106631578947
2024-06-20 19:00:00,1.41666666666667,2.55555555555556,2.58333333333333,2.83333333333333,22.497595
2024-06-20 20:00:00,2,3.22857142857143,3.34285714285714,3.51428571428571,20.5498263157895
2024-06-20 21:00:00,6.87179487179487,9.74358974358974,10.3589743589744,11,19.7561368421053
2024-06-20 22:00:00,2.07692307692308,3.35897435897436,3.38461538461538,3.64102564102564,21.3685315789474
2024-06-20 23:00:00,1.87179487179487,2.87179487179487,2.94871794871795,3.30769230769231,19.13312
2024-06-21,4.20512820512821,5.79487179487179,5.97435897435897,6.51282051282051,13.8165863157895
2024-06-21 01:00:00,9.02564102564103,12.7692307692308,13.8974358974359,14.8461538461538,10.338983
2024-06-21 02:00:00,1.64102564102564,2.74358974358974,2.87179487179487,3.46153846153846,9.69897315789474
2024-06-21 03:00:00,1.675,2.925,3.25,4.375,13.166618
2024-06-21 04:00:00,1.84210526315789,3.07894736842105,3.34210526315789,4.15789473684211,11.6495605263158
2024-06-21 05:00:00,2.56603773584906,4.0188679245283,4.41509433962264,5.45283018867925,8.51664076923077
2024-06-21 06:00:00,3.1025641025641,4.43589743589744,4.84615384615385,6.02564102564103,3.47432105263158
2024-06-21 07:00:00,2.76923076923077,4.05128205128205,4.23076923076923,4.94871794871795,3.555901
2024-06-21 08:00:00,2.52631578947368,3.81578947368421,3.94736842105263,4.5,3.58510631578947
2024-06-21 09:00:00,2.1,3.2,3.3,3.975,2.2498725
2024-06-21 10:00:00,2.53846153846154,3.84615384615385,4,4.92307692307692,2.77591526315789
2024-06-21 11:00:00,2.87179487179487,4.12820512820513,4.48717948717949,5.38461538461539,4.586477
2024-06-21 12:00:00,3.48717948717949,5.15384615384615,5.74358974358974,6.61538461538461,4.37507526315789
2024-06-21 13:00:00,4.1025641025641,5.82051282051282,6.41025641025641,7.84615384615385,3.557806
2024-06-21 14:00:00,3.41025641025641,5.07692307692308,5.46153846153846,6.46153846153846,5.06976315789474
2024-06-21 15:00:00,3.05,6.625,9.55,13.325,1.8234385
2024-06-21 16:00:00,2.39473684210526,6.21052631578947,9.3421052631579,14.5,2.84141368421053
2024-06-21 17:00:00,2.45,6.3,9.275,13.45,4.0925125
2024-06-21 18:00:00,2.25641025641026,6.1025641025641,8.87179487179487,14.4615384615385,18.2420773684211
2024-06-21 19:00:00,2.05555555555556,5.41666666666667,8.27777777777778,12.1111111111111,58.82502
2024-06-21 20:00:00,1.86842105263158,5.34210526315789,7.73684210526316,12.3421052631579,41.4120444444444
2024-06-21 21:00:00,1.8125,5.03125,6.71875,10.15625,44.4024666666667
2024-06-21 22:00:00,1.62857142857143,4.22857142857143,6.2,9.17142857142857,28.2635555555556
2024-06-21 23:00:00,1.48717948717949,4.07692307692308,6.1025641025641,8.69230769230769,19.855465
2024-06-22,1.51282051282051,3.92307692307692,5.33333333333333,7.53846153846154,17.2807894736842
2024-06-22 01:00:00,1.17948717948718,3.15384615384615,4.1025641025641,5.74358974358974,11.829517
2024-06-22 02:00:00,1.11111111111111,2.97222222222222,3.83333333333333,5.25,9.29754
2024-06-22 03:00:00,1.1025641025641,2.92307692307692,3.84615384615385,5.28205128205128,6.1297925
2024-06-22 04:00:00,0.743589743589744,2.05128205128205,2.43589743589744,3.58974358974359,4.16883157894737
2024-06-22 05:00:00,0.175,1.275,1.725,2.75,3.7958045
2024-06-22 06:00:00,0.0789473684210526,1.10526315789474,1.21052631578947,1.81578947368421,3.05552526315789
2024-06-22 07:00:00,0.125,0.95,1.025,1.325,2.6320275
2024-06-22 08:00:00,0.102564102564103,0.538461538461538,0.564102564102564,0.743589743589744,5.06101736842105
2024-06-22 09:00:00,0.230769230769231,1.1025641025641,1.17948717948718,1.38461538461538,1.40649945
2024-06-22 10:00:00,0.256410256410256,1.15384615384615,1.20512820512821,1.46153846153846,1.18393568421053
2024-06-22 11:00:00,0.7,1.7,1.725,1.95,1.4045337
2024-06-22 12:00:00,0.368421052631579,1.28947368421053,1.34210526315789,1.47368421052632,1.18253568421053
2024-06-22 13:00:00,0.333333333333333,1.33333333333333,1.41025641025641,1.61538461538462,2.21267736842105
2024-06-22 14:00:00,0.512820512820513,1.38461538461538,1.38461538461538,1.53846153846154,2.50820052631579
2024-06-22 15:00:00,0.256410256410256,1.23076923076923,1.23076923076923,1.53846153846154,3.7299035
2024-06-22 16:00:00,0.692307692307692,1.69230769230769,1.76923076923077,2.12820512820513,9.18905789473684
2024-06-22 17:00:00,0.85,1.8,1.85,2.35,14.987127
2024-06-22 18:00:00,1.48717948717949,3,3.41025641025641,4.87179487179487,24.7546105263158
2024-06-22 19:00:00,8.5,12.0277777777778,13.3333333333333,14.8333333333333,41.396295
2024-06-22 20:00:00,2.71794871794872,4,4.33333333333333,5.58974358974359,55.5833789473684
2024-06-22 21:00:00,2.25714285714286,3.48571428571429,3.6,4.37142857142857,48.4745
2024-06-22 22:00:00,2.15384615384615,3.35897435897436,3.66666666666667,4.38461538461539,33.2268
2024-06-22 23:00:00,2.4,3.675,4,4.825,30.21715
2024-06-23,2.30769230769231,3.74358974358974,3.97435897435897,4.48717948717949,17.131885
2024-06-23 01:00:00,3.15384615384615,4.35897435897436,4.51282051282051,5.15384615384615,12.2334294736842
2024-06-23 02:00:00,3.275,4.625,4.8,5.625,11.042545
2024-06-23 03:00:00,3.26315789473684,4.47368421052632,4.71052631578947,5.26315789473684,12.0144431578947
2024-06-23 04:00:00,2.8974358974359,4.17948717948718,4.33333333333333,4.94871794871795,9.81843263157895
2024-06-23 05:00:00,2.66666666666667,4.1025641025641,4.25641025641026,5.28205128205128,4.93305526315789
2024-06-23 06:00:00,2.7,4.05,4.1,4.55,2.4522925
2024-06-23 07:00:00,3.44736842105263,5.07894736842105,5.57894736842105,6.05263157894737,3.11315736842105
2024-06-23 08:00:00,3.675,5.325,5.65,6.725,3.4499785
2024-06-23 09:00:00,3.12820512820513,4.43589743589744,4.71794871794872,5.64102564102564,2.83477473684211
2024-06-23 10:00:00,2.38461538461538,3.69230769230769,3.79487179487179,4.41025641025641,2.4428035
2024-06-23 11:00:00,1.74358974358974,2.97435897435897,3.12820512820513,3.41025641025641,2.69339105263158
2024-06-23 12:00:00,1.8,3,3.15,3.55,4.0918715
2024-06-23 13:00:00,1.31578947368421,2.42105263157895,2.47368421052632,2.89473684210526,2.68839473684211
2024-06-23 14:00:00,1.475,2.675,2.8,3.375,3.1709985
2024-06-23 15:00:00,1.71794871794872,2.94871794871795,3.1025641025641,3.35897435897436,6.4484447368421
2024-06-23 16:00:00,2.125,3.275,3.35,3.85,8.355474
2024-06-23 17:00:00,2.23684210526316,3.31578947368421,3.44736842105263,3.71052631578947,6.64854421052632
2024-06-23 18:00:00,2.45,3.75,3.875,4.3,12.856836
2024-06-23 19:00:00,2.69230769230769,3.94871794871795,4.1025641025641,4.51282051282051,32.1452684210526
2024-06-23 20:00:00,3.075,4.55,4.75,5.225,32.499345
2024-06-23 21:00:00,2.64705882352941,3.97058823529412,4.14705882352941,4.44117647058824,29.0424823529412
2024-06-23 22:00:00,2.325,3.6,3.7,4.05,21.5028
2024-06-23 23:00:00,2.02564102564103,3.17948717948718,3.20512820512821,3.43589743589744,19.1109263157895
2024-06-24,1.8974358974359,3.1025641025641,3.15384615384615,3.33333333333333,14.520535
2024-06-24 01:00:00,1.87179487179487,3.1025641025641,3.15384615384615,3.46153846153846,12.6824842105263
2024-06-24 02:00:00,1.94871794871795,3.12820512820513,3.28205128205128,3.8974358974359,11.309072
2024-06-24 03:00:00,2.13157894736842,3.31578947368421,3.57894736842105,4.63157894736842,12.2927778947368
2024-06-24 04:00:00,1.9,3.05,3.2,3.925,13.4294965
2024-06-24 05:00:00,1.91428571428571,3.28571428571429,3.4,3.88571428571429,6.87070526315789
2024-06-24 06:00:00,1.65,2.825,3,3.4,2.7560915
2024-06-24 07:00:00,1.84615384615385,3.23076923076923,3.43589743589744,4.07692307692308,1.88843105263158
2024-06-24 08:00:00,1.17948717948718,2.28205128205128,2.30769230769231,2.66666666666667,2.5193735
2024-06-24 09:00:00,0.948717948717949,2,2.07692307692308,2.28205128205128,1.61534326315789
2024-06-24 10:00:00,0.95,2,2.125,2.525,1.710555
2024-06-24 11:00:00,0.82051282051282,1.79487179487179,1.84615384615385,2.12820512820513,1.74354947368421
2024-06-24 12:00:00,0.794871794871795,1.76923076923077,1.76923076923077,1.97435897435897,2.448887
2024-06-24 13:00:00,1.02564102564103,2,2.1025641025641,2.25641025641026,3.20153
2024-06-24 14:00:00,0.9,1.9,1.95,2.175,3.2566505
2024-06-24 15:00:00,0.973684210526316,2,2,2.26315789473684,4.0541847368421
2024-06-24 16:00:00,1.025,2.05,2.075,2.225,3.7876025
2024-06-24 17:00:00,1.02564102564103,2.02564102564103,2.02564102564103,2.28205128205128,4.70195842105263
2024-06-24 18:00:00,1.17948717948718,2.23076923076923,2.28205128205128,2.58974358974359,13.8200925
2024-06-24 19:00:00,1.97435897435897,3.12820512820513,3.28205128205128,3.51282051282051,22.5405368421053
2024-06-24 20:00:00,2.88888888888889,4.30555555555556,4.41666666666667,4.72222222222222,27.892855
2024-06-24 21:00:00,3.34285714285714,4.54285714285714,4.62857142857143,5.2,31.1125823529412
2024-06-24 22:00:00,3.325,4.55,4.65,4.825,30.364265
2024-06-24 23:00:00,3.15384615384615,4.48717948717949,4.56410256410256,4.92307692307692,25.8359789473684
2024-06-25,3.92307692307692,5.33333333333333,5.61538461538461,5.87179487179487,21.19708
2024-06-25 01:00:00,4.66666666666667,6.46153846153846,6.71794871794872,6.97435897435897,17.0594526315789
2024-06-25 02:00:00,4.07692307692308,5.53846153846154,5.61538461538461,6.02564102564103,14.044355
2024-06-25 03:00:00,3.38461538461538,4.71794871794872,4.84615384615385,5.35897435897436,19.2447842105263
2024-06-25 04:00:00,3.92307692307692,5.51282051282051,5.84615384615385,6.61538461538461,25.41154
2024-06-25 05:00:00,3.11111111111111,4.63888888888889,4.86111111111111,5.63888888888889,11.3479194736842
2024-06-25 06:00:00,2.05,3.325,3.35,3.85,3.1280995
2024-06-25 07:00:00,1.28947368421053,2.39473684210526,2.42105263157895,2.86842105263158,1.84305094736842
2024-06-25 08:00:00,1.95,3.575,3.975,4.9,1.6414449
2024-06-25 09:00:00,1.05128205128205,2.17948717948718,2.33333333333333,3.15384615384615,1.76766
2024-06-25 10:00:00,1,2.05128205128205,2.38461538461538,3.1025641025641,1.9039189
2024-06-25 11:00:00,0.897435897435897,1.82051282051282,1.82051282051282,2.25641025641026,2.14288789473684
2024-06-25 12:00:00,1.1,2.225,2.5,3.55,2.374434
2024-06-25 13:00:00,1.17948717948718,2.17948717948718,2.28205128205128,2.71794871794872,3.13961473684211
2024-06-25 14:00:00,1.20512820512821,2.25641025641026,2.25641025641026,2.71794871794872,3.950092
2024-06-25 15:00:00,1.38461538461538,2.33333333333333,2.38461538461538,2.64102564102564,3.59975947368421
2024-06-25 16:00:00,1.575,2.65,2.775,2.975,3.6753575
2024-06-25 17:00:00,1.78947368421053,2.86842105263158,3.02631578947368,3.31578947368421,6.10724105263158
2024-06-25 18:00:00,1.975,3.05,3.2,3.425,19.347251
2024-06-25 19:00:00,2.84615384615385,4.12820512820513,4.28205128205128,4.76923076923077,28.0237157894737
2024-06-25 20:00:00,3.44444444444444,4.86111111111111,5.11111111111111,5.55555555555556,32.093695
2024-06-25 21:00:00,4.32352941176471,6.26470588235294,6.55882352941176,7.11764705882353,24.3972411764706
2024-06-25 22:00:00,3.81818181818182,5.39393939393939,5.45454545454545,5.90909090909091,15.87662
2024-06-25 23:00:00,3.85714285714286,5.25714285714286,5.4,5.88571428571429,9.96042210526316
2024-06-26,3,4.35,4.6,5.1,6.9667075
2024-06-26 01:00:00,3.02857142857143,4.37142857142857,4.54285714285714,5,7.98281894736842
2024-06-26 02:00:00,3.2,4.525,4.65,5,9.8352635
2024-06-26 03:00:00,3.48571428571429,4.94285714285714,5.14285714285714,5.51428571428571,26.683
2024-06-26 04:00:00,3.575,4.975,5.05,5.75,14.9798245
2024-06-26 05:00:00,3,4.52631578947368,4.68421052631579,5.60526315789474,11.5431357894737
2024-06-26 06:00:00,2.85,4.1,4.325,5.1,3.2130195
2024-06-26 07:00:00,2.66666666666667,3.92307692307692,4,4.58974358974359,2.67054157894737
2024-06-26 08:00:00,2.325,3.575,3.825,4.775,2.033882
2024-06-26 09:00:00,2.28947368421053,3.55263157894737,3.84210526315789,4.81578947368421,1.66953673684211
2024-06-26 10:00:00,2.45,3.55,3.7,4.85,1.765176
2024-06-26 11:00:00,2.20512820512821,3.48717948717949,3.76923076923077,5.35897435897436,1.98952684210526
2024-06-26 12:00:00,1.58974358974359,2.84615384615385,2.97435897435897,3.69230769230769,2.7233955
2024-06-26 13:00:00,1.51282051282051,2.66666666666667,2.82051282051282,3.43589743589744,3.27398421052632
2024-06-26 14:00:00,1.675,2.9,3.1,4,2.722588
2024-06-26 15:00:00,1.61538461538462,2.76923076923077,3.05128205128205,3.97435897435897,2.9396015
2024-06-26 16:00:00,1.94871794871795,3.15384615384615,3.43589743589744,4,5.22903684210526
2024-06-26 17:00:00,1.925,3.375,3.875,5.225,3.65721
2024-06-26 18:00:00,2.44736842105263,3.84210526315789,4.34210526315789,5.36842105263158,8.79582684210526
2024-06-26 19:00:00,2.625,4.225,4.75,6.025,17.428072
2024-06-26 20:00:00,3.33333333333333,5.1025641025641,5.76923076923077,6.79487179487179,23.2998578947368
2024-06-26 21:00:00,2.35294117647059,4.17647058823529,5.02941176470588,6.73529411764706,19.5832117647059
2024-06-26 22:00:00,3.94736842105263,6.89473684210526,8.52631578947368,10.9473684210526,98.0373736842105
2024-06-26 23:00:00,3.37837837837838,5.81081081081081,7.16216216216216,8.62162162162162,56.448345
2024-06-27,3.52631578947368,5.84210526315789,6.78947368421053,8.31578947368421,31.8687684210526
2024-06-27 01:00:00,4.1,6.55,7.575,9.15,19.61433
2024-06-27 02:00:00,4.57575757575758,6.96969696969697,8.24242424242424,10,13.64855125
2024-06-27 03:00:00,5.1,8.075,9.425,11.6,13.462337
2024-06-27 04:00:00,4.35897435897436,7.25641025641026,8.48717948717949,10.9230769230769,12.8307736842105
2024-06-27 05:00:00,4.51282051282051,7.58974358974359,9.23076923076923,11.9487179487179,7.3815515
2024-06-27 06:00:00,5.0625,8.3125,10.34375,13.96875,7.380829375
2024-06-27 07:00:00,3.175,6.125,7.8,12.225,2.547531
2024-06-27 08:00:00,2.81578947368421,5.89473684210526,7.78947368421053,11.4473684210526,1.94191578947368
2024-06-27 09:00:00,2.975,5.975,7.825,11,1.5471233
2024-06-27 10:00:00,2.71794871794872,5.66666666666667,7.87179487179487,11.5641025641026,1.01090026315789
2024-06-27 11:00:00,2.7,5.475,7.3,10.3,1.5520949
2024-06-27 12:00:00,3.57894736842105,6.57894736842105,8.63157894736842,12.1315789473684,1.82401094736842
2024-06-27 13:00:00,4,7.075,8.775,11.35,2.7307915
2024-06-27 14:00:00,3.30769230769231,5.82051282051282,6.94871794871795,9.51282051282051,26.3941226315789
2024-06-27 15:00:00,1.77777777777778,3.36111111111111,3.69444444444444,4.69444444444444,118.254015
2024-06-27 16:00:00,1.51351351351351,2.83783783783784,3.21621621621622,4.02702702702703,86.2359789473684
2024-06-27 17:00:00,2.18421052631579,3.65789473684211,3.94736842105263,4.57894736842105,53.877665
2024-06-27 18:00:00,2.81818181818182,4.45454545454545,4.86363636363636,5.68181818181818,32.2845636363636
2024-06-27 19:00:00,3.41025641025641,5.05128205128205,5.53846153846154,6.76923076923077,16.42792
2024-06-27 20:00:00,3.44444444444444,5.11111111111111,5.58333333333333,6.97222222222222,8.41170578947368
2024-06-27 21:00:00,2.80645161290323,4.45161290322581,5.19354838709677,7.38709677419355,4.03143
2024-06-27 22:00:00,2.74193548387097,4.32258064516129,5.32258064516129,8.54838709677419,6.09979842105263
2024-06-27 23:00:00,3.025,4.725,5.45,8.225,6.769793
2024-06-28,3.31578947368421,5.18421052631579,6.34210526315789,9.44736842105263,6.03358631578947
2024-06-28 01:00:00,3.875,5.65,6.525,8.6,5.504613
2024-06-28 02:00:00,4.26315789473684,5.94736842105263,6.52631578947368,8.76315789473684,7.64447421052632
2024-06-28 03:00:00,3.875,5.55,6.6,9.275,6.8961925
2024-06-28 04:00:00,3.31578947368421,4.97368421052632,5.86842105263158,9.10526315789474,5.04164263157895
2024-06-28 05:00:00,3.175,4.7,5,6.675,4.210923
2024-06-28 06:00:00,3.26315789473684,4.92105263157895,5.5,6.84210526315789,3.13296111111111
2024-06-28 07:00:00,3.38461538461538,4.8974358974359,5.48717948717949,7,3.560543
2024-06-28 08:00:00,3.30769230769231,4.87179487179487,5.12820512820513,6.28205128205128,2.44000052631579
2024-06-28 09:00:00,3.775,5.05,5.375,6.525,1.4601112
2024-06-28 10:00:00,4.05128205128205,5.38461538461539,5.66666666666667,6.48717948717949,5.04753647368421
2024-06-28 11:00:00,5.53846153846154,7.43589743589744,8.17948717948718,9.12820512820513,72.658185
2024-06-28 12:00:00,5.17948717948718,6.87179487179487,7.28205128205128,8.25641025641026,61.5259805263158
2024-06-28 13:00:00,3.125,4.325,4.475,4.8,3.570935
2024-06-28 14:00:00,4.35135135135135,6.02702702702703,6.43243243243243,6.94594594594595,53.6574777777778
2024-06-28 15:00:00,4.89473684210526,6.47368421052632,6.78947368421053,7.68421052631579,52.39599
2024-06-28 16:00:00,4.20512820512821,5.51282051282051,5.76923076923077,6.35897435897436,16.9056063157895
2024-06-28 17:00:00,5,6.4,6.575,7.125,5.223096
2024-06-28 18:00:00,5.15789473684211,6.63157894736842,6.68421052631579,7.18421052631579,10.7358842105263
2024-06-28 19:00:00,5.45945945945946,6.89189189189189,6.94594594594595,7.40540540540541,9.5110125
2024-06-28 20:00:00,5.47368421052632,7.05263157894737,7.39473684210526,8.13157894736842,8.37446578947368
2024-06-28 21:00:00,5.13888888888889,6.75,7.19444444444444,8.72222222222222,6.43023666666667
2024-06-28 22:00:00,4.79411764705882,6.29411764705882,6.88235294117647,8.70588235294118,7.70521882352941
2024-06-28 23:00:00,4.84615384615385,6.51282051282051,6.8974358974359,8.2051282051282,7.3392145
2024-06-29,5.17948717948718,6.69230769230769,7.23076923076923,8.64102564102564,7.02192157894737
2024-06-29 01:00:00,4.35,5.725,6.05,7.275,4.349164
2024-06-29 02:00:00,2.5,3.81578947368421,4.05263157894737,5.5,3.46557210526316
2024-06-29 03:00:00,2.325,3.55,3.875,5.575,5.798863
2024-06-29 04:00:00,2.51282051282051,3.92307692307692,4.48717948717949,6.69230769230769,7.15624210526316
2024-06-29 05:00:00,2.71794871794872,4.15384615384615,4.61538461538461,6.64102564102564,4.000818
2024-06-29 06:00:00,2.41025641025641,3.71794871794872,3.97435897435897,5.02564102564103,1.77995263157895
2024-06-29 07:00:00,3,4.225,4.425,5.225,1.962661
2024-06-29 08:00:00,3.68421052631579,4.92105263157895,5.05263157894737,5.86842105263158,2.11525473684211
2024-06-29 09:00:00,4.05,5.25,5.475,6.2,2.067763
2024-06-29 10:00:00,4.12820512820513,5.41025641025641,5.64102564102564,6.41025641025641,2.15645789473684
2024-06-29 11:00:00,3.97435897435897,5.15384615384615,5.30769230769231,6,1.8100879
2024-06-29 12:00:00,4.84615384615385,6.28205128205128,6.48717948717949,7.12820512820513,3.01621789473684
2024-06-29 13:00:00,4.87179487179487,6.20512820512821,6.53846153846154,7.17948717948718,3.1581595
2024-06-29 14:00:00,4.87179487179487,6.15384615384615,6.30769230769231,6.97435897435897,2.65632263157895
2024-06-29 15:00:00,4.375,5.825,6.025,6.775,2.6333465
2024-06-29 16:00:00,4,5.18421052631579,5.39473684210526,6.10526315789474,2.69534210526316
2024-06-29 17:00:00,4.225,5.475,5.6,6.45,10.6130925
2024-06-29 18:00:00,4.74358974358974,6.15384615384615,6.48717948717949,7.1025641025641,14.9383047368421
2024-06-29 19:00:00,4.41025641025641,5.82051282051282,5.8974358974359,6.53846153846154,19.060807
2024-06-29 20:00:00,4.82051282051282,6.23076923076923,6.41025641025641,7.05128205128205,17.0603378947368
2024-06-29 21:00:00,5.52777777777778,7.02777777777778,7.22222222222222,8.05555555555556,23.3518222222222
2024-06-29 22:00:00,5.74358974358974,7.46153846153846,7.71794871794872,8.61538461538461,17.3887642105263
2024-06-29 23:00:00,5.1025641025641,6.74358974358974,7.1025641025641,8.33333333333333,9.193535
2024-06-30,4.61538461538461,6.1025641025641,6.28205128205128,7.1025641025641,6.4239
2024-06-30 01:00:00,4.3,5.55,5.675,6.2,7.6847305
2024-06-30 02:00:00,4.30769230769231,5.61538461538461,5.76923076923077,6.51282051282051,3.7915595
2024-06-30 03:00:00,5.1025641025641,6.74358974358974,6.94871794871795,7.8974358974359,9.87744105263158
2024-06-30 04:00:00,6.05,7.85,8.3,9.55,39.32519
2024-06-30 05:00:00,6.46153846153846,8.46153846153846,8.94871794871795,10.6410256410256,21.5917778947368
2024-06-30 06:00:00,5.43589743589744,7.05128205128205,7.23076923076923,8.25641025641026,3.2495565
2024-06-30 07:00:00,5.35897435897436,7.07692307692308,7.30769230769231,8.23076923076923,2.74230210526316
2024-06-30 08:00:00,5.475,7.525,8.375,9.9,2.9524505
2024-06-30 09:00:00,3,5.52631578947368,7.86842105263158,10.2894736842105,2.14271105263158
2024-06-30 10:00:00,1.45,3.625,4.525,6.2,0.8901785
2024-06-30 11:00:00,0.692307692307692,2.1025641025641,2.76923076923077,4.05128205128205,1.46747336842105
2024-06-30 12:00:00,0.631578947368421,1.92105263157895,2.63157894736842,3.84210526315789,1.93674042105263
2024-06-30 13:00:00,0.384615384615385,1.51282051282051,1.92307692307692,2.51282051282051,2.17064673684211
2024-06-30 14:00:00,0.475,1.675,1.825,2.325,3.1809665
2024-06-30 15:00:00,0.358974358974359,1.58974358974359,1.76923076923077,2.25641025641026,2.81065526315789
2024-06-30 16:00:00,0.384615384615385,1.51282051282051,1.74358974358974,2.48717948717949,14.643903
2024-06-30 17:00:00,0.128205128205128,0.948717948717949,1.02564102564103,1.58974358974359,53.9339473684211
2024-06-30 18:00:00,0.107142857142857,0.821428571428571,0.821428571428571,1,27.31545
2024-06-30 19:00:00,0,0.5,0.571428571428571,0.714285714285714,24.9737714285714
2024-06-30 20:00:00,0.324324324324324,1.18918918918919,1.21621621621622,1.64864864864865,21.174865
2024-06-30 21:00:00,1.31428571428571,2.37142857142857,2.37142857142857,2.82857142857143,29.3091994117647
2024-06-30 22:00:00,2.02564102564103,3.05128205128205,3.15384615384615,3.38461538461538,40.607075
2024-06-30 23:00:00,1.54285714285714,2.62857142857143,2.65714285714286,2.94285714285714,21.7729421052632
2024-07-01,1.88571428571429,2.94285714285714,3.02857142857143,3.37142857142857,10.4851735
2024-07-01 01:00:00,2.56410256410256,3.71794871794872,3.84615384615385,3.92307692307692,10.8774273684211
2024-07-01 02:00:00,3.55555555555556,4.86111111111111,5,5.41666666666667,9.534762
2024-07-01 03:00:00,5.30769230769231,6.87179487179487,7.15384615384615,8.02564102564103,7.77654736842105
2024-07-01 04:00:00,5.5,7.025,7.35,8.075,7.974551
2024-07-01 05:00:00,4.94736842105263,6.60526315789474,7.05263157894737,7.94736842105263,4.14251421052632
2024-07-01 06:00:00,3.35897435897436,4.71794871794872,5.02564102564103,6.05128205128205,3.4652965
2024-07-01 07:00:00,2,3.10526315789474,3.34210526315789,3.78947368421053,2.66410315789474
2024-07-01 08:00:00,1.92307692307692,3.05128205128205,3.12820512820513,3.41025641025641,2.6354745
2024-07-01 09:00:00,1.97368421052632,3.13157894736842,3.21052631578947,3.65789473684211,2.46291684210526
2024-07-01 10:00:00,1.4,2.5,2.675,3.2,3.891566
2024-07-01 11:00:00,1.52631578947368,2.65789473684211,2.78947368421053,3.15789473684211,2.41161157894737
2024-07-01 12:00:00,1.25,2.375,2.475,2.925,2.330936
2024-07-01 13:00:00,0.722222222222222,1.86111111111111,2.02777777777778,2.86111111111111,20.6755268421053
2024-07-01 14:00:00,0.135135135135135,1.05405405405405,1.05405405405405,1.37837837837838,38.77515
2024-07-01 15:00:00,0.135135135135135,0.72972972972973,0.756756756756757,0.864864864864865,12.4200552631579
2024-07-01 16:00:00,0.1,0.9,0.9,1.175,5.879657
2024-07-01 17:00:00,0.3125,1.15625,1.1875,1.375,10.8921463157895
2024-07-01 18:00:00,0.575,1.575,1.65,2.075,9.3692825
2024-07-01 19:00:00,0.605263157894737,1.57894736842105,1.60526315789474,1.71052631578947,7.69886578947368
2024-07-01 20:00:00,0.3,1.3,1.45,1.6,6.941257
2024-07-01 21:00:00,0.0571428571428571,1.02857142857143,1.14285714285714,1.34285714285714,5.99297176470588
2024-07-01 22:00:00,0.153846153846154,1.05128205128205,1.07692307692308,1.25641025641026,5.876758
2024-07-01 23:00:00,0.153846153846154,0.897435897435897,0.974358974358974,1.35897435897436,6.77991052631579
2024-07-02,0.7,1.675,1.725,1.95,12.56223
2024-07-02 01:00:00,1.05263157894737,2.23684210526316,2.42105263157895,3.39473684210526,12.9200715789474
2024-07-02 02:00:00,1.525,2.825,3.4,5.25,22.86372
2024-07-02 03:00:00,1.48717948717949,2.74358974358974,3.02564102564103,3.58974358974359,19.9144905263158
2024-07-02 04:00:00,1.92307692307692,3.05128205128205,3.20512820512821,3.51282051282051,12.2005335
2024-07-02 05:00:00,1.56410256410256,2.66666666666667,2.69230769230769,3.02564102564103,8.58028789473684
2024-07-02 06:00:00,0.972222222222222,2,2.08333333333333,2.5,4.3940555
2024-07-02 07:00:00,0.333333333333333,1.30555555555556,1.41666666666667,1.69444444444444,4.18567578947368
2024-07-02 08:00:00,0.0277777777777778,1,1.08333333333333,1.25,3.9294595
2024-07-02 09:00:00,0.171428571428571,1.02857142857143,1.11428571428571,1.57142857142857,3.38561421052632
2024-07-02 10:00:00,0.45,1.475,1.7,2.1,3.6466235
2024-07-02 11:00:00,2.46153846153846,3.82051282051282,4.05128205128205,4.43589743589744,4.23240157894737
2024-07-02 12:00:00,2.24242424242424,3.48484848484848,3.66666666666667,4.09090909090909,5.603094
2024-07-02 13:00:00,1.51428571428571,2.62857142857143,2.94285714285714,3.37142857142857,6.07982789473684
2024-07-02 14:00:00,1.21428571428571,2.35714285714286,2.46428571428571,2.78571428571429,4.47545285714286
2024-07-02 15:00:00,1.07142857142857,2.07142857142857,2.35714285714286,2.57142857142857,4.15197857142857
2024-07-02 16:00:00,1.48484848484848,2.60606060606061,2.66666666666667,3.24242424242424,9.33197
2024-07-02 17:00:00,1.79411764705882,2.91176470588235,2.97058823529412,3.38235294117647,15.2983178947368
2024-07-02 18:00:00,1.83783783783784,3.02702702702703,3.05405405405405,3.45945945945946,11.3563
2024-07-02 19:00:00,1.78947368421053,2.84210526315789,2.97368421052632,3.36842105263158,10.8740152631579
2024-07-02 20:00:00,1.9,3.25,3.425,4.175,16.071645
2024-07-02 21:00:00,2.73529411764706,4.85294117647059,5.41176470588235,6.17647058823529,12.5020952941176
2024-07-02 22:00:00,2.28571428571429,3.92857142857143,4.25,5.03571428571429,16.3934714285714
2024-07-02 23:00:00,1.64285714285714,2.71428571428571,2.85714285714286,3.42857142857143,20.0408142857143
2024-07-03,1.78571428571429,2.85714285714286,2.92857142857143,3.32142857142857,22.1780071428571
2024-07-03 01:00:00,2.5,3.64285714285714,3.78571428571429,4.28571428571429,24.8752714285714
2024-07-03 02:00:00,1.975,3.1,3.25,3.625,25.65422
2024-07-03 03:00:00,0.473684210526316,1.26315789473684,1.31578947368421,1.5,7.83712526315789
2024-07-03 04:00:00,0.897435897435897,1.92307692307692,2.02564102564103,2.23076923076923,11.9059245
2024-07-03 05:00:00,1.1025641025641,2.30769230769231,2.48717948717949,3.12820512820513,8.25063368421053
2024-07-03 06:00:00,1.55263157894737,2.97368421052632,3.15789473684211,3.89473684210526,3.737029
2024-07-03 07:00:00,1.43589743589744,3,3.30769230769231,4.28205128205128,2.83204105263158
2024-07-03 08:00:00,1.37931034482759,3.03448275862069,3.31034482758621,3.89655172413793,2.644068
2024-07-03 09:00:00,1.4,3.06666666666667,3.6,3.93333333333333,3.0604975
2024-07-03 10:00:00,1.15384615384615,2.53846153846154,2.71794871794872,3.35897435897436,3.30781631578947
2024-07-03 11:00:00,1.14285714285714,2.46428571428571,2.92857142857143,3.78571428571429,3.68382714285714
2024-07-03 12:00:00,0.928571428571429,2.42857142857143,2.57142857142857,3.28571428571429,3.53973857142857
2024-07-03 13:00:00,1,2.4,2.575,3.175,3.855041
2024-07-03 14:00:00,0.605263157894737,1.73684210526316,1.86842105263158,2.07894736842105,3.62926526315789
2024-07-03 15:00:00,0.594594594594595,1.72972972972973,2,2.54054054054054,4.4300155
2024-07-03 16:00:00,0.5,1.65789473684211,1.68421052631579,2.15789473684211,3.88020105263158
2024-07-03 17:00:00,0.512820512820513,1.64102564102564,1.82051282051282,2.15384615384615,5.483751
2024-07-03 18:00:00,0.871794871794872,2.17948717948718,2.35897435897436,2.82051282051282,17.44648
2024-07-03 19:00:00,0.851851851851852,2.18518518518519,2.48148148148148,3.14814814814815,22.0864071428571
2024-07-03 20:00:00,1.14285714285714,2.64285714285714,2.78571428571429,3.42857142857143,24.1717142857143
2024-07-03 21:00:00,1.47058823529412,2.94117647058824,3.20588235294118,3.67647058823529,19.2610941176471
2024-07-03 22:00:00,1.48717948717949,3.35897435897436,4.05128205128205,5.53846153846154,33.1583578947368
2024-07-03 23:00:00,1.4,2.875,3.275,4.2,37.56874
2024-07-04,1.76315789473684,3.15789473684211,3.36842105263158,3.92105263157895,30.8679947368421
2024-07-04 01:00:00,1.775,2.9,2.975,3.375,20.63597
2024-07-04 02:00:00,2.30769230769231,3.43589743589744,3.43589743589744,3.61538461538462,16.1343947368421
2024-07-04 03:00:00,1.84615384615385,2.97435897435897,3.1025641025641,3.33333333333333,13.7539
2024-07-04 04:00:00,1.76923076923077,2.87179487179487,3.1025641025641,3.64102564102564,8.69953947368421
2024-07-04 05:00:00,0.8,1.825,1.9,2.4,4.555306
2024-07-04 06:00:00,0.947368421052632,1.92105263157895,1.97368421052632,2.44736842105263,3.50689526315789
2024-07-04 07:00:00,0.5,1.475,1.525,1.75,3.099686
2024-07-04 08:00:00,0.230769230769231,1.15384615384615,1.17948717948718,1.38461538461538,2.81488210526316
2024-07-04 09:00:00,0.435897435897436,1.38461538461538,1.43589743589744,1.58974358974359,3.8868555
2024-07-04 10:00:00,0.358974358974359,1.41025641025641,1.43589743589744,1.56410256410256,5.58400631578947
2024-07-04 11:00:00,0.615384615384615,1.64102564102564,1.69230769230769,2.25641025641026,3.3758125
2024-07-04 12:00:00,0.128205128205128,1.1025641025641,1.17948717948718,1.51282051282051,3.00840631578947
2024-07-04 13:00:00,0.7,1.675,1.75,1.9,8.310289
2024-07-04 14:00:00,0.282051282051282,1.30769230769231,1.33333333333333,1.48717948717949,4.55172789473684
2024-07-04 15:00:00,0.05,1.05,1.075,1.325,3.3350985
2024-07-04 16:00:00,0.157894736842105,1.02631578947368,1.02631578947368,1.21052631578947,4.44818105263158
2024-07-04 17:00:00,0.325,1.325,1.4,1.85,5.30398
2024-07-04 18:00:00,0.6,1.6,1.74285714285714,2.4,17.2689584210526
2024-07-04 19:00:00,0.925,2.15,2.325,3.35,20.60429
2024-07-04 20:00:00,1.94871794871795,3.23076923076923,3.43589743589744,4.23076923076923,29.6746894736842
2024-07-04 21:00:00,3.82352941176471,6.44117647058824,7.17647058823529,7.88235294117647,21.2281
2024-07-04 22:00:00,1.56410256410256,2.71794871794872,2.74358974358974,2.97435897435897,13.7455578947368
2024-07-04 23:00:00,1.7,2.825,2.95,3.15,13.34953
2024-07-05,1.71794871794872,2.97435897435897,3,3.43589743589744,12.0801736842105
2024-07-05 01:00:00,2.07692307692308,3.23076923076923,3.30769230769231,3.61538461538462,10.056041
2024-07-05 02:00:00,2.25641025641026,3.43589743589744,3.56410256410256,3.92307692307692,10.5663105263158
2024-07-05 03:00:00,1.95,3.275,3.425,4.275,11.544586
2024-07-05 04:00:00,2.63157894736842,4.02631578947368,4.31578947368421,5.26315789473684,12.1541347368421
2024-07-05 05:00:00,70.95,114.025,189.025,315.675,13.206035
2024-07-05 06:00:00,2.31578947368421,3.44736842105263,3.73684210526316,4.52631578947368,4.92374736842105
2024-07-05 07:00:00,2.75675675675676,4.05405405405405,4.18918918918919,4.86486486486486,3.3530705
2024-07-05 08:00:00,8.26315789473684,9.47368421052632,9.92105263157895,10.4736842105263,1.50233831578947
2024-07-05 09:00:00,13.5384615384615,14.8974358974359,15.1025641025641,15.8974358974359,1.44922305263158
2024-07-05 10:00:00,11.1538461538462,12.4358974358974,12.7179487179487,13.2820512820513,2.36844789473684
2024-07-05 11:00:00,20.4358974358974,21.9230769230769,22.2564102564103,22.8205128205128,2.903084
2024-07-05 12:00:00,12.4102564102564,14.025641025641,14.3076923076923,14.9487179487179,3.55110473684211
2024-07-05 13:00:00,18.2,19.675,19.925,20.825,4.0605335
2024-07-05 14:00:00,14.9230769230769,16.3076923076923,16.5384615384615,17.1538461538462,4.94767842105263
2024-07-05 15:00:00,17.5641025641026,18.9487179487179,19.0769230769231,19.5384615384615,4.636808
2024-07-05 16:00:00,14.4871794871795,15.8205128205128,16.1025641025641,16.8461538461538,9.78939631578947
2024-07-05 17:00:00,21.9,23.3,23.5,23.875,13.348391
2024-07-05 18:00:00,17.3684210526316,35.2105263157895,75.9473684210526,404.131578947368,24.5656578947368
2024-07-05 19:00:00,7.4,15,26.675,415.2,28.216415
2024-07-05 20:00:00,0.564102564102564,1.20512820512821,1.48717948717949,22.9487179487179,19.8207736842105
2024-07-05 21:00:00,0.828571428571429,1.48571428571429,1.62857142857143,19.7428571428571,21.8609333333333
2024-07-05 22:00:00,0.717948717948718,1.28205128205128,1.33333333333333,1.56410256410256,19.1500210526316
2024-07-05 23:00:00,0.615384615384615,1.12820512820513,1.17948717948718,1.33333333333333,14.278996
2024-07-06,77.12,112,432.16,441.28,13.5116166666667
2024-07-06 01:00:00,123.459459459459,181.378378378378,667.864864864865,668.027027027027,12.5051842105263
2024-07-06 02:00:00,188.285714285714,270.142857142857,634,793.952380952381,12.56054
2024-07-06 03:00:00,208.194444444444,289.305555555556,497.194444444444,754.333333333333,13.1880166666667
2024-07-06 04:00:00,57.5833333333333,87.8888888888889,303.777777777778,329.638888888889,12.8800894117647
2024-07-06 05:00:00,65.3939393939394,111.151515151515,367.606060606061,535.757575757576,8.88440263157895
2024-07-06 06:00:00,232.314285714286,346,542.857142857143,644.485714285714,3.42513352941176
2024-07-06 07:00:00,288.5,328.181818181818,341.363636363636,345.590909090909,2.48757
2024-07-06 10:00:00,5.78571428571429,6.85714285714286,6.85714285714286,7.14285714285714,0.956989142857143
2024-07-06 11:00:00,0.775,1.775,1.825,2.025,0.93182335
2024-07-06 12:00:00,0.263157894736842,1.18421052631579,1.18421052631579,1.34210526315789,0.511517842105263
2024-07-06 13:00:00,0.65,2.025,3.175,16.025,1.5980637
2024-07-06 14:00:00,0.512820512820513,1.41025641025641,1.46153846153846,1.53846153846154,2.00018463157895
2024-07-06 15:00:00,1.56410256410256,3.12820512820513,5.23076923076923,30.0769230769231,74.306241
2024-07-06 16:00:00,57.59375,99.78125,361.59375,475.25,239.775
2024-07-06 17:00:00,139.7,193.525,246.3,693.65,131.283565
2024-07-06 18:00:00,128.314285714286,161.657142857143,179.914285714286,618.885714285714,50.6368473684211
2024-07-06 19:00:00,99.525,150.35,338.45,650.45,15.426309
2024-07-06 20:00:00,139.333333333333,155.512820512821,176.692307692308,647.102564102564,21.8156684210526
2024-07-06 21:00:00,138.171428571429,143.114285714286,146.628571428571,203.314285714286,21.1985444444444
2024-07-06 22:00:00,90.6666666666667,92.9487179487179,93.7179487179487,100.410256410256,12.4347557894737
2024-07-06 23:00:00,65.1388888888889,66.4722222222222,66.8333333333333,69.0833333333333,9.1908165
2024-07-07,101.435897435897,119.564102564103,158.794871794872,170.923076923077,6.85093052631579
2024-07-07 01:00:00,199.74358974359,286.974358974359,608.410256410256,774.282051282051,3.741783
2024-07-07 02:00:00,136.075,157.275,184.15,657.4,5.438545
2024-07-07 03:00:00,170.948717948718,190.358974358974,220.74358974359,703.589743589744,8.61863157894737
2024-07-07 04:00:00,169.461538461538,208.589743589744,235.025641025641,670.153846153846,8.552275
2024-07-07 05:00:00,199.692307692308,302.076923076923,570.974358974359,815.25641025641,4.05763315789474
2024-07-07 06:00:00,25.7179487179487,42.7948717948718,133.076923076923,394.641025641026,2.405127
2024-07-07 07:00:00,103.470588235294,156.176470588235,402.588235294118,627.088235294118,1.530056
2024-07-07 08:00:00,182.8,259.95,560.125,760.175,1.8819985
2024-07-07 09:00:00,244.5,322.973684210526,550.789473684211,783.184210526316,2.10424947368421
2024-07-07 10:00:00,268.45,349.925,496.075,842.475,2.4132995
2024-07-07 11:00:00,250,327.692307692308,566.692307692308,838.794871794872,3.44924263157895
2024-07-07 12:00:00,196.666666666667,272.205128205128,604.25641025641,759.589743589744,5.010193
2024-07-07 13:00:00,237.564102564103,311.769230769231,594.589743589744,824.666666666667,3.87350631578947
2024-07-07 14:00:00,213.9,288.05,585.525,788.175,3.4610955
2024-07-07 15:00:00,248.342105263158,329.157894736842,499.710526315789,817.736842105263,3.74940368421053
2024-07-07 16:00:00,238.4,316.125,553.95,804.9,4.3281815
2024-07-07 17:00:00,146.416666666667,214.305555555556,520.944444444444,686.666666666667,11.8484852631579
2024-07-07 18:00:00,42.7948717948718,64.8205128205128,185.897435897436,552.25641025641,32.165578
2024-07-07 19:00:00,0.676470588235294,1.29411764705882,1.29411764705882,1.67647058823529,37.0080789473684
2024-07-07 20:00:00,0.648648648648649,1.18918918918919,1.24324324324324,1.45945945945946,29.271015
2024-07-07 21:00:00,38.8,82.5428571428571,432.4,482.657142857143,28.3312117647059
2024-07-07 22:00:00,87.45,153.075,384.875,653.25,25.270355
2024-07-07 23:00:00,138.789473684211,159.631578947368,189.342105263158,496.368421052632,20.6889473684211
2024-07-08,112.825,120.575,128.95,196.425,17.3028
2024-07-08 01:00:00,189.205128205128,211.74358974359,249.384615384615,610.794871794872,13.5236263157895
2024-07-08 02:00:00,186.051282051282,209.384615384615,260.923076923077,695.102564102564,11.695209
2024-07-08 03:00:00,92.0769230769231,98.3076923076923,106.74358974359,194.846153846154,11.3963684210526
2024-07-08 04:00:00,59.15,74.7,132.7,204.3,8.9559645
2024-07-08 05:00:00,1.07894736842105,1.84210526315789,2,2.52631578947368,15.1439873684211
2024-07-08 06:00:00,48.875,75.375,194.225,521.875,5.228242
2024-07-08 07:00:00,96.3333333333333,141.74358974359,381.923076923077,654.974358974359,1.94803642105263
2024-07-08 08:00:00,255.825,342.05,528.375,803.825,0.90447255
2024-07-08 09:00:00,30.9210526315789,41.5,49.2105263157895,65.9736842105263,0.791926157894737
2024-07-08 10:00:00,0.775,1.775,1.9,2.35,1.4021491
2024-07-08 11:00:00,0.717948717948718,1.84615384615385,1.8974358974359,2.15384615384615,2.01100978947368
2024-07-08 12:00:00,34.4871794871795,35.6410256410256,35.7179487179487,36.025641025641,3.1449995
2024-07-08 13:00:00,173.289473684211,175.973684210526,176.052631578947,176.263157894737,2.16174947368421
2024-07-08 14:00:00,221.425,227.075,227.225,227.625,2.8096265
2024-07-08 15:00:00,213.333333333333,220,220.076923076923,220.794871794872,3.64411210526316
2024-07-08 16:00:00,30.7894736842105,32.2368421052632,32.3947368421053,32.7631578947368,17.153985
2024-07-08 17:00:00,1.02564102564103,1.94871794871795,2.02564102564103,2.33333333333333,24.4645052631579
2024-07-08 18:00:00,28.2307692307692,29.9230769230769,29.9487179487179,30.2307692307692,27.7552105263158
2024-07-08 19:00:00,247.105263157895,327.578947368421,533.210526315789,540.289473684211,25.5263789473684
2024-07-08 20:00:00,15.425,26.525,119.75,177.65,29.89955
2024-07-08 21:00:00,0.48,1.08,1.12,1.24,26.3834714285714
2024-07-08 22:00:00,0.857142857142857,1.35714285714286,1.35714285714286,1.71428571428571,29.6323142857143
2024-07-08 23:00:00,1.48717948717949,2.51282051282051,2.66666666666667,3.02564102564103,30.1952105263158
2024-07-09,1.61538461538462,2.66666666666667,2.79487179487179,3.23076923076923,22.11507
2024-07-09 01:00:00,1.5625,2.5625,2.5625,2.6875,14.7668714285714
2024-07-09 02:00:00,1.56410256410256,2.58974358974359,2.79487179487179,3.12820512820513,14.86352
2024-07-09 03:00:00,1.38461538461538,2.43589743589744,2.48717948717949,2.71794871794872,13.0824063157895
2024-07-09 04:00:00,1.35,2.475,2.675,3.1,14.519965
2024-07-09 05:00:00,2.21052631578947,3.71052631578947,4.10526315789474,5.52631578947368,11.3711578947368
2024-07-09 06:00:00,1.825,3.1,3.4,4.35,3.22409
2024-07-09 07:00:00,1.35897435897436,2.41025641025641,2.69230769230769,3.61538461538462,1.80411757894737
2024-07-09 08:00:00,0.692307692307692,1.74358974358974,1.92307692307692,2.41025641025641,0.764078345
2024-07-09 09:00:00,0.897435897435897,1.84615384615385,1.92307692307692,2.41025641025641,1.05344315789474
2024-07-09 10:00:00,0.894736842105263,1.89473684210526,2.02631578947368,2.34210526315789,1.9921933
2024-07-09 11:00:00,0.974358974358974,2.02564102564103,2.12820512820513,3.1025641025641,1.97758842105263
2024-07-09 12:00:00,1.325,2.375,2.55,3,2.2326095
2024-07-09 13:00:00,1.52631578947368,2.63157894736842,2.78947368421053,3.5,2.51509947368421
2024-07-09 14:00:00,1.775,2.85,3.025,3.9,2.522978
2024-07-09 15:00:00,1.84615384615385,2.92307692307692,3.1025641025641,3.64102564102564,2.64356473684211
2024-07-09 16:00:00,1.96428571428571,3.14285714285714,3.42857142857143,4,2.78483214285714
2024-07-09 17:00:00,2.14285714285714,3.28571428571429,3.28571428571429,4,6.93384142857143
2024-07-09 18:00:00,2.625,3.75,3.975,4.775,9.8915305
2024-07-09 19:00:00,3,4.36842105263158,4.57894736842105,5.60526315789474,40.5885421052632
2024-07-09 20:00:00,3.6,5.05,5.375,6.35,38.781065
2024-07-09 21:00:00,3.74285714285714,5.31428571428571,5.68571428571429,6.28571428571429,39.2830529411765
2024-07-09 22:00:00,3.53846153846154,5.12820512820513,5.38461538461539,6.23076923076923,26.00986
2024-07-09 23:00:00,4.05128205128205,5.64102564102564,5.8974358974359,6.53846153846154,21.7801789473684
2024-07-10,3.8,5.25,5.425,6.225,16.700825
2024-07-10 01:00:00,4.10526315789474,5.76315789473684,6,6.57894736842105,12.7568157894737
2024-07-10 02:00:00,4.75,6.4,6.65,7.85,14.09519
2024-07-10 03:00:00,5.48,7.32,7.68,8.52,20.0414214285714
2024-07-10 04:00:00,6.42857142857143,8.42857142857143,8.92857142857143,10.5,9.94458857142857
2024-07-10 05:00:00,7.07692307692308,9.69230769230769,10.8974358974359,13.7692307692308,19.8014421052632
2024-07-10 06:00:00,7.20512820512821,9.69230769230769,10.5897435897436,13.3846153846154,7.5214585
2024-07-10 07:00:00,7.23076923076923,9.46153846153846,10.4102564102564,12.1794871794872,2.23476
2024-07-10 08:00:00,8,10.625,12.025,14.675,2.8592435
2024-07-10 09:00:00,8.47368421052632,10.8157894736842,11.5789473684211,13.3421052631579,1.99208610526316
2024-07-10 10:00:00,7.425,9.55,10.15,11.925,1.10522335
2024-07-10 11:00:00,4.43589743589744,5.97435897435897,6.20512820512821,7.33333333333333,1.21442284210526
2024-07-10 12:00:00,5.51282051282051,7.25641025641026,7.79487179487179,9.35897435897436,1.6193456
2024-07-10 13:00:00,5.25641025641026,6.94871794871795,7.61538461538461,9.07692307692308,2.25539084210526
2024-07-10 14:00:00,4.075,5.85,6.225,7.65,24.5122405
2024-07-10 15:00:00,3.23684210526316,4.78947368421053,5.23684210526316,5.71052631578947,185.071210526316
2024-07-10 16:00:00,2.79487179487179,4.38461538461539,4.61538461538461,5.28205128205128,120.336426315789
2024-07-10 17:00:00,2.625,4.1,4.35,4.775,64.958755
2024-07-10 18:00:00,2.92105263157895,4.42105263157895,4.55263157894737,5.21052631578947,29.4435684210526
2024-07-10 19:00:00,3.30769230769231,4.8974358974359,5.15384615384615,5.74358974358974,16.801485
2024-07-10 20:00:00,3.18181818181818,4.57575757575758,4.81818181818182,5.45454545454545,12.6711684210526
2024-07-10 21:00:00,3.26470588235294,4.64705882352941,4.94117647058824,5.82352941176471,10.5748611764706
2024-07-10 22:00:00,3.23076923076923,4.65384615384615,5,6.57692307692308,8.919255
2024-07-10 23:00:00,3.93333333333333,5.33333333333333,6.06666666666667,8.06666666666667,6.90022125
2024-07-11,3.65625,5.21875,5.9375,8.71875,7.14343105263158
2024-07-11 01:00:00,5.08108108108108,6.91891891891892,7.7027027027027,9.45945945945946,8.15861
2024-07-11 02:00:00,5.14285714285714,6.91428571428571,7.51428571428571,9.14285714285714,6.67316421052632
2024-07-11 03:00:00,5.35,7.725,8.725,11.35,9.649511
2024-07-11 04:00:00,8.94594594594595,12.1081081081081,13.5405405405405,15.4594594594595,10.4254563157895
2024-07-11 05:00:00,10.025,13.25,14.375,16.4,6.768628
2024-07-11 06:00:00,9.41025641025641,12.6666666666667,13.5128205128205,16.3589743589744,4.75155789473684
2024-07-11 07:00:00,4.76923076923077,6.53846153846154,7.02564102564103,8.02564102564103,2.9983225
2024-07-11 08:00:00,2.66666666666667,4.05128205128205,4.20512820512821,5.02564102564103,1.16393278947368
2024-07-11 09:00:00,1.825,2.975,3.1,3.575,4.4719343
2024-07-11 10:00:00,2.35135135135135,3.62162162162162,3.75675675675676,4.86486486486486,2.66566526315789
2024-07-11 11:00:00,2.55,3.65,3.7,4.425,2.319151
2024-07-11 12:00:00,2.07692307692308,3.23076923076923,3.35897435897436,3.76923076923077,1.74881947368421
2024-07-11 13:00:00,1.28947368421053,2.26315789473684,2.28947368421053,2.57894736842105,2.453383
2024-07-11 14:00:00,0.948717948717949,2,2.07692307692308,2.64102564102564,7.05009526315789
2024-07-11 15:00:00,0.55,1.55,1.625,1.95,22.4282845
2024-07-11 16:00:00,1.42105263157895,2.52631578947368,2.60526315789474,2.78947368421053,71.2383631578947
2024-07-11 17:00:00,1.45,2.5,2.575,2.925,39.146806
2024-07-11 18:00:00,1.71794871794872,2.74358974358974,2.82051282051282,3.17948717948718,19.6412489473684
2024-07-11 19:00:00,1.38461538461538,2.48717948717949,2.53846153846154,2.66666666666667,19.47111
2024-07-11 20:00:00,1.82051282051282,2.84615384615385,2.8974358974359,3.20512820512821,16.8919273684211
2024-07-11 21:00:00,1.42857142857143,2.48571428571429,2.48571428571429,2.65714285714286,9.39572882352941
2024-07-11 22:00:00,1.6,2.62857142857143,2.71428571428571,3.08571428571429,8.71798210526316
2024-07-11 23:00:00,1.65,2.7,2.8,3.3,7.4981465
2024-07-12,1.60526315789474,2.60526315789474,2.68421052631579,3.10526315789474,7.03412894736842
2024-07-12 01:00:00,1.40540540540541,2.56756756756757,2.62162162162162,3.05405405405405,7.931485
2024-07-12 02:00:00,1.55263157894737,2.63157894736842,2.71052631578947,3.26315789473684,7.29476947368421
2024-07-12 03:00:00,1.63888888888889,2.77777777777778,3,3.63888888888889,8.34607526315789
2024-07-12 04:00:00,3.57894736842105,5.84210526315789,6.60526315789474,7.89473684210526,9.77652789473684
2024-07-12 05:00:00,3.475,5.15,5.65,6.45,6.817341
2024-07-12 06:00:00,2.74358974358974,4.12820512820513,4.38461538461539,5.17948717948718,4.75767210526316
2024-07-12 07:00:00,2.74358974358974,3.92307692307692,4.12820512820513,4.66666666666667,3.13847
2024-07-12 08:00:00,2.30769230769231,3.48717948717949,3.58974358974359,4.28205128205128,2.43051842105263
2024-07-12 09:00:00,2.38461538461538,3.58974358974359,3.76923076923077,4.28205128205128,2.1961594
2024-07-12 10:00:00,2.4,3.45714285714286,3.57142857142857,3.88571428571429,1.65986035294118
2024-07-12 11:00:00,3.25,4.375,4.5,5.875,2.5396275
2024-07-12 12:00:00,3.55263157894737,4.73684210526316,4.89473684210526,5.57894736842105,3.72645894736842
2024-07-12 13:00:00,3.625,4.875,5.1,5.725,2.8078775
2024-07-12 14:00:00,4.17948717948718,5.56410256410256,5.87179487179487,6.58974358974359,31.2614226315789
2024-07-12 15:00:00,3.24324324324324,4.75675675675676,5.35135135135135,6.05405405405405,25.187851
2024-07-12 16:00:00,0.973684210526316,2,2.02631578947368,2.34210526315789,49.5960789473684
2024-07-12 17:00:00,0.923076923076923,1.84615384615385,1.94871794871795,2.12820512820513,20.372131
2024-07-12 18:00:00,1.75,2.97222222222222,3.11111111111111,3.33333333333333,17.9424115789474
2024-07-12 19:00:00,2.05128205128205,3.30769230769231,3.58974358974359,3.92307692307692,21.35846
2024-07-12 20:00:00,1.84615384615385,3.02564102564103,3.17948717948718,3.56410256410256,15.3714789473684
2024-07-12 21:00:00,1.78125,3.0625,3.28125,3.75,15.3695666666667
2024-07-12 22:00:00,2.75,4.08333333333333,4.33333333333333,5.11111111111111,9.30605526315789
2024-07-12 23:00:00,2.83870967741935,4.25806451612903,4.35483870967742,5,9.681605
2024-07-13,3.37142857142857,5,5.31428571428571,6.54285714285714,8.91627947368421
2024-07-13 01:00:00,5.14285714285714,7.11428571428571,7.34285714285714,8.05714285714286,9.5589352631579
2024-07-13 02:00:00,1.66666666666667,2.76923076923077,2.92307692307692,3.35897435897436,4.85107157894737
2024-07-13 03:00:00,1.675,2.7,2.75,2.925,7.138037
2024-07-13 04:00:00,1.53846153846154,2.61538461538462,2.71794871794872,3.1025641025641,7.52271368421053
2024-07-13 05:00:00,1.05128205128205,2.02564102564103,2.07692307692308,2.38461538461538,6.392533
2024-07-13 06:00:00,1.35897435897436,2.33333333333333,2.41025641025641,2.66666666666667,5.92762842105263
2024-07-13 07:00:00,1.16666666666667,2.13888888888889,2.13888888888889,2.25,4.1682055
2024-07-13 08:00:00,0.846153846153846,1.79487179487179,1.79487179487179,1.79487179487179,2.46053526315789
2024-07-13 09:00:00,0.897435897435897,1.76923076923077,1.79487179487179,1.8974358974359,1.9427959
2024-07-13 10:00:00,0.769230769230769,1.76923076923077,1.76923076923077,1.92307692307692,1.98530252631579
2024-07-13 11:00:00,0.65,1.575,1.6,1.775,2.1289944
2024-07-13 12:00:00,0.447368421052632,1.36842105263158,1.47368421052632,1.71052631578947,2.09224
2024-07-13 13:00:00,0.282051282051282,1.23076923076923,1.38461538461538,2,2.2250425
2024-07-13 14:00:00,0.230769230769231,0.871794871794872,0.923076923076923,1.20512820512821,1.81151831578947
2024-07-13 15:00:00,0.102564102564103,0.666666666666667,0.666666666666667,0.846153846153846,2.1946905
2024-07-13 16:00:00,0.205128205128205,0.974358974358974,1,1.17948717948718,5.70738736842105
2024-07-13 17:00:00,0.275,1.15,1.175,1.425,11.4249245
2024-07-13 18:00:00,0.914285714285714,1.94285714285714,2.02857142857143,2.22857142857143,22.6225221052632
2024-07-13 19:00:00,0.666666666666667,1.52777777777778,1.61111111111111,2.02777777777778,28.35485
2024-07-13 20:00:00,0.944444444444444,1.88888888888889,2.02777777777778,2.33333333333333,32.9088578947368
2024-07-13 21:00:00,1.11428571428571,2.08571428571429,2.2,2.71428571428571,18.9900833333333
2024-07-13 22:00:00,1.31578947368421,2.52631578947368,2.57894736842105,3.07894736842105,17.7103166666667
2024-07-13 23:00:00,1.35897435897436,2.51282051282051,2.58974358974359,2.97435897435897,18.290205
2024-07-14,1,2,2.17948717948718,2.74358974358974,15.1692210526316
2024-07-14 01:00:00,0.85,1.925,2.025,2.525,12.375086
2024-07-14 02:00:00,0.743589743589744,1.74358974358974,1.8974358974359,2.15384615384615,11.044085
2024-07-14 03:00:00,0.846153846153846,1.74358974358974,1.76923076923077,2.17948717948718,12.7387505263158
2024-07-14 04:00:00,0.58974358974359,1.53846153846154,1.56410256410256,2,9.9159015
2024-07-14 05:00:00,0.861111111111111,1.86111111111111,1.88888888888889,2.44444444444444,5.10500894736842
2024-07-14 06:00:00,1.1025641025641,2.1025641025641,2.23076923076923,2.61538461538462,3.224114
2024-07-14 07:00:00,0.871794871794872,1.87179487179487,1.97435897435897,2.30769230769231,1.63031378947368
2024-07-14 08:00:00,0.647058823529412,1.64705882352941,1.64705882352941,1.94117647058824,1.19585758823529
2024-07-14 09:00:00,0,1,1,1,1.39638
2024-07-14 10:00:00,0.5,1.45,1.5,1.825,2.105207
2024-07-14 11:00:00,0.58974358974359,1.56410256410256,1.64102564102564,1.87179487179487,4.11450315789474
2024-07-14 12:00:00,0.205128205128205,1.12820512820513,1.15384615384615,1.23076923076923,2.265682
2024-07-14 13:00:00,0.282051282051282,1.12820512820513,1.15384615384615,1.35897435897436,3.46002263157895
2024-07-14 14:00:00,0.256410256410256,1.07692307692308,1.1025641025641,1.41025641025641,2.18127
2024-07-14 15:00:00,0.153846153846154,0.974358974358974,1.02564102564103,1.30769230769231,1.88311736842105
2024-07-14 16:00:00,0.35,1.275,1.35,1.75,11.8699355
2024-07-14 17:00:00,0.815789473684211,1.84210526315789,1.86842105263158,2.02631578947368,48.9998210526316
2024-07-14 18:00:00,1.075,2.1,2.125,2.375,53.25313
2024-07-14 19:00:00,1.43589743589744,2.56410256410256,2.66666666666667,3.28205128205128,44.1097315789474
2024-07-14 20:00:00,1.16216216216216,2.27027027027027,2.62162162162162,3.27027027027027,27.692035
2024-07-14 21:00:00,0.966666666666667,1.9,1.96666666666667,2.36666666666667,22.5743
2024-07-14 22:00:00,0.925,1.9,1.925,2.15,19.41969
2024-07-14 23:00:00,1.07894736842105,2.02631578947368,2.05263157894737,2.28947368421053,18.5947842105263
2024-07-15,1.15,2.125,2.175,2.375,15.60631
2024-07-15 01:00:00,1.41025641025641,2.43589743589744,2.48717948717949,3.05128205128205,18.4093052631579
2024-07-15 02:00:00,1.43589743589744,2.48717948717949,2.48717948717949,2.87179487179487,13.842891
2024-07-15 03:00:00,1.38461538461538,2.43589743589744,2.48717948717949,2.94871794871795,12.4313421052632
2024-07-15 04:00:00,1.65,2.7,2.875,3.25,13.876336
2024-07-15 05:00:00,1.78947368421053,3.05263157894737,3.26315789473684,3.78947368421053,8.12572052631579
2024-07-15 06:00:00,1.975,3.375,3.975,5.725,4.0352815
2024-07-15 07:00:00,1.76923076923077,3.23076923076923,3.61538461538462,5,2.02176147368421
2024-07-15 08:00:00,1.76923076923077,3.25641025641026,3.76923076923077,5.35897435897436,1.652754
2024-07-15 09:00:00,1.79487179487179,3.30769230769231,3.82051282051282,6.1025641025641,1.14107194736842
2024-07-15 10:00:00,1.5,4,6.5,8,1.39638
2024-07-15 12:00:00,1.45,2.7,3.15,4.175,1.38577855
2024-07-15 13:00:00,0.894736842105263,1.89473684210526,1.97368421052632,2.60526315789474,1.90646157894737
2024-07-15 14:00:00,1.1,2.05,2.2,2.75,2.269894
2024-07-15 15:00:00,1.53846153846154,2.58974358974359,2.61538461538462,3.15384615384615,10.8170015789474
2024-07-15 16:00:00,1.48717948717949,2.64102564102564,2.76923076923077,3.58974358974359,6.2257715
2024-07-15 17:00:00,1.66666666666667,3,3,3.33333333333333,37.154
2024-07-15 18:00:00,1.675,2.9,3.125,3.725,45.013305
2024-07-15 19:00:00,1.92105263157895,3.15789473684211,3.28947368421053,3.89473684210526,35.7514105263158
2024-07-15 20:00:00,2.75,4.05,4.275,4.925,29.17077
2024-07-15 21:00:00,3.67647058823529,5.17647058823529,5.44117647058824,6.55882352941176,24.3113235294118
2024-07-15 22:00:00,2.62857142857143,3.94285714285714,4.2,4.8,23.0561388888889
2024-07-15 23:00:00,2.23684210526316,3.5,3.76315789473684,4.44736842105263,13.5917789473684
2024-07-16,2.13513513513514,3.27027027027027,3.48648648648649,4.16216216216216,14.54066
2024-07-16 01:00:00,2.15789473684211,3.23684210526316,3.34210526315789,3.97368421052632,9.77686684210526
2024-07-16 02:00:00,2.32432432432432,3.48648648648649,3.78378378378378,4.32432432432432,7.8586905
2024-07-16 03:00:00,2.5,4,4,5.5,6.30049
2024-07-16 04:00:00,2.6,4.05,4.4,5.225,6.2748605
2024-07-16 05:00:00,1.71794871794872,2.82051282051282,2.92307692307692,3.46153846153846,17.1634836842105
2024-07-16 06:00:00,1.51282051282051,2.61538461538462,2.74358974358974,3.33333333333333,16.472073
2024-07-16 07:00:00,1.35897435897436,2.41025641025641,2.43589743589744,2.82051282051282,5.50963368421053
2024-07-16 08:00:00,0.825,1.825,1.925,2.125,2.4718245
2024-07-16 09:00:00,0.921052631578947,1.92105263157895,1.97368421052632,2.31578947368421,2.07292
2024-07-16 10:00:00,1.075,2.075,2.075,2.35,3.144427
2024-07-16 11:00:00,1.25641025641026,2.28205128205128,2.28205128205128,2.69230769230769,2.96387052631579
2024-07-16 12:00:00,1.23076923076923,2.28205128205128,2.41025641025641,2.92307692307692,2.652953
2024-07-16 13:00:00,1.38461538461538,2.38461538461538,2.43589743589744,2.79487179487179,2.53937
2024-07-16 14:00:00,1.02564102564103,2,2.17948717948718,2.8974358974359,2.206514
2024-07-16 15:00:00,1,2.02564102564103,2.07692307692308,2.38461538461538,2.69177473684211
2024-07-16 16:00:00,1.125,2.15,2.175,2.9,3.2609315
2024-07-16 17:00:00,0.842105263157895,1.89473684210526,2.02631578947368,2.76315789473684,3.62035157894737
2024-07-16 18:00:00,0.825,1.875,1.925,2.725,16.298779
2024-07-16 19:00:00,0.923076923076923,1.97435897435897,2.07692307692308,2.46153846153846,28.6279105263158
2024-07-16 20:00:00,1.16666666666667,2.19444444444444,2.30555555555556,2.61111111111111,27.633605
2024-07-16 21:00:00,1.67741935483871,2.7741935483871,2.83870967741935,3.32258064516129,30.6019117647059
2024-07-16 22:00:00,1.35135135135135,2.45945945945946,2.51351351351351,2.83783783783784,24.25204
2024-07-16 23:00:00,1.47368421052632,2.52631578947368,2.55263157894737,2.92105263157895,16.8492210526316
2024-07-17,1.35,2.475,2.7,3.175,8.821838
2024-07-17 01:00:00,1,2.33333333333333,2.33333333333333,3.33333333333333,4.21602
2024-07-17 02:00:00,0.794871794871795,1.8974358974359,1.94871794871795,2.48717948717949,4.1321285
2024-07-17 03:00:00,1.33333333333333,2.33333333333333,2.33333333333333,3,4.21602
2024-07-17 04:00:00,0.75,1.95,2.2,2.55,9.959151
2024-07-17 05:00:00,1.05263157894737,2.26315789473684,2.5,3.13157894736842,5.47820210526316
2024-07-17 06:00:00,0.82051282051282,2.1025641025641,2.35897435897436,3.05128205128205,3.18091473684211
2024-07-17 07:00:00,0.692307692307692,1.94871794871795,2.17948717948718,2.94871794871795,2.53733368421053
2024-07-17 08:00:00,0.384615384615385,1.56410256410256,1.64102564102564,2.20512820512821,1.50379015
2024-07-17 09:00:00,0.205128205128205,1.23076923076923,1.35897435897436,1.79487179487179,1.00983305263158
2024-07-17 10:00:00,0.131578947368421,1.15789473684211,1.21052631578947,1.57894736842105,1.09740578947368
2024-07-17 11:00:00,0.0555555555555556,1.08333333333333,1.20833333333333,1.76388888888889,1.38045982857143
2024-07-17 12:00:00,0.175,1.3,1.425,1.85,5.540092
2024-07-17 13:00:00,0.102564102564103,1.15384615384615,1.23076923076923,1.53846153846154,5.827697
2024-07-17 14:00:00,0.256410256410256,1.28205128205128,1.48717948717949,2,3.50215105263158
2024-07-17 15:00:00,0.386363636363636,1.43181818181818,1.56818181818182,2.04545454545455,3.16662272727273
2024-07-17 16:00:00,0.631578947368421,1.76315789473684,1.84210526315789,2.39473684210526,7.69037578947368
2024-07-17 17:00:00,0.340909090909091,1.36363636363636,1.45454545454545,2.06818181818182,10.8279636363636
2024-07-17 18:00:00,0.315789473684211,1.34210526315789,1.55263157894737,2.07894736842105,14.7015742105263
2024-07-17 19:00:00,0.3,1.3,1.4,1.6,13.0792385
2024-07-17 20:00:00,0.58974358974359,1.82051282051282,2.05128205128205,2.41025641025641,21.8193684210526
2024-07-17 21:00:00,1.79411764705882,3.61764705882353,4.20588235294118,4.79411764705882,27.4175176470588
2024-07-17 22:00:00,0.852941176470588,1.88235294117647,1.97058823529412,2.44117647058824,22.0071368421053
2024-07-17 23:00:00,0.4,1.325,1.35,1.55,21.5618
2024-07-18,0.692307692307692,1.69230769230769,1.74358974358974,2.61538461538462,18.6298947368421
2024-07-18 01:00:00,0.641025641025641,1.61538461538462,1.64102564102564,1.8974358974359,16.401295
2024-07-18 02:00:00,1,2,2.02564102564103,2.23076923076923,16.8083263157895
2024-07-18 03:00:00,1.2,2.2,2.275,2.5,20.213145
2024-07-18 04:00:00,1.5,2.5,2.60526315789474,3.10526315789474,19.0406736842105
2024-07-18 05:00:00,1.875,3.025,3.325,4.125,8.763486
2024-07-18 06:00:00,1.44736842105263,2.47368421052632,2.5,2.81578947368421,2.50688315789474
2024-07-18 07:00:00,1.15384615384615,2.15384615384615,2.20512820512821,2.53846153846154,2.42476736842105
2024-07-18 08:00:00,1.05263157894737,2.05263157894737,2.10526315789474,2.28947368421053,1.97947157894737
2024-07-18 09:00:00,0.925,1.9,1.975,2.3,1.1035937
2024-07-18 10:00:00,0.897435897435897,1.92307692307692,1.97435897435897,2.20512820512821,1.78290210526316
2024-07-18 11:00:00,0.846153846153846,1.82051282051282,1.84615384615385,2.02564102564103,1.8117414
2024-07-18 12:00:00,0.82051282051282,1.82051282051282,1.8974358974359,2.41025641025641,2.89021421052632
2024-07-18 13:00:00,0.897435897435897,1.87179487179487,1.87179487179487,1.8974358974359,3.5372845
2024-07-18 14:00:00,0.871794871794872,1.79487179487179,1.82051282051282,1.94871794871795,3.51608157894737
2024-07-18 15:00:00,0.775,1.725,1.725,1.975,3.6375595
2024-07-18 16:00:00,1.07894736842105,2,2.05263157894737,2.10526315789474,5.50487263157895
2024-07-18 17:00:00,1.2,2.225,2.25,2.425,20.011074
2024-07-18 18:00:00,1.42105263157895,2.47368421052632,2.52631578947368,2.71052631578947,20.6492210526316
2024-07-18 19:00:00,2.61538461538462,3.92307692307692,4.02564102564103,4.41025641025641,28.98991
2024-07-18 20:00:00,2.91428571428571,4.05714285714286,4.17142857142857,4.45714285714286,31.3344052631579
2024-07-18 21:00:00,2.38235294117647,3.58823529411765,3.61764705882353,3.76470588235294,27.6683294117647
2024-07-18 22:00:00,2.14285714285714,3.2,3.2,3.48571428571429,22.7445315789474
2024-07-18 23:00:00,1.825,2.8,2.825,3,17.13538
2024-07-19,1.46153846153846,2.46153846153846,2.46153846153846,2.66666666666667,12.8897947368421
2024-07-19 01:00:00,1.64102564102564,2.64102564102564,2.69230769230769,2.92307692307692,13.04002
2024-07-19 02:00:00,1.82051282051282,2.76923076923077,2.76923076923077,2.94871794871795,12.7538284210526
2024-07-19 03:00:00,1.92307692307692,2.94871794871795,2.97435897435897,3.23076923076923,13.81651
2024-07-19 04:00:00,1.94871794871795,3.15384615384615,3.30769230769231,3.48717948717949,14.1664336842105
2024-07-19 05:00:00,2.87179487179487,4.58974358974359,5.48717948717949,7.87179487179487,11.006891
2024-07-19 06:00:00,1.97435897435897,3.53846153846154,4.15384615384615,5.8974358974359,4.14908526315789
2024-07-19 07:00:00,1.5,2.725,3.25,4.25,2.1662505
2024-07-19 08:00:00,1.21052631578947,2.28947368421053,2.44736842105263,3.05263157894737,1.82412889473684
2024-07-19 09:00:00,1.025,2.025,2.225,2.625,0.6107209585
2024-07-19 10:00:00,1.05263157894737,2.05263157894737,2.15789473684211,2.42105263157895,1.01409457894737
2024-07-19 11:00:00,0.975,1.95,2.075,2.45,1.0032784
2024-07-19 12:00:00,1.05263157894737,2.05263157894737,2.13157894736842,2.52631578947368,2.01363463157895
2024-07-19 13:00:00,1.3,2.3,2.35,2.7,3.290016
2024-07-19 14:00:00,1.26315789473684,2.28947368421053,2.31578947368421,2.76315789473684,3.23731842105263
2024-07-19 15:00:00,1.45,2.5,2.575,3.2,3.386131
2024-07-19 16:00:00,1.30769230769231,2.35897435897436,2.41025641025641,2.82051282051282,3.31197684210526
2024-07-19 17:00:00,1.43589743589744,2.46153846153846,2.51282051282051,3.02564102564103,7.734873
2024-07-19 18:00:00,1.76923076923077,2.76923076923077,2.76923076923077,3.25641025641026,25.8815
2024-07-19 19:00:00,2.53846153846154,3.87179487179487,3.94871794871795,4.51282051282051,47.854795
2024-07-19 20:00:00,2.82051282051282,4.12820512820513,4.25641025641026,4.74358974358974,31.0315631578947
2024-07-19 21:00:00,2.6,3.74285714285714,3.94285714285714,4.28571428571429,30.1151944444444
2024-07-19 22:00:00,2.8974358974359,4.15384615384615,4.28205128205128,4.8974358974359,31.9354842105263
2024-07-19 23:00:00,2.82051282051282,4.15384615384615,4.46153846153846,5.17948717948718,17.443516
2024-07-20,2.35897435897436,3.64102564102564,3.79487179487179,4.35897435897436,7.14009157894737
2024-07-20 01:00:00,2.45454545454545,3.75757575757576,3.96969696969697,4.57575757575758,9.082928
2024-07-20 02:00:00,2.28947368421053,3.52631578947368,3.65789473684211,4.23684210526316,9.68427473684211
2024-07-20 03:00:00,3.10810810810811,4.78378378378378,5.02702702702703,5.62162162162162,12.2181745
2024-07-20 04:00:00,2.89473684210526,4.36842105263158,4.47368421052632,5.02631578947368,14.8607315789474
2024-07-20 05:00:00,2.275,3.525,3.625,4.525,8.251418
2024-07-20 06:00:00,3,4.63157894736842,5.02631578947368,6.21052631578947,4.49857789473684
2024-07-20 07:00:00,2.125,3.5,3.6,4.5,2.724391
2024-07-20 08:00:00,1.73684210526316,2.84210526315789,3.05263157894737,3.55263157894737,2.40137894736842
2024-07-20 09:00:00,1.6,2.675,2.9,3.5,2.4636755
2024-07-20 10:00:00,1.78947368421053,2.86842105263158,2.94736842105263,3.52631578947368,2.73432473684211
2024-07-20 11:00:00,1.525,2.575,2.825,3.575,1.56333555
2024-07-20 12:00:00,1.53846153846154,2.71794871794872,2.79487179487179,3.35897435897436,1.91946231578947
2024-07-20 13:00:00,1.76923076923077,2.87179487179487,3.02564102564103,3.56410256410256,2.1303145
2024-07-20 14:00:00,1.82051282051282,3.1025641025641,3.20512820512821,3.8974358974359,2.356202
2024-07-20 15:00:00,1.92307692307692,3.12820512820513,3.46153846153846,4.23076923076923,3.166866
2024-07-20 16:00:00,2.23076923076923,3.35897435897436,3.56410256410256,4.25641025641026,7.09413157894737
2024-07-20 17:00:00,2.69230769230769,4.07692307692308,4.23076923076923,5,19.427253
2024-07-20 18:00:00,3.92307692307692,5.48717948717949,5.71794871794872,6.66666666666667,30.31784
2024-07-20 19:00:00,3.79487179487179,5.41025641025641,5.66666666666667,6.87179487179487,20.230811
2024-07-20 20:00:00,3.28205128205128,4.79487179487179,4.8974358974359,5.82051282051282,18.5936684210526
2024-07-20 21:00:00,4.2,5.82857142857143,6.14285714285714,7.22857142857143,23.7767122222222
2024-07-20 22:00:00,4.41025641025641,5.8974358974359,6.20512820512821,7.1025641025641,26.115555
2024-07-20 23:00:00,4.46666666666667,6.06666666666667,6.3,7.06666666666667,23.8267947368421
2024-07-21,4.125,5.6,5.975,6.575,14.948095
2024-07-21 01:00:00,3.94871794871795,5.48717948717949,5.64102564102564,6.23076923076923,12.2893147368421
2024-07-21 02:00:00,4.13888888888889,5.5,5.80555555555556,6.36111111111111,16.95265
2024-07-21 03:00:00,4.10810810810811,5.62162162162162,5.89189189189189,6.45945945945946,12.0759057894737
2024-07-21 04:00:00,3.875,5.3,5.45,5.95,8.091765
2024-07-21 05:00:00,3.69230769230769,5.05128205128205,5.43589743589744,6.1025641025641,5.09912684210526
2024-07-21 06:00:00,3.92307692307692,5.38461538461539,5.84615384615385,7.02564102564103,2.467126
2024-07-21 07:00:00,3.94871794871795,6.05128205128205,7.12820512820513,10.7948717948718,3.30967736842105
2024-07-21 08:00:00,3.61538461538462,5.23076923076923,5.84615384615385,7.41025641025641,1.9048748
2024-07-21 09:00:00,3.38461538461538,4.64102564102564,5.05128205128205,6.23076923076923,0.854624105263158
2024-07-21 10:00:00,3.17948717948718,4.51282051282051,4.87179487179487,5.56410256410256,1.1114182
2024-07-21 11:00:00,2.71794871794872,3.84615384615385,3.97435897435897,4.56410256410256,0.870613631578947
2024-07-21 12:00:00,3,4.15384615384615,4.35897435897436,4.8974358974359,1.1965571
2024-07-21 13:00:00,2.94871794871795,4.07692307692308,4.28205128205128,4.8974358974359,1.68870673684211
2024-07-21 14:00:00,3.05555555555556,4.11111111111111,4.22222222222222,4.94444444444444,2.26691611111111
2024-07-21 15:00:00,3.21052631578947,4.42105263157895,4.52631578947368,5.36842105263158,3.48455947368421
2024-07-21 16:00:00,3.425,4.675,4.9,5.4,6.0967605
2024-07-21 17:00:00,3.21052631578947,4.42105263157895,4.63157894736842,5.47368421052632,10.9508105263158
2024-07-21 18:00:00,4.125,5.575,6.05,7.275,41.804765
2024-07-21 19:00:00,4.89473684210526,6.68421052631579,7.18421052631579,8.5,123.715936842105
2024-07-21 20:00:00,5.075,6.85,7.075,8.45,60.23963
2024-07-21 21:00:00,4.85294117647059,6.55882352941176,6.91176470588235,8,23.5074117647059
2024-07-21 22:00:00,4.175,5.375,5.5,6.15,11.167324
2024-07-21 23:00:00,3.86842105263158,5.18421052631579,5.34210526315789,5.94736842105263,13.0600178947368
2024-07-22,3.92307692307692,5.20512820512821,5.35897435897436,6,9.0946615
2024-07-22 01:00:00,4.25641025641026,5.43589743589744,5.53846153846154,6.41025641025641,7.38211
2024-07-22 02:00:00,4.20512820512821,5.61538461538461,5.74358974358974,6.38461538461539,7.216841
2024-07-22 03:00:00,4.43589743589744,5.92307692307692,6.1025641025641,6.71794871794872,7.75568684210526
2024-07-22 04:00:00,4.56410256410256,6.25641025641026,6.76923076923077,7.84615384615385,8.2733195
2024-07-22 05:00:00,3.92307692307692,5.35897435897436,5.71794871794872,6.35897435897436,4.39613842105263
2024-07-22 06:00:00,3.58974358974359,5,5.33333333333333,6.30769230769231,4.7756045
2024-07-22 07:00:00,3.41025641025641,4.71794871794872,4.87179487179487,5.79487179487179,5.29930368421053
2024-07-22 08:00:00,2.78947368421053,3.89473684210526,4.15789473684211,4.94736842105263,3.5030945
2024-07-22 09:00:00,2.71052631578947,3.97368421052632,4.02631578947368,4.84210526315789,3.26958526315789
2024-07-22 10:00:00,2.26315789473684,3.28947368421053,3.44736842105263,4.05263157894737,2.4998745
2024-07-22 11:00:00,0.421052631578947,1.34210526315789,1.42105263157895,1.84210526315789,1.41413084210526
2024-07-22 12:00:00,0.394736842105263,1.23684210526316,1.28947368421053,1.86842105263158,1.96677555
2024-07-22 13:00:00,0.131578947368421,1.10526315789474,1.21052631578947,1.73684210526316,2.65077315789474
2024-07-22 14:00:00,0.282051282051282,1.15384615384615,1.28205128205128,1.58974358974359,3.0235995
2024-07-22 15:00:00,0.648648648648649,1.59459459459459,1.75675675675676,2.08108108108108,3.66463526315789
2024-07-22 16:00:00,0.666666666666667,1.69230769230769,1.71794871794872,2.17948717948718,3.227076
2024-07-22 17:00:00,0.648648648648649,1.64864864864865,1.78378378378378,2.2972972972973,3.71999736842105
2024-07-22 18:00:00,0.8,1.75,1.925,2.6,5.5661645
2024-07-22 19:00:00,1.02702702702703,2.13513513513514,2.48648648648649,3.35135135135135,22.1253636842105
2024-07-22 20:00:00,0.9,2.06666666666667,2.2,2.6,28.3333
2024-07-22 21:00:00,1.06451612903226,2.16129032258065,2.41935483870968,3.12903225806452,22.0600764705882
2024-07-22 22:00:00,1.275,2.35,2.525,3.125,25.879075
2024-07-22 23:00:00,0.5,2,2,2,26.982
2024-07-23,0.777777777777778,1.69444444444444,1.69444444444444,1.86111111111111,20.5838944444444
2024-07-23 01:00:00,0.842105263157895,1.81578947368421,1.89473684210526,2.13157894736842,16.2557526315789
2024-07-23 02:00:00,0.675,1.6,1.6,1.7,12.55889
2024-07-23 03:00:00,0.897435897435897,1.97435897435897,1.97435897435897,2.23076923076923,13.0632494736842
2024-07-23 04:00:00,1.05128205128205,2.07692307692308,2.12820512820513,2.35897435897436,9.624955
2024-07-23 05:00:00,1.71794871794872,3.53846153846154,4.30769230769231,6.94871794871795,15.0608457894737
2024-07-23 06:00:00,1.84615384615385,4.07692307692308,5.51282051282051,10.2307692307692,7.1149055
2024-07-23 07:00:00,1.46153846153846,2.97435897435897,3.66666666666667,6.12820512820513,3.54678789473684
2024-07-23 08:00:00,0.897435897435897,1.94871794871795,2.02564102564103,2.41025641025641,2.251416
2024-07-23 09:00:00,0.769230769230769,1.84615384615385,1.97435897435897,2.48717948717949,0.892677631578947
2024-07-23 10:00:00,0.769230769230769,1.71794871794872,1.84615384615385,2.43589743589744,1.06532955
2024-07-23 11:00:00,0.948717948717949,1.94871794871795,2.07692307692308,2.79487179487179,2.67214578947368
2024-07-23 12:00:00,1.075,2.15,2.475,3.9,3.253849
2024-07-23 13:00:00,0.973684210526316,1.94736842105263,2.05263157894737,2.5,3.13834315789474
2024-07-23 14:00:00,1.3,2.375,2.45,2.9,5.399935
2024-07-23 15:00:00,1.68421052631579,2.97368421052632,3.18421052631579,4.13157894736842,65.6846421052632
2024-07-23 16:00:00,1.7,2.825,2.9,3.375,26.34435
2024-07-23 17:00:00,2.21052631578947,3.36842105263158,3.55263157894737,4.23684210526316,37.5626
2024-07-23 18:00:00,2.325,3.625,3.85,4.55,36.837685
2024-07-23 19:00:00,2.71052631578947,4.13157894736842,4.44736842105263,5.71052631578947,30.8019952631579
2024-07-23 20:00:00,1.125,2.15,2.325,3.075,4.695663
2024-07-23 21:00:00,0.882352941176471,1.79411764705882,1.88235294117647,2.17647058823529,7.17354941176471
2024-07-23 22:00:00,0.85,1.95,2.125,2.925,10.104219
2024-07-23 23:00:00,0.736842105263158,1.76315789473684,1.81578947368421,2.26315789473684,12.0385442105263
2024-07-24,1.08108108108108,2.32432432432432,2.59459459459459,3.78378378378378,17.41845
2024-07-24 01:00:00,1.02857142857143,2,2.05714285714286,2.48571428571429,13.1390768421053
2024-07-24 02:00:00,1.5,2.5,2.58333333333333,2.88888888888889,16.449125
2024-07-24 03:00:00,2.52777777777778,3.69444444444444,3.86111111111111,4.47222222222222,43.5965210526316
2024-07-24 04:00:00,2.74358974358974,3.94871794871795,4.05128205128205,4.43589743589744,35.13347
2024-07-24 05:00:00,1.19444444444444,2.19444444444444,2.36111111111111,2.69444444444444,16.4746489473684
2024-07-24 06:00:00,1.1025641025641,2.07692307692308,2.12820512820513,2.61538461538462,4.445803
2024-07-24 07:00:00,1.78947368421053,2.86842105263158,3.05263157894737,3.5,3.39162105263158
2024-07-24 08:00:00,1.425,2.45,2.6,3.025,2.2090639
2024-07-24 09:00:00,1.84615384615385,3.02564102564103,3.1025641025641,3.56410256410256,1.42309021052632
2024-07-24 10:00:00,2.30769230769231,3.41025641025641,3.43589743589744,3.71794871794872,2.782281
2024-07-24 11:00:00,1.71794871794872,2.74358974358974,2.79487179487179,3.23076923076923,2.60076252631579
2024-07-24 12:00:00,2.28205128205128,3.38461538461538,3.66666666666667,4.38461538461539,4.4898235
2024-07-24 13:00:00,1.175,2.175,2.325,2.675,3.145842
2024-07-24 14:00:00,0.342105263157895,1.28947368421053,1.28947368421053,1.44736842105263,2.95467263157895
2024-07-24 15:00:00,0.425,1.275,1.325,1.55,2.800226
2024-07-24 16:00:00,0.710526315789474,1.71052631578947,1.78947368421053,1.94736842105263,6.03963157894737
2024-07-24 17:00:00,0.85,1.9,1.975,2.125,10.1366495
2024-07-24 18:00:00,1,1.97435897435897,2.05128205128205,2.25641025641026,12.0776110526316
2024-07-24 19:00:00,1,2.07692307692308,2.15384615384615,2.56410256410256,11.991842
2024-07-24 20:00:00,1.02631578947368,2.07894736842105,2.36842105263158,2.73684210526316,15.7055666666667
2024-07-24 21:00:00,1.23529411764706,2.29411764705882,2.41176470588235,2.67647058823529,21.1514
2024-07-24 22:00:00,1.33333333333333,2.35897435897436,2.43589743589744,2.76923076923077,21.0413
2024-07-24 23:00:00,1.20512820512821,2.17948717948718,2.20512820512821,2.71794871794872,20.09123
2024-07-25,1.17948717948718,2.23076923076923,2.30769230769231,2.84615384615385,20.7688526315789
2024-07-25 01:00:00,1.3,2.325,2.4,2.825,15.66243
2024-07-25 02:00:00,1.13157894736842,2.13157894736842,2.23684210526316,2.52631578947368,11.5203494736842
2024-07-25 03:00:00,1.35,2.45,2.525,3,11.350672
2024-07-25 04:00:00,1.13513513513514,2.24324324324324,2.43243243243243,2.75675675675676,10.7781210526316
2024-07-25 05:00:00,1.13888888888889,2.33333333333333,2.52777777777778,3.11111111111111,6.8742175
2024-07-25 06:00:00,1.17948717948718,2.56410256410256,2.79487179487179,3.28205128205128,3.71828947368421
2024-07-25 07:00:00,1.075,2.4,2.625,3.125,2.6190675
2024-07-25 08:00:00,0.789473684210526,2.02631578947368,2.39473684210526,3.55263157894737,2.02800894736842
2024-07-25 09:00:00,0.6,1.675,1.825,2.35,1.4011629
2024-07-25 10:00:00,0.473684210526316,1.52631578947368,1.65789473684211,2,1.477558
2024-07-25 11:00:00,0.425,1.475,1.525,1.85,1.4292382
2024-07-25 12:00:00,0.736842105263158,1.78947368421053,1.81578947368421,2.13157894736842,2.59332473684211
2024-07-25 13:00:00,0.675,1.775,1.925,2.45,3.752127
2024-07-25 14:00:00,0.526315789473684,1.5,1.52631578947368,1.81578947368421,3.40060578947368
2024-07-25 15:00:00,0.675,1.65,1.65,2.075,3.9281875
2024-07-25 16:00:00,0.512820512820513,1.56410256410256,1.66666666666667,1.97435897435897,4.86931052631579
2024-07-25 17:00:00,0.717948717948718,1.69230769230769,1.79487179487179,2.28205128205128,9.28746
2024-07-25 18:00:00,1.05128205128205,2.28205128205128,2.56410256410256,3.46153846153846,33.7828421052632
2024-07-25 19:00:00,1.52777777777778,2.66666666666667,2.77777777777778,3.47222222222222,38.747395
2024-07-25 20:00:00,1.54285714285714,2.6,2.65714285714286,3.02857142857143,33.7942789473684
2024-07-25 21:00:00,1.74285714285714,2.88571428571429,3.05714285714286,3.31428571428571,31.8794
2024-07-25 22:00:00,2.07894736842105,3.15789473684211,3.21052631578947,3.5,24.3104105263158
2024-07-25 23:00:00,2.1,3.225,3.25,3.375,20.829675
2024-07-26,2.2972972972973,3.54054054054054,3.62162162162162,3.78378378378378,19.2032388888889
2024-07-26 01:00:00,2.71052631578947,3.94736842105263,4,4.34210526315789,19.25441
2024-07-26 02:00:00,2.68421052631579,3.97368421052632,4.07894736842105,4.23684210526316,15.8114473684211
2024-07-26 03:00:00,2.55263157894737,3.86842105263158,3.97368421052632,4.31578947368421,15.799755
2024-07-26 04:00:00,2.23684210526316,3.52631578947368,3.71052631578947,4.13157894736842,10.7876005263158
2024-07-26 05:00:00,3.5,6.23684210526316,8.05263157894737,13.5,14.9019405
2024-07-26 06:00:00,3.05263157894737,5.28947368421053,6.52631578947368,9.5,4.43863
2024-07-26 07:00:00,2.60526315789474,4.71052631578947,5.57894736842105,8.57894736842105,3.55106421052632
2024-07-26 08:00:00,2.37837837837838,4.2972972972973,5.16216216216216,7.81081081081081,2.75654421052632
2024-07-26 09:00:00,1.74358974358974,2.94871794871795,3.30769230769231,4.1025641025641,1.14467875
2024-07-26 10:00:00,1.78378378378378,2.94594594594595,3.32432432432432,4.05405405405405,3.20198105263158
2024-07-26 11:00:00,2.10810810810811,3.48648648648649,3.86486486486486,5.72972972972973,4.10655789473684
2024-07-26 12:00:00,2.16216216216216,3.62162162162162,4.10810810810811,5.45945945945946,14.5413584210526
2024-07-26 13:00:00,0.794871794871795,1.71794871794872,1.74358974358974,2.30769230769231,2.4840164
2024-07-26 14:00:00,1.72972972972973,2.94594594594595,3.45945945945946,4.75675675675676,24.4073657894737
2024-07-26 15:00:00,1.82051282051282,3.1025641025641,3.46153846153846,4.71794871794872,6.6968895
2024-07-26 16:00:00,1.86486486486486,3.13513513513514,3.40540540540541,4.51351351351351,5.07636947368421
2024-07-26 17:00:00,2,3.23076923076923,3.33333333333333,4.30769230769231,11.209117
2024-07-26 18:00:00,3.08108108108108,4.62162162162162,5.21621621621622,6.54054054054054,34.2944052631579
2024-07-26 19:00:00,4.79487179487179,7.1025641025641,7.66666666666667,8.71794871794872,29.99976
2024-07-26 20:00:00,2.87878787878788,4.27272727272727,4.36363636363636,5.3030303030303,25.7631210526316
2024-07-26 21:00:00,2.5,3.67647058823529,3.76470588235294,4.26470588235294,23.0573388888889
2024-07-26 22:00:00,2.21621621621622,3.35135135135135,3.48648648648649,4.21621621621622,18.1499117647059
2024-07-26 23:00:00,2.48717948717949,3.66666666666667,3.76923076923077,4.33333333333333,18.067285
2024-07-27,2.81578947368421,4.02631578947368,4.05263157894737,4.47368421052632,17.0636666666667
2024-07-27 01:00:00,2.95,4.125,4.35,4.7,13.048854
2024-07-27 02:00:00,3.21052631578947,4.5,4.57894736842105,4.97368421052632,11.4941978947368
2024-07-27 03:00:00,3.225,4.525,4.625,5.35,18.212665
2024-07-27 04:00:00,3.42105263157895,4.84210526315789,5.26315789473684,5.73684210526316,19.0503368421053
2024-07-27 05:00:00,4.87179487179487,7.05128205128205,8.2051282051282,11.2564102564103,30.0030368421053
2024-07-27 06:00:00,5.6,7.85714285714286,9.02857142857143,11.7428571428571,30.3406052631579
2024-07-27 07:00:00,6.225,8.9,10.275,14.125,24.4193
2024-07-27 08:00:00,5,6.73684210526316,7.44736842105263,8.73684210526316,4.83338842105263
2024-07-27 09:00:00,3.25,4.6,4.875,5.875,1.4752113
2024-07-27 10:00:00,2.89473684210526,4.28947368421053,4.55263157894737,5.84210526315789,1.55295989473684
2024-07-27 11:00:00,2.2,3.5,3.65,4.325,2.1002023
2024-07-27 12:00:00,2.42105263157895,3.52631578947368,3.76315789473684,4.76315789473684,5.23907210526316
2024-07-27 13:00:00,2.45,3.7,3.9,5.2,4.2886085
2024-07-27 14:00:00,1.8974358974359,3.17948717948718,3.43589743589744,4.20512820512821,2.86709210526316
2024-07-27 15:00:00,1.58974358974359,2.66666666666667,2.79487179487179,3.33333333333333,5.7241545
2024-07-27 16:00:00,0.974358974358974,1.97435897435897,2.07692307692308,2.33333333333333,12.9515705263158
2024-07-27 17:00:00,1.15789473684211,2.15789473684211,2.15789473684211,2.55263157894737,24.5964736842105
2024-07-27 18:00:00,1.36842105263158,2.47368421052632,2.5,2.73684210526316,56.2487210526316
2024-07-27 19:00:00,1.76315789473684,2.89473684210526,3,3.44736842105263,80.10244
2024-07-27 20:00:00,2.18421052631579,3.39473684210526,3.5,3.76315789473684,55.5811789473684
2024-07-27 21:00:00,3,4.09677419354839,4.35483870967742,4.70967741935484,33.9108111111111
2024-07-27 22:00:00,3.23076923076923,4.64102564102564,4.76923076923077,5.17948717948718,18.4317894736842
2024-07-27 23:00:00,6.84615384615385,8.56410256410256,8.84615384615385,9.46153846153846,17.683205
2024-07-28,7.1,9.175,9.5,10.175,10.562866
2024-07-28 01:00:00,6.47368421052632,8.57894736842105,9.1578947368421,9.92105263157895,8.46273157894737
2024-07-28 02:00:00,6,8.075,8.55,9.4,8.3640545
2024-07-28 03:00:00,6.14285714285714,8.51428571428571,9.31428571428571,10.6857142857143,12.2995731578947
2024-07-28 04:00:00,0.648648648648649,1.64864864864865,1.7027027027027,1.91891891891892,3.2215945
2024-07-28 05:00:00,1.02941176470588,1.97058823529412,1.97058823529412,2.14705882352941,2.85887166666667
2024-07-28 06:00:00,1,2,2.025,2.2,2.9428585
2024-07-28 07:00:00,0.972222222222222,1.91666666666667,1.91666666666667,2.22222222222222,3.34178789473684
2024-07-28 08:00:00,0.487179487179487,1.20512820512821,1.28205128205128,1.48717948717949,2.71686
2024-07-28 09:00:00,0.216216216216216,0.864864864864865,0.891891891891892,1,1.756962
2024-07-28 10:00:00,0.282051282051282,1.12820512820513,1.15384615384615,1.30769230769231,1.7013309
2024-07-28 11:00:00,0.552631578947368,1.44736842105263,1.47368421052632,1.65789473684211,2.07886210526316
2024-07-28 12:00:00,1.05263157894737,2.05263157894737,2.13157894736842,2.47368421052632,2.592934
2024-07-28 13:00:00,0.973684210526316,1.97368421052632,2,2.34210526315789,3.08149684210526
2024-07-28 14:00:00,0.789473684210526,1.73684210526316,1.78947368421053,1.92105263157895,2.8932085
2024-07-28 15:00:00,0.605263157894737,1.57894736842105,1.63157894736842,1.81578947368421,3.14470210526316
2024-07-28 16:00:00,0.736842105263158,1.73684210526316,1.86842105263158,2,3.388307
2024-07-28 17:00:00,0.842105263157895,1.89473684210526,1.94736842105263,2.28947368421053,4.12329105263158
2024-07-28 18:00:00,1.41025641025641,2.51282051282051,2.71794871794872,3.17948717948718,12.205774
2024-07-28 19:00:00,1.64864864864865,3,3.27027027027027,3.86486486486486,45.1601684210526
2024-07-28 20:00:00,1.66666666666667,3,3.23076923076923,4.07692307692308,43.07716
2024-07-28 21:00:00,1.48484848484848,2.78787878787879,3.15151515151515,3.66666666666667,28.5672588235294
2024-07-28 22:00:00,1.48717948717949,2.74358974358974,2.92307692307692,3.48717948717949,22.861535
2024-07-28 23:00:00,1.59459459459459,2.7027027027027,2.97297297297297,3.35135135135135,20.0433842105263
2024-07-29,1.84615384615385,3.23076923076923,3.43589743589744,3.84615384615385,17.35367
2024-07-29 01:00:00,1.65789473684211,2.94736842105263,3,3.28947368421053,15.9580894736842
2024-07-29 02:00:00,1.5,2.65789473684211,2.81578947368421,3.18421052631579,15.13554
2024-07-29 03:00:00,1.63157894736842,2.73684210526316,2.84210526315789,3.21052631578947,15.7157842105263
2024-07-29 04:00:00,1.63157894736842,2.81578947368421,2.94736842105263,3.47368421052632,14.48276
2024-07-29 05:00:00,1.52631578947368,2.73684210526316,3.10526315789474,3.44736842105263,10.9801542105263
2024-07-29 06:00:00,1.325,2.4,2.525,2.975,3.064812
2024-07-29 07:00:00,1.21052631578947,2.57894736842105,3.23684210526316,4.71052631578947,3.54473473684211
2024-07-29 08:00:00,0.973684210526316,2.13157894736842,2.42105263157895,3.13157894736842,2.5758955
2024-07-29 09:00:00,0.657894736842105,1.76315789473684,1.89473684210526,2.31578947368421,1.56073536842105
2024-07-29 10:00:00,0.358974358974359,1.43589743589744,1.58974358974359,2,1.4299662
2024-07-29 11:00:00,0.297297297297297,1.2972972972973,1.32432432432432,1.62162162162162,1.84608105263158
2024-07-29 12:00:00,0.153846153846154,1.20512820512821,1.20512820512821,1.66666666666667,1.7532029
2024-07-29 13:00:00,0.162162162162162,1.13513513513514,1.16216216216216,1.48648648648649,3.99675421052632
2024-07-29 14:00:00,0.230769230769231,1.17948717948718,1.17948717948718,1.30769230769231,3.1324085
2024-07-29 15:00:00,0.324324324324324,1.2972972972973,1.37837837837838,1.78378378378378,3.40291526315789
2024-07-29 16:00:00,0.384615384615385,1.30769230769231,1.33333333333333,1.51282051282051,3.4525865
2024-07-29 17:00:00,0.578947368421053,1.57894736842105,1.65789473684211,2.05263157894737,7.56038578947368
2024-07-29 18:00:00,0.842105263157895,1.92105263157895,2,2.23684210526316,25.30902
2024-07-29 19:00:00,2.26315789473684,3.57894736842105,3.81578947368421,4.34210526315789,40.4242684210526
2024-07-29 20:00:00,1.02631578947368,1.97368421052632,2.02631578947368,2.26315789473684,37.347465
2024-07-29 21:00:00,0.764705882352941,1.79411764705882,1.85294117647059,2.02941176470588,33.5691294117647
2024-07-29 22:00:00,0.578947368421053,1.52631578947368,1.52631578947368,1.60526315789474,24.290225
2024-07-29 23:00:00,0.368421052631579,1.28947368421053,1.34210526315789,1.47368421052632,20.4598052631579
2024-07-30,0.666666666666667,1.66666666666667,1.76923076923077,1.82051282051282,18.26672
2024-07-30 01:00:00,0.540540540540541,1.54054054054054,1.54054054054054,1.7027027027027,15.2658947368421
2024-07-30 02:00:00,0.461538461538462,1.46153846153846,1.46153846153846,1.61538461538462,15.03688
2024-07-30 03:00:00,0.675675675675676,1.59459459459459,1.64864864864865,1.78378378378378,18.0443421052632
2024-07-30 04:00:00,0.717948717948718,1.66666666666667,1.66666666666667,1.82051282051282,15.761265
2024-07-30 05:00:00,1.07894736842105,2.10526315789474,2.21052631578947,2.55263157894737,12.0807842105263
2024-07-30 06:00:00,1.475,2.9,3.125,3.975,3.5087325
2024-07-30 07:00:00,1.28947368421053,2.60526315789474,3.07894736842105,3.60526315789474,3.24878736842105
2024-07-30 08:00:00,1.15,2.225,2.35,2.775,2.7779734
2024-07-30 09:00:00,0.763157894736842,1.78947368421053,1.86842105263158,2.18421052631579,0.724874157894737
2024-07-30 10:00:00,0.8,1.875,1.875,2.325,1.20780175
2024-07-30 11:00:00,0.947368421052632,2,2.15789473684211,2.65789473684211,0.998659105263158
2024-07-30 12:00:00,1.1,2.225,2.425,2.925,1.92604195
2024-07-30 13:00:00,1.05128205128205,2.07692307692308,2.23076923076923,3,2.07014147368421
2024-07-30 14:00:00,1.05128205128205,2.05128205128205,2.17948717948718,2.76923076923077,2.3160545
2024-07-30 15:00:00,1.02564102564103,2.07692307692308,2.17948717948718,2.58974358974359,2.74672894736842
2024-07-30 16:00:00,0.947368421052632,1.97368421052632,2.13157894736842,2.57894736842105,3.1066535
2024-07-30 17:00:00,1.15789473684211,2.18421052631579,2.36842105263158,2.92105263157895,7.30226684210526
2024-07-30 18:00:00,1.44736842105263,2.65789473684211,2.81578947368421,3.47368421052632,30.002825
2024-07-30 19:00:00,1.68421052631579,2.92105263157895,3.05263157894737,4,60.7177105263158
2024-07-30 20:00:00,1.87878787878788,2.93939393939394,3.21212121212121,3.75757575757576,55.64592
2024-07-30 21:00:00,2.28571428571429,3.37142857142857,3.57142857142857,3.91428571428571,43.6763882352941
2024-07-30 22:00:00,2.12820512820513,3.30769230769231,3.43589743589744,4.05128205128205,32.270145
2024-07-30 23:00:00,2.20512820512821,3.46153846153846,3.58974358974359,3.97435897435897,27.7596578947368
2024-07-31,2.17948717948718,3.35897435897436,3.56410256410256,4.17948717948718,23.9433
2024-07-31 01:00:00,2.38888888888889,3.69444444444444,3.69444444444444,4.25,12.0186768421053
2024-07-31 02:00:00,3.15384615384615,4.76923076923077,4.94871794871795,5.43589743589744,10.4138345
2024-07-31 03:00:00,3.25,4.69444444444444,4.91666666666667,5.19444444444444,17.6817511111111
2024-07-31 04:00:00,2.48717948717949,3.94871794871795,4.1025641025641,4.76923076923077,15.900417
2024-07-31 05:00:00,2.91891891891892,4.64864864864865,5.21621621621622,6.45945945945946,13.9157721052632
2024-07-31 06:00:00,3.05128205128205,4.94871794871795,5.71794871794872,7.84615384615385,3.5846335
2024-07-31 07:00:00,3.34210526315789,5.78947368421053,7.07894736842105,11.3157894736842,8.6262752631579
2024-07-31 08:00:00,3.02631578947368,5.86842105263158,7.84210526315789,12.5,13.2244505
2024-07-31 09:00:00,2.76315789473684,4.73684210526316,5.68421052631579,8.13157894736842,1.300665
2024-07-31 10:00:00,2.55263157894737,4.26315789473684,4.84210526315789,6.78947368421053,1.21855115
2024-07-31 11:00:00,2.42105263157895,3.92105263157895,4.5,5.5,0.852797578947368
2024-07-31 12:00:00,2.15789473684211,3.52631578947368,4.02631578947368,5.15789473684211,0.8346786
2024-07-31 13:00:00,2.10526315789474,3.39473684210526,3.73684210526316,4.81578947368421,1.64765252631579
2024-07-31 14:00:00,2.34210526315789,3.60526315789474,4.02631578947368,5.02631578947368,1.5868769
2024-07-31 15:00:00,2.74358974358974,3.97435897435897,4.33333333333333,5.38461538461539,3.0009435
2024-07-31 16:00:00,4,5.58823529411765,6,7.55882352941176,8.89379375
2024-07-31 17:00:00,2.97435897435897,4.33333333333333,4.53846153846154,5.66666666666667,17.384977
2024-07-31 18:00:00,2.94594594594595,4.32432432432432,4.78378378378378,5.72972972972973,43.0873
2024-07-31 19:00:00,3.48717948717949,4.92307692307692,5.02564102564103,5.8974358974359,66.494845
2024-07-31 20:00:00,3.97297297297297,5.43243243243243,5.78378378378378,6.54054054054054,50.6936421052632
2024-07-31 21:00:00,3.25714285714286,4.54285714285714,4.71428571428571,5.08571428571429,23.5577588235294
2024-07-31 22:00:00,3.15384615384615,5.02564102564103,5.92307692307692,8.30769230769231,26.9538736842105
2024-07-31 23:00:00,3.46153846153846,5.12820512820513,5.71794871794872,7.53846153846154,41.38615
2024-08-01,3.88571428571429,5.28571428571429,5.42857142857143,6.17142857142857,54.3528263157895
2024-08-01 01:00:00,4.825,6.7,7.25,8.85,72.399075
2024-08-01 02:00:00,6.18421052631579,8.39473684210526,9.21052631578947,11.0526315789474,64.4048
2024-08-01 03:00:00,6.20512820512821,8.15384615384615,8.48717948717949,9,25.75152
2024-08-01 04:00:00,5.89189189189189,7.64864864864865,7.94594594594595,8.72972972972973,14.6367968421053
2024-08-01 05:00:00,5.65789473684211,7.28947368421053,7.5,8.21052631578947,10.7712905263158
2024-08-01 06:00:00,4.78378378378378,6.37837837837838,6.7027027027027,7.78378378378378,3.47326526315789
2024-08-01 07:00:00,5.1025641025641,7.25641025641026,7.71794871794872,8.92307692307692,7.5731905
2024-08-01 08:00:00,4.32432432432432,6.32432432432432,6.48648648648649,7.54054054054054,1.78800089473684
2024-08-01 09:00:00,3.97435897435897,5.79487179487179,6.1025641025641,6.71794871794872,0.83599995
2024-08-01 10:00:00,3.51351351351351,5.08108108108108,5.45945945945946,6.51351351351351,1.03431584210526
2024-08-01 11:00:00,3.02564102564103,4.51282051282051,4.82051282051282,5.87179487179487,2.0809152
2024-08-01 12:00:00,3.21621621621622,4.75675675675676,5.48648648648649,8.02702702702703,1.48699205263158
2024-08-01 13:00:00,3.02564102564103,4.58974358974359,5.28205128205128,6.71794871794872,2.2905839
2024-08-01 14:00:00,2.86111111111111,4.19444444444444,4.38888888888889,5.55555555555556,3.72364157894737
2024-08-01 15:00:00,2.82051282051282,4.15384615384615,4.64102564102564,5.69230769230769,5.58212
2024-08-01 16:00:00,2.83783783783784,4.2972972972973,4.51351351351351,5.27027027027027,15.5148978947368
2024-08-01 17:00:00,3.35897435897436,4.8974358974359,5.17948717948718,6.02564102564103,18.2650565
2024-08-01 18:00:00,2.84210526315789,4.5,4.94736842105263,5.92105263157895,36.1498736842105
2024-08-01 19:00:00,3.05263157894737,4.86842105263158,5.39473684210526,6.52631578947368,94.71703
2024-08-01 20:00:00,3.47368421052632,5.26315789473684,5.86842105263158,6.55263157894737,81.8212947368421
2024-08-01 21:00:00,3.33333333333333,4.96969696969697,5.27272727272727,6.3030303030303,46.2984941176471
2024-08-01 22:00:00,3.08333333333333,4.44444444444444,4.58333333333333,5.30555555555556,22.6815157894737
2024-08-01 23:00:00,3.41025641025641,5.02564102564103,5.30769230769231,5.79487179487179,15.388675
2024-08-02,3.76315789473684,5.18421052631579,5.52631578947368,6.02631578947368,12.1538052631579
2024-08-02 01:00:00,4.07692307692308,5.64102564102564,6.05128205128205,6.92307692307692,9.799019
2024-08-02 02:00:00,5.25714285714286,7.02857142857143,7.45714285714286,8.11428571428571,9.97818647058824
2024-08-02 03:00:00,5.23076923076923,6.84615384615385,7.23076923076923,7.76923076923077,8.4844485
2024-08-02 04:00:00,5.41666666666667,7.19444444444444,7.5,8.55555555555556,7.86232947368421
2024-08-02 05:00:00,10.5384615384615,13.5128205128205,14.1794871794872,15.1282051282051,5.3959915
2024-08-02 06:00:00,10.9189189189189,13.3783783783784,14,15.1621621621622,9.04294842105263
2024-08-02 07:00:00,6.76923076923077,8.71794871794872,9.15384615384615,10.6153846153846,4.6554605
2024-08-02 08:00:00,3.94594594594595,5.72972972972973,6.24324324324324,8.59459459459459,3.27251789473684
2024-08-02 09:00:00,3.02631578947368,4.39473684210526,4.76315789473684,5.78947368421053,3.667243
2024-08-02 10:00:00,1.89473684210526,2.84210526315789,3,3.36842105263158,7.71635736842105
2024-08-02 11:00:00,0.0857142857142857,0.771428571428571,0.771428571428571,1.05714285714286,4.4229485
2024-08-02 12:00:00,1.56410256410256,2.58974358974359,2.64102564102564,2.84615384615385,3.66619368421053
2024-08-02 13:00:00,2.15384615384615,3.20512820512821,3.23076923076923,3.30769230769231,3.7499515
2024-08-02 14:00:00,1.5,2.61111111111111,2.69444444444444,2.80555555555556,10.3366610526316
2024-08-02 15:00:00,3.48717948717949,4.94871794871795,5.1025641025641,5.64102564102564,6.0257505
2024-08-02 16:00:00,3.45714285714286,5.05714285714286,5.22857142857143,5.74285714285714,6.02577578947368
2024-08-02 17:00:00,3.53846153846154,5.28205128205128,5.46153846153846,5.87179487179487,16.1498575
2024-08-02 18:00:00,3.91428571428571,5.65714285714286,6.11428571428571,6.51428571428571,9.19040578947368
2024-08-02 19:00:00,6.5,9.05,9.8,10.475,13.376479
2024-08-02 20:00:00,4.10526315789474,5.89473684210526,6.07894736842105,6.65789473684211,14.6466263157895
2024-08-02 21:00:00,3.8,5.51428571428571,5.85714285714286,6.88571428571429,11.9074541176471
2024-08-02 22:00:00,4.46153846153846,6.46153846153846,6.76923076923077,7.41025641025641,8.90494210526316
2024-08-02 23:00:00,5.28205128205128,7.74358974358974,8.61538461538461,9.17948717948718,8.497221
2024-08-03,6.92307692307692,10.1282051282051,11.1794871794872,12.1282051282051,8.73626947368421
2024-08-03 01:00:00,5.1025641025641,7.25641025641026,7.74358974358974,8.53846153846154,10.802164
2024-08-03 02:00:00,4.66666666666667,6.76923076923077,7.43589743589744,8.38461538461539,11.2260268421053
2024-08-03 03:00:00,5.07692307692308,7.28205128205128,8.1025641025641,9.82051282051282,28.444755
2024-08-03 04:00:00,6,8.25641025641026,9.12820512820513,10.5897435897436,15.0542473684211
2024-08-03 05:00:00,5.97435897435897,8.30769230769231,8.97435897435897,10.5641025641026,16.209351
2024-08-03 06:00:00,7.28205128205128,9.64102564102564,10.1538461538462,11.2564102564103,7.89766526315789
2024-08-03 07:00:00,7.15384615384615,9.43589743589744,10.025641025641,11.0769230769231,4.46804315789474
2024-08-03 08:00:00,6.15789473684211,8.07894736842105,8.3421052631579,8.78947368421053,2.89168210526316
2024-08-03 09:00:00,4.4,6.1,6.425,7.15,1.3030287
2024-08-03 10:00:00,4.05263157894737,5.68421052631579,5.94736842105263,6.26315789473684,1.19356189473684
2024-08-03 11:00:00,4.975,6.725,6.95,7.625,1.5292902
2024-08-03 12:00:00,5.63157894736842,7.39473684210526,7.68421052631579,8.39473684210526,2.34578789473684
2024-08-03 13:00:00,5.3,7.15,7.275,8.125,3.426252
2024-08-03 14:00:00,5.34210526315789,7.13157894736842,7.44736842105263,8,4.55972894736842
2024-08-03 15:00:00,4.475,6.15,6.325,6.85,4.199125
2024-08-03 16:00:00,4.55263157894737,6.07894736842105,6.23684210526316,6.73684210526316,3.85203
2024-08-03 17:00:00,4.1025641025641,5.58974358974359,5.69230769230769,6.02564102564103,7.957685
2024-08-03 18:00:00,3.94594594594595,5.35135135135135,5.54054054054054,6.02702702702703,28.8747626315789
2024-08-03 19:00:00,4.275,5.825,5.95,6.525,32.172645
2024-08-03 20:00:00,4.17647058823529,5.70588235294118,5.91176470588235,6.32352941176471,28.8082684210526
2024-08-03 21:00:00,3.97222222222222,5.52777777777778,5.97222222222222,6.27777777777778,30.9330611111111
2024-08-03 22:00:00,4.07894736842105,5.5,5.65789473684211,6.18421052631579,25.9014631578947
2024-08-03 23:00:00,4.17948717948718,5.71794871794872,5.8974358974359,6.41025641025641,18.635835
2024-08-04,6.43243243243243,8.56756756756757,8.94594594594595,9.54054054054054,16.0135631578947
2024-08-04 01:00:00,5.8974358974359,8,8.53846153846154,9.35897435897436,16.648675
2024-08-04 02:00:00,7.02857142857143,10.1428571428571,11.8285714285714,14.8857142857143,60.8187315789474
2024-08-04 03:00:00,8.23076923076923,10.9230769230769,11.7692307692308,13.3076923076923,45.591455
2024-08-04 04:00:00,5,6.84615384615385,7.38461538461539,7.79487179487179,15.93187
2024-08-04 05:00:00,1.83783783783784,3.16216216216216,3.40540540540541,3.56756756756757,11.6784721052632
2024-08-04 06:00:00,1.28947368421053,2.26315789473684,2.36842105263158,2.65789473684211,8.63792
2024-08-04 07:00:00,1.64864864864865,2.67567567567568,2.75675675675676,2.94594594594595,7.42424052631579
2024-08-04 08:00:00,2.23684210526316,3.31578947368421,3.44736842105263,3.84210526315789,4.6774395
2024-08-04 09:00:00,3.92105263157895,5.28947368421053,5.31578947368421,5.78947368421053,2.06090842105263
2024-08-04 10:00:00,4.69230769230769,6.15384615384615,6.38461538461539,6.8974358974359,2.146439
2024-08-04 11:00:00,2.37837837837838,3.48648648648649,3.56756756756757,3.72972972972973,0.972685210526316
2024-08-04 12:00:00,1.53846153846154,2.53846153846154,2.64102564102564,2.82051282051282,1.54448905
2024-08-04 13:00:00,1.67567567567568,2.7027027027027,2.75675675675676,2.89189189189189,2.63336789473684
2024-08-04 14:00:00,1.25641025641026,2.30769230769231,2.33333333333333,2.61538461538462,21.0103735
2024-08-04 15:00:00,1.86486486486486,3,3.18918918918919,3.91891891891892,37.5828068421053
2024-08-04 16:00:00,2.02564102564103,3.17948717948718,3.35897435897436,3.69230769230769,73.60179
2024-08-04 17:00:00,2,3.28571428571429,3.48571428571429,3.82857142857143,58.903
2024-08-04 18:00:00,1.33333333333333,2.38888888888889,2.41666666666667,2.69444444444444,27.720205
2024-08-04 19:00:00,1.69230769230769,2.84615384615385,2.8974358974359,3,18.7278684210526
2024-08-04 20:00:00,1.53846153846154,2.56410256410256,2.66666666666667,3.05128205128205,11.381345
2024-08-04 21:00:00,1.54285714285714,2.57142857142857,2.68571428571429,3.11428571428571,9.11692352941176
2024-08-04 22:00:00,5.71794871794872,9.23076923076923,10.6153846153846,12.5641025641026,8.150644
2024-08-04 23:00:00,1.66666666666667,2.8974358974359,3.02564102564103,3.53846153846154,7.63124631578947
2024-08-05,2.02564102564103,3.48717948717949,4.02564102564103,5.30769230769231,18.499786
2024-08-05 01:00:00,1.74358974358974,3.28205128205128,3.58974358974359,4.69230769230769,5.90956368421053
2024-08-05 02:00:00,1.85,3.4,4.025,5.05,6.993852
2024-08-05 03:00:00,1.76315789473684,3.5,4.05263157894737,5.26315789473684,7.06065947368421
2024-08-05 04:00:00,1.925,3.825,4.475,5.925,7.0890575
2024-08-05 05:00:00,1.86842105263158,3.78947368421053,4.39473684210526,5.36842105263158,6.10107894736842
2024-08-05 06:00:00,1.55,3.525,4.175,4.9,10.406916
2024-08-05 07:00:00,1.15789473684211,2.94736842105263,3.31578947368421,4.13157894736842,2.52332157894737
2024-08-05 08:00:00,1.225,2.95,3.5,4.2,2.267834
2024-08-05 09:00:00,1.13157894736842,2.78947368421053,3.26315789473684,3.94736842105263,2.04844421052632
2024-08-05 10:00:00,0.75,2.125,2.375,2.825,1.5434627
2024-08-05 11:00:00,0.948717948717949,2.35897435897436,2.64102564102564,3.48717948717949,2.54179
2024-08-05 12:00:00,0.58974358974359,1.82051282051282,1.94871794871795,2.38461538461538,2.4799265
2024-08-05 13:00:00,0.631578947368421,1.86842105263158,2.05263157894737,2.42105263157895,6.42769842105263
2024-08-05 14:00:00,0.384615384615385,1.46153846153846,1.61538461538462,2.1025641025641,4.0463545
2024-08-05 15:00:00,0.564102564102564,1.64102564102564,1.74358974358974,2.02564102564103,9.4040452631579
2024-08-05 16:00:00,0.487179487179487,1.53846153846154,1.66666666666667,1.87179487179487,12.12235
2024-08-05 17:00:00,0.864864864864865,1.97297297297297,2.05405405405405,2.48648648648649,9.06311210526316
2024-08-05 18:00:00,1.61538461538462,3.12820512820513,3.58974358974359,3.8974358974359,22.809025
2024-08-05 19:00:00,1.41025641025641,2.66666666666667,2.87179487179487,3.20512820512821,35.3403421052632
2024-08-05 20:00:00,0.894736842105263,2.13157894736842,2.23684210526316,2.57894736842105,28.28397
2024-08-05 21:00:00,0.852941176470588,2.05882352941176,2.20588235294118,2.76470588235294,23.4545941176471
2024-08-05 22:00:00,0.789473684210526,1.97368421052632,2.05263157894737,2.39473684210526,21.524365
2024-08-05 23:00:00,0.945945945945946,2.08108108108108,2.21621621621622,2.56756756756757,17.3025578947368
2024-08-06,0.769230769230769,1.84615384615385,1.92307692307692,2.28205128205128,15.021535
2024-08-06 01:00:00,0.621621621621622,1.78378378378378,1.91891891891892,2.16216216216216,12.7104263157895
2024-08-06 02:00:00,0.743589743589744,1.84615384615385,1.94871794871795,2.33333333333333,11.996263
2024-08-06 03:00:00,0.810810810810811,2.05405405405405,2.16216216216216,2.35135135135135,11.3053021052632
2024-08-06 04:00:00,0.948717948717949,2.02564102564103,2.17948717948718,2.53846153846154,11.932297
2024-08-06 05:00:00,1.45945945945946,2.86486486486486,3.32432432432432,4.51351351351351,8.89470105263158
2024-08-06 06:00:00,1.8974358974359,3.66666666666667,4.20512820512821,5.66666666666667,3.518544
2024-08-06 07:00:00,1.62162162162162,3.16216216216216,3.89189189189189,4.89189189189189,4.22014105263158
2024-08-06 08:00:00,1.12820512820513,2.56410256410256,2.87179487179487,3.97435897435897,2.4974917
2024-08-06 09:00:00,1.08108108108108,2.45945945945946,2.75675675675676,3.16216216216216,4.543492
2024-08-06 10:00:00,0.897435897435897,2.15384615384615,2.46153846153846,2.94871794871795,1.2996172
2024-08-06 11:00:00,0.972972972972973,2.18918918918919,2.37837837837838,3.05405405405405,1.80629842105263
2024-08-06 12:00:00,1,2.05128205128205,2.20512820512821,2.64102564102564,1.761173
2024-08-06 13:00:00,0.973684210526316,2.18421052631579,2.31578947368421,2.76315789473684,2.76881052631579
2024-08-06 14:00:00,1.02631578947368,2.10526315789474,2.28947368421053,2.60526315789474,3.83197
2024-08-06 15:00:00,1.05263157894737,2.13157894736842,2.26315789473684,2.89473684210526,3.45382368421053
2024-08-06 16:00:00,1.05263157894737,2.07894736842105,2.13157894736842,2.65789473684211,13.588915
2024-08-06 17:00:00,1.44736842105263,2.71052631578947,2.92105263157895,3.31578947368421,20.7364878947368
2024-08-06 18:00:00,1.48717948717949,2.66666666666667,2.84615384615385,3.35897435897436,16.825708
2024-08-06 19:00:00,2.32432432432432,3.78378378378378,3.97297297297297,4.43243243243243,29.5363157894737
2024-08-06 20:00:00,2.42857142857143,3.74285714285714,3.91428571428571,4.62857142857143,46.322565
2024-08-06 21:00:00,2.58823529411765,4.17647058823529,4.23529411764706,4.64705882352941,36.9137705882353
2024-08-06 22:00:00,2.79487179487179,4.28205128205128,4.48717948717949,4.84615384615385,31.169365
2024-08-06 23:00:00,2.48648648648649,3.89189189189189,4.10810810810811,4.67567567567568,27.0008842105263
2024-08-07,1.94871794871795,3.35897435897436,3.51282051282051,4.02564102564103,15.08316
2024-08-07 01:00:00,1.92105263157895,3.05263157894737,3.18421052631579,3.5,14.4001157894737
2024-08-07 02:00:00,1.84210526315789,3.07894736842105,3.26315789473684,3.68421052631579,13.176015
2024-08-07 03:00:00,2.55263157894737,3.78947368421053,3.94736842105263,4.36842105263158,18.0005947368421
2024-08-07 04:00:00,2.07894736842105,3.36842105263158,3.44736842105263,3.94736842105263,19.222931
2024-08-07 05:00:00,2.28947368421053,3.89473684210526,4.47368421052632,5.63157894736842,14.3523184210526
2024-08-07 06:00:00,2.78947368421053,5,6.44736842105263,9.6578947368421,4.5178565
2024-08-07 07:00:00,3.89473684210526,6.52631578947368,8.44736842105263,12.8684210526316,16.5342478947368
2024-08-07 08:00:00,3,5.15384615384615,6.20512820512821,8.48717948717949,5.5673675
2024-08-07 09:00:00,2.37837837837838,4.21621621621622,5.02702702702703,6.21621621621622,1.853482
2024-08-07 10:00:00,2.07692307692308,3.51282051282051,3.82051282051282,4.51282051282051,1.2821847
2024-08-07 11:00:00,1.97297297297297,3.13513513513514,3.27027027027027,3.81081081081081,1.18084457894737
2024-08-07 12:00:00,15.2564102564103,19.3076923076923,20.0769230769231,21.2051282051282,1.737331
2024-08-07 13:00:00,3,4.51351351351351,4.7027027027027,5.7027027027027,2.00236884210526
2024-08-07 14:00:00,2.74358974358974,3.97435897435897,4.05128205128205,4.71794871794872,3.015449
2024-08-07 15:00:00,2.51282051282051,3.84615384615385,4.30769230769231,5.35897435897436,7.90187631578947
2024-08-07 16:00:00,2.19444444444444,3.41666666666667,3.47222222222222,4.11111111111111,32.9933333333333
2024-08-07 17:00:00,3.1025641025641,4.56410256410256,4.76923076923077,5.53846153846154,47.38563
2024-08-07 18:00:00,3.2972972972973,4.86486486486486,5.18918918918919,5.86486486486486,62.8527684210526
2024-08-07 19:00:00,4.38461538461539,6.02564102564103,6.43589743589744,7.38461538461539,42.854445
2024-08-07 20:00:00,5.73684210526316,7.81578947368421,8.13157894736842,8.92105263157895,29.8533473684211
2024-08-07 21:00:00,3.88235294117647,5.47058823529412,5.55882352941176,6.23529411764706,24.5685647058824
2024-08-07 22:00:00,3.66666666666667,5.11111111111111,5.38888888888889,5.94444444444444,11.7336357894737
2024-08-07 23:00:00,3.80555555555556,5.16666666666667,5.44444444444444,5.88888888888889,8.4597685
2024-08-08,3.85714285714286,5.31428571428571,5.57142857142857,6.34285714285714,9.53176789473684
2024-08-08 01:00:00,4.05405405405405,5.72972972972973,5.86486486486486,6.56756756756757,17.306845
2024-08-08 02:00:00,4.5,6.31578947368421,6.52631578947368,7.78947368421053,13.0551957894737
2024-08-08 03:00:00,4.5,6.15,6.5,7.2,17.689951
2024-08-08 04:00:00,5.41666666666667,7.33333333333333,7.83333333333333,9.05555555555556,15.2833789473684
2024-08-08 05:00:00,4.46153846153846,6.15384615384615,6.71794871794872,8,6.4940185
2024-08-08 06:00:00,4.18421052631579,5.94736842105263,6.34210526315789,7.44736842105263,3.18173263157895
2024-08-08 07:00:00,4.15,6.025,6.425,7.425,4.37838
2024-08-08 08:00:00,4.73684210526316,6.60526315789474,7.13157894736842,7.94736842105263,4.42000105263158
2024-08-08 09:00:00,4.2,5.875,6.325,7.3,7.5099235
2024-08-08 10:00:00,2.2,3.54285714285714,3.68571428571429,4.31428571428571,46.3012684210526
2024-08-08 11:00:00,2.25,3.325,3.425,3.7,31.520705
2024-08-08 12:00:00,3.81578947368421,5.07894736842105,5.13157894736842,5.5,5.99776526315789
2024-08-08 13:00:00,4.225,5.575,5.675,5.925,2.789014
2024-08-08 14:00:00,4.05263157894737,5.42105263157895,5.55263157894737,5.76315789473684,3.35840421052632
2024-08-08 15:00:00,3.625,4.95,5.075,5.25,3.9460405
2024-08-08 16:00:00,3.16216216216216,4.48648648648649,4.59459459459459,5.18918918918919,8.11248789473684
2024-08-08 17:00:00,2.89473684210526,4.26315789473684,4.36842105263158,4.73684210526316,14.189677
2024-08-08 18:00:00,3.05405405405405,4.37837837837838,4.45945945945946,4.7027027027027,19.1201631578947
2024-08-08 19:00:00,4.43243243243243,8.2972972972973,11.3783783783784,15.2972972972973,12.65389
2024-08-08 20:00:00,5.10526315789474,9.73684210526316,13.6052631578947,17.7105263157895,10.7505989473684
2024-08-08 21:00:00,3.20588235294118,4.52941176470588,4.76470588235294,5.14705882352941,10.9310317647059
2024-08-08 22:00:00,3.81081081081081,5.13513513513514,5.32432432432432,5.83783783783784,8.79720736842105
2024-08-08 23:00:00,3.46153846153846,4.82051282051282,4.87179487179487,5.25641025641026,7.334456
2024-08-09,3.86486486486486,5.27027027027027,5.32432432432432,5.89189189189189,8.42285894736842
2024-08-09 01:00:00,3.56410256410256,4.84615384615385,5.07692307692308,5.51282051282051,6.741243
2024-08-09 02:00:00,2.81081081081081,4,4.16216216216216,4.59459459459459,6.00143421052632
2024-08-09 03:00:00,2.82051282051282,4,4.12820512820513,4.46153846153846,7.2354655
2024-08-09 04:00:00,3.02702702702703,4.45945945945946,4.78378378378378,5.62162162162162,10.7573394736842
2024-08-09 05:00:00,3.64102564102564,5.25641025641026,5.74358974358974,7.12820512820513,9.1880085
2024-08-09 06:00:00,4.48648648648649,6.35135135135135,7.10810810810811,8.75675675675676,6.34229526315789
2024-08-09 07:00:00,4.33333333333333,6.17948717948718,6.38461538461539,7.51282051282051,4.6275275
2024-08-09 08:00:00,3.76315789473684,5.31578947368421,5.76315789473684,6.65789473684211,3.39004368421053
2024-08-09 09:00:00,2.18918918918919,3.45945945945946,3.67567567567568,3.86486486486486,1.81384410526316
2024-08-09 10:00:00,1.21052631578947,2.28947368421053,2.42105263157895,3.02631578947368,0.653785736842105
2024-08-09 11:00:00,1.02702702702703,2.16216216216216,2.32432432432432,2.83783783783784,0.890841421052632
2024-08-09 12:00:00,0.973684210526316,2.05263157894737,2.18421052631579,2.5,1.430372
2024-08-09 13:00:00,0.973684210526316,2.05263157894737,2.18421052631579,2.57894736842105,2.9887525
2024-08-09 14:00:00,1,2.23684210526316,2.52631578947368,3.05263157894737,4.12620105263158
2024-08-09 15:00:00,1.02564102564103,2.41025641025641,2.61538461538462,3.12820512820513,4.91005
2024-08-09 16:00:00,1.08108108108108,2.24324324324324,2.59459459459459,3.24324324324324,4.56858631578947
2024-08-09 17:00:00,1.15384615384615,2.33333333333333,2.56410256410256,2.92307692307692,5.4719325
2024-08-09 18:00:00,1.48648648648649,2.62162162162162,3.02702702702703,3.56756756756757,12.5604273684211
2024-08-09 19:00:00,2.05,3.425,3.675,4.275,24.99557
2024-08-09 20:00:00,2.05263157894737,3.42105263157895,3.5,4.15789473684211,34.3242105263158
2024-08-09 21:00:00,1.65625,2.75,2.8125,3.28125,15.9342122222222
2024-08-09 22:00:00,2.17142857142857,3.57142857142857,3.85714285714286,4.51428571428571,13.4852431578947
2024-08-09 23:00:00,2.38461538461538,3.87179487179487,4.02564102564103,4.53846153846154,19.2909
2024-08-10,1.33333333333333,2.41025641025641,2.53846153846154,2.87179487179487,13.9008573684211
2024-08-10 01:00:00,1.46153846153846,2.61538461538462,2.74358974358974,3.05128205128205,6.8876755
2024-08-10 02:00:00,1.16666666666667,2.19444444444444,2.22222222222222,2.47222222222222,10.97893
2024-08-10 03:00:00,1.33333333333333,2.33333333333333,2.35897435897436,2.56410256410256,17.83583
2024-08-10 04:00:00,1.33333333333333,2.41666666666667,2.47222222222222,2.77777777777778,17.7324631578947
2024-08-10 05:00:00,1.36111111111111,2.44444444444444,2.47222222222222,2.83333333333333,7.990764
2024-08-10 06:00:00,1.23684210526316,2.23684210526316,2.28947368421053,2.44736842105263,2.94736421052632
2024-08-10 07:00:00,1.05,2.1,2.2,2.425,3.120776
2024-08-10 08:00:00,1.02631578947368,2,2.10526315789474,2.44736842105263,2.47302789473684
2024-08-10 09:00:00,1,2,2.05,2.275,1.7031612
2024-08-10 10:00:00,0.736842105263158,1.73684210526316,1.73684210526316,1.89473684210526,0.781311631578947
2024-08-10 11:00:00,0.538461538461538,1.51282051282051,1.51282051282051,1.69230769230769,0.8800836
2024-08-10 12:00:00,0.567567567567568,1.54054054054054,1.59459459459459,1.94594594594595,2.39624905263158
2024-08-10 13:00:00,0.487179487179487,1.46153846153846,1.51282051282051,1.76923076923077,2.1148809
2024-08-10 14:00:00,0.594594594594595,1.56756756756757,1.67567567567568,1.97297297297297,3.45086842105263
2024-08-10 15:00:00,0.615384615384615,1.61538461538462,1.69230769230769,1.84615384615385,3.686791
2024-08-10 16:00:00,1.13157894736842,2.13157894736842,2.31578947368421,2.60526315789474,5.07576210526316
2024-08-10 17:00:00,1.52631578947368,2.86842105263158,3.21052631578947,3.89473684210526,13.299849
2024-08-10 18:00:00,1.94736842105263,3.34210526315789,3.65789473684211,5.10526315789474,47.0763473684211
2024-08-10 19:00:00,2.21621621621622,3.67567567567568,4,5.24324324324324,76.0977052631579
2024-08-10 20:00:00,1.88235294117647,3.11764705882353,3.26470588235294,3.94117647058824,42.1210105263158
2024-08-10 21:00:00,1.82857142857143,2.91428571428571,3.05714285714286,3.54285714285714,29.6225777777778
2024-08-10 22:00:00,1.83333333333333,2.94444444444444,3,3.61111111111111,25.7028421052632
2024-08-10 23:00:00,1.61538461538462,2.71794871794872,2.79487179487179,3.07692307692308,19.659195
2024-08-11,1.71794871794872,2.76923076923077,2.82051282051282,3.07692307692308,15.3317473684211
2024-08-11 01:00:00,1.71052631578947,2.73684210526316,2.81578947368421,3.02631578947368,11.199533
2024-08-11 02:00:00,1.60526315789474,2.71052631578947,2.78947368421053,3.23684210526316,12.5684010526316
2024-08-11 03:00:00,1.63157894736842,2.71052631578947,2.84210526315789,3.13157894736842,12.039186
2024-08-11 04:00:00,1.61538461538462,2.79487179487179,2.97435897435897,3.17948717948718,12.701788
2024-08-11 05:00:00,1.36842105263158,2.52631578947368,2.60526315789474,2.97368421052632,7.60059210526316
2024-08-11 06:00:00,1.81578947368421,3.05263157894737,3.36842105263158,4.31578947368421,3.0491585
2024-08-11 07:00:00,2.10526315789474,3.42105263157895,3.57894736842105,4.21052631578947,3.66497
2024-08-11 08:00:00,1.97368421052632,3.21052631578947,3.55263157894737,5.07894736842105,2.4150074
2024-08-11 09:00:00,1.97368421052632,3.34210526315789,3.60526315789474,4.31578947368421,1.12631094736842
2024-08-11 10:00:00,2.36842105263158,4.07894736842105,4.76315789473684,6.44736842105263,1.88091245
2024-08-11 11:00:00,1.92105263157895,3.26315789473684,3.44736842105263,4.05263157894737,3.15045789473684
2024-08-11 12:00:00,1.87179487179487,3.20512820512821,3.48717948717949,3.79487179487179,2.859453
2024-08-11 13:00:00,1.78378378378378,3.05405405405405,3.35135135135135,3.75675675675676,3.03429105263158
2024-08-11 14:00:00,1.94871794871795,3.28205128205128,3.46153846153846,3.79487179487179,3.675401
2024-08-11 15:00:00,1.75675675675676,2.94594594594595,3.08108108108108,3.45945945945946,4.12415157894737
2024-08-11 16:00:00,1.92307692307692,3.28205128205128,3.43589743589744,3.92307692307692,9.5321585
2024-08-11 17:00:00,2.02702702702703,3.48648648648649,3.72972972972973,4.27027027027027,11.9572189473684
2024-08-11 18:00:00,2.12820512820513,3.43589743589744,3.69230769230769,4.33333333333333,18.28374
2024-08-11 19:00:00,2.2972972972973,3.83783783783784,4.13513513513514,4.67567567567568,19.8768421052632
2024-08-11 20:00:00,2.74358974358974,4.43589743589744,4.51282051282051,5.33333333333333,30.516175
2024-08-11 21:00:00,3.40740740740741,5.07407407407407,5.2962962962963,6,28.7836941176471
2024-08-11 22:00:00,2.33333333333333,3.87179487179487,4.1025641025641,4.53846153846154,24.828045
2024-08-11 23:00:00,1.92307692307692,3.17948717948718,3.23076923076923,3.56410256410256,17.1345
2024-08-12,1.41025641025641,2.56410256410256,2.56410256410256,2.8974358974359,12.79127
2024-08-12 01:00:00,1.44736842105263,2.60526315789474,2.65789473684211,2.76315789473684,10.8000305263158
2024-08-12 02:00:00,1.53846153846154,2.56410256410256,2.66666666666667,3.07692307692308,11.659446
2024-08-12 03:00:00,1.62162162162162,2.67567567567568,2.7027027027027,3.10810810810811,11.9636642105263
2024-08-12 04:00:00,1.71052631578947,2.78947368421053,2.86842105263158,2.97368421052632,13.988009
2024-08-12 05:00:00,2.25,3.66666666666667,3.94444444444444,5.36111111111111,10.0645668421053
2024-08-12 06:00:00,2.58974358974359,4.56410256410256,5.41025641025641,7.76923076923077,4.018867
2024-08-12 07:00:00,2.13157894736842,3.71052631578947,4.10526315789474,5.21052631578947,3.45387
2024-08-12 08:00:00,2.12820512820513,3.71794871794872,4.28205128205128,5.35897435897436,3.602454
2024-08-12 09:00:00,2.13513513513514,3.67567567567568,4.35135135135135,5.18918918918919,1.29599084210526
2024-08-12 10:00:00,1.69230769230769,3.1025641025641,3.58974358974359,4.35897435897436,0.9077583
2024-08-12 11:00:00,1.67567567567568,2.94594594594595,3.05405405405405,3.43243243243243,0.938477947368421
2024-08-12 12:00:00,1.76923076923077,3.17948717948718,3.33333333333333,3.8974358974359,1.17919625
2024-08-12 13:00:00,2.10810810810811,3.40540540540541,3.59459459459459,4.32432432432432,2.21874263157895
2024-08-12 14:00:00,1.61538461538462,2.79487179487179,2.92307692307692,3.51282051282051,3.0261155
2024-08-12 15:00:00,1.62162162162162,2.72972972972973,2.86486486486486,3.37837837837838,2.81428263157895
2024-08-12 16:00:00,1.76923076923077,3.05128205128205,3.35897435897436,3.84615384615385,3.68556
2024-08-12 17:00:00,2.10810810810811,3.37837837837838,3.67567567567568,4.56756756756757,17.2169005263158
2024-08-12 18:00:00,2.8974358974359,4.64102564102564,4.97435897435897,5.79487179487179,37.0432
2024-08-12 19:00:00,3.97297297297297,6,6.56756756756757,7.24324324324324,51.1164052631579
2024-08-12 20:00:00,3.05128205128205,4.56410256410256,4.79487179487179,5.46153846153846,42.752125
2024-08-12 21:00:00,2.61764705882353,4,4.17647058823529,4.64705882352941,33.4180705882353
2024-08-12 22:00:00,2.65789473684211,3.92105263157895,4,4.34210526315789,20.10745
2024-08-12 23:00:00,2.26315789473684,3.5,3.57894736842105,3.92105263157895,14.6005263157895
2024-08-13,2.73529411764706,4.02941176470588,4.17647058823529,4.70588235294118,13.42452
2024-08-13 01:00:00,2.64705882352941,3.91176470588235,4.08823529411765,4.41176470588235,10.8070421052632
2024-08-13 02:00:00,3.47222222222222,4.80555555555556,5.16666666666667,5.72222222222222,12.502074
2024-08-13 03:00:00,3.42857142857143,4.97142857142857,5.2,5.85714285714286,14.7949105263158
2024-08-13 04:00:00,3.275,4.825,5.175,5.95,18.766955
2024-08-13 05:00:00,3.21052631578947,5,5.26315789473684,6.13157894736842,10.3674689473684
2024-08-13 06:00:00,5,8.71794871794872,11.8205128205128,20.8205128205128,3.90677368421053
2024-08-13 07:00:00,4.18421052631579,6.81578947368421,8.21052631578947,11.0263157894737,3.96182684210526
2024-08-13 08:00:00,3.05,4.8,5.375,6.6,2.6164954
2024-08-13 09:00:00,2.65789473684211,4.28947368421053,4.78947368421053,6,0.873379722222222
2024-08-13 10:00:00,2.74358974358974,4.30769230769231,4.74358974358974,5.97435897435897,0.6380828
2024-08-13 11:00:00,2.30769230769231,3.82051282051282,4.05128205128205,5.35897435897436,0.440125184210526
2024-08-13 12:00:00,1.94871794871795,3.12820512820513,3.20512820512821,3.82051282051282,0.402556665
2024-08-13 13:00:00,2,3.17948717948718,3.35897435897436,3.92307692307692,1.51285347368421
2024-08-13 14:00:00,1.89473684210526,2.97368421052632,3.05263157894737,3.52631578947368,2.90575473684211
2024-08-13 15:00:00,2.20512820512821,3.35897435897436,3.48717948717949,4.17948717948718,3.24287631578947
2024-08-13 16:00:00,2.17948717948718,3.43589743589744,3.71794871794872,4.41025641025641,14.8741015
2024-08-13 17:00:00,2.43589743589744,3.8974358974359,4.20512820512821,5.12820512820513,59.8262473684211
2024-08-13 18:00:00,3.325,4.9,5.075,5.875,59.00237
2024-08-13 19:00:00,3.44736842105263,5.05263157894737,5.34210526315789,6.31578947368421,48.5665315789474
2024-08-13 20:00:00,3,4.55,4.775,5.4,26.38989
2024-08-13 21:00:00,2.44117647058824,3.73529411764706,4,4.52941176470588,14.0122976470588
2024-08-13 22:00:00,2.35,3.775,3.925,4.825,5.3759485
2024-08-13 23:00:00,2.52631578947368,3.94736842105263,4.05263157894737,4.52631578947368,4.52484105263158
2024-08-14,2.31578947368421,3.63157894736842,3.86842105263158,4.28947368421053,3.98138
2024-08-14 01:00:00,2.55263157894737,4.02631578947368,4.39473684210526,4.81578947368421,3.86657526315789
2024-08-14 02:00:00,2.47368421052632,3.89473684210526,4.10526315789474,4.89473684210526,5.894514
2024-08-14 03:00:00,2.60526315789474,4.18421052631579,4.47368421052632,5.15789473684211,7.25269052631579
2024-08-14 04:00:00,3.2,5.15,5.5,6.425,28.963885
2024-08-14 05:00:00,3.44736842105263,5.5,6.39473684210526,8.76315789473684,19.8169663157895
2024-08-14 06:00:00,3,4.84210526315789,5.63157894736842,7.55263157894737,3.1359645
2024-08-14 07:00:00,2.68421052631579,4.34210526315789,5.05263157894737,6.15789473684211,2.92734473684211
2024-08-14 08:00:00,2.38461538461538,4.02564102564103,4.35897435897436,5.25641025641026,2.4097078
2024-08-14 09:00:00,2.27027027027027,3.81081081081081,4.10810810810811,5.05405405405405,0.739459368421053
2024-08-14 10:00:00,2.28205128205128,3.74358974358974,4.15384615384615,5,0.6510194
2024-08-14 11:00:00,2.64864864864865,4.35135135135135,5.08108108108108,6.64864864864865,1.25842521052632
2024-08-14 12:00:00,2.64102564102564,4.46153846153846,5.33333333333333,8.25641025641026,1.0059357
2024-08-14 13:00:00,2.81578947368421,4.15789473684211,4.31578947368421,5.23684210526316,3.822487
2024-08-14 14:00:00,2.84210526315789,4.10526315789474,4.28947368421053,5.15789473684211,12.6077952631579
2024-08-14 15:00:00,2.97368421052632,4.28947368421053,4.44736842105263,5.07894736842105,7.2122935
2024-08-14 16:00:00,3.15789473684211,4.65789473684211,4.92105263157895,5.36842105263158,6.88205736842105
2024-08-14 17:00:00,4.02631578947368,5.63157894736842,5.89473684210526,6.92105263157895,33.363381
2024-08-14 18:00:00,5,6.68421052631579,7.15789473684211,8.05263157894737,54.3863736842105
2024-08-14 19:00:00,4.26315789473684,5.81578947368421,5.92105263157895,6.42105263157895,49.371045
2024-08-14 20:00:00,4.18421052631579,5.63157894736842,5.76315789473684,6.36842105263158,35.0663263157895
2024-08-14 21:00:00,3.88235294117647,5.14705882352941,5.38235294117647,5.82352941176471,22.1786470588235
2024-08-14 22:00:00,3.91891891891892,5.24324324324324,5.51351351351351,6.10810810810811,17.2143944444444
2024-08-14 23:00:00,3.87179487179487,5.28205128205128,5.43589743589744,6.05128205128205,13.157951
2024-08-15,4,5.51351351351351,5.78378378378378,6.51351351351351,10.5386615789474
2024-08-15 01:00:00,4.86486486486486,6.72972972972973,7.24324324324324,8.62162162162162,11.6156747368421
2024-08-15 02:00:00,4.62162162162162,6.32432432432432,6.94594594594595,8.2972972972973,18.2585368421053
2024-08-15 03:00:00,4.1025641025641,5.74358974358974,6.12820512820513,7.23076923076923,11.601574
2024-08-15 04:00:00,4.20512820512821,5.69230769230769,6.07692307692308,7.15384615384615,14.11882
2024-08-15 05:00:00,3.58974358974359,5.48717948717949,6.38461538461539,8.97435897435897,3.5423515
2024-08-15 06:00:00,3.57894736842105,5.44736842105263,6.15789473684211,8.02631578947368,3.72950105263158
2024-08-15 07:00:00,2.89473684210526,4.26315789473684,4.47368421052632,5.21052631578947,4.488702
2024-08-15 08:00:00,2.39473684210526,3.55263157894737,3.71052631578947,4.44736842105263,2.59248368421053
2024-08-15 09:00:00,2.42105263157895,3.52631578947368,3.60526315789474,4.15789473684211,0.9843696
2024-08-15 10:00:00,2.16666666666667,3.44444444444444,3.80555555555556,4.97222222222222,1.9331875
2024-08-15 11:00:00,1.8974358974359,3.46153846153846,4.02564102564103,4.84615384615385,102.02535
2024-08-15 12:00:00,1.21621621621622,2.27027027027027,2.32432432432432,2.89189189189189,31.4980178947368
2024-08-15 13:00:00,1.88571428571429,2.91428571428571,2.94285714285714,3.14285714285714,1.29001333333333
2024-08-15 14:00:00,2.36111111111111,3.41666666666667,3.47222222222222,3.88888888888889,2.67203055555556
2024-08-15 15:00:00,2.24324324324324,3.35135135135135,3.37837837837838,3.86486486486486,2.77709277777778
2024-08-15 16:00:00,2.67567567567568,3.91891891891892,4.02702702702703,4.48648648648649,4.86300105263158
2024-08-15 17:00:00,3.12820512820513,4.53846153846154,4.64102564102564,5.30769230769231,23.4300055
2024-08-15 18:00:00,4,5.56756756756757,6.02702702702703,6.62162162162162,54.8599157894737
2024-08-15 19:00:00,3.63157894736842,4.97368421052632,5.28947368421053,5.76315789473684,31.2370473684211
2024-08-15 20:00:00,3.2972972972973,4.62162162162162,4.83783783783784,5.24324324324324,18.0417736842105
2024-08-15 21:00:00,3.34285714285714,4.6,4.65714285714286,5.28571428571429,17.7670833333333
2024-08-15 22:00:00,3.63157894736842,4.92105263157895,5.05263157894737,5.71052631578947,17.8156263157895
2024-08-15 23:00:00,4.07894736842105,5.36842105263158,5.42105263157895,5.92105263157895,17.43156
2024-08-16,3.75862068965517,5,5.20689655172414,5.68965517241379,10.8675336842105
2024-08-16 01:00:00,3.75675675675676,5.05405405405405,5.2972972972973,5.78378378378378,8.294196
2024-08-16 02:00:00,3.35714285714286,4.46428571428571,4.53571428571429,4.89285714285714,5.73186368421053
2024-08-16 03:00:00,3.33333333333333,4.58333333333333,4.77777777777778,5.52777777777778,7.3700765
2024-08-16 04:00:00,3.58974358974359,4.84615384615385,5.02564102564103,5.82051282051282,10.0563468421053
2024-08-16 05:00:00,3.53846153846154,4.87179487179487,5.07692307692308,5.94871794871795,8.1884055
2024-08-16 06:00:00,3.92307692307692,5.41025641025641,5.79487179487179,7,3.02436842105263
2024-08-16 07:00:00,4.02564102564103,5.61538461538461,5.8974358974359,7.02564102564103,4.093931
2024-08-16 08:00:00,3.94871794871795,5.61538461538461,5.8974358974359,7.46153846153846,3.21101305263158
2024-08-16 09:00:00,2.375,3.575,3.725,4.475,0.243263395
2024-08-16 10:00:00,1.44736842105263,2.44736842105263,2.55263157894737,2.97368421052632,0.180236703684211
2024-08-16 11:00:00,1.475,2.575,2.7,3.2,0.60631215
2024-08-16 12:00:00,1.13157894736842,2.26315789473684,2.31578947368421,2.86842105263158,0.720809836842105
2024-08-16 13:00:00,1.275,2.3,2.425,2.925,1.9312132
2024-08-16 14:00:00,1.26315789473684,2.31578947368421,2.47368421052632,3.05263157894737,2.80655052631579
2024-08-16 15:00:00,1.45,2.55,2.675,3.325,7.2414915
2024-08-16 16:00:00,1.76315789473684,3.05263157894737,3.23684210526316,4.05263157894737,3.63498894736842
2024-08-16 17:00:00,3.05,4.85,5.15,6.25,58.485201
2024-08-16 18:00:00,2.30769230769231,3.71794871794872,3.97435897435897,4.97435897435897,65.3126210526316
2024-08-16 19:00:00,2.31578947368421,3.63157894736842,3.84210526315789,4.89473684210526,35.121335
2024-08-16 20:00:00,2.43589743589744,3.69230769230769,3.94871794871795,4.84615384615385,28.2437157894737
2024-08-16 21:00:00,2.48571428571429,4,4.31428571428571,4.97142857142857,22.95995
2024-08-16 22:00:00,2.68421052631579,4.07894736842105,4.52631578947368,5.65789473684211,17.7216894736842
2024-08-16 23:00:00,2.14705882352941,3.44117647058824,3.76470588235294,4.52941176470588,15.935805
2024-08-17,2.44736842105263,3.92105263157895,4.44736842105263,5.34210526315789,16.0406263157895
2024-08-17 01:00:00,2.20512820512821,3.53846153846154,3.76923076923077,4.41025641025641,14.49479
2024-08-17 02:00:00,2.54285714285714,3.97142857142857,4.4,4.97142857142857,13.7308473684211
2024-08-17 03:00:00,2.28205128205128,3.53846153846154,3.66666666666667,4.25641025641026,14.666005
2024-08-17 04:00:00,2.1025641025641,3.30769230769231,3.56410256410256,4.20512820512821,12.4828063157895
2024-08-17 05:00:00,2.71794871794872,4.28205128205128,4.71794871794872,6.51282051282051,17.5632505
2024-08-17 06:00:00,2.23076923076923,3.79487179487179,4.43589743589744,5.71794871794872,3.01564263157895
2024-08-17 07:00:00,2.56410256410256,4,4.38461538461539,5.87179487179487,6.088902
2024-08-17 08:00:00,1.6,2.74285714285714,3.02857142857143,3.54285714285714,1.77543352941176
2024-08-17 09:00:00,1.275,2.35,2.625,3.2,1.28838035
2024-08-17 10:00:00,1.05263157894737,2.07894736842105,2.13157894736842,2.76315789473684,3.00093315789474
2024-08-17 11:00:00,1.07692307692308,2.20512820512821,2.28205128205128,2.64102564102564,9.10874
2024-08-17 12:00:00,1.02777777777778,2.11111111111111,2.25,2.52777777777778,2.02932163157895
2024-08-17 13:00:00,1.07692307692308,2.07692307692308,2.12820512820513,2.51282051282051,0.8081912
2024-08-17 14:00:00,1.05405405405405,2.08108108108108,2.13513513513514,2.37837837837838,2.24967978947368
2024-08-17 15:00:00,1.1025641025641,2.20512820512821,2.28205128205128,2.64102564102564,3.143543
2024-08-17 16:00:00,1.15789473684211,2.23684210526316,2.28947368421053,2.84210526315789,21.3168489473684
2024-08-17 17:00:00,1.39473684210526,2.52631578947368,2.65789473684211,3,15.8384945
2024-08-17 18:00:00,1.64864864864865,2.75675675675676,3.05405405405405,3.48648648648649,17.7976136842105
2024-08-17 19:00:00,1.35135135135135,2.48648648648649,2.51351351351351,2.86486486486486,15.8780631578947
2024-08-17 20:00:00,1.73684210526316,2.94736842105263,3.07894736842105,3.60526315789474,27.4372052631579
2024-08-17 21:00:00,2.82352941176471,4.14705882352941,4.32352941176471,4.94117647058824,27.6848805555556
2024-08-17 22:00:00,2.55263157894737,3.78947368421053,4.10526315789474,4.68421052631579,19.10392
2024-08-17 23:00:00,3.51282051282051,4.97435897435897,5.33333333333333,5.84615384615385,31.32548
2024-08-18,3.7027027027027,5.27027027027027,5.54054054054054,6.21621621621622,24.6893526315789
2024-08-18 01:00:00,4.22857142857143,5.62857142857143,5.82857142857143,6.25714285714286,19.812075
2024-08-18 02:00:00,4,5.5,5.86111111111111,6.25,14.598095
2024-08-18 03:00:00,4.52777777777778,6.13888888888889,6.30555555555556,6.86111111111111,13.5945010526316
2024-08-18 04:00:00,4.72727272727273,6.33333333333333,6.48484848484848,7.06060606060606,11.1662515
2024-08-18 05:00:00,5.05263157894737,6.81578947368421,7.13157894736842,8.02631578947368,9.01014157894737
2024-08-18 06:00:00,5.575,7.4,7.95,8.975,5.27947
2024-08-18 07:00:00,5.23684210526316,7.15789473684211,7.5,8.23684210526316,3.79728210526316
2024-08-18 08:00:00,4.20512820512821,5.84615384615385,6.02564102564103,6.56410256410256,3.63659789473684
2024-08-18 09:00:00,3.775,5.225,5.525,6.2,2.18633894736842
2024-08-18 10:00:00,3.15384615384615,4.53846153846154,4.74358974358974,5.28205128205128,1.02435525
2024-08-18 11:00:00,2.61538461538462,3.76923076923077,3.8974358974359,4.58974358974359,2.74973136842105
2024-08-18 12:00:00,2.69230769230769,3.94871794871795,4.1025641025641,4.64102564102564,4.617229
2024-08-18 13:00:00,2.23076923076923,3.69230769230769,4.23076923076923,5.66666666666667,27.3452357894737
2024-08-18 14:00:00,2.51282051282051,4.15384615384615,4.66666666666667,5.61538461538461,91.390895
2024-08-18 15:00:00,1.84615384615385,3.12820512820513,3.30769230769231,3.82051282051282,53.2754263157895
2024-08-18 16:00:00,1.69230769230769,3.1025641025641,3.35897435897436,3.48717948717949,31.300205
2024-08-18 17:00:00,2.84210526315789,4.31578947368421,4.44736842105263,4.84210526315789,24.7339684210526
2024-08-18 18:00:00,3.81578947368421,5.39473684210526,5.52631578947368,6.31578947368421,16.744776
2024-08-18 19:00:00,4.76315789473684,6.34210526315789,6.55263157894737,7.05263157894737,13.7255842105263
2024-08-18 20:00:00,5.63157894736842,7.28947368421053,7.42105263157895,7.92105263157895,10.0936965
2024-08-18 21:00:00,6.02941176470588,7.91176470588235,8.08823529411765,8.61764705882353,12.93595
2024-08-18 22:00:00,2.23684210526316,3.42105263157895,3.52631578947368,3.84210526315789,4.6211795
2024-08-18 23:00:00,0.789473684210526,1.73684210526316,1.73684210526316,1.84210526315789,4.24263842105263
2024-08-19,0.815789473684211,1.84210526315789,1.89473684210526,2.15789473684211,6.7612105
2024-08-19 01:00:00,0.222222222222222,0.944444444444444,1,1.16666666666667,5.20413315789474
2024-08-19 02:00:00,0.138888888888889,0.666666666666667,0.666666666666667,0.861111111111111,3.325221
2024-08-19 03:00:00,0.947368421052632,2,2,2.13157894736842,3.23121789473684
2024-08-19 04:00:00,2.17948717948718,3.25641025641026,3.25641025641026,3.33333333333333,3.0688555
2024-08-19 05:00:00,1.48648648648649,2.7027027027027,2.94594594594595,3.13513513513514,3.26958526315789
2024-08-19 06:00:00,1.63636363636364,3.03030303030303,3.33333333333333,3.6969696969697,3.648786
2024-08-19 07:00:00,0.944444444444444,2.05555555555556,2.25,2.63888888888889,3.52052105263158
2024-08-19 08:00:00,1.1025641025641,2.20512820512821,2.41025641025641,2.69230769230769,3.767888
2024-08-19 09:00:00,1.41025641025641,2.56410256410256,2.71794871794872,3.35897435897436,3.47441631578947
2024-08-19 10:00:00,1.58974358974359,2.79487179487179,3.05128205128205,3.43589743589744,2.8876345
2024-08-19 11:00:00,1.82051282051282,3.1025641025641,3.23076923076923,3.66666666666667,2.97818684210526
2024-08-19 12:00:00,1.61538461538462,2.84615384615385,2.94871794871795,3.35897435897436,2.5833675
2024-08-19 13:00:00,1.57894736842105,2.71052631578947,2.81578947368421,3.31578947368421,4.06476315789474
2024-08-19 14:00:00,1.425,2.625,2.7,2.875,8.9709
2024-08-19 15:00:00,1.55263157894737,2.68421052631579,2.73684210526316,2.94736842105263,6.30616894736842
2024-08-19 16:00:00,1.8,2.95,3,3.25,6.344855
2024-08-19 17:00:00,2.10526315789474,3.31578947368421,3.44736842105263,3.65789473684211,10.5662242105263
2024-08-19 18:00:00,2.425,3.95,4.175,4.525,29.621925
2024-08-19 19:00:00,2.52631578947368,3.78947368421053,3.94736842105263,4.44736842105263,32.393
2024-08-19 20:00:00,2.525,3.8,3.85,4.45,22.60098
2024-08-19 21:00:00,2.17647058823529,3.38235294117647,3.47058823529412,3.94117647058824,19.3063352941176
2024-08-19 22:00:00,2.35,3.475,3.6,3.925,14.955455
2024-08-19 23:00:00,2.46153846153846,3.74358974358974,3.82051282051282,4.20512820512821,12.4242421052632
2024-08-20,2.65789473684211,4.02631578947368,4.15789473684211,4.63157894736842,10.0460221052632
2024-08-20 01:00:00,2.79487179487179,4,4.17948717948718,4.71794871794872,9.31172368421053
2024-08-20 02:00:00,2.69230769230769,4,4.23076923076923,4.58974358974359,9.0218965
2024-08-20 03:00:00,2.84615384615385,4.02564102564103,4.15384615384615,4.58974358974359,9.45008105263158
2024-08-20 04:00:00,3.05263157894737,4.31578947368421,4.39473684210526,4.68421052631579,10.8069457894737
2024-08-20 05:00:00,3.41666666666667,5.02777777777778,5.44444444444444,6.22222222222222,7.83623526315789
2024-08-20 06:00:00,3.58974358974359,5.23076923076923,5.48717948717949,6.53846153846154,3.9256845
2024-08-20 07:00:00,4.34210526315789,7,8.18421052631579,11.3684210526316,15.5932488888889
2024-08-20 08:00:00,4.20512820512821,6.66666666666667,7.8974358974359,10.3333333333333,14.5230335
2024-08-20 09:00:00,2.92307692307692,4.58974358974359,5.23076923076923,6.28205128205128,1.95512210526316
2024-08-20 10:00:00,2.64102564102564,3.84615384615385,4.15384615384615,5,2.106668
2024-08-20 11:00:00,2.07692307692308,3.35897435897436,3.41025641025641,3.76923076923077,1.26454642105263
2024-08-20 12:00:00,1.97435897435897,3.07692307692308,3.12820512820513,3.56410256410256,2.37437315
2024-08-20 13:00:00,1.575,2.6,2.6,2.875,3.189256
2024-08-20 14:00:00,1.84782608695652,2.82608695652174,2.89130434782609,3.06521739130435,5.50369956521739
2024-08-20 15:00:00,1.55263157894737,2.60526315789474,2.63157894736842,2.81578947368421,6.18980315789474
2024-08-20 16:00:00,1.625,2.7,2.8,3.125,7.0352425
2024-08-20 17:00:00,2.28947368421053,3.42105263157895,3.47368421052632,3.84210526315789,14.8794126315789
2024-08-20 18:00:00,2.7,3.9,4.075,4.425,18.192615
2024-08-20 19:00:00,2.86842105263158,4.15789473684211,4.23684210526316,4.57894736842105,28.2059105263158
2024-08-20 20:00:00,3.25,4.45,4.575,5,24.669925
2024-08-20 21:00:00,2.97058823529412,4.23529411764706,4.38235294117647,4.82352941176471,20.9054705882353
2024-08-20 22:00:00,3.05,4.3,4.425,5.15,20.921885
2024-08-20 23:00:00,3.41025641025641,4.97435897435897,5.30769230769231,5.94871794871795,25.9918263157895
2024-08-21,4.25641025641026,6.15384615384615,6.41025641025641,7.15384615384615,26.61329
2024-08-21 01:00:00,4.28571428571429,5.97142857142857,6.25714285714286,6.77142857142857,17.0305
2024-08-21 02:00:00,4.96969696969697,6.48484848484848,6.63636363636364,6.96969696969697,13.478745
2024-08-21 03:00:00,4.55882352941176,6.14705882352941,6.32352941176471,6.97058823529412,7.99434588235294
2024-08-21 04:00:00,4.32432432432432,5.86486486486486,5.97297297297297,6.43243243243243,3.12344421052632
2024-08-21 05:00:00,4.82857142857143,6.42857142857143,6.74285714285714,7.08571428571429,3.93893684210526
2024-08-21 06:00:00,5.14634146341463,6.97560975609756,7.19512195121951,7.82926829268293,2.4567925
2024-08-21 07:00:00,4.02564102564103,5.28205128205128,5.38461538461539,5.71794871794872,2.54804222222222
2024-08-21 08:00:00,3.2,4.45,4.575,5.05,2.3223035
2024-08-21 09:00:00,3.02631578947368,4.31578947368421,4.60526315789474,5.05263157894737,2.66792157894737
2024-08-21 10:00:00,3.175,4.575,4.675,5.1,3.0678805
2024-08-21 11:00:00,2.26315789473684,3.39473684210526,3.52631578947368,3.86842105263158,1.21240831578947
2024-08-21 12:00:00,1.46153846153846,2.53846153846154,2.64102564102564,3.15384615384615,0.99380205
2024-08-21 13:00:00,1.05263157894737,2.07894736842105,2.21052631578947,2.63157894736842,1.55242652631579
2024-08-21 14:00:00,0.3,1.325,1.475,2.125,2.6328025
2024-08-21 15:00:00,0.578947368421053,1.63157894736842,1.76315789473684,2.39473684210526,4.74161526315789
2024-08-21 16:00:00,0.825,1.85,1.95,2.425,10.560067
2024-08-21 17:00:00,1.10526315789474,2.28947368421053,2.57894736842105,3.28947368421053,19.2919494736842
2024-08-21 18:00:00,1.32432432432432,2.97297297297297,3.64864864864865,5.37837837837838,46.40336
2024-08-21 19:00:00,2.12820512820513,3.69230769230769,4.1025641025641,4.92307692307692,46.44903
2024-08-21 20:00:00,1.33333333333333,2.56410256410256,2.79487179487179,3.12820512820513,37.8631263157895
2024-08-21 21:00:00,1.05882352941176,2.32352941176471,2.5,2.91176470588235,23.2927941176471
2024-08-21 22:00:00,1.30769230769231,2.51282051282051,2.69230769230769,3.20512820512821,22.0449526315789
2024-08-21 23:00:00,1.41025641025641,2.71794871794872,3.05128205128205,3.74358974358974,18.388985
2024-08-22,1.71794871794872,3.1025641025641,3.28205128205128,3.82051282051282,13.4617242105263
2024-08-22 01:00:00,1.69230769230769,2.94871794871795,3.07692307692308,3.92307692307692,12.387456
2024-08-22 02:00:00,1.64102564102564,3.1025641025641,3.17948717948718,3.82051282051282,11.67446
2024-08-22 03:00:00,1.56410256410256,3.02564102564103,3.15384615384615,3.71794871794872,12.371997
2024-08-22 04:00:00,1.92307692307692,3.46153846153846,3.71794871794872,4.25641025641026,12.7422642105263
2024-08-22 05:00:00,2.075,3.6,3.95,4.5,14.951217
2024-08-22 06:00:00,2.31578947368421,4.15789473684211,4.73684210526316,5.65789473684211,13.3404263157895
2024-08-22 07:00:00,2.575,4.6,5.5,7.15,9.623364
2024-08-22 08:00:00,1.81578947368421,3.60526315789474,4.05263157894737,5.15789473684211,3.37145421052632
2024-08-22 09:00:00,1.45,2.875,3.275,4.175,1.31521365
2024-08-22 10:00:00,1.28947368421053,2.57894736842105,2.84210526315789,3.57894736842105,1.64977136842105
2024-08-22 11:00:00,1.1,2.325,2.6,3.2,1.5893069
2024-08-22 12:00:00,1,2.23684210526316,2.47368421052632,3.05263157894737,1.46560884210526
2024-08-22 13:00:00,1.1,2.3,2.4,2.875,24.695783
2024-08-22 14:00:00,1.31578947368421,2.52631578947368,2.89473684210526,3.47368421052632,48.9939547368421
2024-08-22 15:00:00,1.1,2.2,2.3,2.6,3.5017455
2024-08-22 16:00:00,0.894736842105263,1.94736842105263,1.94736842105263,2.28947368421053,3.80680052631579
2024-08-22 17:00:00,1.5,2.8,2.95,3.65,22.3474585
2024-08-22 18:00:00,2.75675675675676,4.43243243243243,4.81081081081081,5.67567567567568,37.0195631578947
2024-08-22 19:00:00,2.23684210526316,3.76315789473684,4.02631578947368,4.52631578947368,45.2317421052632
2024-08-22 20:00:00,2.12820512820513,3.58974358974359,3.79487179487179,4.30769230769231,29.3526315789474
2024-08-22 21:00:00,2.05882352941176,3.47058823529412,3.61764705882353,4.05882352941176,18.6343058823529
2024-08-22 22:00:00,1.82051282051282,3.25641025641026,3.46153846153846,3.92307692307692,23.7688368421053
2024-08-22 23:00:00,1.75,3.075,3.325,3.6,26.70972
2024-08-23,2.71052631578947,4.47368421052632,4.73684210526316,5.18421052631579,19.4676368421053
2024-08-23 01:00:00,3.85,5.7,6.2,6.75,18.925665
2024-08-23 02:00:00,2.47368421052632,4.07894736842105,4.31578947368421,4.89473684210526,14.2641368421053
2024-08-23 03:00:00,2.05,3.375,3.45,3.85,16.082695
2024-08-23 04:00:00,2.15789473684211,3.52631578947368,3.68421052631579,3.89473684210526,16.2953684210526
2024-08-23 05:00:00,3.85,5.75,6.35,7.425,17.37505
2024-08-23 06:00:00,4.08108108108108,6.64864864864865,7.97297297297297,11.1621621621622,14.8291233333333
2024-08-23 07:00:00,3.95,6.625,8.1,11.7,14.755546
2024-08-23 08:00:00,3.02631578947368,4.86842105263158,5.44736842105263,6.89473684210526,12.7521663157895
2024-08-23 09:00:00,3.225,4.575,4.65,5.25,1.8880283
2024-08-23 10:00:00,3.5,5.02631578947368,5.23684210526316,5.89473684210526,0.997777578947368
2024-08-23 11:00:00,3.35,4.9,5.025,5.575,0.90838915
2024-08-23 12:00:00,3.57894736842105,4.92105263157895,5.10526315789474,5.84210526315789,0.489946210526316
2024-08-23 13:00:00,7.425,9.6,9.85,10.375,0.85066145
2024-08-23 14:00:00,10.3684210526316,12.9210526315789,13.4473684210526,13.9473684210526,1.68634888888889
2024-08-23 15:00:00,9.51282051282051,11.9487179487179,12.4102564102564,13.4615384615385,2.717914
2024-08-23 16:00:00,10.5,13.0789473684211,13.5,14.0789473684211,4.96132055555556
2024-08-23 17:00:00,7.86842105263158,10,10.2368421052632,10.8684210526316,26.4884573684211
2024-08-23 18:00:00,8.87179487179487,11.3846153846154,11.7435897435897,12.5384615384615,38.2911578947368
2024-08-23 19:00:00,8.125,10.65,11.125,11.825,44.775445
2024-08-23 20:00:00,7.28205128205128,9.46153846153846,9.66666666666667,10.1282051282051,36.6516105263158
2024-08-23 21:00:00,6.65714285714286,8.6,8.91428571428571,9.57142857142857,25.0244111111111
2024-08-23 22:00:00,6.65789473684211,8.78947368421053,9.02631578947368,9.60526315789474,31.6164105263158
2024-08-23 23:00:00,6.3,8.45,8.675,9.15,28.59638
2024-08-24,7.34210526315789,9.63157894736842,9.76315789473684,10.5,34.8714052631579
2024-08-24 01:00:00,5.825,7.8,8.1,8.65,20.189005
2024-08-24 02:00:00,4.81578947368421,6.63157894736842,6.86842105263158,7.34210526315789,16.0431894736842
2024-08-24 03:00:00,5.3,7.125,7.4,8.075,14.657916
2024-08-24 04:00:00,4.40540540540541,6.18918918918919,6.45945945945946,7.24324324324324,13.0475288888889
2024-08-24 05:00:00,4,5.425,5.55,6.1,8.882381
2024-08-24 06:00:00,4.81578947368421,6.78947368421053,7.26315789473684,8.78947368421053,3.99941578947368
2024-08-24 07:00:00,4.925,6.925,7.5,8.625,3.608158
2024-08-24 08:00:00,4.94736842105263,7.5,8.47368421052632,11.7631578947368,3.46599789473684
2024-08-24 09:00:00,4.85,7.3,8.675,11.85,1.8777009
2024-08-24 10:00:00,4.87179487179487,6.82051282051282,7.20512820512821,8.1025641025641,0.751392105263158
2024-08-24 11:00:00,5.07692307692308,6.66666666666667,6.84615384615385,7.48717948717949,0.74095415
2024-08-24 12:00:00,5.15384615384615,6.71794871794872,6.94871794871795,7.69230769230769,0.452947
2024-08-24 13:00:00,4.33333333333333,5.74358974358974,5.87179487179487,6.23076923076923,0.521798445
2024-08-24 14:00:00,4.64102564102564,6.17948717948718,6.30769230769231,6.84615384615385,1.29658210526316
2024-08-24 15:00:00,5.30769230769231,6.79487179487179,6.84615384615385,7.15384615384615,1.869054
2024-08-24 16:00:00,5.23076923076923,6.92307692307692,7.20512820512821,7.38461538461539,2.88903
2024-08-24 17:00:00,7.38461538461539,9.76923076923077,10.0512820512821,10.7179487179487,19.4475555
2024-08-24 18:00:00,5.66666666666667,7.69230769230769,8.05128205128205,9.25641025641026,56.1532789473684
2024-08-24 19:00:00,6.725,8.775,9.05,10.275,70.26752
2024-08-24 20:00:00,7.57894736842105,10.0526315789474,10.5526315789474,11.4736842105263,41.1768052631579
2024-08-24 21:00:00,7.54285714285714,10.2857142857143,11.5428571428571,13.3142857142857,37.0478055555556
2024-08-24 22:00:00,7.39473684210526,10.1052631578947,10.6842105263158,12.1315789473684,48.4027421052632
2024-08-24 23:00:00,7.41666666666667,9.72222222222222,10.3333333333333,11.3333333333333,32.531515
2024-08-25,7.375,9.65625,10,10.65625,30.1624
2024-08-25 01:00:00,7.40540540540541,9.67567567567568,10.0810810810811,10.7567567567568,17.77092
2024-08-25 02:00:00,7.86842105263158,10.2368421052632,10.4736842105263,11.1578947368421,8.71301210526316
2024-08-25 03:00:00,8.06060606060606,10.4848484848485,10.9090909090909,11.6666666666667,7.87037
2024-08-25 04:00:00,8.34375,10.875,11.25,12.375,19.5000894736842
2024-08-25 05:00:00,8.80555555555556,11.8055555555556,12.6666666666667,14.9166666666667,26.55536
2024-08-25 06:00:00,8.05128205128205,10.8205128205128,11.6666666666667,13.1538461538462,12.3725221052632
2024-08-25 07:00:00,3.43589743589744,5.15384615384615,5.51282051282051,7.02564102564103,3.088754
2024-08-25 08:00:00,1.94871794871795,3.12820512820513,3.28205128205128,4.12820512820513,2.35497842105263
2024-08-25 09:00:00,1.05128205128205,2.1025641025641,2.17948717948718,2.48717948717949,2.9004615
2024-08-25 10:00:00,1.175,2.225,2.25,2.625,3.147257
2024-08-25 11:00:00,1.13513513513514,2.18918918918919,2.27027027027027,2.81081081081081,3.31819368421053
2024-08-25 12:00:00,1.45,2.45,2.45,2.7,10.6065865
2024-08-25 13:00:00,1.71052631578947,2.78947368421053,2.78947368421053,2.97368421052632,11.6141163157895
2024-08-25 14:00:00,2.05,3.175,3.325,3.575,20.232613
2024-08-25 15:00:00,2.05128205128205,3.23076923076923,3.48717948717949,3.79487179487179,24.9792684210526
2024-08-25 16:00:00,2.05555555555556,3.11111111111111,3.19444444444444,3.44444444444444,16.58221
2024-08-25 17:00:00,2.2,3.34285714285714,3.4,3.62857142857143,11.6796473684211
2024-08-25 18:00:00,2.69444444444444,3.88888888888889,3.88888888888889,4.22222222222222,12.279917
2024-08-25 19:00:00,2.53846153846154,3.76923076923077,3.82051282051282,4.20512820512821,11.0432368421053
2024-08-25 20:00:00,2.55263157894737,3.71052631578947,3.84210526315789,4.31578947368421,11.6320442105263
2024-08-25 21:00:00,2.37142857142857,3.51428571428571,3.57142857142857,3.65714285714286,10.3582647058824
2024-08-25 22:00:00,1.87179487179487,2.8974358974359,2.8974358974359,2.97435897435897,8.0583585
2024-08-25 23:00:00,1.61538461538462,2.66666666666667,2.69230769230769,2.8974358974359,7.99751157894737
2024-08-26,1.64102564102564,2.69230769230769,2.71794871794872,3,10.6012755
2024-08-26 01:00:00,1.79487179487179,2.84615384615385,2.87179487179487,3.07692307692308,9.03323842105263
2024-08-26 02:00:00,2.02564102564103,3.05128205128205,3.07692307692308,3.43589743589744,7.730083
2024-08-26 03:00:00,2.05128205128205,3.25641025641026,3.30769230769231,3.51282051282051,10.5751463157895
2024-08-26 04:00:00,2.2,3.325,3.375,3.75,8.317514
2024-08-26 05:00:00,2.52631578947368,3.76315789473684,3.78947368421053,4.13157894736842,9.17119052631579
2024-08-26 06:00:00,5.27777777777778,7.52777777777778,8.02777777777778,9.33333333333333,5.729375
2024-08-26 07:00:00,3.87179487179487,5.56410256410256,5.76923076923077,6.20512820512821,4.42156684210526
2024-08-26 08:00:00,2.025,3.175,3.25,3.55,2.3840843
2024-08-26 09:00:00,1.39473684210526,2.47368421052632,2.52631578947368,2.71052631578947,0.866670894736842
2024-08-26 10:00:00,1.4,2.425,2.45,2.725,0.743343895
2024-08-26 11:00:00,1.59375,2.65625,2.6875,2.8125,1.363216875
2024-08-26 12:00:00,1.51428571428571,2.65714285714286,2.71428571428571,3,1.72045088888889
2024-08-26 13:00:00,1.71428571428571,2.8,2.88571428571429,3.14285714285714,3.76692294117647
2024-08-26 14:00:00,1.675,2.75,2.85,2.9,3.6711785
2024-08-26 15:00:00,1.76315789473684,2.84210526315789,2.86842105263158,3,4.81821789473684
2024-08-26 16:00:00,1.87179487179487,2.87179487179487,2.92307692307692,3.07692307692308,8.7980745
2024-08-26 17:00:00,1.94871794871795,3.02564102564103,3.1025641025641,3.28205128205128,23.5312368421053
2024-08-26 18:00:00,3.125,4.475,4.675,4.975,33.997825
2024-08-26 19:00:00,2.78571428571429,4.03571428571429,4.17857142857143,4.5,36.4459142857143
2024-08-26 20:00:00,1.975,3.075,3.125,3.275,34.23769
2024-08-26 21:00:00,2.05714285714286,3.11428571428571,3.14285714285714,3.31428571428571,29.6697588235294
2024-08-26 22:00:00,2.12820512820513,3.15384615384615,3.20512820512821,3.35897435897436,21.58974
2024-08-26 23:00:00,2.12820512820513,3.20512820512821,3.25641025641026,3.69230769230769,17.4698368421053
2024-08-27,2.425,3.575,3.65,4.05,16.55432
2024-08-27 01:00:00,2.1025641025641,3.23076923076923,3.30769230769231,3.43589743589744,13.4426315789474
2024-08-27 02:00:00,2.07692307692308,3.12820512820513,3.15384615384615,3.25641025641026,12.3346
2024-08-27 03:00:00,2.1025641025641,3.23076923076923,3.25641025641026,3.30769230769231,14.7203473684211
2024-08-27 04:00:00,2.375,3.4,3.525,3.75,17.178275
2024-08-27 05:00:00,2.26315789473684,3.57894736842105,3.63157894736842,3.84210526315789,11.6346121052632
2024-08-27 06:00:00,3.5,5.55555555555556,6.52777777777778,8.77777777777778,7.108241
2024-08-27 07:00:00,2.87179487179487,4.71794871794872,5.25641025641026,7.30769230769231,8.36694105263158
2024-08-27 08:00:00,2.525,3.875,4.025,4.65,2.550097
2024-08-27 09:00:00,2.34210526315789,3.57894736842105,3.73684210526316,4.36842105263158,1.54653052631579
2024-08-27 10:00:00,2.65,3.9,4.05,4.475,2.04160435
2024-08-27 11:00:00,2.55263157894737,4.07894736842105,4.86842105263158,7.18421052631579,1.50004884210526
2024-08-27 12:00:00,2.575,4.475,5.7,11.35,1.09413655
2024-08-27 13:00:00,2.42105263157895,3.57894736842105,3.81578947368421,4.18421052631579,2.28600989473684
2024-08-27 14:00:00,2.55,3.7,3.85,4.175,5.4169705
2024-08-27 15:00:00,2.5,3.55263157894737,3.63157894736842,3.94736842105263,8.68369526315789
2024-08-27 16:00:00,2.61538461538462,3.74358974358974,3.79487179487179,4.12820512820513,11.801805
2024-08-27 17:00:00,2.73684210526316,4.02631578947368,4.28947368421053,4.63157894736842,18.4385484210526
2024-08-27 18:00:00,2.875,4.3,4.45,5.15,28.321765
2024-08-27 19:00:00,3.02857142857143,4.45714285714286,4.65714285714286,5,36.1787105263158
2024-08-27 20:00:00,3.175,4.725,4.875,5.45,31.444745
2024-08-27 21:00:00,3.29411764705882,4.94117647058824,5.20588235294118,5.5,27.1595294117647
2024-08-27 22:00:00,3.4,4.95,5.225,5.75,20.326665
2024-08-27 23:00:00,3.64102564102564,5.20512820512821,5.46153846153846,5.8974358974359,19.8103473684211
2024-08-28,3.82051282051282,5.30769230769231,5.43589743589744,6.1025641025641,18.939835
2024-08-28 01:00:00,3.81578947368421,5.34210526315789,5.55263157894737,6.13157894736842,15.1906368421053
2024-08-28 02:00:00,4.25,5.85,6.025,6.5,13.854055
2024-08-28 03:00:00,4.28205128205128,6,6.30769230769231,6.94871794871795,16.6349578947368
2024-08-28 04:00:00,4.56410256410256,6.30769230769231,6.56410256410256,7.23076923076923,20.898195
2024-08-28 05:00:00,4.76923076923077,6.66666666666667,7.02564102564103,7.92307692307692,15.3450589473684
2024-08-28 06:00:00,4.5,6.25,6.58333333333333,7.80555555555556,4.2478815
2024-08-28 07:00:00,5,7.12820512820513,7.76923076923077,9.05128205128205,6.77453684210526
2024-08-28 08:00:00,4.48717948717949,6.35897435897436,7.02564102564103,8.05128205128205,3.6433135
2024-08-28 09:00:00,5.02564102564103,8.02564102564103,10.6153846153846,22.5897435897436,1.34834494736842
2024-08-28 10:00:00,4.94871794871795,7.35897435897436,8.69230769230769,11.8205128205128,1.4305397
2024-08-28 11:00:00,5.02564102564103,7,7.48717948717949,8.23076923076923,1.74287673684211
2024-08-28 12:00:00,4.76923076923077,6.56410256410256,6.84615384615385,7.82051282051282,1.4974179
2024-08-28 13:00:00,4.97435897435897,6.69230769230769,7.20512820512821,8.51282051282051,2.31672
2024-08-28 14:00:00,5,6.74358974358974,7.07692307692308,8.05128205128205,3.0020115
2024-08-28 15:00:00,5.17948717948718,7.05128205128205,7.41025641025641,8.43589743589744,3.88257421052632
2024-08-28 16:00:00,5.575,7.525,7.7,8.825,8.0829225
2024-08-28 17:00:00,6.61111111111111,8.72222222222222,9.33333333333333,10.3611111111111,45.5359055555556
2024-08-28 18:00:00,7.425,9.8,10.35,11.625,45.284805
2024-08-28 19:00:00,8.28947368421053,10.9210526315789,11.5789473684211,12.5263157894737,61.3936
2024-08-28 20:00:00,8.925,11.75,12.35,13.325,43.635385
2024-08-28 21:00:00,9,11.5,11.9117647058824,13.0588235294118,31.4729941176471
2024-08-28 22:00:00,9.05,11.55,12.075,13.075,20.59691
2024-08-28 23:00:00,8.6578947368421,11.0526315789474,11.5789473684211,12.6578947368421,15.7686684210526
2024-08-29,8.86111111111111,11.3055555555556,11.7222222222222,12.5,14.367465
2024-08-29 01:00:00,8.625,11.1,11.6,12.45,11.1695635
2024-08-29 02:00:00,8.76923076923077,11.2820512820513,11.7179487179487,12.5897435897436,11.4907705263158
2024-08-29 03:00:00,8.40625,10.59375,10.90625,11.53125,11.849153
2024-08-29 04:00:00,9.75,12.9375,14,15.3125,15.7074957894737
2024-08-29 05:00:00,11.575,16.7,18.9,21.725,10.919416
2024-08-29 06:00:00,8.1025641025641,10.974358974359,11.8205128205128,13.3589743589744,3.49365736842105
2024-08-29 07:00:00,8.53846153846154,11.2307692307692,12.025641025641,14,4.344388
2024-08-29 08:00:00,8.25641025641026,11.3076923076923,12.7692307692308,15.9230769230769,3.36927
2024-08-29 09:00:00,7,9.66666666666667,11.025641025641,12.8974358974359,0.7758907
2024-08-29 10:00:00,5.53846153846154,7.64102564102564,8.41025641025641,10.7435897435897,0.116486966842105
2024-08-29 11:00:00,4.07692307692308,5.74358974358974,6.15384615384615,7.28205128205128,0.226005914
2024-08-29 12:00:00,3.94871794871795,5.94871794871795,6.71794871794872,8.56410256410256,0.167255454736842
2024-08-29 13:00:00,3.74358974358974,5.58974358974359,6.30769230769231,7.28205128205128,0.9785135635
2024-08-29 14:00:00,3.8974358974359,5.58974358974359,5.94871794871795,6.92307692307692,2.09499368421053
2024-08-29 15:00:00,4,5.71794871794872,6.17948717948718,7.33333333333333,2.8302325
2024-08-29 16:00:00,3.92307692307692,5.61538461538461,6,7.02564102564103,21.1426284210526
2024-08-29 17:00:00,4.58974358974359,6.35897435897436,6.69230769230769,7.53846153846154,82.54341
2024-08-29 18:00:00,6.25641025641026,8.35897435897436,8.82051282051282,10.2307692307692,90.4546052631579
2024-08-29 19:00:00,6.575,8.425,8.725,9.725,76.201295
2024-08-29 20:00:00,6.31578947368421,8.28947368421053,8.55263157894737,9.21052631578947,43.2369157894737
2024-08-29 21:00:00,6.85294117647059,8.76470588235294,9.11764705882353,9.76470588235294,41.9387588235294
2024-08-29 22:00:00,6.47368421052632,8.57894736842105,9,9.73684210526316,21.5367631578947
2024-08-29 23:00:00,6.56410256410256,8.58974358974359,9.15384615384615,10.025641025641,21.8021842105263
2024-08-30,7.28571428571429,9.37142857142857,9.65714285714286,10.1714285714286,18.3037842105263
2024-08-30 01:00:00,7.25641025641026,9.41025641025641,9.92307692307692,10.6666666666667,16.79436
2024-08-30 02:00:00,7.61538461538461,9.82051282051282,10.2564102564103,10.974358974359,13.0284536842105
2024-08-30 03:00:00,7.775,10.075,10.3,10.85,14.752625
2024-08-30 04:00:00,7.89189189189189,10.1891891891892,10.5405405405405,11.4324324324324,17.0844122222222
2024-08-30 05:00:00,7.325,9.425,9.625,10.675,7.957641
2024-08-30 06:00:00,7.34210526315789,9.68421052631579,10.5526315789474,12,3.58063368421053
2024-08-30 07:00:00,8,10.875,12.375,15.675,5.181358
2024-08-30 08:00:00,8.89189189189189,12,13.1081081081081,15.5135135135135,4.37637888888889
2024-08-30 09:00:00,7.475,9.95,10.725,12.325,0.66783789
2024-08-30 10:00:00,5.97368421052632,8.52631578947368,9.63157894736842,11.6578947368421,0.209722735263158
2024-08-30 11:00:00,5.75,7.8,8.35,9.7,0.7840926
2024-08-30 12:00:00,4.86842105263158,6.71052631578947,7.36842105263158,8.63157894736842,1.13416052631579
2024-08-30 13:00:00,4.525,6.325,6.575,7.825,2.789981
2024-08-30 14:00:00,4.76315789473684,6.44736842105263,6.84210526315789,8.02631578947368,4.11359684210526
2024-08-30 15:00:00,4.975,6.65,7,8.075,4.2102085
2024-08-30 16:00:00,5.5,7.26315789473684,7.68421052631579,8.86842105263158,9.81142421052632
2024-08-30 17:00:00,6.075,8.175,8.475,9.55,28.35678
2024-08-30 18:00:00,7.41025641025641,9.8974358974359,10.7692307692308,12.1025641025641,48.9049210526316
2024-08-30 19:00:00,8,10.2307692307692,10.6923076923077,12.2051282051282,61.43852
2024-08-30 20:00:00,7.97435897435897,10.3076923076923,10.7692307692308,11.8205128205128,25.1022421052632
2024-08-30 21:00:00,6.82857142857143,9.08571428571429,9.45714285714286,10.5428571428571,8.94260111111111
2024-08-30 22:00:00,6.17948717948718,8.07692307692308,8.58974358974359,9.1025641025641,8.09840473684211
2024-08-30 23:00:00,5.87179487179487,7.79487179487179,8,8.64102564102564,13.88305
2024-08-31,5.66666666666667,7.38461538461539,7.58974358974359,8.17948717948718,12.0590421052632
2024-08-31 01:00:00,6.25,7.975,8.15,8.825,11.341771
2024-08-31 02:00:00,7.63157894736842,9.89473684210526,10.2105263157895,11.1052631578947,12.5464684210526
2024-08-31 03:00:00,8.94444444444444,11.5,11.7777777777778,12.6111111111111,10.772485
2024-08-31 04:00:00,9.25,11.9722222222222,12.5833333333333,13.3333333333333,7.07911052631579
2024-08-31 05:00:00,5.63157894736842,7.52631578947368,7.76315789473684,8.18421052631579,3.9359725
2024-08-31 06:00:00,3.20512820512821,4.84615384615385,4.8974358974359,5.12820512820513,3.37131105263158
2024-08-31 07:00:00,3.51282051282051,5.07692307692308,5.20512820512821,5.66666666666667,3.771975
2024-08-31 08:00:00,3.1025641025641,4.53846153846154,4.69230769230769,5.02564102564103,3.35213894736842
2024-08-31 09:00:00,3.25641025641026,4.74358974358974,4.87179487179487,5.23076923076923,2.17818
2024-08-31 10:00:00,3.61538461538462,5.1025641025641,5.23076923076923,5.82051282051282,2.33825210526316
2024-08-31 11:00:00,3.64102564102564,5.17948717948718,5.43589743589744,5.92307692307692,2.4144745
2024-08-31 12:00:00,4.33333333333333,5.8974358974359,6.1025641025641,6.79487179487179,2.21790684210526
2024-08-31 13:00:00,4.6,6.25,6.5,7.35,3.0574725
2024-08-31 14:00:00,3.81578947368421,5.34210526315789,5.47368421052632,6.26315789473684,4.00518421052632
2024-08-31 15:00:00,3.75,5.4,5.625,6.15,7.4175155
2024-08-31 16:00:00,3.97368421052632,5.36842105263158,5.57894736842105,5.94736842105263,13.0672021052632
2024-08-31 17:00:00,3.95,5.325,5.5,5.825,20.024165
2024-08-31 18:00:00,3.84210526315789,5.34210526315789,5.42105263157895,5.78947368421053,26.5168894736842
2024-08-31 19:00:00,4.775,6.525,6.65,7.025,23.96021
2024-08-31 20:00:00,4.68421052631579,6.21052631578947,6.26315789473684,6.47368421052632,19.7657684210526
2024-08-31 21:00:00,5.28125,6.71875,6.84375,7.1875,16.9494055555556
2024-08-31 22:00:00,5.86486486486486,7.45945945945946,7.62162162162162,8.10810810810811,12.9499905263158
2024-08-31 23:00:00,5.6,7.5,7.7,8,11.513512
2024-09-01,5.83783783783784,7.56756756756757,7.7027027027027,8,10.8930347368421
2024-09-01 01:00:00,5.975,7.85,8.1,8.325,10.623383
2024-09-01 02:00:00,6.07894736842105,8.13157894736842,8.23684210526316,8.8421052631579,7.81532368421053
2024-09-01 03:00:00,5.9,7.725,7.95,8.2,6.736733
2024-09-01 04:00:00,6.10526315789474,7.94736842105263,8.02631578947368,8.23684210526316,7.77125315789474
2024-09-01 05:00:00,6.025,7.9,8.025,8.45,5.753079
2024-09-01 06:00:00,7,9.28947368421053,9.60526315789474,10.1842105263158,3.79728210526316
2024-09-01 07:00:00,6.725,8.925,9.15,10,4.3634765
2024-09-01 08:00:00,5.86842105263158,7.94736842105263,8.60526315789474,9.8421052631579,5.02008842105263
2024-09-01 09:00:00,5.075,7.1,7.5,8.45,2.4169
2024-09-01 10:00:00,4.76923076923077,6.56410256410256,6.97435897435897,7.66666666666667,1.47801842105263
2024-09-01 11:00:00,4.73684210526316,6.31578947368421,6.44736842105263,6.84210526315789,1.46830989473684
2024-09-01 12:00:00,4.2,5.625,5.775,6.3,0.85767355
2024-09-01 13:00:00,5.34210526315789,6.92105263157895,7,7.47368421052632,1.69395363157895
2024-09-01 14:00:00,5.9,7.525,7.625,8.125,2.5799415
2024-09-01 15:00:00,4.76315789473684,6.26315789473684,6.52631578947368,7,5.44513473684211
2024-09-01 16:00:00,5.05128205128205,6.87179487179487,7.17948717948718,7.64102564102564,13.4854494736842
2024-09-01 17:00:00,7.34210526315789,9.86842105263158,10.2631578947368,10.9473684210526,24.5254473684211
2024-09-01 18:00:00,7.075,9.275,9.5,10,27.55485
2024-09-01 19:00:00,7.7027027027027,10.3513513513514,10.6756756756757,11.2162162162162,21.2062944444444
2024-09-01 20:00:00,8.9,12.075,12.45,13.125,18.767675
2024-09-01 21:00:00,9.52941176470588,12.8235294117647,13.2647058823529,13.8823529411765,18.1070176470588
2024-09-01 22:00:00,9.46153846153846,12.7435897435897,13.2051282051282,13.974358974359,20.059335
2024-09-01 23:00:00,9.25641025641026,12.5384615384615,13.0769230769231,13.8717948717949,18.6574368421053
2024-09-02,9.25,12.55,12.9,13.425,15.132035
2024-09-02 01:00:00,9.28947368421053,12.3684210526316,12.7631578947368,13.2894736842105,12.9941368421053
2024-09-02 02:00:00,9.25,12.5,12.9,13.45,10.952103
2024-09-02 03:00:00,9.35897435897436,12.3589743589744,12.6410256410256,13.1794871794872,12.9687326315789
2024-09-02 04:00:00,9.60526315789474,12.6315789473684,13.1315789473684,13.6578947368421,11.873827
2024-09-02 05:00:00,9.18421052631579,12.3684210526316,13.0263157894737,14.1052631578947,11.1150457894737
2024-09-02 06:00:00,9.975,13.55,14.95,17.025,4.917436
2024-09-02 07:00:00,10.3333333333333,13.6153846153846,14.3333333333333,15.4871794871795,9.04979947368421
2024-09-02 08:00:00,8.56410256410256,11.4615384615385,12.3333333333333,13.8461538461538,5.38138
2024-09-02 09:00:00,7.78947368421053,10.3684210526316,11.1052631578947,12.6052631578947,2.37217894736842
2024-09-02 10:00:00,7.7,10.875,12.375,16.975,1.6241668
2024-09-02 11:00:00,7.18421052631579,9.5,9.89473684210526,11.5263157894737,1.84873631578947
2024-09-02 12:00:00,7.625,10.1,10.725,11.875,2.6415955
2024-09-02 13:00:00,7.84615384615385,10.3589743589744,11.0512820512821,12.2051282051282,4.33900947368421
2024-09-02 14:00:00,8.05128205128205,10.5128205128205,10.974358974359,12.1025641025641,4.8771205
2024-09-02 15:00:00,8.12820512820513,10.4615384615385,11,11.8205128205128,4.07170368421053
2024-09-02 16:00:00,8.075,10.275,10.75,11.6,6.956966
2024-09-02 17:00:00,9.23076923076923,11.6923076923077,12.4615384615385,13.3076923076923,37.7439473684211
2024-09-02 18:00:00,9.66666666666667,12.1025641025641,12.5897435897436,13.5641025641026,41.485315
2024-09-02 19:00:00,10.0789473684211,12.5526315789474,12.9473684210526,13.7631578947368,41.4846277777778
2024-09-02 20:00:00,9.375,11.95,12.25,13.15,27.72603
2024-09-02 21:00:00,9.70967741935484,12.1935483870968,12.4516129032258,13.5806451612903,21.2647588235294
2024-09-02 22:00:00,9.87878787878788,12.3333333333333,12.6666666666667,13.3636363636364,18.24698
2024-09-02 23:00:00,9.97435897435897,12.6410256410256,13.0512820512821,13.6153846153846,15.6039105263158
2024-09-03,9.97142857142857,12.5714285714286,13.1714285714286,13.8857142857143,14.5967947368421
2024-09-03 01:00:00,10.5714285714286,13.2857142857143,13.6857142857143,14.4285714285714,12.7416705263158
2024-09-03 02:00:00,10.45,13.275,14.025,14.65,11.090205
2024-09-03 03:00:00,10.3235294117647,13,13.5588235294118,14.4705882352941,13.6393977777778
2024-09-03 04:00:00,10.775,13.55,14.175,15.15,15.184754
2024-09-03 05:00:00,10.025641025641,12.6410256410256,13.3333333333333,13.9487179487179,13.6485868421053
2024-09-03 06:00:00,11.6410256410256,15.6410256410256,17.974358974359,21.8461538461538,14.173745
2024-09-03 07:00:00,12.8717948717949,16.8717948717949,18.9230769230769,22.5384615384615,18.6143915789474
2024-09-03 08:00:00,12.35,16.45,18.325,23.325,5.894992
2024-09-03 09:00:00,9.83783783783784,12.8918918918919,14.4864864864865,16.6486486486486,1.44604526315789
2024-09-03 10:00:00,9.4,12.375,13.575,15.875,0.79899405
2024-09-03 11:00:00,9.05128205128205,11.5128205128205,12.4102564102564,14.3589743589744,0.622690368421053
2024-09-03 12:00:00,7.87179487179487,10.0769230769231,10.5641025641026,11.8461538461538,0.314886085
2024-09-03 13:00:00,7,8.89473684210526,9.28947368421053,10.5526315789474,0.871298894736842
2024-09-03 14:00:00,7.275,9.45,9.975,11.225,4.6882235
2024-09-03 15:00:00,7.65789473684211,9.78947368421053,10.4210526315789,11.7894736842105,43.4864442105263
2024-09-03 16:00:00,8,10.2,10.75,12.05,64.94992
2024-09-03 17:00:00,8.8974358974359,11.7435897435897,12.5384615384615,14.7692307692308,34.586922631579
2024-09-03 18:00:00,5.30769230769231,7.15384615384615,7.56410256410256,8.76923076923077,4.30806
2024-09-03 19:00:00,4.71794871794872,6.43589743589744,6.61538461538461,7.35897435897436,23.6508578947368
2024-09-03 20:00:00,5.2,6.8,7,7.85,31.294255
2024-09-03 21:00:00,6.09090909090909,7.81818181818182,8.09090909090909,8.75757575757576,37.1681882352941
2024-09-03 22:00:00,6.75,8.775,9.075,10,22.98505
2024-09-03 23:00:00,6.89473684210526,8.94736842105263,9.21052631578947,9.97368421052632,17.2268263157895
2024-09-04,7.375,9.525,9.95,10.55,15.87635
2024-09-04 01:00:00,7.92105263157895,10.2631578947368,10.5789473684211,11.4736842105263,17.7773611111111
2024-09-04 02:00:00,8.23076923076923,10.6923076923077,11.1025641025641,12.1025641025641,15.9472947368421
2024-09-04 03:00:00,8.39473684210526,10.8421052631579,11.3947368421053,12.3157894736842,12.9656631578947
2024-09-04 04:00:00,8.175,10.525,10.925,11.875,19.595565
2024-09-04 05:00:00,8.26315789473684,10.6578947368421,11.3947368421053,12.5789473684211,18.1715611111111
2024-09-04 06:00:00,9.74358974358974,13.4615384615385,15.6666666666667,20.8717948717949,17.831419
2024-09-04 07:00:00,8.53846153846154,11.8461538461538,13.7692307692308,18.3076923076923,15.0460668421053
2024-09-04 08:00:00,7.825,10.675,11.9,15.075,5.926194
2024-09-04 09:00:00,7.02631578947368,9.31578947368421,10.2105263157895,12.2368421052632,0.679927736842105
2024-09-04 10:00:00,5.97435897435897,8.23076923076923,9.07692307692308,10.8974358974359,0.0418334825
2024-09-04 11:00:00,5.12820512820513,7.07692307692308,7.71794871794872,9.56410256410256,0.1956489
2024-09-04 12:00:00,4.7,6.475,6.85,8.6,0.3186959
2024-09-04 13:00:00,4.86842105263158,6.60526315789474,7.21052631578947,9.02631578947368,0.924385421052632
2024-09-04 14:00:00,5,6.85,7.5,9.2,1.5636269
2024-09-04 15:00:00,5.17948717948718,6.97435897435897,7.48717948717949,9.33333333333333,2.0606
2024-09-04 16:00:00,5.48717948717949,7.43589743589744,7.94871794871795,9.61538461538461,3.845574
2024-09-04 17:00:00,6.875,9.25,10,12.3,13.0684895
2024-09-04 18:00:00,7.46153846153846,10.2307692307692,11.1025641025641,13.025641025641,20.0672368421053
2024-09-04 19:00:00,6.1,8.525,9.075,10.85,8.4373835
2024-09-04 20:00:00,5.21052631578947,7.10526315789474,7.76315789473684,9.5,6.97472
2024-09-04 21:00:00,5.69444444444444,7.83333333333333,8.58333333333333,9.80555555555556,7.72632666666667
2024-09-04 22:00:00,6.15,8.425,9.225,10.775,7.14348
2024-09-04 23:00:00,6.07894736842105,8.23684210526316,9.10526315789474,10.6578947368421,6.47656894736842
2024-09-05,6.375,8.7,9.275,11.15,7.6073185
2024-09-05 01:00:00,6.81578947368421,9.23684210526316,9.89473684210526,12.2105263157895,17.0612852631579
2024-09-05 02:00:00,7.025,9.35,9.975,11.875,17.688132
2024-09-05 03:00:00,7.12820512820513,9.38461538461539,10.3589743589744,12.3846153846154,14.6167084210526
2024-09-05 04:00:00,6.97435897435897,9.48717948717949,10.2564102564103,12.5641025641026,15.6368205
2024-09-05 05:00:00,7.23076923076923,9.8974358974359,10.7948717948718,13.1794871794872,20.3292915789474
2024-09-05 06:00:00,6.48717948717949,8.92307692307692,9.66666666666667,11.4102564102564,3.779989
2024-09-05 07:00:00,6.05263157894737,8.36842105263158,9.3421052631579,11.4210526315789,2.93308894736842
2024-09-05 08:00:00,6.05128205128205,8.48717948717949,9.92307692307692,12.9230769230769,2.4735635
2024-09-05 09:00:00,5.76923076923077,8.23076923076923,9.56410256410256,12.5897435897436,0.941700157894737
2024-09-05 10:00:00,5.61538461538461,8.15384615384615,9.56410256410256,13.5897435897436,1.06640275
2024-09-05 11:00:00,5.33333333333333,7.82051282051282,9.15384615384615,13.1538461538462,1.40689368421053
2024-09-05 12:00:00,5.46153846153846,7.8974358974359,9.02564102564103,12.4102564102564,1.3945509
2024-09-05 13:00:00,5.05128205128205,7.41025641025641,8.33333333333333,11.3333333333333,1.68034989473684
2024-09-05 14:00:00,4.8974358974359,7.28205128205128,8.46153846153846,11.8461538461538,2.8388075
2024-09-05 15:00:00,4.58974358974359,7.07692307692308,7.94871794871795,11.1282051282051,2.34381842105263
2024-09-05 16:00:00,4.92105263157895,7.36842105263158,8.57894736842105,11.3684210526316,3.8311052631579
2024-09-05 17:00:00,5.52631578947368,7.89473684210526,9.21052631578947,11.7368421052632,9.11199842105263
2024-09-05 18:00:00,4.95,7.3,8.775,10.775,6.2258405
2024-09-05 19:00:00,4.44736842105263,6.76315789473684,7.92105263157895,10.5526315789474,4.05386210526316
2024-09-05 20:00:00,3.675,5.825,7.025,9.625,3.7467305
2024-09-05 21:00:00,3.70588235294118,5.88235294117647,6.85294117647059,9.14705882352941,4.57673235294118
2024-09-05 22:00:00,3.925,6.05,7.225,10,7.1717425
2024-09-05 23:00:00,4.12820512820513,6.56410256410256,7.61538461538461,10.7435897435897,9.60128157894737
2024-09-06,4.20512820512821,6.43589743589744,7.51282051282051,10.4358974358974,8.655222
2024-09-06 01:00:00,4.8974358974359,7.1025641025641,8.1025641025641,10.8461538461538,9.13474157894737
2024-09-06 02:00:00,5.33333333333333,7.56410256410256,8.76923076923077,11,9.290926
2024-09-06 03:00:00,5.4,7.71428571428571,8.65714285714286,11.0857142857143,20.5794473684211
2024-09-06 04:00:00,5.2972972972973,7.64864864864865,8.97297297297297,11.0540540540541,35.626925
2024-09-06 05:00:00,5.69444444444444,8.25,9.30555555555556,12.6111111111111,54.298145
2024-09-06 06:00:00,5.26315789473684,7.94736842105263,9.36842105263158,13.3421052631579,5.96655052631579
2024-09-06 07:00:00,4.7,7.225,8.575,11.675,3.1864945
2024-09-06 08:00:00,4.75675675675676,6.91891891891892,8.10810810810811,10.5945945945946,2.58562722222222
2024-09-06 09:00:00,4.75,7,8.15,10.8,1.2984667
2024-09-06 10:00:00,4.69230769230769,7.17948717948718,8.7948717948718,12.2564102564103,0.803436421052632
2024-09-06 11:00:00,4.48717948717949,6.66666666666667,7.71794871794872,11.1794871794872,1.30104525
2024-09-06 12:00:00,4.30769230769231,6.58974358974359,7.82051282051282,10.3076923076923,0.784738789473684
2024-09-06 13:00:00,3.76923076923077,5.79487179487179,6.92307692307692,9.64102564102564,1.4002496
2024-09-06 14:00:00,3.84615384615385,6.02564102564103,7,10.2307692307692,2.40004
2024-09-06 15:00:00,4.12820512820513,6.35897435897436,7.25641025641026,10.1282051282051,4.218073
2024-09-06 16:00:00,4.82051282051282,7.12820512820513,8.05128205128205,10.9487179487179,6.2331652631579
2024-09-06 17:00:00,4.87179487179487,7.20512820512821,8.17948717948718,10.3333333333333,20.92672
2024-09-06 18:00:00,5.46153846153846,7.94871794871795,9,11.4102564102564,80.1546315789474
2024-09-06 19:00:00,6.17948717948718,8.7948717948718,9.87179487179487,12.2051282051282,61.11039
2024-09-06 20:00:00,6.28947368421053,8.92105263157895,9.89473684210526,12.0263157894737,23.8459836842105
2024-09-06 21:00:00,6.4375,9.09375,10.4375,12.96875,11.6603477777778
2024-09-06 22:00:00,6.6,9.25714285714286,10.4,13.0285714285714,15.7582105263158
2024-09-06 23:00:00,7.16666666666667,10.0277777777778,11.5277777777778,14.6111111111111,27.0024684210526
2024-09-07,7,9.76315789473684,11,13.5789473684211,27.5986578947368
2024-09-07 01:00:00,7.075,9.875,11.3,14.025,31.371365
2024-09-07 02:00:00,7.59459459459459,10.3513513513514,11.6216216216216,13.972972972973,25.3427526315789
2024-09-07 03:00:00,8.075,11.15,12.575,15.3,24.30394
2024-09-07 04:00:00,8.10526315789474,11.1315789473684,12.3421052631579,14.8947368421053,20.4371368421053
2024-09-07 05:00:00,8.05128205128205,11.3333333333333,12.4871794871795,15.1282051282051,14.6592889473684
2024-09-07 06:00:00,8.44736842105263,12.0263157894737,14.0526315789474,18.0789473684211,6.21387684210526
2024-09-07 07:00:00,6.95,10.1,12.15,16.125,4.7824205
2024-09-07 08:00:00,5.18421052631579,7.86842105263158,9.44736842105263,12.4473684210526,2.53525157894737
2024-09-07 09:00:00,3.82051282051282,6.02564102564103,7.23076923076923,9.35897435897436,1.19601163157895
2024-09-07 10:00:00,3.58974358974359,5.53846153846154,6.61538461538461,8.53846153846154,0.966521
2024-09-07 11:00:00,2.43589743589744,4.02564102564103,4.58974358974359,6.35897435897436,1.3835267
2024-09-07 12:00:00,2.82051282051282,4.66666666666667,5.61538461538461,7.82051282051282,1.61331726315789
2024-09-07 13:00:00,1.8974358974359,3.38461538461538,4.28205128205128,5.94871794871795,2.0899355
2024-09-07 14:00:00,1.10526315789474,2.23684210526316,2.55263157894737,3.68421052631579,2.09374789473684
2024-09-07 15:00:00,1,2.02564102564103,2.20512820512821,2.87179487179487,2.927055
2024-09-07 16:00:00,1.20512820512821,2.35897435897436,2.64102564102564,3.48717948717949,4.25422105263158
2024-09-07 17:00:00,4.25641025641026,6.46153846153846,7.20512820512821,8.33333333333333,21.779502
2024-09-07 18:00:00,4.94871794871795,7.46153846153846,8.28205128205128,10.1282051282051,77.0134105263158
2024-09-07 19:00:00,3,4.94871794871795,5.48717948717949,6.79487179487179,21.735265
2024-09-07 20:00:00,2.30769230769231,4.05128205128205,4.41025641025641,5.48717948717949,11.3048736842105
2024-09-07 21:00:00,1.65714285714286,3.02857142857143,3.42857142857143,4.4,10.1170111111111
2024-09-07 22:00:00,1.58974358974359,2.97435897435897,3.58974358974359,4.74358974358974,10.2839073684211
2024-09-07 23:00:00,1.8,3.125,3.325,4.4,15.682295
2024-09-08,2.36842105263158,3.94736842105263,4.34210526315789,5.39473684210526,19.0797
2024-09-08 01:00:00,2.97297297297297,4.54054054054054,4.94594594594595,5.81081081081081,21.088345
2024-09-08 02:00:00,3.81081081081081,5.56756756756757,6.16216216216216,7.54054054054054,18.6072789473684
2024-09-08 03:00:00,4.58823529411765,6.5,6.85294117647059,8.11764705882353,23.0935526315789
2024-09-08 04:00:00,4.97435897435897,6.79487179487179,7.12820512820513,8.15384615384615,18.5705421052632
2024-09-08 05:00:00,4.76923076923077,6.71794871794872,7.30769230769231,8.53846153846154,11.794803
2024-09-08 06:00:00,4.76923076923077,6.51282051282051,7.30769230769231,8.56410256410256,4.29513
2024-09-08 07:00:00,4.575,6.325,6.775,7.975,4.359699
2024-09-08 08:00:00,3.53846153846154,5.12820512820513,5.35897435897436,6.58974358974359,2.8628415
2024-09-08 09:00:00,2.82051282051282,4.38461538461539,4.76923076923077,5.79487179487179,0.965642368421053
2024-09-08 10:00:00,2.41025641025641,3.61538461538462,3.94871794871795,4.82051282051282,0.73210955
2024-09-08 11:00:00,2.23076923076923,4.25641025641026,7,31,0.714353315789474
2024-09-08 12:00:00,1.87179487179487,3,3.15384615384615,3.82051282051282,0.7053501
2024-09-08 13:00:00,1.74358974358974,2.94871794871795,3.25641025641026,3.92307692307692,1.61791989473684
2024-09-08 14:00:00,1.76923076923077,2.79487179487179,2.84615384615385,3.05128205128205,2.970235
2024-09-08 15:00:00,1.56410256410256,2.66666666666667,2.69230769230769,3.12820512820513,8.0804352631579
2024-09-08 16:00:00,2,3.15384615384615,3.41025641025641,3.92307692307692,32.5162045
2024-09-08 17:00:00,2.61538461538462,4.12820512820513,4.69230769230769,6.48717948717949,49.5428421052632
2024-09-08 18:00:00,2.64102564102564,4,4.28205128205128,4.92307692307692,25.5554235
2024-09-08 19:00:00,2.28205128205128,3.79487179487179,4.02564102564103,5.07692307692308,3.67280894736842
2024-09-08 20:00:00,1.61538461538462,2.84615384615385,3.12820512820513,4.07692307692308,3.7538055
2024-09-08 21:00:00,1.74285714285714,3.14285714285714,3.8,5.14285714285714,4.35632
2024-09-08 22:00:00,1.875,3.525,4.1,5.85,7.2301195
2024-09-08 23:00:00,2.52631578947368,4.47368421052632,5.5,8.07894736842105,22.8819589473684
2024-09-09,2.875,5.225,6.775,9.2,59.66998
2024-09-09 01:00:00,3.13157894736842,5.18421052631579,6.18421052631579,8.10526315789474,46.8897263157895
2024-09-09 02:00:00,4.375,6.15,6.95,8.55,50.741885
2024-09-09 03:00:00,5.52631578947368,7.55263157894737,8.28947368421053,9.31578947368421,42.6549210526316
2024-09-09 04:00:00,4.55,6.3,6.65,7.55,23.6995195
2024-09-09 05:00:00,1.76923076923077,2.84615384615385,2.94871794871795,3.25641025641026,15.5394252631579
2024-09-09 06:00:00,0.128205128205128,0.58974358974359,0.58974358974359,0.948717948717949,6.800635
2024-09-09 07:00:00,0.333333333333333,1,1.02564102564103,1.12820512820513,7.26013842105263
2024-09-09 08:00:00,0.2,1.025,1.05,1.225,11.2874975
2024-09-09 09:00:00,0.205128205128205,1.07692307692308,1.1025641025641,1.20512820512821,10.549628
2024-09-09 10:00:00,0.157894736842105,1.10526315789474,1.13157894736842,1.26315789473684,6.07926526315789
2024-09-09 11:00:00,0.108108108108108,0.945945945945946,0.945945945945946,1.08108108108108,2.6062605
2024-09-09 12:00:00,0.157894736842105,1.05263157894737,1.10526315789474,1.26315789473684,2.26842894736842
2024-09-09 13:00:00,0.15,0.95,1,1.175,1.997617
2024-09-09 14:00:00,0.0769230769230769,0.974358974358974,1,1.07692307692308,2.62555789473684
2024-09-09 15:00:00,0.41025641025641,1.41025641025641,1.41025641025641,1.58974358974359,7.3478445
2024-09-09 16:00:00,0.361111111111111,1.33333333333333,1.36111111111111,1.55555555555556,10.4796389473684
2024-09-09 17:00:00,0.205128205128205,1.15384615384615,1.15384615384615,1.23076923076923,17.748375
2024-09-09 18:00:00,0.125,0.975,1.025,1.15,25.0588631578947
2024-09-09 19:00:00,0.179487179487179,1.05128205128205,1.05128205128205,1.12820512820513,21.30994
2024-09-09 20:00:00,0.205128205128205,1,1,1.28205128205128,12.9824957894737
2024-09-09 21:00:00,0.257142857142857,1,1.14285714285714,1.28571428571429,11.8710022222222
2024-09-09 22:00:00,0.256410256410256,1.07692307692308,1.07692307692308,1.17948717948718,11.0293305263158
2024-09-09 23:00:00,0.473684210526316,1.36842105263158,1.36842105263158,1.60526315789474,9.79243789473684
2024-09-10,0.282051282051282,1.17948717948718,1.20512820512821,1.46153846153846,7.91172210526316
2024-09-10 01:00:00,0.205128205128205,1.15384615384615,1.20512820512821,1.48717948717949,8.172601
2024-09-10 02:00:00,0.256410256410256,1.17948717948718,1.17948717948718,1.46153846153846,9.46706947368421
2024-09-10 03:00:00,0.25,1.2,1.325,1.55,9.0564725
2024-09-10 04:00:00,0.868421052631579,1.89473684210526,1.92105263157895,2.07894736842105,10.8656810526316
2024-09-10 05:00:00,1.66666666666667,2.74358974358974,2.79487179487179,3.02564102564103,13.2447126315789
2024-09-10 06:00:00,1.69444444444444,2.75,2.80555555555556,2.97222222222222,10.2593836842105
2024-09-10 07:00:00,1.4,2.42857142857143,2.51428571428571,2.8,7.0219815
2024-09-10 08:00:00,0.897435897435897,1.69230769230769,1.82051282051282,2.15384615384615,5.19791210526316
2024-09-10 09:00:00,0.153846153846154,0.743589743589744,0.769230769230769,1.15384615384615,2.8089245
2024-09-10 10:00:00,0.205128205128205,1.07692307692308,1.20512820512821,1.66666666666667,2.15782263157895
2024-09-10 11:00:00,0.641025641025641,1.69230769230769,1.74358974358974,2.07692307692308,2.09869215
2024-09-10 12:00:00,0.82051282051282,2.1025641025641,2.28205128205128,2.97435897435897,1.91147526315789
2024-09-10 13:00:00,0.763157894736842,2.07894736842105,2.34210526315789,2.86842105263158,2.404146
2024-09-10 14:00:00,0.923076923076923,2.23076923076923,2.53846153846154,3.25641025641026,3.21779263157895
2024-09-10 15:00:00,1.02564102564103,2.33333333333333,2.66666666666667,3.1025641025641,7.0114395
2024-09-10 16:00:00,0.717948717948718,1.92307692307692,2.02564102564103,2.23076923076923,8.95370684210526
2024-09-10 17:00:00,0.512820512820513,1.64102564102564,1.71794871794872,1.94871794871795,17.179626
2024-09-10 18:00:00,0.564102564102564,1.58974358974359,1.64102564102564,1.82051282051282,27.6355473684211
2024-09-10 19:00:00,0.65,1.7,1.775,2,32.568255
2024-09-10 20:00:00,1.13157894736842,2.10526315789474,2.21052631578947,2.44736842105263,27.8852947368421
2024-09-10 21:00:00,1.11428571428571,2.17142857142857,2.17142857142857,2.25714285714286,22.9479888888889
2024-09-10 22:00:00,1.34210526315789,2.47368421052632,2.57894736842105,3.05263157894737,20.1357842105263
2024-09-10 23:00:00,1.375,2.625,2.775,3.1,24.616835
2024-09-11,1.57894736842105,2.92105263157895,3.15789473684211,4.28947368421053,20.4347631578947
2024-09-11 01:00:00,1.69230769230769,3.02564102564103,3.15384615384615,4.30769230769231,12.0114095
2024-09-11 02:00:00,1.55263157894737,2.57894736842105,2.76315789473684,3.02631578947368,7.47004368421053
2024-09-11 03:00:00,1.825,2.925,2.95,3.3,8.3921135
2024-09-11 04:00:00,2,3.38461538461538,3.56410256410256,3.84615384615385,9.601792
2024-09-11 05:00:00,2.02564102564103,3.46153846153846,3.64102564102564,4.20512820512821,8.68448789473684
2024-09-11 06:00:00,1.69230769230769,3.15384615384615,3.41025641025641,3.8974358974359,5.622713
2024-09-11 07:00:00,1.66666666666667,3.02564102564103,3.30769230769231,3.74358974358974,4.07445473684211
2024-09-11 08:00:00,1.375,2.7,2.975,3.25,3.8798025
2024-09-11 09:00:00,1.34210526315789,2.55263157894737,2.78947368421053,3.23684210526316,2.91951263157895
2024-09-11 10:00:00,1.075,2.175,2.325,2.625,3.19918
2024-09-11 11:00:00,0.911764705882353,1.97058823529412,2.08823529411765,2.20588235294118,3.98305684210526
2024-09-11 12:00:00,1.14705882352941,2.14705882352941,2.17647058823529,2.41176470588235,5.9006665
2024-09-11 13:00:00,0.8,1.77142857142857,1.82857142857143,2.02857142857143,6.40456210526316
2024-09-11 14:00:00,0.848484848484849,1.81818181818182,1.84848484848485,1.93939393939394,9.4906865
2024-09-11 15:00:00,0.175,0.85,0.925,1.1,25.3117631578947
2024-09-11 16:00:00,3.87179487179487,5.71794871794872,6.15384615384615,6.30769230769231,35.701485
2024-09-11 17:00:00,0.435897435897436,1.41025641025641,1.43589743589744,1.53846153846154,30.0910894736842
2024-09-11 18:00:00,1.58974358974359,2.66666666666667,2.66666666666667,2.74358974358974,21.21455
2024-09-11 19:00:00,3.82051282051282,5.69230769230769,5.94871794871795,6.30769230769231,16.9291368421053
2024-09-11 20:00:00,0.435897435897436,1.46153846153846,1.48717948717949,1.64102564102564,12.781712
2024-09-11 21:00:00,0.571428571428571,1.54285714285714,1.54285714285714,1.62857142857143,11.8298247058824
2024-09-11 22:00:00,0.447368421052632,1.42105263157895,1.47368421052632,1.63157894736842,9.35044157894737
2024-09-11 23:00:00,0.432432432432432,1.43243243243243,1.48648648648649,1.67567567567568,6.794742
2024-09-12,0.736842105263158,1.73684210526316,1.78947368421053,1.94736842105263,6.82246263157895
2024-09-12 01:00:00,0.925,1.975,2.1,2.175,9.684517
2024-09-12 02:00:00,1.20512820512821,2.30769230769231,2.43589743589744,2.64102564102564,10.0064357894737
2024-09-12 03:00:00,1.46153846153846,2.66666666666667,2.76923076923077,3.23076923076923,10.65515
2024-09-12 04:00:00,1.38461538461538,2.53846153846154,2.74358974358974,3.17948717948718,10.9408415789474
2024-09-12 05:00:00,0.974358974358974,2.25641025641026,2.30769230769231,2.53846153846154,9.142802
2024-09-12 06:00:00,1.07692307692308,2.28205128205128,2.28205128205128,2.61538461538462,9.12769789473684
2024-09-12 07:00:00,1.05128205128205,2.23076923076923,2.33333333333333,2.66666666666667,7.4688025
2024-09-12 08:00:00,1.1025641025641,2.17948717948718,2.20512820512821,2.48717948717949,4.63625315789474
2024-09-12 09:00:00,1.02564102564103,2.28205128205128,2.41025641025641,2.84615384615385,2.5932305
2024-09-12 10:00:00,0.564102564102564,1.69230769230769,1.8974358974359,2.46153846153846,2.22333736842105
2024-09-12 11:00:00,0.424242424242424,1.54545454545455,1.75757575757576,2.24242424242424,2.206567
2024-09-12 12:00:00,0.5,1.5,1.57894736842105,1.76315789473684,3.69720473684211
2024-09-12 13:00:00,0.4,1.425,1.525,1.725,5.1213905
2024-09-12 14:00:00,0.710526315789474,1.94736842105263,2.28947368421053,3.28947368421053,6.38188263157895
2024-09-12 15:00:00,0.475,1.575,1.75,2.325,7.8735185
2024-09-12 16:00:00,0.794871794871795,1.84615384615385,1.94871794871795,2.28205128205128,26.7270536842105
2024-09-12 17:00:00,3.51282051282051,5.46153846153846,5.82051282051282,6.15384615384615,24.17005
2024-09-12 18:00:00,3.02564102564103,4.94871794871795,5.17948717948718,5.58974358974359,19.1700368421053
2024-09-12 19:00:00,2.64102564102564,4.76923076923077,5.30769230769231,5.69230769230769,19.714645
2024-09-12 20:00:00,2.66666666666667,4.41025641025641,4.69230769230769,5.20512820512821,26.1571894736842
2024-09-12 21:00:00,13.9705882352941,20.2058823529412,22.0882352941176,23.5294117647059,23.4332411764706
2024-09-12 22:00:00,2.05128205128205,3.38461538461538,3.46153846153846,3.76923076923077,20.6592578947368
2024-09-12 23:00:00,2.05128205128205,3.43589743589744,3.51282051282051,3.79487179487179,16.46776
2024-09-13,7.61538461538461,12.4871794871795,14.3589743589744,16.0769230769231,12.8237368421053
2024-09-13 01:00:00,1.79487179487179,3.02564102564103,3.1025641025641,3.46153846153846,11.13901
2024-09-13 02:00:00,1.71794871794872,3.02564102564103,3.20512820512821,3.61538461538462,7.62701421052632
2024-09-13 03:00:00,1.38461538461538,2.76923076923077,2.92307692307692,3.33333333333333,5.418171
2024-09-13 04:00:00,5.33333333333333,9.1025641025641,10.5384615384615,11.6923076923077,10.4318931578947
2024-09-13 05:00:00,1.58974358974359,2.84615384615385,3.05128205128205,3.53846153846154,15.47011
2024-09-13 06:00:00,1.46153846153846,2.74358974358974,2.87179487179487,3.25641025641026,12.7852063157895
2024-09-13 07:00:00,1.075,2.125,2.3,2.45,8.26158
2024-09-13 08:00:00,0.947368421052632,2,2.05263157894737,2.34210526315789,7.34649789473684
2024-09-13 09:00:00,0.15,1.15,1.15,1.35,7.139377
2024-09-13 10:00:00,0.157894736842105,1.10526315789474,1.10526315789474,1.21052631578947,14.3521878947368
2024-09-13 11:00:00,0.225,1.075,1.15,1.4,15.500832
2024-09-13 12:00:00,0.131578947368421,0.947368421052632,0.973684210526316,1.26315789473684,8.79536315789474
2024-09-13 13:00:00,0.2,1.05,1.075,1.25,11.013854
2024-09-13 14:00:00,0.184210526315789,1.02631578947368,1.02631578947368,1.21052631578947,17.5288052631579
2024-09-13 15:00:00,0.175,0.575,0.575,0.675,16.223695
2024-09-13 16:00:00,0.0769230769230769,0.615384615384615,0.615384615384615,0.692307692307692,15.5562473684211
2024-09-13 17:00:00,0.128205128205128,0.717948717948718,0.743589743589744,0.974358974358974,13.922827
2024-09-13 18:00:00,0.0512820512820513,0.717948717948718,0.717948717948718,0.871794871794872,12.6384315789474
2024-09-13 19:00:00,0.0512820512820513,0.564102564102564,0.615384615384615,0.641025641025641,13.11773
2024-09-13 20:00:00,0.102564102564103,0.641025641025641,0.666666666666667,0.743589743589744,10.5331431578947
2024-09-13 21:00:00,0.323529411764706,0.970588235294118,1,1.17647058823529,8.51958705882353
2024-09-13 22:00:00,0.0769230769230769,0.641025641025641,0.666666666666667,0.769230769230769,8.44044526315789
2024-09-13 23:00:00,0,0.210526315789474,0.210526315789474,0.210526315789474,11.8213365
2024-09-14,0,0.230769230769231,0.230769230769231,0.307692307692308,9.77596473684211
2024-09-14 01:00:00,0.0526315789473684,0.394736842105263,0.447368421052632,0.5,9.043434
2024-09-14 02:00:00,0.0256410256410256,0.230769230769231,0.230769230769231,0.333333333333333,14.9492894736842
2024-09-14 03:00:00,0,0.179487179487179,0.179487179487179,0.205128205128205,9.463604
2024-09-14 04:00:00,0.0256410256410256,0.256410256410256,0.307692307692308,0.461538461538462,5.95558421052632
2024-09-14 05:00:00,0.0256410256410256,0.205128205128205,0.205128205128205,0.333333333333333,5.5534765
2024-09-14 06:00:00,0.0256410256410256,0.358974358974359,0.358974358974359,0.461538461538462,6.09751052631579
2024-09-14 07:00:00,0.05,0.325,0.325,0.4,10.3640715
2024-09-14 08:00:00,0.0526315789473684,0.868421052631579,0.947368421052632,1.21052631578947,14.4092136842105
2024-09-14 09:00:00,0.15,1.175,1.425,1.75,11.295813
2024-09-14 10:00:00,0.131578947368421,1.02631578947368,1.10526315789474,1.57894736842105,7.63128052631579
2024-09-14 11:00:00,0.275,1.3,1.35,1.75,9.444234
2024-09-14 12:00:00,0.525,1.625,1.825,2.5,6.38851368421053
2024-09-14 13:00:00,0.717948717948718,1.87179487179487,2.07692307692308,2.64102564102564,5.190205
2024-09-14 14:00:00,0.512820512820513,1.76923076923077,1.92307692307692,2.38461538461538,6.09799526315789
2024-09-14 15:00:00,0.82051282051282,2,2.25641025641026,2.74358974358974,6.6525155
2024-09-14 16:00:00,0.641025641025641,1.82051282051282,2.12820512820513,2.53846153846154,8.18643368421053
2024-09-14 17:00:00,0.564102564102564,1.76923076923077,2.05128205128205,2.69230769230769,15.487624
2024-09-14 18:00:00,0.973684210526316,2.23684210526316,2.5,3.15789473684211,18.5603494736842
2024-09-14 19:00:00,0.743589743589744,1.97435897435897,2.12820512820513,3,16.584174
2024-09-14 20:00:00,1,2.84615384615385,4.48717948717949,21.5641025641026,14.6654810526316
2024-09-14 21:00:00,0.657142857142857,1.91428571428571,2.05714285714286,2.54285714285714,18.3245955555556
2024-09-14 22:00:00,0.666666666666667,1.84615384615385,1.94871794871795,2.41025641025641,21.6759157894737
2024-09-14 23:00:00,0.333333333333333,1.51282051282051,1.64102564102564,2.07692307692308,20.951495
2024-09-15,0.333333333333333,1.41025641025641,1.61538461538462,1.92307692307692,17.7282947368421
2024-09-15 01:00:00,0.384615384615385,1.43589743589744,1.58974358974359,1.87179487179487,16.766936
2024-09-15 02:00:00,0.128205128205128,1.20512820512821,1.30769230769231,1.56410256410256,15.9401273684211
2024-09-15 03:00:00,0.075,1.125,1.175,1.35,10.44866
2024-09-15 04:00:00,0.105263157894737,1.07894736842105,1.13157894736842,1.28947368421053,9.95800105263158
2024-09-15 05:00:00,0.15,1.15,1.15,1.625,8.138642
2024-09-15 06:00:00,0.210526315789474,1.23684210526316,1.28947368421053,1.52631578947368,8.64818578947368
2024-09-15 07:00:00,0.225,1.175,1.275,1.55,14.3807505
2024-09-15 08:00:00,0.184210526315789,1.13157894736842,1.21052631578947,1.42105263157895,13.3369457894737
2024-09-15 09:00:00,0.225,1.125,1.125,1.375,9.1003545
2024-09-15 10:00:00,0.358974358974359,1.33333333333333,1.35897435897436,1.53846153846154,11.4132805
2024-09-15 11:00:00,0.615384615384615,1.66666666666667,1.69230769230769,1.94871794871795,28.2065368421053
2024-09-15 12:00:00,0.475,1.525,1.75,1.825,26.67702
2024-09-15 13:00:00,0.552631578947368,1.60526315789474,1.73684210526316,1.92105263157895,27.1834473684211
2024-09-15 14:00:00,0.55,1.575,1.6,1.775,21.535495
2024-09-15 15:00:00,0.184210526315789,1.13157894736842,1.15789473684211,1.23684210526316,25.0445842105263
2024-09-15 16:00:00,0.175,1.05,1.075,1.225,11.6661385
2024-09-15 17:00:00,0.105263157894737,0.815789473684211,0.868421052631579,1.05263157894737,7.79697789473684
2024-09-15 18:00:00,0.1,0.9,0.975,1.25,10.174911
2024-09-15 19:00:00,0,0.447368421052632,0.447368421052632,0.552631578947368,5.62597894736842
2024-09-15 20:00:00,0.15,0.55,0.55,0.7,6.5065965
2024-09-15 21:00:00,1.64705882352941,2.70588235294118,2.82352941176471,3,9.11132
2024-09-15 22:00:00,1.46153846153846,2.33333333333333,2.41025641025641,2.69230769230769,10.2620595
2024-09-15 23:00:00,0.0512820512820513,0.641025641025641,0.743589743589744,1.12820512820513,18.9103789473684
2024-09-16,0.0512820512820513,0.538461538461538,0.564102564102564,0.743589743589744,19.661285
2024-09-16 01:00:00,0.0769230769230769,0.641025641025641,0.692307692307692,0.948717948717949,25.1844210526316
2024-09-16 02:00:00,0.82051282051282,1.23076923076923,1.33333333333333,1.43589743589744,20.6863
2024-09-16 03:00:00,4.07692307692308,5.64102564102564,5.79487179487179,6.05128205128205,31.1455947368421
2024-09-16 04:00:00,0.743589743589744,1.43589743589744,1.48717948717949,1.64102564102564,21.147755
2024-09-16 05:00:00,0.181818181818182,0.681818181818182,0.681818181818182,0.727272727272727,23.5538789473684
2024-09-16 06:00:00,0.1,0.75,0.8,1,26.09464
2024-09-16 07:00:00,0,0.655172413793103,0.689655172413793,0.827586206896552,22.8097947368421
2024-09-16 08:00:00,0.75609756097561,1.82926829268293,1.82926829268293,1.92682926829268,17.971325
2024-09-16 09:00:00,0.114285714285714,0.571428571428571,0.571428571428571,0.657142857142857,5.74657736842105
2024-09-16 10:00:00,0.303030303030303,0.939393939393939,0.939393939393939,1.03030303030303,3.500045
2024-09-16 11:00:00,0.342105263157895,1.31578947368421,1.31578947368421,1.36842105263158,2.74936263157895
2024-09-16 12:00:00,1.875,3.1,3.2,3.55,4.4504055
2024-09-16 13:00:00,3.89189189189189,5.45945945945946,5.7027027027027,6.40540540540541,8.62992611111111
2024-09-16 14:00:00,2.625,3.8,3.9,4.6,5.915661
2024-09-16 15:00:00,2.22222222222222,3.30555555555556,3.44444444444444,3.91666666666667,10.2026605263158
2024-09-16 16:00:00,1.825,2.925,3.1,3.525,18.398395
2024-09-16 17:00:00,2.34210526315789,3.42105263157895,3.52631578947368,4.18421052631579,15.3328947368421
2024-09-16 18:00:00,1.9,3.025,3.15,3.675,13.25346
2024-09-16 19:00:00,2.57894736842105,3.92105263157895,4,4.39473684210526,22.7418684210526
2024-09-16 20:00:00,4.1,5.75,6.05,6.625,27.05036
2024-09-16 21:00:00,6.61764705882353,9.44117647058824,9.94117647058824,10.3235294117647,19.4057823529412
2024-09-16 22:00:00,7.05,8.975,9.25,10.025,14.155955
2024-09-16 23:00:00,10.1842105263158,12.6052631578947,13.3684210526316,14.6842105263158,9.24819526315789
2024-09-17,9.6,12.275,12.775,14.15,5.151422
2024-09-17 01:00:00,9.12820512820513,11.5384615384615,12.1794871794872,13.2820512820513,5.18503421052632
2024-09-17 02:00:00,10.5128205128205,13.1794871794872,13.8461538461538,15.1538461538462,4.990562
2024-09-17 03:00:00,11.5641025641026,14.3076923076923,14.974358974359,16.4615384615385,4.42149157894737
2024-09-17 04:00:00,12.8717948717949,15.7435897435897,16.4102564102564,17.8974358974359,5.078393
2024-09-17 05:00:00,14.2820512820513,17.4871794871795,18.3076923076923,19.7692307692308,6.49548210526316
2024-09-17 06:00:00,12.8205128205128,15.7435897435897,16.2820512820513,17.7435897435897,4.36204
2024-09-17 07:00:00,11.5897435897436,14.6153846153846,15.5128205128205,16.974358974359,4.24112631578947
2024-09-17 08:00:00,10.4871794871795,13.2307692307692,14.025641025641,15.6410256410256,3.4151495
2024-09-17 09:00:00,9.84615384615385,12.4358974358974,13.2051282051282,14.6153846153846,1.93445578947368
2024-09-17 10:00:00,9.92307692307692,12.5384615384615,13.1794871794872,14.974358974359,2.1858895
2024-09-17 11:00:00,9.46153846153846,12.2564102564103,13.6923076923077,16.6410256410256,2.79713
2024-09-17 12:00:00,9.61538461538461,12.5128205128205,13.5641025641026,16.4615384615385,3.494871
2024-09-17 13:00:00,9.1025641025641,11.974358974359,13.5128205128205,15.8717948717949,4.22874842105263
2024-09-17 14:00:00,7.30769230769231,10.1538461538462,11.3589743589744,13.9487179487179,4.5729515
2024-09-17 15:00:00,6.78378378378378,9.2972972972973,10.1351351351351,12.7297297297297,4.07901263157895
2024-09-17 16:00:00,5.925,8.525,9.725,12.35,7.519932
2024-09-17 17:00:00,7.28571428571429,10.0285714285714,11.2571428571429,13.8285714285714,21.1949315789474
2024-09-17 18:00:00,10.6388888888889,13.6944444444444,14.8055555555556,16.4444444444444,44.39168
2024-09-17 19:00:00,18.65,25.725,27.75,30.9,52.7754210526316
2024-09-17 20:00:00,28.25,38.625,41.75,45,36.760875
2024-09-17 21:00:00,12.5294117647059,15.9705882352941,17.0882352941176,18.7058823529412,35.2141176470588
2024-09-17 22:00:00,11.125,14.3,14.85,16.375,26.772735
2024-09-17 23:00:00,14.3589743589744,18.1282051282051,18.9487179487179,20.0512820512821,17.1562105263158
2024-09-18,15.175,19.2,19.975,21.4,13.79317
2024-09-18 01:00:00,13.9736842105263,17.6052631578947,18.4473684210526,20.1578947368421,11.9868336842105
2024-09-18 02:00:00,13.6410256410256,17.2051282051282,17.8717948717949,19.2564102564103,13.984295
2024-09-18 03:00:00,14.974358974359,18.8205128205128,19.7179487179487,21.0512820512821,20.1727789473684
2024-09-18 04:00:00,14.7435897435897,18.7948717948718,19.5128205128205,20.9487179487179,23.299715
2024-09-18 05:00:00,16.8717948717949,21.5384615384615,22.6410256410256,24.0512820512821,19.0653578947368
2024-09-18 06:00:00,17,21.35,22.575,24.725,24.7768195
2024-09-18 07:00:00,15.3589743589744,19.3589743589744,20.4871794871795,22.7179487179487,13.1199742105263
2024-09-18 08:00:00,11.5897435897436,14.9230769230769,16.2307692307692,18.5897435897436,2.3744554
2024-09-18 09:00:00,11.1842105263158,14.4736842105263,15.6052631578947,18.5263157894737,1.13939821052632
2024-09-18 10:00:00,8.8,11.8,13.25,16.45,0.7402083
2024-09-18 11:00:00,4.89473684210526,7.39473684210526,8.94736842105263,12.5526315789474,0.750198421052632
2024-09-18 12:00:00,4.85,7.2,8.575,11.25,2.015977
2024-09-18 13:00:00,5.79487179487179,8.12820512820513,9.51282051282051,12.1538461538462,6.36304736842105
2024-09-18 14:00:00,5.925,8.075,9.075,11.2,5.9415855
2024-09-18 15:00:00,7.42105263157895,9.86842105263158,10.6315789473684,12.6842105263158,12.6275705263158
2024-09-18 16:00:00,8.45,10.975,11.85,13.8,39.95435
2024-09-18 17:00:00,9.87179487179487,12.5641025641026,13.4615384615385,14.9230769230769,38.7693368421053
2024-09-18 18:00:00,22.7222222222222,31.8055555555556,34.75,36.75,31.889185
2024-09-18 19:00:00,15.1714285714286,19.9428571428571,21.2857142857143,23.0285714285714,23.5983210526316
2024-09-18 20:00:00,12.7,15.85,16.45,17.6,14.928875
2024-09-18 21:00:00,12.7058823529412,16.0882352941176,16.6176470588235,17.7647058823529,17.6490647058824
2024-09-18 22:00:00,12.2631578947368,15.5263157894737,16.3684210526316,17.4210526315789,30.0622315789474
2024-09-18 23:00:00,10.85,13.825,14.375,15.3,24.63576
2024-09-19,10.2564102564103,13.2051282051282,13.5384615384615,14.1794871794872,19.9710526315789
2024-09-19 01:00:00,16.8974358974359,21.9230769230769,23.3076923076923,24.8974358974359,19.06523
2024-09-19 02:00:00,13.3589743589744,17.3589743589744,18.4358974358974,19.2051282051282,19.4404210526316
2024-09-19 03:00:00,22.65,29.925,32,33.65,30.36503
2024-09-19 04:00:00,12.2894736842105,15.6842105263158,16.3947368421053,17.4473684210526,29.6160105263158
2024-09-19 05:00:00,12.025,15.675,16.55,17.9,23.99095
2024-09-19 06:00:00,12.2702702702703,15.5675675675676,16.3783783783784,18.5945945945946,17.5867784210526
2024-09-19 07:00:00,9.125,12.025,12.9,14.225,3.5899665
2024-09-19 08:00:00,7.36842105263158,9.5,10.0526315789474,10.9210526315789,2.85897578947368
2024-09-19 09:00:00,5.3,7.175,7.55,8.1,1.05687995
2024-09-19 10:00:00,4.97435897435897,6.84615384615385,7.12820512820513,8.07692307692308,1.01951136842105
2024-09-19 11:00:00,5.76923076923077,7.66666666666667,8.12820512820513,9.02564102564103,2.218588
2024-09-19 12:00:00,6.17948717948718,8.07692307692308,8.64102564102564,9.33333333333333,3.34378736842105
2024-09-19 13:00:00,6.8,8.975,9.525,10.55,5.144533
2024-09-19 14:00:00,7.40540540540541,9.56756756756757,10.027027027027,11.2972972972973,9.21300555555556
2024-09-19 15:00:00,7.87179487179487,10.3076923076923,11.025641025641,12.2564102564103,15.961018
2024-09-19 16:00:00,9.74358974358974,12.7179487179487,13.6410256410256,14.8717948717949,25.2687684210526
2024-09-19 17:00:00,9.275,11.875,12.7,13.8,33.680335
2024-09-19 18:00:00,8.8421052631579,11.3157894736842,11.7368421052632,12.8157894736842,12.2765063157895
2024-09-19 19:00:00,8.625,10.85,11.25,12.55,14.054076
2024-09-19 20:00:00,7.97435897435897,10.3076923076923,10.7435897435897,11.8717948717949,17.8217473684211
2024-09-19 21:00:00,9.25714285714286,11.9428571428571,12.4571428571429,13.9428571428571,29.5375277777778
2024-09-19 22:00:00,11.5897435897436,14.6923076923077,15.3076923076923,16.0769230769231,30.9550894736842
2024-09-19 23:00:00,8.57894736842105,11.1052631578947,11.5,12.5263157894737,26.6433722222222
2024-09-20,11.2631578947368,15.0263157894737,15.6052631578947,16.4473684210526,20.4298947368421
2024-09-20 01:00:00,7.725,9.925,10.25,10.925,17.39265
2024-09-20 02:00:00,7.21052631578947,9.44736842105263,9.60526315789474,10.1578947368421,15.9843578947368
2024-09-20 03:00:00,7.2,9.375,9.75,10.25,17.612215
2024-09-20 04:00:00,7.20512820512821,9.53846153846154,9.8974358974359,10.6923076923077,27.6646473684211
2024-09-20 05:00:00,8.97435897435897,11.8461538461538,12.5384615384615,13.3076923076923,25.7414055
2024-09-20 06:00:00,9.17948717948718,12.3846153846154,13.4871794871795,14.6410256410256,14.4146042105263
2024-09-20 07:00:00,7.64102564102564,10.6666666666667,12.0769230769231,14.7179487179487,10.1131736842105
2024-09-20 08:00:00,6.13157894736842,8.68421052631579,9.31578947368421,11.4736842105263,3.88932947368421
2024-09-20 09:00:00,5.65,8.05,8.925,10.875,1.2389858
2024-09-20 10:00:00,4.82051282051282,6.8974358974359,7.38461538461539,8.94871794871795,1.13459689473684
2024-09-20 11:00:00,2.65,4.275,4.65,6.1,1.5141224
2024-09-20 12:00:00,2.76315789473684,4.23684210526316,4.78947368421053,6.15789473684211,2.18446105263158
2024-09-20 13:00:00,2.85,4.35,4.8,6.35,5.518054
2024-09-20 14:00:00,2.38461538461538,3.82051282051282,4.28205128205128,5.58974358974359,7.76550947368421
2024-09-20 15:00:00,2.28205128205128,3.66666666666667,3.94871794871795,4.94871794871795,6.0872495
2024-09-20 16:00:00,2.61538461538462,4.07692307692308,4.25641025641026,5.46153846153846,11.3954084210526
2024-09-20 17:00:00,6.575,9.225,10.225,11.35,27.17544
2024-09-20 18:00:00,6.02631578947368,8.5,9,9.97368421052632,26.0042157894737
2024-09-20 19:00:00,6.675,11.625,14.225,15.9,23.526025
2024-09-20 20:00:00,6.1025641025641,8.7948717948718,9.69230769230769,10.9230769230769,12.9932789473684
2024-09-20 21:00:00,5.27777777777778,7.5,8.16666666666667,9.22222222222222,11.4183233333333
2024-09-20 22:00:00,5.23684210526316,7.31578947368421,7.78947368421053,9.02631578947368,21.1385157894737
2024-09-20 23:00:00,8,10.825,11.575,12.925,24.527235
2024-09-21,7.63157894736842,10.3157894736842,11.0263157894737,12.1315789473684,24.16065
2024-09-21 01:00:00,9.45,13.6,14.9,16.025,21.507905
2024-09-21 02:00:00,8.10526315789474,12.5789473684211,14.8421052631579,17,21.9714421052632
2024-09-21 03:00:00,6.575,9.7,10.625,11.85,22.591945
2024-09-21 04:00:00,6.79487179487179,9.84615384615385,10.6153846153846,11.6410256410256,22.8329736842105
2024-09-21 05:00:00,12.2820512820513,18.5384615384615,22.2307692307692,24.7179487179487,20.67544
2024-09-21 06:00:00,7.64102564102564,10.8461538461538,12.1538461538462,13.8205128205128,13.9295315789474
2024-09-21 07:00:00,6.125,8.675,9.45,11.15,10.0453135
2024-09-21 08:00:00,4.41025641025641,6.33333333333333,6.97435897435897,8.48717948717949,4.03432736842105
2024-09-21 09:00:00,2.84615384615385,4.43589743589744,4.76923076923077,6,0.73306555
2024-09-21 10:00:00,2.46153846153846,3.84615384615385,4.30769230769231,5.33333333333333,0.673656157894737
2024-09-21 11:00:00,2.775,4.625,5.075,6.325,1.545677
2024-09-21 12:00:00,2.32432432432432,3.83783783783784,4.13513513513514,5.21621621621622,1.72012673684211
2024-09-21 13:00:00,2.225,3.45,3.675,4.525,3.8390575
2024-09-21 14:00:00,2.38461538461538,3.82051282051282,3.97435897435897,4.8974358974359,8.46633894736842
2024-09-21 15:00:00,2.6,4.2,4.55,5.25,6.1407055
2024-09-21 16:00:00,2.42105263157895,3.97368421052632,4.26315789473684,4.94736842105263,24.0411036842105
2024-09-21 17:00:00,4.475,6.5,6.925,7.775,73.05643
2024-09-21 18:00:00,7.58974358974359,10.3589743589744,10.9230769230769,12.0512820512821,72.2009
2024-09-21 19:00:00,8.15,10.55,10.85,11.65,59.45027
2024-09-21 20:00:00,14.2105263157895,19.1842105263158,20.1315789473684,21.3684210526316,53.4856315789474
2024-09-21 21:00:00,10.1388888888889,13.8333333333333,14.5277777777778,15.7777777777778,42.2817555555556
2024-09-21 22:00:00,5.07692307692308,7.1025641025641,7.46153846153846,8.28205128205128,30.3718842105263
2024-09-21 23:00:00,5,6.92307692307692,7.38461538461539,8.35897435897436,26.6446
2024-09-22,5.30769230769231,7.17948717948718,7.64102564102564,8.74358974358974,21.0743736842105
2024-09-22 01:00:00,5.425,7.55,7.85,8.725,16.71159
2024-09-22 02:00:00,4.78947368421053,6.55263157894737,6.81578947368421,7.55263157894737,15.0851789473684
2024-09-22 03:00:00,4.85,6.7,7.125,7.65,17.23231
2024-09-22 04:00:00,4.61538461538461,6.38461538461539,6.58974358974359,7,14.9895263157895
2024-09-22 05:00:00,4.725,6.45,6.675,7.375,12.8458895
2024-09-22 06:00:00,5.15789473684211,7.05263157894737,7.34210526315789,7.92105263157895,12.6069178947368
2024-09-22 07:00:00,5.525,7.75,8.5,9.825,7.276424
2024-09-22 08:00:00,4.69230769230769,6.56410256410256,7.05128205128205,8.07692307692308,4.25385368421053
2024-09-22 09:00:00,4.02564102564103,5.76923076923077,6.20512820512821,7.15384615384615,1.06755515
2024-09-22 10:00:00,3.75,5.55,5.9,7.05,1.3431426
2024-09-22 11:00:00,3.64102564102564,5.38461538461539,5.61538461538461,6.41025641025641,1.95541894736842
2024-09-22 12:00:00,3.56410256410256,5.20512820512821,5.38461538461539,6.20512820512821,2.432686
2024-09-22 13:00:00,3.41025641025641,4.8974358974359,5.1025641025641,6.20512820512821,5.54125
2024-09-22 14:00:00,3.1,4.725,5.4,8.525,12.5063375
2024-09-22 15:00:00,7.63157894736842,9.6578947368421,10.0526315789474,10.9473684210526,8.77534105263158
2024-09-22 16:00:00,4.25641025641026,6.12820512820513,6.33333333333333,7.15384615384615,35.33674
2024-09-22 17:00:00,4.84210526315789,6.73684210526316,7,7.57894736842105,50.4470111111111
2024-09-22 18:00:00,5.425,7.225,7.65,8.325,51.03031
2024-09-22 19:00:00,8.175,10.7,11.05,11.55,39.8229684210526
2024-09-22 20:00:00,6.12820512820513,8.12820512820513,8.23076923076923,8.8974358974359,29.61154
2024-09-22 21:00:00,6.42857142857143,8.31428571428571,8.42857142857143,8.77142857142857,23.7233117647059
2024-09-22 22:00:00,5.425,7.35,7.575,8.15,22.563125
2024-09-22 23:00:00,7.78947368421053,10.7368421052632,11.2368421052632,11.9736842105263,16.1026368421053
2024-09-23,5.175,6.975,7.15,7.6,13.935915
2024-09-23 01:00:00,4.84615384615385,6.43589743589744,6.51282051282051,7.05128205128205,12.6306842105263
2024-09-23 02:00:00,5.9,7.9,8.3,8.975,11.768096
2024-09-23 03:00:00,5.31578947368421,7.15789473684211,7.5,7.97368421052632,15.7479378947368
2024-09-23 04:00:00,7.1,9.125,9.35,9.75,14.995836
2024-09-23 05:00:00,5.74358974358974,7.69230769230769,7.92307692307692,8.41025641025641,16.4058421052632
2024-09-23 06:00:00,6.84615384615385,9.15384615384615,9.51282051282051,10.2051282051282,16.096301
2024-09-23 07:00:00,9.92307692307692,12.8717948717949,13.7435897435897,15.974358974359,18.9590389473684
2024-09-23 08:00:00,8.5,11.125,12,13.9,16.384413
2024-09-23 09:00:00,7.97435897435897,10.7948717948718,11.6666666666667,13.5641025641026,2.46235052631579
2024-09-23 10:00:00,9.07894736842105,11.8157894736842,12.5,14.5526315789474,2.1261925
2024-09-23 11:00:00,7.23076923076923,9.56410256410256,10.1794871794872,11.4615384615385,2.12366421052632
2024-09-23 12:00:00,3.325,4.725,5.15,5.925,1.86637555
2024-09-23 13:00:00,3.55263157894737,5,5.21052631578947,6.23684210526316,4.60288894736842
2024-09-23 14:00:00,3.45,4.9,5.05,5.775,6.143577
2024-09-23 15:00:00,4.15384615384615,5.58974358974359,5.82051282051282,6.53846153846154,13.1075873684211
2024-09-23 16:00:00,4.44444444444444,6.11111111111111,6.47222222222222,7.41666666666667,31.56338
2024-09-23 17:00:00,6.84615384615385,9.56410256410256,10.1282051282051,11.1794871794872,49.1624947368421
2024-09-23 18:00:00,7.25641025641026,9.64102564102564,10.2051282051282,10.974358974359,59.148195
2024-09-23 19:00:00,12.1282051282051,15.7179487179487,16.4358974358974,17.8461538461538,48.2847789473684
2024-09-23 20:00:00,9.23076923076923,11.8461538461538,12.3076923076923,13.4615384615385,37.349525
2024-09-23 21:00:00,15.5428571428571,20.4285714285714,21.6857142857143,22.8857142857143,28.4387588235294
2024-09-23 22:00:00,8.775,11.375,11.85,12.975,21.72995
2024-09-23 23:00:00,9.28947368421053,12.0789473684211,12.5526315789474,13.1315789473684,17.3177789473684
2024-09-24,15.025,20.75,22.175,23.5,15.324115
2024-09-24 01:00:00,7.41025641025641,9.53846153846154,9.74358974358974,10.4871794871795,12.2312526315789
2024-09-24 02:00:00,8.225,10.525,10.675,11.45,15.176275
2024-09-24 03:00:00,8.78947368421053,11.3157894736842,11.7105263157895,12.2368421052632,16.7190947368421
2024-09-24 04:00:00,9.025,11.525,11.875,12.75,18.14503
2024-09-24 05:00:00,10.6410256410256,13.6153846153846,14.6153846153846,16.1538461538462,28.7755105263158
2024-09-24 06:00:00,11.2051282051282,14.6153846153846,15.8717948717949,18.9487179487179,33.06342
2024-09-24 07:00:00,12.4102564102564,15.974358974359,16.7948717948718,18.1538461538462,31.4957842105263
2024-09-24 08:00:00,12.475,15.4,15.9,16.8,17.385995
2024-09-24 09:00:00,10.2564102564103,13.1282051282051,13.6153846153846,14.1794871794872,16.7653473684211
2024-09-24 10:00:00,5.94736842105263,7.68421052631579,7.86842105263158,8.07894736842105,12.6780447368421
2024-09-24 11:00:00,0.794871794871795,1.79487179487179,1.79487179487179,1.94871794871795,2.83456684210526
2024-09-24 12:00:00,1.75675675675676,2.7027027027027,2.75675675675676,2.89189189189189,2.359057
2024-09-24 13:00:00,4.47368421052632,6.28947368421053,6.36842105263158,6.86842105263158,8.1685952631579
2024-09-24 14:00:00,2.725,4.075,4.125,4.2,8.367308
2024-09-24 15:00:00,1.1025641025641,2.15384615384615,2.25641025641026,2.46153846153846,3.29295105263158
2024-09-24 16:00:00,0.846153846153846,1.84615384615385,1.87179487179487,2.07692307692308,4.3011725
2024-09-24 17:00:00,12.8974358974359,17.8461538461538,18.7179487179487,19.4871794871795,11.8091315789474
2024-09-24 18:00:00,4.12820512820513,5.8974358974359,6,6.20512820512821,17.75633
2024-09-24 19:00:00,1.43589743589744,2.53846153846154,2.53846153846154,2.61538461538462,12.4048694736842
2024-09-24 20:00:00,3.33333333333333,4.69230769230769,4.74358974358974,4.87179487179487,14.49649
2024-09-24 21:00:00,18.0571428571429,23.2,24.1142857142857,24.7142857142857,16.4838058823529
2024-09-24 22:00:00,2.87179487179487,4.23076923076923,4.30769230769231,4.48717948717949,12.8825736842105
2024-09-24 23:00:00,6.07894736842105,8.6578947368421,9.02631578947368,9.36842105263158,9.36496947368421
2024-09-25,5.4,7.725,8.125,8.525,6.595097
2024-09-25 01:00:00,3.02631578947368,4.34210526315789,4.47368421052632,4.84210526315789,4.84008315789474
2024-09-25 02:00:00,2.375,3.575,3.575,3.8,4.382977
2024-09-25 03:00:00,1.44736842105263,2.57894736842105,2.71052631578947,2.89473684210526,6.40724105263158
2024-09-25 04:00:00,3.55,5.65,6.2,6.475,9.3919575
2024-09-25 05:00:00,1.63157894736842,2.73684210526316,2.84210526315789,3.13157894736842,9.24457166666667
2024-09-25 06:00:00,2.17948717948718,3.38461538461538,3.53846153846154,3.79487179487179,7.293222
2024-09-25 07:00:00,3.11111111111111,4.5,4.63888888888889,5.08333333333333,5.34522368421053
2024-09-25 08:00:00,2.8974358974359,4.23076923076923,4.33333333333333,4.53846153846154,4.3006025
2024-09-25 09:00:00,1.1025641025641,2.07692307692308,2.15384615384615,2.46153846153846,2.32236526315789
2024-09-25 10:00:00,2.625,4,4.075,4.225,2.8761065
2024-09-25 11:00:00,0.783783783783784,1.75675675675676,1.81081081081081,2,2.70570111111111
2024-09-25 12:00:00,3.525,5.675,6.025,6.075,3.955505
2024-09-25 13:00:00,2.36111111111111,3.77777777777778,3.86111111111111,4.05555555555556,8.964567
2024-09-25 14:00:00,1.41666666666667,2.63888888888889,2.66666666666667,2.75,4.63769894736842
2024-09-25 15:00:00,3.80555555555556,5.88888888888889,6.05555555555556,6.47222222222222,11.546217
2024-09-25 16:00:00,5.11111111111111,7.94444444444444,8.41666666666667,8.77777777777778,14.9724789473684
2024-09-25 17:00:00,1.52777777777778,2.55555555555556,2.72222222222222,2.94444444444444,18.50757
2024-09-25 18:00:00,2.87179487179487,4.33333333333333,4.43589743589744,4.58974358974359,14.0549631578947
2024-09-25 19:00:00,4.2,6.275,6.575,6.95,20.25635
2024-09-25 20:00:00,4.28205128205128,6.33333333333333,6.71794871794872,7.02564102564103,25.2927368421053
2024-09-25 21:00:00,2.05714285714286,3.31428571428571,3.37142857142857,3.71428571428571,25.6889277777778
2024-09-25 22:00:00,14.2820512820513,22.2564102564103,25.0512820512821,26.9487179487179,19.558465
2024-09-25 23:00:00,9.8974358974359,14.3846153846154,15.0512820512821,15.8461538461538,17.8583631578947
2024-09-26,5.35897435897436,7.53846153846154,8.12820512820513,8.48717948717949,14.668295
2024-09-26 01:00:00,2.82051282051282,4.35897435897436,4.53846153846154,4.87179487179487,18.4155631578947
2024-09-26 02:00:00,3.225,4.675,5,5.425,19.5779
2024-09-26 03:00:00,3.69230769230769,5.43589743589744,5.87179487179487,6.76923076923077,18.5534315789474
2024-09-26 04:00:00,4.33333333333333,6.30769230769231,6.56410256410256,7.25641025641026,22.196265
2024-09-26 05:00:00,4.48717948717949,6.35897435897436,6.53846153846154,7.17948717948718,26.5858157894737
2024-09-26 06:00:00,4.575,6.45,6.75,7.475,24.59242
2024-09-26 07:00:00,5.71052631578947,7.97368421052632,8.55263157894737,9.44736842105263,31.9182947368421
2024-09-26 08:00:00,5.9,8.05,8.475,9.125,25.226055
2024-09-26 09:00:00,2.64102564102564,3.84615384615385,4.07692307692308,4.30769230769231,9.39671736842105
2024-09-26 10:00:00,1.3,2.325,2.4,2.625,5.1453415
2024-09-26 11:00:00,4.55263157894737,6.57894736842105,6.81578947368421,7.05263157894737,4.27236578947368
2024-09-26 12:00:00,2,3.4,3.6,3.925,4.510993
2024-09-26 13:00:00,4.94594594594595,7.05405405405405,7.18918918918919,7.51351351351351,5.33737315789474
2024-09-26 14:00:00,5.21052631578947,7.78947368421053,8.39473684210526,9.02631578947368,19.511144
2024-09-26 15:00:00,5.51351351351351,7.64864864864865,7.91891891891892,8.89189189189189,19.5199344444444
2024-09-26 16:00:00,3.35,5.2,5.4,5.775,12.679134
2024-09-26 17:00:00,4.82051282051282,7.25641025641026,7.66666666666667,8.2051282051282,10.9494042105263
2024-09-26 18:00:00,2.625,3.975,4.175,4.525,9.91561
2024-09-26 19:00:00,2.76315789473684,4.55263157894737,4.78947368421053,5.02631578947368,11.1000221052632
2024-09-26 20:00:00,0.925,1.875,1.9,1.95,10.858317
2024-09-26 21:00:00,1.82857142857143,2.88571428571429,2.88571428571429,3.05714285714286,6.23956588235294
2024-09-26 22:00:00,0.0769230769230769,0.717948717948718,0.743589743589744,0.794871794871795,4.360583
2024-09-26 23:00:00,0.435897435897436,1.15384615384615,1.17948717948718,1.51282051282051,4.21602
2024-09-27,1.56410256410256,2.48717948717949,2.56410256410256,2.84615384615385,4.311424
2024-09-27 01:00:00,2.25641025641026,3.48717948717949,3.69230769230769,4.02564102564103,4.21602
2024-09-27 02:00:00,1,1.7,1.7,1.8,4.0591185
2024-09-27 03:00:00,0.526315789473684,1.31578947368421,1.31578947368421,1.55263157894737,3.83851263157895
2024-09-27 04:00:00,0.375,0.95,0.95,1.225,4.8444425
2024-09-27 05:00:00,1.76315789473684,2.84210526315789,2.92105263157895,3.15789473684211,5.19269947368421
2024-09-27 06:00:00,2.525,4.2,4.325,4.475,5.031335
2024-09-27 07:00:00,0.789473684210526,1.86842105263158,2,2.39473684210526,4.00367210526316
2024-09-27 08:00:00,0,1.025,1.2,1.55,3.109582
2024-09-27 09:00:00,1.23076923076923,2.38461538461538,2.43589743589744,2.69230769230769,1.44800578947368
2024-09-27 10:00:00,0.435897435897436,1.43589743589744,1.53846153846154,1.87179487179487,1.7805845
2024-09-27 11:00:00,0.205128205128205,1.23076923076923,1.28205128205128,1.51282051282051,3.09622947368421
2024-09-27 12:00:00,0.1,0.975,1.075,1.35,3.4331615
2024-09-27 13:00:00,1.07692307692308,2.46153846153846,2.76923076923077,3.07692307692308,4.69416894736842
2024-09-27 14:00:00,1.53846153846154,2.87179487179487,3.1025641025641,3.30769230769231,10.8609295
2024-09-27 15:00:00,0.157894736842105,0.789473684210526,0.789473684210526,0.868421052631579,12.8071052631579
2024-09-27 16:00:00,0.475,1.075,1.15,1.2,14.236958
2024-09-27 17:00:00,2.12820512820513,3.46153846153846,3.64102564102564,3.84615384615385,22.7637315789474
2024-09-27 18:00:00,0.692307692307692,1.61538461538462,1.64102564102564,1.97435897435897,23.95641
2024-09-27 19:00:00,3.31578947368421,6.10526315789474,6.52631578947368,6.68421052631579,10.7635777777778
2024-09-27 20:00:00,0.85,1.75,1.75,1.9,8.849214
2024-09-27 21:00:00,0.294117647058824,1.17647058823529,1.20588235294118,1.44117647058824,9.59942588235294
2024-09-27 22:00:00,0.875,1.925,2.025,2.3,10.565046
2024-09-27 23:00:00,1.12820512820513,2.28205128205128,2.46153846153846,2.71794871794872,11.22738
2024-09-28,1.175,2.1,2.2,2.425,8.684917
2024-09-28 01:00:00,0.736842105263158,1.68421052631579,1.84210526315789,1.97368421052632,8.18875263157895
2024-09-28 02:00:00,1.33333333333333,2.51282051282051,2.56410256410256,2.84615384615385,9.377023
2024-09-28 03:00:00,0.794871794871795,1.82051282051282,1.97435897435897,2.17948717948718,9.0707547368421
2024-09-28 04:00:00,3,4.56410256410256,4.74358974358974,5.02564102564103,8.601724
2024-09-28 05:00:00,1.30769230769231,2.33333333333333,2.35897435897436,2.61538461538462,8.96196105263158
2024-09-28 06:00:00,0.179487179487179,1.07692307692308,1.07692307692308,1.15384615384615,10.2207955
2024-09-28 07:00:00,0.384615384615385,1.41025641025641,1.48717948717949,1.87179487179487,9.70461947368421
2024-09-28 08:00:00,0.25,1.35,1.475,1.875,9.4691885
2024-09-28 09:00:00,0.605263157894737,1.86842105263158,2.07894736842105,2.52631578947368,7.14627736842105
2024-09-28 10:00:00,0.6,1.95,2.25,2.725,4.521235
2024-09-28 11:00:00,0.743589743589744,2.05128205128205,2.28205128205128,3.02564102564103,3.02312210526316
2024-09-28 12:00:00,0.65,2.05,2.275,2.625,3.686455
2024-09-28 13:00:00,0.394736842105263,1.73684210526316,2.02631578947368,2.73684210526316,4.41920421052632
2024-09-28 14:00:00,0.527777777777778,1.80555555555556,2.11111111111111,2.75,4.853077
2024-09-28 15:00:00,0.743589743589744,2.20512820512821,2.43589743589744,2.97435897435897,4.80982368421053
2024-09-28 16:00:00,1.60526315789474,3.13157894736842,3.5,4.28947368421053,17.852694
2024-09-28 17:00:00,1.15384615384615,2.46153846153846,2.84615384615385,3.23076923076923,22.8418157894737
2024-09-28 18:00:00,0.675,1.85,2.1,2.775,19.307305
2024-09-28 19:00:00,0.82051282051282,1.94871794871795,2.02564102564103,2.48717948717949,16.7717263157895
2024-09-28 20:00:00,0.897435897435897,2.07692307692308,2.20512820512821,2.82051282051282,16.983515
2024-09-28 21:00:00,1.37142857142857,2.62857142857143,2.85714285714286,3.45714285714286,22.7582647058824
2024-09-28 22:00:00,1.33333333333333,2.66666666666667,2.8974358974359,3.84615384615385,23.119
2024-09-28 23:00:00,11.3947368421053,16.1842105263158,17.4473684210526,18.1578947368421,26.7085842105263
2024-09-29,2.95,5.075,5.425,5.925,19.94009
2024-09-29 01:00:00,1.23684210526316,2.5,2.76315789473684,3.34210526315789,16.28465
2024-09-29 02:00:00,1.525,2.95,3.1,3.4,14.39634
2024-09-29 03:00:00,0.815789473684211,2.02631578947368,2.18421052631579,2.47368421052632,13.3176263157895
2024-09-29 04:00:00,1.25,2.625,2.8,3.125,13.492315
2024-09-29 05:00:00,6.82051282051282,10,10.8205128205128,11.6410256410256,13.756
2024-09-29 06:00:00,3.15384615384615,4.92307692307692,5.15384615384615,5.53846153846154,22.58054
2024-09-29 07:00:00,1.51282051282051,3.07692307692308,3.43589743589744,4.07692307692308,7.49166947368421
2024-09-29 08:00:00,0.925,2.3,2.775,3.5,2.998077
2024-09-29 09:00:00,0.82051282051282,2.15384615384615,2.43589743589744,2.94871794871795,2.16581873684211
2024-09-29 10:00:00,0.487179487179487,1.64102564102564,1.92307692307692,2.28205128205128,3.2876305
2024-09-29 11:00:00,0.425,1.625,2.125,2.925,4.5998775
2024-09-29 12:00:00,0.41025641025641,1.71794871794872,1.87179487179487,2.33333333333333,3.96608368421053
2024-09-29 13:00:00,0.564102564102564,1.71794871794872,1.87179487179487,2.12820512820513,5.8619335
2024-09-29 14:00:00,0.625,1.85,1.95,2.225,11.1727484210526
2024-09-29 15:00:00,0.902439024390244,2.1219512195122,2.24390243902439,2.46341463414634,13.367178
2024-09-29 16:00:00,1,2.43589743589744,2.66666666666667,2.79487179487179,24.6172
2024-09-29 17:00:00,2.46153846153846,4.20512820512821,4.38461538461539,4.8974358974359,29.38276
2024-09-29 18:00:00,4.64102564102564,6.8974358974359,7.35897435897436,7.82051282051282,31.8442736842105
2024-09-29 19:00:00,4.35,6.875,7.475,8.275,29.550945
2024-09-29 20:00:00,7.97368421052632,11.2368421052632,11.9473684210526,12.8421052631579,28.3951210526316
2024-09-29 21:00:00,5.17142857142857,7.71428571428571,8.34285714285714,9.22857142857143,25.8165529411765
2024-09-29 22:00:00,5.33333333333333,7.87179487179487,8.48717948717949,9.25641025641026,22.2744
2024-09-29 23:00:00,6.675,9.65,10.45,11.625,18.157745
2024-09-30,7.28947368421053,10.7894736842105,11.8684210526316,12.7894736842105,16.4425894736842
2024-09-30 01:00:00,8.025,11.5,12.475,13.675,15.635185
2024-09-30 02:00:00,4.94871794871795,7.25641025641026,7.71794871794872,8.61538461538461,14.3197526315789
2024-09-30 03:00:00,5.66666666666667,8.30769230769231,8.87179487179487,9.64102564102564,19.93691
2024-09-30 04:00:00,4.65789473684211,7.07894736842105,7.63157894736842,8.60526315789474,19.9953055555556
2024-09-30 05:00:00,5.92307692307692,8.8974358974359,9.61538461538461,10.3846153846154,21.4847789473684
2024-09-30 06:00:00,5.87179487179487,8.82051282051282,10.1025641025641,11.8717948717949,25.8882947368421
2024-09-30 07:00:00,2.79487179487179,4.74358974358974,5.15384615384615,5.76923076923077,7.169703
2024-09-30 08:00:00,2.12820512820513,3.64102564102564,3.87179487179487,4.12820512820513,3.25874315789474
2024-09-30 09:00:00,1.75,3.375,3.65,4.025,3.328029
2024-09-30 10:00:00,2.47368421052632,4.21052631578947,4.36842105263158,4.76315789473684,3.71179578947368
2024-09-30 11:00:00,1.275,2.625,2.875,3.2,3.5307225
2024-09-30 12:00:00,1.56410256410256,2.92307692307692,2.97435897435897,3.43589743589744,2.93020526315789
2024-09-30 13:00:00,1.15789473684211,2.39473684210526,2.55263157894737,3,4.6132285
2024-09-30 14:00:00,3.19444444444444,5.44444444444444,6,6.88888888888889,5.47409842105263
2024-09-30 15:00:00,2.05,3.775,4.15,4.45,6.688917
2024-09-30 16:00:00,2.5,4.23684210526316,4.44736842105263,4.81578947368421,15.9265178947368
2024-09-30 17:00:00,2.925,4.8,5.1,5.45,25.858615
2024-09-30 18:00:00,5.41025641025641,7.84615384615385,8.23076923076923,8.76923076923077,23.3268526315789
2024-09-30 19:00:00,5.43589743589744,8.15384615384615,8.84615384615385,9.25641025641026,23.59868
2024-09-30 20:00:00,5.26315789473684,7.63157894736842,8.13157894736842,8.55263157894737,24.6330210526316
2024-09-30 21:00:00,4.97142857142857,7.25714285714286,7.82857142857143,9.4,19.2636
2024-09-30 22:00:00,5.84210526315789,8.39473684210526,8.76315789473684,9.76315789473684,18.0120368421053
2024-09-30 23:00:00,6.35,9.35,10.05,11.45,36.287335
2024-10-01,5.94594594594595,8.7027027027027,9.54054054054054,10.9459459459459,19.9044277777778
2024-10-01 01:00:00,5.76923076923077,8.46153846153846,9.38461538461539,10.6153846153846,36.422325
2024-10-01 02:00:00,5.21052631578947,7.84210526315789,8.60526315789474,9.8421052631579,41.1006105263158
2024-10-01 03:00:00,5.1,7.55,8,8.8,36.155005
2024-10-01 04:00:00,4.84210526315789,6.68421052631579,7.10526315789474,7.78947368421053,21.0970055555556
2024-10-01 05:00:00,4.79487179487179,6.97435897435897,7.23076923076923,7.87179487179487,31.26944
2024-10-01 06:00:00,4.66666666666667,6.66666666666667,7.07692307692308,7.56410256410256,20.7975526315789
2024-10-01 07:00:00,4.725,6.8,7.025,7.5,11.430401
2024-10-01 08:00:00,5,6.86842105263158,7.10526315789474,7.76315789473684,8.37454210526316
2024-10-01 09:00:00,5.625,7.575,7.8,8.5,11.5217345
2024-10-01 10:00:00,6.84615384615385,8.94871794871795,9.25641025641026,9.97435897435897,19.5660894736842
2024-10-01 11:00:00,7.75,10.05,10.525,11.1,19.13418
2024-10-01 12:00:00,8.8421052631579,11.2105263157895,11.7368421052632,12.2631578947368,12.6791542105263
2024-10-01 13:00:00,8.5,10.775,11.075,12,11.4802615
2024-10-01 14:00:00,7.43243243243243,9.51351351351351,9.75675675675676,10.7027027027027,11.783
2024-10-01 15:00:00,9.325,11.975,12.925,14.325,19.30635
2024-10-01 16:00:00,9.78947368421053,12.6578947368421,13.2894736842105,14.9473684210526,22.1738894736842
2024-10-01 17:00:00,12.625,15.875,16.45,17.6,27.752205
2024-10-01 18:00:00,11.7894736842105,14.3157894736842,14.4736842105263,14.8947368421053,22.3765684210526
2024-10-01 19:00:00,12.45,15.25,15.45,15.65,19.343775
2024-10-01 20:00:00,9.42105263157895,11.5789473684211,11.7894736842105,12,13.3804421052632
2024-10-01 21:00:00,8.33333333333333,10.3888888888889,10.5555555555556,11,12.13724
2024-10-01 22:00:00,4.47368421052632,5.89473684210526,6,6.21052631578947,9.40375789473684
2024-10-01 23:00:00,3.65,5.05,5.05,5.1,9.43778
2024-10-02,7.10526315789474,9.31578947368421,9.42105263157895,9.68421052631579,15.0351105263158
2024-10-02 01:00:00,9.35,11.6,11.75,11.95,14.61225
2024-10-02 02:00:00,12.6315789473684,16.1052631578947,16.5263157894737,17.0526315789474,15.8738473684211
2024-10-02 03:00:00,9.85,12.55,13,13.3,17.20469
2024-10-02 04:00:00,9,11.4210526315789,11.6842105263158,11.8947368421053,20.2583315789474
2024-10-02 05:00:00,5.45,7.05,7.1,7.1,17.074105
2024-10-02 06:00:00,5.52631578947368,7.10526315789474,7.15789473684211,7.36842105263158,15.8869105263158
2024-10-02 07:00:00,6.5,8.35,8.5,8.7,18.16355
2024-10-02 08:00:00,5,6.84210526315789,6.94736842105263,7.21052631578947,15.2513852631579
2024-10-02 09:00:00,3.19444444444444,4.69444444444444,4.77777777777778,4.97222222222222,7.4033385
2024-10-02 10:00:00,1.71794871794872,2.87179487179487,2.8974358974359,2.97435897435897,4.20518473684211
2024-10-02 11:00:00,4.51282051282051,6.28205128205128,6.41025641025641,6.56410256410256,5.276986
2024-10-02 12:00:00,1.35897435897436,2.38461538461538,2.48717948717949,2.58974358974359,3.78715947368421
2024-10-02 13:00:00,0.925,2.025,2.05,2.175,6.482349
2024-10-02 14:00:00,1.05405405405405,2.08108108108108,2.13513513513514,2.24324324324324,13.2643226315789
2024-10-02 15:00:00,1.375,2.525,2.625,2.875,13.509836
2024-10-02 16:00:00,2.33333333333333,3.64102564102564,3.69230769230769,3.92307692307692,22.7294315789474
2024-10-02 17:00:00,10.2,14.4,15.35,16,25.43676
2024-10-02 18:00:00,6.71428571428571,9.66666666666667,10.2857142857143,10.6190476190476,31.0049263157895
2024-10-02 19:00:00,3.6,5.05,5.25,5.4,15.855085
2024-10-02 20:00:00,3,4,4,4.05263157894737,14.897
2024-10-02 21:00:00,4.11111111111111,5.38888888888889,5.38888888888889,5.44444444444444,14.1778277777778
2024-10-02 22:00:00,4.26315789473684,5.57894736842105,5.57894736842105,5.73684210526316,10.10273
2024-10-02 23:00:00,0.65,1.45,1.45,1.5,4.3143175
2024-10-03,0.368421052631579,1.31578947368421,1.36842105263158,1.36842105263158,4.92313052631579
2024-10-03 01:00:00,1.35,2.2,2.2,2.25,5.2839655
2024-10-03 02:00:00,1.84210526315789,2.84210526315789,2.84210526315789,2.89473684210526,6.55521578947368
2024-10-03 03:00:00,3.58620689655172,4.96551724137931,5.20689655172414,5.58620689655172,10.115883
2024-10-03 04:00:00,3.1,4.33333333333333,4.4,4.56666666666667,12.60461
2024-10-03 05:00:00,4.42105263157895,6.10526315789474,6.21052631578947,6.5,16.9520747368421
2024-10-03 06:00:00,4.85,6.8,7.05,7.375,21.125756
2024-10-03 07:00:00,3.38461538461538,4.76923076923077,4.92307692307692,5.17948717948718,7.04521263157895
2024-10-03 08:00:00,3.5,4.775,4.875,5.325,10.482078
2024-10-03 09:00:00,2.13157894736842,3.15789473684211,3.23684210526316,3.5,10.0033710526316
2024-10-03 10:00:00,1.025,2.05,2.05,2.075,13.387103
2024-10-03 11:00:00,0.794871794871795,1.82051282051282,1.82051282051282,2.15384615384615,7.07543368421053
2024-10-03 12:00:00,0.307692307692308,1.23076923076923,1.25641025641026,1.51282051282051,8.055673
2024-10-03 13:00:00,0.58974358974359,1.53846153846154,1.61538461538462,1.71794871794872,5.73772894736842
2024-10-03 14:00:00,0.95,1.975,2.05,2.1,7.8571015
2024-10-03 15:00:00,0.384615384615385,1.33333333333333,1.35897435897436,1.51282051282051,10.1143726315789
2024-10-03 16:00:00,1.05128205128205,2.1025641025641,2.17948717948718,2.33333333333333,13.74021
2024-10-03 17:00:00,3.35294117647059,5.38235294117647,5.58823529411765,5.88235294117647,12.6885326315789
2024-10-03 18:00:00,0.1,1.1,1.1,1.15,12.541446
2024-10-03 19:00:00,1.89473684210526,3.05263157894737,3.10526315789474,3.15789473684211,22.7590578947368
2024-10-03 20:00:00,1.4,2.4,2.4,2.5,19.57098
2024-10-03 21:00:00,1.23529411764706,2.23529411764706,2.23529411764706,2.41176470588235,15.6009941176471
2024-10-03 22:00:00,0.4,1.35,1.35,1.4,15.1493
2024-10-03 23:00:00,3.10526315789474,4.63157894736842,4.89473684210526,5.21052631578947,15.3427526315789
2024-10-04,2,3,3,3.05,11.477581
2024-10-04 01:00:00,2.26315789473684,3.26315789473684,3.36842105263158,3.36842105263158,9.77878421052632
2024-10-04 02:00:00,2.15,3.1,3.1,3.15,9.9713795
2024-10-04 03:00:00,2.2,3.3,3.3,3.5,19.4708315789474
2024-10-04 04:00:00,2.30769230769231,3.38461538461538,3.38461538461538,3.56410256410256,15.44715
2024-10-04 05:00:00,2.76923076923077,3.79487179487179,3.79487179487179,3.79487179487179,18.3782473684211
2024-10-04 06:00:00,2.725,3.875,3.975,4.075,12.250312
2024-10-04 07:00:00,2.70588235294118,3.88235294117647,3.94117647058824,4.11764705882353,9.49073315789474
2024-10-04 08:00:00,2.4,3.5,3.55,3.75,8.6231525
2024-10-04 09:00:00,2.70967741935484,4.09677419354839,4.29032258064516,4.64516129032258,9.35073789473684
2024-10-04 10:00:00,2.625,4,4.275,4.925,6.39246157894737
2024-10-04 11:00:00,1.84210526315789,3.18421052631579,3.42105263157895,4.21052631578947,4.25324368421053
2024-10-04 12:00:00,1.56410256410256,2.97435897435897,3.23076923076923,4.28205128205128,4.90277052631579
2024-10-04 13:00:00,1.66666666666667,3.23076923076923,3.46153846153846,4.28205128205128,6.515927
2024-10-04 14:00:00,1.41025641025641,2.71794871794872,2.8974358974359,3.64102564102564,8.44525210526316
2024-10-04 15:00:00,1.13157894736842,2.26315789473684,2.31578947368421,2.81578947368421,8.11724210526316
2024-10-04 16:00:00,1.86842105263158,3.18421052631579,3.44736842105263,3.97368421052632,11.1193736842105
2024-10-04 17:00:00,2.1,3.475,3.675,4.15,14.526726
2024-10-04 18:00:00,2.81578947368421,4.23684210526316,4.31578947368421,4.65789473684211,15.0219631578947
2024-10-04 19:00:00,2.775,4.125,4.225,4.7,12.083146
2024-10-04 20:00:00,2.84615384615385,4.20512820512821,4.41025641025641,4.92307692307692,12.3848263157895
2024-10-04 21:00:00,3.03030303030303,4.51515151515152,4.6969696969697,5.24242424242424,10.28225625
2024-10-04 22:00:00,3.46153846153846,5.02564102564103,5.28205128205128,5.66666666666667,10.950299
2024-10-04 23:00:00,3.94871794871795,5.74358974358974,6.17948717948718,6.64102564102564,12.8735789473684
2024-10-05,3.625,5.35,5.575,6.2,11.59557
2024-10-05 01:00:00,3.13513513513514,4.51351351351351,4.72972972972973,5.54054054054054,10.35883
2024-10-05 02:00:00,3.525,4.95,5.15,5.7,9.985864
2024-10-05 03:00:00,3.25,4.35,4.45,4.65,11.9034894736842
2024-10-05 04:00:00,3.15,4.25,4.3,4.5,11.275948
2024-10-05 05:00:00,2.89473684210526,4.15789473684211,4.21052631578947,4.31578947368421,10.4671
2024-10-05 06:00:00,1.77777777777778,2.77777777777778,3.05555555555556,3.27777777777778,8.34981111111111
2024-10-05 07:00:00,1.3,2.3,2.3,2.6,7.9285595
2024-10-05 08:00:00,1.5,2.53846153846154,2.57692307692308,2.80769230769231,6.27884736842105
2024-10-05 09:00:00,1.8,3.025,3.1,3.55,4.4106525
2024-10-05 10:00:00,1.26315789473684,2.28947368421053,2.36842105263158,2.81578947368421,3.68225944444444
2024-10-05 11:00:00,1.175,2.225,2.35,2.5,3.816804
2024-10-05 12:00:00,0.974358974358974,1.92307692307692,1.94871794871795,2.05128205128205,4.35336631578947
2024-10-05 13:00:00,1.46153846153846,2.58974358974359,2.69230769230769,2.92307692307692,7.6510255
2024-10-05 14:00:00,2.25641025641026,3.38461538461538,3.43589743589744,3.92307692307692,11.0345021052632
2024-10-05 15:00:00,2,3.1,3.15,3.225,10.6018055
2024-10-05 16:00:00,1.94871794871795,3.20512820512821,3.25641025641026,3.48717948717949,9.77262473684211
2024-10-05 17:00:00,1.97297297297297,3.21621621621622,3.2972972972973,3.51351351351351,8.81223111111111
2024-10-05 18:00:00,2.125,3.25,3.375,3.675,10.663087
2024-10-05 19:00:00,6.25641025641026,11.6153846153846,15.9230769230769,19.5384615384615,13.3296684210526
2024-10-05 20:00:00,11.3076923076923,21.2051282051282,30.2051282051282,37.6666666666667,13.99026
2024-10-05 21:00:00,8,12.4285714285714,14.5428571428571,16.9714285714286,11.8701847058824
2024-10-05 22:00:00,6.86842105263158,11.3421052631579,14.0526315789474,16.2105263157895,9.19281736842105
2024-10-05 23:00:00,3.23076923076923,4.74358974358974,4.84615384615385,5.30769230769231,7.84756315789474
2024-10-06,5.775,10.225,13.4,16.3,9.056469
2024-10-06 01:00:00,4.31578947368421,6.65789473684211,7.57894736842105,8.13157894736842,8.52673526315789
2024-10-06 02:00:00,3.73684210526316,5.31578947368421,5.47368421052632,5.78947368421053,10.0589211111111
2024-10-06 03:00:00,3.79487179487179,5.41025641025641,5.48717948717949,5.79487179487179,10.512421
2024-10-06 04:00:00,4.73684210526316,6.47368421052632,6.63157894736842,6.94736842105263,7.91518473684211
2024-10-06 05:00:00,4.75,6.45,6.775,7.15,8.4221705
2024-10-06 06:00:00,5.61538461538461,7.82051282051282,8.33333333333333,9.33333333333333,14.5167778947368
2024-10-06 07:00:00,5.87179487179487,8.30769230769231,8.84615384615385,9.74358974358974,17.2587052631579
2024-10-06 08:00:00,6.94736842105263,9.36842105263158,9.8421052631579,10.5263157894737,12.9353642105263
2024-10-06 09:00:00,5.41025641025641,7.51282051282051,7.61538461538461,8.35897435897436,6.82509842105263
2024-10-06 10:00:00,5.07894736842105,6.78947368421053,7,7.47368421052632,4.52799263157895
2024-10-06 11:00:00,4.64102564102564,6.25641025641026,6.48717948717949,7.1025641025641,4.18198684210526
2024-10-06 12:00:00,4.65789473684211,6.07894736842105,6.18421052631579,6.44736842105263,4.78432894736842
2024-10-06 13:00:00,4.79487179487179,6.56410256410256,6.79487179487179,7.20512820512821,6.29106052631579
2024-10-06 14:00:00,4.6,6.325,6.575,6.875,7.4093635
2024-10-06 15:00:00,3.78947368421053,5.23684210526316,5.36842105263158,5.60526315789474,11.6959047368421
2024-10-06 16:00:00,5.1025641025641,7,7.23076923076923,7.41025641025641,18.8006157894737
2024-10-06 17:00:00,19.4615384615385,32.7435897435897,41.3333333333333,46.5641025641026,13.9140231578947
2024-10-06 18:00:00,14.6,24.55,31.35,37.45,16.1845265
2024-10-06 19:00:00,8.39473684210526,11.2368421052632,11.9736842105263,13.7368421052632,38.5645526315789
2024-10-06 20:00:00,9.05263157894737,12.6315789473684,14.1842105263158,16.5263157894737,43.9579526315789
2024-10-06 21:00:00,10.0857142857143,14.3714285714286,16.6,19.9428571428571,40.9169647058824
2024-10-06 22:00:00,15.6315789473684,26.4736842105263,33.9736842105263,40.0789473684211,41.3152
2024-10-06 23:00:00,12.15,19.975,24.4,28.75,37.61059
2024-10-07,7.55263157894737,10.2368421052632,10.8947368421053,11.6578947368421,29.4257611111111
2024-10-07 01:00:00,8.66666666666667,12.3846153846154,14.025641025641,15.4358974358974,17.7634526315789
2024-10-07 02:00:00,8.36842105263158,10.8421052631579,11.1315789473684,11.9473684210526,13.6990631578947
2024-10-07 03:00:00,9.075,12.2,12.75,13.525,14.975765
2024-10-07 04:00:00,9.07894736842105,11.9210526315789,12.5263157894737,13.2105263157895,15.2587052631579
2024-10-07 05:00:00,10.974358974359,14.6923076923077,16.0512820512821,17.5384615384615,14.969475
2024-10-07 06:00:00,14.1578947368421,19.1052631578947,20.3157894736842,21.8421052631579,15.10618
2024-10-07 07:00:00,17.8461538461538,24.3846153846154,26.2307692307692,27.5641025641026,12.8272121052632
2024-10-07 08:00:00,18.3846153846154,24.8205128205128,26.6410256410256,28.9487179487179,15.34251
2024-10-07 09:00:00,18.875,24.875,26.65,29.175,13.7240852631579
2024-10-07 10:00:00,15.875,20.95,21.85,23.65,8.627587
2024-10-07 11:00:00,14.0810810810811,18.1351351351351,18.9189189189189,19.8378378378378,5.61330388888889
2024-10-07 12:00:00,14.2162162162162,18.5135135135135,19.6756756756757,21.2702702702703,10.3157785
2024-10-07 13:00:00,14.9714285714286,19.2,20.1142857142857,21.1428571428571,14.8211010526316
2024-10-07 14:00:00,16.175,20.8,21.975,23.3,16.665075
2024-10-07 15:00:00,16.8157894736842,22.2631578947368,23.3684210526316,24.8421052631579,24.3727684210526
2024-10-07 16:00:00,16.68,21.64,22.56,23.68,31.9653444444444
2024-10-07 17:00:00,17.9,22.3,23.15,23.75,38.5251
2024-10-07 18:00:00,18.1578947368421,23.1578947368421,24.1578947368421,25.1578947368421,29.5287736842105
2024-10-07 19:00:00,20.1,25.85,26.85,27.5,23.052255
2024-10-07 20:00:00,17.1578947368421,21.9473684210526,22.7894736842105,23.5789473684211,19.1975
2024-10-07 21:00:00,15.7058823529412,19.7647058823529,20.5882352941176,21.2941176470588,15.1924823529412
2024-10-07 22:00:00,20.2631578947368,26.2631578947368,27.5263157894737,28.6315789473684,13.9834631578947
2024-10-07 23:00:00,16.15,20.4,20.9,21.55,13.871495
2024-10-08,16.9473684210526,22.1578947368421,23.3157894736842,24.2105263157895,13.7059631578947
2024-10-08 01:00:00,17.6111111111111,23.3888888888889,24.9444444444444,25.7222222222222,10.7077144444444
2024-10-08 02:00:00,17,22.65,24.2,25.25,10.476525
2024-10-08 03:00:00,18.7037037037037,25.4074074074074,27.2222222222222,28.2962962962963,10.3747894736842
2024-10-08 04:00:00,23.95,34.825,38.4,40.45,11.516851
2024-10-08 05:00:00,25.6666666666667,37.1388888888889,40.6666666666667,43.1388888888889,10.6988568421053
2024-10-08 06:00:00,19.88,26.4,28,29.48,11.57404
2024-10-08 07:00:00,17.21875,22.75,23.75,24.84375,8.10759105263158
2024-10-08 08:00:00,6.55,8,8.05,8.25,3.9064835
2024-10-08 09:00:00,5.69230769230769,7.28205128205128,7.33333333333333,7.43589743589744,3.89932684210526
2024-10-08 10:00:00,5.43589743589744,7.12820512820513,7.20512820512821,7.46153846153846,4.34768473684211
2024-10-08 11:00:00,6.92105263157895,8.71052631578947,8.89473684210526,9.63157894736842,4.38041631578947
2024-10-08 12:00:00,7.74358974358974,9.94871794871795,10.4615384615385,11.5128205128205,10.3759521052632
2024-10-08 13:00:00,8.325,10.45,10.8,12.025,13.811338
2024-10-08 14:00:00,7.38461538461539,9.71794871794872,10.1282051282051,11.1794871794872,12.5280631578947
2024-10-08 15:00:00,11.1052631578947,14.9736842105263,15.8684210526316,17.0789473684211,17.9928789473684
2024-10-08 16:00:00,3.48717948717949,4.76923076923077,4.84615384615385,5.15384615384615,6.80676789473684
2024-10-08 17:00:00,3,4.3,4.35,4.65,8.0311045
2024-10-08 18:00:00,4.73684210526316,6.71052631578947,6.84210526315789,7.39473684210526,14.8121810526316
2024-10-08 19:00:00,7.05,9.675,9.975,10.575,21.262495
2024-10-08 20:00:00,8.28205128205128,11.1282051282051,11.5641025641026,12.3333333333333,27.2079105263158
2024-10-08 21:00:00,6.91176470588235,9.35294117647059,9.88235294117647,10.5588235294118,19.6626882352941
2024-10-08 22:00:00,8.64102564102564,11.3333333333333,11.8205128205128,12.7692307692308,14.5626842105263
2024-10-08 23:00:00,8.58974358974359,10.6666666666667,10.7435897435897,11.1538461538462,13.0352368421053
2024-10-09,10.1,12.775,13.075,13.375,11.39257
2024-10-09 01:00:00,8.5,10.9473684210526,11.0789473684211,11.5,9.84285578947368
2024-10-09 02:00:00,6.61538461538461,8.38461538461539,8.43589743589744,8.66666666666667,8.02229263157895
2024-10-09 03:00:00,8.82051282051282,11.6410256410256,12.2051282051282,12.7948717948718,6.75082842105263
2024-10-09 04:00:00,4.25641025641026,6.28205128205128,6.64102564102564,7.07692307692308,6.2130785
2024-10-09 05:00:00,1.47368421052632,2.55263157894737,2.68421052631579,3.15789473684211,7.74974263157895
2024-10-09 06:00:00,1.23076923076923,2.30769230769231,2.33333333333333,2.74358974358974,9.85812210526316
2024-10-09 07:00:00,2.52631578947368,4.23684210526316,4.39473684210526,4.73684210526316,6.18854157894737
2024-10-09 08:00:00,5.58974358974359,8.46153846153846,8.8974358974359,9.35897435897436,3.30965842105263
2024-10-09 09:00:00,0.861111111111111,1.77777777777778,1.80555555555556,2.08333333333333,2.643312
2024-10-09 10:00:00,0.256410256410256,1.28205128205128,1.38461538461538,1.58974358974359,2.15838736842105
2024-10-09 11:00:00,0.923076923076923,1.92307692307692,2,2.25641025641026,2.08104631578947
2024-10-09 12:00:00,5.02564102564103,7.64102564102564,8,8.58974358974359,2.72314947368421
2024-10-09 13:00:00,2.8,4.425,4.55,4.75,3.5045095
2024-10-09 14:00:00,5.13157894736842,7.18421052631579,7.39473684210526,7.86842105263158,8.91246736842105
2024-10-09 15:00:00,2.725,4.35,4.55,5.05,19.920778
2024-10-09 16:00:00,3.64102564102564,5.53846153846154,5.71794871794872,6.20512820512821,18.73978
2024-10-09 17:00:00,4.36842105263158,6.5,6.78947368421053,7.23684210526316,11.2941742105263
2024-10-09 18:00:00,0.923076923076923,2.12820512820513,2.23076923076923,2.53846153846154,9.87347210526316
2024-10-09 19:00:00,1.56410256410256,2.71794871794872,2.92307692307692,3.46153846153846,18.4917789473684
2024-10-09 20:00:00,2.975,4.75,5,5.55,20.931485
2024-10-09 21:00:00,2.24242424242424,3.78787878787879,4.06060606060606,4.54545454545455,17.69609375
2024-10-09 22:00:00,3.10526315789474,4.55263157894737,4.73684210526316,5.10526315789474,18.5726315789474
2024-10-09 23:00:00,15.1282051282051,21.0769230769231,22.4102564102564,23.5897435897436,17.3877421052632
2024-10-10,6.74358974358974,9.61538461538461,10.2307692307692,11.0512820512821,19.842265
2024-10-10 01:00:00,8.38461538461539,12.4615384615385,13.4615384615385,14.6923076923077,30.2149263157895
2024-10-10 02:00:00,6.92307692307692,9.58974358974359,10.2307692307692,11.0769230769231,21.9752736842105
2024-10-10 03:00:00,4.97435897435897,7.30769230769231,7.58974358974359,8.48717948717949,21.6876
2024-10-10 04:00:00,4.97368421052632,6.86842105263158,7.15789473684211,7.63157894736842,27.9384105263158
2024-10-10 05:00:00,7.25,10.8,12.1,13.2,24.366415
2024-10-10 06:00:00,5.56,7.52,7.88,8.64,23.4749105263158
2024-10-10 07:00:00,5.10526315789474,6.73684210526316,7,7.89473684210526,11.6250557894737
2024-10-10 08:00:00,1.15789473684211,2.21052631578947,2.21052631578947,2.42105263157895,3.26811894736842
2024-10-10 09:00:00,1.35,2.3,2.45,2.7,5.8437625
2024-10-10 10:00:00,0,0.263157894736842,0.263157894736842,0.368421052631579,2.65699052631579
2024-10-10 11:00:00,0,0.421052631578947,0.473684210526316,0.473684210526316,3.33883210526316
2024-10-10 12:00:00,0.157894736842105,1,1,1,4.32409052631579
2024-10-10 13:00:00,0.526315789473684,1.52631578947368,1.52631578947368,1.63157894736842,4.41792684210526
2024-10-10 14:00:00,1.03703703703704,1.92592592592593,1.92592592592593,2,5.4297165
2024-10-10 15:00:00,1.75,2.975,3.05,3.275,9.50130052631579
2024-10-10 16:00:00,2.52631578947368,3.92105263157895,3.94736842105263,4.18421052631579,13.4324052631579
2024-10-10 17:00:00,3.71794871794872,5.38461538461539,5.58974358974359,5.82051282051282,14.9167526315789
2024-10-10 18:00:00,7.575,10.6,11,11.35,14.96795
2024-10-10 19:00:00,1.34210526315789,2.65789473684211,2.73684210526316,2.92105263157895,12.2391
2024-10-10 20:00:00,1.775,3.475,3.725,4.075,14.331281
2024-10-10 21:00:00,5.78787878787879,8.24242424242424,8.51515151515152,8.87878787878788,11.587165
2024-10-10 22:00:00,2.71794871794872,4.66666666666667,5,5.51282051282051,5.1014745
2024-10-10 23:00:00,6.8974358974359,11.5641025641026,12.9487179487179,14.3076923076923,8.85923894736842
2024-10-11,12.3421052631579,20.2105263157895,23.4210526315789,24.8421052631579,4.72759777777778
2024-10-11 01:00:00,3.92105263157895,7.60526315789474,9.02631578947368,10.6052631578947,8.3308065
2024-10-11 02:00:00,1.82051282051282,3.66666666666667,4.33333333333333,5.07692307692308,13.3947157894737
2024-10-11 03:00:00,1.8,3.65,4.125,4.875,15.237513
2024-10-11 04:00:00,3.12820512820513,5.51282051282051,6.1025641025641,7,10.7187063157895
2024-10-11 05:00:00,3.26315789473684,5.81578947368421,6.44736842105263,7.63157894736842,23.3464805263158
2024-10-11 06:00:00,3.32,5.32,6.04,7.28,29.7777157894737
2024-10-11 07:00:00,2.40740740740741,4.40740740740741,4.92592592592593,5.81481481481481,31.0465631578947
2024-10-11 08:00:00,2.62162162162162,4.78378378378378,5.45945945945946,6.18918918918919,21.531322
2024-10-11 09:00:00,1.32432432432432,2.97297297297297,3.35135135135135,3.91891891891892,9.58366833333333
2024-10-11 10:00:00,1.48717948717949,3.15384615384615,3.53846153846154,3.92307692307692,7.13662421052632
2024-10-11 11:00:00,1.13157894736842,2.57894736842105,2.86842105263158,3.23684210526316,7.62079684210526
2024-10-11 12:00:00,0.7,1.9,2,2.35,8.051938
2024-10-11 13:00:00,0.435897435897436,1.66666666666667,1.76923076923077,2,6.17584684210526
2024-10-11 14:00:00,3.25641025641026,5.33333333333333,5.82051282051282,6.46153846153846,10.604052
2024-10-11 15:00:00,3.74358974358974,5.82051282051282,6.46153846153846,7,21.3639631578947
2024-10-11 16:00:00,2.3,4.025,4.325,5.075,14.275435
2024-10-11 17:00:00,7.34210526315789,10.9210526315789,11.7368421052632,12.5263157894737,19.2257910526316
2024-10-11 18:00:00,6.36842105263158,9.47368421052632,9.81578947368421,10.6315789473684,14.0959611111111
2024-10-11 19:00:00,7.86842105263158,11.6052631578947,12.8157894736842,13.3947368421053,13.2637833333333
2024-10-11 20:00:00,7.05,10.275,11.1,12,13.519125
2024-10-11 21:00:00,7.52941176470588,10.9411764705882,11.5294117647059,12.2352941176471,12.9968058823529
2024-10-11 22:00:00,6.5,9.575,10.3,10.875,11.032712
2024-10-11 23:00:00,3.02564102564103,4.92307692307692,5.30769230769231,5.76923076923077,9.6237452631579
2024-10-12,2.40540540540541,4.18918918918919,4.43243243243243,4.81081081081081,8.5755
2024-10-12 01:00:00,2.12820512820513,3.82051282051282,4.05128205128205,4.30769230769231,8.45256684210526
2024-10-12 02:00:00,4.40540540540541,6.81081081081081,7.45945945945946,8,9.76686941176471
2024-10-12 03:00:00,4.48717948717949,7.20512820512821,7.84615384615385,8.82051282051282,15.532165
2024-10-12 04:00:00,4.1025641025641,6.12820512820513,6.43589743589744,7.02564102564103,16.4438210526316
2024-10-12 05:00:00,4.9,7.575,8.2,8.825,13.272352
2024-10-12 06:00:00,4.94594594594595,7.08108108108108,7.51351351351351,8.64864864864865,16.5099833333333
2024-10-12 07:00:00,8.81081081081081,11.9459459459459,12.8108108108108,14.4864864864865,15.4504166666667
2024-10-12 08:00:00,9.425,12.65,13.425,14.2,13.770421
2024-10-12 09:00:00,11.8947368421053,16.6315789473684,18,18.9210526315789,15.0120052631579
2024-10-12 10:00:00,13.5,19.025,20.5,21.75,9.7328135
2024-10-12 11:00:00,9.23076923076923,12.5641025641026,13.4102564102564,13.8974358974359,5.02483421052632
2024-10-12 12:00:00,6.1025641025641,8.43589743589744,8.56410256410256,8.92307692307692,4.83002631578947
2024-10-12 13:00:00,6.92105263157895,9.28947368421053,9.47368421052632,9.94736842105263,8.98888368421053
2024-10-12 14:00:00,6.65,8.95,9.325,9.875,11.860087
2024-10-12 15:00:00,9.25641025641026,12.1282051282051,12.6923076923077,13.4615384615385,19.1932368421053
2024-10-12 16:00:00,15,19.8378378378378,21.0810810810811,22.027027027027,30.6815
2024-10-12 17:00:00,14.6666666666667,19.0512820512821,20.3846153846154,21.5128205128205,23.8827157894737
2024-10-12 18:00:00,16.5384615384615,21.5897435897436,22.6923076923077,23.2307692307692,19.3464473684211
2024-10-12 19:00:00,16.425,21.025,22.3,23.05,19.301935
2024-10-12 20:00:00,13.9736842105263,18.3947368421053,19.1842105263158,20,22.1279684210526
2024-10-12 21:00:00,14.8857142857143,19.6285714285714,20.8857142857143,21.8,23.8128411764706
2024-10-12 22:00:00,14.9736842105263,19.6315789473684,20.5,21.3421052631579,20.7331055555556
2024-10-12 23:00:00,16.4615384615385,21.9487179487179,23.0512820512821,23.8205128205128,18.408585
2024-10-13,16.7435897435897,21.6153846153846,23.1025641025641,24.0512820512821,12.9326789473684
2024-10-13 01:00:00,16.6153846153846,21.6410256410256,22.5128205128205,23.974358974359,19.031225
2024-10-13 02:00:00,16.3421052631579,21.6578947368421,23.6052631578947,25.5263157894737,21.0237894736842
2024-10-13 03:00:00,15.8461538461538,20.8205128205128,22.0512820512821,24.1794871794872,22.3382
2024-10-13 04:00:00,15.9487179487179,21.0512820512821,22.6666666666667,24.0769230769231,17.1249157894737
2024-10-13 05:00:00,17.3684210526316,22.7368421052632,24.2631578947368,25.8157894736842,19.1631842105263
2024-10-13 06:00:00,17.325,22.55,23.925,25.325,18.80779
2024-10-13 07:00:00,4.1025641025641,5.92307692307692,6.12820512820513,6.41025641025641,8.48555052631579
2024-10-13 08:00:00,0.692307692307692,1.71794871794872,1.74358974358974,2.05128205128205,3.75749473684211
2024-10-13 09:00:00,0.487179487179487,1.43589743589744,1.61538461538462,1.87179487179487,3.01275631578947
2024-10-13 10:00:00,0.358974358974359,1.38461538461538,1.43589743589744,1.76923076923077,2.249504
2024-10-13 11:00:00,0.157894736842105,1.21052631578947,1.44736842105263,1.78947368421053,2.38318421052632
2024-10-13 12:00:00,0.256410256410256,1.28205128205128,1.30769230769231,1.71794871794872,3.55087368421053
2024-10-13 13:00:00,0.263157894736842,1.34210526315789,1.42105263157895,1.65789473684211,4.43695
2024-10-13 14:00:00,0.461538461538462,1.51282051282051,1.64102564102564,1.8974358974359,6.75737
2024-10-13 15:00:00,0.65,1.775,1.95,2.15,6.8930615
2024-10-13 16:00:00,0.897435897435897,2.12820512820513,2.25641025641026,2.53846153846154,10.6278652631579
2024-10-13 17:00:00,1.43589743589744,2.92307692307692,3.35897435897436,4.02564102564103,12.723001
2024-10-13 18:00:00,1.10526315789474,2.42105263157895,2.57894736842105,3.15789473684211,12.1053333333333
2024-10-13 19:00:00,1.02631578947368,2.26315789473684,2.39473684210526,2.73684210526316,14.2626166666667
2024-10-13 20:00:00,2.02564102564103,3.64102564102564,3.79487179487179,4.43589743589744,13.47368
2024-10-13 21:00:00,2,3.77142857142857,4.02857142857143,4.6,12.7672705882353
2024-10-13 22:00:00,1.275,2.7,3.025,3.35,12.51299
2024-10-13 23:00:00,0.789473684210526,2.15789473684211,2.5,2.92105263157895,11.8042010526316
2024-10-14,0.894736842105263,2.36842105263158,2.81578947368421,3.47368421052632,10.7913488888889
2024-10-14 01:00:00,0.725,2.1,2.45,3.025,11.263291
2024-10-14 02:00:00,1.1025641025641,2.74358974358974,3.35897435897436,4.15384615384615,17.6454473684211
2024-10-14 03:00:00,1.30769230769231,3.05128205128205,3.53846153846154,4.23076923076923,19.15517
2024-10-14 04:00:00,1.38461538461538,3.02564102564103,3.56410256410256,4.48717948717949,16.0517
2024-10-14 05:00:00,2,3.78947368421053,4.47368421052632,4.97368421052632,20.5371578947368
2024-10-14 06:00:00,2.51351351351351,4.64864864864865,5.10810810810811,5.94594594594595,23.7510222222222
2024-10-14 07:00:00,2.35,4.1,4.6,5.175,13.223152
2024-10-14 08:00:00,1.64102564102564,3.43589743589744,3.84615384615385,4.61538461538461,7.66799894736842
2024-10-14 09:00:00,1.42307692307692,2.96153846153846,3.57692307692308,4.19230769230769,6.207339
2024-10-14 10:00:00,1.31578947368421,2.42105263157895,2.68421052631579,3.05263157894737,3.60394526315789
2024-10-14 11:00:00,1.05555555555556,2.27777777777778,2.44444444444444,2.66666666666667,2.78763611111111
2024-10-14 12:00:00,0.95,2.2,2.3,2.65,3.76877
2024-10-14 13:00:00,0.947368421052632,2.15789473684211,2.36842105263158,2.68421052631579,6.09902526315789
2024-10-14 14:00:00,1.625,2.95833333333333,3.125,3.33333333333333,9.4416235
2024-10-14 15:00:00,3.17948717948718,5.15384615384615,5.43589743589744,5.97435897435897,15.8379168421053
2024-10-14 16:00:00,1.42857142857143,2.80952380952381,2.95238095238095,3.33333333333333,18.2766957894737
2024-10-14 17:00:00,1.84210526315789,3.15789473684211,3.26315789473684,3.47368421052632,22.1401894736842
2024-10-14 18:00:00,2,3.55,3.7,4.2,31.525605
2024-10-14 19:00:00,2.63157894736842,4.21052631578947,4.36842105263158,4.63157894736842,28.0199315789474
2024-10-14 20:00:00,4.4,6.25,6.7,7,34.832945
2024-10-14 21:00:00,6.52941176470588,8.58823529411765,8.82352941176471,9.47058823529412,27.0528529411765
2024-10-14 22:00:00,3.61111111111111,5.5,5.55555555555556,5.83333333333333,18.1975166666667
2024-10-14 23:00:00,3.25,5,5.2,5.45,15.70634
2024-10-15,3.68421052631579,5.21052631578947,5.36842105263158,5.42105263157895,13.1977736842105
2024-10-15 01:00:00,3.4,4.75,4.9,5.25,10.455081
2024-10-15 02:00:00,2.52631578947368,3.57894736842105,3.63157894736842,3.78947368421053,9.51160105263158
2024-10-15 03:00:00,1.73684210526316,2.94736842105263,3,3.05263157894737,9.69558421052632
2024-10-15 04:00:00,1.42105263157895,2.52631578947368,2.57894736842105,2.78947368421053,11.5019336842105
2024-10-15 05:00:00,1.45,2.5,2.55,2.85,15.229917
2024-10-15 06:00:00,0.842105263157895,1.84210526315789,1.84210526315789,1.94736842105263,12.7435557894737
2024-10-15 07:00:00,2.44444444444444,3.94444444444444,4.22222222222222,4.55555555555556,23.2533388888889
2024-10-15 08:00:00,2.25,3.85,4.25,5.1,7.4497935
2024-10-15 09:00:00,1.57894736842105,2.89473684210526,3.05263157894737,3.52631578947368,3.41885052631579
2024-10-15 10:00:00,1.05,2.3,2.65,3,2.918387
2024-10-15 11:00:00,1.21052631578947,2.73684210526316,2.94736842105263,3.05263157894737,2.26848368421053
2024-10-15 12:00:00,1,2.36842105263158,2.52631578947368,2.94736842105263,3.94747210526316
2024-10-15 13:00:00,1.21052631578947,2.47368421052632,2.57894736842105,2.89473684210526,7.14126789473684
2024-10-15 14:00:00,1.51724137931034,2.93103448275862,3.44827586206897,4.06896551724138,14.705593
2024-10-15 15:00:00,2.375,3.95833333333333,4.20833333333333,4.75,17.3697631578947
2024-10-15 16:00:00,3.88235294117647,5.82352941176471,6.29411764705882,6.64705882352941,22.8978833333333
2024-10-15 17:00:00,7.25641025641026,10.4615384615385,11.4871794871795,12.2051282051282,22.45946
2024-10-15 18:00:00,7.8974358974359,11.5897435897436,12.6666666666667,13.6153846153846,24.1330263157895
2024-10-15 19:00:00,6.51282051282051,9.2051282051282,9.71794871794872,10.3589743589744,33.96082
2024-10-15 20:00:00,8.76923076923077,12.6153846153846,13.4615384615385,14.3846153846154,19.5219684210526
2024-10-15 21:00:00,7.68571428571429,11.0857142857143,11.8857142857143,12.9428571428571,18.5787176470588
2024-10-15 22:00:00,7.34210526315789,10.2894736842105,10.8684210526316,11.3684210526316,16.4015157894737
2024-10-15 23:00:00,10.375,14.275,14.825,15.475,14.564675
2024-10-16,9.07692307692308,12.5128205128205,13.1282051282051,13.8205128205128,14.0906315789474
2024-10-16 01:00:00,10.2564102564103,13.9487179487179,14.8461538461538,15.6410256410256,11.7369684210526
2024-10-16 02:00:00,9.27027027027027,12.6756756756757,13.1891891891892,14.2162162162162,13.4807777777778
2024-10-16 03:00:00,10.5897435897436,14.1538461538462,14.8974358974359,15.4871794871795,16.5478421052632
2024-10-16 04:00:00,16.45,21.7,22.775,23.95,16.173065
2024-10-16 05:00:00,14.2105263157895,18.4736842105263,19.6315789473684,20.3947368421053,16.1967
2024-10-16 06:00:00,16.7948717948718,22.4871794871795,23.7179487179487,24.7179487179487,16.9156473684211
2024-10-16 07:00:00,15.9230769230769,21.2051282051282,22.4102564102564,23.4871794871795,28.6176578947368
2024-10-16 08:00:00,8.95,12.275,12.95,14.375,11.413525
2024-10-16 09:00:00,4.21052631578947,6.05263157894737,6.5,7.21052631578947,4.07624052631579
2024-10-16 10:00:00,5.1,7,7.375,8.025,3.877716
2024-10-16 11:00:00,5.05263157894737,6.86842105263158,7.21052631578947,7.84210526315789,3.12648
2024-10-16 12:00:00,4.92105263157895,7,7.23684210526316,7.89473684210526,4.11077368421053
2024-10-16 13:00:00,3.9,5.625,6,6.425,5.153155
2024-10-16 14:00:00,2.74358974358974,4.1025641025641,4.23076923076923,4.58974358974359,4.34764315789474
2024-10-16 15:00:00,2.61538461538462,3.94871794871795,4.02564102564103,4.38461538461539,8.4121715
2024-10-16 16:00:00,2.76923076923077,4.15384615384615,4.43589743589744,4.87179487179487,11.8151915789474
2024-10-16 17:00:00,2.81578947368421,4.18421052631579,4.26315789473684,4.47368421052632,14.2872705263158
2024-10-16 18:00:00,3.30769230769231,4.79487179487179,4.8974358974359,5.33333333333333,14.3879263157895
2024-10-16 19:00:00,3.53846153846154,5.15384615384615,5.43589743589744,5.87179487179487,13.6542263157895
2024-10-16 20:00:00,3.45,4.95,5.125,5.5,10.931095
2024-10-16 21:00:00,3.23529411764706,4.73529411764706,4.79411764705882,5,9.99792823529412
2024-10-16 22:00:00,3.17948717948718,4.58974358974359,4.64102564102564,4.97435897435897,11.345071
2024-10-16 23:00:00,3.58974358974359,5.12820512820513,5.33333333333333,5.69230769230769,11.6130221052632
2024-10-17,3.26315789473684,4.65789473684211,4.78947368421053,5.05263157894737,12.5771894736842
2024-10-17 01:00:00,2.76923076923077,4.07692307692308,4.25641025641026,4.46153846153846,13.2644947368421
2024-10-17 02:00:00,2.775,4.1,4.25,4.625,13.02675
2024-10-17 03:00:00,2.69230769230769,4.05128205128205,4.15384615384615,4.41025641025641,16.7402010526316
2024-10-17 04:00:00,2.77777777777778,4.27777777777778,4.47222222222222,4.83333333333333,10.0425788888889
2024-10-17 05:00:00,3.1,4.65,4.75,4.975,12.366016
2024-10-17 06:00:00,4.08333333333333,5.86111111111111,6.22222222222222,6.55555555555556,12.6541705882353
2024-10-17 07:00:00,3.25641025641026,4.61538461538461,4.71794871794872,5.02564102564103,7.7571105
2024-10-17 08:00:00,3.82051282051282,5.51282051282051,5.66666666666667,6.07692307692308,5.58917631578947
2024-10-17 09:00:00,4.56410256410256,6.46153846153846,6.69230769230769,7.30769230769231,5.69156
2024-10-17 10:00:00,5.07692307692308,7.20512820512821,7.61538461538461,8.56410256410256,5.47612894736842
2024-10-17 11:00:00,4.64102564102564,6.76923076923077,6.97435897435897,7.48717948717949,5.1797195
2024-10-17 12:00:00,3.97435897435897,5.76923076923077,6,6.61538461538461,7.58734736842105
2024-10-17 13:00:00,5,6.925,7.4,8.175,15.88601
2024-10-17 14:00:00,4.84210526315789,6.92105263157895,7.5,9,19.7979263157895
2024-10-17 15:00:00,5.53846153846154,7.51282051282051,7.8974358974359,9.05128205128205,22.3768789473684
2024-10-17 16:00:00,5.75,8.1,8.75,9.65,35.23975
2024-10-17 17:00:00,10.3888888888889,14.0555555555556,14.5833333333333,15.8333333333333,39.7186882352941
2024-10-17 18:00:00,9.1,12.225,12.65,13.5,13.658735
2024-10-17 19:00:00,13.4102564102564,18.1025641025641,19.1538461538462,19.974358974359,12.5278947368421
2024-10-17 20:00:00,10.5641025641026,14.2051282051282,14.974358974359,15.6923076923077,12.1382210526316
2024-10-17 21:00:00,31.7878787878788,48.8787878787879,54.9090909090909,59.0606060606061,16.2700235294118
2024-10-17 22:00:00,31.7179487179487,47.4871794871795,52.2307692307692,56.1794871794872,15.2604210526316
2024-10-17 23:00:00,17.45,23.45,24.925,26.3,15.08908
2024-10-18,15.5789473684211,20.5789473684211,22.1315789473684,23.4736842105263,13.2715052631579
2024-10-18 01:00:00,15.8461538461538,21.0769230769231,22.6153846153846,23.7435897435897,11.9178
2024-10-18 02:00:00,17.3846153846154,23.5128205128205,25.3333333333333,26.9487179487179,13.8866010526316
2024-10-18 03:00:00,17.275,23.025,24.45,25.625,18.23656
2024-10-18 04:00:00,17.1052631578947,22.3421052631579,23.7894736842105,25.1842105263158,21.4609052631579
2024-10-18 05:00:00,20.4358974358974,27.1282051282051,28.7948717948718,30.6666666666667,17.2175221052632
2024-10-18 06:00:00,8.35897435897436,11.2564102564103,11.8717948717949,12.8461538461538,10.1316173684211
2024-10-18 07:00:00,6.92105263157895,9,9.42105263157895,10.0789473684211,4.72876
2024-10-18 08:00:00,8.64102564102564,11.4102564102564,12,12.7179487179487,5.34807157894737
2024-10-18 09:00:00,12.5128205128205,16.2820512820513,17.1282051282051,18.3076923076923,5.09562684210526
2024-10-18 10:00:00,8,10.825,11.5,12.325,4.7180405
2024-10-18 11:00:00,8.48648648648649,11.5405405405405,12.2702702702703,13.4594594594595,5.68884578947368
2024-10-18 12:00:00,8.68965517241379,11.4137931034483,12.0344827586207,13,4.68177684210526
2024-10-18 13:00:00,8.10526315789474,10.6315789473684,11.3157894736842,12.4210526315789,11.6135036842105
2024-10-18 14:00:00,9.25,12,13,14.2,17.613095
2024-10-18 15:00:00,11.4210526315789,14.5263157894737,15.4736842105263,16.6842105263158,28.5392684210526
2024-10-18 16:00:00,10.9,13.75,14.3,15.2,31.737565
2024-10-18 17:00:00,11.0526315789474,13.7368421052632,14.2631578947368,15.2105263157895,26.9876315789474
2024-10-18 18:00:00,11.7222222222222,14.4444444444444,14.9444444444444,15.7777777777778,23.1508111111111
2024-10-18 19:00:00,13.3,16.5,17.3,18.1,23.250335
2024-10-18 20:00:00,22.7777777777778,30.1666666666667,32.5277777777778,34.4166666666667,21.2735736842105
2024-10-18 21:00:00,22,29.1388888888889,31.6666666666667,33.5555555555556,25.8350388888889
2024-10-18 22:00:00,25.3684210526316,33.7368421052632,36.2894736842105,38.0789473684211,17.6073444444444
2024-10-18 23:00:00,21,27.6923076923077,29.4358974358974,31.4102564102564,16.98811
2024-10-19,14.7692307692308,19.7179487179487,21.3333333333333,22.5384615384615,14.2244884210526
2024-10-19 01:00:00,12.2,16.5,17.5,18.575,8.031787
2024-10-19 02:00:00,11.9736842105263,16.7105263157895,18.5789473684211,19.8157894736842,13.5032063157895
2024-10-19 03:00:00,18.7435897435897,25.8974358974359,27.9487179487179,30.1025641025641,14.3733957894737
2024-10-19 04:00:00,10.1315789473684,13.8421052631579,14.8421052631579,15.8157894736842,10.3659768421053
2024-10-19 05:00:00,11.6153846153846,16,17.0512820512821,17.8717948717949,15.3639747368421
2024-10-19 06:00:00,14.35,19.4,20.375,21.75,20.991105
2024-10-19 07:00:00,14.4166666666667,19,20.8333333333333,23.6111111111111,20.6912555555556
2024-10-19 08:00:00,9.425,12.725,14,16.25,10.5234875
2024-10-19 09:00:00,7.64102564102564,10.2820512820513,11.025641025641,12.4102564102564,6.05367315789474
2024-10-19 10:00:00,7.02631578947368,9.52631578947368,9.92105263157895,10.7894736842105,4.8130385
2024-10-19 11:00:00,7.13157894736842,9.94736842105263,10.7894736842105,12.7894736842105,5.27148368421053
2024-10-19 12:00:00,7.66666666666667,10.6666666666667,11.5128205128205,12.8717948717949,7.52356368421053
2024-10-19 13:00:00,8.05263157894737,11.2105263157895,12.1052631578947,14.1052631578947,11.0604752631579
2024-10-19 14:00:00,8.43589743589744,11.6410256410256,12.974358974359,15.3589743589744,14.7529757894737
2024-10-19 15:00:00,10.6,14.575,15.925,17.875,22.616885
2024-10-19 16:00:00,13.4324324324324,18.2702702702703,20,22.1621621621622,29.6403111111111
2024-10-19 17:00:00,13.4102564102564,18.2051282051282,20.3846153846154,22,25.6256
2024-10-19 18:00:00,16.3333333333333,21.6153846153846,23.4615384615385,25.0769230769231,28.9351210526316
2024-10-19 19:00:00,17.325,23.525,25.675,27.825,19.989285
2024-10-19 20:00:00,13.7894736842105,18.0526315789474,19.3684210526316,20.5789473684211,21.9161894736842
2024-10-19 21:00:00,13.1428571428571,17.4285714285714,18.4857142857143,19.5714285714286,25.3869470588235
2024-10-19 22:00:00,12.5128205128205,16.9230769230769,17.8717948717949,19.1794871794872,13.9988
2024-10-19 23:00:00,16.0789473684211,21.2631578947368,22.3157894736842,23.1842105263158,16.6591210526316
2024-10-20,15.0526315789474,20.1052631578947,21.4473684210526,22.3947368421053,14.438905
2024-10-20 01:00:00,15.2105263157895,20.6578947368421,22.1842105263158,23.3157894736842,11.8077484210526
2024-10-20 02:00:00,13.2631578947368,17.8157894736842,18.9736842105263,20,9.93731684210526
2024-10-20 03:00:00,11.2894736842105,14.9736842105263,15.7631578947368,16.5526315789474,8.75395368421053
2024-10-20 04:00:00,9.45,12.775,13.3,13.975,9.706146
2024-10-20 05:00:00,10.0263157894737,13.4736842105263,14.0789473684211,14.9736842105263,11.8029105263158
2024-10-20 06:00:00,23.4615384615385,33.7948717948718,36.4358974358974,38.3589743589744,13.1062
2024-10-20 07:00:00,20.0810810810811,27.5945945945946,29.8378378378378,31.4324324324324,14.8042
2024-10-20 08:00:00,13.8684210526316,18.1842105263158,19.0526315789474,20.3421052631579,8.89099368421053
2024-10-20 09:00:00,7.53846153846154,9.61538461538461,9.84615384615385,10.3589743589744,3.650157
2024-10-20 10:00:00,7.30555555555556,9.47222222222222,9.72222222222222,10.6666666666667,3.86785105263158
2024-10-20 11:00:00,7.53846153846154,9.7948717948718,10.1282051282051,10.9230769230769,2.381995
2024-10-20 12:00:00,7.64864864864865,9.94594594594595,10.2972972972973,11.1891891891892,4.50779388888889
2024-10-20 13:00:00,8.325,10.95,11.375,12.125,7.8250455
2024-10-20 14:00:00,9.94736842105263,12.8947368421053,13.3947368421053,14.1578947368421,10.5434610526316
2024-10-20 15:00:00,9.87179487179487,12.8205128205128,13.4615384615385,14.6666666666667,19.79262
2024-10-20 16:00:00,12.6153846153846,16.7692307692308,17.5384615384615,18.7692307692308,23.5527315789474
2024-10-20 17:00:00,15.5641025641026,20.1794871794872,21,21.9230769230769,28.30316
2024-10-20 18:00:00,12.7105263157895,16.6578947368421,17.4210526315789,18.1578947368421,21.8196421052632
2024-10-20 19:00:00,18.4871794871795,23.6153846153846,24.5897435897436,25.6410256410256,21.9259263157895
2024-10-20 20:00:00,18.7368421052632,25.3421052631579,26.9473684210526,28.1578947368421,20.7817684210526
2024-10-20 21:00:00,19.6764705882353,25.9411764705882,27.5,28.5588235294118,18.0009176470588
2024-10-20 22:00:00,23.8684210526316,31.1315789473684,32.6315789473684,34.0789473684211,18.503875
2024-10-20 23:00:00,18.8974358974359,25.025641025641,26.5128205128205,27.7179487179487,14.0994052631579
2024-10-21,18.5384615384615,24.3589743589744,25.6410256410256,26.5897435897436,16.6443526315789
2024-10-21 01:00:00,16.6052631578947,21.4736842105263,22.6052631578947,24.1052631578947,15.7936368421053
2024-10-21 02:00:00,19.55,25.125,27.325,29.95,19.36323
2024-10-21 03:00:00,19.0512820512821,25.1025641025641,26.7948717948718,29.3589743589744,17.0331263157895
2024-10-21 04:00:00,18.9459459459459,24.7837837837838,26.7027027027027,29.3513513513514,17.4215421052632
2024-10-21 05:00:00,21.1794871794872,28.5384615384615,32.3589743589744,39.8974358974359,14.6100842105263
2024-10-21 06:00:00,23.7179487179487,31.9230769230769,35.8717948717949,43.8717948717949,13.9101052631579
2024-10-21 07:00:00,21.6923076923077,28.2051282051282,30.7179487179487,35.5641025641026,11.3486335
2024-10-21 08:00:00,16.7179487179487,21.8461538461538,23.9230769230769,27.2820512820513,11.5798463157895
2024-10-21 09:00:00,15.9210526315789,21.0526315789474,23.0263157894737,25.8684210526316,8.40033947368421
2024-10-21 10:00:00,15.6153846153846,20.2051282051282,21.5128205128205,23.3333333333333,6.41271
2024-10-21 11:00:00,15.7,20.325,22.075,24.6,10.1238285
2024-10-21 12:00:00,15.1315789473684,19.5,21.1052631578947,23.6052631578947,9.90744578947368
2024-10-21 13:00:00,14.875,19.375,20.575,22.725,14.3235795
2024-10-21 14:00:00,15.8205128205128,20.7948717948718,22.1025641025641,24,22.4942315789474
2024-10-21 15:00:00,16.0789473684211,20.9736842105263,22.3421052631579,24.7894736842105,31.1778421052632
2024-10-21 16:00:00,25.75,33.975,36.05,38.35,36.67302
2024-10-21 17:00:00,20.0263157894737,26.1578947368421,28.0263157894737,29.6315789473684,31.1341
2024-10-21 18:00:00,20.275,26.975,28.375,29.825,26.93747
2024-10-21 19:00:00,18.5405405405405,24.4054054054054,25.6486486486486,26.6216216216216,22.2934333333333
2024-10-21 20:00:00,18.1,23.925,25.2,26.2,19.17892
2024-10-21 21:00:00,18.3428571428571,24.4285714285714,25.5714285714286,26.8,15.0247
2024-10-21 22:00:00,16.4358974358974,21.6410256410256,22.7692307692308,23.5384615384615,12.43786
2024-10-21 23:00:00,16.7631578947368,22.1578947368421,23.6842105263158,24.6578947368421,12.0820277777778
2024-10-22,16.7105263157895,21.7105263157895,22.8421052631579,23.7631578947368,9.57565684210526
2024-10-22 01:00:00,17.825,23.7,25.325,26.875,8.957365
2024-10-22 02:00:00,19.6923076923077,26.8717948717949,29.0769230769231,31.2307692307692,9.16324263157895
2024-10-22 03:00:00,22.675,31.55,34.1,36.025,11.731594
2024-10-22 04:00:00,23.3258426966292,31.314606741573,33.5730337078652,34.6404494382022,13.829523255814
2024-10-22 05:00:00,24.9905660377358,33.7264150943396,35.8679245283019,37.6792452830189,13.1993830188679
2024-10-22 06:00:00,32.8,44.7,48.4,50.9,12.11532
2024-10-22 10:00:00,29.5,39.75,42.5,44,7.209665
2024-10-22 11:00:00,25.0582524271845,34.2718446601942,36.8349514563107,39.0776699029126,6.3257076
2024-10-22 12:00:00,21.8947368421053,30.5578947368421,32.7263157894737,34.8315789473684,7.03196469387755
2024-10-22 13:00:00,27.1980198019802,37.960396039604,42.0792079207921,44.7128712871287,13.2077333333333
2024-10-22 14:00:00,33.5,47.2678571428571,51.8303571428571,55.7589285714286,28.8413178571429
2024-10-22 15:00:00,35.7692307692308,50.3076923076923,56.1025641025641,59.8461538461538,30.6958052631579
2024-10-22 16:00:00,32.1315789473684,44.8947368421053,49.6842105263158,52.7105263157895,19.080422
2024-10-22 17:00:00,22.6923076923077,31.7435897435897,34.2051282051282,35.6410256410256,8.05176421052631
2024-10-22 18:00:00,10.0526315789474,14,14.9736842105263,15.6315789473684,5.92894888888889
2024-10-22 19:00:00,7.66666666666667,10.6923076923077,11.3589743589744,12,10.7174235
2024-10-22 20:00:00,7.01449275362319,9.88405797101449,10.5652173913043,11.0869565217391,13.0707352941176
2024-10-22 21:00:00,4.06382978723404,6.0531914893617,6.26595744680851,6.5531914893617,11.6094072340426
2024-10-22 22:00:00,4.65789473684211,7.21052631578947,7.5,8.10526315789474,10.3595873684211
2024-10-22 23:00:00,3.40540540540541,5.08108108108108,5.2972972972973,5.62162162162162,9.75685789473684
2024-10-23,2.17948717948718,3.79487179487179,3.94871794871795,4.25641025641026,10.7056989473684
2024-10-23 01:00:00,2.5,4.3,4.625,5.125,10.476616
2024-10-23 02:00:00,4.34210526315789,6.65789473684211,7.02631578947368,7.55263157894737,9.73678421052632
2024-10-23 03:00:00,4.82051282051282,7.46153846153846,8.05128205128205,8.66666666666667,13.3340810526316
2024-10-23 04:00:00,3.87179487179487,6.02564102564103,6.38461538461539,7.05128205128205,15.4214063157895
2024-10-23 05:00:00,4.61538461538461,7.1025641025641,7.58974358974359,8.51282051282051,21.0596684210526
2024-10-23 06:00:00,6.07692307692308,9.38461538461539,10.2820512820513,12.1282051282051,19.22458
2024-10-23 07:00:00,8.92307692307692,13.0769230769231,14.2051282051282,15.4102564102564,14.1892747368421
2024-10-23 08:00:00,10.5897435897436,15.3589743589744,17.1794871794872,18.974358974359,11.5488784210526
2024-10-23 09:00:00,8.63157894736842,12.6315789473684,14.1052631578947,16.8947368421053,12.1610931578947
2024-10-23 10:00:00,3.625,6.325,7.175,8.3,4.2159325
2024-10-23 11:00:00,1.92307692307692,3.79487179487179,4.25641025641026,4.82051282051282,2.59294105263158
2024-10-23 12:00:00,1.91891891891892,4,4.43243243243243,5.02702702702703,4.00436947368421
2024-10-23 13:00:00,1.94871794871795,3.79487179487179,4.35897435897436,5.12820512820513,5.84478842105263
2024-10-23 14:00:00,1.7,3.675,4.3,5,9.8258065
2024-10-23 15:00:00,13.0526315789474,23.4473684210526,30.6315789473684,36.0263157894737,20.6056473684211
2024-10-23 16:00:00,12.2051282051282,17.1538461538462,18.3846153846154,19.4615384615385,28.3787473684211
2024-10-23 17:00:00,8.21052631578947,11.7894736842105,12.8684210526316,13.5526315789474,26.3889105263158
2024-10-23 18:00:00,11.1025641025641,16.4102564102564,17.7179487179487,19.6153846153846,19.4326842105263
2024-10-23 19:00:00,8.05,11.3,12.075,12.85,19.34032
2024-10-23 20:00:00,7.42105263157895,10.5263157894737,11.0526315789474,11.6052631578947,18.2517526315789
2024-10-23 21:00:00,6.77142857142857,9.71428571428571,10.1428571428571,11.0857142857143,14.3869588235294
2024-10-23 22:00:00,6.8974358974359,9.61538461538461,10.1538461538462,10.8205128205128,15.4946736842105
2024-10-23 23:00:00,9.825,13.675,14.475,15.3,13.76761
2024-10-24,11,15.1315789473684,16.4473684210526,17.9210526315789,15.0547052631579
2024-10-24 01:00:00,13.9487179487179,19.5641025641026,21.5897435897436,23.3076923076923,14.1264894736842
2024-10-24 02:00:00,18.3333333333333,26.3333333333333,28.8717948717949,30.9487179487179,13.0028421052632
2024-10-24 03:00:00,19.0789473684211,28.0263157894737,31.6052631578947,34.3157894736842,11.2600042105263
2024-10-24 04:00:00,16.375,23.35,25.375,28.05,12.529325
2024-10-24 05:00:00,16.6666666666667,22.8974358974359,25,26.4871794871795,14.3712315789474
2024-10-24 06:00:00,20.3589743589744,28.8205128205128,31.5641025641026,34.5641025641026,14.542455
2024-10-24 07:00:00,15.1538461538462,21.3333333333333,23.2564102564103,25.7692307692308,14.6774473684211
2024-10-24 08:00:00,11.2564102564103,16.0769230769231,17.6666666666667,20.6153846153846,7.80153684210526
2024-10-24 09:00:00,6.57894736842105,9.89473684210526,11.2894736842105,13.3684210526316,5.46074
2024-10-24 10:00:00,4.65,7.15,7.825,8.9,9.006267
2024-10-24 11:00:00,7.07692307692308,9.92307692307692,10.7948717948718,12,4.08048052631579
2024-10-24 12:00:00,7.86842105263158,10.6842105263158,11.3947368421053,12.8421052631579,5.83997
2024-10-24 13:00:00,8.87179487179487,11.9230769230769,12.5128205128205,13.4358974358974,7.154159
2024-10-24 14:00:00,9.39473684210526,12.8684210526316,14.2368421052632,16.5,28.0149057894737
2024-10-24 15:00:00,12.9230769230769,18.6923076923077,21.7179487179487,27.5641025641026,42.537945
2024-10-24 16:00:00,13.025641025641,18.4358974358974,21.2820512820513,25.8205128205128,48.6014421052632
2024-10-24 17:00:00,16.4594594594595,22.6486486486486,24.972972972973,29.2162162162162,43.8667368421053
2024-10-24 18:00:00,22.4102564102564,29.6923076923077,32.0512820512821,34.8205128205128,34.5786421052632
2024-10-24 19:00:00,17.0512820512821,22.5128205128205,24.2307692307692,25.7692307692308,25.6376947368421
2024-10-24 20:00:00,20.7435897435897,27.6923076923077,29.7948717948718,31.1538461538462,23.2008
2024-10-24 21:00:00,18.7142857142857,24.9714285714286,26.6285714285714,28.1428571428571,19.6902529411765
2024-10-24 22:00:00,25.5384615384615,35.6666666666667,38.7179487179487,40.2564102564103,18.6003684210526
2024-10-24 23:00:00,25.8157894736842,35.5526315789474,38.0263157894737,40.2368421052632,19.6738555555556
2024-10-25,19.1538461538462,25.9487179487179,27.7692307692308,29.3076923076923,15.687805
2024-10-25 01:00:00,17.9230769230769,24.9487179487179,26.7692307692308,28.6153846153846,12.32938
2024-10-25 02:00:00,17.8,24.55,27,29.775,13.706605
2024-10-25 03:00:00,23.2368421052632,33.1578947368421,36.6052631578947,38.7631578947368,13.6913526315789
2024-10-25 04:00:00,21.5641025641026,30.8205128205128,33.8717948717949,36.3076923076923,11.0519789473684
2024-10-25 05:00:00,21.8947368421053,29.5789473684211,31.3947368421053,32.9210526315789,11.0436566666667
2024-10-25 06:00:00,17.4871794871795,23.1025641025641,24.3076923076923,25.4871794871795,10.523957
2024-10-25 07:00:00,18.025641025641,24.3333333333333,26.1282051282051,27.5128205128205,12.3425315789474
2024-10-25 08:00:00,23.825,31.625,33.5,35.075,9.014144
2024-10-25 09:00:00,17.4871794871795,23,24.7435897435897,25.8205128205128,10.0874847368421
2024-10-25 10:00:00,21.7297297297297,28.9189189189189,30.7027027027027,32.2702702702703,4.97593555555556
2024-10-25 11:00:00,15.3421052631579,19.6578947368421,20.5263157894737,21.5,2.86194277777778
2024-10-25 12:00:00,18.3333333333333,23.025641025641,24.1025641025641,25.1025641025641,4.82999315789474
2024-10-25 13:00:00,22.3846153846154,29.5384615384615,31.2307692307692,32.3076923076923,7.2839795
2024-10-25 14:00:00,19.0789473684211,24.1578947368421,25.2894736842105,26.2894736842105,11.3532842105263
2024-10-25 15:00:00,19.2564102564103,24.3333333333333,25.5641025641026,26.8205128205128,14.018805
2024-10-25 16:00:00,18.3888888888889,23.0277777777778,23.8611111111111,24.9166666666667,15.0029684210526
2024-10-25 17:00:00,19.1891891891892,24.5135135135135,25.5675675675676,26.6486486486486,16.7403631578947
2024-10-25 18:00:00,21.025,27.1,28.35,29.4,14.14673
2024-10-25 19:00:00,22.025641025641,28.7948717948718,30.5641025641026,31.5128205128205,15.0172210526316
2024-10-25 20:00:00,23.925,31.975,33.7,35.1,15.26287
2024-10-25 21:00:00,29.2424242424242,39.0606060606061,41.4242424242424,42.7878787878788,14.05813125
2024-10-25 22:00:00,22.1,29.9,31.775,33.3,12.76081
2024-10-25 23:00:00,30.5,39,42.5,43,16.5337
2024-10-26 01:00:00,16.125,22,23,23.875,8.86942
2024-10-26 02:00:00,14.6923076923077,20.025641025641,21.1538461538462,21.974358974359,11.6145284210526
2024-10-26 03:00:00,14.8421052631579,20.2368421052632,21.4473684210526,22.0789473684211,12.5853366666667
2024-10-26 04:00:00,15.6349206349206,21.8253968253968,23.2698412698413,23.9047619047619,12.6693032258065
2024-10-26 05:00:00,20.765625,29.28125,31.390625,33.109375,13.116709375
2024-10-26 09:00:00,8.92307692307692,11.8461538461538,12.5,12.9615384615385,7.36651384615385
2024-10-26 10:00:00,11.75,15.75,16.1875,16.8125,5.0799925
2024-10-26 11:00:00,11.5625,14.9375,15.6875,16.46875,4.226894375
2024-10-26 12:00:00,12.2045454545455,15.875,16.75,18,4.53044697674419
2024-10-26 13:00:00,14.2368421052632,18.4736842105263,18.8684210526316,19.6842105263158,4.68480315789474
2024-10-26 14:00:00,9.24107142857143,11.9732142857143,12.1339285714286,12.4464285714286,6.78113625
2024-10-26 15:00:00,13.3977272727273,18.0795454545455,18.9545454545455,19.7840909090909,11.6433811627907
2024-10-26 16:00:00,23.2564102564103,31.3333333333333,33.3076923076923,34.5641025641026,21.06284
2024-10-26 17:00:00,22.2710280373832,29,30.7383177570093,32.0841121495327,17.0614705882353
2024-10-26 18:00:00,24.1538461538462,31.6153846153846,33.5128205128205,35.2820512820513,19.1300842105263
2024-10-26 19:00:00,18.4102564102564,23.974358974359,25.2564102564103,26.3076923076923,14.78816
2024-10-26 20:00:00,21.6292134831461,28.2134831460674,29.752808988764,31.3595505617978,14.4350279069767
2024-10-26 21:00:00,30.1326530612245,40.3265306122449,43.0612244897959,44.8571428571429,14.0531066666667
2024-10-26 22:00:00,25.0526315789474,31.9736842105263,33.4736842105263,34.6315789473684,9.67250894736842
2024-10-26 23:00:00,13.625,17.2,17.75,17.975,6.113965
2024-10-27,12.0769230769231,15.8461538461538,16.4102564102564,16.7948717948718,7.13696
2024-10-27 01:00:00,10.275,13.325,13.65,14,7.1516255
2024-10-27 02:00:00,10.5714285714286,13.4857142857143,13.8571428571429,14.1714285714286,7.08247235294118
2024-10-27 02:00:00,10,13,13,13,8.1805
2024-10-27 03:00:00,9.82051282051282,12.7179487179487,12.974358974359,13.2564102564103,6.94713
2024-10-27 04:00:00,8.225,10.525,10.825,11.225,6.7232945
2024-10-27 05:00:00,7.65789473684211,10.1315789473684,10.3157894736842,10.6578947368421,7.27374210526316
2024-10-27 06:00:00,8.025,10.45,10.725,11.15,7.505783
2024-10-27 07:00:00,9.31578947368421,12.2368421052632,12.5,13.0789473684211,6.47118
2024-10-27 08:00:00,6.17948717948718,8.05128205128205,8.17948717948718,8.38461538461539,5.9998955
2024-10-27 09:00:00,5.87179487179487,7.97435897435897,8.1025641025641,8.38461538461539,5.18827842105263
2024-10-27 10:00:00,7.175,9.35,9.4,9.625,5.078315
2024-10-27 11:00:00,6.52631578947368,8.78947368421053,9.10526315789474,9.3421052631579,4.36776157894737
2024-10-27 12:00:00,6,7.76315789473684,8.02631578947368,8.36842105263158,4.17261722222222
2024-10-27 13:00:00,6.175,8.15,8.375,8.875,4.466145
2024-10-27 14:00:00,6.30769230769231,8.30769230769231,8.58974358974359,8.92307692307692,5.70388631578947
2024-10-27 15:00:00,7.33333333333333,9.56410256410256,9.7948717948718,10.3076923076923,9.1228475
2024-10-27 16:00:00,8.82051282051282,12.1538461538462,12.8461538461538,14.4358974358974,16.2785631578947
2024-10-27 17:00:00,10.625,14.1,14.775,15.7,15.93582
2024-10-27 18:00:00,13,16.9736842105263,17.8421052631579,18.9210526315789,19.0089421052632
2024-10-27 19:00:00,13.8205128205128,18.4871794871795,19.2307692307692,20.4358974358974,23.3671052631579
2024-10-27 20:00:00,20.4358974358974,29.3076923076923,32.2564102564103,34.4102564102564,13.6095978947368
2024-10-27 21:00:00,9.075,12.475,13,14.1,13.848519
2024-10-27 22:00:00,9.18181818181818,12.6060606060606,13.030303030303,14.1515151515152,11.90911875
2024-10-27 23:00:00,9.55263157894737,12.8684210526316,13.4473684210526,14.3947368421053,9.48742315789474
2024-10-28,10.5897435897436,14.4102564102564,15.1794871794872,16,8.87275473684211
2024-10-28 01:00:00,11.7368421052632,15.7368421052632,16.6052631578947,17.9736842105263,9.37084631578947
2024-10-28 02:00:00,12.825,17.025,17.95,18.75,9.417887
2024-10-28 03:00:00,13.2051282051282,18.1538461538462,18.9487179487179,20.2564102564103,8.59100210526316
2024-10-28 04:00:00,11,15.2051282051282,15.7435897435897,16.7692307692308,6.98010631578947
2024-10-28 05:00:00,9.6578947368421,12.9210526315789,13.6052631578947,14.0526315789474,6.56101736842105
2024-10-28 06:00:00,9.05,12.225,12.675,13.375,6.250005
2024-10-28 07:00:00,8.69230769230769,11.5641025641026,12.025641025641,12.6666666666667,6.04211578947368
2024-10-28 08:00:00,7.39473684210526,10.0263157894737,10.3947368421053,11.0526315789474,4.73661052631579
2024-10-28 09:00:00,5.94871794871795,8.17948717948718,8.51282051282051,9.15384615384615,4.12164315789474
2024-10-28 10:00:00,5.48717948717949,7.51282051282051,7.69230769230769,8.25641025641026,5.33587789473684
2024-10-28 11:00:00,3.55,5.225,5.3,5.825,3.8548245
2024-10-28 12:00:00,3.31578947368421,4.94736842105263,5.10526315789474,5.42105263157895,3.41807842105263
2024-10-28 13:00:00,3.76315789473684,5.55263157894737,5.86842105263158,7.28947368421053,5.43087166666667
2024-10-28 14:00:00,6.69230769230769,9.35897435897436,10.3076923076923,11.7435897435897,12.0035526315789
2024-10-28 15:00:00,8.28205128205128,11.4615384615385,12.3589743589744,13.6153846153846,17.847601
2024-10-28 16:00:00,5,6.86842105263158,7.07894736842105,7.65789473684211,16.0099947368421
2024-10-28 17:00:00,6.175,8.4,8.775,9.525,18.628845
2024-10-28 18:00:00,8.75675675675676,11.9459459459459,12.4054054054054,13.1081081081081,18.8871555555556
2024-10-28 19:00:00,9.76923076923077,13.1025641025641,13.6410256410256,14.4871794871795,14.3644
2024-10-28 20:00:00,8.87179487179487,11.7692307692308,12.2307692307692,12.5641025641026,9.71729
2024-10-28 21:00:00,10.8717948717949,14.0512820512821,14.6410256410256,15.5384615384615,11.3186536842105
2024-10-28 22:00:00,10.1142857142857,13.1714285714286,13.3714285714286,14,12.4111294117647
2024-10-28 23:00:00,13.8717948717949,18.974358974359,20.1282051282051,21.2051282051282,11.7438431578947
2024-10-29,13.8421052631579,18.3684210526316,19.5789473684211,20.5,11.3513578947368
2024-10-29 01:00:00,13.1142857142857,17.4857142857143,18.8,20.3428571428571,10.3014729411765
2024-10-29 02:00:00,13.625,18.35,19.775,21.45,12.69479
2024-10-29 03:00:00,13.3157894736842,18.1052631578947,19.5526315789474,21.4210526315789,14.5681263157895
2024-10-29 04:00:00,15.0789473684211,20.0263157894737,21.7105263157895,23.8947368421053,11.8182977777778
2024-10-29 05:00:00,16.925,23.15,25.45,29.4,13.056626
2024-10-29 06:00:00,23.1538461538462,32.4615384615385,36.0769230769231,38.8717948717949,13.8302263157895
2024-10-29 07:00:00,20.0512820512821,27.1538461538462,29.8461538461538,34.0769230769231,14.23818
2024-10-29 08:00:00,17.2368421052632,24.2105263157895,27.5789473684211,32.8157894736842,12.5183366666667
2024-10-29 09:00:00,14.3846153846154,19.9487179487179,21.7692307692308,23.2307692307692,8.25251263157895
2024-10-29 10:00:00,13.8421052631579,19.0526315789474,20.8157894736842,22.2894736842105,7.04950157894737
2024-10-29 11:00:00,16.7,23.225,25.5,27.95,9.3423395
2024-10-29 12:00:00,16.6578947368421,22.5789473684211,24.2368421052632,26.2631578947368,7.96477
2024-10-29 13:00:00,14.1212121212121,19.7575757575758,21.5454545454545,23.3333333333333,7.57695235294118
2024-10-29 14:00:00,15.1,20.55,22.15,24.175,13.959116
2024-10-29 15:00:00,18.4358974358974,25.1282051282051,26.9230769230769,28.5128205128205,20.1047052631579
2024-10-29 16:00:00,23.3589743589744,31.2051282051282,33.7179487179487,35.4358974358974,25.267935
2024-10-29 17:00:00,20.1282051282051,27.7948717948718,30.2820512820513,32.2820512820513,22.7595473684211
2024-10-29 18:00:00,19.725,27.025,29.075,30.65,19.184835
2024-10-29 19:00:00,22.4358974358974,30.5897435897436,32.6410256410256,34.1025641025641,14.6468368421053
2024-10-29 20:00:00,17.0789473684211,23.5,25.2368421052632,26.6842105263158,14.2944631578947
2024-10-29 21:00:00,15.8461538461538,21.7948717948718,23.5128205128205,25.1794871794872,10.3907410526316
2024-10-29 22:00:00,14.6571428571429,20.2857142857143,21.5714285714286,22.5714285714286,10.1269482352941
2024-10-29 23:00:00,18.1538461538462,24.7179487179487,26.0512820512821,27.3076923076923,9.393073
2024-10-30,16.6666666666667,22.6666666666667,24.3333333333333,25.7435897435897,10.1236852631579
2024-10-30 01:00:00,19.2702702702703,26.1081081081081,28.027027027027,30.4054054054054,9.27716736842105
2024-10-30 02:00:00,17.5897435897436,24.2564102564103,25.9230769230769,28.1282051282051,10.5402526315789
2024-10-30 03:00:00,14.7894736842105,20.2368421052632,22.1052631578947,23.8157894736842,10.8634126315789
2024-10-30 04:00:00,19.025641025641,26.1282051282051,28.8205128205128,32.7692307692308,9.00506421052632
2024-10-30 05:00:00,14.7179487179487,19.7179487179487,21.2820512820513,23,10.1270189473684
2024-10-30 06:00:00,13.4473684210526,17.6578947368421,18.5,19.4210526315789,10.2116789473684
2024-10-30 07:00:00,17.4358974358974,23.2307692307692,24.974358974359,26.0512820512821,7.12376473684211
2024-10-30 08:00:00,10.975,14.9,15.575,16.25,6.944696
2024-10-30 09:00:00,6.51282051282051,8.94871794871795,9.28205128205128,9.87179487179487,4.72084578947368
2024-10-30 10:00:00,2.35897435897436,3.53846153846154,3.71794871794872,4.1025641025641,3.8826325
2024-10-30 11:00:00,1.94736842105263,3,3.10526315789474,3.36842105263158,4.72748444444444
2024-10-30 12:00:00,5.025,7.25,7.65,8.375,6.0235995
2024-10-30 13:00:00,1.05128205128205,2.07692307692308,2.17948717948718,2.53846153846154,6.16718052631579
2024-10-30 14:00:00,2.23076923076923,3.51282051282051,3.58974358974359,3.94871794871795,6.0547175
2024-10-30 15:00:00,2.97435897435897,4.25641025641026,4.51282051282051,4.92307692307692,11.7587815789474
2024-10-30 16:00:00,8.51282051282051,11.0769230769231,11.6666666666667,12.2820512820513,14.4288263157895
2024-10-30 17:00:00,7.19444444444444,11.6944444444444,13.4444444444444,14.6944444444444,16.3642744444444
2024-10-30 18:00:00,10.6923076923077,14.5384615384615,15.3076923076923,16.5384615384615,18.0182105263158
2024-10-30 19:00:00,11.5384615384615,16.0769230769231,17.1025641025641,18.0512820512821,16.3438
2024-10-30 20:00:00,13.4358974358974,18.4358974358974,19.5384615384615,20.3589743589744,14.0231421052632
2024-10-30 21:00:00,11.5263157894737,15.3684210526316,16.3421052631579,17.6578947368421,14.6988105263158
2024-10-30 22:00:00,13.6571428571429,19.6857142857143,21.7428571428571,22.8571428571429,14.4550235294118
2024-10-30 23:00:00,6.07692307692308,8.74358974358974,9.28205128205128,10.1538461538462,12.1895915789474
2024-10-31,4.66666666666667,7,7.38461538461539,7.94871794871795,9.1517565
2024-10-31 01:00:00,4.07692307692308,6.12820512820513,6.48717948717949,7.12820512820513,8.09977736842105
2024-10-31 02:00:00,1.66666666666667,2.76923076923077,2.92307692307692,3.43589743589744,6.38716736842105
2024-10-31 03:00:00,2.23684210526316,3.47368421052632,3.57894736842105,4.05263157894737,8.69846894736842
2024-10-31 04:00:00,2.375,3.575,3.675,3.95,14.953924
2024-10-31 05:00:00,3.51282051282051,5.07692307692308,5.46153846153846,6.51282051282051,20.6868263157895
2024-10-31 06:00:00,1.17948717948718,2.23076923076923,2.28205128205128,2.43589743589744,11.4276436842105
2024-10-31 07:00:00,1,2.78947368421053,3.86842105263158,6.71052631578947,5.78171105263158
2024-10-31 08:00:00,0.82051282051282,1.97435897435897,2.17948717948718,2.66666666666667,5.41074368421053
2024-10-31 09:00:00,4.95,11.325,22,56.175,5.579708
2024-10-31 10:00:00,1.13157894736842,2.23684210526316,2.31578947368421,2.42105263157895,4.69839315789474
2024-10-31 11:00:00,6.38461538461539,10.1025641025641,10.9487179487179,11.8461538461538,6.91791
2024-10-31 12:00:00,10.5897435897436,14.6923076923077,15.6153846153846,16.5897435897436,6.68892526315789
2024-10-31 13:00:00,3,4.5,4.6,5,7.93518
2024-10-31 14:00:00,8.1578947368421,11.8421052631579,12.2894736842105,12.8947368421053,6.81762473684211
2024-10-31 15:00:00,4.87179487179487,6.94871794871795,7.30769230769231,7.97435897435897,13.80129
2024-10-31 16:00:00,7.525,10.65,11.225,11.875,21.74388
2024-10-31 17:00:00,11.2105263157895,16,17.5789473684211,18.7368421052632,21.7846263157895
2024-10-31 18:00:00,13.625,18.225,19.35,20.375,22.13551
2024-10-31 19:00:00,10.8461538461538,14.8974358974359,15.7179487179487,16.5641025641026,15.8425578947368
2024-10-31 20:00:00,11.7948717948718,16.2820512820513,17.2820512820513,18.3589743589744,15.1621157894737
2024-10-31 21:00:00,16.2894736842105,21.8157894736842,23.1842105263158,24.5,15.8493631578947
2024-10-31 22:00:00,14.8857142857143,20.3142857142857,21.7142857142857,22.8571428571429,13.8837611764706
2024-10-31 23:00:00,14.75,20.275,21.825,22.95,11.711827
2024-11-01,15.2631578947368,21.6315789473684,23.4210526315789,25.1052631578947,10.2108221052632
2024-11-01 01:00:00,13.2820512820513,18.8461538461538,20.3076923076923,21.6153846153846,11.6973894736842
2024-11-01 02:00:00,11.5897435897436,16.7948717948718,18.5897435897436,20.6923076923077,10.0232431578947
2024-11-01 03:00:00,16.2,25.375,29.95,34.075,13.485371
2024-11-01 04:00:00,18,30.9736842105263,41.9473684210526,56.7368421052632,13.5597273684211
2024-11-01 05:00:00,8.75675675675676,12.3513513513514,13.2432432432432,14.6216216216216,13.0016177777778
2024-11-01 06:00:00,9.56410256410256,13.3589743589744,14.0769230769231,14.8461538461538,14.0496736842105
2024-11-01 07:00:00,7.81578947368421,10.7368421052632,11.3684210526316,12.1315789473684,12.8150421052632
2024-11-01 08:00:00,9.4,12.525,13.075,14.075,12.219816
2024-11-01 09:00:00,13.8974358974359,19.1538461538462,20.1794871794872,21.5897435897436,12.0949557894737
2024-11-01 10:00:00,16.4102564102564,21.7435897435897,23.0512820512821,24.5384615384615,10.9761715789474
2024-11-01 11:00:00,16.2105263157895,21.0526315789474,22.6315789473684,24.3421052631579,6.03310473684211
2024-11-01 12:00:00,15.2,19.725,21.3,23.475,7.559668
2024-11-01 13:00:00,13.6451612903226,18.2258064516129,20.247311827957,23.9462365591398,9.358624
2024-11-01 14:00:00,12.3421052631579,16.8947368421053,18.8421052631579,21.9473684210526,11.1352473684211
2024-11-01 15:00:00,15.4102564102564,21.5384615384615,23.8717948717949,26.3076923076923,22.1765684210526
2024-11-01 16:00:00,15.5526315789474,21.3421052631579,22.7105263157895,24.6578947368421,29.1118263157895
2024-11-01 17:00:00,16.4,21.85,23.5,25.3,24.64366
2024-11-01 18:00:00,18.5384615384615,26,28.4871794871795,30.4871794871795,21.4433421052632
2024-11-01 19:00:00,13.6666666666667,18.6153846153846,19.7435897435897,20.6410256410256,18.84852
2024-11-01 20:00:00,7.66666666666667,10.4358974358974,11.2051282051282,12.3589743589744,17.88625
2024-11-01 21:00:00,6.32432432432432,8.51351351351351,8.86486486486486,9.72972972972973,11.9305627777778
2024-11-01 22:00:00,5.77142857142857,8.02857142857143,8.25714285714286,8.62857142857143,5.61414647058824
2024-11-01 23:00:00,5.71794871794872,7.94871794871795,8.2051282051282,8.61538461538461,5.32751631578947
2024-11-02,4.21052631578947,6.15789473684211,6.26315789473684,6.65789473684211,4.99687578947368
2024-11-02 01:00:00,4.25,6.1,6.35,6.625,7.237447
2024-11-02 02:00:00,2.84210526315789,4.31578947368421,4.42105263157895,4.55263157894737,8.16313
2024-11-02 03:00:00,1.69230769230769,2.94871794871795,3.02564102564103,3.15384615384615,7.5964305
2024-11-02 04:00:00,0.948717948717949,2.17948717948718,2.25641025641026,2.41025641025641,8.89109368421053
2024-11-02 05:00:00,1.225,2.6,2.8,2.975,8.960548
2024-11-02 06:00:00,0.763157894736842,1.86842105263158,1.92105263157895,2.05263157894737,9.89422947368421
2024-11-02 07:00:00,0.605263157894737,1.60526315789474,1.63157894736842,1.84210526315789,9.97765111111111
2024-11-02 08:00:00,0.307692307692308,1.23076923076923,1.25641025641026,1.46153846153846,8.5064575
2024-11-02 09:00:00,0.641025641025641,1.82051282051282,2,2.25641025641026,5.54068157894737
2024-11-02 10:00:00,0.875,2.25,2.55,2.9,5.213639
2024-11-02 11:00:00,0.842105263157895,2.10526315789474,2.34210526315789,2.65789473684211,4.81706842105263
2024-11-02 12:00:00,0.5,1.5,1.525,1.65,5.0280655
2024-11-02 13:00:00,0.947368421052632,2.31578947368421,2.44736842105263,2.78947368421053,6.09489055555556
2024-11-02 14:00:00,1.05128205128205,2.43589743589744,2.66666666666667,3.15384615384615,6.91439526315789
2024-11-02 15:00:00,1.68421052631579,3.47368421052632,3.84210526315789,4.39473684210526,10.8972875
2024-11-02 16:00:00,3.38461538461538,5.58974358974359,6.02564102564103,6.92307692307692,20.9433315789474
2024-11-02 17:00:00,6.2,9.325,10.175,11.225,21.549945
2024-11-02 18:00:00,7.27777777777778,10.8055555555556,11.4722222222222,12.4444444444444,23.7784352941176
2024-11-02 19:00:00,8.375,11.9,12.8,13.4,20.98169
2024-11-02 20:00:00,8.43589743589744,12.1282051282051,13.1282051282051,13.8974358974359,21.0083473684211
2024-11-02 21:00:00,9.375,13.425,14.45,15.65,18.550655
2024-11-02 22:00:00,10.0294117647059,15,16.7058823529412,17.7941176470588,17.3451470588235
2024-11-02 23:00:00,9.26315789473684,13.2894736842105,14.4736842105263,15.2631578947368,15.9071
2024-11-03,12.1794871794872,16.974358974359,18.6153846153846,19.6153846153846,15.1390210526316
2024-11-03 01:00:00,7.66666666666667,11.2820512820513,12.4615384615385,13.5641025641026,14.421695
2024-11-03 02:00:00,5.46153846153846,8.35897435897436,8.7948717948718,9.51282051282051,10.1253989473684
2024-11-03 03:00:00,6.475,9.4,10.05,10.775,11.133975
2024-11-03 04:00:00,13.1052631578947,18.6842105263158,20.2368421052632,22.3684210526316,15.0939736842105
2024-11-03 05:00:00,12.6052631578947,18.4473684210526,20.7368421052632,22.8157894736842,17.1539611111111
2024-11-03 06:00:00,12.55,18.2,20.35,21.9,14.0192
2024-11-03 07:00:00,16,22.5641025641026,24.2564102564103,25.6153846153846,14.8562736842105
2024-11-03 08:00:00,24.1282051282051,33.3589743589744,36.1538461538462,37.7692307692308,12.7444405
2024-11-03 09:00:00,19.5,26.8684210526316,29.0789473684211,30.5,9.81392111111111
2024-11-03 10:00:00,16.475,22.5,24.65,26.225,8.407332
2024-11-03 11:00:00,13.9473684210526,19.5,21.1578947368421,22.7894736842105,5.04331736842105
2024-11-03 12:00:00,10.2,14.7,16.175,17.875,8.4766335
2024-11-03 13:00:00,4.87179487179487,7.38461538461539,7.92307692307692,8.69230769230769,5.58889631578947
2024-11-03 14:00:00,5.61538461538461,8.48717948717949,9.38461538461539,10.2820512820513,9.14020684210526
2024-11-03 15:00:00,8.42105263157895,11.8684210526316,12.8421052631579,13.8157894736842,22.1165578947368
2024-11-03 16:00:00,13.8974358974359,19.0769230769231,20.5128205128205,21.6153846153846,21.7331210526316
2024-11-03 17:00:00,15.825,21.425,23.35,24.4,28.04547
2024-11-03 18:00:00,16.7948717948718,22.4615384615385,24.1538461538462,25.1794871794872,26.0938210526316
2024-11-03 19:00:00,15.9473684210526,21.1842105263158,22.6052631578947,23.7105263157895,24.5676157894737
2024-11-03 20:00:00,20.7948717948718,27.974358974359,29.8461538461538,30.8974358974359,15.5773894736842
2024-11-03 21:00:00,18.2,24.875,26.725,28.525,14.06977
2024-11-03 22:00:00,19.9705882352941,27.1470588235294,29.7058823529412,31.2647058823529,11.2742658823529
2024-11-03 23:00:00,19.025641025641,25.9487179487179,28.025641025641,29.6153846153846,11.9252589473684
2024-11-04,22.5263157894737,31.8421052631579,35.0789473684211,38.4473684210526,9.99582
2024-11-04 01:00:00,23.025641025641,31.974358974359,35.6666666666667,39.1794871794872,14.4412157894737
2024-11-04 02:00:00,17.65,24.05,25.975,28.05,18.18748
2024-11-04 03:00:00,16.5526315789474,22.3157894736842,23.9736842105263,25.8421052631579,16.9765368421053
2024-11-04 04:00:00,16.55,22.1,23.55,25.325,16.110705
2024-11-04 05:00:00,17.7631578947368,23.7368421052632,25.5,27.6842105263158,15.9448055555556
2024-11-04 06:00:00,20.225,28.5,31.25,32.75,14.128761
2024-11-04 07:00:00,18.5526315789474,24.9473684210526,26.8157894736842,28.8157894736842,13.5196052631579
2024-11-04 08:00:00,19.575,26.375,28.975,32.875,14.02529
2024-11-04 09:00:00,22.7179487179487,31.0512820512821,33.2564102564103,35.9230769230769,13.2375842105263
2024-11-04 10:00:00,22.5135135135135,30.6756756756757,33.7567567567568,36.7027027027027,8.92726555555556
2024-11-04 11:00:00,13.8,18.6,20.05,21.6,4.7013175
2024-11-04 12:00:00,7.61538461538461,10.6666666666667,11.2051282051282,12.2820512820513,7.22231631578947
2024-11-04 13:00:00,6.97435897435897,9.46153846153846,9.74358974358974,10.3589743589744,10.975195
2024-11-04 14:00:00,6.23684210526316,8.44736842105263,9.07894736842105,9.52631578947368,31.6058833333333
2024-11-04 15:00:00,3.975,5.525,5.525,5.65,10.6297475
2024-11-04 16:00:00,5.10526315789474,6.76315789473684,6.89473684210526,6.94736842105263,10.5075178947368
2024-11-04 17:00:00,13.05,16.9,17.275,17.65,9.361553
2024-11-04 18:00:00,8.05128205128205,10.6666666666667,10.8461538461538,11.0512820512821,11.2192905263158
2024-11-04 19:00:00,7.91666666666667,10.3333333333333,10.5555555555556,11.0555555555556,10.0475355555556
2024-11-04 20:00:00,12.725,16.625,17.2,17.825,11.71808
2024-11-04 21:00:00,12.8205128205128,16.3589743589744,16.8717948717949,17.6153846153846,13.8403631578947
2024-11-04 22:00:00,13.4571428571429,17.3714285714286,18.2571428571429,18.6571428571429,12.9069555555556
2024-11-04 23:00:00,11.3421052631579,14.8684210526316,15.1842105263158,15.6052631578947,11.7269431578947
2024-11-05,8.78947368421053,11.7368421052632,11.9210526315789,12.4473684210526,10.1305905263158
2024-11-05 01:00:00,9.78947368421053,12.8947368421053,13.3157894736842,13.6578947368421,9.31686
2024-11-05 02:00:00,14.1538461538462,19.2307692307692,20.2307692307692,21.1538461538462,8.393464
2024-11-05 03:00:00,15.7692307692308,21.2307692307692,22.6666666666667,23.5641025641026,9.13900736842105
2024-11-05 04:00:00,20.075,27.025,28.925,29.925,11.83005
2024-11-05 05:00:00,23.2564102564103,31.5897435897436,33.3589743589744,34.2820512820513,12.9582684210526
2024-11-05 06:00:00,23.0263157894737,32.9473684210526,35.6578947368421,37.4473684210526,14.9374578947368
2024-11-05 07:00:00,18.3589743589744,25.8974358974359,28.5384615384615,30.0769230769231,10.6849989473684
2024-11-05 08:00:00,14.175,18.9,19.675,20.325,11.2881285
2024-11-05 09:00:00,10.2894736842105,13.2631578947368,13.6578947368421,14.0789473684211,5.38787368421053
2024-11-05 10:00:00,10.1794871794872,13.2051282051282,13.4871794871795,13.8205128205128,4.79301947368421
2024-11-05 11:00:00,14.3846153846154,18.7179487179487,19.3846153846154,20.0512820512821,7.98760105263158
2024-11-05 12:00:00,15.2105263157895,19.4210526315789,20.0526315789474,20.5,10.4536621052632
2024-11-05 13:00:00,16.05,20.775,21.35,21.975,10.782949
2024-11-05 14:00:00,15.0769230769231,19.6410256410256,20.3076923076923,20.9487179487179,12.5376694736842
2024-11-05 15:00:00,17.0263157894737,22.3157894736842,23.5789473684211,25.1052631578947,27.0009526315789
2024-11-05 16:00:00,15.1891891891892,19.8648648648649,20.9189189189189,22.4594594594595,37.4637368421053
2024-11-05 17:00:00,18.875,24.25,25.4,26.675,26.07656
2024-11-05 18:00:00,21.8421052631579,27.5263157894737,28.6052631578947,29.7368421052632,18.3186684210526
2024-11-05 19:00:00,23.9230769230769,30.5641025641026,32.1538461538462,32.974358974359,17.9059315789474
2024-11-05 20:00:00,21.9,27.825,29.225,30.075,14.08879
2024-11-05 21:00:00,24.8421052631579,32.0789473684211,33.0526315789474,34.4473684210526,11.0898866666667
2024-11-05 22:00:00,17.4285714285714,22.0285714285714,22.9714285714286,23.5142857142857,10.6042666666667
2024-11-05 23:00:00,19,24.2051282051282,25.5897435897436,26.3333333333333,10.6918873684211
2024-11-06,20.35,26.125,27.1,28.1,9.203208
2024-11-06 01:00:00,17.9736842105263,22.7894736842105,23.8947368421053,24.5,9.25873473684211
2024-11-06 02:00:00,20.1794871794872,25.7179487179487,26.4871794871795,27.0769230769231,9.32956947368421
2024-11-06 03:00:00,20.7692307692308,26.3846153846154,27.2820512820513,27.9230769230769,8.58279105263158
2024-11-06 04:00:00,20.3,25.9,26.925,27.825,11.106145
2024-11-06 05:00:00,20.5789473684211,25.8947368421053,26.7368421052632,27.6578947368421,13.5266894736842
2024-11-06 06:00:00,23.9487179487179,30.3333333333333,31.5384615384615,32.4615384615385,14.7042789473684
2024-11-06 07:00:00,27.6410256410256,34.5384615384615,36,36.7948717948718,11.2885252631579
2024-11-06 08:00:00,24.0526315789474,31.0526315789474,32.7368421052632,33.7105263157895,8.66391
2024-11-06 09:00:00,24.625,32.375,34,34.65,7.7374315
2024-11-06 10:00:00,26.6153846153846,35.3333333333333,37.3846153846154,38.7948717948718,8.59595473684211
2024-11-06 11:00:00,27.3076923076923,36.025641025641,37.8461538461538,39.6666666666667,8.89572210526316
2024-11-06 12:00:00,22.6486486486486,30.4594594594595,32.1891891891892,33.4594594594595,8.39473222222222
2024-11-06 13:00:00,26.075,35,37.2,38.25,12.251655
2024-11-06 14:00:00,25.2051282051282,33.3076923076923,35.3076923076923,36.5384615384615,11.1431778947368
2024-11-06 15:00:00,27.875,36.9,39.2,40.45,14.92036
2024-11-06 16:00:00,26.8974358974359,35.6410256410256,38.025641025641,39.2564102564103,15.6567421052632
2024-11-06 17:00:00,27.9473684210526,37.2894736842105,39.7368421052632,41.0789473684211,15.9790473684211
2024-11-06 18:00:00,27.025,36.65,39.45,41.05,17.827395
2024-11-06 19:00:00,26.8717948717949,37.1538461538462,40.3333333333333,41.5641025641026,14.7292526315789
2024-11-06 20:00:00,38.0769230769231,52.025641025641,56.1025641025641,57.9230769230769,14.88919
2024-11-06 21:00:00,26.8947368421053,37.1578947368421,40.1315789473684,41.8684210526316,14.0985833333333
2024-11-06 22:00:00,26.6285714285714,36.3428571428571,39.1428571428571,40.7428571428571,14.8291333333333
2024-11-06 23:00:00,27.3947368421053,37.2631578947368,39.7368421052632,41.1315789473684,17.4301315789474
2024-11-07,26.325,36.025,38.9,40.025,21.53488
2024-11-07 01:00:00,28.8421052631579,39.6578947368421,42.3421052631579,43.8947368421053,19.9904
2024-11-07 02:00:00,28.7,39.2,41.6,43.15,14.40326
2024-11-07 03:00:00,26.9736842105263,36.3421052631579,38.7894736842105,40.4473684210526,12.3745736842105
2024-11-07 04:00:00,29,39.3333333333333,42.025641025641,43.3846153846154,14.9120052631579
2024-11-07 05:00:00,28.4,38.55,41.3,42.8,14.818625
2024-11-07 06:00:00,26.5675675675676,36.1621621621622,38.6216216216216,40.7027027027027,16.5461944444444
2024-11-07 07:00:00,25.675,34.85,37.25,38.65,13.29247
2024-11-07 08:00:00,26.2051282051282,35.2051282051282,37.8717948717949,40.3589743589744,14.4213473684211
2024-11-07 09:00:00,24.025,32.375,34.05,35.65,15.769155
2024-11-07 10:00:00,21.8684210526316,28.9736842105263,31.0789473684211,32.2894736842105,13.1422
2024-11-07 11:00:00,17.5897435897436,23.0769230769231,24.4871794871795,25.7435897435897,14.4144315789474
2024-11-07 12:00:00,18.3846153846154,24.7435897435897,26.2307692307692,27.7435897435897,18.3012368421053
2024-11-07 13:00:00,18.45,24.75,26.025,27.075,18.56202
2024-11-07 14:00:00,16.9736842105263,22.8421052631579,23.9736842105263,25.0263157894737,18.7631263157895
2024-11-07 15:00:00,15.5641025641026,21.2051282051282,22.4615384615385,23.4102564102564,19.7217210526316
2024-11-07 16:00:00,14.7,19.875,20.775,21.55,20.119165
2024-11-07 17:00:00,15.8648648648649,21.4054054054054,22.5945945945946,23.3513513513514,19.4143210526316
2024-11-07 18:00:00,19.0512820512821,26.1025641025641,27.9230769230769,29.1025641025641,22.3954368421053
2024-11-07 19:00:00,20,27.675,29.625,30.525,22.00167
2024-11-07 20:00:00,22.4210526315789,30.9736842105263,33.5526315789474,35.0789473684211,17.3178315789474
2024-11-07 21:00:00,23.275,32.625,35.525,37.05,14.586715
2024-11-07 22:00:00,23.9142857142857,33.5428571428571,35.8571428571429,37.1714285714286,13.4394411764706
2024-11-07 23:00:00,22.725,31.6,34.05,35.5,12.80907
2024-11-08,24.8108108108108,34.0540540540541,36.5675675675676,37.972972972973,11.9562
2024-11-08 01:00:00,24.2972972972973,33.6756756756757,36.027027027027,37.2432432432432,13.4128210526316
2024-11-08 02:00:00,26.1282051282051,35.9230769230769,38.5897435897436,39.9230769230769,14.4664
2024-11-08 03:00:00,28.5405405405405,39,41.6756756756757,43.027027027027,10.7132544444444
2024-11-08 04:00:00,37.275,49.95,53.475,55.35,9.180382
2024-11-08 05:00:00,42.0512820512821,56.0769230769231,60.025641025641,62.5897435897436,11.20352
2024-11-08 06:00:00,40.175,53.7,57.275,59.575,9.7881995
2024-11-08 07:00:00,36.7105263157895,48.6052631578947,51.7105263157895,53.7631578947368,9.13098684210526
2024-11-08 08:00:00,34.8974358974359,46.5384615384615,50.1282051282051,51.7179487179487,9.75797263157895
2024-11-08 09:00:00,33.3846153846154,44.3333333333333,47,48.4871794871795,10.7142726315789
2024-11-08 10:00:00,34.5384615384615,45.4358974358974,48.5897435897436,50.4102564102564,9.972182
2024-11-08 11:00:00,34.9230769230769,45.8974358974359,49.2307692307692,50.6410256410256,9.8695947368421
2024-11-08 12:00:00,37.3684210526316,49,51.8421052631579,53.8157894736842,9.34164666666667
2024-11-08 13:00:00,38.2820512820513,50.3846153846154,53.4358974358974,55.2564102564103,11.2707515789474
2024-11-08 14:00:00,39.5641025641026,51.7692307692308,55.2051282051282,57.2307692307692,24.9746
2024-11-08 15:00:00,38.0512820512821,50.1794871794872,53.8717948717949,57.1025641025641,44.7714210526316
2024-11-08 16:00:00,42.1842105263158,55.9736842105263,60,62.8947368421053,37.8651611111111
2024-11-08 17:00:00,49.4871794871795,66.0512820512821,71.3589743589744,73.8205128205128,24.4449
2024-11-08 18:00:00,47.5897435897436,63.1282051282051,68,70.5641025641026,20.3636315789474
2024-11-08 19:00:00,46.725,62.15,66.175,68.875,20.878035
2024-11-08 20:00:00,48,63.8947368421053,68.5,70.6842105263158,22.8967388888889
2024-11-08 21:00:00,49.5526315789474,65.1842105263158,69.3157894736842,72.0789473684211,21.964365
2024-11-08 22:00:00,62.8,87.0857142857143,95.2571428571429,99.8857142857143,19.6786529411765
2024-11-08 23:00:00,43.325,56.25,60.175,62.2,15.740445
2024-11-09,38.3684210526316,50.0526315789474,53.1842105263158,55.1842105263158,14.7185736842105
2024-11-09 01:00:00,40.0512820512821,52.2820512820513,55.4871794871795,56.9487179487179,15.4178263157895
2024-11-09 02:00:00,35.8717948717949,45.8205128205128,48.6923076923077,50.2564102564103,13.1191842105263
2024-11-09 03:00:00,31.0789473684211,39.8947368421053,41.8421052631579,42.8947368421053,12.1730168421053
2024-11-09 04:00:00,33.8,43.95,46.65,48.925,12.83568
2024-11-09 05:00:00,41.2972972972973,55,59.7567567567568,63.0540540540541,13.6454444444444
2024-11-09 06:00:00,40.6,53.475,57.975,60.35,10.929487
2024-11-09 07:00:00,35.8157894736842,45.9473684210526,48.6842105263158,49.8947368421053,12.3166336842105
2024-11-09 08:00:00,34.775,44.825,47.35,48.725,12.45302
2024-11-09 09:00:00,35.1621621621622,44.8918918918919,47.5675675675676,49.1081081081081,17.3867947368421
2024-11-09 10:00:00,32.7567567567568,42.3243243243243,45.9189189189189,49.6216216216216,12.4181178947368
2024-11-09 11:00:00,25.4871794871795,33.0769230769231,35.025641025641,37.4102564102564,5.01061894736842
2024-11-09 12:00:00,23.7948717948718,30.3846153846154,32.0769230769231,33.5641025641026,13.1602263157895
2024-11-09 13:00:00,24.575,31.25,33.15,34.675,27.343585
2024-11-09 14:00:00,30.0526315789474,37.9210526315789,40.2368421052632,41.5526315789474,40.7026473684211
2024-11-09 15:00:00,35.3076923076923,45.3333333333333,47.9487179487179,49.7179487179487,33.7985578947368
2024-11-09 16:00:00,34.2051282051282,43.6410256410256,46,47.2564102564103,22.2616736842105
2024-11-09 17:00:00,28.55,35.95,37.8,38.975,17.253315
2024-11-09 18:00:00,32.2894736842105,40.9736842105263,42.9473684210526,44.1315789473684,17.3990578947368
2024-11-09 19:00:00,36.1282051282051,46.2307692307692,48.9230769230769,50.5641025641026,23.6833210526316
2024-11-09 20:00:00,34.4102564102564,43.9230769230769,46.0769230769231,47.6153846153846,26.8917368421053
2024-11-09 21:00:00,32.8947368421053,42.5526315789474,45.1052631578947,47.0789473684211,18.1951315789474
2024-11-09 22:00:00,30.1944444444444,38.9166666666667,40.7222222222222,42,15.4301277777778
2024-11-09 23:00:00,32.4615384615385,41.7948717948718,44,45.3076923076923,17.1668578947368
2024-11-10,31.8947368421053,41.1052631578947,43.6578947368421,45.6315789473684,12.3214263157895
2024-11-10 01:00:00,29.2564102564103,38.025641025641,40.4615384615385,41.7948717948718,13.1884210526316
2024-11-10 02:00:00,32.425,42.75,46.6,48.975,11.417288
2024-11-10 03:00:00,34.8717948717949,47.2051282051282,51.8974358974359,55.8205128205128,14.9755631578947
2024-11-10 04:00:00,35.6666666666667,47.5641025641026,52.2307692307692,57.6410256410256,17.11978
2024-11-10 05:00:00,36.2894736842105,50.0263157894737,54.8684210526316,57.6052631578947,13.3329788888889
2024-11-10 06:00:00,36.974358974359,49.7948717948718,53.7692307692308,56,13.4197421052632
2024-11-10 07:00:00,37.0540540540541,49.972972972973,54.2702702702703,57.1891891891892,17.0588666666667
2024-11-10 08:00:00,38.9,51.9,57.075,61.3,17.4028
2024-11-10 09:00:00,43.2820512820513,58.1538461538462,63.2051282051282,66.3333333333333,13.8224010526316
2024-11-10 10:00:00,44.675,59.225,63.7,66,15.123696
2024-11-10 11:00:00,42.8378378378378,55.5675675675676,59.5945945945946,62.1351351351351,17.9122105263158
2024-11-10 12:00:00,48,63.5384615384615,68.2307692307692,71.1794871794872,26.1209368421053
2024-11-10 13:00:00,51.1538461538462,67.6666666666667,73.3333333333333,76.4871794871795,40.0789473684211
2024-11-10 14:00:00,50.55,66.5,71.975,76.175,45.59314
2024-11-10 15:00:00,44.0263157894737,58,66.4473684210526,80.2894736842105,45.4946947368421
2024-11-10 16:00:00,54.9230769230769,75.2564102564103,89.025641025641,111.564102564103,45.6442736842105
2024-11-10 17:00:00,51.4,67.6,77,87.9,36.984545
2024-11-10 18:00:00,54.7894736842105,72.0263157894737,78.0789473684211,82.7894736842105,27.0887842105263
2024-11-10 19:00:00,39.9,50.125,52.6,54.975,14.909625
2024-11-10 20:00:00,35,44.2368421052632,46.3684210526316,48.4210526315789,14.3912842105263
2024-11-10 21:00:00,28.2051282051282,35.4615384615385,37.6923076923077,39.9487179487179,17.1374210526316
2024-11-10 22:00:00,31.1176470588235,39.4411764705882,41.1470588235294,43,12.25122
2024-11-10 23:00:00,21.9230769230769,27.4102564102564,28.7692307692308,30.6153846153846,10.875634
2024-11-11,22.1538461538462,28.4358974358974,30.5384615384615,32.974358974359,10.23228
2024-11-11 01:00:00,20.1538461538462,25.7179487179487,26.974358974359,27.974358974359,9.525962
2024-11-11 02:00:00,19.5945945945946,25.0810810810811,26.3783783783784,27.3783783783784,11.9817866666667
2024-11-11 03:00:00,22.3421052631579,29.9473684210526,31.7368421052632,33.2368421052632,14.0134666666667
2024-11-11 04:00:00,22.2,29.4,30.675,31.625,16.073525
2024-11-11 05:00:00,23,30.8684210526316,32.1315789473684,33.1842105263158,14.7060421052632
2024-11-11 06:00:00,22.75,30.525,31.85,32.775,11.965
2024-11-11 07:00:00,19.6486486486486,26.2702702702703,27.2702702702703,28.1621621621622,12.6273494736842
2024-11-11 08:00:00,18.75,24.4166666666667,25.4166666666667,26.1666666666667,13.1851588235294
2024-11-11 09:00:00,18.8205128205128,24.6153846153846,25.3076923076923,25.8717948717949,11.3289084210526
2024-11-11 10:00:00,15.6578947368421,19.8157894736842,20.3947368421053,21.1842105263158,11.0682
2024-11-11 11:00:00,14.7435897435897,19.1025641025641,19.7435897435897,20.2564102564103,12.0949273684211
2024-11-11 12:00:00,15.3076923076923,19.4358974358974,20.1794871794872,21.0769230769231,17.435355
2024-11-11 13:00:00,18.2820512820513,23.4358974358974,24.3589743589744,25.1025641025641,16.0795631578947
2024-11-11 14:00:00,20.7435897435897,26.8205128205128,28.1025641025641,29.2564102564103,16.8739
2024-11-11 15:00:00,21.7692307692308,28.8974358974359,30.7435897435897,31.9230769230769,18.40574
2024-11-11 16:00:00,25.3846153846154,34.2051282051282,36.4358974358974,38.1538461538462,18.8501368421053
2024-11-11 17:00:00,23.9736842105263,33.5526315789474,36.2894736842105,38.0789473684211,22.7224684210526
2024-11-11 18:00:00,24.075,33.55,36.05,37.4,20.383035
2024-11-11 19:00:00,22.5263157894737,31.1052631578947,32.9736842105263,34.2894736842105,17.9492315789474
2024-11-11 20:00:00,21.5128205128205,29.9487179487179,31.7692307692308,33.1282051282051,16.3300157894737
2024-11-11 21:00:00,19.3589743589744,26.6923076923077,28.8205128205128,29.7692307692308,12.0934
2024-11-11 22:00:00,20.4722222222222,28.4166666666667,30.4166666666667,31.4722222222222,13.8530222222222
2024-11-11 23:00:00,19.5384615384615,27.0769230769231,28.7948717948718,29.5897435897436,14.3680789473684
2024-11-12,21.5,30.175,32.35,33.8,14.97063
2024-11-12 01:00:00,18.5128205128205,25.3589743589744,26.6666666666667,27.4871794871795,16.8783578947368
2024-11-12 02:00:00,17.9189189189189,24.5135135135135,25.5405405405405,26.3783783783784,13.6223833333333
2024-11-12 03:00:00,20.3,27.525,28.925,29.925,14.333625
2024-11-12 04:00:00,19,26.2105263157895,28.1052631578947,28.9736842105263,15.9035684210526
2024-11-12 05:00:00,15.275,20.475,21.525,22.4,16.576665
2024-11-12 06:00:00,12.2820512820513,15.974358974359,16.2051282051282,16.3589743589744,15.3375736842105
2024-11-12 07:00:00,11.7105263157895,15.3684210526316,15.8684210526316,16.1842105263158,9.98904736842105
2024-11-12 08:00:00,12.5897435897436,16.8461538461538,17.5641025641026,18.2564102564103,10.0956115789474
2024-11-12 09:00:00,13.8461538461538,18.3333333333333,19.1794871794872,19.8461538461538,11.3126336842105
2024-11-12 10:00:00,13.2564102564103,17.8974358974359,18.7692307692308,19.4871794871795,10.990129
2024-11-12 11:00:00,11.3333333333333,15.3589743589744,15.9487179487179,16.6153846153846,10.6039368421053
2024-11-12 12:00:00,10.7948717948718,14.4871794871795,14.8717948717949,15.4102564102564,11.5168031578947
2024-11-12 13:00:00,9.5,12.3947368421053,12.8157894736842,13.1315789473684,13.7216105263158
2024-11-12 14:00:00,8.525,11.625,12,12.475,13.188105
2024-11-12 15:00:00,13.2564102564103,18.025641025641,18.8461538461538,19.8205128205128,18.7034210526316
2024-11-12 16:00:00,19.5526315789474,26.4473684210526,28.0789473684211,29.7894736842105,37.7581368421053
2024-11-12 17:00:00,17.9,24.65,26.425,28.3,33.72575
2024-11-12 18:00:00,17.5897435897436,23.8717948717949,25.1282051282051,26.5897435897436,28.7298473684211
2024-11-12 19:00:00,19.0526315789474,25.7105263157895,27.2105263157895,29.0789473684211,30.7972947368421
2024-11-12 20:00:00,19.4615384615385,26.4358974358974,28.025641025641,29.1538461538462,21.8256052631579
2024-11-12 21:00:00,23.2051282051282,32.1538461538462,34.3846153846154,36.1025641025641,15.5251736842105
2024-11-12 22:00:00,24.9166666666667,34.4722222222222,36.9444444444444,38.1944444444444,14.8669111111111
2024-11-12 23:00:00,22.1315789473684,30.8421052631579,33.3947368421053,34.9210526315789,12.6289684210526
2024-11-13,19.3,26.975,29.2,30.15,11.22909
2024-11-13 01:00:00,15.025641025641,21.0769230769231,22.5384615384615,23.3846153846154,9.99121052631579
2024-11-13 02:00:00,12.8918918918919,17.8378378378378,18.7567567567568,20,9.47701
2024-11-13 03:00:00,11.4615384615385,15.8717948717949,16.9230769230769,17.6923076923077,8.84484842105263
2024-11-13 04:00:00,13.725,18.725,19.45,20.2,12.227234
2024-11-13 05:00:00,11.4358974358974,15.974358974359,16.7179487179487,17.4871794871795,10.4575494736842
2024-11-13 06:00:00,11.8157894736842,16.6052631578947,17.5263157894737,18.1842105263158,12.0292378947368
2024-11-13 07:00:00,12.3589743589744,17.2820512820513,18.2820512820513,19.2564102564103,13.42074
2024-11-13 08:00:00,13.8461538461538,18.8717948717949,19.974358974359,20.6666666666667,10.9739557894737
2024-11-13 09:00:00,10.0512820512821,13.8717948717949,14.3589743589744,15.0769230769231,9.615588
2024-11-13 10:00:00,9.15384615384615,12.4358974358974,13.0512820512821,13.6153846153846,12.3062663157895
2024-11-13 11:00:00,6.89473684210526,9.68421052631579,9.92105263157895,10.4473684210526,13.2118157894737
2024-11-13 12:00:00,7,9.71794871794872,10.025641025641,10.4615384615385,12.3725052631579
2024-11-13 13:00:00,4.89473684210526,6.81578947368421,7,7.34210526315789,12.3330789473684
2024-11-13 14:00:00,5.825,8.225,8.625,8.975,12.1711
2024-11-13 15:00:00,7.1025641025641,9.58974358974359,9.87179487179487,10.1794871794872,13.4275684210526
2024-11-13 16:00:00,8.92307692307692,11.7948717948718,12.3076923076923,12.5641025641026,13.256545
2024-11-13 17:00:00,9.69230769230769,12.5641025641026,12.7948717948718,13.2820512820513,12.1110578947368
2024-11-13 18:00:00,11.2,14.675,15.225,15.675,12.565355
2024-11-13 19:00:00,10.9487179487179,14.3589743589744,14.8717948717949,15.8974358974359,17.3867789473684
2024-11-13 20:00:00,14.0789473684211,18.5789473684211,19.6052631578947,20.3421052631579,16.9812263157895
2024-11-13 21:00:00,13.4358974358974,17.8974358974359,18.4615384615385,18.8717948717949,15.1656473684211
2024-11-13 22:00:00,11.0277777777778,14.4722222222222,14.9444444444444,15.3333333333333,10.1933422222222
2024-11-13 23:00:00,12.4736842105263,16.3421052631579,16.7894736842105,17.2894736842105,11.8195789473684
2024-11-14,11.3589743589744,14.8461538461538,15.3333333333333,15.8974358974359,10.4577463157895
2024-11-14 01:00:00,16.0769230769231,21.3589743589744,22.2051282051282,22.9487179487179,9.67765473684211
2024-11-14 02:00:00,11.2368421052632,14.6842105263158,15.6052631578947,16.4210526315789,9.94753157894737
2024-11-14 03:00:00,10.1794871794872,13.3589743589744,14.0769230769231,14.4615384615385,10.96454
2024-11-14 04:00:00,9.41025641025641,12.5641025641026,13.0512820512821,13.4871794871795,12.52552
2024-11-14 05:00:00,12.025641025641,16.0512820512821,16.6410256410256,17.4358974358974,14.1688368421053
2024-11-14 06:00:00,16.7368421052632,22.8421052631579,24.7368421052632,27.1052631578947,17.6979736842105
2024-11-14 07:00:00,16.1,21.45,22.6,23.925,13.3990245
2024-11-14 08:00:00,8.15384615384615,10.5384615384615,10.8205128205128,11.3333333333333,11.9454026315789
2024-11-14 09:00:00,6.81578947368421,8.73684210526316,8.92105263157895,9.13157894736842,11.7276663157895
2024-11-14 10:00:00,8.275,11.125,11.825,12.725,11.708605
2024-11-14 11:00:00,12.5,17.0789473684211,18.7368421052632,20.7894736842105,17.2276777777778
2024-11-14 12:00:00,11.95,16.05,16.875,18.3,14.41848
2024-11-14 13:00:00,7.81578947368421,11.0526315789474,11.7105263157895,12.6052631578947,8.79171157894737
2024-11-14 14:00:00,5.5,7.725,7.95,8.425,11.574321
2024-11-14 15:00:00,4.94871794871795,7.12820512820513,7.30769230769231,7.76923076923077,13.0029105263158
2024-11-14 16:00:00,3.35897435897436,5.15384615384615,5.38461538461539,5.58974358974359,13.4236105263158
2024-11-14 17:00:00,3.57894736842105,5.13157894736842,5.18421052631579,5.5,12.6571894736842
2024-11-14 18:00:00,4.775,6.975,7.1,7.475,10.787904
2024-11-14 19:00:00,2.69230769230769,4.15384615384615,4.28205128205128,4.64102564102564,8.58769157894737
2024-11-14 20:00:00,2.36842105263158,3.81578947368421,4.02631578947368,4.34210526315789,8.46670210526316
2024-11-14 21:00:00,2.51282051282051,3.84615384615385,3.94871794871795,4.17948717948718,8.16573
2024-11-14 22:00:00,1.2,2.31428571428571,2.42857142857143,2.48571428571429,8.88595647058824
2024-11-14 23:00:00,0.65,1.7,1.75,1.975,10.427618
2024-11-15,0.447368421052632,1.5,1.5,1.92105263157895,10.2470978947368
2024-11-15 01:00:00,0.875,2.1,2.425,3.125,10.225129
2024-11-15 02:00:00,1.35897435897436,3.20512820512821,3.94871794871795,5.28205128205128,11.5467005263158
2024-11-15 03:00:00,1.10810810810811,2.78378378378378,3.18918918918919,4.2972972972973,11.2449361111111
2024-11-15 04:00:00,1.875,3.6,4.375,7.1,14.835723
2024-11-15 05:00:00,2.28205128205128,4.46153846153846,5.12820512820513,6.17948717948718,15.3488547368421
2024-11-15 06:00:00,2.07692307692308,3.94871794871795,4.15384615384615,4.97435897435897,24.810485
2024-11-15 07:00:00,3.97368421052632,6.42105263157895,7.10526315789474,7.84210526315789,22.7298
2024-11-15 08:00:00,7.25641025641026,10.974358974359,12,13.4358974358974,29.4211052631579
2024-11-15 09:00:00,3.94871794871795,7.41025641025641,9.30769230769231,11.974358974359,8.98829526315789
2024-11-15 10:00:00,3.66666666666667,7.15384615384615,8.8974358974359,11.2820512820513,7.159563
2024-11-15 11:00:00,4.23076923076923,7.74358974358974,9.92307692307692,12.6153846153846,9.52011473684211
2024-11-15 12:00:00,3.65,7.05,8.85,11.75,7.267894
2024-11-15 13:00:00,3.36842105263158,6.86842105263158,8.81578947368421,11.4210526315789,14.3155077777778
2024-11-15 14:00:00,3.07894736842105,6.21052631578947,7.84210526315789,10.1315789473684,27.8396210526316
2024-11-15 15:00:00,3.32432432432432,6.35135135135135,8.05405405405405,10.3243243243243,35.4981235294118
2024-11-15 16:00:00,11.4615384615385,16.5384615384615,18.5384615384615,20.6410256410256,28.4607263157895
2024-11-15 17:00:00,10.0789473684211,14.9473684210526,16.7631578947368,18.4736842105263,34.8993526315789
2024-11-15 18:00:00,9.225,13.9,15.35,16.975,29.442845
2024-11-15 19:00:00,11.8421052631579,16.7368421052632,18.4210526315789,19.6578947368421,19.6696736842105
2024-11-15 20:00:00,11.4358974358974,16.5128205128205,18.2820512820513,19.4102564102564,16.848515
2024-11-15 21:00:00,11,16.1052631578947,17.6315789473684,18.9210526315789,17.5507944444444
2024-11-15 22:00:00,15.5789473684211,22.2894736842105,24.9210526315789,27.8421052631579,28.7522315789474
2024-11-15 23:00:00,15.5405405405405,21.4054054054054,23.1081081081081,24.6756756756757,25.7234842105263
2024-11-16,18.9,26.575,29.75,33.675,26.712975
2024-11-16 01:00:00,15.4615384615385,22.1794871794872,24.7435897435897,27,19.9027157894737
2024-11-16 02:00:00,18.3333333333333,26.6923076923077,30.4871794871795,36.6153846153846,20.0802736842105
2024-11-16 03:00:00,17.4473684210526,25.8421052631579,30.2894736842105,36,20.8392263157895
2024-11-16 04:00:00,18.3157894736842,26.7368421052632,31.2894736842105,38.0263157894737,15.3803578947368
2024-11-16 05:00:00,18.15,26.2,30.675,35.975,16.06666
2024-11-16 06:00:00,18.8684210526316,27.5,31.8947368421053,38.5789473684211,14.6702631578947
2024-11-16 07:00:00,20.65,29.975,34.55,41.225,15.38018
2024-11-16 08:00:00,16.6315789473684,23.3421052631579,26.2105263157895,29.4473684210526,20.0566884210526
2024-11-16 09:00:00,6.33333333333333,8.48717948717949,8.82051282051282,9.38461538461539,8.76997631578947
2024-11-16 10:00:00,5.46153846153846,6.84615384615385,6.84615384615385,7.1025641025641,4.12164315789474
2024-11-16 11:00:00,7.81578947368421,9.97368421052632,10.1842105263158,10.5263157894737,4.3303525
2024-11-16 12:00:00,8.38461538461539,10.8205128205128,10.9230769230769,11.2051282051282,4.63206052631579
2024-11-16 13:00:00,8.48717948717949,10.8205128205128,11.025641025641,11.4102564102564,4.40096473684211
2024-11-16 14:00:00,10.2631578947368,12.8947368421053,13.0263157894737,13.2368421052632,6.43342631578947
2024-11-16 15:00:00,23.2564102564103,30.3333333333333,31.7179487179487,32.8974358974359,13.5958547368421
2024-11-16 16:00:00,15.8,20.775,21.95,22.575,18.1892
2024-11-16 17:00:00,19.4736842105263,25.1842105263158,26.3684210526316,27.6052631578947,21.0346473684211
2024-11-16 18:00:00,20.8974358974359,27.2820512820513,28.4358974358974,29.2564102564103,16.863715
2024-11-16 19:00:00,24.2307692307692,32.4102564102564,34.4102564102564,35.5128205128205,15.9726421052632
2024-11-16 20:00:00,25.8205128205128,34.3333333333333,36.7948717948718,38.6410256410256,21.5302631578947
2024-11-16 21:00:00,27.5,36.7631578947368,39.3157894736842,41.0789473684211,15.5148052631579
2024-11-16 22:00:00,23.4210526315789,30.8421052631579,33.3421052631579,34.5,13.2283305263158
2024-11-16 23:00:00,22.025,28.3,29.675,30.35,10.665264
2024-11-17,15.2105263157895,19.3421052631579,20,20.5526315789474,7.33159157894737
2024-11-17 01:00:00,13.2,16.75,17.35,18.025,7.820246
2024-11-17 02:00:00,11.1282051282051,14.1025641025641,14.6666666666667,15.4102564102564,6.54254052631579
2024-11-17 03:00:00,17.0263157894737,22.5789473684211,23.7894736842105,24.7368421052632,5.9308947368421
2024-11-17 04:00:00,12.2051282051282,15.1538461538462,15.3333333333333,15.6923076923077,6.92223842105263
2024-11-17 05:00:00,10.125,12.2,12.475,12.6,7.8892845
2024-11-17 06:00:00,9.87179487179487,12.2307692307692,12.4358974358974,12.7435897435897,8.01735947368421
2024-11-17 07:00:00,9.31578947368421,11.6578947368421,11.8421052631579,12.4210526315789,8.05361842105263
2024-11-17 08:00:00,6.92307692307692,8.7948717948718,9,9.23076923076923,7.67120315789474
2024-11-17 09:00:00,9.07692307692308,11.4615384615385,11.6153846153846,12.025641025641,8.55964368421053
2024-11-17 10:00:00,8.05128205128205,10.5641025641026,10.8717948717949,11.1282051282051,9.907161
2024-11-17 11:00:00,5.61538461538461,7.58974358974359,7.69230769230769,8,11.3220757894737
2024-11-17 12:00:00,4.71794871794872,6.43589743589744,6.56410256410256,6.84615384615385,11.3617168421053
2024-11-17 13:00:00,3.58974358974359,5,5.1025641025641,5.25641025641026,9.77040947368421
2024-11-17 14:00:00,2.4,3.825,3.85,4.05,11.552711
2024-11-17 15:00:00,2.07894736842105,3.55263157894737,3.78947368421053,3.84210526315789,13.0637263157895
2024-11-17 16:00:00,2,3.20512820512821,3.23076923076923,3.30769230769231,13.3682684210526
2024-11-17 17:00:00,1.3,2.25,2.275,2.375,11.111212
2024-11-17 18:00:00,1.68421052631579,2.81578947368421,2.81578947368421,2.84210526315789,10.4320663157895
2024-11-17 19:00:00,3.15384615384615,4.92307692307692,5.07692307692308,5.33333333333333,9.18955052631579
2024-11-17 20:00:00,3.8,5.425,5.525,5.65,9.841498
2024-11-17 21:00:00,2.18421052631579,3.44736842105263,3.5,3.68421052631579,7.33297052631579
2024-11-17 22:00:00,1.65789473684211,2.73684210526316,2.81578947368421,3.07894736842105,5.96375473684211
2024-11-17 23:00:00,1.71052631578947,3.18421052631579,3.21052631578947,3.31578947368421,7.48146833333333
2024-11-18,1.55,2.75,2.85,3.1,11.58221
2024-11-18 01:00:00,2.92105263157895,4.28947368421053,4.5,4.76315789473684,10.2366757894737
2024-11-18 02:00:00,3.35,5,5.25,5.325,7.99884
2024-11-18 03:00:00,7.13157894736842,10.0526315789474,10.4473684210526,10.6842105263158,8.98331666666667
2024-11-18 04:00:00,2.39473684210526,3.76315789473684,3.92105263157895,4.02631578947368,11.2387884210526
2024-11-18 05:00:00,1.85,3.25,3.25,3.65,18.222725
2024-11-18 06:00:00,1.8974358974359,3.25641025641026,3.38461538461538,3.71794871794872,17.8790210526316
2024-11-18 07:00:00,2.625,4.15,4.2,4.45,21.77739
2024-11-18 08:00:00,0.842105263157895,1.76315789473684,1.78947368421053,1.81578947368421,15.4880921052632
2024-11-18 09:00:00,0.102564102564103,0.717948717948718,0.717948717948718,0.769230769230769,5.56143105263158
2024-11-18 10:00:00,0.58974358974359,1.53846153846154,1.71794871794872,3.38461538461538,7.03769684210526
2024-11-18 11:00:00,0.447368421052632,1.10526315789474,1.10526315789474,1.23684210526316,7.98896684210526
2024-11-18 12:00:00,0.82051282051282,1.79487179487179,1.79487179487179,1.84615384615385,7.98122894736842
2024-11-18 13:00:00,0.3,1.125,1.175,1.25,9.4697455
2024-11-18 14:00:00,0.512820512820513,1.56410256410256,1.58974358974359,1.61538461538462,10.6894284210526
2024-11-18 15:00:00,0.447368421052632,1.42105263157895,1.44736842105263,1.57894736842105,13.0176063157895
2024-11-18 16:00:00,1.46153846153846,2.66666666666667,2.79487179487179,3.02564102564103,15.7455736842105
2024-11-18 17:00:00,6.52631578947368,9.02631578947368,9.47368421052632,9.76315789473684,14.0156473684211
2024-11-18 18:00:00,6.20512820512821,8.71794871794872,9.07692307692308,9.46153846153846,13.36128
2024-11-18 19:00:00,3.76923076923077,5.71794871794872,5.97435897435897,6.38461538461539,15.4359578947368
2024-11-18 20:00:00,5.175,7.775,8.25,8.725,14.950305
2024-11-18 21:00:00,5.76315789473684,8.13157894736842,8.3421052631579,8.73684210526316,15.7767722222222
2024-11-18 22:00:00,12.1142857142857,16.1428571428571,16.9428571428571,17.4285714285714,15.1276058823529
2024-11-18 23:00:00,8,10.9230769230769,11.1794871794872,11.5128205128205,12.9098894736842
2024-11-19,9.48717948717949,13.5384615384615,14.4102564102564,14.8461538461538,11.1378947368421
2024-11-19 01:00:00,6.05263157894737,8.92105263157895,9.5,10.4473684210526,13.3638421052632
2024-11-19 02:00:00,7.84615384615385,11.0512820512821,12.2564102564103,15.2307692307692,25.5659947368421
2024-11-19 03:00:00,9.02631578947368,12.5263157894737,13.4473684210526,16.2368421052632,28.838875
2024-11-19 04:00:00,9.36842105263158,13.1578947368421,14.5,17.8684210526316,28.2130578947368
2024-11-19 05:00:00,10.375,14.25,15.75,17.75,27.626035
2024-11-19 06:00:00,10.3947368421053,14.1578947368421,15.0789473684211,16,32.6384722222222
2024-11-19 07:00:00,15.2564102564103,19.8461538461538,20.6153846153846,21.4615384615385,34.79847
2024-11-19 08:00:00,13.8717948717949,17.7179487179487,18.4102564102564,18.974358974359,34.2983473684211
2024-11-19 09:00:00,15.2051282051282,20.3589743589744,22,24.2564102564103,33.94838
2024-11-19 10:00:00,16.2631578947368,22.3421052631579,25.6842105263158,34.6315789473684,33.7621388888889
2024-11-19 11:00:00,15.5789473684211,21.6842105263158,24.7368421052632,31.4473684210526,30.4706947368421
2024-11-19 12:00:00,5.925,8.375,8.8,9.375,9.8314335
2024-11-19 13:00:00,0.564102564102564,1.46153846153846,1.51282051282051,1.56410256410256,4.44504421052632
2024-11-19 14:00:00,1.58974358974359,2.51282051282051,2.51282051282051,2.61538461538462,4.29133894736842
2024-11-19 15:00:00,2.48648648648649,4.02702702702703,4.05405405405405,4.13513513513514,6.89363888888889
2024-11-19 16:00:00,2.2,3.425,3.45,3.575,7.63901
2024-11-19 17:00:00,0.615384615384615,1.56410256410256,1.58974358974359,1.69230769230769,4.73511842105263
2024-11-19 18:00:00,0.925,1.85,1.925,2.075,5.251141
2024-11-19 19:00:00,1.10810810810811,2.24324324324324,2.2972972972973,2.54054054054054,4.67301444444444
2024-11-19 20:00:00,0.871794871794872,1.87179487179487,1.94871794871795,2.05128205128205,6.14724578947368
2024-11-19 21:00:00,0.95,1.875,1.9,2.075,11.3121905
2024-11-19 22:00:00,0.194444444444444,0.75,0.75,0.861111111111111,13.4939838888889
2024-11-19 23:00:00,0.025,0.25,0.25,0.325,6.340184
2024-11-20,0.0769230769230769,0.153846153846154,0.153846153846154,0.153846153846154,6.99134157894737
2024-11-20 01:00:00,0.153846153846154,0.538461538461538,0.538461538461538,0.692307692307692,10.3625063157895
2024-11-20 02:00:00,1.18421052631579,2.10526315789474,2.10526315789474,2.10526315789474,12.8556052631579
2024-11-20 03:00:00,1.7,2.65,2.675,2.775,13.76462
2024-11-20 04:00:00,1.28205128205128,2.25641025641026,2.28205128205128,2.41025641025641,9.67574
2024-11-20 05:00:00,0.702702702702703,1.59459459459459,1.59459459459459,1.62162162162162,10.2179722222222
2024-11-20 06:00:00,0.846153846153846,1.64102564102564,1.64102564102564,1.66666666666667,10.1328489473684
2024-11-20 07:00:00,0.846153846153846,1.76923076923077,1.82051282051282,1.97435897435897,10.2791173684211
2024-11-20 08:00:00,0.975,1.975,2,2.15,8.7092805
2024-11-20 09:00:00,0.789473684210526,1.81578947368421,1.89473684210526,2,7.50429368421053
2024-11-20 10:00:00,0.55,1.625,1.65,1.75,6.695722
2024-11-20 11:00:00,0.205128205128205,0.974358974358974,1.12820512820513,1.28205128205128,7.49813842105263
2024-11-20 12:00:00,0.263157894736842,1.13157894736842,1.18421052631579,1.28947368421053,9.20717947368421
2024-11-20 13:00:00,1.84615384615385,3.07692307692308,3.23076923076923,3.38461538461538,17.7438947368421
2024-11-20 14:00:00,2.3,3.525,3.575,3.65,20.34149
2024-11-20 15:00:00,1.41025641025641,2.64102564102564,2.66666666666667,2.82051282051282,11.9059484210526
2024-11-20 16:00:00,2.68421052631579,4.23684210526316,4.36842105263158,4.5,10.3169684210526
2024-11-20 17:00:00,0.769230769230769,1.79487179487179,1.82051282051282,1.87179487179487,16.7345821052632
2024-11-20 18:00:00,0.794871794871795,1.66666666666667,1.69230769230769,1.82051282051282,10.8982810526316
2024-11-20 19:00:00,0.82051282051282,1.84615384615385,1.8974358974359,1.97435897435897,10.2403585
2024-11-20 20:00:00,1.07692307692308,2.15384615384615,2.17948717948718,2.25641025641026,11.6060147368421
2024-11-20 21:00:00,2.675,4.05,4.15,4.35,19.282455
2024-11-20 22:00:00,3.84848484848485,5.75757575757576,5.87878787878788,6.06060606060606,18.575
2024-11-20 23:00:00,2.64102564102564,4.28205128205128,4.51282051282051,4.76923076923077,17.34176
2024-11-21,0.743589743589744,1.71794871794872,1.71794871794872,1.92307692307692,17.5625315789474
2024-11-21 01:00:00,0.41025641025641,1.33333333333333,1.43589743589744,1.53846153846154,11.6577773684211
2024-11-21 02:00:00,0.743589743589744,1.82051282051282,1.8974358974359,2.1025641025641,10.3520625
2024-11-21 03:00:00,0.842105263157895,1.89473684210526,2.02631578947368,2.10526315789474,8.09347388888889
2024-11-21 04:00:00,0.875,2,2.125,2.525,7.514762
2024-11-21 05:00:00,0.717948717948718,1.76923076923077,1.79487179487179,2,10.02597
2024-11-21 06:00:00,0.923076923076923,1.94871794871795,2.02564102564103,2.33333333333333,15.2154
2024-11-21 07:00:00,1.28947368421053,2.5,2.65789473684211,2.86842105263158,17.6278166666667
2024-11-21 08:00:00,3.45,5.525,6,6.225,12.502774
2024-11-21 09:00:00,2.26315789473684,3.65789473684211,3.81578947368421,3.97368421052632,13.6229726315789
2024-11-21 10:00:00,3.17948717948718,4.82051282051282,4.8974358974359,4.97435897435897,10.6395745
2024-11-21 11:00:00,1.02564102564103,2.07692307692308,2.23076923076923,2.35897435897436,9.17418736842105
2024-11-21 12:00:00,0.947368421052632,2.13157894736842,2.28947368421053,2.52631578947368,8.02931222222222
2024-11-21 13:00:00,1.02564102564103,2.05128205128205,2.05128205128205,2.28205128205128,11.378983
2024-11-21 14:00:00,2.15384615384615,3.46153846153846,3.53846153846154,3.76923076923077,14.5771736842105
2024-11-21 15:00:00,2.35897435897436,3.84615384615385,3.92307692307692,3.97435897435897,12.72238
2024-11-21 16:00:00,8.2051282051282,11.5384615384615,12.1794871794872,12.6153846153846,13.8509631578947
2024-11-21 17:00:00,4.55263157894737,6.76315789473684,7,7.21052631578947,16.8772263157895
2024-11-21 18:00:00,5.5,7.71052631578947,8.05263157894737,8.36842105263158,16.7200631578947
2024-11-21 19:00:00,7.38461538461539,10.3846153846154,10.8461538461538,11.1025641025641,19.8947789473684
2024-11-21 20:00:00,8.25,11.325,11.9,12.275,17.81885
2024-11-21 21:00:00,10.7894736842105,14.8157894736842,15.6052631578947,16.1315789473684,15.9154789473684
2024-11-21 22:00:00,9.78378378378378,13.5405405405405,14.3243243243243,14.7297297297297,16.8864611111111
2024-11-21 23:00:00,12.5789473684211,16.7105263157895,17.6052631578947,18.1842105263158,14.2304611111111
2024-11-22,6.97435897435897,9.7948717948718,10.4102564102564,10.8717948717949,12.82405
2024-11-22 01:00:00,5.25641025641026,7.53846153846154,7.82051282051282,8.15384615384615,11.4271610526316
2024-11-22 02:00:00,3.925,6.225,6.75,7.025,14.961265
2024-11-22 03:00:00,3.36842105263158,5.31578947368421,5.73684210526316,6.13157894736842,14.1598389473684
2024-11-22 04:00:00,2.92307692307692,4.84615384615385,5.12820512820513,5.76923076923077,9.65417368421053
2024-11-22 05:00:00,2.18421052631579,3.71052631578947,3.94736842105263,4.42105263157895,12.8804789473684
2024-11-22 06:00:00,1.84210526315789,3.15789473684211,3.36842105263158,3.78947368421053,12.9704578947368
2024-11-22 07:00:00,2.7,4.35,4.5,4.85,13.616415
2024-11-22 08:00:00,4.58974358974359,6.84615384615385,7.12820512820513,7.69230769230769,17.4897894736842
2024-11-22 09:00:00,4.97368421052632,7.34210526315789,7.86842105263158,8.23684210526316,14.5797631578947
2024-11-22 10:00:00,3.15384615384615,4.8974358974359,5.17948717948718,5.58974358974359,11.5680336842105
2024-11-22 11:00:00,2.875,4.575,4.975,5.55,11.859959
2024-11-22 12:00:00,3,4.55263157894737,4.81578947368421,5.10526315789474,16.2528947368421
2024-11-22 13:00:00,3.53846153846154,5.38461538461539,5.87179487179487,6.28205128205128,17.4528368421053
2024-11-22 14:00:00,3.8974358974359,5.64102564102564,5.97435897435897,6.20512820512821,15.3678052631579
2024-11-22 15:00:00,1.46153846153846,2.74358974358974,2.82051282051282,3.17948717948718,10.5509147368421
2024-11-22 16:00:00,2.525,4.125,4.325,4.625,11.896322
2024-11-22 17:00:00,4.73684210526316,6.81578947368421,7.07894736842105,7.47368421052632,13.6504421052632
2024-11-22 18:00:00,3.2,5,5.175,5.45,12.495191
2024-11-22 19:00:00,2.23076923076923,3.76923076923077,4.05128205128205,4.30769230769231,11.5890852631579
2024-11-22 20:00:00,4.43589743589744,6.33333333333333,6.58974358974359,6.94871794871795,11.58058
2024-11-22 21:00:00,2.07692307692308,3.41025641025641,3.46153846153846,3.66666666666667,14.9415631578947
2024-11-22 22:00:00,6.91891891891892,9.45945945945946,9.67567567567568,9.83783783783784,16.1224
2024-11-22 23:00:00,2.36842105263158,3.65789473684211,3.68421052631579,3.81578947368421,18.3969157894737
2024-11-23,0.487179487179487,1.43589743589744,1.46153846153846,1.53846153846154,15.13545
2024-11-23 01:00:00,1.1025641025641,2.07692307692308,2.07692307692308,2.20512820512821,8.36196052631579
2024-11-23 02:00:00,2.21621621621622,3.43243243243243,3.43243243243243,3.51351351351351,6.68064277777778
2024-11-23 03:00:00,0.384615384615385,1.1025641025641,1.1025641025641,1.23076923076923,8.155478
2024-11-23 04:00:00,0.358974358974359,1.43589743589744,1.56410256410256,1.76923076923077,10.6289947368421
2024-11-23 05:00:00,1.075,2.375,2.575,2.975,12.2471
2024-11-23 06:00:00,2.81081081081081,4.54054054054054,5.05405405405405,5.43243243243243,15.8823421052632
2024-11-23 07:00:00,9.94871794871795,14.2307692307692,15.3076923076923,16.1794871794872,13.5051736842105
2024-11-23 08:00:00,1.46153846153846,3.17948717948718,3.35897435897436,3.82051282051282,7.75117263157895
2024-11-23 09:00:00,3,4.74358974358974,5.02564102564103,5.41025641025641,9.6298605
2024-11-23 10:00:00,3.28205128205128,5.17948717948718,5.43589743589744,5.84615384615385,7.12631842105263
2024-11-23 11:00:00,1.37837837837838,2.62162162162162,2.72972972972973,3.08108108108108,5.63967055555556
2024-11-23 12:00:00,1.85,3.275,3.45,3.5,8.608957
2024-11-23 13:00:00,2.82051282051282,4.46153846153846,4.79487179487179,5.43589743589744,10.98146
2024-11-23 14:00:00,2.82051282051282,4.48717948717949,4.79487179487179,5.15384615384615,12.353176
2024-11-23 15:00:00,3.84615384615385,6.23076923076923,6.66666666666667,6.8974358974359,19.8431578947368
2024-11-23 16:00:00,10.5128205128205,15.2820512820513,16.6410256410256,17.4102564102564,22.0705263157895
2024-11-23 17:00:00,3.37837837837838,5.16216216216216,5.37837837837838,5.59459459459459,14.4949105263158
2024-11-23 18:00:00,6.69230769230769,9.82051282051282,10.6153846153846,11.3076923076923,13.5006105263158
2024-11-23 19:00:00,4.675,6.85,7.25,7.575,12.669375
2024-11-23 20:00:00,5.05128205128205,7.33333333333333,7.84615384615385,8.25641025641026,12.6359052631579
2024-11-23 21:00:00,4.56410256410256,6.71794871794872,7.23076923076923,7.46153846153846,12.3136
2024-11-23 22:00:00,6.33333333333333,9.11111111111111,9.52777777777778,10.0277777777778,12.2619870588235
2024-11-23 23:00:00,10.8,15.125,16.45,18.375,20.904905
2024-11-24,12.8684210526316,17.4210526315789,18.7368421052632,20.1052631578947,23.4608684210526
2024-11-24 01:00:00,12.35,16.85,18.4,20.6,27.918405
2024-11-24 02:00:00,11.7368421052632,15.9210526315789,17.5789473684211,19.0263157894737,36.1686157894737
2024-11-24 03:00:00,11.4736842105263,15.8947368421053,16.8684210526316,18.3157894736842,34.3632111111111
2024-11-24 04:00:00,10.3,13.85,14.5,15.475,27.22138
2024-11-24 05:00:00,11.2368421052632,15.3684210526316,16.3421052631579,17.3947368421053,39.0427368421053
2024-11-24 06:00:00,11.525,15.7,16.675,17.85,30.46317
2024-11-24 07:00:00,15.3421052631579,20.2105263157895,21.6052631578947,22.9473684210526,33.8594722222222
2024-11-24 08:00:00,14.125,18.75,19.65,20.75,21.773275
2024-11-24 09:00:00,13.9736842105263,18.5789473684211,20.3157894736842,21.9473684210526,23.9204894736842
2024-11-24 10:00:00,13.175,17.65,19.3,21.6,21.781525
2024-11-24 11:00:00,9.8974358974359,13.6666666666667,15.0769230769231,16.1794871794872,15.1853473684211
2024-11-24 12:00:00,8.43243243243243,11.7027027027027,12.4594594594595,13.027027027027,11.3861610526316
2024-11-24 13:00:00,8.02564102564103,11.1794871794872,12.025641025641,13.2051282051282,14.3331789473684
2024-11-24 14:00:00,11.1052631578947,15.0526315789474,16.1315789473684,17.1578947368421,25.6231789473684
2024-11-24 15:00:00,14.175,19.375,20.875,22.1,25.46842
2024-11-24 16:00:00,15.6153846153846,20.5897435897436,21.5128205128205,22.0512820512821,27.8526631578947
2024-11-24 17:00:00,16.8974358974359,22.7948717948718,24.025641025641,24.6666666666667,28.5568473684211
2024-11-24 18:00:00,19.2894736842105,25.8421052631579,27.4736842105263,28.3947368421053,21.9115526315789
2024-11-24 19:00:00,21.425,29.4,31.2,32.175,18.955215
2024-11-24 20:00:00,20.3846153846154,27.2564102564103,28.7948717948718,29.7179487179487,31.1196052631579
2024-11-24 21:00:00,16.8684210526316,22.1842105263158,23.2368421052632,23.9473684210526,16.9030894736842
2024-11-24 22:00:00,19.1891891891892,25.8648648648649,27.2702702702703,28.6756756756757,20.9783777777778
2024-11-24 23:00:00,19.4102564102564,25.5897435897436,27.1025641025641,28.3333333333333,17.6580578947368
2024-11-25,17.325,23.65,25.375,26.7,16.558285
2024-11-25 01:00:00,16.8947368421053,22.7105263157895,23.9736842105263,24.9210526315789,13.4075368421053
2024-11-25 02:00:00,16.1025641025641,21.5128205128205,22.4102564102564,23.4358974358974,12.2381052631579
2024-11-25 03:00:00,18.1351351351351,24.6756756756757,26.3513513513514,27.972972972973,11.5407905263158
2024-11-25 04:00:00,17.9230769230769,24.4358974358974,25.8974358974359,27.1282051282051,15.077735
2024-11-25 05:00:00,20.4102564102564,27.7948717948718,29.8974358974359,31.5384615384615,13.8349526315789
2024-11-25 06:00:00,23.2631578947368,32.3157894736842,35.2368421052632,38.1052631578947,13.1363010526316
2024-11-25 07:00:00,22.8684210526316,31.6315789473684,34.6842105263158,37.4473684210526,10.7728589473684
2024-11-25 08:00:00,26.0789473684211,35.7105263157895,39.5263157894737,42.7368421052632,11.5330288888889
2024-11-25 09:00:00,25.025641025641,33.3589743589744,35.6153846153846,38.4358974358974,11.6271663157895
2024-11-25 10:00:00,26.3333333333333,35.3333333333333,37.4358974358974,39.2307692307692,12.2429147368421
2024-11-25 11:00:00,22.025641025641,28.6666666666667,30.2051282051282,31.4615384615385,6.701426
2024-11-25 12:00:00,21.5897435897436,27.7692307692308,28.8205128205128,30.1282051282051,8.24438947368421
2024-11-25 13:00:00,24.6410256410256,31.7435897435897,33.4102564102564,34.5897435897436,11.6917257894737
2024-11-25 14:00:00,25.9230769230769,33.3846153846154,35.3076923076923,36.4871794871795,19.3564631578947
2024-11-25 15:00:00,30.1052631578947,39.5789473684211,41.8421052631579,43.3157894736842,19.9862210526316
2024-11-25 16:00:00,33.05,43.95,47.125,49.35,21.82391
2024-11-25 17:00:00,36.1282051282051,48.4615384615385,53.5128205128205,58.3333333333333,19.3460052631579
2024-11-25 18:00:00,34.2820512820513,45.4871794871795,49.1794871794872,53.1025641025641,18.99627
2024-11-25 19:00:00,32.3589743589744,42.8205128205128,46.6410256410256,50.3333333333333,19.1386736842105
2024-11-25 20:00:00,28.5897435897436,37.4102564102564,40.3846153846154,42.7435897435897,15.559165
2024-11-25 21:00:00,30.4102564102564,39.6153846153846,42.3333333333333,43.974358974359,14.9063421052632
2024-11-25 22:00:00,31.9722222222222,41.8333333333333,44.1944444444444,45.5,15.2305529411765
2024-11-25 23:00:00,29.0512820512821,37.9230769230769,39.8974358974359,41.3076923076923,14.073615
2024-11-26,24.4358974358974,31.9487179487179,33.6410256410256,34.5897435897436,12.7377263157895
2024-11-26 01:00:00,26.925,35.2,36.725,37.775,13.096035
2024-11-26 02:00:00,24.3513513513514,31.2972972972973,32.5675675675676,33.6486486486486,13.0106666666667
2024-11-26 03:00:00,26.05,34.05,36.25,37.15,13.79449
2024-11-26 04:00:00,27.1052631578947,37.5,40.4210526315789,41.5263157894737,14.6148368421053
2024-11-26 05:00:00,25.15,34.775,37.15,38.025,15.052345
2024-11-26 06:00:00,24.7435897435897,34.4358974358974,37,38.0512820512821,18.4357052631579
2024-11-26 07:00:00,27.4871794871795,37.7179487179487,40.025641025641,41.7435897435897,23.8100052631579
2024-11-26 08:00:00,30.2051282051282,41.2564102564103,44.1794871794872,46.0512820512821,17.447455
2024-11-26 09:00:00,29.3947368421053,40.0789473684211,42.6842105263158,44.1315789473684,17.2581111111111
2024-11-26 10:00:00,25.75,33.8,35.625,36.8,13.5132445
2024-11-26 11:00:00,26.6666666666667,34.3333333333333,36.1515151515151,37.7575757575758,8.32196285714286
2024-11-26 12:00:00,30.5641025641026,40.8205128205128,44.2051282051282,48.2564102564103,17.1564268421053
2024-11-26 13:00:00,31.625,41.675,44.8,46.8,31.083345
2024-11-26 14:00:00,36.7948717948718,49.5384615384615,53.6923076923077,56.4358974358974,32.7631315789474
2024-11-26 15:00:00,37.1025641025641,49.1282051282051,52.2820512820513,55.2564102564103,31.70477
2024-11-26 16:00:00,38.2051282051282,50.5384615384615,53.8461538461538,56.6410256410256,26.6453263157895
2024-11-26 17:00:00,43.05,57.125,61.375,64.275,24.637405
2024-11-26 18:00:00,30.5263157894737,40.5,45.3157894736842,55.6315789473684,21.7863684210526
2024-11-26 19:00:00,26.8461538461538,36.7948717948718,43.3333333333333,52.8205128205128,21.8176105263158
2024-11-26 20:00:00,28.2307692307692,37.025641025641,39.2307692307692,40.3076923076923,17.4125
2024-11-26 21:00:00,28.725,37.925,40.025,41.35,16.56634
2024-11-26 22:00:00,30.6944444444444,41.9444444444444,45.6111111111111,48.4166666666667,20.1114888888889
2024-11-26 23:00:00,30.175,40.975,44.875,49.15,17.64085
2024-11-27,22.8205128205128,31.6923076923077,36.1538461538462,42.2564102564103,20.0728157894737
2024-11-27 01:00:00,17.5384615384615,24.4615384615385,28.4358974358974,33.2307692307692,18.95206
2024-11-27 02:00:00,16.4210526315789,22.5789473684211,24.6315789473684,26.3421052631579,16.3751833333333
2024-11-27 03:00:00,13.7692307692308,18.7692307692308,20.2564102564103,21.6923076923077,16.36747
2024-11-27 04:00:00,12.125,17.45,19.15,20.225,14.34036
2024-11-27 05:00:00,11.0789473684211,15.2368421052632,16.2894736842105,16.9473684210526,12.5605166666667
2024-11-27 06:00:00,15.35,21.15,22.65,23.75,11.805809
2024-11-27 07:00:00,14.8947368421053,21.1315789473684,22.8947368421053,23.8947368421053,10.1973652631579
2024-11-27 08:00:00,12.875,18.075,19.275,20.625,9.967711
2024-11-27 09:00:00,11.6410256410256,16.2564102564103,17.5128205128205,18.2564102564103,13.0002273684211
2024-11-27 10:00:00,10.5384615384615,14.5897435897436,15.2307692307692,15.8717948717949,14.184103
2024-11-27 11:00:00,16.6410256410256,23.6923076923077,25.5384615384615,26.7179487179487,23.2215421052632
2024-11-27 12:00:00,17.7692307692308,25.0512820512821,26.8461538461538,28.2307692307692,21.277745
2024-11-27 13:00:00,16.2894736842105,22.8157894736842,24.6315789473684,25.8947368421053,24.7985263157895
2024-11-27 14:00:00,20.0789473684211,28.2894736842105,30.5526315789474,32.3157894736842,22.7923263157895
2024-11-27 15:00:00,19.9473684210526,28.1052631578947,30.3157894736842,31.4210526315789,25.0216947368421
2024-11-27 16:00:00,20.4,28.825,30.625,31.65,23.199435
2024-11-27 17:00:00,24.1538461538462,34.3589743589744,37.5897435897436,39.2307692307692,20.2523421052632
2024-11-27 18:00:00,27.025641025641,38.4102564102564,41.7435897435897,43.0769230769231,20.3041210526316
2024-11-27 19:00:00,22.6216216216216,32.4324324324324,34.972972972973,36.4594594594595,21.60125
2024-11-27 20:00:00,20.925,30.05,32.2,33.4,20.794025
2024-11-27 21:00:00,19.5641025641026,27.4615384615385,29.2820512820513,30.4615384615385,21.9303368421053
2024-11-27 22:00:00,17.7105263157895,24.8421052631579,26.3947368421053,27.3157894736842,21.8082210526316
2024-11-27 23:00:00,19.4358974358974,27.4871794871795,29.1538461538462,30.3846153846154,21.4991631578947
2024-11-28,20.675,30.375,33.225,35.1,20.2122
2024-11-28 01:00:00,21.1025641025641,31.2820512820513,34.1025641025641,36,18.3432631578947
2024-11-28 02:00:00,19.3846153846154,27.5897435897436,29.8717948717949,31.6666666666667,18.5217
2024-11-28 03:00:00,18.6923076923077,26.3076923076923,28.5128205128205,30.1282051282051,18.0359842105263
2024-11-28 04:00:00,20.225,30.85,34.325,37.5,17.59224
2024-11-28 05:00:00,10.8157894736842,16.7105263157895,18.6842105263158,20.1578947368421,11.8576021052632
2024-11-28 06:00:00,0.425,1.325,1.375,1.6,3.8349735
2024-11-28 07:00:00,0.974358974358974,2.05128205128205,2.23076923076923,2.51282051282051,4.02726631578947
2024-11-28 08:00:00,0.256410256410256,1.23076923076923,1.23076923076923,1.48717948717949,4.08512421052632
2024-11-28 09:00:00,0.0526315789473684,0.684210526315789,0.710526315789474,0.894736842105263,3.95648368421053
2024-11-28 10:00:00,0.075,0.8,0.8,0.875,4.4945045
2024-11-28 11:00:00,0.0256410256410256,0.743589743589744,0.794871794871795,0.974358974358974,5.89040473684211
2024-11-28 12:00:00,0.230769230769231,0.974358974358974,0.974358974358974,1,20.5515275
2024-11-28 13:00:00,0.175,1,1.05,1.2,8.9176695
2024-11-28 14:00:00,0.666666666666667,1.64102564102564,1.66666666666667,1.74358974358974,13.7572536842105
2024-11-28 15:00:00,0.25,1.125,1.15,1.325,13.440991
2024-11-28 16:00:00,0.157894736842105,0.842105263157895,0.842105263157895,0.868421052631579,16.6386368421053
2024-11-28 17:00:00,0.275,1.05,1.075,1.1,16.510685
2024-11-28 18:00:00,0.333333333333333,1.02564102564103,1.02564102564103,1.12820512820513,15.0172105263158
2024-11-28 19:00:00,0.358974358974359,1.20512820512821,1.20512820512821,1.25641025641026,14.85687
2024-11-28 20:00:00,0.897435897435897,1.8974358974359,1.8974358974359,1.97435897435897,14.0980421052632
2024-11-28 21:00:00,0.55,1.325,1.325,1.4,13.261085
2024-11-28 22:00:00,0.459459459459459,1.08108108108108,1.16216216216216,1.37837837837838,12.2962111111111
2024-11-28 23:00:00,0.666666666666667,1.38461538461538,1.41025641025641,1.69230769230769,11.103022
2024-11-29,0.256410256410256,0.974358974358974,1.05128205128205,1.38461538461538,15.8864315789474
2024-11-29 01:00:00,0.05,0.6,0.675,1.05,14.0861225
2024-11-29 02:00:00,0.0526315789473684,0.631578947368421,0.631578947368421,0.815789473684211,8.54349421052632
2024-11-29 03:00:00,0.256410256410256,0.923076923076923,0.948717948717949,1.07692307692308,9.27370368421053
2024-11-29 04:00:00,1.05128205128205,2.02564102564103,2.02564102564103,2.17948717948718,9.93014315789474
2024-11-29 05:00:00,0.923076923076923,1.97435897435897,2.05128205128205,2.12820512820513,10.3895626315789
2024-11-29 06:00:00,0.923076923076923,1.8974358974359,1.94871794871795,2.1025641025641,17.479598
2024-11-29 07:00:00,0.692307692307692,1.69230769230769,1.71794871794872,1.94871794871795,14.6418705263158
2024-11-29 08:00:00,0.564102564102564,1.56410256410256,1.61538461538462,1.66666666666667,12.4202468421053
2024-11-29 09:00:00,0.72972972972973,1.59459459459459,1.64864864864865,1.75675675675676,11.7910678947368
2024-11-29 10:00:00,0.25,1.125,1.125,1.175,8.037437
2024-11-29 11:00:00,0.263157894736842,1.07894736842105,1.07894736842105,1.26315789473684,6.72732
2024-11-29 12:00:00,0.461538461538462,1.30769230769231,1.33333333333333,1.46153846153846,9.50351736842105
2024-11-29 13:00:00,0.41025641025641,1.43589743589744,1.48717948717949,1.58974358974359,9.78291
2024-11-29 14:00:00,0.923076923076923,1.94871794871795,1.94871794871795,2.25641025641026,13.0397547368421
2024-11-29 15:00:00,1.3,2.425,2.575,2.95,13.8888765
2024-11-29 16:00:00,1.52631578947368,2.78947368421053,2.89473684210526,3.05263157894737,16.9614873684211
2024-11-29 17:00:00,3.275,4.875,4.975,5.45,15.742815
2024-11-29 18:00:00,7.20512820512821,9.71794871794872,10.1282051282051,10.5128205128205,19.3944578947368
2024-11-29 19:00:00,5.8,8.075,8.225,8.8,15.7848
2024-11-29 20:00:00,8.86842105263158,12.0526315789474,12.5789473684211,12.8157894736842,20.6692315789474
2024-11-29 21:00:00,6.175,8.35,8.55,8.85,19.029855
2024-11-29 22:00:00,6.77142857142857,9.4,9.94285714285714,10.3142857142857,16.3908411764706
2024-11-29 23:00:00,7.65,10.875,11.3,11.725,13.83365
2024-11-30,6.28205128205128,8.87179487179487,9.28205128205128,9.71794871794872,12.4172421052632
2024-11-30 01:00:00,5.1025641025641,7.38461538461539,7.71794871794872,8.02564102564103,11.289523
2024-11-30 02:00:00,5.65789473684211,7.76315789473684,8.07894736842105,8.39473684210526,12.7521715789474
2024-11-30 03:00:00,3.95,6.125,6.325,6.625,11.878787
2024-11-30 04:00:00,3.84210526315789,5.63157894736842,5.86842105263158,6.21052631578947,16.2694526315789
2024-11-30 05:00:00,5.075,7.125,7.4,7.75,16.452785
2024-11-30 06:00:00,6.71052631578947,9.26315789473684,9.92105263157895,10.3947368421053,16.8340722222222
2024-11-30 07:00:00,14.975,21.675,24.2,25.925,19.497955
2024-11-30 08:00:00,17.4594594594595,24.3513513513514,26.9189189189189,28.4324324324324,19.35755
2024-11-30 09:00:00,18.1282051282051,24.3846153846154,26.3333333333333,28.4615384615385,19.9842157894737
2024-11-30 10:00:00,22.8974358974359,30.7435897435897,33.1282051282051,34.7692307692308,16.0879894736842
2024-11-30 11:00:00,18.2564102564103,24.1538461538462,25.5384615384615,27.025641025641,17.695522
2024-11-30 12:00:00,19.5641025641026,26.3589743589744,28.1282051282051,30.3076923076923,22.3070947368421
2024-11-30 13:00:00,27.1025641025641,37.8974358974359,41.4615384615385,44.3076923076923,24.348
2024-11-30 14:00:00,20.1538461538462,26.4871794871795,27.974358974359,29.4102564102564,28.3597578947368
2024-11-30 15:00:00,21.2,28.275,29.925,31.25,35.071365
2024-11-30 16:00:00,19.175,25.4,26.725,28.1,28.1833
2024-11-30 17:00:00,15.6052631578947,20.8947368421053,22.1052631578947,23.1052631578947,24.4303263157895
2024-11-30 18:00:00,16.825,22.25,23.55,24.6,22.758735
2024-11-30 19:00:00,19.5384615384615,25.1282051282051,26.3333333333333,27.025641025641,20.7728210526316
2024-11-30 20:00:00,19.6410256410256,25.1025641025641,26.2564102564103,27.025641025641,17.06544
2024-11-30 21:00:00,30.7435897435897,40.6923076923077,43.5641025641026,46.6153846153846,18.2488473684211
2024-11-30 22:00:00,31.8684210526316,41.2368421052632,43.4210526315789,45,13.3913810526316
2024-11-30 23:00:00,34.4615384615385,46.6410256410256,50.2820512820513,53.2820512820513,14.9975631578947
2024-12-01,43.7692307692308,61.5384615384615,70.7435897435897,76.6410256410256,13.291126
2024-12-01 01:00:00,44.5897435897436,65.4871794871795,75.8974358974359,85.3589743589744,13.5758105263158
2024-12-01 02:00:00,42.975,62.7,72.55,79.25,13.83236
2024-12-01 03:00:00,41.6578947368421,61.6842105263158,71.1842105263158,77.1315789473684,15.1764105263158
2024-12-01 04:00:00,24.075,34.7,38.375,40.6,12.079076
2024-12-01 05:00:00,17.7631578947368,24.2368421052632,25.5,26.2368421052632,10.4585555555556
2024-12-01 06:00:00,14.3076923076923,19.2820512820513,20.025641025641,20.5897435897436,9.2730065
2024-12-01 07:00:00,12.1794871794872,16.5897435897436,17.0769230769231,17.5897435897436,10.0938610526316
2024-12-01 08:00:00,11.15,15.325,15.975,16.375,8.4765615
2024-12-01 09:00:00,11.2051282051282,15.4358974358974,15.974358974359,16.2564102564103,9.26545789473684
2024-12-01 10:00:00,12.8717948717949,17.4358974358974,18.0769230769231,18.6153846153846,10.219609
2024-12-01 11:00:00,16.6666666666667,23.5641025641026,25.8461538461538,27.1794871794872,11.7322684210526
2024-12-01 12:00:00,14.2,19.25,20.35,21.175,11.623952
2024-12-01 13:00:00,14.9487179487179,20.2564102564103,21.0769230769231,21.5897435897436,12.4104694736842
2024-12-01 14:00:00,14.3076923076923,19.1282051282051,20.0512820512821,20.5128205128205,11.722901
2024-12-01 15:00:00,14.5384615384615,19.2307692307692,19.8461538461538,20.3846153846154,16.3586157894737
2024-12-01 16:00:00,14.225,18.875,19.9,20.375,15.59265
2024-12-01 17:00:00,15.7105263157895,21.2631578947368,22.1052631578947,22.8947368421053,16.7509105263158
2024-12-01 18:00:00,17.075,23.725,25.175,26.1,17.59972
2024-12-01 19:00:00,18.825,25.55,27.1,28.125,17.556255
2024-12-01 20:00:00,19.1578947368421,26.1315789473684,27.8421052631579,28.5263157894737,12.1606863157895
2024-12-01 21:00:00,15.75,20.975,21.9,22.5,11.441572
2024-12-01 22:00:00,16.5135135135135,21.9459459459459,22.7027027027027,23.2972972972973,10.2733744444444
2024-12-01 23:00:00,13.4871794871795,17.7179487179487,18.4871794871795,18.9487179487179,8.670632
2024-12-02,14.2564102564103,19.0769230769231,19.8205128205128,20.4358974358974,9.55882631578947
2024-12-02 01:00:00,13.9,18.6,19.425,19.75,12.746088
2024-12-02 02:00:00,12.025,16.225,16.8,17.425,14.591725
2024-12-02 03:00:00,12.0526315789474,16.1842105263158,16.8157894736842,17.1842105263158,13.7509263157895
2024-12-02 04:00:00,11.75,15.55,16.2,16.525,13.72325
2024-12-02 05:00:00,10.3947368421053,13.5,13.7894736842105,14.1052631578947,13.42737
2024-12-02 06:00:00,11.0789473684211,14.3947368421053,14.7368421052632,15.2631578947368,16.3507578947368
2024-12-02 07:00:00,12.125,15.6,15.875,16.15,15.727185
2024-12-02 08:00:00,11.8717948717949,15.1794871794872,15.5641025641026,16.0512820512821,18.7337947368421
2024-12-02 09:00:00,12.4102564102564,15.974358974359,16.4871794871795,16.9487179487179,17.198225
2024-12-02 10:00:00,13.2051282051282,17.0512820512821,17.4615384615385,17.974358974359,17.6128421052632
2024-12-02 11:00:00,15.25,19.7,20.375,20.925,23.399525
2024-12-02 12:00:00,15.2368421052632,19.8157894736842,20.6578947368421,21.3421052631579,25.9528315789474
2024-12-02 13:00:00,16.625,21.4,22.275,23.05,26.09726
2024-12-02 14:00:00,16.7894736842105,21.5263157894737,22.5,23.3157894736842,22.1379789473684
2024-12-02 15:00:00,18.5,24.025,25.15,26.25,25.34262
2024-12-02 16:00:00,20.6153846153846,26.5641025641026,27.5897435897436,28.7179487179487,24.8614947368421
2024-12-02 17:00:00,19.5897435897436,25.3333333333333,26.5897435897436,27.6666666666667,24.89166
2024-12-02 18:00:00,19.5263157894737,25.5,26.9473684210526,27.9736842105263,24.0472684210526
2024-12-02 19:00:00,20.275,26.6,28.05,29.275,21.36703
2024-12-02 20:00:00,21.6578947368421,28.1578947368421,29.6578947368421,30.7368421052632,17.5325684210526
2024-12-02 21:00:00,23,30.1,31.7,32.7,16.29762
2024-12-02 22:00:00,25.0263157894737,32.9473684210526,34.8157894736842,36.4473684210526,16.5463631578947
2024-12-02 23:00:00,28.85,39.825,43.15,44.8,19.77638
2024-12-03,24.4666666666667,32.6,34.3666666666667,36.0666666666667,18.62974375
2024-12-03 01:00:00,24.8461538461538,32.8205128205128,35.025641025641,35.8461538461538,19.7657526315789
2024-12-03 02:00:00,22.325,29.225,30.675,31.55,18.83799
2024-12-03 03:00:00,22.0526315789474,29.2894736842105,30.5526315789474,31.8157894736842,19.7195315789474
2024-12-03 04:00:00,20.8,27.575,29.05,30.05,20.06922
2024-12-03 05:00:00,22.3589743589744,29.8205128205128,31.4615384615385,32.5384615384615,19.3051894736842
2024-12-03 06:00:00,21.7435897435897,28.5897435897436,29.974358974359,31,21.72446
2024-12-03 07:00:00,22.0789473684211,29.1052631578947,30.8947368421053,31.7105263157895,17.261335
2024-12-03 08:00:00,21.2121212121212,27.6363636363636,29.1515151515152,29.8484848484848,15.6148777777778
2024-12-03 09:00:00,20.7435897435897,26.8717948717949,28.2051282051282,29,15.123995
2024-12-03 10:00:00,22.4871794871795,29,30.5897435897436,31.6923076923077,12.2572326315789
2024-12-03 11:00:00,18.825,24.975,26.125,27.15,13.008173
2024-12-03 12:00:00,17.5128205128205,23.3589743589744,24.5384615384615,25.3333333333333,12.3420757894737
2024-12-03 13:00:00,19.4736842105263,26.6315789473684,28.3421052631579,29.6842105263158,17.046815
2024-12-03 14:00:00,29.1538461538462,39.974358974359,42.8461538461538,44.6666666666667,21.5976368421053
2024-12-03 15:00:00,33.7105263157895,46.9736842105263,51.0526315789474,53.6842105263158,21.8288684210526
2024-12-03 16:00:00,33.2894736842105,46.8947368421053,51.4210526315789,53.4473684210526,21.0994666666667
2024-12-03 17:00:00,36.5,50.675,55.375,58.35,20.20362
2024-12-03 18:00:00,38.1315789473684,53.8947368421053,59.3157894736842,63.0263157894737,19.6843526315789
2024-12-03 19:00:00,41.75,60.15,66.3,71.275,17.646175
2024-12-03 20:00:00,43.9230769230769,64.9230769230769,72.7179487179487,78.5384615384615,16.1296315789474
2024-12-03 21:00:00,45.975,68.35,77.05,81.675,16.197365
2024-12-03 22:00:00,39.3611111111111,56.5277777777778,62.6944444444444,66.1111111111111,17.8591166666667
2024-12-03 23:00:00,16.075,23.725,25.9,27.2,16.25266
2024-12-04,8.25641025641026,12.2820512820513,12.9487179487179,14,10.2004121052632
2024-12-04 01:00:00,4.02564102564103,6.20512820512821,6.58974358974359,6.97435897435897,8.211885
2024-12-04 02:00:00,4.1025641025641,6.20512820512821,6.69230769230769,7.12820512820513,9.07577263157895
2024-12-04 03:00:00,5.775,8.325,8.9,9.275,11.299373
2024-12-04 04:00:00,5.36842105263158,8.05263157894737,8.44736842105263,8.94736842105263,18.7570484210526
2024-12-04 05:00:00,3.625,6,6.625,7.5,15.05932
2024-12-04 06:00:00,3.41025641025641,5.64102564102564,6.41025641025641,7.15384615384615,9.32329789473684
2024-12-04 07:00:00,4.525,6.65,7.175,7.8,7.9754155
2024-12-04 08:00:00,4.05263157894737,6.34210526315789,6.78947368421053,7.47368421052632,8.48545842105263
2024-12-04 09:00:00,4.10526315789474,6.26315789473684,6.78947368421053,7.39473684210526,9.95774105263158
2024-12-04 10:00:00,4.66666666666667,6.79487179487179,7.35897435897436,7.79487179487179,10.4934515789474
2024-12-04 11:00:00,3.97435897435897,5.82051282051282,6.12820512820513,6.51282051282051,11.382636
2024-12-04 12:00:00,6.64102564102564,9.2051282051282,9.64102564102564,10.2820512820513,11.4702336842105
2024-12-04 13:00:00,4.975,7.1,7.425,7.825,15.13067
2024-12-04 14:00:00,5.66666666666667,7.8974358974359,8.33333333333333,8.8974358974359,17.0081105263158
2024-12-04 15:00:00,5.20512820512821,7.12820512820513,7.35897435897436,7.84615384615385,25.6948
2024-12-04 16:00:00,4.94871794871795,7.41025641025641,7.69230769230769,8.1025641025641,15.3967315789474
2024-12-04 17:00:00,3.65,5.525,5.8,6.15,13.155521
2024-12-04 18:00:00,5.52631578947368,7.55263157894737,7.73684210526316,8.23684210526316,13.4966736842105
2024-12-04 19:00:00,7.9,10.4,10.55,10.75,13.989945
2024-12-04 20:00:00,5.58974358974359,7.43589743589744,7.71794871794872,8.15384615384615,11.3395652631579
2024-12-04 21:00:00,6.575,8.625,8.85,9.2,10.764573
2024-12-04 22:00:00,6.86111111111111,9.19444444444444,9.47222222222222,9.66666666666667,10.0535077777778
2024-12-04 23:00:00,5.51282051282051,7.69230769230769,8,8.43589743589744,9.45682842105263
2024-12-05,5.58974358974359,7.82051282051282,8.12820512820513,8.56410256410256,9.17786421052632
2024-12-05 01:00:00,5.8974358974359,7.84615384615385,8.07692307692308,8.30769230769231,9.782984
2024-12-05 02:00:00,5.48717948717949,7.20512820512821,7.33333333333333,7.53846153846154,9.95670631578947
2024-12-05 03:00:00,4.925,6.675,6.85,7.15,10.07208
2024-12-05 04:00:00,6.48717948717949,8.66666666666667,9.1025641025641,9.43589743589744,13.0590694736842
2024-12-05 05:00:00,6.56410256410256,8.7948717948718,9.15384615384615,9.84615384615385,16.1174
2024-12-05 06:00:00,7.1025641025641,9.28205128205128,9.66666666666667,10.025641025641,14.1733
2024-12-05 07:00:00,6.775,9,9.275,9.575,12.12192
2024-12-05 08:00:00,6.2972972972973,8.2972972972973,8.51351351351351,8.67567567567568,13.9208505263158
2024-12-05 09:00:00,9.66666666666667,13.3076923076923,14.1794871794872,14.9487179487179,9.14412736842105
2024-12-05 10:00:00,8.75,11.525,12.1,12.5,7.324896
2024-12-05 11:00:00,8.21052631578947,10.5,10.8684210526316,11.2105263157895,4.62631333333333
2024-12-05 12:00:00,4.94871794871795,6.48717948717949,6.53846153846154,6.87179487179487,6.8193395
2024-12-05 13:00:00,6.43589743589744,8.87179487179487,9.17948717948718,9.61538461538461,8.70263578947368
2024-12-05 14:00:00,7.4,9.85,10.25,11.1,13.497275
2024-12-05 15:00:00,6.94736842105263,9.31578947368421,9.63157894736842,9.97368421052632,13.9429968421053
2024-12-05 16:00:00,8.15,10.85,11.1,11.6,17.57907
2024-12-05 17:00:00,10.1282051282051,13.3333333333333,13.8717948717949,14.1282051282051,15.1267736842105
2024-12-05 18:00:00,7.05128205128205,9.66666666666667,9.87179487179487,10.5384615384615,12.407566
2024-12-05 19:00:00,7.21052631578947,9.8421052631579,10.2105263157895,10.6315789473684,10.1338221052632
2024-12-05 20:00:00,6.45,9.225,9.575,10.2,8.116236
2024-12-05 21:00:00,6.38461538461539,8.94871794871795,9.28205128205128,9.69230769230769,6.64709789473684
2024-12-05 22:00:00,5.40540540540541,7.56756756756757,7.7027027027027,8,7.23753947368421
2024-12-05 23:00:00,5.58974358974359,7.66666666666667,8.02564102564103,8.38461538461539,8.54188
2024-12-06,4.875,6.825,7.1,7.375,12.407037
2024-12-06 01:00:00,5.35897435897436,7.43589743589744,7.74358974358974,7.97435897435897,14.4753
2024-12-06 02:00:00,4.46153846153846,6.25641025641026,6.41025641025641,6.56410256410256,12.810815
2024-12-06 03:00:00,7.25641025641026,10,10.7948717948718,12.4358974358974,30.1841473684211
2024-12-06 04:00:00,7.775,10.425,10.95,11.975,32.366935
2024-12-06 05:00:00,7.71052631578947,10.0789473684211,10.3684210526316,10.7894736842105,49.7586894736842
2024-12-06 06:00:00,5.025,6.95,7.2,7.45,32.44575
2024-12-06 07:00:00,5.84615384615385,8.17948717948718,8.43589743589744,8.76923076923077,39.2632473684211
2024-12-06 08:00:00,6.23076923076923,9.15384615384615,9.43589743589744,9.84615384615385,45.255875
2024-12-06 09:00:00,9.46153846153846,12.6410256410256,12.974358974359,13.3076923076923,40.4320684210526
2024-12-06 10:00:00,9.12820512820513,12.1282051282051,12.5384615384615,12.974358974359,31.34444
2024-12-06 11:00:00,6.43589743589744,8.71794871794872,9.12820512820513,9.38461538461539,20.362675
2024-12-06 12:00:00,7.35897435897436,9.74358974358974,10,10.3846153846154,28.8202210526316
2024-12-06 13:00:00,11.2051282051282,14.8205128205128,15.3076923076923,15.8717948717949,33.44526
2024-12-06 14:00:00,16.6666666666667,22.1794871794872,23.4358974358974,24.5128205128205,38.0156684210526
2024-12-06 15:00:00,17.625,22.925,23.85,24.85,45.738035
2024-12-06 16:00:00,18.2631578947368,24.1578947368421,25.9473684210526,27.6842105263158,47.6818421052632
2024-12-06 17:00:00,26.2820512820513,35.7435897435897,38.7179487179487,41.4358974358974,33.7466631578947
2024-12-06 18:00:00,3.21052631578947,4.86842105263158,5.15789473684211,5.36842105263158,10.9452021052632
2024-12-06 19:00:00,4.48717948717949,6.87179487179487,7.1025641025641,7.41025641025641,10.250701
2024-12-06 20:00:00,3.53846153846154,5.71794871794872,5.8974358974359,6.12820512820513,10.4716663157895
2024-12-06 21:00:00,4.61538461538461,6.76923076923077,7.1025641025641,7.30769230769231,10.9364652631579
2024-12-06 22:00:00,2.62162162162162,4.24324324324324,4.27027027027027,4.43243243243243,9.15333052631579
2024-12-06 23:00:00,4.02631578947368,6.23684210526316,6.44736842105263,6.63157894736842,10.1814161111111
2024-12-07,0.65,1.625,1.625,1.7,8.741428
2024-12-07 01:00:00,0.789473684210526,1.71052631578947,1.71052631578947,1.76315789473684,7.19966736842105
2024-12-07 02:00:00,1.87179487179487,3,3.05128205128205,3.20512820512821,9.35459631578947
2024-12-07 03:00:00,2.28205128205128,3.53846153846154,3.56410256410256,3.87179487179487,11.6095684210526
2024-12-07 04:00:00,1.17948717948718,2.46153846153846,2.69230769230769,2.82051282051282,11.7737052631579
2024-12-07 05:00:00,1.21052631578947,2.39473684210526,2.39473684210526,2.60526315789474,10.0201263157895
2024-12-07 06:00:00,2.75,4.625,4.925,5.4,7.185358
2024-12-07 07:00:00,2.33333333333333,4.30769230769231,4.76923076923077,5.41025641025641,5.44667
2024-12-07 08:00:00,3.05263157894737,5.26315789473684,5.81578947368421,6.47368421052632,5.84230157894737
2024-12-07 09:00:00,3.38461538461538,5.79487179487179,6.46153846153846,7.28205128205128,7.61272578947368
2024-12-07 10:00:00,4.58974358974359,7.69230769230769,8.64102564102564,9.30769230769231,6.45150684210526
2024-12-07 11:00:00,3.825,7.1,8.625,10,7.13092
2024-12-07 12:00:00,6.5,10.5,11.6842105263158,13.4736842105263,8.01022894736842
2024-12-07 13:00:00,4.9,8.2,9.275,10.675,9.5434905
2024-12-07 14:00:00,5.07894736842105,8.31578947368421,9.76315789473684,10.8947368421053,14.7683588888889
2024-12-07 15:00:00,6.05128205128205,9.66666666666667,11.8974358974359,14.5128205128205,20.787645
2024-12-07 16:00:00,11.974358974359,17.1794871794872,19.4615384615385,21.1538461538462,29.2143368421053
2024-12-07 17:00:00,11.75,16.675,18.275,19.475,37.00902
2024-12-07 18:00:00,16.0263157894737,22.3157894736842,24.3684210526316,26.2368421052632,33.8751421052632
2024-12-07 19:00:00,16.9487179487179,23.8717948717949,26.025641025641,28.025641025641,28.2069052631579
2024-12-07 20:00:00,14.2820512820513,20.2307692307692,21.8974358974359,23.4615384615385,26.1146368421053
2024-12-07 21:00:00,12.6842105263158,17.3157894736842,19.0526315789474,20.1842105263158,25.9347
2024-12-07 22:00:00,10.0789473684211,14.2105263157895,15.3684210526316,16.3421052631579,20.2985052631579
2024-12-07 23:00:00,11.3076923076923,15.8461538461538,16.9487179487179,18,22.3494789473684
2024-12-08,12.1842105263158,16.9736842105263,18.2368421052632,19.2631578947368,18.5744789473684
2024-12-08 01:00:00,12.4358974358974,16.8205128205128,17.6923076923077,18.8974358974359,19.6103315789474
2024-12-08 02:00:00,13.5,18.525,19.675,20.95,21.186765
2024-12-08 03:00:00,15.0789473684211,20.0789473684211,21.4736842105263,22.7105263157895,18.7528789473684
2024-12-08 04:00:00,16,20.7179487179487,21.9487179487179,23.1025641025641,15.7395210526316
2024-12-08 05:00:00,19.025641025641,23.8717948717949,24.7179487179487,25.4871794871795,10.6093094736842
2024-12-08 06:00:00,17.2051282051282,21.7692307692308,22.5897435897436,23.025641025641,10.4320568421053
2024-12-08 07:00:00,15.7692307692308,19.974358974359,20.5384615384615,21.2051282051282,10.702381
2024-12-08 08:00:00,15.025641025641,19.3589743589744,20.1794871794872,20.6410256410256,12.1334378947368
2024-12-08 09:00:00,9.7948717948718,12.8461538461538,13.0512820512821,13.4358974358974,9.88208210526316
2024-12-08 10:00:00,6.78947368421053,8.76315789473684,9,9.26315789473684,10.0664547368421
2024-12-08 11:00:00,7.425,9.45,9.6,9.9,10.036096
2024-12-08 12:00:00,6.94871794871795,8.97435897435897,9.12820512820513,9.38461538461539,11.2360442105263
2024-12-08 13:00:00,9.48717948717949,12.6410256410256,13.1282051282051,13.4102564102564,13.056011
2024-12-08 14:00:00,3.71794871794872,5.30769230769231,5.30769230769231,5.33333333333333,11.9189736842105
2024-12-08 15:00:00,5.31578947368421,7.21052631578947,7.39473684210526,7.60526315789474,14.3554944444444
2024-12-08 16:00:00,6.825,9.35,9.6,9.75,16.883895
2024-12-08 17:00:00,6,8.10526315789474,8.23684210526316,8.36842105263158,15.3893157894737
2024-12-08 18:00:00,8.2,11.125,11.475,11.825,12.754445
2024-12-08 19:00:00,8.84615384615385,11.7692307692308,12.1794871794872,12.5384615384615,14.9835694736842
2024-12-08 20:00:00,8.94736842105263,11.7105263157895,11.9210526315789,12.1578947368421,10.72802
2024-12-08 21:00:00,9.51282051282051,12.4615384615385,12.9487179487179,13.4358974358974,10.9020231578947
2024-12-08 22:00:00,12.1315789473684,16.0526315789474,16.6578947368421,17.2631578947368,9.99024105263158
2024-12-08 23:00:00,12.1025641025641,16.1794871794872,16.5897435897436,16.8461538461538,9.44503157894737
2024-12-09,14.0857142857143,19,20.0285714285714,20.7428571428571,9.51350666666667
2024-12-09 01:00:00,14.825,20.525,21.6,22.35,9.486727
2024-12-09 02:00:00,13.5897435897436,19.025641025641,20.3333333333333,21.1794871794872,8.41459105263158
2024-12-09 03:00:00,9.71794871794872,13.4871794871795,14.0512820512821,14.6666666666667,7.3520115
2024-12-09 04:00:00,7.53846153846154,10.025641025641,10.2820512820513,10.7179487179487,7.86576052631579
2024-12-09 05:00:00,10.6,13.9,14.3,14.825,9.0357475
2024-12-09 06:00:00,12.7435897435897,16.974358974359,17.7179487179487,18.3589743589744,9.56221578947368
2024-12-09 07:00:00,10.2702702702703,13.5945945945946,13.9459459459459,14.4324324324324,8.86465777777778
2024-12-09 08:00:00,8.66666666666667,11.8974358974359,12.3846153846154,12.8461538461538,8.88944315789474
2024-12-09 09:00:00,7.65,10.575,11.05,11.3,9.871116
2024-12-09 10:00:00,7.57894736842105,10.3684210526316,10.7631578947368,11.2631578947368,7.8077
2024-12-09 11:00:00,7.025,9.675,10.025,10.55,7.956373
2024-12-09 12:00:00,9,12.1891891891892,12.5135135135135,13,9.31377277777778
2024-12-09 13:00:00,7.28205128205128,9.8974358974359,10.0512820512821,10.3846153846154,9.94424
2024-12-09 14:00:00,4.84615384615385,6.74358974358974,6.8974358974359,7.02564102564103,10.350705
2024-12-09 15:00:00,3.30769230769231,5,5.12820512820513,5.35897435897436,12.2776736842105
2024-12-09 16:00:00,1.975,3.2,3.25,3.35,12.67818
2024-12-09 17:00:00,1.7027027027027,2.78378378378378,2.81081081081081,2.83783783783784,12.5214888888889
2024-12-09 18:00:00,1.225,2.175,2.175,2.2,10.561565
2024-12-09 19:00:00,0.897435897435897,1.82051282051282,1.84615384615385,1.8974358974359,11.0190515789474
2024-12-09 20:00:00,0.6,1.65,1.675,1.75,10.702352
2024-12-09 21:00:00,1.15789473684211,2.23684210526316,2.26315789473684,2.28947368421053,11.0948842105263
2024-12-09 22:00:00,0.944444444444444,1.91666666666667,1.91666666666667,1.97222222222222,10.7158364705882
2024-12-09 23:00:00,0.487179487179487,1.48717948717949,1.48717948717949,1.51282051282051,9.34130421052632
2024-12-10,0.368421052631579,1.31578947368421,1.31578947368421,1.34210526315789,9.51921684210526
2024-12-10 01:00:00,0.3,1.225,1.225,1.225,9.162412
2024-12-10 02:00:00,0.684210526315789,1.71052631578947,1.71052631578947,1.76315789473684,9.48588444444444
2024-12-10 03:00:00,1.1,2.15,2.15,2.175,10.162538
2024-12-10 04:00:00,2.34210526315789,3.65789473684211,3.71052631578947,3.78947368421053,10.6954263157895
2024-12-10 05:00:00,4.02564102564103,5.66666666666667,5.82051282051282,5.94871794871795,9.309782
2024-12-10 06:00:00,4.79487179487179,6.74358974358974,6.8974358974359,7.05128205128205,9.9102852631579
2024-12-10 07:00:00,3.57894736842105,5.15789473684211,5.23684210526316,5.42105263157895,10.2459336842105
2024-12-10 08:00:00,1.81578947368421,2.94736842105263,3.05263157894737,3.07894736842105,8.93418105263158
2024-12-10 09:00:00,1.76923076923077,3.12820512820513,3.23076923076923,3.69230769230769,8.73934
2024-12-10 10:00:00,2,3.12820512820513,3.15384615384615,3.20512820512821,9.458221
2024-12-10 11:00:00,2.20512820512821,3.41025641025641,3.43589743589744,3.53846153846154,9.91533473684211
2024-12-10 12:00:00,2.92307692307692,4.30769230769231,4.30769230769231,4.35897435897436,9.72913263157895
2024-12-10 13:00:00,3.25641025641026,4.61538461538461,4.61538461538461,4.66666666666667,10.4696
2024-12-10 14:00:00,2.87179487179487,4.15384615384615,4.17948717948718,4.23076923076923,10.527247
2024-12-10 15:00:00,2.41025641025641,3.58974358974359,3.61538461538462,3.69230769230769,10.5956231578947
2024-12-10 16:00:00,2.66666666666667,3.8974358974359,3.92307692307692,3.97435897435897,9.96011894736842
2024-12-10 17:00:00,2.375,3.55,3.625,3.725,9.679698
2024-12-10 18:00:00,2.78378378378378,4.02702702702703,4.05405405405405,4.08108108108108,10.8804244444444
2024-12-10 19:00:00,3.325,4.575,4.6,4.675,10.537362
2024-12-10 20:00:00,4.41025641025641,5.74358974358974,5.76923076923077,5.87179487179487,10.5956136842105
2024-12-10 21:00:00,5.39473684210526,7.05263157894737,7.10526315789474,7.23684210526316,11.1774947368421
2024-12-10 22:00:00,5.18918918918919,6.97297297297297,7.05405405405405,7.21621621621622,10.5642577777778
2024-12-10 23:00:00,5.65,7.475,7.7,7.925,10.744882
2024-12-11,5.97368421052632,8.07894736842105,8.18421052631579,8.42105263157895,10.5577294736842
2024-12-11 01:00:00,6.05128205128205,8.1025641025641,8.2051282051282,8.35897435897436,9.87065263157895
2024-12-11 02:00:00,6.25,8.6,8.75,8.925,9.902342
2024-12-11 03:00:00,5.71052631578947,7.86842105263158,8.02631578947368,8.28947368421053,11.8566388888889
2024-12-11 04:00:00,6,8.17948717948718,8.41025641025641,8.69230769230769,14.81461
2024-12-11 05:00:00,6.84615384615385,9.2051282051282,9.30769230769231,9.61538461538461,16.9094368421053
2024-12-11 06:00:00,8,10.925,11.35,11.675,27.79639
2024-12-11 07:00:00,10.8108108108108,14.3243243243243,14.7297297297297,15.4324324324324,32.5094666666667
2024-12-11 08:00:00,7.225,9.8,10.15,10.6,18.25803
2024-12-11 09:00:00,3.97435897435897,5.56410256410256,5.61538461538461,5.87179487179487,9.62459421052632
2024-12-11 10:00:00,3.18421052631579,4.57894736842105,4.63157894736842,4.78947368421053,9.82922
2024-12-11 11:00:00,3.1025641025641,4.53846153846154,4.58974358974359,4.69230769230769,9.365696
2024-12-11 12:00:00,4.30769230769231,5.97435897435897,6.02564102564103,6.25641025641026,11.9299263157895
2024-12-11 13:00:00,5.75,7.8,7.95,8.125,15.610935
2024-12-11 14:00:00,4.10526315789474,5.55263157894737,5.60526315789474,5.73684210526316,16.0892157894737
2024-12-11 15:00:00,8.97435897435897,11.5384615384615,11.6923076923077,12.1794871794872,17.8065263157895
2024-12-11 16:00:00,20.6578947368421,27.8684210526316,29.1578947368421,29.8157894736842,18.6585
2024-12-11 17:00:00,11.0263157894737,15.1052631578947,15.6315789473684,16.1052631578947,17.3282631578947
2024-12-11 18:00:00,9.55,12.55,12.875,13.225,15.09939
2024-12-11 19:00:00,15.1315789473684,20.0789473684211,21.2894736842105,21.9210526315789,14.3463684210526
2024-12-11 20:00:00,11.025641025641,14.9230769230769,15.6153846153846,16.0512820512821,17.1374315789474
2024-12-11 21:00:00,11.275,15.325,16.175,17.15,16.145095
2024-12-11 22:00:00,11.8333333333333,15.9166666666667,16.6111111111111,17.2777777777778,13.8192058823529
2024-12-11 23:00:00,10.5128205128205,14.6153846153846,15.4871794871795,16.3846153846154,12.04839
2024-12-12,12.7179487179487,17.3846153846154,18.6666666666667,19.1282051282051,10.1943536842105
2024-12-12 01:00:00,9.8421052631579,13.2631578947368,13.8157894736842,14.2368421052632,11.7781333333333
2024-12-12 02:00:00,8.92105263157895,11.9736842105263,12.3421052631579,12.5789473684211,10.6403610526316
2024-12-12 03:00:00,9.92307692307692,13,13.5128205128205,13.9230769230769,10.365328
2024-12-12 04:00:00,9.6578947368421,12.8421052631579,13.4473684210526,13.6315789473684,13.9770684210526
2024-12-12 05:00:00,10.4102564102564,13.9487179487179,14.3846153846154,15,14.4556421052632
2024-12-12 06:00:00,24.625,34.575,36.675,38.375,19.865515
2024-12-12 07:00:00,16.3783783783784,21.9189189189189,22.8378378378378,23.6216216216216,13.5650166666667
2024-12-12 08:00:00,14.525,19.6,20.725,21.775,13.1794
2024-12-12 09:00:00,16.2105263157895,21.5789473684211,22.5,23.5526315789474,17.1443210526316
2024-12-12 10:00:00,14.5641025641026,18.9487179487179,19.6923076923077,20.3589743589744,15.4489942105263
2024-12-12 11:00:00,9,11.6842105263158,12.3421052631579,13.2631578947368,12.2695463157895
2024-12-12 12:00:00,9.65,12.45,12.7,13.225,14.88229
2024-12-12 13:00:00,11.4102564102564,14.5384615384615,15.0512820512821,15.6923076923077,19.5403263157895
2024-12-12 14:00:00,11.9487179487179,15.2051282051282,15.7692307692308,16.4102564102564,28.7247842105263
2024-12-12 15:00:00,10.1944444444444,13.1944444444444,13.6111111111111,14.3055555555556,28.6911666666667
2024-12-12 16:00:00,11.1282051282051,14.3333333333333,14.8205128205128,15.3846153846154,24.4688684210526
2024-12-12 17:00:00,11.25,14.175,14.575,15.075,20.283175
2024-12-12 18:00:00,11.1538461538462,13.9230769230769,14.3076923076923,14.6666666666667,16.4534631578947
2024-12-12 19:00:00,11.1315789473684,13.9473684210526,14.1842105263158,14.6315789473684,15.6843894736842
2024-12-12 20:00:00,12.7692307692308,16.0769230769231,16.4102564102564,16.9230769230769,16.1732368421053
2024-12-12 21:00:00,14,17.475,18,18.625,15.03358
2024-12-12 22:00:00,13.3142857142857,16.0857142857143,16.3142857142857,16.6,14.2496277777778
2024-12-12 23:00:00,12.925,15.825,15.925,16.175,13.17443
2024-12-13,14.4102564102564,17.8974358974359,18.2307692307692,18.6410256410256,11.7008421052632
2024-12-13 01:00:00,18.2432432432432,22.0540540540541,22.4864864864865,22.8918918918919,11.5165566666667
2024-12-13 02:00:00,16.525,20.15,20.6,20.95,15.064275
2024-12-13 03:00:00,16.2307692307692,19.5128205128205,19.8974358974359,20.4358974358974,12.9511157894737
2024-12-13 04:00:00,15.45,18.7,18.975,19.425,16.659295
2024-12-13 05:00:00,14.5789473684211,17.9210526315789,18.2631578947368,18.8947368421053,14.6558
2024-12-13 06:00:00,15.9411764705882,19.7941176470588,20.4117647058824,20.8235294117647,15.7265882352941
2024-12-13 07:00:00,16.2631578947368,20.8947368421053,21.6578947368421,22.2894736842105,13.6069315789474
2024-12-13 08:00:00,16.7179487179487,21.3333333333333,22.2564102564103,23.1538461538462,12.5342947368421
2024-12-13 09:00:00,16.5128205128205,21.7435897435897,22.5384615384615,23.0512820512821,13.4132631578947
2024-12-13 10:00:00,18.3421052631579,23.5,24.4473684210526,25.2631578947368,14.0777833333333
2024-12-13 11:00:00,16.5384615384615,20.8461538461538,21.2820512820513,21.8205128205128,14.511055
2024-12-13 12:00:00,16.9230769230769,21.2820512820513,21.6923076923077,22.3076923076923,14.1446157894737
2024-12-13 13:00:00,15.75,19.7,20.3,20.75,15.827475
2024-12-13 14:00:00,17.5526315789474,22.2894736842105,23.0789473684211,23.6315789473684,15.90915
2024-12-13 15:00:00,15.9736842105263,20.9210526315789,21.5789473684211,22.3684210526316,14.7293052631579
2024-12-13 16:00:00,15,19.2051282051282,19.9230769230769,20.5128205128205,14.6023105263158
2024-12-13 17:00:00,9.925,12.375,12.55,12.975,13.35108
2024-12-13 18:00:00,9.61538461538461,12,12.4102564102564,12.7435897435897,14.3500947368421
2024-12-13 19:00:00,11.5135135135135,14.5945945945946,15,15.2702702702703,13.0051222222222
2024-12-13 20:00:00,14.375,18.1,18.675,19.425,13.57058
2024-12-13 21:00:00,16.974358974359,21.3846153846154,22.2051282051282,22.6666666666667,14.2428263157895
2024-12-13 22:00:00,16.8648648648649,21.5135135135135,22.1891891891892,22.5675675675676,12.3998526315789
2024-12-13 23:00:00,16.9230769230769,21.4358974358974,22.0512820512821,22.7435897435897,12.3085789473684
2024-12-14,13.9230769230769,18.025641025641,18.6923076923077,19.1538461538462,12.4876526315789
2024-12-14 01:00:00,15.7435897435897,20.2051282051282,20.8974358974359,21.6666666666667,12.5789368421053
2024-12-14 02:00:00,16.4102564102564,21.0769230769231,21.6666666666667,22.1538461538462,14.758355
2024-12-14 03:00:00,21.4358974358974,27.4615384615385,28.6153846153846,29.2051282051282,13.6937631578947
2024-12-14 04:00:00,16.1794871794872,21.4358974358974,22.4871794871795,23.0769230769231,12.4533368421053
2024-12-14 05:00:00,13.8157894736842,18.4210526315789,19.1052631578947,19.4473684210526,11.5630842105263
2024-12-14 06:00:00,10.0512820512821,13.6666666666667,14.0769230769231,14.3846153846154,9.52930736842105
2024-12-14 07:00:00,11.85,15.775,16.3,16.8,9.967734
2024-12-14 08:00:00,13.3589743589744,17.5897435897436,18.0769230769231,18.6666666666667,10.0996642105263
2024-12-14 09:00:00,13.5789473684211,17.5789473684211,18.0789473684211,18.7368421052632,9.59775684210526
2024-12-14 10:00:00,12.1282051282051,15.8717948717949,16.2051282051282,16.6666666666667,7.98282526315789
2024-12-14 11:00:00,10.9,14.575,15.025,15.825,7.939109
2024-12-14 12:00:00,11.2368421052632,14.9736842105263,15.7894736842105,16.7894736842105,11.6672663157895
2024-12-14 13:00:00,10.3589743589744,13.6666666666667,13.974358974359,14.5128205128205,17.9790052631579
2024-12-14 14:00:00,9.25641025641026,12.2820512820513,13,13.5641025641026,17.5998947368421
2024-12-14 15:00:00,10.2564102564103,13.1025641025641,13.5128205128205,14.3846153846154,16.2121052631579
2024-12-14 16:00:00,8.51282051282051,11.2820512820513,11.6153846153846,11.8717948717949,13.174167
2024-12-14 17:00:00,4.51282051282051,6.1025641025641,6.17948717948718,6.28205128205128,11.9816631578947
2024-12-14 18:00:00,4.825,6.7,6.8,7.025,13.67267
2024-12-14 19:00:00,6.7027027027027,9.35135135135135,9.72972972972973,9.97297297297297,13.4434277777778
2024-12-14 20:00:00,7.475,9.85,10.05,10.4,14.109375
2024-12-14 21:00:00,8.53846153846154,11.1025641025641,11.2820512820513,11.5384615384615,13.9263263157895
2024-12-14 22:00:00,7.76315789473684,10.3157894736842,10.4736842105263,10.7368421052632,14.5147
2024-12-14 23:00:00,5.5,7.23684210526316,7.28947368421053,7.47368421052632,14.8044105263158
2024-12-15,3.84210526315789,5.31578947368421,5.34210526315789,5.71052631578947,15.0368777777778
2024-12-15 01:00:00,1.92307692307692,3.05128205128205,3.1025641025641,3.20512820512821,14.435495
2024-12-15 02:00:00,2.1025641025641,3.38461538461538,3.43589743589744,3.56410256410256,11.8643473684211
2024-12-15 03:00:00,1.5,2.75,2.85,2.95,11.46611
2024-12-15 04:00:00,0.868421052631579,1.86842105263158,1.89473684210526,2.05263157894737,14.7096157894737
2024-12-15 05:00:00,1.25641025641026,2.35897435897436,2.43589743589744,2.64102564102564,14.3375631578947
2024-12-15 06:00:00,1.41025641025641,2.53846153846154,2.58974358974359,2.84615384615385,13.3886736842105
2024-12-15 07:00:00,1.475,2.65,2.7,2.8,11.693715
2024-12-15 08:00:00,1.21052631578947,2.36842105263158,2.47368421052632,2.76315789473684,10.0927647368421
2024-12-15 09:00:00,1.15,2.25,2.325,2.5,9.688775
2024-12-15 10:00:00,1.33333333333333,2.46153846153846,2.53846153846154,2.79487179487179,10.4561473684211
2024-12-15 11:00:00,1.07894736842105,2.13157894736842,2.28947368421053,2.78947368421053,8.49585210526316
2024-12-15 12:00:00,1.48717948717949,2.79487179487179,2.8974358974359,3.12820512820513,6.64823473684211
2024-12-15 13:00:00,2,3.5,3.63157894736842,3.86842105263158,9.14152947368421
2024-12-15 14:00:00,2.91891891891892,4.35135135135135,4.48648648648649,4.83783783783784,12.4347411111111
2024-12-15 15:00:00,3.35,4.875,4.9,4.95,15.405645
2024-12-15 16:00:00,3.05263157894737,4.5,4.60526315789474,4.86842105263158,18.3613842105263
2024-12-15 17:00:00,2,3.15,3.325,3.4,16.457475
2024-12-15 18:00:00,2.10526315789474,3.39473684210526,3.44736842105263,3.60526315789474,17.6582555555556
2024-12-15 19:00:00,1.675,2.8,2.8,2.85,16.013925
2024-12-15 20:00:00,1.71052631578947,2.89473684210526,2.89473684210526,2.92105263157895,15.5269842105263
2024-12-15 21:00:00,1.35897435897436,2.58974358974359,2.71794871794872,2.87179487179487,13.8023315789474
2024-12-15 22:00:00,0.945945945945946,2.05405405405405,2.05405405405405,2.08108108108108,11.0530677777778
2024-12-15 23:00:00,0.631578947368421,1.63157894736842,1.63157894736842,1.63157894736842,10.7676978947368
2024-12-16,0.175,0.975,0.975,0.975,10.286768
2024-12-16 01:00:00,0.256410256410256,1.07692307692308,1.17948717948718,1.17948717948718,9.87574842105263
2024-12-16 02:00:00,0.125,0.925,0.95,1.05,11.320523
2024-12-16 03:00:00,0.378378378378378,1.24324324324324,1.24324324324324,1.32432432432432,10.1050694444444
2024-12-16 04:00:00,0.325,1.125,1.2,1.25,9.908723
2024-12-16 05:00:00,0.256410256410256,1.12820512820513,1.15384615384615,1.23076923076923,10.7864505263158
2024-12-16 06:00:00,0.102564102564103,0.717948717948718,0.717948717948718,0.794871794871795,8.9991885
2024-12-16 07:00:00,3.15384615384615,3.82051282051282,3.87179487179487,3.97435897435897,9.35831473684211
2024-12-16 08:00:00,0.5,1.4,1.4,1.475,10.69539
2024-12-16 09:00:00,0.5,1.44736842105263,1.47368421052632,1.57894736842105,9.58739789473684
2024-12-16 10:00:00,0.825,1.875,1.875,1.9,9.382572
2024-12-16 11:00:00,1.21052631578947,2.78947368421053,2.97368421052632,3.34210526315789,8.03158368421053
2024-12-16 12:00:00,0.375,1.15,1.175,1.2,4.753874
2024-12-16 13:00:00,0.763157894736842,1.71052631578947,1.71052631578947,1.81578947368421,6.03048736842105
2024-12-16 14:00:00,1.325,2.375,2.375,2.475,7.586895
2024-12-16 15:00:00,0.975,2.025,2.025,2.1,11.581483
2024-12-16 16:00:00,0.921052631578947,1.94736842105263,2,2.05263157894737,9.08018
2024-12-16 17:00:00,1.07692307692308,2.30769230769231,2.30769230769231,2.35897435897436,9.200056
2024-12-16 18:00:00,1.575,2.725,2.775,2.875,8.949415
2024-12-16 19:00:00,2.43589743589744,3.58974358974359,3.61538461538462,3.82051282051282,9.02612736842105
2024-12-16 20:00:00,0.794871794871795,1.71794871794872,1.71794871794872,1.76923076923077,10.044788
2024-12-16 21:00:00,1.1,2.225,2.25,2.275,9.507483
2024-12-16 22:00:00,1.27027027027027,2.40540540540541,2.45945945945946,2.51351351351351,7.38831777777778
2024-12-16 23:00:00,0.282051282051282,1.07692307692308,1.07692307692308,1.15384615384615,6.96679736842105
2024-12-17,0.179487179487179,0.769230769230769,0.82051282051282,0.897435897435897,5.9968665
2024-12-17 01:00:00,0.205128205128205,1.07692307692308,1.07692307692308,1.15384615384615,6.71462578947368
2024-12-17 02:00:00,0.2,0.925,0.925,1.05,6.9697725
2024-12-17 03:00:00,0.526315789473684,1.36842105263158,1.36842105263158,1.5,8.36025684210526
2024-12-17 04:00:00,0.6,1.6,1.65,1.825,12.052297
2024-12-17 05:00:00,0.575,1.725,1.725,1.8,10.073776
2024-12-17 06:00:00,0.657894736842105,1.65789473684211,1.73684210526316,2,11.6540357894737
2024-12-17 07:00:00,0.615384615384615,1.71794871794872,1.74358974358974,2,13.078545
2024-12-17 08:00:00,1.25641025641026,2.56410256410256,2.66666666666667,2.8974358974359,10.6034947368421
2024-12-17 09:00:00,0.575,1.65,1.775,2.025,8.699618
2024-12-17 10:00:00,0.868421052631579,1.84210526315789,1.92105263157895,2.23684210526316,9.95214736842105
2024-12-17 11:00:00,0.6,1.725,1.875,2.125,10.1741975
2024-12-17 12:00:00,0.973684210526316,2.07894736842105,2.10526315789474,2.28947368421053,9.17526631578947
2024-12-17 13:00:00,0.975,2.1,2.225,2.625,10.570105
2024-12-17 14:00:00,3,4.84210526315789,5.13157894736842,5.36842105263158,15.5403947368421
2024-12-17 15:00:00,7.625,10.45,11.15,11.675,20.1931
2024-12-17 16:00:00,4.69230769230769,6.82051282051282,7.12820512820513,7.71794871794872,17.7863684210526
2024-12-17 17:00:00,3.84210526315789,5.60526315789474,5.73684210526316,6.07894736842105,15.75221
2024-12-17 18:00:00,5.02564102564103,7.25641025641026,7.64102564102564,8.1025641025641,16.9684894736842
2024-12-17 19:00:00,4.675,6.85,7.125,7.975,16.54056
2024-12-17 20:00:00,6.07894736842105,8.73684210526316,9.18421052631579,9.78947368421053,16.5144631578947
2024-12-17 21:00:00,5.075,7.25,7.525,8.1,16.05808
2024-12-17 22:00:00,4.51351351351351,6.59459459459459,6.97297297297297,7.05405405405405,14.1589722222222
2024-12-17 23:00:00,7.95,11.05,11.475,11.95,14.567985
2024-12-18,6.25641025641026,8.66666666666667,8.87179487179487,9.07692307692308,11.6286315789474
2024-12-18 01:00:00,6.12820512820513,8.66666666666667,8.94871794871795,9.30769230769231,12.211475
2024-12-18 02:00:00,3.13157894736842,4.71052631578947,4.81578947368421,4.97368421052632,11.3496115789474
2024-12-18 03:00:00,2.45,3.775,3.85,3.9,10.944372
2024-12-18 04:00:00,5.35897435897436,7.69230769230769,8.02564102564103,8.46153846153846,17.1898273684211
2024-12-18 05:00:00,7.07692307692308,10,10.6666666666667,12.4102564102564,34.58631
2024-12-18 06:00:00,8.65,11.9,13.05,14.2,32.701745
2024-12-18 07:00:00,8.17948717948718,11.3333333333333,12.1794871794872,13.5384615384615,39.8797210526316
2024-12-18 08:00:00,8.475,12.025,13.425,15.55,32.780345
2024-12-18 09:00:00,8.60526315789474,11.1842105263158,11.5263157894737,12.2894736842105,21.6971947368421
2024-12-18 10:00:00,6.325,8.1,8.225,8.325,7.476227
2024-12-18 11:00:00,6.94871794871795,8.74358974358974,8.82051282051282,9.2051282051282,5.95446789473684
2024-12-18 12:00:00,6.41025641025641,8.41025641025641,8.71794871794872,9.28205128205128,7.2051065
2024-12-18 13:00:00,6.84615384615385,9.58974358974359,9.8974358974359,10.5897435897436,7.76860684210526
2024-12-18 14:00:00,7.74358974358974,10.5384615384615,11.025641025641,11.4871794871795,7.3566785
2024-12-18 15:00:00,5.61538461538461,7.58974358974359,7.8974358974359,8.2051282051282,8.37567052631579
2024-12-18 16:00:00,4.75,6.525,6.6,6.925,8.38253
2024-12-18 17:00:00,4.65,6.45,6.5,6.775,8.1761865
2024-12-18 18:00:00,3.81578947368421,5.5,5.76315789473684,5.94736842105263,8.13920894736842
2024-12-18 19:00:00,3.325,4.925,5.025,5.2,9.271196
2024-12-18 20:00:00,4,5.79487179487179,6.05128205128205,6.53846153846154,13.5328315789474
2024-12-18 21:00:00,12.1794871794872,16.9230769230769,18.4871794871795,20.6153846153846,34.7434
2024-12-18 22:00:00,13.6216216216216,18.2702702702703,19.3243243243243,20.7567567567568,38.27485
2024-12-18 23:00:00,14,18.775,20,21.875,37.22661
2024-12-19,14.0769230769231,19.1282051282051,20.6410256410256,22.8974358974359,34.1898157894737
2024-12-19 01:00:00,12.5128205128205,16.8974358974359,18.1282051282051,20.4358974358974,33.104075
2024-12-19 02:00:00,12.2051282051282,16.7179487179487,18.2820512820513,21.5641025641026,30.8055473684211
2024-12-19 03:00:00,13.9210526315789,19.6052631578947,21.9736842105263,26.6842105263158,30.4777842105263
2024-12-19 04:00:00,12.9,17.8,19.525,22.675,26.35023
2024-12-19 05:00:00,11.9230769230769,16.5897435897436,18,20.6153846153846,24.5673763157895
2024-12-19 06:00:00,3.94871794871795,6.28205128205128,6.79487179487179,7.43589743589744,6.389811
2024-12-19 07:00:00,4.30769230769231,6.66666666666667,7.53846153846154,8.17948717948718,6.27482736842105
2024-12-19 08:00:00,2.475,3.95,4.225,4.675,21.098155
2024-12-19 09:00:00,2.55263157894737,4.02631578947368,4.28947368421053,4.57894736842105,16.7186926315789
2024-12-19 10:00:00,1.675,3,3.075,3.275,15.778417
2024-12-19 11:00:00,1.58974358974359,2.8974358974359,2.92307692307692,3.02564102564103,12.4582463157895
2024-12-19 12:00:00,1.8,3.05,3.1,3.4,10.463489
2024-12-19 13:00:00,1.15384615384615,2.23076923076923,2.30769230769231,2.43589743589744,11.458367
2024-12-19 14:00:00,5.23684210526316,7.10526315789474,7.26315789473684,7.42105263157895,10.6314821052632
2024-12-19 15:00:00,2.125,3.525,3.625,3.95,10.761187
2024-12-19 16:00:00,2.825,4.475,4.775,5.1,10.684929
2024-12-19 17:00:00,2.87179487179487,4.53846153846154,4.69230769230769,5.1025641025641,12.2054852631579
2024-12-19 18:00:00,2.07692307692308,3.53846153846154,3.74358974358974,4.15384615384615,15.04044
2024-12-19 19:00:00,0.179487179487179,1.07692307692308,1.12820512820513,1.25641025641026,8.94369684210526
2024-12-19 20:00:00,0.225,0.9,0.925,1,9.718128
2024-12-19 21:00:00,0.131578947368421,0.868421052631579,0.921052631578947,1.07894736842105,9.61365473684211
2024-12-19 22:00:00,0.0263157894736842,0.657894736842105,0.894736842105263,1.26315789473684,10.6872668421053
2024-12-19 23:00:00,0.128205128205128,0.794871794871795,0.897435897435897,1.02564102564103,8.99358473684211
2024-12-20,0.375,1.6,1.925,2.3,8.056831
2024-12-20 01:00:00,0.435897435897436,1.84615384615385,2.35897435897436,3.25641025641026,7.177767
2024-12-20 02:00:00,0.461538461538462,1.64102564102564,1.74358974358974,2.30769230769231,8.59100210526316
2024-12-20 03:00:00,0.25,1.325,1.475,2.35,10.294602
2024-12-20 04:00:00,0.368421052631579,1.68421052631579,1.81578947368421,2.23684210526316,11.6303063157895
2024-12-20 05:00:00,0.725,2.075,2.275,2.725,14.566435
2024-12-20 06:00:00,0.871794871794872,2.38461538461538,2.66666666666667,3.17948717948718,13.7628947368421
2024-12-20 07:00:00,1,2.75,3.15,4.1,16.676895
2024-12-20 08:00:00,1.47368421052632,3.68421052631579,4.81578947368421,5.92105263157895,23.5337915789474
2024-12-20 09:00:00,1.625,4.05,4.95,5.925,10.381224
2024-12-20 10:00:00,1.51282051282051,3.53846153846154,4.41025641025641,5.33333333333333,9.72713315789474
2024-12-20 11:00:00,1.79487179487179,4.17948717948718,5.23076923076923,6.41025641025641,9.7488035
2024-12-20 12:00:00,1.69230769230769,4.12820512820513,5,6.43589743589744,13.4852947368421
2024-12-20 13:00:00,2.25641025641026,4.69230769230769,5.58974358974359,6.87179487179487,12.0995557894737
2024-12-20 14:00:00,2.12820512820513,4.84615384615385,6.07692307692308,7.38461538461539,12.4008168421053
2024-12-20 15:00:00,2,4.35897435897436,5.82051282051282,7.12820512820513,15.46845
2024-12-20 16:00:00,2.375,4.75,5.95,7.1,15.340601
2024-12-20 17:00:00,3.1025641025641,5.76923076923077,6.79487179487179,7.71794871794872,21.1189105263158
2024-12-20 18:00:00,3.525,6.125,6.975,7.95,19.96548
2024-12-20 19:00:00,2.55263157894737,4.89473684210526,5.76315789473684,6.73684210526316,13.3141684210526
2024-12-20 20:00:00,4.8,7.6,8.275,9.125,14.474665
2024-12-20 21:00:00,2.94871794871795,5.23076923076923,5.76923076923077,6.41025641025641,14.5075684210526
2024-12-20 22:00:00,3.78378378378378,6.24324324324324,7.21621621621622,8.02702702702703,15.8720315789474
2024-12-20 23:00:00,5.30769230769231,7.87179487179487,8.58974358974359,9.15384615384615,14.7274894736842
2024-12-21,3.1,5.075,5.775,6.275,14.62917
2024-12-21 01:00:00,4.53846153846154,6.92307692307692,7.46153846153846,8.28205128205128,13.0741368421053
2024-12-21 02:00:00,4.48717948717949,7,7.74358974358974,8.33333333333333,12.65388
2024-12-21 03:00:00,2.69230769230769,4.64102564102564,5.12820512820513,5.69230769230769,12.0801684210526
2024-12-21 04:00:00,2.675,4.7,4.975,5.625,12.85988
2024-12-21 05:00:00,2.52631578947368,4.47368421052632,4.94736842105263,5.44736842105263,12.3002326315789
2024-12-21 06:00:00,3.02631578947368,5.05263157894737,5.68421052631579,6.31578947368421,12.7727166666667
2024-12-21 07:00:00,2.65,4.5,5.025,5.625,13.539815
2024-12-21 08:00:00,2.63157894736842,4.57894736842105,5.02631578947368,5.71052631578947,13.0098368421053
2024-12-21 09:00:00,1.84615384615385,3.41025641025641,3.74358974358974,4.28205128205128,11.347237
2024-12-21 10:00:00,1.1025641025641,2.41025641025641,2.64102564102564,2.97435897435897,10.8941189473684
2024-12-21 11:00:00,2.69230769230769,4.43589743589744,4.74358974358974,5.1025641025641,9.96920052631579
2024-12-21 12:00:00,2.39473684210526,4.13157894736842,4.47368421052632,4.94736842105263,10.7720694736842
2024-12-21 13:00:00,2.45,4.1,4.3,4.55,10.671598
2024-12-21 14:00:00,1.56410256410256,2.87179487179487,3,3.30769230769231,11.6491684210526
2024-12-21 15:00:00,2.95,4.975,5.275,5.625,12.28875
2024-12-21 16:00:00,2.31578947368421,3.89473684210526,4.02631578947368,4.23684210526316,13.0099105263158
2024-12-21 17:00:00,2.325,3.725,3.825,4,15.16803
2024-12-21 18:00:00,2.46153846153846,3.87179487179487,4,4.12820512820513,14.5719473684211
2024-12-21 19:00:00,4.15384615384615,6.23076923076923,6.66666666666667,6.92307692307692,14.29119
2024-12-21 20:00:00,4.55,6.325,6.475,6.55,13.19517
2024-12-21 21:00:00,2.23684210526316,3.68421052631579,3.73684210526316,3.84210526315789,13.8292631578947
2024-12-21 22:00:00,1.78947368421053,3.05263157894737,3.15789473684211,3.18421052631579,12.3277894736842
2024-12-21 23:00:00,1.33333333333333,2.56410256410256,2.58974358974359,2.64102564102564,10.0805978947368
2024-12-22,2.69230769230769,4.15384615384615,4.25641025641026,4.33333333333333,8.990212
2024-12-22 01:00:00,1.53846153846154,2.82051282051282,2.87179487179487,3.07692307692308,8.58433368421053
2024-12-22 02:00:00,1.3,2.425,2.5,2.575,10.563246
2024-12-22 03:00:00,1.21052631578947,1.78947368421053,1.86842105263158,1.89473684210526,10.4334244444444
2024-12-22 04:00:00,1.20512820512821,1.84615384615385,1.84615384615385,1.8974358974359,11.14066
2024-12-22 05:00:00,0.846153846153846,1.51282051282051,1.56410256410256,1.61538461538462,11.12268
2024-12-22 06:00:00,1.75,2.6,2.6,2.65,10.598345
2024-12-22 07:00:00,1.78947368421053,2.65789473684211,2.73684210526316,2.86842105263158,10.1616115789474
2024-12-22 08:00:00,0.675675675675676,1.51351351351351,1.51351351351351,1.51351351351351,13.2952188235294
2024-12-22 09:00:00,1.05,1.925,1.925,1.95,10.713755
2024-12-22 10:00:00,0.789473684210526,1.47368421052632,1.47368421052632,1.55263157894737,9.76188210526316
2024-12-22 11:00:00,0.525,1.45,1.475,1.5,8.924456
2024-12-22 12:00:00,0.948717948717949,2.17948717948718,2.25641025641026,2.48717948717949,6.91043947368421
2024-12-22 13:00:00,1.02631578947368,2.23684210526316,2.36842105263158,2.60526315789474,8.74823842105263
2024-12-22 14:00:00,1.66666666666667,3.25641025641026,3.35897435897436,3.74358974358974,11.3071852631579
2024-12-22 15:00:00,1.97435897435897,3.48717948717949,3.56410256410256,3.79487179487179,11.811568
2024-12-22 16:00:00,0.948717948717949,2.12820512820513,2.15384615384615,2.8974358974359,14.4512115789474
2024-12-22 17:00:00,1.80555555555556,3.05555555555556,3.13888888888889,3.33333333333333,15.8984470588235
2024-12-22 18:00:00,1.9,3.275,3.325,3.65,17.428325
2024-12-22 19:00:00,1.46153846153846,2.69230769230769,2.84615384615385,3.15384615384615,19.527
2024-12-22 20:00:00,1.28205128205128,2.30769230769231,2.30769230769231,2.51282051282051,15.832255
2024-12-22 21:00:00,0.282051282051282,1.35897435897436,1.48717948717949,1.74358974358974,11.99038
2024-12-22 22:00:00,0.459459459459459,1.67567567567568,1.94594594594595,2.45945945945946,11.57278
2024-12-22 23:00:00,0.684210526315789,1.76315789473684,2,2.36842105263158,11.9351263157895
2024-12-23,0.575,1.725,1.8,2.075,11.191342
2024-12-23 01:00:00,1.12820512820513,2.51282051282051,2.69230769230769,3,10.8486957894737
2024-12-23 02:00:00,1.55263157894737,3.13157894736842,3.44736842105263,3.81578947368421,11.4772863157895
2024-12-23 03:00:00,1.07692307692308,2.46153846153846,2.61538461538462,3.1025641025641,12.8789578947368
2024-12-23 04:00:00,1,2.53846153846154,2.69230769230769,2.84615384615385,13.9977421052632
2024-12-23 05:00:00,1.25641025641026,2.71794871794872,2.97435897435897,3.41025641025641,14.85695
2024-12-23 06:00:00,1.79487179487179,3.43589743589744,3.71794871794872,4.17948717948718,18.9881368421053
2024-12-23 07:00:00,2.10810810810811,3.83783783783784,4.13513513513514,4.75675675675676,20.1640333333333
2024-12-23 08:00:00,2.25641025641026,4.02564102564103,4.43589743589744,5.07692307692308,19.3654757894737
2024-12-23 09:00:00,1.38461538461538,2.94871794871795,3.07692307692308,3.53846153846154,12.737384
2024-12-23 10:00:00,1.28205128205128,2.61538461538462,3.02564102564103,3.41025641025641,8.41792526315789
2024-12-23 11:00:00,2.07692307692308,3.94871794871795,4.15384615384615,4.61538461538461,8.59796368421053
2024-12-23 12:00:00,1.73684210526316,3.36842105263158,3.60526315789474,3.86842105263158,7.40910052631579
2024-12-23 13:00:00,0.717948717948718,1.8974358974359,2.05128205128205,2.41025641025641,15.9871063157895
2024-12-23 14:00:00,1.425,2.7,2.775,3.175,21.604965
2024-12-23 15:00:00,1.46153846153846,2.79487179487179,2.8974358974359,3.30769230769231,19.9954105263158
2024-12-23 16:00:00,2.55263157894737,4.84210526315789,5.34210526315789,6.10526315789474,26.1742368421053
2024-12-23 17:00:00,6.87179487179487,10.1025641025641,11.025641025641,12.1282051282051,22.7196421052632
2024-12-23 18:00:00,5.175,8.35,9.5,10.65,25.92673
2024-12-23 19:00:00,5.05263157894737,7.92105263157895,8.52631578947368,9.5,22.1210421052632
2024-12-23 20:00:00,3.20512820512821,5.38461538461539,5.92307692307692,6.56410256410256,22.608625
2024-12-23 21:00:00,2.05128205128205,3.97435897435897,4.46153846153846,5.20512820512821,21.4164947368421
2024-12-23 22:00:00,2.42105263157895,4.76315789473684,5.60526315789474,6.55263157894737,17.1103842105263
2024-12-23 23:00:00,1.61538461538462,3.58974358974359,4.07692307692308,5.30769230769231,13.49539
2024-12-24,1.56410256410256,3.48717948717949,4.02564102564103,4.92307692307692,10.6127084210526
2024-12-24 01:00:00,1.74358974358974,3.51282051282051,4,4.56410256410256,9.76873263157895
2024-12-24 02:00:00,2.07692307692308,3.94871794871795,4.56410256410256,5.02564102564103,8.83838842105263
2024-12-24 03:00:00,0.923076923076923,2.48717948717949,2.8974358974359,3.35897435897436,8.5787245
2024-12-24 04:00:00,0.871794871794872,2.38461538461538,2.71794871794872,3.07692307692308,10.4996105263158
2024-12-24 05:00:00,0.736842105263158,2.05263157894737,2.42105263157895,2.71052631578947,10.8253221052632
2024-12-24 06:00:00,0.921052631578947,2.39473684210526,2.60526315789474,2.94736842105263,15.9773431578947
2024-12-24 07:00:00,1.675,3.1,3.25,3.5,16.27932
2024-12-24 08:00:00,1.74358974358974,3.02564102564103,3.15384615384615,3.28205128205128,24.2909789473684
2024-12-24 09:00:00,1.1025641025641,2.28205128205128,2.35897435897436,2.61538461538462,17.0214631578947
2024-12-24 10:00:00,1.68421052631579,3.18421052631579,3.26315789473684,3.47368421052632,15.3571894736842
2024-12-24 11:00:00,1.56410256410256,3.15384615384615,3.33333333333333,3.61538461538462,12.1607168421053
2024-12-24 12:00:00,1.8,3.45,3.625,4.075,11.589541
2024-12-24 13:00:00,1.47368421052632,2.92105263157895,3.13157894736842,3.39473684210526,10.7000189473684
2024-12-24 14:00:00,2.25641025641026,3.8974358974359,4.17948717948718,4.53846153846154,12.5932968421053
2024-12-24 15:00:00,1.97435897435897,3.66666666666667,4,4.48717948717949,13.3506473684211
2024-12-24 16:00:00,4.48717948717949,6.61538461538461,6.92307692307692,7.35897435897436,19.499175
2024-12-24 17:00:00,9.28205128205128,12.5384615384615,13.3333333333333,13.8461538461538,17.5139684210526
2024-12-24 18:00:00,6.15789473684211,9.05263157894737,9.8421052631579,10.3684210526316,18.0622157894737
2024-12-24 19:00:00,9.175,13.275,14.275,14.8,16.58446
2024-12-24 20:00:00,12.6842105263158,17.9736842105263,19.2894736842105,20.0526315789474,17.2417333333333
2024-12-24 21:00:00,9.15,13.05,13.9,14.675,19.672725
2024-12-24 22:00:00,7.69444444444444,11.0833333333333,11.9166666666667,12.6111111111111,17.2430277777778
2024-12-24 23:00:00,8.85,12.65,14.15,14.825,14.16363
2024-12-25,11.2820512820513,15.7948717948718,17.2307692307692,17.9230769230769,13.7061210526316
2024-12-25 01:00:00,10.5789473684211,15.1052631578947,16.3684210526316,17.5526315789474,14.0619315789474
2024-12-25 02:00:00,8.92307692307692,12.8974358974359,14.2564102564103,14.9487179487179,12.3915484210526
2024-12-25 03:00:00,10.3076923076923,14.7692307692308,16.4615384615385,17.7692307692308,14.1764473684211
2024-12-25 04:00:00,9.23076923076923,13.4358974358974,14.4102564102564,15.5384615384615,17.563035
2024-12-25 05:00:00,8.02564102564103,11.6666666666667,12.7692307692308,13.5897435897436,16.8465210526316
2024-12-25 06:00:00,11.6153846153846,16.1538461538462,17.4871794871795,18.6410256410256,22.5096736842105
2024-12-25 07:00:00,13.3947368421053,18.7894736842105,20.2631578947368,21.2105263157895,21.1453473684211
2024-12-25 08:00:00,13.0769230769231,18.0512820512821,19.4615384615385,20.3589743589744,23.1636255
2024-12-25 09:00:00,18,24.5384615384615,26.7692307692308,28.4102564102564,20.2958842105263
2024-12-25 10:00:00,19.3157894736842,27.8684210526316,31.3684210526316,34.2631578947368,16.1706878947368
2024-12-25 11:00:00,17.0769230769231,25.3589743589744,29.2307692307692,32.3076923076923,10.4099163157895
2024-12-25 12:00:00,5.94871794871795,8.82051282051282,9.46153846153846,10.025641025641,9.22760315789474
2024-12-25 13:00:00,3.875,6,6.45,7.15,12.597016
2024-12-25 14:00:00,4.65789473684211,7.05263157894737,7.47368421052632,8.10526315789474,31.2246526315789
2024-12-25 15:00:00,7.12820512820513,10.1794871794872,11.0512820512821,12.0769230769231,37.2740947368421
2024-12-25 16:00:00,11.7948717948718,16.4871794871795,17.8205128205128,18.7692307692308,29.7196631578947
2024-12-25 17:00:00,15.9487179487179,21.3589743589744,22.7435897435897,23.4871794871795,31.93507
2024-12-25 18:00:00,12.2051282051282,17.4615384615385,18.8461538461538,19.8974358974359,24.5455157894737
2024-12-25 19:00:00,10.2820512820513,14.4358974358974,15.6666666666667,16.4102564102564,18.0997105263158
2024-12-25 20:00:00,13.9736842105263,19.1842105263158,20.6578947368421,21.6578947368421,21.3735210526316
2024-12-25 21:00:00,14.8205128205128,19.974358974359,21.2820512820513,22.3076923076923,19.0900157894737
2024-12-25 22:00:00,12.1578947368421,16.8684210526316,17.9473684210526,18.6052631578947,12.4058578947368
2024-12-25 23:00:00,12.7179487179487,17.4871794871795,18.7692307692308,19.7692307692308,12.9891105263158
2024-12-26,12.974358974359,17.4871794871795,18.8461538461538,19.5384615384615,13.558891
2024-12-26 01:00:00,14.8157894736842,20,21.0263157894737,21.8947368421053,12.3729055555556
2024-12-26 02:00:00,16.975,23.2,25.075,25.975,13.008455
2024-12-26 03:00:00,20.2894736842105,29.2894736842105,32.8421052631579,35.2631578947368,16.6253526315789
2024-12-26 04:00:00,19.45,28.7,32.7,35.3,15.98414
2024-12-26 05:00:00,24.5384615384615,35.5384615384615,40.4615384615385,44.5384615384615,19.0227947368421
2024-12-26 06:00:00,28.2105263157895,42.6578947368421,50.0789473684211,55.4210526315789,15.6748722222222
2024-12-26 07:00:00,24.1794871794872,36.5641025641026,41.6153846153846,45.5384615384615,16.71086
2024-12-26 08:00:00,23.3333333333333,33.8205128205128,37.7435897435897,40.4615384615385,18.9166947368421
2024-12-26 09:00:00,19.65,27.45,29.675,31.2,19.811735
2024-12-26 10:00:00,19.4473684210526,27.2368421052632,29.1842105263158,30.6315789473684,16.0963368421053
2024-12-26 11:00:00,18.7179487179487,25.3333333333333,26.7948717948718,28.3846153846154,19.8342894736842
2024-12-26 12:00:00,22.6410256410256,31,33,34.6666666666667,21.9429894736842
2024-12-26 13:00:00,20.925,28.9,30.95,32.65,27.19262
2024-12-26 14:00:00,17.4210526315789,23.3947368421053,24.9210526315789,27.3157894736842,31.9955157894737
2024-12-26 15:00:00,17.0512820512821,23.3333333333333,25.7948717948718,29.6410256410256,36.6090842105263
2024-12-26 16:00:00,16.5789473684211,22.6052631578947,24.4473684210526,26.1842105263158,32.4014789473684
2024-12-26 17:00:00,16.025641025641,21.9230769230769,23.9487179487179,26.2307692307692,37.8700052631579
2024-12-26 18:00:00,17.95,24.65,26.55,28.125,31.57337
2024-12-26 19:00:00,15.2631578947368,20.5789473684211,21.4736842105263,22.4736842105263,20.7726421052632
2024-12-26 20:00:00,14.3589743589744,19.8974358974359,20.8461538461538,21.6666666666667,25.7994684210526
2024-12-26 21:00:00,12.4102564102564,16.8974358974359,17.6410256410256,18.7948717948718,29.220375
2024-12-26 22:00:00,14.8648648648649,20.4864864864865,21.6756756756757,22.3513513513514,21.5109388888889
2024-12-26 23:00:00,14.525,19.725,20.8,21.475,20.750255
2024-12-27,12.8947368421053,17.5,18.5263157894737,19.1315789473684,27.1736947368421
2024-12-27 01:00:00,12.7105263157895,17.4473684210526,18.3421052631579,19.2105263157895,27.5158333333333
2024-12-27 02:00:00,12.5128205128205,17.1538461538462,18.0769230769231,18.8461538461538,29.7875210526316
2024-12-27 03:00:00,12.8461538461538,17.8205128205128,18.8205128205128,19.3846153846154,27.141795
2024-12-27 04:00:00,11.7435897435897,16.1538461538462,17.0512820512821,17.6923076923077,22.1182157894737
2024-12-27 05:00:00,9.825,13.6,14.125,14.55,18.60963
2024-12-27 06:00:00,10.1052631578947,13.7105263157895,14.2631578947368,14.7368421052632,22.3763473684211
2024-12-27 07:00:00,11,15.4615384615385,16.1025641025641,16.5897435897436,17.2778368421053
2024-12-27 08:00:00,12.3846153846154,17.2820512820513,18.2564102564103,19,18.7726736842105
2024-12-27 09:00:00,12.8421052631579,17.8421052631579,18.7105263157895,19.1315789473684,15.7007263157895
2024-12-27 10:00:00,13.425,18.475,19.2,19.775,17.80743
2024-12-27 11:00:00,19,26.1891891891892,27.4324324324324,28.4864864864865,21.0272263157895
2024-12-27 12:00:00,28.6153846153846,38.8205128205128,41.4615384615385,42.7948717948718,26.0912526315789
2024-12-27 13:00:00,23.3333333333333,31.5128205128205,33.3846153846154,34.8461538461538,30.9547947368421
2024-12-27 14:00:00,26.375,36.025,38.8,40.575,40.57225
2024-12-27 15:00:00,27.5789473684211,39.0263157894737,41.9736842105263,44.2894736842105,36.1244736842105
2024-12-27 16:00:00,24.3333333333333,33.5897435897436,36.2564102564103,37.6666666666667,34.3580421052632
2024-12-27 17:00:00,22.1794871794872,30.3076923076923,32.4871794871795,33.3846153846154,32.2206526315789
2024-12-27 18:00:00,15.0789473684211,20.4473684210526,21.6578947368421,22.5,26.2675789473684
2024-12-27 19:00:00,15.025641025641,20.5641025641026,21.9487179487179,22.7435897435897,24.8863052631579
2024-12-27 20:00:00,14.9230769230769,20.3846153846154,21.6410256410256,22.4615384615385,42.6648789473684
2024-12-27 21:00:00,11.55,15.8,16.475,17,23.255595
2024-12-27 22:00:00,10.5833333333333,14.5277777777778,15.2777777777778,15.6111111111111,26.3121388888889
2024-12-27 23:00:00,11.9487179487179,16.6153846153846,17.4871794871795,18.3589743589744,25.1952894736842
2024-12-28,13.5128205128205,18.6153846153846,19.7435897435897,20.1538461538462,26.6580421052632
2024-12-28 01:00:00,13.6666666666667,20.2820512820513,22.0512820512821,23.1282051282051,28.262845
2024-12-28 02:00:00,10.7435897435897,15.2820512820513,16.1282051282051,16.7948717948718,21.4352052631579
2024-12-28 03:00:00,11.6315789473684,16.2894736842105,17.2894736842105,18.1315789473684,21.5020666666667
2024-12-28 04:00:00,13.625,19.925,21.425,22.3,22.005215
2024-12-28 05:00:00,16.1052631578947,23.2631578947368,25.4736842105263,26.6578947368421,25.3268947368421
2024-12-28 06:00:00,14.75,21.325,23.15,24.175,25.125235
2024-12-28 07:00:00,14.5128205128205,20.5897435897436,22.0769230769231,23.1538461538462,20.3456105263158
2024-12-28 08:00:00,16.0526315789474,23.1578947368421,24.9473684210526,25.9736842105263,18.0876789473684
2024-12-28 09:00:00,20.0512820512821,28.9230769230769,31.5128205128205,32.5641025641026,22.2675473684211
2024-12-28 10:00:00,19.45,27.275,29.325,30.675,20.74899
2024-12-28 11:00:00,23.1282051282051,32.7692307692308,36.4871794871795,37.9230769230769,23.1376105263158
2024-12-28 12:00:00,23.5,32.5789473684211,35.2368421052632,36.6315789473684,25.2849421052632
2024-12-28 13:00:00,25.7179487179487,35.9487179487179,39.2564102564103,41.1025641025641,26.2654684210526
2024-12-28 14:00:00,27.4102564102564,39.7692307692308,44.2307692307692,47.1538461538462,32.5404526315789
2024-12-28 15:00:00,30.7435897435897,44.0512820512821,49.0512820512821,52.6923076923077,37.86485
2024-12-28 16:00:00,26.7948717948718,37.4358974358974,40.7435897435897,42.6153846153846,38.3103157894737
2024-12-28 17:00:00,22.95,31.625,33.325,34.75,27.831845
2024-12-28 18:00:00,18.9230769230769,25.7179487179487,27.3333333333333,28.2307692307692,23.0595368421053
2024-12-28 19:00:00,18.4473684210526,25.2631578947368,26.7631578947368,27.6578947368421,25.0693105263158
2024-12-28 20:00:00,19.1538461538462,26.6666666666667,28.8717948717949,29.8461538461538,25.5405
2024-12-28 21:00:00,18.3076923076923,25.6410256410256,27.3333333333333,28.3589743589744,21.8251210526316
2024-12-28 22:00:00,21.4864864864865,29.4864864864865,31.5135135135135,32.6756756756757,23.6565894736842
2024-12-28 23:00:00,19.6923076923077,28.5384615384615,31.0512820512821,32.4615384615385,28.0892894736842
2024-12-29,17.5641025641026,24.5897435897436,26.4871794871795,27.6410256410256,25.5099684210526
2024-12-29 01:00:00,17.8974358974359,24.8717948717949,26.5128205128205,27.3333333333333,25.9105473684211
2024-12-29 02:00:00,16.025641025641,22.3589743589744,23.7435897435897,24.3846153846154,25.01061
2024-12-29 03:00:00,16.2307692307692,22.6410256410256,23.7435897435897,24.6923076923077,24.8252947368421
2024-12-29 04:00:00,15.8461538461538,21.9230769230769,23.2307692307692,24.1025641025641,23.4599368421053
2024-12-29 05:00:00,17.7105263157895,25.5789473684211,27.4736842105263,28.8947368421053,24.2493631578947
2024-12-29 06:00:00,17.7948717948718,25.8974358974359,28.1794871794872,29.4615384615385,23.9137210526316
2024-12-29 07:00:00,17.35,24.775,26.55,27.825,22.401485
2024-12-29 08:00:00,20.6923076923077,28.9487179487179,30.8205128205128,32.1025641025641,20.0751263157895
2024-12-29 09:00:00,19.4871794871795,27.8974358974359,29.9230769230769,31.4358974358974,18.593705
2024-12-29 10:00:00,17.8684210526316,24.8684210526316,26.2631578947368,27.2368421052632,17.0531333333333
2024-12-29 11:00:00,17.1,23.525,24.9,25.725,18.018805
2024-12-29 12:00:00,18.6410256410256,25.7692307692308,27.5128205128205,28.6923076923077,21.9727157894737
2024-12-29 13:00:00,20.1794871794872,27.4871794871795,29.3846153846154,30.7435897435897,26.951625
2024-12-29 14:00:00,21.6923076923077,30.2564102564103,32.1794871794872,33.5641025641026,29.3957315789474
2024-12-29 15:00:00,23.6315789473684,32.8157894736842,35.5263157894737,36.7894736842105,30.9138777777778
2024-12-29 16:00:00,24.5897435897436,34.7948717948718,38,39.1794871794872,33.875755
2024-12-29 17:00:00,27.7692307692308,38.6153846153846,41.5641025641026,43.6666666666667,32.5427315789474
2024-12-29 18:00:00,26.675,37.825,41.225,43.025,31.154005
2024-12-29 19:00:00,26.0263157894737,37.1315789473684,40.6842105263158,42.4473684210526,29.1347052631579
2024-12-29 20:00:00,25.1282051282051,36.6923076923077,40.7948717948718,42.4615384615385,26.7228473684211
2024-12-29 21:00:00,24.025,34.725,37.925,39.85,25.36785
2024-12-29 22:00:00,24.8285714285714,36.2571428571429,39.8857142857143,41.3714285714286,25.6883058823529
2024-12-29 23:00:00,24.25,35.925,39.95,41.975,25.17403
2024-12-30,24.8378378378378,37.2432432432432,41.027027027027,43.2702702702703,25.6998777777778
2024-12-30 01:00:00,25,37.7105263157895,42.3421052631579,44.9210526315789,26.8385473684211
2024-12-30 02:00:00,26.974358974359,41.2564102564103,46.6410256410256,50.025641025641,26.7915210526316
2024-12-30 03:00:00,23.8,35.375,39.05,41.4,24.60523
2024-12-30 04:00:00,22.7368421052632,34.3157894736842,38.4210526315789,41.1842105263158,22.1549684210526
2024-12-30 05:00:00,32.55,52.475,62.35,69.225,25.82261
2024-12-30 06:00:00,36.0512820512821,59.2307692307692,70.4102564102564,77.7692307692308,27.7856368421053
2024-12-30 07:00:00,34.8378378378378,55.9459459459459,65.4864864864865,72.054054054054,27.6957055555556
2024-12-30 08:00:00,26.925,40.375,45.9,48.7,22.691115
2024-12-30 09:00:00,23.1025641025641,33.0769230769231,36.2051282051282,37.9230769230769,18.9285368421053
2024-12-30 10:00:00,16.8,22.7,23.75,24.5,11.612019
2024-12-30 11:00:00,15.9736842105263,21.3157894736842,22.5,23.3947368421053,12.4467347368421
2024-12-30 12:00:00,19.775,27.35,29.325,31.25,16.721425
2024-12-30 13:00:00,21.6216216216216,29.7567567567568,31.972972972973,33.7837837837838,22.3978166666667
2024-12-30 14:00:00,20.925,28.65,30.85,32.3,23.82985
2024-12-30 15:00:00,21.4871794871795,29.3076923076923,31.5384615384615,33.1282051282051,28.4463473684211
2024-12-30 16:00:00,23.0512820512821,31.2820512820513,33.3333333333333,34.6923076923077,28.14933
2024-12-30 17:00:00,19.9210526315789,27.6842105263158,29.5526315789474,30.5263157894737,20.6842222222222
2024-12-30 18:00:00,14.0263157894737,19.2105263157895,20.4736842105263,20.9210526315789,16.7599222222222
2024-12-30 19:00:00,13.7179487179487,18.9487179487179,20.1538461538462,20.8461538461538,18.476685
2024-12-30 20:00:00,13.2307692307692,18.1282051282051,18.7692307692308,19.2051282051282,15.5414631578947
2024-12-30 21:00:00,12.025,16.075,16.475,17.175,14.328545
2024-12-30 22:00:00,12.9428571428571,17.8571428571429,18.7142857142857,19.4285714285714,14.2752058823529
2024-12-30 23:00:00,12.4,16.85,17.575,18.025,15.084545
2024-12-31,12.3076923076923,16.5128205128205,16.8974358974359,17.4102564102564,14.5147
2024-12-31 01:00:00,9.925,13.45,13.775,14.325,13.966635
2024-12-31 02:00:00,11,15,15.6578947368421,16.2105263157895,13.6884421052632
2024-12-31 03:00:00,11.5384615384615,15.9487179487179,16.5897435897436,17.2307692307692,18.1132578947368
2024-12-31 04:00:00,11.2564102564103,15.9230769230769,16.6923076923077,17.3589743589744,22.2544894736842
2024-12-31 05:00:00,10.4324324324324,14.8108108108108,15.7567567567568,16.5405405405405,27.2422578947368
2024-12-31 06:00:00,11.2,16.15,17.175,18.125,25.83533
2024-12-31 07:00:00,12,17.2051282051282,17.974358974359,18.7179487179487,25.1839105263158
2024-12-31 08:00:00,12.475,17.7,19.1,19.6,21.95608
2024-12-31 09:00:00,12.9736842105263,18.3684210526316,19.6842105263158,20.5263157894737,19.4346473684211
2024-12-31 10:00:00,13.3333333333333,18.9487179487179,20.1538461538462,21.0512820512821,19.1498789473684
2024-12-31 11:00:00,12.6578947368421,18.1315789473684,19.3421052631579,19.9473684210526,16.0584052631579
2024-12-31 12:00:00,12.05,16.925,17.825,18.4,16.71592
2024-12-31 13:00:00,10.4210526315789,14.2368421052632,15.0526315789474,15.3157894736842,17.1568052631579
2024-12-31 14:00:00,12.1578947368421,16.3157894736842,16.8157894736842,17.3684210526316,18.0922666666667
2024-12-31 15:00:00,13.1025641025641,17.6666666666667,18.3846153846154,18.8461538461538,20.23979
2024-12-31 16:00:00,14.7179487179487,19.4871794871795,20.1794871794872,20.8461538461538,17.3063473684211
2024-12-31 17:00:00,13.3,17.775,18.775,19.275,16.418445
2024-12-31 18:00:00,17.2368421052632,23.4473684210526,24.5526315789474,25.3684210526316,17.4326157894737
2024-12-31 19:00:00,16.7948717948718,22.6666666666667,23.6410256410256,24.4871794871795,16.2369315789474
2024-12-31 20:00:00,16.4102564102564,22.5641025641026,23.5384615384615,24.4358974358974,15.2216789473684
2024-12-31 21:00:00,15.9487179487179,22,23.025641025641,23.9230769230769,15.260395
2024-12-31 22:00:00,17.6216216216216,23.972972972973,25.3243243243243,25.9189189189189,18.9396888888889
2024-12-31 23:00:00,40.025641025641,51.0512820512821,54.0769230769231,55.4102564102564,21.0374263157895
2025-01-01,28.3421052631579,37.8947368421053,40.4473684210526,41.6315789473684,19.6104157894737
2025-01-01 01:00:00,23.5789473684211,32.4736842105263,34.2894736842105,35.6315789473684,16.8748444444444
2025-01-01 02:00:00,22.5128205128205,30.8974358974359,32.974358974359,33.8461538461538,16.3860105263158
2025-01-01 03:00:00,22.3846153846154,30.5897435897436,32.5128205128205,33.6410256410256,17.68668
2025-01-01 04:00:00,23.3846153846154,32.3589743589744,34.6153846153846,35.5384615384615,17.7900315789474
2025-01-01 05:00:00,26.1842105263158,36.7368421052632,39.5,40.9210526315789,18.1878210526316
2025-01-01 06:00:00,26.0512820512821,37.025641025641,40.1282051282051,41.5897435897436,16.8165263157895
2025-01-01 07:00:00,26.974358974359,38.6410256410256,42.6923076923077,44.1282051282051,16.0565526315789
2025-01-01 08:00:00,32.8205128205128,46.3333333333333,51.025641025641,53.3333333333333,15.64008
2025-01-01 09:00:00,31.4358974358974,43.1282051282051,46.3076923076923,47.7692307692308,14.4341473684211
2025-01-01 10:00:00,20.4615384615385,28.2307692307692,30.2051282051282,31.2051282051282,15.0221615789474
2025-01-01 11:00:00,5.23684210526316,7.21052631578947,7.31578947368421,7.55263157894737,9.18558947368421
2025-01-01 12:00:00,3.875,5.375,5.5,5.775,4.737458
2025-01-01 13:00:00,3.42105263157895,5.10526315789474,5.23684210526316,5.60526315789474,4.21602
2025-01-01 14:00:00,4.4,6.2,6.275,6.6,4.61372
2025-01-01 15:00:00,5.84615384615385,8.02564102564103,8.25641025641026,8.56410256410256,6.59877631578947
2025-01-01 16:00:00,6.44736842105263,8.6578947368421,8.92105263157895,9.26315789473684,10.0703072222222
2025-01-01 17:00:00,6.02564102564103,8.12820512820513,8.2051282051282,8.48717948717949,13.257193
2025-01-01 18:00:00,7.66666666666667,10.3333333333333,10.5897435897436,10.7435897435897,11.5081505263158
2025-01-01 19:00:00,8.07692307692308,10.7435897435897,10.8717948717949,11.2051282051282,12.4383105263158
2025-01-01 20:00:00,7.61538461538461,10.1282051282051,10.3589743589744,10.5641025641026,11.83901
2025-01-01 21:00:00,6.76923076923077,9.02564102564103,9.23076923076923,9.48717948717949,8.25949210526316
2025-01-01 22:00:00,5.68421052631579,8.13157894736842,8.42105263157895,8.71052631578947,4.57364315789474
2025-01-01 23:00:00,3.82051282051282,5.35897435897436,5.38461538461539,5.53846153846154,4.3963852631579
2025-01-02,4.15384615384615,6.02564102564103,6.17948717948718,6.51282051282051,4.21602
2025-01-02 01:00:00,2.05128205128205,3.23076923076923,3.30769230769231,3.41025641025641,4.24112631578947
2025-01-02 02:00:00,1.23076923076923,2.28205128205128,2.30769230769231,2.38461538461538,5.50463421052632
2025-01-02 03:00:00,1,2,2,2.18421052631579,7.27727157894737
2025-01-02 04:00:00,1.05128205128205,2.07692307692308,2.12820512820513,2.51282051282051,9.71822947368421
2025-01-02 05:00:00,1.51282051282051,2.74358974358974,2.79487179487179,2.97435897435897,13.159375
2025-01-02 06:00:00,1.16216216216216,2.18918918918919,2.27027027027027,2.56756756756757,19.1942555555556
2025-01-02 07:00:00,1.1,2.2,2.225,2.425,25.90738
2025-01-02 08:00:00,1.30769230769231,2.48717948717949,2.51282051282051,2.71794871794872,30.6645894736842
2025-01-02 09:00:00,0.461538461538462,1.12820512820513,1.15384615384615,1.25641025641026,28.206585
2025-01-02 10:00:00,0.641025641025641,1.66666666666667,1.71794871794872,1.74358974358974,23.3905052631579
2025-01-02 11:00:00,0.307692307692308,1.25641025641026,1.25641025641026,1.33333333333333,22.9046631578947
2025-01-02 12:00:00,1.15384615384615,2.20512820512821,2.28205128205128,2.56410256410256,25.1717105263158
2025-01-02 13:00:00,1.125,2.275,2.275,2.375,24.54435
2025-01-02 14:00:00,4.71052631578947,6.81578947368421,7.10526315789474,7.31578947368421,20.6105789473684
2025-01-02 15:00:00,4.48717948717949,6.48717948717949,6.76923076923077,7.1025641025641,22.7331105263158
2025-01-02 16:00:00,5.64102564102564,8.02564102564103,8.48717948717949,8.8974358974359,18.9755684210526
2025-01-02 17:00:00,7.78947368421053,10.8684210526316,11.4473684210526,11.8684210526316,19.3595894736842
2025-01-02 18:00:00,9.375,13.35,14.55,15.35,21.386265
2025-01-02 19:00:00,8.74358974358974,12.5128205128205,13.5641025641026,14.8461538461538,22.0067842105263
2025-01-02 20:00:00,8.18421052631579,11.8157894736842,12.8684210526316,13.8157894736842,21.7766421052632
2025-01-02 21:00:00,3.475,5.65,6.2,7.1,17.157745
2025-01-02 22:00:00,2.13513513513514,4,4.54054054054054,5.40540540540541,15.3557944444444
2025-01-02 23:00:00,1.94871794871795,3.79487179487179,4.46153846153846,5.25641025641026,12.9091105263158
2025-01-03,3.325,5.55,6.325,7.175,11.780578
2025-01-03 01:00:00,2.46153846153846,4.46153846153846,5.12820512820513,5.53846153846154,11.2325905263158
2025-01-03 02:00:00,1.05263157894737,2.55263157894737,2.76315789473684,3.31578947368421,9.62944368421053
2025-01-03 03:00:00,0.974358974358974,2.38461538461538,2.56410256410256,2.8974358974359,10.9398873684211
2025-01-03 04:00:00,1.7,3.05,3.175,3.625,11.896486
2025-01-03 05:00:00,3.18421052631579,4.78947368421053,4.97368421052632,5.31578947368421,12.7342526315789
2025-01-03 06:00:00,1.975,3.525,3.625,3.925,14.80593
2025-01-03 07:00:00,2,3.33333333333333,3.53846153846154,3.82051282051282,13.3353063157895
2025-01-03 08:00:00,1.13157894736842,2.31578947368421,2.42105263157895,2.57894736842105,13.9098466666667
2025-01-03 09:00:00,0.897435897435897,1.8974358974359,1.97435897435897,2.25641025641026,10.133964
2025-01-03 10:00:00,0.564102564102564,1.43589743589744,1.53846153846154,1.79487179487179,9.86419315789474
2025-01-03 11:00:00,0.375,1.3,1.325,1.525,8.0596135
2025-01-03 12:00:00,1.21052631578947,2.31578947368421,2.42105263157895,2.55263157894737,11.0587857894737
2025-01-03 13:00:00,0.743589743589744,1.82051282051282,1.87179487179487,2,11.3551373684211
2025-01-03 14:00:00,0.842105263157895,1.89473684210526,1.89473684210526,1.94736842105263,17.2523684210526
2025-01-03 15:00:00,0.6,1.7,1.7,1.725,12.972301
2025-01-03 16:00:00,0.631578947368421,1.63157894736842,1.65789473684211,1.76315789473684,12.1709810526316
2025-01-03 17:00:00,0.82051282051282,1.87179487179487,1.8974358974359,1.94871794871795,14.4431052631579
2025-01-03 18:00:00,1.21052631578947,2.36842105263158,2.44736842105263,2.52631578947368,19.4941578947368
2025-01-03 19:00:00,2.07692307692308,3.25641025641026,3.33333333333333,3.51282051282051,21.5959210526316
2025-01-03 20:00:00,0.947368421052632,2.15789473684211,2.23684210526316,2.57894736842105,17.4392222222222
2025-01-03 21:00:00,0.648648648648649,1.81081081081081,1.94594594594595,2.16216216216216,16.2310055555556
2025-01-03 22:00:00,0.918918918918919,2.21621621621622,2.32432432432432,2.59459459459459,21.2951111111111
2025-01-03 23:00:00,0.973684210526316,2.15789473684211,2.36842105263158,2.57894736842105,14.2641
2025-01-04,0.58974358974359,1.87179487179487,2.07692307692308,2.51282051282051,14.87737
2025-01-04 01:00:00,0.743589743589744,2.1025641025641,2.30769230769231,2.76923076923077,15.9113894736842
2025-01-04 02:00:00,0.487179487179487,1.76923076923077,1.87179487179487,2.15384615384615,14.3984263157895
2025-01-04 03:00:00,0.684210526315789,1.92105263157895,2.39473684210526,3.02631578947368,14.5360157894737
2025-01-04 04:00:00,0.675,2,2.3,2.9,15.09818
2025-01-04 05:00:00,0.972972972972973,2.40540540540541,2.81081081081081,3.91891891891892,19.0138888888889
2025-01-04 06:00:00,3.23684210526316,5.18421052631579,5.63157894736842,6.39473684210526,19.9415947368421
2025-01-04 07:00:00,2.51282051282051,4.43589743589744,4.8974358974359,5.61538461538461,18.3888315789474
2025-01-04 08:00:00,2.23076923076923,3.8974358974359,4.12820512820513,4.56410256410256,14.7975268421053
2025-01-04 09:00:00,2.25641025641026,3.8974358974359,4.15384615384615,4.56410256410256,15.33951
2025-01-04 10:00:00,2.41025641025641,3.97435897435897,4.1025641025641,4.76923076923077,12.7060968421053
2025-01-04 11:00:00,2.56410256410256,4.02564102564103,4.17948717948718,4.58974358974359,11.9340336842105
2025-01-04 12:00:00,3.71052631578947,5.52631578947368,5.68421052631579,5.97368421052632,12.7237263157895
2025-01-04 13:00:00,3.275,4.975,5.2,5.275,13.3887
2025-01-04 14:00:00,4.07692307692308,6.20512820512821,6.28205128205128,6.66666666666667,15.5626578947368
2025-01-04 15:00:00,6,8.30769230769231,8.61538461538461,8.8974358974359,17.545605
2025-01-04 16:00:00,6.97435897435897,9.92307692307692,10.6153846153846,11.1794871794872,21.3987578947368
2025-01-04 17:00:00,7.16216216216216,9.81081081081081,10.2972972972973,10.7567567567568,17.8757888888889
2025-01-04 18:00:00,7.51282051282051,9.8974358974359,10.2051282051282,10.3589743589744,16.863795
2025-01-04 19:00:00,12.6410256410256,16.2051282051282,17,17.6410256410256,18.8302105263158
2025-01-04 20:00:00,11.85,15.525,15.875,16.4,16.18224
2025-01-04 21:00:00,9.39473684210526,12.3157894736842,12.6578947368421,13.1578947368421,15.3659157894737
2025-01-04 22:00:00,10.7368421052632,14.0526315789474,14.4210526315789,14.9473684210526,15.7134315789474
2025-01-04 23:00:00,10.3846153846154,13.6666666666667,14.1282051282051,14.3846153846154,17.0056157894737
2025-01-05,9.7,12.425,12.8,13.15,13.16266
2025-01-05 01:00:00,10.1666666666667,13.3611111111111,13.8888888888889,14.1944444444444,13.3750888888889
2025-01-05 02:00:00,9.94871794871795,13.1538461538462,13.5641025641026,13.8717948717949,14.5003052631579
2025-01-05 03:00:00,11.525,15.225,15.9,16.675,22.276575
2025-01-05 04:00:00,12.8108108108108,16.7837837837838,17.7297297297297,18.5945945945946,21.6064473684211
2025-01-05 05:00:00,14.375,18.95,19.95,21.175,26.325245
2025-01-05 06:00:00,18.3684210526316,23.6052631578947,24.8421052631579,26.3947368421053,26.2786111111111
2025-01-05 07:00:00,19.3589743589744,25.1538461538462,26.8717948717949,29.5384615384615,24.51658
2025-01-05 08:00:00,21.3846153846154,27.5897435897436,29.2820512820513,31.3076923076923,58.8070052631579
2025-01-05 09:00:00,24.175,31.425,33.35,34.875,19.718605
2025-01-05 10:00:00,20.4210526315789,27.3421052631579,29.1842105263158,30.1578947368421,19.5470388888889
2025-01-05 11:00:00,16.6315789473684,21.8157894736842,22.7368421052632,23.2368421052632,19.2256736842105
2025-01-05 12:00:00,17.425,22.8,23.95,24.6,21.774295
2025-01-05 13:00:00,15,19.1794871794872,19.8974358974359,20.4358974358974,22.2247894736842
2025-01-05 14:00:00,17.575,22.275,23,23.575,34.38315
2025-01-05 15:00:00,18.4864864864865,23.3783783783784,24.2432432432432,24.8648648648649,34.9183333333333
2025-01-05 16:00:00,17.525,22.025,22.75,23.15,24.505315
2025-01-05 17:00:00,15.9487179487179,19.974358974359,20.5128205128205,20.9487179487179,42.0219789473684
2025-01-05 18:00:00,12.9736842105263,16.3157894736842,16.6578947368421,17.1842105263158,31.318045
2025-01-05 19:00:00,12.2820512820513,15.4871794871795,15.9230769230769,16.4102564102564,31.1123263157895
2025-01-05 20:00:00,10.6052631578947,13.5789473684211,13.8684210526316,14.0789473684211,28.2733277777778
2025-01-05 21:00:00,10.2307692307692,12.8205128205128,13.1025641025641,13.4615384615385,28.80881
2025-01-05 22:00:00,8.76315789473684,11.2105263157895,11.3421052631579,11.6052631578947,29.2713105263158
2025-01-05 23:00:00,7.725,9.8,9.975,10.225,25.69762
2025-01-06,8.73684210526316,11.0789473684211,11.2105263157895,11.3947368421053,24.2436842105263
2025-01-06 01:00:00,11.6666666666667,14.7435897435897,15,15.2307692307692,22.7253578947368
2025-01-06 02:00:00,11.4102564102564,14.6410256410256,14.9487179487179,15.4615384615385,27.2713631578947
2025-01-06 03:00:00,11.8461538461538,15.4358974358974,16.3333333333333,16.8461538461538,20.74644
2025-01-06 04:00:00,15.3684210526316,20.7368421052632,21.8947368421053,23.1578947368421,36.5490894736842
2025-01-06 05:00:00,19.5128205128205,27.6410256410256,29.8205128205128,32.0769230769231,23.1165
2025-01-06 06:00:00,23.8947368421053,34.5526315789474,38.1052631578947,39.7894736842105,25.3553210526316
2025-01-06 07:00:00,26.4473684210526,39.4210526315789,43.5263157894737,45.6315789473684,20.3790947368421
2025-01-06 08:00:00,27.9230769230769,41.5128205128205,45.9487179487179,48,27.7942631578947
2025-01-06 09:00:00,33.8157894736842,52.5263157894737,58.9736842105263,61.8947368421053,31.5298736842105
2025-01-06 10:00:00,33.1538461538462,51.3076923076923,57.025641025641,59.2307692307692,22.687275
2025-01-06 11:00:00,34.7692307692308,52.6410256410256,58.8205128205128,62.4615384615385,27.5911473684211
2025-01-06 12:00:00,37.5384615384615,59.2051282051282,68,72.1025641025641,26.0613947368421
2025-01-06 13:00:00,36.3947368421053,57.0789473684211,65.3947368421053,69.4736842105263,31.5906894736842
2025-01-06 14:00:00,34.35,53.9,61.75,66.125,31.76617
2025-01-06 15:00:00,33.9230769230769,52.5641025641026,63.4358974358974,84.1025641025641,41.5738210526316
2025-01-06 16:00:00,34.5263157894737,52.8684210526316,63.2105263157895,83.7894736842105,41.1729157894737
2025-01-06 17:00:00,37.6666666666667,59.0512820512821,69.8461538461538,79.4871794871795,37.8618947368421
2025-01-06 18:00:00,36.275,55.775,66.1,82.65,35.90813
2025-01-06 19:00:00,37.5789473684211,58.0526315789474,68.3157894736842,81.0789473684211,30.9324842105263
2025-01-06 20:00:00,29.9487179487179,47.2564102564103,55.8974358974359,65.4102564102564,28.7838052631579
2025-01-06 21:00:00,30.6923076923077,49.3846153846154,57.3846153846154,61.8461538461538,27.6975947368421
2025-01-06 22:00:00,34,53.972972972973,62.027027027027,66.972972972973,28.4818684210526
2025-01-06 23:00:00,29.2307692307692,44.9487179487179,51.3333333333333,55.0769230769231,27.6898315789474
2025-01-07,32.175,49.325,57.5,71.3,25.70494
2025-01-07 01:00:00,25.3589743589744,36.6923076923077,39.8461538461538,42.5641025641026,24.1083263157895
2025-01-07 02:00:00,21.8684210526316,31.3684210526316,33.7368421052632,34.9210526315789,22.3504684210526
2025-01-07 03:00:00,21,30.3076923076923,33.1538461538462,35.7435897435897,23.6357105263158
2025-01-07 04:00:00,25.775,37.975,42.425,45.4,90.128915
2025-01-07 05:00:00,26.0263157894737,38.4736842105263,42.8157894736842,47.0263157894737,26.1279263157895
2025-01-07 06:00:00,21.974358974359,32.3333333333333,37.1538461538462,44.7435897435897,28.5575
2025-01-07 07:00:00,24.0789473684211,35.0263157894737,39.3421052631579,42.7105263157895,26.47669
2025-01-07 08:00:00,27.0789473684211,39.1052631578947,43.2894736842105,47.3157894736842,27.1660578947368
2025-01-07 09:00:00,13.975,20.475,22.55,23.875,18.2084055
2025-01-07 10:00:00,2.76315789473684,4.65789473684211,4.81578947368421,5.10526315789474,7.463635
2025-01-07 11:00:00,1.475,2.85,3.075,3.35,7.7311315
2025-01-07 12:00:00,1.61538461538462,2.92307692307692,2.97435897435897,3.07692307692308,8.37029526315789
2025-01-07 13:00:00,1.43589743589744,2.66666666666667,2.74358974358974,2.92307692307692,7.639659
2025-01-07 14:00:00,2.05263157894737,3.63157894736842,3.73684210526316,3.94736842105263,7.94914888888889
2025-01-07 15:00:00,3.525,5.725,6.125,6.5,10.3827825
2025-01-07 16:00:00,1.47368421052632,2.63157894736842,2.68421052631579,2.71052631578947,11.0060863157895
2025-01-07 17:00:00,3.05128205128205,4.71794871794872,4.8974358974359,4.92307692307692,10.0613663157895
2025-01-07 18:00:00,2,3.5,3.625,3.8,10.11971
2025-01-07 19:00:00,2.10526315789474,3.76315789473684,3.86842105263158,4.15789473684211,13.3885221052632
2025-01-07 20:00:00,5.33333333333333,7.92307692307692,8.25641025641026,8.71794871794872,13.0143315789474
2025-01-07 21:00:00,2.97435897435897,4.71794871794872,4.87179487179487,5.05128205128205,13.7548842105263
2025-01-07 22:00:00,2.21621621621622,3.62162162162162,3.72972972972973,3.97297297297297,12.8063052631579
2025-01-07 23:00:00,2.55263157894737,4.13157894736842,4.39473684210526,4.57894736842105,11.0191063157895
2025-01-08,5.07692307692308,6.87179487179487,7,7.23076923076923,11.359822
2025-01-08 01:00:00,1.73684210526316,3.21052631578947,3.31578947368421,3.63157894736842,11.5286947368421
2025-01-08 02:00:00,1.15789473684211,2.44736842105263,2.57894736842105,2.78947368421053,11.1929466666667
2025-01-08 03:00:00,0.95,2.175,2.25,2.55,11.397665
2025-01-08 04:00:00,1.66666666666667,3.38461538461538,3.84615384615385,4.05128205128205,11.8747684210526
2025-01-08 05:00:00,1.1025641025641,2.48717948717949,2.66666666666667,2.97435897435897,12.439605
2025-01-08 06:00:00,0.717948717948718,1.76923076923077,1.97435897435897,2.23076923076923,15.8599473684211
2025-01-08 07:00:00,1.58974358974359,3.02564102564103,3.12820512820513,3.28205128205128,16.0050315789474
2025-01-08 08:00:00,1.64864864864865,2.83783783783784,2.94594594594595,3.10810810810811,14.1837473684211
2025-01-08 09:00:00,1.58974358974359,2.71794871794872,2.76923076923077,2.82051282051282,16.4609631578947
2025-01-08 10:00:00,1.075,2.1,2.1,2.3,15.978395
2025-01-08 11:00:00,1.20512820512821,2.46153846153846,2.51282051282051,2.76923076923077,11.5939989473684
2025-01-08 12:00:00,1.35,2.6,2.625,2.9,12.92814
2025-01-08 13:00:00,2.62162162162162,4.2972972972973,4.37837837837838,4.7027027027027,12.8180777777778
2025-01-08 14:00:00,2.56410256410256,4.17948717948718,4.30769230769231,4.46153846153846,12.3487010526316
2025-01-08 15:00:00,2.71794871794872,4.51282051282051,4.69230769230769,4.97435897435897,12.9541894736842
2025-01-08 16:00:00,3.35897435897436,5.1025641025641,5.28205128205128,5.56410256410256,14.47427
2025-01-08 17:00:00,4.15384615384615,6.12820512820513,6.28205128205128,6.46153846153846,14.8941210526316
2025-01-08 18:00:00,4.94871794871795,7.23076923076923,7.48717948717949,7.61538461538461,14.885815
2025-01-08 19:00:00,3.10526315789474,4.71052631578947,4.86842105263158,5.07894736842105,15.5796842105263
2025-01-08 20:00:00,3.28947368421053,4.97368421052632,5.10526315789474,5.18421052631579,14.5138777777778
2025-01-08 21:00:00,3.2,4.875,4.9,5.025,16.868425
2025-01-08 22:00:00,5.59459459459459,8.10810810810811,8.43243243243243,8.75675675675676,19.8053611111111
2025-01-08 23:00:00,11.6153846153846,14.8717948717949,15.2564102564103,15.7692307692308,19.45136
2025-01-09,9.25641025641026,12.0512820512821,12.4358974358974,12.7179487179487,22.6829526315789
2025-01-09 01:00:00,13.6923076923077,17.9487179487179,18.7948717948718,19.3076923076923,22.1449105263158
2025-01-09 02:00:00,14.5,18.9736842105263,19.7894736842105,20.5789473684211,20.5325157894737
2025-01-09 03:00:00,15.9473684210526,20.3157894736842,21.4736842105263,22.5,34.6457222222222
2025-01-09 04:00:00,10.5641025641026,13.9487179487179,14.8974358974359,16.2307692307692,50.0810894736842
2025-01-09 05:00:00,11.7368421052632,15.5789473684211,16.4473684210526,17.7368421052632,44.6649473684211
2025-01-09 06:00:00,16.2307692307692,21.8461538461538,23.2820512820513,24.7435897435897,37.392347368421
2025-01-09 07:00:00,14.25,18.475,19.15,20.825,26.130065
2025-01-09 08:00:00,16.025641025641,20.3589743589744,21.3333333333333,22.1282051282051,38.6674157894737
2025-01-09 09:00:00,15.9210526315789,20.8684210526316,22.3684210526316,24.4736842105263,34.0660263157895
2025-01-09 10:00:00,14.974358974359,19.6923076923077,20.6923076923077,22.3076923076923,25.4547736842105
2025-01-09 11:00:00,15.4615384615385,20.025641025641,21.0769230769231,21.7948717948718,20.74768
2025-01-09 12:00:00,15.4871794871795,20.2564102564103,21.4102564102564,22.5897435897436,28.5791421052632
2025-01-09 13:00:00,18.1315789473684,23.5789473684211,25.1315789473684,26.5789473684211,35.4065
2025-01-09 14:00:00,21.5384615384615,28,29.6666666666667,31.1282051282051,38.5740315789474
2025-01-09 15:00:00,23.7,30.8,32.7,34.325,49.25386
2025-01-09 16:00:00,24.7179487179487,32.5897435897436,35.4358974358974,38.1794871794872,49.3040210526316
2025-01-09 17:00:00,21.1578947368421,28.5263157894737,30.8421052631579,33.5526315789474,39.8714421052632
2025-01-09 18:00:00,7.1025641025641,9.61538461538461,10,10.6923076923077,24.1655373684211
2025-01-09 19:00:00,0.102564102564103,0.538461538461538,0.538461538461538,0.615384615384615,4.53269263157895
2025-01-09 20:00:00,0.0512820512820513,0.512820512820513,0.538461538461538,0.615384615384615,4.803033
2025-01-09 21:00:00,0.282051282051282,0.948717948717949,0.974358974358974,1.02564102564103,8.25613421052632
2025-01-09 22:00:00,0.263157894736842,1.21052631578947,1.21052631578947,1.21052631578947,9.75459263157895
2025-01-09 23:00:00,0.487179487179487,1.25641025641026,1.30769230769231,1.30769230769231,14.1336894736842
2025-01-10,0.769230769230769,1.58974358974359,1.61538461538462,1.61538461538462,12.580291
2025-01-10 01:00:00,0.342105263157895,1.21052631578947,1.26315789473684,1.28947368421053,8.50069555555556
2025-01-10 02:00:00,0.153846153846154,1.1025641025641,1.1025641025641,1.15384615384615,8.5546752631579
2025-01-10 03:00:00,0.769230769230769,1.71794871794872,1.71794871794872,1.74358974358974,11.711722
2025-01-10 04:00:00,0.666666666666667,1.61538461538462,1.69230769230769,1.76923076923077,12.4225010526316
2025-01-10 05:00:00,0.794871794871795,1.92307692307692,1.94871794871795,2.07692307692308,12.8732
2025-01-10 06:00:00,0.736842105263158,1.76315789473684,1.78947368421053,2.07894736842105,11.4168031578947
2025-01-10 07:00:00,0.871794871794872,2.07692307692308,2.1025641025641,2.56410256410256,9.93564947368421
2025-01-10 08:00:00,1.28205128205128,2.66666666666667,2.82051282051282,3.05128205128205,8.55553526315789
2025-01-10 09:00:00,1.64102564102564,2.92307692307692,3.02564102564103,3.28205128205128,11.3314795
2025-01-10 10:00:00,1.35897435897436,2.79487179487179,2.92307692307692,3.25641025641026,13.0472578947368
2025-01-10 11:00:00,1.35897435897436,2.64102564102564,2.66666666666667,2.8974358974359,13.6936157894737
2025-01-10 12:00:00,1.15384615384615,2.25641025641026,2.41025641025641,2.51282051282051,11.4958410526316
2025-01-10 13:00:00,1.02564102564103,2.28205128205128,2.30769230769231,2.51282051282051,10.5809321052632
2025-01-10 14:00:00,0.82051282051282,2.05128205128205,2.1025641025641,2.30769230769231,10.5820325
2025-01-10 15:00:00,1,2.23076923076923,2.28205128205128,2.58974358974359,13.8309684210526
2025-01-10 16:00:00,1.46153846153846,2.82051282051282,3.05128205128205,3.30769230769231,15.6721736842105
2025-01-10 17:00:00,2.21052631578947,3.68421052631579,4.02631578947368,4.39473684210526,16.4970157894737
2025-01-10 18:00:00,1.9,3.375,3.6,3.775,17.040885
2025-01-10 19:00:00,3.05128205128205,4.74358974358974,5.17948717948718,5.48717948717949,17.6881052631579
2025-01-10 20:00:00,2.15,3.6,3.9,4.275,18.317615
2025-01-10 21:00:00,1.78947368421053,3.36842105263158,3.55263157894737,4,18.8617368421053
2025-01-10 22:00:00,2.91891891891892,4.86486486486486,5.05405405405405,5.18918918918919,22.5554722222222
2025-01-10 23:00:00,2.38461538461538,4.02564102564103,4.20512820512821,4.56410256410256,19.9637736842105
2025-01-11,2.07894736842105,3.52631578947368,3.71052631578947,4.23684210526316,20.1598210526316
2025-01-11 01:00:00,2,3.35,3.45,3.825,15.04548
2025-01-11 02:00:00,1.78947368421053,3.21052631578947,3.42105263157895,3.94736842105263,16.2750263157895
2025-01-11 03:00:00,1.53846153846154,2.84615384615385,2.8974358974359,3.30769230769231,15.0188947368421
2025-01-11 04:00:00,1.66666666666667,2.82051282051282,2.84615384615385,3.17948717948718,18.2159526315789
2025-01-11 05:00:00,1.30769230769231,2.35897435897436,2.53846153846154,2.71794871794872,10.350423
2025-01-11 06:00:00,0.58974358974359,1.56410256410256,1.66666666666667,1.97435897435897,11.9868747368421
2025-01-11 07:00:00,1.1,2.275,2.375,2.7,15.33098
2025-01-11 08:00:00,1.15789473684211,2.31578947368421,2.55263157894737,2.84210526315789,17.0157333333333
2025-01-11 09:00:00,1.02631578947368,2.13157894736842,2.21052631578947,2.55263157894737,20.3677157894737
2025-01-11 10:00:00,0.5,1.7,1.925,2.25,11.856269
2025-01-11 11:00:00,0.923076923076923,2.05128205128205,2.20512820512821,2.74358974358974,12.9686631578947
2025-01-11 12:00:00,0.657894736842105,1.76315789473684,1.97368421052632,2.34210526315789,12.9197989473684
2025-01-11 13:00:00,0.717948717948718,1.84615384615385,1.97435897435897,2.46153846153846,12.9553484210526
2025-01-11 14:00:00,0.897435897435897,1.94871794871795,2.02564102564103,2.25641025641026,11.75068
2025-01-11 15:00:00,0.512820512820513,1.53846153846154,1.58974358974359,1.8974358974359,13.7990947368421
2025-01-11 16:00:00,0.58974358974359,1.58974358974359,1.69230769230769,1.97435897435897,13.8324
2025-01-11 17:00:00,0.815789473684211,1.81578947368421,1.86842105263158,2.21052631578947,14.1173833333333
2025-01-11 18:00:00,1.07692307692308,2.17948717948718,2.28205128205128,2.76923076923077,13.4646368421053
2025-01-11 19:00:00,0.948717948717949,2.05128205128205,2.12820512820513,2.43589743589744,13.284485
2025-01-11 20:00:00,0.897435897435897,2,2.17948717948718,2.64102564102564,16.3712842105263
2025-01-11 21:00:00,1,2.1,2.175,2.475,20.050985
2025-01-11 22:00:00,1.45945945945946,2.51351351351351,2.56756756756757,2.72972972972973,26.7450666666667
2025-01-11 23:00:00,0.794871794871795,1.74358974358974,1.76923076923077,1.87179487179487,17.911645
2025-01-12,0.538461538461538,1.51282051282051,1.61538461538462,1.79487179487179,18.0832578947368
2025-01-12 01:00:00,0.25,1.1,1.125,1.2,16.848235
2025-01-12 02:00:00,0.459459459459459,1.35135135135135,1.40540540540541,1.62162162162162,16.9589
2025-01-12 03:00:00,0.692307692307692,1.71794871794872,1.84615384615385,2.25641025641026,17.0275894736842
2025-01-12 04:00:00,0.384615384615385,1.41025641025641,1.46153846153846,1.66666666666667,15.6917947368421
2025-01-12 05:00:00,0.487179487179487,1.46153846153846,1.48717948717949,1.84615384615385,14.77181
2025-01-12 06:00:00,1.02564102564103,2.30769230769231,2.61538461538462,2.82051282051282,16.6036210526316
2025-01-12 07:00:00,1.71794871794872,3.02564102564103,3.23076923076923,3.46153846153846,17.18351
2025-01-12 08:00:00,1.56756756756757,2.83783783783784,2.94594594594595,3.27027027027027,15.1200833333333
2025-01-12 09:00:00,1.42105263157895,2.84210526315789,3.02631578947368,3.31578947368421,13.3373263157895
2025-01-12 10:00:00,1.375,2.7,2.775,3.15,11.1037835
2025-01-12 11:00:00,1.56756756756757,2.94594594594595,3.05405405405405,3.45945945945946,8.22050894736842
2025-01-12 12:00:00,1.47368421052632,2.84210526315789,3.07894736842105,3.71052631578947,10.7440963157895
2025-01-12 13:00:00,1.53846153846154,3.12820512820513,3.33333333333333,3.84615384615385,14.3853978947368
2025-01-12 14:00:00,1.675,3.05,3.275,4.2,18.871
2025-01-12 15:00:00,2.81578947368421,4.60526315789474,4.97368421052632,5.76315789473684,22.5602315789474
2025-01-12 16:00:00,2.85,4.575,4.9,5.325,24.006195
2025-01-12 17:00:00,4.71052631578947,6.81578947368421,7.26315789473684,7.60526315789474,22.3288722222222
2025-01-12 18:00:00,1.57894736842105,2.94736842105263,3.05263157894737,3.57894736842105,18.8110631578947
2025-01-12 19:00:00,2.20512820512821,3.82051282051282,4.07692307692308,4.58974358974359,16.7366526315789
2025-01-12 20:00:00,1.875,3.325,3.575,3.825,16.048315
2025-01-12 21:00:00,1.74358974358974,2.97435897435897,3.1025641025641,3.46153846153846,15.1191526315789
2025-01-12 22:00:00,3.34285714285714,5.08571428571429,5.22857142857143,5.51428571428571,16.5953055555556
2025-01-12 23:00:00,1.61538461538462,3.1025641025641,3.25641025641026,3.61538461538462,15.3552315789474
2025-01-13,1.23684210526316,2.5,2.60526315789474,2.92105263157895,18.78355
2025-01-13 01:00:00,1.58974358974359,2.82051282051282,3,3.23076923076923,17.03414
2025-01-13 02:00:00,2.33333333333333,3.74358974358974,3.82051282051282,4.07692307692308,17.0283473684211
2025-01-13 03:00:00,1.64102564102564,2.92307692307692,2.97435897435897,3.15384615384615,15.11855
2025-01-13 04:00:00,2.18421052631579,3.65789473684211,3.65789473684211,3.78947368421053,19.73255
2025-01-13 05:00:00,3.325,5.15,5.425,5.75,25.8346
2025-01-13 06:00:00,6.71052631578947,8.92105263157895,9.13157894736842,9.5,22.8988315789474
2025-01-13 07:00:00,6.56410256410256,9.25641025641026,9.82051282051282,10.2307692307692,21.2645631578947
2025-01-13 08:00:00,3.65,5.425,5.65,5.975,21.581998
2025-01-13 09:00:00,2.94871794871795,4.69230769230769,5.1025641025641,5.84615384615385,20.4197888888889
2025-01-13 10:00:00,2.43589743589744,4.05128205128205,4.38461538461539,4.53846153846154,16.929135
2025-01-13 11:00:00,0.717948717948718,1.97435897435897,2.07692307692308,2.33333333333333,9.6550852631579
2025-01-13 12:00:00,0.871794871794872,2.1025641025641,2.25641025641026,2.56410256410256,11.0066255
2025-01-13 13:00:00,1.78947368421053,3.26315789473684,3.44736842105263,3.47368421052632,13.9427177777778
2025-01-13 14:00:00,2.3,3.875,4.4,4.825,21.56437
2025-01-13 15:00:00,5.27027027027027,7.83783783783784,8.40540540540541,8.94594594594595,28.7064842105263
2025-01-13 16:00:00,6.74358974358974,10.1025641025641,11.1282051282051,11.9230769230769,27.6108789473684
2025-01-13 17:00:00,7.475,11.125,12.05,12.575,25.29139
2025-01-13 18:00:00,9.94736842105263,14.5526315789474,15.9736842105263,17.3157894736842,26.8048555555556
2025-01-13 19:00:00,9.17948717948718,12.8205128205128,13.7179487179487,14.3076923076923,25.118045
2025-01-13 20:00:00,10.0769230769231,13.6666666666667,14.2820512820513,14.5641025641026,20.4928210526316
2025-01-13 21:00:00,11.775,16.1,17.05,17.6,20.127665
2025-01-13 22:00:00,13.8055555555556,18.9444444444444,20.0833333333333,20.7777777777778,16.2675888888889
2025-01-13 23:00:00,17.8157894736842,25.9736842105263,28.6842105263158,29.9473684210526,17.9217666666667
2025-01-14,17.85,24.7,26.875,28.35,17.571815
2025-01-14 01:00:00,11.025641025641,14.6410256410256,15.4102564102564,15.8974358974359,18.3134526315789
2025-01-14 02:00:00,8.1025641025641,11.2051282051282,11.7435897435897,12.3589743589744,14.24018
2025-01-14 03:00:00,8.44736842105263,11.5526315789474,12.1578947368421,12.8421052631579,16.8350052631579
2025-01-14 04:00:00,9.45945945945946,13.2162162162162,13.972972972973,14.8918918918919,27.1706157894737
2025-01-14 05:00:00,10.2368421052632,13.7631578947368,14.7105263157895,15.4210526315789,29.2625157894737
2025-01-14 06:00:00,14.3846153846154,19.1794871794872,20.7435897435897,21.5897435897436,48.50935
2025-01-14 07:00:00,16.4102564102564,21.7179487179487,23.7435897435897,25.8974358974359,47.0267
2025-01-14 08:00:00,17.9459459459459,23.9189189189189,25.6756756756757,28.3513513513514,34.7496833333333
2025-01-14 09:00:00,16.9210526315789,22.3684210526316,24.0263157894737,25.7105263157895,43.8649368421053
2025-01-14 10:00:00,12,15.6153846153846,16.3589743589744,17.2820512820513,26.5232210526316
2025-01-14 11:00:00,10.425,13.75,14.225,15.025,16.539605
2025-01-14 12:00:00,10.8461538461538,14.4358974358974,15.2307692307692,16.025641025641,26.7697210526316
2025-01-14 13:00:00,10.7435897435897,14,14.7179487179487,15.3846153846154,30.59453
2025-01-14 14:00:00,14.7692307692308,19.3846153846154,20.6153846153846,22.8205128205128,39.4945263157895
2025-01-14 15:00:00,16.0512820512821,21.3333333333333,23.3846153846154,26.6923076923077,52.7607210526316
2025-01-14 16:00:00,16.7631578947368,21.9736842105263,23.7105263157895,26.3684210526316,57.1310368421053
2025-01-14 17:00:00,21.875,28.825,31.175,32.85,47.79081
2025-01-14 18:00:00,24.1025641025641,30.6923076923077,31.8974358974359,32.7179487179487,29.6566421052632
2025-01-14 19:00:00,24.4864864864865,31.3783783783784,32.8918918918919,33.8378378378378,30.5063722222222
2025-01-14 20:00:00,21.475,27.525,29.425,31.8,33.30967
2025-01-14 21:00:00,20.6153846153846,26.7692307692308,29.025641025641,32.1282051282051,40.2279894736842
2025-01-14 22:00:00,22.7631578947368,29.3421052631579,31.8947368421053,34.4736842105263,43.8183105263158
2025-01-14 23:00:00,19.8717948717949,26.2820512820513,28.2051282051282,30.8461538461538,30.7912789473684
2025-01-15,4.64102564102564,6.48717948717949,6.69230769230769,7.02564102564103,20.6307421052632
2025-01-15 01:00:00,2.21052631578947,3.39473684210526,3.47368421052632,3.55263157894737,17.4364473684211
2025-01-15 02:00:00,0.41025641025641,1.33333333333333,1.33333333333333,1.46153846153846,15.01134
2025-01-15 03:00:00,0.58974358974359,1.58974358974359,1.58974358974359,1.74358974358974,15.2909631578947
2025-01-15 04:00:00,0.948717948717949,2,2.05128205128205,2.17948717948718,20.73291
2025-01-15 05:00:00,1.55263157894737,2.73684210526316,2.78947368421053,2.97368421052632,23.2107611111111
2025-01-15 06:00:00,2.02564102564103,3.33333333333333,3.46153846153846,3.64102564102564,24.4168263157895
2025-01-15 07:00:00,1.325,2.425,2.475,2.75,18.17225
2025-01-15 08:00:00,3.52631578947368,5.44736842105263,5.78947368421053,6.18421052631579,21.1805736842105
2025-01-15 09:00:00,3.25,5.125,5.3,5.55,17.5219
2025-01-15 10:00:00,1.82051282051282,3.17948717948718,3.46153846153846,4.23076923076923,15.3833894736842
2025-01-15 11:00:00,2.07894736842105,4.42105263157895,4.89473684210526,5.65789473684211,12.7514178947368
2025-01-15 12:00:00,0.75,1.875,2.05,2.25,12.0648478947368
2025-01-15 13:00:00,0.974358974358974,1.82051282051282,1.82051282051282,2.25641025641026,11.219213
2025-01-15 14:00:00,1.17948717948718,2.28205128205128,2.43589743589744,2.69230769230769,17.8647336842105
2025-01-15 15:00:00,3.02631578947368,4.89473684210526,5.07894736842105,5.39473684210526,17.6834388888889
2025-01-15 16:00:00,3.07692307692308,5.02564102564103,5.28205128205128,5.66666666666667,27.31537
2025-01-15 17:00:00,8.74358974358974,11.9487179487179,12.4102564102564,12.7179487179487,32.5418368421053
2025-01-15 18:00:00,8.7,11.725,12.025,12.35,30.898575
2025-01-15 19:00:00,6.65789473684211,9.86842105263158,10.3947368421053,10.8947368421053,22.7739105263158
2025-01-15 20:00:00,8.82051282051282,13.0512820512821,13.974358974359,14.5384615384615,20.5041105263158
2025-01-15 21:00:00,11.8974358974359,16.7435897435897,17.8461538461538,18.3589743589744,25.5880894736842
2025-01-15 22:00:00,10.8421052631579,15.1578947368421,16.3157894736842,16.7631578947368,19.7731947368421
2025-01-15 23:00:00,25.5789473684211,36.4210526315789,39.3684210526316,41,14.5805157894737
2025-01-16,11.8421052631579,17,17.9210526315789,18.7105263157895,12.5890611111111
2025-01-16 01:00:00,5.95689655172414,8.68103448275862,8.97413793103448,9.38793103448276,12.2502303448276
2025-01-16 02:00:00,11.7142857142857,16.1964285714286,17.6696428571429,19.2232142857143,14.948992
2025-01-16 03:00:00,18.425,24.5,26.075,27.6,21.665335
2025-01-16 04:00:00,19.3333333333333,26.7435897435897,28.7179487179487,31.3076923076923,24.0720210526316
2025-01-16 05:00:00,16.8157894736842,23.5,25.5789473684211,28.1315789473684,26.9742
2025-01-16 06:00:00,21.9487179487179,30.1282051282051,33.2051282051282,37.5641025641026,25.2035526315789
2025-01-16 07:00:00,20.4,28.6,31.6,33.675,26.70717
2025-01-16 08:00:00,14.4615384615385,19.7948717948718,21.1794871794872,22.3333333333333,30.4132368421053
2025-01-16 09:00:00,7.39473684210526,10.1315789473684,10.3421052631579,10.7631578947368,15.0757526315789
2025-01-16 10:00:00,7.07692307692308,9.74358974358974,10.025641025641,10.4102564102564,11.0327915789474
2025-01-16 11:00:00,5.71794871794872,7.56410256410256,7.74358974358974,8,10.1648515789474
2025-01-16 12:00:00,3.6,4.9,4.975,5.125,14.37286
2025-01-16 13:00:00,4.18888888888889,5.66666666666667,5.77777777777778,5.87777777777778,15.5430577777778
2025-01-16 14:00:00,5.99047619047619,7.64761904761905,7.75238095238095,7.96190476190476,15.6646960784314
2025-01-16 15:00:00,8.43589743589744,10.6666666666667,10.8461538461538,11.1538461538462,16.6171842105263
2025-01-16 16:00:00,8.07692307692308,10.2051282051282,10.3333333333333,10.6923076923077,16.966575
2025-01-16 17:00:00,8.29896907216495,10.360824742268,10.5463917525773,10.7319587628866,17.6592127659574
2025-01-22 11:00:00,23.4659090909091,34.3522727272727,37.6477272727273,39.1818181818182,17.8599727272727
2025-01-22 12:00:00,24.775,35.95,38.875,40.8,20.3523894736842
2025-01-22 13:00:00,24.5128205128205,35.9230769230769,39.8974358974359,42.2051282051282,23.188205
2025-01-22 14:00:00,26.8205128205128,39.8205128205128,44.2564102564103,46.6923076923077,26.6715842105263
2025-01-22 15:00:00,29.2051282051282,43.4615384615385,48,50.3589743589744,30.5619052631579
2025-01-22 16:00:00,28.6052631578947,42.6578947368421,47.2368421052632,49.4210526315789,33.2345210526316
2025-01-22 17:00:00,30.974358974359,47.025641025641,52.6666666666667,55.1025641025641,31.1363052631579
2025-01-22 18:00:00,27.775,42.15,47.225,49.75,25.7967
2025-01-22 19:00:00,22.5675675675676,32.2162162162162,34.1081081081081,35.7567567567568,18.8723263157895
2025-01-22 20:00:00,24.2051282051282,34.5641025641026,37.3846153846154,38.9230769230769,19.4420421052632
2025-01-22 21:00:00,27.1315789473684,39.8157894736842,44.4210526315789,46.6842105263158,20.2467684210526
2025-01-22 22:00:00,27.4363636363636,40.3363636363636,45.0181818181818,47.7636363636364,20.4848690909091
2025-01-22 23:00:00,27.6410256410256,41.0769230769231,45.7435897435897,48.8461538461538,21.9013578947368
2025-01-23,26.7894736842105,39.8157894736842,44.1578947368421,46.8947368421053,20.0635684210526
2025-01-23 01:00:00,23.3076923076923,34,36.974358974359,39,12.7128821052632
2025-01-23 02:00:00,11.974358974359,16.2051282051282,16.8461538461538,17.3076923076923,8.88274210526316
2025-01-23 03:00:00,9.225,12.3,12.725,13.175,8.890094
2025-01-23 04:00:00,8.3421052631579,10.9210526315789,11.1842105263158,11.5,10.6162157894737
2025-01-23 05:00:00,9.17948717948718,12,12.3846153846154,12.6153846153846,11.0693631578947
2025-01-23 06:00:00,8.97435897435897,11.7948717948718,12.1282051282051,12.3589743589744,11.1792263157895
2025-01-23 07:00:00,7.30769230769231,9.66666666666667,9.92307692307692,10.2564102564103,12.185543
2025-01-23 08:00:00,7.28205128205128,9.94871794871795,10.1794871794872,10.4358974358974,13.5963431578947
2025-01-23 09:00:00,8.38461538461539,11.1538461538462,11.5641025641026,11.8974358974359,12.55313
2025-01-23 10:00:00,9,11.9230769230769,12.3846153846154,12.6666666666667,17.3388842105263
2025-01-23 11:00:00,9.16216216216216,11.8108108108108,12.2432432432432,12.7297297297297,18.4845944444444
2025-01-23 12:00:00,10.05,13.35,13.9,14.55,12.276046
2025-01-23 13:00:00,12.0526315789474,15.5263157894737,15.9473684210526,16.4736842105263,14.9875210526316
2025-01-23 14:00:00,12.4,16.25,16.8,17.375,14.55606
2025-01-23 15:00:00,12.7692307692308,16.8205128205128,17.4358974358974,18.025641025641,16.8992526315789
2025-01-23 16:00:00,12.6052631578947,16.5,17.1315789473684,17.7894736842105,24.2648947368421
2025-01-23 17:00:00,18.1282051282051,23.8717948717949,25.0512820512821,26.6153846153846,27.4599842105263
2025-01-23 18:00:00,21.95,28.9,30.75,32.35,25.974955
2025-01-23 19:00:00,29.5641025641026,39.8205128205128,42.7435897435897,45.3333333333333,25.9656315789474
2025-01-23 20:00:00,33.6578947368421,46.1842105263158,50.3947368421053,53.2894736842105,24.7278631578947
2025-01-23 21:00:00,26.4358974358974,34.8974358974359,37.4615384615385,39.6666666666667,22.9525210526316
2025-01-23 22:00:00,27.7297297297297,36.972972972973,39.7297297297297,42.6216216216216,23.6625777777778
2025-01-23 23:00:00,24.6666666666667,34.0769230769231,37.4358974358974,41.3589743589744,23.39661
2025-01-24,22.8974358974359,31.7692307692308,35.5384615384615,40.0769230769231,20.0267105263158
2025-01-24 01:00:00,26.35,36.225,39.925,45.1,19.129645
2025-01-24 02:00:00,26.4736842105263,35.9473684210526,39.5789473684211,42.7631578947368,16.6181473684211
2025-01-24 03:00:00,25.825,35.05,38.3,41.725,19.671015
2025-01-24 04:00:00,26.5789473684211,36.1315789473684,40.1052631578947,45.3947368421053,23.6638722222222
2025-01-24 05:00:00,24.8947368421053,33.7368421052632,37.4210526315789,44,19.6699578947368
2025-01-24 06:00:00,26.075,35.525,38.675,43.525,19.53534
2025-01-24 07:00:00,28,37.9230769230769,41.4871794871795,46.3589743589744,22.6849578947368
2025-01-24 08:00:00,26.2564102564103,35.5384615384615,39.5384615384615,45.8974358974359,20.3817526315789
2025-01-24 09:00:00,24.4473684210526,32.7894736842105,36.4210526315789,40.8684210526316,20.3801315789474
2025-01-24 10:00:00,22,29.325,31.825,35.425,21.09435
2025-01-24 11:00:00,18.7435897435897,25.025641025641,27.1282051282051,30.5641025641026,24.3471684210526
2025-01-24 12:00:00,17.575,23.15,24.55,26.35,20.9614
2025-01-24 13:00:00,14.7105263157895,19.1842105263158,20.6315789473684,21.9210526315789,24.5262789473684
2025-01-24 14:00:00,16.1025641025641,21.1282051282051,22.6153846153846,24.8717948717949,29.4656684210526
2025-01-24 15:00:00,19.4358974358974,25.7179487179487,27.1025641025641,28.9230769230769,36.5910421052632
2025-01-24 16:00:00,23.3684210526316,30.5263157894737,32.3684210526316,33.8947368421053,38.6543684210526
2025-01-24 17:00:00,23.575,30.675,33.175,34.8,37.71273
2025-01-24 18:00:00,31.974358974359,42.3589743589744,45.7948717948718,48.0512820512821,35.5401947368421
2025-01-24 19:00:00,36.030303030303,47.3333333333333,50.5454545454545,52.6969696969697,32.8825538461538
2025-01-24 20:00:00,46.5263157894737,62.7368421052632,67.4736842105263,71.4210526315789,NA
2025-01-24 21:00:00,40.7,54.7,58.75,61.05,NA
2025-01-24 22:00:00,32.7894736842105,44.6315789473684,49.1052631578947,51.0526315789474,NA
2025-01-24 23:00:00,30.6315789473684,42.2631578947368,45.4210526315789,48.2631578947368,NA
2025-01-25,36.6,49.85,54,57.8,NA
2025-01-25 01:00:00,38.0526315789474,52.1052631578947,56.2105263157895,59.8947368421053,NA
2025-01-25 02:00:00,40.65,56.05,60.15,63.95,NA
2025-01-25 03:00:00,36.0526315789474,49.7368421052632,54.3684210526316,59.2105263157895,NA
2025-01-25 04:00:00,30.35,42.6,47.1,52.8,NA
2025-01-25 05:00:00,27.1,38.6,41.95,44.75,NA
2025-01-25 06:00:00,28.5789473684211,40.2105263157895,43.8947368421053,45.7894736842105,NA
2025-01-25 07:00:00,26.8,36.85,40.2,42.45,NA
2025-01-25 08:00:00,31.5,43.5,46.9,50,NA
2025-01-25 09:00:00,34.35,47.05,51.15,53.6,NA
2025-01-25 10:00:00,34.4210526315789,49.6315789473684,55.2105263157895,61.5789473684211,NA
2025-01-25 11:00:00,36.85,53.65,62.2,73.1,NA
2025-01-25 12:00:00,29.85,41.2,45.1,49.25,NA
2025-01-25 13:00:00,28,40,46.2631578947368,54,NA
2025-01-25 14:00:00,27.6,37.9,42.05,45.55,NA
2025-01-25 15:00:00,26.65,35.85,38.25,40.5,NA
2025-01-25 16:00:00,41.85,60.05,65.7,69.4,NA
2025-01-25 17:00:00,35.3157894736842,48.4210526315789,51.7368421052632,54.9473684210526,NA
2025-01-25 18:00:00,40.75,55.6,60.45,63.2,NA
2025-01-25 19:00:00,51.45,70,74.9,78.25,NA
2025-01-25 20:00:00,37.7894736842105,52.0526315789474,57.0526315789474,59.4736842105263,NA
2025-01-25 21:00:00,24.5,32.75,34.15,35.25,NA
2025-01-25 22:00:00,14.5789473684211,19.6315789473684,20.5263157894737,21.4210526315789,NA
2025-01-25 23:00:00,22.65,31.75,34.7,38.65,NA
2025-01-26,16.4210526315789,22.3157894736842,23.5263157894737,25.6315789473684,NA
2025-01-26 01:00:00,17.0526315789474,22.8947368421053,24.7894736842105,27.0526315789474,NA
2025-01-26 02:00:00,15.75,21.45,23.4,25.55,NA
2025-01-26 03:00:00,16.3157894736842,22.0526315789474,23.5263157894737,25.3157894736842,NA
2025-01-26 04:00:00,15.15,20.3,21.4,22.8,NA
2025-01-26 05:00:00,14.75,19.65,20.9,22.05,NA
2025-01-26 06:00:00,18.3333333333333,24.4444444444444,26.2222222222222,27.7777777777778,NA
2025-01-26 07:00:00,22.1578947368421,30.2631578947368,32.0526315789474,34.1578947368421,NA
2025-01-26 08:00:00,23.55,31,32.6,33.45,NA
2025-01-26 09:00:00,20.55,27.2,28.35,29.25,NA
2025-01-26 10:00:00,16.4736842105263,22.2631578947368,23.3157894736842,23.8421052631579,NA
2025-01-26 11:00:00,13.4,18.1,18.5,18.9,NA
2025-01-26 12:00:00,20.1578947368421,26.2105263157895,27.4736842105263,28.5263157894737,NA
2025-01-26 13:00:00,20.1,27.35,29.3,30.75,NA
2025-01-26 14:00:00,24.8947368421053,32.9473684210526,34.8421052631579,37.6842105263158,NA
2025-01-26 15:00:00,30.7,40.4,42.6,44.3,NA
2025-01-26 16:00:00,40.2,52.75,56.95,60.7,NA
2025-01-26 17:00:00,23.6842105263158,32.7894736842105,35.8947368421053,40,NA
2025-01-26 18:00:00,15.4,21.25,22.9,24.1,NA
2025-01-26 19:00:00,32,42.7,46.7,49.2,NA
2025-01-26 20:00:00,51.4,70.15,75.75,80.75,NA
2025-01-26 21:00:00,58.0526315789474,80.2105263157895,87.7368421052632,91.8947368421053,NA
2025-01-26 22:00:00,60,82.7368421052632,90.1578947368421,95.2631578947368,NA
2025-01-26 23:00:00,63,85.9,93.7,98.45,NA
2025-01-27,58.8947368421053,80.6842105263158,87.4210526315789,92.6315789473684,NA
2025-01-27 01:00:00,52.2105263157895,70.8421052631579,75.8947368421053,80,NA
2025-01-27 02:00:00,37.45,51.15,55,56.95,NA
2025-01-27 03:00:00,31.2777777777778,42.6111111111111,45.5555555555556,47.2222222222222,NA
2025-01-27 04:00:00,27.45,38.6,42.5,44.3,NA
2025-01-27 05:00:00,26.05,35.65,38.55,40.9,NA
2025-01-27 06:00:00,24.4,34.05,37.2,39.2,NA
2025-01-27 07:00:00,25.2105263157895,36.4210526315789,40.0526315789474,42.6315789473684,NA
2025-01-27 08:00:00,23.8,32.4,34.75,37.1,NA
2025-01-27 09:00:00,23.05,32.45,35.65,40,NA
2025-01-27 10:00:00,20.2631578947368,28.6842105263158,32.1578947368421,36.1052631578947,NA
2025-01-27 11:00:00,16.65,22.9,24.55,26.15,NA
2025-01-27 12:00:00,17.5,24.3,26.7,29.85,NA
2025-01-27 13:00:00,17.45,25.1,28.4,32.7,NA
2025-01-27 14:00:00,11.2631578947368,15.5263157894737,16.7894736842105,18.4210526315789,NA
2025-01-27 15:00:00,21.05,28.4,30.05,32.1,NA
2025-01-27 16:00:00,26,35.25,36.95,39.7,NA
2025-01-27 17:00:00,33.6315789473684,44.4736842105263,48,50.9473684210526,NA
2025-01-27 18:00:00,23.4210526315789,32.3157894736842,36.6842105263158,43.2105263157895,NA
2025-01-27 19:00:00,21.6,29.85,32.7,36.15,NA
2025-01-27 20:00:00,22,31,35.7,42.7,NA
2025-01-27 21:00:00,15.7647058823529,21.4117647058824,22.5882352941176,24.2352941176471,NA
2025-01-27 22:00:00,21.3157894736842,28.7894736842105,30.1578947368421,31.9473684210526,NA
2025-01-27 23:00:00,26,36.65,39.25,40.7,NA
2025-01-28,19.4210526315789,27.3157894736842,29.0526315789474,31.2105263157895,NA
2025-01-28 01:00:00,18.8,27.1,31.5,39.3,NA
2025-01-28 02:00:00,23.75,33.7,38.5,44.2,NA
2025-01-28 03:00:00,27.45,37.55,41.65,45.8,NA
2025-01-28 04:00:00,37.2631578947368,54,60.6315789473684,64.2631578947368,NA
2025-01-28 05:00:00,36.65,50,53.55,56.35,NA
2025-01-28 06:00:00,44.7,61.15,66.25,69.85,NA
2025-01-28 07:00:00,33.1052631578947,45.6315789473684,49.4210526315789,51.8421052631579,NA
2025-01-28 08:00:00,31.2,42.3,45.75,47.7,NA
2025-01-28 09:00:00,36.8,50.45,54.5,56.7,NA
2025-01-28 10:00:00,23.45,31.95,33.45,35.95,NA
2025-01-28 11:00:00,19,24.3684210526316,25.6315789473684,26.4736842105263,NA
2025-01-28 12:00:00,16.15,20.75,21.8,23.2,NA
2025-01-28 13:00:00,17.9,23.35,24.3,25.25,NA
2025-01-28 14:00:00,11.6,16.5,17.65,18.4,NA
2025-01-28 15:00:00,24.6842105263158,35.6315789473684,39.3684210526316,42.0526315789474,NA
2025-01-28 16:00:00,11.6,16.35,17.05,17.9,NA
2025-01-28 17:00:00,11,14.85,15.5,15.95,NA
2025-01-28 18:00:00,7.73684210526316,10.7368421052632,10.8421052631579,11.3157894736842,NA
2025-01-28 19:00:00,7.25,10.05,10.5,11,NA
2025-01-28 20:00:00,11.75,16.45,17.35,18.4,NA
2025-01-28 21:00:00,27.4,38.7,40.9,41.85,NA
2025-01-28 22:00:00,7.72222222222222,11.3888888888889,12,12.6111111111111,NA
2025-01-28 23:00:00,4.6,7.05,7.35,7.85,NA
2025-01-29,7,10.45,10.95,11.65,NA
2025-01-29 01:00:00,8.42105263157895,12.0526315789474,12.5789473684211,13.1052631578947,NA
2025-01-29 02:00:00,12.2,16.35,17.5,18,NA
2025-01-29 03:00:00,18.15,24.55,26.2,28.9,NA
2025-01-29 04:00:00,17.3,23.7,26,28.15,NA
2025-01-29 05:00:00,7.15789473684211,9.68421052631579,10.3684210526316,11.1052631578947,NA
2025-01-29 06:00:00,3.6,5.45,5.7,6,NA
2025-01-29 07:00:00,2.25,3.55,3.65,3.8,NA
2025-01-29 08:00:00,1.78947368421053,3.05263157894737,3.15789473684211,3.36842105263158,NA
2025-01-29 09:00:00,1.4,2.55,2.55,2.7,NA
2025-01-29 10:00:00,1.11111111111111,2.44444444444444,2.5,2.61111111111111,NA
2025-01-29 11:00:00,0.684210526315789,1.94736842105263,1.94736842105263,2.05263157894737,NA
2025-01-29 12:00:00,0.25,1.35,1.35,1.5,NA
2025-01-29 13:00:00,0.55,1.45,1.55,1.85,NA
2025-01-29 14:00:00,1.10526315789474,2.31578947368421,2.31578947368421,2.31578947368421,NA
2025-01-29 15:00:00,2.5,3.95,4.1,4.4,NA
2025-01-29 16:00:00,3.4,5.25,5.45,5.5,NA
2025-01-29 17:00:00,8.68421052631579,11.9473684210526,12.4210526315789,12.7894736842105,NA
2025-01-29 18:00:00,15.85,21.45,22.35,22.95,NA
2025-01-29 19:00:00,11.35,16.45,17.95,18.4,NA
2025-01-29 20:00:00,14.85,20.95,22.45,23.25,NA
2025-01-29 21:00:00,14.3157894736842,19.8947368421053,21.1052631578947,22.1578947368421,NA
2025-01-29 22:00:00,20.8421052631579,29.0526315789474,31.1578947368421,32.3684210526316,NA
2025-01-29 23:00:00,27.25,38.65,42.2,45.35,NA
2025-01-30,22,31.2105263157895,33.7368421052632,36.0526315789474,NA
2025-01-30 01:00:00,14.5,21,23.3,24.7,NA
2025-01-30 02:00:00,18.6,26.45,29,30.9,NA
2025-01-30 03:00:00,19.7894736842105,27.3684210526316,29.1578947368421,31,NA
2025-01-30 04:00:00,24.5,36.1,42.15,46.85,NA
2025-01-30 05:00:00,19.6,30.3,36.15,40.15,NA
2025-01-30 06:00:00,23.5263157894737,34.5263157894737,39.5789473684211,43.9473684210526,NA
2025-01-30 07:00:00,35.7368421052632,52.8947368421053,60.2631578947368,67.3684210526316,NA
2025-01-30 08:00:00,25.4,37.55,42.6,45.1,NA
2025-01-30 09:00:00,21.4736842105263,31.3684210526316,34.7368421052632,38.6315789473684,NA
2025-01-30 10:00:00,22.65,32.8,36.25,39.15,NA
2025-01-30 11:00:00,19,26.15,27.6,28.3,NA
2025-01-30 12:00:00,14.8,20.2,21.45,22.5,NA
2025-01-30 13:00:00,16,21.3157894736842,22.4210526315789,23.5263157894737,NA
2025-01-30 14:00:00,16.4,22.5,24.05,25.35,NA
2025-01-30 15:00:00,20.4736842105263,28.1578947368421,29.7894736842105,32.1052631578947,NA
2025-01-30 16:00:00,29.7368421052632,40,42.2631578947368,44.0526315789474,NA
2025-01-30 17:00:00,30.85,41.55,44.2,45.95,NA
2025-01-30 18:00:00,22.15,29.6,31.4,32.4,NA
2025-01-30 19:00:00,20.6842105263158,27.4210526315789,28.8421052631579,29.4736842105263,NA
2025-01-30 20:00:00,21.7,29.3,31,32.3,NA
2025-01-30 21:00:00,28.65,39.6,41.8,43.2,NA
2025-01-30 22:00:00,29.7222222222222,40.8888888888889,43.3888888888889,44.6666666666667,NA
2025-01-30 23:00:00,37.25,51.4,56.05,59.65,NA
2025-01-31,30.3,40.75,43.65,45.35,NA
2025-01-31 01:00:00,34,48.2631578947368,53.2631578947368,58.6842105263158,NA
2025-01-31 02:00:00,39.05,57.35,64.5,72.85,NA
2025-01-31 03:00:00,34.1,47.95,52.95,57.9,NA
2025-01-31 04:00:00,29.5,41.65,46.15,50.75,NA
2025-01-31 05:00:00,6.36842105263158,9.47368421052632,10.5789473684211,11.3157894736842,NA
2025-01-31 06:00:00,0.8,1.7,1.9,2.35,NA
2025-01-31 07:00:00,1.6,3.45,3.85,4.75,NA
2025-01-31 08:00:00,0.842105263157895,2.52631578947368,3.05263157894737,4.42105263157895,NA
2025-01-31 09:00:00,1.6,3.35,3.95,4.6,NA
2025-01-31 10:00:00,0.55,1.95,2.2,2.75,NA
2025-01-31 11:00:00,0.631578947368421,1.78947368421053,2,2.68421052631579,NA
2025-01-31 12:00:00,1.25,2.6,2.7,3.4,NA
2025-01-31 13:00:00,0.736842105263158,2.15789473684211,2.36842105263158,2.94736842105263,NA
2025-01-31 14:00:00,1.05,2.45,2.9,3.65,NA
2025-01-31 15:00:00,8.55,12.25,13.1,13.8,NA
2025-01-31 16:00:00,7.63157894736842,11,11.8421052631579,13.1052631578947,NA
2025-01-31 17:00:00,9.75,13.25,14.8,15.95,NA
2025-01-31 18:00:00,15.4,20.75,22.05,23,NA
2025-01-31 19:00:00,8.1578947368421,11.6315789473684,12.5789473684211,13.6315789473684,NA
2025-01-31 20:00:00,11.25,15.4,16.55,17.5,NA
2025-01-31 21:00:00,11.35,15.65,17.15,17.8,NA
2025-01-31 22:00:00,12.6842105263158,17.7368421052632,19.2631578947368,19.9473684210526,NA
2025-01-31 23:00:00,11.3157894736842,15.6315789473684,16.5789473684211,17.6315789473684,NA
2025-02-01,19.5,27.2,28.5,29.9,NA
2025-02-01 01:00:00,18.25,25.2,27.1,28.4,NA
2025-02-01 02:00:00,15.0526315789474,20.3684210526316,22.2631578947368,22.8421052631579,NA
2025-02-01 03:00:00,13.45,19.15,20.75,21.95,NA
2025-02-01 04:00:00,10.55,15.2,16.25,17,NA
2025-02-01 05:00:00,12.8421052631579,18.1578947368421,19.4736842105263,20.2105263157895,NA
2025-02-01 06:00:00,13.05,18.05,19.55,20.9,NA
2025-02-01 07:00:00,14.05,20.3,22.75,23.75,NA
2025-02-01 08:00:00,25.55,36.45,39.75,42.6,NA
2025-02-01 09:00:00,17.7894736842105,24.6842105263158,27.1578947368421,30.2105263157895,NA
2025-02-01 10:00:00,13.55,19.8,22.25,26.75,NA
2025-02-01 11:00:00,15.4,21.5,23.45,25.9,NA
2025-02-01 12:00:00,14.05,20.4,22.6,27.4,NA
2025-02-01 13:00:00,9.31578947368421,13.6315789473684,15.6842105263158,19.7368421052632,NA
2025-02-01 14:00:00,2.2,3.65,3.9,4.5,NA
2025-02-01 15:00:00,4.5,7.15,7.8,8.6,NA
2025-02-01 16:00:00,12.7368421052632,17.7368421052632,19.2631578947368,22.7894736842105,NA
2025-02-01 17:00:00,18.4736842105263,24.7368421052632,26,27.5263157894737,NA
2025-02-01 18:00:00,23.9473684210526,32.1052631578947,34.7368421052632,35.6842105263158,NA
2025-02-01 19:00:00,23.3,31.4,33.05,35.45,NA
2025-02-01 20:00:00,22.2105263157895,30.2631578947368,32.3684210526316,35.2631578947368,NA
2025-02-01 21:00:00,22.45,32.2,37.4,45,NA
2025-02-01 22:00:00,29.1052631578947,40.5263157894737,44.5263157894737,48.3157894736842,NA
2025-02-01 23:00:00,19.4210526315789,26.4210526315789,28.7368421052632,30.6315789473684,NA
2025-02-02,14.2,20.3,21.8,23,NA
2025-02-02 01:00:00,12.6,17.25,18.65,20.35,NA
2025-02-02 02:00:00,33.35,50,56.55,59.65,NA
2025-02-02 03:00:00,18.0526315789474,25,26.4736842105263,28.1578947368421,NA
2025-02-02 04:00:00,11.8,16.35,17.9,18.55,NA
2025-02-02 05:00:00,10.4,14.95,15.9,16.6,NA
2025-02-02 06:00:00,10.6842105263158,15.4210526315789,16.5789473684211,17.4210526315789,NA
2025-02-02 07:00:00,7.9,11.4,12.6,13.4,NA
2025-02-02 08:00:00,10.55,15.1,16.75,18.1,NA
2025-02-02 09:00:00,4.26315789473684,6.36842105263158,6.73684210526316,7.05263157894737,NA
2025-02-02 10:00:00,4,5.85,6.1,6.3,NA
2025-02-02 11:00:00,7.6,10.1,10.55,11.2,NA
2025-02-02 12:00:00,3.17647058823529,4.94117647058824,5,5.05882352941176,NA
2025-02-02 13:00:00,9.05,13.2,13.6,13.85,NA
2025-02-02 14:00:00,5.57894736842105,7.73684210526316,7.84210526315789,8.10526315789474,NA
2025-02-02 15:00:00,13.15,17.55,18.65,19.35,NA
2025-02-02 16:00:00,18.55,24.5,25.85,26.75,NA
2025-02-02 17:00:00,15.6842105263158,20.5789473684211,21.8947368421053,22.9473684210526,NA
2025-02-02 18:00:00,27.1578947368421,37,39.5263157894737,40.9473684210526,NA
2025-02-02 19:00:00,18.75,24.4,25.6,26.4,NA
2025-02-02 20:00:00,21.1052631578947,27.2631578947368,28.6315789473684,29.4736842105263,NA
2025-02-02 21:00:00,19.9,25.7,26.9,27.5,NA
2025-02-02 22:00:00,34.0526315789474,43.1578947368421,45.6315789473684,47.2631578947368,NA
2025-02-02 23:00:00,33.0526315789474,42.6315789473684,45.4736842105263,47.1052631578947,NA
2025-02-03,27.7,35.7,37.75,39.25,NA
2025-02-03 01:00:00,22.95,29.8,31.75,32.7,NA
2025-02-03 02:00:00,23.65,30.65,32.95,34.35,NA
2025-02-03 03:00:00,25.6315789473684,32.8947368421053,34.6315789473684,36.5789473684211,NA
2025-02-03 04:00:00,31.85,43,46.55,48.75,NA
2025-02-03 05:00:00,18.5,23.85,25.05,25.95,NA
2025-02-03 06:00:00,20.7368421052632,27.1052631578947,28.7894736842105,30.0526315789474,NA
2025-02-03 07:00:00,25.5,33.1,35.2,37.25,NA
2025-02-03 08:00:00,31.2222222222222,40.8888888888889,44.1111111111111,46.2222222222222,NA
2025-02-03 09:00:00,18.7894736842105,24.7894736842105,27.2631578947368,31.0526315789474,NA
2025-02-03 10:00:00,20.0588235294118,26.6470588235294,28.5294117647059,32.4705882352941,NA
2025-02-03 11:00:00,19.4210526315789,26.3684210526316,30.2105263157895,36.5263157894737,NA
2025-02-03 12:00:00,16.1666666666667,21.2777777777778,23.5,26.8333333333333,NA
2025-02-03 13:00:00,12.15,15.9,17.05,19.05,NA
2025-02-03 14:00:00,11.3157894736842,14.8947368421053,15.8947368421053,17,NA
2025-02-03 15:00:00,21.75,28.3,29.7,31,NA
2025-02-03 16:00:00,20.75,26.45,27.6,28.6,NA
2025-02-03 17:00:00,26.7368421052632,34.4210526315789,36.3157894736842,37.8947368421053,NA
2025-02-03 18:00:00,30.5,39.35,41.4,42.85,NA
2025-02-03 19:00:00,25.85,33.85,35.6,37.05,NA
2025-02-03 20:00:00,25.35,32.85,34.7,36.1,NA
2025-02-03 21:00:00,26.5263157894737,34.1052631578947,36.1578947368421,37.0526315789474,NA
2025-02-03 22:00:00,28.8421052631579,36.1052631578947,37.8947368421053,38.8947368421053,NA
2025-02-03 23:00:00,30.3,38.5,40.5,41.8,NA
2025-02-04,29.5789473684211,37.4736842105263,39.5263157894737,41,NA
2025-02-04 01:00:00,29,36.5789473684211,38.4736842105263,39.4210526315789,NA
2025-02-04 02:00:00,31.95,40.6,42.6,44.35,NA
2025-02-04 03:00:00,32.05,40.25,42.05,43.4,NA
2025-02-04 04:00:00,34.3684210526316,43.6315789473684,46.7368421052632,47.9473684210526,NA
2025-02-04 05:00:00,33.7,42.85,45,46.3,NA
2025-02-04 06:00:00,41.0555555555556,51.9444444444444,54.5555555555556,56.7222222222222,NA
2025-02-04 07:00:00,49.0526315789474,62.9473684210526,66.2105263157895,69,NA
2025-02-04 08:00:00,42.9,56.45,60.85,63.75,NA
2025-02-04 09:00:00,47.35,64.9,71,75.55,NA
2025-02-04 10:00:00,26.15,33.7,35.1,36.8,NA
2025-02-04 11:00:00,29,37.8421052631579,40.7368421052632,42.8947368421053,NA
2025-02-04 12:00:00,25.9,33.4,34.85,36.6,NA
2025-02-04 13:00:00,21.75,27.55,28.95,29.7,NA
2025-02-04 14:00:00,23.8947368421053,30.1052631578947,30.9473684210526,32.5263157894737,NA
2025-02-04 15:00:00,28.5263157894737,36.0526315789474,37.7368421052632,38.5263157894737,NA
2025-02-04 16:00:00,30.65,38.75,40.8,42.25,NA
2025-02-04 17:00:00,38.6315789473684,49.4210526315789,52.3684210526316,53.8947368421053,NA
2025-02-04 18:00:00,39.0526315789474,49.6842105263158,51.8421052631579,54.1578947368421,NA
2025-02-04 19:00:00,39.3,50.5,53.15,54.65,NA
2025-02-04 20:00:00,42.55,55.1,58.55,61,NA
2025-02-04 21:00:00,47.0526315789474,61,64.4736842105263,66.3684210526316,NA
2025-02-04 22:00:00,53.0526315789474,68.2105263157895,71.9473684210526,74.1052631578947,NA
2025-02-04 23:00:00,51.2,66.55,70.15,72.1,NA
2025-02-05,59.65,78.35,83.85,85.8,NA
2025-02-05 01:00:00,70.2105263157895,93.3157894736842,99.6842105263158,103.684210526316,NA
2025-02-05 02:00:00,56.75,76.75,84.2,90.05,NA
2025-02-05 03:00:00,56.55,78,86.4,92.9,NA
2025-02-05 04:00:00,58,79.7894736842105,89.6842105263158,95,NA
2025-02-05 05:00:00,54.2631578947368,75.1052631578947,83.6315789473684,90.4210526315789,NA
2025-02-05 06:00:00,49.1,69.5,77.9,85.4,NA
2025-02-05 07:00:00,47.7368421052632,67.4736842105263,75.3157894736842,80.3684210526316,NA
2025-02-05 08:00:00,45.8,66.15,74.65,78.75,NA
2025-02-05 09:00:00,45.55,64.85,71.35,75.05,NA
2025-02-05 10:00:00,37.05,50.35,54.05,56.55,NA
2025-02-05 11:00:00,30.3157894736842,39.2631578947368,40.8421052631579,42.1052631578947,NA
2025-02-05 12:00:00,30.3,39.85,42.05,43.65,NA
2025-02-05 13:00:00,31.2,40.45,42.25,43.45,NA
2025-02-05 14:00:00,35.3684210526316,46.6842105263158,49.2631578947368,50.8421052631579,NA
2025-02-05 15:00:00,44.6,60.4,65.1,67.4,NA
2025-02-05 16:00:00,51.45,69.55,75.2,79.15,NA
2025-02-05 17:00:00,63.4,84.9,91.5,96.55,NA
2025-02-05 18:00:00,57.4210526315789,76.1052631578947,81.4210526315789,85.1052631578947,NA
2025-02-05 19:00:00,37.95,49.8,52.1,53.9,NA
2025-02-05 20:00:00,23.6842105263158,31.1578947368421,33.1052631578947,34.3157894736842,NA
2025-02-05 21:00:00,24.2,32.65,34.4,35.35,NA
2025-02-05 22:00:00,10.3684210526316,14.0526315789474,14.5263157894737,15.3684210526316,NA
2025-02-05 23:00:00,10.3157894736842,14.4210526315789,14.7894736842105,15.3157894736842,NA
2025-02-06,16.3,22.5,24.55,25.6,NA
2025-02-06 01:00:00,7.25,10.35,11.2,11.7,NA
2025-02-06 02:00:00,5.55,8.2,8.6,9.15,NA
2025-02-06 03:00:00,4.57894736842105,6.57894736842105,6.78947368421053,7.21052631578947,NA
2025-02-06 04:00:00,5.35,7.9,8.35,8.75,NA
2025-02-06 05:00:00,10.95,15.05,15.85,16.55,NA
2025-02-06 06:00:00,8.31578947368421,11.9473684210526,12.6842105263158,13.5263157894737,NA
2025-02-06 07:00:00,10.55,14.4,15.6,16.15,NA
2025-02-06 08:00:00,9.6,13.35,14,14.65,NA
2025-02-06 09:00:00,17,23,24.2631578947368,25.4736842105263,NA
2025-02-06 10:00:00,11.5,16.4,18.3,22.15,NA
2025-02-06 11:00:00,10.15,14.4,15.3,16.4,NA
2025-02-06 12:00:00,12.4210526315789,17.3684210526316,18.6842105263158,19.6842105263158,NA
2025-02-06 13:00:00,10.7,15.15,16.45,17.5,NA
2025-02-06 14:00:00,10.4,14.8,15.95,16.85,NA
2025-02-06 15:00:00,19.1578947368421,25.2631578947368,27.0526315789474,28.2631578947368,NA
2025-02-06 16:00:00,11.15,16.15,17.3,18.75,NA
2025-02-06 17:00:00,12.3157894736842,17.8421052631579,19.2631578947368,20.0526315789474,NA
2025-02-06 18:00:00,8.1,12.3,13,13.6,NA
2025-02-06 19:00:00,6.1,8.8,9.1,9.4,NA
2025-02-06 20:00:00,7.52631578947368,10.3684210526316,10.6315789473684,11.1052631578947,NA
2025-02-06 21:00:00,8.05,11.3,11.8,12.55,NA
2025-02-06 22:00:00,10.8947368421053,15.3157894736842,16.1052631578947,17.2631578947368,NA
2025-02-06 23:00:00,11.4210526315789,16,17.1052631578947,18.1052631578947,NA
2025-02-07,12.95,17.75,18.8,19.3,NA
2025-02-07 01:00:00,16.05,21.7,23.05,24.15,NA
2025-02-07 02:00:00,18,24.25,26.15,27.05,NA
2025-02-07 03:00:00,18.3157894736842,25,26.5263157894737,27.7368421052632,NA
2025-02-07 04:00:00,18.5,24.5,26.1,27.4,NA
2025-02-07 05:00:00,20.4,26.75,28.4,29.45,NA
2025-02-07 06:00:00,22.6315789473684,29.4210526315789,31.5263157894737,33.4736842105263,NA
2025-02-07 07:00:00,20.4210526315789,26.5789473684211,28.3157894736842,29.3684210526316,NA
2025-02-07 08:00:00,11.6315789473684,16,16.8421052631579,17.5789473684211,NA
2025-02-07 09:00:00,7.68421052631579,10.9473684210526,11.8421052631579,12.1052631578947,NA
2025-02-07 10:00:00,8.45,12.05,12.6,13.35,NA
2025-02-07 11:00:00,10.15,14,14.55,15.2,NA
2025-02-07 12:00:00,13.1052631578947,17.7894736842105,18.6842105263158,19.4736842105263,NA
2025-02-07 13:00:00,18.7368421052632,25,26.1578947368421,27.0526315789474,NA
2025-02-07 14:00:00,16.2,21.45,22.1,22.7,NA
2025-02-07 15:00:00,14.25,19.85,20.55,21.55,NA
2025-02-07 16:00:00,15.8666666666667,21.5333333333333,22,22.6,NA
