,cas,valid_speed_count,den_v_tydnu,data_pm100,data_no2,data_temp1,data_hum1,data_pressure,data_windSpeed,data_windImpact,data_volumeMm
1,01/01/2024 00:00,178,po,51.275,14.81083,,,,,,
2,01/01/2024 01:00,152,po,50.97435897,19.33637368,,,,,,
3,01/01/2024 02:00,90,po,51.94871795,18.215285,,,,,,
4,01/01/2024 03:00,134,po,53.28205128,15.49299474,,,,,,
5,01/01/2024 04:00,212,po,48.05,15.35317,,,,,,
6,01/01/2024 05:00,102,po,50.5,16.89411053,,,,,,
7,01/01/2024 06:00,136,po,49.71794872,12.137451,,,,,,
8,01/01/2024 07:00,127,po,47.76923077,13.30164211,,,,,,
9,01/01/2024 08:00,273,po,41.28205128,11.664706,,,,,,
10,01/01/2024 09:00,543,po,41.35897436,11.73746947,,,,,,
11,01/01/2024 10:00,745,po,44.57894737,11.48165,,,,,,
12,01/01/2024 11:00,1018,po,9.871794872,4.041812105,,,,,,
13,01/01/2024 12:00,1235,po,5.075,3.604588,,,,,,
14,01/01/2024 13:00,1409,po,6.526315789,4.408474211,,,,,,
15,01/01/2024 14:00,1342,po,5.55,4.174064,,,,,,
16,01/01/2024 15:00,1413,po,6.076923077,5.017058421,,,,,,
17,01/01/2024 16:00,1404,po,5.307692308,6.416828,,,,,,
18,01/01/2024 17:00,1040,po,5.641025641,9.719729474,,,,,,
19,01/01/2024 18:00,584,po,4.45,11.50699,,,,,,
20,01/01/2024 19:00,415,po,5.461538462,9.127129474,,,,,,
21,01/01/2024 20:00,229,po,4.435897436,6.885886,,,,,,
22,01/01/2024 21:00,178,po,3.58974359,9.087656842,,,,,,
23,01/01/2024 22:00,139,po,6.472222222,9.474086111,,,,,,
24,01/01/2024 23:00,92,po,6.921052632,9.726762105,,,,,,
25,02/01/2024 00:00,53,ut,10.3,10.0399525,,,,,,
26,02/01/2024 01:00,76,ut,7.512820513,12.00166526,,,,,,
27,02/01/2024 02:00,124,ut,11.3,14.3964,,,,,,
28,02/01/2024 03:00,390,ut,12.97368421,19.91932105,,,,,,
29,02/01/2024 04:00,1398,ut,13.525,29.138385,,,,,,
30,02/01/2024 05:00,2008,ut,16.87179487,31.48335263,,,,,,
31,02/01/2024 06:00,2060,ut,18.92105263,32.534275,,,,,,
32,02/01/2024 07:00,1764,ut,11.76923077,11.31184737,,,,,,
33,02/01/2024 08:00,1722,ut,4.4,9.311553,,,,,,
34,02/01/2024 09:00,1747,ut,4.051282051,8.939725263,,,,,,
35,02/01/2024 10:00,1725,ut,1.743589744,8.208439,,,,,,
36,02/01/2024 11:00,1526,ut,2.153846154,8.691645789,,,,,,
37,02/01/2024 12:00,1538,ut,1.825,9.025342,,,,,,
38,02/01/2024 13:00,2119,ut,2.526315789,10.06160526,,,,,,
39,02/01/2024 14:00,2514,ut,4.4,14.66043,,,,,,
40,02/01/2024 15:00,2166,ut,8.333333333,26.10268421,,,,,,
41,02/01/2024 16:00,1858,ut,18.28205128,22.552595,,,,,,
42,02/01/2024 17:00,1347,ut,22.48717949,43.19130526,,,,,,
43,02/01/2024 18:00,930,ut,19.95,26.050165,,,,,,
44,02/01/2024 19:00,532,ut,27.60526316,30.43965263,,,,,,
45,02/01/2024 20:00,311,ut,32.44444444,25.24,,,,,,
46,02/01/2024 21:00,264,ut,34.87179487,32.23454737,,,,,,
47,02/01/2024 22:00,133,ut,34.77142857,32.2715,,,,,,
48,02/01/2024 23:00,96,ut,29.69230769,26.12620737,,,,,,
49,03/01/2024 00:00,77,st,7.075,17.8928585,,,,,,
50,03/01/2024 01:00,81,st,16.44736842,16.70664947,,,,,,
51,03/01/2024 02:00,95,st,4,5.6351655,,,,,,
52,03/01/2024 03:00,393,st,1.666666667,4.21602,,,,,,
53,03/01/2024 04:00,1589,st,3.1,4.2695485,,,,,,
54,03/01/2024 05:00,2153,st,1.125,3.162015,,,,,,
55,03/01/2024 06:00,2668,st,3.147058824,4.562059412,,,,,,
56,03/01/2024 07:00,2347,st,3.435897436,4.767007895,,,,,,
57,03/01/2024 08:00,2257,st,2.538461538,4.3620195,,,,,,
58,03/01/2024 09:00,2097,st,2.333333333,4.297472105,,,,,,
59,03/01/2024 10:00,2110,st,3.58974359,4.171191,,,,,,
60,03/01/2024 11:00,2118,st,3.051282051,6.557831053,,,,,,
61,03/01/2024 12:00,2309,st,1.525,5.4737555,,,,,,
62,03/01/2024 13:00,2518,st,2.538461538,7.568019474,11,77.5,95240,0.00216684,18.72,0
63,03/01/2024 14:00,2679,st,1.868421053,7.004925263,10.675,79.4,95480,7.3172625,18.48,0
64,03/01/2024 15:00,2342,st,2.85,8.045697,9.875,82.875,95737.5,5.41112,17.04,0
65,03/01/2024 16:00,2020,st,3.846153846,7.099106316,9.125,84.275,95902.5,3.7150525,10.8,0
66,03/01/2024 17:00,1464,st,2.666666667,7.0807555,9.5,83.2,95880,5.3053075,15.12,0
67,03/01/2024 18:00,876,st,1.58974359,6.009139474,8.9,83.075,95890,6.3587275,16.44,0
68,03/01/2024 19:00,637,st,1.55,6.7981735,8.275,84.175,95990,5.5055225,13.8,0
69,03/01/2024 20:00,385,st,1.973684211,8.515328947,8.325,85.625,96012.5,4.5002525,11.16,0
70,03/01/2024 21:00,306,st,2.525,8.708612,8.75,85.275,95890,5.0974775,14.64,0
71,03/01/2024 22:00,115,st,2.361111111,6.638336667,9.633333333,81.6,95756.66667,4.713903333,14.56,0
72,03/01/2024 23:00,91,st,1.175,8.3230065,8.975,85.075,95772.5,5.3747825,15.6,0.0875
73,04/01/2024 00:00,96,ct,1.394736842,6.090798947,8.625,83.725,95890,4.2575,11.52,0
74,04/01/2024 01:00,73,ct,0.95,6.574739,8.125,85.55,95947.5,4.30561,12.72,0
75,04/01/2024 02:00,132,ct,0.769230769,7.102332632,7.975,86.8,96032.5,4.1187875,9.96,0
76,04/01/2024 03:00,398,ct,0.763157895,6.672737895,8.425,84.4,96010,3.5994275,10.56,0
77,04/01/2024 04:00,1401,ct,0.717948718,7.520161053,8.225,85.05,95997.5,3.3076725,10.08,0
78,04/01/2024 05:00,2112,ct,0.775,8.0976905,8.4,83.675,96032.5,4.9726925,13.2,0
79,04/01/2024 06:00,2569,ct,0.875,6.8426115,8.95,80.6,96035,5.2871675,15.48,0
80,04/01/2024 07:00,2481,ct,0.864864865,6.262886111,8.9,80.3,96085,4.41757,12.96,0
81,04/01/2024 08:00,2284,ct,1.025,4.932235,10.375,73.525,96015,5.14005,14.16,0
82,04/01/2024 09:00,2304,ct,0.487179487,4.222921053,11.5,65.83333333,95810,6.440533333,17.12,0
83,04/01/2024 10:00,2231,ct,0.8,4.1707225,11.025,66.8,95785,6.5283825,18.48,0
84,04/01/2024 11:00,2287,ct,0.710526316,4.664400526,10.825,67.65,95872.5,6.1657075,20.52,0
85,04/01/2024 12:00,2255,ct,0.8,7.6219155,9.9,72.525,96020,6.886,20.76,0
86,04/01/2024 13:00,2548,ct,1.666666667,12.74448105,8.75,78.15,96337.5,5.53725,16.2,0
87,04/01/2024 14:00,2748,ct,1.41025641,17.42879,8.025,82.625,96585,4.138915,13.8,0.0875
88,04/01/2024 15:00,2392,ct,1.461538462,12.87762842,7.925,82.25,96805,5.7337575,21,0
89,04/01/2024 16:00,1870,ct,3.575,11.786855,8.125,79.8,96822.5,4.008725,12.96,0
90,04/01/2024 17:00,1395,ct,1.375,12.92013,7.4,81.4,96960,2.73705,8.64,0.35
91,04/01/2024 18:00,963,ct,2.352941176,16.67828824,6.271428571,86.18571429,97275.71429,2.4475,8.64,0
92,04/01/2024 19:00,570,ct,4.846153846,25.93229474,5.866666667,88.2,97416.66667,0.685132333,3.04,0
93,04/01/2024 20:00,367,ct,4.5,20.617955,5.325,91.825,97522.5,0.73668175,2.76,0
94,04/01/2024 21:00,277,ct,5.921052632,18.72799474,5.2,93.1,97610,0.712678,3.72,0
95,04/01/2024 22:00,143,ct,9.333333333,18.33553889,4.6,97.01428571,97682.85714,1.465578571,4.731428571,0.1
96,04/01/2024 23:00,103,ct,11.28205128,14.28574737,3.55,98.675,97827.5,1.169338,3.84,0
97,05/01/2024 00:00,78,pa,13.84615385,14.95202,2.6,99.9,98045,1.065796,4.2,0
98,05/01/2024 01:00,63,pa,15.20512821,12.90009579,1.625,99.925,98155,1.342551,3.96,0
99,05/01/2024 02:00,104,pa,16.75,14.35063,1.625,99.55,98185,1.01809525,3.36,0
100,05/01/2024 03:00,341,pa,15,13.55064211,1.6,99.3,98150,1.40716825,4.08,0
101,05/01/2024 04:00,1462,pa,14.82051282,14.50489,1.375,99.275,98085,2.554816,5.28,0
102,05/01/2024 05:00,2193,pa,14.69230769,16.18752632,1.533333333,99.1,98113.33333,1.276760333,5.28,0
103,05/01/2024 06:00,2594,pa,18.84615385,21.47281053,1.833333333,98.8,98070,1.811375333,4,0
104,05/01/2024 07:00,2469,pa,18.39473684,23.02611579,2.225,98.625,98035,0.9639185,3.24,0
105,05/01/2024 08:00,2319,pa,19.7,20.240355,2.8,97.8,97952.5,0.6255545,2.76,0
106,05/01/2024 09:00,2282,pa,20.94871795,21.50729474,3.475,96.225,97842.5,0.56985575,2.64,0
107,05/01/2024 10:00,2321,pa,24.3,24.113605,4.075,94.35,97700,0.69197475,2.76,0
108,05/01/2024 11:00,2378,pa,24.68421053,25.54846316,4.55,93.85,97515,0.94132675,3.48,0.0875
109,05/01/2024 12:00,2589,pa,24.05,21.145345,5.175,92.625,97375,0.65901175,2.88,0
110,05/01/2024 13:00,2883,pa,20.71794872,15.54404316,5.175,91.725,97325,1.220588,4.08,0
111,05/01/2024 14:00,2921,pa,20.05128205,25.66172,5.033333333,93.73333333,97390,0.3838067,1.92,0
112,05/01/2024 15:00,2522,pa,25.51282051,25.47592105,4.65,96.075,97447.5,0.69092725,3,0
113,05/01/2024 16:00,2202,pa,31.3,27.952645,4.45,97.025,97540,0.24562795,1.56,0
114,05/01/2024 17:00,1768,pa,38.1025641,29.86775789,4.425,97.25,97557.5,0.43901075,2.88,0
115,05/01/2024 18:00,1104,pa,40.21875,26.09366471,4.15,98.35,97577.5,0.24095675,1.44,0
116,05/01/2024 19:00,695,pa,35.20512821,24.7032,3.575,99.075,97680,0.9905885,3.48,0
117,05/01/2024 20:00,439,pa,39.7,24.106325,3.225,99.075,97757.5,1.85968525,5.76,0
118,05/01/2024 21:00,383,pa,35.34210526,19.0706,2.75,99.125,97862.5,0.8664035,2.76,0
119,05/01/2024 22:00,245,pa,42.55555556,21.35853333,2.4,99.36666667,97920,1.269656,4.48,0
120,05/01/2024 23:00,165,pa,36.30769231,19.33072105,2,99.6,97985,0.265415,2.04,0
121,06/01/2024 00:00,124,so,42.15,18.32994,2.133333333,99.6,97986.66667,1.168985333,4.48,0
122,06/01/2024 01:00,124,so,40.76315789,17.53446842,2.625,99.2,97935,0.4529305,1.68,0
123,06/01/2024 02:00,134,so,42.53846154,20.31341053,2.925,98.825,97867.5,0.5716365,2.76,0
124,06/01/2024 03:00,246,so,43.94871795,19.94148421,3.35,98.9,97807.5,0.30940425,1.56,0
125,06/01/2024 04:00,501,so,43.41025641,18.583095,3.65,98.5,97742.5,0.16162,1.32,0
126,06/01/2024 05:00,668,so,52.43589744,19.02032632,3.7,98.575,97742.5,0.522991775,2.16,0
127,06/01/2024 06:00,836,so,55.725,18.88004,3.825,98.4,97797.5,0.32070715,1.8,0
128,06/01/2024 07:00,1086,so,42.71052632,22.42484211,4.05,96.725,97822.5,0.67985675,3.12,0
129,06/01/2024 08:00,1472,so,46.225,24.31348,4.425,95.525,97805,0.4915285,2.52,0
130,06/01/2024 09:00,1721,so,43,25.95488421,4.633333333,95,97773.33333,0.683708,3.36,0
131,06/01/2024 10:00,1742,so,40.15,22.741805,4.775,94.175,97717.5,0.6094555,3,0
132,06/01/2024 11:00,1896,so,40.28205128,22.81473684,5.3,92.775,97627.5,1.4058425,4.68,0
133,06/01/2024 12:00,2061,so,46.79487179,21.94732,5.525,92.55,97555,1.294114,4.2,0
134,06/01/2024 13:00,2137,so,57.84210526,26.50945789,5.4,94.2,97612.5,1.35952525,4.68,0
135,06/01/2024 14:00,2063,so,52.20512821,29.60451,5.35,94.925,97705,1.06249225,3.6,0
136,06/01/2024 15:00,2080,so,50.92307692,24.84157368,4.85,96.2,97872.5,1.5779725,4.56,0
137,06/01/2024 16:00,1911,so,37.38461538,13.540967,4.025,97.15,98097.5,0.76297525,5.16,0
138,06/01/2024 17:00,1584,so,19.79487179,9.985397895,4.525,91.7,98067.5,4.506605,15.24,0
139,06/01/2024 18:00,1059,so,16.9,7.431593,3.825,90.25,98180,6.31834,15.72,0
140,06/01/2024 19:00,719,so,19.20512821,7.349522105,3.666666667,89.23333333,98236.66667,4.936906667,16,0
141,06/01/2024 20:00,399,so,22.82051282,7.388006,3.325,90.575,98267.5,2.9692825,9.36,0
142,06/01/2024 21:00,363,so,19.17948718,6.101653684,2.925,90.025,98330,4.0977125,14.76,0
143,06/01/2024 22:00,197,so,13.52777778,5.840765,2.275,88.2,98455,4.5643625,14.88,0
144,06/01/2024 23:00,138,so,15,6.560979474,1.925,88.375,98567.5,4.50123,14.16,0
145,07/01/2024 00:00,119,ne,15.3,6.700049,1.125,88.95,98707.5,6.2040825,17.4,0
146,07/01/2024 01:00,90,ne,14.38461538,7.19479,0.55,89.875,98880,3.8486025,11.16,0
147,07/01/2024 02:00,73,ne,14.66666667,6.2281825,0.1,86.65,98975,6.938505,19.32,0
148,07/01/2024 03:00,130,ne,15.28205128,5.993401053,-0.225,86.35,99047.5,6.5443475,18.48,0
149,07/01/2024 04:00,369,ne,14.9,6.5525525,-0.5,86.93333333,99136.66667,5.66847,16.8,0
150,07/01/2024 05:00,393,ne,13.81081081,6.380203333,-0.7,86.425,99225,5.3160675,16.2,0
151,07/01/2024 06:00,474,ne,13.1,6.4519065,-0.825,84.3,99317.5,8.2912575,17.64,0
152,07/01/2024 07:00,544,ne,11.76315789,7.111084737,-0.85,83.275,99407.5,8.165285,18.24,0
153,07/01/2024 08:00,890,ne,12.65,7.65413,-1.05,83.9,99495,8.5772875,20.88,0
154,07/01/2024 09:00,1163,ne,10.46153846,6.85002,-1.175,79.8,99570,7.6945,19.56,0
155,07/01/2024 10:00,1267,ne,7.55,6.5725795,-1.25,77.35,99607.5,8.3964625,20.28,0
156,07/01/2024 11:00,1522,ne,6.256410256,6.989302632,-1.475,75.975,99647.5,9.49505,22.68,0
157,07/01/2024 12:00,1698,ne,5.743589744,7.1749185,-1.425,73.15,99672.5,7.047425,20.04,0
158,07/01/2024 13:00,1826,ne,3.564102564,6.080137895,-1.8,70.1,99763.33333,7.754026667,20.8,0
159,07/01/2024 14:00,1811,ne,3.85,11.068804,-2.35,70.575,99952.5,7.5413175,17.64,0
160,07/01/2024 15:00,1934,ne,4.026315789,14.00067158,-2.85,74.3,100192.5,5.67428,14.28,0
161,07/01/2024 16:00,1870,ne,3.7,14.295181,-2.875,75.3,100295,6.3068525,17.52,0
162,07/01/2024 17:00,1468,ne,4.41025641,11.11887684,-2.75,74.65,100305,5.133255,13.68,0
163,07/01/2024 18:00,1029,ne,4.307692308,11.134382,-2.475,74.9,100295,7.20928,18,0
164,07/01/2024 19:00,616,ne,4.205128205,9.8026,-2.625,75.125,100330,8.252335,21.48,0
165,07/01/2024 20:00,369,ne,4.8,9.920095,-2.525,76.025,100345,7.68627,20.88,0
166,07/01/2024 21:00,275,ne,5.210526316,9.618671579,-2.525,77.15,100362.5,5.37872,16.2,0
167,07/01/2024 22:00,175,ne,4.742857143,9.454361176,-2.766666667,76.93333333,100406.6667,7.23707,19.52,0
168,07/01/2024 23:00,111,ne,5.051282051,11.48052947,-3.2,79.4,100487.5,7.7677975,19.2,0
169,08/01/2024 00:00,138,po,4.025,11.697633,-3.375,78.35,100567.5,5.655455,17.04,0
170,08/01/2024 01:00,131,po,4.342105263,13.27411579,-3.45,77.05,100607.5,5.6849575,16.2,0
171,08/01/2024 02:00,179,po,4.025,10.052091,-3.775,77.5,100727.5,5.531365,14.16,0
172,08/01/2024 03:00,483,po,4.282051282,8.95696,-4.225,79.225,100835,4.8613,12.96,0
173,08/01/2024 04:00,1640,po,5.871794872,9.391391,-5.075,81.2,101030,5.8457,14.04,0
174,08/01/2024 05:00,2558,po,8.333333333,9.486347368,-6.3,81.35,101240,8.85499,17.52,0
175,08/01/2024 06:00,2716,po,9.6,10.573147,-7.2,82.7,101476.6667,9.409323333,18.08,0
176,08/01/2024 07:00,2568,po,10.375,11.628,-7.675,81.65,101655,10.81216,21.24,0
177,08/01/2024 08:00,2477,po,11.15789474,10.54973737,-6.675,76.1,101650,8.923465,21.24,0
178,08/01/2024 09:00,2383,po,11.65,11.372485,-5,68.05,101497.5,7.45417,18.72,0
179,08/01/2024 10:00,2233,po,11.38461538,7.248225263,-4.325,64.55,101342.5,7.00174,18.36,0
180,08/01/2024 11:00,1736,po,11.15,7.3228,-2.7,59.35,101042.5,6.14452,15.24,0
181,08/01/2024 12:00,1794,po,10.31578947,6.492014737,-2.35,55.925,100875,7.1508175,20.04,0
182,08/01/2024 13:00,2052,po,9.5,6.0064755,-2.65,54.525,100927.5,9.707145,25.44,0
183,08/01/2024 14:00,2619,po,10.05128205,7.590420526,-4.275,60.25,101250,9.1608575,22.32,0
184,08/01/2024 15:00,2473,po,10.65,8.951531,-5.2,63.46666667,101526.6667,10.28973333,26.56,0
185,08/01/2024 16:00,1998,po,14.28947368,10.65233158,-6.125,67.925,101815,7.4837,17.28,0
186,08/01/2024 17:00,1447,po,16.05,11.37777,-6.775,70.8,102062.5,5.22649,17.04,0
187,08/01/2024 18:00,922,po,16.58974359,12.27428421,-7.125,73.25,102170,6.4319975,18.12,0
188,08/01/2024 19:00,637,po,18.17948718,12.99084,-7.275,74.375,102277.5,3.84392,15.84,0
189,08/01/2024 20:00,378,po,18.48717949,13.61304737,-7.375,73.875,102365,2.88991,9.96,0
190,08/01/2024 21:00,297,po,19.85,14.502165,-7.725,75.875,102505,1.7120525,5.52,0
191,08/01/2024 22:00,134,po,19.77142857,13.48547647,-7.966666667,76.9,102573.3333,1.70094,5.28,0
192,08/01/2024 23:00,101,po,21.33333333,16.27896667,-8.15,78.15,102615,1.659305,5.76,0
193,09/01/2024 00:00,68,ut,21.81578947,16.44785556,-8.55,80.05,102650,2.602725,6.96,0
194,09/01/2024 01:00,84,ut,22.675,18.22621,-8.95,82.35,102770,1.3024825,4.32,0
195,09/01/2024 02:00,126,ut,22.76315789,18.35746842,-9.075,82.525,102827.5,1.132268,3.84,0
196,09/01/2024 03:00,404,ut,24.925,22.700955,-9.833333333,85.23333333,102946.6667,0.392215667,2.72,0
197,09/01/2024 04:00,1556,ut,28.20512821,27.51201579,-9.825,85.25,102967.5,1.1541105,4.2,0
198,09/01/2024 05:00,2335,ut,30.51282051,29.525005,-11.4,90.5,103192.5,0.7595325,4.08,0
199,09/01/2024 06:00,2526,ut,35.82051282,33.72075789,-11.95,91.525,103385,0.4705325,2.64,0
200,09/01/2024 07:00,2571,ut,36.95,41.46424,-11.36666667,90.33333333,103450,0.331625,2.24,0
201,09/01/2024 08:00,2286,ut,38.38461538,90.18994211,-5.825,69.25,102940,0.76521425,3.72,0
202,09/01/2024 09:00,2229,ut,25.925,30.291645,-3.375,59.7,102215,1.8989425,5.64,0
203,09/01/2024 10:00,2201,ut,20.37837838,14.28425611,-1.6,55.325,101667.5,2.974755,8.64,0
204,09/01/2024 11:00,1944,ut,25.325,14.520132,0.55,49.275,101225,1.6204075,5.28,0
205,09/01/2024 12:00,1824,ut,27.10526316,20.95862105,-0.45,52.55,100987.5,1.678025,5.28,0
206,09/01/2024 13:00,2213,ut,26.55,24.51135,0.425,53.675,100830,1.18746025,3.96,0
207,09/01/2024 14:00,2648,ut,29.56410256,37.81935789,-2.05,61.35,101255,1.16667225,4.08,0
208,09/01/2024 15:00,2513,ut,28.83333333,59.22301579,-4.666666667,75.76666667,101783.3333,0.787084,2.72,0
209,09/01/2024 16:00,2054,ut,33.74285714,46.43856471,-6.4,80.3,102195,2.32009,6,0
210,09/01/2024 17:00,1434,ut,45.225,36.306155,-8.025,85.25,102452.5,2.29355,6.24,0
211,09/01/2024 18:00,1030,ut,35.92307692,34.12923158,-9.15,86.925,102702.5,1.785824,5.52,0
212,09/01/2024 19:00,587,ut,46.12820513,27.990855,-9.725,87.675,102852.5,2.7972175,6.6,0
213,09/01/2024 20:00,406,ut,56.66666667,23.78614737,-10.325,89.725,102965,2.2992825,5.76,0
214,09/01/2024 21:00,325,ut,50.725,26.104395,-10.875,90.175,103072.5,1.24300725,5.16,0
215,09/01/2024 22:00,165,ut,56.09375,26.84654375,-11.2,90.2,103106.6667,2.05473,5.12,0
216,09/01/2024 23:00,95,ut,57.65,25.344335,-11.3,91.9,103170,1.039585333,4.64,0
217,10/01/2024 00:00,68,st,59.28205128,28.16186316,-11.575,91.65,103190,0.8845305,3.84,0
218,10/01/2024 01:00,87,st,55.12820513,30.35869,-11.65,91.775,103187.5,1.41066,4.56,0
219,10/01/2024 02:00,151,st,58.97435897,31.92492105,-11.625,92.025,103177.5,0.742562,3.6,0
220,10/01/2024 03:00,416,st,56.825,26.31987,-11.575,91.775,103145,1.21168275,4.2,0
221,10/01/2024 04:00,1585,st,55.47368421,40.86916316,-11.775,92.45,103145,0.4663316,2.04,0
222,10/01/2024 05:00,2367,st,55.7,136.87729,-11.625,91.65,103127.5,1.1402855,3.84,0
223,10/01/2024 06:00,2657,st,56.53846154,68.44931579,-11.675,92.25,103082.5,0.85071425,2.88,0
224,10/01/2024 07:00,2639,st,66.69230769,35.048485,-10.76666667,90.76666667,103103.3333,0.419224,2.72,0
225,10/01/2024 08:00,2432,st,70.76923077,26.93678421,-6.775,76.725,102705,0.597885,2.64,0
226,10/01/2024 09:00,2389,st,64.925,32.845435,-3.5,67.725,102020,1.12511775,4.56,0
227,10/01/2024 10:00,2306,st,51.63157895,24.88917895,0.1,58.55,101355,1.0517955,3.84,0
228,10/01/2024 11:00,1995,st,47.2,21.96806,0.85,54.9,100877.5,1.27730075,4.32,0
229,10/01/2024 12:00,1992,st,42.43589744,26.11726842,2.675,53.4,100527.5,1.4495175,5.28,0
230,10/01/2024 13:00,2275,st,29.76923077,23.8971045,2.225,52.825,100322.5,1.6187,4.32,0
231,10/01/2024 14:00,2810,st,15.8974359,14.10110421,0.025,59.225,100702.5,1.3396065,5.04,0
232,10/01/2024 15:00,2533,st,24.2,48.307305,-2.766666667,74.53333333,101213.3333,0.720398333,2.88,0
233,10/01/2024 16:00,2179,st,24.61538462,26.40254211,-4.55,80.95,101615,1.346172,3.96,0
234,10/01/2024 17:00,1623,st,26.74358974,36.455945,-6.05,84.725,101892.5,1.95666,5.16,0
235,10/01/2024 18:00,1071,st,37.53846154,35.02363158,-6.925,86,102100,2.4315,5.16,0
236,10/01/2024 19:00,619,st,28.275,31.04869,-7.675,89.25,102237.5,1.6166625,4.56,0
237,10/01/2024 20:00,435,st,26.76315789,24.23234211,-8.5,91.45,102397.5,1.2872085,4.32,0
238,10/01/2024 21:00,310,st,35.3,23.460065,-9.15,91.95,102530,0.8504375,3.36,0
239,10/01/2024 22:00,109,st,35.22857143,19.87947059,-9.333333333,93.33333333,102630,0.646098333,2.72,0
240,10/01/2024 23:00,95,st,38.25,19.463665,-9.666666667,93.16666667,102663.3333,0.469174667,2.4,0
241,11/01/2024 00:00,72,ct,35.21052632,21.59100526,-9.925,94.4,102710,0.53438775,2.52,0
242,11/01/2024 01:00,76,ct,33.25,20.182635,-10.525,95.075,102752.5,0.391688,2.16,0
243,11/01/2024 02:00,145,ct,44.15384615,15.24987895,-10.775,94.7,102752.5,0.7827675,2.64,0
244,11/01/2024 03:00,407,ct,38.84615385,17.60619,-11,94.3,102810,0.37638875,2.28,0
245,11/01/2024 04:00,1491,ct,36.48717949,31.17107368,-11.05,93.75,102792.5,0.6816775,3,0
246,11/01/2024 05:00,2283,ct,36.25,29.322405,-11.075,94.425,102797.5,0.32727885,1.92,0
247,11/01/2024 06:00,2632,ct,36.89473684,28.28568421,-10.875,93.625,102807.5,0.67003625,2.88,0
248,11/01/2024 07:00,2662,ct,47.8,24.58901,-9.933333333,92.3,102703.3333,0.781383333,2.72,0
249,11/01/2024 08:00,2368,ct,51.71794872,27.79625789,-7.225,86.975,102205,1.028189,3.48,0
250,11/01/2024 09:00,2273,ct,53.5,26.687885,-4.725,81.75,101895,0.6377225,3.36,0
251,11/01/2024 10:00,2328,ct,41.97368421,31.15247368,-1.175,70.575,101137.5,1.1202055,4.44,0
252,11/01/2024 11:00,2365,ct,53.075,33.05194,-1,74.25,100812.5,1.2938795,3.84,0
253,11/01/2024 12:00,2202,ct,61.12820513,40.7696,1.425,68.625,100310,1.44169975,4.2,0
254,11/01/2024 13:00,2603,ct,62.625,42.869255,2.75,66.675,99972.5,1.09021975,3.96,0
255,11/01/2024 14:00,2812,ct,68.78947368,48.57267895,1.5,71.925,100097.5,0.5706715,2.28,0
256,11/01/2024 15:00,2691,ct,74.525,55.70288,-0.35,79.7,100410,0.53749,3.24,0
257,11/01/2024 16:00,2047,ct,42,40.37674737,-1.733333333,80.9,100716.6667,2.031736667,5.44,0
258,11/01/2024 17:00,1700,ct,29.8974359,38.95684,-2.875,82.55,100952.5,1.1530125,4.08,0
259,11/01/2024 18:00,1091,ct,34.41025641,23.84954737,-3.45,83.95,101170,1.460065,5.76,0
260,11/01/2024 19:00,691,ct,34.48717949,20.90539474,-3.5,85.125,101360,1.067675,5.28,0
261,11/01/2024 20:00,447,ct,28.63157895,20.16181053,-3.25,84.05,101380,3.087315,8.64,0
262,11/01/2024 21:00,395,ct,33.325,21.711185,-5.575,92.675,101567.5,1.230105,3.6,0
263,11/01/2024 22:00,129,ct,36.75,22.26305556,-5.7,91.13333333,101746.6667,2.49665,6.72,0
264,11/01/2024 23:00,103,ct,35.775,19.4681,-6.025,92.45,101805,1.5928325,4.92,0
265,12/01/2024 00:00,94,pa,30.72727273,14.29107273,-5.6,92.55,101760,0.9458035,4.08,0
266,12/01/2024 01:00,102,pa,29.4,16.89122,-5.6,95.3,101750,0.705619,2.4,0
267,12/01/2024 02:00,132,pa,26.31578947,14.6077,-4.6,94.25,101617.5,0.71073875,2.52,0
268,12/01/2024 03:00,392,pa,16.45945946,17.44028,-3.65,94.85,101417.5,0.32259295,1.68,0
269,12/01/2024 04:00,1498,pa,14.73684211,19.83922778,-3.6,95.05,101412.5,0.94448575,3.12,0
270,12/01/2024 05:00,2301,pa,7.325,14.376275,-2.825,93.2,101302.5,0.978289,3.6,0
271,12/01/2024 06:00,2561,pa,4.394736842,15.81845263,-1.325,88,101087.5,1.6371175,6.72,0
272,12/01/2024 07:00,2438,pa,4.65,11.484733,-0.75,86.275,100912.5,1.6411775,6.72,0
273,12/01/2024 08:00,2356,pa,9.076923077,19.83412632,-0.1,85.25,100762.5,0.84173375,3.84,0
274,12/01/2024 09:00,2391,pa,9.975,17.203445,0.475,83.675,100587.5,1.349913,6.12,0
275,12/01/2024 10:00,2539,pa,11.05,14.317345,0.966666667,83.1,100443.3333,2.303553333,7.68,0
276,12/01/2024 11:00,2629,pa,9.657894737,12.19924421,1.05,82.4,100290,3.09861,10.08,0
277,12/01/2024 12:00,2894,pa,8.95,12.69938,1.1,81.5,100212.5,2.4797825,6.96,0
278,12/01/2024 13:00,3012,pa,6.358974359,14.58740526,1.075,81.625,100157.5,2.614645,9,0
279,12/01/2024 14:00,3108,pa,7.794871795,18.076065,0.9,83.025,100220,1.99494,8.04,0
280,12/01/2024 15:00,2858,pa,8.846153846,16.54512105,0.675,84.55,100285,2.71334,7.68,0
281,12/01/2024 16:00,2467,pa,11.1,16.926805,0.675,85.7,100322.5,2.1232725,7.2,0
282,12/01/2024 17:00,1784,pa,8.236842105,15.82272105,0.675,86.05,100305,2.084765,7.56,0
283,12/01/2024 18:00,1234,pa,6.95,14.572935,0.775,85.275,100280,2.078445,8.28,0
284,12/01/2024 19:00,789,pa,8.41025641,14.07643158,0.366666667,86.73333333,100303.3333,0.720381333,2.88,0
285,12/01/2024 20:00,533,pa,9.58974359,11.121083,0.375,86.9,100327.5,1.1539085,4.08,0
286,12/01/2024 21:00,491,pa,10.56410256,10.07384211,0.6,85.3,100222.5,1.39251,5.04,0
287,12/01/2024 22:00,338,pa,6.194444444,10.35339222,0.825,84.575,100157.5,2.2587625,7.8,0
288,12/01/2024 23:00,191,pa,5.461538462,9.308402105,1.025,83.475,100067.5,2.6134875,7.44,0
289,13/01/2024 00:00,168,so,4.820512821,7.9284155,1.65,78.925,99937.5,2.3493825,9.12,0
290,13/01/2024 01:00,130,so,2.384615385,7.354417895,1.825,77,99840,4.1451875,12.84,0
291,13/01/2024 02:00,133,so,2.225,8.462372,1.675,78.575,99787.5,4.46483,13.08,0
292,13/01/2024 03:00,231,so,2.421052632,8.956943158,1.575,79.275,99750,4.2728925,14.64,0
293,13/01/2024 04:00,521,so,1.625,9.314527,1.633333333,78.5,99696.66667,4.2106,12.48,0
294,13/01/2024 05:00,662,so,1.487179487,10.16324526,1.6,78.425,99692.5,3.7944025,12.84,0
295,13/01/2024 06:00,861,so,2.282051282,10.597694,1.7,78.3,99630,2.7971325,9.72,0
296,13/01/2024 07:00,1178,so,2.743589744,10.11855684,1.6,78.3,99597.5,3.5722525,12,0
297,13/01/2024 08:00,1608,so,3.975,10.783038,1.725,77.525,99525,2.8896675,9.48,0
298,13/01/2024 09:00,1912,so,3.368421053,10.70086632,1.925,75.85,99427.5,2.98212,9.24,0
299,13/01/2024 10:00,1968,so,3.725,9.053422,1.9,73.3,99275,4.26352,12,0
300,13/01/2024 11:00,1987,so,4.657894737,9.408931579,1.975,72.75,99215,3.3275725,10.2,0
301,13/01/2024 12:00,2175,so,6.175,9.074994,2.05,72.1,99057.5,3.07066,8.76,0
302,13/01/2024 13:00,2347,so,6.846153846,11.22337895,1.225,74.4,99150,5.688245,16.44,0
303,13/01/2024 14:00,2202,so,7.175,19.145851,1.166666667,74.6,99196.66667,3.427346667,12.48,0
304,13/01/2024 15:00,2054,so,9.447368421,13.08542105,1.25,75.425,99135,3.5462875,10.2,0
305,13/01/2024 16:00,2175,so,10.6,13.57877,1.625,75.95,99065,5.2701925,16.92,0
306,13/01/2024 17:00,1625,so,9.333333333,12.63947368,1.525,77.25,98965,5.13889,13.92,0
307,13/01/2024 18:00,1135,so,9.923076923,12.81409,1.275,79.425,98935,4.7354975,11.76,0
308,13/01/2024 19:00,866,so,9.974358974,12.98710526,1.475,80.1,98840,4.46561,11.52,0
309,13/01/2024 20:00,484,so,9.95,13.87487,1.275,83.375,98797.5,5.02133,12.6,0
310,13/01/2024 21:00,337,so,8.473684211,13.83154211,1.3,85.2,98762.5,4.0325175,11.04,0
311,13/01/2024 22:00,263,so,9.277777778,13.50926111,1.233333333,86.43333333,98713.33333,3.64769,10.72,0
312,13/01/2024 23:00,215,so,7.307692308,10.95185789,1.933333333,83.16666667,98626.66667,3.363403333,10.56,0
313,14/01/2024 00:00,155,ne,6.487179487,10.713659,1.65,83.525,98515,3.5681675,10.8,0
314,14/01/2024 01:00,152,ne,6.282051282,10.39074105,1.275,84.55,98515,2.8160375,7.68,0
315,14/01/2024 02:00,82,ne,7.15,12.08105,1.425,83.8,98437.5,3.881745,11.4,0
316,14/01/2024 03:00,188,ne,6.710526316,9.664917895,0.95,84.675,98425,4.8866825,12,0
317,14/01/2024 04:00,326,ne,8.325,11.181531,0.875,86.275,98390,4.4870725,13.2,0
318,14/01/2024 05:00,397,ne,8.512820513,12.67547368,0.75,90,98380,3.566605,10.44,0
319,14/01/2024 06:00,529,ne,9.076923077,11.838113,0.875,89.65,98357.5,3.193895,9.48,0
320,14/01/2024 07:00,713,ne,11.51282051,10.77611684,0.825,90.55,98372.5,4.43844,11.28,0
321,14/01/2024 08:00,961,ne,11.8,11.145561,1.025,90.725,98345,4.1131075,11.28,0
322,14/01/2024 09:00,1272,ne,9.605263158,9.772044211,1.8,86.23333333,98266.66667,4.28299,12.16,0
323,14/01/2024 10:00,1519,ne,8.25,9.351443,1.975,84.2,98167.5,4.5622925,12,0
324,14/01/2024 11:00,1616,ne,8.743589744,9.611971579,2.4,82.65,98020,4.9976875,13.32,0
325,14/01/2024 12:00,1917,ne,11.38461538,10.175421,2.275,82.9,97952.5,5.102615,12.24,0
326,14/01/2024 13:00,2053,ne,13.8974359,12.70038421,1.725,85.7,97982.5,4.98266,13.32,0
327,14/01/2024 14:00,2143,ne,13.075,11.70485,1.8,83.875,97965,4.381645,12.84,0
328,14/01/2024 15:00,1976,ne,10.07894737,11.01604211,1.85,83.15,97932.5,4.82211,13.56,0
329,14/01/2024 16:00,2097,ne,10.675,12.00999,1.75,83.35,97885,4.586665,11.04,0
330,14/01/2024 17:00,1477,ne,10.94871795,13.65498421,1.375,84,97852.5,5.21605,13.56,0
331,14/01/2024 18:00,989,ne,11.1025641,11.69036,0.933333333,85.3,97860,3.867703333,10.56,0
332,14/01/2024 19:00,689,ne,11.43589744,10.43547895,0.95,84.025,97830,4.35067,12.12,0
333,14/01/2024 20:00,362,ne,11.8974359,10.816851,1.025,83.7,97757.5,3.9611325,11.64,0
334,14/01/2024 21:00,284,ne,9.897435897,13.21816842,1.1,84.675,97645,4.29853,10.68,0
335,14/01/2024 22:00,149,ne,10.36111111,12.09982222,1.15,84.675,97585,4.4611575,13.68,0
336,14/01/2024 23:00,113,ne,9.421052632,12.12948421,1.125,83.05,97500,6.105095,17.4,0
337,15/01/2024 00:00,100,po,9.8,10.870793,0.9,82.2,97447.5,6.6074125,16.32,0
338,15/01/2024 01:00,143,po,11.30769231,11.36342211,0.875,81.6,97420,5.1459875,13.44,0
339,15/01/2024 02:00,201,po,11.475,13.298625,0.6,83.075,97417.5,5.9761575,15.12,0
340,15/01/2024 03:00,551,po,12.18421053,12.85630526,0.5,82.73333333,97443.33333,6.564933333,17.76,0
341,15/01/2024 04:00,1691,po,12.02564103,14.420105,0.175,82.5,97457.5,6.416515,14.88,0
342,15/01/2024 05:00,2525,po,12.35897436,13.94793684,-0.175,82.4,97547.5,5.856535,15.48,0
343,15/01/2024 06:00,2899,po,12.53846154,14.54972,-0.175,80.775,97582.5,6.2012875,15.6,0
344,15/01/2024 07:00,2644,po,12.56410256,11.1825,-0.325,80.625,97605,5.0875525,14.28,0
345,15/01/2024 08:00,2468,po,11.05128205,10.226012,0.15,78.525,97577.5,5.7772425,15.12,0
346,15/01/2024 09:00,2316,po,9.184210526,9.455209474,1.1,72.675,97405,6.1378175,16.08,0
347,15/01/2024 10:00,2189,po,8.475,9.063564,1.4,72.175,97297.5,4.82993,13.92,0
348,15/01/2024 11:00,2470,po,7.538461538,8.544932632,2.55,67.725,97105,4.738575,13.08,0
349,15/01/2024 12:00,2481,po,4.256410256,6.00037,3.125,63.075,96952.5,5.87366,16.8,0
350,15/01/2024 13:00,2776,po,4.794871795,10.30239526,2.633333333,67.5,96970,4.85291,20.48,0
351,15/01/2024 14:00,2876,po,5.625,9.583392,2.2,68.025,97080,6.758255,19.8,0
352,15/01/2024 15:00,2586,po,6.105263158,10.77455158,1.475,73.45,97242.5,5.5953125,15.24,0
353,15/01/2024 16:00,2068,po,8.35,14.66311,1.275,75.825,97365,4.6962725,12.36,0
354,15/01/2024 17:00,1399,po,7.897435897,19.52357895,0.6,85,97500,4.5519525,11.16,0
355,15/01/2024 18:00,789,po,7.948717949,20.13328,0.2,89.1,97667.5,2.9512025,11.4,0
356,15/01/2024 19:00,506,po,5.564102564,16.56627895,0.65,85,97652.5,5.22941,13.8,0
357,15/01/2024 20:00,320,po,6.875,13.231875,0.95,82.825,97672.5,4.3693175,12.12,0
358,15/01/2024 21:00,201,po,3.487179487,15.10144737,0.675,88.275,97695,5.1403675,14.28,0
359,15/01/2024 22:00,73,po,2.8,15.14413444,0.466666667,90.3,97833.33333,3.09302,10.08,0
360,15/01/2024 23:00,55,po,3.25,12.567748,0.7,83.25,97925,4.353505,12.6,0
361,16/01/2024 00:00,47,ut,2.75,6.59844,0.6,80.1,98000,2.63326,10.08,0
362,16/01/2024 01:00,59,ut,3,11.9452,,,,,,
363,16/01/2024 02:00,110,ut,2.545454545,9.523216667,0.725,79.9,98130,3.8752175,12.72,0
364,16/01/2024 03:00,264,ut,2.240506329,14.19925744,0.85,80.325,98147.5,3.88847,13.32,0
365,16/01/2024 04:00,895,ut,2.447368421,17.48774211,-0.05,90.775,98272.5,2.39601575,8.64,0
366,16/01/2024 05:00,1598,ut,2.55,13.768098,0.05,86.75,98402.5,2.283805,8.04,0
367,16/01/2024 06:00,1619,ut,2.769230769,18.96644737,-0.25,92.875,98472.5,2.749175,8.04,0
368,16/01/2024 07:00,2020,ut,2.717948718,15.328717,0.7,80.96666667,98516.66667,3.27209,12.16,0
369,16/01/2024 08:00,2612,ut,3.153846154,9.832229474,1.725,68.7,98315,4.3136575,14.28,0
370,16/01/2024 09:00,2333,ut,3.820512821,9.1412085,1.8,68.9,98265,4.1981725,12.96,0
371,16/01/2024 10:00,2300,ut,4.769230769,13.27068632,1.975,73.675,98222.5,2.66744,9.12,0.0875
372,16/01/2024 11:00,2301,ut,5.975,15.487266,2.1,74.7,98162.5,2.9689675,8.28,0.0875
373,16/01/2024 12:00,2383,ut,2.974358974,6.263024737,3.5,61.475,97967.5,3.78272,11.88,0.0875
374,16/01/2024 13:00,2629,ut,2.846153846,6.9507425,3.275,59.825,97812.5,3.6693725,10.56,0
375,16/01/2024 14:00,2808,ut,10.87179487,10.91430421,2.175,67.825,98090,2.4218,8.16,0
376,16/01/2024 15:00,2620,ut,5.975,14.902935,1.075,76.3,98307.5,2.605665,7.92,0
377,16/01/2024 16:00,2122,ut,8.421052632,18.80688947,0.866666667,76.4,98423.33333,2.544,7.36,0
378,16/01/2024 17:00,1546,ut,8.35,18.293105,0.4,77.825,98545,2.3446875,7.56,0
379,16/01/2024 18:00,990,ut,6.897435897,14.06570526,-0.4,80.675,98755,1.8945125,7.32,0
380,16/01/2024 19:00,671,ut,7.897435897,13.475405,-1.125,82.375,98915,2.13548,7.92,0
381,16/01/2024 20:00,382,ut,15.61538462,14.36944211,-2.35,85.5,99117.5,0.9609995,3.84,0
382,16/01/2024 21:00,312,ut,14.925,16.9981,-3.85,88.6,99350,1.35733175,4.08,0
383,16/01/2024 22:00,173,ut,18.16666667,17.35561111,-5.066666667,92.5,99516.66667,0.893728667,2.72,0
384,16/01/2024 23:00,93,ut,30,18.968825,-6.25,94.575,99627.5,0.80061725,3.72,0
385,17/01/2024 00:00,59,st,19.20512821,15.1291,-6.95,95.525,99685,0.94193225,3.84,0
386,17/01/2024 01:00,110,st,14.725,20.35625,-7.366666667,95.93333333,99763.33333,0.861093,3.52,0
387,17/01/2024 02:00,143,st,17.44736842,20.24064211,-7.925,95.8,99800,0.77299525,3,0
388,17/01/2024 03:00,366,st,15.575,65.801925,-8.625,95.65,99820,0.64555625,3.36,0
389,17/01/2024 04:00,1545,st,16.46153846,33.98417368,-8.95,94.975,99805,0.97655925,4.8,0
390,17/01/2024 05:00,2426,st,13.48717949,28.938585,-9.125,94.6,99727.5,2.41709,5.64,0
391,17/01/2024 06:00,2666,st,15.56410256,40.25098947,-9.2,94.25,99655,1.8487415,5.16,0
392,17/01/2024 07:00,2653,st,29.625,46.131225,-8.925,93.1,99575,0.700641,2.64,0
393,17/01/2024 08:00,2552,st,30.71052632,45.11686842,-7.5,93.8,99253.33333,0.756521667,3.36,0
394,17/01/2024 09:00,2449,st,25.53658537,27.09775,-5.825,92.725,98855,1.1001315,3.36,0
395,17/01/2024 10:00,2396,st,32.26315789,35.2184,-4.275,91.025,98427.5,0.73865,3.24,0
396,17/01/2024 11:00,2520,st,39.41025641,46.11968,-3.65,91.3,98117.5,1.824575,5.4,0
397,17/01/2024 12:00,2549,st,36.76315789,49.63876316,-3.375,90.925,97900,1.82080775,4.92,0
398,17/01/2024 13:00,2604,st,30.8,50.502085,-3.475,91.425,97762.5,0.91973425,3.48,0
399,17/01/2024 14:00,2512,st,32.51282051,62.43369474,-3.65,95.3,97702.5,0.83284225,3.24,0
400,17/01/2024 15:00,1989,st,34.12820513,64.860155,-3.75,96.825,97592.5,0.630816275,2.52,0
401,17/01/2024 16:00,1561,st,35.76923077,69.18597368,-3.7,97,97502.5,0.32526725,2.04,0
402,17/01/2024 17:00,1247,st,36.925,65.176165,-3.333333333,97.26666667,97390,0.068089667,1.28,0
403,17/01/2024 18:00,765,st,33.07894737,61.25064737,-2.85,96.825,97232.5,0.41335875,2.04,0
404,17/01/2024 19:00,563,st,33.775,59.361445,-2.3,98.125,96992.5,0.265398425,2.28,0
405,17/01/2024 20:00,311,st,37.46153846,60.10859474,-1.975,98.325,96900,0.141779875,1.56,0
406,17/01/2024 21:00,289,st,35.76923077,57.0856,-1.7,98.475,96860,0.40970175,2.4,0
407,17/01/2024 22:00,98,st,36.94285714,49.54927647,-1.466666667,99.26666667,96810,0.484058,2.24,0
408,17/01/2024 23:00,80,st,34.675,48.751685,-1.3,99.75,96747.5,0.32752475,1.56,0
409,18/01/2024 00:00,59,ct,37.55263158,41.22995789,-1.125,99.625,96770,0.3635436,1.8,0
410,18/01/2024 01:00,61,ct,35.45,42.710805,-0.933333333,99.46666667,96793.33333,1.019268333,3.2,0
411,18/01/2024 02:00,115,ct,35.65789474,42.63477895,-0.775,99.55,96797.5,0.379008875,1.8,0
412,18/01/2024 03:00,315,ct,37.975,41.836795,-0.775,99.55,96822.5,0.20277125,1.68,0
413,18/01/2024 04:00,1124,ct,41.58974359,52.87287368,-0.725,99.625,96912.5,0.342766,1.68,0
414,18/01/2024 05:00,1894,ct,43.33333333,44.93217,-0.6,99.625,96980,0.1347674,1.56,0
415,18/01/2024 06:00,2234,ct,26.05128205,23.46141579,0,97.05,96992.5,1.4937625,6,0
416,18/01/2024 07:00,2435,ct,6.8,11.66296,0.125,93.425,96992.5,1.370069,4.32,0
417,18/01/2024 08:00,2150,ct,12.94736842,10.24546947,0.15,91.725,97010,2.1844625,6.36,0
418,18/01/2024 09:00,2014,ct,9.068965517,10.30971333,-0.3,95.25,97080,4.174305,10.32,0
419,18/01/2024 10:00,1571,ct,6.294117647,12.17843176,-0.9,97.56666667,97216.66667,2.95643,8.48,0
420,18/01/2024 11:00,1908,ct,5.717948718,11.802115,-0.375,94.775,97162.5,2.0237775,6.48,0
421,18/01/2024 12:00,1996,ct,7.948717949,13.97263789,-0.75,93.825,97165,3.41797,9,0
422,18/01/2024 13:00,1842,ct,11.38461538,20.992865,-0.875,96.775,97300,1.12095275,4.32,0
423,18/01/2024 14:00,2245,ct,12.33333333,22.43113684,-0.65,97.3,97410,0.44200475,2.28,0
424,18/01/2024 15:00,2063,ct,10,22.87523,-0.7,93.55,97635,0.93789475,4.44,0
425,18/01/2024 16:00,1421,ct,7.763157895,15.31158947,-0.575,88.65,97832.5,1.62468375,6.48,0
426,18/01/2024 17:00,1197,ct,11.97435897,16.573795,-0.925,89.55,98060,0.6436315,2.4,0
427,18/01/2024 18:00,889,ct,12.92307692,21.98505368,-0.7,86.125,98232.5,1.5493525,5.28,0
428,18/01/2024 19:00,643,ct,11.35,11.004817,-1.4,92.43333333,98443.33333,0.425977,1.76,0
429,18/01/2024 20:00,352,ct,17.47368421,21.39165789,-2.95,98.15,98812.5,0.82004725,2.52,0
430,18/01/2024 21:00,283,ct,20.1,20.636235,-4.325,97.75,99175,0.7249145,2.76,0
431,18/01/2024 22:00,132,ct,14.84848485,17.29276875,-4.425,95.4,99407.5,1.395757,4.2,0
432,18/01/2024 23:00,87,ct,18,17.474945,-3.95,95.9,99412.5,0.90143625,3.36,0
433,19/01/2024 00:00,58,pa,16.87179487,13.54642632,-5.075,96.375,99690,0.7146605,3,0
434,19/01/2024 01:00,84,pa,17.975,15.024554,-6.5,98.075,100005,0.527899,2.52,0
435,19/01/2024 02:00,133,pa,7.894736842,10.91401579,-6.775,95.5,100237.5,0.56449025,2.76,0
436,19/01/2024 03:00,285,pa,8.475,14.604067,-6.833333333,93.2,100306.6667,2.082703333,5.44,0
437,19/01/2024 04:00,1189,pa,10.61538462,31.40488421,-7.2,92.475,100395,2.249465,6.36,0
438,19/01/2024 05:00,1846,pa,12.225,51.65503,-7.925,95.175,100540,1.8965,5.16,0
439,19/01/2024 06:00,2187,pa,11.05263158,33.47447368,-9.2,93.85,100760,2.27047,5.52,0
440,19/01/2024 07:00,2240,pa,14.4,24.444065,-9.175,91.575,100950,2.5332125,5.76,0
441,19/01/2024 08:00,2250,pa,15.71794872,23.05539105,-5.75,80.1,100637.5,2.14436,5.16,0
442,19/01/2024 09:00,2153,pa,18.725,14.2205665,-1.075,72.1,100065,2.3749725,5.64,0.0875
443,19/01/2024 10:00,2274,pa,8.710526316,10.36588211,1.725,66.75,99482.5,2.8667175,7.32,0
444,19/01/2024 11:00,1956,pa,10.5,10.662978,1.55,67.75,99240,3.3970475,8.88,0.175
445,19/01/2024 12:00,2141,pa,10.82051282,14.71247947,0.4,76.2,99343.33333,3.659846667,8.48,0.116666667
446,19/01/2024 13:00,2776,pa,6.9,15.219055,1.6,73.725,99312.5,3.9197,12.84,0
447,19/01/2024 14:00,2923,pa,6.157894737,16.42722105,0.55,76.525,99547.5,3.8979,12.6,0
448,19/01/2024 15:00,2739,pa,7.55,14.986375,0.425,77.45,99705,3.72979,11.52,0.0875
449,19/01/2024 16:00,2181,pa,9.128205128,15.31357895,0.325,76.9,99800,2.8937075,8.64,0
450,19/01/2024 17:00,1678,pa,17.76315789,23.41879474,-1.65,85.375,100127.5,1.53484975,4.8,0
451,19/01/2024 18:00,1266,pa,18.2,20.97409,-4.125,92.825,100655,1.57440525,4.92,0
452,19/01/2024 19:00,799,pa,19.53846154,15.90263158,-4.775,89.1,100975,3.312045,8.04,0
453,19/01/2024 20:00,589,pa,13.84615385,13.43299,-4.7,89.65,101095,2.1827775,5.76,0
454,19/01/2024 21:00,430,pa,16.64102564,14.60831579,-4.9,90.83333333,101173.3333,1.61965,5.6,0
455,19/01/2024 22:00,259,pa,14.44117647,14.71690588,-4.525,89.525,101197.5,2.8774125,7.08,0
456,19/01/2024 23:00,245,pa,10.71052632,13.87981053,-4.675,89.275,101227.5,3.68316,9.24,0
457,20/01/2024 00:00,175,so,12.425,12.76491,-4.7,89.675,101242.5,3.632465,10.2,0
458,20/01/2024 01:00,115,so,6.358974359,12.53152632,-4.525,88.75,101292.5,2.3255425,8.28,0
459,20/01/2024 02:00,74,so,6.025,11.677062,-5.525,91.3,101440,1.22743925,5.4,0
460,20/01/2024 03:00,204,so,6.736842105,12.33143684,-5.9,91.55,101560,1.324915,4.68,0
461,20/01/2024 04:00,549,so,6.975,13.732295,-6.075,92.475,101660,1.26583,4.92,0
462,20/01/2024 05:00,692,so,5.820512821,15.24908947,-5.3,90.36666667,101656.6667,1.476013333,5.6,0
463,20/01/2024 06:00,799,so,5.512820513,12.581266,-5.125,89.55,101617.5,2.3613025,6.24,0
464,20/01/2024 07:00,1359,so,6.358974359,14.60003263,-3.925,85.575,101537.5,2.552945,8.04,0
465,20/01/2024 08:00,1584,so,6.184210526,15.16376667,-0.85,72.85,101135,3.575945,10.56,0
466,20/01/2024 09:00,1755,so,7,11.37836737,0.025,70.375,100807.5,5.01728,12.12,0
467,20/01/2024 10:00,1758,so,6.9,8.479684,1.45,66.25,100522.5,4.976155,12.48,0
468,20/01/2024 11:00,1502,so,6.789473684,7.253879474,2.075,65.475,100292.5,5.43615,14.76,0.0875
469,20/01/2024 12:00,1585,so,7.175,7.1642515,2.425,63.4,100152.5,5.3310225,15.72,0
470,20/01/2024 13:00,1629,so,7.487179487,13.17132105,2.65,64.35,100032.5,4.7818275,12.84,0
471,20/01/2024 14:00,1515,so,10.28205128,12.8013755,0.4,72.16666667,100333.3333,2.964166667,7.68,0
472,20/01/2024 15:00,2085,so,12.30769231,14.0407,-1.125,78.075,100862.5,1.3389175,4.2,0
473,20/01/2024 16:00,2027,so,13.375,22.27022,-2.2,81.5,101262.5,2.3890075,6.12,0
474,20/01/2024 17:00,1592,so,15.02631579,22.12158947,-3.275,81.775,101445,4.990745,11.04,0
475,20/01/2024 18:00,1150,so,14.775,18.35634,-4.275,83.175,101637.5,5.87379,11.64,0
476,20/01/2024 19:00,703,so,20.15384615,16.68055368,-5.95,85.35,101895,3.75008,8.88,0
477,20/01/2024 20:00,497,so,26.35,45.99543,-6.775,88.25,102095,2.49163825,7.2,0
478,20/01/2024 21:00,341,so,23.36842105,34.73575789,-8.5,92.15,102410,1.4874785,4.8,0
479,20/01/2024 22:00,256,so,24.47058824,25.63420588,-9.733333333,95.23333333,102656.6667,0.525142,2.08,0
480,20/01/2024 23:00,203,so,31.30769231,26.64418947,-10.775,94.825,102827.5,0.749443,2.76,0
481,21/01/2024 00:00,149,ne,40.87179487,62.474415,-11.125,94.675,102940,0.440421275,2.16,0
482,21/01/2024 01:00,129,ne,48.02564103,56.77815789,-11.9,94.45,103082.5,0.441648475,1.68,0
483,21/01/2024 02:00,90,ne,43.85,45.28722,-12.25,93.8,103137.5,0.6451515,2.76,0
484,21/01/2024 03:00,148,ne,32.46153846,36.97251579,-12.675,93.375,103205,0.766692,3.12,0
485,21/01/2024 04:00,403,ne,36.79487179,51.616725,-12.925,93,103255,0.61920275,3,0
486,21/01/2024 05:00,362,ne,28.76923077,41.56984211,-13.175,92.45,103265,1.58376025,4.8,0
487,21/01/2024 06:00,524,ne,33.95,52.593255,-13.2,92.63333333,103300,0.637885333,2.72,0
488,21/01/2024 07:00,784,ne,32.68421053,32.45942105,-10.825,88.775,103097.5,1.065103,3.36,0
489,21/01/2024 08:00,951,ne,50.075,33.800735,-8.5,85.025,102590,0.714759,2.88,0
490,21/01/2024 09:00,1297,ne,35.8974359,51.81003684,-3.725,71.9,101932.5,1.026958,3,0
491,21/01/2024 10:00,1521,ne,44.825,39.705945,-3.675,76.8,101482.5,1.99297925,5.76,0
492,21/01/2024 11:00,1556,ne,39.42105263,38.0662,-2.95,75.925,101152.5,0.93784525,3.6,0
493,21/01/2024 12:00,1929,ne,37.5,52.02734,-3.225,79.175,101080,1.17652625,3.84,0
494,21/01/2024 13:00,1920,ne,37.43589744,54.11678421,-3.15,79.3,101085,1.28387425,3.48,0
495,21/01/2024 14:00,1951,ne,37.475,44.33531,-3.566666667,81.13333333,101113.3333,1.082284333,4.16,0
496,21/01/2024 15:00,2010,ne,41.91891892,36.2638,-4.675,85.775,101340,1.40086425,4.44,0
497,21/01/2024 16:00,1924,ne,41.35,30.249515,-5.7,87.4,101567.5,2.5044235,6.84,0
498,21/01/2024 17:00,1420,ne,49.35897436,39.32274211,-7.225,90.85,101840,2.5295125,7.32,0
499,21/01/2024 18:00,237,ne,45.41025641,41.949825,-9.125,91.625,102122.5,3.57609,7.44,0
500,21/01/2024 19:00,346,ne,50.58974359,47.84873684,-9.675,92.225,102275,2.6625075,6.48,0
501,21/01/2024 20:00,381,ne,56.65,43.96236,-9.2,93.325,102222.5,1.38972175,5.16,0
502,21/01/2024 21:00,246,ne,55.23684211,41.3111,-9.65,94.55,102192.5,0.81805375,3.24,0
503,21/01/2024 22:00,120,ne,53.35294118,27.97247647,-9.866666667,93.76666667,102176.6667,1.511965333,5.44,0
504,21/01/2024 23:00,99,ne,65.25641026,48.43207895,-9.8,94.475,102140,0.89627625,4.2,0
505,22/01/2024 00:00,113,po,60.23076923,42.68803684,-9.725,94.35,102035,0.95361975,3.48,0
506,22/01/2024 01:00,151,po,54.97368421,45.25645263,-8.425,92.525,101732.5,0.71094765,2.52,0
507,22/01/2024 02:00,177,po,46.75,43.671175,-7.125,91.925,101380,0.85542425,3.48,0
508,22/01/2024 03:00,594,po,67.71794872,52.39975789,-7.125,94.05,101195,0.94733725,3.96,0
509,22/01/2024 04:00,1552,po,66.28205128,51.71156,-7.05,95.4,101165,0.29428125,1.92,0
510,22/01/2024 05:00,2455,po,59.5,47.60946111,-6.4,93.875,100992.5,0.72084775,2.64,0
511,22/01/2024 06:00,2735,po,55.225,60.87523,-5.733333333,92.83333333,100830,0.712743,3.36,0
512,22/01/2024 07:00,2637,po,70.94871795,65.79749474,-5.125,93.15,100630,1.562139,5.64,0
513,22/01/2024 08:00,2406,po,72.05128205,49.76476,-4.7,92.05,100507.5,0.9705355,4.32,0
514,22/01/2024 09:00,2397,po,73.24324324,50.32646667,-3.35,87.8,100247.5,0.7217525,3.48,0
515,22/01/2024 10:00,2468,po,77.1,65.24772,-2,84.975,99925,0.8174225,3.24,0
516,22/01/2024 11:00,2367,po,84.58974359,95.25657895,-0.65,82.1,99570,0.72748925,3.36,0
517,22/01/2024 12:00,2420,po,80.58974359,77.794275,-1.85E-17,81.66666667,99343.33333,1.212830667,4.32,0
518,22/01/2024 13:00,2811,po,77.20512821,75.10720526,0.775,80.775,99052.5,1.10717825,4.2,0
519,22/01/2024 14:00,2828,po,78.41025641,86.441935,0.175,85.175,99020,1.9966195,5.16,0
520,22/01/2024 15:00,2562,po,85.97435897,88.25988947,0.366666667,86.8,99036.66667,0.816994333,2.72,0
521,22/01/2024 16:00,1982,po,92.075,87.88475,0.625,87.5,99027.5,0.74719675,2.64,0
522,22/01/2024 17:00,1411,po,84.52631579,83.45298421,0.6,89.05,99007.5,1.05016625,3.96,0
523,22/01/2024 18:00,911,po,91.475,79.11878,0.625,89.95,99042.5,1.1065515,4.08,0
524,22/01/2024 19:00,567,po,87.48717949,73.2601,0.6,91.7,99132.5,1.306043,5.52,0
525,22/01/2024 20:00,388,po,86.92307692,67.26104,0.75,93.175,99220,0.910344,3.48,0
526,22/01/2024 21:00,307,po,86.92105263,64.24071111,0.1,96.5,99322.5,0.76786175,3.72,0
527,22/01/2024 22:00,141,po,81.125,55.832465,-0.866666667,98.5,99556.66667,1.38126,5.76,0
528,22/01/2024 23:00,128,po,80.68421053,32.02642632,-1.175,99.4,99735,0.700468,3.84,0
529,23/01/2024 00:00,58,ut,21.35,8.1974915,2.766666667,97.83333333,99486.66667,1.257213,5.28,0
530,23/01/2024 01:00,59,ut,3.794871795,5.645933684,4.05,90.275,99167.5,2.685605,8.04,0
531,23/01/2024 02:00,143,ut,4.282051282,5.2377935,4.375,89.1,98977.5,2.7329275,7.92,0.0875
532,23/01/2024 03:00,415,ut,6.358974359,5.575467895,4.575,89.725,98877.5,3.52944,9.6,0.7
533,23/01/2024 04:00,1390,ut,5.974358974,6.172346316,4.325,88.7,98942.5,2.649835,8.64,0.2625
534,23/01/2024 05:00,1995,ut,3.631578947,9.848935263,5.025,86.725,99000,3.0531575,12,0.525
535,23/01/2024 06:00,2521,ut,2.675,13.4094405,4.8,89.375,99122.5,3.3848875,10.68,0.35
536,23/01/2024 07:00,2663,ut,2.333333333,137.6716237,5.6,81.475,99182.5,4.12434,13.8,0.175
537,23/01/2024 08:00,2505,ut,3,4.595735,,,,,,
538,23/01/2024 09:00,2245,ut,5.448275862,4.183999286,6.666666667,71.83333333,99023.33333,4.031523333,11.04,0
539,23/01/2024 10:00,2293,ut,5.325,4.1936055,6.7,71.23333333,99023.33333,4.06583,12,0
540,23/01/2024 11:00,2311,ut,5.461538462,4.344618947,6.7,70.3,99055,4.5748525,13.44,0
541,23/01/2024 12:00,2530,ut,6.076923077,4.934113,6.75,69.85,99110,3.16631,11.52,0
542,23/01/2024 13:00,2468,ut,6.948717949,4.941841579,8.075,64.975,98965,4.4643425,17.76,0
543,23/01/2024 14:00,2683,ut,7.725,6.0558655,6.825,69.375,99095,4.3858175,14.76,0
544,23/01/2024 15:00,2586,ut,7.384615385,10.481404,6.45,71.425,99322.5,3.43442,10.2,0
545,23/01/2024 16:00,2259,ut,10.74358974,14.31193158,4.85,79.05,99572.5,2.5980075,7.8,0
546,23/01/2024 17:00,1520,ut,8.65,12.85577,4.775,78.225,99747.5,2.4470875,7.68,0
547,23/01/2024 18:00,1069,ut,10.64102564,13.61651579,3.9,82.625,99837.5,1.507145,5.04,0
548,23/01/2024 19:00,656,ut,11.15384615,12.86823,2.9,86.03333333,1.00E+05,2.427326667,7.68,0
549,23/01/2024 20:00,373,ut,10.68421053,13.30148947,3.675,84.475,99905,1.55748375,5.76,0
550,23/01/2024 21:00,283,ut,8.85,12.34452,4.075,84.45,99697.5,2.25837,6.36,0
551,23/01/2024 22:00,155,ut,9.205128205,11.74215789,3.966666667,86.23333333,99560,1.30062,4.32,0
552,23/01/2024 23:00,103,ut,12.05,10.543722,4.675,85.925,99287.5,1.5752325,5.64,0
553,24/01/2024 00:00,87,st,6.447368421,11.69391579,4.775,88.6,99095,2.5090175,6.72,0
554,24/01/2024 01:00,77,st,4.2,14.049935,4.375,95.425,98995,1.78422075,5.76,0.2625
555,24/01/2024 02:00,100,st,2.871794872,14.08004737,4.35,98.05,98857.5,2.596625,8.28,0.2625
556,24/01/2024 03:00,440,st,1.641025641,11.281284,5.825,92.8,98610,6.8528425,16.68,0
557,24/01/2024 04:00,1579,st,1.256410256,9.199673684,6.925,90.475,98297.5,8.6815725,19.68,0
558,24/01/2024 05:00,2428,st,1.4,8.008329,7.7,89.43333333,98103.33333,7.8726,18.88,0
559,24/01/2024 06:00,2788,st,1.58974359,7.883908421,8.85,86.75,97892.5,7.640345,18.24,0
560,24/01/2024 07:00,2676,st,0.948717949,7.2173815,9.05,88,97735,8.32718,22.92,0
561,24/01/2024 08:00,2242,st,1.461538462,7.535921579,9.925,87.275,97590,7.7172125,19.56,0
562,24/01/2024 09:00,2274,st,1.948717949,5.0514925,11.1,82.85,97455,4.55957,12.96,0
563,24/01/2024 10:00,2297,st,0.974358974,6.090084737,12.05,80.175,97327.5,5.945485,20.4,0.175
564,24/01/2024 11:00,1985,st,2.325,3.6403235,12.7,70.25,97345,9.5690075,27.48,0.0875
565,24/01/2024 12:00,1752,st,4.289473684,3.229751579,13.525,61.825,97052.5,10.930535,31.8,0
566,24/01/2024 13:00,2319,st,5.1,7.7826865,11.325,73.5,97365,7.1591575,21.24,0
567,24/01/2024 14:00,2379,st,5.487179487,4.630030526,10.725,67.5,97672.5,6.9967075,23.88,0
568,24/01/2024 15:00,2603,st,7.625,6.0467245,10.475,65.95,97845,7.764125,25.2,0
569,24/01/2024 16:00,2226,st,9.416666667,10.72162833,10.5,65.9,97950,7.27898,24.48,0
570,24/01/2024 17:00,1665,st,9.033333333,7.035092,9.966666667,67.43333333,98033.33333,6.41236,18.88,0
571,24/01/2024 18:00,1048,st,8.794871795,5.746085263,10.175,63.6,98072.5,7.0006975,21.12,0
572,24/01/2024 19:00,691,st,8.58974359,4.8937585,10.075,63.425,98102.5,5.54414,17.76,0
573,24/01/2024 20:00,419,st,8.128205128,5.163033684,9.875,62.9,98087.5,6.3690275,19.8,0
574,24/01/2024 21:00,254,st,8.375,6.206946,9.55,64.175,98195,6.398755,19.92,0
575,24/01/2024 22:00,136,st,7.289473684,5.623723684,9.6,62.5,98240,6.43619,18.24,0
576,24/01/2024 23:00,102,st,8.641025641,6.574739,9.425,64.375,98260,5.6501825,17.52,0
577,25/01/2024 00:00,76,ct,7.461538462,6.312148947,9.325,63.375,98325,5.0097025,16.68,0
578,25/01/2024 01:00,92,ct,7.4,5.9450605,9.025,63.45,98367.5,5.21866,15.6,0
579,25/01/2024 02:00,137,ct,8.5,8.815361053,8.633333333,67.23333333,98443.33333,4.47421,13.44,0
580,25/01/2024 03:00,438,ct,8.925,8.6617585,8.75,65.1,98427.5,6.452015,18.84,0
581,25/01/2024 04:00,1564,ct,9.461538462,13.34466632,8.2,70.9,98525,7.68438,17.76,0
582,25/01/2024 05:00,2344,ct,10.175,9.0732895,8.425,67.325,98585,6.072765,19.08,0
583,25/01/2024 06:00,2644,ct,8.973684211,8.636593158,8.275,65.6,98642.5,6.1708225,17.64,0
584,25/01/2024 07:00,2509,ct,8.475,8.1234055,8.75,63.975,98705,6.18304,17.52,0
585,25/01/2024 08:00,2460,ct,7.230769231,6.847801579,9.55,61.15,98492.5,6.465675,19.2,0
586,25/01/2024 09:00,2117,ct,7.1,6.6724405,9.95,60.9,98557.5,4.9478,13.92,0
587,25/01/2024 10:00,2065,ct,5.947368421,5.339815789,11.275,56.95,98367.5,6.152835,17.28,0
588,25/01/2024 11:00,1900,ct,5.05,4.130692,10.925,58.525,98187.5,8.8552325,21.96,0
589,25/01/2024 12:00,1929,ct,4.564102564,5.050943158,10.66666667,58.56666667,98216.66667,9.789076667,25.12,0
590,25/01/2024 13:00,2233,ct,4.58974359,8.4252745,9.575,60.875,98307.5,12.248625,30,0
591,25/01/2024 14:00,2655,ct,4.615384615,12.07520211,8.6,63.9,98730,7.4492,23.76,0
592,25/01/2024 15:00,2683,ct,5.55,16.205135,7.975,67.05,98937.5,4.7821525,13.68,0
593,25/01/2024 16:00,2284,ct,5.421052632,15.43601053,7.675,68.35,99102.5,5.093015,16.2,0
594,25/01/2024 17:00,1632,ct,5.75,15.88496,7.375,69.725,99190,5.084565,14.88,0
595,25/01/2024 18:00,1134,ct,6.153846154,15.88835789,6.975,71.975,99275,3.9891775,11.88,0
596,25/01/2024 19:00,752,ct,6.7,16.0242,6.725,73.6,99325,3.299865,10.44,0
597,25/01/2024 20:00,403,ct,9,15.79520526,6.625,74.75,99325,1.79042,7.8,0
598,25/01/2024 21:00,324,ct,9.65,16.998655,5.65,77.775,99497.5,1.56201925,5.64,0
599,25/01/2024 22:00,172,ct,16.51282051,20.57989474,3.533333333,85,99796.66667,1.017621333,3.04,0
600,25/01/2024 23:00,99,ct,15.30769231,15.3256,3,86.55,99940,1.70727,4.8,0
601,26/01/2024 00:00,75,pa,12.64102564,12.25401053,3.7,84.375,99880,1.6612285,4.56,0
602,26/01/2024 01:00,105,pa,12.475,13.133645,3.2,85.6,99892.5,1.9304625,5.28,0
603,26/01/2024 02:00,155,pa,14.68421053,12.83254211,1.975,88.85,100047.5,1.6857775,4.92,0
604,26/01/2024 03:00,435,pa,14.025,20.113445,2.225,89.55,100010,0.1664868,1.68,0
605,26/01/2024 04:00,1443,pa,16.02564103,25.43206842,2.325,90.15,99960,0.52941175,2.4,0
606,26/01/2024 05:00,1890,pa,17.75,32.32994,2.275,90.275,99930,0.8381305,3,0
607,26/01/2024 06:00,2436,pa,24.10526316,33.95463684,2.45,89.3,99862.5,0.830300105,2.52,0
608,26/01/2024 07:00,2576,pa,26.975,42.598275,3.1,88.1,99743.33333,0.241114933,1.6,0
609,26/01/2024 08:00,2400,pa,29.94871795,49.62847895,4.075,85.925,99535,1.61899525,4.08,0
610,26/01/2024 09:00,2283,pa,29.625,44.456285,5,83.25,99285,1.998395,5.28,0
611,26/01/2024 10:00,2424,pa,24.68421053,31.27472632,5.95,81.35,98980,1.72122,5.4,0
612,26/01/2024 11:00,2641,pa,23.35,25.31621,6.675,80.65,98672.5,1.962075,5.88,0
613,26/01/2024 12:00,2901,pa,20.66666667,23.21345263,6.8,81.725,98525,0.96184675,3.48,0
614,26/01/2024 13:00,2916,pa,24.02564103,50.513485,6.025,89.725,98545,1.4395805,4.68,0.4375
615,26/01/2024 14:00,3029,pa,33.35897436,62.30675789,5.325,97.375,98687.5,1.29182425,4.08,0.2625
616,26/01/2024 15:00,2418,pa,33.825,68.07123,5.175,98.725,98677.5,0.8478545,3.12,0
617,26/01/2024 16:00,2143,pa,30.28205128,60.37949474,5.366666667,99,98746.66667,1.842213333,7.04,0.233333333
618,26/01/2024 17:00,1753,pa,2.333333333,6.7317625,8.025,80.4,98705,8.7780575,27.24,0.0875
619,26/01/2024 18:00,1135,pa,2.307692308,3.862106842,8.125,71.7,98677.5,12.9767,31.08,0
620,26/01/2024 19:00,894,pa,2.7,4.346673,7.7,73.25,98857.5,8.5750575,22.56,0
621,26/01/2024 20:00,552,pa,2.394736842,5.123658947,7.15,74.675,99085,7.6279275,19.68,0
622,26/01/2024 21:00,474,pa,2.95,5.4685605,6.6,74.75,99317.5,4.2925625,13.92,0
623,26/01/2024 22:00,266,pa,4.641025641,4.604904211,6.333333333,71.66666667,99446.66667,4.01996,13.6,0
624,26/01/2024 23:00,196,pa,5.128205128,5.0575505,6.05,72.675,99575,3.7014125,12.84,0
625,27/01/2024 00:00,142,so,3.051282051,6.666282632,5.925,72.725,99615,4.6366075,13.8,0
626,27/01/2024 01:00,165,so,3.4,6.157919,5.725,71.2,99717.5,6.0376125,18.84,0
627,27/01/2024 02:00,113,so,4.051282051,6.881846842,5.266666667,71.4,99786.66667,6.607003333,15.68,0
628,27/01/2024 03:00,227,so,4.897435897,7.9126785,4.925,70.65,99915,7.676275,20.04,0
629,27/01/2024 04:00,563,so,4.974358974,8.754308947,4.8,70.975,100035,9.12936,22.8,0
630,27/01/2024 05:00,714,so,5.5,9.358513,4.625,71.6,100072.5,9.12191,27.6,0
631,27/01/2024 06:00,880,so,6.157894737,9.830277895,4.525,71.825,100132.5,9.8392425,28.32,0
632,27/01/2024 07:00,1192,so,5.975,9.335289,4.65,71.6,100182.5,8.914905,23.04,0
633,27/01/2024 08:00,1653,so,6.307692308,10.10769263,5.075,71.675,100165,9.0012625,21.84,0
634,27/01/2024 09:00,1794,so,6.875,10.415928,5.725,71.175,100117.5,9.1502975,23.64,0
635,27/01/2024 10:00,1751,so,8.102564103,10.156137,6.375,70.15,100065,6.0673175,16.32,0
636,27/01/2024 11:00,1577,so,7.743589744,6.521839474,7.6,65.53333333,99883.33333,6.104643333,15.68,0
637,27/01/2024 12:00,1699,so,7.275,5.4133635,8.85,60.725,99580,5.4643425,17.28,0
638,27/01/2024 13:00,1735,so,6.948717949,5.712626842,8.6,59.7,99417.5,6.988705,19.44,0
639,27/01/2024 14:00,1504,so,8.230769231,7.8864375,8.075,61.85,99537.5,3.9124175,12.96,0
640,27/01/2024 15:00,2009,so,8.256410256,14.50732684,6.775,65.2,99987.5,2.6883925,8.04,0
641,27/01/2024 16:00,2181,so,10.125,15.3941015,5.45,70.45,100377.5,2.4474575,9,0
642,27/01/2024 17:00,1653,so,7.078947368,12.79043368,6.125,67.3,100385,4.5358,14.76,0
643,27/01/2024 18:00,1090,so,6.975,11.606248,5.85,67.75,100397.5,3.9472475,11.52,0
644,27/01/2024 19:00,702,so,9.256410256,13.27225368,4.625,73.275,100655,2.32035,8.4,0
645,27/01/2024 20:00,454,so,12.625,17.046265,2.25,82.975,101025,1.74111,5.76,0
646,27/01/2024 21:00,363,so,13.18421053,17.03852105,1.933333333,84.8,101223.3333,3.240983333,7.36,0
647,27/01/2024 22:00,193,so,15.69230769,18.86456842,0.575,89.875,101365,2.6053125,6.12,0
648,27/01/2024 23:00,209,so,18.25641026,15.73269474,0.05,91.875,101557.5,2.16769,5.88,0
649,28/01/2024 00:00,144,ne,18.43589744,18.673675,-0.375,92.85,101620,1.300401,4.68,0
650,28/01/2024 01:00,119,ne,14.94871795,15.94414737,-1.675,96.625,101810,0.442306,2.4,0
651,28/01/2024 02:00,77,ne,12.325,22.325975,-2.525,98.125,101975,0.369665,1.8,0
652,28/01/2024 03:00,137,ne,11.89473684,13.36418947,-2.875,97.5,102037.5,1.359645,3.96,0
653,28/01/2024 04:00,345,ne,11.3,18.128106,-3.175,97.425,102075,1.2341645,4.92,0
654,28/01/2024 05:00,302,ne,12.58974359,24.19608421,-3.933333333,98.53333333,102216.6667,0.415375333,2.56,0
655,28/01/2024 06:00,473,ne,14.94871795,19.992645,-4.275,98.35,102332.5,0.50330075,2.16,0
656,28/01/2024 07:00,651,ne,18.23076923,22.46058947,-2.7,93.1,102290,0.769757,2.88,0
657,28/01/2024 08:00,1061,ne,21.95,19.0533935,2.45,75.25,101722.5,0.70978,3,0
658,28/01/2024 09:00,1189,ne,25,24.64519158,5.35,68.225,101110,1.010995,3,0
659,28/01/2024 10:00,1261,ne,20.875,17.666378,6.375,68.9,100610,2.05134,5.4,0
660,28/01/2024 11:00,1304,ne,20.97368421,13.30688526,7.975,65.55,100152.5,2.2966625,6.12,0
661,28/01/2024 12:00,1515,ne,16.825,10.089946,8.625,62.125,99810,1.196485,4.32,0
662,28/01/2024 13:00,1586,ne,16.76923077,14.99699579,8.75,64,99590,1.433449,5.04,0
663,28/01/2024 14:00,1489,ne,11.61538462,11.626104,7.2,66.53333333,99770,1.361113333,5.12,0
664,28/01/2024 15:00,2084,ne,18.17948718,33.98183684,4.15,76.65,100370,0.533849575,3,0
665,28/01/2024 16:00,2010,ne,17.65,32.0735,1,88.35,101042.5,1.20875,4.68,0
666,28/01/2024 17:00,1543,ne,26.28947368,48.76812105,-0.3,92.625,101417.5,1.10524725,3.84,0
667,28/01/2024 18:00,1042,ne,27.925,37.74411,-1.275,94.725,101657.5,1.22998675,4.32,0
668,28/01/2024 19:00,609,ne,21.46153846,24.75200526,-1.95,96.825,101795,0.7758335,3.36,0
669,28/01/2024 20:00,433,ne,24.45,29.21493,-2.45,97.225,101877.5,1.07162,3.96,0
670,28/01/2024 21:00,235,ne,29.39473684,20.23802632,-2.975,97.65,101937.5,1.364924,4.2,0
671,28/01/2024 22:00,132,ne,29,18.91522,-3.466666667,98.36666667,102030,0.308870177,1.76,0
672,28/01/2024 23:00,126,ne,30.1025641,18.15542632,-3.9,98.46666667,102076.6667,0.589221667,2.4,0
673,29/01/2024 00:00,125,po,26.66666667,14.66093,-4.075,98.4,102087.5,0.48001375,2.4,0
674,29/01/2024 01:00,125,po,28.74358974,14.12586316,-4.6,98.4,102135,0.3920175,2.16,0
675,29/01/2024 02:00,183,po,26.875,12.868802,-4.9,98.25,102177.5,0.3265865,2.16,0
676,29/01/2024 03:00,426,po,33.23076923,14.75982632,-5.25,98.375,102230,0.156516525,1.2,0
677,29/01/2024 04:00,1354,po,33.43589744,23.2771,-4.225,97.6,102060,0.753866,2.64,0
678,29/01/2024 05:00,2270,po,31.61538462,31.72116842,-3.125,97.95,101802.5,0.798853725,3.36,0
679,29/01/2024 06:00,2680,po,41.4,25.642105,-2.3,97.95,101657.5,0.21567615,1.68,0
680,29/01/2024 07:00,2833,po,58.86842105,27.1618,-1.5,99.55,101532.5,0.3804482,2.04,0
681,29/01/2024 08:00,2441,po,44.725,26.623815,-1.066666667,100,101406.6667,0.703661333,3.52,0
682,29/01/2024 09:00,2607,po,51.74358974,29.67183158,-1.075,100,101372.5,0.7116695,2.88,0
683,29/01/2024 10:00,2296,po,54.275,32.17545,-0.8,100,101322.5,1.07674925,4.8,0
684,29/01/2024 11:00,2421,po,56.78947368,32.60615263,-0.55,99.6,101250,1.23137875,4.56,0
685,29/01/2024 12:00,2476,po,51.9,26.643375,-0.05,96.95,101135,0.867888,3.36,0
686,29/01/2024 13:00,2596,po,45.58974359,24.17296842,0.65,93.425,101032.5,0.43671175,2.64,0
687,29/01/2024 14:00,2808,po,45.48717949,23.29229,0.6,93.775,100982.5,0.624085,2.88,0
688,29/01/2024 15:00,2465,po,44.33333333,27.74192632,0.3,94.95,101035,0.7350555,2.88,0
689,29/01/2024 16:00,2037,po,45.775,21.217335,-0.3,97.625,101172.5,1.2188935,4.08,0
690,29/01/2024 17:00,1476,po,44.46153846,15.30522632,-0.633333333,98.83333333,101260,2.173246333,5.6,0
691,29/01/2024 18:00,883,po,37.17948718,15.28678,-1.025,99.425,101290,0.77206875,2.88,0
692,29/01/2024 19:00,518,po,38.48717949,15.82738947,-1.525,100,101345,1.6519775,4.8,0
693,29/01/2024 20:00,294,po,30.45,15.150825,-2,100,101432.5,1.52719425,5.16,0
694,29/01/2024 21:00,223,po,34.89473684,14.97248947,-2.2,99.85,101495,0.7753565,3,0
695,29/01/2024 22:00,126,po,25.3,15.142315,-2.566666667,99.5,101590,2.407013333,6.24,0
696,29/01/2024 23:00,84,po,26.76923077,14.22315263,-2.575,99.35,101635,0.84434975,3.24,0
697,30/01/2024 00:00,58,ut,24.25641026,17.17324,-2.675,99.275,101650,0.9147485,3.24,0
698,30/01/2024 01:00,70,ut,25.87179487,16.92388947,-2.775,99.25,101640,1.04953175,3.36,0
699,30/01/2024 02:00,120,ut,20.75,15.286715,-2.966666667,99.16666667,101630,1.486379333,4.48,0
700,30/01/2024 03:00,385,ut,19.94736842,15.66471579,-3.35,98.925,101667.5,1.8844375,5.28,0
701,30/01/2024 04:00,1204,ut,19.9,20.165315,-3.375,98.9,101687.5,1.835075,5.16,0
702,30/01/2024 05:00,1999,ut,16.33333333,31.89746842,-3.7,98.725,101740,1.34548225,4.2,0
703,30/01/2024 06:00,1676,ut,23.35,35.82636,-3.4,98.9,101752.5,0.43415375,2.16,0
704,30/01/2024 07:00,2670,ut,21.81578947,32.22291579,-3.275,98.975,101712.5,0.53064325,2.52,0
705,30/01/2024 08:00,2445,ut,21.25,23.17082,-2.75,99.275,101605,0.734767,3.48,0
706,30/01/2024 09:00,2311,ut,21.02631579,19.63656842,-2.375,99.575,101477.5,0.7472755,3.12,0
707,30/01/2024 10:00,2432,ut,21.6,24.181,-1.566666667,99.9,101290,0.879380667,4.16,0
708,30/01/2024 11:00,2352,ut,22.18421053,15.84823684,-1.1,99.8,101072.5,1.3328075,4.68,0
709,30/01/2024 12:00,2333,ut,23.35,17.89237,-0.775,96.4,101010,1.807295,5.88,0
710,30/01/2024 13:00,2742,ut,29.43589744,20.03428421,-0.75,95.55,101025,1.386375,4.92,0
711,30/01/2024 14:00,2747,ut,29.66666667,20.34413,-0.775,96.15,101042.5,1.3439555,4.08,0
712,30/01/2024 15:00,2461,ut,28.53846154,21.89376316,-0.875,96.8,101092.5,0.91334175,3.84,0
713,30/01/2024 16:00,1884,ut,36.05,22.631835,-1,98.15,101160,0.7700015,3.6,0
714,30/01/2024 17:00,1414,ut,45.81578947,25.71388421,-1.05,99.275,101185,0.7963835,3.36,0
715,30/01/2024 18:00,926,ut,47.45,20.841415,-1.05,99.825,101187.5,0.83737075,3.48,0
716,30/01/2024 19:00,588,ut,43.66666667,21.10953158,-1,99.43333333,101180,0.654061333,2.72,0
717,30/01/2024 20:00,323,ut,38.55,22.70016,-0.825,97.8,101160,0.318692,1.8,0
718,30/01/2024 21:00,253,ut,41.15789474,19.99882105,-0.85,98.25,101150,0.49596975,2.52,0
719,30/01/2024 22:00,145,ut,44.25,20.67094,-0.8,98.2,101130,0.341216667,2.88,0
720,30/01/2024 23:00,101,ut,49.12820513,20.53715789,-0.725,98.4,101147.5,0.65737015,2.88,0
721,31/01/2024 00:00,83,st,50.94871795,24.201195,-0.7,98.425,101155,0.47677025,2.64,0
722,31/01/2024 01:00,66,st,53.43589744,24.13872105,-0.675,97.6,101142.5,0.64016275,3.72,0
723,31/01/2024 02:00,165,st,61.675,25.6958,-0.7,98.75,101122.5,0.55534975,2.4,0
724,31/01/2024 03:00,415,st,63.92105263,25.54795789,-0.675,99.45,101115,0.23724,1.8,0
725,31/01/2024 04:00,1370,st,74.5,25.715945,-0.5,99.5,101106.6667,0.258351533,2.08,0
726,31/01/2024 05:00,2164,st,78.28205128,26.12031053,-0.325,99.25,101087.5,0.42852525,2.76,0
727,31/01/2024 06:00,2429,st,74.8974359,25.16332,-0.125,98.075,101060,0.39678,2.64,0
728,31/01/2024 07:00,2593,st,73.41025641,19.09832632,-0.05,97.7,101115,0.7797765,3.12,0
729,31/01/2024 08:00,2402,st,64.775,17.80678,0.5,94.825,101015,0.77072275,3.72,0
730,31/01/2024 09:00,2354,st,57.26315789,15.80038421,2.4,87.5,100872.5,1.15489375,3.96,0
731,31/01/2024 10:00,2273,st,59.4,13.496076,5.125,77.55,100110,1.7602125,5.88,0
732,31/01/2024 11:00,2356,st,76.64102564,20.16035263,2.8,87.96666667,100246.6667,1.632113333,5.6,0
733,31/01/2024 12:00,2565,st,69.82051282,18.69032,3.225,88.025,100270,1.3474775,4.92,0
734,31/01/2024 13:00,2765,st,64.075,21.04216,3.5,87.3,100207.5,0.9524735,3.24,0
735,31/01/2024 14:00,2674,st,61.8974359,21.53582105,4.233333333,84.6,100040,0.838590333,3.36,0
736,31/01/2024 15:00,2626,st,72.1025641,23.407375,2.65,91.65,100257.5,0.9511025,4.08,0
737,31/01/2024 16:00,1929,st,69.69230769,24.19991053,1.825,94.65,100467.5,0.24604735,2.4,0
738,31/01/2024 17:00,1426,st,72.4,23.293515,0.675,96.425,100670,0.6817655,3.6,0
739,31/01/2024 18:00,947,st,83.41025641,22.75185263,-0.475,98.375,100872.5,0.3150695,2.28,0
740,31/01/2024 19:00,608,st,80.20512821,26.962495,-0.15,98.025,100747.5,0.732012175,3.24,0
741,31/01/2024 20:00,422,st,89.97435897,31.16985789,0.6,99.175,100515,0.536019625,2.64,0
742,31/01/2024 21:00,240,st,76.51282051,36.01169,0.55,100,100347.5,0.5569815,2.52,0
743,31/01/2024 22:00,117,st,56.34210526,34.04298947,0.2,100,100266.6667,0.901697333,3.2,0
744,31/01/2024 23:00,58,st,52.7,33.854955,-0.366666667,99.4,100236.6667,2.256076667,6.56,0
745,01/02/2024 00:00,57,ct,48.07894737,33.20472105,-0.575,99.175,100257.5,1.476132,3.72,0
746,01/02/2024 01:00,68,ct,37.05,29.89843,-1.3,98.675,100305,1.7622355,5.16,0
747,01/02/2024 02:00,119,ct,33.74358974,31.97737368,-1.275,98.05,100330,1.70035625,5.76,0
748,01/02/2024 03:00,350,ct,32.02564103,33.01664,-1.35,97.95,100297.5,1.8970205,6,0
749,01/02/2024 04:00,1407,ct,35.12820513,33.70732632,-0.725,98.425,100217.5,1.06942375,4.44,0
750,01/02/2024 05:00,2216,ct,37.675,35.98861,-0.275,98.8,100112.5,1.14377275,4.56,0
751,01/02/2024 06:00,2579,ct,34,31.31108421,0.725,98.475,100005,1.1561105,4.32,0
752,01/02/2024 07:00,2631,ct,17.625,15.200683,2.9,97,99817.5,1.39067325,4.44,0
753,01/02/2024 08:00,2270,ct,8.58974359,8.617611579,5.333333333,91.7,99490,2.954693333,7.68,0
754,01/02/2024 09:00,2198,ct,5.205128205,7.459858,7.275,86.075,99200,1.7792675,6,0
755,01/02/2024 10:00,2282,ct,2.205128205,7.404417368,8.1,85.1,98885,3.05989,9.96,0.0875
756,01/02/2024 11:00,2288,ct,2.461538462,3.856217,9.225,74.775,98692.5,4.11265,13.8,0
757,01/02/2024 12:00,2291,ct,2.846153846,3.970109474,8.9,70.825,98645,4.23949,12.36,0
758,01/02/2024 13:00,2415,ct,3.9,4.2349155,9.575,68.8,98565,4.81318,14.88,0
759,01/02/2024 14:00,2694,ct,4.743589744,5.512624211,8.625,71.825,98727.5,4.7409675,14.28,0
760,01/02/2024 15:00,2646,ct,4.820512821,8.5281995,7.55,73.075,99082.5,3.5733625,13.68,0
761,01/02/2024 16:00,2106,ct,4.564102564,7.452910526,7.175,70,99327.5,3.4347075,12.6,0
762,01/02/2024 17:00,1743,ct,4.1,7.704005,6.9,69.2,99467.5,2.9929775,10.56,0
763,01/02/2024 18:00,1089,ct,5.236842105,8.624536842,6.675,68.9,99482.5,2.9613075,10.44,0
764,01/02/2024 19:00,698,ct,8.05,8.070902,6.4,70.06666667,99526.66667,2.531376667,7.84,0
765,01/02/2024 20:00,478,ct,7.461538462,9.369388421,6.2,71.575,99592.5,2.4087325,7.92,0
766,01/02/2024 21:00,341,ct,7.625,8.928618,6.25,69.25,99620,3.3672275,12.48,0
767,01/02/2024 22:00,164,ct,7.684210526,8.739372632,5.933333333,70.6,99653.33333,3.403623333,12,0
768,01/02/2024 23:00,118,ct,8.475,10.234576,5.575,72.625,99750,3.095025,10.92,0
769,02/02/2024 00:00,66,pa,8.58974359,10.65400526,5.425,73.575,99767.5,3.109,11.04,0
770,02/02/2024 01:00,96,pa,8.743589744,10.703973,5.3,74.25,99765,3.7290225,13.32,0
771,02/02/2024 02:00,151,pa,8.128205128,11.79561053,5.05,76.55,99777.5,3.773485,12.84,0
772,02/02/2024 03:00,397,pa,10.45,13.54871,5.075,77.75,99782.5,4.9440375,15,0
773,02/02/2024 04:00,1437,pa,10.71052632,13.27156316,5.1,77.175,99777.5,5.1701225,14.76,0
774,02/02/2024 05:00,2089,pa,13.9,16.95484,5.033333333,76.96666667,99820,2.701223333,9.76,0
775,02/02/2024 06:00,2482,pa,10.33333333,10.14947474,4.9,76.6,99817.5,2.9441125,8.64,0
776,02/02/2024 07:00,2477,pa,10.875,11.147357,4.55,78.15,99835,2.700895,8.04,0
777,02/02/2024 08:00,2553,pa,12.86842105,9.061252632,5.1,75.9,99767.5,2.9073675,8.64,0
778,02/02/2024 09:00,2624,pa,11.375,7.766923158,6.45,69.725,99502.5,3.9156175,11.52,0
779,02/02/2024 10:00,2524,pa,8.921052632,8.657323158,7.075,68.75,99255,4.5193675,13.44,0
780,02/02/2024 11:00,2605,pa,10.075,10.446452,6.775,72.625,99130,4.60957,14.28,0
781,02/02/2024 12:00,2760,pa,8,10.17489895,7,73.7,99022.5,5.702615,16.08,0
782,02/02/2024 13:00,2866,pa,5.205128205,8.459932,7.875,67.55,98850,4.091145,12.6,0
783,02/02/2024 14:00,3011,pa,6.205128205,7.344609474,7.875,66.35,98732.5,5.430105,14.64,0
784,02/02/2024 15:00,2855,pa,6.9,10.22428,7.6,67.86666667,98730,4.958173333,14.4,0
785,02/02/2024 16:00,2333,pa,6.605263158,13.08896316,6.9,74.125,98812.5,4.84933,13.2,0
786,02/02/2024 17:00,1934,pa,7.225,12.72072,6.275,78.1,98967.5,4.9090575,13.8,0
787,02/02/2024 18:00,1236,pa,7.153846154,13.74552632,6.425,78.125,98962.5,6.27136,15.96,0
788,02/02/2024 19:00,848,pa,6.825,14.789575,6.6,78.5,98947.5,5.0470375,13.92,0
789,02/02/2024 20:00,561,pa,5.947368421,11.16538316,7,77.075,98912.5,4.858685,13.92,0
790,02/02/2024 21:00,464,pa,5.7,9.732088,7.8,75.15,98775,5.1143325,15.36,0
791,02/02/2024 22:00,260,pa,5.736842105,7.701811667,9.633333333,70.7,98516.66667,6.699043333,21.6,0
792,02/02/2024 23:00,209,pa,6.842105263,8.631466,9.325,73.95,98457.5,6.403275,18.6,0
793,03/02/2024 00:00,150,so,6.897435897,9.326218947,9.233333333,76.33333333,98433.33333,5.57557,17.12,0
794,03/02/2024 01:00,130,so,5.975,9.664863,9.35,77.075,98450,4.8314625,15.96,0
795,03/02/2024 02:00,108,so,5,8.515098421,9.65,76.55,98415,6.068575,23.28,0
796,03/02/2024 03:00,236,so,3.974358974,7.785964,9.7,76.65,98365,5.362,18.96,0
797,03/02/2024 04:00,519,so,2.974358974,8.022292632,9.725,77.075,98377.5,5.05957,16.08,0
798,03/02/2024 05:00,607,so,2.4,7.4428935,9.75,76.875,98355,4.37389,15,0
799,03/02/2024 06:00,778,so,2.289473684,7.080951579,10.05,75.65,98305,5.183,16.92,0
800,03/02/2024 07:00,1175,so,2.5,8.647356,9.8,78.675,98322.5,4.165245,12.12,0
801,03/02/2024 08:00,1591,so,2.333333333,10.51104105,9.05,82.475,98390,4.8848875,11.28,0
802,03/02/2024 09:00,1889,so,4.125,9.872737,9,83.2,98467.5,5.25282,12.72,0
803,03/02/2024 10:00,1495,so,6.157894737,11.43592316,9,84.23333333,98500,5.636913333,15.84,0
804,03/02/2024 11:00,1981,so,2.875,9.569994,9.125,83.525,98457.5,5.1874925,13.8,0
805,03/02/2024 12:00,2147,so,3.41025641,8.010866842,9.375,82.55,98385,4.7476775,12.12,0
806,03/02/2024 13:00,2193,so,5.974358974,7.1549425,9.825,80.975,98272.5,5.39027,15.24,0
807,03/02/2024 14:00,2108,so,6.923076923,7.803003684,9.9,81.5,98232.5,4.2152675,13.32,0
808,03/02/2024 15:00,2014,so,4.65,8.545586,9.775,82.325,98267.5,3.0576575,9.48,0
809,03/02/2024 16:00,1884,so,9.051282051,10.56981053,9.3,85.175,98350,3.9262175,11.28,0
810,03/02/2024 17:00,1557,so,7.974358974,12.028001,9.025,88.225,98445,3.253085,9.96,0
811,03/02/2024 18:00,898,so,5.871794872,14.42664737,8.35,92.75,98547.5,3.6989475,10.56,0.0875
812,03/02/2024 19:00,660,so,5.35,12.577165,8.2,93.1,98566.66667,2.936796667,9.28,0.116666667
813,03/02/2024 20:00,388,so,14.52631579,11.31248105,7.975,93.55,98577.5,2.6050425,7.08,0
814,03/02/2024 21:00,311,so,3.95,9.8851085,8.325,92.55,98565,3.0514525,10.92,0.0875
815,03/02/2024 22:00,259,so,11.64102564,5.66292,9.666666667,83.86666667,98383.33333,3.661566667,14.24,0
816,03/02/2024 23:00,193,so,1.6,4.747681,10,81.275,98285,3.273425,14.28,0
817,04/02/2024 00:00,144,ne,0.894736842,4.667587368,10.5,77.25,98120,4.5082575,13.68,0
818,04/02/2024 01:00,137,ne,0.575,5.5798365,10.225,79.375,98115,4.80379,15.36,0
819,04/02/2024 02:00,90,ne,1.256410256,4.765778421,10.325,76.225,98117.5,4.04495,12.24,0.0875
820,04/02/2024 03:00,179,ne,1.641025641,4.63301,10.1,76.525,98087.5,3.343085,11.28,0
821,04/02/2024 04:00,370,ne,1.358974359,5.305839474,10.3,76.9,98062.5,4.113365,13.44,0
822,04/02/2024 05:00,373,ne,1.076923077,5.936338421,10.43333333,76.76666667,97976.66667,3.925596667,12.8,0
823,04/02/2024 06:00,500,ne,1.102564103,8.655693158,9.8,82.1,98000,3.9125275,12.12,0
824,04/02/2024 07:00,661,ne,0.578947368,6.640459,10.3,79.875,97967.5,4.0891,11.52,0
825,04/02/2024 08:00,1040,ne,0.974358974,6.672794737,10.1,82.45,97920,5.8791375,15.36,0
826,04/02/2024 09:00,1344,ne,1.275,6.3590785,10.55,80.2,97880,4.7720225,13.08,0
827,04/02/2024 10:00,1541,ne,1.631578947,5.756966316,11.1,76.325,97772.5,4.6962225,12.72,0
828,04/02/2024 11:00,1757,ne,2.775,5.489677,11.325,74.6,97607.5,4.9188875,14.04,0
829,04/02/2024 12:00,1851,ne,1.575,4.954724,11.675,71,97500,5.1833275,20.16,0
830,04/02/2024 13:00,2027,ne,1.794871795,7.796111579,11.4,75.55,97502.5,4.2216225,16.08,0
831,04/02/2024 14:00,2047,ne,2.461538462,10.63855,10.875,80.6,97587.5,3.0244925,10.68,0
832,04/02/2024 15:00,2123,ne,2.076923077,16.06943684,10.43333333,83.7,97710,3.02562,9.44,0.116666667
833,04/02/2024 16:00,1907,ne,1.575,11.303758,10.9,78.525,97725,4.544655,17.4,0
834,04/02/2024 17:00,1496,ne,3.657894737,13.55908737,9.75,85.35,97755,2.638832,9,0.175
835,04/02/2024 18:00,803,ne,5.6,19.996415,8.6,95.225,97875,2.76846,8.04,0.7875
836,04/02/2024 19:00,708,ne,7.717948718,18.92018947,8.45,97,97932.5,1.97158,5.76,0.2625
837,04/02/2024 20:00,384,ne,4.275,13.137286,8.85,95.35,97860,3.48058,9,0
838,04/02/2024 21:00,256,ne,2.368421053,9.648143158,9.375,92.55,97772.5,3.086595,10.08,0.0875
839,04/02/2024 22:00,164,ne,0.897435897,7.468411579,9.466666667,91.7,97690,3.644813333,9.12,0
840,04/02/2024 23:00,137,ne,2.205128205,5.634704737,9.775,89.175,97572.5,4.3630625,12.72,0
841,05/02/2024 00:00,120,po,1.820512821,4.7792405,10.1,86.4,97500,5.18257,15.12,0.0875
842,05/02/2024 01:00,172,po,0.846153846,4.074454737,11.43333333,78.66666667,97346.66667,5.564363333,15.04,0
843,05/02/2024 02:00,195,po,1.175,3.947046,11.5,76.35,97250,5.3042075,14.76,0
844,05/02/2024 03:00,549,po,0.743589744,4.346131053,11.4,75.975,97237.5,5.194735,14.28,0
845,05/02/2024 04:00,1700,po,0.358974359,4.466224,11.55,75.25,97257.5,5.3675975,14.28,0
846,05/02/2024 05:00,2606,po,0.435897436,4.791583684,11.775,74.75,97260,4.9465675,15.36,0
847,05/02/2024 06:00,2885,po,1.4,5.215551,11.9,74.85,97285,5.5812025,15.6,0
848,05/02/2024 07:00,2777,po,1.918918919,6.752485789,11.7,76.375,97332.5,5.7259375,14.76,0
849,05/02/2024 08:00,2414,po,3.6,5.467649,12.025,73.75,97325,5.950745,16.44,0
850,05/02/2024 09:00,2324,po,5.076923077,4.242638421,12.55,69.775,97282.5,6.4489175,21.48,0
851,05/02/2024 10:00,2335,po,6.3,3.77056,13.85,63.025,97082.5,7.5144125,21.48,0
852,05/02/2024 11:00,2308,po,6.5,3.590892105,14.56666667,59.5,96890,7.6229,23.04,0
853,05/02/2024 12:00,2276,po,6.85,3.643148,14.975,58.7,96690,7.90893,24,0
854,05/02/2024 13:00,2234,po,8.256410256,3.865085789,15.75,56.05,96410,6.2910625,20.4,0
855,05/02/2024 14:00,2572,po,8.871794872,5.000243,14.875,58.575,96520,5.09054,14.64,0
856,05/02/2024 15:00,2534,po,8.789473684,7.149592632,12.925,63.875,96910,5.8259125,15.96,0
857,05/02/2024 16:00,2053,po,6.675,13.55637,11.075,70.2,97312.5,6.384655,16.56,0
858,05/02/2024 17:00,1569,po,8.289473684,14.75077368,10.35,72.65,97515,5.7658225,16.32,0
859,05/02/2024 18:00,941,po,7.6,12.64721,9.9,74.65,97587.5,5.2784925,14.28,0
860,05/02/2024 19:00,623,po,7.692307692,11.6044,9.75,74.225,97630,5.622325,14.52,0
861,05/02/2024 20:00,366,po,7.65,10.396435,9.625,73.9,97632.5,6.2338675,15.6,0
862,05/02/2024 21:00,277,po,9.710526316,13.72673158,9.1,75.53333333,97710,5.325066667,13.28,0
863,05/02/2024 22:00,134,po,15.25641026,12.874681,8.575,77.125,97792.5,5.72702,14.88,0
864,05/02/2024 23:00,87,po,10.58974359,11.50636,7.6,80.3,97927.5,5.9364325,13.8,0
865,06/02/2024 00:00,73,ut,8.307692308,10.209889,6.6,83.1,98145,1.555991,6,0
866,06/02/2024 01:00,87,ut,9.435897436,10.21299474,6.75,81.275,98225,1.7411325,5.04,0
867,06/02/2024 02:00,134,ut,10.05,7.666771,7.75,77.775,98067.5,2.3867875,6.96,0
868,06/02/2024 03:00,424,ut,9.794871795,5.93103,8.425,75.25,97817.5,3.53726,12.24,0
869,06/02/2024 04:00,1629,ut,10.12820513,5.810276,8.45,74.45,97740,3.67036,13.08,0
870,06/02/2024 05:00,2453,ut,10.34210526,5.844697895,8.5,72.975,97677.5,4.9889175,14.76,0
871,06/02/2024 06:00,2767,ut,8.725,8.5939545,8.45,72.55,97667.5,4.9103775,14.64,0
872,06/02/2024 07:00,2809,ut,6.210526316,6.663210526,8.566666667,72.13333333,97656.66667,5.397063333,16.16,0
873,06/02/2024 08:00,2531,ut,4.025641026,6.3469625,8.775,71.825,97630,5.8321025,17.28,0
874,06/02/2024 09:00,2399,ut,4.179487179,6.939064211,9.125,72.875,97547.5,6.683955,15.96,0
875,06/02/2024 10:00,2426,ut,4.1,7.9175645,9.6,73.4,97420,6.35842,15.96,0
876,06/02/2024 11:00,2250,ut,3.578947368,9.814341579,9.95,72.975,97310,5.30668,15.12,0
877,06/02/2024 12:00,2444,ut,2.825,5.800647,10.25,69.9,97237.5,6.36607,20.4,0
878,06/02/2024 13:00,2764,ut,4.307692308,7.975921053,10.175,71.875,97185,4.134055,11.64,0
879,06/02/2024 14:00,2912,ut,3.625,8.1930265,10.075,72.9,97155,4.67667,13.92,0
880,06/02/2024 15:00,2481,ut,3.657894737,8.694777895,9.9,74,97132.5,4.73724,15.24,0
881,06/02/2024 16:00,2002,ut,3.825,10.793825,9.65,75.875,97130,6.26032,16.56,0
882,06/02/2024 17:00,1643,ut,6.717948718,9.356457895,9.733333333,75.33333333,97136.66667,5.483756667,16,0
883,06/02/2024 18:00,946,ut,5.871794872,7.251792,10.075,72.625,97030,6.74865,17.52,0
884,06/02/2024 19:00,662,ut,5.230769231,8.886141053,9.75,74.225,96990,7.44803,17.28,0
885,06/02/2024 20:00,388,ut,6.075,9.164026,9.6,75.375,97030,7.8575275,18.72,0
886,06/02/2024 21:00,276,ut,3.820512821,9.010223158,9.425,76.125,97017.5,7.2304275,17.4,0
887,06/02/2024 22:00,151,ut,4.58974359,7.7341795,9.566666667,75.43333333,96976.66667,5.87524,15.04,0
888,06/02/2024 23:00,122,ut,6.666666667,7.600335789,9.5,76.075,96920,4.99975,14.88,0
889,07/02/2024 00:00,103,st,6.675,7.7593055,9.475,76.6,96895,5.05914,15,0
890,07/02/2024 01:00,90,st,4.605263158,6.77739,9.75,75.125,96757.5,5.5852025,16.2,0
891,07/02/2024 02:00,150,st,4.3,6.7282935,9.75,74.55,96642.5,5.213575,13.56,0
892,07/02/2024 03:00,448,st,5.153846154,6.84655,9.933333333,74.56666667,96553.33333,7.705636667,18.08,0
893,07/02/2024 04:00,1607,st,5.4,8.9329785,9.925,75.85,96457.5,8.0772475,21.48,0
894,07/02/2024 05:00,2461,st,4.789473684,10.28382947,9.775,78.8,96462.5,7.6954775,23.04,0
895,07/02/2024 06:00,2659,st,5.7,12.723844,9.825,79.675,96420,7.794145,20.04,0
896,07/02/2024 07:00,2546,st,6.076923077,13.81874211,9.5,83.63333333,96480,6.442656667,21.12,0
897,07/02/2024 08:00,2230,st,5,13.5297,9.7,85.7,96440,7.01132,19.2,0
898,07/02/2024 09:00,2186,st,4.153846154,12.04525684,10.05,84.2,96382.5,6.9579025,17.04,0.0875
899,07/02/2024 10:00,2192,st,2.05,13.0686155,7.2,88.75,96772.5,4.496595,13.2,0.4375
900,07/02/2024 11:00,2436,st,1.666666667,12.65861105,6.35,83.95,97030,3.7297975,11.52,0
901,07/02/2024 12:00,2483,st,1.076923077,12.027636,5.975,79.3,97095,2.1168475,7.44,0
902,07/02/2024 13:00,2874,st,1.358974359,10.51602947,5.966666667,78.53333333,97130,3.230956667,12.64,0
903,07/02/2024 14:00,2931,st,1.725,16.9683165,5.65,80.6,97187.5,2.04287,7.56,0
904,07/02/2024 15:00,2569,st,3.289473684,16.39468,4.775,85.925,97385,1.91674,6.6,0.175
905,07/02/2024 16:00,2199,st,3,14.2602875,4.225,81.125,97562.5,2.9664225,8.28,0
906,07/02/2024 17:00,1546,st,2.641025641,13.01052211,3.75,80.075,97685,2.0711215,6.6,0
907,07/02/2024 18:00,1107,st,5.282051282,10.720181,3.175,87.975,97770,1.883032,5.4,0
908,07/02/2024 19:00,700,st,8.641025641,12.42078947,3.1,89.375,97827.5,3.20114,7.2,0
909,07/02/2024 20:00,498,st,5.4,13.346945,2.525,93.775,97887.5,2.8531,6.96,0.0875
910,07/02/2024 21:00,274,st,5.051282051,15.43325789,1.55,98.275,97992.5,1.23468775,3.48,0.175
911,07/02/2024 22:00,106,st,7.717948718,14.95543,1.3,99.23333333,98056.66667,1.028542,3.84,0.116666667
912,07/02/2024 23:00,98,st,7.025641026,13.60245789,1.4,99.275,98070,0.8952895,3.36,0
913,08/02/2024 00:00,78,ct,7.625,12.994825,1.4,99.125,98050,0.987829,3.48,0
914,08/02/2024 01:00,104,ct,3.921052632,9.989504211,1.425,98.25,98022.5,0.80524375,2.64,0
915,08/02/2024 02:00,89,ct,3.8,10.870773,1.125,99.4,97992.5,0.5253355,2.16,0
916,08/02/2024 03:00,384,ct,4.717948718,11.38591789,0.975,99.975,97982.5,0.20477315,1.2,0
917,08/02/2024 04:00,1525,ct,8.512820513,17.796476,1.05,100,97962.5,0.50612375,2.4,0.0875
918,08/02/2024 05:00,2455,ct,13.02564103,25.48187895,1.175,100,97930,1.058723925,3.24,0.0875
919,08/02/2024 06:00,2753,ct,15,25.6175,1.275,100,97900,0.4297495,2.52,0
920,08/02/2024 07:00,2813,ct,9.447368421,23.24382632,1.4,100,97886.66667,1.092320333,3.52,0.116666667
921,08/02/2024 08:00,2518,ct,9.05,24.444695,1.85,99.775,97810,0.83010425,2.88,0
922,08/02/2024 09:00,2505,ct,8.948717949,21.22424737,2.45,97.6,97710,0.578895,2.76,0
923,08/02/2024 10:00,2392,ct,9.825,17.961451,3,95.5,97565,0.8459645,3.24,0
924,08/02/2024 11:00,2436,ct,4.743589744,14.89034947,3.25,94.525,97422.5,1.1360025,3.48,0.175
925,08/02/2024 12:00,2574,ct,4.025641026,11.742323,3.775,93.4,97245,1.2970485,4.08,0
926,08/02/2024 13:00,2837,ct,5.282051282,19.08362842,3.45,95.35,97207.5,1.10889575,3.72,0.0875
927,08/02/2024 14:00,2986,ct,10.525,15.319125,3.3,97.35,97195,0.399272025,2.28,0.0875
928,08/02/2024 15:00,2575,ct,14.7,21.78708,3.05,99.7,97180,1.390553,4.32,0.4375
929,08/02/2024 16:00,2165,ct,9.394736842,19.45905789,2.85,100,97162.5,1.765955,4.92,0.4375
930,08/02/2024 17:00,1653,ct,11.35,26.395455,2.833333333,100,97163.33333,0.718546667,3.84,0.116666667
931,08/02/2024 18:00,1092,ct,12.51282051,26.25091053,2.8,100,97120,0.528159,2.16,0.0875
932,08/02/2024 19:00,765,ct,14.53846154,26.50465,2.825,100,97092.5,0.0848764,0.84,0.0875
933,08/02/2024 20:00,450,ct,15.64102564,16.35837368,2.825,100,97030,0.1114079,1.2,0.0875
934,08/02/2024 21:00,320,ct,16.5,18.080895,2.925,100,96997.5,0.1580785,1.08,0
935,08/02/2024 22:00,205,ct,15.5,15.38942105,2.933333333,100,96976.66667,0.457113667,2.56,0
936,08/02/2024 23:00,138,ct,17.92307692,12.814155,3.175,99.85,96932.5,0.051211525,1.08,0
937,09/02/2024 00:00,98,pa,21.64102564,13.34981579,3.15,99.975,96877.5,0.243636,1.92,0
938,09/02/2024 01:00,109,pa,24.6,18.368145,3.166666667,100,96846.66667,0.674579,3.04,0
939,09/02/2024 02:00,155,pa,32.57894737,23.19295263,3.125,100,96825,0.54277575,2.52,0
940,09/02/2024 03:00,436,pa,32.9,21.25275,3.075,99.95,96802.5,0.63475075,2.64,0
941,09/02/2024 04:00,1525,pa,33.84615385,26.30273158,3.225,100,96750,0.37861475,1.92,0
942,09/02/2024 05:00,2309,pa,32.66666667,33.98811,3.375,100,96680,0.167123,1.56,0.0875
943,09/02/2024 06:00,2555,pa,30.30769231,31.45230526,3.5,100,96627.5,0.191208875,1.44,0.0875
944,09/02/2024 07:00,2600,pa,33.225,37.505915,3.775,100,96602.5,0.297622325,1.68,0
945,09/02/2024 08:00,2490,pa,30.97435897,30.79416842,4.425,99.45,96487.5,0.88209275,3.36,0
946,09/02/2024 09:00,2516,pa,34.79487179,35.029905,4.725,99.5,96370,0.849735,3.36,0.0875
947,09/02/2024 10:00,2461,pa,36.61538462,28.72877895,5.175,99.725,96315,0.63507925,2.64,0
948,09/02/2024 11:00,2618,pa,36.6,26.69627,6,99.03333333,96163.33333,1.119701333,4,0
949,09/02/2024 12:00,2804,pa,36.15384615,29.62872632,7.075,96.675,95975,0.48782575,2.64,0
950,09/02/2024 13:00,3047,pa,35.87179487,25.51889,8.875,93.1,95597.5,1.75097675,5.76,0
951,09/02/2024 14:00,3063,pa,42.64102564,27.27908947,9.375,92.6,95437.5,1.30483,4.32,0
952,09/02/2024 15:00,2723,pa,40.25,36.84865,9.075,97.925,95510,0.6084395,3.24,0
953,09/02/2024 16:00,2523,pa,51.28947368,32.51755789,7.875,99.375,95727.5,1.348868075,4.2,0
954,09/02/2024 17:00,1955,pa,35.45,29.307605,7.725,99.625,95792.5,2.24662725,6.72,0
955,09/02/2024 18:00,1310,pa,48.48717949,34.007,7.375,99.975,95880,0.134357475,1.56,0
956,09/02/2024 19:00,859,pa,54.075,25.571315,7.075,100,95935,0.073374125,0.96,0
957,09/02/2024 20:00,623,pa,40.5,30.84384211,6.866666667,100,95983.33333,0.381168333,2.4,0.116666667
958,09/02/2024 21:00,479,pa,49.3,27.120205,7.025,100,95960,0.122004498,1.08,0.175
959,09/02/2024 22:00,294,pa,59.6875,26.31905625,7,99.775,95935,0.025952375,0.48,0.0875
960,09/02/2024 23:00,234,pa,59.64102564,26.38602,7.225,99.525,95887.5,1.64476475,5.04,0.175
961,10/02/2024 00:00,173,so,48.38461538,23.37714737,7.35,99.275,95835,1.031004,3,0.0875
962,10/02/2024 01:00,136,so,53.075,23.5834,7.3,98.925,95832.5,0.025322225,0.72,0
963,10/02/2024 02:00,133,so,49.36842105,21.48086316,7.175,98.825,95830,0.054579,0.48,0.0875
964,10/02/2024 03:00,224,so,59.8,23.49657,7.2,98.825,95805,0.0428305,0.6,0
965,10/02/2024 04:00,515,so,71.66666667,22.06185263,7.075,98.85,95790,0.24444225,0.72,0
966,10/02/2024 05:00,724,so,51.475,15.5121075,7.075,98.8,95820,0.16374525,1.8,0
967,10/02/2024 06:00,969,so,39.81578947,22.99428947,7.566666667,98.73333333,95800,0.587286333,2.72,0
968,10/02/2024 07:00,1225,so,43.65,22.64138,8.1,98.65,95767.5,0.129924275,1.68,0
969,10/02/2024 08:00,1682,so,33.51282051,11.62287421,9.15,96.95,95615,0.534520825,3.12,0
970,10/02/2024 09:00,1954,so,23.4,5.145421,9.75,91.45,95482.5,1.24701675,6.72,0
971,10/02/2024 10:00,1974,so,22.86842105,4.526129474,11.025,87.75,95277.5,2.251645,5.88,0
972,10/02/2024 11:00,2268,so,18.925,4.100365,11.325,86.2,95052.5,1.7903635,5.64,0
973,10/02/2024 12:00,2297,so,16.38461538,4.941974737,11.125,86.825,95040,1.51680225,5.16,0
974,10/02/2024 13:00,2473,so,16.17948718,4.3900655,11.45,85.3,95002.5,1.292533,6,0.0875
975,10/02/2024 14:00,2293,so,15.25641026,6.138477895,11.275,86.325,95040,1.24000125,4.56,0
976,10/02/2024 15:00,2201,so,16.725,9.8436515,10.925,87.2,95097.5,1.66727925,7.2,0
977,10/02/2024 16:00,2131,so,20.82051282,16.55516316,10.36666667,90.2,95163.33333,3.013073333,7.84,0
978,10/02/2024 17:00,1900,so,26.33333333,19.90849,10.125,91.75,95247.5,1.0774635,4.92,0
979,10/02/2024 18:00,1181,so,29.94871795,18.64993158,9.95,92.75,95312.5,1.235731,5.04,0
980,10/02/2024 19:00,795,so,26.075,14.640685,9.4,94.825,95412.5,0.97557475,5.04,0
981,10/02/2024 20:00,455,so,25,16.31498947,8.425,96.575,95490,0.757509,3.48,0
982,10/02/2024 21:00,405,so,24.3,21.508215,8.225,96.65,95512.5,0.8713035,3.6,0
983,10/02/2024 22:00,249,so,17.82051282,12.01999789,8.466666667,94.76666667,95450,1.449482333,4.96,0
984,10/02/2024 23:00,282,so,20.51282051,12.919506,7.1,98.275,95587.5,0.34089775,2.28,0
985,11/02/2024 00:00,203,ne,18.97435897,10.17694,6.825,98.425,95647.5,0.6393145,3.48,0
986,11/02/2024 01:00,153,ne,23.125,9.669311,6.225,99.125,95685,0.94995725,4.08,0
987,11/02/2024 02:00,118,ne,17.46153846,9.556127895,6.3,98.93333333,95656.66667,0.527104333,2.4,0
988,11/02/2024 03:00,171,ne,30.15384615,12.9362855,6.45,98.875,95627.5,0.491819,2.64,0
989,11/02/2024 04:00,377,ne,23.79487179,12.45021474,6.825,98.25,95557.5,0.6361525,3.36,0
990,11/02/2024 05:00,423,ne,17.975,13.984331,8.675,95,95340,1.993676,6.72,0
991,11/02/2024 06:00,533,ne,20.52631579,10.08743158,7.95,98.4,95305,0.33188375,2.04,0
992,11/02/2024 07:00,720,ne,19.75,20.34045,8.125,99.25,95340,0.037684293,0.84,0
993,11/02/2024 08:00,942,ne,21.94871795,23.60226316,8.625,99,95310,0.03508925,0.24,0
994,11/02/2024 09:00,1296,ne,23.625,9.669333,9.225,97.9,95240,0.52644,3.36,0.0875
995,11/02/2024 10:00,1425,ne,20.52631579,9.509829474,9.65,96.575,95147.5,2.46544,6.6,0.175
996,11/02/2024 11:00,1627,ne,20.275,7.7938215,9.9,95.6,95080,2.404893333,5.6,0
997,11/02/2024 12:00,1993,ne,28.41025641,10.21366474,10.1,96.1,95060,1.7891625,6,0.0875
998,11/02/2024 13:00,2163,ne,24.71794872,9.7880935,9.825,97.725,95142.5,1.76732275,6.24,0.175
999,11/02/2024 14:00,1901,ne,21.23076923,12.45511579,9.625,99.525,95235,0.4850795,3.12,0.35
1000,11/02/2024 15:00,1858,ne,6.675,10.342065,9.175,98.225,95370,2.5314675,8.88,0.35
1001,11/02/2024 16:00,1875,ne,4.282051282,7.816377368,8.375,97.275,95592.5,3.0738225,9.72,0.2625
1002,11/02/2024 17:00,1501,ne,3.743589744,7.93088,7.95,97.05,95780,2.8850175,9.48,0.0875
1003,11/02/2024 18:00,969,ne,3.794871795,5.954327368,7.625,96.675,95915,2.91056,8.64,0.0875
1004,11/02/2024 19:00,664,ne,4.95,6.150403,7.5,96.2,96030,1.772595,5.4,0.0875
1005,11/02/2024 20:00,388,ne,3.342105263,6.379139474,7.35,96.275,96140,0.796557,4.2,0
1006,11/02/2024 21:00,271,ne,4.575,7.7498855,7.166666667,97.66666667,96226.66667,0.814063,3.84,0.116666667
1007,11/02/2024 22:00,193,ne,3.282051282,6.848125263,7.225,97.125,96290,0.94129125,4.2,0.0875
1008,11/02/2024 23:00,117,ne,2.675,7.0385575,7.25,97,96345,1.15696275,6.6,0
1009,12/02/2024 00:00,117,po,3.894736842,6.752460526,7.125,96.95,96387.5,0.98470925,3.84,0.0875
1010,12/02/2024 01:00,132,po,4.95,6.5495055,6.875,96.725,96460,0.60496775,3.24,0
1011,12/02/2024 02:00,216,po,4.435897436,6.245734737,6.925,95.1,96465,1.07785675,4.92,0
1012,12/02/2024 03:00,520,po,5.025641026,6.770543,7.025,94.15,96497.5,1.032089,3.72,0
1013,12/02/2024 04:00,1729,po,3.564102564,7.637938947,6.95,94.15,96567.5,1.450365,4.92,0
1014,12/02/2024 05:00,2550,po,3.6,9.2347245,6.3,95.55,96702.5,1.5148775,5.64,0
1015,12/02/2024 06:00,2796,po,3.307692308,10.14496105,5.85,96.725,96862.5,1.31628,4.2,0
1016,12/02/2024 07:00,2773,po,7.153846154,9.1285475,7.366666667,90.83333333,96826.66667,1.900933333,5.44,0
1017,12/02/2024 08:00,2482,po,3.025641026,7.88465,11.075,77.95,96395,2.72604,8.52,0
1018,12/02/2024 09:00,2545,po,4.15,5.0240715,10.7,75.875,96090,3.152395,7.8,0
1019,12/02/2024 10:00,2438,po,8.282051282,4.902774,11.05,76.1,95967.5,2.4662275,8.16,0
1020,12/02/2024 11:00,2405,po,4.384615385,4.797106842,11.5,71.775,96015,2.0827375,6.96,0
1021,12/02/2024 12:00,2405,po,2.325,4.5254835,11.8,68.775,95967.5,1.97397175,6.12,0
1022,12/02/2024 13:00,2800,po,1.84,10.623475,10,77.65,96255,3.21482,8.16,0
1023,12/02/2024 14:00,2703,po,1.694444444,9.760567222,10.325,76.225,96342.5,1.682625,5.4,0
1024,12/02/2024 15:00,2631,po,4.5,20.97781053,8.65,90.9,96707.5,0.885058,3.96,0
1025,12/02/2024 16:00,2158,po,8.05,16.99871,8.4,88.075,96947.5,1.8603905,5.88,0.0875
1026,12/02/2024 17:00,1526,po,14.21052632,13.12441474,8.233333333,84.16666667,97076.66667,1.147454,4.32,0
1027,12/02/2024 18:00,922,po,6.275,14.848821,8.1,83.525,97197.5,1.4194335,5.88,0
1028,12/02/2024 19:00,724,po,12.51282051,13.66491053,7.05,87.875,97422.5,1.45219525,4.8,0
1029,12/02/2024 20:00,427,po,34.05,15.264015,5.175,95.55,97815,0.90509925,3,0
1030,12/02/2024 21:00,275,po,25.92105263,15.4048,3.725,96.95,98152.5,1.97031375,6.36,0
1031,12/02/2024 22:00,155,po,17.71794872,13.25706316,3.666666667,95.86666667,98300,2.377846667,6.56,0
1032,12/02/2024 23:00,106,po,16.58974359,11.45641263,4.8,94.675,98265,0.46330525,2.64,0
1033,13/02/2024 00:00,77,ut,7,7.686473846,7.066666667,82.43333333,98000,3.01153,12.96,0
1034,13/02/2024 01:00,75,ut,7.948717949,8.427966842,5.975,86.725,98095,1.05966975,4.92,0
1035,13/02/2024 02:00,159,ut,23.35,9.3560105,4.475,94.075,98402.5,0.79518075,3.24,0
1036,13/02/2024 03:00,425,ut,8,7.770883158,6.833333333,79.83333333,98340,2.230693333,9.12,0
1037,13/02/2024 04:00,1667,ut,3.675,7.848894,6.725,78.175,98240,3.08922,11.64,0
1038,13/02/2024 05:00,2482,ut,3.692307692,9.920108421,6.375,79.625,98312.5,1.968015,8.04,0
1039,13/02/2024 06:00,2794,ut,6.25,12.152546,6.175,79.925,98457.5,2.109265,7.68,0
1040,13/02/2024 07:00,2835,ut,6.473684211,13.75760789,6.625,77.775,98475,2.576475,8.04,0
1041,13/02/2024 08:00,2543,ut,3.275,5.991528,7.675,68.675,98327.5,2.3369725,8.28,0
1042,13/02/2024 09:00,2445,ut,3.948717949,5.111957895,9.4,61.475,98187.5,2.7495175,9.48,0
1043,13/02/2024 10:00,2291,ut,5.075,4.330497,9.525,61.3,97990,3.80372,10.44,0
1044,13/02/2024 11:00,2241,ut,5.736842105,3.958543158,10.725,57.825,97897.5,2.89436,8.28,0
1045,13/02/2024 12:00,2313,ut,4.475,4.074296,11.6,51.9,97600,3.44619,11.2,0
1046,13/02/2024 13:00,2729,ut,6.512820513,6.590272105,10.75,60.125,97565,4.14158,11.64,0
1047,13/02/2024 14:00,2926,ut,6.25,9.215363,10.3,58.475,97765,3.21006,8.4,0
1048,13/02/2024 15:00,2633,ut,13.05263158,9.671011053,9.45,58.375,98022.5,1.82342,6,0
1049,13/02/2024 16:00,2274,ut,12.925,18.98471,7.4,67.425,98472.5,1.83475675,6,0
1050,13/02/2024 17:00,1644,ut,18.51282051,27.3377,4.325,82.2,99027.5,1.482921,4.08,0
1051,13/02/2024 18:00,1189,ut,11.69230769,30.005725,2.775,86.7,99385,2.5261325,5.4,0
1052,13/02/2024 19:00,720,ut,12.10526316,22.96542105,1.5,90.675,99680,1.26462025,4.08,0
1053,13/02/2024 20:00,381,ut,11.5,28.894855,0.6,94.5,99897.5,1.15131925,3.6,0
1054,13/02/2024 21:00,303,ut,19.02631579,15.88731579,0.25,95.55,99987.5,1.48185775,4.44,0
1055,13/02/2024 22:00,166,ut,23.75,14.02843333,-0.4,97.63333333,100026.6667,0.991693333,4,0
1056,13/02/2024 23:00,96,ut,12.28205128,12.63245263,1.15,94.1,99942.5,0.6963745,3.48,0
1057,14/02/2024 00:00,91,st,13.82051282,14.29588,1.625,93.55,99787.5,0.2220955,1.8,0
1058,14/02/2024 01:00,97,st,19.38461538,22.30679474,1.35,93.225,99737.5,0.91883025,3.72,0
1059,14/02/2024 02:00,144,st,25.225,28.77428,1.15,95,99755,0.18825275,1.44,0
1060,14/02/2024 03:00,435,st,26.23684211,29.73582632,1.35,95.6,99732.5,0.0919187,1.44,0
1061,14/02/2024 04:00,1567,st,25.775,29.03573,1.075,97.4,99752.5,0.010356425,0.24,0
1062,14/02/2024 05:00,2490,st,26.87179487,32.28256316,1.075,97.35,99757.5,0.077035625,1.08,0
1063,14/02/2024 06:00,2731,st,32.025,34.85464,1.166666667,96.86666667,99770,0.1847077,1.6,0
1064,14/02/2024 07:00,2804,st,36.91891892,30.95531111,2.05,94.675,99620,0.216979025,1.68,0
1065,14/02/2024 08:00,2708,st,31.475,20.864021,3.9,87.8,99305,0.959262,3.36,0
1066,14/02/2024 09:00,2504,st,17.60526316,16.10971,8.375,71.85,98712.5,1.28431325,4.8,0
1067,14/02/2024 10:00,2528,st,11.625,9.5810265,10.175,67.825,98117.5,1.94058275,6.84,0
1068,14/02/2024 11:00,2620,st,10.52631579,9.575454211,8.975,76.425,98062.5,2.88963,7.44,0
1069,14/02/2024 12:00,2721,st,12.65,16.434621,9.675,76.225,97947.5,2.206086,6.84,0
1070,14/02/2024 13:00,3034,st,9.717948718,15.35010105,10.2,76.05,97902.5,2.632625,8.04,0
1071,14/02/2024 14:00,3176,st,5.7,10.166789,10.15,78.425,97965,2.7712825,9.48,0
1072,14/02/2024 15:00,2827,st,5.552631579,12.72373684,9.75,81.3,98070,2.6051275,7.44,0
1073,14/02/2024 16:00,2373,st,6.7,13.04909,9.466666667,82.7,98173.33333,2.778166667,6.4,0
1074,14/02/2024 17:00,1831,st,7.923076923,15.59577895,9.15,84.15,98272.5,2.1473075,6.48,0
1075,14/02/2024 18:00,1231,st,7.538461538,14.01594,8.85,86.2,98355,2.520536,8.28,0
1076,14/02/2024 19:00,747,st,8.333333333,17.36374211,8.525,88.4,98432.5,1.089793,5.64,0
1077,14/02/2024 20:00,448,st,8.025,19.607935,7.725,91.65,98585,0.90707875,4.8,0
1078,14/02/2024 21:00,337,st,7.315789474,13.21927368,7.525,93.35,98640,0.6541635,3.36,0
1079,14/02/2024 22:00,156,st,7.9,11.91585,7.633333333,93.26666667,98620,0.610571,3.2,0
1080,14/02/2024 23:00,122,st,17.84615385,15.42786842,6.925,97.575,98642.5,1.4221385,4.32,0
1081,15/02/2024 00:00,108,ct,24.425,27.16034,6.4,99.425,98722.5,0.9750575,4.08,0
1082,15/02/2024 01:00,85,ct,24.60526316,25.65494211,6.525,99.825,98707.5,0.239031225,1.8,0
1083,15/02/2024 02:00,174,ct,29.825,20.87673,6.666666667,100,98663.33333,0.055421667,0.64,0
1084,15/02/2024 03:00,389,ct,32.46153846,19.94711579,6.725,100,98642.5,0.30187625,2.28,0
1085,15/02/2024 04:00,1646,ct,31.76923077,20.411075,6.75,100,98630,0.32996975,1.92,0
1086,15/02/2024 05:00,2477,ct,29.20512821,22.58608421,7,99.875,98617.5,0.4884195,2.28,0
1087,15/02/2024 06:00,2771,ct,30.35,21.33713,7.15,99.95,98630,0.0896214,1.08,0.0875
1088,15/02/2024 07:00,2727,ct,33.17948718,22.10405263,7.725,99.175,98582.5,0.11222195,1.08,0
1089,15/02/2024 08:00,2541,ct,38.30769231,22.19026,9.325,94.325,98352.5,0.7920575,3.96,0
1090,15/02/2024 09:00,2534,ct,28.82051282,18.13707895,9.95,95.2,98120,1.528105,4.08,0
1091,15/02/2024 10:00,2432,ct,28.3,13.845796,11.65,89.7,97902.5,1.9422025,4.92,0
1092,15/02/2024 11:00,2490,ct,19.58974359,6.851688947,12.9,84.56666667,97593.33333,2.175343333,6.24,0
1093,15/02/2024 12:00,2707,ct,15.17948718,6.068805,14.3,80.925,97312.5,1.3725975,4.68,0
1094,15/02/2024 13:00,2956,ct,16.52631579,6.046011111,14,81.625,97227.5,2.433595,7.08,0
1095,15/02/2024 14:00,2957,ct,19.55,15.315914,13.425,84.175,97307.5,1.2993375,5.04,0
1096,15/02/2024 15:00,2721,ct,22.73684211,18.51024211,12.575,87.35,97497.5,1.16645825,3.96,0
1097,15/02/2024 16:00,2282,ct,26.65,27.860205,11.25,92.575,97752.5,0.55791975,2.4,0
1098,15/02/2024 17:00,1776,ct,32.92307692,33.42899474,9.6,96.7,98055,0.20040545,1.56,0
1099,15/02/2024 18:00,1083,ct,37.53846154,32.72424,8.95,97.875,98217.5,0.2958125,2.28,0
1100,15/02/2024 19:00,752,ct,44.97435897,27.78612632,8.05,99.375,98345,0.590438,3.12,0
1101,15/02/2024 20:00,378,ct,36.25,23.19021,6.8,100,98552.5,0.683241,3.48,0
1102,15/02/2024 21:00,368,ct,33.17948718,20.18625263,5.975,100,98690,0.6549825,3.36,0
1103,15/02/2024 22:00,138,ct,33.64102564,21.6501,5.733333333,100,98733.33333,1.359887,4.64,0
1104,15/02/2024 23:00,134,ct,37.58974359,17.88573158,6.05,99.95,98655,0.9035065,3.12,0
1105,16/02/2024 00:00,82,pa,39.275,13.6707,6.25,99.775,98600,0.308767075,2.16,0
1106,16/02/2024 01:00,70,pa,37.84210526,12.82202105,6.525,99.825,98545,0.58420375,2.28,0
1107,16/02/2024 02:00,94,pa,39.825,14.479705,6.725,99.5,98465,0.0649221,0.96,0
1108,16/02/2024 03:00,358,pa,35.41025641,14.53954211,6.725,99.4,98430,0.518380075,2.28,0
1109,16/02/2024 04:00,1472,pa,37.325,13.935605,6.8,98.3,98442.5,0.906895675,3,0
1110,16/02/2024 05:00,2256,pa,40.41025641,7.69458,6.9,98.3,98422.5,0.6102995,2.52,0
1111,16/02/2024 06:00,2635,pa,32.28205128,6.279553158,6.925,96.725,98472.5,1.646306,5.28,0
1112,16/02/2024 07:00,2652,pa,30.5,5.368764,8.166666667,92.8,98423.33333,1.237871333,4.8,0
1113,16/02/2024 08:00,2580,pa,23.68421053,4.226647895,9.8,85.725,98025,3.573585,9.48,0
1114,16/02/2024 09:00,2642,pa,22.1,4.3838175,10.175,82.575,97812.5,2.4567175,7.32,0
1115,16/02/2024 10:00,2484,pa,25.92105263,4.382074737,9.675,86.125,97797.5,2.123735,6.24,0
1116,16/02/2024 11:00,2529,pa,33.325,5.379696,9.625,89.425,97892.5,2.2546125,5.88,0
1117,16/02/2024 12:00,2912,pa,34.86842105,11.78381316,10.025,86.85,97825,1.55603125,5.4,0
1118,16/02/2024 13:00,2995,pa,32.3,10.849806,10.25,84.775,97760,0.946465,4.44,0
1119,16/02/2024 14:00,3130,pa,31.69230769,13.06855368,9.825,86.475,97837.5,1.640607,4.68,0
1120,16/02/2024 15:00,2931,pa,32.325,17.10093,9.425,88.175,97977.5,1.19634175,4.32,0
1121,16/02/2024 16:00,2590,pa,35.44736842,27.08555263,8.85,91.225,98145,0.47849525,2.76,0
1122,16/02/2024 17:00,1935,pa,37.8,25.865255,8.2,93.83333333,98330,0.074499633,1.12,0
1123,16/02/2024 18:00,1367,pa,46.38461538,22.16619474,7.65,95.1,98447.5,0.663322,2.88,0
1124,16/02/2024 19:00,949,pa,40.12820513,16.53775,7.4,95.875,98517.5,1.400275,3.72,0
1125,16/02/2024 20:00,601,pa,42.02564103,14.43412632,7.25,96.55,98572.5,1.4298545,3.96,0
1126,16/02/2024 21:00,437,pa,36.45,13.41735,7.25,96.95,98585,0.5360075,2.28,0
1127,16/02/2024 22:00,278,pa,37.47368421,15.08154737,7.266666667,97.16666667,98593.33333,0.264874533,1.44,0
1128,16/02/2024 23:00,182,pa,42.97435897,16.064955,7.3,97.8,98627.5,0.100568148,1.08,0
1129,17/02/2024 00:00,152,so,48.74358974,15.29945263,7.65,97.55,98590,0.19866875,2.04,0.2625
1130,17/02/2024 01:00,185,so,44.575,20.567065,7.475,99.75,98625,0.299983625,2.16,0.4375
1131,17/02/2024 02:00,121,so,46.92105263,19.67699474,7.625,99.475,98645,0.41461725,1.68,0.175
1132,17/02/2024 03:00,304,so,44.45,19.05908,7.666666667,98.96666667,98680,0.318620367,1.6,0.116666667
1133,17/02/2024 04:00,614,so,41.53846154,16.42961579,7.725,98.475,98740,0.37478975,2.16,0.35
1134,17/02/2024 05:00,699,so,40.64102564,17.301475,7.775,98.075,98822.5,0.27924425,2.04,0
1135,17/02/2024 06:00,982,so,39.74358974,12.64636421,7.6,98.1,98925,0.8149815,3,0
1136,17/02/2024 07:00,1370,so,33.125,14.17464,8.175,96.975,98985,0.87520625,3.72,0
1137,17/02/2024 08:00,1891,so,11.38461538,8.368729474,10.725,88.55,98757.5,1.423812,5.76,0
1138,17/02/2024 09:00,2141,so,7.179487179,4.1227795,11.75,79.55,98577.5,2.5375325,7.92,0
1139,17/02/2024 10:00,2058,so,3.282051282,3.242925263,11.95,70.6,98527.5,4.254695,15,0.0875
1140,17/02/2024 11:00,2185,so,2.975,3.2650085,12.35,64.55,98465,5.47451,14.52,0
1141,17/02/2024 12:00,2309,so,2.684210526,3.617442105,12.15,65.35,98550,4.1088225,12.6,0
1142,17/02/2024 13:00,2327,so,3.925,4.831904,12.2,68.46666667,98593.33333,2.80634,10.08,0
1143,17/02/2024 14:00,2179,so,5.974358974,8.107313158,12.025,70.65,98637.5,1.618219,5.52,0
1144,17/02/2024 15:00,2365,so,8.35,14.231942,11.975,72.45,98727.5,1.2384955,5.28,0
1145,17/02/2024 16:00,2147,so,8.394736842,13.20212632,11.4,75.35,98877.5,1.56495425,6.48,0
1146,17/02/2024 17:00,1782,so,9.225,20.878506,10.6,79.625,99075,0.67284975,4.2,0
1147,17/02/2024 18:00,1251,so,10.84615385,14.06849684,9.8,82.25,99335,0.78815325,4.2,0
1148,17/02/2024 19:00,814,so,10.20512821,17.555382,9.9,79.35,99432.5,2.03890375,6.72,0
1149,17/02/2024 20:00,518,so,11.30769231,16.73022842,7.975,86.825,99652.5,0.90506025,3.84,0
1150,17/02/2024 21:00,367,so,15.575,18.714705,6.8,91.3,99920,1.29539475,4.44,0
1151,17/02/2024 22:00,268,so,15.60526316,21.0928,6.2,92.76666667,100076.6667,1.06616,4.64,0
1152,17/02/2024 23:00,197,so,16.84615385,13.95614,5.166666667,94.46666667,100260,1.79794,4.64,0
1153,18/02/2024 00:00,150,ne,8.974358974,13.61072105,4.825,94.025,100332.5,2.20656,5.16,0
1154,18/02/2024 01:00,158,ne,9.675,17.456195,3.775,96.375,100530,0.96138675,4.08,0
1155,18/02/2024 02:00,99,ne,8.789473684,12.55308737,2.775,96.4,100727.5,2.3010175,5.76,0
1156,18/02/2024 03:00,176,ne,9.25,11.669828,2.375,96.4,100810,1.876168,5.16,0
1157,18/02/2024 04:00,427,ne,9.820512821,10.56111895,1.475,97.825,100910,1.37249925,4.44,0
1158,18/02/2024 05:00,484,ne,11.61538462,11.820614,0.75,98.6,101047.5,0.641898,3.12,0
1159,18/02/2024 06:00,604,ne,13.56410256,12.13425474,0.8,98.675,101110,0.581018,3,0
1160,18/02/2024 07:00,842,ne,16.3,19.298905,5.5,84.375,100710,0.59251545,2.16,0
1161,18/02/2024 08:00,1218,ne,15,12.76653158,9.166666667,74.03333333,100013.3333,0.565509,2.24,0
1162,18/02/2024 09:00,1618,ne,13.925,5.991668,11.8,67.825,99310,0.99856775,4.44,0
1163,18/02/2024 10:00,1653,ne,18.5,5.890197368,11.6,72.8,98900,2.8468325,7.44,0
1164,18/02/2024 11:00,1960,ne,11.8,4.2431145,12.625,68.775,98590,1.735875,5.16,0
1165,18/02/2024 12:00,2400,ne,11,4.252304211,12.425,69.075,98325,2.0602575,6.48,0
1166,18/02/2024 13:00,2272,ne,9.378378378,3.893827222,13.05,67.125,98142.5,3.153825,7.68,0
1167,18/02/2024 14:00,2208,ne,13.74358974,5.106504211,11.675,72.4,98392.5,2.3916075,6.72,0
1168,18/02/2024 15:00,2203,ne,13.675,12.212964,11.2,74.525,98470,2.9960075,6.48,0
1169,18/02/2024 16:00,2122,ne,16.44736842,10.69447842,10.675,76.025,98512.5,5.6515725,10.08,0
1170,18/02/2024 17:00,1586,ne,18.95,10.967195,10.475,73.825,98520,4.4714,9.72,0
1171,18/02/2024 18:00,1168,ne,15.97435897,14.90948947,10.06666667,75.16666667,98540,3.178683333,9.28,0
1172,18/02/2024 19:00,592,ne,23.9,23.622983,9.175,81.475,98535,3.07775475,8.4,0
1173,18/02/2024 20:00,437,ne,28.21052632,27.16403684,8.075,87.35,98655,0.5689185,3,0
1174,18/02/2024 21:00,298,ne,17.6,20.977125,8.075,87.775,98657.5,0.9509185,3.48,0.0875
1175,18/02/2024 22:00,125,ne,6.974358974,13.86173684,8.033333333,91.16666667,98626.66667,0.846929333,3.68,0.233333333
1176,18/02/2024 23:00,138,ne,8.717948718,13.480375,7.925,93.325,98587.5,1.453509,4.8,0.0875
1177,19/02/2024 00:00,121,po,9.384615385,10.82276316,8.425,91.25,98485,2.54822,8.4,0.0875
1178,19/02/2024 01:00,177,po,6.55,8.4092215,8.875,90.3,98322.5,3.9543525,9.84,0
1179,19/02/2024 02:00,219,po,9.538461538,7.05086,9.175,88.225,98172.5,4.5421625,10.44,0
1180,19/02/2024 03:00,546,po,2.179487179,6.9318675,9.2,87.85,98085,4.9103275,11.52,0
1181,19/02/2024 04:00,1663,po,2.641025641,7.369463684,9.033333333,90.43333333,98073.33333,3.873583333,11.68,0
1182,19/02/2024 05:00,2508,po,0.85,6.811927,9.025,85.55,98142.5,4.01591,13.08,0
1183,19/02/2024 06:00,2795,po,0.394736842,10.10025684,8.4,84.5,98300,3.3589575,13.92,0
1184,19/02/2024 07:00,2595,po,0.475,11.5453505,8.175,88,98445,3.79834,14.16,0.175
1185,19/02/2024 08:00,2515,po,0.41025641,8.983204211,8.725,84.875,98462.5,6.1328475,18.36,0.0875
1186,19/02/2024 09:00,2504,po,0.975,5.1129125,8.625,80.475,98420,7.71329,22.32,0
1187,19/02/2024 10:00,2310,po,1.263157895,4.556286842,9.3,78.2,98397.5,7.2193625,18.48,0
1188,19/02/2024 11:00,2309,po,0.5,5.452962,10.475,74.2,98167.5,8.3829875,22.8,0
1189,19/02/2024 12:00,2531,po,0.846153846,4.606457895,9.775,75.95,98210,8.382425,24.24,0
1190,19/02/2024 13:00,2739,po,0.641025641,6.0603125,10.775,73.35,98087.5,7.4637625,21,0
1191,19/02/2024 14:00,2690,po,0.897435897,6.321364737,10.26666667,73.5,98170,8.405116667,22.88,0
1192,19/02/2024 15:00,2422,po,1.325,9.861714,9.95,75.325,98337.5,5.459385,17.16,0
1193,19/02/2024 16:00,2130,po,3.41025641,17.37999684,8.875,84,98597.5,2.4864625,8.28,0.0875
1194,19/02/2024 17:00,1644,po,6.769230769,14.06452,8.7,81.675,98667.5,2.253185,6.36,0
1195,19/02/2024 18:00,1031,po,9.538461538,11.75952632,8.2,86.3,98725,2.20125,6.24,0
1196,19/02/2024 19:00,599,po,4.325,22.095682,8.15,87.7,98727.5,3.9354675,10.08,0
1197,19/02/2024 20:00,369,po,3.631578947,9.537436842,8.15,87.525,98742.5,2.049264,6.36,0
1198,19/02/2024 21:00,328,po,4.025,9.306467,7.85,88.6,98745,2.1835075,7.8,0
1199,19/02/2024 22:00,137,po,3.538461538,9.377602105,7.733333333,89.2,98766.66667,2.541876667,7.04,0
1200,19/02/2024 23:00,120,po,3.1,9.425499,8.025,88.475,98690,1.996365,6,0
1201,20/02/2024 00:00,84,ut,2.789473684,8.818491053,8.166666667,88.6,98640,1.890563333,5.76,0
1202,20/02/2024 01:00,89,ut,3.525,8.742723,8.125,88.925,98632.5,2.355375,6.72,0
1203,20/02/2024 02:00,144,ut,4.282051282,8.671806316,7.95,89.275,98632.5,2.00815,6,0
1204,20/02/2024 03:00,423,ut,3.948717949,9.584331,7.8,90.025,98660,1.475351,5.4,0
1205,20/02/2024 04:00,1568,ut,2.692307692,11.45948,8.4,86.275,98667.5,1.59875725,6,0
1206,20/02/2024 05:00,2333,ut,2.075,13.1553155,8.65,84.3,98632.5,2.416085,7.92,0
1207,20/02/2024 06:00,2786,ut,3.435897436,14.44416526,8.375,85.4,98705,1.41693275,5.04,0
1208,20/02/2024 07:00,2603,ut,2.435897436,9.738799,8.5,82.65,98775,2.7335275,10.8,0
1209,20/02/2024 08:00,2535,ut,1.512820513,5.990561579,10,75.25,98597.5,3.16818,11.76,0
1210,20/02/2024 09:00,2442,ut,1.475,5.7480345,11.63333333,68.66666667,98326.66667,3.841373333,11.52,0
1211,20/02/2024 10:00,2299,ut,1.974358974,6.491263684,10.2,73.7,98365,5.33748,15.6,0
1212,20/02/2024 11:00,2308,ut,3,5.508885,10.05,72.875,98425,5.1377275,12.36,0
1213,20/02/2024 12:00,2390,ut,4.1,5.7667605,9.85,70.025,98430,5.3543175,15.72,0
1214,20/02/2024 13:00,2710,ut,5.256410256,7.108163158,9.225,70.6,98552.5,5.6429325,15.48,0
1215,20/02/2024 14:00,2802,ut,6.871794872,8.042116,9.1,70,98637.5,3.3373425,10.44,0
1216,20/02/2024 15:00,2608,ut,7.743589744,8.878986316,8.975,70.3,98700,3.1222375,12.24,0
1217,20/02/2024 16:00,2135,ut,8.95,13.995163,8.625,72.15,98815,1.8026625,6.96,0
1218,20/02/2024 17:00,1552,ut,14.18421053,12.02796316,8.7,72.125,98870,1.7394225,5.76,0
1219,20/02/2024 18:00,1047,ut,11.575,10.5056825,8.55,73.325,98885,1.323289,6.6,0
1220,20/02/2024 19:00,666,ut,10.74358974,10.77286842,8.033333333,76.83333333,98910,2.457363333,8.8,0
1221,20/02/2024 20:00,458,ut,10.7,10.551874,7.575,80.25,98980,2.1682825,5.28,0
1222,20/02/2024 21:00,367,ut,15.44736842,9.222491579,7.75,79.825,98985,2.4372225,8.04,0
1223,20/02/2024 22:00,152,ut,13.97435897,8.655201053,7.9,79.1,98943.33333,2.164243333,6.4,0
1224,20/02/2024 23:00,109,ut,9.717948718,9.106981053,7.7,80.6,98895,2.46908,9.36,0
1225,21/02/2024 00:00,91,st,9.205128205,9.72373,7.6,81.4,98867.5,2.63907,8.76,0
1226,21/02/2024 01:00,107,st,11.61538462,10.07381895,7.25,82.925,98855,2.1195075,5.76,0
1227,21/02/2024 02:00,154,st,9.875,10.04803,7.075,83.325,98837.5,2.019565,5.76,0
1228,21/02/2024 03:00,442,st,12.79487179,10.35626,7.2,83.325,98767.5,2.0441,5.76,0
1229,21/02/2024 04:00,1530,st,11.35897436,10.87121,7.125,85,98745,2.317155,7.2,0
1230,21/02/2024 05:00,2462,st,12.76923077,10.61478211,7.333333333,84.46666667,98690,2.837533333,8.48,0
1231,21/02/2024 06:00,2710,st,13.6,10.607353,7.525,83.8,98625,2.45185,8.28,0
1232,21/02/2024 07:00,2548,st,11.42105263,9.957907895,7.925,82.575,98527.5,3.3764725,9.84,0
1233,21/02/2024 08:00,2574,st,10.125,8.134972,8.8,79.025,98367.5,3.580845,10.2,0
1234,21/02/2024 09:00,2572,st,10.17948718,5.663458421,10.825,71,98037.5,5.26248,12.96,0
1235,21/02/2024 10:00,2441,st,7.625,4.232022,13.125,61.725,97537.5,4.97765,13.8,0
1236,21/02/2024 11:00,2337,st,7.947368421,3.316704211,14.1,58.5,97227.5,5.80052,13.32,0
1237,21/02/2024 12:00,2335,st,7.325,3.3042435,14.65,56.15,96945,6.7595025,16.2,0
1238,21/02/2024 13:00,2789,st,5.128205128,4.531216316,14.975,52.65,96720,5.201285,12.24,0
1239,21/02/2024 14:00,2835,st,4.307692308,4.1053625,14.575,52.825,96717.5,5.01011,12.6,0
1240,21/02/2024 15:00,2809,st,4.076923077,4.56244,13.26666667,54,96923.33333,5.159543333,12.48,0
1241,21/02/2024 16:00,2263,st,4.8,7.593881,11.8,57.2,97242.5,4.1885025,12.36,0
1242,21/02/2024 17:00,1735,st,5.184210526,14.97956842,9.875,67.2,97565,2.08139,6.36,0
1243,21/02/2024 18:00,1229,st,7.525,18.289265,8.725,72.4,97802.5,0.88862975,4.44,0
1244,21/02/2024 19:00,801,st,11.15384615,26.51227368,8.55,76.4,97835,0.3343744,2.04,0
1245,21/02/2024 20:00,461,st,8.225,16.06557,9.45,73.15,97625,1.3004245,6.36,0
1246,21/02/2024 21:00,325,st,7.552631579,11.39985474,9.425,72.875,97472.5,1.693305,6.36,0
1247,21/02/2024 22:00,179,st,5.85,8.1633165,9.366666667,72.93333333,97383.33333,1.816513333,5.6,0
1248,21/02/2024 23:00,98,st,5,7.817904737,9.725,69.7,97230,2.39092,6.6,0
1249,22/02/2024 00:00,133,ct,4.179487179,6.4631135,9.925,67,97055,4.8209275,10.68,0
1250,22/02/2024 01:00,98,ct,3.641025641,5.628406316,10.03333333,64.53333333,96886.66667,5.012046667,10.56,0
1251,22/02/2024 02:00,160,ct,2.6,9.241711,9.5,70.55,96870,1.84345,7.32,0
1252,22/02/2024 03:00,452,ct,2.769230769,12.69435263,9.675,72.75,96797.5,6.08883,18,0
1253,22/02/2024 04:00,1510,ct,2.41025641,20.055815,8.975,81.775,96750,7.6533325,18.72,0.175
1254,22/02/2024 05:00,2410,ct,2.615384615,20.46698947,8.975,84.625,96670,7.4139825,16.92,0.0875
1255,22/02/2024 06:00,2506,ct,2.225,17.804785,9.025,84.875,96597.5,6.8155625,16.8,0.0875
1256,22/02/2024 07:00,2535,ct,4,14.77885263,9.175,84.95,96500,7.68884,20.04,0.0875
1257,22/02/2024 08:00,2331,ct,7.975,15.74762,9.65,84.175,96340,5.440875,13.8,0
1258,22/02/2024 09:00,2369,ct,3.820512821,12.39200105,10.025,84.15,96190,5.2887375,15.72,0.0875
1259,22/02/2024 10:00,2352,ct,5.1,15.438765,10.15,87.95,96112.5,4.2470075,13.2,0
1260,22/02/2024 11:00,2451,ct,10.73684211,11.77242632,10.63333333,87.36666667,95926.66667,3.049306667,10.56,0
1261,22/02/2024 12:00,2468,ct,4.725,9.885766,10.9,87,95775,2.027415,8.28,0.0875
1262,22/02/2024 13:00,2688,ct,3.641025641,7.712181053,11.45,83.75,95577.5,5.53811,14.28,0
1263,22/02/2024 14:00,2783,ct,3.375,7.6223845,11.475,84.775,95425,6.1252675,15.12,0
1264,22/02/2024 15:00,2615,ct,2.842105263,7.545823684,11.6,84.175,95352.5,8.7629725,18.48,0
1265,22/02/2024 16:00,2085,ct,2.525,7.608956,11.475,84.475,95280,8.608985,21.24,0
1266,22/02/2024 17:00,1650,ct,3.41025641,8.184078947,11.275,85.575,95250,8.20079,18.36,0
1267,22/02/2024 18:00,1059,ct,3.435897436,13.54827,10.8,90.15,95315,9.2345125,21.72,0.2625
1268,22/02/2024 19:00,728,ct,4.230769231,10.24121211,11.275,87.025,95252.5,9.54402,23.16,0.0875
1269,22/02/2024 20:00,439,ct,2.875,7.7329445,11.2,86.575,95185,5.80976,16.8,0.0875
1270,22/02/2024 21:00,344,ct,3.358974359,7.547553684,10.7,88.4,95260,4.653316667,13.76,0
1271,22/02/2024 22:00,170,ct,1.512820513,5.880772,11.25,85,95160,9.4221975,22.44,0
1272,22/02/2024 23:00,148,ct,1.358974359,6.12664,11.7,84.575,95052.5,10.7657825,26.52,0
1273,23/02/2024 00:00,115,pa,1.3,4.6433555,12.175,81.45,94967.5,8.9776625,23.64,0
1274,23/02/2024 01:00,136,pa,0.789473684,3.568787368,12.2,72.825,95040,6.5221175,18.48,0
1275,23/02/2024 02:00,158,pa,0.825,3.76773,11.425,72.6,95225,5.97305,16.08,0
1276,23/02/2024 03:00,417,pa,0.820512821,3.862106842,10.725,70.35,95437.5,5.9281625,18.36,0
1277,23/02/2024 04:00,1482,pa,0.9,4.2305855,9.85,69.05,95730,3.4632225,10.68,0
1278,23/02/2024 05:00,2276,pa,1.026315789,4.377412105,9.075,66.625,95972.5,3.70991,9.84,0
1279,23/02/2024 06:00,2447,pa,1.5,5.7679195,8.45,67.05,96140,3.46452,11.4,0
1280,23/02/2024 07:00,2503,pa,1.974358974,8.736218421,8.366666667,69.03333333,96250,4.162783333,9.28,0
1281,23/02/2024 08:00,2678,pa,2.128205128,8.40762,8.55,69,96270,4.4506375,12.72,0
1282,23/02/2024 09:00,2428,pa,2.692307692,6.242252105,10.05,64.5,96130,5.15492,14.16,0
1283,23/02/2024 10:00,2429,pa,4.025,4.712038,9.65,63.15,95970,6.10097,14.28,0
1284,23/02/2024 11:00,2675,pa,2.692307692,5.023476842,9.55,61.35,96097.5,5.12633,15.84,0
1285,23/02/2024 12:00,2722,pa,3.41025641,4.7909535,9.9,60.275,96060,4.6717525,12.48,0
1286,23/02/2024 13:00,2924,pa,4.384615385,6.431651579,9.95,62.625,96007.5,5.4660275,12.96,0
1287,23/02/2024 14:00,2997,pa,3.725,6.9619335,9.325,62.5,96130,5.404915,13.56,0
1288,23/02/2024 15:00,2791,pa,6.315789474,9.423304737,8.75,64.075,96252.5,4.315895,9.72,0
1289,23/02/2024 16:00,2095,pa,9.7,10.54185,7.9,67.95,96482.5,2.708375,8.28,0
1290,23/02/2024 17:00,1895,pa,12.8974359,13.58770105,7.166666667,72.03333333,96606.66667,1.044437667,3.36,0
1291,23/02/2024 18:00,1356,pa,9.5,13.35122,6.65,74.55,96737.5,0.34962175,1.92,0
1292,23/02/2024 19:00,918,pa,6.631578947,13.17602105,6.35,75.85,96827.5,0.414794,2.76,0
1293,23/02/2024 20:00,628,pa,8.175,15.782025,6.125,78,96850,0.71337575,2.76,0
1294,23/02/2024 21:00,497,pa,6.358974359,15.72084737,5.325,83.625,96957.5,0.44111105,2.04,0
1295,23/02/2024 22:00,311,pa,14.87179487,23.225785,4.866666667,86.43333333,96990,0.202322,1.92,0
1296,23/02/2024 23:00,228,pa,11.28205128,13.80075263,4.675,88.05,97065,1.363291,3.36,0
1297,24/02/2024 00:00,170,so,8.525,14.607155,4.45,89.725,97072.5,0.753362,3.36,0
1298,24/02/2024 01:00,142,so,8.421052632,15.81522105,3.625,93.475,97237.5,0.411516425,2.04,0
1299,24/02/2024 02:00,199,so,6.95,12.65554,2.4,96.9,97483.33333,0.425111667,1.92,0
1300,24/02/2024 03:00,240,so,9.282051282,12.05556842,2,96.375,97652.5,0.8557395,3.24,0
1301,24/02/2024 04:00,534,so,10.3,16.896425,1.375,97.15,97790,1.1464135,3.72,0
1302,24/02/2024 05:00,716,so,12.92105263,14.62345263,0.525,99.025,97960,0.460251875,2.28,0
1303,24/02/2024 06:00,1196,so,12.7,22.41525,0.05,99.425,98180,0.4866575,2.64,0
1304,24/02/2024 07:00,1370,so,16.92307692,28.60420526,6.7,74.325,97742.5,0.829652108,2.16,0
1305,24/02/2024 08:00,1896,so,6.871794872,12.7252155,8.575,67.975,96982.5,2.17823,5.76,0
1306,24/02/2024 09:00,2144,so,3.236842105,6.050957368,9.575,64.375,96655,3.714405,8.16,0
1307,24/02/2024 10:00,2117,so,6.65,4.7639385,10.225,63.875,96525,3.6812175,10.08,0
1308,24/02/2024 11:00,2277,so,8.230769231,4.648658421,9.533333333,67,96600,2.94355,6.72,0
1309,24/02/2024 12:00,2591,so,4.230769231,4.126903,10.575,62.125,96547.5,4.1937575,11.16,0
1310,24/02/2024 13:00,2504,so,4.225,3.8378035,11.975,56.475,96102.5,4.6031675,12.96,0
1311,24/02/2024 14:00,2209,so,7.051282051,4.030267895,12.9,54,95987.5,4.27231,10.56,0
1312,24/02/2024 15:00,2377,so,8.225,5.6941805,11.525,57.6,96317.5,3.07521,8.52,0
1313,24/02/2024 16:00,2478,so,9.552631579,10.59576263,9.475,61.725,96927.5,2.5351175,7.08,0
1314,24/02/2024 17:00,1889,so,13.125,20.95964,6.075,76.175,97467.5,1.189112,4.56,0
1315,24/02/2024 18:00,1319,so,14.61538462,33.19130526,4.35,83.425,97862.5,1.469819,4.56,0
1316,24/02/2024 19:00,799,so,21.07692308,36.7597,3.975,86.925,97990,0.45050575,2.88,0
1317,24/02/2024 20:00,543,so,14.94871795,37.01574211,3.725,89.475,98092.5,0.17894405,1.32,0
1318,24/02/2024 21:00,403,so,21.65,38.40922,2.8,92.46666667,98266.66667,0.757802,3.52,0
1319,24/02/2024 22:00,250,so,19.31578947,29.09052105,1.725,94.625,98450,0.371867675,2.28,0
1320,24/02/2024 23:00,231,so,21.8,38.639575,1.25,94.675,98572.5,1.8314425,5.4,0
1321,25/02/2024 00:00,151,ne,18.5,25.93010526,1.3,95.15,98585,0.546731925,2.04,0
1322,25/02/2024 01:00,104,ne,13.48717949,16.695,1.15,95.7,98572.5,0.771872,3,0
1323,25/02/2024 02:00,105,ne,16.43589744,15.89753158,0.325,98.5,98692.5,0.4078845,2.16,0
1324,25/02/2024 03:00,197,ne,14.69230769,14.4895,0.175,98.475,98740,0.769477,3,0
1325,25/02/2024 04:00,390,ne,14.74358974,18.78821053,0.575,98.1,98675,0.70333375,2.88,0
1326,25/02/2024 05:00,423,ne,16.58974359,18.87303,1.033333333,97.13333333,98593.33333,0.599514,2.56,0
1327,25/02/2024 06:00,617,ne,22.28205128,22.8454,1.625,96.375,98517.5,0.301683875,1.56,0
1328,25/02/2024 07:00,779,ne,26.3,20.09959,2.875,93.275,98320,0.656440975,3,0
1329,25/02/2024 08:00,1163,ne,18.78947368,12.87117895,5.95,83.175,97772.5,0.438914,2.28,0
1330,25/02/2024 09:00,1448,ne,15.575,6.558441,9.05,73.125,97090,1.46877,5.16,0
1331,25/02/2024 10:00,1656,ne,20.48717949,14.88782737,8.525,77.25,96885,2.0050675,5.4,0
1332,25/02/2024 11:00,1801,ne,18.525,5.29389,11.825,68.475,96535,2.2536625,6.24,0
1333,25/02/2024 12:00,2012,ne,9,3.074720526,12.9,57.2,95982.5,3.74159,9.6,0
1334,25/02/2024 13:00,2240,ne,11.43589744,5.730079,12.225,60.625,95852.5,4.185915,10.56,0
1335,25/02/2024 14:00,2279,ne,12.58974359,9.303209474,11.65,65.175,95962.5,3.7670475,9.72,0
1336,25/02/2024 15:00,2238,ne,13.25,13.904,9.133333333,75.13333333,96526.66667,3.140233333,9.12,0
1337,25/02/2024 16:00,2169,ne,13.21052632,17.18987895,7.8,82.225,96947.5,4.583155,12.48,0
1338,25/02/2024 17:00,1668,ne,13.95,19.381065,7.05,84.7,97260,3.22788,10.32,0
1339,25/02/2024 18:00,1252,ne,13.97435897,16.62253158,6.175,87.125,97390,4.996205,13.92,0
1340,25/02/2024 19:00,711,ne,23.5,27.49486,3.275,95.1,97727.5,0.89608525,3.72,0
1341,25/02/2024 20:00,444,ne,26.94736842,26.15283158,1.925,98.275,98030,0.526779225,2.64,0
1342,25/02/2024 21:00,292,ne,27.7,23.62992,0.825,98.65,98190,1.410478,5.16,0
1343,25/02/2024 22:00,139,ne,26.45945946,18.84944737,0.133333333,98.56666667,98260,2.316986667,6.72,0
1344,25/02/2024 23:00,141,ne,26.125,15.395575,-0.075,99.3,98302.5,1.773735,5.52,0
1345,26/02/2024 00:00,118,po,25.53846154,11.93508526,-0.433333333,99.36666667,98346.66667,1.318896,4.64,0
1346,26/02/2024 01:00,150,po,25.30769231,10.826633,-0.825,99.8,98372.5,0.757437,3.6,0
1347,26/02/2024 02:00,182,po,26.20512821,10.55598105,-1.05,99.725,98352.5,1.54928325,5.52,0
1348,26/02/2024 03:00,560,po,28.175,12.952395,-0.95,99.9,98380,0.985907,4.8,0
1349,26/02/2024 04:00,1106,po,48.94871795,24.88442632,-0.525,100,98280,0.34690275,2.88,0
1350,26/02/2024 05:00,1747,po,35.1025641,22.281185,-0.65,99.35,98235,1.31927575,4.44,0
1351,26/02/2024 06:00,2813,po,33.97435897,21.44366316,-0.55,98.55,98227.5,0.5440095,2.52,0
1352,26/02/2024 07:00,2896,po,40.025,23.138795,0.125,98.425,98145,1.052281,3.72,0
1353,26/02/2024 08:00,2612,po,39.89473684,27.00837895,1.875,96.775,97937.5,0.7322735,2.88,0
1354,26/02/2024 09:00,2478,po,38.025,26.971605,4.033333333,90.66666667,97640,0.406220267,2.72,0
1355,26/02/2024 10:00,2397,po,37.28125,25.17046875,5,90.3,97430,1.46154175,5.16,0
1356,26/02/2024 11:00,2377,po,28.725,26.679325,6.825,86.65,97135,1.4016275,4.8,0
1357,26/02/2024 12:00,2414,po,22.97435897,12.91227368,7.875,82.15,96917.5,1.3934225,4.56,0
1358,26/02/2024 13:00,2645,po,18.48717949,12.384924,8.425,79.325,96787.5,1.5336075,4.68,0
1359,26/02/2024 14:00,2747,po,20.66666667,15.27516105,8.15,80.275,96837.5,1.5990875,4.32,0
1360,26/02/2024 15:00,2623,po,19.35,13.95294,8.05,79.375,96957.5,0.65977175,2.76,0
1361,26/02/2024 16:00,2194,po,24.05128205,23.98262105,7.05,84.675,97202.5,1.510913,4.08,0
1362,26/02/2024 17:00,1544,po,35.07692308,23.83724,5.1,91.775,97575,1.305872,3.84,0
1363,26/02/2024 18:00,980,po,59.07692308,21.81362632,3.4,93.86666667,97913.33333,1.939603333,5.92,0
1364,26/02/2024 19:00,618,po,30.25,15.03752,2.375,94.925,98147.5,2.096623,5.28,0
1365,26/02/2024 20:00,352,po,32.31578947,16.10676842,2.45,94.625,98252.5,1.3954745,4.8,0
1366,26/02/2024 21:00,335,po,40.25,13.889665,2.625,95.475,98255,0.4638345,2.04,0
1367,26/02/2024 22:00,140,po,34.43589744,13.31132211,2.066666667,97.03333333,98370,0.215909367,1.6,0
1368,26/02/2024 23:00,106,po,35.58974359,14.721795,2.05,97.1,98415,0.320560875,1.68,0
1369,27/02/2024 00:00,92,ut,37.48717949,13.6721,1.5,97.975,98562.5,0.26995725,2.16,0
1370,27/02/2024 01:00,70,ut,34.25,11.019322,0.9,98.4,98727.5,0.276385,1.68,0
1371,27/02/2024 02:00,141,ut,28.89473684,12.85116316,1.025,98.225,98742.5,0.119014875,1.44,0
1372,27/02/2024 03:00,402,ut,32.6,15.94495,1.366666667,97.4,98723.33333,1.004866,3.52,0
1373,27/02/2024 04:00,1618,ut,33.79487179,19.74026842,1.725,97.075,98682.5,0.211103275,1.92,0
1374,27/02/2024 05:00,2592,ut,44.12820513,21.108785,1.65,97.65,98675,0.77172475,3.36,0
1375,27/02/2024 06:00,2892,ut,44.41025641,23.40949474,1.925,97.3,98742.5,0.5436369,2.4,0
1376,27/02/2024 07:00,2924,ut,52.85,26.357155,3.375,95.05,98610,0.3027887,1.68,0
1377,27/02/2024 08:00,2669,ut,51.33333333,26.08484842,6.2,90.4,98260,0.49575825,3.48,0
1378,27/02/2024 09:00,2456,ut,28.575,7.940066,8.875,83.55,97745,1.18331475,5.04,0
1379,27/02/2024 10:00,2369,ut,21.71052632,4.345533158,10.9,75.95,97340,3.30766,10.56,0
1380,27/02/2024 11:00,2392,ut,18.7,4.0481305,12.6,68.925,96872.5,4.9956125,12.12,0
1381,27/02/2024 12:00,2487,ut,16.74358974,4.452689474,11.03333333,73.73333333,96876.66667,4.894033333,14.08,0
1382,27/02/2024 13:00,2927,ut,15.51282051,6.771823,10.1,76.5,97142.5,7.29149,19.92,0
1383,27/02/2024 14:00,3015,ut,16.66666667,10.39171,9.1,79.55,97432.5,7.22708,17.04,0
1384,27/02/2024 15:00,2715,ut,16.75,12.292676,8.075,83.025,97657.5,6.2749925,13.56,0
1385,27/02/2024 16:00,2261,ut,21.56410256,19.80271053,7.175,86.55,97882.5,6.5604325,14.28,0
1386,27/02/2024 17:00,1716,ut,20.82051282,21.45186,6.6,88.375,98062.5,5.288215,11.64,0
1387,27/02/2024 18:00,1100,ut,18.20512821,17.85297895,6.4,88.725,98147.5,4.5342225,10.44,0
1388,27/02/2024 19:00,672,ut,15.1,17.577685,6.3,88.725,98215,4.33305,9.96,0
1389,27/02/2024 20:00,449,ut,13.92105263,15.55403158,6.125,90.1,98297.5,2.041575,7.56,0
1390,27/02/2024 21:00,338,ut,9.05,12.08602,6.15,89.8,98327.5,5.0089875,11.16,0
1391,27/02/2024 22:00,161,ut,10.69230769,11.68701053,5.933333333,90.86666667,98363.33333,1.14077,4.48,0
1392,27/02/2024 23:00,82,ut,9,11.17663,5.725,90.7,98440,1.24444025,4.92,0
1393,28/02/2024 00:00,105,st,5.673469388,10.6958096,5.75,90.2,98465,2.461435,5.04,0
1394,28/02/2024 01:00,122,st,5.925,9.601235,5.825,89.95,98452.5,2.790245,7.8,0
1395,28/02/2024 02:00,160,st,6.641025641,9.326203158,5.8,90.075,98430,2.2769825,6.48,0
1396,28/02/2024 03:00,434,st,7.384615385,8.4733935,5.875,89.875,98467.5,0.9643115,3.84,0
1397,28/02/2024 04:00,1677,st,8.815789474,15.57278,5.875,89.925,98537.5,0.6169525,2.28,0
1398,28/02/2024 05:00,2541,st,9.55,22.29973,5.8,90.575,98595,0.54381775,2.52,0
1399,28/02/2024 06:00,2957,st,9.552631579,17.37604737,6.05,89.15,98637.5,0.7657545,2.88,0
1400,28/02/2024 07:00,2934,st,8.325,10.6001525,7.366666667,82.43333333,98516.66667,1.402067667,3.84,0
1401,28/02/2024 08:00,2566,st,8.575,6.010446,9.025,73.8,98170,2.4876925,7.08,0
1402,28/02/2024 09:00,2376,st,6.435897436,6.301099474,8.65,75.675,98150,1.7910925,6.72,0
1403,28/02/2024 10:00,2342,st,5.666666667,5.7426115,8.375,76.675,98255,1.2537725,4.08,0
1404,28/02/2024 11:00,1277,st,5.484848485,6.184386563,9.5,72.44285714,98100,1.958895714,6.102857143,0
1405,28/02/2024 12:00,2653,st,5.267857143,4.506577143,12.46,63.32,97518,2.990474,8.256,0
1406,28/02/2024 13:00,2838,st,5.947368421,4.633671053,13.55,58.85,97157.5,2.3185725,7.8,0
1407,28/02/2024 14:00,2968,st,5.5,6.943741,12.45,61.175,97412.5,2.42898,7.92,0
1408,28/02/2024 15:00,2845,st,6.028169014,11.68242971,11.22857143,65.51428571,97607.14286,4.692191429,12.41142857,0
1409,28/02/2024 16:00,2321,st,13.8974359,20.97237,7.575,80.475,98362.5,4.12676,9.36,0
1410,28/02/2024 17:00,1866,st,17.48717949,26.65529474,5.733333333,83.43333333,98913.33333,1.054372333,4,0
1411,28/02/2024 18:00,995,st,20.6,22.492495,3.65,89.925,99320,1.29633425,4.2,0
1412,28/02/2024 19:00,694,st,28.51282051,20.18391053,1.775,94.325,99697.5,2.564275,6,0
1413,28/02/2024 20:00,534,st,30.02564103,22.11202,0.725,96.025,99945,1.48120125,4.44,0
1414,28/02/2024 21:00,417,st,30.56410256,20.09726316,-0.15,96.8,100127.5,1.6952075,7.08,0
1415,28/02/2024 22:00,173,st,27.79411765,17.26212941,-0.633333333,97.3,100206.6667,1.156373333,4.48,0
1416,28/02/2024 23:00,92,st,49.74074074,12.55704615,-0.933333333,97.36666667,100256.6667,1.52492,4.32,0
1417,29/02/2024 00:00,122,ct,,,,,,,,
1418,29/02/2024 01:00,62,ct,,,,,,,,
1419,29/02/2024 02:00,160,ct,35.13333333,20.5983875,0.7,95.9,99810,0.452692,2.4,0
1420,29/02/2024 03:00,380,ct,36.33333333,18.58,1.025,95.8,99732.5,0.231050375,1.68,0
1421,29/02/2024 04:00,1652,ct,40.61538462,23.95437,1.3,95.45,99642.5,0.66958975,2.64,0
1422,29/02/2024 05:00,2590,ct,40.92307692,22.97532632,1.325,95.675,99570,1.0647075,3.84,0
1423,29/02/2024 06:00,2883,ct,54.125,25.63615,1.575,96.85,99527.5,0.5272115,1.92,0
1424,29/02/2024 07:00,2730,ct,75.10526316,29.38036842,2.075,98.45,99402.5,0.73390425,2.28,0
1425,29/02/2024 08:00,2519,ct,72.05,23.572865,3.125,95.75,99190,0.87211825,3,0
1426,29/02/2024 09:00,2483,ct,50.79487179,21.03241053,3.825,92.575,98950,0.882502,3.12,0
1427,29/02/2024 10:00,2479,ct,46.375,19.286295,4.333333333,90.46666667,98800,0.898407,3.52,0
1428,29/02/2024 11:00,2525,ct,47.15789474,17.52712105,5.1,87.2,98597.5,0.73110475,2.76,0
1429,29/02/2024 12:00,2589,ct,49.3,19.34755,5.5,86.2,98407.5,0.9947415,4.08,0
1430,29/02/2024 13:00,2930,ct,52.38461538,20.84491053,5.975,85.175,98252.5,0.996114,4.2,0
1431,29/02/2024 14:00,3058,ct,46.89285714,24.6532,6.1,85.46666667,98166.66667,1.456266667,4.96,0
1432,29/02/2024 15:00,2774,ct,47.28571429,28.94564286,5.7,87.6,98160,0.930866,3.36,0
1433,29/02/2024 16:00,2247,ct,53.85,33.20506,5.575,88.675,98157.5,0.6503275,3,0
1434,29/02/2024 17:00,1787,ct,55.43589744,35.76061579,5.6,88.35,98150,0.19912915,1.68,0
1435,29/02/2024 18:00,1224,ct,52.94871795,35.61091,5.725,88.05,98075,0.16482635,1.32,0
1436,29/02/2024 19:00,835,ct,55.35897436,33.05383684,5.675,88.65,98000,0.950547325,2.28,0
1437,29/02/2024 20:00,467,ct,52.9,33.03144,5.733333333,89,97923.33333,0.1262941,1.12,0
1438,29/02/2024 21:00,375,ct,52.18421053,30.12069474,5.675,89.725,97862.5,1.18182975,3.24,0
1439,29/02/2024 22:00,155,ct,47.34285714,25.47096471,5.833333333,89.6,97783.33333,0.606737333,2.72,0
1440,29/02/2024 23:00,139,ct,49.23076923,24.37147368,5.65,90.875,97742.5,0.201074675,1.44,0
1441,01/03/2024 00:00,86,pa,46.725,17.96406,5.7,91.95,97697.5,1.464137,3.72,0
1442,01/03/2024 01:00,98,pa,53.15789474,14.02464211,5.8,91.7,97630,0.2543165,1.8,0
1443,01/03/2024 02:00,168,pa,49.275,14.085355,5.325,94.7,97630,0.5007745,2.52,0
1444,01/03/2024 03:00,448,pa,49.58974359,17.46612105,5.375,95.8,97610,2.7790175,6.6,0
1445,01/03/2024 04:00,1566,pa,63.87179487,20.163325,5.775,96.7,97635,1.328518,4.92,0
1446,01/03/2024 05:00,2322,pa,70.69230769,18.25786842,6.033333333,97.7,97566.66667,1.090367667,4.16,0
1447,01/03/2024 06:00,2861,pa,85.125,17.072675,5.95,98.8,97560,2.18712,5.16,0
1448,01/03/2024 07:00,2756,pa,83,14.98586842,6.625,97.7,97505,1.12129625,3.48,0
1449,01/03/2024 08:00,2418,pa,75.375,16.17224375,8.1,91.76666667,97250,0.552291833,2.64,0
1450,01/03/2024 09:00,1961,pa,78.66666667,17.00309474,8.425,90.85,97097.5,0.52975675,2.4,0
1451,02/03/2024 00:00,176,so,58.225,15.20694,7.666666667,98.2,97146.66667,0.1523249,1.44,0
1452,02/03/2024 01:00,113,so,59.42105263,13.40676316,7.6,98.45,97142.5,0.116829425,1.08,0
1453,02/03/2024 02:00,143,so,61.6,13.23026,7.5,98.675,97147.5,0.21345255,1.56,0
1454,02/03/2024 03:00,271,so,64.33333333,13.13544211,7.375,98.95,97150,0.6844335,2.76,0
1455,02/03/2024 04:00,628,so,61.46153846,14.794605,7.325,98.7,97187.5,0.366794675,2.28,0
1456,02/03/2024 05:00,781,so,64.76923077,15.89002105,7.4,98.975,97247.5,0.0337367,0.84,0
1457,02/03/2024 06:00,1027,so,65.35,15.33742,7.55,98.925,97277.5,0.1940865,0.96,0
1458,02/03/2024 07:00,1475,so,60.48717949,14.9767,7.875,97.625,97277.5,0.27021715,0.96,0.0875
1459,02/03/2024 08:00,1760,so,53.33333333,14.403113,8.475,96.35,97230,0.6332425,2.4,0
1460,02/03/2024 09:00,2003,so,36.23076923,6.387407368,9.75,88.675,97077.5,1.12040675,4.56,0
1461,02/03/2024 10:00,1914,so,28.9,4.974662,10.63333333,84.33333333,96733.33333,1.907176667,6.08,0
1462,02/03/2024 11:00,2094,so,33.10810811,8.185475789,11.15,82.775,96570,1.50023725,4.8,0
1463,02/03/2024 12:00,2229,so,35.2,7.2831465,10.775,85.15,96620,2.14586,6.36,0
1464,02/03/2024 13:00,2244,so,31,5.108817368,11.125,83.225,96597.5,1.150509,4.44,0
1465,02/03/2024 14:00,2208,so,19.02564103,4.25727,11.075,77.425,96615,3.1490775,8.04,0
1466,02/03/2024 15:00,2233,so,24.79487179,7.883127368,11.1,78.275,96630,0.91718825,3,0
1467,02/03/2024 16:00,2051,so,28,19.781973,10.475,83.15,96712.5,1.529956,5.04,0
1468,02/03/2024 17:00,1841,so,34.41025641,28.32064211,9.85,87.075,96860,0.5653485,2.28,0
1469,02/03/2024 18:00,1182,so,40.05128205,27.58402,9.125,90.4,96965,0.207257918,1.44,0
1470,02/03/2024 19:00,757,so,44.79487179,25.63617368,8.525,93.35,97065,0.098128975,1.32,0
1471,02/03/2024 20:00,507,so,42.4,23.968475,8.066666667,93.9,97123.33333,0.084088,1.6,0
1472,02/03/2024 21:00,438,so,51.02631579,22.30029789,8.05,93.225,97115,0.56537875,4.32,0
1473,02/03/2024 22:00,283,so,38.075,5.9017875,9.725,86.775,96957.5,3.1603935,8.76,0
1474,02/03/2024 23:00,195,so,33.25641026,4.811951053,10.15,83.425,96785,2.04206,6.12,0
1475,03/03/2024 00:00,154,ne,21.175,4.9564155,9.925,83.9,96740,1.335694,5.64,0
1476,03/03/2024 01:00,116,ne,16.89473684,5.261802105,9.75,84.35,96727.5,1.2851575,4.68,0
1477,03/03/2024 02:00,93,ne,15.225,5.4461805,9.85,83.825,96682.5,2.005701,8.04,0
1478,03/03/2024 03:00,197,ne,15.64102564,5.976201053,9.975,83.55,96625,3.8346575,12.12,0
1479,03/03/2024 04:00,448,ne,16.82051282,6.7109925,10.05,83.425,96625,2.72504,8.88,0
1480,03/03/2024 05:00,432,ne,18.53846154,6.881214737,9.925,84.5,96637.5,2.2741375,7.08,0
1481,03/03/2024 06:00,530,ne,19.625,7.1624245,9.8,85.8,96653.33333,1.39664,5.76,0
1482,03/03/2024 07:00,749,ne,19.7027027,6.065875556,10.25,83.25,96592.5,1.86488875,6.24,0
1483,03/03/2024 08:00,1218,ne,21,5.4750255,10.675,80.425,96482.5,2.40515825,6.96,0
1484,03/03/2024 09:00,1441,ne,20,4.695783684,11,78.65,96390,4.0535475,10.8,0
1485,03/03/2024 10:00,1677,ne,15.475,4.0089825,11.9,71.8,96175,4.3591125,10.2,0
1486,03/03/2024 11:00,1955,ne,15.25,3.927483,12.15,69.475,96057.5,5.39773,12.6,0
1487,03/03/2024 12:00,2117,ne,31.71052632,4.213841053,13.85,65.225,95787.5,4.56834,10.68,0
1488,03/03/2024 13:00,1997,ne,20.65,4.3006025,12.325,69.2,95822.5,4.74434,12.36,0
1489,03/03/2024 14:00,2143,ne,15.02564103,5.864976316,12.425,69.725,96017.5,3.8957125,11.52,0
1490,03/03/2024 15:00,2345,ne,12.75,7.2185165,11.65,71.95,96180,3.5908075,9.6,0
1491,03/03/2024 16:00,2242,ne,20.86842105,35.61566842,9.475,81.35,96582.5,0.7651365,3.12,0
1492,03/03/2024 17:00,1646,ne,23.35,37.427795,7.233333333,88.4,96996.66667,1.642490667,4.8,0
1493,03/03/2024 18:00,1105,ne,26.8974359,31.47235263,5.975,91.9,97255,2.52502,6.84,0
1494,03/03/2024 19:00,696,ne,23.94871795,17.61903,5.15,94.05,97407.5,2.3867675,5.52,0
1495,03/03/2024 20:00,359,ne,29.30769231,17.37021579,4.6,95.35,97540,1.5607075,5.28,0
1496,03/03/2024 21:00,303,ne,26.6,17.153375,3.75,96.725,97710,0.6419805,3,0
1497,03/03/2024 22:00,153,ne,25.44736842,17.94648947,2.9,97.575,97857.5,0.90383225,3.6,0
1498,03/03/2024 23:00,152,ne,29.55,13.541445,2.475,98.225,97962.5,0.698591925,3.96,0
1499,04/03/2024 00:00,98,po,27.51282051,14.45377895,2,98.55,98037.5,1.3928855,4.92,0
1500,04/03/2024 01:00,160,po,31.625,12.99586,1.5,99.025,98132.5,0.587637,3,0
1501,04/03/2024 02:00,181,po,30.63157895,10.95684947,1.066666667,99.33333333,98236.66667,0.187485767,1.6,0
1502,04/03/2024 03:00,505,po,22.675,13.126727,0.725,99.475,98315,0.2527753,2.04,0
1503,04/03/2024 04:00,1701,po,29.07692308,16.50187474,0.65,99.4,98360,0.8996105,3.96,0
1504,04/03/2024 05:00,2311,po,46.30769231,17.405685,0.7,99.5,98380,0.688322,3.24,0
1505,04/03/2024 06:00,2838,po,41.84615385,14.42634737,0.875,99.325,98377.5,0.3500055,2.04,0
1506,04/03/2024 07:00,2643,po,41.8,16.15503,3.95,94.175,98107.5,0.378610625,2.28,0
1507,04/03/2024 08:00,903,po,37.73684211,15.59066421,7.95,81.6,97420,1.9293525,5.52,0
1508,04/03/2024 10:00,1168,po,21.8974359,3.351956842,17.475,60.275,96030,1.770435,5.52,0
1509,04/03/2024 11:00,2378,po,17.1,2.7618255,16.65,62.675,95547.5,2.75351,7.92,0
1510,04/03/2024 12:00,2464,po,11.29032258,2.454295789,17.96666667,56.03333333,95290,2.22945,7.04,0
1511,04/03/2024 13:00,2765,po,9.05,5.9355945,17.125,55.7,95292.5,1.7300725,5.88,0
1512,04/03/2024 14:00,2852,po,13,13.86394579,16.6,59.8,95685,1.5596325,5.76,0
1513,04/03/2024 15:00,2578,po,8.775,10.038769,15.85,60.15,95810,2.37996,7.68,0
1514,04/03/2024 16:00,2227,po,14.48717949,24.23056842,13.7,69.875,96305,3.46294,10.2,0
1515,04/03/2024 17:00,1670,po,29.43589744,47.011245,11.15,81.025,96797.5,1.572383,5.28,0
1516,04/03/2024 18:00,1012,po,28.12820513,36.48135789,8.05,89.5,97385,1.2339045,4.44,0
1517,04/03/2024 19:00,662,po,36.15,24.172505,9,88.625,97557.5,1.526935,6.72,0
1518,04/03/2024 20:00,371,po,39.94736842,19.63616842,8.35,91.4,97585,4.7728375,10.92,0
1519,04/03/2024 21:00,340,po,39.4,15.77101,7.55,92.975,97680,2.165115,7.68,0
1520,04/03/2024 22:00,139,po,51.35897436,17.66666316,6.733333333,94.96666667,97773.33333,0.143621867,1.6,0
1521,04/03/2024 23:00,110,po,46.375,17.138545,7.2,93.8,97720,0.066203825,1.08,0
1522,05/03/2024 00:00,89,ut,43.91666667,19.09307222,7.633333333,93.1,97683.33333,0.402580233,2.08,0
1523,05/03/2024 01:00,78,ut,43.275,9.3534225,8.1,90.2,97622.5,2.1854225,8.4,0
1524,05/03/2024 02:00,147,ut,32.97435897,6.719484211,7.95,87.125,97620,2.5318125,7.68,0
1525,05/03/2024 03:00,435,ut,33.8974359,8.0751825,7.75,87.5,97660,1.25727325,5.64,0
1526,05/03/2024 04:00,1605,ut,36.82051282,9.631585263,7.625,87.475,97707.5,0.85619725,4.32,0
1527,05/03/2024 05:00,2482,ut,32.075,7.548898,7.5,85.65,97740,2.6777975,8.52,0
1528,05/03/2024 06:00,2724,ut,21.35897436,7.919149474,7.3,83.175,97815,2.8394475,10.8,0
1529,05/03/2024 07:00,2575,ut,22.43589744,5.829876,7.7,81.175,97772.5,3.6674,12.6,0
1530,05/03/2024 08:00,2419,ut,24.97435897,6.366852632,7.633333333,80.9,97806.66667,3.80907,11.2,0
1531,05/03/2024 09:00,2364,ut,24.975,6.9064905,7.7,78.45,97830,2.33584,6.72,0
1532,05/03/2024 10:00,2304,ut,25.28947368,7.578216842,8.2,76.95,97810,0.4570405,2.64,0
1533,05/03/2024 11:00,2364,ut,25.45,9.0138735,8.325,76.325,97730,0.8973415,3.48,0
1534,05/03/2024 12:00,2423,ut,29.43589744,21.93783368,7.825,82.35,97775,1.403714,4.8,0.0875
1535,05/03/2024 13:00,2686,ut,33.525,25.28888,7.175,92.825,97960,0.83298125,3.36,0
1536,05/03/2024 14:00,2938,ut,33.13157895,19.84737368,7.25,91.625,98000,0.3550522,2.16,0.0875
1537,05/03/2024 15:00,2568,ut,32.625,34.136965,6.825,93.1,98100,1.19078425,3.96,0.0875
1538,05/03/2024 16:00,2062,ut,36.8974359,29.69307368,6.625,93.25,98177.5,1.777667,4.32,0
1539,05/03/2024 17:00,1648,ut,41.48717949,24.968555,6.633333333,93.6,98236.66667,1.564751,4.32,0
1540,05/03/2024 18:00,974,ut,47.69230769,22.36914737,6.575,94.6,98290,0.482262525,2.28,0
1541,05/03/2024 19:00,725,ut,46.775,18.61142,6.3,97.35,98347.5,0.08826508,0.84,0
1542,05/03/2024 20:00,390,ut,50.46153846,19.33411579,6.125,98.45,98397.5,0.12785935,1.2,0
1543,05/03/2024 21:00,309,ut,53.33333333,21.05372,5.6,98.4,98487.5,0.45551225,2.28,0
1544,05/03/2024 22:00,151,ut,53.17948718,16.19775789,5.1,99.45,98645,0.417358,2.16,0
1545,05/03/2024 23:00,85,ut,46.325,15.235855,5.225,98.75,98665,0.30105625,1.8,0
1546,06/03/2024 00:00,70,st,49.13157895,13.74514737,5.5,98.625,98665,0.169295,1.2,0
1547,06/03/2024 01:00,92,st,51.625,18.308955,5.6,97.1,98647.5,0.10704725,1.2,0
1548,06/03/2024 02:00,152,st,49.94871795,15.9025,5.525,97.85,98675,0.630754993,2.52,0
1549,06/03/2024 03:00,415,st,52.45,14.54922,5.366666667,98.13333333,98713.33333,0.137521767,1.28,0
1550,06/03/2024 04:00,1625,st,48.26315789,17.28004737,5.3,97.5,98760,0.054495775,0.6,0
1551,06/03/2024 05:00,2470,st,45.3,18.371185,5.35,95,98822.5,0.33773647,2.4,0
1552,06/03/2024 06:00,2809,st,38.28205128,16.84181105,5.525,89.675,98857.5,0.34705715,2.76,0
1553,06/03/2024 07:00,2641,st,35.41025641,8.041756,6.225,85.7,98797.5,1.45748175,4.44,0.0875
1554,06/03/2024 08:00,2567,st,28.97435897,4.177903158,9.475,70.775,98475,2.9364225,10.2,0
1555,06/03/2024 09:00,2425,st,26.325,4.19832,12.1,62.625,97987.5,5.00844,14.52,0
1556,06/03/2024 10:00,2375,st,27.43589744,3.40083,12,60.425,97702.5,4.156885,10.8,0
1557,06/03/2024 11:00,2416,st,23.92307692,3.009948,13.275,55.175,97417.5,3.5094925,10.44,0
1558,06/03/2024 12:00,2532,st,19.02564103,3.577518421,11.6,56.83333333,97446.66667,6.924416667,18.08,0
1559,06/03/2024 13:00,2671,st,20.6,5.455299,11.625,56.625,97650,6.9279525,18.84,0
1560,06/03/2024 14:00,2902,st,17.51351351,6.235469474,11,52.55,97690,7.38755,18.96,0
1561,06/03/2024 15:00,2646,st,22.675,12.0527755,8.525,61.275,98235,9.917425,23.4,0
1562,06/03/2024 16:00,2383,st,25.53846154,14.47175263,6.5,69.975,98722.5,5.213285,13.68,0
1563,06/03/2024 17:00,1799,st,22.125,15.42094,5.15,73,99130,7.7714475,16.44,0
1564,06/03/2024 18:00,1131,st,19.89473684,15.07801053,4.65,74.375,99360,5.21632,13.08,0
1565,06/03/2024 19:00,691,st,23.3,16.413365,3.6,78.575,99620,1.5584065,5.04,0
1566,06/03/2024 20:00,412,st,28.51282051,21.10568421,1.95,86.3,99887.5,0.3865885,2.64,0
1567,06/03/2024 21:00,406,st,25.69230769,19.44583,1.05,90.35,100085,0.59086175,2.64,0
1568,06/03/2024 22:00,159,st,32.53846154,24.91687895,1.366666667,90.06666667,100063.3333,0.471406333,2.24,0
1569,06/03/2024 23:00,111,st,29.55,19.270695,2.5,88.625,99857.5,0.2096555,1.68,0
1570,07/03/2024 00:00,81,ct,28.23684211,16.22471579,3.2,90.325,99680,0.456967225,2.52,0
1571,07/03/2024 01:00,86,ct,17.225,15.23088,4.35,88.5,99482.5,0.9710545,4.8,0
1572,07/03/2024 02:00,132,ct,13.87179487,12.72545263,4.625,90.325,99320,2.8817325,8.04,0
1573,07/03/2024 03:00,419,ct,14.55,11.984651,4.525,90.9,99305,0.8837625,4.08,0
1574,07/03/2024 04:00,1544,ct,16.79487179,12.214372,4.575,88.7,99307.5,1.14730825,5.28,0
1575,07/03/2024 05:00,2455,ct,18.38461538,9.114442632,4.525,85.775,99317.5,2.5646125,8.88,0
1576,07/03/2024 06:00,2789,ct,19.95,7.615858,4.325,80.875,99390,3.7180925,11.76,0
1577,07/03/2024 07:00,2572,ct,19.92105263,6.784568947,4.333333333,78.36666667,99383.33333,5.359323333,15.04,0
1578,07/03/2024 08:00,2400,ct,17.675,4.9130845,4.625,71.95,99292.5,3.68281,12.72,0
1579,07/03/2024 09:00,2480,ct,18.02564103,5.308737895,5.5,67.075,99125,4.25755,11.64,0
1580,07/03/2024 10:00,2359,ct,16.02564103,4.4598115,6.95,61.075,98855,4.01441,12.24,0
1581,07/03/2024 11:00,2422,ct,15.1025641,4.537292105,7.175,59.675,98670,4.6954575,13.8,0
1582,07/03/2024 12:00,2452,ct,17.425,5.4491005,6.625,63.175,98712.5,6.172115,15.84,0
1583,07/03/2024 13:00,2829,ct,17.17948718,5.857366842,5.975,63.85,98842.5,8.3733825,20.28,0
1584,07/03/2024 14:00,3073,ct,17.55,7.3517865,5.8,63.9,98932.5,5.8334275,16.2,0
1585,07/03/2024 15:00,2698,ct,16.86842105,8.216922632,5.425,64.525,99015,4.88371,13.32,0
1586,07/03/2024 16:00,2314,ct,16.025,8.543934,5.075,64.425,99107.5,6.834265,14.28,0
1587,07/03/2024 17:00,1796,ct,17.28205128,9.154981053,4.7,65.76666667,99196.66667,7.053163333,14.56,0
1588,07/03/2024 18:00,1135,ct,20.20512821,10.168941,4.275,67.75,99282.5,4.193365,10.8,0
1589,07/03/2024 19:00,723,ct,21.94871795,13.91866316,4.025,69.875,99342.5,1.8329,5.4,0
1590,07/03/2024 20:00,462,ct,23.725,14.001935,3.8,71.85,99365,1.4918225,5.4,0
1591,07/03/2024 21:00,348,ct,24.12820513,10.96927789,3.625,73.7,99392.5,1.0963945,4.2,0
1592,07/03/2024 22:00,156,ct,26,15.13382632,2.7,77.25,99530,0.933671425,3.84,0
1593,07/03/2024 23:00,88,ct,29.30769231,16.92525263,0.525,86.1,99920,0.24002825,2.04,0
1594,08/03/2024 00:00,77,pa,36.675,17.606105,-0.65,89.925,100175,0.59038825,3.24,0
1595,08/03/2024 01:00,76,pa,32.52631579,17.3606,-0.966666667,90.5,100253.3333,1.044642667,4.8,0
1596,08/03/2024 02:00,168,pa,31.25,17.16111,-1.325,92.05,100287.5,0.72218475,4.08,0
1597,08/03/2024 03:00,377,pa,33.60526316,16.94340526,-1.8,92.975,100325,0.65651725,3.48,0
1598,08/03/2024 04:00,1498,pa,32.95,36.397595,-2,93.625,100335,0.62101175,4.32,0
1599,08/03/2024 05:00,2380,pa,36.97435897,34.58222632,-1.475,92.65,100235,0.392501,3.24,0
1600,08/03/2024 06:00,2634,pa,43.92307692,44.60723,1.075,84.25,100040,0.557695,3.12,0
1601,08/03/2024 07:00,2703,pa,38.97435897,29.41908421,4.05,73.975,99275,2.3789125,5.4,0
1602,08/03/2024 08:00,2573,pa,30.525,8.075933,5.65,69.925,98772.5,2.7363475,8.04,0
1603,08/03/2024 09:00,2474,pa,25.89473684,3.860806842,7.725,61.925,98315,4.795275,14.16,0
1604,08/03/2024 10:00,2620,pa,23.075,3.6711785,8.2,60.66666667,97990,5.972366667,16.32,0
1605,08/03/2024 11:00,2685,pa,23,3.9183,10,57.65,97790,7.4746875,18.12,0
1606,08/03/2024 12:00,2749,pa,23.30769231,4.0163705,9.75,59.1,97475,6.5373475,17.64,0
1607,08/03/2024 13:00,2910,pa,19.02777778,5.648934444,10.3,58.93333333,97260,6.013533333,14.56,0
1608,08/03/2024 14:00,2950,pa,15.875,8.078432,9.725,62.575,97375,8.30246,21.84,0
1609,08/03/2024 15:00,2946,pa,12.47368421,9.113234737,9.25,64.275,97572.5,6.5579025,18.6,0
1610,08/03/2024 16:00,2576,pa,11.625,12.969977,8.175,68.1,97850,4.60056,15.96,0
1611,08/03/2024 17:00,2076,pa,14.82051282,22.75981579,7.3,73.4,98067.5,2.574225,10.68,0
1612,08/03/2024 18:00,1412,pa,12.75,14.296265,6.35,75,98250,5.1228625,16.08,0
1613,08/03/2024 19:00,971,pa,14.21052632,15.28324737,5.266666667,76.33333333,98476.66667,2.76751,10.56,0
1614,08/03/2024 20:00,591,pa,14.925,13.15645,5.375,76.5,98480,2.426125,8.16,0
1615,08/03/2024 21:00,482,pa,16.79487179,11.23427579,5.575,76.125,98315,3.4109675,11.28,0
1616,08/03/2024 22:00,376,pa,17.36842105,10.63864526,5.6,76.3,98250,3.48992,12.6,0
1617,08/03/2024 23:00,237,pa,14.15384615,9.849657895,5.6,77.075,98200,3.71738,12.48,0
1618,09/03/2024 00:00,167,so,12.275,9.689321,5.675,77.45,98115,4.323735,12.96,0
1619,09/03/2024 01:00,128,so,11.69230769,9.681067368,5.225,78.65,98105,3.987585,12.24,0
1620,09/03/2024 02:00,118,so,13.20512821,9.217613,5.225,79.1,98027.5,4.0465825,16.08,0
1621,09/03/2024 03:00,283,so,13.20512821,8.989884211,5.25,79.175,97952.5,4.4236625,13.56,0
1622,09/03/2024 04:00,585,so,13.275,9.127981,5.3,79.75,97892.5,6.226715,15.84,0
1623,09/03/2024 05:00,804,so,14.92105263,9.445047368,5.366666667,80.53333333,97836.66667,6.23657,17.12,0
1624,09/03/2024 06:00,1013,so,16.4,9.569957,5.675,80.9,97775,4.927575,14.28,0
1625,09/03/2024 07:00,1464,so,16.82051282,9.014982632,6.325,79.7,97670,4.6594775,13.8,0
1626,09/03/2024 08:00,1896,so,15.8974359,7.6124925,7.675,76,97365,6.68873,17.4,0
1627,09/03/2024 09:00,2181,so,15.71794872,6.837897895,7.625,76.675,97255,6.7084975,14.28,0
1628,09/03/2024 10:00,2046,so,15.1,6.632749,8.15,74.525,97100,5.0601675,14.88,0
1629,09/03/2024 11:00,2211,so,15.15384615,6.475652632,8.675,73.375,96957.5,5.0250025,14.76,0
1630,09/03/2024 12:00,2301,so,15.25,5.802823,10.475,68.45,96650,5.4615525,14.52,0
1631,09/03/2024 13:00,2295,so,18.05263158,6.750850526,10.575,69.025,96372.5,5.9216425,16.2,0
1632,09/03/2024 14:00,2162,so,20.6,7.1477965,10.63333333,69.9,96343.33333,6.66482,19.52,0
1633,09/03/2024 15:00,2065,so,24.28205128,7.893291579,10.7,70.425,96545,5.0958,18,0
1634,09/03/2024 16:00,2221,so,30.53846154,11.741236,9.125,76.575,96820,5.311695,15.96,0
1635,09/03/2024 17:00,1931,so,37.12820513,23.55823158,7.825,82.175,97147.5,1.83844575,5.76,0
1636,09/03/2024 18:00,1262,so,32.15,18.28759,8.35,82.275,97145,3.8466,11.16,0
1637,09/03/2024 19:00,989,so,29.07894737,12.93217368,8.4,82.15,97105,3.6114175,10.44,0
1638,09/03/2024 20:00,556,so,25.675,11.204383,7.975,82.875,97112.5,3.0614775,10.32,0
1639,09/03/2024 21:00,421,so,24.56410256,11.95736842,7.475,84.125,97232.5,2.5188625,8.4,0
1640,09/03/2024 22:00,284,so,22.33333333,12.143535,7.05,85.7,97345,2.30942,8.04,0
1641,09/03/2024 23:00,179,so,20.8974359,10.97943368,6.75,86.525,97370,2.671545,10.32,0
1642,10/03/2024 00:00,121,ne,22.675,11.957086,6.1,88,97446.66667,1.908581,7.2,0
1643,10/03/2024 01:00,100,ne,26.48717949,13.99893684,5.15,92.35,97507.5,1.33216275,4.92,0
1644,10/03/2024 02:00,70,ne,25.87179487,12.45046,5.175,93.275,97447.5,0.51557175,2.64,0
1645,10/03/2024 03:00,179,ne,24.79487179,10.36250421,6.025,90.825,97275,1.21842525,4.92,0
1646,10/03/2024 04:00,423,ne,25.25,8.941781,6.65,89.925,97120,0.8496507,3.72,0
1647,10/03/2024 05:00,440,ne,20.52631579,7.288496842,8.1,83.825,96920,2.349323,7.92,0
1648,10/03/2024 06:00,537,ne,18.05,7.019706,8.55,81.95,96720,2.8921825,9.96,0
1649,10/03/2024 07:00,765,ne,17.35897436,7.063991579,9.25,79.825,96587.5,2.7702,9.36,0
1650,10/03/2024 08:00,1287,ne,14.7,5.00383,10.275,75.7,96290,3.2454175,11.4,0
1651,10/03/2024 09:00,1575,ne,13.60526316,4.540256316,11.06666667,73,96073.33333,5.101976667,15.04,0
1652,10/03/2024 10:00,1709,ne,12.65,4.561628,11.625,70.825,95902.5,4.77001,13.32,0
1653,10/03/2024 11:00,1868,ne,13.87179487,4.829045263,11.75,71.7,95807.5,5.04431,15,0
1654,10/03/2024 12:00,2163,ne,14.65,4.830328,12.3,70.525,95750,4.401365,13.08,0
1655,10/03/2024 13:00,2205,ne,12.84210526,5.258715789,12.525,68.95,95610,5.729055,17.16,0
1656,10/03/2024 14:00,2144,ne,13.35,7.0520905,12.35,70.8,95617.5,4.8593325,13.92,0
1657,10/03/2024 15:00,2105,ne,12.94871795,9.018466316,11.925,72.875,95677.5,4.829035,16.92,0
1658,10/03/2024 16:00,2134,ne,13.41025641,11.500646,11.25,76.075,95810,3.746265,12.24,0
1659,10/03/2024 17:00,1722,ne,16.02564103,15.42554737,10.05,81.3,96040,1.080988,4.32,0
1660,10/03/2024 18:00,1190,ne,25.2,18.106385,7.55,89.95,96327.5,0.98201475,3.6,0
1661,10/03/2024 19:00,684,ne,33.15384615,25.41396316,7.666666667,91.3,96540,0.760088,4,0
1662,10/03/2024 20:00,475,ne,19.69230769,17.641006,9.15,87.4,96395,2.07289,6.6,0
1663,10/03/2024 21:00,312,ne,14.51282051,15.03759526,10.95,83,96025,3.0170475,10.68,0
1664,10/03/2024 22:00,151,ne,15.48717949,13.337958,11.325,83.425,95955,3.9010375,18.6,0
1665,10/03/2024 23:00,123,ne,16.20512821,10.480184,11.425,84,95875,4.5869875,13.68,0
1666,11/03/2024 00:00,92,po,17.46153846,8.102933158,10.875,86.1,95880,3.08864,9,0
1667,11/03/2024 01:00,190,po,20.6,10.461766,8.5,94.4,96165,0.972902,3.72,0
1668,11/03/2024 02:00,241,po,22.10526316,12.75342632,7.775,96.35,96445,0.76110575,3.72,0
1669,11/03/2024 03:00,523,po,22.375,11.21753,8.075,94.3,96515,3.3893925,8.88,0
1670,11/03/2024 04:00,1838,po,21.84210526,9.504116111,7.625,94.325,96700,3.046625,9.48,0
1671,11/03/2024 05:00,2789,po,15.025,7.947786,8.333333333,85.8,96750,4.5056,11.36,0
1672,11/03/2024 06:00,2985,po,11.02631579,10.78227684,8.275,83.65,96787.5,2.8989075,8.64,0
1673,11/03/2024 07:00,2797,po,6.7,4.89232,10.575,72.925,96535,3.9960725,10.56,0
1674,11/03/2024 08:00,2496,po,3.205128205,4.027266316,12,66.65,96250,4.421535,12.84,0
1675,11/03/2024 09:00,2374,po,1.358974359,3.432624,13.55,60.375,96005,6.56632,15,0
1676,11/03/2024 10:00,2431,po,1.153846154,2.87406,13.9,58.675,95895,5.5652325,15.6,0
1677,11/03/2024 11:00,2431,po,1.102564103,2.656379,15.9,51.725,95662.5,5.6486175,15.36,0
1678,11/03/2024 12:00,2367,po,1.128205128,2.729544737,16.3,50.125,95415,6.4334775,17.52,0
1679,11/03/2024 13:00,2743,po,1.128205128,3.367198,16.025,48.8,95397.5,5.8009225,13.44,0
1680,11/03/2024 14:00,2891,po,1.102564103,4.948118421,14.825,50.75,95772.5,3.3376475,8.76,0
1681,11/03/2024 15:00,2721,po,3.85,15.9316325,14.3,52.35,95997.5,2.016995,6.12,0
1682,11/03/2024 16:00,2306,po,6.58974359,18.77204316,13.46666667,56.86666667,96220,1.045741333,3.36,0
1683,11/03/2024 17:00,1684,po,8.769230769,45.52464,11.775,67.275,96500,0.896573,3.24,0
1684,11/03/2024 18:00,1042,po,15.69230769,47.2548,10.15,74.55,96837.5,1.87522675,4.8,0
1685,11/03/2024 19:00,671,po,16.95,25.229355,9.1,77.45,97102.5,2.581985,6.72,0
1686,11/03/2024 20:00,419,po,10.28947368,18.43235789,8.75,78.275,97270,1.8784475,5.4,0
1687,11/03/2024 21:00,323,po,12.9,22.02535,8.175,80.95,97400,1.34294975,4.56,0
1688,11/03/2024 22:00,159,po,13.68421053,19.44764737,7.625,83.925,97505,0.989733,3.24,0
1689,11/03/2024 23:00,123,po,10.07692308,16.60083,7.275,85.25,97577.5,1.500235,4.92,0
1690,12/03/2024 00:00,89,ut,8.794871795,14.52699579,7.15,85.3,97637.5,2.0637675,5.64,0
1691,12/03/2024 01:00,76,ut,13.9,12.636371,6.933333333,86.53333333,97673.33333,0.795377667,3.2,0
1692,12/03/2024 02:00,150,ut,10.53846154,11.42916526,6.725,86.8,97732.5,0.86500475,3.36,0
1693,12/03/2024 03:00,458,ut,10.51282051,13.576868,6.55,88.15,97802.5,0.8045515,3.12,0
1694,12/03/2024 04:00,1742,ut,15.05128205,15.31423789,6.45,88.2,97882.5,1.24094525,4.08,0
1695,12/03/2024 05:00,2614,ut,9.275,21.593635,6.75,85.675,97915,2.12907,5.64,0
1696,12/03/2024 06:00,2887,ut,11.78947368,21.51856842,7.3,84.45,97897.5,1.230827,4.08,0
1697,12/03/2024 07:00,2875,ut,15,23.343306,8.55,80.85,97767.5,0.903391,3.6,0
1698,12/03/2024 08:00,2633,ut,6.897435897,8.165251579,11.025,68.275,97432.5,1.85923,6,0
1699,12/03/2024 09:00,2395,ut,4.875,4.1487765,11.875,63,97182.5,3.1318,9.36,0
1700,12/03/2024 10:00,2363,ut,4.868421053,4.179501053,12.1,62.15,97037.5,3.8956425,10.68,0
1701,12/03/2024 11:00,2396,ut,4.95,4.8746705,12.16666667,63.33333333,97003.33333,4.00288,11.2,0
1702,12/03/2024 12:00,2479,ut,5.435897436,4.697317368,12.875,61.55,96932.5,2.313445,7.92,0
1703,12/03/2024 13:00,2773,ut,4.625,4.902628,13.25,57.725,96835,2.1972425,7.44,0
1704,12/03/2024 14:00,2910,ut,3.394736842,4.143058421,13.95,54.25,96682.5,4.806605,14.4,0
1705,12/03/2024 15:00,2860,ut,4.8,4.163342,13.55,54.15,96797.5,5.2118475,15.96,0
1706,12/03/2024 16:00,2265,ut,5.512820513,9.336803684,12.15,59.2,97047.5,3.4809725,9.96,0
1707,12/03/2024 17:00,1806,ut,6.384615385,21.318305,10.75,67.725,97457.5,3.0369025,9.96,0
1708,12/03/2024 18:00,1152,ut,9.307692308,26.65086316,10.35,72.2,97632.5,1.8118925,5.88,0
1709,12/03/2024 19:00,744,ut,13.4,22.408405,9.625,75.525,97752.5,1.26870275,4.68,0
1710,12/03/2024 20:00,490,ut,9.605263158,20.01049474,9.825,74,97825,2.0199975,7.68,0
1711,12/03/2024 21:00,326,ut,10.35,16.61914,8.966666667,77.66666667,97910,1.100405333,3.68,0
1712,12/03/2024 22:00,145,ut,12.48717949,15.58617368,8,81.925,98065,2.6629475,6.72,0
1713,12/03/2024 23:00,85,ut,12.35,15.50293,7.575,84.125,98177.5,2.18472,5.16,0
1714,13/03/2024 00:00,77,st,11.84210526,13.82557895,7.725,82.65,98170,2.15234,6.12,0
1715,13/03/2024 01:00,108,st,11.275,12.82915,6.55,86.875,98322.5,3.5099525,6.84,0
1716,13/03/2024 02:00,141,st,11.8974359,12.81335263,6.175,88.575,98365,1.63970225,3.72,0
1717,13/03/2024 03:00,445,st,12.35897436,16.04927,5.425,91.175,98547.5,3.0601955,7.56,0
1718,13/03/2024 04:00,1631,st,13.1025641,15.55850526,5.25,91.775,98555,1.9947875,4.92,0
1719,13/03/2024 05:00,2701,st,15.95,20.706585,4,95.375,98812.5,1.1240695,3.36,0
1720,13/03/2024 06:00,3052,st,21.86842105,28.60214737,6.2,86.23333333,98756.66667,1.054837333,3.52,0
1721,13/03/2024 07:00,3084,st,17.325,19.36304,10.025,74.4,98055,1.36324125,4.68,0
1722,13/03/2024 08:00,2694,st,14.43589744,6.424822632,11.85,68.45,97470,2.50639,6.6,0
1723,13/03/2024 09:00,2411,st,15.05,3.317793,13,64.025,97217.5,4.2617725,9.96,0
1724,13/03/2024 10:00,2332,st,12.65789474,2.516181579,15.025,56,96905,5.63815,14.4,0
1725,13/03/2024 11:00,2677,st,11.4,2.5564625,15.8,51.6,96692.5,4.8887225,12.24,0
1726,13/03/2024 12:00,2675,st,9.794871795,2.751600526,15.45,49.825,96467.5,5.9154675,14.64,0
1727,13/03/2024 13:00,2955,st,7.975,3.9938455,15.85,49.525,96452.5,5.9673225,15.12,0
1728,13/03/2024 14:00,2795,st,6.473684211,5.445275789,15.025,52.475,96490,5.9246225,15.24,0
1729,13/03/2024 15:00,2804,st,6.075,9.449814,13.15,57.325,96940,5.1132825,12.6,0
1730,13/03/2024 16:00,2346,st,5.256410256,13.05518632,12.1,60.05,97272.5,3.19691,7.56,0
1731,13/03/2024 17:00,1809,st,7.05,20.674325,10.03333333,69.66666667,97723.33333,1.938233333,5.6,0
1732,13/03/2024 18:00,1107,st,12.76315789,24.75664211,8.275,76.625,98117.5,2.024146,4.32,0
1733,13/03/2024 19:00,734,st,20.45,25.693355,7.15,81.475,98400,2.5060325,6,0
1734,13/03/2024 20:00,456,st,13.17948718,26.20093158,6.2,85,98552.5,3.2845025,7.56,0
1735,13/03/2024 21:00,376,st,12.20512821,19.99756,5.725,87.55,98590,1.59464,4.68,0
1736,13/03/2024 22:00,162,st,14.05128205,15.38403684,5.5,88.95,98667.5,1.01292075,3,0
1737,13/03/2024 23:00,115,st,17.975,18.502785,5.7,88.75,98605,0.96374375,4.08,0
1738,14/03/2024 00:00,84,ct,27.35897436,24.77813158,6,88.6,98537.5,0.552155425,2.52,0
1739,14/03/2024 01:00,82,ct,22.43589744,23.909115,6.25,88.5,98427.5,0.40157025,2.04,0
1740,14/03/2024 02:00,146,ct,24.87179487,22.78081053,6.375,88.125,98362.5,0.3794,2.64,0
1741,14/03/2024 03:00,454,ct,28.675,23.26416,6.333333333,88.63333333,98333.33333,0.333761,2.08,0
1742,14/03/2024 04:00,1619,ct,29.55263158,28.10113158,6.45,89.75,98312.5,0.31397125,2.28,0
1743,14/03/2024 05:00,2653,ct,29.775,29.827055,6.6,90.15,98297.5,0.55161375,2.4,0
1744,14/03/2024 06:00,2960,ct,34.82051282,32.6522,7.15,88.675,98240,0.32246725,1.56,0
1745,14/03/2024 07:00,2914,ct,31.92307692,26.836535,8.7,83.025,98007.5,0.963951,3.36,0
1746,14/03/2024 08:00,2645,ct,21.35897436,17.14834211,10.7,77.975,97657.5,1.1471255,3.84,0
1747,14/03/2024 09:00,2460,ct,19.525,9.2660845,12.375,73.675,97237.5,1.3708375,5.28,0
1748,14/03/2024 10:00,2324,ct,19.1025641,4.971668947,14.05,70.925,96842.5,2.2198225,6.36,0
1749,14/03/2024 11:00,2377,ct,20.17948718,9.8786965,13.375,74.3,96870,2.12255,6.84,0
1750,14/03/2024 12:00,2568,ct,18.92307692,15.85113158,13.05,76.175,97022.5,2.0268225,6.6,0
1751,14/03/2024 13:00,2991,ct,18.275,15.47935,13.53333333,75.03333333,96956.66667,1.228173333,5.44,0
1752,14/03/2024 14:00,3010,ct,18.41025641,15.64011579,13.65,75.3,96877.5,1.3531125,4.68,0
1753,14/03/2024 15:00,2918,ct,19.28205128,19.23664,13.65,75.65,96892.5,1.022838,4.32,0
1754,14/03/2024 16:00,2469,ct,22.4,18.31629,12.875,77.525,96987.5,1.68273,6,0
1755,14/03/2024 17:00,1941,ct,22.30769231,29.47296316,12.25,79.85,97135,1.8380075,5.04,0
1756,14/03/2024 18:00,1269,ct,24.71794872,35.491975,11.625,83.1,97252.5,0.420075,2.52,0
1757,14/03/2024 19:00,743,ct,29.53846154,36.69522632,10.325,87.925,97475,0.25149455,1.8,0
1758,14/03/2024 20:00,438,ct,33.475,40.81031,8.725,92.675,97722.5,0.636817,3.48,0
1759,14/03/2024 21:00,411,ct,30.02631579,38.5439,7.075,95.525,97985,2.1822125,5.28,0
1760,14/03/2024 22:00,206,ct,29.23076923,36.79595263,6.633333333,96.5,98103.33333,1.770086667,4.96,0
1761,14/03/2024 23:00,102,ct,28.66666667,22.12555263,5.866666667,97.83333333,98210,1.198725333,4.64,0
1762,15/03/2024 00:00,6,pa,25.55,15.68951,4.9,98.875,98335,1.274547,4.08,0
1763,15/03/2024 01:00,27,pa,55.39473684,13.56242632,4.2,99.375,98447.5,0.6734595,3.24,0
1764,15/03/2024 02:00,135,pa,24.05,11.762181,3.425,99.3,98542.5,1.527325,5.04,0
1765,15/03/2024 03:00,383,pa,25.94871795,11.32213789,3.225,99.65,98605,0.6024245,2.88,0
1766,15/03/2024 04:00,1545,pa,26.58974359,15.18938,2.975,99.95,98647.5,0.2656045,1.92,0
1767,15/03/2024 05:00,2551,pa,35.02564103,15.09961579,3.275,100,98600,0.2767275,1.92,0
1768,15/03/2024 06:00,2880,pa,34.55,14.326535,4.675,98.825,98437.5,0.25671125,1.56,0
1769,15/03/2024 07:00,2831,pa,34.79487179,14.32631579,9.475,85.05,97850,0.2563296,1.8,0
1770,15/03/2024 08:00,2629,pa,32.92307692,12.0008155,12.03333333,78.53333333,97163.33333,1.87178,5.6,0
1771,15/03/2024 09:00,2768,pa,17.12820513,3.800237895,12.85,74.925,96872.5,2.9694775,7.08,0
1772,15/03/2024 10:00,2483,pa,18.575,3.5381285,14.7,69.85,96512.5,2.5540825,7.2,0
1773,15/03/2024 11:00,2869,pa,17.76315789,3.486256842,15.525,68.4,96217.5,2.7629775,6.6,0
1774,15/03/2024 12:00,2954,pa,13.56410256,3.354705,17.575,63.65,95862.5,3.0186425,7.32,0
1775,15/03/2024 13:00,3079,pa,13.25714286,2.970013158,19.125,60.55,95470,3.039815,8.16,0
1776,15/03/2024 14:00,3044,pa,16.96875,11.394415,17,69.3,95797.5,2.1845575,5.76,0
1777,15/03/2024 15:00,3026,pa,14.15384615,43.39414316,15.625,76.75,96265,1.11344,4.56,0
1778,15/03/2024 16:00,2718,pa,16.74358974,24.36316,14.775,82.95,96432.5,0.95930725,3.84,0
1779,15/03/2024 17:00,2154,pa,15.39473684,31.55331263,14.65,78.375,96582.5,0.9619165,4.56,0
1780,15/03/2024 18:00,1480,pa,21.4,35.540055,13.625,82.5,96780,0.60754075,3.36,0
1781,15/03/2024 19:00,996,pa,9.236842105,9.964481053,12.76666667,82.7,96963.33333,0.565747333,2.88,0
1782,15/03/2024 20:00,694,pa,5.075,9.2598925,11.8,86.7,97112.5,1.01189075,3.84,0
1783,15/03/2024 21:00,502,pa,5.384615385,10.49039474,10.975,88.025,97352.5,0.7247765,3.12,0
1784,15/03/2024 22:00,337,pa,10,13.38410526,9.925,91.025,97545,0.8120665,3.12,0
1785,15/03/2024 23:00,247,pa,7.657894737,12.283,8.325,95.575,97752.5,0.778324,3.12,0
1786,16/03/2024 00:00,213,so,7.6,10.397718,8.875,93.9,97795,0.679376,3,0
1787,16/03/2024 01:00,127,so,4.58974359,10.09087895,8.9,93.225,97747.5,0.5511755,3.12,0
1788,16/03/2024 02:00,155,so,4.692307692,8.960502,8.025,95.625,97815,0.68375325,3.48,0
1789,16/03/2024 03:00,248,so,4.769230769,8.503784211,8.6,93.325,97790,0.96431875,3.84,0
1790,16/03/2024 04:00,569,so,3.825,7.724588,8.933333333,91.53333333,97746.66667,1.767483333,5.6,0
1791,16/03/2024 05:00,851,so,7.564102564,8.652326842,8.875,91.5,97750,1.3605275,4.44,0
1792,16/03/2024 06:00,1173,so,4.820512821,12.7189035,10.45,86.825,97645,0.69701725,3.6,0
1793,16/03/2024 07:00,1850,so,6.641025641,9.851592105,11.875,83.425,97255,0.82848875,4.32,0
1794,16/03/2024 08:00,2269,so,5.6,5.562829,13.125,81.85,97117.5,2.381005,7.68,0.0875
1795,16/03/2024 09:00,2307,so,5.526315789,8.387803684,13.9,77.85,96897.5,2.992497,9,0
1796,16/03/2024 10:00,2179,so,6.475,12.821791,13.625,83.75,97067.5,3.18125,9.24,0.35
1797,16/03/2024 11:00,2403,so,3.076923077,3.435297368,16,68.15,96590,4.0216375,11.76,0.0875
1798,16/03/2024 12:00,2575,so,1.973684211,2.864382,16.2,62.725,96372.5,4.5483375,15,0
1799,16/03/2024 13:00,2627,so,3.564102564,14.54442158,12.875,82.85,96935,3.104895,10.2,0.2625
1800,16/03/2024 14:00,2411,so,2.475,11.961337,14.475,73.6,96860,1.89115175,7.8,0
1801,16/03/2024 15:00,2510,so,1.358974359,11.33098316,10.66666667,82.06666667,97463.33333,5.346646667,17.44,0.116666667
1802,16/03/2024 16:00,2326,so,1.153846154,10.9020845,10.8,78.975,97662.5,4.78391,11.88,0
1803,16/03/2024 17:00,2067,so,2.512820513,7.097062632,9.95,77.4,97917.5,5.9446975,16.08,0
1804,16/03/2024 18:00,1409,so,3.45,6.0847515,8.825,76.475,98227.5,5.8294825,15,0
1805,16/03/2024 19:00,1153,so,3.487179487,5.214837895,8.15,71.55,98475,7.5859625,20.88,0
1806,16/03/2024 20:00,512,so,4.153846154,7.055266,7.575,70.9,98715,6.09391,18.24,0
1807,16/03/2024 21:00,391,so,4.282051282,10.05126211,6.725,74.15,98935,3.261635,12.48,0
1808,16/03/2024 22:00,300,so,5.394736842,9.595749474,6.425,75.1,99122.5,2.1886675,7.32,0
1809,16/03/2024 23:00,172,so,3.763157895,8.294261053,7.05,71.675,99065,3.7333175,12.6,0
1810,17/03/2024 00:00,126,ne,4.3,8.246413,6.733333333,73.03333333,99056.66667,2.85698,7.84,0
1811,17/03/2024 01:00,123,ne,4.846153846,9.365015789,5.65,77.95,99197.5,1.6587725,5.4,0
1812,17/03/2024 02:00,74,ne,7.925,10.150611,4.9,82.775,99345,1.380405,4.2,0
1813,17/03/2024 03:00,173,ne,4.236842105,9.468497895,6.025,77.125,99217.5,2.0364025,6.6,0
1814,17/03/2024 04:00,450,ne,5.225,11.837413,5.1,80.875,99285,1.245904,5.28,0
1815,17/03/2024 05:00,512,ne,6.743589744,12.81514211,3.3,89.325,99595,0.921071,2.64,0
1816,17/03/2024 06:00,861,ne,7.974358974,11.330557,4.875,83.2,99495,1.760765,5.76,0
1817,17/03/2024 07:00,1144,ne,7.794871795,10.07061579,7.275,75.025,99107.5,1.99145,6,0
1818,17/03/2024 08:00,1492,ne,7.25,5.371272,9,66.25,98697.5,2.7917375,7.92,0
1819,17/03/2024 09:00,1745,ne,7.684210526,3.503764211,10.1,58.26666667,98256.66667,3.27779,9.6,0
1820,17/03/2024 10:00,1828,ne,5.25,3.4405175,10.275,56.575,98070,3.25149,10.08,0
1821,17/03/2024 11:00,1957,ne,4.842105263,4.034744211,11.025,53.875,97910,3.9984575,12.96,0
1822,17/03/2024 12:00,2501,ne,4.825,3.51315,12,49.625,97685,3.2203075,10.68,0
1823,17/03/2024 13:00,2405,ne,4.236842105,4.081176316,13.075,47,97405,3.1261925,8.76,0
1824,17/03/2024 14:00,2308,ne,4.375,5.088501,13.875,43.65,97175,3.6391075,10.32,0
1825,17/03/2024 15:00,2433,ne,3.538461538,6.013489474,12.6,47.45,97572.5,3.8785975,11.76,0
1826,17/03/2024 16:00,2514,ne,4.375,13.426533,10.275,54.625,98007.5,2.5965325,8.88,0
1827,17/03/2024 17:00,1961,ne,7.710526316,20.96992105,8.05,63.025,98540,1.9040025,7.32,0
1828,17/03/2024 18:00,1423,ne,12.725,28.759025,5.825,72.95,98955,1.1775195,5.16,0
1829,17/03/2024 19:00,809,ne,17.25641026,43.85286842,4.275,80.625,99327.5,0.51026275,2.16,0
1830,17/03/2024 20:00,386,ne,13.94871795,24.96752,3.733333333,81.96666667,99440,1.122330667,5.76,0
1831,17/03/2024 21:00,325,ne,17.58974359,24.48926316,2.375,86.95,99620,1.44350525,5.52,0
1832,17/03/2024 22:00,137,ne,13.05128205,24.27301,1.05,89.975,99795,2.0455875,5.4,0
1833,17/03/2024 23:00,122,ne,9.5,18.09863684,0.1,92.25,99972.5,2.20639,5.76,0
1834,18/03/2024 00:00,102,po,10.775,16.54399,-0.375,93.15,100032.5,1.6983824,4.56,0
1835,18/03/2024 01:00,164,po,6.230769231,13.98521053,-0.575,93.65,100060,1.387501275,4.08,0
1836,18/03/2024 02:00,252,po,5.820512821,12.014061,-0.8,94.325,100035,1.31099875,3.84,0
1837,18/03/2024 03:00,595,po,5.564102564,12.10381053,-1.375,96,100150,0.888207,3.24,0
1838,18/03/2024 04:00,1739,po,7.230769231,17.28408421,-2.033333333,96.06666667,100213.3333,0.944793,4.32,0
1839,18/03/2024 05:00,2714,po,9.205128205,23.72544737,-2.125,95.525,100240,2.3954025,6,0
1840,18/03/2024 06:00,2984,po,13.33333333,38.608685,2.125,79.95,99862.5,0.88659425,3.24,0
1841,18/03/2024 07:00,2941,po,14.71794872,33.51013158,5.55,70.475,98810,2.17621175,6.24,0
1842,18/03/2024 08:00,1851,po,11.8,17.5582895,8.275,62.125,98237.5,1.95588,5.76,0
1843,18/03/2024 09:00,1382,po,10,5.441572,10.175,57.45,97822.5,2.517675,7.44,0
1844,18/03/2024 10:00,2324,po,10.61538462,3.650946316,11.625,52.7,97460,3.3768975,8.64,0
1845,18/03/2024 11:00,2521,po,9.6,2.9870555,12.475,47.525,97087.5,2.875375,7.44,0
1846,18/03/2024 12:00,2666,po,6.947368421,2.879997368,13.15,40.925,96737.5,2.604065,7.08,0
1847,18/03/2024 13:00,2806,po,7.225,4.79867,13.975,37.6,96552.5,3.0592875,9.12,0
1848,18/03/2024 14:00,2782,po,7.948717949,9.017753684,12.43333333,42.1,96826.66667,3.08072,9.28,0
1849,18/03/2024 15:00,2756,po,6.625,12.830373,12.375,43.475,97107.5,2.5341175,8.64,0
1850,18/03/2024 16:00,2299,po,5.794871795,13.28523368,10.25,48.65,97527.5,7.521705,16.32,0
1851,18/03/2024 17:00,1731,po,5.974358974,21.32327,7.95,59.15,98085,4.6925075,10.92,0
1852,18/03/2024 18:00,1131,po,4.461538462,16.00925263,6.725,59.575,98457.5,4.7917175,12.96,0
1853,18/03/2024 19:00,646,po,4.3,17.514015,5.525,61.55,98730,3.2310575,9.84,0
1854,18/03/2024 20:00,405,po,6.710526316,18.62962632,3.95,68.4,99045,1.14506525,4.44,0
1855,18/03/2024 21:00,358,po,8.35,18.773435,1.925,76.9,99455,0.72226725,3.24,0
1856,18/03/2024 22:00,136,po,5.333333333,20.67624737,0.075,82.9,99800,1.52665325,4.8,0
1857,18/03/2024 23:00,103,po,7.125,19.859405,-0.866666667,87,100006.6667,2.498073333,6.88,0
1858,19/03/2024 00:00,83,ut,6.342105263,16.54815789,-1.575,88.775,100162.5,2.4027275,6.12,0
1859,19/03/2024 01:00,97,ut,6.875,16.21788,-2.075,90.475,100267.5,2.2059045,5.76,0
1860,19/03/2024 02:00,164,ut,6.615384615,14.52183158,-2.45,91.1,100337.5,2.6046925,6.48,0
1861,19/03/2024 03:00,439,ut,7.538461538,18.280325,-2.8,92.7,100430,1.803993,5.52,0
1862,19/03/2024 04:00,1638,ut,9.256410256,31.44565263,-3.25,93.7,100502.5,2.5134775,7.08,0
1863,19/03/2024 05:00,2631,ut,12.35,42.14716,-3,93.225,100580,0.648604775,2.64,0
1864,19/03/2024 06:00,3026,ut,13.52631579,34.65457895,1.45,76.525,99980,1.83907525,4.32,0
1865,19/03/2024 07:00,2849,ut,17.675,31.777825,5.466666667,64.06666667,99096.66667,1.2467,4,0
1866,19/03/2024 08:00,2706,ut,10.8974359,10.66458,8.175,56.65,98635,1.9275225,6.72,0
1867,19/03/2024 09:00,2628,ut,10.94871795,4.3511275,8.8,54.25,98317.5,2.6097175,7.32,0
1868,19/03/2024 10:00,2319,ut,10.87179487,3.170745789,9.925,51.025,98090,2.4566525,6.96,0
1869,19/03/2024 11:00,2408,ut,11.9,3.157203,11.85,48.275,97760,3.3825925,9.48,0
1870,19/03/2024 12:00,2545,ut,12.87179487,3.383064737,11.75,47.75,97480,3.18137,8.28,0
1871,19/03/2024 13:00,2956,ut,14.07692308,5.41583,12.825,45.675,97117.5,3.028525,8.88,0
1872,19/03/2024 14:00,2950,ut,14.94871795,6.727602632,13.575,43.525,97032.5,2.82397,6.96,0
1873,19/03/2024 15:00,2800,ut,16.75,10.2870275,12.575,45.925,97497.5,2.01792,6.24,0
1874,19/03/2024 16:00,2260,ut,18.46153846,9.950986316,9.95,51.95,98017.5,3.452935,7.8,0
1875,19/03/2024 17:00,1933,ut,16.975,16.22669,8.175,57.15,98492.5,2.396685,7.2,0
1876,19/03/2024 18:00,1254,ut,18.34210526,21.98766842,6.1,67.26666667,98850,1.466656667,3.84,0
1877,19/03/2024 19:00,747,ut,26.9,31.669445,4.75,73.2,99160,1.87910925,4.68,0
1878,19/03/2024 20:00,423,ut,26.53846154,27.8508,3.625,78.85,99380,2.6047725,5.88,0
1879,19/03/2024 21:00,340,ut,25.61538462,23.56214,3.375,80.1,99495,1.77989275,5.28,0
1880,19/03/2024 22:00,153,ut,25.41025641,18.41156316,3.075,81.575,99535,1.7896525,4.44,0
1881,19/03/2024 23:00,127,ut,18.075,18.255315,1.675,86,99717.5,2.1901725,4.68,0
1882,20/03/2024 00:00,95,st,16.21052632,16.65806842,0.475,87.8,99922.5,2.283585,5.4,0
1883,20/03/2024 01:00,86,st,15.425,16.38131,0.15,87.55,100005,2.561495,5.88,0
1884,20/03/2024 02:00,137,st,18.81578947,15.82556316,-0.433333333,92.5,100100,0.927068,3.04,0
1885,20/03/2024 03:00,470,st,17.375,15.81126,-0.775,91.1,100187.5,1.2402,4.56,0
1886,20/03/2024 04:00,1652,st,19.33333333,18.26681053,-1.25,93.85,100280,0.89593025,3.36,0
1887,20/03/2024 05:00,2648,st,22.05128205,35.8041,-1.225,93.575,100375,0.42268475,1.92,0
1888,20/03/2024 06:00,3018,st,26.76923077,42.42971053,2.5,77.025,99860,1.46540625,3.48,0
1889,20/03/2024 07:00,2980,st,24.8,23.894296,7.425,61.05,98852.5,1.045224,3,0
1890,20/03/2024 08:00,2598,st,28.58974359,11.12517947,10.075,53.35,98162.5,1.40245375,4.44,0
1891,20/03/2024 09:00,2473,st,26.97435897,4.7284985,12.325,49.025,97692.5,2.26365,5.88,0
1892,20/03/2024 10:00,2374,st,27.71794872,3.884581579,14.45,45.025,97302.5,1.786765,5.64,0
1893,20/03/2024 11:00,2526,st,27.675,6.6673975,15.7,45.4,96932.5,2.1628,6.72,0
1894,20/03/2024 12:00,2728,st,30.83783784,10.73634895,14.9,48.3,96883.33333,2.847123333,7.36,0
1895,20/03/2024 13:00,2966,st,34.55,22.80063,14.375,51.35,97080,1.8251875,6.24,0
1896,20/03/2024 14:00,2949,st,31.82051282,21.68040526,16.375,47.925,96815,1.2728325,4.56,0
1897,20/03/2024 15:00,2692,st,35.28205128,33.839925,14.65,52.75,97112.5,1.682311,4.44,0
1898,20/03/2024 16:00,2375,st,36.33333333,58.95741053,14.1,55.4,97312.5,0.7320455,2.4,0
1899,20/03/2024 17:00,1875,st,33.9,62.748745,11.15,68.5,97760,1.4290605,4.32,0
1900,20/03/2024 18:00,1136,st,33.97368421,42.22099474,8.675,79.35,98230,1.978575,5.4,0
1901,20/03/2024 19:00,700,st,34.575,33.58554,7.4,83.525,98547.5,1.9130875,5.28,0
1902,20/03/2024 20:00,468,st,34.07692308,26.42075263,6.45,86.1,98752.5,2.3546625,5.64,0
1903,20/03/2024 21:00,353,st,30.125,24.055815,5.05,89.15,98975,2.9173975,6.24,0
1904,20/03/2024 22:00,156,st,32.34210526,19.96372105,4.333333333,91.03333333,99130,1.72725,4.64,0
1905,20/03/2024 23:00,130,st,29.675,23.619755,3.4,93.05,99267.5,2.2244525,5.52,0
1906,21/03/2024 00:00,80,ct,29.94871795,18.55588947,3.15,95.175,99325,0.8691235,3.48,0
1907,21/03/2024 01:00,89,ct,32.41025641,16.307895,2.525,96.675,99377.5,0.6929575,2.4,0
1908,21/03/2024 02:00,156,ct,34.20512821,14.96176842,2.6,96.4,99360,0.221334,1.8,0
1909,21/03/2024 03:00,418,ct,31.925,15.74142,2.525,97.25,99370,0.1722328,1.2,0
1910,21/03/2024 04:00,1702,ct,33.35897436,22.06904737,2,98.45,99455,0.3918485,1.92,0
1911,21/03/2024 05:00,2655,ct,31.75675676,34.67231053,2.95,95.175,99417.5,0.56990925,2.88,0
1912,21/03/2024 06:00,2937,ct,39.56410256,28.77326316,4.533333333,90.53333333,99116.66667,0.263264203,1.44,0
1913,21/03/2024 07:00,2902,ct,45.975,21.343935,9.25,75.2,98515,0.461239765,2.52,0
1914,21/03/2024 08:00,2630,ct,46.02631579,18.3986,11.475,69.275,97812.5,2.02842375,6,0
1915,21/03/2024 09:00,2473,ct,41.15,10.201084,14.3,63.15,97277.5,2.063645,5.88,0
1916,21/03/2024 10:00,2460,ct,31.8974359,7.044774211,15.6,60.65,96865,2.3506075,6.6,0
1917,21/03/2024 11:00,2624,ct,15.63888889,3.4611175,17.45,56.025,96542.5,2.08303,5.76,0
1918,21/03/2024 12:00,2707,ct,16.17948718,8.041051053,16.9,59.025,96492.5,4.8126675,12,0
1919,21/03/2024 13:00,2888,ct,12.97435897,17.291501,15.725,64.8,96897.5,2.50181975,7.8,0
1920,21/03/2024 14:00,2904,ct,12.92307692,25.80564,15.425,68.475,97072.5,2.7598325,9.84,0
1921,21/03/2024 15:00,2644,ct,6.65,9.7627895,15.8,64.475,96992.5,2.41323,7.8,0
1922,21/03/2024 16:00,2223,ct,6.315789474,10.39895421,14.6,66.15,97227.5,3.709715,9.36,0
1923,21/03/2024 17:00,1750,ct,11.85,26.490185,13.23333333,72.3,97576.66667,1.930420333,5.92,0
1924,21/03/2024 18:00,1185,ct,16.1025641,31.13908947,12.175,77.875,97855,2.07117,6.6,0
1925,21/03/2024 19:00,762,ct,13.87179487,20.263985,10.75,80.775,98145,3.15436,12.36,0
1926,21/03/2024 20:00,480,ct,11.33333333,12.95652105,10,78.95,98360,3.65362,12.24,0
1927,21/03/2024 21:00,343,ct,8.05,13.390985,9.75,78.55,98512.5,3.0192975,9.84,0
1928,21/03/2024 22:00,170,ct,8.421052632,9.058822105,9.95,76.075,98432.5,4.5873175,15.36,0
1929,21/03/2024 23:00,136,ct,11.53846154,8.987013,9.725,77.125,98397.5,3.1093525,9.48,0
1930,22/03/2024 00:00,96,pa,14.53846154,9.075755789,9.6,78.65,98387.5,2.3003975,7.8,0
1931,22/03/2024 01:00,84,pa,14.525,11.38435,9.375,80.35,98372.5,2.1950795,6.84,0
1932,22/03/2024 02:00,162,pa,15.42105263,12.86330526,7.825,85.95,98510,0.928550125,3.48,0
1933,22/03/2024 03:00,440,pa,14.1,15.0379,6.966666667,88.36666667,98636.66667,1.964453333,5.28,0
1934,22/03/2024 04:00,1609,pa,10.075,11.283082,7.125,87.95,98665,1.93929,5.4,0
1935,22/03/2024 05:00,2532,pa,8.5,10.57846947,7.45,85.775,98627.5,3.2670975,7.2,0
1936,22/03/2024 06:00,2719,pa,9.075,12.371461,8.175,82.725,98442.5,2.6496925,7.56,0
1937,22/03/2024 07:00,2736,pa,8.153846154,6.547392632,10.2,76.075,98042.5,3.4517175,9.72,0
1938,22/03/2024 08:00,2811,pa,9.15,4.825311,11.625,72.35,97630,3.9573175,10.44,0
1939,22/03/2024 09:00,2519,pa,7.473684211,3.887190526,13.5,65.075,97305,3.8642325,10.32,0
1940,22/03/2024 10:00,2601,pa,8.875,3.438747,15.05,57.75,96922.5,4.3334975,10.2,0
1941,22/03/2024 11:00,2704,pa,6.090909091,2.530744444,16.9,51.25,96365,5.340705,12.6,0
1942,22/03/2024 12:00,2914,pa,7.85,2.795579,17.7,48.525,96117.5,5.9501425,13.68,0
1943,22/03/2024 13:00,2977,pa,8.205128205,2.945073684,18.9,44.6,95973.33333,5.366146667,12.64,0
1944,22/03/2024 14:00,2988,pa,10.35897436,4.944136,17.475,50.875,96037.5,6.07317,15.12,0
1945,22/03/2024 15:00,2939,pa,7.897435897,13.50327368,16.15,59.475,96290,5.008835,13.92,0
1946,22/03/2024 16:00,2504,pa,16.5,16.346525,16.05,61.15,96392.5,3.3370675,9.24,0
1947,22/03/2024 17:00,1956,pa,14.71052632,16.86591579,15.275,65.55,96497.5,2.67886,7.92,0
1948,22/03/2024 18:00,1335,pa,12.25,18.47709,14.45,70.225,96627.5,1.75968,5.64,0
1949,22/03/2024 19:00,930,pa,9.794871795,17.18106842,13.725,73.675,96705,1.3922975,4.2,0
1950,22/03/2024 20:00,593,pa,9.846153846,19.068515,13.225,75.825,96747.5,2.112565,6,0
1951,22/03/2024 21:00,494,pa,13.20512821,17.07873158,12.775,77.5,96772.5,1.4661925,5.16,0
1952,22/03/2024 22:00,355,pa,21.43589744,17.50339474,12.2,80.25,96827.5,1.1655665,3.12,0
1953,22/03/2024 23:00,267,pa,13.05128205,18.54612105,11.675,83.55,96840,0.43217575,2.28,0
1954,23/03/2024 00:00,129,so,14.41025641,13.815065,11.56666667,84.36666667,96803.33333,0.723551,2.72,0
1955,23/03/2024 01:00,125,so,23.02564103,19.68995263,10.1,88.1,96930,1.00800575,3.84,0
1956,23/03/2024 02:00,160,so,17.5,21.506665,8.125,93.375,97147.5,0.47751175,3.36,0
1957,23/03/2024 03:00,300,so,16.55263158,20.56812105,6.75,96.175,97357.5,0.57072625,3.48,0
1958,23/03/2024 04:00,585,so,19.875,22.586985,6.1,97.5,97462.5,0.60859975,3,0
1959,23/03/2024 05:00,881,so,21.92307692,23.80189474,6.2,97.025,97377.5,0.6361515,2.64,0
1960,23/03/2024 06:00,1361,so,26.1,27.738915,7.425,95.05,97047.5,1.14286125,3.84,0
1961,23/03/2024 07:00,1669,so,25.52631579,31.67759474,8.825,93.65,96795,2.3971675,7.32,0.0875
1962,23/03/2024 08:00,2008,so,22.925,25.517685,11.65,87.35,96245,1.7633,4.92,0
1963,23/03/2024 09:00,2103,so,10.87179487,4.736367368,12.16666667,81.1,96053.33333,3.34341,10.56,0
1964,23/03/2024 10:00,2101,so,6.307692308,4.1964645,11.55,78.35,96137.5,7.1052575,21.84,0
1965,23/03/2024 11:00,2062,so,0.743589744,2.969466316,9.575,70.15,96470,9.0275125,23.28,0
1966,23/03/2024 12:00,2570,so,0.85,3.3826915,9.6,66.35,96632.5,8.384615,20.76,0
1967,23/03/2024 13:00,2369,so,1.256410256,6.836286316,8.025,73.55,96932.5,6.80612,18,0
1968,23/03/2024 14:00,2065,so,2.051282051,5.1274755,8.825,66.225,96932.5,4.303115,12.6,0
1969,23/03/2024 15:00,2213,so,3.717948718,4.297472105,9.375,61.15,96892.5,3.6080825,11.28,0
1970,23/03/2024 16:00,2174,so,5.225,5.0232915,9.15,61.075,96962.5,3.6427925,10.56,0
1971,23/03/2024 17:00,1874,so,5.358974359,7.801598947,8.3,63.275,97127.5,2.9216025,11.76,0
1972,23/03/2024 18:00,1334,so,7.051282051,19.983105,6.25,76.775,97505,1.3333325,4.56,0
1973,23/03/2024 19:00,822,so,10.71794872,20.92597895,4.866666667,81.46666667,97780,1.497176333,4.32,0
1974,23/03/2024 20:00,597,so,9.425,20.17043,4.525,85.175,97845,2.10396,5.52,0
1975,23/03/2024 21:00,364,so,7.263157895,16.61526316,3.75,91.4,98022.5,1.00415825,3.72,0
1976,23/03/2024 22:00,247,so,4.794871795,14.28396842,2.825,91.525,98197.5,1.3602985,4.32,0
1977,23/03/2024 23:00,204,so,3.769230769,12.40334737,2.825,88.675,98192.5,1.66077925,5.76,0
1978,24/03/2024 00:00,149,ne,6.075,11.58715,3.425,87.125,98047.5,1.178849,4.2,0
1979,24/03/2024 01:00,104,ne,3.236842105,10.67312632,3.225,88.6,97965,1.695495,4.56,0
1980,24/03/2024 02:00,99,ne,4.65,11.404071,2.975,89.925,97972.5,2.40341,7.92,0
1981,24/03/2024 03:00,158,ne,3.256410256,10.44390211,2.2,90.85,98080,1.9941025,6,0
1982,24/03/2024 04:00,392,ne,3.692307692,11.985123,1.733333333,92.3,98123.33333,1.352078667,4.32,0
1983,24/03/2024 05:00,565,ne,4.794871795,9.382693158,1.475,93.5,98227.5,0.9311235,3.72,0
1984,24/03/2024 06:00,935,ne,4.025641026,8.116329,5.225,77.325,97582.5,2.90984,7.08,0
1985,24/03/2024 07:00,1135,ne,4.051282051,6.036053158,6.45,73.05,97172.5,4.2133425,10.68,0
1986,24/03/2024 08:00,1530,ne,3.575,4.8457215,8.45,64.375,96767.5,5.601925,14.28,0
1987,24/03/2024 09:00,1600,ne,2.315789474,4.535482105,8.375,59.775,96637.5,6.069615,17.04,0
1988,24/03/2024 10:00,1687,ne,2.075,4.7351775,9.025,60.425,96447.5,6.866455,17.28,0
1989,24/03/2024 11:00,1911,ne,1.923076923,10.32129684,6.675,76.3,96845,6.4237725,17.16,0
1990,24/03/2024 12:00,2267,ne,2.794871795,10.6528675,7.8,71.95,96750,6.18421,16.44,0
1991,24/03/2024 13:00,2341,ne,2.051282051,10.9445,7.733333333,73.53333333,96760,5.598306667,15.68,0
1992,24/03/2024 14:00,2082,ne,2.7,7.5534135,8.375,69.95,96615,4.4050775,12.36,0
1993,24/03/2024 15:00,2502,ne,3.263157895,6.773773158,8.975,65.925,96487.5,3.832845,11.76,0
1994,24/03/2024 16:00,2106,ne,3.4,8.756045,8.25,70.65,96505,5.0812675,12.72,0
1995,24/03/2024 17:00,1687,ne,10.94871795,12.01619684,7.125,75.925,96737.5,4.7807625,12.72,0
1996,24/03/2024 18:00,1298,ne,3.564102564,11.79156,6.225,78.75,96977.5,4.72303,11.16,0
1997,24/03/2024 19:00,702,ne,3.358974359,11.48563263,6.15,78.2,97015,3.9799,11.28,0
1998,24/03/2024 20:00,688,ne,2.55,13.0419,5.625,82.65,97047.5,5.3118775,14.64,0
1999,24/03/2024 21:00,258,ne,4.615384615,15.78457368,5.225,87.175,97112.5,4.5078925,11.4,0.0875
2000,24/03/2024 22:00,155,ne,2.256410256,13.901585,5.333333333,87.4,97086.66667,5.765586667,14.24,0
2001,24/03/2024 23:00,149,ne,1.897435897,11.23427579,5.25,86.275,97092.5,4.382145,11.04,0
2002,25/03/2024 00:00,104,po,1.425,7.7980295,6.25,77.875,97032.5,5.0561,15.96,0
2003,25/03/2024 01:00,146,po,1.842105263,13.45676421,5.55,86.5,97102.5,4.8557575,13.2,0.35
2004,25/03/2024 02:00,205,po,1.45,11.965082,5.275,88.15,97212.5,3.82504,12.12,0.175
2005,25/03/2024 03:00,540,po,2.051282051,7.998730526,6.233333333,79.1,97160,4.288023333,16.8,0
2006,25/03/2024 04:00,1811,po,1.487179487,7.1600715,6.175,78.325,97160,4.5855925,15.24,0
2007,25/03/2024 05:00,2796,po,1.205128205,9.66248,5.625,81.775,97295,4.752875,12.96,0.0875
2008,25/03/2024 06:00,3057,po,1.35,9.8666335,6.125,78.9,97345,5.1481675,15.48,0
2009,25/03/2024 07:00,2821,po,1.564102564,22.06915263,6.125,84.25,97407.5,3.23858,9.96,0.0875
2010,25/03/2024 08:00,2746,po,1.564102564,9.3024415,7.5,73.86666667,97086.66667,4.44485,14.72,0
2011,25/03/2024 09:00,2586,po,2.128205128,6.828936842,7.6,71.475,97097.5,3.9062075,13.44,0
2012,25/03/2024 10:00,2481,po,1.75,7.0068535,7.825,69.725,97080,4.4525925,12.84,0
2013,25/03/2024 11:00,2499,po,2.564102564,7.865074211,7.775,72.25,97095,2.9109375,9.36,0
2014,25/03/2024 12:00,2703,po,2.384615385,6.73761,9.075,66.775,96850,3.0125575,9.36,0
2015,25/03/2024 13:00,2818,po,2.307692308,4.772601579,10.35,57.825,96567.5,3.8064,11.76,0
2016,25/03/2024 14:00,2919,po,2.15,4.090868,11.3,53.85,96352.5,2.69256,8.04,0
2017,25/03/2024 15:00,2634,po,4.076923077,5.588868947,10.35,56.8,96387.5,1.469097,5.04,0
2018,25/03/2024 16:00,2386,po,2.692307692,8.860772,9.725,59.775,96587.5,2.21463,6.24,0
2019,25/03/2024 17:00,1734,po,6.923076923,21.68717895,7.533333333,70.3,96983.33333,2.241583333,6.56,0
2020,25/03/2024 18:00,1095,po,9.275,20.64088,4.55,83.15,97517.5,2.121515,5.16,0
2021,25/03/2024 19:00,658,po,11.71794872,42.209985,3.875,86.275,97767.5,0.6169445,2.76,0
2022,25/03/2024 20:00,459,po,14.41025641,30.67171053,2.575,90.125,97975,0.96857125,4.32,0
2023,25/03/2024 21:00,324,po,18.95,25.521985,1.675,93.65,98195,0.849471,4.2,0
2024,25/03/2024 22:00,149,po,26.73684211,23.03364737,0.825,96.525,98315,0.800327,3.36,0
2025,25/03/2024 23:00,103,po,31.25,24.291655,0.25,97.85,98422.5,0.5371185,3.48,0
2026,26/03/2024 00:00,80,ut,14.6,25.7873,-0.3,98.5,98470,0.859302333,3.04,0
2027,26/03/2024 01:00,76,ut,20.91891892,23.63520526,-0.625,98.55,98500,0.79712725,3.24,0
2028,26/03/2024 02:00,139,ut,16.48717949,19.71995263,-1.2,99.16666667,98566.66667,0.480193333,2.72,0
2029,26/03/2024 03:00,441,ut,18.55,22.09459,-1.275,99.55,98567.5,0.2570475,1.56,0
2030,26/03/2024 04:00,1671,ut,23.32432432,34.74163333,-1.475,99.9,98562.5,0.39439675,2.76,0
2031,26/03/2024 05:00,2665,ut,20.825,29.34722,0.15,96.125,98447.5,0.52741425,2.52,0
2032,26/03/2024 06:00,2976,ut,19.8974359,23.64876895,5.3,77.55,97617.5,0.81637375,3.6,0
2033,26/03/2024 07:00,3125,ut,6.6,8.1695565,9.075,63.575,96525,3.41916575,10.56,0
2034,26/03/2024 08:00,2583,ut,6.052631579,7.496788947,9.275,61.9,96157.5,5.8858775,14.64,0
2035,26/03/2024 09:00,2606,ut,5.675,3.5269895,11.575,56.15,95847.5,4.5162425,12.96,0
2036,26/03/2024 10:00,2406,ut,5.897435897,3.356514737,12.075,54.85,95547.5,6.494645,16.2,0
2037,26/03/2024 11:00,2504,ut,6.375,3.400927,12.7,54.1,95386.66667,7.844526667,18.88,0
2038,26/03/2024 12:00,2625,ut,5.641025641,3.332966842,14.325,48.95,95025,7.0540025,18.24,0
2039,26/03/2024 13:00,2972,ut,7.025641026,3.3756825,14.325,46.85,94930,7.65816,18.36,0
2040,26/03/2024 14:00,2938,ut,5.842105263,3.748604211,14.575,45.575,94855,7.6814375,17.04,0
2041,26/03/2024 15:00,2855,ut,5.675,4.0657465,14.65,45.05,94882.5,7.0388225,16.2,0
2042,26/03/2024 16:00,2219,ut,8,6.480138421,13.775,46.85,94987.5,4.390034,10.92,0
2043,26/03/2024 17:00,1857,ut,14.15,25.502119,11.125,57.2,95400,0.42891025,2.52,0
2044,26/03/2024 18:00,1110,ut,10.25641026,40.79106842,7.65,70.125,95900,1.91252,5.52,0
2045,26/03/2024 19:00,757,ut,18.35897436,55.518055,8.025,68.975,96042.5,0.895221,4.2,0
2046,26/03/2024 20:00,547,ut,13.48717949,9.820985789,8.875,62.575,95862.5,1.17917375,4.2,0
2047,26/03/2024 21:00,341,ut,12.07692308,11.112116,8.466666667,61.3,95910,1.376101667,4.8,0
2048,26/03/2024 22:00,178,ut,9.710526316,9.803317895,6.925,67.025,96015,1.9996475,5.88,0
2049,26/03/2024 23:00,128,ut,11.25,10.744591,5.35,73.6,96275,1.4213675,4.56,0
2050,27/03/2024 00:00,124,st,8.282051282,12.81594211,4.85,75.9,96382.5,1.3312835,4.56,0
2051,27/03/2024 01:00,85,st,8.825,15.016505,4.075,80.25,96490,1.06498475,4.2,0
2052,27/03/2024 02:00,191,st,10.60526316,18.68907895,3.45,83.5,96622.5,0.410442,2.4,0
2053,27/03/2024 03:00,449,st,12.725,22.2246,3.5,83.925,96617.5,0.857308,4.32,0
2054,27/03/2024 04:00,1663,st,11.41025641,31.77335789,5.225,75.975,96457.5,1.7268175,7.44,0
2055,27/03/2024 05:00,2652,st,5.461538462,17.5626355,8.95,61.8,95840,3.8625025,14.28,0
2056,27/03/2024 06:00,3117,st,5.58974359,9.241413684,10.36666667,57.73333333,95310,4.71778,13.6,0
2057,27/03/2024 07:00,2946,st,5,6.823629,11.6,55.05,95002.5,4.0974225,13.08,0
2058,27/03/2024 08:00,2727,st,5.179487179,9.185445263,13.425,52.05,94637.5,3.361445,10.68,0
2059,27/03/2024 09:00,2620,st,5.256410256,3.844878,14.775,50.125,94295,5.9141075,16.2,0
2060,27/03/2024 10:00,2643,st,5.358974359,3.993435263,16.025,49.575,94077.5,6.1270225,17.88,0
2061,27/03/2024 11:00,2731,st,6.333333333,4.5356745,16.4,51.65,93840,7.488735,19.92,0
2062,27/03/2024 12:00,2803,st,6.060606061,3.868715789,18.575,49.1,93427.5,6.43658,16.32,0
2063,27/03/2024 13:00,3054,st,5.875,4.606187,19.85,48.85,93230,5.21639,15.72,0
2064,27/03/2024 14:00,3020,st,4.842105263,3.666165789,20.525,48.35,92852.5,7.8166225,18.72,0
2065,27/03/2024 15:00,2844,st,5.351351351,7.838829,19.225,53.475,93257.5,5.3620475,13.68,0
2066,27/03/2024 16:00,2573,st,11.26315789,18.13944211,17.475,62.3,93590,4.2098875,14.16,0
2067,27/03/2024 17:00,2024,st,8.275,23.487485,16.5,65.86666667,93850,3.572696667,15.36,0
2068,27/03/2024 18:00,1235,st,10.58974359,24.17500526,15.45,69.55,94062.5,3.648015,12.84,0
2069,27/03/2024 19:00,870,st,11.87179487,24.51138,14.575,73.175,94262.5,3.661065,12.84,0
2070,27/03/2024 20:00,468,st,14.38461538,24.26093158,13.275,78.4,94430,1.567315,5.52,0
2071,27/03/2024 21:00,343,st,12.1,24.335265,13.275,78.525,94462.5,3.4845425,12.36,0
2072,27/03/2024 22:00,166,st,10.02631579,19.69295789,13.975,77.1,94342.5,6.0659725,20.04,0
2073,27/03/2024 23:00,80,st,10.3,12.43451,13.1,80.375,94282.5,2.73504,10.44,0
2074,28/03/2024 00:00,96,ct,11.10526316,10.85033526,12.85,80.5,94347.5,2.43210875,7.08,0
2075,28/03/2024 01:00,98,ct,10.5,9.067058,12.175,80.275,94347.5,6.96969,17.04,0
2076,28/03/2024 02:00,134,ct,6.473684211,13.27413368,9.75,87.325,94780,7.3521225,18.6,0.0875
2077,28/03/2024 03:00,431,ct,0.846153846,9.239273684,8.533333333,86.03333333,95090,6.007636667,17.28,0.116666667
2078,28/03/2024 04:00,1522,ct,0.41025641,8.097623158,8.15,83.325,95200,4.2305925,11.88,0
2079,28/03/2024 05:00,2468,ct,1,8.378508,7.725,81.85,95425,3.68988,9.72,0
2080,28/03/2024 06:00,2784,ct,1.102564103,7.673923684,7.775,80.6,95527.5,4.720735,13.32,0
2081,28/03/2024 07:00,2831,ct,1.55,5.821056,9.275,74.05,95367.5,4.9849325,12.84,0
2082,28/03/2024 08:00,2844,ct,1.487179487,3.912296842,11.275,64.625,95047.5,6.7254525,14.88,0
2083,28/03/2024 09:00,2909,ct,1.512820513,2.762723,13.525,55.95,94692.5,7.4230125,19.32,0
2084,28/03/2024 10:00,2625,ct,1.641025641,2.297001053,14.5,51.25,94527.5,9.0639975,20.76,0
2085,28/03/2024 11:00,2813,ct,1.282051282,2.4550585,15.825,45.875,94307.5,8.3160575,19.32,0
2086,28/03/2024 12:00,2973,ct,1.435897436,3.249994211,15.1,46.8,94362.5,6.01523,15.48,0
2087,28/03/2024 13:00,2830,ct,2.3,7.7068185,13.325,53.95,94817.5,7.5902825,22.68,0
2088,28/03/2024 14:00,3054,ct,2.157894737,13.4675,12.66666667,59.26666667,95053.33333,6.3732,17.12,0
2089,28/03/2024 15:00,3121,ct,2.625,16.38996,11.8,62.05,95302.5,6.1426925,18.6,0
2090,28/03/2024 16:00,2709,ct,4.736842105,14.74181579,11.5,62.6,95492.5,3.6322075,11.64,0
2091,28/03/2024 17:00,1850,ct,4.95,19.65689,10.75,66.35,95707.5,3.21112,9.48,0
2092,28/03/2024 18:00,1409,ct,4.897435897,21.69546842,9.3,73.3,96027.5,1.24816875,3.84,0
2093,28/03/2024 19:00,924,ct,4.9,19.180395,7.775,78.075,96422.5,2.259155,6.12,0
2094,28/03/2024 20:00,602,ct,3.684210526,20.20053158,7.125,81.65,96670,3.1422775,8.4,0
2095,28/03/2024 21:00,417,ct,3.125,16.615655,6.9,83.45,96827.5,3.1361175,8.04,0
2096,28/03/2024 22:00,245,ct,3.131578947,15.05119474,6.6,84.76666667,96966.66667,2.514883333,7.2,0
2097,28/03/2024 23:00,172,ct,3.153846154,15.049055,6,86.76666667,97196.66667,2.606463333,7.52,0
2098,29/03/2024 00:00,99,pa,4.076923077,17.68996316,5.3,88.775,97347.5,0.83210925,3.36,0
2099,29/03/2024 01:00,77,pa,6.25,15.44139,3.875,93.675,97632.5,0.987273,4.08,0
2100,29/03/2024 02:00,118,pa,8.076923077,14.21395789,2.65,96.625,97810,0.9526835,3.6,0
2101,29/03/2024 03:00,222,pa,5.871794872,15.472775,1.4,97.075,98040,1.06482225,4.08,0
2102,29/03/2024 04:00,596,pa,6.666666667,21.90333158,1.325,96.75,98067.5,1.0234785,3.96,0
2103,29/03/2024 05:00,780,pa,6.6,17.586565,2.375,94.15,97942.5,1.6209295,6.12,0
2104,29/03/2024 06:00,1027,pa,12.60526316,19.38682632,4.65,89,97700,0.34947575,2.28,0
2105,29/03/2024 07:00,1405,pa,9.5,14.312772,7.05,82.125,97062.5,1.9360725,5.16,0
2106,29/03/2024 08:00,1949,pa,7.256410256,10.25919316,8,79.26666667,96910,1.544493333,6.08,0
2107,29/03/2024 09:00,2107,pa,7.897435897,6.604452,11.4,65.8,96382.5,2.3718675,7.32,0
2108,29/03/2024 10:00,2134,pa,6.384615385,3.834793684,13.225,60,95705,3.07538,8.52,0
2109,29/03/2024 11:00,2038,pa,7.15,4.856499,12.975,60.65,95715,2.2316975,6.24,0
2110,29/03/2024 12:00,2119,pa,8.35,8.7222935,13.5,59.225,95705,1.9668595,5.88,0
2111,29/03/2024 13:00,2126,pa,7.631578947,7.855318421,16.7,52.625,95147.5,1.364575,4.44,0
2112,29/03/2024 14:00,2189,pa,6.525,3.4120245,19.125,45.55,94547.5,2.6248,7.44,0
2113,29/03/2024 15:00,2010,pa,6.820512821,9.351657368,17.475,49.5,94835,3.38561775,8.4,0
2114,29/03/2024 16:00,2022,pa,9.333333333,24.0211,16.225,54.675,95170,0.84881875,3.6,0
2115,29/03/2024 17:00,1764,pa,13.97368421,28.50466842,13.225,67.15,95627.5,1.27431175,4.68,0
2116,29/03/2024 18:00,1096,pa,17.5,33.66875,10.76666667,75.4,96090,2.502293333,5.92,0
2117,29/03/2024 19:00,745,pa,22.94871795,48.61647368,10.175,77.65,96307.5,0.5093225,3.24,0
2118,29/03/2024 20:00,515,pa,26.33333333,40.68198,9.425,80.95,96467.5,0.29862775,1.92,0
2119,29/03/2024 21:00,338,pa,45.61538462,52.00970526,9.175,82.8,96545,0.50421025,3.12,0
2120,29/03/2024 22:00,237,pa,34.28947368,39.80252632,8.85,85.375,96607.5,1.119531,3.72,0
2121,29/03/2024 23:00,183,pa,23.13157895,32.28852632,7.975,88.85,96757.5,1.9238275,5.88,0
2122,30/03/2024 00:00,106,so,23.4,28.365315,7.75,90.875,96837.5,1.0470535,3.72,0
2123,30/03/2024 01:00,88,so,17.79487179,23.15116842,7.525,92.275,96852.5,1.019176,3.72,0
2124,30/03/2024 02:00,114,so,14.925,18.67103,7.7,92.975,96845,0.8199045,3.12,0
2125,30/03/2024 03:00,266,so,16.65789474,19.25958947,7.075,95.65,96957.5,0.65425775,3.12,0
2126,30/03/2024 04:00,578,so,14.2,24.85682,6.533333333,97.06666667,97046.66667,1.123220333,3.84,0
2127,30/03/2024 05:00,661,so,12.97435897,20.08864211,6.65,96.35,97062.5,0.91111125,3.24,0
2128,30/03/2024 06:00,999,so,15.43589744,18.983485,7.95,92.9,96910,0.67305275,2.64,0
2129,30/03/2024 07:00,1642,so,16.33333333,16.51604211,12.15,79.85,96407.5,0.85281925,3.12,0
2130,30/03/2024 08:00,2175,so,12.65,5.6385315,17.425,63.4,95457.5,1.8312225,5.4,0
2131,30/03/2024 09:00,2483,so,18.82051282,2.620690526,18.45,60.5,94920,2.355235,7.44,0
2132,30/03/2024 10:00,2263,so,38.38461538,2.338452,20.975,53.125,94455,2.6306825,7.8,0
2133,30/03/2024 11:00,2210,so,64.97435897,2.261497895,21.45,50.725,94270,2.01052,5.88,0
2134,30/03/2024 12:00,2460,so,87.25,2.0160425,22.675,46.075,93825,2.7339325,7.08,0
2135,30/03/2024 13:00,2294,so,98.89473684,2.270201053,24.025,41.325,93455,3.3219,10.32,0
2136,30/03/2024 14:00,2116,so,91.82051282,2.6787495,23.125,42.5,93502.5,4.9276575,12.84,0
2137,30/03/2024 15:00,2296,so,82.8974359,4.040918947,22.86666667,44.16666667,93766.66667,4.72765,12.64,0
2138,30/03/2024 16:00,2452,so,79.125,26.441907,21.575,47.925,94072.5,2.11934425,7.56,0
2139,30/03/2024 17:00,1971,so,72.15789474,32.67659421,18.875,55.575,94552.5,1.02354875,3.72,0
2140,30/03/2024 18:00,1467,so,68.875,37.558045,15.55,65.85,95070,1.4102195,7.32,0
2141,30/03/2024 19:00,817,so,52.35897436,22.37274,16.6,58.325,95255,2.9484775,10.44,0
2142,30/03/2024 20:00,483,so,47.05128205,9.4439385,16.1,59.55,95185,2.06663,6.84,0
2143,30/03/2024 21:00,392,so,53.41025641,29.47494211,13.5,70.175,95517.5,0.8486535,2.88,0
2144,30/03/2024 22:00,264,so,45.55263158,32.21032105,12.25,76.35,95780,1.296304,4.68,0
2145,30/03/2024 23:00,171,so,44.05263158,32.07004211,10.85,82.025,96017.5,1.15778175,3.84,0
2146,31/03/2024 00:00,126,ne,46.15,25.447315,9.275,85.45,96250,2.0141075,5.16,0
2147,31/03/2024 01:00,79,ne,42,21.06498947,8.25,86.825,96375,1.81592925,4.8,0
2148,31/03/2024 02:00,159,ne,,,,,,,,
2149,31/03/2024 03:00,371,ne,45.80769231,19.34254103,8.485714286,85.77142857,96492.85714,1.102733286,3.84,0
2150,31/03/2024 04:00,331,ne,45.525,28.19396,7.925,89.675,96515,0.91373475,3.24,0
2151,31/03/2024 05:00,464,ne,40.20512821,26.80126842,7.875,89.575,96522.5,1.329398,4.08,0
2152,31/03/2024 06:00,751,ne,48.02564103,17.0817,11.275,78.525,96140,0.38323225,2.4,0
2153,31/03/2024 07:00,1188,ne,54.97435897,9.012429474,14.975,66.1,95490,1.635542,4.56,0
2154,31/03/2024 08:00,1608,ne,56.675,3.2074695,19.95,49.325,94692.5,1.53006,4.92,0
2155,31/03/2024 09:00,1801,ne,62.53846154,2.081427895,20.625,45.35,94222.5,2.3330925,7.32,0
2156,31/03/2024 10:00,1806,ne,60.15384615,2.8485145,21.325,45.65,94085,1.949915,6.12,0
2157,31/03/2024 11:00,2175,ne,61.07692308,3.313905263,22.7,44.1,93805,1.7026625,5.64,0
2158,31/03/2024 12:00,2025,ne,68.025,2.218641,23.23333333,41.56666667,93716.66667,3.22871,8.96,0
2159,31/03/2024 13:00,2014,ne,77.47368421,2.559544211,22.45,39.6,93630,3.1108975,8.64,0
2160,31/03/2024 14:00,2135,ne,70.59459459,3.672031579,23.13333333,41.03333333,93715,2.227368333,6.88,0
2161,31/03/2024 15:00,2231,ne,71.66666667,7.572786316,22,45.65714286,93891.42857,1.978567143,7.062857143,0
2162,31/03/2024 16:00,1868,ne,74.825,7.187367,21.775,44.25,93910,2.8454775,8.76,0
2163,31/03/2024 17:00,1419,ne,70.05128205,41.19243684,18.525,55.625,94420,0.984673,3.24,0
2164,31/03/2024 18:00,930,ne,72.74358974,61.56287,14.3,70.05,95130,1.680221,4.92,0
2165,31/03/2024 19:00,507,ne,61.79487179,52.75444211,11.5,79.15,95647.5,2.3184125,6.96,0
2166,31/03/2024 20:00,363,ne,63.775,37.743625,10.4,83.325,95915,1.591262,6.24,0
2167,31/03/2024 21:00,201,ne,59.81578947,38.163,10.05714286,85.1,96005.71429,1.939938571,6.72,0
2168,31/03/2024 22:00,128,ne,55.35,25.723445,9.275,88.275,96160,1.91826375,5.76,0
2169,31/03/2024 23:00,75,ne,58.26315789,23.64570556,8.2,90.63333333,96296.66667,2.28585,6.56,0
2170,01/04/2024 00:00,48,po,48.02564103,20.1368,7.2,91.95,96400,1.00829725,4.2,0
2171,01/04/2024 01:00,59,po,49.84615385,20.08396842,7,92.425,96472.5,1.96135025,6.48,0
2172,01/04/2024 02:00,117,po,56.525,20.461975,7.325,93.05,96395,0.47268775,2.4,0
2173,01/04/2024 03:00,294,po,58.71794872,25.8597,7.775,93.175,96215,0.75573045,3.24,0
2174,01/04/2024 04:00,319,po,58.25641026,23.21954,8,93.225,96150,0.55401975,2.88,0
2175,01/04/2024 05:00,350,po,50.56410256,17.53528947,8.1,93.475,96150,1.096211,3.96,0
2176,01/04/2024 06:00,590,po,39.95,10.566107,10.35,84.675,95855,1.655304,6.84,0
2177,01/04/2024 07:00,1038,po,23.28947368,4.845205263,13.625,69.525,95272.5,3.3778275,11.64,0
2178,01/04/2024 08:00,1290,po,19.125,3.7594215,15.175,65.85,94807.5,3.0234975,9.96,0
2179,01/04/2024 09:00,1567,po,17.05714286,2.835594737,17.7,57.33333333,94256.66667,3.926223333,10.72,0
2180,01/04/2024 10:00,1438,po,17.025,4.3192455,17.25,60.425,94262.5,3.39084,9.96,0
2181,01/04/2024 11:00,1781,po,15.97435897,3.664630526,18.075,60.05,94255,6.08772,14.16,0
2182,01/04/2024 12:00,1865,po,13.56410256,3.277672,18.725,55.35,94177.5,8.2678325,21.72,0
2183,01/04/2024 13:00,2009,po,11.25641026,3.866575263,17.65,57.55,94382.5,7.1226475,19.8,0
2184,01/04/2024 14:00,2000,po,3.7,7.201314,16.75,61.475,94622.5,6.5512025,16.2,0
2185,01/04/2024 15:00,1911,po,2.692307692,14.53861579,15.45,67.475,95022.5,5.5957575,15.12,0
2186,01/04/2024 16:00,1491,po,2,7.2395915,15.1,63.775,95177.5,4.8119,13.44,0
2187,01/04/2024 17:00,1043,po,1.692307692,8.927865263,13.9,67.175,95392.5,4.2865625,10.8,0
2188,01/04/2024 18:00,662,po,2.15,11.55283,12.8,70.775,95687.5,4.0964525,11.76,0
2189,01/04/2024 19:00,375,po,2.236842105,14.51315895,12.13333333,74.1,95863.33333,3.950016667,10.24,0
2190,01/04/2024 20:00,259,po,1.175,8.045858,11.9,70.025,95975,3.52664,11.88,0
2191,01/04/2024 21:00,161,po,0.894736842,8.622472105,11.15,71.475,96120,4.31701,13.92,0
2192,01/04/2024 22:00,120,po,1.175,5.4031025,10.825,66.45,96250,4.2035575,15,0
2193,01/04/2024 23:00,117,po,0.868421053,6.314042105,10.425,67.025,96375,3.988415,12.96,0
2194,02/04/2024 00:00,115,ut,9.475,9.903199,8.975,74.325,96630,1.782725,4.92,0
2195,02/04/2024 01:00,240,ut,1.358974359,13.98697895,7.6,82.125,96925,2.128355,6.36,0
2196,02/04/2024 02:00,532,ut,1.333333333,16.50156,7.075,86.35,97060,1.6087575,5.04,0
2197,02/04/2024 03:00,1763,ut,1.4,16.756685,7.8,86.05,97057.5,2.5438375,6.84,0
2198,02/04/2024 04:00,2748,ut,1.871794872,18.53931053,8.425,85.9,97015,3.46686,8.52,0
2199,02/04/2024 05:00,2918,ut,1.717948718,12.331008,9.533333333,81.83333333,96920,3.674026667,8.32,0
2200,02/04/2024 06:00,2892,ut,1.564102564,4.961557368,12.65,69.425,96260,4.4498175,10.68,0
2201,02/04/2024 07:00,2652,ut,1.65,4.258593,14.85,60.2,95775,5.2822825,15,0
2202,02/04/2024 08:00,2574,ut,2.828571429,3.054056316,15.625,51.95,95610,5.7980025,17.28,0
2203,02/04/2024 09:00,2416,ut,2.025,2.900296,15.75,50.125,95657.5,7.497785,22.2,0
2204,02/04/2024 10:00,2487,ut,2.026315789,2.494467895,16.775,44.375,95545,7.7770675,20.64,0
2205,02/04/2024 11:00,2649,ut,1.9,3.95624,15.35,49.75,95677.5,6.6462725,17.64,0
2206,02/04/2024 12:00,2522,ut,1.307692308,5.958680526,15.05,51.35,95860,6.23555,20.64,0
2207,02/04/2024 13:00,2719,ut,2.102564103,9.183457,15.375,51.1,95917.5,5.5159625,17.04,0
2208,02/04/2024 14:00,2664,ut,2.846153846,4.970117895,16.375,48.1,95687.5,6.92481,19.2,0
2209,02/04/2024 15:00,2336,ut,3.125,4.424945,15.8,49.825,95725,5.357115,15.96,0
2210,02/04/2024 16:00,1732,ut,2.205128205,6.053957895,15.13333333,49.63333333,95846.66667,5.78349,15.2,0
2211,02/04/2024 17:00,1148,ut,5.153846154,15.42307,13.35,58.85,96282.5,4.2167275,12.96,0
2212,02/04/2024 18:00,785,ut,4.820512821,18.31717895,12.5,63.05,96565,3.880135,11.76,0
2213,02/04/2024 19:00,506,ut,4.35,24.93855,10.725,73.15,96887.5,3.7462675,11.28,0
2214,02/04/2024 20:00,305,ut,4.263157895,26.20032105,9.925,76.325,97125,3.642255,9.72,0
2215,02/04/2024 21:00,156,ut,5.307692308,20.32273158,9.8,77.85,97127.5,4.1082775,12,0
2216,02/04/2024 22:00,86,ut,6.179487179,16.76732632,8.925,81.575,97287.5,1.8727775,6.12,0
2217,02/04/2024 23:00,68,ut,3.45,13.862705,9.325,79.3,97242.5,3.42338,9.96,0
2218,03/04/2024 00:00,94,st,2.763157895,11.09486316,8.975,79.1,97242.5,4.89699,12.12,0
2219,03/04/2024 01:00,161,st,9.175,11.835691,8.15,81.325,97380,3.566005,9.24,0
2220,03/04/2024 02:00,396,st,9.897435897,11.65430632,7.766666667,82.6,97453.33333,3.31447,8.64,0
2221,03/04/2024 03:00,1703,st,8,12.265961,7.2,84.5,97552.5,2.2187225,7.2,0
2222,03/04/2024 04:00,2731,st,5.846153846,14.14777368,6.975,85.9,97667.5,1.4285255,4.8,0
2223,03/04/2024 05:00,3027,st,8.8,12.1731035,8.925,79.275,97492.5,2.1519725,6.84,0
2224,03/04/2024 06:00,2902,st,4.512820513,5.751994211,12.375,67.925,96627.5,3.7207525,9.24,0
2225,03/04/2024 07:00,2542,st,7.897435897,6.3645135,13.4,66.05,96170,4.7371175,11.04,0
2226,03/04/2024 08:00,2544,st,12.25641026,5.521939474,13.425,68.1,96162.5,5.425305,12.12,0
2227,03/04/2024 09:00,2474,st,3.9,4.674611,14.625,64.125,96070,5.526095,13.56,0
2228,03/04/2024 10:00,2528,st,4.384615385,4.454264737,14.75,62.375,96062.5,5.0660275,12.12,0
2229,03/04/2024 11:00,2662,st,5.794871795,9.419057,14.525,66.7,96190,4.336135,13.56,0
2230,03/04/2024 12:00,2612,st,1.666666667,12.65897,14.525,68.075,96325,3.0590725,10.32,0
2231,03/04/2024 13:00,2579,st,2.55,10.0460165,14.63333333,68.4,96250,3.209893333,8,0
2232,03/04/2024 14:00,2631,st,3.394736842,5.663280526,15.475,63,96037.5,3.2597325,9.48,0
2233,03/04/2024 15:00,2441,st,3.6,8.2343355,14.675,66.975,96122.5,4.3120725,11.28,0
2234,03/04/2024 16:00,1863,st,7.461538462,6.58913,13.775,65.75,96262.5,4.56746,11.04,0
2235,03/04/2024 17:00,1163,st,12.05,9.8869115,13,68.925,96495,5.112385,11.04,0
2236,03/04/2024 18:00,784,st,7.289473684,12.47635789,12.575,71.475,96640,9.0101,15.36,0
2237,03/04/2024 19:00,458,st,3.2,22.70483,11.7,79.25,96827.5,4.3333375,12.24,0
2238,03/04/2024 20:00,403,st,5.230769231,25.03374737,10.7,87.175,97035,2.1565875,6,0.0875
2239,03/04/2024 21:00,162,st,19.97368421,14.12624211,11.05,83.375,97052.5,3.0216125,8.64,0
2240,03/04/2024 22:00,115,st,6.820512821,12.77905789,10.55,86.85,97095,2.6016825,7.44,0
2241,03/04/2024 23:00,86,st,2.425,12.29039,10.6,87.46666667,97103.33333,3.249273333,8.64,0
2242,04/04/2024 00:00,113,ct,1.358974359,12.27252632,10.125,89.425,97140,3.01361,8.04,0
2243,04/04/2024 01:00,150,ct,2.487179487,12.39371,9.525,91.675,97270,1.5717825,5.52,0
2244,04/04/2024 02:00,390,ct,2.307692308,18.55376316,9.2,97.45,97292.5,0.6199905,2.28,0.35
2245,04/04/2024 03:00,1684,ct,3.4,18.900255,9.25,99.875,97295,0.317711025,1.8,0.0875
2246,04/04/2024 04:00,2550,ct,6.342105263,31.98293684,9.275,100,97317.5,0.858045825,3.36,0.175
2247,04/04/2024 05:00,2972,ct,8.5,24.604214,10.175,97.25,97332.5,2.10842,5.88,0
2248,04/04/2024 06:00,2834,ct,2.846153846,4.425416842,14.225,75.1,96622.5,2.889175,9,0
2249,04/04/2024 07:00,2658,ct,2.487179487,3.735592,15,66.425,96287.5,5.0713,12.24,0
2250,04/04/2024 08:00,2432,ct,1.769230769,3.617465263,15.775,64.025,96177.5,6.8166325,14.76,0
2251,04/04/2024 09:00,2424,ct,2.025,3.903632,15.325,68.475,96300,5.05795,13.08,0
2252,04/04/2024 10:00,2438,ct,1.435897436,4.950995789,15.56666667,72.16666667,96146.66667,6.935863333,16.96,0
2253,04/04/2024 11:00,2567,ct,1.692307692,9.8615015,14.925,76.5,96325,4.9873625,13.56,0
2254,04/04/2024 12:00,2823,ct,2.769230769,12.99486789,15.375,77.6,96300,3.4285675,9.36,0
2255,04/04/2024 13:00,2571,ct,1.975,5.7219275,16,72.625,96150,6.7198875,17.64,0
2256,04/04/2024 14:00,2748,ct,2.230769231,4.146749474,16.25,68.7,96052.5,7.5341025,20.52,0
2257,04/04/2024 15:00,2293,ct,2.076923077,4.935228,15.925,69.8,96075,8.0340825,20.88,0
2258,04/04/2024 16:00,1963,ct,2.461538462,10.88383632,15.1,74.95,96237.5,6.522815,17.52,0
2259,04/04/2024 17:00,1088,ct,3.325,31.31111,12.5,91.7,96697.5,4.3438575,11.76,0.4375
2260,04/04/2024 18:00,876,ct,3.605263158,17.57164842,11.7,91.425,96987.5,4.0486175,11.64,0
2261,04/04/2024 19:00,551,ct,3.3,10.787167,10.95,87.05,97290,4.23521,11.16,0
2262,04/04/2024 20:00,291,ct,3.179487179,12.13643158,10.025,88.175,97517.5,4.3809725,9.6,0
2263,04/04/2024 21:00,186,ct,3.025641026,11.785247,9.866666667,89.03333333,97650,3.262606667,9.12,0
2264,04/04/2024 22:00,130,ct,3.282051282,10.00302316,8.9,92.675,97785,2.59838,7.32,0
2265,04/04/2024 23:00,115,ct,2.975,9.887133,8.575,94.175,97952.5,1.214175,4.2,0
2266,05/04/2024 00:00,85,pa,5.105263158,11.43044737,7.925,96.575,98077.5,0.55018525,2.64,0
2267,05/04/2024 01:00,171,pa,5.205128205,13.727561,7.525,98.75,98195,0.4740805,2.4,0
2268,05/04/2024 02:00,400,pa,6.641025641,14.53648526,6.575,99.55,98262.5,1.4033925,4.68,0
2269,05/04/2024 03:00,1578,pa,8.625,22.925325,6.175,99.875,98377.5,0.88994025,3,0
2270,05/04/2024 04:00,2548,pa,8.473684211,32.0627,5.7,100,98465,1.20464075,5.16,0
2271,05/04/2024 05:00,2791,pa,8.974358974,19.72439158,7.025,97.225,98385,0.83399025,3.96,0
2272,05/04/2024 06:00,2813,pa,11.66666667,14.76431737,9.1,92.16666667,98076.66667,2.39855,7.2,0
2273,05/04/2024 07:00,2612,pa,10.64102564,21.606835,12.4,84.525,97580,2.1484775,6.72,0
2274,05/04/2024 08:00,2781,pa,9.15,12.73344421,15.05,76.35,97010,2.38403,6.72,0
2275,05/04/2024 09:00,2718,pa,8.297297297,5.658137368,17.025,70.925,96465,2.496985,7.8,0
2276,05/04/2024 10:00,2780,pa,6.025641026,2.704440526,19.4,64.275,96045,3.3649725,10.56,0.0875
2277,05/04/2024 11:00,2873,pa,3.25,2.201406,20.675,60.725,95785,6.3114875,15.12,0
2278,05/04/2024 12:00,2428,pa,2.210526316,2.160346316,21.975,55.975,95445,5.7270075,13.92,0
2279,05/04/2024 13:00,2814,pa,2.075,2.3610645,22.575,55.575,95107.5,7.1177125,15.84,0
2280,05/04/2024 14:00,3000,pa,2.307692308,3.581643158,21.925,55.8,95175,7.1404725,15.6,0
2281,05/04/2024 15:00,2691,pa,2.487179487,8.8286195,20.725,60.5,95600,5.9956175,14.52,0
2282,05/04/2024 16:00,2235,pa,2.725,11.2317145,20.15,62.925,95772.5,6.5936975,15.84,0
2283,05/04/2024 17:00,1458,pa,4.282051282,23.7017,18.15,73.15,96022.5,5.9008,15.48,0
2284,05/04/2024 18:00,1041,pa,3.225,22.38728,17.53333333,74.93333333,96216.66667,4.662636667,10.72,0
2285,05/04/2024 19:00,706,pa,16.07894737,14.71903789,16.85,78.225,96412.5,1.80379025,5.88,0
2286,05/04/2024 20:00,576,pa,8.846153846,5.1006915,16.8,77,96495,3.13992,8.64,0
2287,05/04/2024 21:00,304,pa,3.351351351,4.473237895,16.4,74.975,96640,2.2569525,7.32,0
2288,05/04/2024 22:00,238,pa,3.538461538,4.698845,16.375,71.375,96690,1.611765,5.64,0
2289,05/04/2024 23:00,161,pa,7.923076923,5.617831053,15.825,72.75,96830,1.39425825,4.8,0
2290,06/04/2024 00:00,108,so,5.175,5.714241,14.95,77.325,96915,1.5694025,4.56,0
2291,06/04/2024 01:00,103,so,4.394736842,6.926597895,14.45,80.625,97007.5,1.45231,4.32,0
2292,06/04/2024 02:00,262,so,3.425,8.847216,14.525,80.775,97052.5,1.03230975,3.36,0
2293,06/04/2024 03:00,646,so,5.41025641,16.82035368,13.875,85.925,97135,0.49528425,2.16,0
2294,06/04/2024 04:00,917,so,6.05,12.706475,13.975,86.425,97192.5,0.4331925,2.16,0
2295,06/04/2024 05:00,1357,so,10.5,14.30311579,15.225,80.15,97097.5,0.99713075,3.84,0
2296,06/04/2024 06:00,1811,so,13.475,20.167275,16.5,74.46666667,96930,0.32157653,1.6,0
2297,06/04/2024 07:00,2073,so,3.179487179,8.556548947,19.425,66,96385,2.440125,5.16,0
2298,06/04/2024 08:00,2329,so,2.125,3.3225905,22.05,58.175,95800,4.798135,10.92,0
2299,06/04/2024 09:00,2259,so,2.263157895,1.279845368,23.025,55.45,95525,5.274455,11.88,0
2300,06/04/2024 10:00,2470,so,2.425,1.3642928,25.25,50.05,95255,4.50241,11.16,0
2301,06/04/2024 11:00,2524,so,2.512820513,1.297885053,26.225,46.05,94892.5,4.230455,12.72,0
2302,06/04/2024 12:00,2527,so,2.282051282,1.51844055,27.475,42.7,94607.5,4.61261,12.48,0
2303,06/04/2024 13:00,2523,so,1.897435897,1.566210632,28.525,40.5,94362.5,5.1874975,12.24,0
2304,06/04/2024 14:00,2314,so,1.925,2.306432,28.525,40.125,94325,5.54388,12.84,0
2305,06/04/2024 15:00,2239,so,1.666666667,2.469264211,27.625,40.175,94592.5,5.5745525,12.72,0
2306,06/04/2024 16:00,2180,so,2.333333333,4.8710415,26.5,41.95,94805,4.08915,9.24,0
2307,06/04/2024 17:00,1663,so,5.794871795,26.07296842,23.55,52.925,95352.5,3.6231425,8.76,0
2308,06/04/2024 18:00,1117,so,5.825,37.27951,18.225,71,96182.5,2.4113575,5.64,0
2309,06/04/2024 19:00,608,so,7.236842105,48.88665263,16.46666667,75.2,96696.66667,2.39695,5.6,0
2310,06/04/2024 20:00,460,so,7.7,41.549415,14.825,81.725,97010,0.79743235,2.52,0
2311,06/04/2024 21:00,291,so,12.42105263,40.39904737,13.65,84.8,97282.5,1.0656925,4.08,0
2312,06/04/2024 22:00,173,so,9.525,32.290965,12.8,86.25,97417.5,1.4678045,4.32,0
2313,06/04/2024 23:00,113,so,8.131578947,32.42461053,11.525,88.925,97637.5,1.28347625,4.08,0
2314,07/04/2024 00:00,80,ne,6.2,22.78864,10.5,92.575,97792.5,1.79810775,4.92,0
2315,07/04/2024 01:00,65,ne,5.128205128,20.46832632,9.775,93.55,97950,1.08931175,3.84,0
2316,07/04/2024 02:00,153,ne,5.102564103,17.00213,9.175,95.575,98020,1.610628,5.28,0
2317,07/04/2024 03:00,402,ne,5.384615385,19.09263684,8.45,96.8,98155,1.03929275,2.88,0
2318,07/04/2024 04:00,483,ne,5.625,17.291075,8.075,97.325,98255,1.18218725,3.6,0
2319,07/04/2024 05:00,724,ne,6,16.06066895,9.5,91.03333333,98176.66667,0.944792333,3.2,0
2320,07/04/2024 06:00,1061,ne,7.925,9.49273,15.475,71.2,97460,0.52689425,2.04,0
2321,07/04/2024 07:00,1552,ne,8.025641026,6.932651053,20.125,58.9,96372.5,0.9725605,3.12,0
2322,07/04/2024 08:00,1857,ne,11.6,4.2877275,21.775,55.675,95710,2.2897525,6.84,0
2323,07/04/2024 09:00,1707,ne,8.368421053,2.564095789,24.25,52.8,95580,2.9872925,9,0
2324,07/04/2024 10:00,1985,ne,4.15,1.16082975,25.4,45.725,95187.5,3.5652,10.56,0
2325,07/04/2024 11:00,2367,ne,4.461538462,1.063861579,26.375,43.6,94872.5,3.72585,8.4,0
2326,07/04/2024 12:00,2459,ne,5.575,1.751133,26.975,44.75,94620,4.7905475,11.28,0
2327,07/04/2024 13:00,2215,ne,6.131578947,2.436517895,27.625,42.775,94515,3.5856475,9.24,0
2328,07/04/2024 14:00,2353,ne,7.85,1.6674739,29,36.9,94365,2.8222825,7.92,0
2329,07/04/2024 15:00,2761,ne,8.487179487,4.756104211,26.975,40.55,94782.5,2.496535,5.76,0
2330,07/04/2024 16:00,2199,ne,7.948717949,18.762396,25.4,48.625,95112.5,1.483298,5.16,0
2331,07/04/2024 17:00,1507,ne,8.128205128,29.77408947,21.8,63.35,95617.5,4.245815,8.76,0
2332,07/04/2024 18:00,923,ne,8.181818182,37.295775,18.575,72.025,96195,1.5913375,5.04,0
2333,07/04/2024 19:00,558,ne,8.641025641,47.18651053,16.76666667,77.76666667,96573.33333,1.213477333,4.16,0
2334,07/04/2024 20:00,348,ne,7.846153846,42.58887,15.275,81.75,96812.5,2.20298,6.36,0
2335,07/04/2024 21:00,221,ne,8.025641026,28.93906316,13.95,85.8,97030,2.1086625,6.12,0
2336,07/04/2024 22:00,129,ne,7.4,24.51965,13.15,87.4,97157.5,2.7757825,6,0
2337,07/04/2024 23:00,124,ne,8.052631579,23.06867368,12.525,90.6,97245,2.3911425,6.12,0
2338,08/04/2024 00:00,129,po,8.85,23.179005,12.25,90.875,97240,1.10688425,3.12,0
2339,08/04/2024 01:00,230,po,9.41025641,19.47161579,11.95,92.45,97257.5,1.346254,4.32,0
2340,08/04/2024 02:00,540,po,8.775,18.03401,11.675,93.775,97285,0.49602825,2.4,0
2341,08/04/2024 03:00,1867,po,9.578947368,26.51638947,10.975,95.45,97335,1.3828105,3.72,0
2342,08/04/2024 04:00,2841,po,9.3,30.130435,10.575,95.45,97385,1.4178655,4.32,0
2343,08/04/2024 05:00,2803,po,10.87179487,23.14977895,11.56666667,92.33333333,97330,1.914476667,4.96,0
2344,08/04/2024 06:00,2824,po,11.61538462,23.093405,13.825,86.075,97042.5,1.5904275,4.56,0
2345,08/04/2024 07:00,2576,po,13.69444444,13.84495263,18.7,69.375,96360,1.37348225,5.04,0
2346,08/04/2024 08:00,2617,po,15.79487179,4.839045,21.125,61.45,95680,2.3608875,5.4,0
2347,08/04/2024 09:00,2488,po,10.51282051,2.751061053,23.7,56.9,95170,1.81924,6.12,0
2348,08/04/2024 10:00,2538,po,9.25,1.852136,25.25,53.8,94777.5,2.56321,6.96,0
2349,08/04/2024 11:00,2623,po,9.615384615,1.930795263,27.125,49.325,94337.5,2.5364225,6.72,0
2350,08/04/2024 12:00,2852,po,9.692307692,1.2502988,27.45,44.05,94055,3.43001,9.72,0
2351,08/04/2024 13:00,2767,po,9.538461538,1.877475789,28.425,41.4,93907.5,2.7442825,7.32,0
2352,08/04/2024 14:00,2508,po,8.9,3.1754385,27.375,43.725,94110,2.3328775,6.36,0
2353,08/04/2024 15:00,2301,po,9.921052632,6.098197895,27.225,45.3,94207.5,1.781247,4.68,0
2354,08/04/2024 16:00,1889,po,9.5,22.175175,25.475,52.55,94580,4.063625,9,0
2355,08/04/2024 17:00,1201,po,9.307692308,53.99197895,22.3,66.7,95075,0.8563335,3.24,0
2356,08/04/2024 18:00,783,po,8.820512821,53.25263,18.73333333,80.16666667,95640,3.425696667,6.88,0
2357,08/04/2024 19:00,506,po,9.512820513,45.21396316,17.35,83.2,95997.5,1.61900075,5.04,0
2358,08/04/2024 20:00,352,po,10.5,43.76709,16.225,86.525,96225,1.3710275,6.72,0
2359,08/04/2024 21:00,206,po,10.63157895,31.99335263,14.825,90.425,96407.5,1.581335,6.36,0
2360,08/04/2024 22:00,117,po,10.38461538,29.743215,14.1,92.475,96537.5,1.49110925,5.16,0
2361,08/04/2024 23:00,107,po,12.20512821,22.0115,13.85,93.5,96585,1.2037125,4.32,0
2362,09/04/2024 00:00,87,ut,10.775,18.701795,13.2,96.525,96650,0.88658775,2.88,0
2363,09/04/2024 01:00,142,ut,10.15789474,15.33741579,12.7,97.85,96732.5,0.86451575,3.12,0
2364,09/04/2024 02:00,428,ut,10.3,17.259805,12.275,98.525,96782.5,0.50044825,2.64,0
2365,09/04/2024 03:00,1668,ut,10.17948718,23.98671579,12.075,98.475,96797.5,1.2813095,4.44,0
2366,09/04/2024 04:00,2670,ut,8.5,20.95252,11.76666667,98.53333333,96806.66667,1.258992,3.84,0
2367,09/04/2024 05:00,2921,ut,7.102564103,13.4676995,12.9,93.975,96750,1.12719825,3.84,0
2368,09/04/2024 06:00,3041,ut,7.717948718,4.137840526,17.525,79.15,96210,0.7306815,3,0
2369,09/04/2024 07:00,2631,ut,5.425,3.1444955,21.6,60.75,95317.5,2.3874325,7.08,0
2370,09/04/2024 08:00,2504,ut,4.435897436,2.697366316,23.2,55.75,94715,3.4033275,8.64,0
2371,09/04/2024 09:00,2485,ut,4.948717949,1.3052627,24.575,53.05,94497.5,2.8986125,8.04,0
2372,09/04/2024 10:00,2347,ut,6.051282051,1.587226211,25.1,54.3,94327.5,3.3321175,9.12,0
2373,09/04/2024 11:00,2629,ut,7.375,2.0897455,25.9,52.125,94147.5,4.164225,11.52,0
2374,09/04/2024 12:00,2917,ut,7.789473684,2.516055789,27.175,50.425,93870,3.56815,9.96,0
2375,09/04/2024 13:00,2896,ut,9.1,4.191942,26.75,52.975,93902.5,4.294405,11.52,0
2376,09/04/2024 14:00,2795,ut,10.43589744,4.165041579,27.175,52.625,93965,2.773395,7.08,0
2377,09/04/2024 15:00,2369,ut,26.925,3.356081,24.775,50.4,94430,5.9299525,15.12,0
2378,09/04/2024 16:00,1877,ut,24.97368421,6.293420526,22.525,54.625,94985,5.969435,14.88,0
2379,09/04/2024 17:00,1206,ut,11.475,27.66944,19.1,65.475,95647.5,7.5086625,21.36,0
2380,09/04/2024 18:00,859,ut,5.153846154,23.29988947,17.2,65.16666667,96150,6.35697,19.04,0
2381,09/04/2024 19:00,509,ut,3.58974359,13.722996,16,63.325,96505,6.7734725,19.56,0
2382,09/04/2024 20:00,359,ut,2.358974359,17.35971053,13.65,68.7,96977.5,7.71442,22.68,0
2383,09/04/2024 21:00,169,ut,2,32.49884211,10.8,81.975,97662.5,6.2336025,18.12,0.175
2384,09/04/2024 22:00,131,ut,1.842105263,29.05975789,9.35,86.625,98185,5.5083675,16.8,0.35
2385,09/04/2024 23:00,96,ut,2.025,20.23896,9.5,83.85,98277.5,4.3468675,13.92,0.0875
2386,10/04/2024 00:00,78,st,2.615384615,21.14460526,8.7,89.475,98485,3.3543725,12.72,0.525
2387,10/04/2024 01:00,147,st,1.975,20.83294,8.2,93.675,98620,2.00923,6.36,0.525
2388,10/04/2024 02:00,418,st,1.763157895,18.60375263,7.875,97.95,98722.5,1.36656925,5.04,0.7875
2389,10/04/2024 03:00,1619,st,2.333333333,18.49952105,7.65,98.925,98805,1.8548425,5.88,0.4375
2390,10/04/2024 04:00,2484,st,2.179487179,14.78656316,7.566666667,99.23333333,98856.66667,2.416093333,6.56,0.35
2391,10/04/2024 05:00,2906,st,3.025641026,17.558385,7.775,99.675,98900,1.91428,6.12,0.35
2392,10/04/2024 06:00,2817,st,2.923076923,13.83292842,8.425,97.8,98895,1.657295,5.04,0.0875
2393,10/04/2024 07:00,2553,st,2.9,12.174984,9.525,94.45,98757.5,2.2129925,6.12,0
2394,10/04/2024 08:00,2524,st,5.025641026,7.150524737,10.925,90.575,98572.5,2.5268425,7.08,0
2395,10/04/2024 09:00,2532,st,4.128205128,3.3584225,14.15,71,98045,3.06131,8.88,0
2396,10/04/2024 10:00,2496,st,3.717948718,2.936021579,14.15,64.325,97942.5,3.2267675,10.44,0
2397,10/04/2024 11:00,2533,st,2.925,3.0882955,15.8,57.825,97830,3.5743025,10.92,0
2398,10/04/2024 12:00,2877,st,3.5,2.148895263,16.35,52.55,97582.5,3.222865,8.76,0
2399,10/04/2024 13:00,2925,st,3.05,3.072805,15.6,51.875,97517.5,3.8128425,11.16,0
2400,10/04/2024 14:00,2856,st,3.666666667,4.481428421,15.13333333,55.06666667,97783.33333,3.875326667,12,0
2401,10/04/2024 15:00,2493,st,3.58974359,6.1072175,15.05,55.35,97885,3.01427,9.24,0
2402,10/04/2024 16:00,1983,st,3.974358974,10.06656579,14.4,57.45,98115,3.7822525,12.12,0
2403,10/04/2024 17:00,1297,st,3.975,20.140886,13.25,64.9,98422.5,1.6480375,5.64,0
2404,10/04/2024 18:00,818,st,11.53846154,25.82222632,10.275,81.075,98967.5,1.41218375,3.96,0
2405,10/04/2024 19:00,476,st,9.743589744,28.908015,7.925,88.575,99472.5,2.2739275,5.52,0
2406,10/04/2024 20:00,391,st,8.102564103,23.84417368,6.75,91.5,99777.5,3.2711425,6.6,0
2407,10/04/2024 21:00,172,st,10.05263158,21.00234211,5.925,94.625,100020,3.0595225,6.48,0
2408,10/04/2024 22:00,110,st,7.473684211,17.60468421,5.175,96.5,100192.5,2.3782975,5.4,0
2409,10/04/2024 23:00,108,st,6.3,14.21972,4.625,97.6,100340,1.698245,5.64,0
2410,11/04/2024 00:00,84,ct,5.487179487,12.05322632,4.033333333,98.2,100433.3333,1.249045333,4,0
2411,11/04/2024 01:00,164,ct,4.769230769,11.030962,3.775,98.525,100482.5,2.93011,6,0
2412,11/04/2024 02:00,456,ct,5.230769231,10.40951579,3.325,99,100527.5,1.9725895,6.96,0
2413,11/04/2024 03:00,1681,ct,6,11.933923,2.825,99.55,100622.5,2.3821925,6.12,0
2414,11/04/2024 04:00,2692,ct,8.974358974,16.00155789,2.925,99.475,100690,0.974222,3.72,0
2415,11/04/2024 05:00,2892,ct,12.94871795,17.523545,5.35,91.875,100472.5,2.029931,5.04,0
2416,11/04/2024 06:00,2879,ct,11.48717949,12.73342737,10.525,76.3,99472.5,1.51625025,3.84,0
2417,11/04/2024 07:00,2711,ct,11.225,17.718625,13.375,67.725,98652.5,1.59967,4.92,0
2418,11/04/2024 08:00,2613,ct,8.820512821,8.524427895,16.975,57.575,98112.5,2.4137525,5.88,0
2419,11/04/2024 09:00,2553,ct,3.777777778,1.474875,17.925,51.35,97910,4.23752,9.96,0
2420,11/04/2024 10:00,2505,ct,3.512820513,1.619813684,19.1,46.43333333,97746.66667,4.262876667,9.6,0
2421,11/04/2024 11:00,2628,ct,4,2.3392595,19.675,46.35,97545,4.927675,13.56,0
2422,11/04/2024 12:00,2728,ct,3.72972973,2.457156316,20.25,46.5,97227.5,5.1357975,12.72,0
2423,11/04/2024 13:00,2653,ct,3.15,3.0856735,21.3,44.25,96995,4.90231,11.4,0
2424,11/04/2024 14:00,2966,ct,2.974358974,3.185542105,21.1,43.7,96735,4.184565,11.64,0
2425,11/04/2024 15:00,2470,ct,3.641025641,3.9151615,20.475,45.025,97045,4.42022,9.72,0
2426,11/04/2024 16:00,2156,ct,3.692307692,10.34672421,18.975,48.525,97387.5,2.11899,6.24,0
2427,11/04/2024 17:00,1408,ct,7.225,52.64506,15.525,66.75,98075,1.37590775,3.72,0
2428,11/04/2024 18:00,983,ct,6.447368421,46.41457895,12.75,79.475,98672.5,2.6901825,6.48,0
2429,11/04/2024 19:00,514,ct,8.35,30.832255,11.2,81.65,99060,2.55429,6.48,0
2430,11/04/2024 20:00,390,ct,9.076923077,25.1826,9.975,85.45,99292.5,2.669365,6.48,0
2431,11/04/2024 21:00,236,ct,7.41025641,26.99539,9.566666667,85.56666667,99443.33333,2.011066667,6.08,0
2432,11/04/2024 22:00,126,ct,9.447368421,18.02858947,8.2,89.7,99656.66667,3.184993333,6.4,0
2433,11/04/2024 23:00,121,ct,7.175,16.65672,7.45,91.1,99822.5,2.84063,6.72,0
2434,12/04/2024 00:00,86,pa,7.076923077,15.39653158,7.2,93.3,99892.5,1.955546,5.4,0
2435,12/04/2024 01:00,143,pa,4.666666667,14.76006,6.625,93.9,99977.5,1.20548675,4.2,0
2436,12/04/2024 02:00,436,pa,4.820512821,15.96729474,6.025,94.975,100072.5,2.06768925,4.44,0
2437,12/04/2024 03:00,1544,pa,4.85,17.12693,5.4,96.825,100142.5,1.692858,5.16,0
2438,12/04/2024 04:00,2505,pa,4.846153846,25.29661053,5.725,95.5,100135,1.849455,3.72,0
2439,12/04/2024 05:00,2618,pa,8,19.548685,8.525,86.225,99797.5,0.7180535,3,0
2440,12/04/2024 06:00,2519,pa,7.743589744,12.37707,11.425,78.875,99195,1.12071675,3.12,0
2441,12/04/2024 07:00,2776,pa,19.425,27.67553,14.975,68.675,98517.5,2.505405,6.36,0
2442,12/04/2024 08:00,2583,pa,17.37837838,17.34238579,17.73333333,58.2,98000,2.6392,6.4,0
2443,12/04/2024 09:00,2684,pa,5.8,1.28338615,20.45,46.825,97415,3.1590425,9.24,0
2444,12/04/2024 10:00,2714,pa,4.615384615,1.146571,21.825,43.75,97150,4.53971,11.76,0
2445,12/04/2024 11:00,2900,pa,4.375,2.105312,22.3,43.275,96890,4.722705,11.28,0
2446,12/04/2024 12:00,2875,pa,4.026315789,2.341036316,22.5,42.575,96555,5.2205175,11.4,0
2447,12/04/2024 13:00,2878,pa,3.575,2.1377675,24.45,36.75,96170,4.629385,11.4,0
2448,12/04/2024 14:00,2976,pa,2.743589744,1.984169474,24.25,33.3,96077.5,5.33735,13.2,0
2449,12/04/2024 15:00,2732,pa,2.743589744,3.40504,24.075,35.975,96310,3.6300025,9,0
2450,12/04/2024 16:00,2461,pa,3.512820513,14.54471842,22.5,42.35,96530,2.5364,8.4,0
2451,12/04/2024 17:00,1639,pa,4.125,48.835095,19.65,52.9,97097.5,1.160254,4.08,0
2452,12/04/2024 18:00,1160,pa,9.263157895,59.85365789,15.475,71.9,97760,2.8295025,6.96,0
2453,12/04/2024 19:00,732,pa,8.65,48.23439,13.6,76.825,98240,2.8198325,6.6,0
2454,12/04/2024 20:00,518,pa,11.94871795,57.78394211,12.16666667,82.03333333,98503.33333,2.808993333,7.84,0
2455,12/04/2024 21:00,252,pa,11.84615385,44.53569,11.425,85.15,98690,1.75015,5.04,0
2456,12/04/2024 22:00,219,pa,6.58974359,35.8286,10.95,86.325,98815,1.6220325,5.4,0
2457,12/04/2024 23:00,164,pa,22.45945946,36.26081111,9.9,91.65,98962.5,1.74268175,5.52,0
2458,13/04/2024 00:00,160,so,11.075,24.351785,9.85,91.675,99005,2.306065,5.52,0
2459,13/04/2024 01:00,108,so,5.342105263,24.19468947,9.475,94.5,99050,1.51145275,4.44,0
2460,13/04/2024 02:00,245,so,4.7,20.29257,9.6,95.175,99080,2.476235,6.24,0
2461,13/04/2024 03:00,654,so,4.282051282,16.75312105,8.85,97.25,99097.5,2.570725,5.76,0
2462,13/04/2024 04:00,938,so,6.125,13.63828,8.675,97.6,99175,1.6534875,3.96,0
2463,13/04/2024 05:00,1365,so,5.289473684,8.559538947,11.625,87.55,98870,1.13617475,3.36,0
2464,13/04/2024 06:00,1937,so,5.8,7.1745915,14.63333333,77.23333333,98306.66667,1.77675,4.96,0
2465,13/04/2024 07:00,2571,so,5.051282051,6.03371,17.55,68.975,97732.5,2.27073,6,0
2466,13/04/2024 08:00,2577,so,6,5.719622,19.15,67.15,97242.5,4.0995375,9.36,0
2467,13/04/2024 09:00,2527,so,6.282051282,2.052424737,21.1,63,96787.5,5.2895375,12.72,0
2468,13/04/2024 10:00,2411,so,5.8,1.8633374,22.1,59.3,96507.5,4.329925,10.8,0
2469,13/04/2024 11:00,2641,so,4.025641026,1.515916316,24.925,48.225,96102.5,3.9444725,13.08,0
2470,13/04/2024 12:00,2582,so,3.95,1.8702955,25.1,49.025,95847.5,6.69543,16.44,0
2471,13/04/2024 13:00,2505,so,2.868421053,2.363988947,25.45,48.675,95595,5.9961425,14.52,0
2472,13/04/2024 14:00,2359,so,2.5,3.0955975,25.3,48.3,95625,5.256375,12.24,0
2473,13/04/2024 15:00,2521,so,3.076923077,3.596780526,24.625,48.225,95772.5,5.2466475,13.8,0
2474,13/04/2024 16:00,2443,so,3.447368421,4.719254211,23.5,51.025,96002.5,3.6262175,9.12,0
2475,13/04/2024 17:00,1751,so,3.948717949,17.23227421,21.15,59.325,96357.5,1.263528,3.36,0
2476,13/04/2024 18:00,1221,so,31.075,31.087305,17.625,74.175,96912.5,1.41340125,4.08,0
2477,13/04/2024 19:00,711,so,8.605263158,25.21248421,16.1,79.13333333,97233.33333,2.26141,6.24,0
2478,13/04/2024 20:00,459,so,8.125,23.476255,14.875,82.175,97490,1.18661075,4.08,0
2479,13/04/2024 21:00,260,so,13.71052632,24.55621579,14,84.4,97680,0.57063315,2.28,0
2480,13/04/2024 22:00,226,so,8.175,17.55386,13.4,86,97742.5,1.1194165,3.84,0
2481,13/04/2024 23:00,166,so,10.12820513,14.08185789,12.475,89.35,97810,0.8155035,3.48,0
2482,14/04/2024 00:00,124,ne,8.225,14.95358,12.275,89.725,97792.5,1.56389125,5.64,0
2483,14/04/2024 01:00,91,ne,10.68421053,16.37675263,11.325,92.95,97812.5,1.0554925,3.96,0
2484,14/04/2024 02:00,156,ne,8.925,17.492136,10.675,94.925,97907.5,0.613987,2.76,0
2485,14/04/2024 03:00,413,ne,9.461538462,11.41984105,10.25,96.125,97965,0.93947175,3.36,0
2486,14/04/2024 04:00,553,ne,9.666666667,7.82799,11.95,89.675,97877.5,2.30676125,5.88,0
2487,14/04/2024 05:00,739,ne,6.487179487,5.909032632,15.025,78.85,97365,3.27678,7.92,0
2488,14/04/2024 06:00,1079,ne,7.35,6.3752695,15.26666667,79.66666667,97050,2.575456667,7.2,0
2489,14/04/2024 07:00,1636,ne,7.394736842,4.485298947,20.325,64.95,96455,2.51097,6.84,0
2490,14/04/2024 08:00,1812,ne,6.1,3.1399625,22.6,60.15,95892.5,3.6950675,9.72,0
2491,14/04/2024 09:00,1877,ne,4.230769231,1.661389895,23.4,51.475,95645,3.7412625,11.76,0
2492,14/04/2024 10:00,2118,ne,3,1.6736483,24.1,49.9,95507.5,5.3381075,14.4,0
2493,14/04/2024 11:00,2452,ne,3.564102564,3.830542105,23.475,53.1,95475,5.776875,16.2,0
2494,14/04/2024 12:00,2499,ne,4.25,2.774038,23.4,53.075,95335,5.6160375,15,0
2495,14/04/2024 13:00,2341,ne,6.315789474,3.912332105,23.325,53,95307.5,6.4538725,18.36,0
2496,14/04/2024 14:00,2379,ne,5.225,5.1657255,22.175,54.725,95470,6.39297,17.16,0
2497,14/04/2024 15:00,2547,ne,3.857142857,15.07898105,20.575,57.9,95892.5,4.4860725,13.08,0
2498,14/04/2024 16:00,2065,ne,4.725,9.930689,20.225,58.225,95905,2.70028,11.4,0
2499,14/04/2024 17:00,1443,ne,5.153846154,13.62895053,18.2,62.5,96315,3.186735,10.2,0
2500,14/04/2024 18:00,867,ne,4.358974359,15.842865,16.66666667,64.26666667,96646.66667,3.646936667,11.68,0
2501,14/04/2024 19:00,527,ne,15.35897436,25.42331053,14.875,72.125,96972.5,1.2741275,4.8,0
2502,14/04/2024 20:00,360,ne,16.375,26.21418,12.75,81.925,97270,1.97353,5.16,0
2503,14/04/2024 21:00,222,ne,11.21052632,17.06982,12.575,83.975,97360,1.26162775,3.72,0
2504,14/04/2024 22:00,124,ne,4.461538462,6.5644865,13.1,77.075,97235,1.34276575,4.44,0
2505,14/04/2024 23:00,142,ne,3.666666667,4.973364737,13.15,69.8,97122.5,1.13758875,4.56,0
2506,15/04/2024 00:00,132,po,5.275,8.7508865,12.55,74.525,97087.5,0.936221,3.72,0
2507,15/04/2024 01:00,206,po,5.315789474,13.31600842,11.875,80.1,97052.5,1.00148125,3.36,0
2508,15/04/2024 02:00,555,po,4.25,9.7942825,11.625,78.95,97062.5,0.45272675,3.24,0
2509,15/04/2024 03:00,1865,po,4.307692308,11.78499947,11.575,74.425,97080,2.457855,7.8,0
2510,15/04/2024 04:00,2645,po,3.846153846,8.6729185,10.875,73.675,97075,5.6598725,15.72,0
2511,15/04/2024 05:00,2826,po,3.948717949,15.81100474,9.766666667,79.6,97253.33333,5.5256,14.72,0
2512,15/04/2024 06:00,2800,po,3.025,10.191566,9.525,79.85,97287.5,6.1379875,14.88,0
2513,15/04/2024 07:00,2231,po,3.025641026,10.51090737,9.525,80.025,97275,4.1223575,10.68,0
2514,15/04/2024 08:00,2388,po,6.974358974,11.661556,10.475,77.2,97147.5,1.570419,5.16,0
2515,15/04/2024 09:00,2491,po,5.820512821,7.892758421,12.25,71.5,96685,2.4799625,6.96,0
2516,15/04/2024 10:00,2675,po,11.02702703,4.938001,14.175,67.275,96267.5,4.2526475,11.76,0
2517,15/04/2024 11:00,2462,po,10.78378378,3.483306316,16.325,62.5,95675,6.75003,14.64,0
2518,15/04/2024 12:00,2867,po,8.425,4.6180475,16.725,63.225,95520,5.63211,14.64,0
2519,15/04/2024 13:00,2780,po,6.921052632,3.476378947,18.125,55.725,95162.5,5.7365725,17.76,0
2520,15/04/2024 14:00,2484,po,4.05,2.4326845,19.55,47.875,94597.5,5.95207,16.08,0
2521,15/04/2024 15:00,2313,po,8.384615385,3.458291579,18.225,50.575,94785,6.4541525,15.48,0
2522,15/04/2024 16:00,1921,po,9.225,7.584298,17.2,57.46666667,94973.33333,4.00395,11.52,0
2523,15/04/2024 17:00,1219,po,5.342105263,10.73437474,16.425,60.675,95087.5,3.9701675,10.32,0
2524,15/04/2024 18:00,825,po,5.8,10.805664,15.6,63.6,95222.5,2.750305,7.8,0
2525,15/04/2024 19:00,532,po,5.105263158,2.99833,16.1,45.2,95290,5.0689625,18,0
2526,15/04/2024 20:00,307,po,3.55,3.4149175,14.875,43.075,95417.5,3.69447,10.92,0
2527,15/04/2024 21:00,172,po,14.52631579,13.95447474,11.75,57.975,95822.5,7.75314,25.68,0
2528,15/04/2024 22:00,77,po,1.820512821,16.24529,8.9,66.125,96392.5,7.4983575,22.32,0
2529,15/04/2024 23:00,95,po,1.41025641,14.22931053,7.575,65.5,96787.5,6.4590725,19.56,0
2530,16/04/2024 00:00,104,ut,1.6,11.74114,6.8,65.5,97022.5,4.9442075,14.88,0
2531,16/04/2024 01:00,165,ut,1.157894737,10.12016842,6.375,65.475,97165,3.9605525,12,0
2532,16/04/2024 02:00,446,ut,1.225,10.479785,6.166666667,66.3,97140,3.095453333,9.12,0
2533,16/04/2024 03:00,1627,ut,1.435897436,13.65551053,6.075,70.925,97110,2.83987,7.92,0
2534,16/04/2024 04:00,2628,ut,1.65,16.136605,6.05,75.3,97110,4.20388,11.76,0
2535,16/04/2024 05:00,2799,ut,2.263157895,16.24665789,7.325,73.425,96955,4.69306,12.96,0
2536,16/04/2024 06:00,2744,ut,2.95,9.573806,8.25,67.25,96652.5,6.0961125,14.64,0
2537,16/04/2024 07:00,2623,ut,2.692307692,8.068974211,10.125,62.075,96357.5,6.332545,16.44,0
2538,16/04/2024 08:00,2373,ut,2.333333333,4.058179,10.875,51.375,96102.5,5.4010375,15.12,0
2539,16/04/2024 09:00,2580,ut,1.692307692,3.739881053,11.275,48.225,96097.5,5.2021175,17.04,0
2540,16/04/2024 10:00,2417,ut,2.175,3.603957,12.05,45.475,95945,5.226735,15.72,0
2541,16/04/2024 11:00,2419,ut,2.846153846,4.328743,12.175,46.225,95877.5,5.186295,15.12,0
2542,16/04/2024 12:00,2701,ut,3.289473684,7.393895263,12.76666667,50.83333333,95686.66667,7.061673333,18.4,0
2543,16/04/2024 13:00,2705,ut,2.975,21.2536325,10.1,68.5,96027.5,6.05549,16.32,0.0875
2544,16/04/2024 14:00,2578,ut,1.736842105,19.11138368,10.05,69.075,96082.5,6.12794,17.64,0
2545,16/04/2024 15:00,2052,ut,1.125,37.86941,7.725,85.775,96482.5,5.28079,14.76,0.175
2546,16/04/2024 16:00,1756,ut,1.717948718,33.29085263,7.05,90.475,96677.5,4.710675,12.96,0.35
2547,16/04/2024 17:00,1072,ut,2.128205128,31.219165,6.075,97.1,96840,2.19250425,6.84,0.6125
2548,16/04/2024 18:00,725,ut,2.58974359,30.31123684,5.75,97.175,96965,1.2232625,4.32,0.0875
2549,16/04/2024 19:00,523,ut,2,24.454815,5.475,96.825,97095,0.729694,3,0.2625
2550,16/04/2024 20:00,323,ut,3.025641026,19.77363158,5.35,98.45,97172.5,1.141318,3.12,0.0875
2551,16/04/2024 21:00,170,ut,3.289473684,13.22258947,5.4,97.85,97247.5,1.63482225,4.44,0
2552,16/04/2024 22:00,109,ut,4.564102564,11.67698526,5.033333333,98.63333333,97353.33333,1.826872667,5.6,0
2553,16/04/2024 23:00,70,ut,4.325,11.518511,5.125,99.075,97382.5,1.7757375,5.76,0
2554,17/04/2024 00:00,97,st,6.184210526,11.22896632,5.975,95.675,97285,0.85142325,3.72,0
2555,17/04/2024 01:00,135,st,4.725,11.3471165,6.35,93,97227.5,1.3556475,5.76,0
2556,17/04/2024 02:00,421,st,1.794871795,5.815173684,6.35,85.425,97215,3.4267,11.4,0
2557,17/04/2024 03:00,1740,st,1.794871795,6.0005125,5.825,78.425,97337.5,4.264925,14.16,0
2558,17/04/2024 04:00,2702,st,1.58974359,10.15236684,5.5,77.75,97520,3.96628,12.48,0
2559,17/04/2024 05:00,2880,st,2.25,8.1155475,8.6,65.975,97100,3.250865,10.2,0
2560,17/04/2024 06:00,2771,st,1.948717949,3.836018421,8.625,65.675,96657.5,4.3062575,12.6,0
2561,17/04/2024 07:00,2706,st,2.153846154,5.3527615,7.825,68.725,96982.5,4.690895,13.68,0
2562,17/04/2024 08:00,2346,st,2.538461538,6.17794,9.3,64,96830,5.20476,16.96,0
2563,17/04/2024 09:00,2440,st,2.333333333,4.407099,10.475,59.125,96632.5,5.9825975,17.4,0
2564,17/04/2024 10:00,2607,st,2.157894737,5.366143158,9.825,63.4,96582.5,4.3068925,12.96,0
2565,17/04/2024 11:00,2498,st,1.975,9.7692315,9.825,66.7,96705,3.456,11.52,0
2566,17/04/2024 12:00,2812,st,2.102564103,8.137501053,10.725,61.7,96447.5,5.387145,14.16,0
2567,17/04/2024 13:00,2934,st,1.825,9.0390515,10.125,57.1,96650,3.6836225,11.52,0
2568,17/04/2024 14:00,2644,st,2.263157895,7.327459474,10.9,55.575,96425,3.4129825,9.72,0
2569,17/04/2024 15:00,2408,st,2.45,7.4841055,11.35,54.85,96447.5,3.2531175,9.72,0
2570,17/04/2024 16:00,1828,st,3.205128205,9.274146842,9.85,61.85,96507.5,4.9509275,13.08,0
2571,17/04/2024 17:00,1146,st,4.025641026,15.443145,7.7,70,97132.5,1.52341625,6.12,0
2572,17/04/2024 18:00,831,st,7.179487179,20.99001579,5.866666667,83.33333333,97576.66667,1.372881333,3.68,0
2573,17/04/2024 19:00,401,st,5.9,19.4441,5.2,84.575,97780,2.734095,7.2,0
2574,17/04/2024 20:00,310,st,8.052631579,20.75534737,5.325,85.975,97845,1.9209175,4.8,0
2575,17/04/2024 21:00,220,st,7.512820513,15.36414737,4.975,88.775,97940,2.3915125,5.64,0
2576,17/04/2024 22:00,132,st,6.435897436,15.17102632,4.45,92,98065,0.97929525,3.6,0
2577,17/04/2024 23:00,82,st,5.58974359,13.51709,3.7,93.7,98200,2.117585,5.28,0
2578,18/04/2024 00:00,85,ct,6,13.48932632,2.8,96.65,98350,1.74910075,3.96,0
2579,18/04/2024 01:00,139,ct,5.625,14.46278,2.725,97.5,98402.5,1.33308575,3.48,0
2580,18/04/2024 02:00,429,ct,7,13.47530526,2.45,98.3,98482.5,1.2685275,3.72,0
2581,18/04/2024 03:00,1651,ct,9.102564103,22.65709,1.633333333,98.46666667,98610,1.85423,4.8,0
2582,18/04/2024 04:00,2678,ct,12,22.32527368,2.125,96.475,98692.5,1.33371625,4.8,0
2583,18/04/2024 05:00,2665,ct,12.775,11.1543685,7.9,75.775,98060,1.30152875,5.16,0
2584,18/04/2024 06:00,2863,ct,6.421052632,3.999574737,9.4,68,97205,5.0438125,13.44,0
2585,18/04/2024 07:00,2548,ct,3.325,5.0934835,8.566666667,66,97353.33333,4.952683333,14.72,0
2586,18/04/2024 08:00,2465,ct,2.641025641,5.041941579,8.8,63.75,97457.5,4.219035,12.36,0
2587,18/04/2024 09:00,1824,ct,2.512820513,5.3306175,9.475,59.85,97397.5,6.158785,17.4,0
2588,18/04/2024 10:00,1302,ct,2.564102564,4.236798421,9.6,53.675,97345,5.726035,16.08,0
2589,18/04/2024 11:00,1424,ct,1.769230769,5.692461,10.2,50.75,97352.5,6.2154325,19.68,0
2590,18/04/2024 12:00,1547,ct,1.769230769,4.869403158,10,50.775,97320,6.931545,21.24,0
2591,18/04/2024 13:00,1636,ct,1.95,6.966575,10.53333333,49.63333333,97186.66667,6.672583333,17.92,0
2592,18/04/2024 14:00,1478,ct,1.948717949,5.239864737,10.175,49.4,97237.5,5.1883075,14.4,0
2593,18/04/2024 15:00,1346,ct,1.794871795,6.1531305,9.575,50.475,97487.5,5.6224575,14.52,0
2594,18/04/2024 16:00,1013,ct,1.641025641,7.603142105,9.45,50.275,97555,6.170465,16.2,0
2595,18/04/2024 17:00,674,ct,2.35,11.8909225,8.425,55.2,97872.5,3.85451,9.96,0
2596,18/04/2024 18:00,447,ct,13.57894737,24.45618421,5.125,73.8,98397.5,1.66304725,4.44,0
2597,18/04/2024 19:00,305,ct,6.45,26.435245,2.775,83.025,98877.5,3.0534,7.44,0
2598,18/04/2024 20:00,163,ct,7.666666667,22.00762632,1.925,85.875,99100,3.1302475,8.04,0
2599,18/04/2024 21:00,102,ct,9.871794872,18.7148,1.4,87.375,99237.5,3.08017,7.8,0
2600,18/04/2024 22:00,77,ct,10.48717949,17.90881053,1.75,88.225,99235,0.92989375,3.24,0
2601,18/04/2024 23:00,60,ct,4.435897436,16.74702,4.033333333,78,98906.66667,1.578326667,5.28,0
2602,19/04/2024 00:00,63,pa,4.692307692,14.65918421,4.7,78.175,98637.5,1.82710325,4.32,0
2603,19/04/2024 01:00,84,pa,3.55,13.773431,4.675,82.05,98525,2.457295,7.08,0
2604,19/04/2024 02:00,212,pa,4.897435897,11.74906316,4.325,80.8,98490,2.0111175,5.76,0
2605,19/04/2024 03:00,813,pa,4.974358974,13.027735,4,81.575,98482.5,2.6184675,5.76,0
2606,19/04/2024 04:00,1332,pa,4.717948718,14.85107895,4.35,81.25,98402.5,2.4749925,6.84,0
2607,19/04/2024 05:00,1522,pa,4.775,16.097665,5.075,82.775,98187.5,4.7311225,13.08,0
2608,19/04/2024 06:00,1541,pa,4.815789474,13.34550526,6.65,78.725,97850,4.55855,11.76,0
2609,19/04/2024 07:00,1401,pa,6.5,9.0482545,8.4,71.075,97397.5,5.9475525,15.48,0
2610,19/04/2024 08:00,1357,pa,4.794871795,5.901487895,9,66.73333333,97116.66667,6.87727,16.16,0
2611,19/04/2024 09:00,1336,pa,3.7,5.8319745,9.075,66.825,96945,7.3413225,19.68,0
2612,19/04/2024 10:00,1451,pa,3.315789474,7.142748947,8.75,67.275,96910,7.5712025,21.24,0
2613,19/04/2024 11:00,1499,pa,1.820512821,8.6215195,8.875,67.7,96825,7.1719825,18.96,0
2614,19/04/2024 12:00,1453,pa,1.076923077,17.83402632,7.875,77.15,96957.5,6.90836,22.92,0.0875
2615,19/04/2024 13:00,1479,pa,1.825,20.749065,7.225,84.625,97070,5.3408025,17.64,0.0875
2616,19/04/2024 14:00,1448,pa,2.641025641,14.34764211,7.45,80.675,96975,6.4097375,17.4,0
2617,19/04/2024 15:00,1373,pa,2.743589744,10.854449,7.95,76.075,96820,4.9697675,13.08,0
2618,19/04/2024 16:00,995,pa,3.512820513,10.01673263,7.625,76.775,96820,4.02912,10.08,0
2619,19/04/2024 17:00,759,pa,2,10.018366,7.25,77.775,96855,4.052195,10.8,0
2620,19/04/2024 18:00,549,pa,3.684210526,12.04202842,6.766666667,80.13333333,96946.66667,3.951196667,9.92,0
2621,19/04/2024 19:00,361,pa,5.075,15.235745,6.175,85.7,97037.5,4.3167525,12.48,0
2622,19/04/2024 20:00,236,pa,2.487179487,16.87196316,5.425,92.75,97192.5,3.89907,9.84,0.0875
2623,19/04/2024 21:00,160,pa,2.307692308,14.11261,5.275,91.375,97252.5,3.137365,9.36,0
2624,19/04/2024 22:00,103,pa,9.923076923,12.19523684,5.15,91.7,97305,2.034045,5.64,0
2625,19/04/2024 23:00,93,pa,4.275,11.59544,5.275,90.8,97310,1.95255,6.36,0
2626,20/04/2024 00:00,56,so,2.41025641,9.925543158,5.375,90.1,97307.5,1.84294,6,0
2627,20/04/2024 01:00,51,so,2.128205128,12.68977,4.875,96.35,97395,1.7129025,5.64,0.175
2628,20/04/2024 02:00,120,so,4.384615385,12.16621053,4.9,97.675,97452.5,1.6712775,5.16,0
2629,20/04/2024 03:00,305,so,4.475,11.29766,4.733333333,97.7,97513.33333,1.414660667,5.44,0
2630,20/04/2024 04:00,407,so,1.794871795,10.365067,5.125,91.8,97557.5,2.135275,7.44,0
2631,20/04/2024 05:00,599,so,1.564102564,7.754880526,5.5,87.975,97567.5,2.1047025,7.2,0
2632,20/04/2024 06:00,821,so,0.897435897,7.9258985,6.125,83.325,97562.5,3.068375,9.24,0
2633,20/04/2024 07:00,1007,so,1.315789474,9.063052632,7.075,77.85,97490,5.068315,14.76,0
2634,20/04/2024 08:00,1056,so,1.05,6.668727,7.15,75.8,97577.5,4.7467375,13.2,0
2635,20/04/2024 09:00,1009,so,0.58974359,5.145665789,8.2,69.925,97500,6.950395,20.16,0
2636,20/04/2024 10:00,1110,so,1.368421053,4.369048,8.6,66.175,97467.5,8.1768525,26.16,0
2637,20/04/2024 11:00,1203,so,1.625,5.990195789,7.275,67.975,97610,9.2919075,22.92,0
2638,20/04/2024 12:00,1204,so,1.641025641,4.9079915,8.1,61.175,97760,6.8639625,19.92,0
2639,20/04/2024 13:00,1119,so,1.307692308,4.367424737,9.133333333,56.63333333,97520,7.5647,22.24,0
2640,20/04/2024 14:00,1116,so,1.368421053,6.142423,9.775,53.775,97475,6.9641025,21.36,0
2641,20/04/2024 15:00,1130,so,1.868421053,5.70394,8.975,58.05,97615,7.0498675,22.08,0
2642,20/04/2024 16:00,1024,so,1.58974359,8.014516842,8.6,59.025,97620,5.2899525,16.2,0
2643,20/04/2024 17:00,725,so,2.384615385,19.91736316,6.375,70,98235,5.5567875,14.76,0
2644,20/04/2024 18:00,570,so,6.358974359,22.901635,4.075,84.85,98780,2.214773,5.4,0
2645,20/04/2024 19:00,310,so,8.384615385,20.50215263,3.175,87.425,99072.5,1.635325,4.2,0
2646,20/04/2024 20:00,212,so,7.9,20.82299,2.2,90,99262.5,2.6488475,5.88,0
2647,20/04/2024 21:00,170,so,19.44736842,15.39706842,2.425,89.1,99252.5,2.612385,7.08,0
2648,20/04/2024 22:00,97,so,15.6,12.950071,3.05,88.95,99175,2.25414975,5.28,0
2649,20/04/2024 23:00,69,so,10.17948718,14.61978421,3.333333333,91.86666667,99096.66667,0.559846333,2.24,0
2650,21/04/2024 00:00,44,ne,9.358974359,15.555065,3.4,92.9,99047.5,0.8126,3.24,0
2651,21/04/2024 01:00,35,ne,9.974358974,14.43226842,3.3,96.275,99030,0.89897475,3.72,0
2652,21/04/2024 02:00,90,ne,7.075,15.249505,2.925,94.925,99070,2.030977,5.52,0
2653,21/04/2024 03:00,213,ne,6.974358974,16.09579474,2.8,95.3,99077.5,2.292475,6.72,0
2654,21/04/2024 04:00,241,ne,6.435897436,14.19405,2.75,95.875,99087.5,2.9908075,7.32,0
2655,21/04/2024 05:00,330,ne,5.666666667,13.57364737,3.15,94.675,99090,3.2009275,9,0
2656,21/04/2024 06:00,449,ne,5.15,10.2623135,4.55,86.25,98880,1.376025,6,0
2657,21/04/2024 07:00,673,ne,4.631578947,5.627072105,5.35,75.9,98685,5.554065,13.8,0
2658,21/04/2024 08:00,773,ne,3.35,3.7986125,7,62.2,98470,7.327066667,20.64,0
2659,21/04/2024 09:00,924,ne,2.794871795,3.236339474,8.875,53.35,98000,7.3539175,17.76,0
2660,21/04/2024 10:00,935,ne,4.358974359,3.759465,8.725,52.725,97950,7.181495,19.2,0
2661,21/04/2024 11:00,1071,ne,4,3.442001053,9.2,47.775,97825,7.4800425,20.16,0
2662,21/04/2024 12:00,1202,ne,3.641025641,3.826772,10.5,45.6,97530,7.846085,21.96,0
2663,21/04/2024 13:00,1101,ne,2.641025641,4.32811,9.625,46.45,97665,6.75504,19.32,0
2664,21/04/2024 14:00,1163,ne,2.775,6.5159995,9.2,46.925,97712.5,9.30999,23.16,0
2665,21/04/2024 15:00,1166,ne,2.538461538,7.47825,8.325,48.95,98065,7.72013,23.52,0
2666,21/04/2024 16:00,959,ne,3.153846154,9.866324,6.85,50.3,98360,7.5143725,20.04,0
2667,21/04/2024 17:00,695,ne,3.153846154,9.520247368,6.2,51.15,98710,6.002635,18.72,0
2668,21/04/2024 18:00,426,ne,7.6,15.252766,4.175,60.25,99155,2.12937775,6.36,0
2669,21/04/2024 19:00,235,ne,7.684210526,25.70067368,1.533333333,76.63333333,99656.66667,0.793066667,3.36,0
2670,21/04/2024 20:00,159,ne,8.675,20.150675,-0.05,84.725,99972.5,2.4863,6,0
2671,21/04/2024 21:00,108,ne,23.02631579,19.31256842,-0.7,87.8,100142.5,3.3312525,6.96,0
2672,21/04/2024 22:00,86,ne,18.71794872,18.512915,-0.775,88.35,100175,3.0526675,6.6,0
2673,21/04/2024 23:00,55,ne,12.35897436,18.02482105,-0.85,88.825,100190,2.4500325,6.24,0
2674,22/04/2024 00:00,99,po,11.125,17.987415,-1.175,90.425,100195,2.71129,6.24,0
2675,22/04/2024 01:00,121,po,16.21052632,16.9402,-1.95,93.4,100312.5,2.30512,5.64,0
2676,22/04/2024 02:00,276,po,13.71794872,16.88477368,-2.025,93.875,100335,2.7181475,6.72,0
2677,22/04/2024 03:00,1904,po,15.87179487,19.72046842,-2.066666667,95.4,100363.3333,2.075963333,5.28,0
2678,22/04/2024 04:00,2713,po,8.85,32.626345,-1.725,93.4,100362.5,1.816966,4.44,0
2679,22/04/2024 05:00,2773,po,8.842105263,28.39723158,3.925,74.7,99600,1.69581025,4.8,0
2680,22/04/2024 06:00,2857,po,8.025,15.431302,3.675,81.525,98977.5,2.8594425,7.8,0
2681,22/04/2024 07:00,2536,po,5.615384615,11.15606,5.175,74.425,99007.5,4.9383425,12.6,0
2682,22/04/2024 08:00,2459,po,3.512820513,6.6870895,7.075,63.775,98530,6.983615,17.76,0
2683,22/04/2024 09:00,2511,po,4.051282051,6.004462632,6.425,60.525,98485,6.94267,17.4,0
2684,22/04/2024 10:00,2147,po,3.725,4.8956455,7.725,52.125,98387.5,5.11819,14.64,0
2685,22/04/2024 11:00,2569,po,3.230769231,5.739001579,7.2,53.375,98295,6.0029375,16.08,0
2686,22/04/2024 12:00,2843,po,2.512820513,4.9782335,9.525,45.725,97950,5.6689525,16.2,0
2687,22/04/2024 13:00,2780,po,2,4.594602105,9.266666667,45.36666667,97656.66667,6.122176667,17.12,0
2688,22/04/2024 14:00,2612,po,1.775,6.5253565,8.05,48.35,98002.5,5.7192975,17.4,0
2689,22/04/2024 15:00,2311,po,5.897435897,8.180498421,7.25,48.325,98345,5.9094675,15.6,0
2690,22/04/2024 16:00,1674,po,1.769230769,9.0401485,6.675,48.125,98555,5.649075,14.52,0
2691,22/04/2024 17:00,1076,po,2.102564103,11.25791632,5.65,51.85,98817.5,5.7260175,14.28,0
2692,22/04/2024 18:00,702,po,2.475,14.706385,4.625,56.55,99095,3.67988,9.48,0
2693,22/04/2024 19:00,416,po,3.763157895,18.23357895,2.675,66.225,99497.5,1.9357635,6.24,0
2694,22/04/2024 20:00,312,po,10.05405405,21.17766667,0.1,79.9,99935,0.93978225,4.08,0
2695,22/04/2024 21:00,173,po,13.76315789,22.17378947,-1.025,85.35,100295,0.3188374,2.04,0
2696,22/04/2024 22:00,105,po,9.358974359,20.3335,-1.433333333,87.16666667,100393.3333,1.168608,4.64,0
2697,22/04/2024 23:00,89,po,8.333333333,16.91843158,-1.975,88.575,100435,2.4335975,6.72,0
2698,23/04/2024 00:00,87,ut,7.925,15.75221,-2.9,91.1,100520,1.7329325,5.28,0
2699,23/04/2024 01:00,155,ut,8.368421053,15.53397368,-3.575,92.575,100620,1.76344575,5.04,0
2700,23/04/2024 02:00,427,ut,7.25,16.337375,-4.175,93.275,100685,1.98067075,5.4,0
2701,23/04/2024 03:00,1715,ut,8.666666667,26.94571579,-4.55,94.025,100745,1.5373675,6.24,0
2702,23/04/2024 04:00,2686,ut,12.35,38.72197,-2.625,85.825,100570,0.89934725,3.6,0
2703,23/04/2024 05:00,2833,ut,13.62162162,38.85315789,0.8,75.875,99647.5,1.23115075,3.84,0
2704,23/04/2024 06:00,3040,ut,15.25,35.380775,2.733333333,74.93333333,99303.33333,1.243684333,4.16,0
2705,23/04/2024 07:00,2571,ut,7.282051282,12.87359526,7.425,58.55,98580,1.858769,5.52,0
2706,23/04/2024 08:00,2521,ut,3.435897436,4.2080715,7.6,51.75,98120,3.744365,10.8,0
2707,23/04/2024 09:00,2423,ut,4.333333333,4.263684211,9.125,48.725,97725,3.30792,8.88,0
2708,23/04/2024 10:00,2424,ut,3.846153846,3.7623585,10.85,44.3,97395,3.438485,10.68,0
2709,23/04/2024 11:00,2429,ut,4.717948718,3.098265789,12.775,38.825,96985,3.878795,9.36,0
2710,23/04/2024 12:00,2765,ut,3.95,6.5006795,12,40.7,96870,4.0857125,10.68,0
2711,23/04/2024 13:00,2850,ut,6.538461538,5.474317368,12.125,44.8,96757.5,5.1176475,12.12,0
2712,23/04/2024 14:00,2602,ut,7.461538462,6.367618,11.425,45.9,96800,3.02815,9.24,0
2713,23/04/2024 15:00,2260,ut,6.461538462,10.62073105,10.175,48.25,97172.5,1.79796,5.4,0
2714,23/04/2024 16:00,1912,ut,8.25,15.001545,9.325,50.825,97430,2.0131175,6,0
2715,23/04/2024 17:00,1208,ut,10.81578947,18.87044211,8.733333333,53.83333333,97580,0.928435667,4.16,0
2716,23/04/2024 18:00,762,ut,13.425,24.199115,8.05,56.625,97715,1.7710025,5.16,0
2717,23/04/2024 19:00,378,ut,16.92307692,22.60865789,6.875,66.125,97847.5,3.1959475,6.96,0
2718,23/04/2024 20:00,339,ut,14.15384615,23.095385,6.05,72.1,97970,2.00463,5.4,0
2719,23/04/2024 21:00,168,ut,15.28205128,22.64674211,5.7,75.35,98052.5,0.62512675,2.52,0
2720,23/04/2024 22:00,102,ut,13.125,24.0816,5.25,79.575,98097.5,0.7081133,2.88,0
2721,23/04/2024 23:00,115,ut,11.05128205,18.33373684,4.9,81.85,98072.5,1.821492,4.56,0
2722,24/04/2024 00:00,109,st,10.05128205,13.828032,5.25,78.775,98012.5,0.65477975,3,0
2723,24/04/2024 01:00,169,st,7.461538462,14.28882105,4.975,78.1,97967.5,0.145992203,1.32,0
2724,24/04/2024 02:00,448,st,10.875,16.813815,3.25,85.15,98172.5,1.1102855,4.44,0
2725,24/04/2024 03:00,1687,st,6.710526316,22.02730526,1.966666667,85.63333333,98340,3.344466667,6.72,0
2726,24/04/2024 04:00,2826,st,6.625,21.66609,1.9,85.875,98375,2.9634675,6.12,0
2727,24/04/2024 05:00,3033,st,8.525,15.391171,4.85,75.925,98015,1.88894,4.32,0
2728,24/04/2024 06:00,2873,st,9.5,13.40714947,7.2,65.775,97507.5,0.6102625,2.4,0
2729,24/04/2024 07:00,2615,st,7.25,8.048207,9.725,56.175,97005,2.09276775,6,0
2730,24/04/2024 08:00,2479,st,6.384615385,8.433762105,11.425,49.2,96507.5,2.896625,9.12,0
2731,24/04/2024 09:00,2475,st,7.475,5.245086,11,50.475,96155,2.87778,9.6,0
2732,24/04/2024 10:00,2434,st,7,5.684615789,11.4,46.5,96200,2.7171425,7.92,0
2733,24/04/2024 11:00,2630,st,5.5,5.3303505,11.4,45.675,96260,2.308385,6.84,0
2734,24/04/2024 12:00,2792,st,5.435897436,5.849764211,11.8,44.46666667,96116.66667,4.15392,11.84,0
2735,24/04/2024 13:00,2766,st,9.15,6.051709,12.125,44.55,96047.5,4.8166775,13.32,0
2736,24/04/2024 14:00,2689,st,9.657894737,9.080405263,11.2,50.225,96040,4.78468,11.52,0
2737,24/04/2024 15:00,2382,st,7.7,13.674387,10.325,54.1,96285,4.139885,11.88,0
2738,24/04/2024 16:00,1770,st,7.153846154,17.48371842,10.025,55.575,96380,2.6248475,7.8,0
2739,24/04/2024 17:00,1222,st,4.923076923,19.795832,8.775,61.575,96660,2.07449975,6.96,0
2740,24/04/2024 18:00,792,st,7.076923077,27.97600526,6.225,73.525,97182.5,0.76335925,3,0
2741,24/04/2024 19:00,549,st,9.8,27.45429,3.725,82.625,97665,3.2235425,7.68,0
2742,24/04/2024 20:00,372,st,10.76923077,23.37412105,2.725,86.25,97955,2.4835925,5.88,0
2743,24/04/2024 21:00,139,st,9.710526316,21.76223684,2.55,86.525,98107.5,0.7886895,2.76,0
2744,24/04/2024 22:00,103,st,10.33333333,21.02001579,1.366666667,90.6,98213.33333,2.56508,6.88,0
2745,24/04/2024 23:00,91,st,9.125,18.419715,1.225,91.9,98310,0.87302225,5.04,0
2746,25/04/2024 00:00,87,ct,7.473684211,17.07946316,1.7,91.95,98285,0.7228,3.12,0
2747,25/04/2024 01:00,143,ct,7.2,16.00881,2.25,90.375,98140,1.37455475,6.12,0
2748,25/04/2024 02:00,410,ct,6.102564103,19.16148421,2.7,92.65,97950,1.0281855,4.08,0
2749,25/04/2024 03:00,1715,ct,4.307692308,18.357685,3.175,92.15,97845,1.245019,4.2,0
2750,25/04/2024 04:00,2736,ct,5.179487179,19.06464211,3.5,90.625,97780,1.3614025,4.08,0
2751,25/04/2024 05:00,2811,ct,4.675,18.936425,4.7,87.375,97632.5,2.20754,7.08,0
2752,25/04/2024 06:00,2727,ct,3.923076923,10.40215895,6.9,76.175,97295,3.6455625,9.96,0
2753,25/04/2024 07:00,2598,ct,2.743589744,6.6589925,7.6,67.43333333,96973.33333,4.071483333,9.92,0
2754,25/04/2024 08:00,2527,ct,2.358974359,4.865363158,7.8,67.875,97040,5.8373575,13.44,0.0875
2755,25/04/2024 09:00,2313,ct,2.384615385,4.9728055,9.7,63.275,96685,5.2511125,13.68,0
2756,25/04/2024 10:00,2396,ct,2,10.43001158,8.625,62.225,96620,5.101485,14.88,0
2757,25/04/2024 11:00,2504,ct,2,12.778208,8.725,69.35,96725,2.6941,8.28,0.0875
2758,25/04/2024 12:00,2673,ct,2.358974359,22.06561842,8.075,77.375,96840,4.0371325,14.4,0.175
2759,25/04/2024 13:00,2743,ct,4.8,23.295951,8.25,80.55,96945,3.3245375,11.16,0.7875
2760,25/04/2024 14:00,2648,ct,1.105263158,8.868110526,11.725,61.2,96110,3.1374225,9.48,0
2761,25/04/2024 15:00,2430,ct,1.925,6.046699,10.375,63.3,96310,4.5800025,13.2,0
2762,25/04/2024 16:00,1854,ct,4.641025641,7.122432632,9.975,60.775,96577.5,2.7297225,9.6,0
2763,25/04/2024 17:00,1246,ct,10.8974359,11.4757185,8.725,64,96910,1.8150375,6.12,0
2764,25/04/2024 18:00,884,ct,10.56410256,36.91436316,7,80.06666667,97293.33333,1.399705333,4.96,0
2765,25/04/2024 19:00,573,ct,9.15,21.445845,6.425,82.8,97447.5,2.9411025,6.72,0
2766,25/04/2024 20:00,397,ct,6.41025641,19.4569,5.675,85.975,97605,2.1591855,5.52,0
2767,25/04/2024 21:00,218,ct,9.236842105,16.93365789,4.05,92.225,97867.5,1.589949,4.8,0
2768,25/04/2024 22:00,142,ct,6.025641026,13.83657368,2.925,93.325,98162.5,1.26562325,5.28,0
2769,25/04/2024 23:00,71,ct,5.25,13.57391,2.275,95.4,98355,0.752641,2.64,0
2770,26/04/2024 00:00,113,pa,5.605263158,13.93517895,1.225,95.775,98487.5,1.45001425,4.92,0
2771,26/04/2024 01:00,158,pa,7.925,13.470385,0.675,95.9,98580,2.106265,5.4,0
2772,26/04/2024 02:00,446,pa,6.210526316,15.3107,1.025,96.125,98540,1.1081445,3.84,0
2773,26/04/2024 03:00,1660,pa,9.743589744,23.34652,1.766666667,95.53333333,98453.33333,0.172761,1.6,0
2774,26/04/2024 04:00,2573,pa,14.46153846,25.02421053,2.3,95.275,98345,0.33019275,1.44,0
2775,26/04/2024 05:00,2701,pa,16.175,32.48857,3.7,91.6,98165,0.80090525,2.64,0
2776,26/04/2024 06:00,2751,pa,11.97435897,26.04464211,5.85,85.05,97777.5,1.7435425,4.44,0
2777,26/04/2024 07:00,2678,pa,8.153846154,9.913987,10,67.675,97112.5,2.1341075,6.72,0.0875
2778,26/04/2024 08:00,2623,pa,6.384615385,4.412740526,11.95,59.85,96402.5,2.8492375,8.16,0
2779,26/04/2024 09:00,2643,pa,5.775,2.0754225,14.225,49.4,96115,4.9381125,11.76,0
2780,26/04/2024 10:00,2683,pa,4.743589744,2.461793158,14.425,45.9,95867.5,6.278785,14.4,0
2781,26/04/2024 11:00,2791,pa,3.179487179,2.956515,15.6,41.95,95772.5,6.18853,15.12,0
2782,26/04/2024 12:00,3066,pa,3.820512821,3.681583684,16.175,39.675,95572.5,4.7921075,11.16,0
2783,26/04/2024 13:00,3004,pa,4.025,3.9191515,16.6,39.93333333,95446.66667,5.698486667,14.08,0
2784,26/04/2024 14:00,2878,pa,2.769230769,3.872532632,17.7,38.925,95332.5,4.3641525,12.48,0
2785,26/04/2024 15:00,2739,pa,3.076923077,5.800212,16.05,41.55,95675,3.283705,8.88,0
2786,26/04/2024 16:00,2243,pa,6.58974359,11.62303158,15.6,43.9,95870,3.41187,6.48,0
2787,26/04/2024 17:00,1459,pa,6.35,21.2330595,14.375,54.675,96095,1.5024225,3.6,0
2788,26/04/2024 18:00,1057,pa,10.36842105,23.15133158,12.575,65.475,96427.5,1.81566975,5.04,0
2789,26/04/2024 19:00,696,pa,8.725,19.808415,11.375,70.575,96705,1.9541425,4.08,0
2790,26/04/2024 20:00,481,pa,8.051282051,22.42306842,10.85,72.7,96842.5,2.1533175,5.28,0
2791,26/04/2024 21:00,300,pa,6.871794872,25.80934,9.975,78.675,96982.5,1.245812,3.6,0
2792,26/04/2024 22:00,224,pa,6.564102564,24.31415789,9.075,83.275,97157.5,1.524824,3.72,0
2793,26/04/2024 23:00,139,pa,11.1,22.307325,8.375,85.85,97310,2.1240975,4.8,0
2794,27/04/2024 00:00,111,so,6.526315789,18.18386842,8.033333333,86.23333333,97403.33333,2.119516667,5.12,0
2795,27/04/2024 01:00,127,so,5.525,17.006435,7.875,86.425,97475,1.773675,5.28,0
2796,27/04/2024 02:00,259,so,6.615384615,18.03899474,7.825,87.475,97522.5,1.39862025,5.04,0
2797,27/04/2024 03:00,700,so,7.725,23.20037,7.7,88.775,97577.5,0.4393809,2.28,0
2798,27/04/2024 04:00,924,so,11.78378378,32.22139474,7.9,88.95,97632.5,0.38659065,2.16,0
2799,27/04/2024 05:00,1264,so,15.6,21.612834,11.6,74.475,97240,0.926334325,3.24,0
2800,27/04/2024 06:00,1733,so,9.025641026,5.093910526,14.7,61.275,96427.5,1.7916025,5.04,0
2801,27/04/2024 07:00,2210,so,5.611111111,4.567543,16.675,55.625,95990,2.9754325,9.24,0
2802,27/04/2024 08:00,2317,so,4.743589744,4.199248421,19.05,48.225,95632.5,3.3062575,7.68,0
2803,27/04/2024 09:00,2240,so,3.205128205,1.4967729,20.475,42.475,95455,3.60308,10.32,0
2804,27/04/2024 10:00,2123,so,3.435897436,2.386354737,20.825,41.875,95392.5,5.63409,15.72,0
2805,27/04/2024 11:00,2534,so,2.675,1.9615455,23.03333333,36.5,95026.66667,4.965296667,14.88,0
2806,27/04/2024 12:00,2433,so,2,1.807938579,22.25,33.275,94842.5,7.35794,19.8,0
2807,27/04/2024 13:00,2093,so,2.128205128,2.859902,22.25,31.625,94940,8.264475,18.96,0
2808,27/04/2024 14:00,2132,so,1.948717949,3.080583158,22.45,30.125,94800,8.3526475,22.32,0
2809,27/04/2024 15:00,2112,so,2.575,4.1403005,22.325,32.4,94895,9.6068375,19.8,0
2810,27/04/2024 16:00,2056,so,4.894736842,4.730068947,21.2,35.05,95090,9.8511125,24.36,0
2811,27/04/2024 17:00,1530,so,5.297297297,13.9572345,19.425,39.1,95607.5,7.2893525,19.08,0
2812,27/04/2024 18:00,985,so,3.815789474,20.54072632,18.1,43.675,95967.5,7.0419,16.8,0
2813,27/04/2024 19:00,666,so,4.75,24.63242,17.175,47.675,96205,7.5595525,16.2,0
2814,27/04/2024 20:00,386,so,3.205128205,27.44440526,15.95,52.25,96440,3.038385,10.2,0
2815,27/04/2024 21:00,329,so,2.461538462,24.65003,15.35,54.475,96627.5,5.1053625,12.24,0
2816,27/04/2024 22:00,203,so,3.641025641,25.33288421,14.225,58.45,96762.5,2.977505,10.56,0
2817,27/04/2024 23:00,159,so,4.225,28.2301,12.83333333,64.63333333,96960,3.280523333,10.56,0
2818,28/04/2024 00:00,109,ne,4.1,19.794225,11.225,72.7,97157.5,1.661797,6.24,0
2819,28/04/2024 01:00,61,ne,5.868421053,25.61457368,8.475,85.5,97615,1.034188,3.6,0
2820,28/04/2024 02:00,202,ne,4.5,30.74071,7.225,90.35,97875,0.8274985,3.12,0
2821,28/04/2024 03:00,415,ne,6.051282051,29.23438421,7.4,90.175,97920,1.26056075,4.44,0
2822,28/04/2024 04:00,489,ne,5.282051282,26.81963,6.95,92.1,97995,1.5804925,4.44,0
2823,28/04/2024 05:00,620,ne,6.473684211,16.82133111,13.1,71.36666667,97286.66667,1.4037,4.32,0
2824,28/04/2024 06:00,963,ne,4.775,3.5806395,16.3,62.2,96240,3.2663525,9,0
2825,28/04/2024 07:00,1446,ne,4.114285714,6.67581,17.675,59.325,95852.5,3.3721425,8.88,0
2826,28/04/2024 08:00,1756,ne,4.65,5.4536015,19.375,55.8,95742.5,2.969,9,0
2827,28/04/2024 09:00,1776,ne,3.333333333,3.068950526,20,54.2,95602.5,3.1074,8.28,0
2828,28/04/2024 10:00,1950,ne,3.666666667,4.4882645,21,52.06666667,95526.66667,3.169373333,9.12,0
2829,28/04/2024 11:00,2195,ne,4.743589744,2.283035789,22.05,46.25,95180,2.99269,8.16,0
2830,28/04/2024 12:00,2188,ne,4.025,2.2615354,22.8,44.875,94915,4.59762,13.08,0
2831,28/04/2024 13:00,2101,ne,2.842105263,3.555737368,24.275,43.45,94835,4.2345775,13.44,0
2832,28/04/2024 14:00,2210,ne,5.307692308,4.000297368,24.15,41.775,94890,4.3165275,11.28,0
2833,28/04/2024 15:00,2595,ne,3.105263158,3.067458421,24.4,38.975,94935,4.272475,10.92,0
2834,28/04/2024 16:00,2089,ne,3.325,3.4738715,23.925,39.65,95057.5,3.7191175,9.24,0
2835,28/04/2024 17:00,1459,ne,3.538461538,4.255651053,21.975,42.975,95515,1.7842775,5.88,0
2836,28/04/2024 18:00,1009,ne,4.225806452,34.5285135,20.075,48.05,95980,1.62376,4.68,0
2837,28/04/2024 19:00,576,ne,4.657142857,46.13827368,18.525,54.9,96372.5,1.544605,5.52,0
2838,28/04/2024 20:00,343,ne,6.1,34.12193,16.575,63.075,96672.5,1.616245,4.68,0
2839,28/04/2024 21:00,208,ne,7.078947368,38.71047895,14.7,72.33333333,97006.66667,0.915349667,4.48,0
2840,28/04/2024 22:00,167,ne,5.153846154,40.213025,12.26666667,81.76666667,97456.66667,1.1212927,4.16,0
2841,28/04/2024 23:00,132,ne,5.368421053,34.14624737,11.325,85.45,97660,2.540865,5.88,0
2842,29/04/2024 00:00,148,po,8.95,29.338535,10.65,87.7,97865,2.111311,6.84,0
2843,29/04/2024 01:00,223,po,8.230769231,24.12107895,9.575,90.825,98072.5,2.587615,6.24,0
2844,29/04/2024 02:00,564,po,6.435897436,23.097855,8.775,93.25,98275,1.1706275,3.96,0
2845,29/04/2024 03:00,1898,po,6.794871795,33.67611053,8.225,94.75,98470,1.4977475,5.64,0
2846,29/04/2024 04:00,2766,po,7.575,34.655045,9.625,88.85,98405,2.929565,6.72,0
2847,29/04/2024 05:00,2974,po,7.789473684,23.25334211,15,73.25,97575,2.4149445,4.92,0
2848,29/04/2024 06:00,2852,po,5.375,3.3345762,21.5,51.925,96485,2.11631855,6.24,0
2849,29/04/2024 07:00,2543,po,1.717948718,2.934033684,20.675,50.3,96255,4.47133,12.48,0
2850,29/04/2024 08:00,2480,po,2.205128205,2.7571025,21.45,48.4,96142.5,5.8124425,17.04,0
2851,29/04/2024 09:00,2471,po,1.717948718,2.561663684,22.36666667,47.4,96050,5.702276667,17.76,0
2852,29/04/2024 10:00,2520,po,2.9,2.9679,24.225,45.6,95757.5,4.5523175,12.6,0
2853,29/04/2024 11:00,2529,po,2.820512821,2.491836842,25.25,45.375,95497.5,5.27395,14.76,0
2854,29/04/2024 12:00,2923,po,2.897435897,2.6759855,25.85,44.075,95247.5,6.28493,15.36,0
2855,29/04/2024 13:00,2785,po,3,3.341787895,27.275,41.975,94972.5,6.1499325,15.48,0
2856,29/04/2024 14:00,2776,po,5.575,3.4639255,25.975,44.975,95045,4.8842,13.32,0
2857,29/04/2024 15:00,2405,po,8,3.595337368,25.775,45.175,95177.5,5.63113,12.96,0
2858,29/04/2024 16:00,1724,po,8.2,4.1661935,25.175,46.975,95380,5.043155,10.8,0
2859,29/04/2024 17:00,1187,po,9.105263158,26.57592158,22.725,56.075,95812.5,1.7519625,5.88,0
2860,29/04/2024 18:00,834,po,11.90909091,71.749475,18.4,72.625,96500,1.70434,4.68,0
2861,29/04/2024 19:00,524,po,9.842105263,63.01601053,15.95,80.7,97030,1.75845,5.52,0
2862,29/04/2024 20:00,387,po,11,46.747265,14.05,85.875,97405,1.4910405,5.88,0
2863,29/04/2024 21:00,214,po,8.58974359,36.96791579,13.4,87.43333333,97630,0.904364333,3.84,0
2864,29/04/2024 22:00,100,po,10.225,31.41839,12.475,89.55,97780,1.295383,5.16,0
2865,29/04/2024 23:00,96,po,8.842105263,19.16495789,12.2,91.1,97900,1.29608925,5.16,0
2866,30/04/2024 00:00,71,ut,7.425,11.261764,11.8,93.675,97942.5,1.1847625,4.32,0
2867,30/04/2024 01:00,141,ut,5.871794872,7.870437368,11.6,91.6,97997.5,1.174538,5.04,0
2868,30/04/2024 02:00,445,ut,5.282051282,9.2532885,11.275,89.8,98020,1.05573825,5.28,0
2869,30/04/2024 03:00,1779,ut,7.461538462,26.99173789,10.625,92.75,98090,0.750616,3.48,0
2870,30/04/2024 04:00,2569,ut,8.6,23.86062,13.05,81.75,97855,1.6843985,4.92,0
2871,30/04/2024 05:00,2970,ut,10.26315789,13.78742421,17.9,65.7,96877.5,3.20468,9.24,0
2872,30/04/2024 06:00,2759,ut,4.35,1.9768615,22.25,53.85,96007.5,4.1392875,12.72,0
2873,30/04/2024 07:00,2710,ut,3.743589744,3.018426316,23.225,48.375,95482.5,3.61658,10.44,0
2874,30/04/2024 08:00,2606,ut,3.675,2.5765215,24.16666667,46.1,95340,4.942533333,12.8,0
2875,30/04/2024 09:00,2671,ut,4.473684211,1.538671368,25.15,45.85,95315,5.66516,15.72,0
2876,30/04/2024 10:00,2553,ut,4.55,2.0457045,26.725,42.475,95102.5,6.866745,16.44,0
2877,30/04/2024 11:00,2748,ut,4.743589744,1.221069053,27.5,38.45,94747.5,8.82841,21.96,0
2878,30/04/2024 12:00,2998,ut,5.179487179,1.2759953,28.375,36.525,94517.5,10.22977,23.04,0
2879,30/04/2024 13:00,3025,ut,4.083333333,1.830698333,28.86666667,34.63333333,94300,9.41275,19.84,0
2880,30/04/2024 14:00,2695,ut,3.925,2.119582,29.625,34.075,94087.5,8.54881,20.4,0
2881,30/04/2024 15:00,2460,ut,4.789473684,2.656195263,28.625,35.25,94202.5,8.8783125,21.24,0
2882,30/04/2024 16:00,1950,ut,4.846153846,4.390804,27.225,37.425,94537.5,9.5596725,20.76,0
2883,30/04/2024 17:00,1393,ut,6.128205128,8.265987895,25.15,41.475,95000,7.923025,19.68,0
2884,30/04/2024 18:00,988,ut,4.775,12.290935,23.5,42.675,95397.5,8.6635975,18.6,0
2885,30/04/2024 19:00,682,ut,4.974358974,13.23648947,22.35,44.25,95657.5,9.3598825,21.12,0
2886,30/04/2024 20:00,460,ut,4.717948718,17.345285,20.975,48.5,95895,4.554515,13.56,0
2887,30/04/2024 21:00,285,ut,4.571428571,19.31252632,20.46666667,50.53333333,96073.33333,5.267896667,14.24,0
2888,30/04/2024 22:00,193,ut,4.948717949,22.285035,19.76666667,52.56666667,96190,4.577513333,12.64,0
2889,30/04/2024 23:00,127,ut,5,18.39426316,18.5,55.975,96362.5,2.7155825,7.44,0
2890,01/05/2024 00:00,96,st,5.95,21.351855,16,65.65,96627.5,1.20387325,3.6,0
2891,01/05/2024 01:00,87,st,5.710526316,20.56395263,16.95,61.425,96657.5,4.8077325,13.56,0
2892,01/05/2024 02:00,235,st,5.95,17.219725,16.575,62.35,96577.5,3.9098575,12.24,0
2893,01/05/2024 03:00,723,st,5.717948718,26.68158947,15.225,67.175,96752.5,1.9435175,7.56,0
2894,01/05/2024 04:00,958,st,5.538461538,24.480215,16.75,62.25,96575,2.45316,6.36,0
2895,01/05/2024 05:00,1033,st,6.025641026,8.146020526,20.125,53.775,95842.5,2.5392375,7.44,0
2896,01/05/2024 06:00,1441,st,3.9,2.8640345,21.1,51.95,95305,6.02145,15.12,0
2897,01/05/2024 07:00,1758,st,3.948717949,3.87849,22.375,49.6,95042.5,6.83879,17.52,0
2898,01/05/2024 08:00,1918,st,4.846153846,3.7781575,23.475,49.025,94892.5,7.00535,22.2,0
2899,01/05/2024 09:00,1966,st,5.333333333,2.636377368,23,51.23333333,94813.33333,11.55052,27.36,0
2900,01/05/2024 10:00,1892,st,5.625,3.161338,24.375,49.45,94750,12.2729,27.36,0
2901,01/05/2024 11:00,2190,st,4.702702703,3.194316842,24.3,49.775,94630,12.70425,29.4,0
2902,01/05/2024 12:00,2094,st,5.15,2.732229,24.625,46.775,94320,10.3686825,25.8,0
2903,01/05/2024 13:00,2191,st,5.35,2.871263,25,44.425,94200,11.601725,27.72,0
2904,01/05/2024 14:00,2144,st,5.820512821,3.895611053,24.425,45.375,94327.5,9.857075,24.12,0
2905,01/05/2024 15:00,1462,st,5.564102564,5.3404595,23.675,47.475,94407.5,9.8540475,24.36,0
2906,01/05/2024 16:00,1688,st,5.076923077,6.531635789,23.275,48.9,94540,9.797195,24.48,0
2907,01/05/2024 17:00,1297,st,5.625,7.8408695,21.825,52.45,94820,11.47609,26.88,0
2908,01/05/2024 18:00,772,st,5.684210526,15.06002105,20.575,55.8,95147.5,10.5078525,27.72,0
2909,01/05/2024 19:00,504,st,5,16.11595,19.775,58.4,95332.5,10.86699,26.52,0
2910,01/05/2024 20:00,299,st,4.769230769,14.46996842,18.975,60.825,95502.5,4.72994,15,0
2911,01/05/2024 21:00,148,st,4.789473684,17.29052632,18.26666667,63.66666667,95660,4.141346667,11.52,0
2912,01/05/2024 22:00,111,st,4.078947368,17.8974,17.6,65.53333333,95746.66667,3.759873333,12,0
2913,01/05/2024 23:00,74,st,4.775,13.920165,17.225,66.85,95772.5,2.4873275,9.6,0
2914,02/05/2024 00:00,70,ct,4.794871795,12.26378947,17.275,66.325,95735,4.0019875,14.64,0
2915,02/05/2024 01:00,193,ct,4.897435897,10.908393,17,66.875,95722.5,4.9935675,14.16,0
2916,02/05/2024 02:00,535,ct,5.282051282,7.42842,16.9,65.25,95710,6.809465,17.88,0
2917,02/05/2024 03:00,1787,ct,4.35,5.3226375,16.7,62.625,95692.5,6.6542575,21.72,0
2918,02/05/2024 04:00,2579,ct,3.921052632,5.784140526,17.325,59.825,95582.5,5.180805,13.08,0
2919,02/05/2024 05:00,2867,ct,4.459459459,4.675859,19.35,55.25,95072.5,6.248685,21.6,0
2920,02/05/2024 06:00,2850,ct,5.236842105,3.316704211,20.325,53.775,94690,8.028225,25.08,0
2921,02/05/2024 07:00,2741,ct,5.025,6.3931965,21.75,52.875,94387.5,6.4865775,21.6,0
2922,02/05/2024 08:00,1674,ct,7.394736842,5.580543158,21.9,55.925,94347.5,10.98505,27.12,0
2923,02/05/2024 09:00,2397,ct,9.725,3.197853,22.46666667,56,94256.66667,11.97483333,32.32,0
2924,02/05/2024 10:00,2490,ct,11.18421053,3.229751579,23.95,52.425,94130,14.0277,33.72,0
2925,02/05/2024 11:00,2565,ct,9.15,5.078579,23.125,55.425,94042.5,11.445835,31.2,0
2926,02/05/2024 12:00,2938,ct,10.17948718,4.53806,23.1,55.225,93990,13.17145,31.8,0
2927,02/05/2024 13:00,2787,ct,10.51282051,3.805919,24.6,51.75,93792.5,13.1724,31.92,0
2928,02/05/2024 14:00,2849,ct,11.61538462,4.202497368,23.275,52.875,93857.5,13.468075,34.32,0
2929,02/05/2024 15:00,2290,ct,7.825,4.3195885,23.425,53.025,93927.5,13.16465,32.52,0
2930,02/05/2024 16:00,1846,ct,7.421052632,4.432245789,22.8,54.125,94090,10.04392,27,0
2931,02/05/2024 17:00,1264,ct,6,8.7694685,21.65,57.875,94400,9.6996025,27.36,0
2932,02/05/2024 18:00,856,ct,5.923076923,16.91407895,20.3,63.175,94750,7.4270325,18.72,0
2933,02/05/2024 19:00,474,ct,6.111111111,16.46934,19.8,64.65,94937.5,10.2040675,27.12,0
2934,02/05/2024 20:00,343,ct,5.025641026,13.65808526,19.225,65.975,95057.5,11.370395,28.2,0
2935,02/05/2024 21:00,175,ct,6.289473684,18.09522105,18.56666667,70.16666667,95240,4.93414,15.84,0
2936,02/05/2024 22:00,118,ct,5.894736842,17.40888421,17.96666667,73.43333333,95390,5.094993333,14.56,0
2937,02/05/2024 23:00,95,ct,7,16.647665,17.25,76.425,95525,2.673995,7.8,0
2938,03/05/2024 00:00,100,pa,8.333333333,18.17307895,15.925,81.45,95722.5,3.727915,10.44,0
2939,03/05/2024 01:00,133,pa,7.769230769,19.23862,14.775,86.05,95980,2.647722,8.4,0
2940,03/05/2024 02:00,432,pa,7.153846154,21.51621053,14.35,87.775,96102.5,2.5384625,9.24,0
2941,03/05/2024 03:00,1702,pa,7.4,21.126255,13.125,93.3,96242.5,1.268765,3.48,0
2942,03/05/2024 04:00,2473,pa,8.263157895,15.83479053,15.55,85.125,96072.5,1.04468575,3.24,0
2943,03/05/2024 05:00,2715,pa,7.675,13.3941585,15.7,84.7,95912.5,2.48159,6.72,0
2944,03/05/2024 06:00,2681,pa,7.736842105,8.508257368,16.175,83.025,95892.5,3.5592725,8.88,0
2945,03/05/2024 07:00,2645,pa,8.875,5.2585225,17.45,77.5,95705,2.2870825,6.24,0
2946,03/05/2024 08:00,2648,pa,10.66666667,4.921303684,18.125,74.625,95562.5,2.3429525,6.12,0
2947,03/05/2024 09:00,2602,pa,8.25,4.457056,17.83333333,74.66666667,95620,4.085186667,8.48,0
2948,03/05/2024 10:00,2712,pa,4.514285714,4.155158947,18.35,71.1,95685,4.3524575,9.48,0
2949,03/05/2024 11:00,2829,pa,4.325,2.946969,20.875,62.9,95242.5,4.256315,10.56,0
2950,03/05/2024 12:00,2885,pa,3.8,3.529,19.475,66.4,95312.5,4.0124625,9.24,0
2951,03/05/2024 13:00,2912,pa,2.65,3.8673995,20.65,62.175,95160,3.257875,9,0
2952,03/05/2024 14:00,2815,pa,3.40625,7.646549474,19.1,66.725,95405,3.3431275,9.96,0
2953,03/05/2024 15:00,2721,pa,3.725,58.64097,15.05,93.35,96242.5,3.44592,10.68,0.6125
2954,03/05/2024 16:00,1953,pa,4.131578947,92.66545263,15.275,92.15,96430,1.1463375,3.12,0
2955,03/05/2024 17:00,1354,pa,5.125,36.571495,15.225,95.1,96502.5,1.13690825,3.24,0
2956,03/05/2024 18:00,1038,pa,3.179487179,16.89909579,14.225,94.75,96742.5,2.47871,7.92,0.35
2957,03/05/2024 19:00,613,pa,4.256410256,25.711195,13.55,99.55,96967.5,0.6418575,3.12,0.7
2958,03/05/2024 20:00,429,pa,4.205128205,16.67636316,13.36666667,98.7,97023.33333,1.792146667,4.48,0.116666667
2959,03/05/2024 21:00,297,pa,2.925,9.911897,12.8,98.125,97132.5,1.40047875,3.96,0
2960,03/05/2024 22:00,164,pa,3.692307692,9.569775263,12.55,97.725,97225,3.27196,7.44,0.0875
2961,03/05/2024 23:00,96,pa,3.641025641,9.902087,12.45,99.525,97265,0.54653195,2.4,0
2962,04/05/2024 00:00,97,so,3.461538462,7.207752105,11.9,100,97332.5,1.7126,4.08,0
2963,04/05/2024 01:00,85,so,3.475,5.9388655,11.475,99.85,97410,2.067225,5.4,0
2964,04/05/2024 02:00,235,so,3.736842105,7.761475263,11.3,99.65,97477.5,1.80857475,4.56,0
2965,04/05/2024 03:00,602,so,3.974358974,7.4754825,10.75,100,97575,1.31026925,3.96,0
2966,04/05/2024 04:00,852,so,4.256410256,7.42706,10.575,99.325,97675,1.601862,3.48,0
2967,04/05/2024 05:00,1259,so,4.35,6.9520135,13.85,87.125,97280,2.78397,5.64,0
2968,04/05/2024 06:00,1754,so,4.342105263,4.095834211,17.375,73.175,96467.5,1.09253725,3.36,0
2969,04/05/2024 07:00,2190,so,3.475,3.9767565,18.5,68.5,96030,2.167233333,6.72,0
2970,04/05/2024 08:00,2327,so,3.512820513,3.884623158,17.1,72.425,96135,3.14502,9.48,0
2971,04/05/2024 09:00,2104,so,3.41025641,3.3308805,18.425,68.15,96187.5,2.2763325,7.44,0
2972,04/05/2024 10:00,2426,so,2.820512821,3.217887895,19.15,66.05,95990,2.6935675,6.48,0
2973,04/05/2024 11:00,2479,so,2.575,2.035708,20.3,62.725,95717.5,3.4986925,8.4,0
2974,04/05/2024 12:00,2467,so,2.263157895,1.795463684,22.3,56.425,95300,3.1474725,7.92,0
2975,04/05/2024 13:00,2418,so,2.65,3.1317635,22.925,55.725,95070,2.9696025,8.28,0
2976,04/05/2024 14:00,2442,so,2.897435897,4.366955263,23.55,55.25,94667.5,2.824325,8.16,0
2977,04/05/2024 15:00,2541,so,3.125,5.748977,22.825,58.125,95002.5,2.0517875,6.72,0
2978,04/05/2024 16:00,2234,so,3.552631579,5.663795789,22.475,56.45,95062.5,2.4064925,6.48,0
2979,04/05/2024 17:00,1715,so,4.175,7.9009735,20.85,63,95467.5,3.39335,7.8,0
2980,04/05/2024 18:00,1469,so,11.05128205,23.64171158,17.9,78.2,95940,1.367186,4.32,0
2981,04/05/2024 19:00,1016,so,8.9,46.107375,15.86666667,85.56666667,96376.66667,2.37983,7.68,0
2982,04/05/2024 20:00,1126,so,10.42105263,41.73291579,15.4,87.35,96545,1.255315,4.68,0
2983,04/05/2024 21:00,436,so,10.325,36.32508,14,92.575,96747.5,1.254054,4.68,0
2984,04/05/2024 22:00,228,so,10.48717949,33.48907368,12.6,96.925,96970,1.04708,3.6,0
2985,04/05/2024 23:00,162,so,11.46153846,25.15894,11.625,97.325,97100,2.87882,5.88,0
2986,05/05/2024 00:00,104,ne,12.45,20.8938,10.75,98.175,97210,2.304955,6.24,0
2987,05/05/2024 01:00,85,ne,12.48717949,14.65229474,9.925,99.125,97332.5,1.6013475,4.32,0
2988,05/05/2024 02:00,177,ne,12.38461538,14.196277,9.4,98.975,97407.5,2.4728805,6.24,0
2989,05/05/2024 03:00,424,ne,13.23076923,10.49138053,9.075,99.275,97477.5,1.8686375,5.04,0
2990,05/05/2024 04:00,481,ne,13.075,11.444806,10,95.25,97407.5,1.607235,3.84,0
2991,05/05/2024 05:00,682,ne,13.30769231,12.73645579,13.7,83.93333333,96910,0.623005667,2.24,0
2992,05/05/2024 06:00,1114,ne,17.15384615,11.81819,14.45,87.925,96532.5,0.69129375,2.88,0
2993,05/05/2024 07:00,1252,ne,18.53846154,7.495419474,16.075,83.25,96235,2.822275,7.68,0
2994,05/05/2024 08:00,1643,ne,16.675,5.3444575,17.075,81.05,95995,1.9837975,5.88,0
2995,05/05/2024 09:00,1721,ne,7.514285714,3.113157368,18.85,70.525,95765,2.0296975,6,0
2996,05/05/2024 10:00,1945,ne,2.833333333,3.686931,18.925,68.1,95660,1.22070925,4.92,0
2997,05/05/2024 11:00,2058,ne,2.41025641,4.079285263,20.75,62.3,95270,2.883235,6.96,0
2998,05/05/2024 12:00,2341,ne,4.8,5.5180315,20.9,64.875,95205,1.899415,6.84,0
2999,05/05/2024 13:00,2199,ne,1.605263158,2.834177368,21.1,58.075,95072.5,5.537625,13.68,0
3000,05/05/2024 14:00,2267,ne,1,3.738356,21.525,59.375,94960,5.8091225,15.48,0
3001,05/05/2024 15:00,2324,ne,2.230769231,4.241935789,20.425,62.8,95172.5,4.001945,11.4,0
3002,05/05/2024 16:00,1822,ne,0.888888889,4.7980645,18.825,65.975,95377.5,6.2540975,17.4,0
3003,05/05/2024 17:00,1399,ne,1.128205128,18.46747579,17.76666667,71.63333333,95650,3.36645,10.56,0
3004,05/05/2024 18:00,936,ne,1.282051282,24.034125,16.35,78.975,95915,3.0804125,9.12,0
3005,05/05/2024 19:00,488,ne,1.256410256,24.45546842,15.325,84.875,96205,2.4538225,6.84,0
3006,05/05/2024 20:00,385,ne,8.35,21.175885,14.4,88.25,96432.5,2.081515,5.76,0
3007,05/05/2024 21:00,159,ne,2.459459459,17.68413333,12.825,92.475,96675,2.61942,5.64,0
3008,05/05/2024 22:00,139,ne,1.769230769,16.53587,11.35,95.55,96920,2.63955,6.24,0
3009,05/05/2024 23:00,97,ne,2.179487179,16.21025263,10.475,97.875,97095,1.04233575,3.84,0
3010,06/05/2024 00:00,170,po,2.3,13.96955,9.575,100,97220,0.777048,3.48,0
3011,06/05/2024 01:00,215,po,3.131578947,12.03683263,9.075,99.65,97320,0.92111675,3.36,0
3012,06/05/2024 02:00,521,po,3.825,12.59924,9.5,98.725,97250,1.35269725,3.48,0
3013,06/05/2024 03:00,1925,po,4.820512821,14.14926316,9.775,98.775,97197.5,0.966936,3,0
3014,06/05/2024 04:00,2713,po,5.6,15.55013,11.33333333,94.9,97050,0.719712,3.2,0
3015,06/05/2024 05:00,2782,po,8.578947368,18.30554737,12,95.025,96790,0.48335475,2.04,0
3016,06/05/2024 06:00,2865,po,9.425,19.464125,13.725,90.3,96570,0.5507255,2.76,0
3017,06/05/2024 07:00,2548,po,7.923076923,18.07137579,14.675,89.025,96302.5,1.00592,3.84,0
3018,06/05/2024 08:00,2477,po,10.48717949,21.443905,14.5,92.8,96310,1.270692,3.72,0.0875
3019,06/05/2024 09:00,2449,po,13.56410256,28.95700526,14.85,94.55,96250,0.845031,4.08,0.175
3020,06/05/2024 10:00,2398,po,8.775,13.6939735,16.5,87.375,95947.5,1.564085,5.4,0
3021,06/05/2024 11:00,2418,po,5.210526316,8.140821579,16.65,85.2,95830,0.999423,3.72,0
3022,06/05/2024 12:00,2849,po,5.966666667,6.3798245,18.275,77.825,95557.5,1.789295,5.28,0
3023,06/05/2024 13:00,2817,po,4.794871795,3.70884,19.05,72.725,95177.5,2.0864525,5.88,0
3024,06/05/2024 14:00,2659,po,7.75,4.373252,18.55,73.475,95227.5,2.22247,6.48,0
3025,06/05/2024 15:00,2245,po,4.285714286,7.106935789,18.96666667,72.1,95226.66667,1.564633333,5.44,0
3026,06/05/2024 16:00,1754,po,5.65,17.840503,17.625,80.325,95505,1.2176575,4.68,0.0875
3027,06/05/2024 17:00,1094,po,7.666666667,27.88444737,17.25,87.475,95742.5,0.60761425,2.28,0
3028,06/05/2024 18:00,758,po,8.461538462,20.35103,16,93.3,95922.5,1.51472375,3.6,0
3029,06/05/2024 19:00,464,po,9.538461538,17.55376316,15.4,97.125,96105,0.4266465,2.04,0
3030,06/05/2024 20:00,315,po,5.5,11.012994,15.55,92.2,96147.5,1.69271025,5.28,0
3031,06/05/2024 21:00,174,po,4.631578947,6.985021053,15.275,91.425,96232.5,0.82952875,3.48,0
3032,06/05/2024 22:00,87,po,4.25,8.914669,15.05,91.975,96300,0.708298088,3.36,0
3033,06/05/2024 23:00,66,po,4.871794872,13.36915789,14.35,98.35,96395,0,0,0.175
3034,07/05/2024 00:00,71,ut,4.948717949,14.950365,13.8,100,96512.5,0,0,0.175
3035,07/05/2024 01:00,106,ut,5.333333333,13.24428947,13.575,100,96585,0.014975033,0.48,0.2625
3036,07/05/2024 02:00,442,ut,6.325,11.1375,13.43333333,100,96626.66667,0,0,0.233333333
3037,07/05/2024 03:00,1694,ut,5.820512821,9.293153158,13.025,99.4,96717.5,0.926198958,3.72,0.35
3038,07/05/2024 04:00,2546,ut,3.743589744,9.6679835,11.975,95.5,96980,2.545655,7.2,0.525
3039,07/05/2024 05:00,2720,ut,3.512820513,12.57534842,11.475,96.9,97157.5,1.9972025,5.16,0.4375
3040,07/05/2024 06:00,2796,ut,3.153846154,14.108937,11.525,96.775,97247.5,2.9969125,6.84,0.4375
3041,07/05/2024 07:00,2594,ut,3.421052632,13.20119053,11.7,96.175,97290,2.4350825,7.32,0.4375
3042,07/05/2024 08:00,2528,ut,4.275,11.82237,12.25,98.1,97280,1.6930165,5.04,0.4375
3043,07/05/2024 09:00,2468,ut,4.820512821,13.29204947,12.6,95,97265,2.338695,6.24,0.4375
3044,07/05/2024 10:00,2507,ut,5.05,9.4088435,13.125,93.425,97262.5,3.7770225,9.72,0.2625
3045,07/05/2024 11:00,2652,ut,4.894736842,8.085023158,13.575,90.15,97212.5,4.4400625,11.76,0.175
3046,07/05/2024 12:00,2793,ut,6.65,6.424297,13.53333333,90.83333333,97203.33333,3.727316667,11.2,0.116666667
3047,07/05/2024 13:00,2763,ut,10.56410256,5.689777895,13.075,89.55,97227.5,5.4100425,13.44,0
3048,07/05/2024 14:00,2695,ut,10.12820513,5.444558,13.025,86.375,97297.5,5.44218,14.64,0
3049,07/05/2024 15:00,2572,ut,7.461538462,4.231352105,13.475,80.875,97237.5,4.4432375,13.32,0
3050,07/05/2024 16:00,2054,ut,6.825,5.5280165,12.3,84.075,97407.5,5.1470725,14.88,0
3051,07/05/2024 17:00,1265,ut,6.743589744,6.402214211,11.675,85.625,97625,4.00286,11.4,0
3052,07/05/2024 18:00,1006,ut,6.384615385,7.757746,11.3,85.975,97772.5,3.10238,9.84,0
3053,07/05/2024 19:00,612,ut,6.717948718,8.812334211,11.2,87.025,97890,1.58664975,5.64,0
3054,07/05/2024 20:00,415,ut,7,9.25178,11.1,86.85,97947.5,2.0631275,5.88,0
3055,07/05/2024 21:00,268,ut,6.710526316,8.778766842,10.925,89.2,98007.5,1.48361075,5.28,0
3056,07/05/2024 22:00,112,ut,5.358974359,6.2873545,10.95,87.525,98030,1.5852975,6.6,0
3057,07/05/2024 23:00,90,ut,4.769230769,6.575441053,10.9,87.2,98040,2.90889,8.32,0
3058,08/05/2024 00:00,72,st,5.225,7.1936985,10.85,87.725,98060,2.169135,6.96,0
3059,08/05/2024 01:00,100,st,5.736842105,8.589318947,10.725,88.95,98075,2.13399325,6.36,0
3060,08/05/2024 02:00,224,st,6.6,7.901792,10.675,90.4,98080,1.42227475,5.16,0
3061,08/05/2024 03:00,748,st,6.487179487,10.78598526,10.65,90.95,98107.5,1.195399,4.08,0
3062,08/05/2024 04:00,944,st,6.15,9.8949185,11.025,89.825,98120,0.81745575,3.48,0
3063,08/05/2024 05:00,986,st,5.5,7.651225789,11.875,86.65,98000,0.8221665,3.84,0
3064,08/05/2024 06:00,1166,st,5.275,5.800801,12.2,84.7,97932.5,1.4863525,4.44,0
3065,08/05/2024 07:00,1449,st,5.794871795,5.470301579,13.45,78.65,97810,1.9087025,7.2,0
3066,08/05/2024 08:00,1580,st,6.256410256,4.8723865,14.375,75.575,97597.5,2.103065,6.84,0
3067,08/05/2024 09:00,1586,st,6.230769231,4.854543158,15.65,70.425,97370,2.42662,8.52,0
3068,08/05/2024 10:00,1600,st,5.025641026,3.185123158,17.43333333,62.23333333,96973.33333,3.451076667,10.24,0
3069,08/05/2024 11:00,1837,st,3.973684211,3.533375789,16.3,64.5,97067.5,2.93447,8.16,0
3070,08/05/2024 12:00,1678,st,3.975,3.3385265,17.725,55.3,97017.5,3.0595225,11.16,0
3071,08/05/2024 13:00,1904,st,3.825,2.836897,18.2,50.975,96807.5,4.8318925,13.32,0
3072,08/05/2024 14:00,1921,st,5.485714286,3.509878947,19.725,46.15,96602.5,4.7218075,13.08,0
3073,08/05/2024 15:00,1992,st,4.424242424,3.444297,18.875,45.6,96640,5.7198625,17.52,0
3074,08/05/2024 16:00,1760,st,3.461538462,4.477196842,18.075,47.125,96905,4.0509375,12.48,0
3075,08/05/2024 17:00,1298,st,3.897435897,7.924142,17.025,49.2,97192.5,3.7560025,10.8,0
3076,08/05/2024 18:00,934,st,4.846153846,22.07921684,13.9,63.825,97747.5,0.74217475,2.76,0
3077,08/05/2024 19:00,585,st,12.575,34.659575,10.225,82.875,98405,2.8163825,7.2,0
3078,08/05/2024 20:00,398,st,6.641025641,32.39971053,8.275,89.425,98885,2.958955,6.96,0
3079,08/05/2024 21:00,200,st,9.263157895,25.65498947,7.366666667,91.5,99123.33333,2.655363333,6.4,0
3080,08/05/2024 22:00,128,st,5.512820513,21.35725263,6.75,92.725,99282.5,2.91352,6.84,0
3081,08/05/2024 23:00,94,st,5.425,18.90458,6.2,93.575,99395,2.5392425,6.12,0
3082,09/05/2024 00:00,111,ct,4.684210526,15.4,5.45,95.15,99502.5,2.4146125,5.76,0
3083,09/05/2024 01:00,139,ct,4.35,14.11095,4.65,97.8,99652.5,1.487365,4.56,0
3084,09/05/2024 02:00,404,ct,11.69230769,13.97622632,4,99.1,99770,0.41827275,2.52,0
3085,09/05/2024 03:00,1559,ct,4.897435897,16.82723,3.625,99.725,99887.5,0.559044,2.76,0
3086,09/05/2024 04:00,2603,ct,6.128205128,24.17290526,8.375,82.425,99585,1.160375875,3.24,0
3087,09/05/2024 05:00,2946,ct,10.375,20.8937625,12.975,69.3,98305,0.97148475,3.48,0
3088,09/05/2024 06:00,2946,ct,10.84210526,8.312311579,16.4,62.1,97442.5,1.69672925,5.4,0
3089,09/05/2024 07:00,2630,ct,8.891891892,6.2093845,19.2,52.1,96973.33333,2.247703333,6.08,0
3090,09/05/2024 08:00,2789,ct,5.405405405,2.933806105,19.825,45.525,96742.5,3.25046,9.48,0
3091,09/05/2024 09:00,2606,ct,4.263157895,1.9125549,20.375,43.1,96667.5,3.589615,10.56,0
3092,09/05/2024 10:00,2625,ct,3.289473684,2.421778421,20.875,41.175,96587.5,4.106485,12.36,0
3093,09/05/2024 11:00,2852,ct,3.125,2.49311,21.275,40.125,96397.5,3.2592275,12.36,0
3094,09/05/2024 12:00,2880,ct,3.435897436,2.950806316,23.275,37.475,96140,3.40459,9.6,0
3095,09/05/2024 13:00,3034,ct,3.35,3.925925,22.2,39.975,95887.5,4.26321,10.44,0
3096,09/05/2024 14:00,2687,ct,3.394736842,5.640222632,23.275,39.45,95645,4.5754675,11.16,0
3097,09/05/2024 15:00,2553,ct,3,5.011256,21.1,42.775,95985,4.82775,12.48,0
3098,09/05/2024 16:00,2042,ct,3.2,7.916891579,19.95,45.025,96512.5,4.093375,12,0
3099,09/05/2024 17:00,1424,ct,3.272727273,10.48101,18.725,48.3,96897.5,2.544245,8.52,0
3100,09/05/2024 18:00,944,ct,3.58974359,35.34740526,14.7,68.3,97467.5,1.1140645,3.84,0
3101,09/05/2024 19:00,529,ct,5.15,31.365385,11.86666667,78.7,98036.66667,3.474063333,7.84,0
3102,09/05/2024 20:00,388,ct,11.30555556,28.29499474,10.125,84.075,98400,2.91655,6.6,0
3103,09/05/2024 21:00,213,ct,5.692307692,25.83795263,9.4,85.225,98637.5,2.62577,6,0
3104,09/05/2024 22:00,115,ct,4.769230769,23.02486316,8.5,88.1,98780,2.69207,6.96,0
3105,09/05/2024 23:00,76,ct,5,21.265245,7.8,92.6,98882.5,1.993185,4.56,0
3106,10/05/2024 00:00,94,pa,7.026315789,19.90274211,7.15,95.125,98995,1.532365,3.96,0
3107,10/05/2024 01:00,123,pa,5.925,17.435175,6.65,96.65,99070,0.95146625,3.48,0
3108,10/05/2024 02:00,430,pa,5.897435897,17.36245263,6.125,97.075,99130,2.2734925,5.52,0
3109,10/05/2024 03:00,1483,pa,5.666666667,24.244825,6.075,97.225,99150,1.21529925,3.96,0
3110,10/05/2024 04:00,2458,pa,6.512820513,30.79992632,7.825,91.525,98977.5,1.073582,3.48,0
3111,10/05/2024 05:00,2647,pa,7.15,21.320621,12.53333333,74.46666667,98390,0.896287,2.56,0
3112,10/05/2024 06:00,2692,pa,8.794871795,13.19257842,14,70.7,97870,0.6700192,2.4,0
3113,10/05/2024 07:00,2654,pa,8.487179487,12.0965805,19.1,54.95,97077.5,1.0715855,3.84,0
3114,10/05/2024 08:00,2701,pa,4.512820513,1.812935684,21.125,42.85,96355,2.223705,6.36,0
3115,10/05/2024 09:00,2667,pa,3.175,1.7241754,21.25,41.3,96070,2.6895375,7.92,0
3116,10/05/2024 10:00,2708,pa,3.210526316,1.465489789,23.3,38,96022.5,3.7895625,10.8,0
3117,10/05/2024 11:00,2859,pa,2.8,2.188595,22.75,37.6,95947.5,4.0041275,11.64,0
3118,10/05/2024 12:00,2679,pa,2.692307692,2.723283684,22.275,37.775,95907.5,4.580605,13.56,0
3119,10/05/2024 13:00,2783,pa,2.461538462,2.7360045,23.8,34.475,95542.5,4.91755,13.32,0
3120,10/05/2024 14:00,2779,pa,2.948717949,4.246676842,23.975,36,95357.5,5.202685,15.36,0
3121,10/05/2024 15:00,2729,pa,3.05,3.858961,23.625,36.75,95537.5,5.8349375,16.32,0
3122,10/05/2024 16:00,2298,pa,3.461538462,5.576140526,22.45,39.55,95885,4.810475,12.96,0
3123,10/05/2024 17:00,1522,pa,3.41025641,17.2277095,20.625,45.75,96390,5.6635225,14.16,0
3124,10/05/2024 18:00,1014,pa,4.722222222,27.76165789,18.8,52.23333333,96773.33333,2.145436333,7.84,0
3125,10/05/2024 19:00,625,pa,5.102564103,49.417965,14.4,73,97380,2.5601475,6.24,0
3126,10/05/2024 20:00,526,pa,4.897435897,40.86833684,11.95,82.2,97922.5,3.350375,6.72,0
3127,10/05/2024 21:00,334,pa,4.875,37.750475,10.3,87.1,98265,2.7475425,5.76,0
3128,10/05/2024 22:00,225,pa,6.051282051,29.60896316,9.65,88.5,98455,2.928505,6.96,0
3129,10/05/2024 23:00,145,pa,5.051282051,23.90403,8.825,90.925,98570,2.5744225,6.96,0
3130,11/05/2024 00:00,131,so,4.692307692,20.43752632,8.225,93.225,98682.5,3.2206825,6.48,0
3131,11/05/2024 01:00,115,so,4.6,17.76023,7.7,95.7,98752.5,2.3324725,5.64,0
3132,11/05/2024 02:00,271,so,4.684210526,17.99311579,7.1,96.975,98867.5,0.792685,3.24,0
3133,11/05/2024 03:00,652,so,4.575,18.794355,6.925,97.275,98925,2.010675,5.76,0
3134,11/05/2024 04:00,964,so,4.897435897,18.84198947,8.8,91.8,98713.33333,0.271805367,1.92,0
3135,11/05/2024 05:00,1407,so,6.75,15.9027755,11.375,83.225,98320,0.180736695,1.44,0
3136,11/05/2024 06:00,1758,so,8.578947368,9.694364737,14.35,75.65,97760,0.2571418,2.04,0
3137,11/05/2024 07:00,2198,so,11.48717949,7.5833825,17.075,67.65,97195,0.90245375,3.12,0
3138,11/05/2024 08:00,2356,so,13.12820513,6.590160526,22.1,55.075,96335,1.5494825,4.92,0
3139,11/05/2024 09:00,2397,so,7.717948718,2.3959265,23.675,49.15,95820,1.968035,5.76,0
3140,11/05/2024 10:00,2470,so,9.194444444,10.68865632,21.375,54.125,96062.5,3.17055,7.8,0
3141,11/05/2024 11:00,2489,so,7.743589744,10.6113485,23.3,49.175,96022.5,1.76376425,5.04,0
3142,11/05/2024 12:00,2490,so,4.153846154,2.580278947,23.175,46.075,95732.5,2.7747425,8.16,0
3143,11/05/2024 13:00,2387,so,4.35,3.0533155,23.75,45.1,95485,3.76159,11.04,0
3144,11/05/2024 14:00,2282,so,4.578947368,3.639526316,24.65,44.525,95307.5,2.749715,7.2,0
3145,11/05/2024 15:00,2387,so,5.55,3.9084955,23.375,47.6,95345,2.9816325,7.44,0
3146,11/05/2024 16:00,2048,so,7.717948718,6.790255263,22.03333333,51.9,95850,0.903986667,4,0
3147,11/05/2024 17:00,1596,so,5.55,19.19822,20.975,55.35,96160,3.2275245,11.16,0
3148,11/05/2024 18:00,1032,so,5.973684211,24.87574737,19.425,61.325,96515,2.38091,7.68,0
3149,11/05/2024 19:00,604,so,5.95,38.601465,17.275,72.05,96945,1.95926075,6.12,0
3150,11/05/2024 20:00,401,so,8.205128205,33.67673158,14.6,83.575,97397.5,0.62427825,2.52,0
3151,11/05/2024 21:00,381,so,12.15384615,34.602665,12.975,88.75,97762.5,0.69118965,2.88,0
3152,11/05/2024 22:00,258,so,7.512820513,28.66584737,11.4,92.275,98015,2.14734,6.24,0
3153,11/05/2024 23:00,147,so,5.925,21.76323,10.75,93.1,98122.5,2.13333,6,0
3154,12/05/2024 00:00,66,ne,5.394736842,17.54340526,11,93.95,98105,1.13902925,5.28,0
3155,12/05/2024 01:00,64,ne,5.925,16.271785,10.275,96.75,98167.5,1.20452725,4.32,0
3156,12/05/2024 02:00,159,ne,6.666666667,14.85236316,9.55,98.325,98310,0.95485825,4.44,0
3157,12/05/2024 03:00,416,ne,8.525,14.084985,8.5,99.13333333,98446.66667,1.026112667,3.36,0
3158,12/05/2024 04:00,466,ne,8.512820513,13.024495,9.675,93.875,98457.5,1.8215375,6.24,0
3159,12/05/2024 05:00,649,ne,9.717948718,8.401477895,15.45,75.6,97552.5,1.48018175,4.08,0
3160,12/05/2024 06:00,1101,ne,10.325,4.8725615,17.425,74.075,96857.5,1.9976275,5.52,0
3161,12/05/2024 07:00,1337,ne,7.914285714,3.471483684,19.225,66.725,96440,1.90484675,7.08,0
3162,12/05/2024 08:00,1923,ne,7.175,3.553405,20.2,64.275,96410,2.8508325,8.04,0
3163,12/05/2024 09:00,1972,ne,6.052631579,2.344476842,21.775,57.375,96052.5,2.9844375,9.84,0
3164,12/05/2024 10:00,2167,ne,5.948717949,3.240541,19.9,60.675,96212.5,2.36299,7.56,0
3165,12/05/2024 11:00,2362,ne,5,4.130357895,20.2,58.225,96270,1.774265,4.68,0
3166,12/05/2024 12:00,2452,ne,3.875,2.889391,22.8,50.05,95930,3.07216,9.12,0
3167,12/05/2024 13:00,2401,ne,3.526315789,2.145475263,24.325,44.25,95272.5,5.09299,12.24,0
3168,12/05/2024 14:00,2473,ne,2.95,3.2986495,22.8,46.83333333,95376.66667,6.03992,15.04,0
3169,12/05/2024 15:00,2584,ne,2.717948718,3.720775789,22.65,45.45,95715,3.46679,10.92,0
3170,12/05/2024 16:00,2229,ne,2.487179487,3.434524,21.95,46.425,95767.5,4.396315,11.28,0
3171,12/05/2024 17:00,1464,ne,2.314285714,4.189856842,21.2,47.375,96060,3.238235,10.8,0
3172,12/05/2024 18:00,1080,ne,3.425,15.804539,17.3,63.825,96572.5,1.9758325,5.04,0
3173,12/05/2024 19:00,516,ne,9.789473684,12.48363684,13.9,78,97195,1.78348,4.92,0
3174,12/05/2024 20:00,396,ne,9.675,12.783642,12.375,82.45,97610,0.6061475,2.88,0
3175,12/05/2024 21:00,229,ne,4.184210526,5.640125263,14.425,62.925,97637.5,2.01468575,7.8,0
3176,12/05/2024 22:00,173,ne,2.615384615,7.1727685,14.075,58.7,97497.5,1.69659,6,0
3177,12/05/2024 23:00,102,ne,2.948717949,13.47320579,14.525,54.025,97502.5,3.313115,12.6,0
3178,13/05/2024 00:00,156,po,2.975,6.733162,14.325,54.175,97385,2.45596,7.92,0
3179,13/05/2024 01:00,243,po,4.358974359,12.74342211,11.86666667,66.46666667,97670,1.065692667,4,0
3180,13/05/2024 02:00,604,po,10.1025641,28.236465,9.225,80.975,98070,0.75810925,2.88,0
3181,13/05/2024 03:00,1943,po,6.333333333,36.66768421,7.775,83.175,98397.5,1.4460175,5.28,0
3182,13/05/2024 04:00,2783,po,6.75,68.387985,10.25,74.35,98280,1.2388375,6.24,0
3183,13/05/2024 05:00,2930,po,7.026315789,31.87994737,16.125,55.65,97102.5,1.17270375,4.2,0
3184,13/05/2024 06:00,2871,po,4.45,3.2691655,18.9,45.625,96245,3.0578925,7.56,0
3185,13/05/2024 07:00,2576,po,2.974358974,3.446788421,20.175,41.925,95950,2.8605925,7.44,0
3186,13/05/2024 08:00,2495,po,2.55,2.951792,21.725,37.675,95645,3.26643,8.76,0
3187,13/05/2024 09:00,2525,po,2.578947368,2.286240526,22.9,36.8,95605,3.6222975,10.44,0
3188,13/05/2024 10:00,2577,po,2.725,2.628474,23.475,35.35,95397.5,5.65543,15.84,0
3189,13/05/2024 11:00,2545,po,2.41025641,2.531537895,23.65,36.6,95157.5,5.633755,15.24,0
3190,13/05/2024 12:00,2819,po,2.743589744,2.867647,25.175,37.625,94817.5,5.455155,14.52,0
3191,13/05/2024 13:00,2762,po,2.743589744,5.439823684,25.26666667,38.26666667,94613.33333,6.2582,18.88,0
3192,13/05/2024 14:00,2601,po,2.875,5.4480375,24.9,40.225,94572.5,6.53069,17.28,0
3193,13/05/2024 15:00,2375,po,2.641025641,4.821516316,24.675,40.95,94620,6.3433075,18,0
3194,13/05/2024 16:00,1798,po,3.051282051,4.5323925,23.85,42.125,94922.5,5.76589,14.16,0
3195,13/05/2024 17:00,1220,po,2.794871795,6.726447895,22.5,45.225,95305,4.480955,12.12,0
3196,13/05/2024 18:00,847,po,3.2,26.622041,19.4,56.775,95827.5,2.030075,5.64,0
3197,13/05/2024 19:00,428,po,3.657894737,79.11716842,15.55,71.55,96472.5,2.3470225,5.64,0
3198,13/05/2024 20:00,326,po,3.375,47.163715,13.95,75.975,96872.5,1.749685,4.68,0
3199,13/05/2024 21:00,202,po,3.512820513,26.17931053,12.5,82.275,97135,1.275009875,4.2,0
3200,13/05/2024 22:00,121,po,4.125,27.71884,11.375,86.8,97387.5,0.254769625,1.56,0
3201,13/05/2024 23:00,91,po,4.447368421,28.88350526,10.225,90.7,97555,1.02992525,3.84,0
3202,14/05/2024 00:00,90,ut,3.95,26.496975,9.325,93.25,97700,0.62857325,2.52,0
3203,14/05/2024 01:00,134,ut,4.102564103,23.34154737,8.533333333,95.46666667,97810,1.053867333,5.92,0
3204,14/05/2024 02:00,463,ut,5.102564103,22.07386,8.175,96.4,97912.5,0.73562075,4.08,0
3205,14/05/2024 03:00,1728,ut,5.648648649,26.8747,8.225,96.25,97977.5,0.74054175,4.08,0
3206,14/05/2024 04:00,2778,ut,6.666666667,29.259225,13.05,77.425,97627.5,0.620393,3.72,0
3207,14/05/2024 05:00,2895,ut,8.973684211,13.06067737,18.4,62.6,96320,1.630085,4.92,0
3208,14/05/2024 06:00,2913,ut,4.35,2.1973875,20.575,52.95,95447.5,3.155545,9.48,0
3209,14/05/2024 07:00,2669,ut,3.076923077,2.857599474,22.025,49.45,95212.5,5.1151375,13.08,0
3210,14/05/2024 08:00,2528,ut,3.2,2.751172,22.8,47.45,95185,6.98438,16.68,0
3211,14/05/2024 09:00,2322,ut,3.236842105,2.034635789,23.225,43.75,95135,8.4243075,19.68,0
3212,14/05/2024 10:00,2518,ut,3.2,1.8114714,24,40.875,95012.5,9.0693975,23.04,0
3213,14/05/2024 11:00,2450,ut,2.769230769,2.037513158,24.9,38.85,94780,9.208305,25.92,0
3214,14/05/2024 12:00,2750,ut,2.615384615,2.0377685,25.06666667,37.56666667,94550,10.16743667,24.8,0
3215,14/05/2024 13:00,2494,ut,2.358974359,2.713133158,25.625,36.65,94355,9.025535,22.08,0
3216,14/05/2024 14:00,2797,ut,2.1,3.109415,25.975,35.325,94255,9.7257475,25.8,0
3217,14/05/2024 15:00,2501,ut,2.384615385,3.338832105,25.425,35.25,94307.5,9.559225,25.08,0
3218,14/05/2024 16:00,2004,ut,2.128205128,4.034558,23.975,37.7,94682.5,11.024425,23.16,0
3219,14/05/2024 17:00,1452,ut,1.871794872,6.299437895,22.825,40.125,95047.5,10.1166475,24.72,0
3220,14/05/2024 18:00,859,ut,1.9,10.29414,21.175,44.65,95437.5,4.9782575,12.48,0
3221,14/05/2024 19:00,535,ut,11.12903226,15.321325,18.7,51.3,95883.33333,3.06798,7.36,0
3222,14/05/2024 20:00,440,ut,3.475,18.522955,16.025,61.825,96275,2.217475,4.32,0
3223,14/05/2024 21:00,224,ut,3.236842105,19.22214737,13.65,70.85,96720,1.2087295,3.24,0
3224,14/05/2024 22:00,106,ut,3.8,12.466401,12.275,76.85,97045,0.7993605,3.12,0
3225,14/05/2024 23:00,98,ut,7.358974359,19.88468421,11.35,80.875,97237.5,0.52213975,2.52,0
3226,15/05/2024 08:00,3111,st,3.525,3.451262,23.075,42.8,94865,10.0921125,23.64,0
3227,15/05/2024 09:00,2660,st,5,2.81916,24.06666667,41.36666667,94833.33333,11.5811,28,0
3228,15/05/2024 10:00,3724,st,3.897435897,2.3014675,25.55,37.45,94620,11.26995,29.16,0
3229,15/05/2024 11:00,2674,st,3.923076923,2.116727895,25.23333333,36.56666667,94513.33333,14.06656667,32,0
3230,15/05/2024 12:00,2458,st,3.375,2.4158215,25.8,35.75,94332.5,13.40315,32.52,0
3231,15/05/2024 13:00,2877,st,3.289473684,3.029067895,25.725,35.2,94167.5,12.6503,31.2,0
3232,15/05/2024 14:00,2780,st,2.85,3.4177035,25.45,35.55,94085,13.473625,33.48,0
3233,15/05/2024 15:00,2299,st,2.58974359,3.686735263,25.55,36.075,94130,11.3633,29.16,0
3234,15/05/2024 16:00,1874,st,2.475,3.991875,24.4,38.625,94497.5,11.254305,29.04,0
3235,15/05/2024 17:00,1387,st,2.578947368,6.437862105,23.175,40.875,94872.5,9.3883925,25.56,0
3236,15/05/2024 18:00,851,st,2.75,13.506975,21.825,45,95235,7.8288775,19.32,0
3237,15/05/2024 19:00,530,st,2.75,17.90454,20.725,49.35,95512.5,7.381565,17.52,0
3238,15/05/2024 20:00,354,st,2.897435897,17.51594211,20.025,51.75,95687.5,6.8853375,19.32,0
3239,15/05/2024 21:00,172,st,3.157894737,16.34973684,19.225,54.4,95827.5,5.486785,15.84,0
3240,15/05/2024 22:00,155,st,2.815789474,14.95821579,18.075,57.8,95982.5,3.4116775,13.8,0
3241,15/05/2024 23:00,109,st,3.2,15.281645,17.36666667,60.16666667,96120,3.916413333,12.32,0
3242,16/05/2024 00:00,94,ct,2.846153846,15.22287895,16.875,61.575,96180,4.69868,15.12,0
3243,16/05/2024 01:00,155,ct,2.794871795,14.05163,16.15,64.15,96262.5,3.9448825,15.36,0
3244,16/05/2024 02:00,460,ct,3.666666667,13.54891053,15.8,65.325,96307.5,4.79314,15.72,0
3245,16/05/2024 03:00,1641,ct,3.45,14.240205,15.275,67.775,96367.5,4.9133075,16.44,0
3246,16/05/2024 04:00,2530,ct,3,14.76714211,17.375,62.875,96157.5,4.0874925,12.48,0
3247,16/05/2024 05:00,2449,ct,3.05,7.960325,19.725,55.875,95320,4.4384725,15.84,0
3248,16/05/2024 06:00,2824,ct,2.974358974,3.798771579,20.05,54.225,95250,5.08193,15.48,0
3249,16/05/2024 07:00,2740,ct,3.6,3.8224635,21.1,51.65,94962.5,8.12366,23.64,0
3250,16/05/2024 08:00,2500,ct,3.578947368,3.864515263,22.55,47.45,94850,12.1493,30.96,0
3251,16/05/2024 09:00,2546,ct,3.525,2.5461135,22.3,48.25,94825,15.245475,33.36,0
3252,16/05/2024 10:00,2664,ct,4.282051282,4.111270526,21.875,49.625,94932.5,13.216925,32.4,0
3253,16/05/2024 11:00,2634,ct,2.769230769,3.9953495,21.43333333,49.83333333,94976.66667,14.0752,33.76,0
3254,16/05/2024 12:00,2781,ct,2.58974359,10.90940684,19.8,55.45,95280,10.2339025,27.72,0
3255,16/05/2024 13:00,2858,ct,2.416666667,8.217213,20.275,54.575,95382.5,9.3269425,24.36,0
3256,16/05/2024 14:00,2774,ct,3.051282051,7.28617,20.65,54.55,95282.5,10.85245,31.56,0
3257,16/05/2024 15:00,2374,ct,3.15,5.530049,20.6,55.175,95202.5,9.7507125,24.84,0
3258,16/05/2024 16:00,1977,ct,3.257142857,6.505327368,19.85,56.475,95337.5,8.075085,23.4,0
3259,16/05/2024 17:00,1415,ct,3.5,7.7182455,19.45,57.85,95447.5,6.9333875,21.12,0
3260,16/05/2024 18:00,866,ct,4.384615385,9.625842105,18.925,59.85,95592.5,6.97516,18.36,0
3261,16/05/2024 19:00,499,ct,4.375,9.574791,18.5,61.75,95690,9.454685,22.92,0
3262,16/05/2024 20:00,377,ct,3.384615385,10.88998105,18,64.3,95777.5,7.7447975,21.96,0
3263,16/05/2024 21:00,198,ct,3.263157895,11.41679053,17.375,66.325,95895,6.0692,16.2,0
3264,16/05/2024 22:00,105,ct,3.025641026,11.81459158,17.1,67.46666667,95916.66667,5.166213333,15.84,0
3265,16/05/2024 23:00,94,ct,2.85,7.834031,16.825,66.5,95920,7.4102125,20.64,0
3266,17/05/2024 00:00,86,pa,2.657894737,4.394831579,17.025,63.1,95930,4.96286,16.32,0
3267,17/05/2024 01:00,157,pa,2.675,4.1936055,17.275,60.2,95872.5,4.9619925,18.72,0
3268,17/05/2024 02:00,377,pa,2.923076923,4.192425789,17.525,59.125,95790,7.910155,21.84,0
3269,17/05/2024 03:00,1537,pa,3.512820513,4.2413075,17.325,58.775,95785,7.1744125,19.68,0
3270,17/05/2024 04:00,2011,pa,3.025641026,4.145237368,17.7,55.775,95720,6.5488575,20.28,0
3271,17/05/2024 07:00,1455,pa,3.9,38.115695,15.475,74.5,95805,11.30962,30.48,0.0875
3272,17/05/2024 08:00,2509,pa,4.631578947,55.40495263,14.925,82.675,96187.5,9.933155,24.6,0.35
3273,17/05/2024 09:00,2590,pa,3.55,33.10427,15.53333333,80.83333333,96073.33333,7.735233333,20.64,0
3274,17/05/2024 10:00,2565,pa,3.256410256,27.32338947,13.9,86.23333333,96333.33333,10.95256667,29.44,0.583333333
3275,17/05/2024 11:00,2113,pa,3.45,20.224151,13.825,88.15,96485,5.54321,17.76,0.0875
3276,17/05/2024 12:00,2183,pa,3.789473684,12.21921263,13.8,85.25,96515,3.9255975,13.44,0
3277,17/05/2024 13:00,2715,pa,3.615384615,17.984705,13.1,92.05,96635,3.38942,9.72,0.0875
3278,17/05/2024 14:00,2270,pa,2.538461538,14.95571579,13.675,91.45,96557.5,4.6651575,13.92,0
3279,17/05/2024 15:00,2281,pa,3.923076923,7.606568,14.2,87.875,96292.5,6.64709,17.52,0
3280,17/05/2024 16:00,1047,pa,4.512820513,8.775862105,13.9,87.725,96337.5,5.4693025,15.84,0
3281,17/05/2024 17:00,1464,pa,3.5,11.702858,13.4,91.5,96492.5,2.5348925,8.52,0
3282,17/05/2024 18:00,794,pa,4.743589744,10.61107895,13.425,91.8,96555,3.346655,10.44,0
3283,17/05/2024 19:00,532,pa,5.076923077,10.935057,13.125,94.15,96635,3.6124475,8.76,0
3284,17/05/2024 20:00,587,pa,4.717948718,10.76430842,13.26666667,94.06666667,96630,4.039696667,8.96,0
3285,17/05/2024 21:00,315,pa,5.641025641,9.074994,13.475,93.2,96590,2.5053685,6.48,0
3286,17/05/2024 22:00,215,pa,4.421052632,5.943664737,13.625,91.1,96550,5.0330575,9.36,0
3287,17/05/2024 23:00,124,pa,2.525,6.142869,13.15,91.5,96577.5,6.1200225,11.28,0
3288,18/05/2024 00:00,134,so,1.128205128,5.694221053,12.825,91.025,96615,6.25089,10.8,0
3289,18/05/2024 01:00,116,so,1.1,10.6173635,12.225,96,96697.5,5.7818475,12,0.0875
3290,18/05/2024 02:00,199,so,1.131578947,12.28320842,12.15,97.275,96752.5,5.6346775,10.44,0.0875
3291,18/05/2024 03:00,569,so,1.1,8.604923,12.225,96.025,96745,6.4999275,12.24,0.0875
3292,18/05/2024 04:00,743,so,1.461538462,8.515450526,12.55,94.675,96705,5.84901,11.16,0
3293,18/05/2024 05:00,1047,so,1.282051282,7.226666,12.55,95.4,96710,6.2181875,11.04,0.0875
3294,18/05/2024 06:00,853,so,1.666666667,6.950433684,13.13333333,93.8,96623.33333,6.696033333,13.76,0
3295,18/05/2024 07:00,1868,so,1.6,8.5106315,13,95.3,96640,6.868085,12.84,0.0875
3296,18/05/2024 08:00,2207,so,1.41025641,6.218433684,14.525,89.575,96445,6.4306325,11.64,0
3297,18/05/2024 09:00,919,so,1.128205128,4.3132485,16.3,81.55,96060,4.65007,10.44,0
3298,18/05/2024 10:00,2098,so,0.974358974,4.404682105,16.7,81.1,95912.5,4.74621,11.52,0.175
3299,18/05/2024 11:00,2176,so,1.45,15.198675,16.225,89.15,96082.5,3.670395,10.2,0.2625
3300,18/05/2024 12:00,2170,so,1.026315789,7.907575263,17.625,83.075,95842.5,4.39445,10.2,0.175
3301,18/05/2024 13:00,1855,so,0.875,3.6977935,18.5,76.45,95537.5,5.649435,12.36,0
3302,18/05/2024 14:00,2208,so,1.923076923,21.05799368,16.425,91.625,95970,2.0642525,5.76,0.7
3303,18/05/2024 15:00,1774,so,1.694444444,17.5869015,17.3,87.925,95797.5,3.11219,8.76,0.0875
3304,18/05/2024 16:00,1830,so,2.512820513,17.21664842,16.4,94.925,96057.5,1.90253775,5.16,0.175
3305,18/05/2024 17:00,1508,so,4.256410256,11.77277,16.03333333,94.26666667,96143.33333,1.729006667,4.96,0.116666667
3306,18/05/2024 18:00,768,so,3,15.34658421,15.575,97.625,96235,0.8124329,3.12,0
3307,18/05/2024 19:00,615,so,6.3,9.4258485,14.15,100,96472.5,0.651121,2.52,0
3308,18/05/2024 20:00,552,so,5.868421053,6.098024737,12.525,100,96762.5,1.431793,4.92,0
3309,18/05/2024 21:00,347,so,10.55,5.5987345,12,100,96970,0.9193395,3.84,0
3310,18/05/2024 22:00,284,so,5.794871795,7.832214211,11.55,100,97052.5,0.729379,3.96,0
3311,18/05/2024 23:00,122,so,4.675,9.163922,11.55,100,97042.5,1.54265425,5.04,0
3312,19/05/2024 00:00,120,ne,5.368421053,7.347927368,11.15,100,97072.5,0.19055125,1.2,0
3313,19/05/2024 01:00,90,ne,5.75,7.33537,10.4,100,97180,0.1007123,1.32,0
3314,19/05/2024 02:00,160,ne,6.384615385,7.660882632,9.55,100,97300,0.91695975,3,0
3315,19/05/2024 03:00,413,ne,6.923076923,10.1408165,9.366666667,100,97376.66667,1.034417667,3.36,0
3316,19/05/2024 04:00,446,ne,9.051282051,12.63136316,11.35,94.4,97300,0.2707915,2.28,0
3317,19/05/2024 05:00,597,ne,8.125,12.17252,12.975,94.325,96787.5,0.717922275,2.4,0.0875
3318,19/05/2024 06:00,1052,ne,6.15,6.7687965,15.075,87.775,96500,0.7575895,3.12,0
3319,19/05/2024 07:00,1422,ne,4.421052632,4.652029474,15.65,87.4,96277.5,1.185102,3.96,0
3320,19/05/2024 08:00,1598,ne,4.325,5.9261625,16.55,84.775,96202.5,1.36839175,5.16,0
3321,19/05/2024 09:00,1828,ne,3.948717949,4.016560526,19.225,73.45,95787.5,1.7059225,6.12,0
3322,19/05/2024 10:00,2012,ne,2.435897436,3.684439,20.6,70.5,95422.5,2.882865,9.24,0
3323,19/05/2024 11:00,2264,ne,2.314285714,3.976816842,20.3,72.05,95530,4.27927,10.44,0
3324,19/05/2024 12:00,1935,ne,1.307692308,1.8131345,23.025,59.25,94770,4.4291175,11.04,0
3325,19/05/2024 13:00,1897,ne,1.076923077,1.923615158,23.625,55.475,94480,5.9920275,14.88,0
3326,19/05/2024 14:00,1529,ne,2.171428571,6.3564065,18.8,66.925,95255,3.3725775,10.68,0
3327,19/05/2024 15:00,2079,ne,1.432432432,6.380626842,20.66666667,60.56666667,95293.33333,3.280656667,8.96,0
3328,19/05/2024 16:00,1608,ne,1.641025641,3.405106,20.85,56.725,95080,3.6121975,9.84,0
3329,19/05/2024 17:00,633,ne,1.161290323,8.252976316,18.975,65.975,95400,3.806985,9.84,0
3330,19/05/2024 18:00,874,ne,3.102564103,27.04814,16.2,80.55,95967.5,0.7621125,3.12,0
3331,19/05/2024 19:00,519,ne,5.076923077,45.80321579,13.875,90.75,96490,1.72557825,5.64,0
3332,19/05/2024 20:00,358,ne,5.475,36.72386,12.225,94.425,96820,1.6062585,5.88,0
3333,19/05/2024 21:00,204,ne,7.552631579,21.30582632,10.925,96.4,97082.5,2.212294,5.4,0
3334,19/05/2024 22:00,120,ne,7.923076923,18.951745,10.1,98.05,97285,2.6248725,5.88,0
3335,19/05/2024 23:00,98,ne,4.58974359,15.8614,9.35,99.375,97422.5,0.9973895,3.84,0
3336,20/05/2024 00:00,119,po,2.95,13.132317,8.7,100,97542.5,1.88086775,5.04,0
3337,20/05/2024 01:00,134,po,3.473684211,11.43581474,8.4,100,97606.66667,1.515858667,4.32,0
3338,20/05/2024 02:00,408,po,4.375,10.7373225,7.825,100,97687.5,2.22044275,5.64,0
3339,20/05/2024 03:00,1771,po,4.461538462,10.90209737,7.85,100,97757.5,1.4855295,4.2,0
3340,20/05/2024 04:00,2753,po,8.85,18.26988,9.675,98.425,97577.5,2.3883625,5.52,0
3341,20/05/2024 05:00,2850,po,10.10526316,14.66259105,15.3,78.275,96630,1.88364275,4.68,0
3342,20/05/2024 06:00,2784,po,9.175,4.4377055,17.875,71.35,95840,2.611435,6.84,0
3343,20/05/2024 07:00,2712,po,6.615384615,4.890890526,20.15,66.2,95360,2.1517275,6.36,0
3344,20/05/2024 08:00,2652,po,3.743589744,3.3233015,22.35,59.3,94932.5,1.9078025,5.52,0
3345,20/05/2024 09:00,2145,po,1.743589744,1.822719474,23.45,57.2,94882.5,4.211615,10.32,0
3346,20/05/2024 10:00,2604,po,1.45,1.89748,25.35,48.875,94650,4.1103825,11.4,0
3347,20/05/2024 11:00,2550,po,1.526315789,1.929456842,23.55,53.525,94562.5,5.5738975,13.92,0
3348,20/05/2024 12:00,2713,po,1.725,1.939225,26.56666667,45.2,94283.33333,4.51002,13.44,0
3349,20/05/2024 13:00,1634,po,1.58974359,2.878312632,26.1,47.025,94125,6.2776075,15.12,0
3350,20/05/2024 14:00,1649,po,1.725,3.2819165,25.825,47.375,94172.5,4.9103675,12.12,0
3351,20/05/2024 15:00,2388,po,1.578947368,4.043107368,25.95,45.925,94305,3.6219775,9.96,0
3352,20/05/2024 16:00,1602,po,1.3,4.110287,26.1,44.45,94345,2.12481,7.8,0
3353,20/05/2024 17:00,1180,po,1.615384615,24.35098684,22.725,58.25,94780,5.755135,14.64,0
3354,20/05/2024 18:00,818,po,2.277777778,41.57433,20.475,67.7,95400,3.198017,8.64,0
3355,20/05/2024 19:00,456,po,3.4375,60.78411053,17.975,79.025,95892.5,0.51164725,3.36,0
3356,20/05/2024 20:00,383,po,7.625,45.615215,16.05,86.225,96305,0.6536625,2.88,0
3357,20/05/2024 21:00,205,po,10.26315789,38.02330526,14.725,90,96557.5,1.21996175,4.68,0
3358,20/05/2024 22:00,139,po,7.58974359,27.303595,14.275,91.65,96672.5,1.49088825,4.8,0
3359,20/05/2024 23:00,134,po,7.846153846,22.96009474,13.675,93.725,96750,0.92771675,4.2,0
3360,21/05/2024 00:00,151,ut,7.35,17.83267,13.275,94.9,96797.5,0.47166325,3.24,0
3361,21/05/2024 01:00,246,ut,5.868421053,19.34554737,12.53333333,97,96883.33333,0.340660333,1.76,0
3362,21/05/2024 02:00,556,ut,7.5,19.14184,11.8,98.65,96982.5,0.37832975,2.76,0
3363,21/05/2024 03:00,1916,ut,7.794871795,23.01641053,11.825,97.775,97027.5,0.27960025,2.16,0
3364,21/05/2024 04:00,2825,ut,7.35,22.03359,15.5,84.425,96702.5,0.4196157,2.16,0
3365,21/05/2024 05:00,2845,ut,6.026315789,14.19536105,18.15,76.275,95927.5,0.74080325,4.08,0
3366,21/05/2024 06:00,1826,ut,3.7,2.8178785,21.375,66.6,95220,4.318335,10.32,0
3367,21/05/2024 07:00,1792,ut,4.794871795,3.378619474,24.15,60.575,94780,7.1201625,18,0
3368,21/05/2024 08:00,2137,ut,6,2.360214,25.925,56.8,94335,5.8167125,16.56,0
3369,21/05/2024 09:00,2188,ut,8,2.442187895,26.35,56.85,94240,6.5873575,18.72,0
3370,21/05/2024 10:00,2418,ut,10.425,3.065689,25.7,58.475,94110,9.2225,25.68,0
3371,21/05/2024 11:00,2430,ut,10.41025641,23.58741368,22.6,72.2,94575,9.9148275,24.96,0.0875
3372,21/05/2024 12:00,2716,ut,7.222222222,59.17079,20.075,85.05,95235,5.6644975,15,0.175
3373,21/05/2024 13:00,2907,ut,9.171428571,52.83894211,20.26666667,88.63333333,95300,3.99288,12.8,0
3374,21/05/2024 14:00,2474,ut,8.375,12.269332,21.35,81.75,95080,3.236425,10.2,0
3375,21/05/2024 15:00,1947,ut,6.512820513,5.824409474,21.025,78.625,95057.5,2.3198395,8.28,0
3376,21/05/2024 16:00,1646,ut,5.051282051,8.020966,19.8,81.875,95212.5,4.600245,14.4,0
3377,21/05/2024 17:00,1115,ut,5.256410256,9.744065263,19.075,84.5,95330,5.792285,13.44,0
3378,21/05/2024 18:00,695,ut,5.540540541,4.4200375,19.725,80.775,95287.5,3.1740675,9.96,0
3379,21/05/2024 19:00,482,ut,6.842105263,15.91327316,18.875,87.175,95357.5,2.22307,8.64,0.175
3380,21/05/2024 20:00,361,ut,6.4,29.553945,17.775,95.125,95590,2.3146925,6.72,0.2625
3381,21/05/2024 21:00,147,ut,7.216216216,23.00007778,17.075,98.775,95642.5,1.111016,4.8,0.0875
3382,21/05/2024 22:00,101,ut,7.5,15.42475,16.7,99.225,95670,0.604292,3.72,0
3383,21/05/2024 23:00,91,ut,6.820512821,11.66653368,16.175,100,95692.5,0.46324575,2.64,0
3384,22/05/2024 00:00,87,st,8.666666667,11.408753,16.1,100,95666.66667,0.339600333,2.08,0.233333333
3385,22/05/2024 01:00,162,st,9.282051282,10.38665789,16.15,100,95637.5,0.29708675,2.16,0
3386,22/05/2024 02:00,388,st,7.923076923,11.46051,16.05,100,95647.5,0.49263475,3,0
3387,22/05/2024 03:00,1758,st,7.307692308,8.705684737,16.95,96.65,95612.5,1.02009775,3.6,0
3388,22/05/2024 04:00,2508,st,5.875,4.2284815,17.75,89.75,95485,2.63398,9.6,0
3389,22/05/2024 05:00,2846,st,3.533333333,3.819386842,18.65,83.7,95312.5,3.41936,11.16,0
3390,22/05/2024 06:00,2761,st,1.583333333,3.1344345,21.025,72.625,94885,3.84924,10.68,0
3391,22/05/2024 07:00,2542,st,1.923076923,3.726911053,18.975,78.75,94930,2.42855,6.72,0
3392,22/05/2024 08:00,2136,st,1.166666667,15.9627155,16.2,93.575,95637.5,3.7080275,12,0.7875
3393,22/05/2024 09:00,2067,st,1.256410256,24.76236316,15.9,96.95,95990,3.22808,9.12,0.0875
3394,22/05/2024 10:00,2524,st,1.45,13.6772385,16.4,94.35,95957.5,2.73656,7.2,0
3395,22/05/2024 11:00,2537,st,1.473684211,8.621024737,17.375,89.675,95930,2.79756,8.28,0.0875
3396,22/05/2024 12:00,2719,st,0.95,4.5001845,18.76666667,82.63333333,95806.66667,1.909493333,6.24,0
3397,22/05/2024 13:00,2829,st,0.871794872,3.683756316,18.8,78.425,95565,2.1588975,6.72,0
3398,22/05/2024 14:00,2909,st,1.307692308,4.650322,17.775,79.275,95765,2.305405,8.28,0
3399,22/05/2024 15:00,2299,st,1.514285714,3.961653158,19.525,71.975,95612.5,1.503585,6.84,0
3400,22/05/2024 16:00,1863,st,1.5,9.0076805,18.625,70.95,95650,2.587715,8.28,0
3401,22/05/2024 17:00,1149,st,5.5,5.571932,18.2,72.35,95807.5,1.97655,6.6,0
3402,22/05/2024 18:00,729,st,2.947368421,6.473167368,17.275,79.6,96007.5,1.05215375,4.68,0
3403,22/05/2024 19:00,516,st,3.175,14.63775,15.5,90.975,96365,0.86577025,3.12,0
3404,22/05/2024 20:00,393,st,4.128205128,17.2797,15.2,91.6,96555,2.41029025,5.28,0
3405,22/05/2024 21:00,219,st,4.710526316,18.91711579,14.05,96.625,96747.5,1.9574385,5.88,0
3406,22/05/2024 22:00,109,st,4.421052632,15.78992105,13.225,97.775,96905,1.55811725,5.52,0
3407,22/05/2024 23:00,127,st,4.2,12.990085,12.83333333,98.3,96956.66667,2.72161,6.72,0
3408,23/05/2024 00:00,111,ct,4.051282051,11.02939368,12.7,98.2,97017.5,3.101535,7.2,0
3409,23/05/2024 01:00,167,ct,3.615384615,9.327287,12.225,99.25,97102.5,2.08653,6.12,0
3410,23/05/2024 02:00,414,ct,3.666666667,8.904589474,12.7,97.975,97102.5,2.1197,5.4,0
3411,23/05/2024 03:00,1740,ct,3.975,12.480576,13.225,98.225,97092.5,2.548675,5.4,0
3412,23/05/2024 04:00,2632,ct,3.846153846,9.950456842,14.2,95.575,96990,1.7234875,4.44,0
3413,23/05/2024 05:00,2946,ct,3.384615385,7.890448,16.3,86.325,96735,1.202337,4.56,0
3414,23/05/2024 06:00,2717,ct,3.205128205,3.368222105,19.375,71.525,96177.5,1.9857625,6.36,0
3415,23/05/2024 07:00,2505,ct,3.225,2.349538,21.475,60.6,95462.5,3.62773,10.44,0
3416,23/05/2024 08:00,2440,ct,3.552631579,2.071692105,22.9,55.3,95160,3.9259075,10.68,0
3417,23/05/2024 09:00,2479,ct,3.225,2.147134,23.5,52.15,95015,2.9791425,8.52,0
3418,23/05/2024 10:00,2561,ct,3.256410256,3.000769474,23.6,50.25,95107.5,2.5388875,8.28,0
3419,23/05/2024 11:00,2698,ct,2.846153846,2.496374,24.7,47.33333333,94956.66667,3.158386667,10.56,0
3420,23/05/2024 12:00,2835,ct,2.923076923,2.851459474,24.975,46.7,94960,2.3087225,6.48,0
3421,23/05/2024 13:00,2994,ct,2.65,4.196052,24.325,47.675,94955,3.577365,10.8,0
3422,23/05/2024 14:00,2720,ct,2.692307692,3.692600526,26.225,44.775,94617.5,4.0106825,11.76,0
3423,23/05/2024 15:00,2332,ct,3.358974359,6.822148,23.875,51.1,94925,4.9878425,12.72,0
3424,23/05/2024 16:00,2038,ct,3.205128205,7.216038947,23.85,51.675,95110,5.2149025,12.12,0
3425,23/05/2024 17:00,976,ct,3.75,6.625418,22.475,53.6,95415,5.4918025,10.32,0
3426,23/05/2024 18:00,465,ct,4.179487179,21.90460105,20.075,65.25,95885,2.3059895,6,0
3427,23/05/2024 19:00,313,ct,4.743589744,34.952595,16.725,81.4,96542.5,0.64294575,2.76,0
3428,23/05/2024 20:00,179,ct,5,37.47333158,15.325,86.65,96945,0.97157125,5.28,0
3429,23/05/2024 21:00,160,ct,5.657894737,34.47586316,13.875,91.925,97222.5,0.101592138,0.6,0
3430,23/05/2024 22:00,70,ct,5.894736842,32.24160526,12.35,95.475,97462.5,1.2118165,5.04,0
3431,23/05/2024 23:00,88,ct,6.1,24.05799,11.76666667,95.63333333,97606.66667,1.688473333,7.04,0
3432,24/05/2024 00:00,106,pa,6.333333333,21.07986842,10.925,98,97752.5,0.90071475,4.2,0
3433,24/05/2024 01:00,150,pa,6.384615385,16.780975,10.425,98.9,97850,2.069255,6.12,0
3434,24/05/2024 02:00,424,pa,7.102564103,16.66951053,10,99.775,97927.5,1.55953325,6,0
3435,24/05/2024 03:00,1590,pa,7.1,18.3766,10.5,98.225,97910,1.995985,5.76,0
3436,24/05/2024 04:00,2375,pa,9.236842105,21.86663158,13.775,88.825,97567.5,0.6626445,3.12,0
3437,24/05/2024 05:00,2739,pa,11.4,24.947436,18.25,72.975,96495,1.72419725,5.04,0
3438,24/05/2024 06:00,2702,pa,8.538461538,7.681153158,19.225,72.1,96182.5,1.7895325,6.12,0
3439,24/05/2024 07:00,2365,pa,5.2,3.2116265,22.4,62.4,95527.5,2.635425,7.68,0
3440,24/05/2024 08:00,2504,pa,5.315789474,2.755878947,23.425,59.775,95470,5.2759875,15.96,0
3441,24/05/2024 09:00,2587,pa,6.575,3.688199,21.05,68.6,95650,8.973425,20.76,0
3442,24/05/2024 10:00,2588,pa,6,14.62577158,18.55,81.125,96212.5,6.32536,15,0
3443,24/05/2024 11:00,2703,pa,3.27027027,13.0930375,20,73.7,96226.66667,1.883286667,5.12,0
3444,24/05/2024 12:00,2793,pa,3.131578947,6.583096842,20.975,68.65,95915,3.4393245,10.56,0
3445,24/05/2024 13:00,2805,pa,5.1,9.959095,20.5,71.725,95922.5,3.9085975,11.4,0
3446,24/05/2024 14:00,2807,pa,5.974358974,8.680951053,20.775,71.8,95860,3.92902,9,0
3447,24/05/2024 15:00,2486,pa,6.307692308,5.597443,20.35,71.725,95840,2.987205,7.8,0
3448,24/05/2024 16:00,2186,pa,4.358974359,5.018499474,20,72.15,95940,2.89254,8.28,0
3449,24/05/2024 17:00,1478,pa,2.416666667,6.193242,19.7,70.7,96072.5,1.7328975,4.68,0
3450,24/05/2024 18:00,1130,pa,3.538461538,9.569942632,17.825,78.375,96400,2.153255,4.92,0
3451,24/05/2024 19:00,705,pa,3.076923077,17.981795,15.6,89.875,96815,1.5896075,4.44,0
3452,24/05/2024 20:00,555,pa,5.051282051,25.31259474,14.15,93.525,97122.5,1.2330775,3.84,0
3453,24/05/2024 21:00,442,pa,5.975,21.273195,13.75,95.175,97245,1.564235,5.04,0
3454,24/05/2024 22:00,244,pa,7.666666667,19.15716316,12.45,98.65,97445,2.67449,5.88,0
3455,24/05/2024 23:00,162,pa,5.666666667,14.303226,11.83333333,99.9,97583.33333,1.588396667,5.12,0
3456,25/05/2024 00:00,117,so,5.102564103,13.32341684,11.125,100,97695,1.68385875,4.56,0
3457,25/05/2024 01:00,117,so,5.225,11.207341,10.475,100,97812.5,1.230758,3.48,0
3458,25/05/2024 02:00,237,so,6.052631579,11.43572,10.375,100,97845,0.9635595,3.48,0
3459,25/05/2024 03:00,682,so,5.75,11.806452,10.675,100,97830,1.9545825,5.04,0
3460,25/05/2024 04:00,886,so,6.923076923,10.70914211,14.125,89.175,97545,1.130706,4.32,0
3461,25/05/2024 05:00,1222,so,9.35,10.31233,18.45,75.675,96552.5,1.60134175,5.04,0
3462,25/05/2024 06:00,1687,so,12.10526316,7.209762632,17.4,83.35,96325,2.21739,6.24,0
3463,25/05/2024 07:00,2064,so,15.5,5.866407,20.075,74.175,96062.5,1.5266725,5.76,0
3464,25/05/2024 08:00,2075,so,10.82857143,3.389196316,23.675,62.65,95685,2.03453,5.4,0
3465,25/05/2024 09:00,2249,so,9.775,2.681491,22.175,65.825,95415,2.6753975,7.92,0
3466,25/05/2024 10:00,2161,so,7.820512821,2.500134737,23.86666667,61.83333333,95443.33333,2.31176,8.32,0
3467,25/05/2024 11:00,2413,so,5.641025641,3.1770915,25.25,57.575,95235,3.1346675,8.52,0
3468,25/05/2024 12:00,1988,so,3.871794872,2.844707368,24,58.75,95112.5,2.46531,7.08,0
3469,25/05/2024 13:00,1813,so,4.3,6.637158,22.325,66.925,95517.5,2.6997125,7.2,0
3470,25/05/2024 14:00,1611,so,6.026315789,17.36208947,20.9,74.825,95820,2.377555,6.12,0
3471,25/05/2024 15:00,2033,so,6.825,15.964367,20.75,75.025,95962.5,1.5439495,5.16,0
3472,25/05/2024 16:00,1922,so,4.153846154,43.42870105,17.1,86.95,96515,3.800195,12,0.9625
3473,25/05/2024 17:00,1302,so,3.55,42.76006,16.45,89.8,96800,1.5188025,4.44,0
3474,25/05/2024 18:00,1045,so,4.078947368,26.08325263,15.325,97.275,96965,1.06658725,3.96,0
3475,25/05/2024 19:00,831,so,4.75,21.342915,14.175,99.925,97222.5,0.422207,2.16,0
3476,25/05/2024 20:00,622,so,6.871794872,16.44993158,13.35,100,97422.5,0.7675705,3.24,0
3477,25/05/2024 21:00,729,so,5.846153846,13.334256,12.3,100,97600,2.061463,5.16,0
3478,25/05/2024 22:00,376,so,7.025641026,10.91623263,11.6,100,97733.33333,2.828216667,7.52,0
3479,25/05/2024 23:00,228,so,6.275,7.61667,10.975,100,97827.5,2.45844,6.72,0
3480,26/05/2024 00:00,158,ne,5.131578947,7.060520526,10.425,100,97910,2.3899425,5.4,0
3481,26/05/2024 01:00,111,ne,4.775,7.7999345,9.8,100,98027.5,0.7342465,3.24,0
3482,26/05/2024 02:00,182,ne,6.717948718,9.420617895,10.25,100,97980,2.45056,5.88,0
3483,26/05/2024 03:00,409,ne,8.725,8.880039,11.075,100,97870,0.5871815,2.76,0
3484,26/05/2024 04:00,436,ne,8.641025641,13.600693,11.5,100,97747.5,2.176265,5.64,0
3485,26/05/2024 05:00,685,ne,9.41025641,11.85666737,13.075,99.95,97525,0.63871425,2.76,0.0875
3486,26/05/2024 06:00,859,ne,11.825,11.635649,14.475,96.4,97352.5,1.6606055,5.04,0
3487,26/05/2024 07:00,1313,ne,16.07894737,9.590936842,18.125,82.925,96880,2.14743,6.84,0
3488,26/05/2024 08:00,1566,ne,13.575,6.007567,20.025,76.525,96187.5,1.7331175,5.28,0
3489,26/05/2024 09:00,1182,ne,13.35897436,3.131954737,22.66666667,69.4,95863.33333,2.111563333,5.44,0
3490,26/05/2024 10:00,1015,ne,8.65,2.4586699,22.825,67.3,95585,1.70017475,6.72,0
3491,26/05/2024 11:00,1414,ne,4,2.124892526,22.8,63.4,95485,4.5476125,11.4,0
3492,26/05/2024 12:00,2251,ne,3.65,2.3885795,23.325,64.125,95415,5.7439675,13.44,0
3493,26/05/2024 13:00,2366,ne,3.717948718,2.708211579,23.975,61.25,95272.5,4.8051025,11.4,0
3494,26/05/2024 14:00,2310,ne,4.025641026,4.2753315,23.275,65.55,95377.5,5.3879125,10.56,0
3495,26/05/2024 15:00,2398,ne,3.684210526,5.010515263,24.9,60.025,95260,3.30446,9.48,0
3496,26/05/2024 16:00,2121,ne,4.5,38.1543715,19.425,78.95,95882.5,7.0866525,18,1.75
3497,26/05/2024 17:00,1524,ne,4.692307692,78.36796316,16.875,93.225,96767.5,2.031205,7.08,0
3498,26/05/2024 18:00,772,ne,3.666666667,43.88723,15.875,95.8,96992.5,0.704417,3.6,0
3499,26/05/2024 19:00,425,ne,15.25641026,28.55730526,14.35,100,97287.5,0.461839,1.8,0
3500,26/05/2024 20:00,308,ne,4.75,20.79405,13.775,100,97437.5,0.4362285,2.16,0
3501,26/05/2024 21:00,401,ne,6.815789474,18.48388421,14.16666667,100,97436.66667,1.540170667,4.64,0.35
3502,26/05/2024 22:00,226,ne,4.512820513,16.022575,15.1,99.625,97352.5,2.6402825,7.56,1.6625
3503,26/05/2024 23:00,141,ne,5.358974359,13.6184,14.775,100,97307.5,1.270861,5.16,0
3504,27/05/2024 00:00,189,po,5.25,10.845257,14.5,100,97275,0.61289375,2.52,0
3505,27/05/2024 01:00,210,po,6.631578947,8.274489474,13.925,100,97352.5,0.97404925,3.24,0
3506,27/05/2024 02:00,544,po,4.575,7.0778675,13.225,100,97472.5,0.0104188,0.36,0
3507,27/05/2024 03:00,1742,po,6.666666667,9.383828947,13.025,100,97497.5,1.1011415,3.84,0
3508,27/05/2024 04:00,2754,po,11.79487179,11.890188,13.425,100,97457.5,1.67323775,4.32,0
3509,27/05/2024 05:00,2962,po,10.71794872,13.03630211,15.4,97.85,97197.5,1.613447,4.2,0
3510,27/05/2024 06:00,2842,po,12.58333333,14.584835,18.425,88.375,96720,2.1251,5.88,0
3511,27/05/2024 07:00,2639,po,10.41025641,5.334608421,21.475,74.1,96042.5,1.7902625,5.4,0
3512,27/05/2024 08:00,2325,po,8.95,3.3308805,22.56666667,70.9,95683.33333,1.43293,4.8,0
3513,27/05/2024 09:00,2431,po,9.743589744,3.170745789,23.675,69.9,95510,2.2079825,6.36,0
3514,27/05/2024 10:00,2355,po,9.076923077,3.319317,24.525,67.7,95177.5,2.333885,6,0
3515,27/05/2024 11:00,2482,po,8.128205128,6.083543684,24.025,70.025,95182.5,2.5299175,7.56,0
3516,27/05/2024 12:00,2225,po,7.575,24.377272,17.5,89.4,96132.5,4.7387075,11.4,5.1625
3517,27/05/2024 13:00,2699,po,5.382352941,35.98160947,18.9,86.6,96457.5,1.8738875,7.2,0.7
3518,27/05/2024 14:00,2562,po,3.375,3.88192,24.5,60.825,95390,1.6337475,4.44,0
3519,27/05/2024 15:00,2125,po,4.710526316,2.790815263,24.5,63.325,95057.5,1.41657725,4.68,0
3520,27/05/2024 16:00,1714,po,4.825,4.830057,23.175,72.525,95280,2.5328775,7.08,0
3521,27/05/2024 17:00,1078,po,5.794871795,6.032952105,22.3,75.075,95502.5,1.806835,5.64,0
3522,27/05/2024 18:00,743,po,6.925,14.3704135,19.125,92.75,95975,0.841309,2.52,0
3523,27/05/2024 19:00,507,po,8.026315789,11.95879368,17.7,96.15,96375,1.59229275,5.52,0
3524,27/05/2024 20:00,379,po,14.7,17.411565,17.075,96.925,96515,1.48233,3.6,0
3525,27/05/2024 21:00,161,po,6.394736842,17.41842105,16.26666667,98.9,96643.33333,1.366512667,4,0
3526,27/05/2024 22:00,84,po,7.051282051,14.496525,15.425,100,96780,2.01285,4.92,0
3527,27/05/2024 23:00,100,po,6.051282051,13.99242632,15.05,100,96850,1.64088775,4.8,0
3528,28/05/2024 00:00,96,ut,6.875,11.299274,15.025,100,96822.5,0.003256725,0.24,0
3529,28/05/2024 01:00,137,ut,6.289473684,10.05798632,14.775,100,96845,1.98219205,5.04,0
3530,28/05/2024 02:00,433,ut,9.25,10.7280345,15.475,100,96765,1.85507475,5.28,0
3531,28/05/2024 03:00,1599,ut,7.538461538,13.97746316,15.55,100,96767.5,2.916315,8.04,0.9625
3532,28/05/2024 04:00,2474,ut,4.358974359,17.55204,15.525,100,96847.5,1.7711325,6.24,0.4375
3533,28/05/2024 05:00,2696,ut,4.230769231,16.67210737,15.15,99.825,96870,1.5947325,4.68,0.6125
3534,28/05/2024 06:00,2605,ut,3.307692308,8.4822245,14.625,99.2,97052.5,1.76547,5.28,0.7
3535,28/05/2024 07:00,2546,ut,2.717948718,13.15492316,15.2,97.85,97027.5,1.148018,3.84,0.2625
3536,28/05/2024 08:00,2342,ut,2.8,9.0312195,15.23333333,97.6,97063.33333,2.704756667,6.08,0.583333333
3537,28/05/2024 09:00,1534,ut,1.763157895,6.368842105,16.4,91.45,96932.5,2.30622,5.76,0.0875
3538,28/05/2024 10:00,1321,ut,1.914285714,3.190783,18.875,77.225,96452.5,1.5701025,5.52,0
3539,28/05/2024 11:00,1369,ut,2.205882353,3.580656316,17.75,81,96482.5,2.4282,7.08,0
3540,28/05/2024 12:00,1520,ut,3,3.3403805,18.3,73.525,96472.5,1.73377,5.52,0
3541,28/05/2024 13:00,1530,ut,2.923076923,2.755953158,19.8,66.625,96160,2.184965,7.92,0
3542,28/05/2024 14:00,2632,ut,3.361111111,3.269163,19.45,67.375,95980,2.42575,7.68,0
3543,28/05/2024 15:00,2183,ut,2.702702703,3.70961,19.5,64.25,96090,4.40374,12.12,0
3544,28/05/2024 16:00,1760,ut,1.921052632,6.3217215,18.325,69.15,96322.5,2.690115,6.48,0
3545,28/05/2024 17:00,1213,ut,4.441176471,5.865636842,17.85,73.725,96492.5,3.4869925,7.2,0
3546,28/05/2024 18:00,789,ut,3.605263158,12.6383175,16.05,84.95,96787.5,2.8948355,6.12,0
3547,28/05/2024 19:00,503,ut,6.871794872,24.75258947,14.325,93.75,97190,0.87375875,3,0
3548,28/05/2024 20:00,425,ut,3.948717949,14.807592,14.46666667,91.76666667,97286.66667,2.186473333,5.92,0
3549,28/05/2024 21:00,184,ut,3.717948718,13.37468947,14.35,92.475,97300,0.9723865,3.48,0
3550,28/05/2024 22:00,118,ut,4.775,15.33781,13.65,97.275,97405,0.001303085,0.12,0
3551,28/05/2024 23:00,87,ut,5.918918919,14.86812737,11.875,100,97655,0.1210715,1.44,0
3552,29/05/2024 00:00,105,st,4.975,11.525101,10.55,100,97875,1.642,4.08,0
3553,29/05/2024 01:00,140,st,4.846153846,9.202962632,9.575,100,98040,1.9690825,4.56,0
3554,29/05/2024 02:00,425,st,3.9,8.008229,8.6,100,98180,1.41803525,4.56,0
3555,29/05/2024 03:00,1665,st,4.526315789,8.81238,8.375,100,98240,2.1342335,5.04,0
3556,29/05/2024 04:00,2714,st,6.692307692,11.155378,11.45,93.1,97885,1.9376225,4.68,0
3557,29/05/2024 05:00,2847,st,9,14.28739474,14.65,86.95,97185,1.43914425,4.92,0
3558,29/05/2024 06:00,2866,st,17.17948718,11.5316925,16.075,82.95,96585,1.8019125,6.12,0
3559,29/05/2024 07:00,2445,st,16.61538462,6.647275263,18,71.46666667,96330,2.775013333,6.72,0
3560,29/05/2024 08:00,1369,st,4.9,2.5095939,21.05,56.125,95740,2.92841,7.2,0
3561,29/05/2024 09:00,1325,st,1.736842105,1.325349053,21.375,54.175,95587.5,4.4737275,10.08,0
3562,29/05/2024 10:00,1389,st,2.4,1.8274939,22.95,51.75,95352.5,4.1987775,11.16,0
3563,29/05/2024 11:00,1761,st,2.717948718,2.441231579,23.15,51.675,95017.5,5.6772325,14.76,0
3564,29/05/2024 12:00,1837,st,2.717948718,2.915345,23.375,49.625,94787.5,5.063325,13.8,0
3565,29/05/2024 13:00,2315,st,1.65,3.5017455,24.075,50.7,94757.5,4.2475825,10.44,0
3566,29/05/2024 14:00,2628,st,1.487179487,3.906505789,23.675,51.575,94792.5,3.8251425,9.24,0
3567,29/05/2024 15:00,2594,st,1.85,5.811631,22.575,55.025,94975,2.442065,6.72,0
3568,29/05/2024 16:00,2115,st,2.026315789,8.827828421,22.35,56.575,95085,3.3506925,9.24,0
3569,29/05/2024 17:00,1406,st,2.325,14.080513,21.25,61.85,95305,2.13957,6.48,0
3570,29/05/2024 18:00,994,st,3.641025641,18.09634842,19.575,70.175,95537.5,0.916287,3.6,0
3571,29/05/2024 19:00,585,st,4.769230769,26.12602632,17.125,82.35,95947.5,1.3297405,3.48,0
3572,29/05/2024 20:00,420,st,12.18421053,27.52943684,16.26666667,84.46666667,96153.33333,2.205476667,4.96,0
3573,29/05/2024 21:00,241,st,12.51282051,24.28160526,15.35,89.675,96307.5,1.3870725,4.2,0
3574,29/05/2024 22:00,151,st,5.105263158,33.71707895,15.025,92.9,96370,2.0506725,6.48,0.0875
3575,29/05/2024 23:00,114,st,6.4,36.187525,14.775,97.4,96377.5,1.04220375,3.84,0
3576,30/05/2024 00:00,115,ct,4.743589744,25.37528421,14.625,99.625,96355,0.84396125,3,0
3577,30/05/2024 01:00,140,ct,10.55,17.991935,14.2,99.9,96340,0.8179405,3.36,0
3578,30/05/2024 02:00,427,ct,4.342105263,18.56978947,13.375,100,96407.5,0.7387,3,0
3579,30/05/2024 03:00,1697,ct,3.05,15.041021,13.65,100,96365,1.323803,3.36,0
3580,30/05/2024 04:00,2596,ct,5,20.51437895,14.4,99.075,96202.5,0.47378605,1.68,0
3581,30/05/2024 05:00,2911,ct,5.307692308,13.900912,15.375,96.25,96035,0.736469,3.96,0
3582,30/05/2024 06:00,2752,ct,6.861111111,10.36233053,18.975,80.9,95540,1.6944475,4.8,0
3583,30/05/2024 07:00,2583,ct,4.974358974,3.6028205,20.7,71.03333333,94986.66667,1.538421,5.12,0
3584,30/05/2024 08:00,2474,ct,3.487179487,3.113111053,19.15,74.45,94947.5,4.32211,10.92,0
3585,30/05/2024 09:00,2437,ct,2.275,9.2178295,17.4,86.55,95360,7.3052125,17.88,0.0875
3586,30/05/2024 10:00,2496,ct,1.714285714,10.37720526,17.175,87.225,95575,7.36489,15,0.0875
3587,30/05/2024 11:00,2523,ct,1.625,5.924867,18.075,82.5,95380,4.9739775,11.76,0
3588,30/05/2024 12:00,2942,ct,1.228571429,4.813580526,18.8,80.65,95210,6.9139325,14.04,0.0875
3589,30/05/2024 13:00,3081,ct,1.225,2.4190055,20.75,68.05,94592.5,6.83154,18.36,0
3590,30/05/2024 14:00,2679,ct,1.078947368,2.698753684,21.7,64.9,94172.5,5.20529,12.84,0
3591,30/05/2024 15:00,2253,ct,1.054054054,4.796517,20.25,71.1,94557.5,2.5620885,8.16,0
3592,30/05/2024 16:00,1832,ct,1.815789474,46.59411579,18.2,86.575,95070,3.9592175,10.8,1.4875
3593,30/05/2024 17:00,1231,ct,1.025,15.9881015,19.25,82.225,94952.5,2.3505415,7.56,0
3594,30/05/2024 18:00,811,ct,2.128205128,22.99946842,16.425,97.225,95442.5,0.81278975,3.12,0
3595,30/05/2024 19:00,599,ct,2.289473684,22.87816,15.4,99.13333333,95753.33333,0.541411667,2.24,0
3596,30/05/2024 20:00,351,ct,5,16.43464737,14.5,99.65,95930,0.597809,2.28,0
3597,30/05/2024 21:00,217,ct,3.763157895,10.85676526,13.375,100,96115,0.73807125,2.28,0
3598,30/05/2024 22:00,156,ct,3.789473684,10.43316526,12.45,100,96287.5,1.61018775,4.56,0
3599,30/05/2024 23:00,115,ct,3.35,7.70562,11.9,100,96420,2.4394175,5.28,0
3600,31/05/2024 00:00,96,pa,2.948717949,7.167889474,11.675,100,96520,0.347979,2.16,0
3601,31/05/2024 01:00,150,pa,5.128205128,9.868834,11.7,100,96470,2.04883925,4.44,0
3602,31/05/2024 02:00,439,pa,4.871794872,8.114744211,11.2,100,96545,2.26964475,5.88,0
3603,31/05/2024 03:00,1614,pa,4.275,10.595615,11.25,100,96595,0.651539,2.88,0
3604,31/05/2024 04:00,2536,pa,4.846153846,13.43810105,11.5,100,96572.5,0.67386225,2.52,0
3605,31/05/2024 05:00,2779,pa,6.820512821,13.52838,13.5,97.45,96382.5,1.106527,4.56,0
3606,31/05/2024 06:00,2697,pa,8.076923077,8.615005263,17.93333333,82.16666667,95756.66667,1.68777,5.44,0
3607,31/05/2024 07:00,2487,pa,3.025,3.264426,20.525,70.725,95017.5,0.87199275,4.44,0
3608,31/05/2024 08:00,2631,pa,1.710526316,2.281148947,21.525,64.7,94695,2.3267875,7.2,0
3609,31/05/2024 09:00,2533,pa,1.15,1.9359528,23.375,60.625,94477.5,3.975915,12,0
3610,31/05/2024 10:00,2503,pa,1.131578947,2.031962105,24.65,54.475,94320,4.5257375,11.64,0
3611,31/05/2024 11:00,2796,pa,1.025,2.1314015,25.025,52.425,94095,4.776215,13.32,0
3612,31/05/2024 12:00,2957,pa,1.41025641,2.833188947,24.025,54.925,93980,4.5978075,14.76,0
3613,31/05/2024 13:00,2975,pa,1.717948718,5.1470165,23.35,57.275,94312.5,7.58895,21.96,0
3614,31/05/2024 14:00,2755,pa,2.102564103,8.954627895,21.925,60.775,94607.5,6.4118025,17.52,0
3615,31/05/2024 15:00,2494,pa,2.75,50.055125,18.525,79.625,95252.5,4.01601,12.12,1.05
3616,31/05/2024 16:00,2021,pa,2.868421053,78.95666842,16.05,97.575,95860,4.01466,12.24,0.875
3617,31/05/2024 17:00,1315,pa,1.25,43.834675,15.925,95.425,95945,3.8132475,9.96,0
3618,31/05/2024 18:00,966,pa,1.974358974,30.26544737,15.8,95.73333333,95983.33333,3.940613333,8.64,0.116666667
3619,31/05/2024 19:00,632,pa,2.825,30.22009,15.4,99.975,96075,1.49378375,4.92,1.4875
3620,31/05/2024 20:00,479,pa,2.631578947,20.10044211,15.4,100,96122.5,1.315673,4.44,0.0875
3621,31/05/2024 21:00,318,pa,2.025,14.553195,15.2,100,96147.5,0.55940925,3.24,0
3622,31/05/2024 22:00,249,pa,2.820512821,10.21817789,14.975,100,96147.5,0.12561155,1.08,0
3623,31/05/2024 23:00,109,pa,2.743589744,10.304523,15.05,100,96122.5,0.15562195,1.44,0.0875
3624,01/06/2024 00:00,57,so,3.641025641,9.631222632,15,100,96095,0.058622025,1.08,0
3625,01/06/2024 01:00,99,so,3.925,7.831414,14.925,100,96065,0.196706753,2.16,0
3626,01/06/2024 02:00,201,so,4.105263158,7.923344737,15.275,100,96055,1.030354,4.68,0.0875
3627,01/06/2024 03:00,520,so,5.75,7.3753805,15.575,99.825,96002.5,1.29437075,4.2,0
3628,01/06/2024 04:00,761,so,6.564102564,6.630967895,15.775,99.85,95997.5,1.58403825,4.44,0.35
3629,01/06/2024 05:00,936,so,7.615384615,11.712127,16.06666667,99.93333333,95986.66667,2.226646667,4.96,0
3630,01/06/2024 06:00,451,so,6.871794872,8.375858421,17,98.925,95900,0.798811,2.88,0
3631,01/06/2024 07:00,1383,so,6.864864865,6.447577,17.6,95,95790,2.214836,7.08,0.2625
3632,01/06/2024 08:00,1779,so,6.282051282,7.668362105,18.15,95.3,95740,2.69781,9.72,0.0875
3633,01/06/2024 09:00,559,so,4.722222222,5.16236,18.825,92.2,95607.5,3.318585,8.88,0.0875
3634,01/06/2024 10:00,1112,so,3.277777778,4.539490526,19.775,86.225,95385,2.84309,7.68,0.0875
3635,01/06/2024 11:00,1171,so,4.307692308,8.931031,19.25,91.35,95577.5,1.66866025,6.24,0.2625
3636,01/06/2024 12:00,651,so,5.307692308,4.019198947,22.525,78.825,94887.5,2.4302,6.96,0
3637,01/06/2024 13:00,1095,so,3.875,4.3275845,19.025,88.45,95205,4.5444075,12.96,0.2625
3638,01/06/2024 14:00,1013,so,1.923076923,19.30908421,17.6,96.775,95840,3.35187275,9.6,0.2625
3639,01/06/2024 15:00,533,so,1.41025641,14.277547,18.325,94,95710,1.8439795,6,0
3640,01/06/2024 16:00,901,so,1.769230769,12.79762053,17.6,95.325,95845,1.04633275,4.68,0
3641,01/06/2024 17:00,690,so,2.8,13.9400635,17.36666667,97.2,95933.33333,1.087241,4.16,0
3642,01/06/2024 18:00,487,so,4.594594595,9.396668421,16.875,99.15,96037.5,2.67374,6.12,0
3643,01/06/2024 19:00,313,so,5.45,8.33284,16.2,99.675,96220,1.9636925,5.28,0
3644,01/06/2024 20:00,226,so,6.102564103,7.746983158,15.5,100,96390,1.14333225,3.72,0
3645,01/06/2024 21:00,155,so,6.256410256,8.856072,15.2,100,96480,1.7820475,5.04,0
3646,01/06/2024 22:00,130,so,6.564102564,7.45321,15.05,100,96525,2.0885575,5.4,0
3647,01/06/2024 23:00,109,so,6.95,7.332085,15.075,100,96550,1.7148325,4.92,0
3648,02/06/2024 00:00,115,ne,7.717948718,6.9805535,14.975,100,96597.5,1.2251825,3.96,0.0875
3649,02/06/2024 01:00,113,ne,7.974358974,6.725936842,14.875,100,96627.5,1.49027675,4.44,0
3650,02/06/2024 02:00,192,ne,8.75,7.1937345,14.8,100,96657.5,1.27789075,3.6,0
3651,02/06/2024 03:00,269,ne,8.473684211,9.919227895,15.1,100,96677.5,0.79642,3.48,0
3652,02/06/2024 04:00,239,ne,8.789473684,9.7063425,17.76666667,93.8,96466.66667,1.90898,4.48,0.116666667
3653,02/06/2024 05:00,307,ne,8.162162162,3.879244737,19.95,81.25,95782.5,1.9545375,7.44,0
3654,02/06/2024 06:00,468,ne,8.243243243,3.479331,19.825,81.55,95857.5,2.37028,8.76,0
3655,02/06/2024 07:00,653,ne,7.736842105,2.946160526,20.825,78.475,95777.5,4.7624125,13.8,0
3656,02/06/2024 08:00,810,ne,7.875,2.45878,22.1,73.4,95447.5,6.0385825,14.76,0
3657,02/06/2024 09:00,821,ne,8.641025641,3.109631579,22.325,73.325,95417.5,6.4629425,16.08,0
3658,02/06/2024 10:00,624,ne,8.153846154,3.80014,22.625,72.575,95397.5,6.2011475,16.32,0
3659,02/06/2024 11:00,1039,ne,7.076923077,2.81135,24.6,65.6,95107.5,5.09726,13.8,0
3660,02/06/2024 12:00,1130,ne,5.875,2.254285,24.775,64.675,94907.5,6.7870725,18.24,0
3661,02/06/2024 13:00,448,ne,5.461538462,15.08471105,21.725,76.925,95382.5,5.883225,15.6,0
3662,02/06/2024 14:00,1075,ne,4.512820513,16.034181,21.7,73.85,95502.5,1.5833775,5.76,0
3663,02/06/2024 15:00,1145,ne,5.615384615,20.85255263,20.675,82.075,95702.5,3.6060675,11.4,0
3664,02/06/2024 16:00,885,ne,3.666666667,42.33769,17.7,92.175,96320,3.52751,10.08,0.6125
3665,02/06/2024 17:00,668,ne,3.538461538,36.63541579,17.4,95.23333333,96416.66667,3.138973333,7.68,0.116666667
3666,02/06/2024 18:00,416,ne,5.487179487,25.413435,17.575,97.925,96487.5,0.911774,3.72,0
3667,02/06/2024 19:00,271,ne,9.605263158,10.03549526,17.05,100,96630,0.554509,3.36,0
3668,02/06/2024 20:00,201,ne,11.94871795,8.063201,16.75,98.55,96745,1.11729775,4.44,0
3669,02/06/2024 21:00,135,ne,11.23684211,8.848812632,16.35,98.575,96802.5,1.17705775,4.2,0
3670,02/06/2024 22:00,82,ne,8.475,6.2340715,16.175,93.45,96835,1.0749645,5.04,0
3671,02/06/2024 23:00,92,ne,6.921052632,5.07643,15.25,97.85,96927.5,1.9262925,5.64,0
3672,03/06/2024 00:00,142,po,6.4,6.8014055,14.875,98.775,97025,1.6769525,5.16,0
3673,03/06/2024 01:00,237,po,6.947368421,5.220854211,15.075,97.3,97017.5,2.0243865,6.84,0
3674,03/06/2024 02:00,563,po,8.25,4.21602,15.4,93.775,96942.5,1.63059775,5.88,0
3675,03/06/2024 03:00,1929,po,6.461538462,5.225788947,15.375,94.225,96937.5,0.83724,3.24,0
3676,03/06/2024 04:00,2803,po,2.55,4.5422065,15.625,87.4,96907.5,1.7161,6.48,0
3677,03/06/2024 05:00,2599,po,2.605263158,6.457285789,16.23333333,83.63333333,96820,2.4209,7.84,0
3678,03/06/2024 06:00,2785,po,3.6,4.302885,17.425,78.775,96585,2.6879625,7.2,0
3679,03/06/2024 07:00,2156,po,5.441176471,4.613167895,18.225,74.2,96222.5,2.8840125,8.76,0
3680,03/06/2024 08:00,2194,po,5,4.3138695,17.8,75.275,96347.5,3.951845,10.8,0
3681,03/06/2024 09:00,1882,po,4.342105263,4.501269474,18.25,73,96310,2.7880775,9.24,0
3682,03/06/2024 10:00,2324,po,4.9,4.806845,18.55,72.075,96235,3.475575,9,0
3683,03/06/2024 11:00,2570,po,6.615384615,6.246659474,18.7,72.2,96145,1.823305,6.12,0
3684,03/06/2024 12:00,2641,po,7,7.095372,19.575,69.975,95895,2.575645,8.52,0
3685,03/06/2024 13:00,1461,po,7.085714286,6.000293684,20.15,68.15,95767.5,3.706915,10.32,0
3686,03/06/2024 14:00,2603,po,6.275,4.410021,19.975,67.925,95737.5,3.542855,10.8,0
3687,03/06/2024 15:00,2039,po,6.71875,7.429250526,18.15,73.4,96020,3.8741525,11.28,0
3688,03/06/2024 16:00,1510,po,7.923076923,8.7442815,16.7,77.95,96422.5,3.63375,9.48,0
3689,03/06/2024 17:00,959,po,7.743589744,11.91944632,15.86666667,79.4,96573.33333,3.07661,9.44,0
3690,03/06/2024 18:00,633,po,10.12820513,10.3759105,15.4,79.775,96712.5,2.0911625,8.28,0
3691,03/06/2024 19:00,408,po,15.05128205,12.12527474,14.55,81.725,96947.5,2.00299,6.48,0
3692,03/06/2024 20:00,348,po,14.9,13.759746,13.075,90,97245,2.0421,5.52,0
3693,03/06/2024 21:00,151,po,14.23684211,13.65957895,11.075,96.55,97582.5,2.641215,6.48,0
3694,03/06/2024 22:00,105,po,12.625,12.20533,10.025,97.95,97792.5,3.07035,7.32,0
3695,03/06/2024 23:00,121,po,11.84615385,10.79337895,9.45,98.575,97917.5,3.219205,6.96,0
3696,04/06/2024 00:00,89,ut,10.87179487,11.26332,9.1,99.35,98002.5,2.45023,6.24,0
3697,04/06/2024 01:00,165,ut,10.82051282,10.10585158,8.575,100,98080,1.806595,5.16,0
3698,04/06/2024 02:00,412,ut,9.625,9.797463,8.325,100,98130,1.999685,5.64,0
3699,04/06/2024 03:00,1749,ut,9.487179487,10.82767158,8.266666667,100,98136.66667,1.568887667,4.16,0
3700,04/06/2024 04:00,2573,ut,8.41025641,10.22939,10.65,94.375,97915,1.86694825,5.16,0
3701,04/06/2024 05:00,2803,ut,8.702702703,7.409848421,17.425,71.95,96762.5,1.59495,4.2,0
3702,04/06/2024 06:00,2402,ut,6.057142857,3.3785125,18.35,63.675,96110,1.737115,5.4,0
3703,04/06/2024 07:00,2493,ut,6.58974359,3.38893,19.2,60.925,95790,2.2628225,6.72,0
3704,04/06/2024 08:00,2337,ut,6.358974359,3.166795,19.85,58.975,95702.5,2.38176,7.92,0
3705,04/06/2024 09:00,2350,ut,6.921052632,2.762104737,21.275,54.2,95537.5,2.6297075,8.52,0
3706,04/06/2024 10:00,1664,ut,7.15,3.043228,22.75,52.625,95397.5,3.5660925,9.72,0
3707,04/06/2024 11:00,2464,ut,6.842105263,3.453259474,22.125,53.2,95117.5,3.059215,8.52,0
3708,04/06/2024 12:00,1850,ut,5.9,2.967405,22.65,53.825,94987.5,3.66988,9.84,0
3709,04/06/2024 13:00,1604,ut,6.769230769,4.221874211,22.825,53.9,94972.5,3.8803,11.64,0
3710,04/06/2024 14:00,1432,ut,6.948717949,5.047263,23.025,54.2,95032.5,3.31794,8.88,0
3711,04/06/2024 15:00,1216,ut,6.564102564,4.008550526,23.5,52.425,94735,2.9311325,8.64,0
3712,04/06/2024 16:00,992,ut,6.325,4.889488,23,54.63333333,95016.66667,2.961833333,8.96,0
3713,04/06/2024 17:00,665,ut,6.789473684,6.933014737,20.95,61.9,95322.5,5.523065,11.28,0
3714,04/06/2024 18:00,427,ut,6.705882353,15.367077,19.725,68.05,95675,2.7949005,6.72,0
3715,04/06/2024 19:00,261,ut,7.289473684,24.01048421,16.8,81.475,96122.5,2.169035,4.8,0
3716,04/06/2024 20:00,198,ut,7.35,27.983665,14.6,89.575,96547.5,0.479524275,2.64,0
3717,04/06/2024 21:00,100,ut,7.947368421,27.60116316,13.35,94.9,96847.5,0.3451095,1.92,0
3718,04/06/2024 22:00,75,ut,8.256410256,23.212835,12.125,97.7,97042.5,1.749395,4.92,0
3719,04/06/2024 23:00,49,ut,8.205128205,19.10344737,11.325,99.25,97187.5,1.6298325,4.56,0
3720,05/06/2024 00:00,55,st,7.8,15.291965,10.6,99.95,97285,2.7600075,5.76,0
3721,05/06/2024 01:00,128,st,7.789473684,12.25367579,10.225,100,97362.5,2.471335,5.04,0
3722,05/06/2024 02:00,470,st,7.425,11.163474,9.675,100,97422.5,1.972265,4.56,0
3723,05/06/2024 03:00,1723,st,8.447368421,15.13581053,9.8,100,97470,2.008776667,4.8,0
3724,05/06/2024 04:00,2565,st,8.794871795,20.672005,13.1,89.925,97232.5,1.17565425,3.24,0
3725,05/06/2024 05:00,2839,st,12.30769231,11.39925632,19.125,71.3,96115,1.28814075,3.84,0
3726,05/06/2024 06:00,2860,st,8.775,4.181837,20.3,68.175,95440,2.94518,7.32,0
3727,05/06/2024 07:00,2623,st,7.894736842,2.71321,22.4,62.925,95035,3.3204425,7.92,0
3728,05/06/2024 08:00,2281,st,8.6,2.6048565,23.8,61.075,94837.5,4.1842475,10.92,0
3729,05/06/2024 09:00,1262,st,5.512820513,1.608161789,26.15,50.95,94570,3.81905,9.48,0
3730,05/06/2024 10:00,1320,st,5,1.7034509,25.875,49.275,94510,4.964735,13.2,0
3731,05/06/2024 11:00,1380,st,4.225,2.550712,24.35,51.75,94707.5,5.62789,16.32,0
3732,05/06/2024 12:00,1466,st,4.102564103,3.750093684,23.95,53.05,94957.5,3.99638,11.76,0
3733,05/06/2024 13:00,1904,st,5.775,19.62982,21.65,63.9,95322.5,2.9966225,8.28,0
3734,05/06/2024 14:00,1500,st,6.578947368,31.72697368,21.05,71.825,95545,1.234822,3.96,0
3735,05/06/2024 15:00,1270,st,5.864864865,24.74151,20,79.05,95717.5,1.6183625,4.92,0
3736,05/06/2024 16:00,954,st,5.34375,14.47722789,19.5,80.7,95823.33333,1.60221,4.48,0
3737,05/06/2024 17:00,619,st,4.333333333,5.8845585,19.975,74.4,95792.5,2.0742775,6.24,0
3738,05/06/2024 18:00,441,st,3.815789474,7.201852632,19.025,77.175,95897.5,1.26351,4.44,0
3739,05/06/2024 19:00,267,st,7.179487179,15.920006,16.475,87.9,96312.5,1.3801135,3.48,0
3740,05/06/2024 20:00,169,st,6.769230769,23.28421579,15.525,91,96610,0.87205575,3.12,0
3741,05/06/2024 21:00,112,st,5.578947368,18.02258947,15.15,92.275,96745,0.8889085,4.08,0
3742,05/06/2024 22:00,65,st,6.342105263,17.55369474,15.65,90.55,96762.5,0.76852025,3.24,0
3743,05/06/2024 23:00,54,st,8.435897436,33.553135,15.375,96.775,96827.5,1.38496475,4.2,0.2625
3744,06/06/2024 00:00,38,ct,6.763157895,21.43681053,14.375,100,96997.5,1.11904275,3.48,0
3745,06/06/2024 01:00,160,ct,5.05,18.49328,13.325,100,97172.5,1.14456425,3.24,0.0875
3746,06/06/2024 02:00,434,ct,4.820512821,13.88233263,12.85,100,97310,1.3867375,3.84,0
3747,06/06/2024 03:00,1761,ct,4.538461538,13.049867,12.6,100,97426.66667,1.182074333,3.04,0
3748,06/06/2024 04:00,2569,ct,4.256410256,10.73886421,15.575,92.35,97272.5,1.37526425,4.08,0
3749,06/06/2024 05:00,2831,ct,3.025,4.213795,18.05,75.875,96340,1.15353225,3.6,0
3750,06/06/2024 06:00,2798,ct,3.684210526,3.169279474,19.95,67.85,96025,1.393375,5.04,0
3751,06/06/2024 07:00,2502,ct,2.75,3.4793995,21.55,62.625,95660,1.8936425,5.04,0
3752,06/06/2024 08:00,2359,ct,2.205128205,2.892004737,22.675,59.825,95362.5,1.966495,6,0
3753,06/06/2024 09:00,2327,ct,2.641025641,2.2683975,23.875,57.025,95232.5,3.201685,9.84,0
3754,06/06/2024 10:00,2542,ct,2.368421053,2.744884737,26.05,52.75,95032.5,3.739825,10.8,0
3755,06/06/2024 11:00,2482,ct,2.512820513,1.7872945,25.725,54.425,94750,4.5616,12,0
3756,06/06/2024 12:00,2884,ct,3.578947368,5.900694737,24.65,57.825,94827.5,6.2538525,15.96,0
3757,06/06/2024 13:00,2933,ct,3.333333333,8.5711085,24.1,60.8,94962.5,5.12304,13.2,0
3758,06/06/2024 14:00,2794,ct,4.948717949,47.18116526,22.25,73.5,95350,4.18275,12,0.35
3759,06/06/2024 15:00,2465,ct,4.175,22.890996,21.55,73.725,95552.5,4.031945,9.6,0
3760,06/06/2024 16:00,1839,ct,3.894736842,6.918733158,22,69.7,95630,2.940146667,8.96,0
3761,06/06/2024 17:00,1415,ct,4.35,6.3015765,22.325,66.475,95560,3.2094275,9.96,0
3762,06/06/2024 18:00,963,ct,5,14.63604158,20.425,76.7,95860,2.5528925,7.2,0.0875
3763,06/06/2024 19:00,334,ct,6.552631579,27.43775,17.175,93.4,96360,0.99369025,2.88,0
3764,06/06/2024 20:00,227,ct,5.891891892,21.41712222,15.475,97.4,96800,1.0691475,3,0
3765,06/06/2024 21:00,108,ct,6.615384615,19.3187,14.325,97.95,97040,1.7111275,4.92,0
3766,06/06/2024 22:00,79,ct,6.512820513,20.22657895,13.325,99.95,97222.5,2.334529,7.2,0
3767,06/06/2024 23:00,130,ct,5.65,13.476266,12.75,100,97352.5,1.89075,4.68,0
3768,07/06/2024 00:00,127,pa,5.947368421,11.12732316,12.2,100,97442.5,1.8102925,5.52,0
3769,07/06/2024 01:00,167,pa,6,9.543519,11.425,100,97550,2.8218725,6.24,0
3770,07/06/2024 02:00,398,pa,7.102564103,9.608526316,11.575,100,97550,1.594143,4.2,0
3771,07/06/2024 03:00,1594,pa,7.512820513,11.248896,11.96666667,100,97523.33333,1.04194,3.52,0
3772,07/06/2024 04:00,1276,pa,8.666666667,11.91456211,14.575,92.55,97277.5,0.74799375,2.88,0
3773,07/06/2024 05:00,1445,pa,9.166666667,8.656724,19.85,73.925,96392.5,1.5722545,4.32,0
3774,07/06/2024 06:00,1437,pa,5.358974359,3.375771579,21.125,71.325,95592.5,3.03259325,7.44,0
3775,07/06/2024 07:00,1349,pa,3.85,1.7848733,23.725,59.65,95260,3.49397,8.28,0
3776,07/06/2024 08:00,1364,pa,4.447368421,1.954408211,23.575,58.3,95280,2.72339,8.04,0
3777,07/06/2024 09:00,1367,pa,3.875,1.5486372,23.4,49.825,95220,3.5786825,10.2,0
3778,07/06/2024 10:00,1425,pa,4.205128205,1.906105263,24.025,48.75,95322.5,4.00217,11.04,0
3779,07/06/2024 11:00,1479,pa,3.975,2.5720205,23.925,47.45,95307.5,3.9572825,11.64,0
3780,07/06/2024 12:00,1552,pa,4.526315789,2.740884737,25.775,43.625,94995,4.6687325,13.2,0
3781,07/06/2024 13:00,1546,pa,4.275,2.766713,25.775,43.475,94645,4.5364175,11.88,0
3782,07/06/2024 14:00,1604,pa,4.717948718,3.757413158,25.675,45.05,94647.5,4.012465,11.52,0
3783,07/06/2024 15:00,1439,pa,5,3.7412295,24.3,46.7,94810,4.161445,10.08,0
3784,07/06/2024 16:00,1124,pa,5.564102564,5.134061579,23.875,47.9,95120,3.1440575,10.56,0
3785,07/06/2024 17:00,814,pa,6.175,21.22565,21.3,56.8,95596.66667,5.75734,14.24,0
3786,07/06/2024 18:00,671,pa,6.820512821,25.64252632,19.9,61.675,96017.5,3.7415775,9.12,0
3787,07/06/2024 19:00,412,pa,7.051282051,26.77257,17.55,69.85,96495,1.40029475,4.92,0
3788,07/06/2024 20:00,303,pa,8.487179487,44.88164211,15.075,83.475,97000,0.63383625,2.04,0
3789,07/06/2024 21:00,221,pa,9.333333333,33.22879,13.875,86.575,97282.5,0.632745,2.4,0
3790,07/06/2024 22:00,142,pa,8.789473684,23.95980526,12.675,89.125,97472.5,1.50345625,4.32,0
3791,07/06/2024 23:00,77,pa,8.25,19.120825,11.6,91.675,97602.5,3.3710525,7.8,0
3792,08/06/2024 00:00,61,so,7.205128205,15.80964737,11.1,93.425,97677.5,3.29141,6.84,0
3793,08/06/2024 01:00,95,so,7.925,14.780335,10.725,95.375,97750,2.5022525,5.88,0
3794,08/06/2024 02:00,310,so,8.105263158,13.76494737,10.125,96.75,97830,2.064458,5.28,0
3795,08/06/2024 03:00,647,so,7.9,16.149405,10.33333333,96.23333333,97843.33333,0.995605,4.16,0
3796,08/06/2024 04:00,922,so,8.102564103,15.31425789,12.3,87.65,97510,1.02883675,3.72,0
3797,08/06/2024 05:00,1270,so,25.84615385,6.3390585,19.35,64.875,96400,0.94837575,3.36,0
3798,08/06/2024 06:00,1759,so,25.82051282,3.457049474,20.825,58.6,95527.5,2.230745,5.64,0
3799,08/06/2024 07:00,2127,so,9,2.415092,23.75,51.375,94955,1.84227,5.52,0
3800,08/06/2024 08:00,2372,so,8.743589744,2.343864737,24.775,52.45,94745,3.1831225,9,0
3801,08/06/2024 09:00,2225,so,5.641025641,1.627261,25.325,50.4,94742.5,4.3608775,11.16,0
3802,08/06/2024 10:00,2223,so,5.615384615,1.666925263,26.225,49.025,94560,5.1248375,13.44,0
3803,08/06/2024 11:00,2609,so,4.625,1.7988915,26.825,46.775,94300,6.8374375,15.6,0
3804,08/06/2024 12:00,1480,so,3.973684211,2.365901579,27.325,47.275,93957.5,6.2814975,14.28,0
3805,08/06/2024 13:00,1151,so,3.95,3.0715045,28.575,44.875,93672.5,5.9125075,12.96,0
3806,08/06/2024 14:00,758,so,3.641025641,3.192873684,28.075,46.25,93555,5.42303,12.24,0
3807,08/06/2024 15:00,925,so,3.175,2.5377075,29.2,41,93485,4.698945,12.48,0
3808,08/06/2024 16:00,765,so,2.710526316,2.730167368,27.85,44,93735,3.9368575,10.44,0
3809,08/06/2024 17:00,866,so,3.375,10.780963,26.26666667,51.4,94023.33333,2.505476667,6.72,0
3810,08/06/2024 18:00,619,so,5.205128205,27.28295263,24.175,59.6,94400,1.3180665,4.44,0
3811,08/06/2024 19:00,680,so,4.58974359,32.33893,21.925,69,94825,0.998535,3.6,0
3812,08/06/2024 20:00,674,so,5.3125,20.42244368,20.1,76.1,95217.5,1.3572835,4.32,0
3813,08/06/2024 21:00,568,so,6.03030303,10.9563925,19.875,69.35,95457.5,1.5832175,5.28,0
3814,08/06/2024 22:00,331,so,6.65,6.8448055,19.025,67.5,95570,0.73852275,3.84,0
3815,08/06/2024 23:00,205,so,6.102564103,8.934014211,18.15,69.225,95737.5,1.226842,3.96,0
3816,09/06/2024 00:00,135,ne,6.435897436,8.4000685,18.825,62.325,95750,4.19335,13.68,0
3817,09/06/2024 01:00,102,ne,5.58974359,5.628855789,17.95,60.175,95860,3.948365,10.68,0
3818,09/06/2024 02:00,179,ne,5.675,9.6106975,16.7,65.125,96017.5,2.54582675,9.12,0
3819,09/06/2024 03:00,444,ne,6.289473684,17.68650526,15.2,74.4,96315,2.057748,7.68,0
3820,09/06/2024 04:00,495,ne,7.75,21.262305,18.1,66.15,96000,2.06117525,7.92,0
3821,09/06/2024 05:00,648,ne,6.58974359,14.30111474,20.33333333,60.1,95340,3.252256667,8,0
3822,09/06/2024 06:00,940,ne,5.948717949,4.533608,21.2,57.1,94915,3.2826125,9.6,0
3823,09/06/2024 07:00,1334,ne,5.820512821,3.561461053,22.225,53.25,94642.5,4.0076025,12.6,0
3824,09/06/2024 08:00,1660,ne,5.1,3.0080815,23.425,50.85,94552.5,3.9405725,10.2,0
3825,09/06/2024 09:00,1865,ne,5.131578947,3.143867368,22.325,53.9,94592.5,4.4306825,12.48,0
3826,09/06/2024 10:00,988,ne,5.575,3.4618175,22.375,55.875,94577.5,3.17105,9.48,0
3827,09/06/2024 11:00,881,ne,5.41025641,2.753863158,23.675,52.025,94385,3.1489825,7.8,0
3828,09/06/2024 12:00,1155,ne,5.125,2.6334695,26.6,46.1,93892.5,3.63545,10.08,0
3829,09/06/2024 13:00,1290,ne,5.394736842,7.358564737,25.175,49.95,93952.5,4.6587025,14.28,0
3830,09/06/2024 14:00,1345,ne,5.75,10.2807185,25.675,51.725,93875,4.8528075,14.4,0
3831,09/06/2024 15:00,1535,ne,5.076923077,7.404595263,25.05,53.925,93755,5.58819,14.16,0
3832,09/06/2024 16:00,1491,ne,6.641025641,9.9602645,23.3,58.025,94277.5,5.347025,13.68,0
3833,09/06/2024 17:00,1067,ne,8.384615385,13.04254421,21.775,63.775,94635,5.5526125,12.84,0
3834,09/06/2024 18:00,981,ne,5.820512821,17.964005,20.56666667,68.33333333,94933.33333,5.340643333,10.24,0
3835,09/06/2024 19:00,556,ne,6.545454545,24.04562105,18.9,75.075,95210,2.77613175,7.56,0
3836,09/06/2024 20:00,427,ne,7,25.55632,17.45,82.875,95575,0.7420685,3,0
3837,09/06/2024 21:00,223,ne,6.428571429,17.74940632,17.075,83.975,95650,0.5629905,2.76,0
3838,09/06/2024 22:00,193,ne,6.95,18.058695,16.45,86.55,95757.5,0.5291315,2.4,0
3839,09/06/2024 23:00,133,ne,6.026315789,8.604964211,15.825,87.1,95867.5,0.491851,2.64,0
3840,10/06/2024 00:00,140,po,4.875,8.4551095,15.375,83.775,95922.5,0.39728225,2.04,0
3841,10/06/2024 01:00,253,po,4.153846154,7.324857368,14,85.725,96087.5,0.2642404,1.68,0
3842,10/06/2024 02:00,567,po,4.153846154,12.457758,12.975,89.775,96285,1.05083725,3,0
3843,10/06/2024 03:00,1903,po,3.897435897,13.83383684,13.5,87.125,96267.5,0.99341725,3,0
3844,10/06/2024 04:00,2750,po,3.875,13.0319745,14.4,84.125,96142.5,0.556558,2.52,0
3845,10/06/2024 05:00,2906,po,4.421052632,13.55899421,15.63333333,81.1,95956.66667,0.474045333,2.24,0
3846,10/06/2024 06:00,2888,po,3.125,3.3669755,18.275,60.95,95570,2.3063475,6.6,0
3847,10/06/2024 07:00,2535,po,2.974358974,2.894744737,19.875,51.55,95072.5,2.595475,7.08,0
3848,10/06/2024 08:00,2409,po,3,3.166954,21.125,49.575,94740,2.8895025,7.56,0
3849,10/06/2024 09:00,2496,po,2.641025641,2.352933684,22,46.925,94605,3.4723175,9.84,0
3850,10/06/2024 10:00,2389,po,2.075,1.7755075,23.775,42.85,94340,3.3295575,9.6,0
3851,10/06/2024 11:00,2462,po,2.384615385,2.019705789,25.8,39.85,93982.5,3.3059625,9.36,0
3852,10/06/2024 12:00,2752,po,2.897435897,2.7233005,24.325,43.225,93860,5.3640175,13.08,0
3853,10/06/2024 13:00,2446,po,2.333333333,4.905909474,26.25,40.975,93670,3.19882,8.64,0
3854,10/06/2024 14:00,2794,po,2.263157895,2.7530405,26.475,39.075,93360,3.2397975,9.84,0
3855,10/06/2024 15:00,1935,po,2.184210526,3.298998421,26.075,38.725,93562.5,3.422365,8.76,0
3856,10/06/2024 16:00,1785,po,3.179487179,7.768919,23.85,46.55,93962.5,3.051785,7.8,0
3857,10/06/2024 17:00,1178,po,3.692307692,13.10068474,22.675,50.1,94407.5,2.6301175,7.92,0
3858,10/06/2024 18:00,771,po,3.888888889,23.96192,20.53333333,61.03333333,94770,1.406563333,4.16,0
3859,10/06/2024 19:00,280,po,3.282051282,16.18151789,18.85,65.525,95185,1.7085625,4.68,0
3860,10/06/2024 20:00,103,po,3.282051282,20.00756,16.5,71.075,95622.5,3.1341375,6.36,0
3861,10/06/2024 21:00,208,po,3.157894737,20.91132105,16.05,73.675,95795,2.0298925,4.68,0
3862,10/06/2024 22:00,99,po,2.871794872,17.605735,16.05,71.925,95865,1.6545475,4.44,0
3863,10/06/2024 23:00,109,po,3.179487179,16.09291053,16.275,70.675,95882.5,0.7849145,3.36,0
3864,11/06/2024 00:00,93,ut,3.102564103,14.008,15.325,77.85,95917.5,3.19882,8.4,0
3865,11/06/2024 01:00,128,ut,2.897435897,7.247642105,15.8,70.875,96000,2.3041875,6.6,0
3866,11/06/2024 02:00,456,ut,2.425,9.5215925,15.25,68.15,96062.5,3.5900925,10.92,0
3867,11/06/2024 03:00,1666,ut,2.052631579,6.444851579,13.95,66.125,96345,5.042305,15.24,0
3868,11/06/2024 04:00,2614,ut,1.225,4.2632535,13.025,61.25,96520,5.10188,16.32,0
3869,11/06/2024 05:00,1981,ut,1.487179487,5.747934211,13.16666667,60.3,96653.33333,5.89038,19.84,0
3870,11/06/2024 06:00,1472,ut,1.282051282,6.971304211,13.65,61.175,96640,6.271135,17.88,0
3871,11/06/2024 07:00,1648,ut,1.263157895,5.777797895,14.025,60.65,96625,6.5265525,19.68,0
3872,11/06/2024 08:00,2058,ut,1.4,4.2624395,15.6,55.225,96417.5,6.687155,18.48,0
3873,11/06/2024 09:00,1856,ut,2.542857143,3.5408,16.6,52.4,96235,7.1989475,19.08,0
3874,11/06/2024 10:00,2360,ut,1.472222222,4.1765985,17.125,50.95,96052.5,6.0389225,17.76,0
3875,11/06/2024 11:00,1225,ut,1.923076923,3.636979474,18.125,48.625,95935,5.8076,16.68,0
3876,11/06/2024 12:00,2332,ut,2.2,3.2873545,18.7,45.525,95680,4.896015,14.4,0
3877,11/06/2024 13:00,2931,ut,2.184210526,3.725153158,19.4,42.2,95552.5,4.9486975,14.4,0
3878,11/06/2024 14:00,2833,ut,2.8,13.4194475,20.175,39.275,95477.5,4.76249,12.96,0
3879,11/06/2024 15:00,2430,ut,2.461538462,3.736902105,20.175,40.3,95555,4.0997425,11.64,0
3880,11/06/2024 16:00,1288,ut,2.611111111,4.768166,19.1,41.825,95777.5,2.5969825,7.56,0
3881,11/06/2024 17:00,707,ut,2.96875,6.134096316,18.4,43.86666667,96010,2.09239,6.88,0
3882,11/06/2024 18:00,454,ut,3.7,11.007626,17.475,47.45,96265,1.771162,5.52,0
3883,11/06/2024 19:00,283,ut,3.342105263,17.61568421,15.35,61.95,96637.5,1.390935,3.6,0
3884,11/06/2024 20:00,198,ut,6.175,33.81175,13.625,73.275,97020,2.480095,5.4,0
3885,11/06/2024 21:00,96,ut,3.526315789,29.14756316,12.625,77.65,97280,2.3429575,5.52,0
3886,11/06/2024 22:00,64,ut,2.875,25.94566,11.65,81.425,97500,3.0407375,6.48,0
3887,11/06/2024 23:00,70,ut,3.025641026,15.33406842,11.125,82.575,97625,2.51113,6.24,0
3888,12/06/2024 00:00,120,st,3.282051282,13.454115,10.725,83.275,97695,2.83058,6.24,0
3889,12/06/2024 01:00,141,st,2.897435897,12.92673684,10.65,84.25,97727.5,2.16955,5.52,0
3890,12/06/2024 02:00,479,st,2.15,13.743145,10.45,85.8,97767.5,2.99216,6.48,0
3891,12/06/2024 03:00,1732,st,2.179487179,17.30117368,10.66666667,85.73333333,97790,2.230144667,4.64,0
3892,12/06/2024 04:00,2596,st,2.384615385,11.6185,11.125,85.425,97740,2.20155,5.4,0
3893,12/06/2024 05:00,2800,st,2.666666667,13.60544474,12.5,79.4,97557.5,1.344065,3.96,0
3894,12/06/2024 06:00,2960,st,2.65,7.574098,16.3,65.675,97105,1.24340175,3.6,0
3895,12/06/2024 07:00,2597,st,2.552631579,2.521855263,20.3,46.025,95922.5,2.346895,6,0
3896,12/06/2024 08:00,2464,st,1.8,1.9871565,20,43.45,95652.5,3.98696,9.72,0
3897,12/06/2024 09:00,2442,st,1.921052632,2.932822,19.65,45.125,95937.5,4.2381425,11.28,0
3898,12/06/2024 10:00,2607,st,1.972222222,4.502594211,18.975,49.725,96027.5,5.4159175,14.88,0
3899,12/06/2024 11:00,2705,st,2.861111111,15.4265385,17.325,57.825,96460,3.36139,10.08,0
3900,12/06/2024 12:00,2891,st,2.256410256,3.598010526,19.2,47.8,95942.5,3.1572875,8.64,0
3901,12/06/2024 13:00,2922,st,6.725,7.7099265,20.025,48.575,95810,2.651235,6.36,0
3902,12/06/2024 14:00,2699,st,2.710526316,3.415433684,20.725,43.85,95587.5,3.92209,10.8,0
3903,12/06/2024 15:00,2444,st,3.3,6.0728675,20.06666667,50.03333333,95706.66667,4.143666667,11.04,0
3904,12/06/2024 16:00,1920,st,2.307692308,5.904889474,19.325,46.7,95910,2.9358825,7.2,0
3905,12/06/2024 17:00,1312,st,2.282051282,9.7790395,19.225,48.3,95995,3.096615,8.88,0
3906,12/06/2024 18:00,1005,st,2.461538462,20.52680526,17.35,57.825,96455,4.8679825,9.96,0
3907,12/06/2024 19:00,491,st,3.179487179,30.58568,15.95,67.975,96747.5,1.43357775,4.2,0
3908,12/06/2024 20:00,503,st,3.102564103,27.89613158,15.075,71.125,96980,1.8277325,6.12,0
3909,12/06/2024 21:00,184,st,4.025641026,20.86300526,13.85,79.9,97160,1.584297,4.32,0
3910,12/06/2024 22:00,73,st,4.512820513,20.13988947,13.025,85.85,97337.5,1.45722275,5.28,0
3911,12/06/2024 23:00,110,st,6.897435897,21.98621,13.225,83.725,97387.5,3.318705,10.56,0.0875
3912,13/06/2024 00:00,108,ct,7.025641026,27.44043158,12.025,95.275,97512.5,1.498486,5.4,0
3913,13/06/2024 01:00,142,ct,3.666666667,22.9596,11.175,98.375,97637.5,2.166555,5.88,0
3914,13/06/2024 02:00,452,ct,3.894736842,16.25317895,10.86666667,99.43333333,97713.33333,0.714244,2.56,0
3915,13/06/2024 03:00,1733,ct,3.775,16.693765,10.75,99.3,97737.5,1.28254875,4.44,0
3916,13/06/2024 04:00,2460,ct,6.789473684,19.58063158,11.575,97.5,97680,0.40434745,3,0
3917,13/06/2024 05:00,2767,ct,11.05,17.8393155,15.375,80.625,97217.5,1.39374575,4.08,0
3918,13/06/2024 06:00,2846,ct,3.631578947,3.132278421,16.525,67.4,96552.5,1.4003965,4.92,0
3919,13/06/2024 07:00,2498,ct,2.487179487,2.4216245,18.975,55.275,96202.5,3.2905575,9.24,0
3920,13/06/2024 08:00,2377,ct,2.179487179,3.124788421,17.8,56.775,96100,2.30348,6.72,0
3921,13/06/2024 09:00,1536,ct,2.5,5.1664505,17.8,61.575,96372.5,4.1705125,11.4,0
3922,13/06/2024 10:00,1389,ct,2.971428571,13.35087105,15.6,70.975,96585,4.4619875,11.76,0.2625
3923,13/06/2024 11:00,1674,ct,1.666666667,14.0037525,17.95,62.85,96517.5,3.7191025,10.68,0
3924,13/06/2024 12:00,2561,ct,1.230769231,3.191083684,19.95,52,95735,3.793695,11.52,0
3925,13/06/2024 13:00,2582,ct,2.641025641,16.5552155,14.86666667,75.46666667,96460,4.700376667,17.44,0.116666667
3926,13/06/2024 14:00,2013,ct,3.487179487,12.85807632,16.5,69.975,96605,3.07869,8.52,0
3927,13/06/2024 15:00,2685,ct,2.175,4.791197,18.25,60.525,96297.5,3.305555,8.64,0
3928,13/06/2024 16:00,2005,ct,2.052631579,3.947449474,19.075,56.5,96097.5,2.298155,5.88,0
3929,13/06/2024 17:00,1364,ct,3.35,4.603871,17.375,62.1,96307.5,2.2475325,6.84,0
3930,13/06/2024 18:00,1037,ct,2.736842105,9.452083684,15.05,71.25,96862.5,1.731235,4.56,0
3931,13/06/2024 19:00,617,ct,3.41025641,15.183345,12.775,83.275,97330,2.589693,5.52,0
3932,13/06/2024 20:00,340,ct,3.179487179,16.78403789,10.875,86.425,97675,2.69763425,6.72,0
3933,13/06/2024 21:00,155,ct,25.52631579,18.78898421,9.2,91.4,97972.5,2.6490325,6,0
3934,13/06/2024 22:00,116,ct,5.578947368,18.81668947,8.05,95.125,98190,2.729695,5.64,0
3935,13/06/2024 23:00,60,ct,4.025,16.903425,7.7,96.2,98300,2.0746975,5.76,0
3936,14/06/2024 00:00,66,pa,5.025641026,14.01539474,7.033333333,97.86666667,98343.33333,3.024293333,6.88,0
3937,14/06/2024 01:00,190,pa,4.58974359,13.05336,6.675,98.95,98385,2.5162575,6.24,0
3938,14/06/2024 02:00,389,pa,3.769230769,12.53591579,6.85,98.975,98362.5,1.36214225,4.92,0
3939,14/06/2024 03:00,1535,pa,3.975,16.26999,7.25,98.575,98302.5,1.2735795,3.36,0
3940,14/06/2024 04:00,2520,pa,5.526315789,15.39621053,9.125,93.45,98040,1.0041795,3,0
3941,14/06/2024 05:00,2763,pa,8.325,16.10539,11.25,87.925,97572.5,1.4422625,4.32,0
3942,14/06/2024 06:00,2718,pa,6.526315789,11.22432211,14.325,78.475,96952.5,2.0524975,6.24,0
3943,14/06/2024 07:00,2522,pa,7.475,8.469936,16.4,72.1,96510,2.984485,7.68,0
3944,14/06/2024 08:00,2621,pa,6.769230769,6.797066316,16.675,72,96242.5,2.049125,6.24,0
3945,14/06/2024 09:00,2746,pa,5.153846154,4.8163135,18.2,68.15,96090,2.119075,6.72,0
3946,14/06/2024 10:00,2801,pa,4.975,4.279906316,18.73333333,66.93333333,95923.33333,2.679206667,7.52,0
3947,14/06/2024 11:00,2920,pa,4.615384615,4.135636,21.125,60.475,95562.5,1.91248,5.88,0
3948,14/06/2024 12:00,2922,pa,4.421052632,3.630877778,20.325,62.85,95470,5.1107675,14.04,0
3949,14/06/2024 13:00,3229,pa,3.833333333,5.1467605,19.275,66.3,95752.5,6.00258,16.56,0
3950,14/06/2024 14:00,2921,pa,1.75,3.910784737,19.025,63.725,95817.5,5.403015,13.44,0
3951,14/06/2024 15:00,2677,pa,1.564102564,3.902217,19.3,62.325,95800,6.6815125,15.72,0
3952,14/06/2024 16:00,2105,pa,2.205128205,4.963943158,19.425,63.175,95737.5,5.4868875,11.28,0
3953,14/06/2024 17:00,1539,pa,2.194444444,6.0082155,19.3,64.775,95777.5,6.2790375,12,0
3954,14/06/2024 18:00,1149,pa,2.923076923,8.589135789,18.675,68.35,95900,5.268005,12.36,0
3955,14/06/2024 19:00,702,pa,5.2,12.56049,18.075,71.275,96017.5,5.6161825,12.84,0
3956,14/06/2024 20:00,570,pa,3.657894737,13.51832632,17.75,73.625,96097.5,4.67906,9.24,0
3957,14/06/2024 21:00,356,pa,9.45,15.453435,15.96666667,82.16666667,96293.33333,0.738475333,2.56,0
3958,14/06/2024 22:00,283,pa,3.358974359,17.61185789,14.23333333,90.4,96543.33333,0.241382433,1.6,0
3959,14/06/2024 23:00,149,pa,3.871794872,19.136655,13.3,93.85,96695,0.767704175,3.12,0
3960,15/06/2024 00:00,128,so,5.128205128,16.96564737,13.725,92.7,96602.5,0.6327216,2.52,0
3961,15/06/2024 01:00,115,so,4.8,17.68061,12.65,97.225,96655,1.11536925,5.04,0
3962,15/06/2024 02:00,273,so,4.157894737,17.12118421,11.55,99.45,96772.5,1.4670805,3.96,0
3963,15/06/2024 03:00,669,so,4.575,18.69499,11.55,98.6,96785,1.59550625,5.28,0
3964,15/06/2024 04:00,880,so,5.923076923,20.31755263,14.8,88.4,96442.5,1.548951,4.44,0
3965,15/06/2024 05:00,1171,so,7.323529412,12.7582295,18.1,76.225,95697.5,1.41131625,4.2,0
3966,15/06/2024 06:00,1689,so,5.864864865,3.995335789,21.2,65.375,94810,2.3608875,6.36,0
3967,15/06/2024 07:00,1781,so,7.117647059,10.2023875,18.15,79.225,95255,2.4943375,6.6,0
3968,15/06/2024 08:00,1188,so,7.131578947,13.96957105,17.175,86.25,95735,3.275275,8.28,0
3969,15/06/2024 09:00,1086,so,5.625,18.56124,17.46666667,89.46666667,95783.33333,3.037866667,7.04,0.116666667
3970,15/06/2024 10:00,1154,so,2.542857143,7.889833684,18.75,82.75,95537.5,4.081335,11.16,0
3971,15/06/2024 11:00,1241,so,1.15,3.952364,20.125,75.95,95340,5.5000225,14.76,0
3972,15/06/2024 12:00,1241,so,1.263157895,2.544653684,21.45,65.225,95052.5,5.787045,15.84,0
3973,15/06/2024 13:00,1169,so,0.95,2.362437,23.075,59.675,94725,6.420375,16.8,0
3974,15/06/2024 14:00,1244,so,0.794871795,2.237022105,23.375,56.55,94617.5,4.7493975,14.64,0
3975,15/06/2024 15:00,1126,so,1.102564103,2.723959,22.95,55.4,94680,4.19192,12,0
3976,15/06/2024 16:00,1138,so,1.102564103,3.223909474,22.725,56.8,94757.5,4.223205,9.84,0
3977,15/06/2024 17:00,769,so,1.4,3.434524,21.8,57.375,94992.5,3.67047,9.6,0
3978,15/06/2024 18:00,853,so,1.6875,6.518810526,19.525,63.95,95452.5,1.420558,4.44,0
3979,15/06/2024 19:00,669,so,2.75,19.084431,16.775,76.575,95977.5,0.9939195,3,0
3980,15/06/2024 20:00,434,so,2.868421053,30.68934211,14.575,85.2,96415,2.6357225,6.48,0
3981,15/06/2024 21:00,380,so,2.641025641,28.035135,13.26666667,88.66666667,96710,2.558346667,6.72,0
3982,15/06/2024 22:00,236,so,3.075,24.32996,12.275,92.9,96945,1.7049475,4.32,0
3983,15/06/2024 23:00,156,so,4.5,20.27646842,11.4,95.7,97097.5,1.34013275,3.6,0
3984,16/06/2024 00:00,133,ne,3.75,16.093065,10.725,96.925,97207.5,1.66140725,4.32,0
3985,16/06/2024 01:00,107,ne,3.846153846,14.00463158,10.075,98.65,97355,1.13185125,3.72,0
3986,16/06/2024 02:00,191,ne,2.868421053,12.91678947,9.325,98.55,97462.5,2.468395,6,0
3987,16/06/2024 03:00,424,ne,2.846153846,14.42871053,9.175,97.375,97565,1.992615,5.16,0
3988,16/06/2024 04:00,518,ne,2.8,11.8011995,14.625,77.1,97077.5,1.512272,4.56,0
3989,16/06/2024 05:00,709,ne,3.052631579,7.526460526,19.875,62.175,95742.5,1.06417175,3.6,0
3990,16/06/2024 06:00,1060,ne,2.1,3.213088,21.2,57.125,95092.5,1.8184275,5.64,0
3991,16/06/2024 07:00,1455,ne,2.153846154,2.384270526,23.275,49.9,94720,2.080485,5.88,0
3992,16/06/2024 08:00,1842,ne,1.85,1.4727752,23.13333333,49,94773.33333,4.579096667,10.72,0
3993,16/06/2024 09:00,1910,ne,1.421052632,1.227316947,24.275,45.475,94745,5.91868,13.92,0
3994,16/06/2024 10:00,2186,ne,1.375,1.677816,25.55,43.5,94602.5,6.01641,15.48,0
3995,16/06/2024 11:00,2476,ne,1.179487179,2.771571053,25.1,45.025,94560,5.2116575,12.12,0
3996,16/06/2024 12:00,2655,ne,1.487179487,3.030989,26.2,44.95,94237.5,3.94552,11.52,0
3997,16/06/2024 13:00,2475,ne,1.384615385,3.620397895,26.2,44.45,94157.5,4.38277,11.64,0
3998,16/06/2024 14:00,2437,ne,1.525,4.204758,26.35,45.3,94160,5.4649875,14.52,0
3999,16/06/2024 15:00,2527,ne,1.921052632,3.29411,26.15,42.35,94095,4.8563775,13.92,0
4000,16/06/2024 16:00,2160,ne,1.725,4.119704,24.725,47.5,94500,3.89895,10.32,0
4001,16/06/2024 17:00,1517,ne,1.512820513,3.726499474,24.025,47.025,94727.5,3.5848525,10.56,0
4002,16/06/2024 18:00,1080,ne,2.65,9.6590265,21.675,55.425,95207.5,1.3571945,4.32,0
4003,16/06/2024 19:00,551,ne,1.735294118,26.28944444,18,72.675,95827.5,1.6565775,4.2,0
4004,16/06/2024 20:00,372,ne,1.6,35.20768,15.7,80.25,96305,1.877126,4.8,0
4005,16/06/2024 21:00,310,ne,2.447368421,43.90101053,14.5,84.06666667,96560,4.549996667,8.64,0
4006,16/06/2024 22:00,162,ne,2.230769231,33.50125,13.775,87.5,96750,2.06746,4.8,0
4007,16/06/2024 23:00,109,ne,1.641025641,25.36181579,13.275,90.425,96902.5,1.76451175,5.76,0
4008,17/06/2024 00:00,57,po,1.897435897,23.584765,13.225,91.025,96962.5,1.8811325,4.8,0
4009,17/06/2024 01:00,222,po,2.051282051,17.26507895,13.625,90.9,96905,0.77097075,2.88,0
4010,17/06/2024 02:00,553,po,2.85,16.549605,14.225,90.1,96832.5,0.7514535,2.52,0
4011,17/06/2024 03:00,1790,po,3.210526316,25.11336842,14.325,93.975,96807.5,0.90260675,2.52,0
4012,17/06/2024 04:00,2754,po,4.3,24.49,15.625,91.275,96682.5,1.0537525,4.32,0
4013,17/06/2024 05:00,2905,po,4.868421053,13.50062263,19.4,75.475,96137.5,0.51337625,2.52,0
4014,17/06/2024 06:00,3006,po,2.459459459,4.618767,21.125,68.225,95685,2.192485,6.6,0
4015,17/06/2024 07:00,2374,po,2.342105263,3.20909,22.85,63.7,95272.5,3.0132925,7.08,0
4016,17/06/2024 08:00,1743,po,2.461538462,3.0969905,25,59.03333333,94793.33333,3.39573,9.28,0
4017,17/06/2024 09:00,1827,po,1.641025641,3.228308421,24.625,60.55,94830,2.8493775,8.16,0
4018,17/06/2024 10:00,2214,po,1.475,3.1798535,26.35,56.175,94667.5,3.9570675,11.88,0
4019,17/06/2024 11:00,2561,po,1.289473684,2.364405789,25.875,54.4,94675,4.07056,10.8,0
4020,17/06/2024 12:00,2787,po,1.5,4.47761,25.925,57.15,94640,7.226965,15.6,0
4021,17/06/2024 13:00,1768,po,1.461538462,2.210228947,27.775,50.1,94207.5,6.64234,18.24,0
4022,17/06/2024 14:00,2044,po,1.538461538,2.810582,28.45,49.225,94147.5,6.3464725,18,0
4023,17/06/2024 15:00,1554,po,1.435897436,2.971456316,28.35,49.275,94147.5,6.1410175,16.2,0
4024,17/06/2024 16:00,1513,po,1.25,3.999958,26.9,53.45,94442.5,4.64261,11.52,0
4025,17/06/2024 17:00,1059,po,1.236842105,8.122047895,25.725,55.45,94822.5,1.806395,5.76,0
4026,17/06/2024 18:00,903,po,1.3,13.059934,24.425,59.05,95110,2.01692,7.2,0
4027,17/06/2024 19:00,481,po,1.358974359,35.66956316,22,73.325,95515,3.9024475,8.52,0
4028,17/06/2024 20:00,377,po,1.111111111,28.76605,20.5,79.45,95837.5,2.560795,5.76,0
4029,17/06/2024 21:00,195,po,1.257142857,19.43648947,20.06666667,81.1,96036.66667,1.386176,3.84,0
4030,17/06/2024 22:00,131,po,1.2,15.452075,19.725,82.7,96142.5,1.951847,4.8,0
4031,17/06/2024 23:00,87,po,1.41025641,13.59106316,18.4,87.025,96355,1.6741075,5.16,0
4032,18/06/2024 00:00,92,ut,1.175,15.227345,16.725,91.65,96645,2.5918025,6.24,0
4033,18/06/2024 01:00,107,ut,1.315789474,14.24248421,14.85,95.875,96902.5,2.194085,5.28,0
4034,18/06/2024 02:00,452,ut,1.525,13.1912,14.075,96.975,97085,2.8469375,7.8,0
4035,18/06/2024 03:00,1670,ut,1.763157895,12.90812222,13.975,95.5,97175,2.399925,6.24,0
4036,18/06/2024 04:00,2616,ut,2.102564103,15.3253455,17.45,82.625,96742.5,2.1788975,5.04,0
4037,18/06/2024 05:00,2730,ut,2.435897436,6.872529474,23.075,67.175,95652.5,1.610715,4.68,0
4038,18/06/2024 06:00,2824,ut,1.825,3.3912225,25.475,61.25,95047.5,2.0084925,5.4,0
4039,18/06/2024 07:00,2652,ut,1.621621622,2.768166667,25.725,59.325,94692.5,2.847415,7.32,0
4040,18/06/2024 08:00,2479,ut,1.375,1.9714965,26.325,57.35,94752.5,3.502175,8.4,0
4041,18/06/2024 09:00,1486,ut,1.461538462,1.452410842,27.8,52.13333333,94720,3.70679,9.44,0
4042,18/06/2024 10:00,1265,ut,1.325,1.687042,28.5,50.25,94530,4.8425775,11.88,0
4043,18/06/2024 11:00,988,ut,1.135135135,2.203136842,29.775,45.9,94280,3.9485475,10.92,0
4044,18/06/2024 12:00,1448,ut,1.25,1.688458,29.925,47.275,93945,5.0311225,13.32,0
4045,18/06/2024 13:00,1369,ut,1.384615385,2.825078947,31.05,46.3,93715,5.535745,13.68,0
4046,18/06/2024 14:00,875,ut,1.615384615,2.906385,30.45,48.5,93605,6.0898375,14.64,0
4047,18/06/2024 15:00,1179,ut,1.512820513,3.008028947,31.5,46.575,93487.5,5.63346,13.92,0
4048,18/06/2024 16:00,1010,ut,1.717948718,3.697288,30.625,50.7,93725,5.555075,14.04,0
4049,18/06/2024 17:00,711,ut,2.078947368,7.190978947,29.1,54.925,94002.5,3.59453,8.88,0
4050,18/06/2024 18:00,468,ut,2.725,28.13846,26.325,65.875,94455,2.03781,5.04,0
4051,18/06/2024 19:00,274,ut,3.051282051,52.25203158,23.425,76.85,94922.5,1.14281075,4.2,0
4052,18/06/2024 20:00,217,ut,4.102564103,43.49677,21.75,83,95305,0.92442875,3.6,0
4053,18/06/2024 21:00,97,ut,4.166666667,36.23512632,20.325,86.925,95527.5,2.29946,5.52,0
4054,18/06/2024 22:00,135,ut,4.051282051,19.24891,21.05,83.625,95605,2.2106785,7.08,0
4055,18/06/2024 23:00,86,ut,4.179487179,12.62964474,21.03333333,83.36666667,95540,2.617531333,7.2,0
4056,19/06/2024 00:00,139,st,4.361111111,11.3148475,20.35,86,95597.5,0.9767255,3.24,0
4057,19/06/2024 01:00,178,st,4.051282051,15.95275263,18.7,90.975,95832.5,2.0025625,5.04,0
4058,19/06/2024 02:00,458,st,3.725,14.06315,17.575,93,96037.5,2.68256,7.2,0
4059,19/06/2024 03:00,1644,st,4.315789474,16.28498,17.7,92.275,96095,1.8496605,4.68,0
4060,19/06/2024 04:00,2581,st,3.918918919,12.808161,18.875,89.25,96020,2.220025,6,0
4061,19/06/2024 05:00,2483,st,4.416666667,13.68032632,19.975,88.075,95835,2.4044675,6,0
4062,19/06/2024 06:00,2726,st,4.971428571,27.82125,20,94.55,95820,1.853225,5.28,0.175
4063,19/06/2024 07:00,2596,st,6.179487179,23.10670632,21,92.45,95727.5,1.23112975,4.44,0
4064,19/06/2024 08:00,1894,st,7.025641026,14.590141,22.925,83.775,95437.5,1.2246425,3.84,0
4065,19/06/2024 09:00,1289,st,6.102564103,3.219751053,25.45,71.65,94915,2.0470125,6.96,0.0875
4066,19/06/2024 10:00,1345,st,7.85,2.5827075,24.7,70.775,94885,4.0445725,11.88,0
4067,19/06/2024 11:00,1363,st,6.128205128,3.47231,24.36666667,70.06666667,95083.33333,2.960256667,7.52,0
4068,19/06/2024 12:00,1303,st,5.564102564,5.192612632,24.4,71.525,95122.5,5.12198,12.48,0
4069,19/06/2024 13:00,1415,st,5.4,14.8943745,22.3,80.325,95247.5,6.6307375,16.44,0
4070,19/06/2024 14:00,1415,st,12.15384615,54.25496316,18.25,100,96180,3.2847975,9.36,2.7125
4071,19/06/2024 15:00,1327,st,6.564102564,39.17265,18.625,98.625,96355,2.28901,5.52,0.0875
4072,19/06/2024 16:00,868,st,3.0625,12.67424947,18.275,95.05,96375,5.3416425,15,0.0875
4073,19/06/2024 17:00,671,st,1.85,7.6605375,17.325,94.5,96640,3.506885,10.44,0
4074,19/06/2024 18:00,453,st,1.157894737,4.397918947,16.65,93.125,96842.5,5.02784,12.12,0
4075,19/06/2024 19:00,297,st,1.575,4.820788,16.4,93.375,97017.5,3.69178,9.6,0
4076,19/06/2024 20:00,183,st,1.184210526,4.666176111,15.575,94,97235,1.76730175,5.76,0
4077,19/06/2024 21:00,122,st,1.552631579,6.132857895,14.05,99.8,97582.5,1.0565135,3.96,0
4078,19/06/2024 22:00,67,st,1.538461538,5.965427368,13.23333333,100,97786.66667,1.630686667,4.16,0
4079,19/06/2024 23:00,61,st,1.55,6.9836005,12.425,100,97957.5,0.79564275,2.64,0
4080,20/06/2024 00:00,51,ct,2.263157895,6.815953684,11.5,100,98120,1.549811,4.44,0
4081,20/06/2024 01:00,102,ct,3.025,6.05242,10.75,100,98240,2.56207,6.12,0
4082,20/06/2024 02:00,372,ct,3.641025641,6.020220526,10.4,100,98395,1.83143,5.28,0
4083,20/06/2024 03:00,1000,ct,3.525,8.925284,10.925,98.75,98417.5,1.78067575,5.76,0
4084,20/06/2024 04:00,2037,ct,4.078947368,10.95497158,12.975,94.775,98157.5,0.7743655,3.48,0
4085,20/06/2024 05:00,2511,ct,5.275,12.372953,14.55,92.875,97855,0.5362995,2.64,0
4086,20/06/2024 06:00,2688,ct,5.666666667,11.64620316,16.1,87.85,97520,1.73489,5.16,0
4087,20/06/2024 07:00,2641,ct,3.461538462,4.473154,17.65,81.325,97177.5,3.16104,9,0
4088,20/06/2024 08:00,2519,ct,2.820512821,3.024242632,21.05,68,96617.5,2.94894,7.32,0
4089,20/06/2024 09:00,2497,ct,2.461538462,2.190758,21.76666667,64.86666667,96113.33333,2.659616667,6.72,0
4090,20/06/2024 10:00,2663,ct,2.025641026,2.014143684,22.85,61.475,95900,4.8948375,12.24,0
4091,20/06/2024 11:00,2831,ct,2.025,3.1948965,22.35,61.475,95855,4.6482175,11.64,0
4092,20/06/2024 12:00,2952,ct,2.263157895,2.822069474,25.6,54.475,95465,4.9038175,13.44,0
4093,20/06/2024 13:00,3007,ct,1.825,3.108911,25.9,52.875,95160,4.6190725,13.8,0
4094,20/06/2024 14:00,2941,ct,1.759259259,3.60231,25.175,54.425,95285,4.2065725,9.48,0
4095,20/06/2024 15:00,2602,ct,2,5.1777855,23.8,59.6,95497.5,3.6221425,9.24,0
4096,20/06/2024 16:00,2119,ct,2.105263158,6.910579474,22.7,62.475,95775,3.3861975,8.16,0
4097,20/06/2024 17:00,1459,ct,2.15,13.6012145,22.4,63.85,95912.5,1.53982375,4.8,0
4098,20/06/2024 18:00,959,ct,2.948717949,26.21066316,21.65,71.625,96005,0.71402275,2.88,0
4099,20/06/2024 19:00,621,ct,2.833333333,22.497595,20.3,81.225,96240,0.85987,3.24,0
4100,20/06/2024 20:00,534,ct,3.514285714,20.54982632,19.425,85.725,96417.5,1.08419175,4.2,0
4101,20/06/2024 21:00,265,ct,11,19.75613684,18.13333333,89.93333333,96620,1.714776333,4.64,0
4102,20/06/2024 22:00,188,ct,3.641025641,21.36853158,16.63333333,94.26666667,96853.33333,2.570586667,6.08,0
4103,20/06/2024 23:00,109,ct,3.307692308,19.13312,15.75,96.575,96997.5,2.1618025,5.64,0
4104,21/06/2024 00:00,105,pa,6.512820513,13.81658632,15.325,97.375,97065,1.735755,5.52,0
4105,21/06/2024 01:00,158,pa,14.84615385,10.338983,14.9,97.95,97097.5,2.21937325,5.4,0
4106,21/06/2024 02:00,407,pa,3.461538462,9.698973158,14.85,97.975,97095,1.75072825,5.76,0
4107,21/06/2024 03:00,1549,pa,4.375,13.166618,14.9,97.575,97115,1.0164875,3.48,0
4108,21/06/2024 04:00,2491,pa,4.157894737,11.64956053,17.65,86.725,96797.5,1.02530225,3.24,0
4109,21/06/2024 05:00,2659,pa,5.452830189,8.516640769,23.025,69.95,95980,0.77855125,2.4,0
4110,21/06/2024 06:00,2631,pa,6.025641026,3.474321053,23.5,67.85,95250,1.65798,5.28,0
4111,21/06/2024 07:00,1843,pa,4.948717949,3.555901,24.25,65.975,95172.5,2.0565575,5.16,0
4112,21/06/2024 08:00,999,pa,4.5,3.585106316,25.9,63.175,94822.5,2.331295,6.72,0
4113,21/06/2024 09:00,2641,pa,3.975,2.2498725,28.725,59,94395,2.68978,7.8,0
4114,21/06/2024 10:00,2570,pa,4.923076923,2.775915263,28,62.3,94180,3.383563333,9.44,0
4115,21/06/2024 11:00,2954,pa,5.384615385,4.586477,27.975,64.25,94290,2.945205,7.8,0
4116,21/06/2024 12:00,2701,pa,6.615384615,4.375075263,28.9,63.125,94185,2.45183,7.44,0
4117,21/06/2024 13:00,2914,pa,7.846153846,3.557806,30.575,59.425,93857.5,3.311855,9,0
4118,21/06/2024 14:00,2837,pa,6.461538462,5.069763158,29.4,64.625,93932.5,3.5009175,9,0
4119,21/06/2024 15:00,2604,pa,13.325,1.8234385,28.75,56.625,93980,4.6385275,12.48,0
4120,21/06/2024 16:00,2048,pa,14.5,2.841413684,27.1,55.975,94270,5.30899,14.16,0
4121,21/06/2024 17:00,1177,pa,13.45,4.0925125,25.6,61.075,94637.5,4.02347,10.56,0
4122,21/06/2024 18:00,501,pa,14.46153846,18.24207737,23.725,68.925,94975,3.539565,10.8,0.0875
4123,21/06/2024 19:00,337,pa,12.11111111,58.82502,20.375,92.025,95405,2.61676,7.32,0
4124,21/06/2024 20:00,296,pa,12.34210526,41.41204444,19.425,95.65,95727.5,2.3074825,6.96,0
4125,21/06/2024 21:00,165,pa,10.15625,44.40246667,18.825,99.55,95940,1.30585175,4.2,0.4375
4126,21/06/2024 22:00,113,pa,9.171428571,28.26355556,18.45,99.8,96010,2.3651725,6.24,0.0875
4127,21/06/2024 23:00,168,pa,8.692307692,19.855465,18.325,99.475,96085,2.778185,8.64,0.6125
4128,22/06/2024 00:00,141,so,7.538461538,17.28078947,18.06666667,100,96146.66667,3.695926667,10.24,0.816666667
4129,22/06/2024 01:00,122,so,5.743589744,11.829517,17.725,99.85,96047.5,3.31819575,7.68,0.35
4130,22/06/2024 02:00,262,so,5.25,9.29754,17.475,100,96090,2.685345,9.12,0
4131,22/06/2024 03:00,635,so,5.282051282,6.1297925,17.575,100,96070,3.7313975,11.04,0.0875
4132,22/06/2024 04:00,867,so,3.58974359,4.168831579,17.875,98.125,96027.5,3.9087025,9.84,0
4133,22/06/2024 05:00,1018,so,2.75,3.7958045,18.725,93.975,95917.5,3.865695,9.96,0
4134,22/06/2024 06:00,1669,so,1.815789474,3.055525263,20.325,81.325,95700,5.142135,14.16,0
4135,22/06/2024 07:00,1995,so,1.325,2.6320275,21.475,73.45,95387.5,4.2641,10.92,0
4136,22/06/2024 08:00,2190,so,0.743589744,5.061017368,19.025,79.925,95830,5.77146,15.6,0.2625
4137,22/06/2024 09:00,2131,so,1.384615385,1.40649945,21.175,58.35,95580,6.825495,17.28,0
4138,22/06/2024 10:00,2027,so,1.461538462,1.183935684,23.35,52.1,95215,5.059705,14.16,0
4139,22/06/2024 11:00,1882,so,1.95,1.4045337,24.825,48.85,94860,5.5399275,15.72,0
4140,22/06/2024 12:00,2022,so,1.473684211,1.182535684,26,43.6,94480,4.822353333,14.88,0
4141,22/06/2024 13:00,1759,so,1.615384615,2.212677368,26.65,40.875,94422.5,5.3722475,16.08,0
4142,22/06/2024 14:00,1786,so,1.538461538,2.508200526,27.225,39.65,94197.5,4.3324225,13.44,0
4143,22/06/2024 15:00,1492,so,1.538461538,3.7299035,25.8,43.4,94440,5.2965575,14.64,0
4144,22/06/2024 16:00,1064,so,2.128205128,9.189057895,24.5,49.9,94827.5,4.0781475,10.08,0
4145,22/06/2024 17:00,1321,so,2.35,14.987127,23.725,54.45,94975,4.59265,11.16,0
4146,22/06/2024 18:00,892,so,4.871794872,24.75461053,21.7,61.9,95400,2.17215,7.08,0
4147,22/06/2024 19:00,683,so,14.83333333,41.396295,18.475,77.125,95970,1.02105675,3,0
4148,22/06/2024 20:00,581,so,5.58974359,55.58337895,16.425,85.425,96450,1.94143,6,0
4149,22/06/2024 21:00,643,so,4.371428571,48.4745,15.3,89.675,96760,3.0511375,6.96,0
4150,22/06/2024 22:00,327,so,4.384615385,33.2268,14.375,93,96935,2.657645,6.36,0
4151,22/06/2024 23:00,205,so,4.825,30.21715,14,94.95,97015,2.3826775,6,0
4152,23/06/2024 00:00,112,ne,4.487179487,17.131885,14.5,93.83333333,96946.66667,1.889546667,5.92,0
4153,23/06/2024 01:00,105,ne,5.153846154,12.23342947,15.7,90.8,96857.5,3.025135,6.72,0
4154,23/06/2024 02:00,192,ne,5.625,11.042545,15.15,94.6,96880,1.4990325,4.32,0
4155,23/06/2024 03:00,378,ne,5.263157895,12.01444316,14.725,96.625,97017.5,1.36928525,4.68,0
4156,23/06/2024 04:00,502,ne,4.948717949,9.818432632,17,87.875,96752.5,2.0852225,5.28,0
4157,23/06/2024 05:00,613,ne,5.282051282,4.933055263,22.525,67.45,95795,1.880145,5.28,0
4158,23/06/2024 06:00,981,ne,4.55,2.4522925,24.3,58.425,95042.5,1.8883675,5.88,0
4159,23/06/2024 07:00,1529,ne,6.052631579,3.113157368,22.025,64.9,95437.5,1.919295,5.76,0
4160,23/06/2024 08:00,1814,ne,6.725,3.4499785,23.9,60.45,95475,1.85933,5.52,0
4161,23/06/2024 09:00,1769,ne,5.641025641,2.834774737,24.775,57.65,95275,3.4581225,9.24,0
4162,23/06/2024 10:00,2047,ne,4.41025641,2.4428035,26.275,52.475,95157.5,4.5623975,11.52,0
4163,23/06/2024 11:00,2278,ne,3.41025641,2.693391053,24.8,54.35,95160,4.6391275,13.68,0
4164,23/06/2024 12:00,2199,ne,3.55,4.0918715,25.43333333,53.3,95136.66667,5.603586667,14.4,0
4165,23/06/2024 13:00,2201,ne,2.894736842,2.688394737,26.175,49.425,94930,5.6799725,15.48,0
4166,23/06/2024 14:00,2434,ne,3.375,3.1709985,26.65,48.65,94827.5,5.7199425,15.48,0
4167,23/06/2024 15:00,2524,ne,3.358974359,6.448444737,26.7,49.5,94890,5.3741925,15.48,0
4168,23/06/2024 16:00,2125,ne,3.85,8.355474,24.675,54.9,95225,4.3913375,11.52,0
4169,23/06/2024 17:00,1688,ne,3.710526316,6.648544211,24.15,56.325,95467.5,3.2251325,10.8,0
4170,23/06/2024 18:00,1032,ne,4.3,12.856836,22.75,62.4,95832.5,2.3337525,7.68,0
4171,23/06/2024 19:00,625,ne,4.512820513,32.14526842,20.6,71.35,96252.5,1.19629925,5.64,0
4172,23/06/2024 20:00,431,ne,5.225,32.499345,17.65,85.225,96745,1.02935825,3.48,0
4173,23/06/2024 21:00,307,ne,4.441176471,29.04248235,15.575,90.925,97130,3.4078625,7.56,0
4174,23/06/2024 22:00,176,ne,4.05,21.5028,14.725,92.5,97367.5,3.2408525,8.04,0
4175,23/06/2024 23:00,120,ne,3.435897436,19.11092632,13.9,94.875,97535,2.800805,6,0
4176,24/06/2024 00:00,131,po,3.333333333,14.520535,13.23333333,96.66666667,97653.33333,2.376506667,5.92,0
4177,24/06/2024 01:00,159,po,3.461538462,12.68248421,12.65,97.975,97765,1.8187025,4.68,0
4178,24/06/2024 02:00,281,po,3.897435897,11.309072,12.3,98.6,97857.5,2.01315,4.68,0
4179,24/06/2024 03:00,981,po,4.631578947,12.29277789,12.275,97.525,97892.5,2.4876125,5.04,0
4180,24/06/2024 04:00,1422,po,3.925,13.4294965,15.475,85.425,97465,1.222966,3.36,0
4181,24/06/2024 05:00,1568,po,3.885714286,6.870705263,23.525,60.525,96295,0.76670025,3.48,0
4182,24/06/2024 06:00,2464,po,3.4,2.7560915,23.75,57.525,95587.5,2.6421,7.2,0
4183,24/06/2024 07:00,2715,po,4.076923077,1.888431053,22.85,58.8,95532.5,2.939195,9.12,0
4184,24/06/2024 08:00,2622,po,2.666666667,2.5193735,24.025,55.125,95705,4.242595,10.32,0
4185,24/06/2024 09:00,2655,po,2.282051282,1.615343263,25.975,48.675,95325,4.3908675,12.12,0
4186,24/06/2024 10:00,2453,po,2.525,1.710555,26.825,46.125,95147.5,5.8250125,15,0
4187,24/06/2024 11:00,2645,po,2.128205128,1.743549474,26.6,45.05,94877.5,5.264535,16.32,0
4188,24/06/2024 12:00,3092,po,1.974358974,2.448887,27.6,43.46666667,94826.66667,4.844023333,14.24,0
4189,24/06/2024 13:00,2996,po,2.256410256,3.20153,26.975,44.2,94695,5.2093525,15.24,0
4190,24/06/2024 14:00,2724,po,2.175,3.2566505,27.225,44,94482.5,5.2407225,14.4,0
4191,24/06/2024 15:00,2504,po,2.263157895,4.054184737,28,43.25,94462.5,5.0634075,13.32,0
4192,24/06/2024 16:00,1901,po,2.225,3.7876025,26.75,45.825,94900,6.0439075,16.2,0
4193,24/06/2024 17:00,1383,po,2.282051282,4.701958421,24.925,50.075,95250,5.5777575,12.48,0
4194,24/06/2024 18:00,912,po,2.58974359,13.8200925,23.175,55.875,95745,4.23452775,7.8,0
4195,24/06/2024 19:00,620,po,3.512820513,22.54053684,20.275,68.9,96245,1.2699845,3.84,0
4196,24/06/2024 20:00,472,po,4.722222222,27.892855,18.15,78.175,96685,1.749774,4.68,0
4197,24/06/2024 21:00,222,po,5.2,31.11258235,16.3,84.975,97045,0.709629,2.28,0
4198,24/06/2024 22:00,143,po,4.825,30.364265,15.05,88.625,97285,0.8913265,3,0
4199,24/06/2024 23:00,106,po,4.923076923,25.83597895,14.65,90.05,97430,1.10693675,5.76,0
4200,25/06/2024 00:00,96,ut,5.871794872,21.19708,14.325,92.625,97440,1.0847215,4.08,0
4201,25/06/2024 01:00,159,ut,6.974358974,17.05945263,13.73333333,95.63333333,97490,0.960389667,4.8,0
4202,25/06/2024 02:00,246,ut,6.025641026,14.044355,13.15,96.7,97537.5,1.12149625,4.8,0
4203,25/06/2024 03:00,882,ut,5.358974359,19.24478421,13.425,93.95,97615,1.0952,4.2,0
4204,25/06/2024 04:00,1366,ut,6.615384615,25.41154,16.525,82.7,97150,1.4091875,4.32,0
4205,25/06/2024 05:00,1491,ut,5.638888889,11.34791947,22.875,62.125,96110,1.9439375,5.04,0
4206,25/06/2024 06:00,1540,ut,3.85,3.1280995,23.25,60.55,95460,2.738365,6.84,0
4207,25/06/2024 07:00,1421,ut,2.868421053,1.843050947,25.925,51.2,95002.5,3.4609925,9,0
4208,25/06/2024 08:00,1326,ut,4.9,1.6414449,26.15,48.625,94892.5,5.8638425,15.24,0
4209,25/06/2024 09:00,1330,ut,3.153846154,1.76766,26.8,48.65,94847.5,5.2153875,14.52,0
4210,25/06/2024 10:00,1330,ut,3.102564103,1.9039189,28.225,45.325,94687.5,5.022755,17.28,0
4211,25/06/2024 11:00,1358,ut,2.256410256,2.142887895,28.925,43.75,94557.5,5.60585,16.08,0
4212,25/06/2024 12:00,1493,ut,3.55,2.374434,29.1,43.275,94220,5.778525,17.4,0
4213,25/06/2024 13:00,1499,ut,2.717948718,3.139614737,28.3,45.53333333,94143.33333,7.85379,20.32,0
4214,25/06/2024 14:00,1365,ut,2.717948718,3.950092,28.9,45.8,94025,6.5988325,16.44,0
4215,25/06/2024 15:00,1170,ut,2.641025641,3.599759474,29,43.5,93837.5,5.7101025,15,0
4216,25/06/2024 16:00,918,ut,2.975,3.6753575,29.275,43.275,94185,4.9863875,14.52,0
4217,25/06/2024 17:00,654,ut,3.315789474,6.107241053,27.95,48.875,94437.5,5.1865,14.16,0
4218,25/06/2024 18:00,490,ut,3.425,19.347251,26.425,55.525,94810,3.6713575,8.64,0
4219,25/06/2024 19:00,305,ut,4.769230769,28.02371579,23.175,69.275,95250,1.1391375,3.72,0
4220,25/06/2024 20:00,238,ut,5.555555556,32.093695,20.975,78.95,95720,0.703842,2.64,0
4221,25/06/2024 21:00,125,ut,7.117647059,24.39724118,19.85,83.85,95970,0.64255325,3,0
4222,25/06/2024 22:00,62,ut,5.909090909,15.87662,19.475,85.425,96090,0.561603,2.4,0
4223,25/06/2024 23:00,56,ut,5.885714286,9.960422105,19.525,85.4,96157.5,0.55824075,2.52,0
4224,26/06/2024 00:00,56,st,5.1,6.9667075,21,78.475,96017.5,1.94208625,5.4,0
4225,26/06/2024 01:00,74,st,5,7.982818947,20.65,79.05,95922.5,1.2609845,4.44,0
4226,26/06/2024 02:00,443,st,5,9.8352635,19.6,83.6,96003.33333,0.654101,2.72,0
4227,26/06/2024 03:00,1714,st,5.514285714,26.683,19.225,86.15,96110,0.819495,3,0
4228,26/06/2024 04:00,2726,st,5.75,14.9798245,21.675,76.325,95795,2.264395,6.84,0
4229,26/06/2024 05:00,2761,st,5.605263158,11.54313579,25.925,62.675,94965,2.814235,9,0
4230,26/06/2024 06:00,2896,st,5.1,3.2130195,27.2,59.625,94412.5,4.5223925,14.88,0
4231,26/06/2024 07:00,2609,st,4.58974359,2.670541579,28.05,57.575,94142.5,5.468835,13.32,0
4232,26/06/2024 08:00,2440,st,4.775,2.033882,28.725,56.8,94027.5,6.0044975,15.12,0
4233,26/06/2024 09:00,2506,st,4.815789474,1.669536737,29.375,55.7,93982.5,7.6770325,18.96,0
4234,26/06/2024 10:00,2627,st,4.85,1.765176,30.625,53.525,93872.5,7.7460175,21,0
4235,26/06/2024 11:00,2618,st,5.358974359,1.989526842,30.65,53.25,93725,8.1753075,24.72,0
4236,26/06/2024 12:00,2964,st,3.692307692,2.7233955,30.175,53.15,93747.5,8.18184,20.04,0
4237,26/06/2024 13:00,2905,st,3.435897436,3.273984211,30.175,52.175,93665,6.2920625,16.2,0
4238,26/06/2024 14:00,2553,st,4,2.722588,31.4,49.4,93397.5,6.5874425,17.04,0
4239,26/06/2024 15:00,2434,st,3.974358974,2.9396015,31.86666667,47.3,93270,6.021716667,19.36,0
4240,26/06/2024 16:00,1718,st,4,5.229036842,30.55,50.75,93482.5,6.0244775,16.8,0
4241,26/06/2024 17:00,1304,st,5.225,3.65721,29.875,52.65,93737.5,4.608475,13.32,0
4242,26/06/2024 18:00,930,st,5.368421053,8.795826842,28.65,56.725,94047.5,2.7064325,8.4,0
4243,26/06/2024 19:00,405,st,6.025,17.428072,25.9,67.15,94485,1.0938,3.96,0
4244,26/06/2024 20:00,232,st,6.794871795,23.29985789,23.8,76.9,94915,1.01599725,3,0
4245,26/06/2024 21:00,131,st,6.735294118,19.58321176,24.35,73.35,95007.5,3.520805,8.4,0
4246,26/06/2024 22:00,70,st,10.94736842,98.03737368,20.725,98.925,95372.5,3.1170175,8.4,1.1375
4247,26/06/2024 23:00,66,st,8.621621622,56.448345,20.175,99.9,95590,1.8442725,6,0
4248,27/06/2024 00:00,103,ct,8.315789474,31.86876842,19.65,99.775,95657.5,2.14757,6.72,0
4249,27/06/2024 01:00,163,ct,9.15,19.61433,19.325,100,95692.5,1.62752275,4.92,0
4250,27/06/2024 02:00,389,ct,10,13.64855125,18.7,100,95810,1.04177475,4.44,0
4251,27/06/2024 03:00,1693,ct,11.6,13.462337,18.43333333,100,95863.33333,0.996161667,4,0
4252,27/06/2024 04:00,2491,ct,10.92307692,12.83077368,18.875,100,95850,0.76161475,2.52,0
4253,27/06/2024 05:00,2670,ct,11.94871795,7.3815515,20.475,96.175,95705,0.823723,3.36,0
4254,27/06/2024 06:00,2706,ct,13.96875,7.380829375,22.23333333,87.63333333,95380,1.430863333,4.32,0
4255,27/06/2024 07:00,2515,ct,12.225,2.547531,26.45,67.775,94632.5,2.6343075,6.84,0.0875
4256,27/06/2024 08:00,2634,ct,11.44736842,1.941915789,28.7,61.025,94080,2.1283125,6.96,0
4257,27/06/2024 09:00,2577,ct,11,1.5471233,29.425,60.625,93767.5,2.746405,7.8,0
4258,27/06/2024 10:00,2542,ct,11.56410256,1.010900263,30.1,56.775,93577.5,4.4161725,11.52,0
4259,27/06/2024 11:00,2671,ct,10.3,1.5520949,30.25,57.425,93480,5.2747075,13.68,0
4260,27/06/2024 12:00,2766,ct,12.13157895,1.824010947,29.925,58.025,93327.5,5.09196,14.28,0
4261,27/06/2024 13:00,2806,ct,11.35,2.7307915,31.8,53.55,93287.5,3.26263,8.76,0
4262,27/06/2024 14:00,2518,ct,9.512820513,26.39412263,25.1,72.85,94045,7.61902,19.8,0.7875
4263,27/06/2024 15:00,732,ct,4.694444444,118.254015,20.975,86.425,95172.5,3.5146925,10.68,0.0875
4264,28/06/2024 07:00,1326,pa,7,3.560543,24.35,75.6,94982.5,2.3835375,5.64,0
4265,28/06/2024 08:00,2876,pa,6.282051282,2.440000526,26.61666667,69.41666667,94718.33333,4.361248333,9.68,0
4266,28/06/2024 09:00,1492,pa,6.525,1.4601112,29.975,62.15,94257.5,3.5659175,9.12,0
4267,28/06/2024 10:00,40,pa,6.487179487,5.047536474,30.41666667,62.03333333,93840,4.467935,11.68,0.116666667
4268,28/06/2024 11:00,2638,pa,9.128205128,72.658185,22.87142857,89.28571429,95164.28571,3.618781429,8.365714286,1
4269,28/06/2024 12:00,2776,pa,8.256410256,61.52598053,25.35,79.525,95142.5,3.9867425,10.56,0.175
4270,28/06/2024 13:00,2959,pa,4.8,3.570935,28.325,65.225,94420,2.142725,6.72,0
4271,28/06/2024 14:00,2480,pa,6.945945946,53.65747778,25.025,87.725,94897.5,2.3782175,6.48,2.0125
4272,28/06/2024 15:00,2266,pa,7.684210526,52.39599,24.2,91.9,95200,2.666085,9.6,4.2
4273,28/06/2024 16:00,1975,pa,6.358974359,16.90560632,25.6,85.025,95077.5,2.43869,7.32,0
4274,28/06/2024 17:00,1411,pa,7.125,5.223096,25.53333333,83.26666667,94996.66667,2.46268,7.36,0
4275,28/06/2024 18:00,1063,pa,7.184210526,10.73588421,23.875,91.475,95430,1.50661275,4.56,0.0875
4276,28/06/2024 19:00,765,pa,7.405405405,9.5110125,21.175,100,95837.5,1.290995,3.72,0
4277,28/06/2024 20:00,340,pa,8.131578947,8.374465789,20.125,100,96180,1.66682,4.44,0
4278,28/06/2024 21:00,214,pa,8.722222222,6.430236667,19.7,100,96377.14286,2.57007,6.377142857,0
4279,28/06/2024 22:00,122,pa,8.705882353,7.705218824,19.12857143,100,96488.57143,0.562049771,3.085714286,0
4280,28/06/2024 23:00,143,pa,8.205128205,7.3392145,18.575,100,96582.5,0.70502075,3.24,0
4281,29/06/2024 00:00,191,so,8.641025641,7.021921579,17.875,100,96687.5,0.7028015,3,0
4282,29/06/2024 01:00,142,so,7.275,4.349164,16.775,100,96850,0.91512,3.12,0
4283,29/06/2024 02:00,270,so,5.5,3.465572105,15.425,100,97062.5,1.7112765,5.16,0
4284,29/06/2024 03:00,686,so,5.575,5.798863,14.9,99.425,97220,1.301562,4.44,0
4285,29/06/2024 04:00,828,so,6.692307692,7.156242105,17.7,88.43333333,96963.33333,1.88371,4,0
4286,29/06/2024 05:00,1177,so,6.641025641,4.000818,22.95,69.025,95965,1.15822475,3,0
4287,29/06/2024 06:00,1541,so,5.025641026,1.779952632,26.225,56.725,95082.5,1.272094,5.16,0
4288,29/06/2024 07:00,1839,so,5.225,1.962661,27.05,57.475,94757.5,2.7037275,7.2,0
4289,29/06/2024 08:00,2107,so,5.868421053,2.115254737,29.9,55.525,94425,2.3525375,7.2,0
4290,29/06/2024 09:00,2049,so,6.2,2.067763,29.9,58.775,94300,3.899525,9.12,0
4291,29/06/2024 10:00,1857,so,6.41025641,2.156457895,31.65,56.6,94092.5,3.75455,10.92,0
4292,29/06/2024 11:00,1967,so,6,1.8100879,32.025,55.675,93802.5,3.3145625,9.36,0
4293,29/06/2024 12:00,996,so,7.128205128,3.016217895,32.425,57.225,93587.5,3.6731075,10.08,0
4294,29/06/2024 13:00,972,so,7.179487179,3.1581595,33.2,56,93217.5,4.893315,11.4,0
4295,29/06/2024 14:00,914,so,6.974358974,2.656322632,33.85,54.5,93072.5,4.9627525,14.28,0
4296,29/06/2024 15:00,976,so,6.775,2.6333465,33.95,53.6,93085,4.9410475,13.68,0
4297,29/06/2024 16:00,1471,so,6.105263158,2.695342105,32.4,56.55,93372.5,3.33334,10.08,0
4298,29/06/2024 17:00,895,so,6.45,10.6130925,31.3,60.7,93627.5,1.53674675,5.88,0
4299,29/06/2024 18:00,811,so,7.102564103,14.93830474,29.63333333,67.76666667,93896.66667,1.261424667,4.16,0
4300,29/06/2024 19:00,557,so,6.538461538,19.060807,27.725,72.325,94235,1.038698,3.72,0
4301,29/06/2024 20:00,281,so,7.051282051,17.06033789,26.275,75.525,94465,1.49733525,4.32,0
4302,29/06/2024 21:00,212,so,8.055555556,23.35182222,24.05,86,94760,1.2378295,4.2,0
4303,29/06/2024 22:00,139,so,8.615384615,17.38876421,22.975,89.475,94920,1.14526925,3.96,0
4304,29/06/2024 23:00,121,so,8.333333333,9.193535,23.575,84.75,94900,2.234,5.64,0
4305,30/06/2024 00:00,157,ne,7.102564103,6.4239,23.3,84.3,94760,1.4153375,4.56,0
4306,30/06/2024 01:00,94,ne,6.2,7.6847305,25.05,75.3,94607.5,3.695415,12.96,0
4307,30/06/2024 02:00,179,ne,6.512820513,3.7915595,24.975,75.95,94400,4.901695,12.48,0
4308,30/06/2024 03:00,414,ne,7.897435897,9.877441053,22.325,92.35,94652.5,1.43643,4.32,0.0875
4309,30/06/2024 04:00,470,ne,9.55,39.32519,22.75,95.275,94785,0.85322,3.48,0
4310,30/06/2024 05:00,567,ne,10.64102564,21.59177789,26.725,78.45,94190,1.31815875,3.96,0
4311,30/06/2024 06:00,825,ne,8.256410256,3.2495565,28.05,73,93620,1.946285,5.76,0
4312,30/06/2024 07:00,687,ne,8.230769231,2.742302105,28.6,71.23333333,93443.33333,3.36543,8.8,0
4313,30/06/2024 08:00,839,ne,9.9,2.9524505,27.375,73.025,93655,2.803715,7.56,0
4314,30/06/2024 09:00,914,ne,10.28947368,2.142711053,27.825,67.15,93855,4.522875,10.8,0
4315,30/06/2024 10:00,904,ne,6.2,0.8901785,29.5,56.825,93517.5,5.0433875,13.92,0
4316,30/06/2024 11:00,1215,ne,4.051282051,1.467473368,29.95,52.375,93360,3.87438,11.04,0
4317,30/06/2024 12:00,1699,ne,3.842105263,1.936740421,29.875,52.45,93320,8.18978,19.56,0
4318,30/06/2024 13:00,1939,ne,2.512820513,2.170646737,29.55,52.95,93342.5,7.131575,18.36,0
4319,30/06/2024 14:00,2002,ne,2.325,3.1809665,30.125,53.6,93200,5.81831,14.16,0
4320,30/06/2024 15:00,2246,ne,2.256410256,2.810655263,30.325,52.1,93075,6.26529,18,0
4321,30/06/2024 16:00,1989,ne,2.487179487,14.643903,26.625,63.275,93755,4.90444,14.88,0
4322,30/06/2024 17:00,1451,ne,1.58974359,53.93394737,23.275,77.675,94527.5,4.7682675,14.16,0
4323,30/06/2024 18:00,893,ne,1,27.31545,21.525,77.7,95007.5,5.595715,16.32,0
4324,30/06/2024 19:00,640,ne,0.714285714,24.97377143,20.825,78.975,95280,3.92532,11.16,0
4325,30/06/2024 20:00,424,ne,1.648648649,21.174865,20.5,79.2,95422.5,3.0791775,8.28,0
4326,30/06/2024 21:00,279,ne,2.828571429,29.30919941,19.23333333,89.36666667,95650,2.622714667,8.64,0.233333333
4327,30/06/2024 22:00,190,ne,3.384615385,40.607075,18.375,96.225,95892.5,1.7679275,5.88,0.0875
4328,30/06/2024 23:00,156,ne,2.942857143,21.77294211,18.05,94.575,96007.5,0.85405325,3.36,0
4329,01/07/2024 00:00,156,po,3.371428571,10.4851735,17.8,96.75,96067.5,1.1622425,3.36,0
4330,01/07/2024 01:00,221,po,3.923076923,10.87742737,17.525,99.575,96152.5,1.0104055,2.76,0
4331,01/07/2024 02:00,519,po,5.416666667,9.534762,17.325,98.975,96222.5,1.18350475,4.2,0.0875
4332,01/07/2024 03:00,1249,po,8.025641026,7.776547368,17.225,99.075,96255,1.9196425,4.56,0
4333,01/07/2024 04:00,1456,po,8.075,7.974551,17.925,95.85,96170,2.0781825,6.36,0
4334,01/07/2024 05:00,1798,po,7.947368421,4.142514211,20.75,82.3,95770,2.3823625,6.12,0
4335,01/07/2024 06:00,2338,po,6.051282051,3.4652965,22.075,74.4,95397.5,3.75062,9.84,0
4336,01/07/2024 07:00,2632,po,3.789473684,2.664103158,23.825,68.425,94872.5,4.821505,11.52,0
4337,01/07/2024 08:00,2593,po,3.41025641,2.6354745,23.73333333,66.86666667,94703.33333,4.834376667,12.96,0
4338,01/07/2024 09:00,2487,po,3.657894737,2.462916842,24.975,62.15,94707.5,4.8436475,13.92,0
4339,01/07/2024 10:00,2417,po,3.2,3.891566,24.275,64.9,94670,5.77416,15.12,0
4340,01/07/2024 11:00,2572,po,3.157894737,2.411611579,25.275,60.325,94522.5,4.8132675,12.36,0
4341,01/07/2024 12:00,2775,po,2.925,2.330936,25.125,56.225,94400,5.65799,15.84,0
4342,01/07/2024 13:00,2718,po,2.861111111,20.67552684,21.05,72.75,95045,6.197735,16.68,0
4343,01/07/2024 14:00,2597,po,1.378378378,38.77515,18.75,84.3,95717.5,2.77845,9.6,0.175
4344,01/07/2024 15:00,2343,po,0.864864865,12.42005526,21.575,67.675,95207.5,2.6346475,7.08,0
4345,01/07/2024 16:00,1780,po,1.175,5.879657,20.625,69.4,95397.5,3.1843675,8.28,0
4346,01/07/2024 17:00,1157,po,1.375,10.89214632,19.3,74.15,95660,2.6538325,7.8,0
4347,01/07/2024 18:00,866,po,2.075,9.3692825,18.95,74.1,95847.5,3.0165225,9.24,0
4348,01/07/2024 19:00,462,po,1.710526316,7.698865789,18.15,74.6,96020,3.4429175,10.44,0
4349,01/07/2024 20:00,407,po,1.6,6.941257,17.6,73.56666667,96130,3.178876667,9.92,0
4350,01/07/2024 21:00,202,po,1.342857143,5.992971765,17.05,72.925,96290,2.59632,7.92,0
4351,01/07/2024 22:00,116,po,1.256410256,5.876758,16.45,74.1,96422.5,3.192695,10.68,0
4352,01/07/2024 23:00,120,po,1.358974359,6.779910526,15.85,73.925,96530,4.3590775,11.76,0
4353,02/07/2024 00:00,97,ut,1.95,12.56223,15.55,78.4,96582.5,2.1791525,7.92,0
4354,02/07/2024 01:00,176,ut,3.394736842,12.92007158,15.15,80,96657.5,1.8179575,6.24,0
4355,02/07/2024 02:00,472,ut,5.25,22.86372,14.85,82.3,96735,1.5176675,4.68,0
4356,02/07/2024 03:00,1671,ut,3.58974359,19.91449053,15,81.95,96752.5,0.816713,3.12,0
4357,02/07/2024 04:00,2447,ut,3.512820513,12.2005335,15.925,77.375,96645,1.9698525,7.44,0
4358,02/07/2024 05:00,2237,ut,3.025641026,8.580287895,17.35,71.65,96375,2.3611825,8.04,0
4359,02/07/2024 06:00,1270,ut,2.5,4.3940555,17.1,69.775,95922.5,2.683305,9.12,0
4360,02/07/2024 07:00,1371,ut,1.694444444,4.185675789,18.36666667,66.3,95990,2.418516667,7.52,0
4361,02/07/2024 08:00,1263,ut,1.25,3.9294595,18.375,65.325,95885,2.724225,7.68,0
4362,02/07/2024 09:00,1292,ut,1.571428571,3.385614211,20.1,59.15,95735,2.5924425,7.44,0
4363,02/07/2024 10:00,1256,ut,2.1,3.6466235,19.15,60.425,95680,3.1155525,8.76,0
4364,02/07/2024 11:00,1351,ut,4.435897436,4.232401579,20.2,57.95,95640,3.5956075,9.84,0
4365,02/07/2024 12:00,1454,ut,4.090909091,5.603094,19.875,59.65,95600,2.08702,6.48,0
4366,02/07/2024 13:00,1493,ut,3.371428571,6.079827895,19.625,61.95,95665,2.4890375,7.68,0
4367,02/07/2024 14:00,1373,ut,2.785714286,4.475452857,19.75,61.8,95567.5,2.046525,6,0
4368,02/07/2024 15:00,1252,ut,2.571428571,4.151978571,20.125,59.875,95517.5,3.3503,9.72,0
4369,02/07/2024 16:00,1151,ut,3.242424242,9.33197,18.825,66.375,95677.5,2.46555,8.04,0
4370,02/07/2024 17:00,816,ut,3.382352941,15.29831789,18.45,69.225,95825,2.34172,8.28,0
4371,02/07/2024 18:00,414,ut,3.459459459,11.3563,18.13333333,69.5,95903.33333,1.782246667,5.92,0
4372,02/07/2024 19:00,264,ut,3.368421053,10.87401526,17.55,73.95,96000,1.6705895,5.76,0
4373,02/07/2024 20:00,229,ut,4.175,16.071645,17.475,73.325,96062.5,1.007914,3.96,0
4374,02/07/2024 21:00,104,ut,6.176470588,12.50209529,17.125,75.925,96097.5,0.5028735,2.52,0
4375,02/07/2024 22:00,68,ut,5.035714286,16.39347143,16.975,77.35,96100,0.48448325,2.28,0
4376,02/07/2024 23:00,58,ut,3.428571429,20.04081429,16.375,83.3,96135,0.448623175,2.04,0
4377,03/07/2024 00:00,60,st,3.321428571,22.17800714,15.03333333,94.73333333,96286.66667,1.577110667,4.48,0
4378,03/07/2024 01:00,142,st,4.285714286,24.87527143,14.575,98.175,96407.5,1.41858475,5.4,0.0875
4379,03/07/2024 02:00,233,st,3.625,25.65422,14.375,96.9,96480,0.677359,2.88,0
4380,03/07/2024 03:00,865,st,1.5,7.837125263,13.525,94.4,96607.5,1.4367575,4.44,0
4381,03/07/2024 04:00,1224,st,2.230769231,11.9059245,13.925,91.65,96630,1.15730225,3.72,0
4382,03/07/2024 05:00,1308,st,3.128205128,8.250633684,15.1,84.3,96473.33333,1.755872333,5.6,0
4383,03/07/2024 06:00,1328,st,3.894736842,3.737029,15.8,76.025,96290,3.06145,8.28,0
4384,03/07/2024 07:00,1356,st,4.282051282,2.832041053,17.65,66.05,95832.5,3.727985,9.84,0
4385,03/07/2024 08:00,1726,st,3.896551724,2.644068,18.975,60.85,95390,3.9061225,11.52,0
4386,03/07/2024 09:00,1492,st,3.933333333,3.0604975,19.9,58.275,95285,4.5011725,12.72,0
4387,03/07/2024 10:00,1755,st,3.358974359,3.307816316,19.725,57.75,95107.5,3.5767025,9.96,0
4388,03/07/2024 11:00,1840,st,3.785714286,3.683827143,20.225,56.375,95107.5,2.9854475,8.64,0
4389,03/07/2024 12:00,2842,st,3.285714286,3.539738571,20.35,55.05,94912.5,2.9937775,9.36,0
4390,03/07/2024 13:00,2892,st,3.175,3.855041,21.025,53.025,94945,3.1461025,9,0
4391,03/07/2024 14:00,2328,st,2.078947368,3.629265263,20.875,53.275,94882.5,4.0589975,11.04,0
4392,03/07/2024 15:00,1442,st,2.540540541,4.4300155,20.45,51.4,95087.5,2.7079325,7.92,0
4393,03/07/2024 16:00,1799,st,2.157894737,3.880201053,21.175,50.65,94935,2.54701,8.4,0
4394,03/07/2024 17:00,1196,st,2.153846154,5.483751,19.5,56.26666667,95176.66667,2.71141,7.36,0
4395,03/07/2024 18:00,581,st,2.820512821,17.44648,17.525,69.025,95595,0.95233825,3.24,0
4396,03/07/2024 19:00,481,st,3.148148148,22.08640714,16.275,76.025,95917.5,1.406904,4.8,0
4397,03/07/2024 20:00,366,st,3.428571429,24.17171429,16.025,75.175,96072.5,1.341314,3.48,0
4398,03/07/2024 21:00,191,st,3.676470588,19.26109412,15.575,82.075,96125,0.58777675,2.52,0
4399,03/07/2024 22:00,125,st,5.538461538,33.15835789,14.825,87.35,96252.5,1.51383425,5.4,0.2625
4400,03/07/2024 23:00,128,st,4.2,37.56874,13.525,97.525,96472.5,0.60719825,1.92,0.175
4401,04/07/2024 00:00,112,ct,3.921052632,30.86799474,13.2,100,96542.5,1.1065945,3.84,0.35
4402,04/07/2024 01:00,162,ct,3.375,20.63597,12.85,100,96595,0.8749015,2.88,0.175
4403,04/07/2024 02:00,435,ct,3.615384615,16.13439474,12.975,100,96607.5,1.52815,3.84,0
4404,04/07/2024 03:00,1532,ct,3.333333333,13.7539,13.1,100,96630,1.02833775,3,0
4405,04/07/2024 04:00,2343,ct,3.641025641,8.699539474,14.03333333,95.33333333,96610,1.713626667,5.28,0
4406,04/07/2024 05:00,2300,ct,2.4,4.555306,16.875,78,95937.5,3.8779,9.36,0
4407,04/07/2024 06:00,2540,ct,2.447368421,3.506895263,17.375,73.6,95517.5,4.37601,10.68,0.0875
4408,04/07/2024 07:00,2496,ct,1.75,3.099686,17.475,70.825,95680,5.6919575,17.16,0
4409,04/07/2024 08:00,2519,ct,1.384615385,2.814882105,18.2,67.075,95440,5.783445,14.76,0
4410,04/07/2024 09:00,2457,ct,1.58974359,3.8868555,17.3,71.875,95727.5,3.4242275,9.6,0
4411,04/07/2024 10:00,2640,ct,1.564102564,5.584006316,18.075,70.975,95635,2.803465,6.72,0
4412,04/07/2024 11:00,2678,ct,2.256410256,3.3758125,21.375,63.325,95037.5,3.9729525,11.52,0
4413,04/07/2024 12:00,3031,ct,1.512820513,3.008406316,21.675,63.8,94802.5,6.7447725,17.88,0
4414,04/07/2024 13:00,2883,ct,1.9,8.310289,20.65,69.975,95032.5,5.2214525,13.68,0
4415,04/07/2024 14:00,2787,ct,1.487179487,4.551727895,22.65,63.75,94555,6.949375,17.4,0
4416,04/07/2024 15:00,2443,ct,1.325,3.3350985,23.3,60.13333333,94333.33333,6.670363333,18.88,0
4417,04/07/2024 16:00,2005,ct,1.210526316,4.448181053,20.4,66.9,94842.5,7.04789,18.72,0
4418,04/07/2024 17:00,1435,ct,1.85,5.30398,18.25,68.975,95457.5,3.8676,12.96,0
4419,04/07/2024 18:00,928,ct,2.4,17.26895842,17.125,73.225,95847.5,2.798785,8.64,0
4420,04/07/2024 19:00,534,ct,3.35,20.60429,15.5,83.125,96210,0.8490865,3.48,0
4421,04/07/2024 20:00,462,ct,4.230769231,29.67468947,14.4,89.25,96515,1.55313025,4.08,0
4422,04/07/2024 21:00,234,ct,7.882352941,21.2281,14.525,87.9,96635,2.794485,6.36,0
4423,04/07/2024 22:00,176,ct,2.974358974,13.74555789,14.55,88.275,96667.5,2.549005,6.24,0
4424,04/07/2024 23:00,135,ct,3.15,13.34953,14.175,90.1,96755,1.8105625,4.68,0
4425,05/07/2024 00:00,105,pa,3.435897436,12.08017368,14.2,90.725,96772.5,2.51089,5.64,0
4426,05/07/2024 01:00,119,pa,3.615384615,10.056041,13.8,93.275,96817.5,1.334697,4.2,0
4427,05/07/2024 02:00,282,pa,3.923076923,10.56631053,13.66666667,93.56666667,96836.66667,2.3472,6.56,0
4428,05/07/2024 03:00,710,pa,4.275,11.544586,13.975,93.5,96827.5,0.90044675,3.24,0
4429,05/07/2024 04:00,929,pa,5.263157895,12.15413474,13.975,95.225,96785,1.01727775,4.32,0
4430,05/07/2024 05:00,919,pa,315.675,13.206035,15.55,90.55,96592.5,1.7665425,4.68,0
4431,05/07/2024 06:00,1345,pa,4.526315789,4.923747368,18,79.575,96130,3.55009,8.88,0
4432,05/07/2024 07:00,1867,pa,4.864864865,3.3530705,20.075,71.775,95760,4.204025,11.64,0
4433,05/07/2024 08:00,2055,pa,10.47368421,1.502338316,22.875,55.825,95092.5,6.5443825,16.08,0
4434,05/07/2024 09:00,2029,pa,15.8974359,1.449223053,22.875,51.95,94970,6.1983875,15,0
4435,05/07/2024 10:00,1939,pa,13.28205128,2.368447895,21.85,53.175,95175,6.50515,17.76,0
4436,05/07/2024 11:00,2099,pa,22.82051282,2.903084,22.725,51.775,95155,7.0968825,16.68,0
4437,05/07/2024 12:00,2080,pa,14.94871795,3.551104737,21.95,53.9,95225,5.888255,17.64,0
4438,05/07/2024 13:00,2071,pa,20.825,4.0605335,22.475,53.825,95180,5.2136225,15.24,0
4439,05/07/2024 14:00,1993,pa,17.15384615,4.947678421,22.2,55.13333333,95186.66667,4.15469,12.96,0
4440,05/07/2024 15:00,2025,pa,19.53846154,4.636808,22.85,53.7,95112.5,2.9951875,8.64,0
4441,05/07/2024 16:00,1677,pa,16.84615385,9.789396316,22.125,56.45,95175,1.7511525,6.24,0
4442,05/07/2024 17:00,1269,pa,23.875,13.348391,22.2,58.55,95295,1.54329425,4.68,0
4443,05/07/2024 18:00,859,pa,404.1315789,24.56565789,20.45,69.625,95487.5,0.9044995,3.24,0
4444,05/07/2024 19:00,697,pa,415.2,28.216415,18.075,82.225,95922.5,0.868989,2.28,0
4445,05/07/2024 20:00,453,pa,22.94871795,19.82077368,17.225,83.125,96185,2.302815,7.2,0
4446,05/07/2024 21:00,309,pa,19.74285714,21.86093333,17.525,84.25,96162.5,0.557945,2.28,0
4447,05/07/2024 22:00,253,pa,1.564102564,19.15002105,16.475,89.875,96267.5,1.30096725,4.08,0
4448,05/07/2024 23:00,155,pa,1.333333333,14.278996,15.2,91.625,96462.5,1.87242625,4.68,0
4449,06/07/2024 00:00,120,so,441.28,13.51161667,13.7,97.25,96710,1.287025,4.32,0
4450,06/07/2024 01:00,84,so,668.027027,12.50518421,12.85,97.1,96850,2.922685,6.24,0
4451,06/07/2024 02:00,205,so,793.952381,12.56054,11.9,99.4,96980,2.22757,5.76,0
4452,06/07/2024 03:00,580,so,754.3333333,13.18801667,11.65,99.65,96995,3.139465,5.76,0
4453,06/07/2024 04:00,673,so,329.6388889,12.88008941,13.65,94.45,96810,1.213373,3.6,0
4454,06/07/2024 05:00,812,so,535.7575758,8.884402632,22.4,65.2,95530,0.3526075,1.92,0
4455,06/07/2024 06:00,1083,so,644.4857143,3.425133529,24.05,61.8,94675,1.41007,3.6,0
4456,06/07/2024 07:00,1626,so,345.5909091,2.48757,26.1,56.15,94060,2.35926,8.64,0
4457,06/07/2024 08:00,1910,so,,,28.05,52.8,93862.5,2.8005825,7.32,0
4458,06/07/2024 09:00,1859,so,,,28.975,50.375,93670,4.05906,11.04,0
4459,06/07/2024 10:00,1746,so,7.142857143,0.956989143,29.525,50.5,93542.5,7.54598,18.36,0
4460,06/07/2024 11:00,2018,so,2.025,0.93182335,30.925,46.825,93185,7.707385,18.24,0
4461,06/07/2024 12:00,1931,so,1.342105263,0.511517842,32.675,39.825,92747.5,7.98538,19.32,0
4462,06/07/2024 13:00,1802,so,16.025,1.5980637,32.975,38.975,92580,5.6400425,12.36,0
4463,06/07/2024 14:00,1649,so,1.538461538,2.000184632,32.6,39.63333333,92643.33333,4.769813333,15.68,0
4464,06/07/2024 15:00,2026,so,30.07692308,74.306241,28.525,55.35,93185,5.123815,14.4,0.0875
4465,06/07/2024 16:00,1671,so,475.25,239.775,20.275,91.175,94815,3.8481675,13.56,1.1375
4466,06/07/2024 17:00,1113,so,693.65,131.283565,20.375,95.3,94995,3.1757625,7.68,0
4467,06/07/2024 18:00,769,so,618.8857143,50.63684737,20.075,96.475,95102.5,2.0249515,5.28,0
4468,06/07/2024 19:00,601,so,650.45,15.426309,19.625,92.325,95350,2.9272375,7.08,0.2625
4469,06/07/2024 20:00,404,so,647.1025641,21.81566842,18.425,98.875,95517.5,2.17609,5.52,0.175
4470,06/07/2024 21:00,259,so,203.3142857,21.19854444,18.425,99.75,95680,1.9291425,6.12,0
4471,06/07/2024 22:00,185,so,100.4102564,12.43475579,17.65,100,95877.5,0.86145675,3.36,0
4472,06/07/2024 23:00,171,so,69.08333333,9.1908165,17.225,99.875,95995,1.48177925,4.08,0
4473,07/07/2024 00:00,103,ne,170.9230769,6.850930526,17.35,97.125,96090,2.0713275,6.6,0
4474,07/07/2024 01:00,99,ne,774.2820513,3.741783,17.1,91.9,96143.33333,1.032111667,3.36,0
4475,07/07/2024 02:00,133,ne,657.4,5.438545,16.35,97.1,96332.5,1.89662,4.8,0.0875
4476,07/07/2024 03:00,404,ne,703.5897436,8.618631579,15.675,96.875,96500,1.09865775,3.6,0.0875
4477,07/07/2024 04:00,459,ne,670.1538462,8.552275,15.275,96.75,96635,1.4298865,4.2,0
4478,07/07/2024 05:00,487,ne,815.2564103,4.057633158,16.375,88.9,96555,0.9083015,3.12,0.0875
4479,07/07/2024 06:00,698,ne,394.6410256,2.405127,19.575,64.825,96185,1.893035,6.36,0
4480,07/07/2024 07:00,1180,ne,627.0882353,1.530056,20.25,54.225,95767.5,3.07329,8.64,0
4481,07/07/2024 08:00,1596,ne,760.175,1.8819985,21.9,49.025,95522.5,3.2552825,8.4,0
4482,07/07/2024 09:00,1595,ne,783.1842105,2.104249474,24,46.45,95192.5,3.9221525,9.24,0
4483,07/07/2024 10:00,1855,ne,842.475,2.4132995,23.375,48.775,95070,3.9769825,11.4,0
4484,07/07/2024 11:00,2149,ne,838.7948718,3.449242632,23.875,49.1,95095,3.9108925,10.08,0
4485,07/07/2024 12:00,2173,ne,759.5897436,5.010193,23.3,51.8,95167.5,3.67343,9.6,0
4486,07/07/2024 13:00,2282,ne,824.6666667,3.873506316,24.06666667,49.96666667,95073.33333,4.376693333,11.84,0
4487,07/07/2024 14:00,1245,ne,788.175,3.4610955,23.225,50.875,95235,3.77539,10.32,0
4488,07/07/2024 15:00,1370,ne,817.7368421,3.749403684,24.05,45.075,95237.5,3.1554275,7.32,0
4489,07/07/2024 16:00,1498,ne,804.9,4.3281815,22.7,49.225,95155,2.7337825,8.4,0
4490,07/07/2024 17:00,954,ne,686.6666667,11.84848526,22.15,54.3,95485,1.5280375,4.68,0
4491,07/07/2024 18:00,835,ne,552.2564103,32.165578,21,61.85,95740,0.90882175,3.48,0
4492,07/07/2024 19:00,593,ne,1.676470588,37.00807895,19.775,74.95,96075,2.26587,5.4,0
4493,07/07/2024 20:00,400,ne,1.459459459,29.271015,17.6,86.15,96445,1.557995,3.84,0
4494,07/07/2024 21:00,286,ne,482.6571429,28.33121176,16.1,92.325,96772.5,1.57082225,4.56,0
4495,07/07/2024 22:00,188,ne,653.25,25.270355,15.4,94.3,96977.5,2.011055,5.28,0
4496,07/07/2024 23:00,109,ne,496.3684211,20.68894737,14.575,98.725,97137.5,0.9525785,2.64,0
4497,08/07/2024 00:00,128,po,196.425,17.3028,14.325,99.025,97232.5,0.819161,3.12,0
4498,08/07/2024 01:00,235,po,610.7948718,13.52362632,14.63333333,97.93333333,97183.33333,1.198977667,3.36,0
4499,08/07/2024 02:00,499,po,695.1025641,11.695209,14.675,98.15,97170,1.816623,4.92,0
4500,08/07/2024 03:00,1730,po,194.8461538,11.39636842,14.325,99.525,97265,0.430691,2.4,0
4501,08/07/2024 04:00,2543,po,204.3,8.9559645,15.175,93.6,97187.5,2.549815,5.76,0
4502,08/07/2024 05:00,2635,po,2.526315789,15.14398737,19.625,78.3,96590,1.02762175,4.2,0
4503,08/07/2024 06:00,2508,po,521.875,5.228242,22.85,64.075,95782.5,1.6122675,5.16,0
4504,08/07/2024 07:00,2574,po,654.974359,1.948036421,25.05,54.15,95092.5,1.7067075,5.16,0
4505,08/07/2024 08:00,2509,po,803.825,0.90447255,27.4,44.95,94882.5,2.56874,7.2,0
4506,08/07/2024 09:00,2458,po,65.97368421,0.791926158,27,42.96666667,94910,3.28084,8,0
4507,08/07/2024 10:00,2456,po,2.35,1.4021491,28.3,39.775,94865,3.6020575,10.8,0
4508,08/07/2024 11:00,2408,po,2.153846154,2.011009789,29.2,37.775,94670,3.79703,9.48,0
4509,08/07/2024 12:00,2574,po,36.02564103,3.1449995,29.75,35.225,94355,4.105895,9.72,0
4510,08/07/2024 13:00,2582,po,176.2631579,2.161749474,30.13333333,33.43333333,94143.33333,3.65054,11.52,0
4511,08/07/2024 14:00,2642,po,227.625,2.8096265,29.775,34.7,94112.5,4.026445,9.6,0
4512,08/07/2024 15:00,2323,po,220.7948718,3.644112105,30.7,34.45,93942.5,4.010455,10.32,0
4513,08/07/2024 16:00,1772,po,32.76315789,17.153985,28.15,44.1,94490,4.64533,11.52,0
4514,08/07/2024 17:00,1321,po,2.333333333,24.46450526,26.7,52.725,94872.5,4.8721825,12.12,0
4515,08/07/2024 18:00,930,po,30.23076923,27.75521053,25.1,61.05,95395,3.7389425,9.24,0
4516,08/07/2024 19:00,587,po,540.2894737,25.52637895,22.85,69.05,95827.5,2.96079,6.96,0
4517,08/07/2024 20:00,384,po,177.65,29.89955,20.875,75.6,96210,1.35220125,3.6,0
4518,08/07/2024 21:00,209,po,1.24,26.38347143,19.5,83.625,96472.5,0.86109575,2.88,0
4519,08/07/2024 22:00,171,po,1.714285714,29.63231429,18.5,87.5,96687.5,0.55551475,2.4,0
4520,08/07/2024 23:00,102,po,3.025641026,30.19521053,17.2,92.8,96937.5,1.2075535,4.08,0
4521,09/07/2024 00:00,127,ut,3.230769231,22.11507,16.225,93.9,97100,3.0523625,6.12,0
4522,09/07/2024 01:00,183,ut,2.6875,14.76687143,15.7,96,97210,1.89937,3.36,0
4523,09/07/2024 02:00,428,ut,3.128205128,14.86352,16,95.275,97200,0.8430065,2.88,0
4524,09/07/2024 03:00,1664,ut,2.717948718,13.08240632,15.325,97.45,97280,1.15373975,3.12,0
4525,09/07/2024 04:00,2405,ut,3.1,14.519965,17.675,87.35,97092.5,1.73008825,4.56,0
4526,09/07/2024 05:00,2404,ut,5.526315789,11.37115789,23.7,68.3,96057.5,2.56518,6.48,0
4527,09/07/2024 06:00,2537,ut,4.35,3.22409,25.825,61.875,95282.5,2.3559,5.52,0
4528,09/07/2024 07:00,2552,ut,3.615384615,1.804117579,28.325,54.65,94762.5,2.0838475,6,0
4529,09/07/2024 08:00,2517,ut,2.41025641,0.764078345,30.4,48.025,94527.5,3.627085,9.12,0
4530,09/07/2024 09:00,2260,ut,2.41025641,1.053443158,30.15,49.225,94470,5.922895,15.36,0
4531,09/07/2024 10:00,2400,ut,2.342105263,1.9921933,29.65,50.95,94387.5,5.1172325,12.84,0
4532,09/07/2024 11:00,2407,ut,3.102564103,1.977588421,31.475,47.775,94162.5,5.42665,13.32,0
4533,09/07/2024 12:00,2768,ut,3,2.2326095,31.9,46.875,93982.5,6.33295,18,0
4534,09/07/2024 13:00,2849,ut,3.5,2.515099474,33.125,44.475,93827.5,5.9468825,16.08,0
4535,09/07/2024 14:00,2315,ut,3.9,2.522978,33.575,43.875,93502.5,5.032645,15.96,0
4536,09/07/2024 15:00,2153,ut,3.641025641,2.643564737,33.76666667,43.56666667,93360,5.21033,13.92,0
4537,09/07/2024 16:00,1852,ut,4,2.784832143,32.275,47.025,93737.5,5.004585,12.84,0
4538,09/07/2024 17:00,1334,ut,4,6.933841429,31.275,49.825,93997.5,3.6090225,10.68,0
4539,09/07/2024 18:00,985,ut,4.775,9.8915305,29.175,57.575,94467.5,1.64091,5.28,0
4540,09/07/2024 19:00,607,ut,5.605263158,40.58854211,25.475,71.35,95042.5,0.68838175,2.4,0
4541,09/07/2024 20:00,388,ut,6.35,38.781065,23.575,78.475,95450,0,0,0
4542,09/07/2024 21:00,291,ut,6.285714286,39.28305294,22.925,81.675,95667.5,0,0,0
4543,09/07/2024 22:00,189,ut,6.230769231,26.00986,21.85,85.825,95810,0,0,0
4544,09/07/2024 23:00,127,ut,6.538461538,21.78017895,21.4,86.85,95895,0.000652443,0.12,0
4545,10/07/2024 00:00,138,st,6.225,16.700825,20.9,88.75,95960,0,0,0
4546,10/07/2024 01:00,165,st,6.578947368,12.75681579,20.325,91.875,96020,0.21391625,1.08,0
4547,10/07/2024 02:00,446,st,7.85,14.09519,19.8,94.175,96082.5,1.087331325,3.48,0
4548,10/07/2024 03:00,1699,st,8.52,20.04142143,19.8,95.83333333,96113.33333,1.32716,4,0
4549,10/07/2024 04:00,2380,st,10.5,9.944588571,22.775,84.625,95912.5,1.1128575,4.32,0
4550,10/07/2024 05:00,2671,st,13.76923077,19.80144211,28.075,68,95002.5,0.94906375,3.48,0
4551,10/07/2024 06:00,2637,st,13.38461538,7.5214585,30.2,63.475,94267.5,2.20935,6.84,0
4552,10/07/2024 07:00,2644,st,12.17948718,2.23476,31,62.05,93820,2.47616,6.84,0
4553,10/07/2024 08:00,2509,st,14.675,2.8592435,30.825,63.65,94022.5,2.7999775,7.92,0
4554,10/07/2024 09:00,2394,st,13.34210526,1.992086105,33.125,58.25,93780,3.14078,7.2,0
4555,10/07/2024 10:00,2388,st,11.925,1.10522335,33.05,56.95,93567.5,4.395715,12,0
4556,10/07/2024 11:00,2486,st,7.333333333,1.214422842,32.7,54.05,93660,5.60775,13.44,0
4557,10/07/2024 12:00,2744,st,9.358974359,1.6193456,35.9,48.05,93162.5,3.04182,8.28,0
4558,10/07/2024 13:00,2773,st,9.076923077,2.255390842,34.625,47.6,93150,2.7064875,7.92,0
4559,10/07/2024 14:00,1910,st,7.65,24.5122405,25.6,76.575,94227.5,6.694485,22.08,6.0375
4560,10/07/2024 15:00,1991,st,5.710526316,185.0712105,19.45,99.675,95895,7.242485,17.04,2.975
4561,10/07/2024 16:00,1677,st,5.282051282,120.3364263,20.3,98.675,96032.5,1.9133225,5.28,0
4562,10/07/2024 17:00,1253,st,4.775,64.958755,21.66666667,96.13333333,95803.33333,1.701546667,5.12,0.116666667
4563,10/07/2024 18:00,732,st,5.210526316,29.44356842,22.125,95.075,95757.5,1.5253125,5.4,0
4564,10/07/2024 19:00,543,st,5.743589744,16.801485,20.95,99.85,95917.5,2.9531525,6.84,0
4565,10/07/2024 20:00,373,st,5.454545455,12.67116842,20.425,100,96130,1.04209975,3.48,0
4566,10/07/2024 21:00,214,st,5.823529412,10.57486118,20.5,100,96175,0.49194575,2.64,0
4567,10/07/2024 22:00,118,st,6.576923077,8.919255,19.85,100,96262.5,1.64135225,4.2,0
4568,10/07/2024 23:00,136,st,8.066666667,6.90022125,19.35,100,96317.5,1.641705,4.8,0
4569,11/07/2024 00:00,129,ct,8.71875,7.143431053,18.975,100,96370,1.99559,5.16,0
4570,11/07/2024 01:00,157,ct,9.459459459,8.15861,19.25,100,96335,1.453857,4.08,0
4571,11/07/2024 02:00,440,ct,9.142857143,6.673164211,19.55,100,96305,0.61156725,2.64,0
4572,11/07/2024 03:00,1578,ct,11.35,9.649511,19.725,100,96282.5,0.908139,3.24,0
4573,11/07/2024 04:00,2300,ct,15.45945946,10.42545632,20.55,98.725,96180,0.9075375,4.32,0
4574,11/07/2024 05:00,2422,ct,16.4,6.768628,25.13333333,81.63333333,95633.33333,0.855744667,3.36,0
4575,11/07/2024 06:00,2320,ct,16.35897436,4.751557895,24.75,83.025,95450,1.6717675,5.4,0
4576,11/07/2024 07:00,2537,ct,8.025641026,2.9983225,25.275,77.625,95230,1.505565,4.56,0
4577,11/07/2024 08:00,2332,ct,5.025641026,1.163932789,28.875,60.825,94635,2.5278025,8.16,0
4578,11/07/2024 09:00,2527,ct,3.575,4.4719343,27.725,62.725,94572.5,1.37942325,5.04,0
4579,11/07/2024 10:00,2356,ct,4.864864865,2.665665263,27.75,66.55,94705,4.8991225,14.64,0
4580,11/07/2024 11:00,2498,ct,4.425,2.319151,28.775,63.65,94595,4.3371175,10.2,0
4581,11/07/2024 12:00,2570,ct,3.769230769,1.748819474,29.35,59.5,94145,3.0344475,9,0
4582,11/07/2024 13:00,2943,ct,2.578947368,2.453383,31.4,53.575,93717.5,2.904995,7.92,0
4583,11/07/2024 14:00,2612,ct,2.641025641,7.050095263,28.9,60.375,93822.5,4.0498,13.32,0
4584,11/07/2024 15:00,2365,ct,1.95,22.4282845,27,70.025,94460,5.49065,13.44,0
4585,11/07/2024 16:00,1873,ct,2.789473684,71.23836316,24.575,82.825,95165,3.1430625,7.44,0.175
4586,11/07/2024 17:00,1351,ct,2.925,39.146806,25.025,81.025,95352.5,1.816395,5.52,0
4587,11/07/2024 18:00,1020,ct,3.179487179,19.64124895,23.575,90.475,95457.5,1.018459,3.36,0
4588,11/07/2024 19:00,632,ct,2.666666667,19.47111,22.1,96.76666667,95723.33333,0.638695333,3.04,0
4589,11/07/2024 20:00,474,ct,3.205128205,16.89192737,21.6,97.9,95892.5,0.86724125,3.12,0
4590,11/07/2024 21:00,294,ct,2.657142857,9.395728824,20.95,96.3,96005,2.212105,5.04,0
4591,11/07/2024 22:00,205,ct,3.085714286,8.717982105,20.05,99,96165,1.9986025,4.8,0
4592,11/07/2024 23:00,105,ct,3.3,7.4981465,19.15,100,96285,2.074715,4.8,0
4593,12/07/2024 00:00,115,pa,3.105263158,7.034128947,18.375,100,96372.5,1.855844,4.2,0
4594,12/07/2024 01:00,175,pa,3.054054054,7.931485,17.875,100,96440,1.812567,4.2,0
4595,12/07/2024 02:00,398,pa,3.263157895,7.294769474,17.55,100,96472.5,1.6357645,4.92,0
4596,12/07/2024 03:00,1490,pa,3.638888889,8.346075263,17.45,100,96487.5,1.2572465,4.2,0
4597,12/07/2024 04:00,2285,pa,7.894736842,9.776527895,21.375,87.375,96192.5,1.350932,4.08,0
4598,12/07/2024 05:00,2278,pa,6.45,6.817341,22.05,86.1,95442.5,1.91922275,5.88,0
4599,12/07/2024 06:00,2464,pa,5.179487179,4.757672105,22.66666667,83.93333333,95233.33333,3.36523,7.68,0
4600,12/07/2024 07:00,2587,pa,4.666666667,3.13847,25.475,75.75,94850,2.12017,6.72,0
4601,12/07/2024 08:00,2577,pa,4.282051282,2.430518421,26.55,71.55,94505,3.7027125,9.24,0
4602,12/07/2024 09:00,2544,pa,4.282051282,2.1961594,28.45,66.525,94200,3.2820625,8.4,0
4603,12/07/2024 10:00,1009,pa,3.885714286,1.659860353,30.01428571,60.47142857,93777.14286,3.293711429,10.42285714,0
4604,15/07/2024 04:00,1219,po,3.25,13.876336,16.975,87.6,96897.5,0.7098795,3.12,0
4605,15/07/2024 05:00,1439,po,3.789473684,8.125720526,22.1,71.85,95822.5,1.644621,4.32,0
4606,15/07/2024 06:00,1454,po,5.725,4.0352815,25.025,64.45,95100,2.70999,6.48,0
4607,15/07/2024 07:00,1417,po,5,2.021761474,26.35,59.5,94615,2.1247,6,0
4608,15/07/2024 08:00,1302,po,5.358974359,1.652754,28.66666667,54.7,94373.33333,2.89247,7.68,0
4609,15/07/2024 09:00,1378,po,6.102564103,1.141071947,29.425,54.85,94287.5,3.40152,9.84,0
4610,15/07/2024 10:00,1906,po,8,1.39638,31.1,49.6,94190,3.83715,11.04,0
4611,15/07/2024 11:00,2076,po,,,,,,,,
4612,15/07/2024 12:00,1767,po,4.175,1.38577855,32.5,44.075,93475,4.4988075,11.88,0
4613,15/07/2024 13:00,1508,po,2.605263158,1.906461579,34.65,37.85,93207.5,3.920755,9.6,0
4614,15/07/2024 14:00,1370,po,2.75,2.269894,34.45,38.15,93037.5,4.2938425,10.92,0
4615,15/07/2024 15:00,1244,po,3.153846154,10.81700158,32.125,47.275,93282.5,2.99626,8.28,0
4616,15/07/2024 16:00,981,po,3.58974359,6.2257715,29.825,58.275,93692.5,1.731555,5.4,0
4617,15/07/2024 17:00,786,po,3.333333333,37.154,,,,,,
4618,15/07/2024 18:00,727,po,3.725,45.013305,25.4,74.675,94562.5,0.981871,2.88,0
4619,15/07/2024 19:00,536,po,3.894736842,35.75141053,23.025,84.275,95037.5,2.27776,5.88,0
4620,15/07/2024 20:00,295,po,4.925,29.17077,21.825,85.375,95297.5,1.2918145,4.68,0
4621,15/07/2024 21:00,212,po,6.558823529,24.31132353,21,90.26666667,95473.33333,0.869802667,3.04,0
4622,15/07/2024 22:00,150,po,4.8,23.05613889,20.16666667,91.06666667,95626.66667,0.657105,2.24,0
4623,15/07/2024 23:00,40,po,4.447368421,13.59177895,19.575,90.65,95680,1.847395,5.28,0
4624,16/07/2024 00:00,84,ut,4.162162162,14.54066,19.325,90.55,95685,2.278095,6.24,0
4625,16/07/2024 01:00,130,ut,3.973684211,9.776866842,19.575,91.075,95637.5,1.95702,5.16,0
4626,16/07/2024 02:00,415,ut,4.324324324,7.8586905,19.825,90.6,95682.5,1.58042025,4.32,0
4627,16/07/2024 03:00,1749,ut,5.5,6.30049,,,,,,
4628,16/07/2024 04:00,2475,ut,5.225,6.2748605,21.4,81.825,95542.5,2.5500275,6.24,0
4629,16/07/2024 05:00,2573,ut,3.461538462,17.16348368,20.9,88.35,95562.5,2.0108475,5.88,0
4630,16/07/2024 06:00,2508,ut,3.333333333,16.472073,22.35,85.8,95437.5,1.939778,6.24,0
4631,16/07/2024 07:00,2504,ut,2.820512821,5.509633684,24.825,75.275,95022.5,3.836755,10.32,0
4632,16/07/2024 08:00,2454,ut,2.125,2.4718245,26.175,68,94685,3.590255,9.72,0
4633,16/07/2024 09:00,2475,ut,2.315789474,2.07292,27.35,65.725,94447.5,6.5375925,15.72,0
4634,16/07/2024 10:00,2391,ut,2.35,3.144427,26.83333333,66.76666667,94490,3.815543333,10.56,0
4635,16/07/2024 11:00,1759,ut,2.692307692,2.963870526,28.475,62.375,94335,4.62449,12,0
4636,16/07/2024 12:00,1484,ut,2.923076923,2.652953,29.075,59.3,94190,3.54336,11.16,0
4637,16/07/2024 13:00,1582,ut,2.794871795,2.53937,29.275,57.575,94077.5,5.2779875,12.84,0
4638,16/07/2024 14:00,1411,ut,2.897435897,2.206514,28.15,56.575,94177.5,5.17907,12.84,0
4639,16/07/2024 15:00,1181,ut,2.384615385,2.691774737,30.1,50.525,93900,3.474375,9.96,0
4640,16/07/2024 16:00,1063,ut,2.9,3.2609315,28.325,55.275,94142.5,1.7960425,6.48,0
4641,16/07/2024 17:00,689,ut,2.763157895,3.620351579,26.55,56.7,94725,3.095185,9.12,0
4642,16/07/2024 18:00,645,ut,2.725,16.298779,24.125,67.125,95135,4.6196225,12.12,0
4643,16/07/2024 19:00,581,ut,2.461538462,28.62791053,21.725,79.5,95660,3.18369,8.52,0
4644,16/07/2024 20:00,451,ut,2.611111111,27.633605,20.225,86.975,96072.5,2.0210975,6.12,0
4645,16/07/2024 21:00,294,ut,3.322580645,30.60191176,19.43333333,89.36666667,96320,1.103329333,4.32,0
4646,16/07/2024 22:00,160,ut,2.837837838,24.25204,18.375,93.2,96560,1.972665,4.8,0
4647,16/07/2024 23:00,101,ut,2.921052632,16.84922105,17.3,96.76666667,96743.33333,3.00834,6.88,0
4648,17/07/2024 00:00,96,st,3.175,8.821838,16.525,96.775,96932.5,2.4922475,6.12,0
4649,17/07/2024 01:00,178,st,3.333333333,4.21602,16.2,93.1,97020,3.80481,7.2,0
4650,17/07/2024 02:00,411,st,2.487179487,4.1321285,14.9,92.75,97207.5,3.6409325,8.28,0
4651,17/07/2024 03:00,1741,st,3,4.21602,,,,,,
4652,17/07/2024 04:00,2484,st,2.55,9.959151,17.825,81.4,97132.5,1.453549,4.44,0
4653,17/07/2024 05:00,2411,st,3.131578947,5.478202105,22.7,66.8,96085,1.7096825,5.76,0
4654,17/07/2024 06:00,2583,st,3.051282051,3.180914737,23.875,62.025,95487.5,2.214385,5.76,0
4655,17/07/2024 07:00,2710,st,2.948717949,2.537333684,25.8,56.975,95297.5,4.714115,11.16,0
4656,17/07/2024 08:00,2666,st,2.205128205,1.50379015,26.725,50.2,95105,4.7189575,13.68,0
4657,17/07/2024 09:00,2426,st,1.794871795,1.009833053,28.825,43.675,94965,4.8720275,14.64,0
4658,17/07/2024 10:00,2559,st,1.578947368,1.097405789,29.275,40.625,94780,4.8248075,12.36,0
4659,17/07/2024 11:00,2480,st,1.763888889,1.380459829,29.7,39.23333333,94570,4.20206,12.16,0
4660,17/07/2024 12:00,2904,st,1.85,5.540092,27.775,44.85,94845,2.961245,9.24,0
4661,17/07/2024 13:00,2912,st,1.538461538,5.827697,27.425,45.425,95010,2.330425,6.84,0
4662,17/07/2024 14:00,2719,st,2,3.502151053,30.425,40.325,94592.5,2.4862025,6.96,0
4663,17/07/2024 15:00,2430,st,2.045454545,3.166622727,28.7,43.5,94475,2.183725,6,0
4664,17/07/2024 16:00,1920,st,2.394736842,7.690375789,26.9,51.675,95035,1.9146,7.56,0
4665,17/07/2024 17:00,1408,st,2.068181818,10.82796364,26.725,51.375,95270,3.21045,11.52,0
4666,17/07/2024 18:00,983,st,2.078947368,14.70157421,24.9,55.9,95635,3.27969,9.24,0
4667,17/07/2024 19:00,519,st,1.6,13.0792385,23.575,58.7,95997.5,2.7576225,8.04,0
4668,17/07/2024 20:00,251,st,2.41025641,21.81936842,22.125,67.9,96275,1.35048175,3.84,0
4669,17/07/2024 21:00,157,st,4.794117647,27.41751765,20.74285714,76.58571429,96532.85714,0.942605429,2.605714286,0
4670,17/07/2024 22:00,92,st,2.441176471,22.00713684,18.7,84.4,96867.5,1.8581,4.92,0
4671,17/07/2024 23:00,143,st,1.55,21.5618,16.95,88.425,97227.5,2.6007025,5.64,0
4672,18/07/2024 00:00,85,ct,2.615384615,18.62989474,15.9,91.56666667,97430,1.800955667,4,0
4673,18/07/2024 01:00,185,ct,1.897435897,16.401295,15.175,93.325,97590,2.512505,5.4,0
4674,18/07/2024 02:00,445,ct,2.230769231,16.80832632,14.6,95.075,97727.5,2.14046,5.52,0
4675,18/07/2024 03:00,1658,ct,2.5,20.213145,14.15,96.675,97830,2.311105,5.88,0
4676,18/07/2024 04:00,2452,ct,3.105263158,19.04067368,16.425,88.25,97675,1.44806525,4.2,0
4677,18/07/2024 05:00,2524,ct,4.125,8.763486,24.875,60,96510,0.7161455,2.76,0
4678,18/07/2024 06:00,2543,ct,2.815789474,2.506883158,25.05,58.775,95832.5,3.288765,8.64,0
4679,18/07/2024 07:00,2582,ct,2.538461538,2.424767368,25.6,57.4,95625,3.61037,9.84,0
4680,18/07/2024 08:00,2457,ct,2.289473684,1.979471579,27.4,53.35,95400,3.5037025,10.56,0
4681,18/07/2024 09:00,2379,ct,2.3,1.1035937,27.9,49.5,95292.5,4.179345,9.84,0
4682,18/07/2024 10:00,2594,ct,2.205128205,1.782902105,29.2,46.375,95092.5,4.1981375,11.76,0
4683,18/07/2024 11:00,2612,ct,2.025641026,1.8117414,29.9,42.95,94845,3.99914,10.32,0
4684,18/07/2024 12:00,2788,ct,2.41025641,2.890214211,30.26666667,41.83333333,94656.66667,4.348163333,11.2,0
4685,18/07/2024 13:00,2899,ct,1.897435897,3.5372845,30.025,43.025,94642.5,4.6382675,12,0
4686,18/07/2024 14:00,2744,ct,1.948717949,3.516081579,29.925,43.425,94632.5,4.629505,13.32,0
4687,18/07/2024 15:00,2449,ct,1.975,3.6375595,30.025,43.1,94597.5,4.83155,13.08,0
4688,18/07/2024 16:00,2096,ct,2.105263158,5.504872632,27.625,49.025,95067.5,5.3623875,11.76,0
4689,18/07/2024 17:00,1524,ct,2.425,20.011074,26.225,53.7,95500,5.06306,9.96,0
4690,18/07/2024 18:00,1020,ct,2.710526316,20.64922105,24.5,62.45,95865,2.36577,6.72,0
4691,18/07/2024 19:00,347,ct,4.41025641,28.98991,21.875,73.9,96295,1.09850375,3.36,0
4692,18/07/2024 20:00,267,ct,4.457142857,31.33440526,19.95,81.4,96685,0.719000325,2.88,0
4693,18/07/2024 21:00,151,ct,3.764705882,27.66832941,18.8,86.275,96950,0.0234728,0.48,0
4694,18/07/2024 22:00,91,ct,3.485714286,22.74453158,17.7,89.45,97152.5,0.051453368,1.8,0
4695,18/07/2024 23:00,104,ct,3,17.13538,16.925,90.95,97297.5,1.58075025,5.76,0
4696,19/07/2024 00:00,117,pa,2.666666667,12.88979474,16.03333333,92.96666667,97396.66667,1.796126667,5.92,0
4697,19/07/2024 01:00,158,pa,2.923076923,13.04002,15.375,94.475,97480,2.1874175,6.12,0
4698,19/07/2024 02:00,428,pa,2.948717949,12.75382842,15.05,95.375,97537.5,2.43075,6.48,0
4699,19/07/2024 03:00,1699,pa,3.230769231,13.81651,14.85,96.075,97615,2.015478,6.48,0
4700,19/07/2024 04:00,2327,pa,3.487179487,14.16643368,17.125,87.675,97452.5,1.0508385,5.04,0
4701,19/07/2024 05:00,2445,pa,7.871794872,11.006891,23.6,65.125,96352.5,0.494885,3.24,0
4702,19/07/2024 06:00,2480,pa,5.897435897,4.149085263,26.475,57.5,95520,1.9278165,5.52,0
4703,19/07/2024 07:00,2617,pa,4.25,2.1662505,26.7,56.075,95165,2.718495,7.68,0
4704,19/07/2024 08:00,2583,pa,3.052631579,1.824128895,29.3,51.475,94877.5,2.8680775,9,0
4705,19/07/2024 09:00,2686,pa,2.625,0.610720959,30.825,45.8,94682.5,3.57189,9.24,0
4706,19/07/2024 10:00,2778,pa,2.421052632,1.014094579,30.825,41.725,94537.5,4.4862175,11.16,0
4707,19/07/2024 11:00,2864,pa,2.45,1.0032784,32.075,39.1,94227.5,3.70623,11.64,0
4708,19/07/2024 12:00,3004,pa,2.526315789,2.013634632,31.6,40.125,93985,3.69485,10.44,0
4709,19/07/2024 13:00,2928,pa,2.7,3.290016,31.93333333,39.86666667,94066.66667,4.24296,11.52,0
4710,19/07/2024 14:00,2656,pa,2.763157895,3.237318421,31.975,40.325,93882.5,4.1355875,9.96,0
4711,19/07/2024 15:00,2739,pa,3.2,3.386131,32.55,39.3,93775,3.61877,10.2,0
4712,19/07/2024 16:00,2154,pa,2.820512821,3.311976842,30.55,42.075,94152.5,6.452595,14.28,0
4713,19/07/2024 17:00,1532,pa,3.025641026,7.734873,28.925,47.15,94520,6.48262,12.36,0
4714,19/07/2024 18:00,1251,pa,3.256410256,25.8815,26.75,55.575,94987.5,4.007255,8.88,0
4715,19/07/2024 19:00,843,pa,4.512820513,47.854795,23.425,69.825,95525,1.150982,3.12,0
4716,19/07/2024 20:00,775,pa,4.743589744,31.03156316,21.75,76.9,95900,0.5293005,2.04,0
4717,19/07/2024 21:00,431,pa,4.285714286,30.11519444,19.8,81.25,96197.5,1.07279475,3.96,0
4718,19/07/2024 22:00,293,pa,4.897435897,31.93548421,19.35,83.6,96357.5,1.0511595,3.84,0
4719,19/07/2024 23:00,231,pa,5.179487179,17.443516,20.775,74.475,96207.5,2.81144,8.16,0
4720,20/07/2024 00:00,181,so,4.358974359,7.140091579,20.55,75,96090,2.0053525,6.6,0
4721,20/07/2024 01:00,144,so,4.575757576,9.082928,18.9,84.325,96240,1.02449925,3.12,0
4722,20/07/2024 02:00,274,so,4.236842105,9.684274737,18.53333333,86.06666667,96303.33333,0.708838,2.72,0
4723,20/07/2024 03:00,742,so,5.621621622,12.2181745,18.025,87.9,96362.5,1.093531,3.48,0
4724,20/07/2024 04:00,961,so,5.026315789,14.86073158,18.025,86.425,96405,1.874895,4.2,0
4725,20/07/2024 05:00,1286,so,4.525,8.251418,21.975,71.2,95775,1.32800875,3.96,0
4726,20/07/2024 06:00,1793,so,6.210526316,4.498577895,24.1,64.775,95305,1.4122715,4.68,0
4727,20/07/2024 07:00,2221,so,4.5,2.724391,26.95,57.025,94832.5,1.9625025,6,0
4728,20/07/2024 08:00,2404,so,3.552631579,2.401378947,27.9,53.15,94450,2.06231,7.2,0
4729,20/07/2024 09:00,2201,so,3.5,2.4636755,29.45,49.75,94200,2.7345375,7.92,0
4730,20/07/2024 10:00,2094,so,3.526315789,2.734324737,30.05,49.7,93937.5,2.89771,8.88,0
4731,20/07/2024 11:00,2192,so,3.575,1.56333555,31.475,46.225,93652.5,2.7161625,6.72,0
4732,20/07/2024 12:00,2233,so,3.358974359,1.919462316,32.25,43.125,93472.5,2.700045,8.64,0
4733,20/07/2024 13:00,2210,so,3.564102564,2.1303145,34.15,38.825,92990,3.5407925,9.48,0
4734,20/07/2024 14:00,2305,so,3.897435897,2.356202,33.25,40.6,92865,4.5542625,12.48,0
4735,20/07/2024 15:00,2391,so,4.230769231,3.166866,32.13333333,42.96666667,92986.66667,4.63775,11.04,0
4736,20/07/2024 16:00,2143,so,4.256410256,7.094131579,29.325,48.675,93677.5,4.2109375,10.68,0
4737,20/07/2024 17:00,1605,so,5,19.427253,28.075,56.425,94087.5,2.551285,7.68,0
4738,20/07/2024 18:00,761,so,6.666666667,30.31784,26.275,64.125,94410,1.220764,4.08,0
4739,20/07/2024 19:00,398,so,6.871794872,20.230811,24.55,70.925,94705,0.99539675,3.6,0
4740,20/07/2024 20:00,277,so,5.820512821,18.59366842,22.25,75.7,95097.5,0.94843,4.92,0
4741,20/07/2024 21:00,197,so,7.228571429,23.77671222,21.35,80.6,95312.5,0.78770175,3.24,0
4742,20/07/2024 22:00,133,so,7.102564103,26.115555,20.225,85.05,95520,0.74891625,3.12,0
4743,20/07/2024 23:00,157,so,7.066666667,23.82679474,19.225,87.825,95685,1.53245875,4.08,0
4744,21/07/2024 00:00,165,ne,6.575,14.948095,19.875,84.125,95650,0.357056,1.44,0
4745,21/07/2024 01:00,140,ne,6.230769231,12.28931474,18.825,88.275,95712.5,0.68494015,3.48,0
4746,21/07/2024 02:00,194,ne,6.361111111,16.95265,17.5,92.5,95887.5,1.51320225,4.56,0
4747,21/07/2024 03:00,477,ne,6.459459459,12.07590579,16.83333333,93,96030,2.081373667,5.28,0
4748,21/07/2024 04:00,574,ne,5.95,8.091765,18.175,85.925,95970,2.3623875,5.52,0
4749,21/07/2024 05:00,987,ne,6.102564103,5.099126842,23.975,68.05,95132.5,1.522939,3.48,0
4750,21/07/2024 06:00,1374,ne,7.025641026,2.467126,26.3,58.325,94287.5,2.1511025,5.4,0
4751,21/07/2024 07:00,1720,ne,10.79487179,3.309677368,28.625,53.825,93830,2.0764575,6.48,0
4752,21/07/2024 08:00,1904,ne,7.41025641,1.9048748,30.35,49.25,93592.5,2.6495625,8.04,0
4753,21/07/2024 09:00,1973,ne,6.230769231,0.854624105,31.075,47.8,93470,2.742105,6.48,0
4754,21/07/2024 10:00,1889,ne,5.564102564,1.1114182,32.6,44.45,93225,3.0716975,7.32,0
4755,21/07/2024 11:00,2091,ne,4.564102564,0.870613632,34.15,40.55,92887.5,3.064195,8.76,0
4756,21/07/2024 12:00,2110,ne,4.897435897,1.1965571,34.4,39.15,92647.5,4.58309,11.04,0
4757,21/07/2024 13:00,2353,ne,4.897435897,1.688706737,35.675,36.95,92365,3.215125,9.84,0
4758,21/07/2024 14:00,2638,ne,4.944444444,2.266916111,35.225,38.175,92347.5,4.539,10.68,0
4759,21/07/2024 15:00,2750,ne,5.368421053,3.484559474,33.925,41.55,92597.5,4.400505,11.76,0
4760,21/07/2024 16:00,2269,ne,5.4,6.0967605,32.575,45.375,92995,3.54481,9.36,0
4761,21/07/2024 17:00,1736,ne,5.473684211,10.95081053,30.45,51.3,93370,2.60177,6.84,0
4762,21/07/2024 18:00,1258,ne,7.275,41.804765,28.13333333,60.96666667,93943.33333,1.267947667,4.64,0
4763,21/07/2024 19:00,775,ne,8.5,123.7159368,24.575,79.8,94457.5,1.194955,4.56,0
4764,21/07/2024 20:00,473,ne,8.45,60.23963,22.95,87.1,94912.5,1.75233625,5.88,0
4765,21/07/2024 21:00,332,ne,8,23.50741176,22.25,85.65,95132.5,2.477275,6.96,0
4766,21/07/2024 22:00,202,ne,6.15,11.167324,22.025,82.85,95225,1.31965375,4.8,0
4767,21/07/2024 23:00,165,ne,5.947368421,13.06001789,21.65,85.925,95280,2.16641925,5.28,0
4768,22/07/2024 00:00,183,po,6,9.0946615,21.675,86.775,95302.5,1.174668,3.72,0
4769,22/07/2024 01:00,237,po,6.41025641,7.38211,21.125,89.3,95382.5,2.0541975,5.28,0
4770,22/07/2024 02:00,545,po,6.384615385,7.216841,20.825,89.45,95462.5,1.5971325,4.56,0
4771,22/07/2024 03:00,1711,po,6.717948718,7.755686842,21.05,89.175,95490,2.056175,6.12,0
4772,22/07/2024 04:00,2569,po,7.846153846,8.2733195,22.225,85.55,95470,2.0100005,6.36,0
4773,22/07/2024 05:00,2684,po,6.358974359,4.396138421,23.65,78.5,95260,3.77114,10.44,0
4774,22/07/2024 06:00,2671,po,6.307692308,4.7756045,24.36666667,75.16666667,95116.66667,3.40281,10.88,0
4775,22/07/2024 07:00,2563,po,5.794871795,5.299303684,24.275,74.05,95047.5,4.0261025,13.32,0
4776,22/07/2024 08:00,2435,po,4.947368421,3.5030945,25.325,69.175,94975,2.8576225,7.68,0
4777,22/07/2024 09:00,2286,po,4.842105263,3.269585263,25.975,66.525,94915,2.6997575,9.12,0
4778,22/07/2024 10:00,1335,po,4.052631579,2.4998745,26.875,61.375,94652.5,3.807805,9.36,0
4779,22/07/2024 11:00,1378,po,1.842105263,1.414130842,27.95,54.575,94425,5.6898475,15.96,0
4780,22/07/2024 12:00,1522,po,1.868421053,1.96677555,28.5,52.625,94290,5.39662,14.76,0
4781,22/07/2024 13:00,1519,po,1.736842105,2.650773158,28.35,51.875,94317.5,5.2723975,13.32,0
4782,22/07/2024 14:00,1471,po,1.58974359,3.0235995,27.775,50.9,94452.5,5.959825,15.84,0
4783,22/07/2024 15:00,2022,po,2.081081081,3.664635263,27.875,52.55,94530,4.9587325,13.08,0
4784,22/07/2024 16:00,1504,po,2.179487179,3.227076,28.25,49.775,94517.5,3.783435,9.48,0
4785,22/07/2024 17:00,1266,po,2.297297297,3.719997368,26.575,52.625,94885,4.35482,9.96,0
4786,22/07/2024 18:00,913,po,2.6,5.5661645,24.65,56.65,95345,3.1824525,8.04,0
4787,22/07/2024 19:00,566,po,3.351351351,22.12536368,21,71.93333333,95880,1.255283333,4,0
4788,22/07/2024 20:00,407,po,2.6,28.3333,19.25,76.45,96337.5,2.1711325,6,0
4789,22/07/2024 21:00,174,po,3.129032258,22.06007647,17.875,80.15,96657.5,2.7879875,6.24,0
4790,22/07/2024 22:00,149,po,3.125,25.879075,17.075,84.35,96880,1.44747,4.2,0
4791,22/07/2024 23:00,69,po,2,26.982,,,,,,
4792,23/07/2024 00:00,84,ut,1.861111111,20.58389444,15.725,90.95,97155,2.2878025,5.64,0
4793,23/07/2024 01:00,148,ut,2.131578947,16.25575263,15,94.35,97250,2.135615,5.04,0
4794,23/07/2024 02:00,443,ut,1.7,12.55889,14.725,94.7,97325,2.498405,5.04,0
4795,23/07/2024 03:00,1573,ut,2.230769231,13.06324947,14.75,94.05,97342.5,1.6626025,4.2,0
4796,23/07/2024 04:00,2451,ut,2.358974359,9.624955,17.05,86.775,97155,1.7063375,4.68,0
4797,23/07/2024 05:00,2670,ut,6.948717949,15.06084579,21.475,72.125,96397.5,0.878966,3.84,0
4798,23/07/2024 06:00,2524,ut,10.23076923,7.1149055,23.46666667,65.8,95766.66667,1.103793333,3.84,0
4799,23/07/2024 07:00,2604,ut,6.128205128,3.546787895,25.025,59.75,95412.5,1.5532375,4.92,0
4800,23/07/2024 08:00,2588,ut,2.41025641,2.251416,27.725,52.05,94872.5,2.574375,6.72,0
4801,23/07/2024 09:00,2577,ut,2.487179487,0.892677632,28.675,47.8,94710,3.118,9.36,0
4802,23/07/2024 10:00,2187,ut,2.435897436,1.06532955,29.275,45.45,94607.5,4.5414725,11.52,0
4803,23/07/2024 11:00,1362,ut,2.794871795,2.672145789,28.875,47.2,94445,4.73887,13.2,0
4804,23/07/2024 12:00,1557,ut,3.9,3.253849,29.45,46.1,94255,5.4887,17.52,0
4805,23/07/2024 13:00,1551,ut,2.5,3.138343158,29.325,46.675,94037.5,5.190675,13.08,0
4806,23/07/2024 14:00,1583,ut,2.9,5.399935,28.35,50.95,94315,4.1409775,11.16,0
4807,23/07/2024 15:00,1538,ut,4.131578947,65.68464211,26.55,64.3,94665,4.6279325,14.28,0
4808,23/07/2024 16:00,1027,ut,3.375,26.34435,26.425,64.95,94585,2.43812,7.92,0
4809,23/07/2024 17:00,708,ut,4.236842105,37.5626,24.375,76.425,94997.5,2.8774875,7.56,0
4810,23/07/2024 18:00,507,ut,4.55,36.837685,22.9,81.275,95427.5,1.079696,3.6,0
4811,23/07/2024 19:00,346,ut,5.710526316,30.80199526,21.56666667,86.06666667,95760,2.028020667,6.56,0
4812,23/07/2024 20:00,247,ut,3.075,4.695663,21.325,75,95875,2.2524675,7.8,0
4813,23/07/2024 21:00,137,ut,2.176470588,7.173549412,20.975,76.225,95977.5,2.511925,8.04,0
4814,23/07/2024 22:00,136,ut,2.925,10.104219,20.85,77.825,95980,1.7796825,7.2,0
4815,23/07/2024 23:00,132,ut,2.263157895,12.03854421,20.1,81.95,96137.5,1.36051,4.8,0
4816,24/07/2024 00:00,105,st,3.783783784,17.41845,19.7,84.35,96137.5,0.80364125,3.6,0
4817,24/07/2024 01:00,169,st,2.485714286,13.13907684,19.475,85.65,96192.5,0.5207825,2.52,0
4818,24/07/2024 02:00,419,st,2.888888889,16.449125,18.525,92.175,96305,1.012049,3.12,0
4819,24/07/2024 03:00,1573,st,4.472222222,43.59652105,18.225,95.9,96422.5,1.011903,4.56,0.35
4820,24/07/2024 04:00,2466,st,4.435897436,35.13347,18.125,96.6,96532.5,0.94967775,3.72,0
4821,24/07/2024 05:00,1829,st,2.694444444,16.47464895,19.3,85.7,96287.5,1.785865,5.28,0
4822,24/07/2024 06:00,1522,st,2.615384615,4.445803,22.03333333,72.86666667,95970,1.732176667,5.44,0
4823,24/07/2024 07:00,1680,st,3.5,3.391621053,21.225,75.1,95822.5,3.1324425,10.56,0
4824,24/07/2024 08:00,1685,st,3.025,2.2090639,23.15,65.75,95505,4.763705,12.12,0
4825,24/07/2024 09:00,2265,st,3.564102564,1.423090211,23.5,63.325,95397.5,5.9486275,14.16,0
4826,24/07/2024 10:00,2699,st,3.717948718,2.782281,24.825,59.025,95290,4.605085,13.8,0
4827,24/07/2024 11:00,2274,st,3.230769231,2.600762526,23.525,59.15,95167.5,7.11511,20.16,0
4828,24/07/2024 12:00,2081,st,4.384615385,4.4898235,23.875,60.2,95340,5.4287125,15.36,0
4829,24/07/2024 13:00,1864,st,2.675,3.145842,24.175,56.025,95277.5,5.52484,16.32,0
4830,24/07/2024 14:00,2190,st,1.447368421,2.954672632,26.1,50.275,94860,6.4434,18,0
4831,24/07/2024 15:00,2163,st,1.55,2.800226,25.85,49.975,94677.5,6.0549,16.32,0
4832,24/07/2024 16:00,1356,st,1.947368421,6.039631579,23.175,57.8,95317.5,5.69907,14.28,0
4833,24/07/2024 17:00,759,st,2.125,10.1366495,22.55,58.1,95610,2.320865,9.12,0
4834,24/07/2024 18:00,832,st,2.256410256,12.07761105,21.725,60.45,95840,3.6292675,12.12,0
4835,24/07/2024 19:00,323,st,2.564102564,11.991842,20.93333333,63.56666667,96043.33333,3.203306667,11.2,0
4836,24/07/2024 20:00,228,st,2.736842105,15.70556667,20.5,66.65,96162.5,2.9245325,9,0
4837,24/07/2024 21:00,137,st,2.676470588,21.1514,18.4,77.925,96410,1.4527675,4.92,0
4838,24/07/2024 22:00,81,st,2.769230769,21.0413,17.225,83.3,96670,2.021805,4.92,0
4839,24/07/2024 23:00,70,st,2.717948718,20.09123,16.25,86.625,96885,1.6524165,6,0
4840,25/07/2024 00:00,60,ct,2.846153846,20.76885263,15.15,91.3,97077.5,1.10890725,3.84,0
4841,25/07/2024 01:00,118,ct,2.825,15.66243,13.95,94.35,97257.5,2.036965,5.88,0
4842,25/07/2024 02:00,422,ct,2.526315789,11.52034947,13,95.4,97407.5,2.4318225,5.88,0
4843,25/07/2024 03:00,1586,ct,3,11.350672,12.55,95.425,97512.5,2.8102975,5.88,0
4844,25/07/2024 04:00,2335,ct,2.756756757,10.77812105,14.5,87.75,97315,3.388935,6.84,0
4845,25/07/2024 05:00,2530,ct,3.111111111,6.8742175,20.7,68.75,96432.5,1.61191575,4.2,0
4846,25/07/2024 06:00,2526,ct,3.282051282,3.718289474,23.06666667,59.7,95576.66667,1.446127,4.64,0
4847,25/07/2024 07:00,2466,ct,3.125,2.6190675,23.9,56.4,95197.5,2.07216,6.48,0
4848,25/07/2024 08:00,2696,ct,3.552631579,2.028008947,24.325,50.5,95037.5,2.87587,9.6,0
4849,25/07/2024 09:00,2597,ct,2.35,1.4011629,25.075,46.025,94935,3.3092275,10.68,0
4850,25/07/2024 10:00,2610,ct,2,1.477558,25.875,42.5,94760,3.5541925,9.24,0
4851,25/07/2024 11:00,2509,ct,1.85,1.4292382,27.575,39.175,94535,3.916535,10.56,0
4852,25/07/2024 12:00,2882,ct,2.131578947,2.593324737,28,38.75,94320,3.9756525,11.88,0
4853,25/07/2024 13:00,3023,ct,2.45,3.752127,28.9,36.975,94080,3.69213,9.72,0
4854,25/07/2024 14:00,2812,ct,1.815789474,3.400605789,29.125,36.375,93870,3.3074925,10.32,0
4855,25/07/2024 15:00,2503,ct,2.075,3.9281875,28.575,36.975,93882.5,3.04435,8.88,0
4856,25/07/2024 16:00,2038,ct,1.974358974,4.869310526,27.25,40,94285,1.994815,6.36,0
4857,25/07/2024 17:00,1562,ct,2.282051282,9.28746,25.5,45.1,94730,1.639295,6,0
4858,25/07/2024 18:00,1110,ct,3.461538462,33.78284211,22.85,57.175,95257.5,1.71363675,5.76,0
4859,25/07/2024 19:00,728,ct,3.472222222,38.747395,19.53333333,71.16666667,95803.33333,1.167541667,4.8,0
4860,25/07/2024 20:00,586,ct,3.028571429,33.79427895,17.825,76.25,96202.5,1.76660125,5.04,0
4861,25/07/2024 21:00,416,ct,3.314285714,31.8794,16.425,80.65,96475,1.340138,4.08,0
4862,25/07/2024 22:00,190,ct,3.5,24.31041053,15.225,85.15,96682.5,2.146185,7.2,0
4863,25/07/2024 23:00,148,ct,3.375,20.829675,14.425,87.6,96835,1.9343275,5.88,0
4864,26/07/2024 00:00,147,pa,3.783783784,19.20323889,13.875,89.85,96942.5,1.19380825,4.08,0
4865,26/07/2024 01:00,173,pa,4.342105263,19.25441,13.125,92.7,97010,1.6462085,4.92,0
4866,26/07/2024 02:00,390,pa,4.236842105,15.81144737,12.75,94.075,97062.5,1.907825,5.4,0
4867,26/07/2024 03:00,1600,pa,4.315789474,15.799755,12.575,93.55,97107.5,2.56368,6.36,0
4868,26/07/2024 04:00,2241,pa,4.131578947,10.78760053,15.175,84.7,96842.5,1.083526,3.36,0
4869,26/07/2024 05:00,2374,pa,13.5,14.9019405,19.8,71.53333333,96246.66667,0.762486667,3.2,0
4870,26/07/2024 06:00,2524,pa,9.5,4.43863,22.65,61.275,95387.5,1.11734825,4.2,0
4871,26/07/2024 07:00,2468,pa,8.578947368,3.551064211,24.275,55.65,94892.5,2.37515,6.72,0
4872,26/07/2024 08:00,2629,pa,7.810810811,2.756544211,25.525,49.975,94655,2.2654625,6.96,0
4873,26/07/2024 09:00,2598,pa,4.102564103,1.14467875,28.85,43.025,94180,3.20632,8.28,0
4874,26/07/2024 10:00,2703,pa,4.054054054,3.201981053,27.65,45.95,94137.5,2.96442,7.8,0
4875,26/07/2024 11:00,2816,pa,5.72972973,4.106557895,28.325,46.825,94247.5,2.4116475,7.68,0
4876,26/07/2024 12:00,3038,pa,5.459459459,14.54135842,27.225,47.525,94445,2.20622,6.72,0
4877,26/07/2024 13:00,2897,pa,2.307692308,2.4840164,27.125,44.275,94522.5,2.5157775,7.08,0
4878,26/07/2024 14:00,1796,pa,4.756756757,24.40736579,26.975,52.225,94632.5,2.0810875,6.6,0
4879,26/07/2024 15:00,1534,pa,4.717948718,6.6968895,28.075,48.9,94212.5,2.4249,7.68,0
4880,26/07/2024 16:00,1087,pa,4.513513514,5.076369474,27.05,52.3,94275,2.5537925,8.28,0
4881,26/07/2024 17:00,781,pa,4.307692308,11.209117,25.8,57.05,94617.5,2.15032725,6,0
4882,26/07/2024 18:00,541,pa,6.540540541,34.29440526,23.4,70.575,95115,0.67886075,2.88,0
4883,26/07/2024 19:00,425,pa,8.717948718,29.99976,21.56666667,78.5,95483.33333,0.667537667,2.08,0
4884,26/07/2024 20:00,359,pa,5.303030303,25.76312105,19.35,84.05,95912.5,1.656125,4.2,0
4885,26/07/2024 21:00,206,pa,4.264705882,23.05733889,17.95,85.8,96237.5,1.373949,4.2,0
4886,26/07/2024 22:00,130,pa,4.216216216,18.14991176,16.875,88.125,96422.5,2.45866,6.6,0
4887,26/07/2024 23:00,85,pa,4.333333333,18.067285,16.1,90.625,96597.5,1.468939,4.2,0
4888,27/07/2024 00:00,119,so,4.473684211,17.06366667,16.25,90,96617.5,1.43348325,3.72,0
4889,27/07/2024 01:00,131,so,4.7,13.048854,16.475,90.15,96545,2.15304,4.56,0
4890,27/07/2024 02:00,245,so,4.973684211,11.49419789,16.775,90.55,96487.5,0.81818375,2.52,0
4891,27/07/2024 03:00,608,so,5.35,18.212665,16.65,92.35,96512.5,1.5720175,3.72,0
4892,27/07/2024 04:00,841,so,5.736842105,19.05033684,17.15,93.75,96442.5,2.1731925,4.68,0.0875
4893,27/07/2024 05:00,956,so,11.25641026,30.00303684,18.125,95.975,96362.5,1.1200535,3.96,0
4894,27/07/2024 06:00,1355,so,11.74285714,30.34060526,19.83333333,88.9,96140,1.052994,3.36,0
4895,27/07/2024 07:00,1882,so,14.125,24.4193,20.75,86.625,95897.5,1.1135775,4.2,0
4896,27/07/2024 08:00,2271,so,8.736842105,4.833388421,24.375,70.225,95385,2.2951725,6.12,0.0875
4897,27/07/2024 09:00,2278,so,5.875,1.4752113,28,57.825,94557.5,2.7170025,7.08,0
4898,27/07/2024 10:00,2073,so,5.842105263,1.552959895,29.7,55.05,94255,4.088395,14.52,0
4899,27/07/2024 11:00,2396,so,4.325,2.1002023,30.575,52.675,94037.5,3.3865425,9.48,0
4900,27/07/2024 12:00,2575,so,4.763157895,5.239072105,29.2,56.65,94177.5,3.6805,10.44,0
4901,27/07/2024 13:00,2897,so,5.2,4.2886085,30.775,53.125,93757.5,3.5367575,11.28,0
4902,27/07/2024 14:00,2250,so,4.205128205,2.867092105,31.475,51.625,93687.5,2.893085,8.88,0
4903,27/07/2024 15:00,1332,so,3.333333333,5.7241545,29.2,58.275,94115,3.679345,10.56,0
4904,27/07/2024 16:00,1013,so,2.333333333,12.95157053,26.675,65.65,94582.5,6.167615,14.64,0
4905,27/07/2024 17:00,1297,so,2.552631579,24.59647368,25.325,71.375,94915,3.8424725,9.72,0
4906,27/07/2024 18:00,860,so,2.736842105,56.24872105,22.5,88.15,95425,3.066205,9.12,0.2625
4907,27/07/2024 19:00,392,so,3.447368421,80.10244,20.83333333,98.9,95826.66667,2.828836667,9.28,0.466666667
4908,27/07/2024 20:00,267,so,3.763157895,55.58117895,20.775,99.325,95920,0.84048125,3.36,0
4909,27/07/2024 21:00,199,so,4.709677419,33.91081111,20.65,100,95897.5,0.690786225,3.48,0.0875
4910,27/07/2024 22:00,127,so,5.179487179,18.43178947,20.375,100,95920,0.76970475,3.36,0
4911,27/07/2024 23:00,113,so,9.461538462,17.683205,20.5,100,95910,0.85792575,3.12,0
4912,28/07/2024 00:00,124,ne,10.175,10.562866,20.4,100,95895,0.7214805,2.16,0
4913,28/07/2024 01:00,81,ne,9.921052632,8.462731579,20.325,100,95892.5,1.1168155,3.72,0
4914,28/07/2024 02:00,165,ne,9.4,8.3640545,20.25,100,95905,0.911818,3.48,0
4915,28/07/2024 03:00,354,ne,10.68571429,12.29957316,20.175,96.875,96017.5,2.1220625,7.08,0.175
4916,28/07/2024 04:00,450,ne,1.918918919,3.2215945,19.525,90.25,96230,2.3603225,9,0
4917,28/07/2024 05:00,547,ne,2.147058824,2.858871667,20.175,85.2,96267.5,3.262175,11.28,0
4918,28/07/2024 06:00,830,ne,2.2,2.9428585,20.95,78.7,96212.5,4.108775,14.28,0
4919,28/07/2024 07:00,1143,ne,2.222222222,3.341787895,20.86666667,77.96666667,96246.66667,6.227286667,15.36,0.116666667
4920,28/07/2024 08:00,1604,ne,1.487179487,2.71686,21.7,73.5,96157.5,6.0627625,16.92,0
4921,28/07/2024 09:00,1860,ne,1,1.756962,23,66.75,96042.5,7.077835,17.52,0
4922,28/07/2024 10:00,1927,ne,1.307692308,1.7013309,23.1,63.5,95947.5,6.7789475,18.36,0
4923,28/07/2024 11:00,2185,ne,1.657894737,2.078862105,24.35,58.95,95912.5,7.5172925,17.28,0
4924,28/07/2024 12:00,2302,ne,2.473684211,2.592934,24.775,54.325,95722.5,6.468875,16.56,0
4925,28/07/2024 13:00,2186,ne,2.342105263,3.081496842,24.9,52.2,95682.5,7.34169,19.92,0
4926,28/07/2024 14:00,2156,ne,1.921052632,2.8932085,25.2,49.275,95717.5,8.0114625,21,0
4927,28/07/2024 15:00,2283,ne,1.815789474,3.144702105,25.05,46.425,95655,7.0945475,17.76,0
4928,28/07/2024 16:00,1905,ne,2,3.388307,24.4,48.675,95875,6.8206225,18,0
4929,28/07/2024 17:00,890,ne,2.289473684,4.123291053,23.6,50.7,96090,3.8030725,10.32,0
4930,28/07/2024 18:00,592,ne,3.179487179,12.205774,20.45,64.525,96615,2.0867825,5.64,0
4931,28/07/2024 19:00,390,ne,3.864864865,45.16016842,17.6,77.13333333,97210,0.739477667,2.56,0
4932,28/07/2024 20:00,229,ne,4.076923077,43.07716,16.15,81.925,97570,1.8014925,4.92,0
4933,28/07/2024 21:00,173,ne,3.666666667,28.56725882,15.25,83.15,97775,3.1552075,7.32,0
4934,28/07/2024 22:00,119,ne,3.487179487,22.861535,14.425,86.575,97940,2.732545,6.84,0
4935,28/07/2024 23:00,139,ne,3.351351351,20.04338421,13.7,88.925,98042.5,2.999825,6.84,0
4936,29/07/2024 00:00,155,po,3.846153846,17.35367,13.025,93.325,98175,1.982475,5.4,0
4937,29/07/2024 01:00,230,po,3.289473684,15.95808947,12.625,94.25,98250,2.0877625,6.84,0
4938,29/07/2024 02:00,522,po,3.184210526,15.13554,12.4,93.65,98295,1.962445,6.36,0
4939,29/07/2024 03:00,1695,po,3.210526316,15.71578421,12.1,96.25,98350,1.85791,5.28,0
4940,29/07/2024 04:00,2534,po,3.473684211,14.48276,14.4,87.65,98160,1.03286875,3.24,0
4941,29/07/2024 05:00,2579,po,3.447368421,10.98015421,19.425,70.85,97255,1.50086,4.32,0
4942,29/07/2024 06:00,2522,po,2.975,3.064812,23.36666667,57.4,96480,0.998972333,4,0
4943,29/07/2024 07:00,2481,po,4.710526316,3.544734737,23.15,55.925,96057.5,2.82567,6.96,0
4944,29/07/2024 08:00,2618,po,3.131578947,2.5758955,24.1,53.075,96005,3.986785,11.64,0
4945,29/07/2024 09:00,2564,po,2.315789474,1.560735368,24.125,50.325,96010,5.52943,13.8,0
4946,29/07/2024 10:00,2519,po,2,1.4299662,24.6,48.075,95987.5,6.1333225,16.32,0
4947,29/07/2024 11:00,2492,po,1.621621622,1.846081053,25.35,45.275,95767.5,5.0555425,14.16,0
4948,29/07/2024 12:00,2789,po,1.666666667,1.7532029,26.5,41.6,95470,5.2732125,14.4,0
4949,29/07/2024 13:00,2957,po,1.486486486,3.996754211,27.75,37.85,95155,5.55871,14.04,0
4950,29/07/2024 14:00,2602,po,1.307692308,3.1324085,27.45,36.325,94995,5.1622475,13.68,0
4951,29/07/2024 15:00,1254,po,1.783783784,3.402915263,27.675,34.6,95037.5,4.8070525,14.76,0
4952,29/07/2024 16:00,1025,po,1.512820513,3.4525865,26.375,38.425,95372.5,3.84078,12,0
4953,29/07/2024 17:00,753,po,2.052631579,7.560385789,24.4,44.1,95777.5,3.34891,9.24,0
4954,29/07/2024 18:00,493,po,2.236842105,25.30902,20.9,58.65,96367.5,2.156855,5.88,0
4955,29/07/2024 19:00,524,po,4.342105263,40.42426842,17.8,72.13333333,96980,0.933255667,2.4,0
4956,29/07/2024 20:00,291,po,2.263157895,37.347465,16.075,75.025,97360,2.39809175,7.32,0
4957,29/07/2024 21:00,201,po,2.029411765,33.56912941,14.45,80.775,97672.5,2.18967,5.88,0
4958,29/07/2024 22:00,135,po,1.605263158,24.290225,13.425,84.05,97882.5,2.9608475,6.48,0
4959,29/07/2024 23:00,77,po,1.473684211,20.45980526,12.225,87.8,98077.5,2.18556,5.52,0
4960,30/07/2024 00:00,91,ut,1.820512821,18.26672,11.6,90.575,98197.5,2.618395,6.36,0
4961,30/07/2024 01:00,160,ut,1.702702703,15.26589474,10.85,92.525,98295,2.7246925,6.24,0
4962,30/07/2024 02:00,423,ut,1.615384615,15.03688,10.325,94.125,98392.5,2.8217925,5.76,0
4963,30/07/2024 03:00,1710,ut,1.783783784,18.04434211,9.825,95.35,98465,2.6236525,5.64,0
4964,30/07/2024 04:00,2408,ut,1.820512821,15.761265,12.475,85.6,98235,2.878625,6.12,0
4965,30/07/2024 05:00,2649,ut,2.552631579,12.08078421,20.06666667,60.56666667,97140,0.667632667,3.04,0
4966,30/07/2024 06:00,2632,ut,3.975,3.5087325,21.125,60.35,96395,2.4136775,5.64,0
4967,30/07/2024 07:00,2544,ut,3.605263158,3.248787368,24.5,50.825,95700,1.6943275,5.28,0
4968,30/07/2024 08:00,2623,ut,2.775,2.7779734,26.5,45.975,95377.5,2.7544,8.4,0
4969,30/07/2024 09:00,2486,ut,2.184210526,0.724874158,27.2,42.05,95247.5,3.471225,8.64,0
4970,30/07/2024 10:00,2448,ut,2.325,1.20780175,28.8,38.075,94977.5,3.3451875,8.4,0
4971,30/07/2024 11:00,2616,ut,2.657894737,0.998659105,29.85,34.95,94617.5,3.563965,10.8,0
4972,30/07/2024 12:00,2904,ut,2.925,1.92604195,31.65,31.225,94225,3.423265,10.8,0
4973,30/07/2024 13:00,3010,ut,3,2.070141474,31.6,31.375,94040,3.97797,12.24,0
4974,30/07/2024 14:00,2608,ut,2.769230769,2.3160545,32.525,29.6,93672.5,2.7983375,6.84,0
4975,30/07/2024 15:00,2370,ut,2.58974359,2.746728947,32.3,30.825,93630,3.1358575,9,0
4976,30/07/2024 16:00,1925,ut,2.578947368,3.1066535,30.9,34.175,93985,3.69192,9.72,0
4977,30/07/2024 17:00,1534,ut,2.921052632,7.302266842,28.7,39.1,94475,3.0971875,7.32,0
4978,30/07/2024 18:00,986,ut,3.473684211,30.002825,24.175,55.375,95170,1.513495,5.04,0
4979,30/07/2024 19:00,616,ut,4,60.71771053,21,66.76666667,95820,0.900224667,2.56,0
4980,30/07/2024 20:00,443,ut,3.757575758,55.64592,19.375,69.775,96217.5,1.0143645,3.48,0
4981,30/07/2024 21:00,235,ut,3.914285714,43.67638824,17.8,76.075,96502.5,1.12921575,4.56,0
4982,30/07/2024 22:00,117,ut,4.051282051,32.270145,16.975,79.225,96690,0.96069125,4.08,0
4983,30/07/2024 23:00,145,ut,3.974358974,27.75965789,15.825,83.725,96835,0.080731863,1.08,0
4984,31/07/2024 00:00,107,st,4.179487179,23.9433,15.05,84.775,96947.5,0.016268725,0.48,0
4985,31/07/2024 01:00,151,st,4.25,12.01867684,14.8,84.975,97000,0.003905188,0.36,0
4986,31/07/2024 02:00,431,st,5.435897436,10.4138345,14.3,86.475,97040,0.01236144,0.48,0
4987,31/07/2024 03:00,1489,st,5.194444444,17.68175111,13.575,87.85,97147.5,0.028602568,0.72,0
4988,31/07/2024 04:00,1494,st,4.769230769,15.900417,15.9,79.875,96977.5,2.4078725,5.64,0
4989,31/07/2024 05:00,1354,st,6.459459459,13.91577211,22.75,59.05,95975,1.19226925,3.48,0
4990,31/07/2024 06:00,1643,st,7.846153846,3.5846335,24.36666667,55.46666667,95213.33333,2.34072,5.44,0
4991,31/07/2024 07:00,2010,st,11.31578947,8.626275263,27.025,48.85,94732.5,2.23543,5.88,0
4992,31/07/2024 08:00,1609,st,12.5,13.2244505,28.925,43.925,94450,3.1288675,7.32,0
4993,31/07/2024 09:00,1592,st,8.131578947,1.300665,31.95,39.025,94097.5,2.3961625,6.96,0
4994,31/07/2024 10:00,1694,st,6.789473684,1.21855115,32.8,38.925,93875,3.71075,9.72,0
4995,31/07/2024 11:00,1741,st,5.5,0.852797579,33.425,36.5,93507.5,2.96526,8.28,0
4996,31/07/2024 12:00,2697,st,5.157894737,0.8346786,34.625,33.625,93200,3.320285,8.76,0
4997,31/07/2024 13:00,2653,st,4.815789474,1.647652526,36,31.475,92917.5,3.4171075,8.64,0
4998,31/07/2024 14:00,2090,st,5.026315789,1.5868769,36.425,30.75,92692.5,2.831045,9,0
4999,31/07/2024 15:00,2439,st,5.384615385,3.0009435,35.325,33.25,92860,2.124415,7.56,0
5000,31/07/2024 16:00,2042,st,7.558823529,8.89379375,33.525,38.225,93310,2.879265,8.28,0
5001,31/07/2024 17:00,1396,st,5.666666667,17.384977,31.3,44.725,93730,4.4451425,11.16,0
5002,31/07/2024 18:00,1033,st,5.72972973,43.0873,27.925,55.975,94242.5,1.5959875,3.84,0
5003,31/07/2024 19:00,670,st,5.897435897,66.494845,24.475,69.025,94882.5,1.03052,2.88,0
5004,31/07/2024 20:00,453,st,6.540540541,50.69364211,22.775,73.95,95262.5,1.795042,6.24,0
5005,31/07/2024 21:00,274,st,5.085714286,23.55775882,22.63333333,73.2,95376.66667,2.48945,7.2,0
5006,31/07/2024 22:00,180,st,8.307692308,26.95387368,22.85,72.925,95390,1.0639615,6,0
5007,31/07/2024 23:00,114,st,7.538461538,41.38615,21.875,81.85,95565,3.6689625,10.32,0.2625
5008,01/08/2024 00:00,104,ct,6.171428571,54.35282632,20.175,96.1,95807.5,1.292763,3.72,0
5009,01/08/2024 01:00,156,ct,8.85,72.399075,19.95,97.25,95890,1.3030125,5.4,0.0875
5010,01/08/2024 02:00,397,ct,11.05263158,64.4048,19.775,98.55,95905,2.084505,5.88,0.0875
5011,01/08/2024 03:00,1532,ct,9,25.75152,19.325,99.925,95920,1.19803275,3.48,0
5012,01/08/2024 04:00,1841,ct,8.72972973,14.63679684,19.375,97.675,95962.5,1.060663,3.72,0
5013,01/08/2024 05:00,1366,ct,8.210526316,10.77129053,22.525,86.775,95577.5,1.93090575,4.44,0
5014,01/08/2024 06:00,1374,ct,7.783783784,3.473265263,26.425,70.95,94727.5,1.36374,4.44,0
5015,01/08/2024 07:00,1333,ct,8.923076923,7.5731905,28.5,61.3,94157.5,1.932375,4.8,0
5016,01/08/2024 08:00,1293,ct,7.540540541,1.788000895,31.55,52.075,93840,1.987445,5.88,0
5017,01/08/2024 09:00,1431,ct,6.717948718,0.83599995,30.33333333,54.5,93776.66667,2.88443,8.16,0
5018,01/08/2024 10:00,1290,ct,6.513513514,1.034315842,31.525,50.075,93585,4.12184,11.52,0
5019,01/08/2024 11:00,1386,ct,5.871794872,2.0809152,30.575,52.025,93502.5,3.1263975,9.12,0
5020,01/08/2024 12:00,1527,ct,8.027027027,1.486992053,32.2,47.625,93347.5,4.25582,10.56,0
5021,01/08/2024 13:00,1522,ct,6.717948718,2.2905839,31.875,46.85,93257.5,3.2633275,9.72,0
5022,01/08/2024 14:00,1402,ct,5.555555556,3.723641579,30.95,48.775,93502.5,2.874265,6.96,0
5023,01/08/2024 15:00,1245,ct,5.692307692,5.58212,30.75,49.85,93520,2.160955,6.84,0
5024,01/08/2024 16:00,987,ct,5.27027027,15.51489789,29.65,56.6,93747.5,1.30613725,3.84,0
5025,01/08/2024 17:00,897,ct,6.025641026,18.2650565,27.45,67.65,94067.5,0.77641925,2.64,0
5026,01/08/2024 18:00,544,ct,5.921052632,36.14987368,24.225,78.425,94590,5.7973725,19.44,0
5027,01/08/2024 19:00,244,ct,6.526315789,94.71703,21.125,95.15,95307.5,2.9524375,7.92,0.9625
5028,01/08/2024 20:00,228,ct,6.552631579,81.82129474,20.35,99.425,95487.5,1.03348525,3.72,0.6125
5029,01/08/2024 21:00,131,ct,6.303030303,46.29849412,20.1,100,95546.66667,0.870914333,4.48,0.116666667
5030,01/08/2024 22:00,85,ct,5.305555556,22.68151579,19.76666667,100,95610,0.858600333,3.84,0.233333333
5031,01/08/2024 23:00,56,ct,5.794871795,15.388675,19.85,100,95577.5,1.56693875,4.56,0.0875
5032,02/08/2024 00:00,50,pa,6.026315789,12.15380526,19.875,100,95555,0.44906875,2.16,0
5033,02/08/2024 01:00,131,pa,6.923076923,9.799019,19.725,100,95527.5,0.424936,2.28,0
5034,02/08/2024 02:00,349,pa,8.114285714,9.978186471,19.675,100,95477.5,0.5056285,2.4,0
5035,02/08/2024 03:00,1483,pa,7.769230769,8.4844485,19.8,100,95430,0.207252075,1.92,0
5036,02/08/2024 04:00,1401,pa,8.555555556,7.862329474,19.975,100,95370,0.780088775,3,0
5037,02/08/2024 05:00,1301,pa,15.12820513,5.3959915,21.25,94.975,95157.5,1.9776825,5.76,0
5038,02/08/2024 06:00,1638,pa,15.16216216,9.042948421,20.975,96.25,95067.5,2.0195125,5.64,0
5039,02/08/2024 07:00,2094,pa,10.61538462,4.6554605,21.675,93.6,95030,2.40542,6.12,0
5040,02/08/2024 08:00,2351,pa,8.594594595,3.272517895,23.65,83.25,94612.5,4.1263525,9.96,0
5041,02/08/2024 09:00,2482,pa,5.789473684,3.667243,23.3,86.2,94552.5,3.4541825,9.24,0.2625
5042,02/08/2024 10:00,2468,pa,3.368421053,7.716357368,21,90.6,94970,4.395616667,13.76,0.466666667
5043,02/08/2024 11:00,2293,pa,1.057142857,4.4229485,19.375,85.375,95372.5,5.8085425,19.44,0
5044,02/08/2024 12:00,1896,pa,2.846153846,3.666193684,19.025,79.225,95575,8.539895,24.24,0
5045,02/08/2024 13:00,1576,pa,3.307692308,3.7499515,19.05,78.5,95630,6.7172175,18.84,0
5046,02/08/2024 14:00,1455,pa,2.805555556,10.33666105,18.35,83.225,95815,5.329225,18.6,0.2625
5047,02/08/2024 15:00,1441,pa,5.641025641,6.0257505,18.525,81.9,95887.5,3.5917025,10.8,0
5048,02/08/2024 16:00,1146,pa,5.742857143,6.025775789,19.125,78.275,95775,1.935085,7.32,0
5049,02/08/2024 17:00,803,pa,5.871794872,16.1498575,18.225,88.2,95835,1.431646,4.8,0
5050,02/08/2024 18:00,694,pa,6.514285714,9.190405789,17.525,91.975,95975,1.4999575,4.32,0
5051,02/08/2024 19:00,436,pa,10.475,13.376479,15.85,98.65,96315,1.730015,4.92,0
5052,02/08/2024 20:00,287,pa,6.657894737,14.64662632,14.625,100,96575,1.22871,3.84,0
5053,02/08/2024 21:00,229,pa,6.885714286,11.90745412,14.2,99.46666667,96723.33333,2.14228,5.6,0
5054,02/08/2024 22:00,126,pa,7.41025641,8.904942105,13.95,99.375,96762.5,1.98871,4.92,0
5055,02/08/2024 23:00,79,pa,9.179487179,8.497221,13.5,99.625,96812.5,1.8240375,4.56,0
5056,03/08/2024 00:00,68,so,12.12820513,8.736269474,13.1,100,96877.5,0.802621,2.88,0
5057,03/08/2024 01:00,138,so,8.538461538,10.802164,12.825,100,96885,0.901422,3.24,0
5058,03/08/2024 02:00,244,so,8.384615385,11.22602684,13.7,100,96787.5,0.5288025,2.88,0
5059,03/08/2024 03:00,519,so,9.820512821,28.444755,13.95,100,96702.5,0.63399825,2.16,0
5060,03/08/2024 04:00,726,so,10.58974359,15.05424737,14.7,99.6,96625,0.649087,3,0
5061,03/08/2024 05:00,940,so,10.56410256,16.209351,16.275,94.575,96475,0.2933265,1.68,0
5062,03/08/2024 06:00,1403,so,11.25641026,7.897665263,18.2,89.475,96160,1.2512905,3.84,0
5063,03/08/2024 07:00,1968,so,11.07692308,4.468043158,20.6,81.36666667,95770,1.452426667,4.8,0
5064,03/08/2024 08:00,2216,so,8.789473684,2.891682105,21.45,76.925,95547.5,2.3809575,6.36,0.0875
5065,03/08/2024 09:00,2256,so,7.15,1.3030287,25.5,58.35,94842.5,3.1453775,8.28,0
5066,03/08/2024 10:00,1390,so,6.263157895,1.193561895,27.15,53.5,94405,3.658475,9.36,0
5067,03/08/2024 11:00,1207,so,7.625,1.5292902,29.025,49.7,94097.5,3.33983,8.64,0
5068,03/08/2024 12:00,1266,so,8.394736842,2.345787895,27.75,52.1,93942.5,2.60366,6.96,0
5069,03/08/2024 13:00,1163,so,8.125,3.426252,28.025,51.5,93962.5,2.17002,6.96,0
5070,03/08/2024 14:00,1119,so,8,4.559728947,28.8,49.95,93800,2.479225,8.4,0
5071,03/08/2024 15:00,1147,so,6.85,4.199125,28.975,48.7,93740,3.7898775,10.68,0
5072,03/08/2024 16:00,1035,so,6.736842105,3.85203,27.7,51.575,94027.5,4.3280875,11.76,0
5073,03/08/2024 17:00,824,so,6.025641026,7.957685,26.075,55.7,94482.5,3.06823,8.4,0
5074,03/08/2024 18:00,593,so,6.027027027,28.87476263,21.45,78.3,95147.5,1.09671225,3.72,0
5075,03/08/2024 19:00,447,so,6.525,32.172645,19.55,84.5,95727.5,1.24294525,3.48,0
5076,03/08/2024 20:00,290,so,6.323529412,28.80826842,18.36666667,88.33333333,96000,1.403083333,4.32,0
5077,03/08/2024 21:00,202,so,6.277777778,30.93306111,17.5,90.925,96185,1.64376875,4.2,0
5078,03/08/2024 22:00,115,so,6.184210526,25.90146316,16.675,93.15,96322.5,2.8437325,5.64,0
5079,03/08/2024 23:00,93,so,6.41025641,18.635835,16.375,94.025,96377.5,1.57984675,4.32,0
5080,04/08/2024 00:00,115,ne,9.540540541,16.01356316,16.025,95.95,96392.5,1.5461075,4.56,0
5081,04/08/2024 01:00,94,ne,9.358974359,16.648675,16.2,96.7,96380,0.91823825,4.08,0
5082,04/08/2024 02:00,144,ne,14.88571429,60.81873158,17,98.275,96297.5,2.5076575,7.8,3.5
5083,04/08/2024 03:00,361,ne,13.30769231,45.591455,16.925,100,96267.5,2.50157,6,1.05
5084,04/08/2024 04:00,444,ne,7.794871795,15.93187,17.1,100,96250,1.414838,4.44,0
5085,04/08/2024 05:00,468,ne,3.567567568,11.67847211,17.8,99.275,96212.5,0.651120775,2.4,0
5086,04/08/2024 06:00,826,ne,2.657894737,8.63792,18.325,97.75,96057.5,1.0500815,3.96,0
5087,04/08/2024 07:00,1062,ne,2.945945946,7.424240526,19.13333333,96.4,95910,2.37392,6.56,0
5088,04/08/2024 08:00,1380,ne,3.842105263,4.6774395,20.775,89.35,95720,2.921705,6.72,0
5089,04/08/2024 09:00,961,ne,5.789473684,2.060908421,25.15,71.925,95030,3.5723175,9.36,0
5090,04/08/2024 10:00,1002,ne,6.897435897,2.146439,24.725,69.325,94810,3.717095,10.44,0
5091,04/08/2024 11:00,1143,ne,3.72972973,0.972685211,26.275,59.225,94555,4.748125,12.84,0.0875
5092,04/08/2024 12:00,1147,ne,2.820512821,1.54448905,26.675,56.525,94382.5,5.0801725,13.56,0
5093,04/08/2024 13:00,1304,ne,2.891891892,2.633367895,27.175,55.4,94137.5,4.39187,13.92,0
5094,04/08/2024 14:00,1294,ne,2.615384615,21.0103735,25.125,62.375,94537.5,3.691795,12,0
5095,04/08/2024 15:00,2237,ne,3.918918919,37.58280684,21.6,77.15,95217.5,3.45891,10.2,0.2625
5096,04/08/2024 16:00,1874,ne,3.692307692,73.60179,19.85,89.5,95750,2.0421175,6.48,0.35
5097,04/08/2024 17:00,1369,ne,3.828571429,58.903,18.8,97,95990,2.4676825,5.88,0.4375
5098,04/08/2024 18:00,1060,ne,2.694444444,27.720205,18.95,95.775,96067.5,3.657615,8.76,0
5099,04/08/2024 19:00,607,ne,3,18.72786842,17.96666667,99.83333333,96210,1.6598,5.6,0
5100,04/08/2024 20:00,395,ne,3.051282051,11.381345,18.15,97.875,96257.5,2.3163725,6.36,0
5101,04/08/2024 21:00,237,ne,3.114285714,9.116923529,17.675,99,96337.5,1.75983,4.68,0
5102,04/08/2024 22:00,187,ne,12.56410256,8.150644,16.525,100,96502.5,1.56714,3.6,0
5103,04/08/2024 23:00,128,ne,3.538461538,7.631246316,15.55,100,96710,1.7952325,5.04,0
5104,05/08/2024 00:00,161,po,5.307692308,18.499786,15.275,100,96780,1.358165775,4.32,0
5105,05/08/2024 01:00,224,po,4.692307692,5.909563684,15.475,100,96760,1.0749525,3.48,0
5106,05/08/2024 02:00,515,po,5.05,6.993852,15.4,100,96752.5,1.15655975,3.72,0
5107,05/08/2024 03:00,1763,po,5.263157895,7.060659474,15.25,100,96795,0.998647,3.24,0
5108,05/08/2024 04:00,2417,po,5.925,7.0890575,15.375,99.825,96820,0.81484675,2.88,0
5109,05/08/2024 05:00,2649,po,5.368421053,6.101078947,16.33333333,93.5,96766.66667,0.931564,2.88,0.116666667
5110,05/08/2024 06:00,2543,po,4.9,10.406916,18.025,78.025,96570,1.08494275,4.44,0
5111,05/08/2024 07:00,2540,po,4.131578947,2.523321579,19.525,65,96162.5,2.769565,7.56,0
5112,05/08/2024 08:00,2618,po,4.2,2.267834,22.05,57.525,95595,2.7389,8.4,0
5113,05/08/2024 09:00,2465,po,3.947368421,2.048444211,23.3,52.05,95382.5,4.1756,11.88,0
5114,05/08/2024 10:00,2399,po,2.825,1.5434627,24.6,47.625,95140,4.5592575,13.32,0
5115,05/08/2024 11:00,2556,po,3.487179487,2.54179,24.75,44.325,95007.5,5.1345975,15.24,0
5116,05/08/2024 12:00,2809,po,2.384615385,2.4799265,25,43.425,94950,3.7564725,11.28,0
5117,05/08/2024 13:00,3047,po,2.421052632,6.427698421,26.75,39.65,94530,4.085095,12.12,0
5118,05/08/2024 14:00,2608,po,2.102564103,4.0463545,26.175,40.475,94555,4.3988925,12.84,0
5119,05/08/2024 15:00,2356,po,2.025641026,9.404045263,24.1,47.075,95055,4.111675,11.28,0
5120,05/08/2024 16:00,1855,po,1.871794872,12.12235,23.175,50.25,95292.5,3.3793725,8.88,0
5121,05/08/2024 17:00,1385,po,2.486486486,9.063112105,22.575,52.45,95470,1.9915675,7.08,0
5122,05/08/2024 18:00,881,po,3.897435897,22.809025,20.46666667,61.2,95876.66667,1.646607333,5.12,0
5123,05/08/2024 19:00,563,po,3.205128205,35.34034211,17.7,78.25,96360,1.05429875,3.24,0
5124,05/08/2024 20:00,468,po,2.578947368,28.28397,15.625,85.15,96792.5,1.82952,5.16,0
5125,05/08/2024 21:00,228,po,2.764705882,23.45459412,14.5,86.85,97057.5,3.5320775,7.68,0
5126,05/08/2024 22:00,120,po,2.394736842,21.524365,13.475,91.675,97260,2.4971325,5.52,0
5127,05/08/2024 23:00,99,po,2.567567568,17.30255789,12.6,94.025,97397.5,2.9445375,6.36,0
5128,06/08/2024 00:00,144,ut,2.282051282,15.021535,12.2,95,97482.5,2.5327475,6.24,0
5129,06/08/2024 01:00,197,ut,2.162162162,12.71042632,11.7,96.325,97547.5,1.2936145,3.6,0
5130,06/08/2024 02:00,436,ut,2.333333333,11.996263,11.125,97.925,97640,1.19967175,3.96,0
5131,06/08/2024 03:00,1601,ut,2.351351351,11.30530211,10.725,98.425,97695,2.275545,5.76,0
5132,06/08/2024 04:00,2178,ut,2.538461538,11.932297,13.53333333,86.9,97550,0.969095667,3.2,0
5133,06/08/2024 05:00,2517,ut,4.513513514,8.894701053,18.875,69.625,96682.5,1.20885575,3.12,0
5134,06/08/2024 06:00,2566,ut,5.666666667,3.518544,21.275,63.2,95855,1.6026825,4.68,0
5135,06/08/2024 07:00,2473,ut,4.891891892,4.220141053,23.65,57.475,95302.5,2.123215,6.48,0
5136,06/08/2024 08:00,2561,ut,3.974358974,2.4974917,25.3,51.475,94972.5,2.49376,6.72,0
5137,06/08/2024 09:00,2452,ut,3.162162162,4.543492,25.6,46.5,94902.5,3.784925,9.48,0
5138,06/08/2024 10:00,1413,ut,2.948717949,1.2996172,26.15,45.325,94787.5,4.372105,11.52,0
5139,06/08/2024 11:00,1731,ut,3.054054054,1.806298421,27,42.9,94515,4.098355,11.16,0
5140,06/08/2024 12:00,1770,ut,2.641025641,1.761173,27.975,40.625,94152.5,3.3632725,9.36,0
5141,06/08/2024 13:00,2184,ut,2.763157895,2.768810526,29.075,38.85,93877.5,3.1860575,8.16,0
5142,06/08/2024 14:00,2223,ut,2.605263158,3.83197,29.225,38.325,93687.5,2.81944,7.68,0
5143,06/08/2024 15:00,1504,ut,2.894736842,3.453823684,28.75,40.2,93887.5,3.1568025,9.72,0
5144,06/08/2024 16:00,1387,ut,2.657894737,13.588915,27,44.06666667,94263.33333,3.25767,7.84,0
5145,06/08/2024 17:00,1318,ut,3.315789474,20.73648789,26.1,48.5,94625,3.3316025,8.64,0
5146,06/08/2024 18:00,978,ut,3.358974359,16.825708,23.525,58,95107.5,2.2660125,5.76,0
5147,06/08/2024 19:00,687,ut,4.432432432,29.53631579,20.8,68.1,95620,0.932699,3.24,0
5148,06/08/2024 20:00,460,ut,4.628571429,46.322565,18.55,79.875,96057.5,0.47880125,2.4,0
5149,06/08/2024 21:00,239,ut,4.647058824,36.91377059,17.425,84.725,96335,0.0429565,0.48,0
5150,06/08/2024 22:00,142,ut,4.846153846,31.169365,16.375,88.95,96530,0,0,0
5151,06/08/2024 23:00,98,ut,4.675675676,27.00088421,15.475,89.7,96650,1.97384125,5.76,0
5152,07/08/2024 00:00,77,st,4.025641026,15.08316,14.8,91.525,96740,1.7512995,4.68,0
5153,07/08/2024 01:00,169,st,3.5,14.40011579,14.3,92.375,96785,2.55998,6.72,0
5154,07/08/2024 02:00,383,st,3.684210526,13.176015,13.875,93.7,96852.5,1.86315875,5.52,0
5155,07/08/2024 03:00,1586,st,4.368421053,18.00059474,13.56666667,95.43333333,96923.33333,2.428396667,5.12,0
5156,07/08/2024 04:00,2312,st,3.947368421,19.222931,14.55,90.55,96857.5,1.9503725,4.68,0
5157,07/08/2024 05:00,2600,st,5.631578947,14.35231842,21,67.375,96070,0.86478925,3.24,0
5158,07/08/2024 06:00,2790,st,9.657894737,4.5178565,24.975,55.8,95000,1.1371735,4.8,0
5159,07/08/2024 07:00,2694,st,12.86842105,16.53424789,24.85,55.8,94667.5,2.4669725,7.08,0
5160,07/08/2024 08:00,2599,st,8.487179487,5.5673675,26.9,50.875,94460,2.57921,6.24,0
5161,07/08/2024 09:00,2556,st,6.216216216,1.853482,28.025,50.175,94222.5,2.6321275,8.04,0
5162,07/08/2024 10:00,2635,st,4.512820513,1.2821847,30.25,45,93950,3.2147825,9,0
5163,07/08/2024 11:00,2571,st,3.810810811,1.180844579,31.85,43.1,93632.5,3.2064075,8.88,0
5164,07/08/2024 12:00,2952,st,21.20512821,1.737331,32.675,43.5,93365,4.029405,10.2,0
5165,07/08/2024 13:00,2978,st,5.702702703,2.002368842,33.15,42.35,93140,4.8266425,11.28,0
5166,07/08/2024 14:00,2696,st,4.717948718,3.015449,32.575,43.325,93210,3.7741,10.56,0
5167,07/08/2024 15:00,2249,st,5.358974359,7.901876316,30.975,47.85,93387.5,3.73443,12,0
5168,07/08/2024 16:00,1015,st,4.111111111,32.99333333,27.075,58.8,94092.5,3.8140125,10.8,0
5169,07/08/2024 17:00,713,st,5.538461538,47.38563,26.63333333,63.4,94423.33333,1.094362333,3.52,0
5170,07/08/2024 18:00,475,st,5.864864865,62.85276842,23.875,76.175,94840,0.76636825,2.76,0
5171,07/08/2024 19:00,351,st,7.384615385,42.854445,22.35,82.2,95265,0.87065825,3.36,0
5172,07/08/2024 20:00,204,st,8.921052632,29.85334737,21.475,85.475,95490,1.06018975,4.08,0
5173,07/08/2024 21:00,149,st,6.235294118,24.56856471,20.625,88.375,95665,1.6322005,5.28,0
5174,07/08/2024 22:00,77,st,5.944444444,11.73363579,19.975,89.8,95827.5,1.9563175,5.52,0
5175,07/08/2024 23:00,99,st,5.888888889,8.4597685,19.6,90,95950,1.6492325,4.92,0
5176,08/08/2024 00:00,113,ct,6.342857143,9.531767895,18.75,92.65,96055,1.082933,4.92,0
5177,08/08/2024 01:00,147,ct,6.567567568,17.306845,18.575,92.8,96145,1.640315,4.92,0
5178,08/08/2024 02:00,409,ct,7.789473684,13.05519579,18.45,93.575,96190,1.027975,3.48,0
5179,08/08/2024 03:00,1554,ct,7.2,17.689951,17.475,96.325,96325,2.7016825,6.24,0
5180,08/08/2024 04:00,2376,ct,9.055555556,15.28337895,18.46666667,91.2,96286.66667,2.770306667,6.72,0
5181,08/08/2024 05:00,2604,ct,8,6.4940185,22.675,77.25,95717.5,2.66626525,6.6,0
5182,08/08/2024 06:00,2754,ct,7.447368421,3.181732632,24.925,68.825,94995,1.658105,5.28,0
5183,08/08/2024 07:00,2671,ct,7.425,4.37838,27.3,61.85,94637.5,2.209015,7.8,0
5184,08/08/2024 08:00,2479,ct,7.947368421,4.420001053,25.975,65.5,94645,2.4506675,7.08,0
5185,08/08/2024 09:00,2397,ct,7.3,7.5099235,22.775,77.375,95077.5,4.197955,11.16,2.975
5186,08/08/2024 10:00,2660,ct,4.314285714,46.30126842,18.3,97.4,96057.5,2.1352955,7.8,0.2625
5187,08/08/2024 11:00,2716,ct,3.7,31.520705,21.35,88.6,95947.5,1.5954565,4.92,0
5188,08/08/2024 12:00,3010,ct,5.5,5.997765263,23.825,77.45,95365,1.55214,5.16,0
5189,08/08/2024 13:00,3119,ct,5.925,2.789014,25.9,65.625,94867.5,2.2009675,6.36,0.0875
5190,08/08/2024 14:00,2845,ct,5.763157895,3.358404211,24.75,68.775,95025,1.724123,5.88,0
5191,08/08/2024 15:00,2517,ct,5.25,3.9460405,24.8,69.3,95040,1.947435,5.4,0
5192,08/08/2024 16:00,2012,ct,5.189189189,8.112487895,23.73333333,72.73333333,95236.66667,3.880333333,10.24,0
5193,08/08/2024 17:00,1579,ct,4.736842105,14.189677,21.425,84.275,95657.5,4.44515,10.56,0
5194,08/08/2024 18:00,1063,ct,4.702702703,19.12016316,20.1,91.25,96040,2.9896225,6.6,0
5195,08/08/2024 19:00,603,ct,15.2972973,12.65389,18.8,94.4,96392.5,2.2458175,6.48,0
5196,08/08/2024 20:00,456,ct,17.71052632,10.75059895,17.625,96.425,96647.5,3.1535025,6.24,0
5197,08/08/2024 21:00,272,ct,5.147058824,10.93103176,16.65,98.4,96830,2.9378025,6.96,0
5198,08/08/2024 22:00,148,ct,5.837837838,8.797207368,16.275,98.925,96955,2.1954275,5.4,0
5199,08/08/2024 23:00,105,ct,5.256410256,7.334456,15.925,99.1,97002.5,0.95260925,3.72,0
5200,09/08/2024 00:00,131,pa,5.891891892,8.422858947,15.25,100,97090,0.954265598,3,0
5201,09/08/2024 01:00,168,pa,5.512820513,6.741243,14.6,100,97200,0.45214905,2.28,0
5202,09/08/2024 02:00,404,pa,4.594594595,6.001434211,14.075,100,97260,1.13084975,4.08,0
5203,09/08/2024 03:00,1478,pa,4.461538462,7.2354655,13.76666667,100,97350,1.433239,4.48,0
5204,09/08/2024 04:00,2226,pa,5.621621622,10.75733947,14.75,96.375,97317.5,2.4307125,5.88,0
5205,09/08/2024 05:00,2411,pa,7.128205128,9.1880085,18.575,83.975,96847.5,0.8580535,3.48,0
5206,09/08/2024 06:00,2462,pa,8.756756757,6.342295263,22.825,70.525,95932.5,1.2880625,4.08,0
5207,09/08/2024 07:00,2599,pa,7.512820513,4.6275275,23.225,71.975,95462.5,2.4522375,6.24,0
5208,09/08/2024 08:00,2749,pa,6.657894737,3.390043684,24.65,67.675,95392.5,3.514275,7.8,0
5209,09/08/2024 09:00,2669,pa,3.864864865,1.813844105,25.825,60.275,95082.5,4.29774,10.32,0
5210,09/08/2024 10:00,2776,pa,3.026315789,0.653785737,28,48.075,94790,4.5073325,13.56,0
5211,09/08/2024 11:00,2916,pa,2.837837838,0.890841421,29.175,44.65,94505,5.140605,12.48,0
5212,09/08/2024 12:00,3243,pa,2.5,1.430372,29.625,44.15,94217.5,4.7664175,12.48,0
5213,09/08/2024 13:00,3169,pa,2.578947368,2.9887525,29.475,47.55,94192.5,3.7614225,11.76,0
5214,09/08/2024 14:00,3021,pa,3.052631579,4.126201053,28.05,51.35,94497.5,4.2475775,11.16,0
5215,09/08/2024 15:00,2730,pa,3.128205128,4.91005,28.1,52.225,94577.5,3.913515,11.76,0
5216,09/08/2024 16:00,2233,pa,3.243243243,4.568586316,27.63333333,53.6,94643.33333,4.32926,12,0
5217,09/08/2024 17:00,1574,pa,2.923076923,5.4719325,26.7,55.975,94852.5,3.5241775,12.72,0
5218,09/08/2024 18:00,1173,pa,3.567567568,12.56042737,24.95,63.4,95230,1.7963275,5.64,0
5219,09/08/2024 19:00,797,pa,4.275,24.99557,22.95,72.625,95612.5,1.6984525,5.16,0
5220,09/08/2024 20:00,515,pa,4.157894737,34.32421053,20.9,82.05,95987.5,1.8852075,4.2,0
5221,09/08/2024 21:00,194,pa,3.28125,15.93421222,20.075,84.8,96237.5,1.4526375,4.8,0
5222,09/08/2024 22:00,145,pa,4.514285714,13.48524316,19.575,87.45,96352.5,1.05126525,3.72,0
5223,09/08/2024 23:00,153,pa,4.538461538,19.2909,20.625,84.85,96390,0.9624405,4.32,0
5224,10/08/2024 00:00,140,so,2.871794872,13.90085737,21.425,81.775,96207.5,2.28065,6.12,0
5225,10/08/2024 01:00,134,so,3.051282051,6.8876755,20.45,85.675,96270,1.62174475,5.28,0
5226,10/08/2024 02:00,271,so,2.472222222,10.97893,19.2,89.125,96577.5,1.29150875,3.96,0
5227,10/08/2024 03:00,577,so,2.564102564,17.83583,17.83333333,93.26666667,96786.66667,1.567851667,4.48,0
5228,10/08/2024 04:00,793,so,2.777777778,17.73246316,17.95,92.025,96887.5,1.7549925,4.68,0
5229,10/08/2024 05:00,1026,so,2.833333333,7.990764,21.775,80.075,96442.5,3.0585525,6.12,0
5230,10/08/2024 06:00,1552,so,2.447368421,2.947364211,24.725,67.45,95750,2.169835,6,0
5231,10/08/2024 07:00,2104,so,2.425,3.120776,26.025,61.875,95280,3.4406775,8.04,0
5232,10/08/2024 08:00,2478,so,2.447368421,2.473027895,27.925,56.225,95080,4.1915575,10.68,0
5233,10/08/2024 09:00,2384,so,2.275,1.7031612,27.425,55.925,95055,3.4681975,9.48,0
5234,10/08/2024 10:00,2227,so,1.894736842,0.781311632,29.275,46.175,94892.5,4.320395,13.32,0
5235,10/08/2024 11:00,2394,so,1.692307692,0.8800836,30.675,43.7,94632.5,4.7982975,12.96,0
5236,10/08/2024 12:00,2341,so,1.945945946,2.396249053,31.075,43.4,94377.5,5.1874825,14.76,0
5237,10/08/2024 13:00,2386,so,1.769230769,2.1148809,31.35,42.275,94285,5.4983675,15.72,0
5238,10/08/2024 14:00,2107,so,1.972972973,3.450868421,31.2,43.95,94157.5,4.803665,13.68,0
5239,10/08/2024 15:00,2131,so,1.846153846,3.686791,31.125,43.85,94167.5,4.015075,11.52,0
5240,10/08/2024 16:00,2065,so,2.605263158,5.075762105,29.46666667,47.4,94546.66667,4.33118,10.56,0
5241,10/08/2024 17:00,1884,so,3.894736842,13.299849,28.375,52.075,94900,2.5594525,7.92,0
5242,10/08/2024 18:00,1267,so,5.105263158,47.07634737,23.6,72.725,95587.5,1.14434375,3.36,0
5243,10/08/2024 19:00,936,so,5.243243243,76.09770526,21.875,77.725,96157.5,0.78524625,2.88,0
5244,10/08/2024 20:00,598,so,3.941176471,42.12101053,20.125,83.325,96520,1.7909525,4.68,0
5245,10/08/2024 21:00,384,so,3.542857143,29.62257778,19.025,85.425,96732.5,2.7959275,6.84,0
5246,10/08/2024 22:00,285,so,3.611111111,25.70284211,18.05,87.875,96942.5,1.6994125,5.16,0
5247,10/08/2024 23:00,213,so,3.076923077,19.659195,17.125,88.35,97115,2.1905325,5.16,0
5248,11/08/2024 00:00,141,ne,3.076923077,15.33174737,16.325,91.325,97217.5,1.988285,4.92,0
5249,11/08/2024 01:00,116,ne,3.026315789,11.199533,15.675,93.525,97335,1.894385,4.68,0
5250,11/08/2024 02:00,185,ne,3.236842105,12.56840105,15.3,93.825,97437.5,1.3559275,3.96,0
5251,11/08/2024 03:00,405,ne,3.131578947,12.039186,14.93333333,94.73333333,97506.66667,1.9219,4.64,0
5252,11/08/2024 04:00,475,ne,3.179487179,12.701788,16.525,87.8,97435,1.26601325,4.2,0
5253,11/08/2024 05:00,623,ne,2.973684211,7.600592105,21.3,69.55,96682.5,1.39822575,3.84,0
5254,11/08/2024 06:00,869,ne,4.315789474,3.0491585,25.475,58.625,95812.5,0.93277875,3.24,0
5255,11/08/2024 07:00,1435,ne,4.210526316,3.66497,27.725,50.75,95160,1.1004875,3.96,0
5256,11/08/2024 08:00,1787,ne,5.078947368,2.4150074,29.025,46.1,94887.5,2.0776275,6.36,0
5257,11/08/2024 09:00,2105,ne,4.315789474,1.126310947,30.525,44.575,94772.5,3.27801,9,0
5258,11/08/2024 10:00,2082,ne,6.447368421,1.88091245,30.175,46.575,94627.5,4.0440925,10.56,0
5259,11/08/2024 11:00,2268,ne,4.052631579,3.150457895,30.925,46.325,94457.5,4.7319675,12.84,0
5260,11/08/2024 12:00,2276,ne,3.794871795,2.859453,30.75,46.775,94390,4.9054375,13.68,0
5261,11/08/2024 13:00,2354,ne,3.756756757,3.034291053,30.4,47.725,94470,3.6575925,8.64,0
5262,11/08/2024 14:00,2234,ne,3.794871795,3.675401,31.425,45.825,94115,5.5814525,16.32,0
5263,11/08/2024 15:00,2568,ne,3.459459459,4.124151579,30.2,48.75,94352.5,6.2017875,15,0
5264,11/08/2024 16:00,2243,ne,3.923076923,9.5321585,27.375,55.875,94942.5,7.7198075,16.08,0
5265,11/08/2024 17:00,1698,ne,4.27027027,11.95721895,25.83333333,59.23333333,95346.66667,6.47503,14.08,0
5266,11/08/2024 18:00,1213,ne,4.333333333,18.28374,24.175,63.425,95712.5,5.616325,14.52,0
5267,11/08/2024 19:00,767,ne,4.675675676,19.87684211,22.15,71.625,96087.5,1.5188375,5.52,0
5268,11/08/2024 20:00,370,ne,5.333333333,30.516175,20.075,81.825,96437.5,0.5468135,2.64,0
5269,11/08/2024 21:00,278,ne,6,28.78369412,18.675,86.4,96725,0.72269925,2.64,0
5270,11/08/2024 22:00,210,ne,4.538461538,24.828045,17.45,89.6,96937.5,1.4959735,3.72,0
5271,11/08/2024 23:00,167,ne,3.564102564,17.1345,16.5,91.325,97082.5,2.3759125,5.64,0
5272,12/08/2024 00:00,155,po,2.897435897,12.79127,15.7,92.825,97182.5,2.172965,5.4,0
5273,12/08/2024 01:00,266,po,2.763157895,10.80003053,15,94.475,97270,2.1416725,5.52,0
5274,12/08/2024 02:00,515,po,3.076923077,11.659446,14.475,95.95,97352.5,0.6641525,3.24,0
5275,12/08/2024 03:00,1737,po,3.108108108,11.96366421,14.06666667,96.86666667,97410,1.725113333,4.48,0
5276,12/08/2024 04:00,2613,po,2.973684211,13.988009,15.95,89.725,97272.5,1.7049965,4.32,0
5277,12/08/2024 05:00,2690,po,5.361111111,10.06456684,21.15,71.05,96457.5,1.416437,3.48,0
5278,12/08/2024 06:00,2676,po,7.769230769,4.018867,23.9,64.425,95705,2.22702,5.52,0
5279,12/08/2024 07:00,2651,po,5.210526316,3.45387,26.1,57.95,95147.5,2.5390225,6.72,0
5280,12/08/2024 08:00,2548,po,5.358974359,3.602454,27.975,53.575,94810,2.806145,7.2,0
5281,12/08/2024 09:00,2586,po,5.189189189,1.295990842,29.675,49.775,94497.5,2.0281725,6.6,0
5282,12/08/2024 10:00,2582,po,4.358974359,0.9077583,30.375,48.15,94235,3.0364075,7.68,0
5283,12/08/2024 11:00,1491,po,3.432432432,0.938477947,31.075,46.225,93967.5,3.5130675,8.76,0
5284,12/08/2024 12:00,1505,po,3.897435897,1.17919625,32.625,44.25,93582.5,3.6176875,10.44,0
5285,12/08/2024 13:00,1524,po,4.324324324,2.218742632,32.375,45.225,93442.5,3.8830375,9.6,0
5286,12/08/2024 14:00,1932,po,3.512820513,3.0261155,34.15,41,93117.5,2.9633525,7.92,0
5287,12/08/2024 15:00,1880,po,3.378378378,2.814282632,33.3,42.975,93217.5,2.53319,6.6,0
5288,12/08/2024 16:00,1928,po,3.846153846,3.68556,31.625,47.475,93560,3.282145,7.2,0
5289,12/08/2024 17:00,1285,po,4.567567568,17.21690053,29.46666667,54.93333333,94063.33333,2.542926667,8.48,0
5290,12/08/2024 18:00,979,po,5.794871795,37.0432,25.575,71.05,94695,1.3584585,5.16,0
5291,12/08/2024 19:00,633,po,7.243243243,51.11640526,23.5,78.45,95210,0.51018825,2.16,0
5292,12/08/2024 20:00,390,po,5.461538462,42.752125,21.525,82.875,95567.5,1.863958,4.92,0
5293,12/08/2024 21:00,245,po,4.647058824,33.41807059,20.375,86.9,95795,1.5170785,4.8,0
5294,12/08/2024 22:00,168,po,4.342105263,20.10745,19.825,88.325,95940,2.6563675,6.12,0
5295,12/08/2024 23:00,122,po,3.921052632,14.60052632,19.875,87.65,95977.5,1.777665,4.44,0
5296,13/08/2024 00:00,100,ut,4.705882353,13.42452,19.35,90.525,95972.5,1.33903275,3.72,0
5297,13/08/2024 01:00,178,ut,4.411764706,10.80704211,19,91.575,96047.5,2.2965475,5.52,0
5298,13/08/2024 02:00,425,ut,5.722222222,12.502074,18.925,93.175,96117.5,0.721676,3,0
5299,13/08/2024 03:00,1659,ut,5.857142857,14.79491053,17.95,95.7,96252.5,1.34809525,3.84,0
5300,13/08/2024 04:00,2439,ut,5.95,18.766955,18.5,92.13333333,96243.33333,2.82806,6.4,0
5301,13/08/2024 05:00,2651,ut,6.131578947,10.36746895,21.425,81.35,95835,1.36148075,3.6,0
5302,13/08/2024 06:00,2755,ut,20.82051282,3.906773684,25.4,69.15,95062.5,1.926535,5.76,0
5303,13/08/2024 07:00,2572,ut,11.02631579,3.961826842,28.8,58.575,94382.5,2.18547,6.72,0
5304,13/08/2024 08:00,2541,ut,6.6,2.6164954,31.125,51.825,93985,1.9143075,5.76,0
5305,13/08/2024 09:00,2514,ut,6,0.873379722,32.225,50.45,93712.5,2.329325,6.72,0
5306,13/08/2024 10:00,2554,ut,5.974358974,0.6380828,33.375,47.925,93442.5,3.076375,7.92,0
5307,13/08/2024 11:00,2456,ut,5.358974359,0.440125184,34.425,43.4,93197.5,3.4487825,10.08,0
5308,13/08/2024 12:00,2882,ut,3.820512821,0.402556665,35.325,41.025,92897.5,3.4608225,8.88,0
5309,13/08/2024 13:00,2857,ut,3.923076923,1.512853474,36.175,40.95,92680,4.64412,13.08,0
5310,13/08/2024 14:00,2446,ut,3.526315789,2.905754737,36.325,39.675,92450,3.36249,9.84,0
5311,13/08/2024 15:00,2416,ut,4.179487179,3.242876316,34.35,43,92857.5,3.4728525,9.24,0
5312,13/08/2024 16:00,2103,ut,4.41025641,14.8741015,31.625,51.8,93455,1.88812,5.28,0
5313,13/08/2024 17:00,966,ut,5.128205128,59.82624737,27.85,67.1,94140,0.98454225,2.88,0
5314,13/08/2024 18:00,539,ut,5.875,59.00237,25.76666667,74.56666667,94590,0.695535333,2.72,0
5315,13/08/2024 19:00,344,ut,6.315789474,48.56653158,24.325,79.6,94975,1.0360495,5.04,0
5316,13/08/2024 20:00,196,ut,5.4,26.38989,24.2,77.8,95145,1.6317325,6.48,0
5317,13/08/2024 21:00,142,ut,4.529411765,14.01229765,26.125,63.7,94990,3.5708525,10.32,0
5318,13/08/2024 22:00,83,ut,4.825,5.3759485,26.025,61.6,94895,4.53647,15.72,0
5319,13/08/2024 23:00,101,ut,4.526315789,4.524841053,24.65,66.925,95015,1.4687725,6.48,0
5320,14/08/2024 00:00,90,st,4.289473684,3.98138,23.425,68.775,95160,1.7654325,6.72,0
5321,14/08/2024 01:00,183,st,4.815789474,3.866575263,22.675,69.225,95312.5,1.67905975,5.88,0
5322,14/08/2024 02:00,428,st,4.894736842,5.894514,21,74.825,95560,1.31461275,3.72,0
5323,14/08/2024 03:00,1701,st,5.157894737,7.252690526,19.8,79.3,95772.5,1.2741405,4.2,0
5324,14/08/2024 04:00,2381,st,6.425,28.963885,21.2,75.05,95817.5,0.82610025,3.12,0
5325,14/08/2024 05:00,2745,st,8.763157895,19.81696632,25.225,63.5,95165,1.427096,4.44,0
5326,14/08/2024 06:00,2705,st,7.552631579,3.1359645,26.6,57.46666667,94643.33333,3.05376,7.2,0
5327,14/08/2024 07:00,2648,st,6.157894737,2.927344737,29.925,46.725,94140,2.6264275,7.92,0
5328,14/08/2024 08:00,2511,st,5.256410256,2.4097078,30.825,44.75,93777.5,2.3379425,6,0
5329,14/08/2024 09:00,2627,st,5.054054054,0.739459368,32.175,42.275,93592.5,2.993015,8.04,0
5330,14/08/2024 10:00,2507,st,5,0.6510194,33.3,39.825,93412.5,3.19382,8.4,0
5331,14/08/2024 11:00,2686,st,6.648648649,1.258425211,34.825,38.825,93132.5,2.6566375,6.96,0
5332,14/08/2024 12:00,2924,st,8.256410256,1.0059357,33.8,41.25,92935,3.95799,10.44,0
5333,14/08/2024 13:00,2881,st,5.236842105,3.822487,33.5,43.45,93037.5,4.0668325,11.4,0
5334,14/08/2024 14:00,2664,st,5.157894737,12.60779526,33.375,46.15,93175,3.775235,10.8,0
5335,14/08/2024 15:00,2493,st,5.078947368,7.2122935,32.525,49.2,93192.5,3.163815,7.92,0
5336,14/08/2024 16:00,1947,st,5.368421053,6.882057368,31.725,51.7,93422.5,1.6050175,5.16,0
5337,14/08/2024 17:00,1469,st,6.921052632,33.363381,28.3,64.1,93977.5,1.0722565,2.88,0
5338,14/08/2024 18:00,1091,st,8.052631579,54.38637368,25.05,75.25,94735,1.485193,3.24,0
5339,14/08/2024 19:00,612,st,6.421052632,49.371045,23.725,79.8,95152.5,1.7891265,4.68,0
5340,14/08/2024 20:00,418,st,6.368421053,35.06632632,22.93333333,81.2,95343.33333,2.002916667,5.76,0
5341,14/08/2024 21:00,226,st,5.823529412,22.17864706,21.8,84.725,95497.5,1.802538,5.28,0
5342,14/08/2024 22:00,142,st,6.108108108,17.21439444,21,86.6,95667.5,2.0439625,5.88,0
5343,14/08/2024 23:00,121,st,6.051282051,13.157951,20.45,89.375,95837.5,1.7287725,5.76,0
5344,15/08/2024 00:00,119,ct,6.513513514,10.53866158,21,87.95,95862.5,1.771382,5.28,0
5345,15/08/2024 01:00,166,ct,8.621621622,11.61567474,20.75,90.175,95830,1.437172,4.44,0
5346,15/08/2024 02:00,416,ct,8.297297297,18.25853684,20.65,90.35,95877.5,1.6195525,4.32,0
5347,15/08/2024 03:00,1692,ct,7.230769231,11.601574,21.075,90.325,95847.5,1.6206875,5.64,0
5348,15/08/2024 04:00,2343,ct,7.153846154,14.11882,22.575,85.9,95742.5,1.9469475,5.88,0
5349,15/08/2024 05:00,2448,ct,8.974358974,3.5423515,24.775,76.775,95425,2.601555,7.92,0
5350,15/08/2024 06:00,2525,ct,8.026315789,3.729501053,24.7,78.35,95432.5,1.9553925,5.76,0
5351,15/08/2024 07:00,2687,ct,5.210526316,4.488702,27.325,69.175,95167.5,3.1028325,8.4,0
5352,15/08/2024 08:00,2643,ct,4.447368421,2.592483684,30.03333333,60,94590,2.698706667,6.88,0
5353,15/08/2024 09:00,2534,ct,4.157894737,0.9843696,30.9,56.175,94235,2.994935,7.08,0
5354,15/08/2024 10:00,2035,ct,4.972222222,1.9331875,30.875,56.225,93957.5,4.842235,11.52,0
5355,15/08/2024 11:00,1058,ct,4.846153846,102.02535,21.125,95.95,95382.5,5.6185225,16.32,5.25
5356,15/08/2024 12:00,1561,ct,2.891891892,31.49801789,29.375,65.75,94725,2.4473425,7.68,0
5357,15/08/2024 13:00,1567,ct,3.142857143,1.290013333,32.23333333,55.1,93826.66667,1.97461,5.28,0
5358,15/08/2024 14:00,1482,ct,3.888888889,2.672030556,32.9,53.6,93585,2.43641,6.96,0
5359,15/08/2024 15:00,1598,ct,3.864864865,2.777092778,31.475,55.75,93755,1.90259,5.88,0
5360,15/08/2024 16:00,1306,ct,4.486486486,4.863001053,30.875,57.85,94030,1.53958975,5.04,0
5361,15/08/2024 17:00,926,ct,5.307692308,23.4300055,28.45,69.75,94437.5,1.17814775,4.08,0
5362,15/08/2024 18:00,600,ct,6.621621622,54.85991579,25.275,87.5,95032.5,0.95004675,2.88,0
5363,15/08/2024 19:00,385,ct,5.763157895,31.23704737,23.975,90,95420,1.28483475,3.96,0
5364,15/08/2024 20:00,477,ct,5.243243243,18.04177368,23.025,89.375,95660,1.45212,4.2,0
5365,15/08/2024 21:00,258,ct,5.285714286,17.76708333,22.36666667,90.6,95823.33333,2.41358,4.96,0
5366,15/08/2024 22:00,148,ct,5.710526316,17.81562632,21.25,94.925,96015,1.78333475,4.44,0
5367,15/08/2024 23:00,143,ct,5.921052632,17.43156,20.425,96.95,96185,2.1750275,5.4,0
5368,16/08/2024 00:00,106,pa,5.689655172,10.86753368,19.65,98.5,96322.5,1.21259925,3.48,0
5369,16/08/2024 01:00,172,pa,5.783783784,8.294196,18.975,98.4,96427.5,2.6382375,5.64,0
5370,16/08/2024 02:00,398,pa,4.892857143,5.731863684,18.5,98.575,96502.5,2.5868175,5.28,0
5371,16/08/2024 03:00,845,pa,5.527777778,7.3700765,18.05,99.3,96585,2.27266,5.52,0
5372,16/08/2024 04:00,1182,pa,5.820512821,10.05634684,18.9,95.075,96542.5,2.2870975,5.4,0
5373,16/08/2024 05:00,1289,pa,5.948717949,8.1884055,23.075,80.2,95915,2.009195,3.84,0
5374,16/08/2024 06:00,1358,pa,7,3.024368421,27.45,66.875,95055,1.2987525,3.96,0
5375,16/08/2024 07:00,1345,pa,7.025641026,4.093931,28.9,62.875,94600,1.48884,4.68,0
5376,16/08/2024 08:00,1385,pa,7.461538462,3.211013053,31.075,56.9,94357.5,2.41666,6.36,0
5377,16/08/2024 09:00,1428,pa,4.475,0.243263395,31.06666667,52.13333333,94233.33333,3.908353333,9.92,0
5378,16/08/2024 10:00,1421,pa,2.973684211,0.180236704,32.1,45.95,94070,3.87199,8.76,0
5379,16/08/2024 11:00,1505,pa,3.2,0.60631215,32.575,45.075,93800,3.9510925,9.24,0
5380,16/08/2024 12:00,1560,pa,2.868421053,0.720809837,33.6,41.975,93477.5,3.86231,11.4,0
5381,16/08/2024 13:00,1518,pa,2.925,1.9312132,33.525,42.75,93525,3.0203575,8.16,0
5382,16/08/2024 14:00,1510,pa,3.052631579,2.806550526,33.275,43.05,93330,3.525035,11.28,0
5383,16/08/2024 15:00,1364,pa,3.325,7.2414915,34.05,43.525,93505,2.40124,7.2,0
5384,16/08/2024 16:00,1217,pa,4.052631579,3.634988947,31.7,48.675,93700,2.1112575,5.04,0
5385,16/08/2024 17:00,787,pa,6.25,58.485201,27.575,67.45,94330,1.252425,3.48,0
5386,16/08/2024 18:00,601,pa,4.974358974,65.31262105,24.8,76.875,94975,1.681465,4.08,0
5387,16/08/2024 19:00,458,pa,4.894736842,35.121335,23.525,81,95365,1.57948,4.68,0
5388,16/08/2024 20:00,319,pa,4.846153846,28.24371579,22.325,83.125,95597.5,2.36438,5.76,0
5389,16/08/2024 21:00,214,pa,4.971428571,22.95995,21.33333333,87.1,95756.66667,2.19792,5.12,0
5390,16/08/2024 22:00,136,pa,5.657894737,17.72168947,20.36666667,90.83333333,95923.33333,1.494886667,4,0
5391,16/08/2024 23:00,86,pa,4.529411765,15.935805,19.825,92.3,96010,1.565631,4.44,0
5392,17/08/2024 00:00,99,so,5.342105263,16.04062632,19.4,92.7,96072.5,1.536007,4.44,0
5393,17/08/2024 01:00,155,so,4.41025641,14.49479,18.65,95.95,96157.5,1.7293375,4.08,0
5394,17/08/2024 02:00,293,so,4.971428571,13.73084737,18.325,97.2,96255,0.509875,2.76,0
5395,17/08/2024 03:00,654,so,4.256410256,14.666005,18,97,96295,2.10200225,5.64,0
5396,17/08/2024 04:00,820,so,4.205128205,12.48280632,19.55,89.975,96197.5,1.9192895,5.04,0
5397,17/08/2024 05:00,1136,so,6.512820513,17.5632505,23.5,76.075,95452.5,1.5476975,4.68,0
5398,17/08/2024 06:00,1549,so,5.717948718,3.015642632,26.725,66.65,94732.5,1.56877625,4.2,0
5399,17/08/2024 07:00,2002,so,5.871794872,6.088902,30.35,56.25,94155,1.47056,4.92,0
5400,17/08/2024 08:00,2357,so,3.542857143,1.775433529,30.15,53.45,93972.5,3.55573,8.4,0
5401,17/08/2024 09:00,2272,so,3.2,1.28838035,29.2,52.825,94095,3.46245,8.4,0
5402,17/08/2024 10:00,2146,so,2.763157895,3.000933158,26.96666667,59.16666667,94423.33333,4.993023333,11.52,0
5403,17/08/2024 11:00,2184,so,2.641025641,9.10874,27.575,61.975,94525,5.2453825,11.28,0
5404,17/08/2024 12:00,2196,so,2.527777778,2.029321632,30.55,51.775,94037.5,3.258795,8.4,0
5405,17/08/2024 13:00,1981,so,2.512820513,0.8081912,33.275,44.25,93260,3.374305,9.72,0
5406,17/08/2024 14:00,2063,so,2.378378378,2.249679789,32.5,46.65,93100,2.2425725,6.36,0
5407,17/08/2024 15:00,2149,so,2.641025641,3.143543,31.225,48.6,93332.5,2.6433575,6.96,0
5408,17/08/2024 16:00,1812,so,2.842105263,21.31684895,28.925,57,93950,2.449785,6.36,0
5409,17/08/2024 17:00,1554,so,3,15.8384945,28.025,60.875,94222.5,2.43154,6,0
5410,17/08/2024 18:00,1226,so,3.486486486,17.79761368,25.825,70.925,94572.5,1.9908125,5.16,0
5411,17/08/2024 19:00,961,so,2.864864865,15.87806316,24.95,72.275,94912.5,1.90711,6.84,0
5412,17/08/2024 20:00,564,so,3.605263158,27.43720526,24.1,76.95,95045,1.736175,6.12,0
5413,17/08/2024 21:00,368,so,4.941176471,27.68488056,23.4,78.05,95090,1.4647165,4.8,0
5414,17/08/2024 22:00,291,so,4.684210526,19.10392,22.5,79.775,95182.5,0.8529785,2.76,0
5415,17/08/2024 23:00,194,so,5.846153846,31.32548,21.3,87.66666667,95340,0.472414,1.92,0
5416,18/08/2024 00:00,118,ne,6.216216216,24.68935263,20.525,93.825,95480,0.68072412,2.64,0
5417,18/08/2024 01:00,120,ne,6.257142857,19.812075,19.925,97.725,95577.5,1.2406035,3.96,0
5418,18/08/2024 02:00,156,ne,6.25,14.598095,19.25,99.525,95655,0.46437325,2.16,0
5419,18/08/2024 03:00,397,ne,6.861111111,13.59450105,18.8,99.8,95697.5,1.34348075,5.52,0
5420,18/08/2024 04:00,473,ne,7.060606061,11.1662515,19.2,98.2,95677.5,1.446267,5.04,0
5421,18/08/2024 05:00,539,ne,8.026315789,9.010141579,21,93.2,95445,0.7288805,3.24,0
5422,18/08/2024 06:00,903,ne,8.975,5.27947,22.775,86.975,95065,0.788154,2.76,0
5423,18/08/2024 07:00,1330,ne,8.236842105,3.797282105,24.975,78.75,94592.5,1.3251075,4.32,0
5424,18/08/2024 08:00,1928,ne,6.564102564,3.636597895,28.025,68.75,94105,2.356925,6.24,0
5425,18/08/2024 09:00,1935,ne,6.2,2.186338947,28.925,66.975,93780,2.74547,7.08,0
5426,18/08/2024 10:00,1976,ne,5.282051282,1.02435525,29.55,62.975,93395,3.6334025,10.2,0
5427,18/08/2024 11:00,2197,ne,4.58974359,2.749731368,29.56666667,59.83333333,93340,3.69807,9.12,0
5428,18/08/2024 12:00,2431,ne,4.641025641,4.617229,28.9,61.35,93555,1.607415,5.04,0
5429,18/08/2024 13:00,2387,ne,5.666666667,27.34523579,23.575,81.35,94332.5,3.870725,14.04,0.7
5430,18/08/2024 14:00,1944,ne,5.615384615,91.390895,20.3,97.275,95187.5,3.3662025,10.44,1.4875
5431,18/08/2024 15:00,2068,ne,3.820512821,53.27542632,20.7,95.35,95270,2.9048175,8.28,0.4375
5432,18/08/2024 16:00,1900,ne,3.487179487,31.300205,20.6,96.05,95265,1.169307,3.96,0.0875
5433,18/08/2024 17:00,1365,ne,4.842105263,24.73396842,20.55,97.375,95322.5,0.674334,3.12,0.0875
5434,18/08/2024 18:00,948,ne,6.315789474,16.744776,20.6,99.325,95350,0.98773525,3.36,0.0875
5435,18/08/2024 19:00,587,ne,7.052631579,13.72558421,20.5,99.8,95380,0.5924875,3,0
5436,18/08/2024 20:00,370,ne,7.921052632,10.0936965,20.275,100,95430,0.870123,3,0
5437,18/08/2024 21:00,240,ne,8.617647059,12.93595,20.3,100,95470,0.370190667,2.72,0
5438,18/08/2024 22:00,204,ne,3.842105263,4.6211795,20.75,97.875,95455,2.010599,6.48,0
5439,18/08/2024 23:00,116,ne,1.842105263,4.242638421,20.96666667,95.03333333,95443.33333,3.26821,8.32,0
5440,19/08/2024 00:00,161,po,2.157894737,6.7612105,20.175,99.675,95560,1.62269,5.4,0.4375
5441,19/08/2024 01:00,198,po,1.166666667,5.204133158,19.475,98.5,95735,3.2508675,8.76,0.2625
5442,19/08/2024 02:00,607,po,0.861111111,3.325221,18.5,92.025,95927.5,7.0541375,23.64,0
5443,19/08/2024 03:00,1763,po,2.131578947,3.231217895,17.5,85.625,96177.5,4.98285,15,0
5444,19/08/2024 04:00,2566,po,3.333333333,3.0688555,17.375,78,96317.5,5.9670225,18.84,0.0875
5445,19/08/2024 05:00,2659,po,3.135135135,3.269585263,18.25,74.425,96287.5,4.3685275,13.68,0
5446,19/08/2024 06:00,2722,po,3.696969697,3.648786,19.175,72.75,96160,5.56419,18.48,0
5447,19/08/2024 07:00,2526,po,2.638888889,3.520521053,19.65,69.525,96090,6.551145,19.68,0
5448,19/08/2024 08:00,2592,po,2.692307692,3.767888,20.425,66.225,96012.5,4.6180625,12.6,0
5449,19/08/2024 09:00,2513,po,3.358974359,3.474416316,21.775,61.05,95850,5.6563575,15.36,0
5450,19/08/2024 10:00,2554,po,3.435897436,2.8876345,22.93333333,57.2,95506.66667,5.768196667,16.8,0
5451,19/08/2024 11:00,2459,po,3.666666667,2.978186842,23.825,57.025,95427.5,6.6742425,17.28,0
5452,19/08/2024 12:00,2885,po,3.358974359,2.5833675,23.5,60.025,95265,6.30951,18.36,0
5453,19/08/2024 13:00,2972,po,3.315789474,4.064763158,24.025,61.025,95342.5,5.6937,16.92,0
5454,19/08/2024 14:00,2629,po,2.875,8.9709,23.575,61.1,95422.5,4.3100325,13.08,0
5455,19/08/2024 15:00,2378,po,2.947368421,6.306168947,23.7,60.725,95452.5,4.5633,13.2,0
5456,19/08/2024 16:00,1915,po,3.25,6.344855,23.65,59.975,95355,4.62546,13.08,0
5457,19/08/2024 17:00,1370,po,3.657894737,10.56622421,21.875,65.25,95750,3.766025,9,0
5458,19/08/2024 18:00,943,po,4.525,29.621925,18.7,84.525,96295,1.1631175,3.12,0
5459,19/08/2024 19:00,583,po,4.447368421,32.393,17.25,89.75,96745,1.08193175,3.36,0
5460,19/08/2024 20:00,368,po,4.45,22.60098,16.425,92.95,96975,1.287397,3.96,0
5461,19/08/2024 21:00,226,po,3.941176471,19.30633529,15.76666667,94.26666667,97073.33333,1.7088,4.8,0
5462,19/08/2024 22:00,126,po,3.925,14.955455,15.13333333,96.1,97150,1.254653667,3.36,0
5463,19/08/2024 23:00,113,po,4.205128205,12.42424211,14.85,96.55,97190,1.64188175,4.32,0
5464,20/08/2024 00:00,104,ut,4.631578947,10.04602211,14.525,97.125,97205,1.98644675,5.88,0
5465,20/08/2024 01:00,166,ut,4.717948718,9.311723684,14.175,98.75,97260,0.8539405,2.88,0
5466,20/08/2024 02:00,433,ut,4.58974359,9.0218965,13.8,99.575,97295,0.448750875,2.52,0
5467,20/08/2024 03:00,1721,ut,4.58974359,9.450081053,13.575,99.35,97295,1.85383975,4.8,0
5468,20/08/2024 04:00,2450,ut,4.684210526,10.80694579,14.8,94.45,97235,0.677120825,2.52,0
5469,20/08/2024 05:00,2681,ut,6.222222222,7.836235263,19.3,78.05,96502.5,1.001549,3,0
5470,20/08/2024 06:00,2698,ut,6.538461538,3.9256845,22.375,67.925,95725,1.237099,3.96,0
5471,20/08/2024 07:00,2630,ut,11.36842105,15.59324889,22.4,72.15,95642.5,2.748495,6.84,0
5472,20/08/2024 08:00,2619,ut,10.33333333,14.5230335,25.33333333,61.9,95190,2.633273333,7.2,0
5473,20/08/2024 09:00,2567,ut,6.282051282,1.955122105,26.425,58.275,94870,2.653735,7.32,0
5474,20/08/2024 10:00,2511,ut,5,2.106668,26.15,58.625,94767.5,2.321745,5.76,0
5475,20/08/2024 11:00,2615,ut,3.769230769,1.264546421,28.425,54.975,94420,2.8120375,8.04,0
5476,20/08/2024 12:00,2829,ut,3.564102564,2.37437315,27.525,57.075,94130,3.1647875,8.52,0
5477,20/08/2024 13:00,2927,ut,2.875,3.189256,29.675,51.9,93830,3.1911825,9.36,0
5478,20/08/2024 14:00,2759,ut,3.065217391,5.503699565,28.775,54.25,93892.5,3.7516,9.84,0
5479,20/08/2024 15:00,2608,ut,2.815789474,6.189803158,26.95,58.65,94230,3.6716275,9.36,0
5480,20/08/2024 16:00,1937,ut,3.125,7.0352425,26.275,60.625,94495,3.1428325,6.6,0
5481,20/08/2024 17:00,1403,ut,3.842105263,14.87941263,24.65,71.25,94762.5,1.87204,4.32,0
5482,20/08/2024 18:00,1035,ut,4.425,18.192615,22.075,84.425,95185,1.4502885,4.08,0
5483,20/08/2024 19:00,641,ut,4.578947368,28.20591053,21.2,85.775,95450,0.851892525,2.88,0
5484,20/08/2024 20:00,407,ut,5,24.669925,21.15,86.325,95452.5,1.31245625,3.72,0
5485,20/08/2024 21:00,200,ut,4.823529412,20.90547059,21.16666667,87.53333333,95436.66667,1.089840667,3.36,0
5486,20/08/2024 22:00,152,ut,5.15,20.921885,20.6,92.575,95445,1.442191,4.32,0
5487,20/08/2024 23:00,113,ut,5.948717949,25.99182632,20.1,96.45,95522.5,1.113308,3,0.525
5488,21/08/2024 00:00,80,st,7.153846154,26.61329,19.625,99.95,95595,0.825618,3,0
5489,21/08/2024 01:00,75,st,6.771428571,17.0305,19.55,100,95605,0.973631,3,0
5490,21/08/2024 02:00,218,st,6.96969697,13.478745,19.525,100,95587.5,1.544753,4.56,0
5491,21/08/2024 03:00,884,st,6.970588235,7.994345882,20.25,94.25,95565,2.4354675,8.52,0.0875
5492,21/08/2024 04:00,1340,st,6.432432432,3.123444211,20,88.35,95617.5,2.1843875,7.68,0
5493,21/08/2024 05:00,1420,st,7.085714286,3.938936842,19.9,91.575,95740,1.40585325,4.44,0
5494,21/08/2024 06:00,1480,st,7.829268293,2.4567925,22.6,71.35,95460,2.9170625,10.56,0
5495,21/08/2024 07:00,1422,st,5.717948718,2.548042222,23.525,64.575,95130,5.1813825,15,0
5496,21/08/2024 08:00,1382,st,5.05,2.3223035,24.075,61.05,95077.5,5.66412,16.56,0
5497,21/08/2024 09:00,1389,st,5.052631579,2.667921579,23.3,61.2,95073.33333,4.899713333,12.32,0
5498,21/08/2024 10:00,1374,st,5.1,3.0678805,23.175,61.2,95272.5,5.79888,15.84,0
5499,21/08/2024 11:00,1458,st,3.868421053,1.212408316,25.675,49.575,94967.5,6.278565,18.48,0
5500,21/08/2024 12:00,1587,st,3.153846154,0.99380205,25.425,45.4,94842.5,8.33339,22.32,0
5501,21/08/2024 13:00,1586,st,2.631578947,1.552426526,25.875,39.55,94772.5,7.4386975,18.36,0
5502,21/08/2024 14:00,1455,st,2.125,2.6328025,25.125,36.525,94805,7.5875475,19.56,0
5503,21/08/2024 15:00,1356,st,2.394736842,4.741615263,24.375,40.275,95107.5,6.726765,16.2,0
5504,21/08/2024 16:00,1011,st,2.425,10.560067,23.125,42.775,95380,3.327975,10.32,0
5505,21/08/2024 17:00,743,st,3.289473684,19.29194947,20.325,57.7,95882.5,1.356156,3.84,0
5506,21/08/2024 18:00,531,st,5.378378378,46.40336,16.825,75.175,96550,1.35216,3.36,0
5507,21/08/2024 19:00,298,st,4.923076923,46.44903,15.75,80.175,96922.5,1.1864085,3.96,0
5508,21/08/2024 20:00,216,st,3.128205128,37.86312632,14.675,84.725,97167.5,2.762055,6.12,0
5509,21/08/2024 21:00,110,st,2.911764706,23.29279412,13.9,86.2,97346.66667,2.853283333,6.72,0
5510,21/08/2024 22:00,92,st,3.205128205,22.04495263,13.425,88.275,97427.5,2.8499775,6.96,0
5511,21/08/2024 23:00,55,st,3.743589744,18.388985,12.825,91.05,97517.5,1.9656775,4.92,0
5512,22/08/2024 00:00,55,ct,3.820512821,13.46172421,12.6,90.925,97570,2.39011,6.48,0
5513,22/08/2024 01:00,105,ct,3.923076923,12.387456,12.325,94,97572.5,1.12785475,3.48,0
5514,22/08/2024 02:00,370,ct,3.820512821,11.67446,12.3,94.5,97565,0.75454825,2.76,0
5515,22/08/2024 03:00,1611,ct,3.717948718,12.371997,12.125,95.35,97567.5,1.1642955,3.48,0
5516,22/08/2024 04:00,2393,ct,4.256410256,12.74226421,12.05,94.85,97577.5,1.77015725,4.44,0
5517,22/08/2024 05:00,2515,ct,4.5,14.951217,14.55,84.275,97265,1.07746925,3.72,0
5518,22/08/2024 06:00,2675,ct,5.657894737,13.34042632,17.325,72.3,96777.5,0.7882135,2.88,0
5519,22/08/2024 07:00,2681,ct,7.15,9.623364,18.3,68.7,96363.33333,1.39525,4,0
5520,22/08/2024 08:00,2446,ct,5.157894737,3.371454211,22.65,55.075,95780,1.64596,4.92,0
5521,22/08/2024 09:00,2553,ct,4.175,1.31521365,23.375,49.9,95367.5,4.0506325,9,0
5522,22/08/2024 10:00,2491,ct,3.578947368,1.649771368,24.075,47,95192.5,5.146075,12,0
5523,22/08/2024 11:00,2742,ct,3.2,1.5893069,25.45,43.6,94940,5.1402525,12.84,0
5524,22/08/2024 12:00,3007,ct,3.052631579,1.465608842,26.15,40.625,94660,5.5898,13.92,0
5525,22/08/2024 13:00,3070,ct,2.875,24.695783,26.125,41.425,94445,6.44748,16.2,0
5526,22/08/2024 14:00,2914,ct,3.473684211,48.99395474,26.875,39.625,94237.5,5.266925,13.8,0
5527,22/08/2024 15:00,2671,ct,2.6,3.5017455,26.35,40.775,94490,3.6569325,8.76,0
5528,22/08/2024 16:00,2173,ct,2.289473684,3.806800526,25.175,42.35,94597.5,2.6946575,6.84,0
5529,22/08/2024 17:00,1497,ct,3.65,22.3474585,21.325,60.125,95245,1.13307025,3.12,0
5530,22/08/2024 18:00,1101,ct,5.675675676,37.01956316,17.975,75.85,95955,1.471455,3.48,0
5531,22/08/2024 19:00,644,ct,4.526315789,45.23174211,16.8,80.53333333,96363.33333,1.126749,3.04,0
5532,22/08/2024 20:00,486,ct,4.307692308,29.35263158,15.65,85.2,96585,1.75869,4.08,0
5533,22/08/2024 21:00,253,ct,4.058823529,18.63430588,14.425,91.875,96800,1.08655875,2.88,0
5534,22/08/2024 22:00,125,ct,3.923076923,23.76883684,13.725,93.225,96990,0.4172635,2.04,0
5535,22/08/2024 23:00,100,ct,3.6,26.70972,12.875,95.85,97142.5,0.4976975,2.16,0
5536,23/08/2024 00:00,92,pa,5.184210526,19.46763684,12.35,95.75,97227.5,1.1922565,4.2,0
5537,23/08/2024 01:00,177,pa,6.75,18.925665,12.225,95.95,97282.5,1.465033,4.92,0
5538,23/08/2024 02:00,440,pa,4.894736842,14.26413684,11.45,98.6,97332.5,0.758398,2.64,0
5539,23/08/2024 03:00,1585,pa,3.85,16.082695,11.125,98.475,97430,0.75864275,3,0
5540,23/08/2024 04:00,2317,pa,3.894736842,16.29536842,11.5,96.6,97432.5,1.309345,4.08,0
5541,23/08/2024 05:00,1585,pa,7.425,17.37505,14.4,85.6,97150,1.003677,3.68,0
5542,23/08/2024 06:00,1424,pa,11.16216216,14.82912333,18.7,73.05,96445,1.0808835,3.48,0
5543,23/08/2024 07:00,1530,pa,11.7,14.755546,21.25,65.7,95737.5,2.058595,5.28,0
5544,23/08/2024 08:00,2118,pa,6.894736842,12.75216632,24.275,58.225,95187.5,2.5714675,7.56,0
5545,23/08/2024 09:00,1806,pa,5.25,1.8880283,26.05,56.525,94867.5,3.6014275,9.36,0
5546,23/08/2024 10:00,2511,pa,5.894736842,0.997777579,28.9,51.65,94295,3.38367,9.48,0
5547,23/08/2024 11:00,2967,pa,5.575,0.90838915,30.25,48.55,93945,5.196275,12.96,0
5548,23/08/2024 12:00,3354,pa,5.842105263,0.489946211,31.625,41.7,93587.5,6.5928075,15.24,0
5549,23/08/2024 13:00,3225,pa,10.375,0.85066145,32.55,36.425,93420,6.429005,15.36,0
5550,23/08/2024 14:00,2959,pa,13.94736842,1.686348889,32.775,35.725,93257.5,5.9643,16.8,0
5551,23/08/2024 15:00,2737,pa,13.46153846,2.717914,31.85,38.55,93535,4.78437,12.84,0
5552,23/08/2024 16:00,2130,pa,14.07894737,4.961320556,29.65,43.15,93887.5,3.868255,10.56,0
5553,23/08/2024 17:00,1663,pa,10.86842105,26.48845737,26.775,53.1,94487.5,1.48177075,4.32,0
5554,23/08/2024 18:00,1217,pa,12.53846154,38.29115789,22.1,70.2,95206.66667,1.76681,4.32,0
5555,23/08/2024 19:00,783,pa,11.825,44.775445,20.025,77.15,95777.5,1.435715,3.6,0
5556,23/08/2024 20:00,588,pa,10.12820513,36.65161053,18.375,82.875,96175,1.39554,3.6,0
5557,23/08/2024 21:00,405,pa,9.571428571,25.02441111,17.35,84.725,96410,2.51276,6.12,0
5558,23/08/2024 22:00,270,pa,9.605263158,31.61641053,16.375,87.85,96595,2.0363925,5.16,0
5559,23/08/2024 23:00,141,pa,9.15,28.59638,15.8,90.13333333,96766.66667,1.373015333,3.52,0
5560,24/08/2024 00:00,150,so,10.5,34.87140526,15.05,93.675,96922.5,0.896198,2.88,0
5561,24/08/2024 01:00,184,so,8.65,20.189005,14.825,93.225,97015,2.0569625,6.12,0
5562,24/08/2024 02:00,299,so,7.342105263,16.04318947,14.35,94.6,97082.5,0.69562525,2.88,0
5563,24/08/2024 03:00,630,so,8.075,14.657916,13.775,96.05,97187.5,1.1347355,3.36,0
5564,24/08/2024 04:00,906,so,7.243243243,13.04752889,13.95,94.55,97230,1.22980025,3.24,0
5565,24/08/2024 05:00,1007,so,6.1,8.882381,18.46666667,76.66666667,96790,1.772383333,4.32,0
5566,24/08/2024 06:00,1124,so,8.789473684,3.999415789,24.6,58.225,95802.5,0.717859,3.12,0
5567,24/08/2024 07:00,1096,so,8.625,3.608158,26.375,52.75,95052.5,1.72316575,4.44,0
5568,24/08/2024 08:00,1256,so,11.76315789,3.465997895,28.6,48.575,94675,2.2772025,6,0
5569,24/08/2024 09:00,1249,so,11.85,1.8777009,31.075,45.325,94397.5,2.6378175,7.2,0
5570,24/08/2024 10:00,1186,so,8.102564103,0.751392105,31.725,43.9,94087.5,3.00991,8.04,0
5571,24/08/2024 11:00,1305,so,7.487179487,0.74095415,32.325,43.3,93682.5,4.326305,13.08,0
5572,24/08/2024 12:00,1270,so,7.692307692,0.452947,33.275,41.8,93425,6.2737325,15.96,0
5573,24/08/2024 13:00,1174,so,6.230769231,0.521798445,35.675,35.525,93110,5.6530525,14.52,0
5574,24/08/2024 14:00,1185,so,6.846153846,1.296582105,35.9,33.575,92907.5,6.1852325,16.2,0
5575,24/08/2024 15:00,1210,so,7.153846154,1.869054,35.275,34.85,93067.5,4.990775,11.4,0
5576,24/08/2024 16:00,1648,so,7.384615385,2.88903,33.25,37.275,93270,5.3186625,11.16,0
5577,24/08/2024 17:00,968,so,10.71794872,19.4475555,30.2,46,93837.5,1.879701,4.68,0
5578,24/08/2024 18:00,729,so,9.256410256,56.15327895,26.65,58.75,94440,1.24065075,4.08,0
5579,24/08/2024 19:00,920,so,10.275,70.26752,23.73333333,71.3,94883.33333,0.184657433,1.6,0
5580,24/08/2024 20:00,627,so,11.47368421,41.17680526,22.4,75.875,95202.5,0.41581195,2.64,0
5581,24/08/2024 21:00,505,so,13.31428571,37.04780556,22.65,73.425,95290,1.97963925,7.08,0
5582,24/08/2024 22:00,284,so,12.13157895,48.40274211,20.625,80.275,95485,1.21424975,3.48,0
5583,24/08/2024 23:00,202,so,11.33333333,32.531515,19.05,85.3,95735,1.788074,4.68,0
5584,25/08/2024 00:00,89,ne,10.65625,30.1624,18.325,87.55,95900,1.60938,5.28,0
5585,25/08/2024 01:00,102,ne,10.75675676,17.77092,19.075,85.375,95905,2.2251875,6,0
5586,25/08/2024 02:00,157,ne,11.15789474,8.713012105,19.375,83.55,95910,2.39139975,7.32,0
5587,25/08/2024 03:00,416,ne,11.66666667,7.87037,19,85.2,95960,1.85588125,5.04,0
5588,25/08/2024 04:00,514,ne,12.375,19.50008947,18.9,86.95,96140,0.69257775,2.4,0
5589,25/08/2024 05:00,560,ne,14.91666667,26.55536,20.625,81.975,95960,0.79936975,3.48,0
5590,25/08/2024 06:00,594,ne,13.15384615,12.37252211,21.13333333,81.6,95930,1.092188,3.52,0
5591,25/08/2024 07:00,727,ne,7.025641026,3.088754,25.975,64.7,95415,2.26831,7.68,0
5592,25/08/2024 08:00,907,ne,4.128205128,2.354978421,24.175,65.775,95370,7.2951725,18.48,0
5593,25/08/2024 09:00,1075,ne,2.487179487,2.9004615,22.925,63.1,95720,7.6651125,20.64,0
5594,25/08/2024 10:00,1037,ne,2.625,3.147257,22.925,60.8,95890,6.9083525,18.12,0
5595,25/08/2024 11:00,1132,ne,2.810810811,3.318193684,23.475,56.55,95840,5.5490625,14.64,0
5596,25/08/2024 12:00,1520,ne,2.7,10.6065865,20.25,71.725,96305,3.4798125,10.08,0
5597,25/08/2024 13:00,1404,ne,2.973684211,11.61411632,19.925,67.875,96545,3.1948275,7.8,0
5598,25/08/2024 14:00,2208,ne,3.575,20.232613,19.325,74.9,96717.5,2.5903225,6.12,0
5599,25/08/2024 15:00,2361,ne,3.794871795,24.97926842,19.2,81.85,96777.5,1.899568,4.92,0
5600,25/08/2024 16:00,2041,ne,3.444444444,16.58221,18.85,83.3,96817.5,1.17917175,3.72,0
5601,25/08/2024 17:00,1435,ne,3.628571429,11.67964737,18.13333333,85.83333333,96966.66667,1.009889667,3.52,0
5602,25/08/2024 18:00,1104,ne,4.222222222,12.279917,17.45,87.3,97152.5,2.5938025,6.6,0
5603,25/08/2024 19:00,634,ne,4.205128205,11.04323684,16.7,88.7,97317.5,2.4771125,6,0
5604,25/08/2024 20:00,479,ne,4.315789474,11.63204421,15.975,92.225,97447.5,2.267655,5.04,0
5605,25/08/2024 21:00,280,ne,3.657142857,10.35826471,15.2,94.625,97585,1.474597,3.72,0
5606,25/08/2024 22:00,169,ne,2.974358974,8.0583585,14.575,95.25,97710,1.733885,5.16,0
5607,25/08/2024 23:00,131,ne,2.897435897,7.997511579,14.175,96.05,97795,0.98614225,3.24,0
5608,26/08/2024 00:00,185,po,3,10.6012755,13.575,97.625,97877.5,1.506597,3.6,0
5609,26/08/2024 01:00,207,po,3.076923077,9.033238421,13.05,98.55,97947.5,0.9616165,3,0
5610,26/08/2024 02:00,555,po,3.435897436,7.730083,12.375,99.25,98050,1.16144775,3.48,0
5611,26/08/2024 03:00,1742,po,3.512820513,10.57514632,11.9,99.7,98146.66667,0.554710333,2.88,0
5612,26/08/2024 04:00,2626,po,3.75,8.317514,11.675,99.1,98235,1.0971685,3.84,0
5613,26/08/2024 05:00,1753,po,4.131578947,9.171190526,13.725,90.85,98097.5,1.8521675,4.32,0
5614,26/08/2024 06:00,1885,po,9.333333333,5.729375,20.5,69,97065,1.316145,3.96,0
5615,26/08/2024 07:00,2163,po,6.205128205,4.421566842,22.575,63,96317.5,2.3511975,6.12,0
5616,26/08/2024 08:00,1914,po,3.55,2.3840843,23.825,54.325,95972.5,2.998345,8.52,0
5617,26/08/2024 09:00,1729,po,2.710526316,0.866670895,25.05,46.25,95790,4.027305,10.8,0
5618,26/08/2024 10:00,2544,po,2.725,0.743343895,25.55,41.75,95497.5,3.7486275,11.04,0
5619,26/08/2024 11:00,2676,po,2.8125,1.363216875,27.2,39.925,95227.5,3.5528425,11.28,0
5620,26/08/2024 12:00,2687,po,3,1.720450889,27.25,40.65,95025,3.979735,13.68,0
5621,26/08/2024 13:00,2598,po,3.142857143,3.766922941,27.75,39.3,94980,4.16089,11.52,0
5622,26/08/2024 14:00,2845,po,2.9,3.6711785,27,40.25,94947.5,4.305795,10.8,0
5623,26/08/2024 15:00,2492,po,3,4.818217895,28.33333333,38.36666667,95023.33333,3.384573333,9.6,0
5624,26/08/2024 16:00,1953,po,3.076923077,8.7980745,25.325,44.7,95327.5,3.983155,9.84,0
5625,26/08/2024 17:00,1331,po,3.282051282,23.53123684,23.35,51,95920,4.982175,8.64,0
5626,26/08/2024 18:00,1011,po,4.975,33.997825,20.6,63.5,96417.5,1.59505575,3.84,0
5627,26/08/2024 19:00,577,po,4.5,36.44591429,17.83333333,75.9,96993.33333,0.834558633,4,0
5628,26/08/2024 20:00,455,po,3.275,34.23769,16.025,82.475,97375,2.2478925,6.48,0
5629,26/08/2024 21:00,222,po,3.314285714,29.66975882,15.225,85.65,97605,1.5339425,4.92,0
5630,26/08/2024 22:00,119,po,3.358974359,21.58974,14.55,88.05,97730,2.390835,5.76,0
5631,26/08/2024 23:00,90,po,3.692307692,17.46983684,14.225,89.825,97812.5,1.9163445,5.4,0
5632,27/08/2024 00:00,74,ut,4.05,16.55432,13.85,92.35,97905,1.616682,3.96,0
5633,27/08/2024 01:00,155,ut,3.435897436,13.44263158,12.875,94.775,98045,1.315162,3.72,0
5634,27/08/2024 02:00,406,ut,3.256410256,12.3346,12.2,95.76666667,98153.33333,2.812526667,7.36,0
5635,27/08/2024 03:00,1721,ut,3.307692308,14.72034737,11.675,96.825,98247.5,2.2477875,5.64,0
5636,27/08/2024 04:00,2483,ut,3.75,17.178275,11.525,97,98337.5,1.574529,3.72,0
5637,27/08/2024 05:00,2791,ut,3.842105263,11.63461211,15.25,83.55,98002.5,1.79805925,4.32,0
5638,27/08/2024 06:00,2672,ut,8.777777778,7.108241,21.2,65.575,97005,2.327785,5.28,0
5639,27/08/2024 07:00,2562,ut,7.307692308,8.366941053,24.15,59.1,96347.5,2.5995125,7.8,0
5640,27/08/2024 08:00,2612,ut,4.65,2.550097,25.85,51.2,95895,4.6261075,11.64,0
5641,27/08/2024 09:00,2440,ut,4.368421053,1.546530526,27.125,50.925,95615,3.88411,10.8,0
5642,27/08/2024 10:00,2555,ut,4.475,2.04160435,28.05,47.35,95277.5,4.61294,13.32,0
5643,27/08/2024 11:00,2566,ut,7.184210526,1.500048842,27.525,47.325,95062.5,4.2451075,12,0
5644,27/08/2024 12:00,2941,ut,11.35,1.09413655,29.15,43.05,94772.5,3.7469125,11.64,0
5645,27/08/2024 13:00,3072,ut,4.184210526,2.286009895,30.675,39.925,94492.5,3.1703925,10.08,0
5646,27/08/2024 14:00,2669,ut,4.175,5.4169705,30.2,43.16666667,94473.33333,3.989526667,10.88,0
5647,27/08/2024 15:00,2469,ut,3.947368421,8.683695263,29.225,45.875,94762.5,3.8946325,10.68,0
5648,27/08/2024 16:00,1994,ut,4.128205128,11.801805,27.375,51.525,94977.5,4.1804675,11.04,0
5649,27/08/2024 17:00,1432,ut,4.631578947,18.43854842,24.9,56.85,95607.5,6.435345,12.72,0
5650,27/08/2024 18:00,957,ut,5.15,28.321765,22.45,64.6,96100,3.3450875,7.92,0
5651,27/08/2024 19:00,598,ut,5,36.17871053,19.7,77.625,96622.5,0.58537375,2.16,0
5652,27/08/2024 20:00,408,ut,5.45,31.444745,18.45,81.975,96952.5,1.1659255,4.92,0
5653,27/08/2024 21:00,223,ut,5.5,27.15952941,17.45,86.6,97150,0.85752075,3.12,0
5654,27/08/2024 22:00,160,ut,5.75,20.326665,16.475,89.125,97285,1.001346,3.72,0
5655,27/08/2024 23:00,129,ut,5.897435897,19.81034737,15.875,90.625,97382.5,1.112598,4.32,0
5656,28/08/2024 00:00,89,st,6.102564103,18.939835,15.45,93.675,97447.5,1.03233325,4.56,0
5657,28/08/2024 01:00,129,st,6.131578947,15.19063684,14.8,94.13333333,97490,1.473806667,4.48,0
5658,28/08/2024 02:00,400,st,6.5,13.854055,14.25,95.325,97567.5,1.81557275,4.56,0
5659,28/08/2024 03:00,1709,st,6.948717949,16.63495789,13.9,96.125,97605,2.5528825,5.76,0
5660,28/08/2024 04:00,2523,st,7.230769231,20.898195,13.9,96.425,97657.5,0.8049045,3.12,0
5661,28/08/2024 05:00,2779,st,7.923076923,15.34505895,17.05,84.6,97370,1.03910775,3.84,0
5662,28/08/2024 06:00,2895,st,7.805555556,4.2478815,21.625,68.9,96520,0.98029125,3.72,0
5663,28/08/2024 07:00,2684,st,9.051282051,6.774536842,23.5,63.95,95965,2.3871075,6,0
5664,28/08/2024 08:00,2716,st,8.051282051,3.6433135,26.6,55.65,95452.5,2.9465375,8.28,0
5665,28/08/2024 09:00,2502,st,22.58974359,1.348344947,27.95,54.95,95102.5,2.8248975,7.92,0
5666,28/08/2024 10:00,2480,st,11.82051282,1.4305397,29.675,53.375,94842.5,3.5253275,9.6,0
5667,28/08/2024 11:00,2586,st,8.230769231,1.742876737,31.275,52.25,94372.5,3.6392675,9.12,0
5668,28/08/2024 12:00,3008,st,7.820512821,1.4974179,31.85,50.2,94065,4.4611325,12.24,0
5669,28/08/2024 13:00,3020,st,8.512820513,2.31672,31.8,49.96666667,93930,6.20655,15.36,0
5670,28/08/2024 14:00,2858,st,8.051282051,3.0020115,32.325,48.75,93825,5.154715,14.04,0
5671,28/08/2024 15:00,2615,st,8.435897436,3.882574211,32.3,50.65,93980,4.6439,11.16,0
5672,28/08/2024 16:00,2043,st,8.825,8.0829225,31.125,55.05,94155,2.8149575,9.72,0
5673,28/08/2024 17:00,1434,st,10.36111111,45.53590556,27.6,69.06666667,94746.66667,1.529633333,4.64,0
5674,28/08/2024 18:00,1108,st,11.625,45.284805,25.4,77.825,95247.5,0.578019,2.52,0
5675,28/08/2024 19:00,629,st,12.52631579,61.3936,23.65,84.55,95630,0,0,0
5676,28/08/2024 20:00,382,st,13.325,43.635385,22.375,89.35,95870,0,0,0
5677,28/08/2024 21:00,105,st,13.05882353,31.47299412,21.175,92.5,96072.5,0,0,0
5678,28/08/2024 22:00,83,st,13.075,20.59691,20.725,94.1,96207.5,0,0,0
5679,28/08/2024 23:00,108,st,12.65789474,15.76866842,20.225,95.55,96295,0,0,0
5680,29/08/2024 00:00,62,ct,12.5,14.367465,19.45,96.725,96377.5,2.27779,6.24,0
5681,29/08/2024 01:00,127,ct,12.45,11.1695635,19.075,97.05,96477.5,1.51604375,4.44,0
5682,29/08/2024 02:00,405,ct,12.58974359,11.49077053,18.8,97.66666667,96543.33333,2.838153333,6.08,0
5683,29/08/2024 03:00,1662,ct,11.53125,11.849153,18.375,98.25,96602.5,1.994415,4.56,0
5684,29/08/2024 04:00,2511,ct,15.3125,15.70749579,18.325,98.45,96680,1.611838,4.8,0
5685,29/08/2024 05:00,2834,ct,21.725,10.919416,21.1,87.125,96450,1.4991445,3.72,0
5686,29/08/2024 06:00,2806,ct,13.35897436,3.493657368,26.175,70.8,95607.5,1.1921115,3.24,0
5687,29/08/2024 07:00,2782,ct,14,4.344388,28.8,63.5,94905,1.345992,3.96,0
5688,29/08/2024 08:00,2493,ct,15.92307692,3.36927,32.025,55.35,94570,1.759495,5.76,0
5689,29/08/2024 09:00,2615,ct,12.8974359,0.7758907,33.025,51.5,94265,2.07093,6,0
5690,29/08/2024 10:00,2366,ct,10.74358974,0.116486967,34.4,45.075,93955,2.639365,6.84,0
5691,29/08/2024 11:00,1402,ct,7.282051282,0.226005914,36.35,36.875,93562.5,2.5790775,6.96,0
5692,29/08/2024 12:00,1793,ct,8.564102564,0.167255455,36.425,35.1,93240,3.33558,8.76,0
5693,29/08/2024 13:00,1854,ct,7.282051282,0.978513564,37.025,32.85,93072.5,3.4591,10.08,0
5694,29/08/2024 14:00,1754,ct,6.923076923,2.094993684,36.15,34,92997.5,3.606635,11.64,0
5695,29/08/2024 15:00,2335,ct,7.333333333,2.8302325,35.525,34.425,93445,3.3141375,9,0
5696,29/08/2024 16:00,2085,ct,7.025641026,21.14262842,33.03333333,41.16666667,93710,3.482413333,7.68,0
5697,29/08/2024 17:00,1617,ct,7.538461538,82.54341,27.725,57.2,94622.5,1.2371415,3,0
5698,29/08/2024 18:00,1126,ct,10.23076923,90.45460526,25.1,69.375,95332.5,1.06423025,3.36,0
5699,29/08/2024 19:00,655,ct,9.725,76.201295,23.2,76.525,95760,1.9408425,4.8,0
5700,29/08/2024 20:00,449,ct,9.210526316,43.23691579,21.8,81.175,96012.5,1.9208785,5.04,0
5701,29/08/2024 21:00,198,ct,9.764705882,41.93875882,20.625,84.875,96230,1.7124135,5.16,0
5702,29/08/2024 22:00,167,ct,9.736842105,21.53676316,20.075,87.2,96340,2.3366325,5.04,0
5703,29/08/2024 23:00,109,ct,10.02564103,21.80218421,19.3,91.2,96457.5,1.95178325,5.04,0
5704,30/08/2024 00:00,113,pa,10.17142857,18.30378421,18.775,93.175,96547.5,1.11459875,3.72,0
5705,30/08/2024 01:00,149,pa,10.66666667,16.79436,18.225,95.05,96680,0.56193625,2.16,0
5706,30/08/2024 02:00,389,pa,10.97435897,13.02845368,17.575,96.7,96772.5,1.3891825,4.56,0
5707,30/08/2024 03:00,1565,pa,10.85,14.752625,17.25,96.275,96840,1.325423,3.36,0
5708,30/08/2024 04:00,2412,pa,11.43243243,17.08441222,17.1,96.73333333,96906.66667,0.794156,2.72,0
5709,30/08/2024 05:00,2649,pa,10.675,7.957641,20.175,84.7,96657.5,2.3072045,5.04,0
5710,30/08/2024 06:00,2683,pa,12,3.580633684,26.125,65.15,95695,0.93272455,2.88,0
5711,30/08/2024 07:00,2714,pa,15.675,5.181358,27.525,63.075,95160,2.6070675,6.6,0
5712,30/08/2024 08:00,2732,pa,15.51351351,4.376378889,30.625,54.95,94725,2.3421725,6.84,0
5713,30/08/2024 09:00,2681,pa,12.325,0.66783789,34,47.35,94212.5,2.17037,6.96,0
5714,30/08/2024 10:00,2770,pa,11.65789474,0.209722735,34.475,43.325,93900,2.938855,8.28,0
5715,30/08/2024 11:00,2910,pa,9.7,0.7840926,35.225,43.3,93662.5,4.18305,12.72,0
5716,30/08/2024 12:00,3183,pa,8.631578947,1.134160526,35.075,42.375,93575,5.035105,13.32,0
5717,30/08/2024 13:00,3111,pa,7.825,2.789981,34.35,42.775,93662.5,5.346755,14.88,0
5718,30/08/2024 14:00,2854,pa,8.026315789,4.113596842,33.75,44.075,93797.5,5.5119275,13.56,0
5719,30/08/2024 15:00,2707,pa,8.075,4.2102085,33.1,45.625,94072.5,5.7975925,13.08,0
5720,30/08/2024 16:00,2140,pa,8.868421053,9.811424211,31.275,50.975,94257.5,4.5459975,11.64,0
5721,30/08/2024 17:00,1648,pa,9.55,28.35678,28.575,58.8,94837.5,3.700975,8.4,0
5722,30/08/2024 18:00,1226,pa,12.1025641,48.90492105,24.73333333,76.1,95366.66667,1.164706333,3.36,0
5723,30/08/2024 19:00,790,pa,12.20512821,61.43852,23.475,79.625,95790,1.20894325,3.48,0
5724,30/08/2024 20:00,535,pa,11.82051282,25.10224211,22.75,82.425,96035,0.49858675,2.28,0
5725,30/08/2024 21:00,346,pa,10.54285714,8.942601111,23.125,80.325,96145,0.901691,3.84,0
5726,30/08/2024 22:00,254,pa,9.102564103,8.098404737,23.475,76.55,96037.5,2.565935,6.36,0
5727,30/08/2024 23:00,169,pa,8.641025641,13.88305,22.55,79.425,96140,2.04290925,5.64,0
5728,31/08/2024 00:00,134,so,8.179487179,12.05904211,22.075,81.15,96240,3.4891575,9.72,0
5729,31/08/2024 01:00,139,so,8.825,11.341771,21.775,82.975,96307.5,2.668755,8.28,0
5730,31/08/2024 02:00,265,so,11.10526316,12.54646842,20.825,87.45,96417.5,3.279855,9.24,0
5731,31/08/2024 03:00,688,so,12.61111111,10.772485,20.225,88.175,96560,4.505625,13.32,0
5732,31/08/2024 04:00,944,so,13.33333333,7.079110526,19.625,87.25,96687.5,6.0293275,14.88,0
5733,31/08/2024 05:00,1224,so,8.184210526,3.9359725,20.15,79.6,96725,7.01425,18,0
5734,31/08/2024 06:00,1734,so,5.128205128,3.371311053,20.8,73.2,96573.33333,4.410913333,15.68,0
5735,31/08/2024 07:00,2348,so,5.666666667,3.771975,21.5,72.025,96442.5,2.9490975,10.8,0
5736,31/08/2024 08:00,2342,so,5.025641026,3.352138947,23.75,65.075,96102.5,4.735495,13.68,0
5737,31/08/2024 09:00,2213,so,5.230769231,2.17818,26.05,60.1,95730,5.560075,14.16,0
5738,31/08/2024 10:00,2168,so,5.820512821,2.338252105,27.4,57.55,95457.5,5.8298575,17.52,0
5739,31/08/2024 11:00,2330,so,5.923076923,2.4144745,28.725,55,95162.5,5.878055,15.84,0
5740,31/08/2024 12:00,2309,so,6.794871795,2.217906842,29.6,53.975,94890,5.3605075,14.4,0
5741,31/08/2024 13:00,2237,so,7.35,3.0574725,29.85,53.825,94717.5,6.00931,14.88,0
5742,31/08/2024 14:00,2218,so,6.263157895,4.005184211,29.3,55.65,94740,7.045375,17.76,0
5743,31/08/2024 15:00,2556,so,6.15,7.4175155,27.725,60.325,95117.5,6.894535,18.36,0
5744,31/08/2024 16:00,2249,so,5.947368421,13.06720211,25.775,66.55,95382.5,5.873825,14.64,0
5745,31/08/2024 17:00,1633,so,5.825,20.024165,23.275,74.75,95935,7.51388,17.64,0
5746,31/08/2024 18:00,1195,so,5.789473684,26.51688947,20.925,82.8,96410,5.621415,14.4,0
5747,31/08/2024 19:00,797,so,7.025,23.96021,19.9,86.2,96693.33333,3.939626667,10.72,0
5748,31/08/2024 20:00,519,so,6.473684211,19.76576842,19.325,88.075,96850,6.3075275,15.48,0
5749,31/08/2024 21:00,401,so,7.1875,16.94940556,18.925,89.775,96957.5,3.6689125,10.56,0
5750,31/08/2024 22:00,339,so,8.108108108,12.94999053,18.45,91.9,97022.5,1.91286525,6.48,0
5751,31/08/2024 23:00,204,so,8,11.513512,17.475,95.375,97150,0.462036225,2.04,0
5752,01/09/2024 00:00,142,ne,8,10.89303474,16.65,96.375,97262.5,0.897618,2.88,0
5753,01/09/2024 01:00,84,ne,8.325,10.623383,16,97.75,97342.5,1.203655,4.08,0
5754,01/09/2024 02:00,168,ne,8.842105263,7.815323684,15.575,98.2,97367.5,2.08182,5.28,0
5755,01/09/2024 03:00,437,ne,8.2,6.736733,15.2,98.675,97415,0.98522825,3.48,0
5756,01/09/2024 04:00,549,ne,8.236842105,7.771253158,14.95,98.425,97477.5,1.458287,3.96,0
5757,01/09/2024 05:00,841,ne,8.45,5.753079,17.625,89.25,97197.5,2.13843,5.04,0
5758,01/09/2024 06:00,1136,ne,10.18421053,3.797282105,21.96666667,75.7,96460,1.113983667,4,0
5759,01/09/2024 07:00,1544,ne,10,4.3634765,24.075,69.95,95885,1.7054875,5.4,0
5760,01/09/2024 08:00,1828,ne,9.842105263,5.020088421,25.625,65.675,95477.5,2.3093,6.24,0
5761,01/09/2024 09:00,1958,ne,8.45,2.4169,27.7,60.65,95157.5,3.038995,8.4,0
5762,01/09/2024 10:00,2178,ne,7.666666667,1.478018421,28.75,58.425,94865,3.04863,8.4,0
5763,01/09/2024 11:00,1732,ne,6.842105263,1.468309895,29.325,57.375,94482.5,3.36225,9.36,0
5764,01/09/2024 12:00,1223,ne,6.3,0.85767355,31.875,51.325,94097.5,3.155165,10.32,0
5765,01/09/2024 13:00,1492,ne,7.473684211,1.693953632,32.2,50.075,93827.5,3.22596,9.72,0
5766,01/09/2024 14:00,1707,ne,8.125,2.5799415,32.5,47.4,93670,3.754395,10.44,0
5767,01/09/2024 15:00,2002,ne,7,5.445134737,31.1,51.425,93977.5,4.95186,13.08,0
5768,01/09/2024 16:00,2494,ne,7.641025641,13.48544947,28.025,59.6,94420,6.810265,16.2,0
5769,01/09/2024 17:00,1965,ne,10.94736842,24.52544737,25.6,65.9,95057.5,5.9237475,14.04,0
5770,01/09/2024 18:00,1187,ne,10,27.55485,23.725,71.1,95490,2.49057725,7.8,0
5771,01/09/2024 19:00,632,ne,11.21621622,21.20629444,22.4,74.725,95787.5,2.2651725,6.72,0
5772,01/09/2024 20:00,361,ne,13.125,18.767675,21.36666667,78.2,95960,2.36292,6.88,0
5773,01/09/2024 21:00,230,ne,13.88235294,18.10701765,20.3,82.65,96140,1.368829,4.08,0
5774,01/09/2024 22:00,180,ne,13.97435897,20.059335,18.575,88.925,96380,1.150674,4.08,0
5775,01/09/2024 23:00,138,ne,13.87179487,18.65743684,17.25,92.875,96597.5,1.569215,4.8,0
5776,02/09/2024 00:00,161,po,13.425,15.132035,16.23333333,95.26666667,96746.66667,2.77897,6.4,0
5777,02/09/2024 01:00,254,po,13.28947368,12.99413684,15.85,96.45,96812.5,1.573565,4.8,0
5778,02/09/2024 02:00,554,po,13.45,10.952103,15.55,97.125,96847.5,2.0188875,4.92,0
5779,02/09/2024 03:00,1834,po,13.17948718,12.96873263,15.4,97.825,96902.5,0.44760175,2.76,0
5780,02/09/2024 04:00,2573,po,13.65789474,11.873827,15.2,97.825,96902.5,2.60088675,5.64,0
5781,02/09/2024 05:00,2602,po,14.10526316,11.11504579,19.625,82.6,96530,1.34758275,4.2,0
5782,02/09/2024 06:00,2759,po,17.025,4.917436,22.475,73.85,95742.5,2.02823,5.64,0
5783,02/09/2024 07:00,2561,po,15.48717949,9.049799474,25.33333333,65.86666667,95256.66667,1.433863333,4.48,0
5784,02/09/2024 08:00,2566,po,13.84615385,5.38138,27.25,61.475,94850,2.06861,6.24,0
5785,02/09/2024 09:00,2568,po,12.60526316,2.372178947,28.325,59.65,94592.5,2.6933325,7.08,0
5786,02/09/2024 10:00,2570,po,16.975,1.6241668,29.775,56.65,94375,2.7736175,7.68,0
5787,02/09/2024 11:00,2510,po,11.52631579,1.848736316,31.15,53.325,93965,3.136065,8.64,0
5788,02/09/2024 12:00,2021,po,11.875,2.6415955,31.05,53.35,93847.5,2.731205,7.92,0
5789,02/09/2024 13:00,1977,po,12.20512821,4.339009474,29.85,56.4,94045,3.0766425,8.64,0
5790,02/09/2024 14:00,1611,po,12.1025641,4.8771205,31.825,52,93830,3.09651,8.28,0
5791,02/09/2024 15:00,2282,po,11.82051282,4.071703684,30.4,52.9,93880,3.47892,10.2,0
5792,02/09/2024 16:00,1800,po,11.6,6.956966,29.1,55.525,94105,3.836525,9.48,0
5793,02/09/2024 17:00,1308,po,13.30769231,37.74394737,25.225,71,94777.5,1.815601,4.44,0
5794,02/09/2024 18:00,838,po,13.56410256,41.485315,22.85,80.25,95350,1.01939125,3,0
5795,02/09/2024 19:00,538,po,13.76315789,41.48462778,21.575,84,95640,1.8443475,5.04,0
5796,02/09/2024 20:00,355,po,13.15,27.72603,20.425,87.875,95827.5,1.37880475,4.32,0
5797,02/09/2024 21:00,193,po,13.58064516,21.26475882,19.76666667,90.06666667,96000,2.195756667,5.12,0
5798,02/09/2024 22:00,119,po,13.36363636,18.24698,19.3,91.925,96092.5,1.8438525,6.36,0
5799,02/09/2024 23:00,79,po,13.61538462,15.60391053,18.95,93.325,96187.5,1.2281635,4.92,0
5800,03/09/2024 00:00,114,ut,13.88571429,14.59679474,18.425,95.25,96262.5,1.5138,4.68,0
5801,03/09/2024 01:00,164,ut,14.42857143,12.74167053,18.25,96.275,96325,2.039275,4.68,0
5802,03/09/2024 02:00,472,ut,14.65,11.090205,18.025,96.975,96390,0.80597075,3,0
5803,03/09/2024 03:00,1772,ut,14.47058824,13.63939778,17.325,98.4,96475,1.52732475,4.32,0
5804,03/09/2024 04:00,2685,ut,15.15,15.184754,17.075,97.975,96560,2.754665,6.6,0
5805,03/09/2024 05:00,2908,ut,13.94871795,13.64858684,20.075,86.375,96352.5,1.42764325,4.32,0
5806,03/09/2024 06:00,2798,ut,21.84615385,14.173745,24.975,72.375,95557.5,1.115272,3.48,0
5807,03/09/2024 07:00,2695,ut,22.53846154,18.61439158,26.2,69.3,95037.5,1.5980375,4.8,0
5808,03/09/2024 08:00,2530,ut,23.325,5.894992,29.2,61.56666667,94746.66667,1.930646667,5.44,0
5809,03/09/2024 09:00,2659,ut,16.64864865,1.446045263,30.55,58.05,94355,2.9451725,7.44,0
5810,03/09/2024 10:00,2418,ut,15.875,0.79899405,32.4,53.975,94072.5,2.994395,9.12,0
5811,03/09/2024 11:00,2476,ut,14.35897436,0.622690368,33,50.975,93745,3.1223025,7.2,0
5812,03/09/2024 12:00,2945,ut,11.84615385,0.314886085,33.975,46.175,93545,3.69513,9.12,0
5813,03/09/2024 13:00,2927,ut,10.55263158,0.871298895,34.55,42.325,93265,4.969835,12.72,0
5814,03/09/2024 14:00,2546,ut,11.225,4.6882235,31.775,47.225,93757.5,3.661615,9.84,0
5815,03/09/2024 15:00,2293,ut,11.78947368,43.48644421,29.325,58.85,94300,1.84643,4.44,0
5816,03/09/2024 16:00,1851,ut,12.05,64.94992,27.3,65.875,94722.5,1.12509725,3.12,0
5817,03/09/2024 17:00,1341,ut,14.76923077,34.58692263,26.35,68.75,95005,2.77906,8.04,0
5818,03/09/2024 18:00,797,ut,8.769230769,4.30806,26.15,59.475,95142.5,2.690865,7.2,0
5819,03/09/2024 19:00,544,ut,7.358974359,23.65085789,22.875,70.4,95502.5,2.8291425,7.44,0
5820,03/09/2024 20:00,338,ut,7.85,31.294255,21.2,79,95837.5,0.6493855,2.52,0
5821,03/09/2024 21:00,156,ut,8.757575758,37.16818824,20.06666667,84.3,96053.33333,0.473543667,2.4,0
5822,03/09/2024 22:00,109,ut,10,22.98505,19.5,86.23333333,96176.66667,2.15963,5.44,0
5823,03/09/2024 23:00,91,ut,9.973684211,17.22682632,18.725,89.35,96267.5,1.8551725,5.64,0
5824,04/09/2024 00:00,105,st,10.55,15.87635,18.05,91.425,96415,1.42579975,4.68,0
5825,04/09/2024 01:00,163,st,11.47368421,17.77736111,17.425,94.55,96517.5,1.32514425,4.44,0
5826,04/09/2024 02:00,434,st,12.1025641,15.94729474,16.8,95.575,96597.5,2.3399725,5.88,0
5827,04/09/2024 03:00,1843,st,12.31578947,12.96566316,16.55,96.5,96657.5,1.96045,5.52,0
5828,04/09/2024 04:00,1838,st,11.875,19.595565,16.2,94.925,96717.5,1.2962575,4.68,0
5829,04/09/2024 05:00,1468,st,12.57894737,18.17156111,18.7,85.9,96530,1.42491675,4.08,0
5830,04/09/2024 06:00,1578,st,20.87179487,17.831419,24.325,68.525,95720,1.197848,4.2,0
5831,04/09/2024 07:00,1405,st,18.30769231,15.04606684,27.325,59.925,95052.5,1.317395,4.2,0
5832,04/09/2024 08:00,1360,st,15.075,5.926194,29.225,52.025,94585,2.39788,6.12,0
5833,04/09/2024 09:00,1389,st,12.23684211,0.679927737,31.225,48,94210,2.669575,9,0
5834,04/09/2024 10:00,1385,st,10.8974359,0.041833483,33.3,41.33333333,93836.66667,3.219326667,9.92,0
5835,04/09/2024 11:00,1735,st,9.564102564,0.1956489,34.3,37.125,93422.5,3.9846025,13.92,0
5836,04/09/2024 12:00,2877,st,8.6,0.3186959,35.075,35.175,93152.5,4.453875,14.16,0
5837,04/09/2024 13:00,3153,st,9.026315789,0.924385421,34.825,34.4,93032.5,6.1664575,14.64,0
5838,04/09/2024 14:00,2790,st,9.2,1.5636269,35.525,32.925,92905,5.558935,14.88,0
5839,04/09/2024 15:00,2459,st,9.333333333,2.0606,34.65,32.925,93165,5.5862425,14.64,0
5840,04/09/2024 16:00,1999,st,9.615384615,3.845574,32.575,36.575,93505,3.724285,8.88,0
5841,04/09/2024 17:00,1376,st,12.3,13.0684895,27.85,52.05,94230,1.73241625,4.44,0
5842,04/09/2024 18:00,986,st,13.02564103,20.06723684,24.3,64.625,94955,0.871951,2.64,0
5843,04/09/2024 19:00,532,st,10.85,8.4373835,27.1,49.85,95025,3.43229,9.96,0
5844,04/09/2024 20:00,308,st,9.5,6.97472,27.875,47.65,94737.5,5.603775,16.44,0
5845,04/09/2024 21:00,227,st,9.805555556,7.726326667,27.275,50.275,94752.5,4.771635,14.4,0
5846,04/09/2024 22:00,133,st,10.775,7.14348,26.65,52,94877.5,4.4578925,11.16,0
5847,04/09/2024 23:00,97,st,10.65789474,6.476568947,25.725,54.1,95002.5,3.0348075,8.16,0
5848,05/09/2024 00:00,110,ct,11.15,7.6073185,23.75,60.5,95225,1.29980625,4.32,0
5849,05/09/2024 01:00,142,ct,12.21052632,17.06128526,22.7,65.03333333,95463.33333,1.002783333,3.68,0
5850,05/09/2024 02:00,438,ct,11.875,17.688132,22.25,66.7,95605,0.93338275,3.36,0
5851,05/09/2024 03:00,1769,ct,12.38461538,14.61670842,23.65,58.775,95520,2.09757,7.32,0
5852,05/09/2024 04:00,2720,ct,12.56410256,15.6368205,23.85,56.95,95387.5,2.9227925,8.76,0
5853,05/09/2024 05:00,2871,ct,13.17948718,20.32929158,24.475,55.925,95300,1.750088,5.64,0
5854,05/09/2024 06:00,2957,ct,11.41025641,3.779989,28.5,45.625,94722.5,2.4980325,9.84,0
5855,05/09/2024 07:00,2620,ct,11.42105263,2.933088947,29.4,43.225,94287.5,4.13295,12.84,0
5856,05/09/2024 08:00,2512,ct,12.92307692,2.4735635,31.525,39.2,94025,4.829425,14.28,0
5857,05/09/2024 09:00,2685,ct,12.58974359,0.941700158,31.975,37.85,93852.5,5.510725,18.36,0
5858,05/09/2024 10:00,2589,ct,13.58974359,1.06640275,32.85,36.9,93540,7.0096775,21.12,0
5859,05/09/2024 11:00,2776,ct,13.15384615,1.406893684,33.05,36.8,93387.5,7.98847,24.12,0
5860,05/09/2024 12:00,2854,ct,12.41025641,1.3945509,33.25,36.425,93230,8.23118,22.68,0
5861,05/09/2024 13:00,3012,ct,11.33333333,1.680349895,33.5,36.1,93152.5,8.1443275,22.92,0
5862,05/09/2024 14:00,2685,ct,11.84615385,2.8388075,33.46666667,35.86666667,93213.33333,6.314816667,18.24,0
5863,05/09/2024 15:00,2455,ct,11.12820513,2.343818421,32.85,34.075,93417.5,8.04472,21.72,0
5864,05/09/2024 16:00,1876,ct,11.36842105,3.831105263,31.3,37.25,93640,5.684505,13.68,0
5865,05/09/2024 17:00,1382,ct,11.73684211,9.111998421,29.2,42.45,94172.5,5.121135,15.96,0
5866,05/09/2024 18:00,878,ct,10.775,6.2258405,27.7,43.725,94547.5,4.25611,16.8,0
5867,05/09/2024 19:00,568,ct,10.55263158,4.053862105,26.825,43.025,94770,5.4886875,16.08,0
5868,05/09/2024 20:00,433,ct,9.625,3.7467305,26,42.125,94910,5.796235,17.4,0
5869,05/09/2024 21:00,255,ct,9.147058824,4.576732353,25.075,43.425,95057.5,4.430965,13.68,0
5870,05/09/2024 22:00,120,ct,10,7.1717425,24.15,46.85,95232.5,2.93367,9.6,0
5871,05/09/2024 23:00,121,ct,10.74358974,9.601281579,23.375,49.475,95362.5,2.6872575,8.52,0
5872,06/09/2024 00:00,141,pa,10.43589744,8.655222,23.35,48.95,95385,3.9767225,10.68,0
5873,06/09/2024 01:00,176,pa,10.84615385,9.134741579,23.05,48.425,95460,4.2611725,12.6,0
5874,06/09/2024 02:00,452,pa,11,9.290926,21.625,53.25,95612.5,2.6611525,10.8,0
5875,06/09/2024 03:00,1697,pa,11.08571429,20.57944737,19.53333333,62.1,95930,0.629044333,3.36,0
5876,06/09/2024 04:00,2671,pa,11.05405405,35.626925,18.8,64.6,96133.33333,1.03313,3.52,0
5877,06/09/2024 05:00,2727,pa,12.61111111,54.298145,20.675,59.625,96135,1.653825,4.44,0
5878,06/09/2024 06:00,2831,pa,13.34210526,5.966550526,25.725,45.3,95360,2.1978675,6,0
5879,06/09/2024 07:00,2524,pa,11.675,3.1864945,27.675,39.125,94770,2.253975,7.44,0
5880,06/09/2024 08:00,2684,pa,10.59459459,2.585627222,28.5,37.075,94500,3.6722025,10.32,0
5881,06/09/2024 09:00,2633,pa,10.8,1.2984667,30.125,34.6,94280,5.0204975,13.56,0
5882,06/09/2024 10:00,2684,pa,12.25641026,0.803436421,30.5,33.775,94057.5,7.0696425,18.36,0
5883,06/09/2024 11:00,2952,pa,11.17948718,1.30104525,31.675,31.8,93732.5,5.2105225,14.88,0
5884,06/09/2024 12:00,3229,pa,10.30769231,0.784738789,32.375,29.625,93482.5,5.2347875,14.28,0
5885,06/09/2024 13:00,3123,pa,9.641025641,1.4002496,32.025,29.3,93465,6.4714075,14.88,0
5886,06/09/2024 14:00,2877,pa,10.23076923,2.40004,31.975,29.625,93482.5,4.9644,13.2,0
5887,06/09/2024 15:00,2794,pa,10.12820513,4.218073,30.825,31.625,93812.5,4.3078375,10.92,0
5888,06/09/2024 16:00,2147,pa,10.94871795,6.233165263,29.23333333,35.13333333,94076.66667,3.008553333,7.68,0
5889,06/09/2024 17:00,1643,pa,10.33333333,20.92672,24.85,49.85,94767.5,1.739735,4.8,0
5890,06/09/2024 18:00,1185,pa,11.41025641,80.15463158,22.1,58.325,95445,1.55832725,4.44,0
5891,06/09/2024 19:00,708,pa,12.20512821,61.11039,20.75,63.5,95825,0.53039325,3.12,0
5892,06/09/2024 20:00,546,pa,12.02631579,23.84598368,19.45,68.725,96077.5,0.73903125,2.52,0
5893,06/09/2024 21:00,377,pa,12.96875,11.66034778,21.5,59.03333333,96060,2.213023333,7.04,0
5894,06/09/2024 22:00,253,pa,13.02857143,15.75821053,19,69.725,96170,0.0455759,1.2,0
5895,06/09/2024 23:00,140,pa,14.61111111,27.00246842,18.075,74.525,96332.5,0.7007865,2.64,0
5896,07/09/2024 00:00,113,so,13.57894737,27.59865789,16.975,78.825,96535,0.5768865,2.64,0
5897,07/09/2024 01:00,142,so,14.025,31.371365,16.1,82.975,96690,0.417858,2.28,0
5898,07/09/2024 02:00,230,so,13.97297297,25.34275263,15.7,85.86666667,96806.66667,0.423376333,1.76,0
5899,07/09/2024 03:00,650,so,15.3,24.30394,15.35,87.675,96887.5,0.69894025,2.64,0
5900,07/09/2024 04:00,855,so,14.89473684,20.43713684,14.725,88.425,96972.5,1.171931,4.92,0
5901,07/09/2024 05:00,1181,so,15.12820513,14.65928895,17.275,79.875,96817.5,1.05376425,4.08,0
5902,07/09/2024 06:00,1689,so,18.07894737,6.213876842,23.725,59.9,95847.5,0.9969735,3.72,0
5903,07/09/2024 07:00,2103,so,16.125,4.7824205,26.825,51.8,95080,2.5478525,7.56,0
5904,07/09/2024 08:00,2280,so,12.44736842,2.535251579,28,48.825,94732.5,5.498165,14.4,0
5905,07/09/2024 09:00,2196,so,9.358974359,1.196011632,30.05,44.725,94427.5,4.6666875,12.6,0
5906,07/09/2024 10:00,2097,so,8.538461538,0.966521,29.725,44.725,94237.5,5.96294,16.2,0
5907,07/09/2024 11:00,2166,so,6.358974359,1.3835267,30.625,43.15,94020,8.9803675,20.28,0
5908,07/09/2024 12:00,2281,so,7.820512821,1.613317263,31.175,42.725,93747.5,7.0259825,19.8,0
5909,07/09/2024 13:00,2102,so,5.948717949,2.0899355,31.9,40.225,93682.5,7.228105,18.36,0
5910,07/09/2024 14:00,2177,so,3.684210526,2.093747895,31.85,39.85,93437.5,6.6432625,16.2,0
5911,07/09/2024 15:00,2208,so,2.871794872,2.927055,31,41.7,93756.66667,5.80954,18.72,0
5912,07/09/2024 16:00,1960,so,3.487179487,4.254221053,30.325,43.525,93857.5,3.8983625,10.56,0
5913,07/09/2024 17:00,1609,so,8.333333333,21.779502,27.15,52.7,94425,1.86212775,7.2,0
5914,07/09/2024 18:00,1174,so,10.12820513,77.01341053,23.525,65.025,95062.5,0.97984875,3.12,0
5915,07/09/2024 19:00,754,so,6.794871795,21.735265,21.775,72.375,95452.5,0.67282975,2.04,0
5916,07/09/2024 20:00,657,so,5.487179487,11.30487368,21.075,74.575,95660,0.573372,2.52,0
5917,07/09/2024 21:00,438,so,4.4,10.11701111,22.5,69.975,95580,1.537254,5.52,0
5918,07/09/2024 22:00,309,so,4.743589744,10.28390737,22.65,68.75,95437.5,1.4956145,4.92,0
5919,07/09/2024 23:00,192,so,4.4,15.682295,22.8,67.325,95427.5,3.034515,8.16,0
5920,08/09/2024 00:00,145,ne,5.394736842,19.0797,21.375,72.7,95487.5,2.12443225,5.64,0
5921,08/09/2024 01:00,116,ne,5.810810811,21.088345,19.5,80.45,95775,0.779104,3,0
5922,08/09/2024 02:00,184,ne,7.540540541,18.60727895,18.43333333,85,96003.33333,0.676053,3.04,0
5923,08/09/2024 03:00,360,ne,8.117647059,23.09355263,17.35,89.525,96177.5,0.306561775,2.04,0
5924,08/09/2024 04:00,231,ne,8.153846154,18.57054211,16.575,92.725,96347.5,0.4893435,2.04,0
5925,08/09/2024 05:00,303,ne,8.538461538,11.794803,18.875,84,96225,0.92928475,3.12,0
5926,08/09/2024 06:00,548,ne,8.564102564,4.29513,25.425,62.225,95300,1.1248415,3.36,0
5927,08/09/2024 07:00,890,ne,7.975,4.359699,26.925,56.575,94562.5,2.22417675,6.12,0
5928,08/09/2024 08:00,1438,ne,6.58974359,2.8628415,27.7,55.025,94312.5,2.181655,6.72,0
5929,08/09/2024 09:00,1247,ne,5.794871795,0.965642368,29.85,49.525,94070,2.9181175,9,0
5930,08/09/2024 10:00,2083,ne,4.820512821,0.73210955,31.4,46.55,93685,3.0817125,11.52,0
5931,08/09/2024 11:00,2177,ne,31,0.714353316,31.725,44.85,93300,4.2079625,12.24,0
5932,08/09/2024 12:00,2293,ne,3.820512821,0.7053501,32.3,42.575,93110,5.8107475,13.08,0
5933,08/09/2024 13:00,2242,ne,3.923076923,1.617919895,32.075,41.475,93030,5.87663,14.88,0
5934,08/09/2024 14:00,2342,ne,3.051282051,2.970235,31.1,41.475,93325,4.898365,12.48,0
5935,08/09/2024 15:00,2672,ne,3.128205128,8.080435263,30.76666667,42.06666667,93533.33333,1.864476667,5.12,0
5936,08/09/2024 16:00,2533,ne,3.923076923,32.5162045,28.275,54.775,93750,0.928974,3.12,0
5937,08/09/2024 17:00,1719,ne,6.487179487,49.54284211,25.525,64.875,94197.5,0.493803,2.04,0
5938,08/09/2024 18:00,1056,ne,4.923076923,25.5554235,23.6,70.275,94520,0.67804275,2.28,0
5939,08/09/2024 19:00,572,ne,5.076923077,3.672808947,23.325,70.175,94642.5,0.61433325,2.4,0
5940,08/09/2024 20:00,356,ne,4.076923077,3.7538055,26.175,55.6,94330,2.7924075,7.56,0
5941,08/09/2024 21:00,240,ne,5.142857143,4.35632,25.875,56.8,94122.5,2.6541825,8.4,0
5942,08/09/2024 22:00,163,ne,5.85,7.2301195,25.15,59.9,94085,1.2636875,4.56,0
5943,08/09/2024 23:00,152,ne,8.078947368,22.88195895,23.975,65.05,94185,0.97416425,3.6,0
5944,09/09/2024 00:00,144,po,9.2,59.66998,21.8,79.2,94375,1.008772,3.24,0
5945,09/09/2024 01:00,227,po,8.105263158,46.88972632,20.925,86.15,94600,1.17659125,4.44,0
5946,09/09/2024 02:00,603,po,8.55,50.741885,20.025,92.8,94682.5,1.66463175,4.92,0.0875
5947,09/09/2024 03:00,1870,po,9.315789474,42.65492105,19.63333333,97.06666667,94750,1.187301667,3.68,0.116666667
5948,09/09/2024 04:00,2776,po,7.55,23.6995195,19.35,96.375,94787.5,0.58493925,2.76,0.175
5949,09/09/2024 05:00,2809,po,3.256410256,15.53942526,18.5,97,94942.5,1.1552175,4.56,0.2625
5950,09/09/2024 06:00,2818,po,0.948717949,6.800635,17.25,92.725,95185,3.8725725,13.08,0.35
5951,09/09/2024 07:00,2326,po,1.128205128,7.260138421,16.425,92.35,95465,4.8575175,14.88,0.875
5952,09/09/2024 08:00,2164,po,1.225,11.2874975,15.525,95.1,95662.5,3.9654825,12.36,1.4
5953,09/09/2024 09:00,2461,po,1.205128205,10.549628,16.425,92.525,95642.5,3.6657875,14.16,0.7
5954,09/09/2024 10:00,2538,po,1.263157895,6.079265263,19.75,82.85,95130,2.3751925,6.36,0
5955,09/09/2024 11:00,2548,po,1.081081081,2.6062605,21.125,71.125,94722.5,3.1944675,9.6,0
5956,09/09/2024 12:00,2907,po,1.263157895,2.268428947,21.9,63.65,94525,3.5723,9.36,0
5957,09/09/2024 13:00,2901,po,1.175,1.997617,22.7,59.2,94322.5,3.49143,10.92,0
5958,09/09/2024 14:00,2538,po,1.076923077,2.625557895,22.66666667,59.1,94376.66667,2.42479,6.72,0
5959,09/09/2024 15:00,2519,po,1.58974359,7.3478445,21.65,65.35,94527.5,3.0700725,8.4,0
5960,09/09/2024 16:00,1769,po,1.555555556,10.47963895,20.55,70.2,94735,3.7224125,10.56,0
5961,09/09/2024 17:00,1307,po,1.230769231,17.748375,19.375,75.925,94985,4.3861525,12.6,0
5962,09/09/2024 18:00,789,po,1.15,25.05886316,17.925,85.325,95302.5,2.8393275,7.32,0
5963,09/09/2024 19:00,499,po,1.128205128,21.30994,17.75,87.575,95447.5,2.5809275,7.32,0
5964,09/09/2024 20:00,351,po,1.282051282,12.98249579,17.375,89.25,95557.5,1.719425,5.04,0
5965,09/09/2024 21:00,172,po,1.285714286,11.87100222,16.75,90.15,95650,1.9725125,5.16,0
5966,09/09/2024 22:00,108,po,1.179487179,11.02933053,15.625,93.55,95882.5,2.1640975,5.16,0
5967,09/09/2024 23:00,112,po,1.605263158,9.792437895,15.575,91.875,95975,2.430565,6.6,0
5968,10/09/2024 00:00,93,ut,1.461538462,7.911722105,15.96666667,90,95923.33333,3.168856667,6.72,0
5969,10/09/2024 01:00,141,ut,1.487179487,8.172601,16,90.525,95935,2.6692,6,0
5970,10/09/2024 02:00,452,ut,1.461538462,9.467069474,15.725,94.425,95992.5,2.0617625,5.16,0
5971,10/09/2024 03:00,1842,ut,1.55,9.0564725,15.675,94.5,96042.5,1.4938425,4.2,0
5972,10/09/2024 04:00,2777,ut,2.078947368,10.86568105,16.025,91.55,96055,1.272605,3.36,0
5973,10/09/2024 05:00,2789,ut,3.025641026,13.24471263,16.6,89.475,96072.5,1.29590825,4.44,0
5974,10/09/2024 06:00,2731,ut,2.972222222,10.25938368,16.9,90.275,96020,1.36015,3.72,0
5975,10/09/2024 07:00,2686,ut,2.8,7.0219815,18.375,83.55,95845,1.9662425,5.04,0
5976,10/09/2024 08:00,1467,ut,2.153846154,5.197912105,17.275,83.45,95917.5,3.2015725,9.48,0
5977,10/09/2024 09:00,1334,ut,1.153846154,2.8089245,19.85,66.875,95640,5.3954925,14.16,0
5978,10/09/2024 10:00,1284,ut,1.666666667,2.157822632,19.425,65.875,95385,6.442835,16.8,0
5979,10/09/2024 11:00,1511,ut,2.076923077,2.09869215,20.3,61.53333333,95226.66667,5.680343333,17.12,0
5980,10/09/2024 12:00,2304,ut,2.974358974,1.911475263,20.675,57.3,95175,6.6882075,18.36,0
5981,10/09/2024 13:00,3068,ut,2.868421053,2.404146,21.025,52.725,95080,6.06202,15.96,0
5982,10/09/2024 14:00,2779,ut,3.256410256,3.217792632,20.925,50.5,94995,4.435,12.36,0
5983,10/09/2024 15:00,2567,ut,3.102564103,7.0114395,19.9,53.2,95420,2.81757,7.56,0
5984,10/09/2024 16:00,2080,ut,2.230769231,8.953706842,19.6,55.575,95582.5,2.2692525,7.32,0
5985,10/09/2024 17:00,1293,ut,1.948717949,17.179626,17.9,63.8,95897.5,2.2777425,6.72,0
5986,10/09/2024 18:00,449,ut,1.820512821,27.63554737,15,79.3,96342.5,1.530455,3.6,0
5987,10/09/2024 19:00,314,ut,2,32.568255,13.725,85.25,96652.5,1.31089,3.48,0
5988,10/09/2024 20:00,416,ut,2.447368421,27.88529474,12.95,88.85,96800,0.47711225,2.4,0
5989,10/09/2024 21:00,223,ut,2.257142857,22.94798889,13.13333333,88,96866.66667,1.014358333,3.52,0
5990,10/09/2024 22:00,136,ut,3.052631579,20.13578421,12.9,88.63333333,96840,0.769551,3.04,0
5991,10/09/2024 23:00,99,ut,3.1,24.616835,12,93.625,96872.5,0.4032655,2.28,0
5992,11/09/2024 00:00,93,st,4.289473684,20.43476316,12,94.475,96817.5,0.62209,2.64,0
5993,11/09/2024 01:00,146,st,4.307692308,12.0114095,11.9,95.05,96810,0.84583725,4.08,0
5994,11/09/2024 02:00,395,st,3.026315789,7.470043684,12.55,90.525,96697.5,1.11208525,4.2,0
5995,11/09/2024 03:00,920,st,3.3,8.3921135,13.05,89.15,96545,1.277963,4.32,0
5996,11/09/2024 04:00,1494,st,3.846153846,9.601792,13.025,90.7,96467.5,1.35982125,4.08,0
5997,11/09/2024 05:00,1493,st,4.205128205,8.684487895,13.825,88.325,96317.5,1.84974,6.24,0.0875
5998,11/09/2024 06:00,1560,st,3.897435897,5.622713,15,82.775,96020,3.0780475,9.12,0
5999,11/09/2024 07:00,1407,st,3.743589744,4.074454737,15.7,79.93333333,95890,4.57501,12.48,0
6000,11/09/2024 08:00,1389,st,3.25,3.8798025,16.7,75.75,95687.5,4.9325625,13.08,0
6001,11/09/2024 09:00,1368,st,3.236842105,2.919512632,18.75,66.55,95300,5.42833,14.04,0
6002,11/09/2024 10:00,1376,st,2.625,3.19918,19.2,63.625,95117.5,6.2062525,17.76,0
6003,11/09/2024 11:00,1400,st,2.205882353,3.983056842,18.275,66.25,95277.5,6.2677,17.4,0
6004,11/09/2024 12:00,1536,st,2.411764706,5.9006665,18,68.1,95407.5,3.986245,11.28,0
6005,11/09/2024 13:00,1613,st,2.028571429,6.404562105,18.325,68.2,95385,4.145525,10.92,0
6006,11/09/2024 14:00,1534,st,1.939393939,9.4906865,18.175,70.45,95415,3.63287,10.8,0
6007,11/09/2024 15:00,1359,st,1.1,25.31176316,14.725,83.625,95870,4.1235525,11.04,0
6008,11/09/2024 16:00,1019,st,6.307692308,35.701485,13.575,89.4,96267.5,2.4833975,6.48,0.175
6009,11/09/2024 17:00,660,st,1.538461538,30.09108947,12.85,95.85,96462.5,1.61247725,4.2,0.2625
6010,11/09/2024 18:00,470,st,2.743589744,21.21455,12.5,97.86666667,96573.33333,1.722363333,4.32,0.116666667
6011,11/09/2024 19:00,263,st,6.307692308,16.92913684,12.5,97.875,96612.5,1.8454975,4.8,0
6012,11/09/2024 20:00,184,st,1.641025641,12.781712,12.3,96.85,96625,1.6664975,5.64,0
6013,11/09/2024 21:00,94,st,1.628571429,11.82982471,12.1,97.6,96695,1.1423485,3.48,0
6014,11/09/2024 22:00,79,st,1.631578947,9.350441579,11.9,98.65,96760,1.440935,4.32,0
6015,11/09/2024 23:00,60,st,1.675675676,6.794742,11.75,97.125,96802.5,1.05843975,3.72,0
6016,12/09/2024 00:00,44,ct,1.947368421,6.822462632,11.375,96.75,96882.5,1.65688,5.04,0.0875
6017,12/09/2024 01:00,94,ct,2.175,9.684517,11.05,98.85,96990,1.786365,5.16,0.175
6018,12/09/2024 02:00,489,ct,2.641025641,10.00643579,10.925,99.75,97032.5,1.8626325,5.04,0.2625
6019,12/09/2024 03:00,1722,ct,3.230769231,10.65515,10.775,99.825,97117.5,1.813975,4.56,0.175
6020,12/09/2024 04:00,2638,ct,3.179487179,10.94084158,10.7,99.76666667,97196.66667,0.573469667,2.56,0.233333333
6021,12/09/2024 05:00,2621,ct,2.538461538,9.142802,10.225,97.05,97317.5,1.6551325,5.04,0.0875
6022,12/09/2024 06:00,2890,ct,2.615384615,9.127697895,10.45,97.175,97352.5,1.39749475,3.72,0
6023,12/09/2024 07:00,2614,ct,2.666666667,7.4688025,11.95,91.925,97195,1.53037,4.32,0
6024,12/09/2024 08:00,2,ct,2.487179487,4.636253158,13.6,79.75,96837.5,2.2070825,5.4,0
6025,12/09/2024 09:00,1299,ct,2.846153846,2.5932305,14.975,66.075,96550,2.5534575,7.68,0
6026,12/09/2024 10:00,2588,ct,2.461538462,2.223337368,16.125,57.85,96252.5,3.1186825,8.64,0
6027,12/09/2024 11:00,2603,ct,2.242424242,2.206567,16.9,51.5,96005,2.7092625,7.08,0
6028,12/09/2024 12:00,2955,ct,1.763157895,3.697204737,16.025,55.3,96175,2.3868175,6.6,0
6029,12/09/2024 13:00,2847,ct,1.725,5.1213905,15.225,56.975,96410,2.275295,6.72,0
6030,12/09/2024 14:00,2851,ct,3.289473684,6.381882632,15.5,54.23333333,96430,1.63854,5.12,0
6031,12/09/2024 15:00,2680,ct,2.325,7.8735185,15.025,56.4,96490,1.32575425,3.72,0
6032,12/09/2024 16:00,2058,ct,2.282051282,26.72705368,14,71.175,96720,0.8930975,2.88,0
6033,12/09/2024 17:00,947,ct,6.153846154,24.17005,12.275,82.5,97030,0.9193915,2.64,0
6034,12/09/2024 18:00,475,ct,5.58974359,19.17003684,11.5,84.7,97247.5,1.10090025,3.48,0
6035,12/09/2024 19:00,301,ct,5.692307692,19.714645,10.8,88.025,97382.5,1.11882125,3.24,0
6036,12/09/2024 20:00,219,ct,5.205128205,26.15718947,9.825,93.725,97575,0.641809,2.04,0
6037,12/09/2024 21:00,117,ct,23.52941176,23.43324118,9.75,94.325,97630,0.3830065,1.8,0
6038,12/09/2024 22:00,71,ct,3.769230769,20.65925789,9.85,94.725,97627.5,0.589448,2.4,0
6039,12/09/2024 23:00,84,ct,3.794871795,16.46776,9.65,96.2,97632.5,1.68788275,3.6,0
6040,13/09/2024 00:00,126,pa,16.07692308,12.82373684,9.533333333,96.93333333,97650,1.16282,3.36,0
6041,13/09/2024 01:00,156,pa,3.461538462,11.13901,9.575,96.975,97642.5,1.821843,5.04,0
6042,13/09/2024 02:00,471,pa,3.615384615,7.627014211,9.7,96.875,97610,1.05879925,2.88,0
6043,13/09/2024 03:00,1654,pa,3.333333333,5.418171,9.9,94.675,97595,1.14583425,3.48,0
6044,13/09/2024 04:00,2438,pa,11.69230769,10.43189316,10.25,90.825,97602.5,1.05191075,3.72,0
6045,13/09/2024 05:00,2596,pa,3.538461538,15.47011,10.5,87.525,97610,1.87282275,6.6,0
6046,13/09/2024 06:00,2801,pa,3.256410256,12.78520632,10.825,86.35,97550,2.198775,7.08,0
6047,13/09/2024 07:00,2563,pa,2.45,8.26158,11.35,80.375,97462.5,3.1425925,10.8,0
6048,13/09/2024 08:00,2600,pa,2.342105263,7.346497895,11.45,78.775,97427.5,4.2714975,13.56,0
6049,13/09/2024 09:00,2710,pa,1.35,7.139377,11.05,76.575,97490,5.7492175,16.68,0
6050,13/09/2024 10:00,2711,pa,1.210526316,14.35218789,10.9,81.53333333,97586.66667,4.291953333,13.12,0
6051,13/09/2024 11:00,1418,pa,1.4,15.500832,10.85,82.85,97592.5,5.04849,18,0.0875
6052,13/09/2024 12:00,1435,pa,1.263157895,8.795363158,10.825,78.925,97550,6.01434,18.96,0
6053,13/09/2024 13:00,1395,pa,1.25,11.013854,10.45,81.85,97585,5.1786375,18,0
6054,13/09/2024 14:00,1477,pa,1.210526316,17.52880526,10,86.325,97732.5,6.2037375,18.36,0.0875
6055,13/09/2024 15:00,1512,pa,0.675,16.223695,9.7,86.9,97862.5,5.83878,19.68,0.0875
6056,13/09/2024 16:00,1275,pa,0.692307692,15.55624737,10.15,86.2,97785,5.4767525,17.76,0.0875
6057,13/09/2024 17:00,798,pa,0.974358974,13.922827,10.675,87.55,97695,5.5027,17.4,0
6058,13/09/2024 18:00,499,pa,0.871794872,12.63843158,10.625,89.525,97700,8.841195,21.72,0.2625
6059,13/09/2024 19:00,359,pa,0.641025641,13.11773,10.8,89.4,97690,7.959256667,27.2,0.35
6060,13/09/2024 20:00,293,pa,0.743589744,10.53314316,11.2,88.175,97657.5,9.8542325,29.64,0.175
6061,13/09/2024 21:00,189,pa,1.176470588,8.519587059,11.175,85.725,97680,9.8042925,26.88,0.0875
6062,13/09/2024 22:00,128,pa,0.769230769,8.440445263,11.35,86.875,97625,6.9017825,22.8,0.4375
6063,13/09/2024 23:00,86,pa,0.210526316,11.8213365,11.175,87.85,97652.5,8.136635,26.64,0.7875
6064,14/09/2024 00:00,85,so,0.307692308,9.775964737,11.125,86.975,97617.5,7.48244,22.92,0.175
6065,14/09/2024 01:00,136,so,0.5,9.043434,11.025,87.075,97670,8.4557525,25.32,0.6125
6066,14/09/2024 02:00,222,so,0.333333333,14.94928947,11,86.925,97725,9.4160875,27.24,0.4375
6067,14/09/2024 03:00,551,so,0.205128205,9.463604,11.35,84.925,97662.5,8.4539875,28.44,0.0875
6068,14/09/2024 04:00,749,so,0.461538462,5.955584211,11.6,83.175,97620,9.035935,25.92,0
6069,14/09/2024 05:00,841,so,0.333333333,5.5534765,11.66666667,82.8,97623.33333,8.021573333,23.68,0
6070,14/09/2024 06:00,1182,so,0.461538462,6.097510526,11.925,80.85,97602.5,8.2684125,27.72,0
6071,14/09/2024 07:00,1640,so,0.4,10.3640715,12,79.425,97575,8.065705,26.64,0
6072,14/09/2024 08:00,2034,so,1.210526316,14.40921368,12.125,77.825,97580,8.6200125,29.76,0
6073,14/09/2024 09:00,2048,so,1.75,11.295813,12.225,78.875,97615,8.7168625,25.2,0
6074,14/09/2024 10:00,1774,so,1.578947368,7.631280526,13.325,76.025,97487.5,7.336885,21.48,0
6075,14/09/2024 11:00,1129,so,1.75,9.444234,13.7,74.15,97402.5,8.305025,27.36,0
6076,14/09/2024 12:00,1281,so,2.5,6.388513684,14.225,71.925,97350,8.481795,25.44,0
6077,14/09/2024 13:00,1142,so,2.641025641,5.190205,14.325,71.425,97342.5,7.501965,25.2,0
6078,14/09/2024 14:00,1104,so,2.384615385,6.097995263,15.625,66.375,97080,7.7745275,27.96,0
6079,14/09/2024 15:00,1048,so,2.743589744,6.6525155,15.96666667,64.03333333,97026.66667,7.709576667,24.64,0
6080,14/09/2024 16:00,936,so,2.538461538,8.186433684,15.325,65,97107.5,7.84247,25.56,0
6081,14/09/2024 17:00,724,so,2.692307692,15.487624,14.725,65.15,97335,6.4651125,21.36,0
6082,14/09/2024 18:00,527,so,3.157894737,18.56034947,14.325,64.125,97502.5,7.105215,23.88,0
6083,14/09/2024 19:00,300,so,3,16.584174,13.95,65.65,97587.5,8.6730175,26.76,0
6084,14/09/2024 20:00,262,so,21.56410256,14.66548105,13.6,67.375,97647.5,9.1523975,28.56,0
6085,14/09/2024 21:00,192,so,2.542857143,18.32459556,13.025,69.075,97725,8.2182675,25.56,0
6086,14/09/2024 22:00,109,so,2.41025641,21.67591579,12.525,71.85,97805,8.189925,24.12,0
6087,14/09/2024 23:00,89,so,2.076923077,20.951495,12.125,74.375,97832.5,7.7405975,24.96,0
6088,15/09/2024 00:00,108,ne,1.923076923,17.72829474,11.8,75.75,97907.5,6.453465,18.6,0
6089,15/09/2024 01:00,69,ne,1.871794872,16.766936,11.6,76.86666667,97913.33333,6.858583333,21.28,0
6090,15/09/2024 02:00,193,ne,1.564102564,15.94012737,11.45,76.525,97902.5,7.551035,23.52,0
6091,15/09/2024 03:00,414,ne,1.35,10.44866,11.35,76.375,97870,7.49756,23.52,0
6092,15/09/2024 04:00,492,ne,1.289473684,9.958001053,11.225,77.125,97845,8.67042,27.12,0
6093,15/09/2024 05:00,540,ne,1.625,8.138642,11.375,76.375,97830,7.154475,22.8,0
6094,15/09/2024 06:00,744,ne,1.526315789,8.648185789,11.775,74.825,97742.5,10.3234425,30.12,0
6095,15/09/2024 07:00,661,ne,1.55,14.3807505,12.375,73.6,97615,8.36604,29.52,0
6096,15/09/2024 08:00,1070,ne,1.421052632,13.33694579,12.625,72.325,97532.5,8.6805925,25.44,0
6097,15/09/2024 09:00,1270,ne,1.375,9.1003545,13.125,68.325,97400,6.98852,22.68,0
6098,15/09/2024 10:00,1387,ne,1.538461538,11.4132805,12.65,73.75,97537.5,6.12037,23.04,0.2625
6099,15/09/2024 11:00,1301,ne,1.948717949,28.20653684,11.63333333,85.4,97770,3.67038,12,0.466666667
6100,15/09/2024 12:00,1971,ne,1.825,26.67702,11.95,85.8,97787.5,3.6530425,12.72,0.525
6101,15/09/2024 13:00,2028,ne,1.921052632,27.18344737,12.225,84.475,97805,4.409375,14.52,0.525
6102,15/09/2024 14:00,2183,ne,1.775,21.535495,12.375,84.85,97757.5,4.9465925,15.12,0.2625
6103,15/09/2024 15:00,2174,ne,1.236842105,25.04458421,12.325,85.275,97722.5,5.3266925,18,0.175
6104,15/09/2024 16:00,1730,ne,1.225,11.6661385,12.825,80.55,97660,5.99551,23.04,0
6105,15/09/2024 17:00,1277,ne,1.052631579,7.796977895,12.8,80.025,97645,6.7156825,21.72,0
6106,15/09/2024 18:00,809,ne,1.25,10.174911,12.875,79.1,97615,8.13965,20.88,0
6107,15/09/2024 19:00,456,ne,0.552631579,5.625978947,13.125,77.525,97542.5,8.7046475,24,0
6108,15/09/2024 20:00,307,ne,0.7,6.5065965,13.05,78.325,97512.5,3.09086,10.68,0
6109,15/09/2024 21:00,184,ne,3,9.11132,11.93333333,89.13333333,97583.33333,1.576805,5.28,0
6110,15/09/2024 22:00,184,ne,2.692307692,10.2620595,12.3,86.8,97602.5,1.2705505,4.08,0
6111,15/09/2024 23:00,151,ne,1.128205128,18.91037895,12.725,83.4,97525,1.72109325,6,0
6112,16/09/2024 00:00,143,po,0.743589744,19.661285,12.375,85.7,97500,2.0735575,6.36,0
6113,16/09/2024 01:00,245,po,0.948717949,25.18442105,11.85,90.85,97537.5,2.04042925,7.08,0.175
6114,16/09/2024 02:00,527,po,1.435897436,20.6863,11.625,91.3,97582.5,2.5211475,7.68,0.0875
6115,16/09/2024 03:00,1828,po,6.051282051,31.14559474,11.375,95.9,97530,1.41950225,5.04,0.0875
6116,16/09/2024 04:00,2597,po,1.641025641,21.147755,11.6,95.325,97447.5,2.230404,6.72,0
6117,16/09/2024 05:00,1434,po,0.727272727,23.55387895,12.05,96.125,97400,1.78309,7.56,1.1375
6118,16/09/2024 06:00,564,po,1,26.09464,12.4,95.175,97390,5.1071025,13.56,1.575
6119,16/09/2024 07:00,1306,po,0.827586207,22.80979474,12.7,95.3,97370,2.80089,10.56,0.466666667
6120,16/09/2024 08:00,1297,po,1.926829268,17.971325,14.025,92.625,97220,1.528093,6.36,0.0875
6121,16/09/2024 09:00,1263,po,0.657142857,5.746577368,17.625,80.325,96645,3.4940025,10.2,0
6122,16/09/2024 10:00,1334,po,1.03030303,3.500045,19.3,73.275,96227.5,5.0195775,13.92,0
6123,16/09/2024 11:00,1386,po,1.368421053,2.749362632,21.05,68.6,95855,7.161885,19.44,0
6124,16/09/2024 12:00,1504,po,3.55,4.4504055,19.925,72.775,95832.5,6.00581,17.52,0
6125,16/09/2024 13:00,1383,po,6.405405405,8.629926111,19.9,74.425,95992.5,7.191445,20.16,0
6126,16/09/2024 14:00,1398,po,4.6,5.915661,20.75,69.175,95765,5.8457275,18.84,0
6127,16/09/2024 15:00,1240,po,3.916666667,10.20266053,19.075,75.975,96085,7.4982825,21.36,0
6128,16/09/2024 16:00,926,po,3.525,18.398395,17.425,82.325,96550,7.433745,21.72,0
6129,16/09/2024 17:00,642,po,4.184210526,15.33289474,17.025,83.9,96737.5,7.62398,21.24,0
6130,16/09/2024 18:00,374,po,3.675,13.25346,17.06666667,84.83333333,96830,6.3031,16.96,0
6131,16/09/2024 19:00,236,po,4.394736842,22.74186842,16.975,89.125,96915,3.9386425,12.36,0.6125
6132,16/09/2024 20:00,169,po,6.625,27.05036,16.175,98.8,97072.5,1.9838325,7.2,0.7
6133,16/09/2024 21:00,83,po,10.32352941,19.40578235,16.15,99.65,97085,0.667784,2.88,0.0875
6134,16/09/2024 22:00,55,po,10.025,14.155955,16.375,99.275,97092.5,1.478908,4.8,0
6135,16/09/2024 23:00,58,po,14.68421053,9.248195263,17.025,95.775,97012.5,4.6082125,9.6,0
6136,17/09/2024 00:00,57,ut,14.15,5.151422,17.25,92.3,96947.5,4.31969,11.4,0
6137,17/09/2024 01:00,137,ut,13.28205128,5.185034211,17.225,90.25,96957.5,5.39441,13.08,0
6138,17/09/2024 02:00,489,ut,15.15384615,4.990562,16.5,91.3,97117.5,3.891975,10.92,0
6139,17/09/2024 03:00,1752,ut,16.46153846,4.421491579,16.675,88.9,97135,5.180015,14.16,0
6140,17/09/2024 04:00,2702,ut,17.8974359,5.078393,16.4,88.56666667,97223.33333,5.778513333,16,0
6141,17/09/2024 05:00,2798,ut,19.76923077,6.495482105,16.225,87.95,97337.5,5.9725425,15,0
6142,17/09/2024 06:00,2850,ut,17.74358974,4.36204,17.475,81.825,97270,6.508765,16.32,0
6143,17/09/2024 07:00,2677,ut,16.97435897,4.241126316,19.725,73.825,97022.5,5.9233175,15.72,0
6144,17/09/2024 08:00,2181,ut,15.64102564,3.4151495,22.2,65.175,96525,6.0524625,17.4,0
6145,17/09/2024 09:00,1265,ut,14.61538462,1.934455789,22.5,62.875,96302.5,7.4281475,20.16,0
6146,17/09/2024 10:00,2228,ut,14.97435897,2.1858895,24.45,56.675,96027.5,8.0064,18.84,0
6147,17/09/2024 11:00,2580,ut,16.64102564,2.79713,24.225,56.425,95887.5,8.2303275,22.44,0
6148,17/09/2024 12:00,2725,ut,16.46153846,3.494871,24.875,56.35,95842.5,6.8670675,21,0
6149,17/09/2024 13:00,2783,ut,15.87179487,4.228748421,25.425,55.925,95620,6.3312175,16.68,0
6150,17/09/2024 14:00,2757,ut,13.94871795,4.5729515,25.05,56.325,95657.5,5.531055,16.32,0
6151,17/09/2024 15:00,2429,ut,12.72972973,4.079012632,23.95,58,96015,5.5142725,15.24,0
6152,17/09/2024 16:00,1978,ut,12.35,7.519932,22.13333333,61.6,96370,5.946373333,13.92,0
6153,17/09/2024 17:00,1388,ut,13.82857143,21.19493158,20.45,68.325,96805,3.9015825,11.76,0
6154,17/09/2024 18:00,787,ut,16.44444444,44.39168,17.7,81.875,97287.5,1.18475625,4.44,0
6155,17/09/2024 19:00,502,ut,30.9,52.77542105,15.4,93.45,97737.5,1.05642875,3.12,0
6156,17/09/2024 20:00,356,ut,45,36.760875,14.25,97.025,98007.5,0.489944,2.4,0
6157,17/09/2024 21:00,207,ut,18.70588235,35.21411765,13.525,98.475,98172.5,0.51751975,2.04,0
6158,17/09/2024 22:00,137,ut,16.375,26.772735,13.175,99.4,98242.5,0.67835725,2.4,0
6159,17/09/2024 23:00,78,ut,20.05128205,17.15621053,13,99.725,98292.5,0.4725705,2.52,0
6160,18/09/2024 00:00,98,st,21.4,13.79317,12.45,100,98367.5,0.50426075,2.28,0
6161,18/09/2024 01:00,147,st,20.15789474,11.98683368,11.75,100,98457.5,0.115673675,1.44,0
6162,18/09/2024 02:00,472,st,19.25641026,13.984295,11.375,100,98540,0.277916,1.8,0
6163,18/09/2024 03:00,1726,st,21.05128205,20.17277895,11.06666667,100,98593.33333,0.044162633,0.96,0
6164,18/09/2024 04:00,1493,st,20.94871795,23.299715,10.925,100,98630,0.262141825,1.92,0
6165,18/09/2024 05:00,1459,st,24.05128205,19.06535789,12.75,97.45,98555,0.496292725,2.28,0
6166,18/09/2024 06:00,1535,st,24.725,24.7768195,18.175,79.325,97972.5,1.1280865,4.44,0
6167,18/09/2024 07:00,1382,st,22.71794872,13.11997421,21.225,69.15,97195,2.34575,6.36,0
6168,18/09/2024 08:00,1273,st,18.58974359,2.3744554,24.125,56.675,96680,3.53722,9.6,0
6169,18/09/2024 09:00,1302,st,18.52631579,1.139398211,25.65,52.9,96227.5,5.15731,13.2,0
6170,18/09/2024 10:00,1622,st,16.45,0.7402083,27.9,45.925,95867.5,5.2333225,15.24,0
6171,18/09/2024 11:00,2571,st,12.55263158,0.750198421,28.125,39.325,95520,6.8128275,20.16,0
6172,18/09/2024 12:00,2851,st,11.25,2.015977,27.725,39.925,95447.5,9.2598625,23.16,0
6173,18/09/2024 13:00,2744,st,12.15384615,6.363047368,25.95,45.475,95812.5,7.7148675,18.84,0
6174,18/09/2024 14:00,2874,st,11.2,5.9415855,25.5,45.5,95873.33333,8.621623333,18.72,0
6175,18/09/2024 15:00,2762,st,12.68421053,12.62757053,25.375,49.175,96022.5,9.47782,23.88,0
6176,18/09/2024 16:00,1946,st,13.8,39.95435,22.725,58.275,96412.5,5.756035,12,0
6177,18/09/2024 17:00,1365,st,14.92307692,38.76933684,20.775,63.6,96827.5,3.49547,9.48,0
6178,18/09/2024 18:00,909,st,36.75,31.889185,18.975,72.975,97190,0.81067725,3.12,0
6179,18/09/2024 19:00,588,st,23.02857143,23.59832105,17.8,80.05,97432.5,0.426373,2.4,0
6180,18/09/2024 20:00,440,st,17.6,14.928875,16.575,84.2,97635,0.72770525,3.24,0
6181,18/09/2024 21:00,260,st,17.76470588,17.64906471,14.925,91.775,97867.5,0.486599,2.4,0
6182,18/09/2024 22:00,118,st,17.42105263,30.06223158,13.975,94.625,98062.5,0.39075975,1.8,0
6183,18/09/2024 23:00,102,st,15.3,24.63576,13.575,95.8,98122.5,0.42954925,2.04,0
6184,19/09/2024 00:00,105,ct,14.17948718,19.97105263,12.875,97.8,98210,0.37015275,2.16,0
6185,19/09/2024 01:00,164,ct,24.8974359,19.06523,12.2,98.16666667,98293.33333,0.327461,1.92,0
6186,19/09/2024 02:00,399,ct,19.20512821,19.44042105,11.65,98.8,98357.5,0.40196475,2.52,0
6187,19/09/2024 03:00,1712,ct,33.65,30.36503,11.275,99.2,98397.5,0.7395565,3.6,0
6188,19/09/2024 04:00,2676,ct,17.44736842,29.61601053,10.7,99.775,98472.5,0.750878,2.88,0
6189,19/09/2024 05:00,2735,ct,17.9,23.99095,11.825,94.825,98492.5,0.43547,2.64,0
6190,19/09/2024 06:00,2834,ct,18.59459459,17.58677842,17.525,75.925,97887.5,0.83083325,2.88,0
6191,19/09/2024 07:00,2633,ct,14.225,3.5899665,21.7,61.9,96985,2.26528275,10.2,0
6192,19/09/2024 08:00,2521,ct,10.92105263,2.858975789,23.125,54.225,96510,4.5847625,12.6,0
6193,19/09/2024 09:00,2512,ct,8.1,1.05687995,24.8,48.15,96215,6.7079075,16.56,0
6194,19/09/2024 10:00,2622,ct,8.076923077,1.019511368,25.475,43.625,95847.5,7.206525,22.56,0
6195,19/09/2024 11:00,2503,ct,9.025641026,2.218588,24.875,45.675,95775,6.98002,18.48,0
6196,19/09/2024 12:00,2873,ct,9.333333333,3.343787368,25.33333333,43.5,95583.33333,6.929516667,20.32,0
6197,19/09/2024 13:00,2831,ct,10.55,5.144533,24.475,47.1,95680,6.5926025,17.16,0
6198,19/09/2024 14:00,2847,ct,11.2972973,9.213005556,24.6,48.95,95655,6.6728525,18.24,0
6199,19/09/2024 15:00,2704,ct,12.25641026,15.961018,22.175,54.925,96190,4.7122025,14.16,0
6200,19/09/2024 16:00,2014,ct,14.87179487,25.26876842,21.025,61.1,96480,6.5130175,13.92,0
6201,19/09/2024 17:00,1389,ct,13.8,33.680335,18.575,69.3,96970,1.7459905,6.48,0
6202,19/09/2024 18:00,922,ct,12.81578947,12.27650632,18.025,67.5,97282.5,2.17942,7.56,0
6203,19/09/2024 19:00,516,ct,12.55,14.054076,17.2,69.775,97432.5,1.180285,5.16,0
6204,19/09/2024 20:00,409,ct,11.87179487,17.82174737,16.225,77.05,97557.5,0.906005,3.72,0
6205,19/09/2024 21:00,184,ct,13.94285714,29.53752778,14.15,86.675,97782.5,0.85067475,3.36,0
6206,19/09/2024 22:00,159,ct,16.07692308,30.95508947,12.375,94.775,98090,0.5256765,1.92,0
6207,19/09/2024 23:00,101,ct,12.52631579,26.64337222,11.83333333,95.4,98250,0.940403333,3.04,0
6208,20/09/2024 00:00,107,pa,16.44736842,20.42989474,11.175,97.225,98360,0.5363455,2.76,0
6209,20/09/2024 01:00,165,pa,10.925,17.39265,10.6,98.075,98442.5,1.34591925,4.2,0
6210,20/09/2024 02:00,412,pa,10.15789474,15.98435789,10.175,98.7,98505,1.4517,5.04,0
6211,20/09/2024 03:00,1658,pa,10.25,17.612215,9.775,98.8,98575,1.92756,5.04,0
6212,20/09/2024 04:00,2576,pa,10.69230769,27.66464737,9.475,98.95,98665,1.4322645,4.92,0
6213,20/09/2024 05:00,2648,pa,13.30769231,25.7414055,11.125,93.8,98665,0.56196275,3,0
6214,20/09/2024 06:00,2665,pa,14.64102564,14.41460421,17.125,72.6,97922.5,0.54374125,2.64,0
6215,20/09/2024 07:00,2629,pa,14.71794872,10.11317368,19.175,68.375,97227.5,1.8818175,5.88,0
6216,20/09/2024 08:00,2515,pa,11.47368421,3.889329474,22,56.525,96707.5,1.97709,5.52,0
6217,20/09/2024 09:00,2532,pa,10.875,1.2389858,23.1,55.23333333,96403.33333,3.320036667,10.4,0
6218,20/09/2024 10:00,2626,pa,8.948717949,1.134596895,24.625,51.15,96097.5,2.49469,8.52,0
6219,20/09/2024 11:00,2718,pa,6.1,1.5141224,24.625,46.725,95827.5,4.3743625,13.08,0
6220,20/09/2024 12:00,2773,pa,6.157894737,2.184461053,24.25,47.75,95742.5,6.11953,14.28,0
6221,20/09/2024 13:00,2689,pa,6.35,5.518054,25.425,46.975,95612.5,4.932705,14.16,0
6222,20/09/2024 14:00,2957,pa,5.58974359,7.765509474,24.825,48.2,95575,5.0497125,15.96,0
6223,20/09/2024 15:00,2835,pa,4.948717949,6.0872495,23.95,50.5,95942.5,4.4591875,12.48,0
6224,20/09/2024 16:00,2352,pa,5.461538462,11.39540842,21.875,55.675,96365,4.10748,8.88,0
6225,20/09/2024 17:00,1726,pa,11.35,27.17544,17.35,75.925,97057.5,1.4557845,3.6,0
6226,20/09/2024 18:00,1019,pa,9.973684211,26.00421579,15.25,83.1,97612.5,0.59489775,2.4,0
6227,20/09/2024 19:00,742,pa,15.9,23.526025,14.2,88.6,97892.5,0.46144325,1.92,0
6228,20/09/2024 20:00,570,pa,10.92307692,12.99327895,15.575,80.85,97902.5,1.631095,4.44,0
6229,20/09/2024 21:00,361,pa,9.222222222,11.41832333,14.73333333,82.56666667,97850,1.209458667,4.32,0
6230,20/09/2024 22:00,266,pa,9.026315789,21.13851579,13.9,85.675,98012.5,0.48362625,2.4,0
6231,20/09/2024 23:00,128,pa,12.925,24.527235,13.3,88.3,98180,0.36710225,2.16,0
6232,21/09/2024 00:00,127,so,12.13157895,24.16065,12.375,92.075,98275,1.08274,4.32,0
6233,21/09/2024 01:00,176,so,16.025,21.507905,11.35,95.9,98400,0.45465825,2.64,0
6234,21/09/2024 02:00,261,so,17,21.97144211,10.525,98,98527.5,0.4241245,2.28,0
6235,21/09/2024 03:00,600,so,11.85,22.591945,9.9,98.85,98642.5,0.5931905,3.36,0
6236,21/09/2024 04:00,880,so,11.64102564,22.83297368,9.55,98.5,98707.5,0.5791355,2.76,0
6237,21/09/2024 05:00,1231,so,24.71794872,20.67544,11.325,93.075,98662.5,0.3565196,1.8,0
6238,21/09/2024 06:00,1761,so,13.82051282,13.92953158,17.05,71.25,97895,1.16985325,4.2,0
6239,21/09/2024 07:00,2267,so,11.15,10.0453135,19.6,63.76666667,97246.66667,2.5698,6.56,0
6240,21/09/2024 08:00,2370,so,8.487179487,4.034327368,21.1,57.425,96817.5,2.4219575,6.48,0
6241,21/09/2024 09:00,2277,so,6,0.73306555,23.075,47.825,96322.5,2.283845,6.48,0
6242,21/09/2024 10:00,2255,so,5.333333333,0.673656158,25.125,38.65,95860,3.61935,11.4,0
6243,21/09/2024 11:00,2496,so,6.325,1.545677,24.975,39.45,95627.5,5.2767725,14.88,0
6244,21/09/2024 12:00,2378,so,5.216216216,1.720126737,25.25,36.05,95435,6.953195,18.36,0
6245,21/09/2024 13:00,2436,so,4.525,3.8390575,25.875,35.75,95305,6.2249075,17.64,0
6246,21/09/2024 14:00,2249,so,4.897435897,8.466338947,24.95,40.025,95337.5,5.2481225,13.8,0
6247,21/09/2024 15:00,2236,so,5.25,6.1407055,23.85,42.45,95687.5,4.377465,12.84,0
6248,21/09/2024 16:00,2392,so,4.947368421,24.04110368,20.8,53.8,96160,2.37259,6.96,0
6249,21/09/2024 17:00,1750,so,7.775,73.05643,16.25,74.35,96980,1.0129425,2.88,0
6250,21/09/2024 18:00,1116,so,12.05128205,72.2009,14.25,82.625,97497.5,0.60591525,2.28,0
6251,21/09/2024 19:00,740,so,11.65,59.45027,13.03333333,85.56666667,97750,0.890582333,3.04,0
6252,21/09/2024 20:00,648,so,21.36842105,53.48563158,12.075,87.85,97947.5,0.74069625,2.64,0
6253,21/09/2024 21:00,435,so,15.77777778,42.28175556,11.2,90.75,98107.5,0.5122895,2.28,0
6254,21/09/2024 22:00,237,so,8.282051282,30.37188421,10.5,93.025,98197.5,0.68683075,2.88,0
6255,21/09/2024 23:00,188,so,8.358974359,26.6446,10,94.2,98280,1.2291005,3.72,0
6256,22/09/2024 00:00,134,ne,8.743589744,21.07437368,9.5,95.45,98327.5,1.77939125,4.44,0
6257,22/09/2024 01:00,98,ne,8.725,16.71159,9.3,95.65,98335,2.24967,4.92,0
6258,22/09/2024 02:00,194,ne,7.552631579,15.08517895,8.9,97,98342.5,2.0546025,5.4,0
6259,22/09/2024 03:00,405,ne,7.65,17.23231,8.525,97.75,98375,1.9777075,6.24,0
6260,22/09/2024 04:00,508,ne,7,14.98952632,8.133333333,98.16666667,98423.33333,1.877546667,4.96,0
6261,22/09/2024 05:00,691,ne,7.375,12.8458895,8.65,95.4,98452.5,1.5598425,4.44,0
6262,22/09/2024 06:00,1055,ne,7.921052632,12.60691789,15.85,69.75,97725,0.718851,3,0
6263,22/09/2024 07:00,1499,ne,9.825,7.276424,18.5,62.45,96877.5,1.278031,3.96,0
6264,22/09/2024 08:00,1875,ne,8.076923077,4.253853684,20.375,55.425,96397.5,2.3330275,5.64,0
6265,22/09/2024 09:00,1871,ne,7.153846154,1.06755515,22.85,48.2,95882.5,2.2782225,6.12,0
6266,22/09/2024 10:00,2288,ne,7.05,1.3431426,23.7,47.4,95512.5,2.310395,6.96,0
6267,22/09/2024 11:00,2481,ne,6.41025641,1.955418947,25.45,44.9,95137.5,2.514365,6.84,0
6268,22/09/2024 12:00,2343,ne,6.205128205,2.432686,25,46.875,94870,3.06834,7.32,0
6269,22/09/2024 13:00,2455,ne,6.205128205,5.54125,25.575,46.9,94630,2.2518525,6.36,0
6270,22/09/2024 14:00,2500,ne,8.525,12.5063375,24.975,48.275,94705,3.01217,9.12,0
6271,22/09/2024 15:00,2593,ne,10.94736842,8.775341053,22.8,53.85,95255,3.98899,8.4,0
6272,22/09/2024 16:00,2280,ne,7.153846154,35.33674,19.7,67.43333333,95716.66667,1.801863333,4.96,0
6273,22/09/2024 17:00,1617,ne,7.578947368,50.44701111,16.375,81.325,96380,1.1671815,3.12,0
6274,22/09/2024 18:00,892,ne,8.325,51.03031,14.575,86.75,96832.5,1.28065775,4.08,0
6275,22/09/2024 19:00,531,ne,11.55,39.82296842,13.25,89.85,97047.5,2.482785,6,0
6276,22/09/2024 20:00,312,ne,8.897435897,29.61154,12.45,92.55,97177.5,2.58362,4.92,0
6277,22/09/2024 21:00,222,ne,8.771428571,23.72331176,11.875,94.5,97250,1.8540025,5.04,0
6278,22/09/2024 22:00,134,ne,8.15,22.563125,11.4,96.175,97295,2.138425,5.04,0
6279,22/09/2024 23:00,139,ne,11.97368421,16.10263684,10.85,97.575,97385,1.35513975,3.36,0
6280,23/09/2024 00:00,159,po,7.6,13.935915,10.35,98.45,97427.5,1.7050075,5.04,0
6281,23/09/2024 01:00,270,po,7.051282051,12.63068421,10.475,98.425,97392.5,1.160146275,3.84,0
6282,23/09/2024 02:00,575,po,8.975,11.768096,10.43333333,98.7,97390,1.162729667,3.84,0
6283,23/09/2024 03:00,1956,po,7.973684211,15.74793789,10.325,99.525,97372.5,0.604708,2.52,0
6284,23/09/2024 04:00,2700,po,9.75,14.995836,10.3,99.425,97362.5,0.865579775,2.52,0
6285,23/09/2024 05:00,2684,po,8.41025641,16.40584211,10.7,98.35,97340,0.5701075,2.16,0
6286,23/09/2024 06:00,2738,po,10.20512821,16.096301,15.175,82.575,96985,0.594393,3.12,0
6287,23/09/2024 07:00,2818,po,15.97435897,18.95903895,19.7,68.225,96075,1.2593665,4.44,0
6288,23/09/2024 08:00,2607,po,13.9,16.384413,20.025,65.625,95737.5,2.2817975,6.96,0
6289,23/09/2024 09:00,2557,po,13.56410256,2.462350526,22.35,58.975,95397.5,2.416355,6.48,0
6290,23/09/2024 10:00,2360,po,14.55263158,2.1261925,23.35,58.225,94892.5,2.3619025,6.24,0
6291,23/09/2024 11:00,2551,po,11.46153846,2.123664211,25.925,52.375,94397.5,3.030935,7.2,0
6292,23/09/2024 12:00,2748,po,5.925,1.86637555,26.075,49.275,94177.5,3.219735,8.4,0
6293,23/09/2024 13:00,2582,po,6.236842105,4.602888947,25.33333333,50.8,94140,4.486893333,10.08,0
6294,23/09/2024 14:00,2747,po,5.775,6.143577,25.975,49.125,94140,3.8958025,11.16,0
6295,23/09/2024 15:00,2407,po,6.538461538,13.10758737,23.875,55.125,94575,3.868065,9.24,0
6296,23/09/2024 16:00,1939,po,7.416666667,31.56338,21.475,64.675,95027.5,2.9005525,7.08,0
6297,23/09/2024 17:00,1381,po,11.17948718,49.16249474,17.825,81.375,95622.5,1.17771025,3.48,0
6298,23/09/2024 18:00,795,po,10.97435897,59.148195,16.35,85.325,96022.5,0.58663275,2.52,0
6299,23/09/2024 19:00,557,po,17.84615385,48.28477895,15.6,88.325,96205,0.5244395,2.52,0
6300,23/09/2024 20:00,328,po,13.46153846,37.349525,14.525,92.85,96337.5,0.5099715,2.52,0
6301,23/09/2024 21:00,176,po,22.88571429,28.43875882,13.525,96.775,96447.5,0.64105025,2.76,0
6302,23/09/2024 22:00,89,po,12.975,21.72995,12.825,96.525,96545,1.24052425,3.6,0
6303,23/09/2024 23:00,86,po,13.13157895,17.31777895,12.125,97.225,96645,1.6548465,5.4,0
6304,24/09/2024 00:00,106,ut,23.5,15.324115,11.4,98.5,96700,0.800122667,3.36,0
6305,24/09/2024 01:00,179,ut,10.48717949,12.23125263,10.975,99.475,96732.5,0.4647283,2.52,0
6306,24/09/2024 02:00,504,ut,11.45,15.176275,10.575,99.825,96737.5,0.980385075,3.12,0
6307,24/09/2024 03:00,1803,ut,12.23684211,16.71909474,11.025,99.325,96647.5,1.5221375,4.44,0
6308,24/09/2024 04:00,2603,ut,12.75,18.14503,11.375,99.25,96605,1.40153625,4.08,0
6309,24/09/2024 05:00,2836,ut,16.15384615,28.77551053,12.225,97.875,96490,1.19729325,4.56,0
6310,24/09/2024 06:00,2795,ut,18.94871795,33.06342,13.4,95.125,96240,0.90404,3.24,0
6311,24/09/2024 07:00,2639,ut,18.15384615,31.49578421,13.475,99.475,96215,2.69266,8.04,0.7875
6312,24/09/2024 08:00,2367,ut,16.8,17.385995,13.95,100,96170,1.72990975,5.76,0.7875
6313,24/09/2024 09:00,2386,ut,14.17948718,16.76534737,14.76666667,99.66666667,96103.33333,2.18549,6.24,0.7
6314,24/09/2024 10:00,2319,ut,8.078947368,12.67804474,16.525,96.1,95915,3.0076025,8.88,0.175
6315,24/09/2024 11:00,2535,ut,1.948717949,2.834566842,19.5,77.525,95417.5,3.28012,9.96,0
6316,24/09/2024 12:00,2800,ut,2.891891892,2.359057,19.65,72.55,95047.5,3.6650775,10.32,0
6317,24/09/2024 13:00,2801,ut,6.868421053,8.168595263,17.9,77.525,95360,4.362795,12.84,0
6318,24/09/2024 14:00,2646,ut,4.2,8.367308,20,68.75,95120,3.9564575,11.04,0
6319,24/09/2024 15:00,2396,ut,2.461538462,3.292951053,20.475,64.35,95097.5,3.2140275,9.72,0
6320,24/09/2024 16:00,1931,ut,2.076923077,4.3011725,17.825,72.35,95445,2.5865,7.2,0
6321,24/09/2024 17:00,1206,ut,19.48717949,11.80913158,16.725,78.075,95747.5,2.7868925,7.44,0
6322,24/09/2024 18:00,725,ut,6.205128205,17.75633,15.075,86.15,96077.5,2.825785,7.44,0
6323,24/09/2024 19:00,458,ut,2.615384615,12.40486947,14.05,88.95,96327.5,1.786845,5.52,0
6324,24/09/2024 20:00,344,ut,4.871794872,14.49649,13.4,91.2,96473.33333,0.779952667,4.32,0
6325,24/09/2024 21:00,163,ut,24.71428571,16.48380588,12.775,93.55,96615,1.09944075,4.56,0
6326,24/09/2024 22:00,101,ut,4.487179487,12.88257368,12.7,94.35,96700,0.89120975,3.24,0
6327,24/09/2024 23:00,86,ut,9.368421053,9.364969474,13.375,92.275,96582.5,0.9457345,3.96,0
6328,25/09/2024 00:00,99,st,8.525,6.595097,14.225,89.025,96395,1.8132675,5.52,0
6329,25/09/2024 01:00,126,st,4.842105263,4.840083158,14.675,87.1,96267.5,2.61712,7.32,0
6330,25/09/2024 02:00,458,st,3.8,4.382977,15.175,84.1,96187.5,3.212475,9.72,0
6331,25/09/2024 03:00,1727,st,2.894736842,6.407241053,15.1,84.675,96180,4.0036875,10.08,0
6332,25/09/2024 04:00,2644,st,6.475,9.3919575,14.825,84.925,96270,4.8512775,12.84,0
6333,25/09/2024 05:00,2820,st,3.131578947,9.244571667,15.2,83.25,96300,2.8094075,10.32,0
6334,25/09/2024 06:00,2772,st,3.794871795,7.293222,16.26666667,80,96143.33333,3.199403333,9.12,0
6335,25/09/2024 07:00,2516,st,5.083333333,5.345223684,18.4,71.775,95775,4.605565,11.28,0
6336,25/09/2024 08:00,2487,st,4.538461538,4.3006025,17.8,74.475,95777.5,5.6426225,13.8,0
6337,25/09/2024 09:00,2442,st,2.461538462,2.322365263,21.175,60.9,95467.5,5.6650675,13.92,0
6338,25/09/2024 10:00,2423,st,4.225,2.8761065,21.3,60.975,95287.5,3.958365,11.52,0
6339,25/09/2024 11:00,2625,st,2,2.705701111,22.05,57.4,95030,6.12344,15.12,0
6340,25/09/2024 12:00,2703,st,6.075,3.955505,21.1,60.125,95052.5,4.6761025,12,0
6341,25/09/2024 13:00,2754,st,4.055555556,8.964567,21.3,61.6,95175,2.4650525,6,0
6342,25/09/2024 14:00,2670,st,2.75,4.637698947,21.25,60.2,95002.5,4.23595,12.6,0
6343,25/09/2024 15:00,2533,st,6.472222222,11.546217,20.25,64,95232.5,5.4057,12.72,0
6344,25/09/2024 16:00,1801,st,8.777777778,14.97247895,18.9,69.575,95427.5,4.12850875,9.96,0
6345,25/09/2024 17:00,1386,st,2.944444444,18.50757,17.83333333,74.06666667,95686.66667,1.004459667,4.16,0
6346,25/09/2024 18:00,858,st,4.58974359,14.05496316,17.175,77.6,95800,0.667872,2.52,0
6347,25/09/2024 19:00,518,st,6.95,20.25635,15.425,87.1,96017.5,0.52988875,2.28,0
6348,25/09/2024 20:00,320,st,7.025641026,25.29273684,13.65,94.725,96270,0.71616775,2.52,0
6349,25/09/2024 21:00,174,st,3.714285714,25.68892778,12.375,96.825,96507.5,0.56659175,2.88,0
6350,25/09/2024 22:00,124,st,26.94871795,19.558465,11.65,97.475,96580,0.96831425,3,0
6351,25/09/2024 23:00,125,st,15.84615385,17.85836316,11.9,97.15,96510,0.51384375,3,0
6352,26/09/2024 00:00,91,ct,8.487179487,14.668295,12.325,97.125,96375,0.60332,3.48,0
6353,26/09/2024 01:00,143,ct,4.871794872,18.41556316,12.775,97.725,96225,1.43586,4.8,0
6354,26/09/2024 02:00,407,ct,5.425,19.5779,12.875,99.6,96085,1.3543035,4.44,0.0875
6355,26/09/2024 03:00,1639,ct,6.769230769,18.55343158,12.725,100,95985,0.38173975,2.4,0.0875
6356,26/09/2024 04:00,2596,ct,7.256410256,22.196265,12.73333333,100,95890,1.540402,4.64,0
6357,26/09/2024 05:00,2617,ct,7.179487179,26.58581579,12.76,100,95876,0.3535774,2.304,0.14
6358,26/09/2024 06:00,2760,ct,7.475,24.59242,13.075,100,95787.5,0.536559,2.64,0.2625
6359,26/09/2024 07:00,2618,ct,9.447368421,31.91829474,13.525,99.925,95657.5,0.54512475,2.76,0.0875
6360,26/09/2024 08:00,2478,ct,9.125,25.226055,14.2,99.525,95532.5,0.9397945,3,0.175
6361,26/09/2024 09:00,2433,ct,4.307692308,9.396717368,15.425,92.95,95347.5,4.1125975,10.8,0.175
6362,26/09/2024 10:00,2526,ct,2.625,5.1453415,16.575,87.7,95095,6.9319,16.2,0
6363,26/09/2024 11:00,2678,ct,7.052631579,4.272365789,17.5,85.975,94922.5,4.7067775,15.84,0
6364,26/09/2024 12:00,2715,ct,3.925,4.510993,18.25,86.425,94815,2.5215625,6.6,0
6365,26/09/2024 13:00,2748,ct,7.513513514,5.337373158,19.45,83.525,94600,1.61317925,5.04,0
6366,26/09/2024 14:00,2833,ct,9.026315789,19.511144,18.53333333,88.96666667,94643.33333,1.534833333,4.48,0
6367,26/09/2024 15:00,2403,ct,8.891891892,19.51993444,18.05,94.325,94732.5,1.00287025,3.48,0
6368,26/09/2024 16:00,1986,ct,5.775,12.679134,17.65,97.25,94887.5,0.9405285,4.44,0.175
6369,26/09/2024 17:00,1286,ct,8.205128205,10.94940421,16.925,96.95,95047.5,1.2496375,4.56,0.2625
6370,26/09/2024 18:00,830,ct,4.525,9.91561,16.25,96.5,95217.5,1.59830075,4.92,0.4375
6371,26/09/2024 19:00,509,ct,5.026315789,11.10002211,15.875,97.225,95335,2.5749225,8.88,0.6125
6372,26/09/2024 20:00,351,ct,1.95,10.858317,16.2,96.275,95290,5.393255,13.2,0.0875
6373,26/09/2024 21:00,199,ct,3.057142857,6.239565882,16.425,92.175,95250,6.3222,16.44,0
6374,26/09/2024 22:00,132,ct,0.794871795,4.360583,16.35,90.725,95195,3.5318725,10.56,0
6375,26/09/2024 23:00,129,ct,1.512820513,4.21602,16.475,88.95,95172.5,4.476165,11.88,0
6376,27/09/2024 00:00,128,pa,2.846153846,4.311424,15.96666667,90.63333333,95236.66667,3.95636,10.56,0
6377,27/09/2024 01:00,171,pa,4.025641026,4.21602,15.9,88.2,95375,3.4094625,9.84,0
6378,27/09/2024 02:00,419,pa,1.8,4.0591185,16,84.875,95447.5,3.944975,10.68,0
6379,27/09/2024 03:00,1669,pa,1.552631579,3.838512632,15.65,82.15,95547.5,3.3051975,10.2,0
6380,27/09/2024 04:00,2404,pa,1.225,4.8444425,15.075,82.9,95710,2.8475475,8.4,0
6381,27/09/2024 05:00,2625,pa,3.157894737,5.192699474,14.475,84.35,95895,2.697025,7.08,0
6382,27/09/2024 06:00,2753,pa,4.475,5.031335,18.35,68.55,95450,4.3817675,9.72,0.0875
6383,27/09/2024 07:00,2570,pa,2.394736842,4.003672105,19.2,64.65,95062.5,5.8767425,13.56,0
6384,27/09/2024 08:00,2679,pa,1.55,3.109582,20.5,59.8,94862.5,7.2616075,17.88,0
6385,27/09/2024 09:00,2633,pa,2.692307692,1.448005789,21.25,55.45,94702.5,7.7449125,19.2,0
6386,27/09/2024 10:00,2691,pa,1.871794872,1.7805845,22.575,51.65,94460,6.5819125,16.2,0
6387,27/09/2024 11:00,2826,pa,1.512820513,3.096229474,22.06666667,53.66666667,94376.66667,6.548283333,16.64,0
6388,27/09/2024 12:00,2932,pa,1.35,3.4331615,23.6,51.15,94125,6.827295,15.36,0
6389,27/09/2024 13:00,2728,pa,3.076923077,4.694168947,20.95,55.45,94380,6.0977075,17.88,0
6390,27/09/2024 14:00,2838,pa,3.307692308,10.8609295,19.85,58.125,94650,6.17022,18.24,0
6391,27/09/2024 15:00,2840,pa,0.868421053,12.80710526,18.7,60.55,94937.5,5.557095,14.64,0
6392,27/09/2024 16:00,2175,pa,1.2,14.236958,17.4,63.95,95257.5,5.54945,16.68,0
6393,27/09/2024 17:00,1507,pa,3.846153846,22.76373158,16.025,72.45,95522.5,5.845295,13.32,0
6394,27/09/2024 18:00,1059,pa,1.974358974,23.95641,15.3,78.3,95770,4.67544,11.88,0
6395,27/09/2024 19:00,757,pa,6.684210526,10.76357778,14.9,73.15,95957.5,4.8265575,13.8,0
6396,27/09/2024 20:00,447,pa,1.9,8.849214,14.3,72.475,96072.5,3.92116,10.8,0
6397,27/09/2024 21:00,420,pa,1.441176471,9.599425882,14.06666667,73.23333333,96216.66667,5.454226667,16.16,0
6398,27/09/2024 22:00,189,pa,2.3,10.565046,13.73333333,74.53333333,96273.33333,6.51732,18.24,0
6399,27/09/2024 23:00,123,pa,2.717948718,11.22738,13.275,77.05,96382.5,4.66817,12.36,0
6400,28/09/2024 00:00,93,so,2.425,8.684917,13.05,77.325,96522.5,3.1862075,10.56,0
6401,28/09/2024 01:00,112,so,1.973684211,8.188752632,13.3,76.175,96527.5,3.791235,12.24,0
6402,28/09/2024 02:00,245,so,2.846153846,9.377023,13.125,78,96542.5,4.24891,10.8,0
6403,28/09/2024 03:00,661,so,2.179487179,9.070754737,13.05,78.5,96607.5,4.16934,10.92,0
6404,28/09/2024 04:00,911,so,5.025641026,8.601724,13.025,78.475,96650,3.1406775,8.4,0
6405,28/09/2024 05:00,1028,so,2.615384615,8.961961053,13.175,78.25,96687.5,2.8772475,8.16,0
6406,28/09/2024 06:00,1373,so,1.153846154,10.2207955,13.85,76.725,96682.5,2.651405,7.92,0
6407,28/09/2024 07:00,1678,so,1.871794872,9.704619474,13.7,78.075,96712.5,2.8281875,9.24,0
6408,28/09/2024 08:00,1907,so,1.875,9.4691885,14.06666667,76.16666667,96710,2.782526667,8,0
6409,28/09/2024 09:00,1859,so,2.526315789,7.146277368,14.45,73.375,96730,2.8256875,8.04,0
6410,28/09/2024 10:00,1879,so,2.725,4.521235,15.575,66.85,96575,3.7630475,10.44,0
6411,28/09/2024 11:00,1956,so,3.025641026,3.023122105,16.55,60.825,96367.5,5.2990925,13.44,0
6412,28/09/2024 12:00,2213,so,2.625,3.686455,15.8,59.225,96482.5,4.5090775,12.72,0
6413,28/09/2024 13:00,2063,so,2.736842105,4.419204211,16.275,56.05,96467.5,6.93839,22.44,0
6414,28/09/2024 14:00,2004,so,2.75,4.853077,15.95,56.575,96565,4.2985875,11.4,0
6415,28/09/2024 15:00,2042,so,2.974358974,4.809823684,15.65,59.925,96820,3.47711,9.36,0
6416,28/09/2024 16:00,1745,so,4.289473684,17.852694,13.1,68.8,97360,1.8922075,6.12,0
6417,28/09/2024 17:00,1348,so,3.230769231,22.84181579,12,72.8,97785,3.2760125,12.72,0
6418,28/09/2024 18:00,774,so,2.775,19.307305,11.65,71.4,98022.5,3.1700525,9.12,0
6419,28/09/2024 19:00,527,so,2.487179487,16.77172632,11.2,71.3,98156.66667,2.136963333,5.76,0
6420,28/09/2024 20:00,484,so,2.820512821,16.983515,10.425,76.475,98372.5,1.08025725,4.92,0
6421,28/09/2024 21:00,360,so,3.457142857,22.75826471,10.55,76.625,98470,2.064215,8.52,0
6422,28/09/2024 22:00,220,so,3.846153846,23.119,9.625,79.25,98635,2.33174225,7.32,0
6423,28/09/2024 23:00,147,so,18.15789474,26.70858421,7.2,91.125,99057.5,1.36000175,3.6,0
6424,29/09/2024 00:00,129,ne,5.925,19.94009,5.875,94.45,99372.5,1.772865,4.92,0
6425,29/09/2024 01:00,86,ne,3.342105263,16.28465,5.225,95.05,99567.5,1.872975,5.28,0
6426,29/09/2024 02:00,198,ne,3.4,14.39634,4.725,96.2,99692.5,2.2932425,6.96,0
6427,29/09/2024 03:00,468,ne,2.473684211,13.31762632,4.3,96.275,99795,3.033085,6.24,0
6428,29/09/2024 04:00,583,ne,3.125,13.492315,4.133333333,96.36666667,99863.33333,2.654483333,5.92,0
6429,29/09/2024 05:00,738,ne,11.64102564,13.756,4.95,95.35,99832.5,2.071805,5.88,0
6430,29/09/2024 06:00,1128,ne,5.538461538,22.58054,7.95,87.725,99577.5,1.19726225,3.36,0
6431,29/09/2024 07:00,1553,ne,4.076923077,7.491669474,13.45,67.1,98777.5,2.0839025,5.64,0
6432,29/09/2024 08:00,1777,ne,3.5,2.998077,14.125,59.025,98247.5,3.2081275,10.68,0
6433,29/09/2024 09:00,1859,ne,2.948717949,2.165818737,14.025,54.95,98020,3.3656625,9.24,0
6434,29/09/2024 10:00,2099,ne,2.282051282,3.2876305,16.55,47.675,97707.5,2.400305,7.44,0
6435,29/09/2024 11:00,2398,ne,2.925,4.5998775,15.975,49.075,97675,2.2627875,7.2,0
6436,29/09/2024 12:00,2403,ne,2.333333333,3.966083684,15.6,49.625,97627.5,1.79574,5.52,0
6437,29/09/2024 13:00,2404,ne,2.128205128,5.8619335,15.3,50.16666667,97623.33333,2.159006667,7.68,0
6438,29/09/2024 14:00,2526,ne,2.225,11.17274842,14.85,51.65,97735,1.49161,5.88,0
6439,29/09/2024 15:00,2487,ne,2.463414634,13.367178,13.925,55.675,97970,2.18852,6.36,0
6440,29/09/2024 16:00,2074,ne,2.794871795,24.6172,12.325,66.425,98277.5,1.6696675,3.96,0
6441,29/09/2024 17:00,1411,ne,4.897435897,29.38276,10.2,76.95,98690,1.633535,3.96,0
6442,29/09/2024 18:00,834,ne,7.820512821,31.84427368,8.5,83.45,99082.5,1.0449116,3.72,0
6443,29/09/2024 19:00,493,ne,8.275,29.550945,7.075,91.225,99340,0.45357035,2.28,0
6444,29/09/2024 20:00,292,ne,12.84210526,28.39512105,5.95,95,99562.5,0.28824325,1.92,0
6445,29/09/2024 21:00,196,ne,9.228571429,25.81655294,5.4,95.975,99627.5,0.65361225,3,0
6446,29/09/2024 22:00,115,ne,9.256410256,22.2744,5.6,95.725,99582.5,0.5636085,2.88,0
6447,29/09/2024 23:00,147,ne,11.625,18.157745,5.266666667,97.03333333,99556.66667,0.392006,2.08,0
6448,30/09/2024 00:00,138,po,12.78947368,16.44258947,5.15,98.575,99555,0.151518125,1.44,0
6449,30/09/2024 01:00,240,po,13.675,15.635185,5.325,98.725,99480,0.35551425,2.16,0
6450,30/09/2024 02:00,653,po,8.615384615,14.31975263,5.625,98.45,99347.5,0.40410725,2.28,0
6451,30/09/2024 03:00,1845,po,9.641025641,19.93691,5.675,99,99275,0.4566,2.64,0
6452,30/09/2024 04:00,2872,po,8.605263158,19.99530556,5.575,98.75,99257.5,0.2675316,1.92,0
6453,30/09/2024 05:00,2741,po,10.38461538,21.48477895,5.125,99.4,99355,0.328436,2.52,0
6454,30/09/2024 06:00,2873,po,11.87179487,25.88829474,9.05,86.275,99067.5,0.51905,2.52,0
6455,30/09/2024 07:00,2724,po,5.769230769,7.169703,11.575,70.8,98442.5,2.56226,8.04,0
6456,30/09/2024 08:00,2711,po,4.128205128,3.258743158,13.06666667,62.7,97866.66667,4.939506667,12.8,0
6457,30/09/2024 09:00,2537,po,4.025,3.328029,12.725,64.175,97630,5.8071375,13.08,0
6458,30/09/2024 10:00,2518,po,4.763157895,3.711795789,13.95,60.425,97445,6.9507175,18.24,0
6459,30/09/2024 11:00,2530,po,3.2,3.5307225,15.15,57.875,97207.5,7.5356725,19.08,0
6460,30/09/2024 12:00,2799,po,3.435897436,2.930205263,16.025,55.2,96777.5,8.8503125,22.2,0
6461,30/09/2024 13:00,2771,po,3,4.6132285,16.225,55.5,96592.5,6.9101675,18.12,0
6462,30/09/2024 14:00,2727,po,6.888888889,5.474098421,16.05,53.8,96807.5,5.408975,11.64,0
6463,30/09/2024 15:00,2436,po,4.45,6.688917,15.13333333,55.26666667,97006.66667,4.53725,10.72,0
6464,30/09/2024 16:00,1769,po,4.815789474,15.92651789,13.475,63.675,97287.5,2.2016075,5.16,0
6465,30/09/2024 17:00,1343,po,5.45,25.858615,10.675,80.425,97725,1.15970925,4.2,0
6466,30/09/2024 18:00,699,po,8.769230769,23.32685263,10.16666667,83.8,97916.66667,0.573643333,2.56,0
6467,30/09/2024 19:00,459,po,9.256410256,23.59868,10.25,84.625,97920,0.7568405,3.24,0
6468,30/09/2024 20:00,276,po,8.552631579,24.63302105,10.575,85.15,97847.5,0.37000325,2.52,0
6469,30/09/2024 21:00,187,po,9.4,19.2636,10.625,85.05,97760,0.86857005,3.72,0
6470,30/09/2024 22:00,96,po,9.763157895,18.01203684,10.625,85.425,97682.5,0.320784375,2.4,0
6471,30/09/2024 23:00,101,po,11.45,36.287335,10.675,84.875,97640,0.651088,2.64,0
6472,01/10/2024 00:00,99,ut,10.94594595,19.90442778,10.475,88.45,97620,0.302445325,1.8,0
6473,01/10/2024 01:00,168,ut,10.61538462,36.422325,10.15,94.325,97620,0.07142505,0.84,0
6474,01/10/2024 02:00,447,ut,9.842105263,41.10061053,9.825,96.25,97655,0.520614,2.64,0.175
6475,01/10/2024 03:00,1663,ut,8.8,36.155005,9.8,97.86666667,97626.66667,0.429239,2.4,0.116666667
6476,01/10/2024 04:00,2667,ut,7.789473684,21.09700556,9.7,98.65,97590,0.48283375,2.28,0
6477,01/10/2024 05:00,2669,ut,7.871794872,31.26944,9.8,98.15,97575,0.44962775,2.04,0
6478,01/10/2024 06:00,2840,ut,7.564102564,20.79755263,10.1,96.15,97515,1.530415,4.44,0
6479,01/10/2024 07:00,2475,ut,7.5,11.430401,10.95,90.875,97367.5,1.0665505,3.72,0
6480,01/10/2024 08:00,2431,ut,7.763157895,8.374542105,12.25,85.225,97022.5,1.5130575,5.16,0.0875
6481,01/10/2024 09:00,2362,ut,8.5,11.5217345,12.85,85.025,96820,1.827605,5.28,0
6482,01/10/2024 10:00,2368,ut,9.974358974,19.56608947,12.075,89.15,96897.5,2.0079625,5.28,0.0875
6483,01/10/2024 11:00,2490,ut,11.1,19.13418,13.375,85.35,96775,1.9059175,5.28,0
6484,01/10/2024 12:00,1470,ut,12.26315789,12.67915421,14.825,81,96415,1.43027075,4.56,0
6485,01/10/2024 13:00,2852,ut,12,11.4802615,15.13333333,82.96666667,96306.66667,1.047033333,3.52,0
6486,01/10/2024 14:00,2640,ut,10.7027027,11.783,16.3,79.175,96077.5,1.284244,4.92,0
6487,01/10/2024 15:00,2325,ut,14.325,19.30635,14.425,86.975,96300,1.73867225,5.16,0
6488,01/10/2024 16:00,2006,ut,14.94736842,22.17388947,13.95,89.375,96507.5,1.1291605,3.36,0
6489,01/10/2024 17:00,1253,ut,17.6,27.752205,12.55,96.35,96722.5,0.3990035,2.52,0
6490,01/10/2024 18:00,763,ut,14.89473684,22.37656842,11.575,99.8,96925,0.20014225,1.56,0
6491,01/10/2024 19:00,471,ut,15.65,19.343775,11.1,100,97007.5,0.2240626,1.44,0
6492,01/10/2024 20:00,331,ut,12,13.38044211,10.025,100,97122.5,0.863384325,3,0
6493,01/10/2024 21:00,187,ut,11,12.13724,9.025,100,97267.5,0.661371475,2.52,0
6494,01/10/2024 22:00,130,ut,6.210526316,9.403757895,8.2,100,97310,2.3466975,7.44,0
6495,01/10/2024 23:00,86,ut,5.1,9.43778,8.3,100,97340,0.436932333,2.24,0
6496,02/10/2024 00:00,86,st,9.684210526,15.03511053,8.725,100,97205,0.630031975,2.16,0
6497,02/10/2024 01:00,149,st,11.95,14.61225,9.075,100,97035,0.298545125,1.8,0
6498,02/10/2024 02:00,450,st,17.05263158,15.87384737,9.3,100,96955,0.644776525,3.24,0
6499,02/10/2024 03:00,1646,st,13.3,17.20469,9.525,100,96900,0.415520975,2.16,0.175
6500,02/10/2024 04:00,2650,st,11.89473684,20.25833158,9.9,100,96855,0.77144125,2.76,0.525
6501,02/10/2024 05:00,2680,st,7.1,17.074105,10.325,100,96792.5,1.39731725,5.52,0.175
6502,02/10/2024 06:00,2749,st,7.368421053,15.88691053,10.775,100,96732.5,1.852535,5.52,0.4375
6503,02/10/2024 07:00,2602,st,8.7,18.16355,11.45,99.85,96642.5,1.475565,4.68,0.175
6504,02/10/2024 08:00,2398,st,7.210526316,15.25138526,12.825,97.15,96455,1.2379125,4.56,0
6505,02/10/2024 09:00,2419,st,4.972222222,7.4033385,13.73333333,91.93333333,96236.66667,0.871146,3.04,0
6506,02/10/2024 10:00,2438,st,2.974358974,4.205184737,14.225,85.95,96087.5,2.0104925,6.6,0
6507,02/10/2024 11:00,2610,st,6.564102564,5.276986,15.075,81.85,95977.5,2.0977975,6.96,0
6508,02/10/2024 12:00,2854,st,2.58974359,3.787159474,15.675,74.75,95810,2.6540925,8.16,0
6509,02/10/2024 13:00,2804,st,2.175,6.482349,15.075,74.9,95915,3.94959,10.92,0
6510,02/10/2024 14:00,2842,st,2.243243243,13.26432263,13.625,81.1,96190,2.4339,9.12,0
6511,02/10/2024 15:00,2438,st,2.875,13.509836,12.9,84.225,96397.5,1.24583975,5.76,0
6512,02/10/2024 16:00,1801,st,3.923076923,22.72943158,12.25,87.9,96580,1.005644,4.44,0
6513,02/10/2024 17:00,1234,st,16,25.43676,11.35,96.175,96810,0.795174,2.88,0.175
6514,02/10/2024 18:00,855,st,10.61904762,31.00492632,10.875,99.9,96945,0.359317325,1.92,0.0875
6515,02/10/2024 19:00,487,st,5.4,15.855085,10.66666667,100,97050,0.217332933,1.12,0
6516,02/10/2024 20:00,357,st,4.052631579,14.897,10.45,100,97102.5,0.685939,3.12,0
6517,02/10/2024 21:00,188,st,5.444444444,14.17782778,10.35,100,97140,0.499584,2.16,0
6518,02/10/2024 22:00,154,st,5.736842105,10.10273,10.275,100,97175,0.6967435,2.88,0
6519,02/10/2024 23:00,118,st,1.5,4.3143175,10.375,94.675,97210,0.73353275,4.2,0
6520,03/10/2024 00:00,101,ct,1.368421053,4.923130526,10.15,89.85,97267.5,2.3265775,9.24,0
6521,03/10/2024 01:00,161,ct,2.25,5.2839655,9.775,91.5,97327.5,1.680585,5.28,0
6522,03/10/2024 02:00,400,ct,2.894736842,6.555215789,9.5,95.875,97367.5,0.765536,2.76,0
6523,03/10/2024 03:00,1678,ct,5.586206897,10.115883,10,88.825,97350,3.2354425,11.52,0
6524,03/10/2024 04:00,2746,ct,4.566666667,12.60461,9.95,91.15,97345,0.604827,3,0
6525,03/10/2024 05:00,2784,ct,6.5,16.95207474,9.866666667,94,97400,0.813869,3.36,0
6526,03/10/2024 06:00,2832,ct,7.375,21.125756,11.825,87.625,97327.5,0.58509825,2.64,0
6527,03/10/2024 07:00,2685,ct,5.179487179,7.045212632,12.475,78.75,97015,1.31829,3.6,0
6528,03/10/2024 08:00,2504,ct,5.325,10.482078,12.3,79.325,96987.5,0.782157,3,0
6529,03/10/2024 09:00,2460,ct,3.5,10.00337105,12.9,77.9,96987.5,1.5291225,5.52,0
6530,03/10/2024 10:00,2486,ct,2.075,13.387103,13.675,79.525,96897.5,2.1183125,7.2,0
6531,03/10/2024 11:00,2565,ct,2.153846154,7.075433684,13.8,76.85,96770,0.66491325,3,0.0875
6532,03/10/2024 12:00,2889,ct,1.512820513,8.055673,13.6,76.775,96842.5,3.2607925,10.2,0
6533,03/10/2024 13:00,2820,ct,1.717948718,5.737728947,13.875,72.275,96795,2.72569,9.24,0
6534,03/10/2024 14:00,1510,ct,2.1,7.8571015,13.65,73.5,96792.5,3.572825,11.04,0
6535,03/10/2024 15:00,1367,ct,1.512820513,10.11437263,12.83333333,76.96666667,96970,2.881846667,9.6,0
6536,03/10/2024 16:00,947,ct,2.333333333,13.74021,12,79.225,97165,2.3105525,7.2,0
6537,03/10/2024 17:00,688,ct,5.882352941,12.68853263,10.625,89.45,97445,0.96339875,4.32,0
6538,03/10/2024 18:00,400,ct,1.15,12.541446,10.625,89.75,97542.5,0.901915,3.48,0
6539,03/10/2024 19:00,262,ct,3.157894737,22.75905789,10.075,96.3,97597.5,0.339624,2.28,0
6540,03/10/2024 20:00,151,ct,2.5,19.57098,9.95,99.125,97622.5,0.4246305,1.8,0
6541,03/10/2024 21:00,85,ct,2.411764706,15.60099412,10.05,99.275,97630,0.299269625,1.92,0.0875
6542,03/10/2024 22:00,79,ct,1.4,15.1493,10.175,100,97612.5,0.114871675,1.2,0.0875
6543,03/10/2024 23:00,59,ct,5.210526316,15.34275263,10.325,100,97572.5,0.22335005,2.04,0
6544,04/10/2024 00:00,105,pa,3.05,11.477581,10.36666667,99.76666667,97540,0.539553333,2.88,0
6545,04/10/2024 01:00,149,pa,3.368421053,9.778784211,10.3,99.75,97525,0.387495,2.16,0
6546,04/10/2024 02:00,391,pa,3.15,9.9713795,10.125,100,97540,0.34658975,1.68,0.0875
6547,04/10/2024 03:00,1632,pa,3.5,19.47083158,10.075,100,97595,0.011026375,0.48,0
6548,04/10/2024 04:00,2479,pa,3.564102564,15.44715,10.125,99.95,97607.5,0.0850413,1.08,0.0875
6549,04/10/2024 05:00,2862,pa,3.794871795,18.37824737,10.325,97.35,97595,0.7103885,3.12,0
6550,04/10/2024 06:00,2669,pa,4.075,12.250312,10.575,95,97565,1.77167325,6.84,0
6551,04/10/2024 07:00,2653,pa,4.117647059,9.490733158,11.1,90.975,97545,2.749545,9.84,0
6552,04/10/2024 08:00,2614,pa,3.75,8.6231525,11.1,88.725,97532.5,3.090065,9,0
6553,04/10/2024 09:00,2716,pa,4.64516129,9.350737895,11.275,89.85,97552.5,3.0771975,8.64,0
6554,04/10/2024 10:00,2672,pa,4.925,6.392461579,12.16666667,84.03333333,97403.33333,3.51593,13.6,0
6555,04/10/2024 11:00,2822,pa,4.210526316,4.253243684,12.875,80.175,97245,3.017755,10.44,0
6556,04/10/2024 12:00,3101,pa,4.282051282,4.902770526,12.375,79.6,97225,4.1246125,15.6,0
6557,04/10/2024 13:00,2873,pa,4.282051282,6.515927,12.45,80.15,97280,2.9401425,9.84,0
6558,04/10/2024 14:00,3068,pa,3.641025641,8.445252105,12.125,81.6,97310,3.32123,8.76,0
6559,04/10/2024 15:00,2711,pa,2.815789474,8.117242105,11.65,83.475,97392.5,2.91274,10.08,0
6560,04/10/2024 16:00,2070,pa,3.973684211,11.11937368,11.425,83.925,97487.5,2.3077875,7.2,0
6561,04/10/2024 17:00,1425,pa,4.15,14.526726,11.3,86.75,97567.5,2.16292,6.72,0
6562,04/10/2024 18:00,966,pa,4.657894737,15.02196316,11.025,90.6,97647.5,1.5469805,5.16,0
6563,04/10/2024 19:00,670,pa,4.7,12.083146,10.95,90.875,97695,1.4009625,6.84,0
6564,04/10/2024 20:00,537,pa,4.923076923,12.38482632,10.76666667,92.63333333,97733.33333,1.160671667,4.8,0.116666667
6565,04/10/2024 21:00,309,pa,5.242424242,10.28225625,10.825,92.1,97727.5,1.32053925,5.28,0
6566,04/10/2024 22:00,211,pa,5.666666667,10.950299,10.6,92.85,97730,0.83440475,3.96,0
6567,04/10/2024 23:00,168,pa,6.641025641,12.87357895,10.15,97.35,97807.5,0.50708675,2.4,0.175
6568,05/10/2024 00:00,121,so,6.2,11.59557,10.025,99.275,97830,0.324679,2.16,0.0875
6569,05/10/2024 01:00,104,so,5.540540541,10.35883,9.875,99.175,97830,0.57750075,3.24,0.0875
6570,05/10/2024 02:00,223,so,5.7,9.985864,9.75,99.775,97857.5,0.386849,3.12,0.6125
6571,05/10/2024 03:00,621,so,4.65,11.90348947,9.625,100,97882.5,0.3085588,1.68,0.0875
6572,05/10/2024 04:00,950,so,4.5,11.275948,9.6,100,97890,0.175951098,1.08,0
6573,05/10/2024 05:00,1215,so,4.315789474,10.4671,9.466666667,99.7,97910,1.283211,4.8,0
6574,05/10/2024 06:00,1618,so,3.277777778,8.349811111,9.725,96.625,97927.5,2.1648125,5.28,0
6575,05/10/2024 07:00,2000,so,2.6,7.9285595,10.225,93.1,97855,1.9368475,6.48,0
6576,05/10/2024 08:00,2278,so,2.807692308,6.278847368,10.8,90.175,97740,2.67671925,9.24,0
6577,05/10/2024 09:00,2126,so,3.55,4.4106525,12.1,82.225,97547.5,3.4559525,10.2,0.0875
6578,05/10/2024 10:00,2263,so,2.815789474,3.682259444,12.65,75.675,97270,5.2865175,14.04,0
6579,05/10/2024 11:00,2391,so,2.5,3.816804,13.15,71.975,97202.5,4.4327775,12.72,0
6580,05/10/2024 12:00,2602,so,2.051282051,4.353366316,12.85,72.65,97157.5,4.95128,14.52,0
6581,05/10/2024 13:00,2490,so,2.923076923,7.6510255,11.7,78.2,97327.5,5.1923975,12.24,0
6582,05/10/2024 14:00,2194,so,3.923076923,11.03450211,11.1,82.875,97530,4.244285,13.08,0
6583,05/10/2024 15:00,2188,so,3.225,10.6018055,11.1,81.03333333,97560,2.607486667,7.2,0
6584,05/10/2024 16:00,2074,so,3.487179487,9.772624737,10.7,82.075,97627.5,3.0545,9.12,0
6585,05/10/2024 17:00,1471,so,3.513513514,8.812231111,10.175,82.8,97727.5,3.14348,9.36,0
6586,05/10/2024 18:00,952,so,3.675,10.663087,9.725,84.5,97825,2.791655,6.72,0
6587,05/10/2024 19:00,679,so,19.53846154,13.32966842,9.45,88.325,97882.5,1.23828,3.96,0
6588,05/10/2024 20:00,405,so,37.66666667,13.99026,9.025,94.325,97937.5,0.286846875,1.68,0
6589,05/10/2024 21:00,324,so,16.97142857,11.87018471,8.725,95.75,97957.5,0.240756025,2.28,0
6590,05/10/2024 22:00,185,so,16.21052632,9.192817368,8.225,97.6,97995,0.76837575,2.64,0
6591,05/10/2024 23:00,114,so,5.307692308,7.847563158,8.1,96.9,98007.5,0.98685,2.64,0
6592,06/10/2024 00:00,135,ne,16.3,9.056469,7.65,98.6,98050,0.735653,3.24,0
6593,06/10/2024 01:00,78,ne,8.131578947,8.526735263,6.466666667,99.9,98220,0.1037634,1.28,0
6594,06/10/2024 02:00,179,ne,5.789473684,10.05892111,5.925,100,98307.5,1.09638425,3.36,0
6595,06/10/2024 03:00,447,ne,5.794871795,10.512421,6.1,99.225,98290,1.46077575,3.84,0
6596,06/10/2024 04:00,538,ne,6.947368421,7.915184737,5.35,99.475,98365,1.18148675,3.48,0
6597,06/10/2024 05:00,722,ne,7.15,8.4221705,5.9,97.575,98302.5,1.11173325,3.6,0
6598,06/10/2024 06:00,1086,ne,9.333333333,14.51677789,7.05,96.7,98145,0.6273011,2.52,0
6599,06/10/2024 07:00,1328,ne,9.743589744,17.25870526,8.025,94.325,97955,0.61447275,2.76,0
6600,06/10/2024 08:00,1588,ne,10.52631579,12.93536421,9.775,85.675,97637.5,0.389581,2.04,0
6601,06/10/2024 09:00,1783,ne,8.358974359,6.825098421,11.225,78.85,97275,1.339042,4.08,0
6602,06/10/2024 10:00,1996,ne,7.473684211,4.527992632,12.03333333,74.93333333,97026.66667,1.628493333,5.12,0
6603,06/10/2024 11:00,2337,ne,7.102564103,4.181986842,12.325,73.3,96787.5,2.11989,5.88,0
6604,06/10/2024 12:00,2389,ne,6.447368421,4.784328947,12.875,71.4,96657.5,3.02836,7.92,0
6605,06/10/2024 13:00,2437,ne,7.205128205,6.291060526,12.725,72.325,96732.5,2.7283975,7.44,0
6606,06/10/2024 14:00,2388,ne,6.875,7.4093635,12.4,73.675,96787.5,2.32613,6,0
6607,06/10/2024 15:00,2354,ne,5.605263158,11.69590474,11.8,77.225,96885,2.2348375,4.8,0
6608,06/10/2024 16:00,1935,ne,7.41025641,18.80061579,10.975,82.75,97007.5,1.21499425,3.48,0
6609,06/10/2024 17:00,1249,ne,46.56410256,13.91402316,9.475,93.275,97255,0.57206725,2.28,0
6610,06/10/2024 18:00,741,ne,37.45,16.1845265,9.8,89.95,97310,0.63821755,3.12,0
6611,06/10/2024 19:00,496,ne,13.73684211,38.56455263,10.05,87.175,97247.5,1.0893765,4.44,0
6612,06/10/2024 20:00,381,ne,16.52631579,43.95795263,10,86.46666667,97230,1.524243333,4.8,0
6613,06/10/2024 21:00,220,ne,19.94285714,40.91696471,9.675,88.175,97260,0.95183075,3.96,0
6614,06/10/2024 22:00,113,ne,40.07894737,41.3152,9.15,93.7,97282.5,0.46275925,2.28,0
6615,06/10/2024 23:00,125,ne,28.75,37.61059,8.3,98.075,97415,0.157641275,1.08,0
6616,07/10/2024 00:00,168,po,11.65789474,29.42576111,6.9,99.775,97625,0.866938,3.6,0
6617,07/10/2024 01:00,242,po,15.43589744,17.76345263,5.8,100,97805,1.22076725,3.96,0
6618,07/10/2024 02:00,562,po,11.94736842,13.69906316,5.275,100,97912.5,1.320014,4.2,0
6619,07/10/2024 03:00,1916,po,13.525,14.975765,4.725,100,98002.5,1.1380715,3.48,0
6620,07/10/2024 04:00,2790,po,13.21052632,15.25870526,4.825,100,97995,0.9693245,3.12,0
6621,07/10/2024 05:00,2596,po,17.53846154,14.969475,5.033333333,100,98000,0.529732333,2.88,0
6622,07/10/2024 06:00,2805,po,21.84210526,15.10618,6.875,98.325,97767.5,1.3036685,4.68,0
6623,07/10/2024 07:00,2398,po,27.56410256,12.82721211,8.55,94.625,97460,0.539688,2.76,0
6624,07/10/2024 08:00,2417,po,28.94871795,15.34251,9.175,93.975,97305,1.22636275,5.04,0
6625,07/10/2024 09:00,2478,po,29.175,13.72408526,10.025,92.1,97122.5,1.0888875,3.6,0
6626,07/10/2024 10:00,2357,po,23.65,8.627587,11.6,85.55,96810,1.251425,4.08,0
6627,07/10/2024 11:00,2483,po,19.83783784,5.613303889,12.1,84.125,96572.5,1.48967,5.04,0
6628,07/10/2024 12:00,2782,po,21.27027027,10.3157785,13.05,82,96455,1.84058,6.36,0
6629,07/10/2024 13:00,2775,po,21.14285714,14.82110105,12.025,87.225,96542.5,2.099105,7.08,0
6630,07/10/2024 14:00,2598,po,23.3,16.665075,12.05,88.45,96637.5,0.9824095,3.6,0
6631,07/10/2024 15:00,2369,po,24.84210526,24.37276842,11.56666667,91.83333333,96683.33333,2.4602,5.6,0
6632,07/10/2024 16:00,1621,po,23.68,31.96534444,10.775,98.175,96855,1.32358225,3.96,0.175
6633,07/10/2024 17:00,1158,po,23.75,38.5251,10.725,100,96945,0.22673025,1.92,0
6634,07/10/2024 18:00,726,po,25.15789474,29.52877368,10.8,100,96937.5,0.432577423,2.04,0
6635,07/10/2024 19:00,432,po,27.5,23.052255,10.9,100,96917.5,0.46443925,2.52,0
6636,07/10/2024 20:00,311,po,23.57894737,19.1975,10.65,100,96915,0.63879525,2.52,0
6637,07/10/2024 21:00,168,po,21.29411765,15.19248235,10.55,100,96887.5,0.4766285,2.04,0
6638,07/10/2024 22:00,127,po,28.63157895,13.98346316,10.625,100,96937.5,0.320862225,2.04,0
6639,07/10/2024 23:00,105,po,21.55,13.871495,10.725,100,96875,0.3897244,1.32,0.175
6640,08/10/2024 00:00,101,ut,24.21052632,13.70596316,10.76666667,100,96830,0.249321833,1.6,0
6641,08/10/2024 01:00,136,ut,25.72222222,10.70771444,10.775,100,96790,0.2701675,1.8,0
6642,08/10/2024 02:00,435,ut,25.25,10.476525,10.75,100,96740,0.36692175,2.16,0
6643,08/10/2024 03:00,1822,ut,28.2962963,10.37478947,10.675,100,96725,0.51383175,2.52,0
6644,08/10/2024 04:00,2758,ut,40.45,11.516851,10.875,100,96672.5,0.3968299,2.4,0
6645,08/10/2024 05:00,2652,ut,43.13888889,10.69885684,11.125,100,96610,0.8651885,3.36,0
6646,08/10/2024 06:00,2688,ut,29.48,11.57404,12.05,98.95,96537.5,0.65970675,3.48,0
6647,08/10/2024 07:00,2543,ut,24.84375,8.107591053,13.5,93.475,96287.5,0.69353275,2.88,0
6648,08/10/2024 08:00,2506,ut,8.25,3.9064835,14.575,88.9,95972.5,2.840725,7.92,0
6649,08/10/2024 09:00,2460,ut,7.435897436,3.899326842,15.76666667,82.76666667,95780,2.940143333,9.28,0
6650,08/10/2024 10:00,2568,ut,7.461538462,4.347684737,15.76666667,83.6,95733.33333,2.196746667,6.24,0
6651,08/10/2024 11:00,2538,ut,9.631578947,4.380416316,15.575,85.35,95650,2.20568,5.52,0
6652,08/10/2024 12:00,2802,ut,11.51282051,10.37595211,15.725,85.875,95560,2.090175,5.76,0
6653,08/10/2024 13:00,2823,ut,12.025,13.811338,15.5,87.2,95557.5,1.23956275,4.08,0
6654,08/10/2024 14:00,2767,ut,11.17948718,12.52806316,16.25,84.925,95470,1.2176835,3.96,0
6655,08/10/2024 15:00,2424,ut,17.07894737,17.99287895,15.8,88.95,95467.5,1.287932,3.84,0
6656,08/10/2024 16:00,1990,ut,5.153846154,6.806767895,15.75,86.975,95462.5,2.749745,9.6,0
6657,08/10/2024 17:00,1263,ut,4.65,8.0311045,15.4,86.825,95517.5,2.156813,8.76,0
6658,08/10/2024 18:00,693,ut,7.394736842,14.81218105,14.35,93.425,95597.5,0.385865225,2.28,0
6659,08/10/2024 19:00,454,ut,10.575,21.262495,13.6,99.175,95690,0.3233685,1.8,0.0875
6660,08/10/2024 20:00,301,ut,12.33333333,27.20791053,13.5,100,95730,0.4497088,2.76,0.0875
6661,08/10/2024 21:00,172,ut,10.55882353,19.66268824,13.46666667,100,95716.66667,0.684636667,2.88,0.116666667
6662,08/10/2024 22:00,104,ut,12.76923077,14.56268421,13.5,100,95725,0.5356855,2.76,0.0875
6663,08/10/2024 23:00,86,ut,11.15384615,13.03523684,13.575,100,95772.5,1.898315,5.52,0.4375
6664,09/10/2024 00:00,89,st,13.375,11.39257,13.55,100,95790,2.234635,5.4,0.0875
6665,09/10/2024 01:00,164,st,11.5,9.842855789,13.525,100,95822.5,2.065325,5.4,0.0875
6666,09/10/2024 02:00,458,st,8.666666667,8.022292632,13.4,100,95850,1.6749025,4.68,0
6667,09/10/2024 03:00,1804,st,12.79487179,6.750828421,13.1,100,95850,1.6245375,4.2,0
6668,09/10/2024 04:00,2739,st,7.076923077,6.2130785,13.15,98.2,95895,1.8625175,4.68,0
6669,09/10/2024 05:00,2875,st,3.157894737,7.749742632,12.85,97.775,95965,0.92423375,4.8,0
6670,09/10/2024 06:00,2867,st,2.743589744,9.858122105,13.625,94.65,95997.5,1.4149935,5.04,0
6671,09/10/2024 07:00,2665,st,4.736842105,6.188541579,17.96666667,77.06666667,95593.33333,2.74293,7.2,0
6672,09/10/2024 08:00,2545,st,9.358974359,3.309658421,18.6,74,95157.5,4.06582,9.84,0
6673,09/10/2024 09:00,2572,st,2.083333333,2.643312,18.35,73.175,94912.5,4.63957,10.8,0
6674,09/10/2024 10:00,2687,st,1.58974359,2.158387368,20.525,67.35,94545,4.9659625,11.88,0
6675,09/10/2024 11:00,2478,st,2.256410256,2.081046316,21.35,63.5,94270,5.398655,13.8,0
6676,09/10/2024 12:00,2769,st,8.58974359,2.723149474,22.075,61.075,93957.5,4.4687075,11.4,0
6677,09/10/2024 13:00,2819,st,4.75,3.5045095,22.275,58.15,93790,4.6694875,12.36,0
6678,09/10/2024 14:00,2824,st,7.868421053,8.912467368,20.4,61.475,94100,4.7173425,9.48,0
6679,09/10/2024 15:00,2672,st,5.05,19.920778,18.425,74.875,94390,1.668996,5.04,0
6680,09/10/2024 16:00,1908,st,6.205128205,18.73978,17.925,75.425,94532.5,1.574686,4.8,0
6681,09/10/2024 17:00,1304,st,7.236842105,11.29417421,17.35,76.825,94655,1.0521045,4.92,0
6682,09/10/2024 18:00,815,st,2.538461538,9.873472105,17.53333333,74.26666667,94576.66667,1.677663333,5.6,0
6683,09/10/2024 19:00,468,st,3.461538462,18.49177895,16.875,77.525,94590,2.291805,5.52,0
6684,09/10/2024 20:00,371,st,5.55,20.931485,15.175,86.4,94740,1.68058,5.28,0
6685,09/10/2024 21:00,171,st,4.545454545,17.69609375,14.4,90,94865,1.22939725,4.92,0
6686,09/10/2024 22:00,110,st,5.105263158,18.57263158,14.1,92.075,94902.5,2.1952925,7.08,0
6687,09/10/2024 23:00,101,st,23.58974359,17.38774211,13.3,95.3,94967.5,1.597954,5.4,0
6688,10/10/2024 00:00,115,ct,11.05128205,19.842265,12.95,97.825,95045,1.0743055,3.6,0
6689,10/10/2024 01:00,159,ct,14.69230769,30.21492632,12.35,99.75,95025,0.356499675,1.92,0
6690,10/10/2024 02:00,438,ct,11.07692308,21.97527368,12.175,100,95057.5,0.3517995,2.4,0
6691,10/10/2024 03:00,1785,ct,8.487179487,21.6876,12.375,100,94977.5,0.45044775,2.4,0
6692,10/10/2024 04:00,2663,ct,7.631578947,27.93841053,12.56666667,100,94956.66667,0.669365667,3.36,0
6693,10/10/2024 05:00,2725,ct,13.2,24.366415,12.45,100,94940,0.87949985,3.24,0
6694,10/10/2024 06:00,2912,ct,8.64,23.47491053,13.275,98.225,94940,1.26749625,5.28,0
6695,10/10/2024 07:00,2501,ct,7.894736842,11.62505579,17.45,81.5,94502.5,1.29232225,4.32,0
6696,10/10/2024 08:00,2574,ct,2.421052632,3.268118947,17.525,81.075,94320,4.3244325,11.88,0
6697,10/10/2024 09:00,2461,ct,2.7,5.8437625,17,85.7,94550,4.059495,13.68,0.0875
6698,10/10/2024 10:00,2540,ct,0.368421053,2.656990526,17.975,69,94617.5,5.617055,15.48,0
6699,10/10/2024 11:00,2697,ct,0.473684211,3.338832105,18.05,69.025,94622.5,2.6232975,9.24,0
6700,10/10/2024 12:00,2915,ct,1,4.324090526,17.25,72.225,94765,3.349265,11.28,0
6701,10/10/2024 13:00,2911,ct,1.631578947,4.417926842,18.475,67.55,94695,4.02723,11.88,0
6702,10/10/2024 14:00,2822,ct,2,5.4297165,17.13333333,72.73333333,94840,4.736013333,10.88,0
6703,10/10/2024 15:00,2560,ct,3.275,9.501300526,16.375,77.15,95052.5,4.2036575,11.76,0
6704,10/10/2024 16:00,2001,ct,4.184210526,13.43240526,15.15,81.5,95407.5,3.4122325,9,0
6705,10/10/2024 17:00,1347,ct,5.820512821,14.91675263,14.2,85.525,95685,1.34143825,4.32,0
6706,10/10/2024 18:00,830,ct,11.35,14.96795,13.575,88.6,95875,1.189574,3.84,0
6707,10/10/2024 19:00,450,ct,2.921052632,12.2391,14.55,82.25,95905,2.451635,9.36,0
6708,10/10/2024 20:00,377,ct,4.075,14.331281,13.4,89.375,96100,1.428973,5.76,0
6709,10/10/2024 21:00,194,ct,8.878787879,11.587165,12.75,95.875,96262.5,0.58445775,2.88,0
6710,10/10/2024 22:00,125,ct,5.512820513,5.1014745,12.45,86.175,96372.5,1.84199,6.48,0
6711,10/10/2024 23:00,89,ct,14.30769231,8.859238947,11,95.825,96620,0.926853,3.12,0
6712,11/10/2024 00:00,103,pa,24.84210526,4.727597778,10,98.83333333,96863.33333,0.837648667,3.36,0
6713,11/10/2024 01:00,160,pa,10.60526316,8.3308065,9.15,97.925,97062.5,1.3473335,4.8,0
6714,11/10/2024 02:00,421,pa,5.076923077,13.39471579,7.9,99.025,97340,1.71884,4.92,0
6715,11/10/2024 03:00,1627,pa,4.875,15.237513,7.875,96.05,97460,1.64237325,4.68,0
6716,11/10/2024 04:00,2610,pa,7,10.71870632,8.7,94,97390,1.3797115,4.08,0
6717,11/10/2024 05:00,2751,pa,7.631578947,23.34648053,9.175,93.35,97337.5,0.88255475,3.6,0
6718,11/10/2024 06:00,1565,pa,7.28,29.77771579,9.75,93.85,97395,0.75428225,3.12,0.2625
6719,11/10/2024 07:00,1283,pa,5.814814815,31.04656316,9.625,93.975,97462.5,0.98491875,3.24,0.525
6720,11/10/2024 08:00,1456,pa,6.189189189,21.531322,9.75,91.15,97592.5,1.767681,5.4,0.175
6721,11/10/2024 09:00,1586,pa,3.918918919,9.583668333,10.66666667,83.66666667,97513.33333,1.830216667,6.08,0.116666667
6722,11/10/2024 10:00,1572,pa,3.923076923,7.136624211,11.3,81.275,97347.5,1.47043675,4.68,0
6723,11/10/2024 11:00,1161,pa,3.236842105,7.620796842,11.225,79.375,97327.5,1.766148,5.52,0
6724,11/10/2024 12:00,1478,pa,2.35,8.051938,11.475,75.025,97390,2.7642075,7.92,0
6725,11/10/2024 13:00,1564,pa,2,6.175846842,12.525,68.1,97372.5,2.667785,8.88,0
6726,11/10/2024 14:00,1564,pa,6.461538462,10.604052,11.5,77.225,97335,1.374205,4.2,0
6727,11/10/2024 15:00,1478,pa,7,21.36396316,9.8,88.875,97817.5,0.97951675,3.6,0
6728,11/10/2024 16:00,1174,pa,5.075,14.275435,9.65,81.8,97985,1.2109385,5.28,0
6729,11/10/2024 17:00,822,pa,12.52631579,19.22579105,8.275,89.85,98290,1.46964475,4.56,0
6730,11/10/2024 18:00,532,pa,10.63157895,14.09596111,6.475,95.225,98655,2.08125,4.92,0
6731,11/10/2024 19:00,335,pa,13.39473684,13.26378333,5.4,96.66666667,98920,2.644396667,6.08,0
6732,11/10/2024 20:00,258,pa,12,13.519125,4.55,98.7,99122.5,0.95088325,3.12,0
6733,11/10/2024 21:00,143,pa,12.23529412,12.99680588,3.525,99.7,99320,1.44347325,4.2,0
6734,11/10/2024 22:00,112,pa,10.875,11.032712,2.975,100,99462.5,1.2692255,3.72,0
6735,11/10/2024 23:00,77,pa,5.769230769,9.623745263,2.275,100,99572.5,1.6442505,4.8,0
6736,12/10/2024 00:00,69,so,4.810810811,8.5755,1.875,100,99670,1.566075,5.4,0
6737,12/10/2024 01:00,142,so,4.307692308,8.452566842,1.325,100,99717.5,1.03297575,3.96,0
6738,12/10/2024 02:00,247,so,8,9.766869412,1.35,100,99785,0.348640175,1.56,0
6739,12/10/2024 03:00,702,so,8.820512821,15.532165,1.7,100,99686.66667,0.933480667,3.52,0
6740,12/10/2024 04:00,1067,so,7.025641026,16.44382105,1.225,100,99660,2.01597725,4.8,0.0875
6741,12/10/2024 05:00,1308,so,8.825,13.272352,1.2,100,99702.5,0.84036725,2.28,0
6742,12/10/2024 06:00,1832,so,8.648648649,16.50998333,1.95,100,99555,1.324157,3.6,0
6743,12/10/2024 07:00,2003,so,14.48648649,15.45041667,2.95,100,99370,0.79361475,2.88,0
6744,12/10/2024 08:00,2242,so,14.2,13.770421,4.025,100,99137.5,1.789156,5.52,0
6745,12/10/2024 09:00,2197,so,18.92105263,15.01200526,6.2,95.66666667,98780,2.071533333,5.92,0
6746,12/10/2024 10:00,2382,so,21.75,9.7328135,8.875,84.8,98275,1.74602,5.52,0
6747,12/10/2024 11:00,2666,so,13.8974359,5.024834211,10.4,77.3,97692.5,4.2414575,11.76,0
6748,12/10/2024 12:00,2821,so,8.923076923,4.830026316,11.06666667,76.53333333,97516.66667,5.398316667,11.68,0
6749,12/10/2024 13:00,2468,so,9.947368421,8.988883684,10.9,78.35,97495,3.0197525,7.8,0
6750,12/10/2024 14:00,2441,so,9.875,11.860087,10.375,81.8,97560,1.98657775,5.64,0
6751,12/10/2024 15:00,2600,so,13.46153846,19.19323684,10,85.025,97642.5,1.738395,5.16,0
6752,12/10/2024 16:00,2175,so,22.02702703,30.6815,8.45,91.6,97842.5,0.744828,3.36,0
6753,12/10/2024 17:00,1518,so,21.51282051,23.88271579,7.175,97.8,98067.5,0.65126775,2.64,0
6754,12/10/2024 18:00,921,so,23.23076923,19.34644737,6.75,98.325,98117.5,1.744082,6.36,0
6755,12/10/2024 19:00,674,so,23.05,19.301935,6.875,98.775,98077.5,0.91380725,3.36,0
6756,12/10/2024 20:00,501,so,20,22.12796842,7,98.45,97982.5,0.62311425,2.52,0
6757,12/10/2024 21:00,268,so,21.8,23.81284118,6.7,99.86666667,97986.66667,0.560097,2.4,0
6758,12/10/2024 22:00,170,so,21.34210526,20.73310556,6.6,100,97947.5,0.889136075,3.12,0
6759,12/10/2024 23:00,143,so,23.82051282,18.408585,6.925,99.85,97832.5,0.494019,2.64,0
6760,13/10/2024 00:00,92,ne,24.05128205,12.93267895,6.875,100,97690,1.02564875,3.6,0
6761,13/10/2024 01:00,76,ne,23.97435897,19.031225,7.125,100,97547.5,0.507464,2.52,0.2625
6762,13/10/2024 02:00,162,ne,25.52631579,21.02378947,7.575,100,97385,0.733814,3.6,0
6763,13/10/2024 03:00,414,ne,24.17948718,22.3382,7.775,100,97265,0.48033455,2.16,0
6764,13/10/2024 04:00,534,ne,24.07692308,17.12491579,7.9,100,97165,0.672174,2.64,0
6765,13/10/2024 05:00,685,ne,25.81578947,19.16318421,8.075,100,97140,2.41156,7.92,0.4375
6766,13/10/2024 06:00,997,ne,25.325,18.80779,8.933333333,99.66666667,97136.66667,2.30889,7.36,0
6767,13/10/2024 07:00,1326,ne,6.41025641,8.485550526,9.6,88.45,97220,5.097025,17.04,0
6768,13/10/2024 08:00,1838,ne,2.051282051,3.757494737,10.95,75.325,97132.5,3.93709,13.56,0
6769,13/10/2024 09:00,1993,ne,1.871794872,3.012756316,12.775,63.5,96840,5.0241475,16.32,0
6770,13/10/2024 10:00,2226,ne,1.769230769,2.249504,13.975,51.725,96590,7.36098,25.56,0
6771,13/10/2024 11:00,2296,ne,1.789473684,2.383184211,14.275,52.9,96440,8.2055825,20.64,0
6772,13/10/2024 12:00,2495,ne,1.717948718,3.550873684,13.675,54.925,96517.5,6.821065,23.16,0
6773,13/10/2024 13:00,2351,ne,1.657894737,4.43695,13.575,55.6,96732.5,6.29176,20.04,0
6774,13/10/2024 14:00,2355,ne,1.897435897,6.75737,13.225,56.55,96885,4.3514,14.04,0
6775,13/10/2024 15:00,2483,ne,2.15,6.8930615,12.175,58.225,97217.5,6.96951,19.68,0
6776,13/10/2024 16:00,1999,ne,2.538461538,10.62786526,11.43333333,61.5,97456.66667,5.114953333,17.28,0
6777,13/10/2024 17:00,1353,ne,4.025641026,12.723001,11.05,64.075,97660,4.2256,14.76,0
6778,13/10/2024 18:00,802,ne,3.157894737,12.10533333,11.33333333,64.76666667,97700,4.73671,13.6,0
6779,13/10/2024 19:00,479,ne,2.736842105,14.26261667,10.86666667,67.93333333,97776.66667,4.487916667,11.52,0
6780,13/10/2024 20:00,289,ne,4.435897436,13.47368,9.975,73.625,97950,2.44497,7.2,0
6781,13/10/2024 21:00,191,ne,4.6,12.76727059,10.025,73.95,98017.5,2.235335,7.32,0
6782,13/10/2024 22:00,142,ne,3.35,12.51299,9.9,74.9,98075,2.5233075,6.96,0
6783,13/10/2024 23:00,111,ne,2.921052632,11.80420105,9.975,74.6,98122.5,3.02469,9.36,0
6784,14/10/2024 00:00,145,po,3.473684211,10.79134889,9.675,75.05,98140,3.6183,11.88,0
6785,14/10/2024 01:00,291,po,3.025,11.263291,9.033333333,77.7,98253.33333,2.47907,8.32,0
6786,14/10/2024 02:00,587,po,4.153846154,17.64544737,8.625,78.45,98340,2.114385,6.48,0
6787,14/10/2024 03:00,1868,po,4.230769231,19.15517,7.55,84.775,98510,1.6603175,5.16,0
6788,14/10/2024 04:00,2909,po,4.487179487,16.0517,6.85,87.9,98632.5,2.741196,7.68,0
6789,14/10/2024 05:00,2745,po,4.973684211,20.53715789,6.325,90.35,98730,2.237545,5.4,0
6790,14/10/2024 06:00,2668,po,5.945945946,23.75102222,7.225,86.675,98687.5,1.515605,5.52,0
6791,14/10/2024 07:00,2583,po,5.175,13.223152,9.625,78.3,98360,2.606695,7.44,0
6792,14/10/2024 08:00,2591,po,4.615384615,7.667998947,10.75,75.825,98037.5,3.133385,8.4,0
6793,14/10/2024 09:00,2580,po,4.192307692,6.207339,12.525,68.55,97682.5,4.026015,9.96,0
6794,14/10/2024 10:00,2639,po,3.052631579,3.603945263,15.03333333,60.63333333,97376.66667,4.22932,10.4,0
6795,14/10/2024 11:00,2759,po,2.666666667,2.787636111,15.1,54.925,96915,2.8232075,8.04,0
6796,14/10/2024 12:00,2724,po,2.65,3.76877,16.525,52.025,96550,2.1732825,6.24,0
6797,14/10/2024 13:00,2740,po,2.684210526,6.099025263,17.2,49.675,96407.5,3.00042,7.44,0
6798,14/10/2024 14:00,2699,po,3.333333333,9.4416235,14.775,55.125,96537.5,1.88032,5.16,0
6799,14/10/2024 15:00,2510,po,5.974358974,15.83791684,13.025,67.25,97072.5,1.60544175,3.84,0
6800,14/10/2024 16:00,1862,po,3.333333333,18.27669579,12.4,70.6,97285,2.0913475,4.68,0
6801,14/10/2024 17:00,1122,po,3.473684211,22.14018947,11.7,74.05,97442.5,1.37613975,4.32,0
6802,14/10/2024 18:00,696,po,4.2,31.525605,10.35,88,97652.5,0.738455075,3.96,0
6803,14/10/2024 19:00,430,po,4.631578947,28.01993158,9.875,94.025,97812.5,0.335182325,2.16,0.0875
6804,14/10/2024 20:00,284,po,7,34.832945,9.375,96.225,98020,0.4868852,2.52,0.2625
6805,14/10/2024 21:00,167,po,9.470588235,27.05285294,9.133333333,98.93333333,98113.33333,0.032904433,0.48,0
6806,14/10/2024 22:00,118,po,5.833333333,18.19751667,8.775,99.4,98180,0.60431475,3.24,0
6807,14/10/2024 23:00,109,po,5.45,15.70634,8.65,98.325,98260,0.541973,2.16,0
6808,15/10/2024 00:00,73,ut,5.421052632,13.19777368,8.175,99.925,98397.5,0.25423465,1.44,0
6809,15/10/2024 01:00,133,ut,5.25,10.455081,6.4,100,98725,0.99382325,3.24,0
6810,15/10/2024 02:00,463,ut,3.789473684,9.511601053,4.85,100,99057.5,1.8691125,4.44,0
6811,15/10/2024 03:00,1666,ut,3.052631579,9.695584211,3.975,100,99325,1.8025375,4.44,0
6812,15/10/2024 04:00,2773,ut,2.789473684,11.50193368,3.4,100,99507.5,2.158255,5.4,0
6813,15/10/2024 05:00,2938,ut,2.85,15.229917,2.95,100,99675,1.35464525,4.32,0
6814,15/10/2024 06:00,2912,ut,1.947368421,12.74355579,5.2,94.13333333,99640,1.663513333,4.32,0
6815,15/10/2024 07:00,2424,ut,4.555555556,23.25333889,10.25,77.775,99075,0.99733,3,0.0875
6816,15/10/2024 08:00,2065,ut,5.1,7.4497935,13.875,67.125,98315,1.1943225,3.84,0
6817,15/10/2024 09:00,2532,ut,3.526315789,3.418850526,16.075,55.925,97712.5,1.729825,5.04,0
6818,15/10/2024 10:00,2445,ut,3,2.918387,15.7,55.725,97555,2.910215,8.4,0
6819,15/10/2024 11:00,2619,ut,3.052631579,2.268483684,17.675,50.625,97155,2.288125,6.84,0
6820,15/10/2024 12:00,2905,ut,2.947368421,3.947472105,14.8,60.125,97247.5,2.119485,6.36,0
6821,15/10/2024 13:00,2930,ut,2.894736842,7.141267895,15.225,58.5,97445,1.28844925,4.56,0
6822,15/10/2024 14:00,2782,ut,4.068965517,14.705593,14.275,60.9,97510,2.9628975,7.44,0
6823,15/10/2024 15:00,2506,ut,4.75,17.36976316,11.425,71.35,98150,2.591055,5.88,0
6824,15/10/2024 16:00,2015,ut,6.647058824,22.89788333,8.766666667,83.06666667,98633.33333,3.231166667,5.6,0
6825,15/10/2024 17:00,1209,ut,12.20512821,22.45946,7.025,89.4,99017.5,1.5491145,3.84,0
6826,15/10/2024 18:00,761,ut,13.61538462,24.13302632,5.475,94.825,99392.5,0.311786275,2.04,0
6827,15/10/2024 19:00,537,ut,10.35897436,33.96082,4.25,97.275,99655,0.5767815,2.88,0
6828,15/10/2024 20:00,353,ut,14.38461538,19.52196842,3.5,98.8,99855,0.74764525,2.88,0
6829,15/10/2024 21:00,177,ut,12.94285714,18.57871765,2.85,99.05,99935,1.079333,4.56,0
6830,15/10/2024 22:00,149,ut,11.36842105,16.40151579,2.3,99.6,100025,0.4343655,3,0
6831,15/10/2024 23:00,105,ut,15.475,14.564675,2.175,99.85,100062.5,0.530109,3.24,0
6832,16/10/2024 00:00,87,st,13.82051282,14.09063158,1.8,100,100100,1.14654025,3.48,0
6833,16/10/2024 01:00,137,st,15.64102564,11.73696842,1.466666667,100,100103.3333,1.318024,5.44,0
6834,16/10/2024 02:00,462,st,14.21621622,13.48077778,1.2,100,100130,0.77077525,3.6,0
6835,16/10/2024 03:00,1809,st,15.48717949,16.54784211,1.025,100,100170,1.52908875,4.08,0
6836,16/10/2024 04:00,2875,st,23.95,16.173065,0.725,100,100205,1.1952015,3.84,0
6837,16/10/2024 05:00,2946,st,20.39473684,16.1967,0.65,100,100227.5,2.05454,5.4,0
6838,16/10/2024 06:00,2931,st,24.71794872,16.91564737,2.7,96.9,100077.5,1.28746,4.08,0
6839,16/10/2024 07:00,2650,st,23.48717949,28.61765789,9.15,75.8,99340,1.04540525,3.36,0.0875
6840,16/10/2024 08:00,2587,st,14.375,11.413525,12.65,68.225,98482.5,1.57404,5.64,0
6841,16/10/2024 09:00,2493,st,7.210526316,4.076240526,13.825,63.325,97917.5,4.46661,12.6,0
6842,16/10/2024 10:00,2640,st,8.025,3.877716,14.63333333,63.83333333,97650,5.07743,12.8,0
6843,16/10/2024 11:00,2652,st,7.842105263,3.12648,15.275,63.475,97405,4.95224,14.16,0
6844,16/10/2024 12:00,3083,st,7.894736842,4.110773684,16.475,61.85,97145,5.55625,16.08,0
6845,16/10/2024 13:00,2772,st,6.425,5.153155,17.025,60.3,96915,5.9344425,16.8,0
6846,16/10/2024 14:00,2778,st,4.58974359,4.347643158,16.475,60.875,96960,7.776855,20.88,0
6847,16/10/2024 15:00,2648,st,4.384615385,8.4121715,14.775,66.025,97347.5,5.8024475,15.12,0
6848,16/10/2024 16:00,2097,st,4.871794872,11.81519158,13.725,69.4,97680,5.0466625,15.36,0
6849,16/10/2024 17:00,1338,st,4.473684211,14.28727053,13.25,70.575,97867.5,4.51916,12.96,0
6850,16/10/2024 18:00,803,st,5.333333333,14.38792632,12.025,74.35,98040,3.3873,11.76,0
6851,16/10/2024 19:00,485,st,5.871794872,13.65422632,11.5,75.55,98195,3.3815825,10.68,0
6852,16/10/2024 20:00,355,st,5.5,10.931095,11.13333333,76.23333333,98236.66667,2.642166667,8,0
6853,16/10/2024 21:00,185,st,5,9.997928235,11,75.775,98205,2.5969475,9.24,0
6854,16/10/2024 22:00,127,st,4.974358974,11.345071,10.25,78.15,98305,2.18434,8.28,0
6855,16/10/2024 23:00,79,st,5.692307692,11.61302211,9.7,80.1,98400,1.9423975,6.36,0
6856,17/10/2024 00:00,84,ct,5.052631579,12.57718947,9.925,79.225,98340,2.97158,9.36,0
6857,17/10/2024 01:00,192,ct,4.461538462,13.26449474,10.325,77.9,98222.5,3.43743,11.4,0
6858,17/10/2024 02:00,438,ct,4.625,13.02675,9.9,79.675,98175,2.31731,8.4,0
6859,17/10/2024 03:00,1778,ct,4.41025641,16.74020105,10.175,79.4,98127.5,2.0612725,8.16,0
6860,17/10/2024 04:00,2784,ct,4.833333333,10.04257889,10.125,79.775,98070,2.482875,7.32,0
6861,17/10/2024 05:00,2854,ct,4.975,12.366016,9.9,80.8,98130,2.095833333,7.04,0
6862,17/10/2024 06:00,2827,ct,6.555555556,12.65417059,10.75,78.05,98122.5,2.27896,7.44,0
6863,17/10/2024 07:00,1513,ct,5.025641026,7.7571105,11.5,74.725,97895,5.36726,13.56,0
6864,17/10/2024 08:00,2317,ct,6.076923077,5.589176316,11.8,74.625,97822.5,6.5523975,15,0
6865,17/10/2024 09:00,1887,ct,7.307692308,5.69156,15.275,64.7,97355,4.9829575,11.76,0
6866,17/10/2024 10:00,1318,ct,8.564102564,5.476128947,14.15,69.225,97222.5,5.1247,11.52,0
6867,17/10/2024 11:00,1413,ct,7.487179487,5.1797195,13.575,71.1,97332.5,4.262275,9.96,0
6868,17/10/2024 12:00,1565,ct,6.615384615,7.587347368,14.525,69.325,97230,1.25332375,3.84,0
6869,17/10/2024 13:00,1532,ct,8.175,15.88601,14.7,71.075,97177.5,1.43036,4.68,0
6870,17/10/2024 14:00,1487,ct,9,19.79792632,14.45,72.65,97207.5,1.67143,5.64,0
6871,17/10/2024 15:00,1358,ct,9.051282051,22.37687895,13.6,76.1,97315,0.69530375,2.76,0
6872,17/10/2024 16:00,1090,ct,9.65,35.23975,11.4,88.56666667,97676.66667,0.543199333,2.72,0
6873,17/10/2024 17:00,683,ct,15.83333333,39.71868824,9.975,92.85,98030,0.95884275,4.8,0
6874,17/10/2024 18:00,460,ct,13.5,13.658735,9.275,96.2,98230,0.4586765,2.28,0
6875,17/10/2024 19:00,375,ct,19.97435897,12.52789474,9.15,96.1,98342.5,0.8281525,3.12,0
6876,17/10/2024 20:00,287,ct,15.69230769,12.13822105,9.325,93.475,98335,1.19592875,5.28,0
6877,17/10/2024 21:00,156,ct,59.06060606,16.27002353,8.025,98.825,98467.5,0.1888596,1.32,0
6878,17/10/2024 22:00,55,ct,56.17948718,15.26042105,8.575,98.425,98390,0.11683881,1.44,0
6879,17/10/2024 23:00,90,ct,26.3,15.08908,9.45,95.95,98227.5,0.242807,1.8,0
6880,18/10/2024 00:00,88,pa,23.47368421,13.27150526,9.925,95.575,98050,0.45518625,2.4,0
6881,18/10/2024 01:00,131,pa,23.74358974,11.9178,10.16666667,95.26666667,97953.33333,0.260735,2.08,0
6882,18/10/2024 02:00,488,pa,26.94871795,13.88660105,10.4,95.575,97922.5,0.080470625,1.08,0
6883,18/10/2024 03:00,1709,pa,25.625,18.23656,10.575,95.975,97865,0.085681175,1.32,0
6884,18/10/2024 04:00,2537,pa,25.18421053,21.46090526,10.775,96.1,97785,0.228525025,1.92,0
6885,18/10/2024 05:00,2798,pa,30.66666667,17.21752211,11.075,95.425,97767.5,0.316066375,1.92,0
6886,18/10/2024 06:00,2722,pa,12.84615385,10.13161737,12.46666667,84.76666667,97620,2.505173333,9.12,0
6887,18/10/2024 07:00,2523,pa,10.07894737,4.72876,12.7,82.575,97510,2.9682325,9.36,0
6888,18/10/2024 08:00,2574,pa,12.71794872,5.348071579,13,80.5,97420,2.5403975,6,0
6889,18/10/2024 09:00,2559,pa,18.30769231,5.095626842,13.325,78.775,97300,3.840945,10.68,0
6890,18/10/2024 10:00,2815,pa,12.325,4.7180405,13.725,77.325,97172.5,3.7863375,8.64,0
6891,18/10/2024 11:00,2840,pa,13.45945946,5.688845789,13.93333333,76.5,97116.66667,4.626736667,11.2,0
6892,18/10/2024 12:00,2997,pa,13,4.681776842,14.825,74.65,96972.5,2.3218175,7.08,0
6893,18/10/2024 13:00,3002,pa,12.42105263,11.61350368,15.575,73.675,96780,1.3946935,5.04,0
6894,18/10/2024 14:00,2993,pa,14.2,17.613095,14.65,77.95,96837.5,1.627745,4.44,0
6895,18/10/2024 15:00,2922,pa,16.68421053,28.53926842,13.375,83.25,97087.5,0.53281325,2.76,0
6896,18/10/2024 16:00,2259,pa,15.2,31.737565,11.275,93.075,97457.5,1.26379175,3.84,0
6897,18/10/2024 17:00,1592,pa,15.21052632,26.98763158,9.975,96.075,97765,1.251615,4.44,0
6898,18/10/2024 18:00,1066,pa,15.77777778,23.15081111,8.9,97.75,97967.5,0.0662143,1.44,0
6899,18/10/2024 19:00,605,pa,18.1,23.250335,7.975,98.85,98152.5,0.825376525,5.16,0
6900,18/10/2024 20:00,491,pa,34.41666667,21.27357368,7.95,99.45,98267.5,0.6668565,3.72,0
6901,18/10/2024 21:00,393,pa,33.55555556,25.83503889,8,99.4,98263.33333,0.248238033,1.6,0
6902,18/10/2024 22:00,267,pa,38.07894737,17.60734444,8.275,99.45,98222.5,0,0,0
6903,18/10/2024 23:00,154,pa,31.41025641,16.98811,8.05,99.875,98247.5,0.344432,1.8,0
6904,19/10/2024 00:00,134,so,22.53846154,14.22448842,8.3,100,98240,0.322273925,2.4,0
6905,19/10/2024 01:00,170,so,18.575,8.031787,8.3,100,98222.5,0.52666825,2.64,0
6906,19/10/2024 02:00,303,so,19.81578947,13.50320632,8.175,99.95,98252.5,0.43327875,2.28,0
6907,19/10/2024 03:00,650,so,30.1025641,14.37339579,7.975,99.925,98305,0.42578025,2.16,0
6908,19/10/2024 04:00,1030,so,15.81578947,10.36597684,8.85,97.8,98222.5,0.14272036,1.08,0
6909,19/10/2024 05:00,1520,so,17.87179487,15.36397474,9.3,97.05,98167.5,0.217999875,1.68,0
6910,19/10/2024 06:00,1871,so,21.75,20.991105,10.33333333,94.2,98103.33333,0.09003,0.96,0
6911,19/10/2024 07:00,2067,so,23.61111111,20.69125556,11.15,89.975,97985,0.63560025,3,0
6912,19/10/2024 08:00,2289,so,16.25,10.5234875,12.025,85.475,97825,0.777415,3.36,0
6913,19/10/2024 09:00,2173,so,12.41025641,6.053673158,12.875,80.825,97682.5,1.2287865,3.72,0
6914,19/10/2024 10:00,2440,so,10.78947368,4.8130385,14.125,76.25,97422.5,2.171815,6,0
6915,19/10/2024 11:00,2266,so,12.78947368,5.271483684,14.95,74,97280,1.9175475,5.76,0
6916,19/10/2024 12:00,2702,so,12.87179487,7.523563684,14.825,75.4,97270,1.602845,4.68,0
6917,19/10/2024 13:00,2438,so,14.10526316,11.06047526,14.525,77,97345,0.86828475,3.72,0
6918,19/10/2024 14:00,2496,so,15.35897436,14.75297579,14.5,78.55,97430,1.136655,3.48,0
6919,19/10/2024 15:00,2764,so,17.875,22.616885,13.875,82.05,97557.5,1.3846725,4.2,0
6920,19/10/2024 16:00,2142,so,22.16216216,29.64031111,13.4,85.16666667,97693.33333,0.319186667,2.24,0
6921,19/10/2024 17:00,1525,so,22,25.6256,12.95,88.775,97800,0.12613345,1.2,0
6922,19/10/2024 18:00,1059,so,25.07692308,28.93512105,12.65,91.65,97865,0.08649007,0.96,0
6923,19/10/2024 19:00,706,so,27.825,19.989285,11.95,94.775,98007.5,0.8397075,2.76,0
6924,19/10/2024 20:00,448,so,20.57894737,21.91618947,10.15,98.175,98320,0.65127025,3.36,0
6925,19/10/2024 21:00,294,so,19.57142857,25.38694706,9.025,99.225,98562.5,0.78645725,3.24,0
6926,19/10/2024 22:00,201,so,19.17948718,13.9988,8.45,99.375,98737.5,0.765544,3.72,0
6927,19/10/2024 23:00,130,so,23.18421053,16.65912105,7.95,99.85,98882.5,0.33594765,1.92,0
6928,20/10/2024 00:00,87,ne,22.39473684,14.438905,7.575,100,98945,0.094723525,1.68,0
6929,20/10/2024 01:00,92,ne,23.31578947,11.80774842,7.125,100,99010,0.36185825,2.28,0
6930,20/10/2024 02:00,157,ne,20,9.937316842,6.8,100,99103.33333,0.3060193,2.4,0
6931,20/10/2024 03:00,452,ne,16.55263158,8.753953684,6.475,100,99170,0.40844675,2.04,0
6932,20/10/2024 04:00,566,ne,13.975,9.706146,6.05,100,99265,0.26234025,1.44,0
6933,20/10/2024 05:00,657,ne,14.97368421,11.80291053,5.775,100,99355,0.141239325,1.32,0
6934,20/10/2024 06:00,981,ne,38.35897436,13.1062,6.225,100,99360,0.101763525,1.2,0
6935,20/10/2024 07:00,1272,ne,31.43243243,14.8042,8.3,94.55,99190,0.2308065,1.92,0
6936,20/10/2024 08:00,1570,ne,20.34210526,8.890993684,13.825,71.725,98615,0.840042,3.36,0
6937,20/10/2024 09:00,1860,ne,10.35897436,3.650157,16.925,59,97820,1.5584875,4.92,0
6938,20/10/2024 10:00,2002,ne,10.66666667,3.867851053,17.025,60.025,97337.5,2.173825,5.88,0
6939,20/10/2024 11:00,2261,ne,10.92307692,2.381995,17.2,59.36666667,96913.33333,3.137356667,8.32,0
6940,20/10/2024 12:00,2382,ne,11.18918919,4.507793889,17.225,62.175,96940,4.43639,11.28,0
6941,20/10/2024 13:00,2399,ne,12.125,7.8250455,17.225,63.4,96912.5,3.7429975,9,0
6942,20/10/2024 14:00,2405,ne,14.15789474,10.54346105,16.175,67.2,97212.5,3.2809375,7.8,0
6943,20/10/2024 15:00,2606,ne,14.66666667,19.79262,14.2,76.125,97655,1.145254625,3.48,0
6944,20/10/2024 16:00,2068,ne,18.76923077,23.55273158,11.325,90.15,98182.5,0.38463465,1.92,0
6945,20/10/2024 17:00,1350,ne,21.92307692,28.30316,9.9,92.875,98555,1.39489575,4.68,0
6946,20/10/2024 18:00,823,ne,18.15789474,21.81964211,9.075,94.875,98752.5,1.8696075,4.92,0
6947,20/10/2024 19:00,462,ne,25.64102564,21.92592632,8.975,95.55,98827.5,1.3598225,4.2,0
6948,20/10/2024 20:00,297,ne,28.15789474,20.78176842,9,96.425,98850,0.95087375,2.88,0
6949,20/10/2024 21:00,206,ne,28.55882353,18.00091765,8.6,98.43333333,98950,0.435088767,2.24,0
6950,20/10/2024 22:00,111,ne,34.07894737,18.503875,8.225,99.175,99032.5,0.548719,3,0
6951,20/10/2024 23:00,120,ne,27.71794872,14.09940526,8,99.5,99090,0.848380255,2.76,0
6952,21/10/2024 00:00,162,po,26.58974359,16.64435263,7.95,99.875,99110,0.3135705,1.92,0
6953,21/10/2024 01:00,260,po,24.10526316,15.79363684,8.8,98.225,99002.5,0.009727,0.48,0
6954,21/10/2024 02:00,530,po,29.95,19.36323,9.3,97.375,98887.5,0.36788575,1.56,0
6955,21/10/2024 03:00,1903,po,29.35897436,17.03312632,9.45,97.9,98880,0.05448841,0.84,0
6956,21/10/2024 04:00,2855,po,29.35135135,17.42154211,9.6,97.75,98870,0.1478225,1.44,0
6957,21/10/2024 05:00,2958,po,39.8974359,14.61008421,9.975,96.275,98842.5,0.413976,2.04,0
6958,21/10/2024 06:00,2957,po,43.87179487,13.91010526,10.23333333,95.3,98833.33333,0.556540667,2.88,0
6959,21/10/2024 07:00,2587,po,35.56410256,11.3486335,11.5,89.325,98675,0.40989175,2.16,0
6960,21/10/2024 08:00,2484,po,27.28205128,11.57984632,12.775,81.5,98420,1.13510225,3.84,0
6961,21/10/2024 09:00,2315,po,25.86842105,8.400339474,13.125,79.975,98285,1.6191775,5.28,0
6962,21/10/2024 10:00,2330,po,23.33333333,6.41271,14.25,77.8,98120,1.4574925,4.8,0
6963,21/10/2024 11:00,2487,po,24.6,10.1238285,15.1,77,97940,1.637095,5.28,0
6964,21/10/2024 12:00,2780,po,23.60526316,9.907445789,15.55,77.15,97807.5,1.8977325,5.76,0
6965,21/10/2024 13:00,2974,po,22.725,14.3235795,15.65,77.875,97792.5,1.7018225,4.56,0
6966,21/10/2024 14:00,2780,po,24,22.49423158,15.325,80.375,97805,1.14368475,4.2,0
6967,21/10/2024 15:00,2511,po,24.78947368,31.17784211,14.475,85.45,97972.5,0.412434,2.52,0
6968,21/10/2024 16:00,1801,po,38.35,36.67302,12.95,93.525,98267.5,0.19573215,1.8,0
6969,21/10/2024 17:00,1130,po,29.63157895,31.1341,11.9,97.33333333,98503.33333,0.135162733,1.44,0
6970,21/10/2024 18:00,686,po,29.825,26.93747,10.775,98.525,98692.5,0.605108,2.52,0
6971,21/10/2024 19:00,474,po,26.62162162,22.29343333,9.875,99,98835,1.3711575,4.8,0
6972,21/10/2024 20:00,295,po,26.2,19.17892,9.5,99.2,98912.5,1.19634025,3.84,0
6973,21/10/2024 21:00,174,po,26.8,15.0247,8.95,99.95,98970,1.13841925,3.6,0
6974,21/10/2024 22:00,115,po,23.53846154,12.43786,8.425,100,99012.5,0.61430815,2.76,0
6975,21/10/2024 23:00,115,po,24.65789474,12.08202778,7.725,100,99120,0.585692125,2.52,0
6976,22/10/2024 00:00,131,ut,23.76315789,9.575656842,7.225,100,99177.5,1.06020875,3.84,0
6977,22/10/2024 01:00,158,ut,26.875,8.957365,6.9,100,99205,0.961883725,3.6,0
6978,22/10/2024 02:00,440,ut,31.23076923,9.163242632,7.366666667,100,99136.66667,1.389713333,3.36,0
6979,22/10/2024 03:00,1841,ut,36.025,11.731594,7.325,100,99117.5,1.34126175,4.2,0
6980,22/10/2024 04:00,2683,ut,34.64044944,13.82952326,7.75,100,99065,0.7810823,2.52,0
6981,22/10/2024 05:00,2850,ut,37.67924528,13.19938302,8.5,100,98980,0.76458125,3.72,0
6982,22/10/2024 06:00,2841,ut,50.9,12.11532,9,100,98900,0.467089,2.4,0
6983,22/10/2024 07:00,2568,ut,,,,,,,,
6984,22/10/2024 08:00,2447,ut,,,,,,,,
6985,22/10/2024 09:00,2444,ut,,,,,,,,
6986,22/10/2024 10:00,2510,ut,44,7.209665,13.1,87.5,98190,0.92111,7.68,0
6987,22/10/2024 11:00,2603,ut,39.0776699,6.3257076,13.66666667,84.86666667,98046.66667,1.947066667,5.76,0
6988,22/10/2024 12:00,2794,ut,34.83157895,7.031964694,14.125,84.25,97960,1.31356725,4.8,0
6989,22/10/2024 13:00,2847,ut,44.71287129,13.20773333,13.825,85.925,97975,1.9017675,6,0
6990,22/10/2024 14:00,2823,ut,55.75892857,28.84131786,12.875,92.575,98202.5,1.8156175,6,0
6991,22/10/2024 15:00,2464,ut,59.84615385,30.69580526,,,,,,
6992,22/10/2024 16:00,1747,ut,52.71052632,19.080422,,,,,,
6993,22/10/2024 17:00,1122,ut,35.64102564,8.051764211,,,,,,
6994,22/10/2024 18:00,773,ut,15.63157895,5.928948889,,,,,,
6995,22/10/2024 19:00,558,ut,12,10.7174235,,,,,,
6996,22/10/2024 20:00,315,ut,11.08695652,13.07073529,8.95,99.8,99415,1.278787,3.6,0
6997,22/10/2024 21:00,154,ut,6.553191489,11.60940723,7.766666667,99.86666667,99660,1.396328,4.32,0
6998,22/10/2024 22:00,103,ut,8.105263158,10.35958737,7.1,100,99832.5,1.58087,4.44,0
6999,22/10/2024 23:00,93,ut,5.621621622,9.756857895,6.325,100,99997.5,1.672395,4.68,0
7000,23/10/2024 00:00,85,st,4.256410256,10.70569895,5.575,100,100155,1.8377525,5.76,0
7001,23/10/2024 01:00,160,st,5.125,10.476616,4.8,100,100325,0.741448,3.24,0
7002,23/10/2024 02:00,446,st,7.552631579,9.736784211,4.225,100,100467.5,0.84089475,3,0
7003,23/10/2024 03:00,1746,st,8.666666667,13.33408105,3.925,100,100550,1.06413425,3.72,0
7004,23/10/2024 04:00,2729,st,7.051282051,15.42140632,3.65,100,100647.5,0.59685925,2.64,0
7005,23/10/2024 05:00,2878,st,8.512820513,21.05966842,3.55,100,100717.5,0.45607375,2.04,0
7006,23/10/2024 06:00,2921,st,12.12820513,19.22458,4.466666667,99.9,100680,0.326909,1.92,0
7007,23/10/2024 07:00,2737,st,15.41025641,14.18927474,6.4,95.775,100497.5,0.35554675,2.16,0
7008,23/10/2024 08:00,2492,st,18.97435897,11.54887842,10.725,83.55,100080,0.38295805,2.04,0.0875
7009,23/10/2024 09:00,2483,st,16.89473684,12.16109316,14.975,71.6,99282.5,1.11753225,4.08,0
7010,23/10/2024 10:00,2568,st,8.3,4.2159325,17.475,62.5,98505,1.5531,3.96,0
7011,23/10/2024 11:00,2612,st,4.820512821,2.592941053,17.35,62.65,98122.5,2.0078125,6.84,0
7012,23/10/2024 12:00,2873,st,5.027027027,4.004369474,16.475,65.075,98177.5,3.295035,9.84,0
7013,23/10/2024 13:00,2854,st,5.128205128,5.844788421,16.125,65.125,98310,5.5686575,12.96,0
7014,23/10/2024 14:00,2747,st,5,9.8258065,15.325,67.625,98422.5,3.531675,8.76,0
7015,23/10/2024 15:00,2492,st,36.02631579,20.60564737,12.275,82,98952.5,2.17802025,5.16,0
7016,23/10/2024 16:00,1960,st,19.46153846,28.37874737,9.6,90.96666667,99503.33333,0.691197667,2.56,0
7017,23/10/2024 17:00,1146,st,13.55263158,26.38891053,8.25,94.05,99842.5,0.786125,2.76,0
7018,23/10/2024 18:00,817,st,19.61538462,19.43268421,6.925,96.9,100092.5,2.0474285,4.8,0
7019,23/10/2024 19:00,501,st,12.85,19.34032,5.8,98.35,100275,1.2336375,4.2,0
7020,23/10/2024 20:00,349,st,11.60526316,18.25175263,4.925,99.55,100445,1.08000175,4.32,0
7021,23/10/2024 21:00,174,st,11.08571429,14.38695882,4.5,99.95,100522.5,0.9567875,3.96,0
7022,23/10/2024 22:00,93,st,10.82051282,15.49467368,4.425,100,100557.5,0.65823975,3.6,0
7023,23/10/2024 23:00,87,st,15.3,13.76761,5.25,99.85,100402.5,0.8285765,3.36,0
7024,24/10/2024 00:00,83,ct,17.92105263,15.05470526,5.2,99.9,100310,0.141305,1.8,0
7025,24/10/2024 01:00,159,ct,23.30769231,14.12648947,5.033333333,100,100283.3333,0.584059,3.36,0
7026,24/10/2024 02:00,417,ct,30.94871795,13.00284211,4.6,100,100277.5,0.7086745,3,0
7027,24/10/2024 03:00,1718,ct,34.31578947,11.26000421,4.825,100,100215,0.221419275,1.2,0
7028,24/10/2024 04:00,2679,ct,28.05,12.529325,4.525,100,100190,0.67310425,3.24,0
7029,24/10/2024 05:00,2657,ct,26.48717949,14.37123158,4.35,100,100202.5,0.6142225,2.76,0
7030,24/10/2024 06:00,2861,ct,34.56410256,14.542455,5.275,100,100162.5,0.61530225,2.88,0
7031,24/10/2024 07:00,2641,ct,25.76923077,14.67744737,8.7,87.45,99745,0.912905,4.08,0
7032,24/10/2024 08:00,2491,ct,20.61538462,7.801536842,13.6,72.2,99025,1.300597,4.68,0
7033,24/10/2024 09:00,2378,ct,13.36842105,5.46074,17.075,61.675,98277.5,1.4705455,5.28,0
7034,24/10/2024 10:00,2591,ct,8.9,9.006267,17.43333333,61.33333333,97750,1.6928,5.6,0
7035,24/10/2024 11:00,2629,ct,12,4.080480526,16.3,67.45,97617.5,1.56487,5.04,0
7036,24/10/2024 12:00,2871,ct,12.84210526,5.83997,16.075,71.45,97690,1.9228925,6.24,0
7037,24/10/2024 13:00,2867,ct,13.43589744,7.154159,16.05,73.25,97742.5,1.7435585,6,0
7038,24/10/2024 14:00,2903,ct,16.5,28.01490579,15.65,75.475,97732.5,1.61214775,5.76,0
7039,24/10/2024 15:00,2399,ct,27.56410256,42.537945,14.6,79.7,97907.5,0.81788425,3.84,0
7040,24/10/2024 16:00,1930,ct,25.82051282,48.60144211,13.6,85.95,98065,0.4620367,3,0
7041,24/10/2024 17:00,1259,ct,29.21621622,43.86673684,11.175,93.35,98432.5,1.90454,5.4,0
7042,24/10/2024 18:00,793,ct,34.82051282,34.57864211,9.3,96.7,98782.5,1.8566175,5.76,0
7043,24/10/2024 19:00,543,ct,25.76923077,25.63769474,8.125,98.45,99020,1.2867555,4.44,0
7044,24/10/2024 20:00,359,ct,31.15384615,23.2008,7.45,99.475,99177.5,1.30186,4.2,0
7045,24/10/2024 21:00,200,ct,28.14285714,19.69025294,6.833333333,100,99263.33333,0.897584,3.52,0
7046,24/10/2024 22:00,102,ct,40.25641026,18.60036842,6.375,100,99332.5,0.45582625,2.88,0
7047,24/10/2024 23:00,94,ct,40.23684211,19.67385556,5.95,100,99360,0.232074685,1.44,0
7048,25/10/2024 00:00,107,pa,29.30769231,15.687805,5.975,100,99340,0.0103732,0.6,0
7049,25/10/2024 01:00,152,pa,28.61538462,12.32938,5.475,100,99365,0,0,0
7050,25/10/2024 02:00,430,pa,29.775,13.706605,5.075,100,99390,0,0,0
7051,25/10/2024 03:00,1726,pa,38.76315789,13.69135263,4.95,100,99407.5,0.4243648,2.88,0
7052,25/10/2024 04:00,2591,pa,36.30769231,11.05197895,4.5,100,99460,0.65897375,2.64,0
7053,25/10/2024 05:00,2688,pa,32.92105263,11.04365667,4.4,100,99487.5,0.79959625,3,0
7054,25/10/2024 06:00,2777,pa,25.48717949,10.523957,5.066666667,100,99430,0.915190333,3.04,0
7055,25/10/2024 07:00,2566,pa,27.51282051,12.34253158,6.975,100,99192.5,0.614611875,2.28,0
7056,25/10/2024 08:00,2714,pa,35.075,9.014144,11.35,83.825,98727.5,1.0344185,3.12,0
7057,25/10/2024 09:00,2646,pa,25.82051282,10.08748474,14.65,73.15,98080,2.0749525,5.04,0
7058,25/10/2024 10:00,2723,pa,32.27027027,4.975935556,15.675,71.95,97610,2.8653575,6.24,0
7059,25/10/2024 11:00,2777,pa,21.5,2.861942778,16.475,70.875,97345,3.0441275,7.32,0
7060,25/10/2024 12:00,2793,pa,25.1025641,4.829993158,17.025,69.875,97077.5,3.14193,8.52,0
7061,25/10/2024 13:00,2859,pa,32.30769231,7.2839795,16.425,72.25,97022.5,2.8438975,7.8,0
7062,25/10/2024 14:00,2712,pa,26.28947368,11.35328421,14.05,81.25,97435,2.59061,7.2,0
7063,25/10/2024 15:00,2842,pa,26.82051282,14.018805,13,86,97785,1.9500525,6.12,0
7064,25/10/2024 16:00,2128,pa,24.91666667,15.00296842,12.6,87.26666667,97943.33333,0.940359333,3.36,0
7065,25/10/2024 17:00,1466,pa,26.64864865,16.74036316,12.575,86.4,98005,1.8383175,5.04,0
7066,25/10/2024 18:00,898,pa,29.4,14.14673,12.125,88.525,98075,1.54483,4.68,0
7067,25/10/2024 19:00,734,pa,31.51282051,15.01722105,11.775,90.525,98140,0.599057,2.64,0
7068,25/10/2024 20:00,469,pa,35.1,15.26287,11.6,91.675,98180,0.11838557,1.56,0
7069,25/10/2024 21:00,334,pa,42.78787879,14.05813125,11.525,92.65,98210,0.157370675,1.2,0
7070,25/10/2024 22:00,259,pa,33.3,12.76081,11.4,93.375,98217.5,0.0812658,1.08,0
7071,25/10/2024 23:00,127,pa,43,16.5337,11.2,94.7,98230,0.127233,1.44,0
7072,26/10/2024 00:00,135,so,,,,,,,,
7073,26/10/2024 01:00,161,so,23.875,8.86942,10.9,95.4,98260,0.241719,1.92,0
7074,26/10/2024 02:00,289,so,21.97435897,11.61452842,10.76666667,96.26666667,98270,0.158451467,1.12,0
7075,26/10/2024 03:00,726,so,22.07894737,12.58533667,10.675,97.175,98287.5,0.177930725,1.2,0
7076,26/10/2024 04:00,875,so,23.9047619,12.66930323,10.55,97.95,98300,1.1843935,3.12,0
7077,26/10/2024 05:00,1168,so,33.109375,13.11670938,10.45,98.25,98305,0.693922,3.36,0
7078,26/10/2024 06:00,1446,so,,,,,,,,
7079,26/10/2024 07:00,1985,so,,,,,,,,
7080,26/10/2024 08:00,2206,so,,,,,,,,
7081,26/10/2024 09:00,2261,so,12.96153846,7.366513846,13.16666667,84.53333333,97806.66667,0.917035667,3.52,0
7082,26/10/2024 10:00,2252,so,16.8125,5.0799925,14.35,80.65,97640,1.44063,4.08,0
7083,26/10/2024 11:00,2439,so,16.46875,4.226894375,14.9,78.775,97270,1.434302,4.44,0
7084,26/10/2024 12:00,2276,so,18,4.530446977,15.7,76.26666667,97220,1.487895,5.28,0
7085,26/10/2024 13:00,2191,so,19.68421053,4.684803158,15.95,74.675,97060,1.578095,4.68,0
7086,26/10/2024 14:00,2320,so,12.44642857,6.78113625,15,77.2,97225,2.286135,7.08,0
7087,26/10/2024 15:00,2246,so,19.78409091,11.64338116,14.45,79.175,97400,1.906035,5.28,0
7088,26/10/2024 16:00,2012,so,34.56410256,21.06284,13.825,83.625,97537.5,0.37171725,2.16,0
7089,26/10/2024 17:00,1280,so,32.08411215,17.06147059,13.4,86.725,97610,0.15878925,1.2,0
7090,26/10/2024 18:00,960,so,35.28205128,19.13008421,12.975,89.375,97632.5,0.104693425,1.32,0
7091,26/10/2024 19:00,692,so,26.30769231,14.78816,12.575,92.075,97682.5,0.1945481,1.56,0
7092,26/10/2024 20:00,437,so,31.35955056,14.43502791,12.45,92.5,97700,0.582675,3.24,0
7093,26/10/2024 21:00,313,so,44.85714286,14.05310667,12.475,92.825,97672.5,0.33160775,2.16,0
7094,26/10/2024 22:00,190,so,34.63157895,9.672508947,12.7,91.55,97660,0.73759845,3.24,0
7095,26/10/2024 23:00,199,so,17.975,6.113965,13.26666667,86.3,97563.33333,2.73658,6.4,0
7096,27/10/2024 00:00,161,ne,16.79487179,7.13696,12.975,87.525,97537.5,2.8290975,7.32,0
7097,27/10/2024 01:00,134,ne,14,7.1516255,12.775,88.4,97540,2.562745,5.52,0
7098,27/10/2024 02:00,124,ne,14.17142857,7.082472353,12.6,88.7,97532.5,1.25174475,3.84,0
7099,27/10/2024 02:00,124,ne,13,8.1805,12.6,88.7,97532.5,1.25174475,3.84,0
7100,27/10/2024 03:00,246,ne,13.25641026,6.94713,12.6,88.05,97522.5,1.8922725,6,0
7101,27/10/2024 04:00,405,ne,11.225,6.7232945,12.475,87.925,97520,1.95199,4.44,0
7102,27/10/2024 05:00,530,ne,10.65789474,7.273742105,12.325,89.3,97572.5,0.766249,3.36,0
7103,27/10/2024 06:00,653,ne,11.15,7.505783,12.35,90.375,97662.5,0.3693515,2.28,0
7104,27/10/2024 07:00,1107,ne,13.07894737,6.47118,12.825,87.6,97617.5,0.95837875,3.36,0
7105,27/10/2024 08:00,1741,ne,8.384615385,5.9998955,13.3,85,97537.5,1.67373925,5.64,0
7106,27/10/2024 09:00,2009,ne,8.384615385,5.188278421,13.46666667,83.9,97516.66667,2.04436,6.4,0
7107,27/10/2024 10:00,2093,ne,9.625,5.078315,13.75,82.55,97470,2.065905,6,0
7108,27/10/2024 11:00,2187,ne,9.342105263,4.367761579,14.575,79.675,97325,3.259795,7.44,0
7109,27/10/2024 12:00,2238,ne,8.368421053,4.172617222,16.925,72.15,96925,3.2948025,8.52,0
7110,27/10/2024 13:00,2260,ne,8.875,4.466145,18.275,68.85,96610,2.5338925,8.04,0
7111,27/10/2024 14:00,2399,ne,8.923076923,5.703886316,16.725,74.6,96897.5,1.7660015,4.92,0
7112,27/10/2024 15:00,2348,ne,10.30769231,9.1228475,15.575,80.675,97280,1.88246225,5.16,0
7113,27/10/2024 16:00,2251,ne,14.43589744,16.27856316,14.825,85.05,97552.5,0.6505609,2.04,0
7114,27/10/2024 17:00,1570,ne,15.7,15.93582,14.45,87.75,97702.5,1.265262,4.08,0
7115,27/10/2024 18:00,1071,ne,18.92105263,19.00894211,14.4,88.65,97810,0.50899975,3.24,0
7116,27/10/2024 19:00,745,ne,20.43589744,23.36710526,13.825,91.25,97982.5,0.75160625,2.88,0
7117,27/10/2024 20:00,459,ne,34.41025641,13.60959789,13.66666667,93.13333333,98043.33333,0.090169567,1.28,0
7118,27/10/2024 21:00,323,ne,14.1,13.848519,13.775,93.2,98070,0.87434425,2.88,0
7119,27/10/2024 22:00,213,ne,14.15151515,11.90911875,14.275,90.35,98030,1.584135,4.2,0
7120,27/10/2024 23:00,161,ne,14.39473684,9.487423158,14.125,90.325,98020,1.55921575,5.04,0
7121,28/10/2024 00:00,146,po,16,8.872754737,14.15,90.175,98037.5,2.0842725,5.28,0
7122,28/10/2024 01:00,150,po,17.97368421,9.370846316,13.95,90.775,98055,1.8153925,4.8,0
7123,28/10/2024 02:00,212,po,18.75,9.417887,13.725,91.575,98070,0.91551325,4.92,0
7124,28/10/2024 03:00,388,po,20.25641026,8.591002105,13.65,91.475,98100,1.52161125,4.56,0
7125,28/10/2024 04:00,770,po,16.76923077,6.980106316,13.35,92.5,98125,1.39241,4.56,0
7126,28/10/2024 05:00,926,po,14.05263158,6.561017368,13.125,92.2,98162.5,1.4308525,4.8,0
7127,28/10/2024 06:00,782,po,13.375,6.250005,13.1,92.43333333,98210,1.990870333,4.8,0
7128,28/10/2024 07:00,1100,po,12.66666667,6.042115789,13.8,89.775,98140,0.57946775,2.88,0
7129,28/10/2024 08:00,1566,po,11.05263158,4.736610526,14.65,86.725,97967.5,0.79088325,3.12,0
7130,28/10/2024 09:00,1668,po,9.153846154,4.121643158,15.65,82.725,97742.5,2.4350175,5.88,0
7131,28/10/2024 10:00,1605,po,8.256410256,5.335877895,16.55,79.525,97517.5,2.1975175,6.12,0
7132,28/10/2024 11:00,1693,po,5.825,3.8548245,18.55,73.3,97162.5,3.20793,8.52,0
7133,28/10/2024 12:00,1901,po,5.421052632,3.418078421,20.325,66.975,96552.5,2.3257725,6.12,0
7134,28/10/2024 13:00,1950,po,7.289473684,5.430871667,19.95,68.925,96525,1.943345,6.24,0
7135,28/10/2024 14:00,1913,po,11.74358974,12.00355263,18.65,74.35,96690,1.53252275,6.84,0
7136,28/10/2024 15:00,2120,po,13.61538462,17.847601,15.925,83.15,97317.5,1.76742925,5.88,0
7137,28/10/2024 16:00,2040,po,7.657894737,16.00999474,14.2,86.225,97765,2.89262,8.88,0
7138,28/10/2024 17:00,1413,po,9.525,18.628845,13.2,90,98056.66667,1.846876667,5.92,0
7139,28/10/2024 18:00,1004,po,13.10810811,18.88715556,12.725,91.65,98217.5,2.4615275,6,0
7140,28/10/2024 19:00,510,po,14.48717949,14.3644,12.675,91.85,98250,4.0449975,8.16,0
7141,28/10/2024 20:00,404,po,12.56410256,9.71729,13.225,90.425,98162.5,3.20387,6.12,0
7142,28/10/2024 21:00,288,po,15.53846154,11.31865368,12.35,93.1,98290,2.37284,6.24,0
7143,28/10/2024 22:00,133,po,14,12.41112941,11.75,95.65,98447.5,2.1197815,6,0
7144,28/10/2024 23:00,117,po,21.20512821,11.74384316,10.75,97.875,98570,0.989471,3.6,0
7145,29/10/2024 00:00,72,ut,20.5,11.35135789,10.95,98.475,98630,1.6132975,5.28,0
7146,29/10/2024 01:00,90,ut,20.34285714,10.30147294,9.475,99.6,98702.5,1.301145,4.56,0
7147,29/10/2024 02:00,172,ut,21.45,12.69479,9.475,100,98750,0.66960675,3,0
7148,29/10/2024 03:00,550,ut,21.42105263,14.56812632,9.466666667,99.93333333,98783.33333,0.492938333,3.36,0
7149,29/10/2024 04:00,1859,ut,23.89473684,11.81829778,9.575,99.625,98760,0.4060265,2.4,0
7150,29/10/2024 05:00,2696,ut,29.4,13.056626,9.725,99.875,98755,0.40459115,2.52,0.0875
7151,29/10/2024 06:00,2736,ut,38.87179487,13.83022632,10.2,100,98717.5,0.087043175,0.84,0.0875
7152,29/10/2024 07:00,2681,ut,34.07692308,14.23818,10.775,99.9,98657.5,0.6475745,3,0
7153,29/10/2024 08:00,2721,ut,32.81578947,12.51833667,13.6,92.175,98340,1.4781375,4.2,0
7154,29/10/2024 09:00,2658,ut,23.23076923,8.252512632,14.8,89.325,97977.5,1.208162,5.16,0
7155,29/10/2024 10:00,2546,ut,22.28947368,7.049501579,16.1,85.675,97582.5,2.18778,6,0
7156,29/10/2024 11:00,2630,ut,27.95,9.3423395,15.55,87.725,97587.5,2.2981375,6.24,0
7157,29/10/2024 12:00,2719,ut,26.26315789,7.96477,17.425,81.575,97222.5,2.12852,6,0
7158,29/10/2024 13:00,2563,ut,23.33333333,7.576952353,17.2,82.26666667,96943.33333,2.181796667,6.56,0
7159,29/10/2024 14:00,2754,ut,24.175,13.959116,16.6,85.2,97280,0.6525805,3.72,0
7160,29/10/2024 15:00,2703,ut,28.51282051,20.10470526,15.4,89.8,97537.5,0.9298055,3.12,0
7161,29/10/2024 16:00,2548,ut,35.43589744,25.267935,14.125,94.525,97775,0.1425236,1.44,0
7162,29/10/2024 17:00,1752,ut,32.28205128,22.75954737,12.625,98.425,98100,0.85071675,3.72,0
7163,29/10/2024 18:00,1111,ut,30.65,19.184835,12.375,98.4,98212.5,0.8878845,3.36,0
7164,29/10/2024 19:00,656,ut,34.1025641,14.64683684,11.5,99.9,98345,0.317359413,2.04,0
7165,29/10/2024 20:00,469,ut,26.68421053,14.29446316,11.075,100,98437.5,0.7693105,2.76,0
7166,29/10/2024 21:00,306,ut,25.17948718,10.39074105,11.125,99.875,98427.5,0.97574325,3.36,0
7167,29/10/2024 22:00,212,ut,22.57142857,10.12694824,11.45,99.975,98382.5,0.4541956,2.64,0
7168,29/10/2024 23:00,124,ut,27.30769231,9.393073,11.525,100,98337.5,0.033143628,1.2,0.0875
7169,30/10/2024 00:00,56,st,25.74358974,10.12368526,11.66666667,100,98323.33333,0.240081067,1.76,0
7170,30/10/2024 01:00,87,st,30.40540541,9.277167368,11.55,100,98327.5,0.3643095,1.92,0
7171,30/10/2024 02:00,160,st,28.12820513,10.54025263,11.7,100,98317.5,0.29774395,2.16,0
7172,30/10/2024 03:00,469,st,23.81578947,10.86341263,11.725,100,98327.5,0.14949115,1.2,0
7173,30/10/2024 04:00,1751,st,32.76923077,9.005064211,11.825,100,98327.5,0.21196105,1.32,0
7174,30/10/2024 05:00,2614,st,23,10.12701895,11.85,100,98330,0,0,0
7175,30/10/2024 06:00,2715,st,19.42105263,10.21167895,11.95,98.8,98362.5,1.1680115,4.68,0
7176,30/10/2024 07:00,2837,st,26.05128205,7.123764737,13.05,94.1,98307.5,1.345154,4.68,0
7177,30/10/2024 08:00,2897,st,16.25,6.944696,13.85,92.25,98150,0.99784075,3.6,0
7178,30/10/2024 09:00,2630,st,9.871794872,4.720845789,15.125,89.65,97920,1.5653155,5.04,0
7179,30/10/2024 10:00,2448,st,4.102564103,3.8826325,16.66666667,82.3,97673.33333,1.62878,5.6,0
7180,30/10/2024 11:00,2367,st,3.368421053,4.727484444,16.65,82.225,97490,1.5119575,5.76,0
7181,30/10/2024 12:00,2808,st,8.375,6.0235995,16.775,80.875,97550,0.4580025,2.28,0
7182,30/10/2024 13:00,3007,st,2.538461538,6.167180526,16.875,76.6,97497.5,1.584605,5.52,0
7183,30/10/2024 14:00,2958,st,3.948717949,6.0547175,15.975,77.475,97617.5,1.8627125,6.12,0
7184,30/10/2024 15:00,2881,st,4.923076923,11.75878158,15.175,79.85,97802.5,0.775762,3.48,0
7185,30/10/2024 16:00,2706,st,12.28205128,14.42882632,14.65,82.05,97952.5,0.56180575,3,0
7186,30/10/2024 17:00,1951,st,14.69444444,16.36427444,14.2,84.775,98075,0.52832275,2.64,0
7187,30/10/2024 18:00,1251,st,16.53846154,18.01821053,13.45,89.575,98162.5,1.00522725,3.36,0
7188,30/10/2024 19:00,803,st,18.05128205,16.3438,12.95,92,98275,0.5831829,2.64,0
7189,30/10/2024 20:00,497,st,20.35897436,14.02314211,12.8,92.9,98330,1.228937667,3.52,0
7190,30/10/2024 21:00,352,st,17.65789474,14.69881053,12.775,92.725,98355,0.537892,2.4,0
7191,30/10/2024 22:00,202,st,22.85714286,14.45502353,12.625,93.45,98370,0.72529025,3,0
7192,30/10/2024 23:00,137,st,10.15384615,12.18959158,12.45,95.25,98407.5,0.193933025,1.2,0
7193,31/10/2024 00:00,95,ct,7.948717949,9.1517565,12.3,94.75,98422.5,0.3056595,1.92,0
7194,31/10/2024 01:00,99,ct,7.128205128,8.099777368,12.275,93.975,98437.5,0.6323065,2.52,0
7195,31/10/2024 02:00,166,ct,3.435897436,6.387167368,12.675,89.95,98410,0.472394075,2.4,0
7196,31/10/2024 03:00,432,ct,4.052631579,8.698468947,12.725,89.25,98385,0.753914,3.36,0
7197,31/10/2024 04:00,1682,ct,3.95,14.953924,12.475,91.55,98437.5,0.2694169,2.04,0
7198,31/10/2024 05:00,2723,ct,6.512820513,20.68682632,12.075,94,98517.5,0.48968875,2.4,0
7199,31/10/2024 06:00,2872,ct,2.435897436,11.42764368,12.1,90.9,98572.5,1.27703375,4.56,0
7200,31/10/2024 07:00,2789,ct,6.710526316,5.781711053,12.26666667,85.56666667,98596.66667,1.464172,5.44,0
7201,31/10/2024 08:00,2722,ct,2.666666667,5.410743684,12.675,81.65,98502.5,1.47899,5.64,0
7202,31/10/2024 09:00,2644,ct,56.175,5.579708,13.575,78.45,98365,1.0002915,3.72,0
7203,31/10/2024 10:00,2711,ct,2.421052632,4.698393158,13.825,78.35,98170,1.92075,4.8,0
7204,31/10/2024 11:00,2697,ct,11.84615385,6.91791,14.05,78.75,98092.5,1.393677,5.16,0
7205,31/10/2024 12:00,2739,ct,16.58974359,6.688925263,14.225,78.625,98020,2.23591,5.88,0
7206,31/10/2024 13:00,3048,ct,5,7.93518,14.8,76.575,97895,2.2182925,6.24,0
7207,31/10/2024 14:00,2988,ct,12.89473684,6.817624737,14.7,78.05,97867.5,1.33124825,4.2,0
7208,31/10/2024 15:00,2912,ct,7.974358974,13.80129,13.1,85.3,98135,1.437994,4.32,0
7209,31/10/2024 16:00,2556,ct,11.875,21.74388,10.725,93.625,98517.5,0.83540775,3,0
7210,31/10/2024 17:00,1938,ct,18.73684211,21.78462632,9.5,96.6,98790,1.644553667,4.96,0
7211,31/10/2024 18:00,1244,ct,20.375,22.13551,8.55,98.1,98975,1.0589742,3.6,0
7212,31/10/2024 19:00,805,ct,16.56410256,15.84255789,7.725,99.375,99107.5,1.26939125,3.72,0
7213,31/10/2024 20:00,502,ct,18.35897436,15.16211579,6.8,100,99230,1.0702425,3.72,0
7214,31/10/2024 21:00,427,ct,24.5,15.84936316,6.125,100,99362.5,0.243010525,1.56,0
7215,31/10/2024 22:00,211,ct,22.85714286,13.88376118,5.325,100,99450,0.220957175,1.8,0
7216,31/10/2024 23:00,144,ct,22.95,11.711827,4.7,100,99547.5,0.130799225,1.56,0
7217,01/11/2024 00:00,83,pa,25.10526316,10.21082211,4.625,100,99520,0.472148,2.64,0
7218,01/11/2024 01:00,113,pa,21.61538462,11.69738947,4.05,100,99552.5,0.210317575,1.32,0
7219,01/11/2024 02:00,150,pa,20.69230769,10.02324316,3.966666667,100,99513.33333,0.760516,2.24,0
7220,01/11/2024 03:00,430,pa,34.075,13.485371,3.975,100,99487.5,0.5068585,2.16,0
7221,01/11/2024 04:00,1662,pa,56.73684211,13.55972737,3.425,100,99492.5,2.2767,5.04,0
7222,01/11/2024 05:00,2542,pa,14.62162162,13.00161778,3.25,100,99587.5,0.3064995,2.16,0
7223,01/11/2024 06:00,2906,pa,14.84615385,14.04967368,3.25,100,99560,1.71637,3.96,0
7224,01/11/2024 07:00,2756,pa,12.13157895,12.81504211,4,100,99472.5,0.7269846,2.16,0.0875
7225,01/11/2024 08:00,2751,pa,14.075,12.219816,6.275,100,99162.5,1.19934,3.6,0
7226,01/11/2024 09:00,2952,pa,21.58974359,12.09495579,7.975,99.35,98742.5,1.7740575,5.16,0
7227,01/11/2024 10:00,2894,pa,24.53846154,10.97617158,9.55,93.25,98410,2.115075,6.24,0
7228,01/11/2024 11:00,2920,pa,24.34210526,6.033104737,13.23333333,79.53333333,97920,2.059936667,6.4,0
7229,01/11/2024 12:00,2932,pa,23.475,7.559668,15.325,73.25,97312.5,1.686215,4.8,0
7230,01/11/2024 13:00,2998,pa,23.94623656,9.358624,17.01,68.44,96946,1.397605,4.416,0
7231,01/11/2024 14:00,2878,pa,21.94736842,11.13524737,15.425,73.65,97055,0.8022625,3.24,0
7232,01/11/2024 15:00,3060,pa,26.30769231,22.17656842,11,90.15,97780,0.316969,1.8,0
7233,01/11/2024 16:00,2741,pa,24.65789474,29.11182632,8.85,94.625,98367.5,1.27828975,3.72,0
7234,01/11/2024 17:00,2081,pa,25.3,24.64366,7.5,96.875,98717.5,1.3578385,4.32,0
7235,01/11/2024 18:00,1324,pa,30.48717949,21.44334211,6.625,98.725,98950,0.73643325,3.36,0
7236,01/11/2024 19:00,829,pa,20.64102564,18.84852,6.3,99.33333333,99080,1.176071333,3.84,0
7237,01/11/2024 20:00,577,pa,12.35897436,17.88625,10.275,87.575,98692.5,2.88608,10.08,0
7238,01/11/2024 21:00,443,pa,9.72972973,11.93056278,10.76666667,84.96666667,98423.33333,2.999433333,9.28,0
7239,01/11/2024 22:00,302,pa,8.628571429,5.614146471,10.8,84.35,98355,5.000595,16.68,0
7240,01/11/2024 23:00,166,pa,8.615384615,5.327516316,10.75,83.375,98382.5,3.6331075,12.6,0
7241,02/11/2024 00:00,110,so,6.657894737,4.996875789,10.9,83.2,98387.5,1.6989975,6.96,0
7242,02/11/2024 01:00,103,so,6.625,7.237447,10.95,84.35,98377.5,2.5084025,8.16,0
7243,02/11/2024 02:00,109,so,4.552631579,8.16313,11.175,84.775,98380,2.067045,7.56,0
7244,02/11/2024 03:00,224,so,3.153846154,7.5964305,11.25,85.025,98385,2.54933,9,0
7245,02/11/2024 04:00,599,so,2.41025641,8.891093684,11.275,85.675,98395,1.8838925,6.96,0
7246,02/11/2024 05:00,953,so,2.975,8.960548,11.15,87.375,98452.5,1.072502,4.2,0
7247,02/11/2024 06:00,1280,so,2.052631579,9.894229474,11.4,87.125,98517.5,0.93375025,3.24,0
7248,02/11/2024 07:00,1708,so,1.842105263,9.977651111,11.86666667,86.8,98520,0.417507667,2.88,0
7249,02/11/2024 08:00,2203,so,1.461538462,8.5064575,10.575,89.75,98752.5,3.7508625,12.96,0.175
7250,02/11/2024 09:00,2281,so,2.256410256,5.540681579,12.7,74.1,98647.5,5.290785,15.36,0
7251,02/11/2024 10:00,2288,so,2.9,5.213639,13.275,71.675,98410,3.4261125,10.8,0
7252,02/11/2024 11:00,2344,so,2.657894737,4.817068421,11.525,75.575,98525,4.9397525,12.84,0
7253,02/11/2024 12:00,2664,so,1.65,5.0280655,11.35,71.925,98680,5.79385,14.76,0
7254,02/11/2024 13:00,2615,so,2.789473684,6.094890556,10.225,74.175,98910,4.847465,12.84,0
7255,02/11/2024 14:00,2398,so,3.153846154,6.914395263,9.725,72.825,99117.5,3.435425,11.04,0
7256,02/11/2024 15:00,2520,so,4.394736842,10.8972875,9,74.4,99317.5,2.068445,7.92,0
7257,02/11/2024 16:00,2376,so,6.923076923,20.94333158,7.475,78.625,99617.5,0.683755,3.96,0
7258,02/11/2024 17:00,1909,so,11.225,21.549945,5.1,88.13333333,100023.3333,1.556811333,5.76,0
7259,02/11/2024 18:00,1158,so,12.44444444,23.77843529,3.425,92.075,100377.5,2.3539475,5.4,0
7260,02/11/2024 19:00,940,so,13.4,20.98169,2.325,95.2,100695,0.92300625,3.84,0
7261,02/11/2024 20:00,612,so,13.8974359,21.00834737,1.625,96.975,100885,1.10008175,4.2,0
7262,02/11/2024 21:00,554,so,15.65,18.550655,0.95,98.025,101042.5,0.972265,3.84,0
7263,02/11/2024 22:00,361,so,17.79411765,17.34514706,0.525,98.375,101102.5,1.204861,3.72,0
7264,02/11/2024 23:00,199,so,15.26315789,15.9071,-0.075,99.025,101210,1.24580705,3.72,0
7265,03/11/2024 00:00,115,ne,19.61538462,15.13902105,-0.175,98.975,101230,1.04168975,3.96,0
7266,03/11/2024 01:00,119,ne,13.56410256,14.421695,-0.433333333,99.16666667,101253.3333,0.815631667,3.2,0
7267,03/11/2024 02:00,91,ne,9.512820513,10.12539895,-0.775,99.35,101267.5,0.887551325,3.12,0
7268,03/11/2024 03:00,188,ne,10.775,11.133975,-0.9,99.575,101315,0.25337,2.16,0
7269,03/11/2024 04:00,369,ne,22.36842105,15.09397368,-0.75,99.975,101255,0.43872275,2.76,0
7270,03/11/2024 05:00,456,ne,22.81578947,17.15396111,-1.2,100,101162.5,0.94924425,3.72,0
7271,03/11/2024 06:00,635,ne,21.9,14.0192,-1.075,100,101235,0.87548775,2.4,0
7272,03/11/2024 07:00,1089,ne,25.61538462,14.85627368,-0.3,100,101120,0.28095845,1.8,0
7273,03/11/2024 08:00,1487,ne,37.76923077,12.7444405,1.55,98.2,100875,0.71047875,3.6,0.0875
7274,03/11/2024 09:00,1783,ne,30.5,9.813921111,5.033333333,84.63333333,100410,0.999366667,3.36,0
7275,03/11/2024 10:00,1848,ne,26.225,8.407332,6.45,83.875,99905,1.9696625,6,0
7276,03/11/2024 11:00,2067,ne,22.78947368,5.043317368,10.075,71.85,99252.5,1.79645725,5.28,0
7277,03/11/2024 12:00,2306,ne,17.875,8.4766335,11.9,66.75,98715,1.610385,5.04,0
7278,03/11/2024 13:00,2352,ne,8.692307692,5.588896316,11.825,63.875,98482.5,2.1576175,6,0
7279,03/11/2024 14:00,2269,ne,10.28205128,9.140206842,10.25,69,98650,1.040505,3.72,0
7280,03/11/2024 15:00,2574,ne,13.81578947,22.11655789,6.775,84.525,99357.5,0.33085175,2.04,0
7281,03/11/2024 16:00,2174,ne,21.61538462,21.73312105,4.65,92.45,99875,0.8590315,3.24,0
7282,03/11/2024 17:00,1706,ne,24.4,28.04547,3.35,94.625,100145,1.09304425,3.96,0
7283,03/11/2024 18:00,1059,ne,25.17948718,26.09382105,2.25,96.925,100340,1.0709215,3.96,0
7284,03/11/2024 19:00,738,ne,23.71052632,24.56761579,1.4,97.9,100536.6667,0.633254,3.2,0
7285,03/11/2024 20:00,503,ne,30.8974359,15.57738947,0.85,98.475,100652.5,0.90768375,3.24,0
7286,03/11/2024 21:00,298,ne,28.525,14.06977,0.2,98.975,100772.5,0.8857475,3.24,0
7287,03/11/2024 22:00,194,ne,31.26470588,11.27426588,-0.225,99.85,100860,0.358306,1.92,0
7288,03/11/2024 23:00,106,ne,29.61538462,11.92525895,-0.55,100,100927.5,0.2295175,1.56,0
7289,04/11/2024 00:00,113,po,38.44736842,9.99582,-0.725,100,100935,0.17440545,1.32,0
7290,04/11/2024 01:00,180,po,39.17948718,14.44121579,-0.2,100,100820,0.2062545,2.04,0
7291,04/11/2024 02:00,224,po,28.05,18.18748,-0.475,100,100750,1.70738,4.32,0
7292,04/11/2024 03:00,536,po,25.84210526,16.97653684,-0.566666667,100,100760,1.410143333,4,0
7293,04/11/2024 04:00,1846,po,25.325,16.110705,-0.575,100,100775,0.45142025,2.64,0
7294,04/11/2024 05:00,2930,po,27.68421053,15.94480556,-0.55,100,100785,0.270988725,1.8,0
7295,04/11/2024 06:00,3042,po,32.75,14.128761,-1.05,100,100862.5,2.0231725,4.32,0
7296,04/11/2024 07:00,2875,po,28.81578947,13.51960526,-0.175,100,100835,0.2814255,2.04,0
7297,04/11/2024 08:00,2659,po,32.875,14.02529,1.125,100,100677.5,0.5508225,2.88,0
7298,04/11/2024 09:00,2496,po,35.92307692,13.23758421,3.275,99.975,100315,1.02474425,3.72,0
7299,04/11/2024 10:00,2385,po,36.7027027,8.927265556,8.8,83.825,99667.5,1.3715095,4.32,0
7300,04/11/2024 11:00,2563,po,21.6,4.7013175,11.25,73.8,98860,1.5709925,4.8,0
7301,04/11/2024 12:00,2544,po,12.28205128,7.222316316,10.56666667,76.76666667,98676.66667,1.705086667,4.48,0
7302,04/11/2024 13:00,2871,po,10.35897436,10.975195,10.7,77.225,98790,0.8529725,3.6,0
7303,04/11/2024 14:00,2914,po,9.526315789,31.60588333,10,79.9,98937.5,1.79605,5.28,0
7304,04/11/2024 15:00,2876,po,5.65,10.6297475,9.425,83.3,99092.5,2.835965,6.84,0
7305,04/11/2024 16:00,2328,po,6.947368421,10.50751789,8.975,85.25,99227.5,1.97395375,4.8,0
7306,04/11/2024 17:00,1681,po,17.65,9.361553,8.8,84.925,99297.5,2.2677925,5.4,0
7307,04/11/2024 18:00,1010,po,11.05128205,11.21929053,8.575,84.425,99350,0.6415055,3.12,0
7308,04/11/2024 19:00,647,po,11.05555556,10.04753556,8.3,85.325,99360,2.13824025,6.12,0
7309,04/11/2024 20:00,398,po,17.825,11.71808,7.225,89.95,99505,1.51515925,4.32,0
7310,04/11/2024 21:00,298,po,17.61538462,13.84036316,6.35,92.475,99660,3.0579825,7.32,0
7311,04/11/2024 22:00,150,po,18.65714286,12.90695556,5.766666667,93.7,99733.33333,2.831263333,6.4,0
7312,04/11/2024 23:00,81,po,15.60526316,11.72694316,5.475,94.875,99805,1.5510175,4.56,0
7313,05/11/2024 00:00,87,ut,12.44736842,10.13059053,5.425,94.9,99807.5,1.1571015,3.72,0
7314,05/11/2024 01:00,86,ut,13.65789474,9.31686,6.066666667,93.9,99693.33333,0.623152333,4.64,0
7315,05/11/2024 02:00,149,ut,21.15384615,8.393464,6.3,94.55,99602.5,0.20368545,1.44,0
7316,05/11/2024 03:00,483,ut,23.56410256,9.139007368,6.475,94.75,99550,0.10510675,0.84,0
7317,05/11/2024 04:00,1788,ut,29.925,11.83005,6.6,93.975,99500,1.35087225,5.16,0
7318,05/11/2024 05:00,2889,ut,34.28205128,12.95826842,6.325,94.05,99522.5,1.222278,3.6,0
7319,05/11/2024 06:00,2827,ut,37.44736842,14.93745789,6.525,93.55,99540,0.97277825,3.12,0
7320,05/11/2024 07:00,2334,ut,30.07692308,10.68499895,6.966666667,90.63333333,99503.33333,1.071328,3.68,0
7321,05/11/2024 08:00,2014,ut,20.325,11.2881285,7.75,86.975,99385,0.58838825,2.64,0
7322,05/11/2024 09:00,2070,ut,14.07894737,5.387873684,8.05,83.775,99232.5,3.7778375,8.4,0
7323,05/11/2024 10:00,1940,ut,13.82051282,4.793019474,8.15,83.275,99150,3.474375,7.8,0
7324,05/11/2024 11:00,1934,ut,20.05128205,7.987601053,7.6,85.025,99130,4.6844825,10.56,0
7325,05/11/2024 12:00,2232,ut,20.5,10.45366211,7.1,86.9,99210,4.7042125,10.8,0
7326,05/11/2024 13:00,2950,ut,21.975,10.782949,7.325,86.625,99210,3.0566025,7.92,0
7327,05/11/2024 14:00,2932,ut,20.94871795,12.53766947,7.525,86.725,99167.5,1.049073,3.84,0
7328,05/11/2024 15:00,2770,ut,25.10526316,27.00095263,7.15,88.525,99220,1.03085175,3.48,0
7329,05/11/2024 16:00,2422,ut,22.45945946,37.46373684,7.033333333,89.26666667,99273.33333,0.51809,2.24,0
7330,05/11/2024 17:00,1659,ut,26.675,26.07656,6.925,89.775,99285,0.57338775,2.52,0
7331,05/11/2024 18:00,1097,ut,29.73684211,18.31866842,6.95,89.7,99280,0.291186575,1.68,0
7332,05/11/2024 19:00,587,ut,32.97435897,17.90593158,6.925,90.75,99300,0.43343775,2.4,0
7333,05/11/2024 20:00,463,ut,30.075,14.08879,6.95,90.5,99307.5,1.011379,3.36,0
7334,05/11/2024 21:00,319,ut,34.44736842,11.08988667,6.825,91.45,99310,1.32159725,4.32,0
7335,05/11/2024 22:00,162,ut,23.51428571,10.60426667,6.7,92.75,99345,0.1225759,1.44,0
7336,05/11/2024 23:00,137,ut,26.33333333,10.69188737,6.725,92.925,99362.5,0.8171865,2.52,0
7337,06/11/2024 00:00,119,st,28.1,9.203208,6.85,91.85,99345,0.49956625,2.28,0
7338,06/11/2024 01:00,103,st,24.5,9.258734737,6.8,92.13333333,99336.66667,0.407436667,2.08,0
7339,06/11/2024 02:00,146,st,27.07692308,9.329569474,6.825,92.25,99342.5,0.605424,2.88,0
7340,06/11/2024 03:00,478,st,27.92307692,8.582791053,6.975,89.775,99345,1.38546175,4.92,0
7341,06/11/2024 04:00,1861,st,27.825,11.106145,6.875,90.25,99355,0.97839775,3.24,0
7342,06/11/2024 05:00,2717,st,27.65789474,13.52668947,6.725,91.425,99412.5,0.93967925,3.24,0
7343,06/11/2024 06:00,2868,st,32.46153846,14.70427895,6.8,89.325,99480,1.15005175,4.2,0
7344,06/11/2024 07:00,2924,st,36.79487179,11.28852526,6.775,88.725,99527.5,1.644238,4.2,0
7345,06/11/2024 08:00,2650,st,33.71052632,8.66391,6.725,88.275,99570,1.8885325,5.16,0
7346,06/11/2024 09:00,2517,st,34.65,7.7374315,6.925,87.425,99595,1.26846,4.68,0
7347,06/11/2024 10:00,2588,st,38.79487179,8.595954737,7.05,86.975,99577.5,1.706741,5.64,0
7348,06/11/2024 11:00,2631,st,39.66666667,8.895722105,6.766666667,87.2,99583.33333,2.216793333,6.88,0
7349,06/11/2024 12:00,2714,st,33.45945946,8.394732222,6.875,86.45,99575,1.5627275,4.56,0
7350,06/11/2024 13:00,3088,st,38.25,12.251655,6.675,87.475,99602.5,2.87551,6.36,0
7351,06/11/2024 14:00,3023,st,36.53846154,11.14317789,6.475,88.125,99680,2.071976,6.36,0
7352,06/11/2024 15:00,2810,st,40.45,14.92036,6.375,88.325,99740,2.6483575,5.52,0
7353,06/11/2024 16:00,2409,st,39.25641026,15.65674211,6.3,88.15,99790,2.987015,6.96,0
7354,06/11/2024 17:00,1782,st,41.07894737,15.97904737,6.225,88.125,99837.5,3.265345,6.24,0
7355,06/11/2024 18:00,1155,st,41.05,17.827395,6.125,88.525,99892.5,2.93534,6.72,0
7356,06/11/2024 19:00,697,st,41.56410256,14.72925263,6,89.4,99935,1.393985,4.08,0
7357,06/11/2024 20:00,433,st,57.92307692,14.88919,5.933333333,89.33333333,99963.33333,2.35242,5.28,0
7358,06/11/2024 21:00,339,st,41.86842105,14.09858333,5.9,89.475,99985,1.212788425,3.72,0
7359,06/11/2024 22:00,176,st,40.74285714,14.82913333,5.85,90.125,100025,0.89538725,3.96,0
7360,06/11/2024 23:00,112,st,41.13157895,17.43013158,5.7,90.95,100047.5,2.203225,5.4,0
7361,07/11/2024 00:00,95,ct,40.025,21.53488,5.675,90.325,100065,0.788373,3.24,0
7362,07/11/2024 01:00,95,ct,43.89473684,19.9904,5.6,90,100067.5,1.50290075,5.16,0
7363,07/11/2024 02:00,145,ct,43.15,14.40326,5.5,90.725,100057.5,1.230453,4.8,0
7364,07/11/2024 03:00,477,ct,40.44736842,12.37457368,5.325,91.2,100052.5,0.5089535,2.4,0
7365,07/11/2024 04:00,1644,ct,43.38461538,14.91200526,5.4,91.625,100045,0.385733,2.04,0
7366,07/11/2024 05:00,1395,ct,42.8,14.818625,5.466666667,91.66666667,100046.6667,0.607888667,2.56,0
7367,07/11/2024 06:00,881,ct,40.7027027,16.54619444,5.525,91.1,100082.5,0.875583,2.88,0
7368,07/11/2024 07:00,2587,ct,38.65,13.29247,5.85,89.55,100092.5,0.7208965,3.24,0
7369,07/11/2024 08:00,2676,ct,40.35897436,14.42134737,6.325,87.325,100035,1.49188825,4.92,0
7370,07/11/2024 09:00,2378,ct,35.65,15.769155,6.95,84.825,99912.5,1.0759795,3.48,0
7371,07/11/2024 10:00,2447,ct,32.28947368,13.1422,7.4,82.6,99775,1.37376625,4.8,0
7372,07/11/2024 11:00,2507,ct,25.74358974,14.41443158,8,79.875,99615,1.599195,5.76,0
7373,07/11/2024 12:00,2561,ct,27.74358974,18.30123684,8.375,79.675,99527.5,1.6639,5.64,0
7374,07/11/2024 13:00,2978,ct,27.075,18.56202,8.125,81.825,99520,2.1432075,5.28,0
7375,07/11/2024 14:00,2881,ct,25.02631579,18.76312632,7.933333333,82.73333333,99546.66667,1.83076,4.8,0
7376,07/11/2024 15:00,2877,ct,23.41025641,19.72172105,7.6,83.725,99602.5,1.2707725,4.44,0
7377,07/11/2024 16:00,2440,ct,21.55,20.119165,7.375,84.65,99672.5,1.56509825,4.8,0
7378,07/11/2024 17:00,1819,ct,23.35135135,19.41432105,7.3,85.5,99720,2.9599575,7.08,0
7379,07/11/2024 18:00,1210,ct,29.1025641,22.39543684,7.025,89.325,99752.5,4.8428975,10.8,0
7380,07/11/2024 19:00,787,ct,30.525,22.00167,6.675,94.075,99815,3.445815,9,0
7381,07/11/2024 20:00,480,ct,35.07894737,17.31783158,6.65,94.625,99840,1.47053,4.68,0
7382,07/11/2024 21:00,316,ct,37.05,14.586715,6.9,93.325,99820,1.1760525,4.8,0
7383,07/11/2024 22:00,188,ct,37.17142857,13.43944118,6.95,93.525,99782.5,0.74414925,3.36,0
7384,07/11/2024 23:00,125,ct,35.5,12.80907,6.975,93.875,99755,0.692723,3,0
7385,08/11/2024 00:00,87,pa,37.97297297,11.9562,6.966666667,94.56666667,99746.66667,0.578113,2.88,0
7386,08/11/2024 01:00,101,pa,37.24324324,13.41282105,6.825,95.275,99725,0.465026725,2.04,0
7387,08/11/2024 02:00,144,pa,39.92307692,14.4664,6.725,95.8,99710,0.070712008,1.08,0
7388,08/11/2024 03:00,446,pa,43.02702703,10.71325444,6.725,96.125,99725,0.151112,1.44,0
7389,08/11/2024 04:00,1715,pa,55.35,9.180382,6.95,93.2,99687.5,0.94199985,2.88,0
7390,08/11/2024 05:00,2455,pa,62.58974359,11.20352,6.725,91.475,99672.5,2.814435,6.48,0
7391,08/11/2024 06:00,2707,pa,59.575,9.7881995,6.475,90.325,99720,2.5864325,7.68,0
7392,08/11/2024 07:00,2703,pa,53.76315789,9.130986842,6.25,89.425,99777.5,3.70205,9.96,0
7393,08/11/2024 08:00,2816,pa,51.71794872,9.757972632,6.025,89.2,99780,4.273735,10.32,0
7394,08/11/2024 09:00,2592,pa,48.48717949,10.71427263,5.933333333,88.4,99756.66667,3.59864,11.04,0
7395,08/11/2024 10:00,2593,pa,50.41025641,9.972182,6.675,85.525,99630,3.3731375,9,0
7396,08/11/2024 11:00,2608,pa,50.64102564,9.869594737,7.6,82.025,99440,4.124505,10.2,0
7397,08/11/2024 12:00,2942,pa,53.81578947,9.341646667,7.775,81.45,99327.5,2.4751275,7.92,0
7398,08/11/2024 13:00,3166,pa,55.25641026,11.27075158,7.425,83.975,99337.5,1.66767625,5.04,0
7399,08/11/2024 14:00,3091,pa,57.23076923,24.9746,7.325,85.125,99402.5,1.278737,4.2,0
7400,08/11/2024 15:00,2948,pa,57.1025641,44.77142105,6.775,87.15,99490,0.40875118,2.64,0
7401,08/11/2024 16:00,2871,pa,62.89473684,37.86516111,4.825,92.5,99827.5,1.53862825,4.44,0
7402,08/11/2024 17:00,2122,pa,73.82051282,24.4449,3.3,95.575,100150,2.9914575,6.24,0
7403,08/11/2024 18:00,1337,pa,70.56410256,20.36363158,2.4,96.66666667,100333.3333,2.29733,6.24,0
7404,08/11/2024 19:00,929,pa,68.875,20.878035,1.475,97.95,100507.5,1.6066225,6.6,0
7405,08/11/2024 20:00,582,pa,70.68421053,22.89673889,0.85,98.625,100625,2.0581875,6.96,0
7406,08/11/2024 21:00,506,pa,72.07894737,21.964365,0.45,99.275,100707.5,1.5998445,5.28,0
7407,08/11/2024 22:00,381,pa,99.88571429,19.67865294,0.025,99.775,100772.5,1.07113775,4.08,0
7408,08/11/2024 23:00,173,pa,62.2,15.740445,-0.25,100,100847.5,0.603138,2.64,0
7409,09/11/2024 00:00,104,so,55.18421053,14.71857368,-0.55,99.85,100877.5,1.651395,4.68,0
7410,09/11/2024 01:00,112,so,56.94871795,15.41782632,-0.725,99.8,100905,1.252215,3.48,0
7411,09/11/2024 02:00,101,so,50.25641026,13.11918421,-1.133333333,100,100956.6667,0.479055667,3.52,0
7412,09/11/2024 03:00,259,so,42.89473684,12.17301684,-1.275,99.8,100970,0.99314475,3.12,0
7413,09/11/2024 04:00,621,so,48.925,12.83568,-1.6,99.85,101025,0.25713625,1.68,0
7414,09/11/2024 05:00,828,so,63.05405405,13.64544444,-1.85,100,101062.5,0.4266737,2.16,0
7415,09/11/2024 06:00,1259,so,60.35,10.929487,-1.7,100,101055,0.68302675,2.4,0
7416,09/11/2024 07:00,1699,so,49.89473684,12.31663368,1.25,91.95,100820,0.5794915,2.64,0
7417,09/11/2024 08:00,2206,so,48.725,12.45302,4.25,84.575,100342.5,0.86053325,2.4,0
7418,09/11/2024 09:00,2285,so,49.10810811,17.38679474,7.5,76.8,99767.5,1.34806975,3.36,0
7419,09/11/2024 10:00,2045,so,49.62162162,12.41811789,10.875,67.925,99002.5,2.029795,5.28,0
7420,09/11/2024 11:00,2228,so,37.41025641,5.010618947,13.1,56.53333333,98516.66667,2.03129,5.76,0
7421,09/11/2024 12:00,2503,so,33.56410256,13.16022632,12.7,56.375,98247.5,1.17634325,4.44,0
7422,09/11/2024 13:00,2456,so,34.675,27.343585,11,61.275,98365,0.91964675,3.12,0
7423,09/11/2024 14:00,2542,so,41.55263158,40.70264737,8.675,74.85,98832.5,0.7567245,2.76,0
7424,09/11/2024 15:00,2483,so,49.71794872,33.79855789,5.325,87.2,99475,1.28907125,3.48,0
7425,09/11/2024 16:00,2502,so,47.25641026,22.26167368,3.175,90.525,99935,2.5904175,6.12,0
7426,09/11/2024 17:00,1820,so,38.975,17.253315,1.975,90.575,100215,3.00432,6.96,0
7427,09/11/2024 18:00,1307,so,44.13157895,17.39905789,0.95,94.7,100387.5,1.3421315,4.44,0
7428,09/11/2024 19:00,942,so,50.56410256,23.68332105,0.05,97.725,100602.5,0.43979225,2.64,0
7429,09/11/2024 20:00,540,so,47.61538462,26.89173684,-0.6,98.53333333,100713.3333,0.521875667,2.56,0
7430,09/11/2024 21:00,405,so,47.07894737,18.19513158,-0.975,98.575,100770,0,0,0
7431,09/11/2024 22:00,299,so,42,15.43012778,-1.575,99.425,100865,0,0,0
7432,09/11/2024 23:00,189,so,45.30769231,17.16685789,-2.025,99.525,100952.5,0,0,0
7433,10/11/2024 00:00,120,ne,45.63157895,12.32142632,-2.375,99.7,101025,0,0,0
7434,10/11/2024 01:00,110,ne,41.79487179,13.18842105,-2.75,99.55,101117.5,0,0,0
7435,10/11/2024 02:00,60,ne,48.975,11.417288,-2.975,99.325,101117.5,0,0,0
7436,10/11/2024 03:00,122,ne,55.82051282,14.97556316,-3.3,100,101152.5,0,0,0
7437,10/11/2024 04:00,359,ne,57.64102564,17.11978,-3.433333333,100,101243.3333,0,0,0
7438,10/11/2024 05:00,429,ne,57.60526316,13.33297889,-3.7,100,101242.5,0,0,0
7439,10/11/2024 06:00,660,ne,56,13.41974211,-3.55,100,101222.5,0,0,0
7440,10/11/2024 07:00,856,ne,57.18918919,17.05886667,-2.625,100,101107.5,0,0,0
7441,10/11/2024 08:00,1316,ne,61.3,17.4028,-1.475,100,100840,0,0,0
7442,10/11/2024 09:00,1609,ne,66.33333333,13.82240105,0.25,100,100547.5,0,0,0
7443,10/11/2024 10:00,1851,ne,66,15.123696,1.7,97.05,100245,0.432157,2.64,0
7444,10/11/2024 11:00,1955,ne,62.13513514,17.91221053,2.6,96.15,99985,1.50487425,4.92,0
7445,10/11/2024 12:00,2141,ne,71.17948718,26.12093684,2.766666667,97,99883.33333,1.675336667,4.96,0
7446,10/11/2024 13:00,2353,ne,76.48717949,40.07894737,2.775,98.4,99865,1.184117,4.2,0
7447,10/11/2024 14:00,2544,ne,76.175,45.59314,2.4,99.25,99962.5,0.57218125,2.4,0
7448,10/11/2024 15:00,2426,ne,80.28947368,45.49469474,1.6,100,100120,0.474277,1.8,0
7449,10/11/2024 16:00,2077,ne,111.5641026,45.64427368,0.725,100,100272.5,1.2524745,3.36,0
7450,10/11/2024 17:00,1700,ne,87.9,36.984545,0,100,100457.5,0.888691,3.24,0
7451,10/11/2024 18:00,1019,ne,82.78947368,27.08878421,-0.7,100,100580,2.40654,5.64,0
7452,10/11/2024 19:00,606,ne,54.975,14.909625,-0.4,100,100635,3.2712225,7.2,0
7453,10/11/2024 20:00,436,ne,48.42105263,14.39128421,-0.075,100,100617.5,1.32809325,4.68,0
7454,10/11/2024 21:00,261,ne,39.94871795,17.13742105,0.066666667,100,100606.6667,0.661852667,3.04,0
7455,10/11/2024 22:00,176,ne,43,12.25122,0.175,100,100605,0.76966675,3.24,0
7456,10/11/2024 23:00,109,ne,30.61538462,10.875634,0.1,100,100605,0.85279575,3.36,0
7457,11/11/2024 00:00,123,po,32.97435897,10.23228,0.225,100,100595,1.24730825,3.72,0
7458,11/11/2024 01:00,180,po,27.97435897,9.525962,0.125,100,100587.5,1.0491645,3.36,0
7459,11/11/2024 02:00,250,po,27.37837838,11.98178667,0.225,100,100560,1.12666575,3.72,0
7460,11/11/2024 03:00,585,po,33.23684211,14.01346667,0.35,100,100565,0.98067125,3.84,0
7461,11/11/2024 04:00,1910,po,31.625,16.073525,0.45,100,100547.5,0.88632475,3.6,0
7462,11/11/2024 05:00,2851,po,33.18421053,14.70604211,0.6,100,100523.3333,1.15784,3.84,0
7463,11/11/2024 06:00,2984,po,32.775,11.965,0.7,100,100540,1.01842875,3.36,0
7464,11/11/2024 07:00,2750,po,28.16216216,12.62734947,0.925,100,100522.5,1.238191,3.72,0.0875
7465,11/11/2024 08:00,2719,po,26.16666667,13.18515882,1.325,100,100432.5,0.777351,2.76,0
7466,11/11/2024 09:00,2559,po,25.87179487,11.32890842,1.825,100,100312.5,0.98455875,3.12,0
7467,11/11/2024 10:00,2394,po,21.18421053,11.0682,2.3,100,100145,1.1629,3.6,0.0875
7468,11/11/2024 11:00,2529,po,20.25641026,12.09492737,2.775,99.225,100025,0.6189928,2.88,0
7469,11/11/2024 12:00,2683,po,21.07692308,17.435355,2.85,98.8,99992.5,1.15939225,4.32,0
7470,11/11/2024 13:00,2926,po,25.1025641,16.07956316,2.7,98.725,99995,1.913935,5.04,0
7471,11/11/2024 14:00,2872,po,29.25641026,16.8739,2.733333333,98.63333333,99986.66667,1.557601,4.16,0
7472,11/11/2024 15:00,2838,po,31.92307692,18.40574,2.7,98.75,99982.5,1.13274075,3.36,0
7473,11/11/2024 16:00,2424,po,38.15384615,18.85013684,2.7,99.325,1.00E+05,0.66971725,2.64,0
7474,11/11/2024 17:00,1695,po,38.07894737,22.72246842,2.8,99.85,100005,1.0541215,3.36,0
7475,11/11/2024 18:00,995,po,37.4,20.383035,2.8,100,100002.5,1.115875,3.6,0.0875
7476,11/11/2024 19:00,702,po,34.28947368,17.94923158,2.8,100,1.00E+05,0.635367,3.12,0
7477,11/11/2024 20:00,378,po,33.12820513,16.33001579,2.85,100,100005,0.707130725,2.64,0
7478,11/11/2024 21:00,263,po,29.76923077,12.0934,2.55,99.475,100035,1.534775,5.04,0
7479,11/11/2024 22:00,148,po,31.47222222,13.85302222,2.425,97.625,100077.5,1.22482798,3.96,0
7480,11/11/2024 23:00,96,po,29.58974359,14.36807895,2.3,97.5,100103.3333,0.677478667,3.36,0
7481,12/11/2024 00:00,89,ut,33.8,14.97063,2.275,98.575,100125,1.70696175,4.56,0
7482,12/11/2024 01:00,121,ut,27.48717949,16.87835789,2.075,98.6,100162.5,1.29992175,5.04,0
7483,12/11/2024 02:00,133,ut,26.37837838,13.62238333,1.85,99.4,100200,0.70796075,3.12,0
7484,12/11/2024 03:00,456,ut,29.925,14.333625,1.875,99.625,100240,0.7001295,2.88,0
7485,12/11/2024 04:00,1806,ut,28.97368421,15.90356842,1.95,99.975,100270,1.6570073,4.44,0
7486,12/11/2024 05:00,2758,ut,22.4,16.576665,1.725,99.075,100332.5,3.55933,7.56,0
7487,12/11/2024 06:00,2975,ut,16.35897436,15.33757368,1.325,96.975,100470,4.02341,9.36,0
7488,12/11/2024 07:00,2798,ut,16.18421053,9.989047368,1.475,94.85,100527.5,2.20249,5.64,0
7489,12/11/2024 08:00,2798,ut,18.25641026,10.09561158,1.766666667,94.96666667,100523.3333,2.26974,6.56,0
7490,12/11/2024 09:00,2409,ut,19.84615385,11.31263368,1.825,95.025,100530,2.8126475,7.8,0
7491,12/11/2024 10:00,2597,ut,19.48717949,10.990129,2.25,92.1,100435,3.329385,8.4,0
7492,12/11/2024 11:00,2481,ut,16.61538462,10.60393684,2.825,90,100307.5,2.3320375,7.08,0
7493,12/11/2024 12:00,2664,ut,15.41025641,11.51680316,2.75,90.5,100270,2.8263625,8.04,0
7494,12/11/2024 13:00,3071,ut,13.13157895,13.72161053,2.575,92.025,100265,2.588015,9,0
7495,12/11/2024 14:00,3097,ut,12.475,13.188105,2.575,93.675,100330,2.7445825,7.2,0
7496,12/11/2024 15:00,2902,ut,19.82051282,18.70342105,2.375,96.925,100380,1.3655085,5.04,0
7497,12/11/2024 16:00,2379,ut,29.78947368,37.75813684,2.325,98,100427.5,1.17855375,4.68,0
7498,12/11/2024 17:00,1810,ut,28.3,33.72575,2.433333333,97.36666667,100446.6667,1.249702333,4.64,0
7499,12/11/2024 18:00,1179,ut,26.58974359,28.72984737,2.575,96.675,100422.5,0.35897495,2.04,0
7500,12/11/2024 19:00,787,ut,29.07894737,30.79729474,2.725,97.275,100372.5,0.58541025,2.52,0
7501,12/11/2024 20:00,416,ut,29.15384615,21.82560526,2.85,97.5,100355,1.590155,4.44,0
7502,12/11/2024 21:00,321,ut,36.1025641,15.52517368,2.8,98.4,100347.5,1.32091975,3.96,0
7503,12/11/2024 22:00,183,ut,38.19444444,14.86691111,2.825,98.6,100297.5,1.755405,4.56,0
7504,12/11/2024 23:00,85,ut,34.92105263,12.62896842,2.925,97.8,100265,0.72400425,3,0
7505,13/11/2024 00:00,70,st,30.15,11.22909,3.025,97.2,100235,1.599733,3.72,0
7506,13/11/2024 01:00,97,st,23.38461538,9.991210526,3.1,96.13333333,100200,0.905311333,3.36,0
7507,13/11/2024 02:00,135,st,20,9.47701,3.1,96.475,100152.5,1.23527175,3.72,0
7508,13/11/2024 03:00,498,st,17.69230769,8.844848421,3.125,97.075,100135,1.0671495,3.36,0
7509,13/11/2024 04:00,1854,st,20.2,12.227234,3.075,97.25,100107.5,0.8359325,3.24,0
7510,13/11/2024 05:00,2713,st,17.48717949,10.45754947,3.1,97.925,100105,0.406711875,1.92,0
7511,13/11/2024 06:00,2895,st,18.18421053,12.02923789,3.3,97.3,100087.5,1.024147,3,0
7512,13/11/2024 07:00,2918,st,19.25641026,13.42074,3.7,95.65,100037.5,1.06782175,3.6,0
7513,13/11/2024 08:00,2782,st,20.66666667,10.97395579,4.225,95.875,99955,0.659302,2.4,0.0875
7514,13/11/2024 09:00,2493,st,15.07692308,9.615588,4.5,96.25,99910,0.755266,2.64,0
7515,13/11/2024 10:00,2561,st,13.61538462,12.30626632,4.8,96.16666667,99836.66667,1.404436,4.16,0.116666667
7516,13/11/2024 11:00,2675,st,10.44736842,13.21181579,4.8,96.3,99742.5,2.1109125,5.76,0.175
7517,13/11/2024 12:00,2710,st,10.46153846,12.37250526,4.725,96.8,99722.5,1.37037825,4.92,0.2625
7518,13/11/2024 13:00,2980,st,7.342105263,12.33307895,4.875,96.65,99695,1.48497475,4.8,0.0875
7519,13/11/2024 14:00,2862,st,8.975,12.1711,4.75,98.425,99667.5,1.3786475,4.32,0
7520,13/11/2024 15:00,2913,st,10.17948718,13.42756842,4.6,98.9,99700,1.20696175,3.96,0
7521,13/11/2024 16:00,2557,st,12.56410256,13.256545,4.425,99.95,99735,1.0948345,3.12,0
7522,13/11/2024 17:00,1763,st,13.28205128,12.11105789,4.4,100,99755,0.50178925,2.52,0
7523,13/11/2024 18:00,1212,st,15.675,12.565355,4.45,100,99775,0.5140557,2.16,0
7524,13/11/2024 19:00,739,st,15.8974359,17.38677895,4.466666667,100,99780,0.295298667,1.92,0
7525,13/11/2024 20:00,481,st,20.34210526,16.98122632,4.425,100,99767.5,0.1931662,1.44,0.0875
7526,13/11/2024 21:00,312,st,18.87179487,15.16564737,4.4,100,99750,1.15759675,3.6,0
7527,13/11/2024 22:00,158,st,15.33333333,10.19334222,4.375,100,99750,0.62240975,2.76,0
7528,13/11/2024 23:00,113,st,17.28947368,11.81957895,4.5,99.9,99720,0.50158675,2.76,0
7529,14/11/2024 00:00,73,ct,15.8974359,10.45774632,4.55,99.925,99692.5,0.9286805,3.48,0
7530,14/11/2024 01:00,121,ct,22.94871795,9.677654737,4.4,100,99660,0.8920515,3.36,0
7531,14/11/2024 02:00,162,ct,16.42105263,9.947531579,3.475,100,99745,1.3270525,5.28,0
7532,14/11/2024 03:00,451,ct,14.46153846,10.96454,2.2,100,99947.5,1.29446375,3.96,0
7533,14/11/2024 04:00,1801,ct,13.48717949,12.52552,1.866666667,100,100080,1.176413,4.64,0
7534,14/11/2024 05:00,2685,ct,17.43589744,14.16883684,1.225,100,100165,0.77655275,3.24,0
7535,14/11/2024 06:00,2786,ct,27.10526316,17.69797368,0.35,100,100210,1.13019675,3.6,0
7536,14/11/2024 07:00,2848,ct,23.925,13.3990245,1.6,100,100035,1.49853,4.68,0
7537,14/11/2024 08:00,2741,ct,11.33333333,11.94540263,3.6,97.475,99740,1.068901,4.08,0
7538,14/11/2024 09:00,2426,ct,9.131578947,11.72766632,4.05,97.2,99542.5,1.64799075,4.68,0
7539,14/11/2024 10:00,2515,ct,12.725,11.708605,4.8,97.85,99355,1.23092075,4.68,0
7540,14/11/2024 11:00,2571,ct,20.78947368,17.22767778,4.85,98.5,99232.5,1.863375,5.76,0
7541,14/11/2024 12:00,2726,ct,18.3,14.41848,6.75,94.1,98955,0.74900175,3.12,0
7542,14/11/2024 13:00,2971,ct,12.60526316,8.791711579,7.266666667,93.1,98743.33333,1.74441,4.48,0
7543,14/11/2024 14:00,3014,ct,8.425,11.574321,7.675,93.875,98707.5,1.685,5.4,0
7544,14/11/2024 15:00,2924,ct,7.769230769,13.00291053,7.675,93.325,98707.5,2.47968,6.84,0
7545,14/11/2024 16:00,2552,ct,5.58974359,13.42361053,7.275,94.325,98785,2.8539025,8.4,0
7546,14/11/2024 17:00,1986,ct,5.5,12.65718947,7.3,93.475,98837.5,1.7965475,5.4,0
7547,14/11/2024 18:00,1233,ct,7.475,10.787904,8,88.9,98795,2.8776275,8.4,0
7548,14/11/2024 19:00,873,ct,4.641025641,8.587691579,8.95,83.525,98667.5,2.540135,8.52,0
7549,14/11/2024 20:00,501,ct,4.342105263,8.466702105,8.8,83.3,98642.5,1.7103475,5.76,0
7550,14/11/2024 21:00,378,ct,4.179487179,8.16573,8.775,84.55,98642.5,2.120055,6.48,0
7551,14/11/2024 22:00,212,ct,2.485714286,8.885956471,8.566666667,86.2,98690,2.269833333,6.56,0
7552,14/11/2024 23:00,141,ct,1.975,10.427618,8.575,82.825,98730,1.475764,5.28,0
7553,15/11/2024 00:00,112,pa,1.921052632,10.24709789,8.25,84.575,98765,1.09634,5.28,0
7554,15/11/2024 01:00,106,pa,3.125,10.225129,7.825,87.075,98830,0.535892,3,0
7555,15/11/2024 02:00,156,pa,5.282051282,11.54670053,8.125,82.95,98812.5,1.24514,5.52,0
7556,15/11/2024 03:00,476,pa,4.297297297,11.24493611,8.2,80.475,98817.5,1.3069585,5.4,0
7557,15/11/2024 04:00,1645,pa,7.1,14.835723,8,80.85,98827.5,0.86937525,4.68,0
7558,15/11/2024 05:00,2589,pa,6.179487179,15.34885474,7.725,81.475,98902.5,1.244798,6.12,0
7559,15/11/2024 06:00,2754,pa,4.974358974,24.810485,6,90.65,99157.5,0.38675225,2.16,0
7560,15/11/2024 07:00,2827,pa,7.842105263,22.7298,6.525,89.325,99232.5,0.77071275,2.88,0
7561,15/11/2024 08:00,2734,pa,13.43589744,29.42110526,8.066666667,86.43333333,99050,0.269936,1.92,0
7562,15/11/2024 09:00,2701,pa,11.97435897,8.988295263,9.375,75.375,98822.5,1.764105,6.48,0
7563,15/11/2024 10:00,2684,pa,11.28205128,7.159563,9.575,72.2,98677.5,3.06695,9,0
7564,15/11/2024 11:00,3031,pa,12.61538462,9.520114737,9.6,74.075,98602.5,2.5324,8.16,0
7565,15/11/2024 12:00,3005,pa,11.75,7.267894,9.575,72.55,98602.5,2.2463775,7.08,0
7566,15/11/2024 13:00,3060,pa,11.42105263,14.31550778,9.35,72.875,98617.5,2.172265,7.92,0
7567,15/11/2024 14:00,2859,pa,10.13157895,27.83962105,8.1,76.475,98885,0.886258,3.48,0
7568,15/11/2024 15:00,3010,pa,10.32432432,35.49812353,7.325,79.325,99085,0.5010635,2.76,0
7569,15/11/2024 16:00,2951,pa,20.64102564,28.46072632,4.9,89.6,99442.5,0.8114485,3.12,0
7570,15/11/2024 17:00,2161,pa,18.47368421,34.89935263,3.6,92.8,99715,2.5202875,5.16,0
7571,15/11/2024 18:00,1380,pa,16.975,29.442845,3.066666667,93.93333333,99843.33333,2.942453333,6.4,0
7572,15/11/2024 19:00,915,pa,19.65789474,19.66967368,2.5,95.8,99930,2.51265,6.36,0
7573,15/11/2024 20:00,719,pa,19.41025641,16.848515,1.975,97.05,100022.5,2.456155,6.36,0
7574,15/11/2024 21:00,659,pa,18.92105263,17.55079444,1.025,98.525,100110,1.817535,4.68,0
7575,15/11/2024 22:00,408,pa,27.84210526,28.75223158,0.366666667,99.76666667,100256.6667,0.250044667,1.76,0
7576,15/11/2024 23:00,208,pa,24.67567568,25.72348421,0.25,100,100245,0.2641293,1.68,0
7577,16/11/2024 00:00,140,so,33.675,26.712975,1.025,99.85,100047.5,0.294558988,1.68,0
7578,16/11/2024 01:00,132,so,27,19.90271579,1.45,99.475,99890,0.10942581,1.08,0
7579,16/11/2024 02:00,153,so,36.61538462,20.08027368,1.833333333,99.03333333,99786.66667,0.452534333,2.72,0
7580,16/11/2024 03:00,278,so,36,20.83922632,2.225,98.875,99652.5,0.36347975,2.28,0
7581,16/11/2024 04:00,641,so,38.02631579,15.38035789,2.45,98.6,99562.5,0.9455005,3.84,0
7582,16/11/2024 05:00,860,so,35.975,16.06666,2.65,98,99522.5,0.201350525,1.56,0
7583,16/11/2024 06:00,1396,so,38.57894737,14.67026316,2.975,97.675,99477.5,0.268833525,1.92,0
7584,16/11/2024 07:00,1648,so,41.225,15.38018,3.85,96.225,99362.5,0.02460265,0.72,0
7585,16/11/2024 08:00,2187,so,29.44736842,20.05668842,5.225,90.875,99142.5,0.053168398,0.84,0
7586,16/11/2024 09:00,2323,so,9.384615385,8.769976316,6.3,83.375,98847.5,1.089766,5.16,0
7587,16/11/2024 10:00,2207,so,7.102564103,4.121643158,7.075,77.25,98597.5,4.1661025,12.72,0
7588,16/11/2024 11:00,2495,so,10.52631579,4.3303525,7.6,73.43333333,98390,3.932093333,12.32,0
7589,16/11/2024 12:00,2478,so,11.20512821,4.632060526,8.425,71.775,98155,4.062995,11.16,0
7590,16/11/2024 13:00,2453,so,11.41025641,4.400964737,10.1,67.4,97767.5,3.640805,9.96,0
7591,16/11/2024 14:00,2534,so,13.23684211,6.433426316,8.35,74.075,97947.5,3.2793825,9.6,0
7592,16/11/2024 15:00,2576,so,32.8974359,13.59585474,6.35,84.25,98297.5,0.4098785,2.88,0
7593,16/11/2024 16:00,2389,so,22.575,18.1892,3.675,93.35,98725,0.99709275,3.48,0
7594,16/11/2024 17:00,1912,so,27.60526316,21.03464737,2.55,96.575,98987.5,0.430725325,2.16,0
7595,16/11/2024 18:00,1270,so,29.25641026,16.863715,2.025,97.4,99090,0.99245175,3.6,0
7596,16/11/2024 19:00,959,so,35.51282051,15.97264211,1.425,98.625,99170,0.44083825,2.28,0
7597,16/11/2024 20:00,542,so,38.64102564,21.53026316,1.366666667,98.93333333,99136.66667,0.2148546,2.4,0
7598,16/11/2024 21:00,453,so,41.07894737,15.51480526,1.15,99.275,99067.5,0.5648625,3,0
7599,16/11/2024 22:00,350,so,34.5,13.22833053,0.975,99.775,99107.5,0.5248965,2.16,0
7600,16/11/2024 23:00,237,so,30.35,10.665264,1.725,98.625,98962.5,0.6168575,2.4,0
7601,17/11/2024 00:00,178,ne,20.55263158,7.331591579,3.275,93.05,98725,0.6232295,3.36,0
7602,17/11/2024 01:00,124,ne,18.025,7.820246,3.95,88.225,98512.5,1.9581225,5.52,0
7603,17/11/2024 02:00,96,ne,15.41025641,6.542540526,4.075,84.8,98375,1.4030315,5.04,0
7604,17/11/2024 03:00,192,ne,24.73684211,5.930894737,4.325,81.6,98277.5,1.67508925,6.36,0
7605,17/11/2024 04:00,362,ne,15.69230769,6.922238421,4.475,81.825,98142.5,2.6176075,8.04,0
7606,17/11/2024 05:00,491,ne,12.6,7.8892845,4.766666667,82.4,98043.33333,4.008486667,10.72,0
7607,17/11/2024 06:00,604,ne,12.74358974,8.017359474,4.8,84.1,97990,4.4235175,10.92,0
7608,17/11/2024 07:00,878,ne,12.42105263,8.053618421,5.55,82.05,97882.5,5.4428475,13.2,0
7609,17/11/2024 08:00,1339,ne,9.230769231,7.671203158,6.425,80,97700,5.147125,13.32,0
7610,17/11/2024 09:00,1654,ne,12.02564103,8.559643684,7.1,79.525,97540,6.3384775,14.64,0
7611,17/11/2024 10:00,1726,ne,11.12820513,9.907161,7.35,79.625,97435,6.520635,15.36,0
7612,17/11/2024 11:00,2129,ne,8,11.32207579,7.025,81.675,97470,6.314245,17.52,0
7613,17/11/2024 12:00,2206,ne,6.846153846,11.36171684,7.025,82.325,97462.5,4.977285,12,0
7614,17/11/2024 13:00,2314,ne,5.256410256,9.770409474,6.9,81.15,97427.5,5.268415,13.08,0
7615,17/11/2024 14:00,2399,ne,4.05,11.552711,6.3,84.63333333,97530,5.021166667,14.24,0
7616,17/11/2024 15:00,2397,ne,3.842105263,13.06372632,5.875,85.95,97635,4.6752075,12.12,0
7617,17/11/2024 16:00,2210,ne,3.307692308,13.36826842,5.8,85.175,97670,4.2129925,10.8,0
7618,17/11/2024 17:00,1724,ne,2.375,11.111212,5.575,87.2,97697.5,4.1830125,10.44,0
7619,17/11/2024 18:00,1114,ne,2.842105263,10.43206632,5.625,87.625,97730,4.2838225,11.16,0
7620,17/11/2024 19:00,773,ne,5.333333333,9.189550526,5.525,87.675,97770,2.62434,7.08,0
7621,17/11/2024 20:00,457,ne,5.65,9.841498,5.15,89.925,97865,2.9146,8.16,0
7622,17/11/2024 21:00,279,ne,3.684210526,7.332970526,5.35,88.075,97865,2.24093,7.08,0
7623,17/11/2024 22:00,170,ne,3.078947368,5.963754737,5.733333333,83.13333333,97810,2.374066667,6.24,0
7624,17/11/2024 23:00,128,ne,3.315789474,7.481468333,4.7,84.475,97920,2.51279,8.4,0
7625,18/11/2024 00:00,160,po,3.1,11.58221,3.333333333,90.96666667,98150,1.806063333,4.96,0
7626,18/11/2024 01:00,183,po,4.763157895,10.23667579,3.05,90.225,98282.5,2.38735,6.84,0
7627,18/11/2024 02:00,227,po,5.325,7.99884,3.1,87.85,98277.5,2.466045,7.8,0
7628,18/11/2024 03:00,607,po,10.68421053,8.983316667,4.025,83.55,98025,3.39798,10.8,0
7629,18/11/2024 04:00,2011,po,4.026315789,11.23878842,4.025,87.275,97950,2.76235,8.88,0
7630,18/11/2024 05:00,2629,po,3.65,18.222725,3.55,94.15,97877.5,3.33162,9.48,1.1375
7631,18/11/2024 06:00,2690,po,3.717948718,17.87902105,3.2,96.96666667,97880,3.21744,7.36,0.233333333
7632,18/11/2024 07:00,2730,po,4.45,21.77739,4.125,95.675,97865,2.4237825,7.56,0.0875
7633,18/11/2024 08:00,2648,po,1.815789474,15.48809211,6.133333333,84.43333333,97733.33333,4.09777,13.76,0
7634,18/11/2024 09:00,2534,po,0.769230769,5.561431053,8.625,71.15,97277.5,4.3486975,13.2,0
7635,18/11/2024 10:00,2538,po,3.384615385,7.037696842,6.55,76.275,97387.5,4.83751,14.4,0
7636,18/11/2024 11:00,2551,po,1.236842105,7.988966842,6.45,76.075,97507.5,3.6830825,10.8,0.0875
7637,18/11/2024 12:00,2689,po,1.846153846,7.981228947,6.65,74.2,97492.5,3.8265725,13.2,0
7638,18/11/2024 13:00,2830,po,1.25,9.4697455,6.2,72.925,97610,4.251535,16.2,0
7639,18/11/2024 14:00,2990,po,1.615384615,10.68942842,5.65,71.775,97785,4.3614775,12,0
7640,18/11/2024 15:00,2692,po,1.578947368,13.01760632,5,74.125,97997.5,3.6396925,12.96,0
7641,18/11/2024 16:00,2289,po,3.025641026,15.74557368,4.275,75.375,98200,2.1772175,8.28,0
7642,18/11/2024 17:00,1589,po,9.763157895,14.01564737,1.875,85.925,98520,2.059055,6,0
7643,18/11/2024 18:00,1038,po,9.461538462,13.36128,1.833333333,88.36666667,98696.66667,0.831707,3.04,0
7644,18/11/2024 19:00,686,po,6.384615385,15.43595789,1.275,92.625,98767.5,0.62303875,2.76,0
7645,18/11/2024 20:00,435,po,8.725,14.950305,1.175,95.375,98827.5,0.5426745,2.88,0
7646,18/11/2024 21:00,338,po,8.736842105,15.77677222,1.3,95.55,98860,0.586193625,2.76,0
7647,18/11/2024 22:00,157,po,17.42857143,15.12760588,0.733333333,97.3,98903.33333,0.641009333,3.04,0
7648,18/11/2024 23:00,112,po,11.51282051,12.90988947,0.85,97.75,98810,0.12539075,1.56,0
7649,19/11/2024 00:00,88,ut,14.84615385,11.13789474,1.3,97.3,98645,0.451255,2.88,0
7650,19/11/2024 01:00,109,ut,10.44736842,13.36384211,1.6,96.875,98480,0.77383675,2.64,0
7651,19/11/2024 02:00,157,ut,15.23076923,25.56599474,1.466666667,96.83333333,98363.33333,0.837932,3.2,0
7652,19/11/2024 03:00,474,ut,16.23684211,28.838875,1.575,96.325,98235,0.34630275,2.04,0
7653,19/11/2024 04:00,1762,ut,17.86842105,28.21305789,1.525,98.025,98087.5,1.07466775,4.2,0.2625
7654,19/11/2024 05:00,2630,ut,17.75,27.626035,1.425,99.825,97955,0.93108675,3.24,0.4375
7655,19/11/2024 06:00,2906,ut,16,32.63847222,1.425,100,97837.5,0.43767375,2.52,0.35
7656,19/11/2024 07:00,2893,ut,21.46153846,34.79847,1.7,100,97687.5,0.38324025,1.92,0.0875
7657,19/11/2024 08:00,2569,ut,18.97435897,34.29834737,1.975,100,97517.5,0.54566575,2.76,0
7658,19/11/2024 09:00,2546,ut,24.25641026,33.94838,2.45,99.925,97317.5,0.69065475,3.24,0
7659,19/11/2024 10:00,2522,ut,34.63157895,33.76213889,3.375,99.15,97050,0.590347,2.76,0.0875
7660,19/11/2024 11:00,2526,ut,31.44736842,30.47069474,4.866666667,98.56666667,96776.66667,0.660292667,2.88,0
7661,19/11/2024 12:00,2831,ut,9.375,9.8314335,7.6,94.35,96317.5,2.23987,8.16,0
7662,19/11/2024 13:00,2889,ut,1.564102564,4.445044211,10.75,83.575,95737.5,7.2088825,19.92,0
7663,19/11/2024 14:00,3026,ut,2.615384615,4.291338947,10.95,81.9,95477.5,6.8759225,17.16,0
7664,19/11/2024 15:00,2764,ut,4.135135135,6.893638889,10.825,82.325,95342.5,6.8812875,20.16,0
7665,19/11/2024 16:00,2309,ut,3.575,7.63901,11.075,80.225,95200,8.971985,22.32,0
7666,19/11/2024 17:00,1754,ut,1.692307692,4.735118421,11.5,77.525,95022.5,13.559275,29.76,0
7667,19/11/2024 18:00,1128,ut,2.075,5.251141,11.275,78.65,94947.5,8.25649,23.4,0
7668,19/11/2024 19:00,694,ut,2.540540541,4.673014444,11.15,79.55,94887.5,6.8434475,19.2,0
7669,19/11/2024 20:00,408,ut,2.051282051,6.147245789,10.8,81.96666667,94853.33333,5.774706667,16.64,0
7670,19/11/2024 21:00,344,ut,2.075,11.3121905,10.575,84,94865,4.19228,12,0
7671,19/11/2024 22:00,168,ut,0.861111111,13.49398389,7.875,88.75,95240,4.952625,15.24,0.4375
7672,19/11/2024 23:00,108,ut,0.325,6.340184,5.3,81.65,95717.5,5.6434175,17.64,0
7673,20/11/2024 00:00,91,st,0.153846154,6.991341579,4.35,79.575,95952.5,3.6066,10.92,0
7674,20/11/2024 01:00,115,st,0.692307692,10.36250632,3.65,80.025,96177.5,6.0091675,16.44,0
7675,20/11/2024 02:00,163,st,2.105263158,12.85560526,2.875,85.825,96385,6.825635,17.88,0
7676,20/11/2024 03:00,458,st,2.775,13.76462,2.7,86.15,96597.5,6.0246425,16.68,0
7677,20/11/2024 04:00,1743,st,2.41025641,9.67574,2.95,80.45,96767.5,4.96629,13.8,0
7678,20/11/2024 05:00,2687,st,1.621621622,10.21797222,3.266666667,75.9,96843.33333,4.298833333,13.12,0
7679,20/11/2024 06:00,2937,st,1.666666667,10.13284895,3.4,73.525,96930,5.4270825,14.76,0
7680,20/11/2024 07:00,2854,st,1.974358974,10.27911737,3.55,70.075,96972.5,2.9108125,9,0
7681,20/11/2024 08:00,2795,st,2.15,8.7092805,3.875,71.075,96950,3.436655,11.88,0
7682,20/11/2024 09:00,2538,st,2,7.504293684,4.55,67.025,96860,3.2618375,12.36,0
7683,20/11/2024 10:00,2525,st,1.75,6.695722,5.275,62.7,96705,4.05699,12.6,0
7684,20/11/2024 11:00,2501,st,1.282051282,7.498138421,6.9,59.2,96462.5,5.344625,14.76,0
7685,20/11/2024 12:00,2715,st,1.289473684,9.207179474,5.65,66.925,96500,5.6666025,19.32,0
7686,20/11/2024 13:00,1995,st,3.384615385,17.74389474,4.45,79.425,96652.5,4.2507125,12.12,0
7687,20/11/2024 14:00,3072,st,3.65,20.34149,4.075,80.75,96862.5,3.51811,9.84,0
7688,20/11/2024 15:00,2986,st,2.820512821,11.90594842,4.6,71.73333333,96836.66667,4.190576667,13.12,0
7689,20/11/2024 16:00,2539,st,4.5,10.31696842,4.375,69.775,96882.5,4.264165,12.48,0
7690,20/11/2024 17:00,1820,st,1.871794872,16.73458211,4.05,73.175,96977.5,3.73354,12.24,0.0875
7691,20/11/2024 18:00,1119,st,1.820512821,10.89828105,3.775,70.45,97072.5,7.03692,18.24,0
7692,20/11/2024 19:00,772,st,1.974358974,10.2403585,3.625,71.775,97125,3.013685,10.68,0
7693,20/11/2024 20:00,486,st,2.256410256,11.60601474,3.1,74.925,97175,3.472315,10.08,0
7694,20/11/2024 21:00,277,st,4.35,19.282455,2.375,87.45,97265,4.26046,11.4,0
7695,20/11/2024 22:00,152,st,6.060606061,18.575,2.3,90.8,97340,3.342933333,8.48,0
7696,20/11/2024 23:00,96,st,4.769230769,17.34176,2.266666667,90.3,97396.66667,2.82723,12.96,0
7697,21/11/2024 00:00,75,ct,1.923076923,17.56253158,1.725,94.975,97477.5,3.917675,11.28,0.0875
7698,21/11/2024 01:00,105,ct,1.538461538,11.65777737,2.125,86.725,97542.5,3.409385,12.6,0
7699,21/11/2024 02:00,136,ct,2.102564103,10.3520625,1.925,84.3,97580,3.51066,12.96,0
7700,21/11/2024 03:00,454,ct,2.105263158,8.093473889,2.2,78.625,97590,2.7219025,9.48,0
7701,21/11/2024 04:00,1788,ct,2.525,7.514762,2.225,74.825,97615,3.1890675,10.68,0
7702,21/11/2024 05:00,2748,ct,2,10.02597,1.375,75.25,97742.5,3.8073275,11.16,0
7703,21/11/2024 06:00,2672,ct,2.333333333,15.2154,0.45,76.15,98000,2.9671325,9.12,0
7704,21/11/2024 07:00,2969,ct,2.868421053,17.62781667,2.7,71.1,97905,3.0072925,7.8,0
7705,21/11/2024 08:00,2705,ct,6.225,12.502774,2.633333333,76.06666667,97710,3.246766667,8.64,0
7706,21/11/2024 09:00,2433,ct,3.973684211,13.62297263,2.75,77,97547.5,4.2247425,10.68,0.0875
7707,21/11/2024 10:00,2552,ct,4.974358974,10.6395745,3.525,75.45,97265,4.6101475,11.4,0
7708,21/11/2024 11:00,2599,ct,2.358974359,9.174187368,3.575,73.65,97085,5.299815,13.92,0
7709,21/11/2024 12:00,2718,ct,2.526315789,8.029312222,4.275,67.8,96935,4.98167,15.24,0
7710,21/11/2024 13:00,2938,ct,2.282051282,11.378983,3.65,72.1,96887.5,4.0762625,11.88,0
7711,21/11/2024 14:00,2992,ct,3.769230769,14.57717368,2.9,80.1,96912.5,3.27886,9.48,0
7712,21/11/2024 15:00,2860,ct,3.974358974,12.72238,2.825,80.4,96847.5,2.7795675,8.16,0
7713,21/11/2024 16:00,2357,ct,12.61538462,13.85096316,1.8,84.025,96935,2.21247,6.72,0
7714,21/11/2024 17:00,2009,ct,7.210526316,16.87722632,0.733333333,88.06666667,97116.66667,1.801276667,5.44,0
7715,21/11/2024 18:00,1116,ct,8.368421053,16.72006316,0.725,86.775,97120,2.02404075,5.88,0
7716,21/11/2024 19:00,875,ct,11.1025641,19.89477895,0.175,89.65,97200,0.2710515,2.04,0
7717,21/11/2024 20:00,611,ct,12.275,17.81885,-0.575,93.525,97302.5,0.380883975,2.16,0
7718,21/11/2024 21:00,423,ct,16.13157895,15.91547895,-1.15,95.85,97375,0.40471245,2.28,0
7719,21/11/2024 22:00,202,ct,14.72972973,16.88646111,-1.433333333,96.56666667,97416.66667,0.459849333,2.56,0
7720,21/11/2024 23:00,121,ct,18.18421053,14.23046111,-1.7,96.8,97450,0.7273372,3.12,0
7721,22/11/2024 00:00,98,pa,10.87179487,12.82405,-2.15,96.95,97527.5,1.201048,3.72,0
7722,22/11/2024 01:00,100,pa,8.153846154,11.42716105,-2.566666667,97.6,97673.33333,0.912986,3.52,0
7723,22/11/2024 02:00,147,pa,7.025,14.961265,-2.45,94.5,97760,0.84066725,3.12,0
7724,22/11/2024 03:00,431,pa,6.131578947,14.15983895,-2.25,90.75,97815,1.785902,5.76,0
7725,22/11/2024 04:00,1672,pa,5.769230769,9.654173684,-1.25,85.7,97790,2.997915,7.8,0
7726,22/11/2024 05:00,2553,pa,4.421052632,12.88047895,-0.175,82.725,97712.5,1.7986625,5.76,0
7727,22/11/2024 06:00,2819,pa,3.789473684,12.97045789,0.625,80.85,97635,2.5891625,7.8,0
7728,22/11/2024 07:00,2769,pa,4.85,13.616415,0.375,84.1,97690,3.49336,10.08,0
7729,22/11/2024 08:00,2587,pa,7.692307692,17.48978947,0.625,86,97737.5,3.63434,10.2,0
7730,22/11/2024 09:00,2578,pa,8.236842105,14.57976316,1.833333333,80.56666667,97646.66667,3.758893333,10.4,0
7731,22/11/2024 10:00,2671,pa,5.58974359,11.56803368,3.825,75.225,97437.5,4.02396,10.44,0
7732,22/11/2024 11:00,2773,pa,5.55,11.859959,3.375,75.6,97270,4.244855,10.56,0
7733,22/11/2024 12:00,2862,pa,5.105263158,16.25289474,2.575,78.9,97400,3.847935,10.08,0
7734,22/11/2024 13:00,3190,pa,6.282051282,17.45283684,2.2,82.45,97545,3.798125,10.68,0
7735,22/11/2024 14:00,3061,pa,6.205128205,15.36780526,2.35,80.65,97660,3.1657525,9.36,0
7736,22/11/2024 15:00,3044,pa,3.179487179,10.55091474,2.925,70.45,97712.5,5.1724125,16.2,0
7737,22/11/2024 16:00,2588,pa,4.625,11.896322,2.5,73.225,97840,2.96852,9.6,0
7738,22/11/2024 17:00,1854,pa,7.473684211,13.65044211,1.8,77.175,98072.5,2.4161825,7.08,0
7739,22/11/2024 18:00,1331,pa,5.45,12.495191,2.066666667,76.53333333,98050,3.87668,11.04,0
7740,22/11/2024 19:00,1060,pa,4.307692308,11.58908526,1.775,77.25,98150,3.14444,9,0
7741,22/11/2024 20:00,616,pa,6.948717949,11.58058,2.2,76.775,98145,5.041085,12.24,0
7742,22/11/2024 21:00,434,pa,3.666666667,14.94156316,2.075,81.1,98117.5,4.8902725,11.28,0
7743,22/11/2024 22:00,216,pa,9.837837838,16.1224,1.566666667,90.1,98213.33333,5.35612,13.12,0
7744,22/11/2024 23:00,138,pa,3.815789474,18.39691579,1.3,95.25,98317.5,5.172605,14.28,0
7745,23/11/2024 00:00,153,so,1.538461538,15.13545,2.375,90.775,98402.5,4.0086225,12.48,0.0875
7746,23/11/2024 01:00,166,so,2.205128205,8.361960526,2.1,78.8,98732.5,5.09452,15.36,0
7747,23/11/2024 02:00,157,so,3.513513514,6.680642778,1.025,70.575,99165,3.382305,11.16,0
7748,23/11/2024 03:00,245,so,1.230769231,8.155478,0.733333333,67.3,99420,3.91717,10.72,0
7749,23/11/2024 04:00,634,so,1.769230769,10.62899474,0.825,69.45,99622.5,2.5156275,8.64,0
7750,23/11/2024 05:00,824,so,2.975,12.2471,0.75,72.375,99632.5,2.92672,10.8,0
7751,23/11/2024 06:00,1098,so,5.432432432,15.88234211,0.225,78.15,99832.5,2.2163275,7.08,0
7752,23/11/2024 07:00,1577,so,16.17948718,13.50517368,2.875,70.525,99727.5,2.7756,9,0.0875
7753,23/11/2024 08:00,1803,so,3.820512821,7.751172632,5.55,61.875,99275,3.6745275,10.68,0
7754,23/11/2024 09:00,2114,so,5.41025641,9.6298605,6.35,62.425,99017.5,4.304245,11.28,0
7755,23/11/2024 10:00,2167,so,5.846153846,7.126318421,8.2,57.925,98680,4.522565,11.88,0
7756,23/11/2024 11:00,2113,so,3.081081081,5.639670556,8.175,60.7,98507.5,5.84352,15.12,0
7757,23/11/2024 12:00,2398,so,3.5,8.608957,7.633333333,61.76666667,98423.33333,6.813426667,15.84,0
7758,23/11/2024 13:00,2372,so,5.435897436,10.98146,6.325,63.7,98655,7.41248,16.44,0
7759,23/11/2024 14:00,2497,so,5.153846154,12.353176,4.45,67.725,99087.5,5.149445,16.92,0
7760,23/11/2024 15:00,2392,so,6.897435897,19.84315789,2.675,75.475,99490,2.6135575,7.2,0
7761,23/11/2024 16:00,2276,so,17.41025641,22.07052632,1.925,79.5,99760,0.97001775,4.8,0
7762,23/11/2024 17:00,1746,so,5.594594595,14.49491053,2.075,80.325,99727.5,1.35629825,4.92,0
7763,23/11/2024 18:00,1176,so,11.30769231,13.50061053,2.725,78.75,99625,1.52816375,7.08,0
7764,23/11/2024 19:00,768,so,7.575,12.669375,3.35,76.5,99392.5,7.083995,13.68,0
7765,23/11/2024 20:00,504,so,8.256410256,12.63590526,3.133333333,76.23333333,99346.66667,7.64589,14.56,0
7766,23/11/2024 21:00,407,so,7.461538462,12.3136,3.125,74.725,99290,2.940545,7.92,0
7767,23/11/2024 22:00,247,so,10.02777778,12.26198706,2.675,78.35,99285,1.352923,5.4,0
7768,23/11/2024 23:00,225,so,18.375,20.904905,1.95,84.525,99337.5,1.25703575,4.92,0
7769,24/11/2024 00:00,170,ne,20.10526316,23.46086842,1.775,86.475,99280,1.66851775,5.28,0
7770,24/11/2024 01:00,123,ne,20.6,27.918405,1.625,91.925,99307.5,1.68472925,5.28,0.0875
7771,24/11/2024 02:00,66,ne,19.02631579,36.16861579,1.4,95.575,99280,0.895722,3,0.2625
7772,24/11/2024 03:00,143,ne,18.31578947,34.36321111,1.45,97.225,99260,0.322286,2.04,0.2625
7773,24/11/2024 04:00,455,ne,15.475,27.22138,1.65,98.5,99230,0.105503925,1.44,0.2625
7774,24/11/2024 05:00,523,ne,17.39473684,39.04273684,1.833333333,99.1,99190,0.304303,2.08,0.233333333
7775,24/11/2024 06:00,571,ne,17.85,30.46317,1.975,99.125,99195,0.47615925,3,0
7776,24/11/2024 07:00,881,ne,22.94736842,33.85947222,2.3,99.025,99200,0.82905075,4.08,0
7777,24/11/2024 08:00,1192,ne,20.75,21.773275,2.75,97.975,99157.5,1.56363425,4.92,0
7778,24/11/2024 09:00,1515,ne,21.94736842,23.92048947,3.625,95.7,99065,0.8274795,3.36,0
7779,24/11/2024 10:00,1746,ne,21.6,21.781525,4.9,92.75,98877.5,0.91049075,3.72,0
7780,24/11/2024 11:00,1983,ne,16.17948718,15.18534737,6.375,89.625,98645,1.34754,4.92,0
7781,24/11/2024 12:00,2387,ne,13.02702703,11.38616105,7.2,85.375,98460,0.80394675,3,0
7782,24/11/2024 13:00,2305,ne,13.20512821,14.33317895,7.575,83.8,98360,1.034492,4.44,0
7783,24/11/2024 14:00,2378,ne,17.15789474,25.62317895,6.633333333,89.36666667,98516.66667,0.283741333,2.24,0
7784,24/11/2024 15:00,2369,ne,22.1,25.46842,4.866666667,96.8,98826.66667,0.827155,3.36,0
7785,24/11/2024 16:00,2176,ne,22.05128205,27.85266316,3.5,98.575,99135,0.67803375,3.36,0
7786,24/11/2024 17:00,1748,ne,24.66666667,28.55684737,3.275,98.525,99262.5,1.158714,4.44,0
7787,24/11/2024 18:00,1131,ne,28.39473684,21.91155263,3.6,98.05,99242.5,0.74862025,3.24,0
7788,24/11/2024 19:00,735,ne,32.175,18.955215,3.35,99.1,99287.5,0.125054075,1.08,0
7789,24/11/2024 20:00,513,ne,29.71794872,31.11960526,2.9,99.975,99370,0.39001875,1.92,0
7790,24/11/2024 21:00,344,ne,23.94736842,16.90308947,2.075,100,99477.5,0.756125475,3.12,0
7791,24/11/2024 22:00,182,ne,28.67567568,20.97837778,1.8,100,99546.66667,1.280101,3.36,0
7792,24/11/2024 23:00,132,ne,28.33333333,17.65805789,1.333333333,100,99593.33333,0.787242667,3.52,0
7793,25/11/2024 00:00,133,po,26.7,16.558285,0.95,100,99600,0.5984955,2.76,0
7794,25/11/2024 01:00,150,po,24.92105263,13.40753684,0.35,100,99660,0.39099225,2.16,0
7795,25/11/2024 02:00,216,po,23.43589744,12.23810526,0.025,100,99715,0.147527475,1.44,0
7796,25/11/2024 03:00,612,po,27.97297297,11.54079053,-0.225,100,99725,0.113152275,1.2,0
7797,25/11/2024 04:00,2016,po,27.12820513,15.077735,-0.3,100,99710,0,0,0
7798,25/11/2024 05:00,2750,po,31.53846154,13.83495263,-0.325,100,99642.5,0,0,0
7799,25/11/2024 06:00,2873,po,38.10526316,13.13630105,-0.3,100,99667.5,0.40117925,2.4,0
7800,25/11/2024 07:00,3077,po,37.44736842,10.77285895,0.033333333,100,99603.33333,0.344393,2.88,0
7801,25/11/2024 08:00,2786,po,42.73684211,11.53302889,0.775,100,99502.5,0.66156225,3,0.0875
7802,25/11/2024 09:00,2567,po,38.43589744,11.62716632,1.725,100,99257.5,0.75713725,3.48,0
7803,25/11/2024 10:00,2461,po,39.23076923,12.24291474,5.925,90.275,98775,0.49825075,2.52,0
7804,25/11/2024 11:00,2400,po,31.46153846,6.701426,6.4,86.95,98325,1.51287,4.92,0
7805,25/11/2024 12:00,2575,po,30.12820513,8.244389474,7.35,83.05,98100,2.5428525,6.6,0
7806,25/11/2024 13:00,2906,po,34.58974359,11.69172579,5.45,89.375,98202.5,2.18103,6,0
7807,25/11/2024 14:00,2921,po,36.48717949,19.35646316,4.125,95,98455,1.7828025,5.52,0
7808,25/11/2024 15:00,2820,po,43.31578947,19.98622105,2.8,98.675,98765,3.1546075,7.08,0
7809,25/11/2024 16:00,2405,po,49.35,21.82391,2,99.86666667,98873.33333,1.98223,5.6,0
7810,25/11/2024 17:00,1583,po,58.33333333,19.34600526,1.45,100,99005,1.4778515,4.2,0
7811,25/11/2024 18:00,1027,po,53.1025641,18.99627,0.85,100,99120,1.2404975,4.44,0
7812,25/11/2024 19:00,587,po,50.33333333,19.13867368,0.375,100,99205,0.481035,2.76,0
7813,25/11/2024 20:00,360,po,42.74358974,15.559165,0.025,100,99252.5,0.5945195,2.88,0
7814,25/11/2024 21:00,301,po,43.97435897,14.90634211,-0.275,100,99315,1.136423,4.32,0
7815,25/11/2024 22:00,143,po,45.5,15.23055294,-0.333333333,100,99380,0.630612,3.36,0
7816,25/11/2024 23:00,101,po,41.30769231,14.073615,0.05,100,99362.5,1.024334,3.12,0
7817,26/11/2024 00:00,52,ut,34.58974359,12.73772632,0.375,100,99285,0.614689,2.4,0
7818,26/11/2024 01:00,126,ut,37.775,13.096035,0.7,100,99286.66667,0.721304,2.72,0
7819,26/11/2024 02:00,141,ut,33.64864865,13.01066667,1.025,100,99237.5,0.51755525,2.52,0
7820,26/11/2024 03:00,517,ut,37.15,13.79449,1.825,100,99155,0.95109175,3.96,0
7821,26/11/2024 04:00,1718,ut,41.52631579,14.61483684,2.325,100,99047.5,1.28443525,3.96,0
7822,26/11/2024 05:00,2744,ut,38.025,15.052345,2.6,99.925,99030,1.0828415,3.6,0
7823,26/11/2024 06:00,2784,ut,38.05128205,18.43570526,2.75,99.475,99047.5,0.7045025,2.76,0.35
7824,26/11/2024 07:00,2698,ut,41.74358974,23.81000526,2.95,99.225,99085,0.77272575,3.6,0.175
7825,26/11/2024 08:00,2618,ut,46.05128205,17.447455,3.25,99.275,99110,0.50349525,2.28,0
7826,26/11/2024 09:00,2490,ut,44.13157895,17.25811111,3.733333333,99.03333333,99106.66667,1.891311,4.48,0.35
7827,26/11/2024 10:00,2629,ut,36.8,13.5132445,5.6,97.175,98852.5,2.1613575,5.28,0
7828,26/11/2024 11:00,2230,ut,37.75757576,8.321962857,10.65,82.65,98300,2.17814,6.24,0
7829,26/11/2024 12:00,2512,ut,48.25641026,17.15642684,9.325,84.9,97997.5,1.74413,5.28,0
7830,26/11/2024 13:00,2647,ut,46.8,31.083345,8.875,85.475,98130,1.242996,4.8,0
7831,26/11/2024 14:00,2299,ut,56.43589744,32.76313158,6.425,95.625,98605,1.07452375,3.6,0
7832,26/11/2024 15:00,2795,ut,55.25641026,31.70477,5.275,98.9,98907.5,0.33548995,1.92,0
7833,26/11/2024 16:00,2408,ut,56.64102564,26.64532632,4.8,99.725,99060,0.75473805,2.88,0
7834,26/11/2024 17:00,1780,ut,64.275,24.637405,4.75,99.85,99130,0.82650125,4.08,0
7835,26/11/2024 18:00,971,ut,55.63157895,21.78636842,4.3,100,99192.5,0.916084,3.84,0
7836,26/11/2024 19:00,631,ut,52.82051282,21.81761053,3.733333333,100,99253.33333,2.077182,5.28,0
7837,26/11/2024 20:00,443,ut,40.30769231,17.4125,2.7,100,99420,3.07953,7.8,0
7838,26/11/2024 21:00,385,ut,41.35,16.56634,2.775,100,99505,1.0591065,3.6,0
7839,26/11/2024 22:00,163,ut,48.41666667,20.11148889,3.175,100,99465,1.0897485,4.32,0
7840,26/11/2024 23:00,101,ut,49.15,17.64085,3.5,100,99420,0.91677625,3.6,0
7841,27/11/2024 00:00,78,st,42.25641026,20.07281579,3.4,100,99420,0.612591,3,0
7842,27/11/2024 01:00,66,st,33.23076923,18.95206,3.025,100,99440,1.74201275,5.04,0
7843,27/11/2024 02:00,154,st,26.34210526,16.37518333,2.15,100,99572.5,1.5237925,4.44,0.0875
7844,27/11/2024 03:00,491,st,21.69230769,16.36747,1.475,100,99690,3.21649725,7.2,0
7845,27/11/2024 04:00,1704,st,20.225,14.34036,0.966666667,100,99826.66667,3.444883333,7.04,0
7846,27/11/2024 05:00,2671,st,16.94736842,12.56051667,1.225,100,99847.5,2.4154425,5.4,0
7847,27/11/2024 06:00,2825,st,23.75,11.805809,1.525,100,99822.5,2.313,5.28,0
7848,27/11/2024 07:00,2838,st,23.89473684,10.19736526,2.075,100,99770,3.25029,6.96,0
7849,27/11/2024 08:00,2656,st,20.625,9.967711,2.9,100,99655,1.11749825,3.96,0
7850,27/11/2024 09:00,2533,st,18.25641026,13.00022737,3.1,100,99522.5,3.077755,7.44,0
7851,27/11/2024 10:00,2455,st,15.87179487,14.184103,4.575,100,99227.5,0.97343675,3.6,0
7852,27/11/2024 11:00,2447,st,26.71794872,23.22154211,4.925,99.6,99062.5,1.01572025,4.08,0
7853,27/11/2024 12:00,2613,st,28.23076923,21.277745,4.9,98.725,99067.5,1.21890025,3.6,0
7854,27/11/2024 13:00,2975,st,25.89473684,24.79852632,5.166666667,97.06666667,99010,1.128615,4.32,0
7855,27/11/2024 14:00,2964,st,32.31578947,22.79232632,5.025,97.5,99002.5,1.32786425,4.32,0
7856,27/11/2024 15:00,2928,st,31.42105263,25.02169474,4.55,99.125,99047.5,1.318579,3.72,0
7857,27/11/2024 16:00,2485,st,31.65,23.199435,4.3,99.45,99072.5,0.7132455,3.36,0
7858,27/11/2024 17:00,1862,st,39.23076923,20.25234211,4.25,99.275,99055,0.930713,3.48,0
7859,27/11/2024 18:00,1081,st,43.07692308,20.30412105,4.025,99.725,98995,1.199522,3.24,0
7860,27/11/2024 19:00,669,st,36.45945946,21.60125,3.975,99.975,98932.5,0.63973975,2.64,0
7861,27/11/2024 20:00,494,st,33.4,20.794025,3.85,99.95,98850,0.632732,2.64,0
7862,27/11/2024 21:00,362,st,30.46153846,21.93033684,3.725,100,98767.5,0.94991,3.36,0
7863,27/11/2024 22:00,180,st,27.31578947,21.80822105,3.666666667,100,98700,0.696227767,2.56,0
7864,27/11/2024 23:00,100,st,30.38461538,21.49916316,3.675,100,98597.5,0.34618495,1.92,0
7865,28/11/2024 00:00,94,ct,35.1,20.2122,3.775,100,98512.5,0.44151425,2.52,0
7866,28/11/2024 01:00,108,ct,36,18.34326316,3.9,100,98400,0.95046875,4.8,0
7867,28/11/2024 02:00,166,ct,31.66666667,18.5217,4.15,99.925,98302.5,0.89675875,3.36,0
7868,28/11/2024 03:00,462,ct,30.12820513,18.03598421,4.15,99.125,98247.5,1.23396275,4.56,0
7869,28/11/2024 04:00,1742,ct,37.5,17.59224,3.95,99.75,98325,2.1215725,6.72,0
7870,28/11/2024 05:00,2769,ct,20.15789474,11.85760211,6.1,84.875,98385,3.208775,12.6,0
7871,28/11/2024 06:00,2837,ct,1.6,3.8349735,7.25,73.25,98070,4.423335,11.76,0
7872,28/11/2024 07:00,2940,ct,2.512820513,4.027266316,7.1,74.76666667,97956.66667,4.882523333,11.84,0
7873,28/11/2024 08:00,2782,ct,1.487179487,4.085124211,8.275,68.6,97857.5,5.5298475,16.56,0
7874,28/11/2024 09:00,2652,ct,0.894736842,3.956483684,8.925,64.4,97722.5,7.5615525,20.16,0
7875,28/11/2024 10:00,2622,ct,0.875,4.4945045,8.7,66.15,97740,7.44589,23.4,0
7876,28/11/2024 11:00,2554,ct,0.974358974,5.890404737,8.95,67.575,97725,7.25909,21.48,0
7877,28/11/2024 12:00,2706,ct,1,20.5515275,8.175,75.9,97922.5,7.650015,25.44,0
7878,28/11/2024 13:00,2902,ct,1.2,8.9176695,8,73.525,98022.5,7.8106725,24.24,0
7879,28/11/2024 14:00,2949,ct,1.743589744,13.75725368,7.35,78.075,98247.5,7.449245,23.52,0
7880,28/11/2024 15:00,2934,ct,1.325,13.440991,7.075,80.25,98402.5,7.178945,23.52,0.0875
7881,28/11/2024 16:00,2254,ct,0.868421053,16.63863684,6.6,84.35,98555,5.94518,21.36,0.175
7882,28/11/2024 17:00,1873,ct,1.1,16.510685,6.2,85.85,98740,5.3506875,16.8,0.175
7883,28/11/2024 18:00,1177,ct,1.128205128,15.01721053,6.2,84.925,98840,6.07208,20.04,0.0875
7884,28/11/2024 19:00,827,ct,1.256410256,14.85687,5.95,85.275,98940,5.084565,18.24,0.0875
7885,28/11/2024 20:00,484,ct,1.974358974,14.09804211,5.75,86.525,99042.5,3.213575,9.24,0
7886,28/11/2024 21:00,351,ct,1.4,13.261085,5.675,86.125,99112.5,2.864075,8.76,0
7887,28/11/2024 22:00,247,ct,1.378378378,12.29621111,5.6,85.8,99190,2.650203333,8.32,0
7888,28/11/2024 23:00,161,ct,1.692307692,11.103022,5.425,88.25,99277.5,2.2921175,5.28,0
7889,29/11/2024 00:00,106,pa,1.384615385,15.88643158,5.525,89.45,99347.5,1.9036225,5.4,0
7890,29/11/2024 01:00,122,pa,1.05,14.0861225,5.566666667,89.33333333,99406.66667,2.018906667,5.76,0
7891,29/11/2024 02:00,153,pa,0.815789474,8.543494211,5.975,88.725,99400,3.5832725,11.88,0
7892,29/11/2024 03:00,451,pa,1.076923077,9.273703684,5.825,90.65,99485,2.638768,10.08,0
7893,29/11/2024 04:00,1668,pa,2.179487179,9.930143158,6.1,86.95,99522.5,5.2088375,16.56,0
7894,29/11/2024 05:00,2517,pa,2.128205128,10.38956263,6.025,82.225,99587.5,3.76229,12.24,0
7895,29/11/2024 06:00,2803,pa,2.102564103,17.479598,5.6,83.2,99742.5,5.96277,18,0
7896,29/11/2024 07:00,2824,pa,1.948717949,14.64187053,5.5,80.825,99860,3.8197975,13.32,0
7897,29/11/2024 08:00,2655,pa,1.666666667,12.42024684,5.225,82.875,99975,4.0243475,13.92,0
7898,29/11/2024 09:00,2505,pa,1.756756757,11.79106789,6.225,78.8,99900,2.4934525,8.52,0
7899,29/11/2024 10:00,2512,pa,1.175,8.037437,7.1,73.7,99777.5,4.4927575,13.68,0
7900,29/11/2024 11:00,2691,pa,1.263157895,6.72732,7.5,69.83333333,99590,5.402536667,14.08,0
7901,29/11/2024 12:00,2923,pa,1.461538462,9.503517368,6.525,70.875,99697.5,3.8782375,12.24,0
7902,29/11/2024 13:00,3044,pa,1.58974359,9.78291,7.175,67.225,99700,3.2949375,11.4,0
7903,29/11/2024 14:00,2654,pa,2.256410256,13.03975474,5.675,72.525,99870,3.7545125,10.68,0
7904,29/11/2024 15:00,2985,pa,2.95,13.8888765,5.225,72.775,100112.5,1.72125,6.84,0
7905,29/11/2024 16:00,2611,pa,3.052631579,16.96148737,4.8,74.05,100257.5,1.5961795,6.36,0
7906,29/11/2024 17:00,2041,pa,5.45,15.742815,4.375,78.8,100372.5,0.57062675,3,0
7907,29/11/2024 18:00,1491,pa,10.51282051,19.39445789,4.125,83.025,100467.5,0.4123584,2.4,0
7908,29/11/2024 19:00,973,pa,8.8,15.7848,3.975,82.75,100547.5,1.1212805,4.32,0
7909,29/11/2024 20:00,704,pa,12.81578947,20.66923158,2.666666667,88.93333333,100756.6667,0.249794433,1.92,0
7910,29/11/2024 21:00,544,pa,8.85,19.029855,0.575,94.225,101147.5,1.63224475,4.32,0
7911,29/11/2024 22:00,452,pa,10.31428571,16.39084118,-0.525,96.65,101422.5,0.82869125,4.44,0
7912,29/11/2024 23:00,292,pa,11.725,13.83365,-1.2,97.625,101540,0.706992898,2.64,0
7913,30/11/2024 00:00,164,so,9.717948718,12.41724211,-1.65,97.725,101595,1.86895225,4.8,0
7914,30/11/2024 01:00,116,so,8.025641026,11.289523,-2.075,97.325,101655,1.4942825,4.08,0
7915,30/11/2024 02:00,89,so,8.394736842,12.75217158,-2.75,97.35,101757.5,1.586165,4.2,0
7916,30/11/2024 03:00,243,so,6.625,11.878787,-3.125,97.325,101837.5,1.6593525,5.04,0
7917,30/11/2024 04:00,654,so,6.210526316,16.26945263,-3.466666667,97.33333333,101896.6667,1.33896,4.32,0
7918,30/11/2024 05:00,738,so,7.75,16.452785,-3.8,97.8,101967.5,0.74609575,2.88,0
7919,30/11/2024 06:00,1187,so,10.39473684,16.83407222,-4.05,98.4,102077.5,0.122033775,0.96,0
7920,30/11/2024 07:00,1624,so,25.925,19.497955,-3.675,98.175,102077.5,0.223363625,1.8,0
7921,30/11/2024 08:00,1850,so,28.43243243,19.35755,-2.275,98.475,101762.5,0.308224,2.04,0
7922,30/11/2024 09:00,2183,so,28.46153846,19.98421579,-0.525,94.675,101422.5,0.232807975,1.8,0
7923,30/11/2024 10:00,2085,so,34.76923077,16.08798947,1.75,88.75,101062.5,0.174636,1.32,0
7924,30/11/2024 11:00,2146,so,27.02564103,17.695522,4.65,83.3,100567.5,0.461395625,2.04,0
7925,30/11/2024 12:00,2170,so,30.30769231,22.30709474,4.6,84.4,100110,2.392276667,6.88,0
7926,30/11/2024 13:00,2439,so,44.30769231,24.348,5.95,79.575,100037.5,1.7136355,4.68,0
7927,30/11/2024 14:00,2301,so,29.41025641,28.35975789,2.7,91.125,100420,0.470205575,2.4,0.0875
7928,30/11/2024 15:00,2185,so,31.25,35.071365,0.3,96.425,100892.5,1.01921475,3.72,0
7929,30/11/2024 16:00,2145,so,28.1,28.1833,-0.625,98.1,101160,0.63405425,2.88,0
7930,30/11/2024 17:00,1939,so,23.10526316,24.43032632,-1.475,98.8,101307.5,0.685218525,2.28,0
7931,30/11/2024 18:00,1247,so,24.6,22.758735,-1.95,98.4,101380,1.02182425,2.88,0
7932,30/11/2024 19:00,917,so,27.02564103,20.77282105,-2.475,98.675,101447.5,0.9836475,3.84,0
7933,30/11/2024 20:00,515,so,27.02564103,17.06544,-2.925,98.9,101535,0.4345525,2.28,0
7934,30/11/2024 21:00,363,so,46.61538462,18.24884737,-3.7,99.06666667,101596.6667,0.306698333,2.08,0
7935,30/11/2024 22:00,276,so,45,13.39138105,-3.7,99.35,101647.5,0.60608515,2.4,0
7936,30/11/2024 23:00,208,so,53.28205128,14.99756316,-2.85,98.775,101407.5,0.5243035,3.12,0
7937,01/12/2024 00:00,106,ne,76.64102564,13.291126,-1.9,99.25,101222.5,0.062071573,1.2,0
7938,01/12/2024 01:00,100,ne,85.35897436,13.57581053,-1.325,99.85,101037.5,0.397276075,2.04,0
7939,01/12/2024 02:00,81,ne,79.25,13.83236,-1.1,100,100927.5,0.49059375,2.52,0
7940,01/12/2024 03:00,180,ne,77.13157895,15.17641053,-0.6,100,100832.5,0.191438225,1.8,0
7941,01/12/2024 04:00,419,ne,40.6,12.079076,-0.325,100,100747.5,0.4947715,2.88,0
7942,01/12/2024 05:00,413,ne,26.23684211,10.45855556,-0.3,99.9,100716.6667,0.983823667,3.36,0
7943,01/12/2024 06:00,606,ne,20.58974359,9.2730065,-0.45,98.55,100735,2.1207175,5.28,0
7944,01/12/2024 07:00,717,ne,17.58974359,10.09386105,-0.575,96.15,100762.5,3.9784125,7.32,0
7945,01/12/2024 08:00,1105,ne,16.375,8.4765615,-0.45,96.2,100737.5,1.59929,5.76,0
7946,01/12/2024 09:00,1471,ne,16.25641026,9.265457895,-0.3,95.675,100675,1.70424,6.24,0
7947,01/12/2024 10:00,1643,ne,18.61538462,10.219609,-0.25,95.825,100607.5,1.4538925,5.16,0
7948,01/12/2024 11:00,1707,ne,27.17948718,11.73226842,0.025,95.825,100510,1.09755,4.08,0
7949,01/12/2024 12:00,1997,ne,21.175,11.623952,0.375,94.725,100382.5,0.74555075,3.84,0
7950,01/12/2024 13:00,2060,ne,21.58974359,12.41046947,0.175,94.575,100357.5,1.40746325,4.44,0
7951,01/12/2024 14:00,2100,ne,20.51282051,11.722901,-0.066666667,94.33333333,100360,2.11864,6.08,0
7952,01/12/2024 15:00,1987,ne,20.38461538,16.35861579,-0.325,95.4,100365,1.906185,6.6,0
7953,01/12/2024 16:00,1726,ne,20.375,15.59265,-0.375,96.225,100380,1.397465,4.8,0
7954,01/12/2024 17:00,1493,ne,22.89473684,16.75091053,-0.325,96.175,100357.5,1.62792175,5.28,0
7955,01/12/2024 18:00,1203,ne,26.1,17.59972,-0.2,96.225,100337.5,0.92293975,3.72,0
7956,01/12/2024 19:00,691,ne,28.125,17.556255,-0.125,96.175,100297.5,1.5338875,5.16,0
7957,01/12/2024 20:00,429,ne,28.52631579,12.16068632,-0.1,95.85,100255,1.0438725,4.44,0
7958,01/12/2024 21:00,273,ne,22.5,11.441572,-0.325,94.6,100230,3.2077425,9.12,0
7959,01/12/2024 22:00,192,ne,23.2972973,10.27337444,-0.4,93.46666667,100223.3333,2.033833333,6.24,0
7960,01/12/2024 23:00,134,ne,18.94871795,8.670632,-0.4,92.925,100200,1.69564,6,0
7961,02/12/2024 00:00,98,po,20.43589744,9.558826316,-0.4,92.4,100152.5,2.46057,8.4,0
7962,02/12/2024 01:00,180,po,19.75,12.746088,-0.375,91.25,100147.5,3.00343,8.64,0
7963,02/12/2024 02:00,247,po,17.425,14.591725,-0.4,90.525,100112.5,1.932275,6,0
7964,02/12/2024 03:00,572,po,17.18421053,13.75092632,-0.375,90.95,100070,1.21115075,4.68,0
7965,02/12/2024 04:00,1958,po,16.525,13.72325,-0.4,90.5,100062.5,1.2934535,4.68,0
7966,02/12/2024 05:00,2748,po,14.10526316,13.42737,-0.525,90.325,100060,1.2765025,4.08,0
7967,02/12/2024 06:00,2898,po,15.26315789,16.35075789,-0.533333333,90.26666667,100070,1.033491667,3.68,0
7968,02/12/2024 07:00,2846,po,16.15,15.727185,-0.475,89.5,100062.5,0.84594475,2.76,0
7969,02/12/2024 08:00,2610,po,16.05128205,18.73379474,-0.125,89.65,99990,0.8409525,2.76,0
7970,02/12/2024 09:00,2539,po,16.94871795,17.198225,0.15,91.95,99925,0.742703,3.24,0
7971,02/12/2024 10:00,2566,po,17.97435897,17.61284211,0.475,93.675,99815,1.03064775,3,0.35
7972,02/12/2024 11:00,2412,po,20.925,23.399525,0.575,94.85,99737.5,1.088657,4.08,0.35
7973,02/12/2024 12:00,2520,po,21.34210526,25.95283158,0.7,94.8,99657.5,1.0838725,3.6,0.0875
7974,02/12/2024 13:00,2722,po,23.05,26.09726,0.775,95.95,99585,0.60454275,2.4,0
7975,02/12/2024 14:00,2783,po,23.31578947,22.13797895,0.675,96.95,99552.5,0.67535825,2.88,0
7976,02/12/2024 15:00,2745,po,26.25,25.34262,0.633333333,97.63333333,99570,0.312544,1.92,0
7977,02/12/2024 16:00,2376,po,28.71794872,24.86149474,0.575,97.725,99545,0.5819245,2.64,0
7978,02/12/2024 17:00,1672,po,27.66666667,24.89166,0.6,97.775,99520,0.460400475,2.52,0
7979,02/12/2024 18:00,1019,po,27.97368421,24.04726842,0.575,97.725,99457.5,0.459568675,2.28,0
7980,02/12/2024 19:00,611,po,29.275,21.36703,0.625,97.425,99432.5,0.341198483,1.32,0
7981,02/12/2024 20:00,376,po,30.73684211,17.53256842,0.725,96.525,99410,0.54779465,2.16,0
7982,02/12/2024 21:00,276,po,32.7,16.29762,0.8,96.825,99352.5,0.137923,1.32,0
7983,02/12/2024 22:00,164,po,36.44736842,16.54636316,0.8,98.2,99293.33333,0.170779333,1.6,0
7984,02/12/2024 23:00,86,po,44.8,19.77638,0.833333333,98.76666667,99273.33333,0.145768367,1.28,0
7985,03/12/2024 00:00,82,ut,36.06666667,18.62974375,0.95,98.85,99225,0.2187695,1.44,0.175
7986,03/12/2024 01:00,83,ut,35.84615385,19.76575263,0.975,99.75,99205,0.132089175,1.44,0.2625
7987,03/12/2024 02:00,122,ut,31.55,18.83799,0.975,100,99185,0.2305626,1.92,0
7988,03/12/2024 03:00,482,ut,31.81578947,19.71953158,1.075,100,99165,0.62211855,2.4,0.0875
7989,03/12/2024 04:00,1748,ut,30.05,20.06922,1.125,100,99147.5,0.183144875,1.44,0.0875
7990,03/12/2024 05:00,2151,ut,32.53846154,19.30518947,1.25,100,99155,0.21806875,1.92,0.0875
7991,03/12/2024 06:00,2844,ut,31,21.72446,1.225,100,99175,0.21008111,1.56,0.0875
7992,03/12/2024 07:00,2708,ut,31.71052632,17.261335,1.4,100,99187.5,0.2924075,1.92,0
7993,03/12/2024 08:00,2749,ut,29.84848485,15.61487778,1.633333333,99.86666667,99186.66667,0.515417,2.08,0
7994,03/12/2024 09:00,2452,ut,29,15.123995,2.225,98.9,99105,0.40211375,2.28,0
7995,03/12/2024 10:00,2679,ut,31.69230769,12.25723263,3.025,96.05,98917.5,0.76303775,3.6,0.175
7996,03/12/2024 11:00,2633,ut,27.15,13.008173,3.475,94.925,98762.5,0.8212495,3.48,0
7997,03/12/2024 12:00,2505,ut,25.33333333,12.34207579,3.675,95.45,98707.5,1.7887675,4.8,0
7998,03/12/2024 13:00,2876,ut,29.68421053,17.046815,3.575,96.55,98745,1.47651525,5.04,0
7999,03/12/2024 14:00,2958,ut,44.66666667,21.59763684,3.125,96.925,98840,1.13908775,4.44,0
8000,03/12/2024 15:00,2826,ut,53.68421053,21.82886842,2.925,97.9,98927.5,0.60392925,3.36,0
8001,03/12/2024 16:00,2493,ut,53.44736842,21.09946667,2.975,98.4,98975,0.417857475,1.92,0
8002,03/12/2024 17:00,1705,ut,58.35,20.20362,2.9,98.7,99010,0.695758667,3.2,0
8003,03/12/2024 18:00,1097,ut,63.02631579,19.68435263,2.925,98.95,99040,0.415322625,1.92,0
8004,03/12/2024 19:00,929,ut,71.275,17.646175,3,99.35,99067.5,0.375754425,2.4,0
8005,03/12/2024 20:00,538,ut,78.53846154,16.12963158,2.95,100,99100,0.423023225,2.64,0
8006,03/12/2024 21:00,276,ut,81.675,16.197365,3,100,99137.5,0.277747625,2.16,0
8007,03/12/2024 22:00,136,ut,66.11111111,17.85911667,2.9,100,99200,1.714643333,5.28,0
8008,03/12/2024 23:00,106,ut,27.2,16.25266,3.425,97.725,99205,0.4559035,2.88,0
8009,04/12/2024 00:00,106,st,14,10.20041211,3.25,96.625,99257.5,0.65494825,3.84,0
8010,04/12/2024 01:00,92,st,6.974358974,8.211885,1.55,99,99505,0.6397225,2.88,0
8011,04/12/2024 02:00,165,st,7.128205128,9.075772632,0.366666667,100,99746.66667,1.544479,4.8,0
8012,04/12/2024 03:00,470,st,9.275,11.299373,-0.025,100,99877.5,1.301072,4.2,0
8013,04/12/2024 04:00,1728,st,8.947368421,18.75704842,-0.025,100,99950,0.99978625,3.48,0
8014,04/12/2024 05:00,2704,st,7.5,15.05932,1.175,97.85,99815,1.15902875,3.72,0
8015,04/12/2024 06:00,2743,st,7.153846154,9.323297895,1.6,93.4,99782.5,2.3257,5.28,0
8016,04/12/2024 07:00,3038,st,7.8,7.9754155,1.85,93.075,99735,1.98636,5.04,0
8017,04/12/2024 08:00,2809,st,7.473684211,8.485458421,3,89.425,99595,2.32922,7.56,0
8018,04/12/2024 09:00,2509,st,7.394736842,9.957741053,3.575,88.35,99442.5,2.896515,7.32,0
8019,04/12/2024 10:00,2601,st,7.794871795,10.49345158,4.133333333,87.36666667,99330,2.770293333,7.04,0
8020,04/12/2024 11:00,2660,st,6.512820513,11.382636,4.6,88.125,99255,2.3378225,6.84,0
8021,04/12/2024 12:00,2674,st,10.28205128,11.47023368,4.825,88.05,99210,1.783735,5.04,0
8022,04/12/2024 13:00,2959,st,7.825,15.13067,5.025,87.275,99217.5,1.22722625,4.32,0
8023,04/12/2024 14:00,3077,st,8.897435897,17.00811053,4.375,88.925,99372.5,0.76496525,3.12,0
8024,04/12/2024 15:00,2874,st,7.846153846,25.6948,3.9,88.375,99540,0.92324775,4.08,0
8025,04/12/2024 16:00,2438,st,8.102564103,15.39673158,3.55,89.375,99632.5,1.650765,4.68,0
8026,04/12/2024 17:00,1796,st,6.15,13.155521,3.3,91.425,99705,1.545205,5.04,0
8027,04/12/2024 18:00,1200,st,8.236842105,13.49667368,3.3,91.65,99742.5,2.33995,5.64,0
8028,04/12/2024 19:00,744,st,10.75,13.989945,3.4,90.53333333,99766.66667,2.180216667,4.96,0
8029,04/12/2024 20:00,422,st,8.153846154,11.33956526,3.35,90.6,99790,1.56736125,4.8,0
8030,04/12/2024 21:00,371,st,9.2,10.764573,3.175,91.675,99850,1.8415935,4.56,0
8031,04/12/2024 22:00,193,st,9.666666667,10.05350778,2.9,93.35,99912.5,1.09377725,3.96,0
8032,04/12/2024 23:00,127,st,8.435897436,9.456828421,2.575,94.375,99957.5,1.17021575,3.96,0
8033,05/12/2024 00:00,80,ct,8.564102564,9.177864211,2.675,93.675,99970,1.9729525,5.88,0
8034,05/12/2024 01:00,97,ct,8.307692308,9.782984,2.85,91.9,99947.5,3.140305,6.84,0
8035,05/12/2024 02:00,186,ct,7.538461538,9.956706316,2.725,92.775,99925,2.2868725,5.64,0
8036,05/12/2024 03:00,520,ct,7.15,10.07208,2.85,90.85,99940,2.08433,5.64,0
8037,05/12/2024 04:00,1665,ct,9.435897436,13.05906947,1.366666667,95.13333333,100126.6667,2.862966667,7.04,0
8038,05/12/2024 05:00,2621,ct,9.846153846,16.1174,0.6,96.5,100300,3.0642125,7.44,0
8039,05/12/2024 06:00,2715,ct,10.02564103,14.1733,-0.025,97.7,100452.5,1.6531,4.8,0
8040,05/12/2024 07:00,2997,ct,9.575,12.12192,1.475,91.025,100405,2.49775,6.24,0
8041,05/12/2024 08:00,2684,ct,8.675675676,13.92085053,5.225,75.1,99957.5,2.36402,6.96,0
8042,05/12/2024 09:00,2521,ct,14.94871795,9.144127368,5.95,70.25,99532.5,3.0842825,8.04,0
8043,05/12/2024 10:00,2542,ct,12.5,7.324896,6.75,69.15,99267.5,3.8819075,9.96,0
8044,05/12/2024 11:00,2434,ct,11.21052632,4.626313333,6.225,71.85,99112.5,4.659845,9.72,0
8045,05/12/2024 12:00,2625,ct,6.871794872,6.8193395,7.525,66.15,98782.5,3.7966175,9.96,0
8046,05/12/2024 13:00,2923,ct,9.615384615,8.702635789,6.4,66.7,98830,4.01474,11.04,0
8047,05/12/2024 14:00,2867,ct,11.1,13.497275,4.225,76.75,99182.5,4.5545025,10.08,0
8048,05/12/2024 15:00,2952,ct,9.973684211,13.94299684,2.775,78.85,99517.5,2.3783625,8.28,0
8049,05/12/2024 16:00,2407,ct,11.6,17.57907,2,82.475,99687.5,1.86777,6.84,0
8050,05/12/2024 17:00,1883,ct,14.12820513,15.12677368,2.525,80.65,99555,2.96487,8.4,0
8051,05/12/2024 18:00,1172,ct,10.53846154,12.407566,3.025,76.275,99267.5,5.1937075,10.32,0
8052,05/12/2024 19:00,854,ct,10.63157895,10.13382211,3.05,76.375,99082.5,7.531675,14.28,0
8053,05/12/2024 20:00,550,ct,10.2,8.116236,3.325,73.325,98957.5,5.5811925,12.24,0
8054,05/12/2024 21:00,359,ct,9.692307692,6.647097895,3.366666667,71.1,98830,5.95405,12.48,0
8055,05/12/2024 22:00,172,ct,8,7.237539474,3.325,71.25,98712.5,4.1911525,9.48,0
8056,05/12/2024 23:00,132,ct,8.384615385,8.54188,3.35,71.025,98550,4.2302075,9.72,0
8057,06/12/2024 00:00,77,pa,7.375,12.407037,2.95,76.2,98405,5.1730525,12.84,0
8058,06/12/2024 01:00,119,pa,7.974358974,14.4753,2.65,82.65,98357.5,5.41753,11.76,0.0875
8059,06/12/2024 02:00,143,pa,6.564102564,12.810815,3.125,80.275,98110,5.640185,12.12,0
8060,06/12/2024 03:00,466,pa,12.43589744,30.18414737,1.975,89.85,98020,1.9844825,7.2,0.0875
8061,06/12/2024 04:00,1541,pa,11.975,32.366935,1.25,96.8,98012.5,1.1257375,4.8,0.175
8062,06/12/2024 05:00,1125,pa,10.78947368,49.75868947,0.733333333,99.3,97943.33333,1.53969,5.28,0
8063,06/12/2024 06:00,1115,pa,7.45,32.44575,0.733333333,99.63333333,97920,2.271843333,5.92,0
8064,06/12/2024 07:00,1261,pa,8.769230769,39.26324737,0.7,99.975,97920,0.832685,2.88,0
8065,06/12/2024 08:00,1257,pa,9.846153846,45.255875,0.8,100,97932.5,0,0,0
8066,06/12/2024 09:00,1110,pa,13.30769231,40.43206842,1.225,99.8,97985,0,0,0
8067,06/12/2024 10:00,1692,pa,12.97435897,31.34444,2,97.625,97950,0.209836455,1.32,0
8068,06/12/2024 11:00,2180,pa,9.384615385,20.362675,2.875,95.55,97865,0.313462875,2.4,0
8069,06/12/2024 12:00,2711,pa,10.38461538,28.82022105,3.4,94.125,97710,0.990596,3.48,0.0875
8070,06/12/2024 13:00,2796,pa,15.87179487,33.44526,2.275,97.7,97842.5,1.43717675,4.32,0.7
8071,06/12/2024 14:00,2975,pa,24.51282051,38.01566842,2.025,99.175,97982.5,0.6851805,2.88,0.525
8072,06/12/2024 15:00,2599,pa,24.85,45.738035,1.966666667,99.8,98076.66667,0.464460667,3.2,0.35
8073,06/12/2024 16:00,2440,pa,27.68421053,47.68184211,1.875,100,98157.5,1.09232575,4.2,0.35
8074,06/12/2024 17:00,1913,pa,41.43589744,33.74666316,1.975,100,98215,0.897353975,3.72,0.35
8075,06/12/2024 18:00,1257,pa,5.368421053,10.94520211,3.475,99.65,98170,1.12122,4.44,0.2625
8076,06/12/2024 19:00,869,pa,7.41025641,10.250701,3.45,97.475,98182.5,3.09858,7.08,0.35
8077,06/12/2024 20:00,623,pa,6.128205128,10.47166632,3.925,96.75,98187.5,3.547095,7.2,0.35
8078,06/12/2024 21:00,483,pa,7.307692308,10.93646526,3.9,97.875,98210,2.23928,5.4,0.175
8079,06/12/2024 22:00,368,pa,4.432432432,9.153330526,5.566666667,94.73333333,98150,2.257826667,9.76,0.233333333
8080,06/12/2024 23:00,277,pa,6.631578947,10.18141611,5.333333333,95.8,98140,1.59755,6.4,0
8081,07/12/2024 00:00,169,so,1.7,8.741428,5.475,96.975,98125,1.1756205,4.44,0
8082,07/12/2024 01:00,160,so,1.763157895,7.199667368,6.175,92.525,98065,1.2227975,4.68,0
8083,07/12/2024 02:00,95,so,3.205128205,9.354596316,5.375,97.7,98100,0.7269935,3,0
8084,07/12/2024 03:00,267,so,3.871794872,11.60956842,5.475,98.55,98127.5,1.282603,4.2,0
8085,07/12/2024 04:00,618,so,2.820512821,11.77370526,4.9,99.175,98167.5,1.12080575,4.08,0
8086,07/12/2024 05:00,894,so,2.605263158,10.02012632,4.825,98.625,98167.5,1.661387,5.88,0.0875
8087,07/12/2024 06:00,1200,so,5.4,7.185358,4.85,94.325,98152.5,2.8248025,7.92,0
8088,07/12/2024 07:00,1641,so,5.41025641,5.44667,5.125,87.175,98122.5,3.16754,8.76,0
8089,07/12/2024 08:00,1720,so,6.473684211,5.842301579,6.225,77.8,97957.5,2.51835,8.4,0
8090,07/12/2024 09:00,1878,so,7.282051282,7.612725789,6.1,78.33333333,97770,3.208176667,9.92,0
8091,07/12/2024 10:00,2178,so,9.307692308,6.451506842,5.975,79.425,97605,5.01318,12.24,0
8092,07/12/2024 11:00,2215,so,10,7.13092,6,79.85,97475,3.8628975,11.4,0
8093,07/12/2024 12:00,2336,so,13.47368421,8.010228947,5.775,80.6,97365,3.9345125,9.48,0
8094,07/12/2024 13:00,2265,so,10.675,9.5434905,5.9,80.525,97295,2.911255,6.24,0
8095,07/12/2024 14:00,2354,so,10.89473684,14.76835889,5.55,83.725,97297.5,2.515285,6.84,0
8096,07/12/2024 15:00,2133,so,14.51282051,20.787645,4.95,87.6,97337.5,1.5637625,4.92,0
8097,07/12/2024 16:00,2186,so,21.15384615,29.21433684,4.325,91.975,97437.5,1.11533125,4.44,0
8098,07/12/2024 17:00,1660,so,19.475,37.00902,4.4,94.075,97450,1.31703175,4.56,0.0875
8099,07/12/2024 18:00,1235,so,26.23684211,33.87514211,3.566666667,98.73333333,97480,1.176373333,4.16,0.35
8100,07/12/2024 19:00,855,so,28.02564103,28.20690526,3.5,99.65,97525,0.66433425,3.36,0.4375
8101,07/12/2024 20:00,515,so,23.46153846,26.11463684,3.425,100,97555,0.46424425,2.28,0.175
8102,07/12/2024 21:00,408,so,20.18421053,25.9347,3.45,100,97560,0.6139795,2.88,0.175
8103,07/12/2024 22:00,286,so,16.34210526,20.29850526,3.366666667,100,97573.33333,0.705174667,2.72,0
8104,07/12/2024 23:00,205,so,18,22.34947895,3.425,100,97582.5,0.1068037,0.96,0
8105,08/12/2024 00:00,145,ne,19.26315789,18.57447895,3.55,100,97582.5,0.0971954,0.72,0
8106,08/12/2024 01:00,112,ne,18.8974359,19.61033158,3.675,100,97617.5,0.56055425,2.28,0
8107,08/12/2024 02:00,90,ne,20.95,21.186765,3.7,100,97630,0.338532333,2.24,0
8108,08/12/2024 03:00,134,ne,22.71052632,18.75287895,3.7,100,97640,0.60837475,2.52,0
8109,08/12/2024 04:00,416,ne,23.1025641,15.73952105,3.75,100,97680,1.06362325,3.48,0.0875
8110,08/12/2024 05:00,503,ne,25.48717949,10.60930947,3.9,99.775,97720,0.276156,2.28,0
8111,08/12/2024 06:00,516,ne,23.02564103,10.43205684,3.825,98.45,97775,0.6525009,2.4,0
8112,08/12/2024 07:00,751,ne,21.20512821,10.702381,3.85,97.75,97842.5,1.01114625,3.72,0
8113,08/12/2024 08:00,1140,ne,20.64102564,12.13343789,4.1,98.1,97847.5,2.01484375,6.12,0
8114,08/12/2024 09:00,1487,ne,13.43589744,9.882082105,4.25,97.2,97900,0.70777625,3.36,0
8115,08/12/2024 10:00,1830,ne,9.263157895,10.06645474,4.325,96.1,97915,1.160872,4.2,0
8116,08/12/2024 11:00,1821,ne,9.9,10.036096,4.133333333,95.5,97973.33333,1.635786667,5.12,0
8117,08/12/2024 12:00,2027,ne,9.384615385,11.23604421,3.925,95.5,98097.5,2.1143975,5.64,0.35
8118,08/12/2024 13:00,2165,ne,13.41025641,13.056011,3.975,96.8,98137.5,0.8507255,3.84,0.0875
8119,08/12/2024 14:00,2197,ne,5.333333333,11.91897368,3.6,97.825,98227.5,2.9617775,9,0
8120,08/12/2024 15:00,2255,ne,7.605263158,14.35549444,3.6,98.125,98325,1.9134725,5.76,0
8121,08/12/2024 16:00,2013,ne,9.75,16.883895,3.525,98.325,98365,3.843,10.2,0
8122,08/12/2024 17:00,1724,ne,8.368421053,15.38931579,3.425,98.05,98417.5,2.00376,5.04,0
8123,08/12/2024 18:00,1163,ne,11.825,12.754445,3.5,98.3,98460,0.833839,3.12,0
8124,08/12/2024 19:00,720,ne,12.53846154,14.98356947,3.525,99,98500,0.13737725,1.44,0
8125,08/12/2024 20:00,453,ne,12.15789474,10.72802,3.633333333,99.36666667,98550,0.209039333,2.08,0
8126,08/12/2024 21:00,241,ne,13.43589744,10.90202316,3.7,98.55,98582.5,0.2710125,1.92,0
8127,08/12/2024 22:00,176,ne,17.26315789,9.990241053,3.75,97.5,98632.5,1.33258875,6.36,0
8128,08/12/2024 23:00,115,ne,16.84615385,9.445031579,3.475,95.2,98675,4.20041,12.48,0
8129,09/12/2024 00:00,163,po,20.74285714,9.513506667,3.2,94.65,98730,6.9534775,13.56,0
8130,09/12/2024 01:00,166,po,22.35,9.486727,3.125,94.85,98792.5,4.65876,12,0
8131,09/12/2024 02:00,214,po,21.17948718,8.414591053,2.9,94.9,98845,6.658495,16.08,0
8132,09/12/2024 03:00,620,po,14.66666667,7.3520115,2.5,91.7,98932.5,6.9193275,16.68,0.0875
8133,09/12/2024 04:00,1823,po,10.71794872,7.865760526,2.55,89.25,98972.5,6.460655,18.96,0
8134,09/12/2024 05:00,2772,po,14.825,9.0357475,2.433333333,90.53333333,99033.33333,7.49933,19.68,0
8135,09/12/2024 06:00,2917,po,18.35897436,9.562215789,2.275,92.625,99097.5,5.3212075,15.36,0
8136,09/12/2024 07:00,2826,po,14.43243243,8.864657778,2.25,90.45,99180,5.214985,14.52,0
8137,09/12/2024 08:00,2778,po,12.84615385,8.889443158,2.4,89.275,99257.5,5.2781825,15.12,0
8138,09/12/2024 09:00,2638,po,11.3,9.871116,2.85,86.9,99252.5,3.0070475,9.12,0
8139,09/12/2024 10:00,2681,po,11.26315789,7.8077,3.875,84.7,99107.5,5.990695,15.84,0
8140,09/12/2024 11:00,2761,po,10.55,7.956373,4.05,84.45,99020,4.5273875,13.92,0
8141,09/12/2024 12:00,2737,po,13,9.313772778,4.275,85.625,99005,3.769845,11.76,0
8142,09/12/2024 13:00,2942,po,10.38461538,9.94424,3.975,86.975,99030,3.5425875,10.08,0
8143,09/12/2024 14:00,2784,po,7.025641026,10.350705,3.766666667,89.16666667,99136.66667,5.03289,14.24,0
8144,09/12/2024 15:00,2854,po,5.358974359,12.27767368,3.9,88.925,99185,4.462105,12.12,0
8145,09/12/2024 16:00,2340,po,3.35,12.67818,4.1,88.575,99200,5.3433325,13.8,0
8146,09/12/2024 17:00,1758,po,2.837837838,12.52148889,4.15,90.75,99195,4.6706825,13.92,0
8147,09/12/2024 18:00,1180,po,2.2,10.561565,4.525,89.325,99172.5,4.57098,13.44,0
8148,09/12/2024 19:00,694,po,1.897435897,11.01905158,4.475,90,99195,3.336895,11.04,0
8149,09/12/2024 20:00,588,po,1.75,10.702352,3.575,93.9,99390,2.93886,10.8,0.0875
8150,09/12/2024 21:00,327,po,2.289473684,11.09488421,3.275,94.55,99517.5,4.4624575,12.72,0.35
8151,09/12/2024 22:00,165,po,1.972222222,10.71583647,3.4,93.63333333,99563.33333,5.290643333,15.36,0
8152,09/12/2024 23:00,118,po,1.512820513,9.341304211,3.4,92.86666667,99586.66667,3.576283333,11.36,0
8153,10/12/2024 00:00,84,ut,1.342105263,9.519216842,3.175,93.675,99597.5,3.9167175,13.8,0.0875
8154,10/12/2024 01:00,86,ut,1.225,9.162412,2.95,93.925,99660,8.039235,16.56,0.0875
8155,10/12/2024 02:00,131,ut,1.763157895,9.485884444,2.65,95.075,99702.5,6.9264625,15.84,0.0875
8156,10/12/2024 03:00,501,ut,2.175,10.162538,2.2,96.575,99777.5,5.37641,12.12,0.175
8157,10/12/2024 04:00,1735,ut,3.789473684,10.69542632,2.375,96.875,99797.5,4.8022275,11.4,0.175
8158,10/12/2024 05:00,2575,ut,5.948717949,9.309782,2.45,95.5,99815,6.7326175,16.32,0
8159,10/12/2024 06:00,2773,ut,7.051282051,9.910285263,2.1,96.45,99892.5,8.6685075,19.68,0.175
8160,10/12/2024 07:00,2940,ut,5.421052632,10.24593368,2.1,96.725,99962.5,6.4085075,13.08,0.175
8161,10/12/2024 08:00,2817,ut,3.078947368,8.934181053,2.533333333,93.1,99933.33333,7.457456667,18.72,0
8162,10/12/2024 09:00,2668,ut,3.692307692,8.73934,2.65,92.975,99935,6.3243875,17.16,0
8163,10/12/2024 10:00,2569,ut,3.205128205,9.458221,2.775,93.45,99915,4.3557225,12.36,0
8164,10/12/2024 11:00,2590,ut,3.538461538,9.915334737,2.575,93.65,99922.5,6.796075,14.76,0
8165,10/12/2024 12:00,2545,ut,4.358974359,9.729132632,2.725,92.25,99920,6.49049,15.24,0
8166,10/12/2024 13:00,2937,ut,4.666666667,10.4696,2.525,91.975,99950,7.4765975,16.44,0
8167,10/12/2024 14:00,3007,ut,4.230769231,10.527247,2.525,91.8,99985,5.720135,13.92,0
8168,10/12/2024 15:00,2635,ut,3.692307692,10.59562316,2.425,91.5,100022.5,6.5426375,17.64,0
8169,10/12/2024 16:00,2328,ut,3.974358974,9.960118947,2.325,90.525,100057.5,6.146845,15.6,0
8170,10/12/2024 17:00,1708,ut,3.725,9.679698,2.133333333,89.76666667,100103.3333,9.329796667,22.08,0
8171,10/12/2024 18:00,1217,ut,4.081081081,10.88042444,1.9,90.275,100142.5,7.4077375,17.4,0
8172,10/12/2024 19:00,746,ut,4.675,10.537362,1.625,89.975,100190,5.7408925,15.96,0
8173,10/12/2024 20:00,500,ut,5.871794872,10.59561368,1.375,91.125,100270,5.5766725,13.08,0
8174,10/12/2024 21:00,337,ut,7.236842105,11.17749474,1.25,92.525,100295,5.06359,13.2,0
8175,10/12/2024 22:00,196,ut,7.216216216,10.56425778,0.966666667,92.4,100330,4.864916667,12.16,0
8176,10/12/2024 23:00,105,ut,7.925,10.744882,0.95,93,100355,1.65048875,5.4,0
8177,11/12/2024 00:00,87,st,8.421052632,10.55772947,1,93.925,100327.5,0.77460425,3.48,0
8178,11/12/2024 01:00,114,st,8.358974359,9.870652632,1.066666667,93.63333333,100323.3333,0.379899333,2.4,0
8179,11/12/2024 02:00,116,st,8.925,9.902342,1.075,93.85,100310,0.67589025,3.24,0
8180,11/12/2024 03:00,474,st,8.289473684,11.85663889,1.075,93.95,100312.5,1.34979,4.8,0
8181,11/12/2024 04:00,1702,st,8.692307692,14.81461,1.05,92.95,100317.5,1.26437925,5.28,0
8182,11/12/2024 05:00,2766,st,9.615384615,16.90943684,1.1,92.175,100332.5,0.78501975,3.36,0
8183,11/12/2024 06:00,2719,st,11.675,27.79639,0.95,93.825,100357.5,0.90975225,3.48,0
8184,11/12/2024 07:00,2883,st,15.43243243,32.50946667,1.15,94.1,100420,1.08719975,3.24,0
8185,11/12/2024 08:00,2797,st,10.6,18.25803,2.325,87.975,100262.5,0.92594425,3.12,0
8186,11/12/2024 09:00,2635,st,5.871794872,9.624594211,3.175,83.425,100077.5,1.4349415,4.92,0
8187,11/12/2024 10:00,2639,st,4.789473684,9.82922,3.4,82.06666667,99996.66667,1.83072,5.28,0
8188,11/12/2024 11:00,2691,st,4.692307692,9.365696,3.6,80.1,99847.5,1.83662,5.76,0
8189,11/12/2024 12:00,2685,st,6.256410256,11.92992632,4.2,78.775,99750,1.6675125,5.76,0
8190,11/12/2024 13:00,2940,st,8.125,15.610935,3.25,83.4,99840,3.498995,8.28,0
8191,11/12/2024 14:00,2918,st,5.736842105,16.08921579,2.65,85.625,100032.5,3.2002025,8.04,0
8192,11/12/2024 15:00,2877,st,12.17948718,17.80652632,1.9,89.775,100257.5,1.08444775,3.48,0
8193,11/12/2024 16:00,2543,st,29.81578947,18.6585,1.1,93.7,100412.5,1.270286,3.84,0
8194,11/12/2024 17:00,1880,st,16.10526316,17.32826316,0.9,94.725,100475,1.336471,3.72,0
8195,11/12/2024 18:00,1156,st,13.225,15.09939,0.65,96.125,100572.5,0.585035925,2.52,0
8196,11/12/2024 19:00,845,st,21.92105263,14.34636842,0.066666667,97.73333333,100690,0.359792267,2.08,0
8197,11/12/2024 20:00,471,st,16.05128205,17.13743158,-0.075,98.35,100742.5,0.85016875,3.36,0
8198,11/12/2024 21:00,375,st,17.15,16.145095,-0.55,99.2,100877.5,0.55057125,2.16,0
8199,11/12/2024 22:00,158,st,17.27777778,13.81920588,-1.2,99.975,101017.5,0.255281375,1.32,0
8200,11/12/2024 23:00,137,st,16.38461538,12.04839,-1.55,100,101092.5,0.097534263,0.96,0
8201,12/12/2024 00:00,80,ct,19.12820513,10.19435368,-1.25,100,101042.5,0.2171323,1.8,0
8202,12/12/2024 01:00,73,ct,14.23684211,11.77813333,-0.925,100,100975,0.14037625,1.08,0
8203,12/12/2024 02:00,165,ct,12.57894737,10.64036105,-1.25,100,101015,0.2962153,2.04,0
8204,12/12/2024 03:00,400,ct,13.92307692,10.365328,-1.625,100,101072.5,0.4650145,2.04,0
8205,12/12/2024 04:00,1549,ct,13.63157895,13.97706842,-1.766666667,100,101123.3333,0.179385333,1.76,0
8206,12/12/2024 05:00,2697,ct,15,14.45564211,-1.95,100,101192.5,0.08271985,1.2,0
8207,12/12/2024 06:00,2769,ct,38.375,19.865515,-1.325,100,101090,0.2134245,1.68,0
8208,12/12/2024 07:00,2809,ct,23.62162162,13.56501667,-0.65,99.65,100985,0.077622675,1.2,0
8209,12/12/2024 08:00,2835,ct,21.775,13.1794,-0.075,98.525,100892.5,0.3588552,1.8,0
8210,12/12/2024 09:00,2724,ct,23.55263158,17.14432105,0.8,96.15,100812.5,0.2939195,1.68,0
8211,12/12/2024 10:00,2715,ct,20.35897436,15.44899421,1.575,91.775,100657.5,0.67125,2.52,0
8212,12/12/2024 11:00,2749,ct,13.26315789,12.26954632,1.825,84.625,100497.5,1.1235475,3.72,0
8213,12/12/2024 12:00,2823,ct,13.225,14.88229,1.866666667,82.86666667,100436.6667,1.515923333,5.76,0
8214,12/12/2024 13:00,2916,ct,15.69230769,19.54032632,1.625,81.975,100417.5,1.3438325,4.92,0
8215,12/12/2024 14:00,3085,ct,16.41025641,28.72478421,1.375,83.15,100495,0.70295275,2.76,0
8216,12/12/2024 15:00,2897,ct,14.30555556,28.69116667,1.15,83.4,100580,1.480935,3.84,0
8217,12/12/2024 16:00,2482,ct,15.38461538,24.46886842,1,84.35,100620,1.8057425,5.28,0
8218,12/12/2024 17:00,1854,ct,15.075,20.283175,0.925,84.2,100675,2.07469,5.52,0
8219,12/12/2024 18:00,1291,ct,14.66666667,16.45346316,0.8,83.65,100707.5,1.72418425,5.88,0
8220,12/12/2024 19:00,888,ct,14.63157895,15.68438947,0.7,83.75,100755,1.4110655,6.24,0
8221,12/12/2024 20:00,609,ct,16.92307692,16.17323684,0.625,84.4,100792.5,1.3963915,4.68,0
8222,12/12/2024 21:00,440,ct,18.625,15.03358,0.5,85.33333333,100823.3333,0.848970333,3.52,0
8223,12/12/2024 22:00,216,ct,16.6,14.24962778,0.55,85.875,100857.5,1.8946925,6.12,0
8224,12/12/2024 23:00,150,ct,16.175,13.17443,0.4,86.625,100875,1.889738,5.88,0
8225,13/12/2024 00:00,113,pa,18.64102564,11.70084211,0.35,85.575,100887.5,1.15088825,4.44,0
8226,13/12/2024 01:00,124,pa,22.89189189,11.51655667,0.225,86.075,100922.5,2.109235,6,0
8227,13/12/2024 02:00,145,pa,20.95,15.064275,0.025,86.25,100945,2.4598375,7.08,0
8228,13/12/2024 03:00,482,pa,20.43589744,12.95111579,-0.05,86.05,100975,1.079203,4.32,0
8229,13/12/2024 04:00,1559,pa,19.425,16.659295,0.05,87.25,100975,2.0291675,6.12,0
8230,13/12/2024 05:00,2497,pa,18.89473684,14.6558,0.1,88.7,100986.6667,1.823661,5.76,0
8231,13/12/2024 06:00,2676,pa,20.82352941,15.72658824,0.133333333,89.56666667,100976.6667,1.987996667,5.28,0
8232,13/12/2024 07:00,2695,pa,22.28947368,13.60693158,0.375,89.6,100970,2.4339,7.8,0
8233,13/12/2024 08:00,2798,pa,23.15384615,12.53429474,0.5,89.9,100950,2.923195,8.28,0
8234,13/12/2024 09:00,2582,pa,23.05128205,13.41326316,0.575,90.375,100907.5,4.07792,9.36,0
8235,13/12/2024 10:00,2784,pa,25.26315789,14.07778333,0.55,90.15,100850,4.233295,9.84,0
8236,13/12/2024 11:00,2857,pa,21.82051282,14.511055,0.525,90.35,100780,4.2520325,9.48,0
8237,13/12/2024 12:00,2996,pa,22.30769231,14.14461579,0.475,90.25,100715,3.425395,9.24,0
8238,13/12/2024 13:00,2925,pa,20.75,15.827475,0.375,89.35,100665,3.897755,9.48,0
8239,13/12/2024 14:00,3092,pa,23.63157895,15.90915,0.533333333,88.23333333,100626.6667,2.51782,6.4,0
8240,13/12/2024 15:00,3092,pa,22.36842105,14.72930526,0.675,88.525,100570,2.77969,7.44,0
8241,13/12/2024 16:00,2561,pa,20.51282051,14.60231053,0.675,88.1,100502.5,2.6428825,7.2,0
8242,13/12/2024 17:00,1934,pa,12.975,13.35108,0.6,85.5,100455,3.8252925,9.24,0
8243,13/12/2024 18:00,1541,pa,12.74358974,14.35009474,0.6,84.825,100412.5,3.707745,9.6,0
8244,13/12/2024 19:00,1047,pa,15.27027027,13.00512222,0.575,85,100365,3.150015,6.96,0
8245,13/12/2024 20:00,652,pa,19.425,13.57058,0.575,83.9,100307.5,2.267935,7.68,0
8246,13/12/2024 21:00,561,pa,22.66666667,14.24282632,0.55,84.925,100227.5,3.8622075,10.2,0
8247,13/12/2024 22:00,382,pa,22.56756757,12.39985263,0.4,85.96666667,100176.6667,4.219043333,10.56,0
8248,13/12/2024 23:00,312,pa,22.74358974,12.30857895,0.375,87.45,100110,1.6919565,6,0
8249,14/12/2024 00:00,232,so,19.15384615,12.48765263,0.075,91.1,100030,1.13753475,3.96,0
8250,14/12/2024 01:00,208,so,21.66666667,12.57893684,-0.033333333,93.8,99973.33333,0.766971333,3.2,0
8251,14/12/2024 02:00,121,so,22.15384615,14.758355,-0.1,96.05,99915,0.64677425,2.76,0
8252,14/12/2024 03:00,229,so,29.20512821,13.69376316,-0.025,96.45,99825,1.008089,3.96,0
8253,14/12/2024 04:00,616,so,23.07692308,12.45333684,-0.05,96.8,99757.5,0.964898,3.36,0
8254,14/12/2024 05:00,850,so,19.44736842,11.56308421,0.15,95.175,99660,1.72554175,6.6,0
8255,14/12/2024 06:00,1121,so,14.38461538,9.529307368,0.35,89.5,99592.5,2.48121,8.04,0
8256,14/12/2024 07:00,1495,so,16.8,9.967734,0.5,87.43333333,99516.66667,1.478587667,5.44,0
8257,14/12/2024 08:00,1979,so,18.66666667,10.09966421,0.8,87.5,99430,1.34198,4.92,0
8258,14/12/2024 09:00,2323,so,18.73684211,9.597756842,1.9,83.9,99260,2.8236375,7.68,0
8259,14/12/2024 10:00,2416,so,16.66666667,7.982825263,3.2,76.1,98950,2.581915,9.72,0
8260,14/12/2024 11:00,2104,so,15.825,7.939109,4.15,71.775,98710,2.57303,7.32,0
8261,14/12/2024 12:00,2327,so,16.78947368,11.66726632,3.15,75.675,98655,1.392699,4.56,0
8262,14/12/2024 13:00,2467,so,14.51282051,17.97900526,3.025,76.825,98732.5,0.43163275,2.28,0
8263,14/12/2024 14:00,2537,so,13.56410256,17.59989474,3.05,78.175,98790,1.4392035,6.48,0
8264,14/12/2024 15:00,2282,so,14.38461538,16.21210526,2.6,81.25,98877.5,3.1304325,9.24,0
8265,14/12/2024 16:00,2064,so,11.87179487,13.174167,2.6,79.23333333,98943.33333,4.34799,13.92,0
8266,14/12/2024 17:00,1907,so,6.282051282,11.98166316,3.05,74.525,98905,4.0218825,14.76,0
8267,14/12/2024 18:00,1304,so,7.025,13.67267,3.175,76.1,98900,3.056755,12.72,0
8268,14/12/2024 19:00,1080,so,9.972972973,13.44342778,3.025,79.65,98920,2.054755,7.92,0
8269,14/12/2024 20:00,767,so,10.4,14.109375,2.7,83.025,98977.5,2.3165625,7.32,0
8270,14/12/2024 21:00,519,so,11.53846154,13.92632632,1.95,86.6,99050,3.1737025,8.64,0
8271,14/12/2024 22:00,346,so,10.73684211,14.5147,2.2,85.83333333,99096.66667,3.442593333,9.12,0
8272,14/12/2024 23:00,215,so,7.473684211,14.80441053,2.65,84.75,99067.5,2.997145,8.76,0
8273,15/12/2024 00:00,187,ne,5.710526316,15.03687778,2.7,86.25,99055,3.5457125,9.12,0
8274,15/12/2024 01:00,110,ne,3.205128205,14.435495,2.8,87.83333333,99083.33333,3.02635,8.32,0
8275,15/12/2024 02:00,87,ne,3.564102564,11.86434737,2.625,87.875,99112.5,2.422695,7.32,0
8276,15/12/2024 03:00,218,ne,2.95,11.46611,2.825,87.6,99157.5,1.83718,6.48,0
8277,15/12/2024 04:00,412,ne,2.052631579,14.70961579,3.65,86.7,99165,3.740325,9.84,0
8278,15/12/2024 05:00,500,ne,2.641025641,14.33756316,4.2,84.25,99127.5,4.379685,12.6,0
8279,15/12/2024 06:00,553,ne,2.846153846,13.38867368,4.375,82.8,99135,4.6342475,15.24,0
8280,15/12/2024 07:00,856,ne,2.8,11.693715,4.65,81.9,99210,5.095555,15,0
8281,15/12/2024 08:00,1227,ne,2.763157895,10.09276474,5.35,76.7,99132.5,3.59822,13.08,0
8282,15/12/2024 09:00,1495,ne,2.5,9.688775,5.533333333,77.4,99140,4.780266667,12.32,0
8283,15/12/2024 10:00,1852,ne,2.794871795,10.45614737,5.825,75.625,99097.5,3.87718,16.08,0
8284,15/12/2024 11:00,1907,ne,2.789473684,8.495852105,6.425,71.65,99005,3.852775,13.92,0
8285,15/12/2024 12:00,2349,ne,3.128205128,6.648234737,7.05,68.55,98907.5,4.3991525,13.08,0
8286,15/12/2024 13:00,2775,ne,3.868421053,9.141529474,6.45,70.45,98970,4.1780525,14.52,0
8287,15/12/2024 14:00,2437,ne,4.837837838,12.43474111,5.9,74.7,99100,3.759315,11.28,0
8288,15/12/2024 15:00,2282,ne,4.95,15.405645,5.15,79.875,99230,4.858855,14.04,0
8289,15/12/2024 16:00,2283,ne,4.868421053,18.36138421,4.675,84.95,99362.5,4.2656925,11.16,0
8290,15/12/2024 17:00,2208,ne,3.4,16.457475,4.525,88.275,99445,4.42342,13.32,0
8291,15/12/2024 18:00,1213,ne,3.605263158,17.65825556,4.45,91.725,99467.5,4.74475,11.76,0.175
8292,15/12/2024 19:00,833,ne,2.85,16.013925,4.833333333,90.3,99426.66667,4.413593333,10.56,0
8293,15/12/2024 20:00,442,ne,2.921052632,15.52698421,4.975,90.775,99390,4.7905125,12,0
8294,15/12/2024 21:00,265,ne,2.871794872,13.80233158,5.225,89.75,99345,4.4640375,11.4,0
8295,15/12/2024 22:00,166,ne,2.081081081,11.05306778,5.525,89.65,99302.5,5.59572,13.08,0
8296,15/12/2024 23:00,130,ne,1.631578947,10.76769789,6.025,89.125,99210,5.0916525,12.48,0
8297,16/12/2024 00:00,132,po,0.975,10.286768,6.925,87.425,99082.5,4.5454425,12.36,0
8298,16/12/2024 01:00,124,po,1.179487179,9.875748421,6.9,87.775,99032.5,5.303215,13.44,0
8299,16/12/2024 02:00,232,po,1.05,11.320523,7.1,89.125,98987.5,4.3938425,12.12,0
8300,16/12/2024 03:00,600,po,1.324324324,10.10506944,7.175,88.775,98985,4.7278625,12.84,0
8301,16/12/2024 04:00,1793,po,1.25,9.908723,7.3,88.1,98976.66667,5.457136667,15.04,0
8302,16/12/2024 05:00,2602,po,1.230769231,10.78645053,7.425,87.85,99012.5,4.878905,12.12,0
8303,16/12/2024 06:00,2788,po,0.794871795,8.9991885,7.9,84.925,98985,5.4960475,14.88,0
8304,16/12/2024 07:00,2741,po,3.974358974,9.358314737,7.775,86,99010,5.05264,13.92,0
8305,16/12/2024 08:00,2766,po,1.475,10.69539,8.55,85.75,98977.5,3.34141,10.8,0.175
8306,16/12/2024 09:00,2730,po,1.578947368,9.587397895,9.225,84.5,98887.5,4.2853225,12.48,0
8307,16/12/2024 10:00,2582,po,1.9,9.382572,8.925,85.9,98890,5.3768,16.92,0
8308,16/12/2024 11:00,2735,po,3.342105263,8.031583684,11.2,79.3,98702.5,5.2124125,15.72,0
8309,16/12/2024 12:00,2863,po,1.2,4.753874,12.025,75.675,98457.5,5.227395,18,0
8310,16/12/2024 13:00,2871,po,1.815789474,6.030487368,11.56666667,76.4,98410,4.28348,13.28,0
8311,16/12/2024 14:00,2973,po,2.475,7.586895,10.975,78,98500,4.533255,15.12,0
8312,16/12/2024 15:00,2736,po,2.1,11.581483,9.8,82.4,98705,4.7055075,12.48,0
8313,16/12/2024 16:00,2535,po,2.052631579,9.08018,9.9,80.125,98780,4.4257925,11.76,0
8314,16/12/2024 17:00,1676,po,2.358974359,9.200056,9.95,79.225,98787.5,3.890325,10.08,0
8315,16/12/2024 18:00,1197,po,2.875,8.949415,9.8,80,98802.5,3.9203925,11.4,0
8316,16/12/2024 19:00,786,po,3.820512821,9.026127368,9.7,80.725,98750,5.0566,13.8,0
8317,16/12/2024 20:00,593,po,1.769230769,10.044788,9.55,81.775,98760,3.61435,11.04,0
8318,16/12/2024 21:00,328,po,2.275,9.507483,9.825,80.575,98747.5,4.5823175,16.44,0
8319,16/12/2024 22:00,169,po,2.513513514,7.388317778,10.13333333,78.73333333,98676.66667,4.49637,17.28,0
8320,16/12/2024 23:00,106,po,1.153846154,6.966797368,10.4,76.93333333,98610,4.380663333,15.52,0
8321,17/12/2024 00:00,105,ut,0.897435897,5.9968665,10.55,74.825,98587.5,4.883905,18,0
8322,17/12/2024 01:00,113,ut,1.153846154,6.714625789,10.525,74.275,98565,4.9544725,16.08,0
8323,17/12/2024 02:00,162,ut,1.05,6.9697725,10.55,73.95,98550,4.20979,13.8,0
8324,17/12/2024 03:00,499,ut,1.5,8.360256842,10.5,73.175,98570,4.2213975,15.36,0
8325,17/12/2024 04:00,1593,ut,1.825,12.052297,10.225,75.925,98615,4.86287,16.2,0
8326,17/12/2024 05:00,2522,ut,1.8,10.073776,10.375,73.45,98647.5,4.2862525,14.64,0
8327,17/12/2024 06:00,2849,ut,2,11.65403579,10.175,73.025,98680,3.89138,12.48,0
8328,17/12/2024 07:00,2924,ut,2,13.078545,10.25,73.775,98755,4.5800425,14.4,0
8329,17/12/2024 08:00,2824,ut,2.897435897,10.60349474,10.5,71.9,98717.5,3.222475,10.08,0
8330,17/12/2024 09:00,2680,ut,2.025,8.699618,11,69.43333333,98610,3.0387,8.64,0
8331,17/12/2024 10:00,2763,ut,2.236842105,9.952147368,10.675,70.375,98637.5,3.8875075,13.68,0
8332,17/12/2024 11:00,2785,ut,2.125,10.1741975,10.675,70,98640,3.935955,15.96,0
8333,17/12/2024 12:00,2726,ut,2.289473684,9.175266316,10.8,69.45,98600,3.2406725,10.8,0
8334,17/12/2024 13:00,2750,ut,2.625,10.570105,10.875,68.875,98562.5,3.75952,12.72,0
8335,17/12/2024 14:00,3028,ut,5.368421053,15.54039474,10.2,71.7,98687.5,2.605895,8.88,0
8336,17/12/2024 15:00,2860,ut,11.675,20.1931,9.25,76.025,98912.5,2.217015,6.6,0
8337,17/12/2024 16:00,2446,ut,7.717948718,17.78636842,9.025,78.15,98927.5,2.761735,6.96,0
8338,17/12/2024 17:00,1848,ut,6.078947368,15.75221,8.4,82.175,99005,3.3957625,9.72,0
8339,17/12/2024 18:00,1165,ut,8.102564103,16.96848947,8.275,82.65,99035,4.196425,10.56,0
8340,17/12/2024 19:00,795,ut,7.975,16.54056,8.166666667,83.7,99030,3.023563333,8.32,0
8341,17/12/2024 20:00,547,ut,9.789473684,16.51446316,7.95,84,99032.5,2.58804,7.8,0
8342,17/12/2024 21:00,337,ut,8.1,16.05808,6.825,86.75,99162.5,2.9295,8.16,0
8343,17/12/2024 22:00,173,ut,7.054054054,14.15897222,5.3,90.6,99425,1.62498925,5.52,0
8344,17/12/2024 23:00,109,ut,11.95,14.567985,5.225,90.95,99442.5,1.27699025,4.68,0
8345,18/12/2024 00:00,95,st,9.076923077,11.62863158,5.175,91.2,99345,1.24462,3.84,0
8346,18/12/2024 01:00,100,st,9.307692308,12.211475,3.725,95.175,99452.5,0.83577925,2.88,0
8347,18/12/2024 02:00,139,st,4.973684211,11.34961158,2.75,97.275,99605,0.633889,2.88,0
8348,18/12/2024 03:00,436,st,3.9,10.944372,2.925,97.325,99597.5,0.6249575,2.52,0
8349,18/12/2024 04:00,1577,st,8.461538462,17.18982737,3.9,94.76666667,99383.33333,0.304995333,2.08,0
8350,18/12/2024 05:00,2384,st,12.41025641,34.58631,4.1,94.675,99262.5,0.1508732,1.08,0
8351,18/12/2024 06:00,2787,st,14.2,32.701745,4.05,96.075,99217.5,0.26519225,2.04,0
8352,18/12/2024 07:00,2974,st,13.53846154,39.87972105,4.4,95.05,99167.5,0.62105,3,0
8353,18/12/2024 08:00,2815,st,15.55,32.780345,6.125,89.05,98947.5,0.456489,2.52,0
8354,18/12/2024 09:00,2802,st,12.28947368,21.69719474,7.775,83.75,98627.5,1.78404325,5.04,0
8355,18/12/2024 10:00,2845,st,8.325,7.476227,8.675,80.475,98282.5,2.9897425,7.92,0
8356,18/12/2024 11:00,2750,st,9.205128205,5.954467895,9.075,79.9,98065,1.73422,6,0
8357,18/12/2024 12:00,2894,st,9.282051282,7.2051065,9.225,79.4,97960,1.92675,6.84,0
8358,18/12/2024 13:00,2814,st,10.58974359,7.768606842,9.725,76.45,97917.5,2.163274,6.84,0
8359,18/12/2024 14:00,2931,st,11.48717949,7.3566785,9.566666667,75.86666667,97860,3.75054,11.68,0
8360,18/12/2024 15:00,2801,st,8.205128205,8.375670526,9.65,74.625,97837.5,3.149425,9.36,0
8361,18/12/2024 16:00,2383,st,6.925,8.38253,9.225,75.525,97837.5,3.3242475,10.44,0
8362,18/12/2024 17:00,1745,st,6.775,8.1761865,8.9,75.625,97895,4.05843,10.8,0
8363,18/12/2024 18:00,1237,st,5.947368421,8.139208947,8.4,75.775,97895,4.8912325,11.64,0
8364,18/12/2024 19:00,865,st,5.2,9.271196,8.35,75.075,97932.5,5.0379275,13.44,0
8365,18/12/2024 20:00,555,st,6.538461538,13.53283158,8.775,74.5,97850,3.877865,11.64,0
8366,18/12/2024 21:00,324,st,20.61538462,34.7434,5.1,87.85,98220,1.620709,6.12,0
8367,18/12/2024 22:00,186,st,20.75675676,38.27485,5.066666667,90,98353.33333,0.791837667,3.68,0
8368,18/12/2024 23:00,146,st,21.875,37.22661,5.4,89.43333333,98200,2.206729667,6.08,0
8369,19/12/2024 00:00,87,ct,22.8974359,34.18981579,5.65,89.075,98082.5,1.434667,4.2,0
8370,19/12/2024 01:00,122,ct,20.43589744,33.104075,6.075,88.3,97955,2.273702,5.76,0
8371,19/12/2024 02:00,142,ct,21.56410256,30.80554737,5.275,91.575,97925,1.761533,6.48,0
8372,19/12/2024 03:00,455,ct,26.68421053,30.47778421,5.3,92.3,97837.5,0.9901395,3.84,0
8373,19/12/2024 04:00,1469,ct,22.675,26.35023,5.1,92.95,97740,1.25534225,4.68,0
8374,19/12/2024 05:00,2335,ct,20.61538462,24.56737632,5.05,93.5,97647.5,1.28270125,4.92,0
8375,19/12/2024 06:00,2563,ct,7.435897436,6.389811,8.975,82.3,97185,2.28774375,8.28,0
8376,19/12/2024 07:00,2764,ct,8.179487179,6.274827368,8.775,82.3,96897.5,2.6673925,10.08,0
8377,19/12/2024 08:00,2937,ct,4.675,21.098155,10.13333333,78.03333333,96690,1.576846667,5.12,0
8378,19/12/2024 09:00,2708,ct,4.578947368,16.71869263,10.2,79.325,96527.5,1.678374,4.68,0
8379,19/12/2024 10:00,2741,ct,3.275,15.778417,9.5,89.9,96485,2.0965175,7.2,0.0875
8380,19/12/2024 11:00,2833,ct,3.025641026,12.45824632,10.375,83,96282.5,3.9624025,12.96,0
8381,19/12/2024 12:00,2951,ct,3.4,10.463489,10.925,82.2,96045,3.2615525,9.12,0
8382,19/12/2024 13:00,3048,ct,2.435897436,11.458367,11.2,83.625,95877.5,3.4132475,10.08,0
8383,19/12/2024 14:00,2918,ct,7.421052632,10.63148211,11.275,83.6,95762.5,3.316245,10.92,0
8384,19/12/2024 15:00,2800,ct,3.95,10.761187,11.425,82.6,95707.5,3.62918,10.56,0
8385,19/12/2024 16:00,2363,ct,5.1,10.684929,11.125,83.825,95692.5,2.4369175,8.4,0
8386,19/12/2024 17:00,1793,ct,5.102564103,12.20548526,11.06666667,83.46666667,95670,4.249206667,10.72,0
8387,19/12/2024 18:00,1324,ct,4.153846154,15.04044,10.46666667,86.56666667,95756.66667,4.333436667,12.32,0.233333333
8388,19/12/2024 19:00,881,ct,1.256410256,8.943696842,9.3,83.8,96087.5,3.7163175,12.6,0
8389,19/12/2024 20:00,593,ct,1,9.718128,9,80.775,96297.5,4.08588,12.84,0
8390,19/12/2024 21:00,361,ct,1.078947368,9.613654737,8.55,80.15,96500,4.97962,17.04,0
8391,19/12/2024 22:00,230,ct,1.263157895,10.68726684,7.325,82.275,96775,6.2966775,17.04,0
8392,19/12/2024 23:00,121,ct,1.025641026,8.993584737,5.875,79.975,97235,5.0730875,15,0
8393,20/12/2024 00:00,133,pa,2.3,8.056831,6.05,75.475,97367.5,8.315855,21,0.0875
8394,20/12/2024 01:00,116,pa,3.256410256,7.177767,5.85,72.025,97540,7.899105,24,0
8395,20/12/2024 02:00,158,pa,2.307692308,8.591002105,5.95,72.225,97610,7.1406175,25.68,0
8396,20/12/2024 03:00,411,pa,2.35,10.294602,5.6,75.05,97687.5,7.6013125,22.56,0
8397,20/12/2024 04:00,1363,pa,2.236842105,11.63030632,5.566666667,75.86666667,97816.66667,6.50602,19.68,0
8398,20/12/2024 05:00,1963,pa,2.725,14.566435,5.525,77.375,97915,5.674105,16.92,0
8399,20/12/2024 06:00,2483,pa,3.179487179,13.76289474,5.625,76.55,98010,5.20461,15.6,0
8400,20/12/2024 07:00,2606,pa,4.1,16.676895,5.55,77.475,98125,4.48364,14.76,0
8401,20/12/2024 08:00,2692,pa,5.921052632,23.53379158,5.825,74.575,98180,4.9038225,13.68,0
8402,20/12/2024 09:00,2997,pa,5.925,10.381224,6.525,71.3,98135,5.9078325,16.68,0
8403,20/12/2024 10:00,2805,pa,5.333333333,9.727133158,6.325,71.725,98097.5,4.7425775,16.32,0
8404,20/12/2024 11:00,2674,pa,6.41025641,9.7488035,6.825,69.725,98165,5.909725,18.24,0
8405,20/12/2024 12:00,3055,pa,6.435897436,13.48529474,5.825,75.3,98275,4.70214,15.12,0
8406,20/12/2024 13:00,3014,pa,6.871794872,12.09955579,6.133333333,70.66666667,98353.33333,5.475456667,19.36,0
8407,20/12/2024 14:00,2995,pa,7.384615385,12.40081684,5.825,70.35,98472.5,4.1248725,12.24,0
8408,20/12/2024 15:00,2709,pa,7.128205128,15.46845,5.425,71.775,98625,2.9691375,9.96,0
8409,20/12/2024 16:00,2375,pa,7.1,15.340601,5.325,71.55,98770,3.995435,11.88,0
8410,20/12/2024 17:00,1895,pa,7.717948718,21.11891053,4.4,81.05,98917.5,3.494325,9.72,0
8411,20/12/2024 18:00,1312,pa,7.95,19.96548,4.425,80.35,99085,2.8323275,9,0
8412,20/12/2024 19:00,960,pa,6.736842105,13.31416842,4.925,76.875,98985,2.3485125,7.08,0
8413,20/12/2024 20:00,725,pa,9.125,14.474665,4.575,79.325,99020,2.8513275,7.56,0
8414,20/12/2024 21:00,617,pa,6.41025641,14.50756842,4.375,80.575,99050,2.3553175,6.48,0
8415,20/12/2024 22:00,331,pa,8.027027027,15.87203158,3.4,83.86666667,99223.33333,2.01801,5.12,0
8416,20/12/2024 23:00,315,pa,9.153846154,14.72748947,2,89.375,99485,1.0176665,3.6,0
8417,21/12/2024 00:00,185,so,6.275,14.62917,1.25,90.95,99667.5,1.04659775,3.36,0
8418,21/12/2024 01:00,134,so,8.282051282,13.07413684,0.925,88.7,99802.5,0.9258585,3.6,0
8419,21/12/2024 02:00,131,so,8.333333333,12.65388,0.725,88,99857.5,0.8231665,4.56,0
8420,21/12/2024 03:00,199,so,5.692307692,12.08016842,0.35,87.625,99882.5,1.6299725,5.16,0
8421,21/12/2024 04:00,463,so,5.625,12.85988,1.15,84.325,99765,2.382005,6,0
8422,21/12/2024 05:00,584,so,5.447368421,12.30023263,2.075,83.025,99545,2.10790575,7.56,0
8423,21/12/2024 06:00,948,so,6.315789474,12.77271667,2.166666667,84.7,99390,2.587743333,8.32,0
8424,21/12/2024 07:00,1288,so,5.625,13.539815,2.4,86.3,99350,2.6652375,8.28,0
8425,21/12/2024 08:00,1870,so,5.710526316,13.00983684,4.7,78.825,99150,3.0334,8.04,0
8426,21/12/2024 09:00,2287,so,4.282051282,11.347237,6.1,74.25,98737.5,4.79809,12.48,0
8427,21/12/2024 10:00,2255,so,2.974358974,10.89411895,6.025,76.575,98545,5.319185,13.2,0
8428,21/12/2024 11:00,2267,so,5.102564103,9.969200526,5.75,78.15,98450,6.060165,16.92,0
8429,21/12/2024 12:00,2303,so,4.947368421,10.77206947,5.575,78.65,98390,6.7999025,17.04,0
8430,21/12/2024 13:00,2524,so,4.55,10.671598,5.45,78.925,98390,6.25701,15.96,0
8431,21/12/2024 14:00,2305,so,3.307692308,11.64916842,5.425,79.25,98397.5,6.04528,15.72,0
8432,21/12/2024 15:00,2155,so,5.625,12.28875,5.2,81.225,98420,5.3029575,13.32,0
8433,21/12/2024 16:00,2012,so,4.236842105,13.00991053,5.266666667,81.6,98356.66667,5.103806667,13.92,0
8434,21/12/2024 17:00,1681,so,4,15.16803,5.025,84.625,98317.5,5.8682175,15.12,0
8435,21/12/2024 18:00,1275,so,4.128205128,14.57194737,4.65,87.325,98312.5,4.8553875,14.88,0
8436,21/12/2024 19:00,899,so,6.923076923,14.29119,4.525,87.85,98255,4.1348475,12.72,0
8437,21/12/2024 20:00,555,so,6.55,13.19517,4.6,88.575,98147.5,2.1380375,6.84,0
8438,21/12/2024 21:00,341,so,3.842105263,13.82926316,5.225,87.325,97935,3.8826475,11.04,0
8439,21/12/2024 22:00,270,so,3.184210526,12.32778947,5.166666667,88.63333333,97806.66667,2.889013333,10.24,0
8440,21/12/2024 23:00,187,so,2.641025641,10.08059789,5.625,85.8,97562.5,4.81034,14.64,0
8441,22/12/2024 00:00,144,ne,4.333333333,8.990212,6.125,83.975,97375,4.919595,12.96,0
8442,22/12/2024 01:00,114,ne,3.076923077,8.584333684,6.4,82.76666667,97220,5.48539,14.4,0
8443,22/12/2024 02:00,84,ne,2.575,10.563246,6.3,83.425,97137.5,5.9279375,15.6,0
8444,22/12/2024 03:00,172,ne,1.894736842,10.43342444,6.325,84.05,97027.5,7.6510225,17.04,0
8445,22/12/2024 04:00,368,ne,1.897435897,11.14066,6.3,85.725,96905,7.08946,16.68,0
8446,22/12/2024 05:00,430,ne,1.615384615,11.12268,6.6,85.35,96795,4.58444,13.44,0
8447,22/12/2024 06:00,599,ne,2.65,10.598345,6.625,85.925,96692.5,6.7483175,17.88,0
8448,22/12/2024 07:00,866,ne,2.868421053,10.16161158,7,84.5,96527.5,7.0063625,16.32,0
8449,22/12/2024 08:00,1289,ne,1.513513514,13.29521882,7.175,84.825,96440,4.38129,12.36,0
8450,22/12/2024 09:00,1748,ne,1.95,10.713755,7.3,84.9,96362.5,5.0594225,14.16,0
8451,22/12/2024 10:00,2009,ne,1.552631579,9.761882105,7.533333333,85.26666667,96246.66667,6.052523333,17.28,0
8452,22/12/2024 11:00,2043,ne,1.5,8.924456,7.875,83.85,96155,5.10641,12.36,0
8453,22/12/2024 12:00,2235,ne,2.487179487,6.910439474,8.55,76.8,96025,5.061985,14.16,0
8454,22/12/2024 13:00,2208,ne,2.605263158,8.748238421,8,78,96025,5.0516725,14.4,0
8455,22/12/2024 14:00,2283,ne,3.743589744,11.30718526,7,81.95,96235,3.166665,8.88,0
8456,22/12/2024 15:00,2008,ne,3.794871795,11.811568,6.025,84.425,96495,2.4358075,7.68,0
8457,22/12/2024 16:00,1883,ne,2.897435897,14.45121158,5.6,80.225,96640,1.9376125,7.2,0
8458,22/12/2024 17:00,1525,ne,3.333333333,15.89844706,5.05,81.65,96785,2.1491325,7.2,0
8459,22/12/2024 18:00,1197,ne,3.65,17.428325,4.725,85.05,96907.5,2.0534125,6.84,0
8460,22/12/2024 19:00,710,ne,3.153846154,19.527,4.2,89.86666667,97050,3.05403,7.84,0
8461,22/12/2024 20:00,484,ne,2.512820513,15.832255,4.05,88.15,97180,2.956455,8.76,0
8462,22/12/2024 21:00,287,ne,1.743589744,11.99038,4.2,80.8,97250,3.938455,12.48,0
8463,22/12/2024 22:00,192,ne,2.459459459,11.57278,4.25,77.375,97300,4.13105,12.36,0
8464,22/12/2024 23:00,135,ne,2.368421053,11.93512632,4.1,78.15,97417.5,2.9885475,10.92,0
8465,23/12/2024 00:00,108,po,2.075,11.191342,3.675,80,97512.5,2.056095,7.8,0
8466,23/12/2024 01:00,103,po,3,10.84869579,3.575,80,97627.5,0.90792575,3.6,0
8467,23/12/2024 02:00,128,po,3.815789474,11.47728632,3.4,80.9,97690,0.785469,2.52,0
8468,23/12/2024 03:00,302,po,3.102564103,12.87895789,3.325,80.85,97760,1.6561425,5.64,0
8469,23/12/2024 04:00,827,po,2.846153846,13.99774211,2.833333333,85.4,97820,2.320173333,5.92,0
8470,23/12/2024 05:00,1024,po,3.41025641,14.85695,3.025,85,97892.5,1.387225,4.2,0
8471,23/12/2024 06:00,1249,po,4.179487179,18.98813684,3,83.825,97952.5,1.76577,4.92,0
8472,23/12/2024 07:00,1733,po,4.756756757,20.16403333,2.525,86.65,98107.5,2.44495,6.72,0
8473,23/12/2024 08:00,2171,po,5.076923077,19.36547579,5.225,72.925,98017.5,2.3892475,7.32,0
8474,23/12/2024 09:00,2411,po,3.538461538,12.737384,7.475,61.125,97675,2.4654625,7.8,0
8475,23/12/2024 10:00,2507,po,3.41025641,8.417925263,8.3,57.3,97312.5,2.682435,8.76,0
8476,23/12/2024 11:00,2117,po,4.615384615,8.597963684,8.025,58.925,97202.5,3.81869,8.88,0
8477,23/12/2024 12:00,2445,po,3.868421053,7.409100526,8.275,60.3,97065,4.2648825,11.4,0
8478,23/12/2024 13:00,2458,po,2.41025641,15.98710632,5.525,69.35,97472.5,4.18575,12.72,0
8479,23/12/2024 14:00,2357,po,3.175,21.604965,5.133333333,72.46666667,97730,2.131346667,6.88,0
8480,23/12/2024 15:00,2242,po,3.307692308,19.99541053,4.8,75.625,97892.5,2.816535,7.92,0
8481,23/12/2024 16:00,1899,po,6.105263158,26.17423684,4.425,82.775,98047.5,1.48575825,4.8,0
8482,23/12/2024 17:00,1259,po,12.12820513,22.71964211,4.225,85,98167.5,1.889325,6.84,0
8483,23/12/2024 18:00,952,po,10.65,25.92673,3.8,90.725,98297.5,2.1119775,6.12,0.0875
8484,23/12/2024 19:00,611,po,9.5,22.12104211,3.15,97,98455,1.376505,4.2,0.35
8485,23/12/2024 20:00,447,po,6.564102564,22.608625,3.175,96.7,98557.5,1.4743675,5.16,0.0875
8486,23/12/2024 21:00,260,po,5.205128205,21.41649474,3.825,92.875,98597.5,1.61581475,5.88,0.0875
8487,23/12/2024 22:00,178,po,6.552631579,17.11038421,3.966666667,90.7,98630,2.010616667,8,0
8488,23/12/2024 23:00,113,po,5.307692308,13.49539,4.133333333,88.23333333,98646.66667,2.807376667,10.4,0.116666667
8489,24/12/2024 00:00,74,ut,4.923076923,10.61270842,4.325,84.55,98657.5,5.5840325,15.12,0
8490,24/12/2024 01:00,74,ut,4.564102564,9.768732632,4.425,80.55,98730,4.6239575,12.96,0
8491,24/12/2024 02:00,49,ut,5.025641026,8.838388421,4.275,77.05,98807.5,2.04451,5.76,0
8492,24/12/2024 03:00,126,ut,3.358974359,8.5787245,4.375,74.5,98900,4.0219,12.6,0
8493,24/12/2024 04:00,215,ut,3.076923077,10.49961053,4.175,74.425,98982.5,3.435435,10.8,0
8494,24/12/2024 05:00,267,ut,2.710526316,10.82532211,4.075,74.5,99107.5,3.419975,10.68,0
8495,24/12/2024 06:00,443,ut,2.947368421,15.97734316,3.975,77.95,99220,3.4631975,10.56,0
8496,24/12/2024 07:00,697,ut,3.5,16.27932,3.875,82.825,99327.5,2.48775,8.04,0
8497,24/12/2024 08:00,1199,ut,3.282051282,24.29097895,4.133333333,82.8,99380,2.21227,7.52,0
8498,24/12/2024 09:00,1590,ut,2.615384615,17.02146316,4.8,79.725,99337.5,2.9743725,10.32,0
8499,24/12/2024 10:00,1577,ut,3.473684211,15.35718947,4.525,83.5,99350,3.506605,10.56,0
8500,24/12/2024 11:00,1374,ut,3.615384615,12.16071684,4.675,79.375,99362.5,3.8012725,9.6,0
8501,24/12/2024 12:00,1149,ut,4.075,11.589541,4.8,75.85,99410,4.6211475,12.84,0
8502,24/12/2024 13:00,1042,ut,3.394736842,10.70001895,4.85,73.825,99475,5.6022875,14.4,0
8503,24/12/2024 14:00,1057,ut,4.538461538,12.59329684,4.725,73.875,99620,3.0844375,10.56,0
8504,24/12/2024 15:00,736,ut,4.487179487,13.35064737,4.25,74.875,99787.5,1.92078525,5.88,0
8505,24/12/2024 16:00,529,ut,7.358974359,19.499175,2.525,82.15,100160,0.949145,4.44,0
8506,24/12/2024 17:00,436,ut,13.84615385,17.51396842,1.4,86.76666667,100450,1.997133333,5.76,0
8507,24/12/2024 18:00,425,ut,10.36842105,18.06221579,0.675,91.65,100620,1.21621525,3.72,0
8508,24/12/2024 19:00,555,ut,14.8,16.58446,0.9,91.075,100670,1.9937,6.24,0
8509,24/12/2024 20:00,473,ut,20.05263158,17.24173333,0.75,91.925,100750,1.838155,5.52,0
8510,24/12/2024 21:00,311,ut,14.675,19.672725,-0.35,95.65,101027.5,0.608425,3.24,0
8511,24/12/2024 22:00,221,ut,12.61111111,17.24302778,-0.933333333,97.36666667,101206.6667,1.257004333,3.84,0
8512,24/12/2024 23:00,117,ut,14.825,14.16363,-1.175,97.375,101317.5,1.329,4.2,0
8513,25/12/2024 00:00,77,st,17.92307692,13.70612105,-2.125,98.725,101472.5,0.746765,3,0
8514,25/12/2024 01:00,58,st,17.55263158,14.06193158,-2.366666667,99,101570,0.942933333,3.2,0
8515,25/12/2024 02:00,51,st,14.94871795,12.39154842,-2.675,99.15,101642.5,0.414200975,1.8,0
8516,25/12/2024 03:00,116,st,17.76923077,14.17644737,-3.025,99.35,101755,0.387129275,1.92,0
8517,25/12/2024 04:00,190,st,15.53846154,17.563035,-3.4,99.475,101857.5,0.216408,1.68,0
8518,25/12/2024 05:00,222,st,13.58974359,16.84652105,-3.675,99.3,101920,0.445160275,1.68,0
8519,25/12/2024 06:00,201,st,18.64102564,22.50967368,-3.9,99.125,102020,0.21449125,1.56,0
8520,25/12/2024 07:00,299,st,21.21052632,21.14534737,-3.25,97.6,102085,0.651148675,2.64,0
8521,25/12/2024 08:00,784,st,20.35897436,23.1636255,0.85,84.075,101692.5,0.848413,3,0
8522,25/12/2024 09:00,1347,st,28.41025641,20.29588421,4.075,76.35,101137.5,1.52612075,4.32,0
8523,25/12/2024 10:00,1721,st,34.26315789,16.17068789,4.566666667,75.36666667,100760,2.58572,6.4,0
8524,25/12/2024 11:00,1285,st,32.30769231,10.40991632,6.375,72.825,100462.5,2.021085,5.4,0
8525,25/12/2024 12:00,1518,st,10.02564103,9.227603158,7.125,67.575,100067.5,2.14731,5.4,0
8526,25/12/2024 13:00,1533,st,7.15,12.597016,7.8,66.1,99907.5,0.9683795,3.48,0
8527,25/12/2024 14:00,1591,st,8.105263158,31.22465263,3.075,82.675,100597.5,0.629081,2.52,0
8528,25/12/2024 15:00,1733,st,12.07692308,37.27409474,0.5,91.85,101180,0.932899,3.12,0
8529,25/12/2024 16:00,1555,st,18.76923077,29.71966316,-0.55,95.625,101525,0.63007675,3.36,0
8530,25/12/2024 17:00,1159,st,23.48717949,31.93507,-1.375,97.05,101737.5,0.48557225,2.4,0
8531,25/12/2024 18:00,742,st,19.8974359,24.54551579,-1.633333333,97,101810,1.680647,4.48,0
8532,25/12/2024 19:00,525,st,16.41025641,18.09971053,-2.05,97.75,101870,0.89316625,3.84,0
8533,25/12/2024 20:00,365,st,21.65789474,21.37352105,-2.575,98.8,102000,0.18136835,1.2,0
8534,25/12/2024 21:00,252,st,22.30769231,19.09001579,-2.75,98.875,102045,0.889654,3.96,0
8535,25/12/2024 22:00,175,st,18.60526316,12.40585789,-3.1,98.8,102103.3333,0.898201333,3.04,0
8536,25/12/2024 23:00,109,st,19.76923077,12.98911053,-3.475,98.95,102172.5,0.5397885,2.4,0
8537,26/12/2024 00:00,57,ct,19.53846154,13.558891,-3.8,98.9,102230,0.483536,1.92,0
8538,26/12/2024 01:00,35,ct,21.89473684,12.37290556,-4.1,98.75,102302.5,0.39359725,2.52,0
8539,26/12/2024 02:00,51,ct,25.975,13.008455,-4.133333333,98.86666667,102340,0.316421667,2.4,0
8540,26/12/2024 03:00,121,ct,35.26315789,16.62535263,-4.025,99.25,102307.5,0.27354765,2.04,0
8541,26/12/2024 04:00,235,ct,35.3,15.98414,-4.3,99.475,102330,0.63068645,2.04,0
8542,26/12/2024 05:00,231,ct,44.53846154,19.02279474,-4.225,99.85,102362.5,0.25938375,2.04,0
8543,26/12/2024 06:00,237,ct,55.42105263,15.67487222,-3.75,100,102232.5,1.9210725,4.32,0
8544,26/12/2024 07:00,481,ct,45.53846154,16.71086,-3.05,100,102142.5,0.344591825,1.92,0
8545,26/12/2024 08:00,761,ct,40.46153846,18.91669474,-1.95,100,102010,0.071713125,0.96,0
8546,26/12/2024 09:00,1494,ct,31.2,19.811735,-1.325,100,101837.5,0.33690525,2.28,0
8547,26/12/2024 10:00,1834,ct,30.63157895,16.09633684,-0.866666667,100,101720,0.227701,2.4,0
8548,26/12/2024 11:00,1596,ct,28.38461538,19.83428947,-0.8,100,101600,0.60954775,2.52,0
8549,26/12/2024 12:00,1804,ct,34.66666667,21.94298947,-0.55,100,101550,0.5998715,2.28,0
8550,26/12/2024 13:00,1716,ct,32.65,27.19262,-0.525,100,101550,1.03539025,3.6,0
8551,26/12/2024 14:00,1872,ct,27.31578947,31.99551579,-1.05,100,101637.5,0.731572,3,0
8552,26/12/2024 15:00,1732,ct,29.64102564,36.60908421,-1.15,100,101665,0.57176575,3.12,0
8553,26/12/2024 16:00,1658,ct,26.18421053,32.40147895,-1.475,100,101697.5,0.81976375,3.36,0
8554,26/12/2024 17:00,1305,ct,26.23076923,37.87000526,-1.525,100,101762.5,0.633624,2.76,0
8555,26/12/2024 18:00,871,ct,28.125,31.57337,-1.95,100,101822.5,1.3163125,4.08,0
8556,26/12/2024 19:00,569,ct,22.47368421,20.77264211,-2.3,100,101876.6667,0.580002667,2.88,0
8557,26/12/2024 20:00,330,ct,21.66666667,25.79946842,-2.55,99.975,101900,1.38198475,3.96,0
8558,26/12/2024 21:00,220,ct,18.79487179,29.220375,-3.05,99.6,102000,1.43694275,3.6,0
8559,26/12/2024 22:00,127,ct,22.35135135,21.51093889,-3.125,99.475,102027.5,1.533291,4.56,0
8560,26/12/2024 23:00,122,ct,21.475,20.750255,-3.325,99.325,102037.5,2.0499025,5.28,0
8561,27/12/2024 00:00,77,pa,19.13157895,27.17369474,-3.65,99.175,102052.5,2.68401,5.4,0
8562,27/12/2024 01:00,68,pa,19.21052632,27.51583333,-3.875,98.975,102090,2.349335,4.68,0
8563,27/12/2024 02:00,94,pa,18.84615385,29.78752105,-3.833333333,98.96666667,102073.3333,2.21245,4.96,0
8564,27/12/2024 03:00,247,pa,19.38461538,27.141795,-3.925,98.925,102070,0,0,0
8565,27/12/2024 04:00,663,pa,17.69230769,22.11821579,-3.925,98.9,102045,0,0,0
8566,27/12/2024 05:00,819,pa,14.55,18.60963,-4.1,98.8,102072.5,0,0,0
8567,27/12/2024 06:00,978,pa,14.73684211,22.37634737,-4.3,98.675,102110,0,0,0
8568,27/12/2024 07:00,1284,pa,16.58974359,17.27783684,-4.4,98.55,102170,0,0,0
8569,27/12/2024 08:00,1709,pa,19,18.77267368,-3.925,98.825,102102.5,0,0,0
8570,27/12/2024 09:00,2127,pa,19.13157895,15.70072632,-3.5,99.1,101972.5,0,0,0
8571,27/12/2024 10:00,2210,pa,19.775,17.80743,-3.133333333,99.43333333,101806.6667,0,0,0
8572,27/12/2024 11:00,2403,pa,28.48648649,21.02722632,-2.65,99.75,101647.5,0,0,0
8573,27/12/2024 12:00,2498,pa,42.79487179,26.09125263,-2.525,99.925,101545,0,0,0
8574,27/12/2024 13:00,2456,pa,34.84615385,30.95479474,-2.15,100,101460,0,0,0
8575,27/12/2024 14:00,2444,pa,40.575,40.57225,-2.425,100,101475,0,0,0
8576,27/12/2024 15:00,2310,pa,44.28947368,36.12447368,-2.45,100,101500,0,0,0
8577,27/12/2024 16:00,1982,pa,37.66666667,34.35804211,-2.725,99.975,101535,0,0,0
8578,27/12/2024 17:00,1381,pa,33.38461538,32.22065263,-3,99.825,101580,0,0,0
8579,27/12/2024 18:00,1000,pa,22.5,26.26757895,-3.3,99.63333333,101633.3333,0,0,0
8580,27/12/2024 19:00,676,pa,22.74358974,24.88630526,-3.325,99.525,101655,0,0,0
8581,27/12/2024 20:00,483,pa,22.46153846,42.66487895,-3.525,99.45,101670,0,0,0
8582,27/12/2024 21:00,332,pa,17,23.255595,-3.65,99.375,101685,0,0,0
8583,27/12/2024 22:00,203,pa,15.61111111,26.31213889,-4,99.13333333,101686.6667,0,0,0
8584,27/12/2024 23:00,144,pa,18.35897436,25.19528947,-4.125,99.025,101662.5,0,0,0
8585,28/12/2024 00:00,90,so,20.15384615,26.65804211,-4.2,98.975,101655,0,0,0
8586,28/12/2024 01:00,89,so,23.12820513,28.262845,-4.233333333,98.93333333,101663.3333,0,0,0
8587,28/12/2024 02:00,97,so,16.79487179,21.43520526,-4.475,98.775,101682.5,0,0,0
8588,28/12/2024 03:00,165,so,18.13157895,21.50206667,-4.6,98.675,101695,0,0,0
8589,28/12/2024 04:00,316,so,22.3,22.005215,-4.55,98.725,101660,0,0,0
8590,28/12/2024 05:00,409,so,26.65789474,25.32689474,-4.575,98.675,101647.5,0,0,0
8591,28/12/2024 06:00,681,so,24.175,25.125235,-4.65,98.65,101647.5,0.95308775,3.48,0
8592,28/12/2024 07:00,813,so,23.15384615,20.34561053,-4.675,98.6,101670,0.17808375,0.72,0
8593,28/12/2024 08:00,1172,so,25.97368421,18.08767895,-4.475,98.6,101635,0,0,0
8594,28/12/2024 09:00,1648,so,32.56410256,22.26754737,-4.1,98.73333333,101546.6667,0,0,0
8595,28/12/2024 10:00,1816,so,30.675,20.74899,-3.325,98.925,101360,0,0,0
8596,28/12/2024 11:00,1853,so,37.92307692,23.13761053,-3.1,98.325,101200,0.6838225,2.4,0
8597,28/12/2024 12:00,2067,so,36.63157895,25.28494211,-2.825,97.875,101122.5,0.70159275,3.12,0
8598,28/12/2024 13:00,2065,so,41.1025641,26.26546842,-2.675,97.8,101100,0.9228815,3.24,0
8599,28/12/2024 14:00,1953,so,47.15384615,32.54045263,-3,98.425,101160,0.97939075,3.72,0
8600,28/12/2024 15:00,1948,so,52.69230769,37.86485,-3.2,99.05,101220,0.87960225,3.6,0
8601,28/12/2024 16:00,1849,so,42.61538462,38.31031579,-3.175,99.125,101225,0.66207825,2.88,0
8602,28/12/2024 17:00,1451,so,34.75,27.831845,-3.366666667,99.33333333,101253.3333,0.787651,3.04,0
8603,28/12/2024 18:00,944,so,28.23076923,23.05953684,-3.675,99.225,101300,1.21630975,3.96,0
8604,28/12/2024 19:00,630,so,27.65789474,25.06931053,-3.9,99.15,101362.5,0.96839625,3.48,0
8605,28/12/2024 20:00,536,so,29.84615385,25.5405,-4.125,99.3,101382.5,1.55954725,4.32,0
8606,28/12/2024 21:00,281,so,28.35897436,21.82512105,-4.2,99.15,101380,0.856196,3.6,0
8607,28/12/2024 22:00,203,so,32.67567568,23.65658947,-4.266666667,99.1,101376.6667,1.5157,4,0
8608,28/12/2024 23:00,122,so,32.46153846,28.08928947,-4.2,99.425,101362.5,0.96271025,3.48,0
8609,29/12/2024 00:00,127,ne,27.64102564,25.50996842,-4.166666667,99.4,101316.6667,0.640250333,3.52,0
8610,29/12/2024 01:00,87,ne,27.33333333,25.91054737,-4.15,99.425,101295,1.08605175,3.24,0
8611,29/12/2024 02:00,89,ne,24.38461538,25.01061,-4.3,99.4,101265,0.55372475,2.64,0
8612,29/12/2024 03:00,122,ne,24.69230769,24.82529474,-4.25,99.3,101252.5,0.63091825,3.12,0
8613,29/12/2024 04:00,263,ne,24.1025641,23.45993684,-4.425,99.15,101255,0.99237475,3.48,0
8614,29/12/2024 05:00,324,ne,28.89473684,24.24936316,-4.375,99.075,101272.5,0.76115675,3.12,0
8615,29/12/2024 06:00,451,ne,29.46153846,23.91372105,-4.45,99.075,101275,0.67033325,2.76,0
8616,29/12/2024 07:00,583,ne,27.825,22.401485,-4.475,98.95,101315,1.7920125,4.44,0
8617,29/12/2024 08:00,921,ne,32.1025641,20.07512632,-4.433333333,98.5,101320,2.26704,5.6,0
8618,29/12/2024 09:00,1414,ne,31.43589744,18.593705,-3.925,98.075,101262.5,1.51517725,4.08,0
8619,29/12/2024 10:00,1651,ne,27.23684211,17.05313333,-3.325,96.375,101070,1.166526,3.84,0
8620,29/12/2024 11:00,1879,ne,25.725,18.018805,-3.025,95.9,100927.5,0.936229,3.84,0
8621,29/12/2024 12:00,1935,ne,28.69230769,21.97271579,-2.925,95.55,100885,1.5714225,4.56,0
8622,29/12/2024 13:00,2074,ne,30.74358974,26.951625,-2.875,96.025,100887.5,1.5613275,4.92,0
8623,29/12/2024 14:00,2041,ne,33.56410256,29.39573158,-2.95,96.875,100942.5,0.6563705,4.2,0
8624,29/12/2024 15:00,2057,ne,36.78947368,30.91387778,-3.125,98.1,101022.5,1.38122275,4.2,0
8625,29/12/2024 16:00,1746,ne,39.17948718,33.875755,-3.166666667,98.46666667,101083.3333,1.400256667,4.8,0
8626,29/12/2024 17:00,1439,ne,43.66666667,32.54273158,-3.125,98.875,101095,0.95422375,3.72,0
8627,29/12/2024 18:00,912,ne,43.025,31.154005,-3.125,99.1,101115,1.05695175,4.08,0
8628,29/12/2024 19:00,652,ne,42.44736842,29.13470526,-3.25,99.85,101132.5,1.5954975,4.32,0
8629,29/12/2024 20:00,438,ne,42.46153846,26.72284737,-2.975,100,101127.5,1.16462175,4.32,0
8630,29/12/2024 21:00,239,ne,39.85,25.36785,-2.95,100,101115,1.18199825,4.44,0
8631,29/12/2024 22:00,151,ne,41.37142857,25.68830588,-2.833333333,100,101126.6667,0.975638,3.52,0
8632,29/12/2024 23:00,101,ne,41.975,25.17403,-2.733333333,100,101103.3333,0.716241333,2.72,0
8633,30/12/2024 00:00,108,po,43.27027027,25.69987778,-2.825,100,101095,1.35806025,4.56,0
8634,30/12/2024 01:00,74,po,44.92105263,26.83854737,-2.95,100,101132.5,2.21340275,5.64,0
8635,30/12/2024 02:00,90,po,50.02564103,26.79152105,-3,100,101140,1.0317945,3.48,0
8636,30/12/2024 03:00,251,po,41.4,24.60523,-2.825,100,101115,0.851193,3.24,0
8637,30/12/2024 04:00,714,po,41.18421053,22.15496842,-2.5,99.85,101087.5,0.62872625,3.12,0
8638,30/12/2024 05:00,936,po,69.225,25.82261,-2.825,99.75,101105,1.0392165,3.72,0
8639,30/12/2024 06:00,1128,po,77.76923077,27.78563684,-2.875,100,101137.5,0.70716075,3.48,0
8640,30/12/2024 07:00,1500,po,72.05405405,27.69570556,-2.633333333,99.93333333,101170,0.407879667,2.88,0
8641,30/12/2024 08:00,1730,po,48.7,22.691115,-2.325,98.6,101125,0.681224,2.88,0
8642,30/12/2024 09:00,2177,po,37.92307692,18.92853684,-1.65,95,101042.5,0.87733175,3.36,0
8643,30/12/2024 10:00,2193,po,24.5,11.612019,1.5,82.1,100685,1.253122,3.84,0
8644,30/12/2024 11:00,2180,po,23.39473684,12.44673474,3.075,77.55,100185,1.8043075,4.68,0
8645,30/12/2024 12:00,2472,po,31.25,16.721425,0.925,86.625,100120,2.46079,6.36,0
8646,30/12/2024 13:00,2495,po,33.78378378,22.39781667,-0.4,93.225,100475,1.77982375,4.2,0
8647,30/12/2024 14:00,2331,po,32.3,23.82985,-0.475,94.95,100602.5,1.059353,3.96,0
8648,30/12/2024 15:00,2099,po,33.12820513,28.44634737,-0.666666667,96.13333333,100686.6667,0.696610333,2.72,0
8649,30/12/2024 16:00,1974,po,34.69230769,28.14933,-0.675,96.975,100712.5,1.6447325,4.2,0
8650,30/12/2024 17:00,1370,po,30.52631579,20.68422222,-1.1,97.775,100747.5,1.5643025,5.28,0
8651,30/12/2024 18:00,953,po,20.92105263,16.75992222,-1.35,98.1,100805,1.3276835,4.56,0
8652,30/12/2024 19:00,689,po,20.84615385,18.476685,-1.475,98.7,100835,1.68264825,4.44,0
8653,30/12/2024 20:00,467,po,19.20512821,15.54146316,-1.575,98.65,100875,2.40507,6.6,0
8654,30/12/2024 21:00,243,po,17.175,14.328545,-1.8,98.575,100920,1.66335,4.56,0
8655,30/12/2024 22:00,214,po,19.42857143,14.27520588,-1.833333333,98.76666667,100936.6667,1.327166667,4.16,0
8656,30/12/2024 23:00,135,po,18.025,15.084545,-2.066666667,98.6,100946.6667,1.190056667,4,0
8657,31/12/2024 00:00,116,ut,17.41025641,14.5147,-2.425,98.675,100985,1.8340725,4.8,0
8658,31/12/2024 01:00,71,ut,14.325,13.966635,-2.6,98.575,101052.5,1.5139725,4.32,0
8659,31/12/2024 02:00,88,ut,16.21052632,13.68844211,-2.625,98.575,101102.5,1.24570275,3.84,0
8660,31/12/2024 03:00,175,ut,17.23076923,18.11325789,-2.7,98.725,101090,1.77739,6.6,0
8661,31/12/2024 04:00,530,ut,17.35897436,22.25448947,-2.575,99.125,101062.5,0.92182175,3.72,0
8662,31/12/2024 05:00,652,ut,16.54054054,27.24225789,-2.525,98.575,101042.5,2.186285,5.4,0
8663,31/12/2024 06:00,699,ut,18.125,25.83533,-2.5,98.55,101045,1.06879225,4.08,0
8664,31/12/2024 07:00,948,ut,18.71794872,25.18391053,-2.366666667,98.46666667,101056.6667,0.409074333,2.4,0
8665,31/12/2024 08:00,1320,ut,19.6,21.95608,-2.05,97.4,101015,1.32855575,4.32,0
8666,31/12/2024 09:00,1465,ut,20.52631579,19.43464737,-1.775,96.05,100945,1.561555,4.44,0
8667,31/12/2024 10:00,1571,ut,21.05128205,19.14987895,-1.6,96.525,100847.5,2.1190025,5.64,0
8668,31/12/2024 11:00,1711,ut,19.94736842,16.05840526,-1.65,96.575,100775,3.3096,7.44,0
8669,31/12/2024 12:00,1765,ut,18.4,16.71592,-1.175,95.55,100662.5,1.67664275,4.68,0
8670,31/12/2024 13:00,1640,ut,15.31578947,17.15680526,-1.225,96.5,100587.5,2.012825,5.52,0
8671,31/12/2024 14:00,1469,ut,17.36842105,18.09226667,-1.075,97.05,100562.5,1.5571425,4.68,0
8672,31/12/2024 15:00,1330,ut,18.84615385,20.23979,-1.133333333,97.43333333,100580,1.451166333,4,0
8673,31/12/2024 16:00,1104,ut,20.84615385,17.30634737,-1.075,97.75,100580,0.9050365,3.12,0
8674,31/12/2024 17:00,796,ut,19.275,16.418445,-1.2,97.675,100577.5,1.3558675,4.68,0
8675,31/12/2024 18:00,523,ut,25.36842105,17.43261579,-1.225,98.4,100582.5,0.99229225,3.36,0
8676,31/12/2024 19:00,342,ut,24.48717949,16.23693158,-1.2,98.5,100550,1.210651,4.08,0
8677,31/12/2024 20:00,245,ut,24.43589744,15.22167895,-1.275,99.125,100487.5,1.9027925,5.88,0
8678,31/12/2024 21:00,249,ut,23.92307692,15.260395,-1.45,98,100457.5,2.7687825,6.36,0
8679,31/12/2024 22:00,185,ut,25.91891892,18.93968889,-1.7,99.03333333,100480,1.313292333,4.48,0
8680,31/12/2024 23:00,146,ut,55.41025641,21.03742632,-2.1,99.5,100533.3333,1.757613333,6.4,0
8681,01/01/2025 00:00,272,st,41.63157895,19.61041579,-2.575,99.975,100575,2.4699375,6.48,0
8682,01/01/2025 01:00,139,st,35.63157895,16.87484444,-3.125,100,100690,1.76729475,5.4,0
8683,01/01/2025 02:00,112,st,33.84615385,16.38601053,-3.2,100,100712.5,2.79664975,7.8,0
8684,01/01/2025 03:00,138,st,33.64102564,17.68668,-3.5,99.7,100720,1.6181,5.64,0
8685,01/01/2025 04:00,248,st,35.53846154,17.79003158,-3.375,99.925,100642.5,0.93222775,3.36,0
8686,01/01/2025 05:00,245,st,40.92105263,18.18782105,-3.475,99.95,100570,2.226586,5.4,0
8687,01/01/2025 06:00,202,st,41.58974359,16.81652632,-3.975,100,100585,3.1790225,6.72,0
8688,01/01/2025 07:00,158,st,44.12820513,16.05655263,-3.966666667,99.83333333,100656.6667,0.710734667,3.36,0
8689,01/01/2025 08:00,276,st,53.33333333,15.64008,-2.375,99.25,100430,0.6590545,3.96,0
8690,01/01/2025 09:00,537,st,47.76923077,14.43414737,-0.1,93.3,100067.5,1.0232375,4.2,0
8691,01/01/2025 10:00,777,st,31.20512821,15.02216158,1.925,91.125,99630,3.03648,9.72,0
8692,01/01/2025 11:00,1095,st,7.552631579,9.185589474,5.875,80.925,98892.5,5.94517,15.84,0
8693,01/01/2025 12:00,1101,st,5.775,4.737458,6.95,70.175,98430,7.1467075,17.52,0
8694,01/01/2025 13:00,1260,st,5.605263158,4.21602,7.275,63.625,98227.5,9.7532175,23.28,0
8695,01/01/2025 14:00,1433,st,6.6,4.61372,6.95,62.85,98160,10.8948875,26.28,0
8696,01/01/2025 15:00,1391,st,8.564102564,6.598776316,6.45,64.05,98227.5,11.20097,23.4,0
8697,01/01/2025 16:00,1317,st,9.263157895,10.07030722,6.233333333,64.66666667,98263.33333,9.787566667,24.48,0
8698,01/01/2025 17:00,1002,st,8.487179487,13.257193,6.125,65,98260,7.3283675,21.48,0
8699,01/01/2025 18:00,587,st,10.74358974,11.50815053,5.125,68.2,98377.5,5.595885,13.2,0
8700,01/01/2025 19:00,343,st,11.20512821,12.43831053,4.975,67.75,98360,7.74047,16.2,0
8701,01/01/2025 20:00,270,st,10.56410256,11.83901,5.025,66.8,98315,5.452305,15.36,0
8702,01/01/2025 21:00,180,st,9.487179487,8.259492105,5.65,63.425,98130,8.1438525,20.16,0
8703,01/01/2025 22:00,115,st,8.710526316,4.573643158,7.233333333,55.46666667,97850,8.8191,21.12,0
8704,01/01/2025 23:00,78,st,5.538461538,4.396385263,7.3,54.975,97665,6.9898625,16.92,0
8705,02/01/2025 00:00,93,ct,6.512820513,4.21602,8.25,50.75,97502.5,6.2071175,15,0
8706,02/01/2025 01:00,61,ct,3.41025641,4.241126316,9.166666667,48.73333333,97283.33333,7.686326667,19.68,0
8707,02/01/2025 02:00,112,ct,2.384615385,5.504634211,9.175,50.275,97145,7.09608,18.24,0
8708,02/01/2025 03:00,361,ct,2.184210526,7.277271579,9.325,50.225,97080,7.3216825,19.68,0
8709,02/01/2025 04:00,1136,ct,2.512820513,9.718229474,9.2,53.025,97047.5,7.294685,18.48,0
8710,02/01/2025 05:00,1500,ct,2.974358974,13.159375,8.8,58,97070,6.594455,16.68,0
8711,02/01/2025 06:00,1460,ct,2.567567568,19.19425556,8.5,64.925,97162.5,5.111645,15.84,0
8712,02/01/2025 07:00,1591,ct,2.425,25.90738,7.5,77.15,97345,4.766845,14.52,0
8713,02/01/2025 08:00,1706,ct,2.717948718,30.66458947,6.75,82.625,97520,3.4847975,10.08,0
8714,02/01/2025 09:00,1969,ct,1.256410256,28.206585,5.85,80.25,97730,3.169505,11.04,0
8715,02/01/2025 10:00,2135,ct,1.743589744,23.39050526,5.733333333,80.53333333,97756.66667,1.79332,5.44,0
8716,02/01/2025 11:00,2045,ct,1.333333333,22.90466316,5.525,80.275,97762.5,2.51201,8.16,0
8717,02/01/2025 12:00,2137,ct,2.564102564,25.17171053,4.9,84.325,97865,2.3423675,6.84,0
8718,02/01/2025 13:00,2343,ct,2.375,24.54435,4.025,86.775,98005,2.3853175,6.6,0.0875
8719,02/01/2025 14:00,2403,ct,7.315789474,20.61057895,3.3,91.125,98160,2.6203975,6.6,0
8720,02/01/2025 15:00,2099,ct,7.102564103,22.73311053,2.9,90.4,98302.5,1.282027,5.28,0
8721,02/01/2025 16:00,1698,ct,8.897435897,18.97556842,2.8,88.45,98387.5,1.11985325,4.68,0
8722,02/01/2025 17:00,1308,ct,11.86842105,19.35958947,1.375,94.275,98630,1.128005,3.96,0
8723,02/01/2025 18:00,841,ct,15.35,21.386265,-0.1,96.175,98960,1.07181725,4.92,0
8724,02/01/2025 19:00,593,ct,14.84615385,22.00678421,-0.666666667,95.46666667,99173.33333,0.848045333,2.88,0
8725,02/01/2025 20:00,352,ct,13.81578947,21.77664211,-0.475,94.275,99260,0.60624325,3.6,0
8726,02/01/2025 21:00,276,ct,7.1,17.157745,1.5,87.15,99102.5,1.20795825,4.44,0
8727,02/01/2025 22:00,178,ct,5.405405405,15.35579444,2.6,82.475,98892.5,1.6278375,6.84,0
8728,02/01/2025 23:00,72,ct,5.256410256,12.90911053,2.775,80.875,98765,2.08002,8.04,0
8729,03/01/2025 00:00,75,pa,7.175,11.780578,2.775,78.475,98707.5,2.87111,9.24,0
8730,03/01/2025 01:00,85,pa,5.538461538,11.23259053,2.125,80.175,98795,2.1356525,6.48,0
8731,03/01/2025 02:00,89,pa,3.315789474,9.629443684,3.05,74.775,98725,3.320305,10.92,0
8732,03/01/2025 03:00,315,pa,2.897435897,10.93988737,2.666666667,76.5,98693.33333,2.292973333,8,0
8733,03/01/2025 04:00,1242,pa,3.625,11.896486,2.325,79.525,98740,2.01927,6.24,0
8734,03/01/2025 05:00,1539,pa,5.315789474,12.73425263,2,80.75,98770,2.7497025,8.52,0
8735,03/01/2025 06:00,1797,pa,3.925,14.80593,1.675,81.825,98887.5,2.2050275,6.72,0
8736,03/01/2025 07:00,1715,pa,3.820512821,13.33530632,2.1,78.45,98865,2.8372975,8.28,0
8737,03/01/2025 08:00,1733,pa,2.578947368,13.90984667,3.525,73.95,98717.5,4.234155,12.6,0
8738,03/01/2025 09:00,2125,pa,2.256410256,10.133964,4.475,68.025,98505,4.97436,15.72,0
8739,03/01/2025 10:00,2046,pa,1.794871795,9.864193158,4.7,64.425,98307.5,6.15874,18.48,0
8740,03/01/2025 11:00,2038,pa,1.525,8.0596135,4.6,62.05,98195,6.61624,19.44,0
8741,03/01/2025 12:00,2379,pa,2.552631579,11.05878579,3.9,67.9,98260,5.93004,21.6,0
8742,03/01/2025 13:00,2482,pa,2,11.35513737,3.825,65.175,98285,6.02992,18,0
8743,03/01/2025 14:00,2574,pa,1.947368421,17.25236842,2.575,77.825,98440,4.7851175,12.96,0
8744,03/01/2025 15:00,2239,pa,1.725,12.972301,3.025,69.95,98517.5,6.3594875,17.4,0
8745,03/01/2025 16:00,1979,pa,1.763157895,12.17098105,2.7,68.175,98582.5,7.7591275,22.32,0
8746,03/01/2025 17:00,1459,pa,1.948717949,14.44310526,2.375,69.45,98697.5,5.0477925,13.8,0
8747,03/01/2025 18:00,792,pa,2.526315789,19.49415789,1.4,80.975,98847.5,4.2844025,13.2,0
8748,03/01/2025 19:00,442,pa,3.512820513,21.59592105,0.85,87.825,99062.5,2.823535,8.4,0
8749,03/01/2025 20:00,340,pa,2.578947368,17.43922222,1.25,80.625,99127.5,4.8488475,14.04,0
8750,03/01/2025 21:00,396,pa,2.162162162,16.23100556,1.3,78.33333333,99173.33333,4.58998,13.6,0
8751,03/01/2025 22:00,101,pa,2.594594595,21.29511111,0.3,88.075,99300,3.243843,9.6,0
8752,03/01/2025 23:00,111,pa,2.578947368,14.2641,1.35,75.2,99342.5,5.09993,15.6,0
8753,04/01/2025 00:00,109,so,2.512820513,14.87737,1.1,72.85,99395,5.61519,17.16,0
8754,04/01/2025 01:00,74,so,2.769230769,15.91138947,1.4,72.525,99415,5.9524125,17.4,0
8755,04/01/2025 02:00,79,so,2.153846154,14.39842632,1.25,73.35,99405,6.643295,18.72,0
8756,04/01/2025 03:00,196,so,3.026315789,14.53601579,0.975,72.425,99565,5.684855,17.28,0
8757,04/01/2025 04:00,357,so,2.9,15.09818,0.95,72.875,99640,4.2493675,12.96,0
8758,04/01/2025 05:00,522,so,3.918918919,19.01388889,0.633333333,73.4,99706.66667,4.5291,13.44,0
8759,04/01/2025 06:00,742,so,6.394736842,19.94159474,-1.225,81.425,100007.5,1.4626775,5.28,0
8760,04/01/2025 07:00,881,so,5.615384615,18.38883158,-0.675,80.225,100150,1.750945,4.8,0
8761,04/01/2025 08:00,1259,so,4.564102564,14.79752684,1.1,72.6,99802.5,2.5164225,7.8,0
8762,04/01/2025 09:00,1380,so,4.564102564,15.33951,2.675,69.425,99510,2.7700975,7.08,0
8763,04/01/2025 10:00,1606,so,4.769230769,12.70609684,3.65,66.875,99170,2.990025,7.68,0
8764,04/01/2025 11:00,1703,so,4.58974359,11.93403368,3.1,70.35,99117.5,2.85249,7.68,0
8765,04/01/2025 12:00,1934,so,5.973684211,12.72372632,2.35,72.9,99185,3.733675,9.48,0
8766,04/01/2025 13:00,1844,so,5.275,13.3887,2,71.7,99220,4.734643333,11.84,0
8767,04/01/2025 14:00,1877,so,6.666666667,15.56265789,1.725,70.55,99285,3.9367075,11.4,0
8768,04/01/2025 15:00,2023,so,8.897435897,17.545605,0.575,77.35,99480,0.83021325,3.72,0
8769,04/01/2025 16:00,1770,so,11.17948718,21.39875789,-0.4,83.2,99680,0.4912635,2.28,0
8770,04/01/2025 17:00,1467,so,10.75675676,17.87578889,0.525,78.95,99577.5,2.06536,6.72,0
8771,04/01/2025 18:00,998,so,10.35897436,16.863795,0.225,82.075,99505,1.7423125,5.4,0
8772,04/01/2025 19:00,745,so,17.64102564,18.83021053,-0.975,87.475,99702.5,0.932028,3.36,0
8773,04/01/2025 20:00,423,so,16.4,16.18224,-1.55,88.575,99812.5,2.7580275,6.72,0
8774,04/01/2025 21:00,297,so,13.15789474,15.36591579,-2.833333333,92.16666667,99890,0.949467333,3.52,0
8775,04/01/2025 22:00,169,so,14.94736842,15.71343158,-3.325,92.975,100052.5,1.03739025,4.32,0
8776,04/01/2025 23:00,132,so,14.38461538,17.00561579,-4.575,94.45,100165,0.92354525,3.36,0
8777,05/01/2025 00:00,113,ne,13.15,13.16266,-5.275,95,100250,1.2039805,4.2,0
8778,05/01/2025 01:00,93,ne,14.19444444,13.37508889,-5.05,94.125,100147.5,1.94496,4.92,0
8779,05/01/2025 02:00,73,ne,13.87179487,14.50030526,-4.875,94.9,100007.5,0.17205115,1.32,0
8780,05/01/2025 03:00,154,ne,16.675,22.276575,-4.8,95.675,99915,0.072846,1.2,0
8781,05/01/2025 04:00,323,ne,18.59459459,21.60644737,-4.6,95.675,99845,0.287995,2.16,0
8782,05/01/2025 05:00,385,ne,21.175,26.325245,-4.533333333,95.96666667,99740,0.362622667,2.88,0
8783,05/01/2025 06:00,403,ne,26.39473684,26.27861111,-4.1,95.025,99607.5,0.70504625,3.12,0
8784,05/01/2025 07:00,588,ne,29.53846154,24.51658,-3.65,94.65,99455,0.67127325,2.88,0
8785,05/01/2025 08:00,789,ne,31.30769231,58.80700526,-3,93.1,99282.5,0.69558425,3,0
8786,05/01/2025 09:00,929,ne,34.875,19.718605,-2.5,94.625,99087.5,1.27166125,5.28,0
8787,05/01/2025 10:00,1069,ne,30.15789474,19.54703889,-2.4,96.225,98890,2.225575,7.32,0
8788,05/01/2025 11:00,1183,ne,23.23684211,19.22567368,-2.325,97.15,98757.5,1.190018,4.44,0
8789,05/01/2025 12:00,1260,ne,24.6,21.774295,-1.875,96.775,98555,1.131219,4.32,0
8790,05/01/2025 13:00,1320,ne,20.43589744,22.22478947,-1.766666667,95.93333333,98443.33333,0.688431667,3.04,0
8791,05/01/2025 14:00,1425,ne,23.575,34.38315,-2,97,98435,0.575454,2.88,0
8792,05/01/2025 15:00,1265,ne,24.86486486,34.91833333,-1.7,98.025,98380,0.969484,3.96,0
8793,05/01/2025 16:00,1117,ne,23.15,24.505315,-1.325,97.825,98272.5,0.7744485,3.12,0
8794,05/01/2025 17:00,980,ne,20.94871795,42.02197895,-1.175,98.05,98195,0.64705725,2.88,0
8795,05/01/2025 18:00,675,ne,17.18421053,31.318045,-1,98.45,98125,1.694187,4.2,0
8796,05/01/2025 19:00,460,ne,16.41025641,31.11232632,-0.7,98.875,97982.5,0.40378175,1.92,0
8797,05/01/2025 20:00,297,ne,14.07894737,28.27332778,-0.35,99.1,97907.5,0,0,0
8798,05/01/2025 21:00,228,ne,13.46153846,28.80881,-0.233333333,99.23333333,97876.66667,0,0,0.116666667
8799,05/01/2025 22:00,117,ne,11.60526316,29.27131053,-0.15,99.075,97825,0,0,0
8800,05/01/2025 23:00,81,ne,10.225,25.69762,-0.125,98.275,97817.5,0,0,0
8801,06/01/2025 00:00,103,po,11.39473684,24.24368421,-0.15,97.95,97777.5,0,0,0
8802,06/01/2025 01:00,62,po,15.23076923,22.72535789,-0.025,98.15,97742.5,0,0,0
8803,06/01/2025 02:00,143,po,15.46153846,27.27136316,-0.025,98.65,97707.5,0,0,0
8804,06/01/2025 03:00,397,po,16.84615385,20.74644,-0.025,98.875,97702.5,0,0,0
8805,06/01/2025 04:00,1530,po,23.15789474,36.54908947,0.025,99.175,97687.5,0,0,0
8806,06/01/2025 05:00,2310,po,32.07692308,23.1165,0.133333333,99.3,97650,0,0,0
8807,06/01/2025 06:00,2583,po,39.78947368,25.35532105,0.225,99.675,97647.5,0,0,0
8808,06/01/2025 07:00,2415,po,45.63157895,20.37909474,0.3,100,97620,0,0,0
8809,06/01/2025 08:00,2025,po,48,27.79426316,0.5,100,97562.5,0,0,0
8810,06/01/2025 09:00,2113,po,61.89473684,31.52987368,0.7,100,97520,0,0,0
8811,06/01/2025 10:00,2112,po,59.23076923,22.687275,1.025,99.925,97477.5,0,0,0
8812,06/01/2025 11:00,2223,po,62.46153846,27.59114737,1.2,99,97385,0,0,0
8813,06/01/2025 12:00,2295,po,72.1025641,26.06139474,1.2,99.05,97350,0,0,0
8814,06/01/2025 13:00,2480,po,69.47368421,31.59068947,1.433333333,99.13333333,97333.33333,0.135363333,0.96,0.116666667
8815,06/01/2025 14:00,2725,po,66.125,31.76617,1.4,99.425,97292.5,0.244447675,1.56,0.175
8816,06/01/2025 15:00,2364,po,84.1025641,41.57382105,0.975,100,97350,0.240582725,1.56,0.175
8817,06/01/2025 16:00,1942,po,83.78947368,41.17291579,0.9,100,97382.5,0.0704935,0.72,0
8818,06/01/2025 17:00,1358,po,79.48717949,37.86189474,0.95,100,97395,0.59444525,2.88,0.175
8819,06/01/2025 18:00,927,po,82.65,35.90813,0.9,100,97440,0.39507675,2.4,0
8820,06/01/2025 19:00,521,po,81.07894737,30.93248421,0.95,100,97472.5,0.25016225,1.68,0.175
8821,06/01/2025 20:00,341,po,65.41025641,28.78380526,0.975,100,97555,0.779709075,3.48,0
8822,06/01/2025 21:00,294,po,61.84615385,27.69759474,1,100,97600,0.670751,2.88,0.116666667
8823,06/01/2025 22:00,156,po,66.97297297,28.48186842,1.1,100,97642.5,0.44310675,2.28,0.0875
8824,06/01/2025 23:00,78,po,55.07692308,27.68983158,1.15,100,97670,0.88855995,3.48,0.0875
8825,07/01/2025 00:00,82,ut,71.3,25.70494,1.075,100,97685,0.4542949,2.4,0.0875
8826,07/01/2025 01:00,119,ut,42.56410256,24.10832632,1.075,100,97742.5,1.324133,3.84,0
8827,07/01/2025 02:00,178,ut,34.92105263,22.35046842,1.075,100,97787.5,1.306296,4.32,0.0875
8828,07/01/2025 03:00,438,ut,35.74358974,23.63571053,0.925,100,97815,0.82317725,3.6,0.0875
8829,07/01/2025 04:00,1636,ut,45.4,90.128915,0.875,100,97842.5,1.18176325,3.72,0
8830,07/01/2025 05:00,2423,ut,47.02631579,26.12792632,0.775,100,97865,1.14335575,3.6,0
8831,07/01/2025 06:00,2550,ut,44.74358974,28.5575,0.566666667,100,97916.66667,4.111166667,9.12,0
8832,07/01/2025 07:00,2544,ut,42.71052632,26.47669,0.525,100,97947.5,2.12622775,6,0
8833,07/01/2025 08:00,2294,ut,47.31578947,27.16605789,1.125,100,97915,1.91300075,5.64,0.0875
8834,07/01/2025 09:00,2214,ut,23.875,18.2084055,2.8,99.9,97765,1.6447425,6,0.2625
8835,07/01/2025 10:00,2206,ut,5.105263158,7.463635,4.85,94.25,97452.5,1.56652075,5.4,0.35
8836,07/01/2025 11:00,2238,ut,3.35,7.7311315,4.875,92.1,97322.5,4.3967275,11.52,1.225
8837,07/01/2025 12:00,2137,ut,3.076923077,8.370295263,5.55,86.175,97105,5.461095,14.88,0.0875
8838,07/01/2025 13:00,2705,ut,2.923076923,7.639659,6.9,76.375,96865,4.659175,12.96,0
8839,07/01/2025 14:00,2746,ut,3.947368421,7.949148889,4.666666667,83.3,97170,3.086016667,9.28,0
8840,07/01/2025 15:00,2446,ut,6.5,10.3827825,3.825,85.55,97447.5,2.6894725,7.44,0
8841,07/01/2025 16:00,1982,ut,2.710526316,11.00608632,3.35,88,97615,5.00404,14.04,0
8842,07/01/2025 17:00,1376,ut,4.923076923,10.06136632,2.775,84.525,97770,3.763745,10.2,0
8843,07/01/2025 18:00,961,ut,3.8,10.11971,2.45,82.55,97940,3.91257,10.44,0
8844,07/01/2025 19:00,648,ut,4.157894737,13.38852211,2.25,83.525,97997.5,3.4344575,9.48,0
8845,07/01/2025 20:00,366,ut,8.717948718,13.01433158,1.7,86.9,98095,2.0550175,6.72,0
8846,07/01/2025 21:00,316,ut,5.051282051,13.75488421,2.325,86.475,97980,2.4992325,8.64,0
8847,07/01/2025 22:00,126,ut,3.972972973,12.80630526,1.9,88.73333333,98020,2.850396667,8.64,0
8848,07/01/2025 23:00,87,ut,4.578947368,11.01910632,2.233333333,86.73333333,97956.66667,1.675006667,5.76,0
8849,08/01/2025 00:00,67,st,7.230769231,11.359822,1.75,87.925,97970,2.832515,8.52,0
8850,08/01/2025 01:00,76,st,3.631578947,11.52869474,0.675,90.95,98152.5,1.6627525,5.64,0
8851,08/01/2025 02:00,141,st,2.789473684,11.19294667,1.45,88.725,98022.5,2.5290075,7.08,0
8852,08/01/2025 03:00,386,st,2.55,11.397665,1.8,88.275,97870,1.8138575,5.16,0
8853,08/01/2025 04:00,1585,st,4.051282051,11.87476842,1.95,88.975,97815,1.5843275,4.92,0
8854,08/01/2025 05:00,2392,st,2.974358974,12.439605,2.65,86.8,97747.5,2.167705,6.72,0
8855,08/01/2025 06:00,2610,st,2.230769231,15.85994737,2.825,89.475,97727.5,4.4050825,11.28,0
8856,08/01/2025 07:00,2509,st,3.282051282,16.00503158,2.6,92.075,97807.5,3.793465,10.56,0
8857,08/01/2025 08:00,2357,st,3.108108108,14.18374737,3.033333333,90.13333333,97813.33333,3.595876667,9.76,0
8858,08/01/2025 09:00,2234,st,2.820512821,16.46096316,3.225,89.6,97777.5,2.74858,7.32,0
8859,08/01/2025 10:00,2165,st,2.3,15.978395,3.475,89.05,97760,2.322195,7.92,0
8860,08/01/2025 11:00,2422,st,2.769230769,11.59399895,4.125,82.675,97637.5,2.526345,7.56,0
8861,08/01/2025 12:00,2364,st,2.9,12.92814,4.325,83.45,97550,2.5785325,8.04,0.0875
8862,08/01/2025 13:00,2726,st,4.702702703,12.81807778,4.675,80.425,97535,2.5084875,7.56,0
8863,08/01/2025 14:00,2818,st,4.461538462,12.34870105,3.9,82.75,97662.5,1.30818125,4.44,0
8864,08/01/2025 15:00,2559,st,4.974358974,12.95418947,3.35,83.35,97837.5,2.00855,6.48,0
8865,08/01/2025 16:00,2065,st,5.564102564,14.47427,2.833333333,84.8,97956.66667,1.39879,4.96,0
8866,08/01/2025 17:00,1503,st,6.461538462,14.89412105,2.775,85.5,98012.5,0.8231555,3.48,0
8867,08/01/2025 18:00,938,st,7.615384615,14.885815,2.95,85.775,97995,1.05079425,3.96,0
8868,08/01/2025 19:00,577,st,5.078947368,15.57968421,3.425,85.625,97935,4.03945975,11.88,0
8869,08/01/2025 20:00,346,st,5.184210526,14.51387778,3.2,86.375,97832.5,6.282205,12,0
8870,08/01/2025 21:00,243,st,5.025,16.868425,2.2,92.25,97900,3.05930425,7.08,0.0875
8871,08/01/2025 22:00,77,st,8.756756757,19.80536111,0.933333333,97.96666667,97976.66667,0.27356127,1.6,0
8872,08/01/2025 23:00,73,st,15.76923077,19.45136,0.7,99.225,97950,0.731844,3.24,0
8873,09/01/2025 00:00,71,ct,12.71794872,22.68295263,0.8,99.525,97870,0.7586565,3.48,0
8874,09/01/2025 01:00,82,ct,19.30769231,22.14491053,0.9,99.76666667,97856.66667,0.953216,3.36,0
8875,09/01/2025 02:00,156,ct,20.57894737,20.53251579,0.925,99.825,97815,0.5502765,3,0
8876,09/01/2025 03:00,392,ct,22.5,34.64572222,0.975,99.9,97792.5,0.89482925,3.48,0.0875
8877,09/01/2025 04:00,1546,ct,16.23076923,50.08108947,1.15,99.875,97745,0.46783825,2.52,0.0875
8878,09/01/2025 05:00,2400,ct,17.73684211,44.66494737,1.275,99.725,97685,1.0875255,4.44,0.175
8879,09/01/2025 06:00,2617,ct,24.74358974,37.39234737,1.45,99.4,97650,1.53759025,4.56,0.0875
8880,09/01/2025 07:00,2475,ct,20.825,26.130065,1.5,99.05,97650,1.15529025,4.2,0.0875
8881,09/01/2025 08:00,2386,ct,22.12820513,38.66741579,2.1,98.475,97562.5,0.467058,2.52,0.0875
8882,09/01/2025 09:00,2423,ct,24.47368421,34.06602632,3.2,95.125,97305,0.796924,3.84,0
8883,09/01/2025 10:00,2311,ct,22.30769231,25.45477368,5.133333333,88.63333333,97010,0.472571,3.36,0
8884,09/01/2025 11:00,2440,ct,21.79487179,20.74768,4.4,92.875,96840,1.608895,4.8,0
8885,09/01/2025 12:00,2602,ct,22.58974359,28.57914211,4.625,94.175,96730,1.630033,4.56,0
8886,09/01/2025 13:00,2870,ct,26.57894737,35.4065,4.85,95.575,96650,0.423547,2.4,0
8887,09/01/2025 14:00,2892,ct,31.12820513,38.57403158,4.75,97.425,96580,0.973392,3.36,0.0875
8888,09/01/2025 15:00,2593,ct,34.325,49.25386,4.475,99.2,96585,0.443885,2.64,0.35
8889,09/01/2025 16:00,2009,ct,38.17948718,49.30402105,4.35,99.875,96517.5,2.719455,7.2,0.175
8890,09/01/2025 17:00,1539,ct,33.55263158,39.87144211,4.6,100,96390,2.9832575,8.76,0.2625
8891,09/01/2025 18:00,918,ct,10.69230769,24.16553737,5.433333333,96.33333333,96456.66667,4.084156667,14.08,0.933333333
8892,09/01/2025 19:00,640,ct,0.615384615,4.532692632,3.05,83.475,96982.5,7.8613375,25.68,0
8893,09/01/2025 20:00,390,ct,0.615384615,4.803033,3,78.075,97345,7.293795,20.52,0
8894,09/01/2025 21:00,270,ct,1.025641026,8.256134211,2.65,79.475,97707.5,5.5400725,17.4,0
8895,09/01/2025 22:00,168,ct,1.210526316,9.754592632,2.7,80.975,97977.5,4.6037225,14.28,0
8896,09/01/2025 23:00,88,ct,1.307692308,14.13368947,1.925,91.05,98245,4.38747,13.44,0.0875
8897,10/01/2025 00:00,76,pa,1.615384615,12.580291,2.075,89.425,98425,4.2864825,14.04,0
8898,10/01/2025 01:00,91,pa,1.289473684,8.500695556,2.85,77.75,98400,7.38628,23.88,0
8899,10/01/2025 02:00,141,pa,1.153846154,8.554675263,2.925,76.3,98345,7.5014225,21.84,0
8900,10/01/2025 03:00,435,pa,1.743589744,11.711722,2.233333333,82.76666667,98423.33333,4.337056667,15.52,0
8901,10/01/2025 04:00,1546,pa,1.769230769,12.42250105,2.025,81.975,98527.5,3.6059225,11.88,0
8902,10/01/2025 05:00,2298,pa,2.076923077,12.8732,2,79.075,98590,4.8333825,16.32,0
8903,10/01/2025 06:00,2423,pa,2.078947368,11.41680316,2.1,75.2,98677.5,5.8378875,22.92,0
8904,10/01/2025 07:00,2467,pa,2.564102564,9.935649474,2.275,70.1,98760,6.760325,20.76,0
8905,10/01/2025 08:00,2387,pa,3.051282051,8.555535263,3.575,63.4,98660,4.55761,14.4,0
8906,10/01/2025 09:00,2378,pa,3.282051282,11.3314795,2.875,68.75,98555,4.093645,11.16,0
8907,10/01/2025 10:00,2528,pa,3.256410256,13.04725789,2.95,71.6,98635,3.55968,9.96,0
8908,10/01/2025 11:00,2564,pa,2.897435897,13.69361579,3.775,71.35,98480,3.946285,12.96,0
8909,10/01/2025 12:00,2570,pa,2.512820513,11.49584105,5.333333333,67.93333333,98210,4.849183333,14.88,0
8910,10/01/2025 13:00,2903,pa,2.512820513,10.58093211,4.325,67.425,98230,5.9262775,18.48,0
8911,10/01/2025 14:00,2987,pa,2.307692308,10.5820325,4.175,64.025,98352.5,5.2321925,17.16,0
8912,10/01/2025 15:00,2814,pa,2.58974359,13.83096842,2.875,67.475,98632.5,5.3427375,19.08,0
8913,10/01/2025 16:00,2475,pa,3.307692308,15.67217368,2.25,69.25,98847.5,4.799835,14.76,0
8914,10/01/2025 17:00,1961,pa,4.394736842,16.49701579,1.9,70.375,98950,3.470595,14.64,0
8915,10/01/2025 18:00,1120,pa,3.775,17.040885,1.75,73,99012.5,3.215185,10.44,0
8916,10/01/2025 19:00,735,pa,5.487179487,17.68810526,1.575,75.675,99042.5,3.304545,10.92,0
8917,10/01/2025 20:00,542,pa,4.275,18.317615,1.666666667,78.33333333,99016.66667,3.796243333,13.12,0
8918,10/01/2025 21:00,382,pa,4,18.86173684,1.575,78.525,99005,3.0825425,9.84,0
8919,10/01/2025 22:00,229,pa,5.189189189,22.55547222,0.525,91.475,99125,2.8677375,8.76,0
8920,10/01/2025 23:00,233,pa,4.564102564,19.96377368,1.65,81.4,99080,3.728745,11.16,0
8921,11/01/2025 00:00,184,so,4.236842105,20.15982105,1.5,82.3,99017.5,3.0334975,10.68,0
8922,11/01/2025 01:00,115,so,3.825,15.04548,1.525,79.15,99045,2.9406575,8.16,0
8923,11/01/2025 02:00,103,so,3.947368421,16.27502632,1.525,79.25,99055,2.919215,10.44,0
8924,11/01/2025 03:00,195,so,3.307692308,15.01889474,1.775,76.075,99032.5,4.7467725,17.04,0
8925,11/01/2025 04:00,431,so,3.179487179,18.21595263,1.125,81.025,99077.5,4.666175,13.32,0
8926,11/01/2025 05:00,561,so,2.717948718,10.350423,0.433333333,71.03333333,99293.33333,4.21016,12,0
8927,11/01/2025 06:00,768,so,1.974358974,11.98687474,0.25,71.025,99390,3.14564,10.92,0
8928,11/01/2025 07:00,1033,so,2.7,15.33098,0.25,75.725,99407.5,5.1109175,15.84,0
8929,11/01/2025 08:00,1543,so,2.842105263,17.01573333,0.075,79.4,99442.5,4.7350425,14.16,0
8930,11/01/2025 09:00,1834,so,2.552631579,20.36771579,0.225,79.4,99472.5,3.3822575,11.64,0
8931,11/01/2025 10:00,1841,so,2.25,11.856269,0.6,71.325,99355,7.050425,20.04,0
8932,11/01/2025 11:00,1890,so,2.743589744,12.96866316,0.625,71.725,99335,7.14364,21,0
8933,11/01/2025 12:00,2101,so,2.342105263,12.91979895,1.375,68.425,99202.5,7.3047475,22.8,0
8934,11/01/2025 13:00,2205,so,2.461538462,12.95534842,1.55,67.5,99132.5,8.41847,24.6,0
8935,11/01/2025 14:00,2036,so,2.256410256,11.75068,1.866666667,66.96666667,99173.33333,8.174473333,23.52,0
8936,11/01/2025 15:00,2051,so,1.897435897,13.79909474,1.9,68.275,99225,7.845885,22.32,0
8937,11/01/2025 16:00,2059,so,1.974358974,13.8324,1.925,68.6,99302.5,8.8408275,23.76,0
8938,11/01/2025 17:00,1735,so,2.210526316,14.11738333,2.05,69.3,99342.5,8.2582925,24.48,0
8939,11/01/2025 18:00,1118,so,2.769230769,13.46463684,2.025,69.45,99332.5,11.59325,25.2,0
8940,11/01/2025 19:00,728,so,2.435897436,13.284485,1.9,69.4,99377.5,12.6705,31.08,0
8941,11/01/2025 20:00,483,so,2.641025641,16.37128421,1.15,75.15,99517.5,10.7533725,30.24,0
8942,11/01/2025 21:00,257,so,2.475,20.050985,0.275,85.075,99725,7.57222,20.88,0
8943,11/01/2025 22:00,122,so,2.72972973,26.74506667,-0.133333333,91.46666667,99910,2.605766667,8.48,0
8944,11/01/2025 23:00,173,so,1.871794872,17.911645,0.55,82.375,99937.5,5.4688925,18.12,0
8945,12/01/2025 00:00,129,ne,1.794871795,18.08325789,0.2,85.325,100022.5,3.3400875,10.92,0
8946,12/01/2025 01:00,91,ne,1.2,16.848235,0.325,82.65,100085,2.991255,10.68,0
8947,12/01/2025 02:00,80,ne,1.621621622,16.9589,0.25,82.975,100145,2.9044225,10.56,0
8948,12/01/2025 03:00,160,ne,2.256410256,17.02758947,0.225,84.2,100220,3.4119975,10.8,0
8949,12/01/2025 04:00,356,ne,1.666666667,15.69179474,0.425,81,100262.5,3.49953,12.24,0
8950,12/01/2025 05:00,434,ne,1.846153846,14.77181,0.35,81.45,100327.5,4.420735,12.84,0
8951,12/01/2025 06:00,447,ne,2.820512821,16.60362105,0.125,84.075,100455,4.7021,12.12,0
8952,12/01/2025 07:00,699,ne,3.461538462,17.18351,0.133333333,83.73333333,100573.3333,5.492693333,18.4,0
8953,12/01/2025 08:00,959,ne,3.27027027,15.12008333,0.3,80.125,100627.5,7.5337975,19.8,0
8954,12/01/2025 09:00,1275,ne,3.315789474,13.33732632,0.525,75.25,100697.5,4.54536,15.24,0
8955,12/01/2025 10:00,1364,ne,3.15,11.1037835,2.05,68.3,100580,3.79256,14.04,0
8956,12/01/2025 11:00,1370,ne,3.459459459,8.220508947,2.225,66.9,100352.5,5.3577475,14.64,0
8957,12/01/2025 12:00,1648,ne,3.710526316,10.74409632,2,67.05,100315,6.0538,15.24,0
8958,12/01/2025 13:00,1953,ne,3.846153846,14.38539789,0.975,69.15,100437.5,6.772825,15.84,0
8959,12/01/2025 14:00,1859,ne,4.2,18.871,-0.425,73.7,100922.5,5.78772,14.88,0
8960,12/01/2025 15:00,1873,ne,5.763157895,22.56023158,-0.933333333,75.4,101296.6667,2.3158,8,0
8961,12/01/2025 16:00,1879,ne,5.325,24.006195,-1.225,76.775,101492.5,1.9374125,7.56,0
8962,12/01/2025 17:00,1438,ne,7.605263158,22.32887222,-0.925,77.3,101532.5,2.3022775,9,0
8963,12/01/2025 18:00,1035,ne,3.578947368,18.81106316,-0.3,74.525,101470,3.7993925,12.12,0
8964,12/01/2025 19:00,615,ne,4.58974359,16.73665263,0.2,73.025,101410,3.3129225,10.2,0
8965,12/01/2025 20:00,413,ne,3.825,16.048315,0.325,72.775,101415,3.9022975,10.68,0
8966,12/01/2025 21:00,257,ne,3.461538462,15.11915263,0.475,72.5,101442.5,3.6477925,10.56,0
8967,12/01/2025 22:00,160,ne,5.514285714,16.59530556,0.466666667,73.86666667,101476.6667,3.903766667,11.04,0
8968,12/01/2025 23:00,137,ne,3.615384615,15.35523158,0.333333333,75.9,101516.6667,3.134793333,8.16,0
8969,13/01/2025 00:00,142,po,2.921052632,18.78355,-0.025,79.15,101557.5,3.3253275,10.32,0
8970,13/01/2025 01:00,158,po,3.230769231,17.03414,0.025,77.775,101620,3.2583075,10.32,0
8971,13/01/2025 02:00,234,po,4.076923077,17.02834737,-0.275,81.525,101710,1.983836,7.8,0
8972,13/01/2025 03:00,559,po,3.153846154,15.11855,-0.575,80.55,101812.5,4.9936225,12.6,0
8973,13/01/2025 04:00,1825,po,3.789473684,19.73255,-0.875,76.3,101852.5,2.2924015,6.36,0
8974,13/01/2025 05:00,2636,po,5.75,25.8346,-1.65,81.15,102065,0.232417958,1.68,0
8975,13/01/2025 06:00,2884,po,9.5,22.89883158,-2.125,84.15,102230,1.29482,3.96,0
8976,13/01/2025 07:00,2690,po,10.23076923,21.26456316,-2.075,82.975,102417.5,2.0074,5.76,0
8977,13/01/2025 08:00,2549,po,5.975,21.581998,0.1,70.8,102273.3333,2.279769,5.76,0
8978,13/01/2025 09:00,2406,po,5.846153846,20.41978889,2.475,62.9,101792.5,2.644085,5.4,0
8979,13/01/2025 10:00,2290,po,4.538461538,16.929135,3.9,58.9,101315,3.83318,11.28,0
8980,13/01/2025 11:00,2330,po,2.333333333,9.655085263,3.85,59.425,101175,4.2721975,11.76,0
8981,13/01/2025 12:00,2566,po,2.564102564,11.0066255,4.925,55.85,100870,2.1015725,7.68,0
8982,13/01/2025 13:00,2755,po,3.473684211,13.94271778,3.3,60.675,100925,2.057025,6.48,0
8983,13/01/2025 14:00,2898,po,4.825,21.56437,1.625,67.475,101317.5,2.2314325,6.24,0
8984,13/01/2025 15:00,2567,po,8.945945946,28.70648421,-0.675,77.45,101835,0.88078825,3,0
8985,13/01/2025 16:00,2257,po,11.92307692,27.61087895,-1.833333333,83.06666667,102176.6667,1.016474667,3.04,0
8986,13/01/2025 17:00,1586,po,12.575,25.29139,-2.4,84.675,102285,1.7052125,4.92,0
8987,13/01/2025 18:00,989,po,17.31578947,26.80485556,-2.55,85.6,102292.5,2.0444175,5.04,0
8988,13/01/2025 19:00,706,po,14.30769231,25.118045,-2.7,87.475,102302.5,1.389098,3.6,0
8989,13/01/2025 20:00,402,po,14.56410256,20.49282105,-2.925,89.7,102327.5,0.61614525,3,0
8990,13/01/2025 21:00,334,po,17.6,20.127665,-2.925,89.575,102310,0.7294935,2.52,0
8991,13/01/2025 22:00,148,po,20.77777778,16.26758889,-3.066666667,90.36666667,102293.3333,0.574362667,2.56,0
8992,13/01/2025 23:00,92,po,29.94736842,17.92176667,-2.95,89.525,102242.5,0.57143025,3,0
8993,14/01/2025 00:00,61,ut,28.35,17.571815,-3.133333333,88.73333333,102230,1.70998,5.28,0
8994,14/01/2025 01:00,69,ut,15.8974359,18.31345263,-4.325,91.35,102367.5,1.03528375,3.6,0
8995,14/01/2025 02:00,148,ut,12.35897436,14.24018,-5.175,92.65,102485,1.26314575,4.32,0
8996,14/01/2025 03:00,420,ut,12.84210526,16.83500526,-5.725,95.1,102547.5,0.410224875,1.68,0
8997,14/01/2025 04:00,1659,ut,14.89189189,27.17061579,-5.95,94.85,102592.5,0.80914825,3.24,0
8998,14/01/2025 05:00,2471,ut,15.42105263,29.26251579,-5.525,94.525,102435,0.507325,2.52,0
8999,14/01/2025 06:00,2710,ut,21.58974359,48.50935,-4.7,92.75,102295,0.65203325,3,0
9000,14/01/2025 07:00,2768,ut,25.8974359,47.0267,-4.2,93.075,102152.5,0.297108,2.04,0
9001,14/01/2025 08:00,2383,ut,28.35135135,34.74968333,-3.466666667,91.6,102030,0.33591,2.4,0
9002,14/01/2025 09:00,2359,ut,25.71052632,43.86493684,-2.65,88,101825,0.684993,2.88,0
9003,14/01/2025 10:00,2305,ut,17.28205128,26.52322105,-1.025,79.65,101472.5,1.0018525,3.24,0
9004,14/01/2025 11:00,2444,ut,15.025,16.539605,-1,77.95,101235,1.86542,5.76,0
9005,14/01/2025 12:00,2390,ut,16.02564103,26.76972105,-0.3,74.95,101045,1.3135575,4.56,0
9006,14/01/2025 13:00,2905,ut,15.38461538,30.59453,0.45,72.45,100925,0.739256,2.88,0
9007,14/01/2025 14:00,2973,ut,22.82051282,39.49452632,0.075,76.875,100842.5,1.51076675,5.16,0
9008,14/01/2025 15:00,2736,ut,26.69230769,52.76072105,-0.45,80.375,100885,0.8043585,3.36,0
9009,14/01/2025 16:00,2367,ut,26.36842105,57.13103684,-0.5,81.6,100890,0.670141333,3.36,0
9010,14/01/2025 17:00,1632,ut,32.85,47.79081,-0.35,82.525,100820,0.42606625,2.4,0
9011,14/01/2025 18:00,1117,ut,32.71794872,29.65664211,-0.35,84.275,100712.5,1.08345375,4.2,0
9012,14/01/2025 19:00,674,ut,33.83783784,30.50637222,-0.3,84.55,100635,0.98531725,4.2,0
9013,14/01/2025 20:00,406,ut,31.8,33.30967,-0.25,85.375,100582.5,1.15864625,4.68,0
9014,14/01/2025 21:00,370,ut,32.12820513,40.22798947,-0.15,86.575,100492.5,2.4329325,7.2,0
9015,14/01/2025 22:00,183,ut,34.47368421,43.81831053,-0.133333333,88.26666667,100473.3333,0.867605,3.36,0
9016,14/01/2025 23:00,106,ut,30.84615385,30.79127895,0.325,88.15,100347.5,1.62347,4.44,0
9017,15/01/2025 00:00,73,st,7.025641026,20.63074211,3.6,86.7,100060,2.371073333,8.64,0
9018,15/01/2025 01:00,84,st,3.552631579,17.43644737,3.575,88.6,99850,1.52604525,6.12,0
9019,15/01/2025 02:00,175,st,1.461538462,15.01134,3.975,86.275,99755,1.7750975,5.88,0
9020,15/01/2025 03:00,454,st,1.743589744,15.29096316,3.725,88.05,99752.5,1.65299725,5.76,0
9021,15/01/2025 04:00,1673,st,2.179487179,20.73291,4.05,87.45,99730,3.56586,11.76,0
9022,15/01/2025 05:00,2469,st,2.973684211,23.21076111,3.225,91.525,99850,2.1106775,6,0
9023,15/01/2025 06:00,2817,st,3.641025641,24.41682632,3.45,89.675,99892.5,0.98563175,5.04,0
9024,15/01/2025 07:00,2767,st,2.75,18.17225,3.45,90,99915,0.6454525,2.88,0
9025,15/01/2025 08:00,2498,st,6.184210526,21.18057368,4.2,88,99852.5,0.88059725,3.6,0
9026,15/01/2025 09:00,2510,st,5.55,17.5219,5.266666667,84.53333333,99730,0.601160667,3.52,0
9027,15/01/2025 10:00,2419,st,4.230769231,15.38338947,6.15,80.675,99570,0.81336975,4.08,0
9028,15/01/2025 11:00,2447,st,5.657894737,12.75141789,6.75,78.025,99390,1.39860125,4.68,0
9029,15/01/2025 12:00,2486,st,2.25,12.06484789,6.95,77.025,99245,2.9927625,8.16,0
9030,15/01/2025 13:00,2813,st,2.256410256,11.219213,7.1,75.425,99237.5,1.857225,6.6,0
9031,15/01/2025 14:00,2789,st,2.692307692,17.86473368,6.725,76.525,99372.5,1.713415,6.48,0
9032,15/01/2025 15:00,2778,st,5.394736842,17.68343889,5.125,81.525,99750,2.5740825,8.04,0
9033,15/01/2025 16:00,2269,st,5.666666667,27.31537,2.15,92.075,100287.5,1.6001275,4.08,0
9034,15/01/2025 17:00,1729,st,12.71794872,32.54183684,0.975,93.95,100672.5,1.597917,4.2,0
9035,15/01/2025 18:00,1050,st,12.35,30.898575,-0.3,96.9,100950,1.019609333,3.2,0
9036,15/01/2025 19:00,674,st,10.89473684,22.77391053,-0.725,97.7,101105,1.139764,3.6,0
9037,15/01/2025 20:00,427,st,14.53846154,20.50411053,-0.7,97.975,101212.5,1.09051775,3.96,0
9038,15/01/2025 21:00,288,st,18.35897436,25.58808947,0.1,97.425,101140,0.543387825,2.28,0
9039,15/01/2025 22:00,165,st,16.76315789,19.77319474,0.533333333,96.9,101050,0.527920667,2.72,0
9040,15/01/2025 23:00,139,st,41,14.58051579,0.675,97.1,101005,0.444991625,2.16,0
